# vtk DataFile Version 4.0
vtk output
ASCII
DATASET UNSTRUCTURED_GRID
POINTS 945 float
0.0000000e+00 0.0000000e+00 0.0000000e+00 
2.0000000e+00 0.0000000e+00 0.0000000e+00 
2.0000000e+00 6.0000002e-01 0.0000000e+00 
0.0000000e+00 6.0000002e-01 0.0000000e+00 
5.6000000e-01 3.0000001e-01 0.0000000e+00 
5.5884713e-01 2.8829461e-01 0.0000000e+00 
5.5543280e-01 2.7703899e-01 0.0000000e+00 
5.4988819e-01 2.6666579e-01 0.0000000e+00 
5.4242641e-01 2.5757360e-01 0.0000000e+00 
5.3333420e-01 2.5011179e-01 0.0000000e+00 
5.2296102e-01 2.4456720e-01 0.0000000e+00 
5.1170540e-01 2.4115290e-01 0.0000000e+00 
5.0000000e-01 2.3999999e-01 0.0000000e+00 
4.8829460e-01 2.4115290e-01 0.0000000e+00 
4.7703901e-01 2.4456720e-01 0.0000000e+00 
4.6666580e-01 2.5011179e-01 0.0000000e+00 
4.5757359e-01 2.5757360e-01 0.0000000e+00 
4.5011181e-01 2.6666579e-01 0.0000000e+00 
4.4456720e-01 2.7703899e-01 0.0000000e+00 
4.4115290e-01 2.8829461e-01 0.0000000e+00 
4.4000000e-01 3.0000001e-01 0.0000000e+00 
4.4115290e-01 3.1170541e-01 0.0000000e+00 
4.4456720e-01 3.2296100e-01 0.0000000e+00 
4.5011181e-01 3.3333421e-01 0.0000000e+00 
4.5757359e-01 3.4242639e-01 0.0000000e+00 
4.6666580e-01 3.4988821e-01 0.0000000e+00 
4.7703901e-01 3.5543281e-01 0.0000000e+00 
4.8829460e-01 3.5884711e-01 0.0000000e+00 
5.0000000e-01 3.6000001e-01 0.0000000e+00 
5.1170540e-01 3.5884711e-01 0.0000000e+00 
5.2296102e-01 3.5543281e-01 0.0000000e+00 
5.3333420e-01 3.4988821e-01 0.0000000e+00 
5.4242641e-01 3.4242639e-01 0.0000000e+00 
5.4988819e-01 3.3333421e-01 0.0000000e+00 
5.5543280e-01 3.2296100e-01 0.0000000e+00 
5.5884713e-01 3.1170541e-01 0.0000000e+00 
5.9016321e-02 0.0000000e+00 0.0000000e+00 
1.1803260e-01 0.0000000e+00 0.0000000e+00 
1.7704900e-01 0.0000000e+00 0.0000000e+00 
2.3587100e-01 0.0000000e+00 0.0000000e+00 
2.9085249e-01 0.0000000e+00 0.0000000e+00 
3.4144861e-01 0.0000000e+00 0.0000000e+00 
3.8872591e-01 0.0000000e+00 0.0000000e+00 
4.3368599e-01 0.0000000e+00 0.0000000e+00 
4.7725680e-01 0.0000000e+00 0.0000000e+00 
5.2034539e-01 0.0000000e+00 0.0000000e+00 
5.6386721e-01 0.0000000e+00 0.0000000e+00 
6.0872579e-01 0.0000000e+00 0.0000000e+00 
6.5584701e-01 0.0000000e+00 0.0000000e+00 
7.0623368e-01 0.0000000e+00 0.0000000e+00 
7.6094180e-01 0.0000000e+00 0.0000000e+00 
8.1967372e-01 0.0000000e+00 0.0000000e+00 
8.7868989e-01 0.0000000e+00 0.0000000e+00 
9.3770629e-01 0.0000000e+00 0.0000000e+00 
9.9672258e-01 0.0000000e+00 0.0000000e+00 
1.0557390e+00 0.0000000e+00 0.0000000e+00 
1.1147550e+00 0.0000000e+00 0.0000000e+00 
1.1737720e+00 0.0000000e+00 0.0000000e+00 
1.2327880e+00 0.0000000e+00 0.0000000e+00 
1.2918040e+00 0.0000000e+00 0.0000000e+00 
1.3508210e+00 0.0000000e+00 0.0000000e+00 
1.4098370e+00 0.0000000e+00 0.0000000e+00 
1.4688530e+00 0.0000000e+00 0.0000000e+00 
1.5278690e+00 0.0000000e+00 0.0000000e+00 
1.5868860e+00 0.0000000e+00 0.0000000e+00 
1.6459020e+00 0.0000000e+00 0.0000000e+00 
1.7049180e+00 0.0000000e+00 0.0000000e+00 
1.7639350e+00 0.0000000e+00 0.0000000e+00 
1.8229510e+00 0.0000000e+00 0.0000000e+00 
1.8819669e+00 0.0000000e+00 0.0000000e+00 
1.9409840e+00 0.0000000e+00 0.0000000e+00 
2.0000000e+00 5.9999999e-02 0.0000000e+00 
2.0000000e+00 1.2000000e-01 0.0000000e+00 
2.0000000e+00 1.8000001e-01 0.0000000e+00 
2.0000000e+00 2.3999999e-01 0.0000000e+00 
2.0000000e+00 3.0000001e-01 0.0000000e+00 
2.0000000e+00 3.6000001e-01 0.0000000e+00 
2.0000000e+00 4.1999999e-01 0.0000000e+00 
2.0000000e+00 4.7999999e-01 0.0000000e+00 
2.0000000e+00 5.4000002e-01 0.0000000e+00 
1.9409840e+00 6.0000002e-01 0.0000000e+00 
1.8819669e+00 6.0000002e-01 0.0000000e+00 
1.8229510e+00 6.0000002e-01 0.0000000e+00 
1.7639350e+00 6.0000002e-01 0.0000000e+00 
1.7049180e+00 6.0000002e-01 0.0000000e+00 
1.6459020e+00 6.0000002e-01 0.0000000e+00 
1.5868860e+00 6.0000002e-01 0.0000000e+00 
1.5278690e+00 6.0000002e-01 0.0000000e+00 
1.4688530e+00 6.0000002e-01 0.0000000e+00 
1.4098370e+00 6.0000002e-01 0.0000000e+00 
1.3508210e+00 6.0000002e-01 0.0000000e+00 
1.2918040e+00 6.0000002e-01 0.0000000e+00 
1.2327880e+00 6.0000002e-01 0.0000000e+00 
1.1737720e+00 6.0000002e-01 0.0000000e+00 
1.1147550e+00 6.0000002e-01 0.0000000e+00 
1.0557390e+00 6.0000002e-01 0.0000000e+00 
9.9672258e-01 6.0000002e-01 0.0000000e+00 
9.3770629e-01 6.0000002e-01 0.0000000e+00 
8.7868989e-01 6.0000002e-01 0.0000000e+00 
8.1967372e-01 6.0000002e-01 0.0000000e+00 
7.6094180e-01 6.0000002e-01 0.0000000e+00 
7.0623368e-01 6.0000002e-01 0.0000000e+00 
6.5584701e-01 6.0000002e-01 0.0000000e+00 
6.0872579e-01 6.0000002e-01 0.0000000e+00 
5.6386721e-01 6.0000002e-01 0.0000000e+00 
5.2034539e-01 6.0000002e-01 0.0000000e+00 
4.7725680e-01 6.0000002e-01 0.0000000e+00 
4.3368599e-01 6.0000002e-01 0.0000000e+00 
3.8872591e-01 6.0000002e-01 0.0000000e+00 
3.4144861e-01 6.0000002e-01 0.0000000e+00 
2.9085249e-01 6.0000002e-01 0.0000000e+00 
2.3587100e-01 6.0000002e-01 0.0000000e+00 
1.7704900e-01 6.0000002e-01 0.0000000e+00 
1.1803260e-01 6.0000002e-01 0.0000000e+00 
5.9016321e-02 6.0000002e-01 0.0000000e+00 
0.0000000e+00 5.4000002e-01 0.0000000e+00 
0.0000000e+00 4.7999999e-01 0.0000000e+00 
0.0000000e+00 4.1999999e-01 0.0000000e+00 
0.0000000e+00 3.6000001e-01 0.0000000e+00 
0.0000000e+00 3.0000001e-01 0.0000000e+00 
0.0000000e+00 2.3999999e-01 0.0000000e+00 
0.0000000e+00 1.8000001e-01 0.0000000e+00 
0.0000000e+00 1.2000000e-01 0.0000000e+00 
0.0000000e+00 5.9999999e-02 0.0000000e+00 
4.3026751e-01 3.0683401e-01 0.0000000e+00 
8.4908241e-01 5.5269438e-01 0.0000000e+00 
7.8790653e-01 5.1802918e-02 0.0000000e+00 
1.1430219e+00 5.0576471e-02 0.0000000e+00 
1.4415160e+00 5.0573289e-02 0.0000000e+00 
1.6754100e+00 5.5038619e-01 0.0000000e+00 
2.6041579e-01 5.2875768e-02 0.0000000e+00 
9.6895182e-01 5.0380111e-02 0.0000000e+00 
2.6302171e-01 5.5612308e-01 0.0000000e+00 
5.5065349e-02 2.6500449e-01 0.0000000e+00 
1.2615570e+00 5.4759312e-01 0.0000000e+00 
1.0253479e+00 5.4886931e-01 0.0000000e+00 
1.6201590e+00 5.4130111e-02 0.0000000e+00 
1.4979730e+00 5.5115038e-01 0.0000000e+00 
6.7900127e-01 5.5979192e-01 0.0000000e+00 
1.9463980e+00 2.6800990e-01 0.0000000e+00 
6.3145077e-01 3.8099781e-02 0.0000000e+00 
4.1331020e-01 5.6811810e-01 0.0000000e+00 
4.1231820e-01 3.8809739e-02 0.0000000e+00 
5.4410732e-01 5.6000441e-01 0.0000000e+00 
1.7962800e+00 5.9606131e-02 0.0000000e+00 
5.4468262e-01 3.7558820e-02 0.0000000e+00 
4.9130220e-02 3.9247900e-01 0.0000000e+00 
1.9509200e+00 3.8997239e-01 0.0000000e+00 
1.3233820e+00 4.9667731e-02 0.0000000e+00 
1.3821890e+00 5.4839480e-01 0.0000000e+00 
1.1434870e+00 5.4837209e-01 0.0000000e+00 
1.7959980e+00 5.4855859e-01 0.0000000e+00 
4.9401909e-02 1.5067521e-01 0.0000000e+00 
1.4989950e-01 5.5529898e-01 0.0000000e+00 
1.9519399e+00 1.5339760e-01 0.0000000e+00 
1.4754079e-01 5.1025499e-02 0.0000000e+00 
1.9506550e+00 5.1069498e-01 0.0000000e+00 
1.9114760e+00 5.1109631e-02 0.0000000e+00 
4.9216151e-02 5.0927132e-01 0.0000000e+00 
5.8710063e-01 3.6655251e-02 0.0000000e+00 
6.0428280e-01 7.4787550e-02 0.0000000e+00 
6.4929068e-01 7.4443869e-02 0.0000000e+00 
6.2715179e-01 1.0633790e-01 0.0000000e+00 
5.9329480e-01 1.0799770e-01 0.0000000e+00 
6.0949302e-01 1.3488390e-01 0.0000000e+00 
6.4123279e-01 1.3555969e-01 0.0000000e+00 
6.2006623e-01 1.6328260e-01 0.0000000e+00 
6.5316749e-01 1.6381399e-01 0.0000000e+00 
6.3351321e-01 1.8958050e-01 0.0000000e+00 
6.6427898e-01 1.8941709e-01 0.0000000e+00 
6.4933020e-01 2.1180780e-01 0.0000000e+00 
6.7645937e-01 2.1359310e-01 0.0000000e+00 
6.6097301e-01 2.3410480e-01 0.0000000e+00 
6.8796802e-01 2.3757669e-01 0.0000000e+00 
6.7103261e-01 2.5876111e-01 0.0000000e+00 
6.9990993e-01 2.6214910e-01 0.0000000e+00 
6.8101048e-01 2.8387409e-01 0.0000000e+00 
7.1248281e-01 2.8716281e-01 0.0000000e+00 
7.2971261e-01 2.6349890e-01 0.0000000e+00 
7.4486363e-01 2.9076719e-01 0.0000000e+00 
6.9556361e-01 3.0985960e-01 0.0000000e+00 
7.6406652e-01 2.6318431e-01 0.0000000e+00 
7.8114778e-01 2.9619500e-01 0.0000000e+00 
5.5403137e-01 2.5565761e-01 0.0000000e+00 
5.6691158e-01 2.7902979e-01 0.0000000e+00 
8.0246252e-01 2.6402649e-01 0.0000000e+00 
8.2167560e-01 3.0103979e-01 0.0000000e+00 
5.7978672e-01 1.3316999e-01 0.0000000e+00 
6.9627529e-01 1.8651520e-01 0.0000000e+00 
8.4832448e-01 2.6130950e-01 0.0000000e+00 
8.6857778e-01 3.0716091e-01 0.0000000e+00 
6.6883779e-01 3.0851370e-01 0.0000000e+00 
6.8001598e-01 3.3176759e-01 0.0000000e+00 
5.6956083e-01 3.0685109e-01 0.0000000e+00 
8.9643359e-01 2.6652190e-01 0.0000000e+00 
9.1803229e-01 3.1445420e-01 0.0000000e+00 
9.4838840e-01 2.6944679e-01 0.0000000e+00 
9.7196358e-01 3.1528941e-01 0.0000000e+00 
1.0020620e+00 2.7188951e-01 0.0000000e+00 
1.0263140e+00 3.1974381e-01 0.0000000e+00 
1.0557370e+00 2.7577680e-01 0.0000000e+00 
6.5179992e-01 3.3081001e-01 0.0000000e+00 
6.6418201e-01 3.5163379e-01 0.0000000e+00 
6.8745148e-01 3.5866591e-01 0.0000000e+00 
6.4083183e-01 3.5175639e-01 0.0000000e+00 
6.5020132e-01 3.7057751e-01 0.0000000e+00 
6.2925631e-01 3.6861771e-01 0.0000000e+00 
6.3750827e-01 3.8906679e-01 0.0000000e+00 
6.1479098e-01 3.8505989e-01 0.0000000e+00 
6.2451601e-01 4.0700281e-01 0.0000000e+00 
6.0271370e-01 4.0461549e-01 0.0000000e+00 
6.4791143e-01 4.1049060e-01 0.0000000e+00 
6.1149168e-01 4.2533240e-01 0.0000000e+00 
5.8940130e-01 4.2314041e-01 0.0000000e+00 
5.4590571e-01 3.5405469e-01 0.0000000e+00 
5.5933821e-01 3.3214769e-01 0.0000000e+00 
1.0820900e+00 3.2265610e-01 0.0000000e+00 
1.1129040e+00 2.7988619e-01 0.0000000e+00 
1.1385900e+00 3.3131590e-01 0.0000000e+00 
1.1718310e+00 2.8342861e-01 0.0000000e+00 
5.9854919e-01 4.4447681e-01 0.0000000e+00 
5.7566178e-01 4.4153079e-01 0.0000000e+00 
8.0048358e-01 3.3398119e-01 0.0000000e+00 
1.1962050e+00 3.3624330e-01 0.0000000e+00 
1.2286429e+00 2.8668931e-01 0.0000000e+00 
1.2540359e+00 3.3862561e-01 0.0000000e+00 
1.2863950e+00 2.8994620e-01 0.0000000e+00 
6.1140192e-01 1.8628950e-01 0.0000000e+00 
1.3121480e+00 3.4238011e-01 0.0000000e+00 
1.3446890e+00 2.9366851e-01 0.0000000e+00 
1.3705840e+00 3.4558439e-01 0.0000000e+00 
1.4032860e+00 2.9774809e-01 0.0000000e+00 
6.4617378e-01 3.0788270e-01 0.0000000e+00 
1.4291511e+00 3.4956750e-01 0.0000000e+00 
1.4618640e+00 3.0163100e-01 0.0000000e+00 
1.4877310e+00 3.5457411e-01 0.0000000e+00 
1.5206050e+00 3.0603161e-01 0.0000000e+00 
1.5464530e+00 3.5889450e-01 0.0000000e+00 
1.5793800e+00 3.1008351e-01 0.0000000e+00 
5.6763572e-01 4.1851109e-01 0.0000000e+00 
5.5408603e-01 4.3793961e-01 0.0000000e+00 
5.2029008e-01 3.6688760e-01 0.0000000e+00 
9.4794089e-01 3.6647639e-01 0.0000000e+00 
8.7384099e-01 2.2074890e-01 0.0000000e+00 
6.3348472e-01 2.3041780e-01 0.0000000e+00 
7.8118002e-01 2.2578520e-01 0.0000000e+00 
1.6052290e+00 3.6304700e-01 0.0000000e+00 
1.6382140e+00 3.1413361e-01 0.0000000e+00 
1.6641290e+00 3.6722910e-01 0.0000000e+00 
1.6971480e+00 3.1819481e-01 0.0000000e+00 
1.6712240e+00 2.6505721e-01 0.0000000e+00 
1.7302210e+00 2.6912081e-01 0.0000000e+00 
1.5534170e+00 2.5684619e-01 0.0000000e+00 
6.7181969e-01 1.4093800e-01 0.0000000e+00 
5.8596748e-01 4.6394360e-01 0.0000000e+00 
1.7230920e+00 3.7133509e-01 0.0000000e+00 
1.3771909e+00 2.4454120e-01 0.0000000e+00 
6.2249678e-01 4.4700289e-01 0.0000000e+00 
1.2033920e+00 2.3449400e-01 0.0000000e+00 
1.0287880e+00 2.3015590e-01 0.0000000e+00 
5.4669750e-01 4.1895449e-01 0.0000000e+00 
5.3373671e-01 4.3515179e-01 0.0000000e+00 
5.4073101e-01 4.5481020e-01 0.0000000e+00 
5.1996583e-01 4.5137540e-01 0.0000000e+00 
5.1387292e-01 4.2921981e-01 0.0000000e+00 
4.9935541e-01 4.4742331e-01 0.0000000e+00 
4.5565760e-01 3.5403141e-01 0.0000000e+00 
4.9349809e-01 4.2846820e-01 0.0000000e+00 
4.7935709e-01 4.4358870e-01 0.0000000e+00 
4.7970989e-01 3.6688760e-01 0.0000000e+00 
4.8592600e-01 4.6396780e-01 0.0000000e+00 
4.6443069e-01 4.5930001e-01 0.0000000e+00 
4.5825541e-01 4.3536639e-01 0.0000000e+00 
4.4286779e-01 4.5335940e-01 0.0000000e+00 
4.3592349e-01 4.3169260e-01 0.0000000e+00 
4.2123440e-01 4.4813421e-01 0.0000000e+00 
4.1462469e-01 4.2622849e-01 0.0000000e+00 
4.3825611e-01 3.3387709e-01 0.0000000e+00 
3.9864141e-01 4.4291711e-01 0.0000000e+00 
3.9200109e-01 4.1997111e-01 0.0000000e+00 
3.7504819e-01 4.3754801e-01 0.0000000e+00 
3.6926591e-01 4.1456231e-01 0.0000000e+00 
3.5052001e-01 4.3156540e-01 0.0000000e+00 
3.4640020e-01 4.0321410e-01 0.0000000e+00 
3.2338160e-01 4.2558259e-01 0.0000000e+00 
3.1625420e-01 3.9745620e-01 0.0000000e+00 
3.3599329e-01 3.7658459e-01 0.0000000e+00 
3.0888751e-01 3.6996761e-01 0.0000000e+00 
3.2846531e-01 3.5015899e-01 0.0000000e+00 
3.0453789e-01 3.4228960e-01 0.0000000e+00 
3.2241219e-01 3.2376000e-01 0.0000000e+00 
2.9612821e-01 3.1610900e-01 0.0000000e+00 
3.1577420e-01 2.9729351e-01 0.0000000e+00 
2.8885421e-01 2.8886101e-01 0.0000000e+00 
3.0968001e-01 2.6928011e-01 0.0000000e+00 
2.8137040e-01 2.6060769e-01 0.0000000e+00 
2.8570160e-01 3.8790971e-01 0.0000000e+00 
3.0315241e-01 2.4067999e-01 0.0000000e+00 
3.3230671e-01 2.5245121e-01 0.0000000e+00 
3.2487640e-01 2.2290690e-01 0.0000000e+00 
3.5372531e-01 2.3027760e-01 0.0000000e+00 
4.3461740e-01 2.7961159e-01 0.0000000e+00 
3.4512779e-01 2.0528039e-01 0.0000000e+00 
3.6950600e-01 2.1069451e-01 0.0000000e+00 
2.6638910e-01 3.1392881e-01 0.0000000e+00 
2.7405229e-01 2.3109850e-01 0.0000000e+00 
3.6342499e-01 1.8842390e-01 0.0000000e+00 
3.8558939e-01 1.9589300e-01 0.0000000e+00 
4.4520050e-01 2.5469631e-01 0.0000000e+00 
3.8103029e-01 1.7263541e-01 0.0000000e+00 
4.0200421e-01 1.8057050e-01 0.0000000e+00 
4.9249741e-01 2.2787590e-01 0.0000000e+00 
4.6605590e-01 2.3826469e-01 0.0000000e+00 
3.3931601e-01 1.7988220e-01 0.0000000e+00 
3.8745371e-01 3.9799151e-01 0.0000000e+00 
3.5741779e-01 2.5419459e-01 0.0000000e+00 
3.5627639e-01 4.5751181e-01 0.0000000e+00 
3.4765261e-01 3.3191890e-01 0.0000000e+00 
3.9811629e-01 1.5518570e-01 0.0000000e+00 
4.2193061e-01 1.6662900e-01 0.0000000e+00 
3.7476501e-01 1.4610679e-01 0.0000000e+00 
3.9139041e-01 2.1633980e-01 0.0000000e+00 
2.5018540e-01 2.5338060e-01 0.0000000e+00 
2.4227400e-01 2.1673180e-01 0.0000000e+00 
2.1296521e-01 2.4632980e-01 0.0000000e+00 
2.0310380e-01 2.0643540e-01 0.0000000e+00 
4.7074649e-01 4.8204380e-01 0.0000000e+00 
4.9385741e-01 4.8678511e-01 0.0000000e+00 
4.1766569e-01 1.3875820e-01 0.0000000e+00 
4.3951231e-01 1.4885530e-01 0.0000000e+00 
4.4284999e-01 1.6929220e-01 0.0000000e+00 
4.6074921e-01 1.5907930e-01 0.0000000e+00 
4.5701310e-01 1.3411739e-01 0.0000000e+00 
4.7804150e-01 1.4308280e-01 0.0000000e+00 
4.8207700e-01 1.6432039e-01 0.0000000e+00 
5.2000839e-01 2.3249920e-01 0.0000000e+00 
4.7522539e-01 1.1890660e-01 0.0000000e+00 
4.9824399e-01 1.5124670e-01 0.0000000e+00 
5.0239080e-01 1.7379840e-01 0.0000000e+00 
4.0624869e-01 4.6688080e-01 0.0000000e+00 
4.2919409e-01 4.1243970e-01 0.0000000e+00 
6.2043011e-01 3.4884781e-01 0.0000000e+00 
1.7042540e+00 2.1590130e-01 0.0000000e+00 
1.7632940e+00 2.2000070e-01 0.0000000e+00 
5.9477502e-01 3.8850871e-01 0.0000000e+00 
1.1047130e+00 3.7971979e-01 0.0000000e+00 
5.5632508e-01 4.0331629e-01 0.0000000e+00 
5.1673311e-01 1.5979400e-01 0.0000000e+00 
5.1686460e-01 1.3875850e-01 0.0000000e+00 
5.2089018e-01 1.7866670e-01 0.0000000e+00 
2.3531640e-01 1.7608330e-01 0.0000000e+00 
4.8605490e-01 1.8340071e-01 0.0000000e+00 
1.2225550e+00 3.8796490e-01 0.0000000e+00 
1.7893510e+00 2.7321759e-01 0.0000000e+00 
5.0436419e-01 4.1349870e-01 0.0000000e+00 
4.8793069e-01 4.1161671e-01 0.0000000e+00 
1.3432890e+00 3.9487341e-01 0.0000000e+00 
4.9844569e-01 3.9902619e-01 0.0000000e+00 
5.1288861e-01 4.0051869e-01 0.0000000e+00 
4.7826111e-01 5.0721961e-01 0.0000000e+00 
1.5723439e+00 4.1086179e-01 0.0000000e+00 
5.6928509e-01 1.1216540e-01 0.0000000e+00 
5.3438342e-01 1.6713411e-01 0.0000000e+00 
5.3660733e-01 1.8530799e-01 0.0000000e+00 
5.5097228e-01 1.7492341e-01 0.0000000e+00 
5.5329382e-01 1.9238080e-01 0.0000000e+00 
1.4477730e+00 4.0997440e-01 0.0000000e+00 
1.7183121e-01 2.3577370e-01 0.0000000e+00 
1.8385801e-01 2.7833050e-01 0.0000000e+00 
4.5149651e-01 1.1040960e-01 0.0000000e+00 
4.7247219e-01 9.1955133e-02 0.0000000e+00 
1.9255680e-01 1.6331930e-01 0.0000000e+00 
4.5135620e-01 5.0161749e-01 0.0000000e+00 
1.8225530e+00 2.2401039e-01 0.0000000e+00 
5.2494282e-01 1.9506520e-01 0.0000000e+00 
1.7372680e+00 1.6678140e-01 0.0000000e+00 
1.6782570e+00 1.6271511e-01 0.0000000e+00 
1.6900350e+00 4.2038351e-01 0.0000000e+00 
1.7490560e+00 4.2454061e-01 0.0000000e+00 
4.8329440e-01 3.9614201e-01 0.0000000e+00 
4.7259709e-01 4.0761891e-01 0.0000000e+00 
4.6829471e-01 3.9267531e-01 0.0000000e+00 
1.7821480e+00 3.7544200e-01 0.0000000e+00 
1.8081650e+00 4.2873210e-01 0.0000000e+00 
5.6767190e-01 1.8248910e-01 0.0000000e+00 
5.6965590e-01 1.9964610e-01 0.0000000e+00 
5.5310482e-01 2.0997940e-01 0.0000000e+00 
5.7153863e-01 2.1648981e-01 0.0000000e+00 
5.5832732e-01 2.2570750e-01 0.0000000e+00 
5.7294083e-01 2.3188220e-01 0.0000000e+00 
5.8571517e-01 2.2277141e-01 0.0000000e+00 
5.8722973e-01 2.3849240e-01 0.0000000e+00 
2.2661661e-01 1.3415439e-01 0.0000000e+00 
2.6798990e-01 1.4730521e-01 0.0000000e+00 
1.7105891e+00 1.1396340e-01 0.0000000e+00 
5.9993339e-01 2.2935030e-01 0.0000000e+00 
6.0129720e-01 2.4530940e-01 0.0000000e+00 
5.8868867e-01 2.5420901e-01 0.0000000e+00 
6.0235012e-01 2.6110700e-01 0.0000000e+00 
1.8387530e+00 3.7525591e-01 0.0000000e+00 
5.4489303e-01 2.2099259e-01 0.0000000e+00 
4.5784310e-01 5.2955812e-01 0.0000000e+00 
5.1062381e-01 5.1103139e-01 0.0000000e+00 
4.9833831e-01 1.0296860e-01 0.0000000e+00 
1.8639690e+00 4.2541769e-01 0.0000000e+00 
4.9523690e-01 7.3985048e-02 0.0000000e+00 
1.3844220e-01 2.6736441e-01 0.0000000e+00 
1.5088230e-01 3.1097111e-01 0.0000000e+00 
1.2641050e-01 2.2494370e-01 0.0000000e+00 
2.0287590e-01 3.2045639e-01 0.0000000e+00 
1.6756350e-01 3.5410741e-01 0.0000000e+00 
2.1099889e-01 3.6507410e-01 0.0000000e+00 
1.8053800e-01 3.9719370e-01 0.0000000e+00 
2.2913329e-01 4.0715241e-01 0.0000000e+00 
1.9421770e-01 4.3993911e-01 0.0000000e+00 
2.3865750e-01 4.5007020e-01 0.0000000e+00 
1.4811151e-01 4.3034700e-01 0.0000000e+00 
5.9036589e-01 2.6973200e-01 0.0000000e+00 
6.0372931e-01 2.7649191e-01 0.0000000e+00 
6.1619169e-01 2.6624000e-01 0.0000000e+00 
5.9138829e-01 2.8492469e-01 0.0000000e+00 
6.0468042e-01 2.9163459e-01 0.0000000e+00 
1.8453060e+00 2.7996099e-01 0.0000000e+00 
2.0954210e-01 4.8537201e-01 0.0000000e+00 
4.6530190e-01 6.3733928e-02 0.0000000e+00 
5.9247959e-01 2.9992181e-01 0.0000000e+00 
6.0560697e-01 3.0666059e-01 0.0000000e+00 
5.9351093e-01 3.1494951e-01 0.0000000e+00 
6.0633099e-01 3.2174519e-01 0.0000000e+00 
5.9430778e-01 3.2937449e-01 0.0000000e+00 
4.9347320e-01 3.8454881e-01 0.0000000e+00 
5.5062449e-01 1.5674770e-01 0.0000000e+00 
4.5774269e-01 4.0380031e-01 0.0000000e+00 
4.5300320e-01 3.8926181e-01 0.0000000e+00 
5.2078158e-01 8.5589677e-02 0.0000000e+00 
5.2809721e-01 4.7261381e-01 0.0000000e+00 
5.4998982e-01 4.7740239e-01 0.0000000e+00 
1.1647230e-01 3.4303319e-01 0.0000000e+00 
5.4025501e-01 4.0216339e-01 0.0000000e+00 
5.4931629e-01 3.8893181e-01 0.0000000e+00 
5.6429678e-01 3.8917771e-01 0.0000000e+00 
5.5815691e-01 3.7613159e-01 0.0000000e+00 
5.3233409e-01 3.8730109e-01 0.0000000e+00 
6.1810511e-01 2.9840681e-01 0.0000000e+00 
5.4633558e-01 2.3408321e-01 0.0000000e+00 
1.7233150e+00 4.7115931e-01 0.0000000e+00 
1.6544410e+00 4.6960419e-01 0.0000000e+00 
5.9817278e-01 2.1342160e-01 0.0000000e+00 
5.7312608e-01 3.7630349e-01 0.0000000e+00 
5.6664068e-01 3.6344349e-01 0.0000000e+00 
5.8089459e-01 3.6333910e-01 0.0000000e+00 
5.7436389e-01 3.5058859e-01 0.0000000e+00 
5.8890998e-01 3.5140380e-01 0.0000000e+00 
5.9597099e-01 3.6360300e-01 0.0000000e+00 
1.8871840e+00 2.3216370e-01 0.0000000e+00 
1.8613670e+00 1.6699770e-01 0.0000000e+00 
5.8043772e-01 3.2325599e-01 0.0000000e+00 
1.8341640e-01 1.2044960e-01 0.0000000e+00 
1.4539170e-01 1.4803199e-01 0.0000000e+00 
5.2981251e-01 4.1606659e-01 0.0000000e+00 
6.3278657e-01 3.2098520e-01 0.0000000e+00 
4.9883649e-01 1.9035070e-01 0.0000000e+00 
4.8866749e-01 1.9995619e-01 0.0000000e+00 
4.7372600e-01 1.9428051e-01 0.0000000e+00 
4.7687241e-01 2.0988560e-01 0.0000000e+00 
4.6230760e-01 2.0519090e-01 0.0000000e+00 
5.0175709e-01 2.0284539e-01 0.0000000e+00 
3.7420979e-01 2.4249861e-01 0.0000000e+00 
3.7680081e-01 2.5999850e-01 0.0000000e+00 
3.6377189e-01 2.7359021e-01 0.0000000e+00 
3.8147151e-01 2.7786380e-01 0.0000000e+00 
3.9390230e-01 2.6630861e-01 0.0000000e+00 
3.9790910e-01 2.8215069e-01 0.0000000e+00 
3.8660839e-01 2.9399589e-01 0.0000000e+00 
4.0266559e-01 2.9749459e-01 0.0000000e+00 
3.9230630e-01 3.0959940e-01 0.0000000e+00 
3.7539089e-01 3.0645579e-01 0.0000000e+00 
3.8165531e-01 3.2178041e-01 0.0000000e+00 
3.9764741e-01 3.2483751e-01 0.0000000e+00 
3.8738471e-01 3.3702531e-01 0.0000000e+00 
4.0318671e-01 3.3988059e-01 0.0000000e+00 
3.9298999e-01 3.5206911e-01 0.0000000e+00 
4.0884519e-01 3.5489669e-01 0.0000000e+00 
3.7592891e-01 3.5095471e-01 0.0000000e+00 
4.1221961e-01 3.2815641e-01 0.0000000e+00 
4.0885890e-01 2.7070051e-01 0.0000000e+00 
4.0606499e-01 2.5576550e-01 0.0000000e+00 
4.2036530e-01 2.6073930e-01 0.0000000e+00 
4.1758421e-01 2.4588020e-01 0.0000000e+00 
3.9879280e-01 3.6719501e-01 0.0000000e+00 
4.1457930e-01 3.6959961e-01 0.0000000e+00 
4.2435291e-01 3.5784501e-01 0.0000000e+00 
4.3005049e-01 3.7181091e-01 0.0000000e+00 
4.2064139e-01 3.8399899e-01 0.0000000e+00 
4.0332180e-01 2.4100940e-01 0.0000000e+00 
4.1523230e-01 2.3128320e-01 0.0000000e+00 
4.2901969e-01 2.3581611e-01 0.0000000e+00 
4.2680249e-01 2.2116630e-01 0.0000000e+00 
4.4072181e-01 2.2622180e-01 0.0000000e+00 
4.3834931e-01 2.1132030e-01 0.0000000e+00 
4.2324290e-01 2.0628519e-01 0.0000000e+00 
5.7600939e-01 2.6372889e-01 0.0000000e+00 
4.6461701e-01 3.7602729e-01 0.0000000e+00 
4.4586849e-01 3.4520641e-01 0.0000000e+00 
1.8224460e+00 4.8960349e-01 0.0000000e+00 
4.3567330e-01 1.9562960e-01 0.0000000e+00 
5.9315038e-01 1.5660501e-01 0.0000000e+00 
4.5945361e-01 1.9019520e-01 0.0000000e+00 
6.2804931e-01 2.1075760e-01 0.0000000e+00 
4.4690049e-01 3.7500271e-01 0.0000000e+00 
4.3590689e-01 2.6693821e-01 0.0000000e+00 
4.5538360e-01 2.4537770e-01 0.0000000e+00 
5.3253782e-01 3.6093631e-01 0.0000000e+00 
5.0687999e-01 3.7203360e-01 0.0000000e+00 
5.5479759e-01 3.4289679e-01 0.0000000e+00 
4.7859880e-01 2.3292100e-01 0.0000000e+00 
5.6951690e-01 2.9091081e-01 0.0000000e+00 
4.3251589e-01 3.2153201e-01 0.0000000e+00 
2.5864059e-01 4.9322551e-01 0.0000000e+00 
2.8119770e-01 4.6436489e-01 0.0000000e+00 
2.9712620e-01 4.9769270e-01 0.0000000e+00 
5.0679362e-01 2.2942559e-01 0.0000000e+00 
5.1640040e-01 2.1935740e-01 0.0000000e+00 
6.5671778e-01 2.8741741e-01 0.0000000e+00 
6.4681822e-01 2.6546481e-01 0.0000000e+00 
2.6161829e-01 1.0442510e-01 0.0000000e+00 
2.9914159e-01 1.2133270e-01 0.0000000e+00 
5.3835911e-01 2.0090669e-01 0.0000000e+00 
4.1076070e-01 4.0288219e-01 0.0000000e+00 
4.2847160e-01 2.9058349e-01 0.0000000e+00 
5.8385968e-01 4.0419951e-01 0.0000000e+00 
4.6758640e-01 2.2237021e-01 0.0000000e+00 
1.7680900e+00 1.1666990e-01 0.0000000e+00 
4.6705061e-01 3.6164391e-01 0.0000000e+00 
4.2953780e-01 5.2015013e-01 0.0000000e+00 
3.4222049e-01 3.0633521e-01 0.0000000e+00 
3.3303869e-01 2.8045291e-01 0.0000000e+00 
5.3547281e-01 4.9663380e-01 0.0000000e+00 
5.6233060e-01 5.0093198e-01 0.0000000e+00 
3.5305610e-01 3.5562491e-01 0.0000000e+00 
3.6326250e-01 3.7681499e-01 0.0000000e+00 
5.8255208e-01 1.8968870e-01 0.0000000e+00 
5.6585908e-01 6.7596443e-02 0.0000000e+00 
3.1423870e-01 5.6071562e-01 0.0000000e+00 
3.6825681e-01 5.5769640e-01 0.0000000e+00 
1.6511329e+00 1.0926090e-01 0.0000000e+00 
1.6192470e+00 1.5863900e-01 0.0000000e+00 
3.1425080e-01 3.9930049e-02 0.0000000e+00 
3.1129351e-01 1.6085930e-01 0.0000000e+00 
3.3299991e-01 1.3328290e-01 0.0000000e+00 
3.3072019e-01 1.0009960e-01 0.0000000e+00 
2.7850899e-01 1.8997809e-01 0.0000000e+00 
3.6250210e-01 1.1719080e-01 0.0000000e+00 
3.6242679e-01 7.9823360e-02 0.0000000e+00 
3.9215559e-01 9.3917303e-02 0.0000000e+00 
6.7704421e-01 3.9422091e-02 0.0000000e+00 
6.9158012e-01 7.9496212e-02 0.0000000e+00 
7.2696608e-01 4.4044841e-02 0.0000000e+00 
7.3696113e-01 9.5335990e-02 0.0000000e+00 
7.9171729e-01 1.0606610e-01 0.0000000e+00 
7.5707722e-01 1.3865989e-01 0.0000000e+00 
8.0465728e-01 1.5881000e-01 0.0000000e+00 
8.4009641e-01 1.2030350e-01 0.0000000e+00 
8.5441029e-01 1.6780110e-01 0.0000000e+00 
8.9020813e-01 1.3047090e-01 0.0000000e+00 
8.7580758e-01 8.5384279e-02 0.0000000e+00 
6.3392729e-01 5.6027758e-01 0.0000000e+00 
6.5490252e-01 5.2222651e-01 0.0000000e+00 
6.9785458e-01 5.2009457e-01 0.0000000e+00 
6.6947389e-01 4.8214740e-01 0.0000000e+00 
7.1400052e-01 4.7928271e-01 0.0000000e+00 
7.3890662e-01 5.1415598e-01 0.0000000e+00 
7.5538421e-01 4.7427329e-01 0.0000000e+00 
7.3060858e-01 4.4053549e-01 0.0000000e+00 
7.7131832e-01 4.3481070e-01 0.0000000e+00 
7.4432129e-01 4.0371630e-01 0.0000000e+00 
7.9942912e-01 4.6868020e-01 0.0000000e+00 
8.1664360e-01 4.2528069e-01 0.0000000e+00 
8.4675127e-01 4.6303490e-01 0.0000000e+00 
7.0795268e-01 4.1132101e-01 0.0000000e+00 
8.6556101e-01 4.1526449e-01 0.0000000e+00 
9.0177119e-01 4.5578691e-01 0.0000000e+00 
6.1436248e-01 5.2457899e-01 0.0000000e+00 
5.9010911e-01 5.6233871e-01 0.0000000e+00 
6.8740159e-01 4.4485721e-01 0.0000000e+00 
6.3075930e-01 4.9217081e-01 0.0000000e+00 
8.2390177e-01 3.7696400e-01 0.0000000e+00 
6.5760958e-01 4.5251140e-01 0.0000000e+00 
8.8201141e-01 3.6469159e-01 0.0000000e+00 
7.1646827e-01 3.7200019e-01 0.0000000e+00 
7.5293612e-01 3.6630341e-01 0.0000000e+00 
7.3172802e-01 3.4158540e-01 0.0000000e+00 
4.3641081e-01 3.8625911e-01 0.0000000e+00 
3.3307719e-01 5.1888418e-01 0.0000000e+00 
3.7808201e-01 5.1874483e-01 0.0000000e+00 
4.1757399e-01 3.4319299e-01 0.0000000e+00 
4.0734050e-01 3.1263331e-01 0.0000000e+00 
4.8661929e-01 4.2812102e-02 0.0000000e+00 
7.2056448e-01 1.3380709e-01 0.0000000e+00 
7.2885102e-01 1.7120270e-01 0.0000000e+00 
7.6764971e-01 1.8236589e-01 0.0000000e+00 
7.3844647e-01 2.0840840e-01 0.0000000e+00 
3.2383901e-01 4.7502699e-01 0.0000000e+00 
2.0299730e-01 4.5617640e-02 0.0000000e+00 
5.8970161e-02 3.3410329e-01 0.0000000e+00 
2.0689000e-01 5.5709481e-01 0.0000000e+00 
4.1305149e-01 2.8573561e-01 0.0000000e+00 
7.8471351e-01 5.4944623e-01 0.0000000e+00 
5.7445318e-01 2.4704580e-01 0.0000000e+00 
4.8197981e-02 2.0613991e-01 0.0000000e+00 
2.9774281e-01 8.0907270e-02 0.0000000e+00 
5.0055778e-01 5.6669247e-01 0.0000000e+00 
5.6139982e-01 2.6632291e-01 0.0000000e+00 
1.6788280e+00 5.7307512e-02 0.0000000e+00 
5.1920211e-01 3.7999329e-01 0.0000000e+00 
5.3287011e-01 2.3837809e-01 0.0000000e+00 
4.9314889e-01 3.6956069e-01 0.0000000e+00 
5.4427528e-01 3.7591609e-01 0.0000000e+00 
7.8244883e-01 3.9527819e-01 0.0000000e+00 
3.6446571e-01 4.0250320e-02 0.0000000e+00 
4.4162789e-01 3.5938531e-01 0.0000000e+00 
6.3632941e-01 2.8842619e-01 0.0000000e+00 
4.9067271e-01 2.1312010e-01 0.0000000e+00 
9.0754151e-01 5.5067050e-01 0.0000000e+00 
9.6624529e-01 5.4957891e-01 0.0000000e+00 
9.9525559e-01 4.9868581e-01 0.0000000e+00 
1.0540251e+00 4.9801311e-01 0.0000000e+00 
1.0243800e+00 4.4818369e-01 0.0000000e+00 
1.0813180e+00 4.4429299e-01 0.0000000e+00 
9.6050638e-01 4.4521841e-01 0.0000000e+00 
9.9237692e-01 4.0150511e-01 0.0000000e+00 
9.3534291e-01 5.0050128e-01 0.0000000e+00 
1.1123620e+00 4.9683940e-01 0.0000000e+00 
1.1383430e+00 4.4216970e-01 0.0000000e+00 
5.4218680e-01 5.2327639e-01 0.0000000e+00 
4.9454380e-02 4.5007420e-01 0.0000000e+00 
1.0217610e-01 4.7936839e-01 0.0000000e+00 
2.2542991e-01 2.8165141e-01 0.0000000e+00 
3.9299640e-01 1.2565491e-01 0.0000000e+00 
4.2287391e-01 1.0849530e-01 0.0000000e+00 
4.1702661e-01 7.4225321e-02 0.0000000e+00 
4.2317891e-01 4.9126241e-01 0.0000000e+00 
3.6435950e-01 3.1840631e-01 0.0000000e+00 
5.9271669e-01 4.9394491e-01 0.0000000e+00 
4.5279789e-01 2.1705380e-01 0.0000000e+00 
1.1707489e+00 4.9572700e-01 0.0000000e+00 
1.1967220e+00 4.4262701e-01 0.0000000e+00 
1.2286400e+00 4.9457431e-01 0.0000000e+00 
1.2569320e+00 4.4329810e-01 0.0000000e+00 
1.2887410e+00 4.9415389e-01 0.0000000e+00 
4.9704749e-02 9.0376601e-02 0.0000000e+00 
1.1661880e+00 3.8667339e-01 0.0000000e+00 
1.0448740e+00 3.9727730e-01 0.0000000e+00 
1.3219531e+00 5.4748261e-01 0.0000000e+00 
1.3566051e+00 4.9475339e-01 0.0000000e+00 
1.4128619e+00 5.0170678e-01 0.0000000e+00 
1.3878731e+00 4.4357020e-01 0.0000000e+00 
2.6875430e-01 4.3074101e-01 0.0000000e+00 
4.1746351e-01 3.0108821e-01 0.0000000e+00 
4.7450441e-01 4.2571831e-01 0.0000000e+00 
4.0593800e-01 2.0075510e-01 0.0000000e+00 
4.4167551e-01 4.0079829e-01 0.0000000e+00 
1.9512080e+00 4.5117629e-01 0.0000000e+00 
1.0262311e+00 5.1109631e-02 0.0000000e+00 
9.9738371e-01 1.0181700e-01 0.0000000e+00 
1.0553030e+00 1.0176790e-01 0.0000000e+00 
1.0273110e+00 1.4739220e-01 0.0000000e+00 
1.0855290e+00 1.4977370e-01 0.0000000e+00 
9.7062862e-01 1.4721170e-01 0.0000000e+00 
9.3508059e-01 1.0148260e-01 0.0000000e+00 
1.1133560e+00 1.0215650e-01 0.0000000e+00 
1.1446090e+00 1.4514109e-01 0.0000000e+00 
1.1160710e+00 1.9391710e-01 0.0000000e+00 
1.2018321e+00 5.4771107e-01 0.0000000e+00 
1.9480680e+00 2.1005040e-01 0.0000000e+00 
1.0842860e+00 5.4868227e-01 0.0000000e+00 
1.9480680e+00 3.2994959e-01 0.0000000e+00 
1.5904510e+00 1.0452840e-01 0.0000000e+00 
1.5598950e+00 1.5443350e-01 0.0000000e+00 
1.5304790e+00 1.0186320e-01 0.0000000e+00 
1.5007280e+00 1.5119410e-01 0.0000000e+00 
1.5273950e+00 2.0345390e-01 0.0000000e+00 
1.4685169e+00 1.9967620e-01 0.0000000e+00 
1.4425830e+00 1.4740349e-01 0.0000000e+00 
1.4098901e+00 1.9577309e-01 0.0000000e+00 
1.3839140e+00 1.4338671e-01 0.0000000e+00 
1.3511680e+00 1.9153769e-01 0.0000000e+00 
1.3252350e+00 1.3926670e-01 0.0000000e+00 
1.2926320e+00 1.8772170e-01 0.0000000e+00 
1.2666039e+00 1.3634580e-01 0.0000000e+00 
1.2355460e+00 1.8558609e-01 0.0000000e+00 
1.2059170e+00 1.3905290e-01 0.0000000e+00 
1.2347410e+00 9.3928657e-02 0.0000000e+00 
1.3187660e+00 2.4091680e-01 0.0000000e+00 
1.4945120e+00 2.5244480e-01 0.0000000e+00 
1.5862570e+00 2.0772290e-01 0.0000000e+00 
5.5948251e-01 2.4233980e-01 0.0000000e+00 
1.5573130e+00 5.4926682e-01 0.0000000e+00 
1.5215520e+00 5.0207931e-01 0.0000000e+00 
1.5906490e+00 4.9784341e-01 0.0000000e+00 
1.3832541e+00 4.9608339e-02 0.0000000e+00 
1.5002331e+00 5.0511628e-02 0.0000000e+00 
1.7345819e+00 5.5134553e-01 0.0000000e+00 
1.6170100e+00 5.5189037e-01 0.0000000e+00 
1.6308481e+00 4.1378099e-01 0.0000000e+00 
1.7733830e+00 4.6653220e-01 0.0000000e+00 
1.8566350e+00 5.4165798e-01 0.0000000e+00 
1.5124860e+00 4.0674630e-01 0.0000000e+00 
1.4853560e+00 4.5626420e-01 0.0000000e+00 
1.6452560e+00 2.1187560e-01 0.0000000e+00 
1.7967290e+00 1.6947480e-01 0.0000000e+00 
1.8955210e+00 4.8443690e-01 0.0000000e+00 
2.4952111e-01 3.7534630e-01 0.0000000e+00 
2.4015559e-01 3.3920720e-01 0.0000000e+00 
1.6122910e+00 2.6095319e-01 0.0000000e+00 
1.8537400e+00 5.5921540e-02 0.0000000e+00 
1.8819669e+00 1.0242500e-01 0.0000000e+00 
9.5119797e-02 1.2153590e-01 0.0000000e+00 
1.0847340e+00 5.0935078e-02 0.0000000e+00 
1.7562060e+00 3.2229191e-01 0.0000000e+00 
1.4358770e+00 2.4863569e-01 0.0000000e+00 
4.3159389e-01 2.5088599e-01 0.0000000e+00 
4.7994119e-01 3.8120639e-01 0.0000000e+00 
1.8123610e+00 3.2570100e-01 0.0000000e+00 
6.1470199e-01 2.3820160e-01 0.0000000e+00 
6.2837660e-01 2.5279269e-01 0.0000000e+00 
5.6644672e-01 3.2120070e-01 0.0000000e+00 
4.0343639e-01 3.8359720e-01 0.0000000e+00 
1.2608960e+00 2.3755901e-01 0.0000000e+00 
9.7383392e-01 2.2759880e-01 0.0000000e+00 
1.8966711e+00 3.6694610e-01 0.0000000e+00 
1.2852859e+00 3.9278471e-01 0.0000000e+00 
4.4754091e-01 4.1694289e-01 0.0000000e+00 
5.1814729e-01 1.1434720e-01 0.0000000e+00 
9.8089732e-02 2.9848260e-01 0.0000000e+00 
8.7650722e-01 5.0584209e-01 0.0000000e+00 
7.2722268e-01 5.5884892e-01 0.0000000e+00 
9.1900879e-01 4.0950510e-01 0.0000000e+00 
6.0669678e-01 3.3687809e-01 0.0000000e+00 
9.2257088e-01 2.2499460e-01 0.0000000e+00 
1.8270659e+00 1.1701130e-01 0.0000000e+00 
3.9101499e-01 2.5043941e-01 0.0000000e+00 
3.0026230e-01 2.1632680e-01 0.0000000e+00 
5.8418620e-01 3.3934349e-01 0.0000000e+00 
1.5593460e+00 5.1838879e-02 0.0000000e+00 
4.5547140e-01 5.6772357e-01 0.0000000e+00 
9.7268373e-02 1.8144910e-01 0.0000000e+00 
9.3618453e-02 5.9398320e-02 0.0000000e+00 
9.5946752e-02 4.1991970e-01 0.0000000e+00 
1.5493150e-01 4.8253620e-01 0.0000000e+00 
5.3141659e-01 2.2366489e-01 0.0000000e+00 
4.6951711e-01 1.7694290e-01 0.0000000e+00 
1.3219830e+00 4.4809279e-01 0.0000000e+00 
6.1860532e-01 2.8225860e-01 0.0000000e+00 
9.2647932e-02 5.4469162e-01 0.0000000e+00 
3.6105269e-01 4.8700431e-01 0.0000000e+00 
1.4393450e+00 5.5213040e-01 0.0000000e+00 
1.9442101e+00 9.5342271e-02 0.0000000e+00 
9.0059137e-01 1.7995150e-01 0.0000000e+00 
8.2735151e-01 2.0720319e-01 0.0000000e+00 
6.6251612e-01 1.0677520e-01 0.0000000e+00 
6.7604911e-01 4.1622579e-01 0.0000000e+00 
6.8501538e-01 3.8669550e-01 0.0000000e+00 
3.6920869e-01 2.9070961e-01 0.0000000e+00 
4.5409241e-01 2.3146330e-01 0.0000000e+00 
6.1867392e-01 3.1358370e-01 0.0000000e+00 
1.9131620e+00 5.4997718e-01 0.0000000e+00 
4.2027211e-01 1.8849210e-01 0.0000000e+00 
1.9003210e+00 2.9999799e-01 0.0000000e+00 
5.5434358e-01 1.3134070e-01 0.0000000e+00 
1.4729370e+00 1.0059040e-01 0.0000000e+00 
4.4868380e-01 4.7589070e-01 0.0000000e+00 
1.7371070e+00 5.7924490e-02 0.0000000e+00 
1.6196249e-01 1.9384970e-01 0.0000000e+00 
2.7876011e-01 3.4925121e-01 0.0000000e+00 
5.6304562e-01 4.5950639e-01 0.0000000e+00 
6.0384172e-01 3.5119170e-01 0.0000000e+00 
5.7530987e-01 5.2873927e-01 0.0000000e+00 
1.3667960e-01 3.8707560e-01 0.0000000e+00 
4.9747679e-01 1.2821840e-01 0.0000000e+00 
1.1983300e+00 4.8251878e-02 0.0000000e+00 
7.5970978e-01 3.2726541e-01 0.0000000e+00 
8.1999791e-01 5.1075947e-01 0.0000000e+00 
1.3957340e+00 3.8871399e-01 0.0000000e+00 
3.8881221e-01 2.3447470e-01 0.0000000e+00 
5.2596432e-01 2.0954940e-01 0.0000000e+00 
1.4149910e+00 9.8922051e-02 0.0000000e+00 
3.1656411e-01 1.9587231e-01 0.0000000e+00 
4.3203679e-01 3.4525600e-01 0.0000000e+00 
5.0832897e-01 3.8785461e-01 0.0000000e+00 
5.0716370e-01 4.6868089e-01 0.0000000e+00 
7.2506380e-01 3.1459489e-01 0.0000000e+00 
5.7067949e-01 1.5282580e-01 0.0000000e+00 
6.7973870e-01 1.6684531e-01 0.0000000e+00 
5.3255141e-01 1.4827640e-01 0.0000000e+00 
5.8382958e-01 2.0679601e-01 0.0000000e+00 
3.6833951e-01 3.3595169e-01 0.0000000e+00 
6.6081917e-01 3.9089271e-01 0.0000000e+00 
3.5859609e-01 1.6498099e-01 0.0000000e+00 
5.4474670e-01 2.4635740e-01 0.0000000e+00 
8.5039961e-01 4.4130251e-02 0.0000000e+00 
7.0378470e-01 2.1493910e-01 0.0000000e+00 
3.8111559e-01 3.6489099e-01 0.0000000e+00 
3.8378549e-01 3.8103321e-01 0.0000000e+00 
1.1733290e+00 9.6517898e-02 0.0000000e+00 
6.1236829e-01 3.6486840e-01 0.0000000e+00 
4.2817801e-01 4.6774849e-01 0.0000000e+00 
3.9298210e-01 4.8933309e-01 0.0000000e+00 
5.1858139e-01 5.3958851e-01 0.0000000e+00 
1.1778920e+00 1.8819040e-01 0.0000000e+00 
6.3357651e-01 4.2729640e-01 0.0000000e+00 
2.1912169e-01 8.9860998e-02 0.0000000e+00 
4.4828820e-01 3.3391532e-02 0.0000000e+00 
7.1727687e-01 2.3730519e-01 0.0000000e+00 
9.8337471e-02 2.5592181e-01 0.0000000e+00 
4.8688981e-01 5.3696889e-01 0.0000000e+00 
9.1024607e-01 4.6742149e-02 0.0000000e+00 
4.2072469e-01 3.1704551e-01 0.0000000e+00 
2.5881660e-01 2.8481191e-01 0.0000000e+00 
1.3556740e+00 9.6588373e-02 0.0000000e+00 
3.8170820e-01 4.6353251e-01 0.0000000e+00 
6.1133659e-01 4.6789679e-01 0.0000000e+00 
4.4266859e-01 2.4074350e-01 0.0000000e+00 
1.4653840e+00 5.0395852e-01 0.0000000e+00 
1.1433500e+00 2.3560201e-01 0.0000000e+00 
5.5341142e-01 3.6430839e-01 0.0000000e+00 
5.7990170e-01 2.7820900e-01 0.0000000e+00 
4.4887719e-01 2.0151231e-01 0.0000000e+00 
4.6245420e-01 4.1756010e-01 0.0000000e+00 
4.1210291e-01 2.1662711e-01 0.0000000e+00 
5.1736373e-01 5.6347691e-02 0.0000000e+00 
7.0604849e-01 3.3807889e-01 0.0000000e+00 
4.3653390e-01 1.2656429e-01 0.0000000e+00 
4.2773649e-01 3.9727569e-01 0.0000000e+00 
4.2305809e-01 2.7508900e-01 0.0000000e+00 
1.9111360e+00 1.7995431e-01 0.0000000e+00 
1.2975690e+00 9.4644032e-02 0.0000000e+00 
7.4613649e-01 2.3963641e-01 0.0000000e+00 
2.9362991e-01 4.1433749e-01 0.0000000e+00 
5.8357382e-01 3.0761179e-01 0.0000000e+00 
5.3191912e-01 3.7253350e-01 0.0000000e+00 
4.4445190e-01 8.4593862e-02 0.0000000e+00 
1.5468830e+00 4.5422599e-01 0.0000000e+00 
6.2926418e-01 2.7103639e-01 0.0000000e+00 
3.5220909e-01 2.8729489e-01 0.0000000e+00 
8.3805579e-01 3.3710629e-01 0.0000000e+00 
5.2616048e-01 4.0003020e-01 0.0000000e+00 
1.8064611e-01 5.2023911e-01 0.0000000e+00 
4.2505819e-01 3.3176431e-01 0.0000000e+00 
7.7968621e-01 5.0346297e-01 0.0000000e+00 
1.2679260e+00 4.6381779e-02 0.0000000e+00 
5.8107018e-01 2.9473820e-01 0.0000000e+00 
6.1925322e-01 3.3036381e-01 0.0000000e+00 
5.6537521e-01 2.5524691e-01 0.0000000e+00 
3.8967860e-01 6.5405212e-02 0.0000000e+00 
1.0865080e+00 2.3449360e-01 0.0000000e+00 
1.4042149e-01 9.9993236e-02 0.0000000e+00 
1.0030100e+00 3.5783571e-01 0.0000000e+00 
3.6067769e-01 3.0184039e-01 0.0000000e+00 
5.7885981e-01 3.8880101e-01 0.0000000e+00 
1.5990330e+00 4.4926330e-01 0.0000000e+00 
9.1439813e-02 3.7532219e-01 0.0000000e+00 
5.7995051e-01 1.7130360e-01 0.0000000e+00 
6.1258352e-01 2.5273019e-01 0.0000000e+00 
4.0172791e-01 2.2754180e-01 0.0000000e+00 
5.4750210e-01 9.9742994e-02 0.0000000e+00 
6.1311978e-01 2.0313910e-01 0.0000000e+00 
6.1223829e-01 2.2002740e-01 0.0000000e+00 
1.8586820e+00 3.2957241e-01 0.0000000e+00 
5.8738971e-01 3.7580970e-01 0.0000000e+00 
4.5219980e-02 4.4195049e-02 0.0000000e+00 
4.8124549e-01 2.2123460e-01 0.0000000e+00 
4.3828961e-02 5.5591398e-01 0.0000000e+00 
1.0568640e+00 1.9004630e-01 0.0000000e+00 
3.3193341e-01 4.4711831e-01 0.0000000e+00 
3.0378929e-01 4.4286191e-01 0.0000000e+00 
5.3415012e-01 1.2728420e-01 0.0000000e+00 
5.0386423e-01 2.1636350e-01 0.0000000e+00 
1.9116580e+00 4.2358989e-01 0.0000000e+00 
4.5517069e-01 3.6521810e-01 0.0000000e+00 
3.6732909e-01 3.6239621e-01 0.0000000e+00 
6.3041377e-01 3.0585691e-01 0.0000000e+00 
1.9569679e+00 4.3301821e-02 0.0000000e+00 
5.7146299e-01 4.8058590e-01 0.0000000e+00 
1.6484860e+00 5.1718348e-01 0.0000000e+00 
9.4670999e-01 1.8556410e-01 0.0000000e+00 
6.3752991e-01 4.6584189e-01 0.0000000e+00 
1.9572541e+00 5.5697870e-01 0.0000000e+00 
6.4813697e-01 2.4830820e-01 0.0000000e+00 
6.0179752e-01 3.7555191e-01 0.0000000e+00 
1.4364240e+00 4.6111640e-01 0.0000000e+00 
5.6217611e-01 3.5223660e-01 0.0000000e+00 
6.6050959e-01 4.3027630e-01 0.0000000e+00 
4.0468970e-01 5.1149738e-01 0.0000000e+00 
5.1506358e-01 2.0555650e-01 0.0000000e+00 
4.3334481e-01 1.8108650e-01 0.0000000e+00 
9.9962813e-01 1.8700930e-01 0.0000000e+00 
6.9131333e-01 1.1763480e-01 0.0000000e+00 
4.4599831e-01 1.8538959e-01 0.0000000e+00 
5.1551181e-01 4.8891029e-01 0.0000000e+00 
4.3754059e-01 5.8743980e-02 0.0000000e+00 
5.9589100e-01 3.4163511e-01 0.0000000e+00 
2.3624770e-01 5.2814358e-01 0.0000000e+00 
6.6953379e-01 3.7169310e-01 0.0000000e+00 
3.6865169e-01 3.9570969e-01 0.0000000e+00 
5.9758049e-01 1.9620110e-01 0.0000000e+00 
1.3329040e-01 5.1544452e-01 0.0000000e+00 
1.0515270e+00 3.5504949e-01 0.0000000e+00 
3.3392131e-01 6.8202123e-02 0.0000000e+00 
1.7869949e-01 8.1389397e-02 0.0000000e+00 
9.2706198e-01 1.4882250e-01 0.0000000e+00 
1.7000279e+00 5.1305068e-01 0.0000000e+00 
3.4774879e-01 2.6959679e-01 0.0000000e+00 
5.7002652e-01 3.3917850e-01 0.0000000e+00 
4.5571360e-01 1.7617980e-01 0.0000000e+00 
8.2389021e-01 8.1237279e-02 0.0000000e+00 
5.6977302e-01 4.0162051e-01 0.0000000e+00 
5.7622939e-01 9.1579817e-02 0.0000000e+00 
7.9520959e-01 1.9354109e-01 0.0000000e+00 
7.1731091e-01 1.9555099e-01 0.0000000e+00 
9.5533073e-01 4.0679529e-01 0.0000000e+00 
5.1722008e-01 4.1250920e-01 0.0000000e+00 
4.3116611e-01 5.4470932e-01 0.0000000e+00 
6.9998658e-01 1.5358570e-01 0.0000000e+00 
3.7607810e-01 2.2627370e-01 0.0000000e+00 
5.1978278e-01 3.9113960e-01 0.0000000e+00 
5.3689402e-01 2.1312129e-01 0.0000000e+00 
9.0401761e-02 2.1924180e-01 0.0000000e+00 
7.8513551e-01 3.6338761e-01 0.0000000e+00 
2.8628290e-01 5.2971011e-01 0.0000000e+00 
1.9101239e+00 1.3962340e-01 0.0000000e+00 
3.3938929e-01 1.5675519e-01 0.0000000e+00 
3.5365051e-01 1.4366330e-01 0.0000000e+00 
5.9640652e-01 1.7787141e-01 0.0000000e+00 
2.3996450e-01 3.0955619e-01 0.0000000e+00 
4.0130991e-01 5.3756779e-01 0.0000000e+00 
2.6203820e-01 3.9843059e-01 0.0000000e+00 
1.7610559e+00 5.1254529e-01 0.0000000e+00 
5.3923780e-01 6.9367118e-02 0.0000000e+00 
6.6389477e-01 2.7387929e-01 0.0000000e+00 
5.6400359e-01 1.6758190e-01 0.0000000e+00 
6.3302028e-01 3.3655259e-01 0.0000000e+00 
5.4254562e-01 3.6452681e-01 0.0000000e+00 
5.1293671e-01 2.8587131e-02 0.0000000e+00 
5.1246679e-01 1.8971939e-01 0.0000000e+00 

CELLS 1766 7064
3 0 870 123
3 1 882 70
3 2 887 79
3 3 872 114
3 4 193 35
3 4 516 193
3 5 516 4
3 6 184 5
3 6 612 184
3 7 612 6
3 8 183 7
3 8 799 183
3 9 799 8
3 10 615 9
3 11 335 10
3 11 521 335
3 12 521 11
3 13 311 12
3 13 515 311
3 14 515 13
3 15 312 14
3 15 511 312
3 16 511 15
3 17 308 16
3 17 510 308
3 18 510 17
3 19 301 18
3 19 529 301
3 20 529 19
3 21 124 20
3 21 517 124
3 22 517 21
3 23 277 22
3 23 503 277
3 24 503 23
3 25 266 24
3 25 533 266
3 26 533 25
3 27 269 26
3 27 616 269
3 28 616 27
3 29 513 28
3 30 241 29
3 30 512 241
3 31 512 30
3 32 214 31
3 32 514 214
3 33 514 32
3 34 215 33
3 34 726 215
3 35 726 34
3 36 870 0
3 37 747 36
3 38 155 37
3 38 603 155
3 39 603 38
3 40 130 39
3 40 547 130
3 41 547 40
3 41 619 547
3 42 619 41
3 43 142 42
3 43 812 142
3 44 812 43
3 44 943 597
3 45 943 44
3 46 145 45
3 46 159 145
3 47 159 46
3 48 140 47
3 48 555 140
3 49 555 48
3 49 557 555
3 50 557 49
3 51 126 50
3 51 800 126
3 52 800 51
3 52 816 800
3 53 816 52
3 54 131 53
3 54 663 131
3 55 663 54
3 55 718 663
3 56 718 55
3 57 127 56
3 57 780 127
3 58 780 57
3 58 850 780
3 59 850 58
3 60 148 59
3 60 700 148
3 61 700 60
3 62 128 61
3 62 701 128
3 63 701 62
3 63 744 701
3 64 744 63
3 65 136 64
3 65 613 136
3 66 613 65
3 66 772 613
3 67 772 66
3 68 144 67
3 68 715 144
3 69 715 68
3 70 157 69
3 70 882 157
3 71 882 1
3 72 757 71
3 73 154 72
3 73 674 154
3 74 674 73
3 75 139 74
3 75 676 139
3 76 676 75
3 77 147 76
3 77 662 147
3 78 662 77
3 79 156 78
3 79 887 156
3 80 887 2
3 81 766 80
3 82 706 81
3 83 151 82
3 83 702 151
3 84 702 83
3 85 129 84
3 85 703 129
3 86 703 85
3 87 697 86
3 88 137 87
3 88 756 137
3 89 756 88
3 90 149 89
3 90 653 149
3 91 653 90
3 92 134 91
3 92 673 134
3 93 673 92
3 94 150 93
3 94 675 150
3 95 675 94
3 96 135 95
3 96 624 135
3 97 624 96
3 98 623 97
3 99 125 98
3 99 607 125
3 100 607 99
3 100 736 607
3 101 736 100
3 102 138 101
3 102 566 138
3 103 566 102
3 103 583 566
3 104 583 103
3 105 143 104
3 105 611 143
3 106 611 105
3 106 745 611
3 107 745 106
3 108 141 107
3 108 544 141
3 109 544 108
3 110 543 109
3 111 132 110
3 111 605 132
3 112 605 111
3 113 153 112
3 113 754 153
3 114 754 113
3 114 872 754
3 115 872 3
3 116 158 115
3 116 635 158
3 117 635 116
3 118 146 117
3 118 604 146
3 119 604 118
3 120 133 119
3 120 609 133
3 121 609 120
3 122 152 121
3 122 650 152
3 123 650 122
3 123 870 650
3 124 529 20
3 124 658 529
3 124 817 658
3 125 623 98
3 125 735 623
3 125 782 735
3 126 557 50
3 126 558 557
3 126 559 558
3 126 915 559
3 127 718 56
3 127 804 670
3 128 700 61
3 128 786 700
3 129 702 84
3 129 911 702
3 130 603 39
3 130 610 525
3 130 811 603
3 131 816 53
3 132 543 110
3 132 929 543
3 133 604 119
3 133 734 604
3 133 814 734
3 133 927 814
3 134 653 91
3 134 673 647
3 135 675 95
3 136 613 545
3 136 744 64
3 137 697 87
3 137 698 697
3 137 823 698
3 138 736 101
3 139 674 74
3 139 768 454
3 140 159 47
3 140 160 159
3 140 161 160
3 140 555 161
3 141 745 107
3 141 922 745
3 141 935 922
3 142 619 42
3 142 854 619
3 142 900 640
3 143 583 104
3 143 777 583
3 143 808 634
3 144 740 532
3 144 772 67
3 145 938 830
3 145 943 45
3 146 635 117
3 146 748 635
3 146 861 748
3 147 676 76
3 147 730 676
3 147 878 730
3 148 850 59
3 149 756 89
3 150 673 93
3 150 675 632
3 151 706 82
3 151 937 504
3 152 609 121
3 152 746 609
3 153 605 112
3 153 847 605
3 153 906 847
3 154 757 72
3 154 930 757
3 155 747 37
3 155 856 747
3 155 909 856
3 156 662 78
3 156 711 662
3 156 766 711
3 156 887 766
3 157 715 69
3 157 716 715
3 157 757 716
3 157 882 757
3 158 872 115
3 159 542 145
3 160 542 159
3 160 917 542
3 161 162 160
3 161 760 162
3 162 163 160
3 162 164 163
3 162 165 164
3 162 760 165
3 163 917 160
3 164 187 163
3 164 506 187
3 165 166 164
3 165 167 166
3 165 253 167
3 165 760 253
3 166 506 164
3 166 933 506
3 167 168 166
3 167 169 168
3 167 793 169
3 168 227 166
3 168 866 227
3 169 170 168
3 169 171 170
3 169 188 171
3 169 793 188
3 170 508 168
3 171 172 170
3 171 173 172
3 171 801 173
3 172 244 170
3 172 888 244
3 173 174 172
3 173 175 174
3 173 813 175
3 174 888 172
3 174 939 524
3 175 176 174
3 175 177 176
3 175 178 177
3 175 813 178
3 176 939 174
3 177 180 176
3 177 791 180
3 178 179 177
3 178 181 179
3 178 837 181
3 179 791 177
3 180 191 176
3 180 192 191
3 180 831 192
3 181 182 179
3 181 185 182
3 181 245 185
3 181 837 245
3 182 781 179
3 183 612 7
3 183 799 696
3 183 853 612
3 184 516 5
3 184 612 501
3 184 826 516
3 185 186 182
3 185 189 186
3 185 759 189
3 186 222 182
3 186 845 222
3 187 361 163
3 187 769 361
3 187 792 769
3 188 801 171
3 188 919 801
3 188 923 599
3 189 190 186
3 189 194 190
3 189 243 194
3 189 759 243
3 190 845 186
3 191 523 176
3 192 201 191
3 192 202 201
3 192 203 202
3 192 831 203
3 193 726 35
3 193 839 456
3 193 851 839
3 194 195 190
3 194 196 195
3 194 739 196
3 195 588 190
3 196 197 195
3 196 198 197
3 196 729 198
3 196 739 729
3 197 242 195
3 197 857 242
3 198 199 197
3 198 200 199
3 198 259 200
3 198 729 259
3 199 857 197
3 199 907 857
3 200 216 199
3 200 217 216
3 200 855 217
3 201 232 191
3 201 460 232
3 201 941 460
3 202 204 201
3 202 205 204
3 202 903 205
3 203 831 589
3 203 903 202
3 204 941 201
3 205 206 204
3 205 207 206
3 205 797 207
3 205 903 797
3 206 341 204
3 206 805 341
3 207 208 206
3 207 209 208
3 207 211 209
3 207 797 211
3 208 805 206
3 208 889 805
3 209 210 208
3 209 212 210
3 209 810 212
3 210 344 208
3 210 530 344
3 211 797 761
3 211 810 209
3 211 892 810
3 212 213 210
3 212 220 213
3 212 257 220
3 212 810 257
3 213 530 210
3 214 512 31
3 214 891 825
3 214 942 512
3 215 514 33
3 215 913 514
3 216 907 199
3 217 218 216
3 217 219 218
3 217 824 219
3 217 855 824
3 218 345 216
3 218 651 345
3 219 223 218
3 219 224 223
3 219 258 224
3 219 824 258
3 220 221 213
3 220 254 221
3 220 821 254
3 221 239 213
3 221 240 239
3 221 775 240
3 222 781 182
3 222 845 586
3 222 928 781
3 223 651 218
3 224 225 223
3 224 226 225
3 224 728 226
3 225 352 223
3 225 731 352
3 226 228 225
3 226 229 228
3 226 693 229
3 226 728 693
3 227 933 166
3 228 731 225
3 229 230 228
3 229 231 230
3 229 256 231
3 229 693 256
3 230 356 228
3 230 783 356
3 231 233 230
3 231 234 233
3 231 720 234
3 232 523 191
3 232 621 523
3 232 881 621
3 233 783 230
3 234 235 233
3 234 236 235
3 234 694 236
3 234 720 694
3 235 366 233
3 235 707 366
3 236 237 235
3 236 238 237
3 236 252 238
3 236 694 252
3 237 707 235
3 238 246 237
3 238 247 246
3 238 714 247
3 239 530 213
3 239 916 530
3 240 260 239
3 240 261 260
3 240 262 261
3 240 775 262
3 241 513 29
3 241 614 513
3 241 840 614
3 242 588 195
3 242 737 588
3 242 857 630
3 242 920 737
3 243 739 194
3 243 758 739
3 243 759 563
3 244 508 170
3 244 725 724
3 244 867 508
3 244 888 725
3 245 601 600
3 245 759 185
3 245 837 601
3 245 918 759
3 246 360 237
3 246 704 360
3 247 248 246
3 247 249 248
3 247 250 249
3 247 714 250
3 248 704 246
3 249 255 248
3 249 719 255
3 250 251 249
3 250 342 251
3 250 709 342
3 250 714 709
3 251 719 249
3 252 694 681
3 252 714 238
3 253 793 167
3 253 923 793
3 254 775 221
3 254 821 643
3 254 883 775
3 255 377 248
3 255 378 377
3 255 382 378
3 255 719 382
3 256 686 684
3 256 693 686
3 256 720 231
3 257 810 587
3 257 821 220
3 257 886 821
3 258 728 224
3 258 809 690
3 258 824 809
3 259 855 200
3 259 873 855
3 259 896 873
3 260 346 239
3 260 438 346
3 260 459 438
3 261 459 260
3 262 263 261
3 262 435 263
3 262 436 435
3 262 775 436
3 263 264 261
3 263 265 264
3 263 790 265
3 264 459 261
3 264 921 459
3 265 267 264
3 265 268 267
3 265 270 268
3 265 790 270
3 266 503 24
3 266 620 503
3 266 879 620
3 267 354 264
3 267 355 354
3 267 659 355
3 268 659 267
3 269 533 26
3 269 722 502
3 270 271 268
3 270 326 271
3 270 327 326
3 270 790 327
3 271 272 268
3 271 273 272
3 271 771 273
3 272 659 268
3 272 828 659
3 273 274 272
3 273 275 274
3 273 806 275
3 274 732 272
3 275 276 274
3 275 278 276
3 275 339 278
3 275 806 339
3 276 340 274
3 276 528 340
3 277 517 22
3 277 848 517
3 278 279 276
3 278 280 279
3 278 820 280
3 279 528 276
3 280 281 279
3 280 282 281
3 280 316 282
3 280 820 316
3 281 314 279
3 281 904 314
3 282 283 281
3 282 284 283
3 282 874 284
3 283 904 281
3 284 285 283
3 284 838 285
3 284 875 838
3 285 286 283
3 285 287 286
3 285 296 287
3 285 838 296
3 286 540 283
3 287 288 286
3 287 289 288
3 287 774 289
3 288 539 286
3 289 290 288
3 289 291 290
3 289 774 291
3 290 317 288
3 290 535 317
3 291 292 290
3 291 293 292
3 291 304 293
3 291 774 304
3 292 535 290
3 292 536 535
3 293 294 292
3 293 295 294
3 293 818 295
3 294 536 292
3 295 297 294
3 295 305 297
3 295 322 305
3 295 818 322
3 296 774 287
3 296 936 712
3 297 298 294
3 297 299 298
3 297 742 299
3 298 536 294
3 298 912 536
3 299 300 298
3 299 302 300
3 299 787 302
3 300 315 298
3 300 467 315
3 300 924 467
3 301 510 18
3 301 834 510
3 302 303 300
3 302 306 303
3 302 313 306
3 302 787 313
3 303 924 300
3 304 774 713
3 304 818 293
3 304 934 818
3 305 742 297
3 306 307 303
3 306 309 307
3 306 798 309
3 307 321 303
3 307 660 321
3 308 511 16
3 308 822 511
3 309 310 307
3 309 318 310
3 309 320 318
3 309 798 320
3 310 660 307
3 310 767 660
3 311 521 12
3 311 871 622
3 311 877 521
3 312 515 14
3 312 531 515
3 312 764 531
3 313 787 548
3 313 798 306
3 313 931 798
3 314 528 279
3 314 727 528
3 314 803 727
3 314 904 803
3 315 912 298
3 316 755 602
3 316 820 755
3 316 874 282
3 317 539 288
3 317 796 539
3 318 319 310
3 318 328 319
3 318 638 328
3 319 767 310
3 319 895 767
3 320 638 318
3 320 932 552
3 321 864 784
3 321 924 303
3 322 323 305
3 322 324 323
3 322 637 324
3 322 818 637
3 323 551 305
3 324 325 323
3 324 367 325
3 324 368 367
3 324 637 368
3 325 350 323
3 325 371 350
3 325 773 371
3 326 771 271
3 327 359 326
3 327 402 359
3 327 899 402
3 328 329 319
3 328 832 329
3 329 330 319
3 329 331 330
3 329 332 331
3 329 832 332
3 330 895 319
3 330 898 895
3 330 914 898
3 331 914 330
3 332 333 331
3 332 336 333
3 332 369 336
3 332 832 369
3 333 334 331
3 333 337 334
3 333 779 337
3 334 751 331
3 335 615 10
3 335 750 615
3 336 779 333
3 337 338 334
3 337 347 338
3 337 348 347
3 337 779 348
3 338 351 334
3 338 461 351
3 338 944 461
3 339 806 641
3 339 820 278
3 340 732 274
3 340 833 661
3 341 776 738
3 341 805 776
3 341 941 204
3 342 343 251
3 342 375 343
3 342 376 375
3 342 709 376
3 343 353 251
3 343 373 353
3 343 710 373
3 344 889 208
3 345 633 628
3 345 651 633
3 345 907 216
3 346 916 239
3 347 349 338
3 347 362 349
3 347 794 362
3 348 779 733
3 348 794 347
3 348 876 794
3 349 944 338
3 350 551 323
3 351 751 334
3 352 648 646
3 352 651 223
3 352 731 648
3 353 719 251
3 353 723 719
3 354 921 264
3 355 357 354
3 355 379 357
3 355 380 379
3 355 659 380
3 356 731 228
3 356 752 731
3 356 783 656
3 357 358 354
3 357 789 358
3 358 921 354
3 358 925 846
3 359 372 326
3 359 401 372
3 359 815 401
3 360 707 237
3 360 842 707
3 360 860 842
3 361 917 163
3 362 363 349
3 362 364 363
3 362 431 364
3 362 794 431
3 363 374 349
3 363 527 374
3 364 365 363
3 364 384 365
3 364 940 384
3 365 527 363
3 366 783 233
3 366 890 656
3 367 773 325
3 368 406 367
3 368 407 406
3 368 409 407
3 368 637 409
3 369 370 336
3 369 832 639
3 369 841 370
3 370 403 336
3 370 405 403
3 370 424 405
3 370 841 424
3 371 392 350
3 371 457 392
3 371 458 457
3 371 773 458
3 372 771 326
3 373 422 353
3 373 454 422
3 373 455 454
3 373 710 455
3 374 944 349
3 375 710 343
3 376 394 375
3 376 545 394
3 376 546 545
3 376 709 546
3 377 704 248
3 378 445 377
3 378 705 445
3 379 430 357
3 379 722 430
3 380 381 379
3 380 432 381
3 380 828 432
3 381 722 379
3 382 383 378
3 382 399 383
3 382 723 399
3 383 705 378
3 384 385 365
3 384 541 385
3 384 862 541
3 384 940 862
3 385 386 365
3 385 387 386
3 385 795 387
3 386 527 365
3 386 926 527
3 387 388 386
3 387 389 388
3 387 390 389
3 387 795 390
3 388 400 386
3 388 444 400
3 388 696 444
3 389 696 388
3 390 391 389
3 390 395 391
3 390 447 395
3 390 795 447
3 391 608 389
3 392 393 350
3 392 525 393
3 392 811 525
3 393 551 350
3 394 532 375
3 394 772 532
3 395 396 391
3 395 724 396
3 395 867 724
3 396 397 391
3 396 398 397
3 396 863 398
3 397 608 391
3 398 417 397
3 398 418 417
3 398 419 418
3 398 863 419
3 399 404 383
3 399 730 404
3 399 868 730
3 400 926 386
3 401 534 372
3 401 815 745
3 401 922 534
3 402 815 359
3 402 899 537
3 403 779 336
3 404 504 383
3 404 711 504
3 404 878 711
3 405 434 403
3 405 830 434
3 406 408 367
3 406 814 408
3 407 734 406
3 408 773 367
3 408 927 746
3 409 410 407
3 409 411 410
3 409 713 411
3 409 934 713
3 410 437 407
3 410 778 437
3 411 412 410
3 411 413 412
3 411 712 413
3 411 713 712
3 412 778 410
3 413 414 412
3 413 415 414
3 413 657 415
3 413 936 657
3 414 416 412
3 414 749 416
3 415 423 414
3 415 518 423
3 415 519 518
3 415 657 519
3 416 749 636
3 416 778 412
3 417 501 397
3 417 826 501
3 418 420 417
3 418 421 420
3 418 753 421
3 419 753 418
3 419 843 753
3 419 863 725
3 420 826 417
3 420 851 826
3 421 425 420
3 421 426 425
3 421 443 426
3 421 753 443
3 422 723 353
3 422 868 723
3 423 749 414
3 423 847 749
3 423 902 847
3 424 597 405
3 424 812 597
3 424 900 812
3 425 851 420
3 426 427 425
3 426 428 427
3 426 765 428
3 427 839 425
3 428 429 427
3 428 738 429
3 428 852 738
3 429 456 427
3 429 743 456
3 429 901 743
3 430 616 513
3 430 722 616
3 430 789 357
3 431 794 769
3 431 940 364
3 432 433 381
3 432 661 433
3 432 732 661
3 432 828 732
3 433 502 381
3 433 509 502
3 433 592 509
3 433 661 592
3 434 733 403
3 434 865 733
3 434 938 865
3 435 790 263
3 435 899 790
3 436 537 435
3 436 538 537
3 436 883 538
3 437 734 407
3 437 861 604
3 438 439 346
3 438 442 439
3 438 846 442
3 439 440 346
3 439 441 440
3 439 617 441
3 440 916 346
3 441 448 440
3 441 449 448
3 441 825 449
3 442 617 439
3 442 840 617
3 442 925 614
3 443 753 621
3 443 765 426
3 443 881 765
3 444 750 400
3 444 799 615
3 445 446 377
3 445 911 446
3 445 937 911
3 446 704 377
3 446 860 704
3 446 884 699
3 446 911 884
3 447 867 395
3 447 905 866
3 448 859 440
3 448 869 859
3 449 450 448
3 449 451 450
3 449 891 451
3 450 869 448
3 451 452 450
3 451 743 452
3 451 913 743
3 452 453 450
3 452 776 453
3 452 901 776
3 453 869 450
3 453 889 869
3 454 674 139
3 454 768 422
3 454 835 674
3 455 740 716
3 455 835 454
3 455 930 835
3 456 726 193
3 456 839 427
3 456 913 726
3 457 811 392
3 457 909 811
3 458 746 717
3 458 773 746
3 458 856 457
3 459 846 438
3 459 921 846
3 460 852 765
3 460 881 232
3 460 941 852
3 461 462 351
3 461 466 462
3 461 944 466
3 462 463 351
3 462 464 463
3 462 622 464
3 463 751 351
3 464 465 463
3 464 531 465
3 464 871 531
3 465 507 463
3 465 827 507
3 466 622 462
3 466 877 622
3 466 894 877
3 466 944 894
3 467 468 315
3 467 741 468
3 467 784 741
3 467 924 784
3 468 469 315
3 468 470 469
3 468 471 470
3 468 741 471
3 469 912 315
3 470 763 469
3 471 472 470
3 471 485 472
3 471 486 485
3 471 741 486
3 472 473 470
3 472 474 473
3 472 606 474
3 473 763 470
3 474 475 473
3 474 596 475
3 474 658 596
3 475 476 473
3 475 477 476
3 475 478 477
3 475 596 478
3 476 763 473
3 476 858 763
3 477 642 476
3 477 796 642
3 478 479 477
3 478 480 479
3 478 484 480
3 478 596 484
3 479 796 477
3 480 481 479
3 480 482 481
3 480 595 482
3 481 483 479
3 481 802 483
3 482 489 481
3 482 490 489
3 482 491 490
3 482 595 491
3 483 796 479
3 483 880 539
3 484 595 480
3 484 848 595
3 485 606 472
3 485 834 606
3 486 487 485
3 486 488 487
3 486 494 488
3 486 741 494
3 487 721 510
3 487 834 485
3 488 721 487
3 489 802 481
3 489 803 802
3 490 727 489
3 491 492 490
3 491 620 492
3 491 788 620
3 492 493 490
3 492 592 493
3 492 620 509
3 493 727 490
3 493 833 528
3 494 495 488
3 494 864 495
3 495 496 488
3 495 497 496
3 495 829 497
3 495 864 829
3 496 721 488
3 496 822 721
3 497 498 496
3 497 499 498
3 497 500 499
3 497 829 500
3 498 822 496
3 499 644 498
3 499 827 644
3 500 505 499
3 500 767 505
3 500 829 660
3 501 608 397
3 501 826 184
3 501 853 608
3 502 533 269
3 502 722 381
3 502 879 533
3 503 788 277
3 504 705 383
3 504 706 151
3 504 711 706
3 504 937 705
3 505 827 499
3 505 898 827
3 506 792 187
3 506 862 792
3 506 933 862
3 507 751 463
3 507 914 751
3 508 866 168
3 508 867 866
3 509 592 492
3 509 879 502
3 510 721 308
3 510 834 487
3 511 764 312
3 511 822 764
3 512 840 241
3 512 942 840
3 513 616 28
3 513 789 430
3 514 891 214
3 514 913 891
3 515 871 311
3 516 851 193
3 517 817 124
3 517 848 817
3 518 902 423
3 518 929 902
3 519 520 518
3 519 602 520
3 519 875 602
3 520 602 593
3 520 929 518
3 521 522 335
3 521 877 522
3 522 750 335
3 522 785 750
3 522 894 785
3 523 621 524
3 523 939 176
3 524 843 725
3 524 888 174
3 524 939 523
3 525 526 393
3 525 610 526
3 525 811 130
3 526 548 393
3 526 549 548
3 526 550 549
3 526 610 550
3 527 785 374
3 527 926 785
3 528 727 493
3 528 833 340
3 529 658 606
3 529 834 301
3 530 859 344
3 530 916 859
3 531 644 465
3 531 764 644
3 531 871 515
3 532 710 375
3 532 740 710
3 532 772 144
3 533 879 266
3 534 641 372
3 534 893 641
3 534 935 893
3 535 642 317
3 535 858 642
3 536 844 535
3 536 912 844
3 537 634 402
3 537 899 435
3 538 634 537
3 538 777 634
3 538 883 643
3 539 540 286
3 539 796 483
3 539 880 540
3 540 880 802
3 540 904 283
3 541 795 385
3 541 905 795
3 541 933 905
3 542 917 865
3 542 938 145
3 543 544 109
3 543 593 544
3 543 929 593
3 544 935 141
3 545 613 394
3 545 677 136
3 546 677 545
3 546 678 677
3 546 695 678
3 546 709 695
3 547 610 130
3 547 908 610
3 548 551 393
3 548 787 551
3 548 931 313
3 549 931 548
3 549 932 931
3 550 552 549
3 550 553 552
3 550 908 553
3 551 742 305
3 551 787 742
3 552 638 320
3 552 932 549
3 553 554 552
3 553 854 554
3 553 908 619
3 554 638 552
3 554 639 638
3 554 640 639
3 554 854 640
3 555 556 161
3 555 557 556
3 556 760 161
3 556 897 760
3 557 558 556
3 558 897 556
3 559 560 558
3 559 561 560
3 559 562 561
3 559 915 562
3 560 598 558
3 560 599 598
3 560 600 599
3 561 600 560
3 561 918 600
3 562 563 561
3 562 564 563
3 562 565 564
3 562 915 565
3 563 758 243
3 563 759 561
3 564 758 563
3 564 910 758
3 565 669 564
3 565 816 669
3 565 915 800
3 566 567 138
3 566 582 567
3 566 583 582
3 567 568 138
3 567 569 568
3 567 585 569
3 568 736 138
3 569 570 568
3 569 584 570
3 569 587 584
3 569 886 587
3 570 571 568
3 570 572 571
3 570 573 572
3 570 584 573
3 571 736 568
3 571 849 607
3 572 849 571
3 573 574 572
3 573 575 574
3 573 579 575
3 573 584 579
3 574 576 572
3 574 577 576
3 574 618 577
3 575 618 574
3 576 849 572
3 577 578 576
3 577 580 578
3 577 586 580
3 577 618 586
3 578 782 576
3 579 589 575
3 579 762 589
3 580 581 578
3 580 737 581
3 581 735 578
3 581 737 629
3 582 585 567
3 582 643 585
3 582 777 643
3 583 777 582
3 584 761 579
3 584 892 761
3 585 886 569
3 586 588 580
3 586 845 588
3 586 928 222
3 587 886 257
3 587 892 584
3 588 737 580
3 588 845 190
3 589 590 575
3 589 591 590
3 589 762 203
3 589 831 591
3 590 618 575
3 590 928 618
3 591 781 590
3 591 791 781
3 591 831 791
3 592 833 493
3 593 594 544
3 593 755 594
3 593 929 520
3 594 935 544
3 595 788 491
3 595 848 788
3 596 817 484
3 597 812 44
3 597 830 405
3 597 943 830
3 598 897 558
3 598 923 897
3 599 919 188
3 599 923 598
3 600 601 599
3 600 918 245
3 601 813 801
3 601 837 813
3 601 919 599
3 602 755 593
3 602 874 316
3 602 875 874
3 603 909 155
3 604 734 437
3 604 861 146
3 605 902 132
3 606 658 474
3 606 834 529
3 607 736 571
3 607 782 125
3 607 849 782
3 608 696 389
3 608 853 696
3 609 927 133
3 610 908 550
3 611 808 143
3 611 815 808
3 612 853 501
3 613 772 394
3 614 789 513
3 614 840 442
3 614 925 789
3 615 750 444
3 615 799 9
3 616 722 269
3 617 825 441
3 617 942 825
3 618 928 586
3 619 854 553
3 619 908 547
3 620 788 503
3 620 879 509
3 621 843 524
3 621 881 443
3 622 871 464
3 622 877 311
3 623 624 97
3 623 631 624
3 623 735 631
3 624 625 135
3 624 631 625
3 625 626 135
3 625 627 626
3 625 629 627
3 625 631 629
3 626 675 135
3 627 628 626
3 627 652 628
3 628 632 626
3 628 633 632
3 628 652 345
3 629 630 627
3 629 631 581
3 629 920 630
3 630 652 627
3 630 857 652
3 630 920 242
3 631 735 581
3 632 645 150
3 632 675 626
3 633 645 632
3 633 646 645
3 633 651 646
3 634 777 143
3 634 808 402
3 635 636 158
3 635 748 636
3 636 748 416
3 636 754 158
3 636 906 754
3 637 934 409
3 638 639 328
3 639 832 328
3 639 841 369
3 640 841 639
3 640 854 142
3 640 900 841
3 641 771 372
3 641 806 771
3 641 807 339
3 641 893 807
3 642 796 317
3 642 858 476
3 643 777 538
3 643 821 585
3 643 883 254
3 644 764 498
3 644 827 465
3 645 673 150
3 646 647 645
3 646 648 647
3 646 651 352
3 647 649 134
3 647 673 645
3 648 649 647
3 648 752 649
3 649 653 134
3 649 654 653
3 649 752 654
3 650 717 152
3 650 747 717
3 650 870 747
3 652 907 345
3 653 654 149
3 654 655 149
3 654 656 655
3 654 752 656
3 655 756 149
3 655 823 756
3 655 890 823
3 656 752 356
3 656 783 366
3 656 890 655
3 657 875 519
3 657 936 838
3 658 817 596
3 659 828 380
3 660 767 500
3 660 829 321
3 661 732 340
3 661 833 592
3 662 878 147
3 663 664 131
3 663 665 664
3 663 718 665
3 664 669 131
3 665 666 664
3 665 667 666
3 665 670 667
3 665 718 670
3 666 668 664
3 666 896 668
3 667 873 666
3 668 669 664
3 668 896 885
3 668 910 669
3 669 816 131
3 669 910 564
3 670 671 667
3 670 718 127
3 670 804 671
3 671 672 667
3 671 804 691
3 671 809 672
3 672 873 667
3 674 835 154
3 676 768 139
3 677 744 136
3 678 679 677
3 678 680 679
3 678 681 680
3 678 695 681
3 679 744 677
3 679 770 701
3 680 770 679
3 681 682 680
3 681 694 682
3 681 695 252
3 682 683 680
3 682 684 683
3 682 720 684
3 683 770 680
3 683 786 770
3 684 685 683
3 684 686 685
3 684 720 256
3 685 786 683
3 685 819 786
3 686 687 685
3 686 688 687
3 686 693 688
3 687 819 685
3 687 836 819
3 688 689 687
3 688 690 689
3 688 728 690
3 689 836 687
3 690 691 689
3 690 728 258
3 690 809 691
3 691 692 689
3 691 804 692
3 691 809 671
3 692 804 780
3 692 836 689
3 692 850 836
3 693 728 688
3 694 720 682
3 695 714 252
3 696 799 444
3 696 853 183
3 697 703 86
3 698 699 697
3 698 823 708
3 698 842 699
3 699 703 697
3 699 860 446
3 699 884 703
3 700 819 148
3 701 744 679
3 701 770 128
3 702 937 151
3 703 884 129
3 704 860 360
3 705 937 445
3 706 766 81
3 707 708 366
3 707 842 708
3 708 842 698
3 708 890 366
3 709 714 695
3 710 740 455
3 711 766 706
3 711 878 662
3 712 774 296
3 712 936 413
3 713 774 712
3 713 934 304
3 715 740 144
3 716 740 715
3 716 930 455
3 717 746 152
3 717 856 458
3 719 723 382
3 721 822 308
3 723 868 399
3 724 863 396
3 724 867 244
3 725 843 419
3 725 863 724
3 725 888 524
3 726 913 215
3 727 803 489
3 729 896 259
3 730 768 676
3 730 868 768
3 730 878 404
3 731 752 648
3 732 828 272
3 733 779 403
3 733 876 348
3 734 814 406
3 735 782 578
3 737 920 629
3 738 852 341
3 738 901 429
3 739 885 729
3 741 784 494
3 742 787 299
3 743 901 452
3 743 913 456
3 745 815 611
3 745 922 401
3 746 773 408
3 746 927 609
3 747 856 717
3 747 870 36
3 748 778 416
3 748 861 778
3 749 906 636
3 750 926 400
3 751 914 331
3 753 843 621
3 754 872 158
3 754 906 153
3 755 807 594
3 755 820 807
3 756 823 137
3 757 882 71
3 757 930 716
3 758 885 739
3 758 910 885
3 759 918 561
3 760 897 253
3 761 762 579
3 761 797 762
3 761 892 211
3 762 903 203
3 763 844 469
3 763 858 844
3 764 822 498
3 765 852 428
3 765 881 460
3 766 887 80
3 767 895 505
3 768 868 422
3 769 792 431
3 769 865 361
3 769 876 865
3 770 786 128
3 771 806 273
3 775 883 436
3 776 805 453
3 776 901 738
3 778 861 437
3 780 804 127
3 780 850 692
3 781 791 179
3 781 928 590
3 782 849 576
3 784 864 494
3 784 924 321
3 785 894 374
3 785 926 750
3 786 819 700
3 788 848 277
3 789 925 358
3 790 899 327
3 791 831 180
3 792 940 431
3 793 923 188
3 794 876 769
3 795 905 447
3 797 903 762
3 798 932 320
3 800 816 565
3 800 915 126
3 801 813 173
3 801 919 601
3 802 803 540
3 802 880 483
3 803 904 540
3 805 889 453
3 807 820 339
3 807 893 594
3 808 815 402
3 809 824 672
3 810 892 587
3 811 909 603
3 812 900 142
3 813 837 178
3 814 927 408
3 817 848 484
3 818 934 637
3 819 836 148
3 821 886 585
3 823 890 708
3 824 855 672
3 825 891 449
3 825 942 214
3 826 851 516
3 827 898 507
3 829 864 321
3 830 938 434
3 830 943 145
3 835 930 154
3 836 850 148
3 838 875 657
3 838 936 296
3 839 851 425
3 840 942 617
3 841 900 424
3 842 860 699
3 844 858 535
3 844 912 469
3 846 921 358
3 846 925 442
3 847 902 605
3 847 906 749
3 852 941 341
3 855 873 672
3 856 909 457
3 857 907 652
3 859 869 344
3 859 916 440
3 862 933 541
3 862 940 792
3 865 876 733
3 865 917 361
3 865 938 542
3 866 867 447
3 866 905 227
3 869 889 344
3 873 896 666
3 874 875 284
3 877 894 522
3 884 911 129
3 885 896 729
3 885 910 668
3 891 913 451
3 893 935 594
3 894 944 374
3 895 898 505
3 897 923 253
3 898 914 507
3 902 929 132
3 905 933 227
3 911 937 702
3 922 935 534
3 931 932 798

CELL_TYPES 1766
5
5
5
5
5
5
5
5
5
5
5
5
5
5
5
5
5
5
5
5
5
5
5
5
5
5
5
5
5
5
5
5
5
5
5
5
5
5
5
5
5
5
5
5
5
5
5
5
5
5
5
5
5
5
5
5
5
5
5
5
5
5
5
5
5
5
5
5
5
5
5
5
5
5
5
5
5
5
5
5
5
5
5
5
5
5
5
5
5
5
5
5
5
5
5
5
5
5
5
5
5
5
5
5
5
5
5
5
5
5
5
5
5
5
5
5
5
5
5
5
5
5
5
5
5
5
5
5
5
5
5
5
5
5
5
5
5
5
5
5
5
5
5
5
5
5
5
5
5
5
5
5
5
5
5
5
5
5
5
5
5
5
5
5
5
5
5
5
5
5
5
5
5
5
5
5
5
5
5
5
5
5
5
5
5
5
5
5
5
5
5
5
5
5
5
5
5
5
5
5
5
5
5
5
5
5
5
5
5
5
5
5
5
5
5
5
5
5
5
5
5
5
5
5
5
5
5
5
5
5
5
5
5
5
5
5
5
5
5
5
5
5
5
5
5
5
5
5
5
5
5
5
5
5
5
5
5
5
5
5
5
5
5
5
5
5
5
5
5
5
5
5
5
5
5
5
5
5
5
5
5
5
5
5
5
5
5
5
5
5
5
5
5
5
5
5
5
5
5
5
5
5
5
5
5
5
5
5
5
5
5
5
5
5
5
5
5
5
5
5
5
5
5
5
5
5
5
5
5
5
5
5
5
5
5
5
5
5
5
5
5
5
5
5
5
5
5
5
5
5
5
5
5
5
5
5
5
5
5
5
5
5
5
5
5
5
5
5
5
5
5
5
5
5
5
5
5
5
5
5
5
5
5
5
5
5
5
5
5
5
5
5
5
5
5
5
5
5
5
5
5
5
5
5
5
5
5
5
5
5
5
5
5
5
5
5
5
5
5
5
5
5
5
5
5
5
5
5
5
5
5
5
5
5
5
5
5
5
5
5
5
5
5
5
5
5
5
5
5
5
5
5
5
5
5
5
5
5
5
5
5
5
5
5
5
5
5
5
5
5
5
5
5
5
5
5
5
5
5
5
5
5
5
5
5
5
5
5
5
5
5
5
5
5
5
5
5
5
5
5
5
5
5
5
5
5
5
5
5
5
5
5
5
5
5
5
5
5
5
5
5
5
5
5
5
5
5
5
5
5
5
5
5
5
5
5
5
5
5
5
5
5
5
5
5
5
5
5
5
5
5
5
5
5
5
5
5
5
5
5
5
5
5
5
5
5
5
5
5
5
5
5
5
5
5
5
5
5
5
5
5
5
5
5
5
5
5
5
5
5
5
5
5
5
5
5
5
5
5
5
5
5
5
5
5
5
5
5
5
5
5
5
5
5
5
5
5
5
5
5
5
5
5
5
5
5
5
5
5
5
5
5
5
5
5
5
5
5
5
5
5
5
5
5
5
5
5
5
5
5
5
5
5
5
5
5
5
5
5
5
5
5
5
5
5
5
5
5
5
5
5
5
5
5
5
5
5
5
5
5
5
5
5
5
5
5
5
5
5
5
5
5
5
5
5
5
5
5
5
5
5
5
5
5
5
5
5
5
5
5
5
5
5
5
5
5
5
5
5
5
5
5
5
5
5
5
5
5
5
5
5
5
5
5
5
5
5
5
5
5
5
5
5
5
5
5
5
5
5
5
5
5
5
5
5
5
5
5
5
5
5
5
5
5
5
5
5
5
5
5
5
5
5
5
5
5
5
5
5
5
5
5
5
5
5
5
5
5
5
5
5
5
5
5
5
5
5
5
5
5
5
5
5
5
5
5
5
5
5
5
5
5
5
5
5
5
5
5
5
5
5
5
5
5
5
5
5
5
5
5
5
5
5
5
5
5
5
5
5
5
5
5
5
5
5
5
5
5
5
5
5
5
5
5
5
5
5
5
5
5
5
5
5
5
5
5
5
5
5
5
5
5
5
5
5
5
5
5
5
5
5
5
5
5
5
5
5
5
5
5
5
5
5
5
5
5
5
5
5
5
5
5
5
5
5
5
5
5
5
5
5
5
5
5
5
5
5
5
5
5
5
5
5
5
5
5
5
5
5
5
5
5
5
5
5
5
5
5
5
5
5
5
5
5
5
5
5
5
5
5
5
5
5
5
5
5
5
5
5
5
5
5
5
5
5
5
5
5
5
5
5
5
5
5
5
5
5
5
5
5
5
5
5
5
5
5
5
5
5
5
5
5
5
5
5
5
5
5
5
5
5
5
5
5
5
5
5
5
5
5
5
5
5
5
5
5
5
5
5
5
5
5
5
5
5
5
5
5
5
5
5
5
5
5
5
5
5
5
5
5
5
5
5
5
5
5
5
5
5
5
5
5
5
5
5
5
5
5
5
5
5
5
5
5
5
5
5
5
5
5
5
5
5
5
5
5
5
5
5
5
5
5
5
5
5
5
5
5
5
5
5
5
5
5
5
5
5
5
5
5
5
5
5
5
5
5
5
5
5
5
5
5
5
5
5
5
5
5
5
5
5
5
5
5
5
5
5
5
5
5
5
5
5
5
5
5
5
5
5
5
5
5
5
5
5
5
5
5
5
5
5
5
5
5
5
5
5
5
5
5
5
5
5
5
5
5
5
5
5
5
5
5
5
5
5
5
5
5
5
5
5
5
5
5
5
5
5
5
5
5
5
5
5
5
5
5
5
5
5
5
5
5
5
5
5
5
5
5
5
5
5
5
5
5
5
5
5
5
5
5
5
5
5
5
5
5
5
5
5
5
5
5
5
5
5
5
5
5
5
5
5
5
5
5
5
5
5
5
5
5
5
5
5
5
5
5
5
5
5
5
5
5
5
5
5
5
5
5
5
5
5
5
5
5
5
5
5
5
5
5
5
5
5
5
5
5
5
5
5
5
5
5
5
5
5
5
5
5
5
5
5
5
5
5
5
5
5
5
5
5
5
5
5
5
5
5
5
5
5
5
5
5
5
5
5
5
5
5
5
5
5
5
5
5
5
5
5
5
5
5
5
5
5
5
5
5
5
5
5
5
5
5
5
5
5
5
5
5
5
5
5
5
5
5
5
5
5
5
5
5
5
5
5
5
5
5
5
5
5
5
5
5
5
5
5
5
5
5
5
5
5
5
5
5
5
5
5
5
5
5
5
5
5
5
5
5
5
5
5
5
5
5
5
5
5
5
5
5
5
5
5
5
5
5
5
5
5
5
5
5
5
5
5
5
5
5
5
5
5
5
5
5
5
5
5
5
5
5
5
5
5
5
5
5
5
5
5
5
5
5
5
5
5
5
5
5
5
5
5
5
5
5
5
5
5
5
5
5
5
5
5
5
5
5
5
5
5
5
5
5
5
5
5
5
5
5
5
5
5
5
5
5
5
5
5
5
5
5
5
5
5
5
5
5
5
5
5
5
5
5
5
5
5
5
5
5
5
5
5
5
5
5
5
5
5
5
5
5
5
5
5
5
5
5
5
5
5
5
5
5
5
5
5
5
5
5
5
5
5
5
5
5
5
5
5
5
5
5
5
5
5
5
5
5
5
5
5
5
5
5
5
5
5
5
5
5
5
5
5
5
5
5
5
5
5
5
5
5
5
5
5
5
5
5
5
5
5
5
5
5
5
5
5
5
5
5
5
5
5
5
5
5
5
5
5
5
5
5
5
5
5
5
5
5
5
5
5
5
5
5
5
5
5
5
5
5
5
5
5
5
5
5
5
5
5
5
5
5
5
5
5
5
5
5
5
5
5
5
5
5
5
5
5
5
5
5
5
5
5
5
5
5
5
5
5
5
5
5
5
5
5
5
5
5
5
5
5
5
5
5
5
5
5
5
5
5
5
5
5
5
5
5
5
5
5
5
5
5
5
5
5
5
5
5
5
5
5
5
5
5
5
5
5
5
5
5
5
5
5
5
5
5
5
5
5
5
5
5
5
5
5
5
5
5
5
5
5
5
5
5
5
5
5
5
5
5
POINT_DATA 945
FIELD FieldData 2
VELOCITY 3 945  float
1.0000000e-01 0.0000000e+00 0.0000000e+00 
1.0000060e-01 0.0000000e+00 0.0000000e+00 
1.0000020e-01 0.0000000e+00 0.0000000e+00 
1.0000000e-01 0.0000000e+00 0.0000000e+00 
0.0000000e+00 0.0000000e+00 0.0000000e+00 
0.0000000e+00 0.0000000e+00 0.0000000e+00 
0.0000000e+00 0.0000000e+00 0.0000000e+00 
0.0000000e+00 0.0000000e+00 0.0000000e+00 
0.0000000e+00 0.0000000e+00 0.0000000e+00 
0.0000000e+00 0.0000000e+00 0.0000000e+00 
0.0000000e+00 0.0000000e+00 0.0000000e+00 
0.0000000e+00 0.0000000e+00 0.0000000e+00 
0.0000000e+00 0.0000000e+00 0.0000000e+00 
0.0000000e+00 0.0000000e+00 0.0000000e+00 
0.0000000e+00 0.0000000e+00 0.0000000e+00 
0.0000000e+00 0.0000000e+00 0.0000000e+00 
0.0000000e+00 0.0000000e+00 0.0000000e+00 
0.0000000e+00 0.0000000e+00 0.0000000e+00 
0.0000000e+00 0.0000000e+00 0.0000000e+00 
0.0000000e+00 0.0000000e+00 0.0000000e+00 
0.0000000e+00 0.0000000e+00 0.0000000e+00 
0.0000000e+00 0.0000000e+00 0.0000000e+00 
0.0000000e+00 0.0000000e+00 0.0000000e+00 
0.0000000e+00 0.0000000e+00 0.0000000e+00 
0.0000000e+00 0.0000000e+00 0.0000000e+00 
0.0000000e+00 0.0000000e+00 0.0000000e+00 
0.0000000e+00 0.0000000e+00 0.0000000e+00 
0.0000000e+00 0.0000000e+00 0.0000000e+00 
0.0000000e+00 0.0000000e+00 0.0000000e+00 
0.0000000e+00 0.0000000e+00 0.0000000e+00 
0.0000000e+00 0.0000000e+00 0.0000000e+00 
0.0000000e+00 0.0000000e+00 0.0000000e+00 
0.0000000e+00 0.0000000e+00 0.0000000e+00 
0.0000000e+00 0.0000000e+00 0.0000000e+00 
0.0000000e+00 0.0000000e+00 0.0000000e+00 
0.0000000e+00 0.0000000e+00 0.0000000e+00 
1.0018303e-01 -6.0584518e-28 0.0000000e+00 
1.0075425e-01 -1.2924697e-26 0.0000000e+00 
1.0188877e-01 -1.2924697e-26 0.0000000e+00 
1.0385287e-01 -1.2924697e-26 0.0000000e+00 
1.0688809e-01 -2.5849394e-25 0.0000000e+00 
1.1098257e-01 -2.5849394e-25 0.0000000e+00 
1.1608150e-01 -2.5849394e-25 0.0000000e+00 
1.2164514e-01 -1.2407709e-24 0.0000000e+00 
1.2705508e-01 7.2378304e-25 0.0000000e+00 
1.3141894e-01 -1.2407709e-24 0.0000000e+00 
1.3421132e-01 0.0000000e+00 0.0000000e+00 
1.3507998e-01 0.0000000e+00 0.0000000e+00 
1.3390724e-01 0.0000000e+00 0.0000000e+00 
1.3070254e-01 -8.2718061e-25 0.0000000e+00 
1.2558655e-01 -8.2718061e-25 0.0000000e+00 
1.1947581e-01 -8.2718061e-25 0.0000000e+00 
1.1372308e-01 -1.6543612e-24 0.0000000e+00 
1.0901377e-01 -1.6543612e-24 0.0000000e+00 
1.0547910e-01 -1.6543612e-24 0.0000000e+00 
1.0319453e-01 -1.0339758e-25 0.0000000e+00 
1.0182454e-01 -1.0339758e-25 0.0000000e+00 
1.0103713e-01 -1.0339758e-25 0.0000000e+00 
1.0058273e-01 1.5509636e-25 0.0000000e+00 
1.0032938e-01 1.5509636e-25 0.0000000e+00 
1.0018961e-01 1.5509636e-25 0.0000000e+00 
1.0010781e-01 2.5849394e-26 0.0000000e+00 
1.0006164e-01 2.5849394e-26 0.0000000e+00 
1.0003509e-01 2.5849394e-26 0.0000000e+00 
1.0001994e-01 -3.2311743e-27 0.0000000e+00 
1.0001136e-01 -3.2311743e-27 0.0000000e+00 
1.0000655e-01 -3.2311743e-27 0.0000000e+00 
1.0000381e-01 1.2495557e-27 0.0000000e+00 
1.0000226e-01 1.2495557e-27 0.0000000e+00 
1.0000137e-01 1.2495557e-27 0.0000000e+00 
1.0000087e-01 4.0389678e-28 0.0000000e+00 
1.0000048e-01 2.4913641e-07 0.0000000e+00 
1.0000028e-01 4.0060883e-07 0.0000000e+00 
9.9999994e-02 4.3538242e-07 0.0000000e+00 
9.9999771e-02 3.3773213e-07 0.0000000e+00 
9.9999636e-02 1.3411331e-07 0.0000000e+00 
9.9999614e-02 -8.4178147e-08 0.0000000e+00 
9.9999763e-02 -2.5487600e-07 0.0000000e+00 
9.9999949e-02 -2.5652949e-07 0.0000000e+00 
1.0000011e-01 -1.7486286e-07 0.0000000e+00 
1.0000039e-01 1.0097420e-28 0.0000000e+00 
1.0000080e-01 -4.5438388e-28 0.0000000e+00 
1.0000156e-01 -4.5438388e-28 0.0000000e+00 
1.0000297e-01 -4.5438388e-28 0.0000000e+00 
1.0000560e-01 -4.7457872e-27 0.0000000e+00 
1.0000999e-01 -4.7457872e-27 0.0000000e+00 
1.0001818e-01 -4.7457872e-27 0.0000000e+00 
1.0003298e-01 2.5849394e-26 0.0000000e+00 
1.0005815e-01 2.5849394e-26 0.0000000e+00 
1.0010239e-01 2.5849394e-26 0.0000000e+00 
1.0018157e-01 2.0679515e-25 0.0000000e+00 
1.0032464e-01 2.0679515e-25 0.0000000e+00 
1.0057732e-01 2.0679515e-25 0.0000000e+00 
1.0102506e-01 2.0679515e-25 0.0000000e+00 
1.0181119e-01 2.0679515e-25 0.0000000e+00 
1.0316325e-01 2.0679515e-25 0.0000000e+00 
1.0541471e-01 0.0000000e+00 0.0000000e+00 
1.0891620e-01 0.0000000e+00 0.0000000e+00 
1.1368790e-01 0.0000000e+00 0.0000000e+00 
1.1953134e-01 -1.4475661e-24 0.0000000e+00 
1.2570433e-01 -1.4475661e-24 0.0000000e+00 
1.3072619e-01 -1.4475661e-24 0.0000000e+00 
1.3398823e-01 -8.2718061e-25 0.0000000e+00 
1.3524909e-01 -8.2718061e-25 0.0000000e+00 
1.3432831e-01 -8.2718061e-25 0.0000000e+00 
1.3139720e-01 5.1698788e-26 0.0000000e+00 
1.2696333e-01 5.1698788e-26 0.0000000e+00 
1.2162429e-01 5.1698788e-26 0.0000000e+00 
1.1610254e-01 -3.1019273e-25 0.0000000e+00 
1.1097841e-01 -3.1019273e-25 0.0000000e+00 
1.0685450e-01 -3.1019273e-25 0.0000000e+00 
1.0378537e-01 0.0000000e+00 0.0000000e+00 
1.0182193e-01 0.0000000e+00 0.0000000e+00 
1.0071808e-01 0.0000000e+00 0.0000000e+00 
1.0015748e-01 -3.2311743e-27 0.0000000e+00 
1.0000000e-01 0.0000000e+00 0.0000000e+00 
1.0000000e-01 0.0000000e+00 0.0000000e+00 
1.0000000e-01 0.0000000e+00 0.0000000e+00 
1.0000000e-01 0.0000000e+00 0.0000000e+00 
1.0000000e-01 0.0000000e+00 0.0000000e+00 
1.0000000e-01 0.0000000e+00 0.0000000e+00 
1.0000000e-01 0.0000000e+00 0.0000000e+00 
1.0000000e-01 0.0000000e+00 0.0000000e+00 
1.0000000e-01 0.0000000e+00 0.0000000e+00 
1.0349608e-02 8.6317267e-03 0.0000000e+00 
1.1612456e-01 -4.7841244e-03 0.0000000e+00 
1.2278990e-01 5.5066966e-03 0.0000000e+00 
1.0122349e-01 6.5327151e-04 0.0000000e+00 
1.0006919e-01 3.7098129e-05 0.0000000e+00 
1.0000650e-01 -3.5246885e-06 0.0000000e+00 
1.0453409e-01 -2.8262557e-03 0.0000000e+00 
1.0640460e-01 2.9775184e-03 0.0000000e+00 
1.0478530e-01 2.4044681e-03 0.0000000e+00 
9.9873856e-02 -1.8338338e-04 0.0000000e+00 
1.0037613e-01 -2.1296208e-04 0.0000000e+00 
1.0376767e-01 -1.9017251e-03 0.0000000e+00 
1.0001241e-01 7.2102325e-06 0.0000000e+00 
1.0003838e-01 -1.9997191e-05 0.0000000e+00 
1.3322181e-01 -2.6617143e-03 0.0000000e+00 
9.9999510e-02 3.3552115e-07 0.0000000e+00 
1.3549855e-01 9.8484918e-04 0.0000000e+00 
1.1897552e-01 4.0356820e-03 0.0000000e+00 
1.1891206e-01 -4.8986943e-03 0.0000000e+00 
1.3398968e-01 2.6838961e-03 0.0000000e+00 
1.0000239e-01 1.4360857e-06 0.0000000e+00 
1.3390741e-01 -2.4027326e-03 0.0000000e+00 
9.9946469e-02 3.8935887e-04 0.0000000e+00 
9.9999540e-02 -2.5360077e-07 0.0000000e+00 
1.0021648e-01 1.1263819e-04 0.0000000e+00 
1.0011674e-01 -6.4565495e-05 0.0000000e+00 
1.0120428e-01 -6.6245114e-04 0.0000000e+00 
1.0000170e-01 -1.1299315e-06 0.0000000e+00 
1.0000739e-01 -4.8731786e-04 0.0000000e+00 
1.0108609e-01 8.1095536e-04 0.0000000e+00 
1.0000015e-01 5.6171785e-07 0.0000000e+00 
1.0103545e-01 -9.4178558e-04 0.0000000e+00 
1.0000010e-01 -3.1497996e-07 0.0000000e+00 
1.0000094e-01 4.2117571e-07 0.0000000e+00 
1.0003950e-01 3.6603303e-04 0.0000000e+00 
1.3566765e-01 -6.7956682e-04 0.0000000e+00 
1.3811779e-01 9.2751754e-05 0.0000000e+00 
1.3650227e-01 3.4591998e-03 0.0000000e+00 
1.4002059e-01 3.2900872e-03 0.0000000e+00 
1.4127274e-01 -7.8049063e-04 0.0000000e+00 
1.4170216e-01 2.8506746e-03 0.0000000e+00 
1.3836040e-01 7.6079606e-03 0.0000000e+00 
1.3316609e-01 8.0695059e-03 0.0000000e+00 
1.2810108e-01 1.2942942e-02 0.0000000e+00 
1.0953037e-01 1.3504965e-02 0.0000000e+00 
1.0716537e-01 1.6847871e-02 0.0000000e+00 
8.1396818e-02 1.5814779e-02 0.0000000e+00 
8.0493011e-02 1.8535821e-02 0.0000000e+00 
5.2430611e-02 1.4641935e-02 0.0000000e+00 
5.2619454e-02 1.6913623e-02 0.0000000e+00 
2.5350271e-02 1.0855775e-02 0.0000000e+00 
2.9519554e-02 1.2329344e-02 0.0000000e+00 
9.1453660e-03 5.0764699e-03 0.0000000e+00 
1.8169252e-02 4.8384904e-03 0.0000000e+00 
3.6914073e-02 1.3360517e-02 0.0000000e+00 
2.9354209e-02 3.4493117e-03 0.0000000e+00 
1.1759951e-02 -2.7969910e-03 0.0000000e+00 
4.8195716e-02 1.3711229e-02 0.0000000e+00 
4.3308534e-02 9.9125213e-04 0.0000000e+00 
2.9544444e-03 1.0769689e-04 0.0000000e+00 
-1.2765299e-03 -2.6534777e-03 0.0000000e+00 
6.0255706e-02 1.3016719e-02 0.0000000e+00 
5.8503851e-02 -2.8198079e-04 0.0000000e+00 
1.4345007e-01 -2.3157708e-03 0.0000000e+00 
1.0818915e-01 1.9667614e-02 0.0000000e+00 
7.2097465e-02 1.0635189e-02 0.0000000e+00 
7.2523966e-02 -1.7337723e-03 0.0000000e+00 
3.6498059e-03 -2.0034628e-03 0.0000000e+00 
1.9295407e-02 -8.8622011e-03 0.0000000e+00 
-1.5373260e-03 1.2868410e-03 0.0000000e+00 
8.0965675e-02 6.7617586e-03 0.0000000e+00 
8.3473302e-02 -2.7596846e-03 0.0000000e+00 
8.8542424e-02 3.6625841e-03 0.0000000e+00 
9.0311073e-02 -1.5635703e-03 0.0000000e+00 
9.3367994e-02 2.0875824e-03 0.0000000e+00 
9.4484657e-02 -1.1217730e-03 0.0000000e+00 
9.6155874e-02 1.0680107e-03 0.0000000e+00 
1.1367564e-02 -6.3868891e-03 0.0000000e+00 
3.5279859e-02 -1.2315124e-02 0.0000000e+00 
4.8142094e-02 -1.6059157e-02 0.0000000e+00 
3.0691940e-02 -9.5235351e-03 0.0000000e+00 
5.7063587e-02 -1.4044476e-02 0.0000000e+00 
5.1184770e-02 -1.1247247e-02 0.0000000e+00 
8.2008831e-02 -1.4223610e-02 0.0000000e+00 
7.4916646e-02 -1.1655798e-02 0.0000000e+00 
1.0618342e-01 -1.2369533e-02 0.0000000e+00 
1.0497474e-01 -9.6419593e-03 0.0000000e+00 
1.0837822e-01 -1.5097699e-02 0.0000000e+00 
1.2672105e-01 -8.2788365e-03 0.0000000e+00 
1.2827902e-01 -4.4685071e-03 0.0000000e+00 
9.6963448e-03 -2.9911783e-03 0.0000000e+00 
-6.8706082e-05 1.7315730e-03 0.0000000e+00 
9.6994303e-02 -6.9596805e-04 0.0000000e+00 
9.7835913e-02 4.9823325e-04 0.0000000e+00 
9.8408073e-02 -5.6565058e-04 0.0000000e+00 
9.8832130e-02 2.1453945e-04 0.0000000e+00 
1.3913499e-01 -3.1567279e-03 0.0000000e+00 
1.4106329e-01 1.3566185e-03 0.0000000e+00 
5.7714269e-02 -1.2041828e-02 0.0000000e+00 
9.9141113e-02 -3.2739571e-04 0.0000000e+00 
9.9347390e-02 1.0074864e-04 0.0000000e+00 
9.9526800e-02 -1.9170991e-04 0.0000000e+00 
9.9635176e-02 4.3556123e-05 0.0000000e+00 
1.1512635e-01 1.0091073e-02 0.0000000e+00 
9.9739015e-02 -1.1278528e-04 0.0000000e+00 
9.9796288e-02 1.7796672e-05 0.0000000e+00 
9.9853463e-02 -6.4902750e-05 0.0000000e+00 
9.9885434e-02 7.1627628e-06 0.0000000e+00 
-1.4796290e-03 -1.2912755e-03 0.0000000e+00 
9.9918805e-02 -3.7581889e-05 0.0000000e+00 
9.9934429e-02 2.6445557e-06 0.0000000e+00 
9.9955432e-02 -2.4370269e-05 0.0000000e+00 
9.9963240e-02 -1.9848376e-07 0.0000000e+00 
9.9975824e-02 -1.4087233e-05 0.0000000e+00 
9.9979401e-02 -5.4486486e-07 0.0000000e+00 
1.2854525e-01 -5.9627078e-04 0.0000000e+00 
1.4250997e-01 6.8099853e-03 0.0000000e+00 
3.1434428e-02 -3.8626017e-03 0.0000000e+00 
9.1931038e-02 -7.0993858e-03 0.0000000e+00 
8.9146316e-02 1.4801750e-02 0.0000000e+00 
5.3295117e-02 1.1821896e-02 0.0000000e+00 
7.6542310e-02 2.2049582e-02 0.0000000e+00 
9.9986553e-02 -8.0451618e-06 0.0000000e+00 
9.9988379e-02 -4.9782841e-07 0.0000000e+00 
9.9992543e-02 -4.6363571e-06 0.0000000e+00 
9.9993445e-02 -3.7725701e-07 0.0000000e+00 
9.9992469e-02 3.6709050e-06 0.0000000e+00 
9.9995695e-02 2.0263840e-06 0.0000000e+00 
9.9977016e-02 1.2379062e-05 0.0000000e+00 
1.3344066e-01 1.1943805e-02 0.0000000e+00 
1.4301348e-01 1.0302746e-03 0.0000000e+00 
9.9995933e-02 -2.7026058e-06 0.0000000e+00 
9.9881552e-02 8.0288555e-05 0.0000000e+00 
1.3673826e-01 -6.9095818e-03 0.0000000e+00 
9.9388070e-02 5.2779412e-04 0.0000000e+00 
9.6703000e-02 3.3974173e-03 0.0000000e+00 
1.3369611e-01 5.8087776e-03 0.0000000e+00 
1.4347559e-01 1.2916041e-02 0.0000000e+00 
1.4390129e-01 1.0805030e-02 0.0000000e+00 
1.4266425e-01 1.6212871e-02 0.0000000e+00 
1.4265463e-01 2.0309234e-02 0.0000000e+00 
1.3978200e-01 2.2031182e-02 0.0000000e+00 
5.1634770e-02 4.0802982e-02 0.0000000e+00 
1.3983952e-01 2.7729517e-02 0.0000000e+00 
1.3483742e-01 2.6843823e-02 0.0000000e+00 
6.0742907e-02 2.2067925e-02 0.0000000e+00 
1.3444327e-01 2.0277917e-02 0.0000000e+00 
1.2913899e-01 2.3374137e-02 0.0000000e+00 
1.2782167e-01 3.1568192e-02 0.0000000e+00 
1.2281390e-01 2.5366299e-02 0.0000000e+00 
1.1924224e-01 3.2123793e-02 0.0000000e+00 
1.1628447e-01 2.5338432e-02 0.0000000e+00 
1.1142025e-01 3.0474795e-02 0.0000000e+00 
2.8624125e-02 3.8202550e-02 0.0000000e+00 
1.1034587e-01 2.3407038e-02 0.0000000e+00 
1.0454818e-01 2.6549140e-02 0.0000000e+00 
1.0556320e-01 2.0416249e-02 0.0000000e+00 
1.0020565e-01 2.1839065e-02 0.0000000e+00 
1.0201936e-01 1.6846424e-02 0.0000000e+00 
9.6730821e-02 1.7456470e-02 0.0000000e+00 
9.9760585e-02 1.2983797e-02 0.0000000e+00 
9.5981769e-02 1.1970325e-02 0.0000000e+00 
9.1670245e-02 1.4431613e-02 0.0000000e+00 
9.2798121e-02 9.5445169e-03 0.0000000e+00 
8.7890625e-02 1.0172039e-02 0.0000000e+00 
9.0186030e-02 6.2284223e-03 0.0000000e+00 
8.5903376e-02 4.8410096e-03 0.0000000e+00 
8.9804254e-02 2.2506115e-03 0.0000000e+00 
8.6205237e-02 -5.9691817e-04 0.0000000e+00 
9.0505250e-02 -1.3712932e-03 0.0000000e+00 
8.8488370e-02 -5.0837002e-03 0.0000000e+00 
9.2472628e-02 -4.2461297e-03 0.0000000e+00 
9.5851079e-02 7.9558063e-03 0.0000000e+00 
9.1807373e-02 -8.0523044e-03 0.0000000e+00 
8.6647958e-02 -1.0374497e-02 0.0000000e+00 
9.2493616e-02 -1.2408661e-02 0.0000000e+00 
8.8464603e-02 -1.7886516e-02 0.0000000e+00 
1.3668775e-02 -2.2760995e-02 0.0000000e+00 
9.4982326e-02 -1.7119220e-02 0.0000000e+00 
9.3361117e-02 -2.3330247e-02 0.0000000e+00 
9.2975959e-02 1.4228346e-03 0.0000000e+00 
9.4875857e-02 -6.0754265e-03 0.0000000e+00 
9.9109694e-02 -2.0800011e-02 0.0000000e+00 
9.9239372e-02 -2.7380152e-02 0.0000000e+00 
4.3622799e-02 -4.4728581e-02 0.0000000e+00 
1.0450316e-01 -2.3005178e-02 0.0000000e+00 
1.0651057e-01 -2.9380372e-02 0.0000000e+00 
6.7511342e-02 -1.3780595e-02 0.0000000e+00 
6.1391305e-02 -3.4594279e-02 0.0000000e+00 
9.9449687e-02 -1.5549712e-02 0.0000000e+00 
9.7482331e-02 2.8723255e-02 0.0000000e+00 
8.1619196e-02 -1.5022120e-02 0.0000000e+00 
1.0617919e-01 1.5239164e-02 0.0000000e+00 
8.1041448e-02 9.6267406e-03 0.0000000e+00 
1.1061555e-01 -2.3022328e-02 0.0000000e+00 
1.1475328e-01 -2.9582188e-02 0.0000000e+00 
1.0800828e-01 -1.8170098e-02 0.0000000e+00 
9.2331588e-02 -3.1661604e-02 0.0000000e+00 
9.5201224e-02 -3.2790371e-03 0.0000000e+00 
9.7226590e-02 -4.6476009e-03 0.0000000e+00 
9.7205497e-02 -2.3589656e-03 0.0000000e+00 
9.8538689e-02 -3.1155590e-03 0.0000000e+00 
1.2938377e-01 1.7399931e-02 0.0000000e+00 
1.3364844e-01 1.4594460e-02 0.0000000e+00 
1.1683454e-01 -2.1681851e-02 0.0000000e+00 
1.2185631e-01 -2.5852483e-02 0.0000000e+00 
1.2157633e-01 -3.2981928e-02 0.0000000e+00 
1.2865661e-01 -2.9390763e-02 0.0000000e+00 
1.2679303e-01 -2.1829791e-02 0.0000000e+00 
1.3310789e-01 -2.2903521e-02 0.0000000e+00 
1.3628170e-01 -2.8733021e-02 0.0000000e+00 
3.3767235e-02 3.7233459e-03 0.0000000e+00 
1.3039052e-01 -1.7273050e-02 0.0000000e+00 
1.3923693e-01 -2.1729006e-02 0.0000000e+00 
1.4149566e-01 -2.5042206e-02 0.0000000e+00 
1.1468133e-01 1.9496119e-02 0.0000000e+00 
1.1303705e-01 3.8315903e-02 0.0000000e+00 
2.2869593e-02 -6.1651766e-03 0.0000000e+00 
9.9996626e-02 4.9691848e-06 0.0000000e+00 
9.9998057e-02 2.8248005e-06 0.0000000e+00 
8.0008924e-02 -9.7132940e-03 0.0000000e+00 
9.8652817e-02 -1.7389399e-03 0.0000000e+00 
1.1169250e-01 -1.4812913e-03 0.0000000e+00 
1.4323014e-01 -1.8492280e-02 0.0000000e+00 
1.4088935e-01 -1.5573996e-02 0.0000000e+00 
1.4023073e-01 -1.7033111e-02 0.0000000e+00 
9.9175900e-02 -4.9809162e-03 0.0000000e+00 
1.3745634e-01 -3.2961059e-02 0.0000000e+00 
9.9604063e-02 -5.2530714e-04 0.0000000e+00 
9.9997565e-02 1.1319697e-06 0.0000000e+00 
1.3805632e-01 2.4605723e-02 0.0000000e+00 
1.3668405e-01 3.3263028e-02 0.0000000e+00 
9.9884421e-02 -1.6281540e-04 0.0000000e+00 
1.2738797e-01 2.5897648e-02 0.0000000e+00 
1.2411258e-01 1.6009010e-02 0.0000000e+00 
1.2933332e-01 1.2254493e-02 0.0000000e+00 
9.9990241e-02 -1.7663428e-05 0.0000000e+00 
1.4157689e-01 -4.2184461e-03 0.0000000e+00 
1.4287035e-01 -1.2577561e-02 0.0000000e+00 
1.3234328e-01 -8.5556675e-03 0.0000000e+00 
1.3713084e-01 -5.6151925e-03 0.0000000e+00 
1.1888215e-01 -3.0820194e-04 0.0000000e+00 
9.9969342e-02 -6.2110950e-05 0.0000000e+00 
9.8559000e-02 -1.6724755e-03 0.0000000e+00 
9.7789288e-02 -6.9120928e-04 0.0000000e+00 
1.2502266e-01 -1.6471123e-02 0.0000000e+00 
1.2845197e-01 -1.2301295e-02 0.0000000e+00 
9.9828623e-02 -3.1425850e-03 0.0000000e+00 
1.2476701e-01 1.4079766e-02 0.0000000e+00 
9.9998906e-02 1.6032158e-06 0.0000000e+00 
1.2513301e-01 -1.0989155e-02 0.0000000e+00 
9.9999726e-02 4.4198091e-06 0.0000000e+00 
9.9999636e-02 7.7018458e-06 0.0000000e+00 
9.9997327e-02 -5.8189239e-06 0.0000000e+00 
9.9998526e-02 -3.1476325e-06 0.0000000e+00 
1.2713331e-01 3.6864944e-02 0.0000000e+00 
1.3173176e-01 4.0844832e-02 0.0000000e+00 
1.2320186e-01 4.7047202e-02 0.0000000e+00 
9.9997737e-02 -1.4662189e-06 0.0000000e+00 
9.9999249e-02 -1.7186071e-06 0.0000000e+00 
1.2681565e-01 8.9800224e-04 0.0000000e+00 
1.0301238e-01 5.3129909e-03 0.0000000e+00 
8.6892627e-02 4.7571179e-03 0.0000000e+00 
7.0596747e-02 7.8830486e-03 0.0000000e+00 
5.0631911e-02 6.9754962e-03 0.0000000e+00 
4.0247776e-02 6.4981109e-03 0.0000000e+00 
5.8981735e-02 8.4340610e-03 0.0000000e+00 
3.2439038e-02 5.6515210e-03 0.0000000e+00 
1.0095066e-01 -4.3642316e-03 0.0000000e+00 
1.0102987e-01 -6.8204743e-03 0.0000000e+00 
1.0000272e-01 5.2449609e-06 0.0000000e+00 
4.9598239e-02 8.5186157e-03 0.0000000e+00 
2.6302965e-02 5.3030932e-03 0.0000000e+00 
1.3133430e-02 1.7231520e-03 0.0000000e+00 
9.6502295e-03 2.0087732e-03 0.0000000e+00 
9.9998638e-02 -7.7116397e-07 0.0000000e+00 
6.2809855e-02 5.6670005e-03 0.0000000e+00 
1.2533110e-01 9.3058180e-03 0.0000000e+00 
1.3397348e-01 9.3729859e-03 0.0000000e+00 
1.3351089e-01 -1.2340936e-02 0.0000000e+00 
9.9999458e-02 -9.7816201e-07 0.0000000e+00 
1.3091221e-01 -8.3947480e-03 0.0000000e+00 
9.8948643e-02 -6.2690221e-04 0.0000000e+00 
9.8645024e-02 2.2096063e-04 0.0000000e+00 
9.9385880e-02 -1.1197447e-03 0.0000000e+00 
9.7085759e-02 8.7884476e-04 0.0000000e+00 
9.8564319e-02 1.3954969e-03 0.0000000e+00 
9.7605132e-02 2.7006944e-03 0.0000000e+00 
9.9031486e-02 2.4210028e-03 0.0000000e+00 
9.8583765e-02 4.4616340e-03 0.0000000e+00 
9.9948063e-02 3.2071474e-03 0.0000000e+00 
1.0045108e-01 5.0723255e-03 0.0000000e+00 
9.9841252e-02 1.8651335e-03 0.0000000e+00 
1.9054598e-03 -8.8668225e-04 0.0000000e+00 
-2.4176524e-04 1.3731055e-04 0.0000000e+00 
7.8533851e-03 2.9593201e-03 0.0000000e+00 
-3.2918584e-03 -1.1988278e-03 0.0000000e+00 
-4.9520452e-03 -1.7412005e-04 0.0000000e+00 
9.9998578e-02 6.4473721e-07 0.0000000e+00 
1.0121892e-01 3.3273601e-03 0.0000000e+00 
1.2633912e-01 -8.1310077e-03 0.0000000e+00 
-4.8691942e-03 3.0777534e-05 0.0000000e+00 
-5.2002869e-03 1.2191879e-04 0.0000000e+00 
-3.3861974e-03 1.1105593e-03 0.0000000e+00 
-8.2956330e-04 -3.3046468e-04 0.0000000e+00 
2.0640285e-03 5.4362329e-04 0.0000000e+00 
1.0521770e-01 2.3608575e-02 0.0000000e+00 
1.4373560e-01 -8.0746636e-03 0.0000000e+00 
1.2448653e-01 4.5794848e-02 0.0000000e+00 
1.1599209e-01 5.3036429e-02 0.0000000e+00 
1.3491002e-01 -8.0916304e-03 0.0000000e+00 
1.4078872e-01 1.2021533e-02 0.0000000e+00 
1.4198019e-01 7.7556651e-03 0.0000000e+00 
9.9354617e-02 5.9152022e-04 0.0000000e+00 
1.1540493e-01 2.9292752e-03 0.0000000e+00 
8.5524760e-02 -4.3120752e-03 0.0000000e+00 
8.2863264e-02 -6.3653393e-03 0.0000000e+00 
5.4499570e-02 -6.9821719e-03 0.0000000e+00 
8.7877564e-02 -7.4910483e-04 0.0000000e+00 
-5.3869397e-03 1.0766192e-04 0.0000000e+00 
3.1216759e-02 6.3215792e-03 0.0000000e+00 
1.0000064e-01 -4.2689662e-06 0.0000000e+00 
1.0000125e-01 -8.5786442e-06 0.0000000e+00 
7.6367170e-02 9.9445479e-03 0.0000000e+00 
5.5617131e-02 -7.3940940e-03 0.0000000e+00 
3.0192815e-02 -5.2367109e-03 0.0000000e+00 
3.3430059e-02 -5.4421555e-03 0.0000000e+00 
1.4123533e-02 -1.7008580e-03 0.0000000e+00 
1.8988758e-02 -3.0743107e-03 0.0000000e+00 
3.7301391e-02 -6.6841827e-03 0.0000000e+00 
9.9999353e-02 8.4311210e-07 0.0000000e+00 
1.0000001e-01 1.4231192e-06 0.0000000e+00 
-1.2804595e-03 2.6109179e-03 0.0000000e+00 
1.0074571e-01 -2.6084522e-03 0.0000000e+00 
1.0009333e-01 -1.8647278e-03 0.0000000e+00 
1.3545540e-01 1.2053789e-02 0.0000000e+00 
1.7477854e-03 -2.7537898e-03 0.0000000e+00 
1.3582727e-01 -2.7071316e-02 0.0000000e+00 
1.3026631e-01 -3.3116452e-02 0.0000000e+00 
1.3154635e-01 -4.0915340e-02 0.0000000e+00 
1.2098434e-01 -4.1446418e-02 0.0000000e+00 
1.2290733e-01 -4.8650097e-02 0.0000000e+00 
1.2371017e-01 -2.2559643e-02 0.0000000e+00 
8.1853628e-02 -2.2975001e-02 0.0000000e+00 
7.4432164e-02 -1.9601287e-02 0.0000000e+00 
7.5141743e-02 -1.0986306e-02 0.0000000e+00 
6.6173479e-02 -1.3370547e-02 0.0000000e+00 
6.4381182e-02 -2.4620626e-02 0.0000000e+00 
5.3783029e-02 -1.6050149e-02 0.0000000e+00 
5.9514612e-02 -4.3745558e-03 0.0000000e+00 
4.5369759e-02 -2.7795427e-03 0.0000000e+00 
5.5936437e-02 7.6155551e-03 0.0000000e+00 
6.6705778e-02 3.5712062e-03 0.0000000e+00 
6.6278778e-02 1.3223276e-02 0.0000000e+00 
5.7474997e-02 2.0984074e-02 0.0000000e+00 
6.9286004e-02 2.2758273e-02 0.0000000e+00 
6.3841373e-02 3.3248153e-02 0.0000000e+00 
7.5477511e-02 3.0777153e-02 0.0000000e+00 
7.4463621e-02 4.1924026e-02 0.0000000e+00 
7.8930512e-02 2.2023046e-02 0.0000000e+00 
4.8230790e-02 3.1657085e-02 0.0000000e+00 
5.2076496e-02 -3.0819792e-02 0.0000000e+00 
6.6170581e-02 -3.7173517e-02 0.0000000e+00 
5.4571241e-02 -4.5538038e-02 0.0000000e+00 
7.2546318e-02 -4.8618641e-02 0.0000000e+00 
8.4227383e-02 3.6050811e-02 0.0000000e+00 
8.6748272e-02 4.5998875e-02 0.0000000e+00 
7.6123282e-02 5.3517018e-02 0.0000000e+00 
9.1996960e-02 5.5088464e-02 0.0000000e+00 
9.8188795e-02 4.6124022e-02 0.0000000e+00 
7.8287274e-02 -3.8540542e-02 0.0000000e+00 
8.6017042e-02 -4.6597604e-02 0.0000000e+00 
8.3830312e-02 -5.6158643e-02 0.0000000e+00 
9.6808508e-02 -5.1041134e-02 0.0000000e+00 
9.7230732e-02 -5.8204792e-02 0.0000000e+00 
1.0818455e-01 -5.1539484e-02 0.0000000e+00 
1.0411896e-01 -4.3797251e-02 0.0000000e+00 
2.8048076e-03 -1.6373429e-03 0.0000000e+00 
1.0268310e-01 4.9975723e-02 0.0000000e+00 
4.2403288e-02 4.3467671e-02 0.0000000e+00 
1.0000040e-01 -1.4568851e-06 0.0000000e+00 
1.1363257e-01 -4.3238670e-02 0.0000000e+00 
1.3947226e-01 2.3077556e-03 0.0000000e+00 
1.2651758e-01 -4.2442527e-02 0.0000000e+00 
8.1792459e-02 1.3109490e-02 0.0000000e+00 
9.9875174e-02 5.8377873e-02 0.0000000e+00 
3.0795548e-02 -4.0882286e-02 0.0000000e+00 
5.4124892e-02 -4.1893624e-02 0.0000000e+00 
1.7133109e-02 -4.3353015e-03 0.0000000e+00 
5.4489199e-02 2.4759655e-03 0.0000000e+00 
2.3367533e-03 1.1043884e-04 0.0000000e+00 
6.2920839e-02 -2.4007739e-02 0.0000000e+00 
-1.4768630e-03 -1.5096504e-03 0.0000000e+00 
1.8255297e-02 2.7118899e-02 0.0000000e+00 
1.0269925e-01 5.1079402e-03 0.0000000e+00 
1.0210776e-01 7.4826302e-03 0.0000000e+00 
1.0470908e-01 7.0263171e-03 0.0000000e+00 
4.9002681e-02 -1.5957227e-03 0.0000000e+00 
7.7755883e-02 -2.5921015e-03 0.0000000e+00 
2.2023960e-03 3.1188817e-03 0.0000000e+00 
1.3581169e-02 6.8160831e-03 0.0000000e+00 
1.0303057e-01 -5.1673255e-03 0.0000000e+00 
1.0386737e-01 -8.2155569e-03 0.0000000e+00 
1.0998712e-01 -2.3063435e-03 0.0000000e+00 
1.0383398e-01 3.6103062e-02 0.0000000e+00 
1.3307729e-02 -1.2723634e-02 0.0000000e+00 
1.0698687e-01 -7.1388967e-03 0.0000000e+00 
1.0502030e-01 -4.7824476e-02 0.0000000e+00 
1.0000157e-01 3.0611943e-06 0.0000000e+00 
5.9400652e-02 3.2406151e-02 0.0000000e+00 
1.2099072e-01 1.0893972e-02 0.0000000e+00 
8.0048554e-02 1.7336620e-03 0.0000000e+00 
8.3130263e-02 -4.8733307e-03 0.0000000e+00 
1.3825624e-01 8.3968062e-03 0.0000000e+00 
1.3967033e-01 4.7416287e-03 0.0000000e+00 
8.5154012e-02 1.6002238e-02 0.0000000e+00 
9.0018049e-02 2.1050423e-02 0.0000000e+00 
1.1530410e-01 5.6072874e-03 0.0000000e+00 
1.3682474e-01 -2.8333040e-03 0.0000000e+00 
1.0828160e-01 3.1626325e-03 0.0000000e+00 
1.1337879e-01 4.6762014e-03 0.0000000e+00 
1.0000496e-01 8.9975429e-06 0.0000000e+00 
9.9999703e-02 1.3501592e-05 0.0000000e+00 
1.0829945e-01 -3.2416761e-03 0.0000000e+00 
1.0103142e-01 -1.1060083e-02 0.0000000e+00 
1.0499151e-01 -1.1884072e-02 0.0000000e+00 
1.0728982e-01 -8.9958571e-03 0.0000000e+00 
9.7960778e-02 -7.9915728e-03 0.0000000e+00 
1.0924786e-01 -1.3084401e-02 0.0000000e+00 
1.1173760e-01 -8.7324809e-03 0.0000000e+00 
1.1477719e-01 -1.1929341e-02 0.0000000e+00 
1.3333659e-01 2.5135113e-03 0.0000000e+00 
1.3344926e-01 6.3188612e-03 0.0000000e+00 
1.2924357e-01 4.1784048e-03 0.0000000e+00 
1.2866399e-01 1.0066071e-02 0.0000000e+00 
1.2101520e-01 1.2255384e-02 0.0000000e+00 
1.2149946e-01 1.6814424e-02 0.0000000e+00 
1.1032212e-01 1.8926376e-02 0.0000000e+00 
1.1315341e-01 1.3056528e-02 0.0000000e+00 
1.0331401e-01 1.6987870e-02 0.0000000e+00 
1.0695694e-01 1.1528200e-02 0.0000000e+00 
1.1208575e-01 8.1492709e-03 0.0000000e+00 
1.3552701e-01 -1.1310313e-03 0.0000000e+00 
1.3641767e-01 -4.0886081e-03 0.0000000e+00 
1.3287494e-01 -6.6692354e-03 0.0000000e+00 
1.3651414e-01 -8.7565854e-03 0.0000000e+00 
1.3057889e-01 -1.2494566e-02 0.0000000e+00 
1.2832093e-01 -8.9472439e-03 0.0000000e+00 
1.2409420e-01 -1.4860485e-02 0.0000000e+00 
1.1998146e-01 -1.9004691e-02 0.0000000e+00 
1.1240431e-01 -2.0761104e-02 0.0000000e+00 
9.8009385e-02 -2.3123512e-02 0.0000000e+00 
1.1690359e-01 -1.5758777e-02 0.0000000e+00 
1.0434286e-01 -2.0003870e-02 0.0000000e+00 
1.1038306e-01 -1.4510497e-02 0.0000000e+00 
1.0554957e-01 -2.1018427e-02 0.0000000e+00 
9.8831564e-02 -1.6447622e-02 0.0000000e+00 
1.0490861e-01 -1.1743265e-02 0.0000000e+00 
1.3801326e-01 -8.6155831e-04 0.0000000e+00 
1.3581200e-01 6.3663733e-04 0.0000000e+00 
1.2778822e-01 -1.5513156e-02 0.0000000e+00 
1.3956262e-01 -3.8883758e-03 0.0000000e+00 
8.4120974e-02 -1.9736351e-02 0.0000000e+00 
1.3382171e-01 -1.1471329e-02 0.0000000e+00 
8.5282683e-02 -1.2456464e-02 0.0000000e+00 
6.7989260e-02 -2.0953393e-02 0.0000000e+00 
6.7012951e-02 -2.0919314e-02 0.0000000e+00 
4.2393323e-02 -1.5220764e-02 0.0000000e+00 
1.0597661e-01 5.2158229e-02 0.0000000e+00 
1.0847647e-01 7.4225571e-03 0.0000000e+00 
1.1343299e-01 9.6123954e-03 0.0000000e+00 
6.0188346e-02 4.5259785e-02 0.0000000e+00 
4.2881958e-02 1.4209721e-02 0.0000000e+00 
1.2854081e-01 -4.8778174e-03 0.0000000e+00 
1.2786801e-01 1.4731358e-02 0.0000000e+00 
1.1488080e-01 2.0734455e-02 0.0000000e+00 
1.0542823e-01 2.2127531e-02 0.0000000e+00 
8.8487789e-02 2.3204679e-02 0.0000000e+00 
1.0504758e-01 1.0378834e-02 0.0000000e+00 
1.0233793e-01 -1.3871972e-03 0.0000000e+00 
9.9854894e-02 1.9291075e-04 0.0000000e+00 
1.0243481e-01 1.3826467e-03 0.0000000e+00 
3.7092607e-02 -1.8011820e-02 0.0000000e+00 
1.2308990e-01 -5.4460685e-03 0.0000000e+00 
1.6983440e-02 2.4596422e-03 0.0000000e+00 
9.9941567e-02 -3.9262846e-04 0.0000000e+00 
1.0579830e-01 -5.6676357e-03 0.0000000e+00 
1.2993531e-01 3.5389964e-03 0.0000000e+00 
1.3274679e-04 -1.9128399e-03 0.0000000e+00 
1.0000702e-01 4.2940301e-06 0.0000000e+00 
7.3408864e-02 9.5790613e-04 0.0000000e+00 
1.9032907e-02 4.6265433e-03 0.0000000e+00 
5.5433914e-02 1.0949233e-02 0.0000000e+00 
5.4508239e-02 -6.4578964e-03 0.0000000e+00 
9.1929458e-02 -2.3271924e-02 0.0000000e+00 
1.1310952e-01 -4.3696035e-03 0.0000000e+00 
7.7277780e-02 5.9879825e-02 0.0000000e+00 
-2.1168669e-03 1.6954761e-03 0.0000000e+00 
1.1177140e-01 -2.7422203e-02 0.0000000e+00 
1.1059830e-01 -4.0263142e-03 0.0000000e+00 
1.0648294e-01 -2.9628577e-03 0.0000000e+00 
1.0350920e-01 -4.5033805e-03 0.0000000e+00 
1.0188026e-01 -2.7160933e-03 0.0000000e+00 
1.0056339e-01 -4.4860239e-03 0.0000000e+00 
1.0006112e-01 -2.6159766e-03 0.0000000e+00 
1.0141622e-01 -7.8057568e-03 0.0000000e+00 
9.7734787e-02 -6.1487365e-03 0.0000000e+00 
1.0637558e-01 -6.8911272e-03 0.0000000e+00 
1.0100575e-01 -1.5883627e-03 0.0000000e+00 
9.9988386e-02 -1.4773400e-03 0.0000000e+00 
1.3607644e-01 5.3312252e-03 0.0000000e+00 
1.0001351e-01 4.7329676e-04 0.0000000e+00 
1.0019862e-01 1.0423115e-03 0.0000000e+00 
9.5991865e-02 -9.9853869e-04 0.0000000e+00 
1.1298399e-01 -1.7038599e-02 0.0000000e+00 
1.1940390e-01 -1.5808986e-02 0.0000000e+00 
1.1912310e-01 -9.8343529e-03 0.0000000e+00 
1.1937459e-01 1.5795244e-02 0.0000000e+00 
7.3609903e-02 7.8121317e-03 0.0000000e+00 
1.4103864e-01 9.1446732e-04 0.0000000e+00 
1.1017457e-01 -5.5159155e-02 0.0000000e+00 
1.0053987e-01 -9.0488832e-04 0.0000000e+00 
9.9974625e-02 -8.1708003e-04 0.0000000e+00 
1.0029544e-01 -5.1319838e-04 0.0000000e+00 
9.9983938e-02 -4.4452507e-04 0.0000000e+00 
1.0016175e-01 -2.8083508e-04 0.0000000e+00 
1.0005143e-01 -3.9494122e-04 0.0000000e+00 
9.9313907e-02 -9.4053167e-04 0.0000000e+00 
9.8411940e-02 -3.5119946e-03 0.0000000e+00 
1.0020863e-01 -1.1952265e-04 0.0000000e+00 
1.0008167e-01 -1.4731880e-04 0.0000000e+00 
1.0005356e-01 -8.0484293e-05 0.0000000e+00 
9.9992774e-02 -1.2387450e-04 0.0000000e+00 
9.9582411e-02 7.1523925e-03 0.0000000e+00 
2.7112229e-02 1.7604580e-03 0.0000000e+00 
1.3429877e-01 3.3776008e-02 0.0000000e+00 
1.0101694e-01 -3.5275120e-02 0.0000000e+00 
1.1545920e-01 4.6121061e-02 0.0000000e+00 
9.9999860e-02 -3.7936496e-07 0.0000000e+00 
1.0375426e-01 1.9176783e-03 0.0000000e+00 
1.0333930e-01 4.4785799e-03 0.0000000e+00 
1.0183575e-01 2.6916920e-03 0.0000000e+00 
1.0070136e-01 4.2810584e-03 0.0000000e+00 
1.0025251e-01 2.4539598e-03 0.0000000e+00 
1.0157027e-01 7.1371510e-03 0.0000000e+00 
1.0624051e-01 7.1014757e-03 0.0000000e+00 
1.0101000e-01 1.5465430e-03 0.0000000e+00 
1.0017573e-01 1.3506648e-03 0.0000000e+00 
9.9345975e-02 1.7326635e-03 0.0000000e+00 
1.0067652e-01 -3.7977294e-04 0.0000000e+00 
9.9999793e-02 5.5692044e-07 0.0000000e+00 
1.0215068e-01 -1.1349838e-03 0.0000000e+00 
9.9999413e-02 1.2400063e-08 0.0000000e+00 
1.0000925e-01 1.5661366e-05 0.0000000e+00 
1.0000021e-01 2.3796762e-05 0.0000000e+00 
1.0001685e-01 2.7372776e-05 0.0000000e+00 
1.0000142e-01 4.1834748e-05 0.0000000e+00 
9.9983655e-02 2.8308978e-05 0.0000000e+00 
9.9972859e-02 5.0488339e-05 0.0000000e+00 
1.0000450e-01 7.3064926e-05 0.0000000e+00 
9.9955365e-02 9.0572845e-05 0.0000000e+00 
1.0001230e-01 1.2818658e-04 0.0000000e+00 
9.9928156e-02 1.6328687e-04 0.0000000e+00 
1.0003101e-01 2.2523895e-04 0.0000000e+00 
9.9886179e-02 2.9636946e-04 0.0000000e+00 
1.0006917e-01 3.9858255e-04 0.0000000e+00 
9.9818163e-02 5.3236558e-04 0.0000000e+00 
1.0012183e-01 7.2584039e-04 0.0000000e+00 
1.0033474e-01 4.4682351e-04 0.0000000e+00 
9.9794753e-02 1.5032536e-04 0.0000000e+00 
9.9960126e-02 2.3379500e-05 0.0000000e+00 
9.9990234e-02 1.5758880e-05 0.0000000e+00 
1.8875107e-02 3.9299857e-03 0.0000000e+00 
1.0002082e-01 -1.2043629e-05 0.0000000e+00 
1.0001703e-01 -2.7947499e-05 0.0000000e+00 
1.0000779e-01 -1.4588608e-05 0.0000000e+00 
1.0012157e-01 6.3693515e-05 0.0000000e+00 
1.0003947e-01 2.1155434e-05 0.0000000e+00 
1.0000347e-01 -2.0408286e-06 0.0000000e+00 
1.0001183e-01 -6.1649257e-06 0.0000000e+00 
9.9994779e-02 -9.8914907e-06 0.0000000e+00 
1.0000014e-01 -2.6056189e-06 0.0000000e+00 
1.0000080e-01 -6.8457155e-07 0.0000000e+00 
9.9982575e-02 -3.1451789e-05 0.0000000e+00 
1.0000104e-01 -4.6239682e-05 0.0000000e+00 
9.9994235e-02 8.8224888e-06 0.0000000e+00 
9.9999845e-02 2.5145021e-06 0.0000000e+00 
1.0000011e-01 -6.9173257e-07 0.0000000e+00 
9.6698880e-02 4.7062421e-03 0.0000000e+00 
9.5655359e-02 2.4550396e-03 0.0000000e+00 
9.9986844e-02 6.7087494e-06 0.0000000e+00 
1.0000148e-01 7.7864479e-07 0.0000000e+00 
1.0000077e-01 9.6188592e-07 0.0000000e+00 
1.0014905e-01 -9.3991437e-04 0.0000000e+00 
1.0214455e-01 1.1384638e-03 0.0000000e+00 
9.9996336e-02 -2.6005674e-07 0.0000000e+00 
9.9931411e-02 4.3108750e-05 0.0000000e+00 
6.2797487e-02 -5.5637218e-02 0.0000000e+00 
1.0605905e-01 3.5883866e-02 0.0000000e+00 
9.9997863e-02 -1.3065166e-07 0.0000000e+00 
3.8909812e-02 8.3201127e-03 0.0000000e+00 
2.2843910e-02 6.9662360e-03 0.0000000e+00 
-1.2923798e-03 2.5709569e-03 0.0000000e+00 
9.3800500e-02 3.7309974e-02 0.0000000e+00 
9.9646017e-02 2.8226071e-04 0.0000000e+00 
9.4590172e-02 5.9749330e-03 0.0000000e+00 
9.9999152e-02 -3.3577982e-07 0.0000000e+00 
9.9795789e-02 -2.8832359e-04 0.0000000e+00 
1.2197748e-01 3.8987633e-02 0.0000000e+00 
1.3763738e-01 -1.1715111e-02 0.0000000e+00 
9.9522196e-02 -9.5227442e-06 0.0000000e+00 
1.1144047e-01 -8.9372955e-03 0.0000000e+00 
1.2918082e-01 -3.8418991e-03 0.0000000e+00 
9.7462945e-02 -1.1781217e-02 0.0000000e+00 
8.6230943e-03 -2.1280965e-03 0.0000000e+00 
9.1676794e-02 9.8513979e-03 0.0000000e+00 
1.0000096e-01 1.7672918e-06 0.0000000e+00 
7.4526548e-02 -2.9057575e-02 0.0000000e+00 
9.4825752e-02 -9.4784619e-03 0.0000000e+00 
6.2936377e-03 3.2501112e-04 0.0000000e+00 
1.0002234e-01 1.2347147e-05 0.0000000e+00 
1.2447561e-01 4.0433351e-03 0.0000000e+00 
9.9866100e-02 -9.7574614e-04 0.0000000e+00 
1.0034779e-01 -5.5286539e-04 0.0000000e+00 
9.9863313e-02 9.6920819e-04 0.0000000e+00 
1.0050756e-01 1.8594024e-03 0.0000000e+00 
5.8252659e-02 4.7283499e-03 0.0000000e+00 
1.3224046e-01 -3.5367079e-02 0.0000000e+00 
9.9998370e-02 -2.3362070e-04 0.0000000e+00 
-1.6700039e-03 1.2429508e-03 0.0000000e+00 
1.0035100e-01 5.1893579e-04 0.0000000e+00 
1.0941721e-01 1.2505754e-02 0.0000000e+00 
1.0006814e-01 -3.4034667e-05 0.0000000e+00 
1.0000050e-01 5.0437512e-07 0.0000000e+00 
9.9226065e-02 1.3126549e-02 0.0000000e+00 
9.0781681e-02 2.0598976e-02 0.0000000e+00 
1.3734847e-01 6.9019091e-03 0.0000000e+00 
1.1184898e-01 -1.7864803e-02 0.0000000e+00 
8.1391439e-02 -1.9493166e-02 0.0000000e+00 
6.9937192e-02 -4.4866554e-03 0.0000000e+00 
9.0866350e-02 -5.6006067e-02 0.0000000e+00 
-3.1889186e-03 -8.0915069e-04 0.0000000e+00 
1.0000043e-01 -3.1414902e-07 0.0000000e+00 
1.0958274e-01 -3.6196869e-02 0.0000000e+00 
9.9999078e-02 2.4198928e-07 0.0000000e+00 
1.4341637e-01 -7.4625118e-03 0.0000000e+00 
1.0002968e-01 4.7328431e-05 0.0000000e+00 
1.2454727e-01 1.9438323e-02 0.0000000e+00 
1.0000408e-01 2.4710585e-06 0.0000000e+00 
9.9372603e-02 -2.0712907e-03 0.0000000e+00 
9.3431786e-02 4.9977885e-03 0.0000000e+00 
1.4391249e-01 5.6060823e-03 0.0000000e+00 
2.2266133e-02 -4.6428633e-03 0.0000000e+00 
1.3746895e-01 2.3478901e-03 0.0000000e+00 
9.9385232e-02 1.3924019e-03 0.0000000e+00 
1.3596523e-01 -1.6977819e-02 0.0000000e+00 
1.0071838e-01 3.5877313e-04 0.0000000e+00 
4.1494239e-02 -1.1387605e-02 0.0000000e+00 
1.1795659e-01 -9.8522455e-03 0.0000000e+00 
9.9921845e-02 -9.0192763e-05 0.0000000e+00 
8.3661102e-02 -3.0473424e-02 0.0000000e+00 
9.8514125e-02 -3.6066077e-03 0.0000000e+00 
1.0005326e-01 8.1593542e-05 0.0000000e+00 
9.6940473e-02 -1.2061568e-02 0.0000000e+00 
5.5967040e-02 5.3730547e-02 0.0000000e+00 
1.0344099e-01 1.2813726e-02 0.0000000e+00 
1.3835090e-01 1.6246390e-02 0.0000000e+00 
2.3862721e-02 -5.9019225e-03 0.0000000e+00 
1.4288875e-01 -3.2235093e-03 0.0000000e+00 
1.2248495e-01 1.6301544e-02 0.0000000e+00 
1.4380935e-01 -1.2987759e-02 0.0000000e+00 
8.8369429e-02 8.3569102e-03 0.0000000e+00 
7.6087318e-02 1.5263225e-02 0.0000000e+00 
8.5543431e-02 -1.7190743e-02 0.0000000e+00 
1.0324723e-01 -1.7854691e-02 0.0000000e+00 
8.9372816e-03 3.0299136e-03 0.0000000e+00 
1.1618499e-01 4.3810387e-03 0.0000000e+00 
7.9929180e-02 2.0433564e-02 0.0000000e+00 
8.4370144e-02 2.6810192e-02 0.0000000e+00 
9.1053925e-02 2.8607516e-02 0.0000000e+00 
1.0059767e-01 8.2738476e-04 0.0000000e+00 
4.2597875e-02 -8.5508022e-03 0.0000000e+00 
1.1948410e-01 2.0981358e-02 0.0000000e+00 
1.1399402e-01 1.4625269e-02 0.0000000e+00 
1.3294636e-01 5.5761077e-03 0.0000000e+00 
9.9672936e-02 9.5072034e-04 0.0000000e+00 
1.2517883e-01 -1.1451866e-02 0.0000000e+00 
1.0204379e-01 -3.1481467e-03 0.0000000e+00 
1.2366077e-01 -4.2568990e-03 0.0000000e+00 
5.7904262e-02 1.9030910e-02 0.0000000e+00 
9.9520855e-02 -4.7976268e-04 0.0000000e+00 
1.2929869e-01 7.4289679e-03 0.0000000e+00 
1.1059012e-01 3.7768891e-03 0.0000000e+00 
2.9578133e-02 2.3514699e-02 0.0000000e+00 
9.3686685e-02 -1.2443495e-03 0.0000000e+00 
1.0009787e-01 1.4216955e-04 0.0000000e+00 
1.1008278e-01 1.7599771e-02 0.0000000e+00 
1.4145985e-01 -2.9447840e-03 0.0000000e+00 
7.6486677e-02 -5.9012819e-02 0.0000000e+00 
1.0003188e-01 -4.7659443e-05 0.0000000e+00 
9.8873854e-02 9.9366333e-04 0.0000000e+00 
2.8827844e-02 -5.7989564e-03 0.0000000e+00 
-1.4263606e-03 -2.3008937e-03 0.0000000e+00 
1.1831466e-01 -4.8250522e-02 0.0000000e+00 
1.2883480e-01 3.8843278e-02 0.0000000e+00 
9.5366709e-02 -4.1751087e-02 0.0000000e+00 
1.3251765e-01 -5.1618968e-03 0.0000000e+00 
3.1778719e-02 -1.2511039e-02 0.0000000e+00 
1.2170500e-01 -1.9931998e-02 0.0000000e+00 
1.0751286e-01 4.4011120e-02 0.0000000e+00 
3.4131438e-02 -3.3290166e-02 0.0000000e+00 
9.9999972e-02 8.6226265e-07 0.0000000e+00 
1.0017833e-01 2.4476278e-04 0.0000000e+00 
6.0599424e-02 1.9784873e-02 0.0000000e+00 
9.8232247e-02 9.3913386e-03 0.0000000e+00 
-3.3931171e-03 1.0491275e-03 0.0000000e+00 
4.7144957e-02 -5.2396455e-03 0.0000000e+00 
1.2349116e-01 -1.1756109e-02 0.0000000e+00 
9.9999577e-02 -2.5337942e-05 0.0000000e+00 
6.3454565e-03 3.9679417e-03 0.0000000e+00 
7.7245831e-02 -4.5381645e-03 0.0000000e+00 
6.9481298e-02 -1.1477949e-02 0.0000000e+00 
1.1790916e-01 8.3488217e-03 0.0000000e+00 
1.0134811e-01 1.8932659e-03 0.0000000e+00 
4.0572017e-02 4.1601975e-02 0.0000000e+00 
1.2271678e-01 -1.0996277e-02 0.0000000e+00 
1.0037593e-01 1.8126168e-04 0.0000000e+00 
-3.3837836e-03 -7.1024377e-04 0.0000000e+00 
5.4718670e-03 -2.7011230e-03 0.0000000e+00 
6.4336909e-03 1.0611511e-04 0.0000000e+00 
1.1552180e-01 -7.9527888e-03 0.0000000e+00 
9.8024331e-02 1.8029447e-03 0.0000000e+00 
1.0055087e-01 -1.4715495e-03 0.0000000e+00 
9.4852768e-02 -3.8600776e-03 0.0000000e+00 
7.3391609e-02 8.6563395e-04 0.0000000e+00 
8.0825187e-02 -8.0797337e-03 0.0000000e+00 
9.9998690e-02 -1.4870811e-05 0.0000000e+00 
9.9701606e-02 6.7321467e-04 0.0000000e+00 
1.3397641e-01 1.4975754e-03 0.0000000e+00 
2.0062882e-02 5.0304784e-03 0.0000000e+00 
8.7268896e-02 -3.7773725e-02 0.0000000e+00 
1.3885719e-01 -6.4634713e-03 0.0000000e+00 
9.2694953e-02 1.1576470e-02 0.0000000e+00 
6.6326372e-02 1.0847420e-02 0.0000000e+00 
9.9998638e-02 -7.0304047e-08 0.0000000e+00 
5.6325268e-02 -8.2299486e-03 0.0000000e+00 
1.0007425e-01 -1.8261005e-04 0.0000000e+00 
9.8501600e-02 -3.2139845e-02 0.0000000e+00 
1.0007405e-01 1.6132077e-04 0.0000000e+00 
9.9016443e-02 3.2030037e-03 0.0000000e+00 
1.0294029e-01 1.3152671e-02 0.0000000e+00 
1.0109838e-01 1.0134268e-02 0.0000000e+00 
1.4135668e-01 -1.0859566e-02 0.0000000e+00 
9.4999284e-02 -1.3346399e-02 0.0000000e+00 
9.9999607e-02 -5.4136513e-07 0.0000000e+00 
8.2638234e-02 5.3151745e-02 0.0000000e+00 
8.5235305e-02 2.1153593e-02 0.0000000e+00 
-3.8522442e-03 -6.8173913e-04 0.0000000e+00 
1.0000069e-01 2.2333340e-07 0.0000000e+00 
1.4228775e-01 3.9933561e-03 0.0000000e+00 
1.0000572e-01 -6.9815542e-06 0.0000000e+00 
9.8324910e-02 9.1774808e-03 0.0000000e+00 
1.3871573e-01 -6.9635599e-03 0.0000000e+00 
1.0000025e-01 -1.5824293e-07 0.0000000e+00 
3.2348987e-02 1.0547125e-02 0.0000000e+00 
5.7838138e-02 -9.4001712e-03 0.0000000e+00 
1.0000645e-01 -7.4622396e-05 0.0000000e+00 
1.2385557e-02 -2.1479367e-03 0.0000000e+00 
1.2330693e-01 -1.4498652e-02 0.0000000e+00 
1.1690074e-01 1.1700951e-02 0.0000000e+00 
1.1313844e-01 -1.1888233e-02 0.0000000e+00 
1.1606860e-01 -3.6431167e-02 0.0000000e+00 
9.8654591e-02 5.6420928e-03 0.0000000e+00 
1.3385631e-01 1.0614336e-02 0.0000000e+00 
1.2091806e-01 -4.0088106e-02 0.0000000e+00 
1.3684170e-01 1.1817396e-02 0.0000000e+00 
1.2225889e-01 -7.7561182e-03 0.0000000e+00 
1.0715343e-02 -1.6305421e-03 0.0000000e+00 
1.0300093e-01 3.0274969e-03 0.0000000e+00 
6.1245549e-02 -1.6385131e-02 0.0000000e+00 
9.5286258e-02 2.2791104e-02 0.0000000e+00 
1.0402747e-01 8.9760451e-03 0.0000000e+00 
1.0060245e-01 1.1880157e-03 0.0000000e+00 
9.6726023e-02 -2.2750380e-03 0.0000000e+00 
1.0917563e-01 -6.2996810e-03 0.0000000e+00 
1.0126203e-01 -1.8791590e-03 0.0000000e+00 
1.0283592e-01 1.0074452e-02 0.0000000e+00 
1.0000307e-01 -4.4920503e-06 0.0000000e+00 
8.0835618e-02 -9.3709696e-03 0.0000000e+00 
3.2737991e-03 1.4897208e-03 0.0000000e+00 
1.2643018e-01 -3.6177021e-02 0.0000000e+00 
1.1800168e-01 8.6853681e-03 0.0000000e+00 
1.0546253e-01 -4.8903413e-03 0.0000000e+00 
1.3941742e-01 -2.6203296e-03 0.0000000e+00 
9.8044507e-02 2.2208799e-02 0.0000000e+00 
9.9105343e-02 2.2126557e-02 0.0000000e+00 
9.7676098e-02 -8.1369262e-03 0.0000000e+00 
1.3539702e-01 1.7188530e-02 0.0000000e+00 
1.2132826e-01 7.2343163e-03 0.0000000e+00 
1.2619576e-01 1.6456196e-02 0.0000000e+00 
8.8135317e-02 -2.5467014e-02 0.0000000e+00 
1.0358533e-01 7.1875360e-03 0.0000000e+00 
8.4681287e-02 2.2245799e-03 0.0000000e+00 
9.9690996e-02 -7.0891157e-04 0.0000000e+00 
7.0234105e-02 -1.9666201e-02 0.0000000e+00 
1.0535389e-01 4.4836905e-03 0.0000000e+00 
1.0000027e-01 8.8052116e-07 0.0000000e+00 
1.0298728e-01 -1.4305857e-02 0.0000000e+00 
1.0581759e-01 -1.5031072e-02 0.0000000e+00 
1.2588543e-01 5.9832581e-03 0.0000000e+00 
9.5006056e-02 6.4865197e-04 0.0000000e+00 
1.1706574e-01 7.8559518e-03 0.0000000e+00 
9.7434267e-02 6.3259564e-03 0.0000000e+00 
1.0000154e-01 -2.4485737e-06 0.0000000e+00 
1.3523909e-01 -4.9758498e-03 0.0000000e+00 
1.1611116e-02 6.3372529e-03 0.0000000e+00 
1.3862310e-01 -3.0587860e-03 0.0000000e+00 
1.3074844e-02 -5.3273146e-03 0.0000000e+00 
2.7435290e-02 -5.7550422e-03 0.0000000e+00 
1.3110113e-01 -2.7306338e-03 0.0000000e+00 
1.3487643e-01 -1.9751843e-02 0.0000000e+00 
PRESSURE 1 945  float
3.0041263e+00
0.0000000e+00
0.0000000e+00
3.0039165e+00
-4.1423783e+00
-4.2694802e+00
-4.6542172e+00
-5.2096505e+00
-5.8008456e+00
-6.4453077e+00
-7.0227985e+00
-7.2976961e+00
-7.1002746e+00
-6.0206413e+00
-4.1870861e+00
-1.5243956e+00
1.5391711e+00
4.5016422e+00
6.9869843e+00
8.7569246e+00
9.2953634e+00
8.7531729e+00
7.1020761e+00
4.5469632e+00
1.5009146e+00
-1.5151097e+00
-4.0999784e+00
-6.0314760e+00
-7.0035715e+00
-7.3712530e+00
-7.0157061e+00
-6.4129791e+00
-5.8082299e+00
-5.2298589e+00
-4.6293082e+00
-4.2543092e+00
2.9986236e+00
2.9405255e+00
2.8280172e+00
2.6344287e+00
2.3013620e+00
1.8695612e+00
1.2872492e+00
6.2645471e-01
-6.1286844e-02
-6.9706470e-01
-1.1231402e+00
-1.3616375e+00
-1.3730181e+00
-1.1991931e+00
-8.8358831e-01
-5.8101654e-01
-3.3685666e-01
-1.8890990e-01
-1.0438154e-01
-5.3407315e-02
-2.7593164e-02
-1.2956514e-02
-7.6368400e-03
-2.2481070e-03
-1.5138026e-03
-5.5235170e-04
-2.5545925e-04
-7.3396535e-05
-1.2989396e-05
2.1220454e-05
2.3160650e-05
2.0750398e-05
1.4176686e-05
9.0613112e-06
1.9928980e-06
0.0000000e+00
0.0000000e+00
0.0000000e+00
0.0000000e+00
0.0000000e+00
0.0000000e+00
0.0000000e+00
0.0000000e+00
0.0000000e+00
-3.8059588e-06
-1.0588189e-05
-1.2606780e-05
-1.9489929e-05
-3.2188666e-05
-3.5711757e-05
-1.5374480e-04
-2.1548472e-04
-3.4453091e-04
-7.5170340e-04
-1.8145648e-03
-3.6537838e-03
-7.1203406e-03
-1.4115116e-02
-2.7537011e-02
-5.3912483e-02
-1.0367774e-01
-1.9123235e-01
-3.3902696e-01
-5.7875335e-01
-8.9072716e-01
-1.1928353e+00
-1.3679782e+00
-1.3672332e+00
-1.1102915e+00
-6.7294210e-01
-5.9632648e-02
6.3123280e-01
1.2896122e+00
1.8693250e+00
2.3127975e+00
2.6354334e+00
2.8359885e+00
2.9435740e+00
2.9997370e+00
3.0225434e+00
3.0689080e+00
3.1242387e+00
3.1772544e+00
3.1968925e+00
3.1783917e+00
3.1271982e+00
3.0691116e+00
3.0227046e+00
8.5491667e+00
-4.3682414e-01
-7.4126011e-01
-1.6137373e-02
-3.6931314e-04
-4.3658911e-05
2.5723524e+00
-1.3222863e-01
2.5415761e+00
3.1947136e+00
-4.1396935e-03
-6.5594979e-02
-4.0296718e-06
-2.6902425e-04
-1.3545362e+00
2.9529353e-06
-1.4531277e+00
9.4252837e-01
9.6494102e-01
-1.0386846e+00
1.2589020e-05
-1.0242584e+00
3.1512227e+00
-2.6229484e-06
-1.8274223e-03
-9.9726871e-04
-1.6998626e-02
-1.4858215e-05
3.0976367e+00
2.9172280e+00
1.5869396e-06
2.9227731e+00
-5.2678211e-06
6.1639557e-06
3.0411632e+00
-1.3583524e+00
-1.6725541e+00
-1.6362312e+00
-1.9963493e+00
-2.0525408e+00
-2.4993021e+00
-2.3112991e+00
-2.9550724e+00
-2.5634954e+00
-3.2347741e+00
-2.7207339e+00
-3.1606023e+00
-2.6451366e+00
-2.9942009e+00
-2.4279385e+00
-2.7265108e+00
-2.0852370e+00
-2.4080627e+00
-1.7145575e+00
-1.4462795e+00
-1.0779976e+00
-2.0928721e+00
-8.8727593e-01
-5.0501978e-01
-5.3095345e+00
-4.4607577e+00
-3.6345655e-01
-7.9262279e-02
-2.5318027e+00
-2.1359911e+00
-7.5168438e-02
6.5701187e-04
-2.6752224e+00
-2.5162630e+00
-4.2266841e+00
6.4649016e-02
1.1017375e-01
9.7873703e-02
5.4488190e-02
5.5093762e-02
4.5414623e-02
3.6664803e-02
-3.0996442e+00
-2.9203203e+00
-2.4456201e+00
-3.3931108e+00
-3.2265120e+00
-3.6087964e+00
-3.3937376e+00
-3.7974937e+00
-3.4074447e+00
-3.7728703e+00
-2.9938009e+00
-3.2832675e+00
-3.5574045e+00
-5.7024493e+00
-4.8488584e+00
2.0016024e-02
1.9978888e-02
1.8385019e-02
1.3351522e-02
-2.9802778e+00
-3.1720314e+00
-4.2371204e-01
6.2896344e-03
6.0110167e-03
3.9326339e-03
3.2294705e-03
-3.4905128e+00
1.7379678e-03
1.5029261e-03
7.9508079e-04
6.0555874e-04
-3.1581924e+00
1.1991181e-04
3.3131373e-04
2.4501068e-04
1.8056385e-04
1.2910989e-05
6.3123531e-05
-3.8953185e+00
-3.2782395e+00
-6.7104349e+00
3.8188141e-02
-5.2268427e-02
-3.5237377e+00
-7.2926450e-01
-5.4530883e-06
2.1764152e-05
-3.4471655e-06
5.7582952e-06
2.3777862e-05
9.6360991e-06
1.2642083e-04
-2.0884924e+00
-2.5824640e+00
-5.3928693e-06
9.5716986e-04
-2.7594843e+00
7.5511346e-03
3.6000028e-02
-4.0148473e+00
-3.2494059e+00
-2.6202524e+00
-2.4017699e+00
-3.1603456e+00
-1.9844912e+00
-1.0134949e-01
-2.4985735e+00
-1.3640096e+00
-4.8432178e+00
-1.1233755e+00
-4.8098680e-01
-5.5214733e-01
2.5257868e-01
5.2115190e-01
1.0343921e+00
1.4880871e+00
5.2851548e+00
1.7513055e+00
2.3183002e+00
2.3539391e+00
2.8896039e+00
2.7920747e+00
3.3204310e+00
3.0629110e+00
3.4673481e+00
3.8596139e+00
3.8355319e+00
4.2594728e+00
4.0803289e+00
4.4755497e+00
4.1526442e+00
4.4620433e+00
4.0747666e+00
4.2436137e+00
3.8860059e+00
3.5150502e+00
3.9016731e+00
4.3439846e+00
3.8103402e+00
4.0894661e+00
7.4092679e+00
3.5095222e+00
3.5048149e+00
3.8457708e+00
3.6398618e+00
3.0091400e+00
2.8290217e+00
2.7706895e+00
2.4030967e+00
2.0285194e+00
-6.0167108e+00
-2.6299386e+00
3.0506043e+00
2.9762855e+00
4.7172031e+00
2.3588376e+00
4.8236542e+00
1.7378339e+00
1.1142491e+00
2.1071525e+00
3.3790717e+00
3.6343632e+00
3.4185643e+00
3.4412937e+00
3.2867222e+00
-4.2800713e-01
-9.5187962e-01
1.0689446e+00
3.5933399e-01
1.9496427e-01
-5.9632134e-01
-1.8018940e-01
-1.0254011e+00
-1.7085286e+00
-6.6736712e+00
-5.7696688e-01
-1.9087415e+00
-2.9394445e+00
1.3251175e+00
9.8811787e-01
-3.7851965e+00
2.1111691e-05
1.1038508e-05
-4.1147566e+00
2.1053586e-02
-4.4928117e+00
-2.7230170e+00
-2.0216684e+00
-3.7130582e+00
3.1846249e+00
-2.6742764e+00
3.7470744e-03
3.9899560e-06
-3.7192817e+00
-3.0500774e+00
8.2910783e-04
-4.4704113e+00
-4.7889714e+00
-3.9139700e-01
2.2796990e-05
-2.0362399e+00
-3.3587189e+00
-4.2098484e+00
-3.7482212e+00
-4.3894367e+00
4.6231589e-04
3.3044045e+00
3.3973420e+00
1.2830713e-01
-2.6361832e-01
3.1190329e+00
1.7694518e-01
7.2223456e-06
-4.6541939e+00
1.9233408e-05
2.7203869e-05
-5.9511738e-08
-1.8627259e-05
-3.7214146e+00
-2.2054105e+00
-2.4364088e+00
-1.2659169e-05
-1.2321759e-05
-3.9370172e+00
-4.3727918e+00
-4.9167299e+00
-4.6164641e+00
-5.0873957e+00
-4.7091026e+00
-4.3801184e+00
-4.4095984e+00
2.9754887e+00
2.9713440e+00
1.6121317e-05
-4.1444092e+00
-4.1427412e+00
-4.3608289e+00
-4.0918179e+00
-3.9340021e-06
-5.3877258e+00
1.3684033e-01
-9.7709388e-01
-9.3499392e-01
-6.4813912e-06
-5.8220977e-01
3.2836850e+00
3.3178880e+00
3.2180336e+00
3.4641683e+00
3.3121443e+00
3.3915844e+00
3.2389419e+00
3.2649636e+00
3.1094959e+00
3.0381694e+00
3.1314802e+00
-4.2503595e+00
-4.0004473e+00
-3.8330925e+00
-4.1240234e+00
-3.9272912e+00
2.6001355e-06
2.9404950e+00
2.2431877e-02
-4.0603428e+00
-3.9094687e+00
-4.1048918e+00
-3.9397674e+00
-4.1707797e+00
-5.2572155e+00
-3.0655341e+00
-1.0348734e+00
-7.8814059e-01
-1.1131146e+00
-1.9445920e+00
-2.1128459e+00
3.2394404e+00
-4.7520347e+00
-5.0408120e+00
-4.7234745e+00
-5.0831418e+00
-5.5000415e+00
-3.7003031e+00
-5.5995774e+00
-1.5921423e-05
7.8225876e-06
-4.0727310e+00
-4.6814251e+00
-4.9025397e+00
-4.5451474e+00
-4.6650658e+00
-4.3769059e+00
-4.2391472e+00
3.0006902e-06
8.1988546e-06
-4.3230162e+00
2.9940555e+00
3.0895238e+00
-4.1273685e+00
-3.4653003e+00
-3.7264822e+00
-3.8048484e+00
-2.3469062e+00
-3.4840019e+00
-1.7348689e+00
-4.7098188e+00
4.5338616e+00
5.2100954e+00
5.3131690e+00
5.9002314e+00
5.7879086e+00
6.6074858e+00
6.3916206e+00
7.1778183e+00
6.6000671e+00
5.9569411e+00
5.9286823e+00
6.3400865e+00
5.5354028e+00
5.5862255e+00
4.8319530e+00
4.4808712e+00
4.7909074e+00
6.5000210e+00
6.3218937e+00
5.2587519e+00
5.4275212e+00
4.2116408e+00
3.9760106e+00
3.2935576e+00
3.5166194e+00
2.1193454e+00
2.2400637e+00
4.3342357e+00
3.3261328e+00
2.6471999e+00
2.0435598e+00
8.6119813e-01
7.2989887e-01
1.7550832e+00
-4.5279412e+00
-2.5562234e+00
2.6440187e+00
-1.3645067e-05
6.9738334e-01
-3.0379736e+00
-1.0870044e+00
-3.5326233e+00
4.9034741e-02
5.4851165e+00
-1.1051961e-01
-6.3649421e+00
-6.6643033e+00
-5.2165117e+00
-4.6839361e+00
-4.2428880e+00
7.3594422e+00
2.7740221e+00
2.8552580e+00
2.5525320e+00
-6.6622791e+00
-6.1278753e+00
-2.9511919e+00
-3.2247145e+00
2.7444007e+00
2.6649170e+00
-4.9114232e+00
2.1243036e+00
8.3675108e+00
-4.0566964e+00
-2.8938386e+00
1.3257057e-05
-2.7338629e+00
6.8329072e-01
4.9610052e+00
4.6955261e+00
-1.5617323e+00
-1.7859818e+00
4.4071922e+00
3.8963792e+00
-3.9820056e+00
-1.4167516e+00
2.1747479e+00
1.5956414e+00
1.3145891e-05
3.7908059e-05
2.1767833e+00
2.9433260e+00
2.4955559e+00
2.2650597e+00
3.3000839e+00
2.0148926e+00
1.7826798e+00
1.3954599e+00
-1.3712869e+00
-1.4440732e+00
-1.1226965e+00
-1.1573756e+00
-7.4138659e-01
-1.0960436e+00
-6.1204427e-01
-4.5227414e-01
-3.0161455e-01
-2.3208405e-01
-3.2178280e-01
-1.4646734e+00
-1.6348165e+00
-1.3907276e+00
-1.8718849e+00
-1.4732889e+00
-1.1263447e+00
-1.0872613e+00
-1.4628931e+00
-9.6999651e-01
-1.3749716e+00
-6.7589217e-01
-4.7884592e-01
-3.8436764e-01
-1.9691927e+00
-1.9054744e-01
-1.7867680e-01
-1.6819720e+00
-1.3810277e+00
-2.0301397e+00
-2.0201261e+00
-2.8982377e-01
-2.2992687e+00
2.1661736e-02
-1.8606246e+00
-1.1470249e+00
-1.4347827e+00
9.5817757e-01
2.1326067e+00
1.5911257e+00
5.1681938e+00
7.2124419e+00
-2.7451867e-01
-1.4615039e+00
-1.5294816e+00
-1.0270540e+00
-1.4627643e+00
2.5229318e+00
2.7934024e+00
3.1956661e+00
2.7783966e+00
7.3930769e+00
-7.6243359e-01
-4.6850715e+00
3.1528168e+00
2.4355876e+00
-4.6131852e-01
-4.8166680e+00
1.1833806e-05
-6.1437879e+00
-6.3279753e+00
-6.1628890e+00
-5.5300498e+00
-8.1948209e-01
1.6450504e+00
1.6149527e+00
-3.3807173e+00
-4.9556341e+00
-2.4278700e-01
-1.3331628e-01
-6.5967090e-02
-2.6873998e-02
-1.5740851e-02
7.7624858e-04
-3.5442226e-02
1.8174382e-02
-1.3862056e-01
-1.5098128e-02
1.0007059e-03
-1.3002079e+00
3.0948715e+00
3.0524907e+00
3.5742795e+00
1.5717010e+00
8.2590598e-01
9.0516269e-01
8.2453465e-01
5.4492483e+00
-2.0309489e+00
-8.2735425e-01
-6.0194759e-03
1.9182154e-03
-3.2142198e-03
6.3748856e-04
-1.4843058e-03
3.0410686e+00
5.8844583e-03
2.3125062e-02
-2.1412212e-03
-8.4468216e-04
-3.0787895e-04
8.4742664e-05
3.1379776e+00
7.9966750e+00
-1.6160678e+00
2.3992910e+00
2.7364865e-01
-1.4672561e-07
-6.4493686e-02
-6.0876839e-02
-2.9714053e-02
-1.6611921e-02
-5.0115478e-03
-5.3574141e-02
-1.4717546e-01
-1.4004016e-02
-1.3087842e-03
1.0982862e-02
-8.4753558e-03
8.9630680e-07
-3.4039289e-02
1.4094716e-06
-1.5663953e-07
5.1341216e-05
-4.0340143e-05
8.4168933e-05
1.3595837e-04
2.5163617e-04
1.1123174e-04
4.7680142e-04
1.1349953e-04
8.5887808e-04
-7.7248442e-05
1.4887337e-03
-5.1774719e-04
2.8085285e-03
-1.2774349e-03
-3.9070020e-03
2.0009172e-03
2.1769557e-04
7.7965480e-05
-5.1350875e+00
-1.7590598e-04
-1.7605419e-04
-6.9516289e-05
-8.2477235e-04
-1.4118360e-04
-3.3340057e-05
-7.0694368e-05
-1.8867475e-05
-1.0332930e-05
-1.4201813e-05
3.1649288e-05
-2.3132181e-04
4.0669736e-05
1.3223864e-05
-4.6625951e-06
3.4831052e+00
3.6019413e+00
5.3225594e-05
1.0006388e-05
7.6717088e-06
3.0564280e+00
-3.2957118e-02
3.3087076e-07
4.7256504e-04
3.7032404e+00
-4.2592635e+00
-3.1421330e-06
-3.8838532e+00
-3.6246235e+00
-4.4469247e+00
3.0753608e+00
3.8349624e-03
5.8667980e-02
-2.8876291e-06
1.6618612e-03
-1.3792433e-01
-1.5009077e+00
3.2382252e+00
-3.0334201e-01
-1.1105812e+00
-3.5309900e-02
-3.9911754e+00
4.0453531e-02
9.8942519e-06
4.9635334e+00
3.6124108e+00
-4.4246998e+00
-4.8117974e-05
2.6094845e-01
3.1409917e+00
2.9894531e+00
3.1389124e+00
3.0184274e+00
-5.9863763e+00
-1.4329143e+00
1.9935693e-04
-3.7193520e+00
2.9883909e+00
2.0058453e+00
-4.3905180e-04
1.5642802e-06
-8.8800095e-02
-3.2468694e-01
-1.8231878e+00
-2.4650300e+00
-2.5036743e+00
5.6943407e+00
-9.0646982e-01
-3.7151966e+00
-5.1701545e-06
1.4817860e+00
-1.2999632e-06
-2.3401506e+00
-1.1978861e-04
1.6036101e-01
1.6324284e-05
3.1936648e+00
3.8090975e+00
-2.6548142e+00
-4.0888186e+00
-1.5290028e+00
3.2096748e+00
-1.3153363e+00
-8.2155466e-03
-8.8605160e-01
-5.7252580e-01
3.1212781e-04
4.2152519e+00
-5.4495468e+00
-3.5090762e-04
3.3761044e+00
4.0947094e+00
-5.5274391e+00
-1.6012677e+00
-1.4514999e+00
-3.0048680e+00
-2.2341428e+00
-2.6088288e+00
-4.2644629e+00
5.1663899e+00
-2.9384208e+00
2.6383111e+00
-5.7576666e+00
-4.3192649e-01
-2.1203310e+00
4.2680569e+00
3.6381900e+00
-7.3997159e-03
-3.9456923e+00
7.3423606e-01
1.4718872e+00
-8.4337318e-01
5.4528774e-03
-2.9515297e+00
2.8335950e+00
3.7276042e-01
-1.8150313e+00
3.2201347e+00
-3.5350338e-01
-2.3292796e-01
7.5241466e+00
3.7803118e+00
-7.9206558e-04
1.8798844e+00
-2.4427612e+00
1.4083180e+00
-2.8670832e-04
1.4050361e-02
-5.3340154e+00
-4.3032064e+00
-3.5807955e-01
-1.1207913e+00
2.7637732e+00
-8.1179631e-01
-1.9838251e+00
4.8024753e-01
1.3610867e+00
6.8523383e+00
9.8907349e-06
-1.7727030e-03
-1.2415920e+00
3.2600636e+00
-4.1646819e+00
-6.0859652e+00
3.6664358e-01
-3.5750002e-06
-3.5601513e+00
5.1768909e+00
-8.0584772e-02
-4.8922210e+00
2.9041631e+00
6.1363945e+00
-8.2906425e-01
-3.5931664e-03
-4.1728206e+00
-3.7565033e+00
-4.8688436e+00
1.3472040e+00
2.3354063e-02
2.9972281e+00
6.5173805e-02
5.4486213e+00
-4.4000459e+00
-4.3431497e-05
3.1898477e+00
-3.5185447e+00
-3.9142630e+00
3.6220758e+00
-1.6643976e+00
-3.7012460e+00
-3.8774090e+00
-1.9107554e-06
-4.3644085e+00
3.0119789e+00
-4.6093364e+00
3.0113513e+00
1.3533359e-02
2.7365055e+00
2.9455659e+00
-2.0337348e+00
-5.8033605e+00
-4.4873309e-06
-9.0859288e-01
4.3775907e+00
-3.4772146e+00
1.5361345e-06
-2.2007413e+00
-7.3248259e-05
2.4700128e-03
-2.3243809e+00
-3.3660988e-06
-3.2409418e+00
-4.0893273e+00
-2.8736950e-04
-5.0448470e+00
-2.5573993e+00
1.1642884e+00
-5.2294712e+00
6.9481492e-01
1.8750031e-02
-1.6896824e+00
-6.2685095e-02
-1.3794563e+00
5.3382748e-01
-4.2177868e+00
2.7329242e+00
-2.8262858e+00
3.3216834e+00
-3.8802223e+00
2.9813659e+00
3.2884743e-02
2.0643697e+00
2.9116051e+00
-1.0617972e-01
-6.6122047e-05
4.8613720e+00
-4.6776371e+00
-5.7931727e-01
-5.5588138e-01
-4.3194036e+00
-1.7639955e+00
-6.5700477e-01
-1.7862561e+00
2.9795054e-02
-4.1096873e+00
6.4610034e-01
-1.8363707e+00
3.9691026e+00
-5.4156733e+00
-5.4183235e+00
3.1867154e+00
-6.7055875e-01
2.4764371e+00
1.0497898e-06
2.7248414e+00
2.3997304e+00
-3.5360827e+00
3.6571703e+00
1.1592458e+00
3.3664486e+00
-1.7951537e-05
-1.1983051e+00
-2.8354287e+00
-3.4709051e+00
-3.5062556e+00
-5.7924476e+00
-6.2064916e-01
-4.1356053e+00
CELL_DATA 1766
FIELD FieldData 0
