# vtk DataFile Version 4.0
vtk output
ASCII
DATASET UNSTRUCTURED_GRID
POINTS 945 float
0.0000000e+00 0.0000000e+00 0.0000000e+00 
2.0000000e+00 0.0000000e+00 0.0000000e+00 
2.0000000e+00 6.0000002e-01 0.0000000e+00 
0.0000000e+00 6.0000002e-01 0.0000000e+00 
5.6000000e-01 3.0000001e-01 0.0000000e+00 
5.5884713e-01 2.8829461e-01 0.0000000e+00 
5.5543280e-01 2.7703899e-01 0.0000000e+00 
5.4988819e-01 2.6666579e-01 0.0000000e+00 
5.4242641e-01 2.5757360e-01 0.0000000e+00 
5.3333420e-01 2.5011179e-01 0.0000000e+00 
5.2296102e-01 2.4456720e-01 0.0000000e+00 
5.1170540e-01 2.4115290e-01 0.0000000e+00 
5.0000000e-01 2.3999999e-01 0.0000000e+00 
4.8829460e-01 2.4115290e-01 0.0000000e+00 
4.7703901e-01 2.4456720e-01 0.0000000e+00 
4.6666580e-01 2.5011179e-01 0.0000000e+00 
4.5757359e-01 2.5757360e-01 0.0000000e+00 
4.5011181e-01 2.6666579e-01 0.0000000e+00 
4.4456720e-01 2.7703899e-01 0.0000000e+00 
4.4115290e-01 2.8829461e-01 0.0000000e+00 
4.4000000e-01 3.0000001e-01 0.0000000e+00 
4.4115290e-01 3.1170541e-01 0.0000000e+00 
4.4456720e-01 3.2296100e-01 0.0000000e+00 
4.5011181e-01 3.3333421e-01 0.0000000e+00 
4.5757359e-01 3.4242639e-01 0.0000000e+00 
4.6666580e-01 3.4988821e-01 0.0000000e+00 
4.7703901e-01 3.5543281e-01 0.0000000e+00 
4.8829460e-01 3.5884711e-01 0.0000000e+00 
5.0000000e-01 3.6000001e-01 0.0000000e+00 
5.1170540e-01 3.5884711e-01 0.0000000e+00 
5.2296102e-01 3.5543281e-01 0.0000000e+00 
5.3333420e-01 3.4988821e-01 0.0000000e+00 
5.4242641e-01 3.4242639e-01 0.0000000e+00 
5.4988819e-01 3.3333421e-01 0.0000000e+00 
5.5543280e-01 3.2296100e-01 0.0000000e+00 
5.5884713e-01 3.1170541e-01 0.0000000e+00 
5.9016321e-02 0.0000000e+00 0.0000000e+00 
1.1803260e-01 0.0000000e+00 0.0000000e+00 
1.7704900e-01 0.0000000e+00 0.0000000e+00 
2.3587100e-01 0.0000000e+00 0.0000000e+00 
2.9085249e-01 0.0000000e+00 0.0000000e+00 
3.4144861e-01 0.0000000e+00 0.0000000e+00 
3.8872591e-01 0.0000000e+00 0.0000000e+00 
4.3368599e-01 0.0000000e+00 0.0000000e+00 
4.7725680e-01 0.0000000e+00 0.0000000e+00 
5.2034539e-01 0.0000000e+00 0.0000000e+00 
5.6386721e-01 0.0000000e+00 0.0000000e+00 
6.0872579e-01 0.0000000e+00 0.0000000e+00 
6.5584701e-01 0.0000000e+00 0.0000000e+00 
7.0623368e-01 0.0000000e+00 0.0000000e+00 
7.6094180e-01 0.0000000e+00 0.0000000e+00 
8.1967372e-01 0.0000000e+00 0.0000000e+00 
8.7868989e-01 0.0000000e+00 0.0000000e+00 
9.3770629e-01 0.0000000e+00 0.0000000e+00 
9.9672258e-01 0.0000000e+00 0.0000000e+00 
1.0557390e+00 0.0000000e+00 0.0000000e+00 
1.1147550e+00 0.0000000e+00 0.0000000e+00 
1.1737720e+00 0.0000000e+00 0.0000000e+00 
1.2327880e+00 0.0000000e+00 0.0000000e+00 
1.2918040e+00 0.0000000e+00 0.0000000e+00 
1.3508210e+00 0.0000000e+00 0.0000000e+00 
1.4098370e+00 0.0000000e+00 0.0000000e+00 
1.4688530e+00 0.0000000e+00 0.0000000e+00 
1.5278690e+00 0.0000000e+00 0.0000000e+00 
1.5868860e+00 0.0000000e+00 0.0000000e+00 
1.6459020e+00 0.0000000e+00 0.0000000e+00 
1.7049180e+00 0.0000000e+00 0.0000000e+00 
1.7639350e+00 0.0000000e+00 0.0000000e+00 
1.8229510e+00 0.0000000e+00 0.0000000e+00 
1.8819669e+00 0.0000000e+00 0.0000000e+00 
1.9409840e+00 0.0000000e+00 0.0000000e+00 
2.0000000e+00 5.9999999e-02 0.0000000e+00 
2.0000000e+00 1.2000000e-01 0.0000000e+00 
2.0000000e+00 1.8000001e-01 0.0000000e+00 
2.0000000e+00 2.3999999e-01 0.0000000e+00 
2.0000000e+00 3.0000001e-01 0.0000000e+00 
2.0000000e+00 3.6000001e-01 0.0000000e+00 
2.0000000e+00 4.1999999e-01 0.0000000e+00 
2.0000000e+00 4.7999999e-01 0.0000000e+00 
2.0000000e+00 5.4000002e-01 0.0000000e+00 
1.9409840e+00 6.0000002e-01 0.0000000e+00 
1.8819669e+00 6.0000002e-01 0.0000000e+00 
1.8229510e+00 6.0000002e-01 0.0000000e+00 
1.7639350e+00 6.0000002e-01 0.0000000e+00 
1.7049180e+00 6.0000002e-01 0.0000000e+00 
1.6459020e+00 6.0000002e-01 0.0000000e+00 
1.5868860e+00 6.0000002e-01 0.0000000e+00 
1.5278690e+00 6.0000002e-01 0.0000000e+00 
1.4688530e+00 6.0000002e-01 0.0000000e+00 
1.4098370e+00 6.0000002e-01 0.0000000e+00 
1.3508210e+00 6.0000002e-01 0.0000000e+00 
1.2918040e+00 6.0000002e-01 0.0000000e+00 
1.2327880e+00 6.0000002e-01 0.0000000e+00 
1.1737720e+00 6.0000002e-01 0.0000000e+00 
1.1147550e+00 6.0000002e-01 0.0000000e+00 
1.0557390e+00 6.0000002e-01 0.0000000e+00 
9.9672258e-01 6.0000002e-01 0.0000000e+00 
9.3770629e-01 6.0000002e-01 0.0000000e+00 
8.7868989e-01 6.0000002e-01 0.0000000e+00 
8.1967372e-01 6.0000002e-01 0.0000000e+00 
7.6094180e-01 6.0000002e-01 0.0000000e+00 
7.0623368e-01 6.0000002e-01 0.0000000e+00 
6.5584701e-01 6.0000002e-01 0.0000000e+00 
6.0872579e-01 6.0000002e-01 0.0000000e+00 
5.6386721e-01 6.0000002e-01 0.0000000e+00 
5.2034539e-01 6.0000002e-01 0.0000000e+00 
4.7725680e-01 6.0000002e-01 0.0000000e+00 
4.3368599e-01 6.0000002e-01 0.0000000e+00 
3.8872591e-01 6.0000002e-01 0.0000000e+00 
3.4144861e-01 6.0000002e-01 0.0000000e+00 
2.9085249e-01 6.0000002e-01 0.0000000e+00 
2.3587100e-01 6.0000002e-01 0.0000000e+00 
1.7704900e-01 6.0000002e-01 0.0000000e+00 
1.1803260e-01 6.0000002e-01 0.0000000e+00 
5.9016321e-02 6.0000002e-01 0.0000000e+00 
0.0000000e+00 5.4000002e-01 0.0000000e+00 
0.0000000e+00 4.7999999e-01 0.0000000e+00 
0.0000000e+00 4.1999999e-01 0.0000000e+00 
0.0000000e+00 3.6000001e-01 0.0000000e+00 
0.0000000e+00 3.0000001e-01 0.0000000e+00 
0.0000000e+00 2.3999999e-01 0.0000000e+00 
0.0000000e+00 1.8000001e-01 0.0000000e+00 
0.0000000e+00 1.2000000e-01 0.0000000e+00 
0.0000000e+00 5.9999999e-02 0.0000000e+00 
4.3026751e-01 3.0683401e-01 0.0000000e+00 
8.4908241e-01 5.5269438e-01 0.0000000e+00 
7.8790653e-01 5.1802918e-02 0.0000000e+00 
1.1430219e+00 5.0576471e-02 0.0000000e+00 
1.4415160e+00 5.0573289e-02 0.0000000e+00 
1.6754100e+00 5.5038619e-01 0.0000000e+00 
2.6041579e-01 5.2875768e-02 0.0000000e+00 
9.6895182e-01 5.0380111e-02 0.0000000e+00 
2.6302171e-01 5.5612308e-01 0.0000000e+00 
5.5065349e-02 2.6500449e-01 0.0000000e+00 
1.2615570e+00 5.4759312e-01 0.0000000e+00 
1.0253479e+00 5.4886931e-01 0.0000000e+00 
1.6201590e+00 5.4130111e-02 0.0000000e+00 
1.4979730e+00 5.5115038e-01 0.0000000e+00 
6.7900127e-01 5.5979192e-01 0.0000000e+00 
1.9463980e+00 2.6800990e-01 0.0000000e+00 
6.3145077e-01 3.8099781e-02 0.0000000e+00 
4.1331020e-01 5.6811810e-01 0.0000000e+00 
4.1231820e-01 3.8809739e-02 0.0000000e+00 
5.4410732e-01 5.6000441e-01 0.0000000e+00 
1.7962800e+00 5.9606131e-02 0.0000000e+00 
5.4468262e-01 3.7558820e-02 0.0000000e+00 
4.9130220e-02 3.9247900e-01 0.0000000e+00 
1.9509200e+00 3.8997239e-01 0.0000000e+00 
1.3233820e+00 4.9667731e-02 0.0000000e+00 
1.3821890e+00 5.4839480e-01 0.0000000e+00 
1.1434870e+00 5.4837209e-01 0.0000000e+00 
1.7959980e+00 5.4855859e-01 0.0000000e+00 
4.9401909e-02 1.5067521e-01 0.0000000e+00 
1.4989950e-01 5.5529898e-01 0.0000000e+00 
1.9519399e+00 1.5339760e-01 0.0000000e+00 
1.4754079e-01 5.1025499e-02 0.0000000e+00 
1.9506550e+00 5.1069498e-01 0.0000000e+00 
1.9114760e+00 5.1109631e-02 0.0000000e+00 
4.9216151e-02 5.0927132e-01 0.0000000e+00 
5.8710063e-01 3.6655251e-02 0.0000000e+00 
6.0428280e-01 7.4787550e-02 0.0000000e+00 
6.4929068e-01 7.4443869e-02 0.0000000e+00 
6.2715179e-01 1.0633790e-01 0.0000000e+00 
5.9329480e-01 1.0799770e-01 0.0000000e+00 
6.0949302e-01 1.3488390e-01 0.0000000e+00 
6.4123279e-01 1.3555969e-01 0.0000000e+00 
6.2006623e-01 1.6328260e-01 0.0000000e+00 
6.5316749e-01 1.6381399e-01 0.0000000e+00 
6.3351321e-01 1.8958050e-01 0.0000000e+00 
6.6427898e-01 1.8941709e-01 0.0000000e+00 
6.4933020e-01 2.1180780e-01 0.0000000e+00 
6.7645937e-01 2.1359310e-01 0.0000000e+00 
6.6097301e-01 2.3410480e-01 0.0000000e+00 
6.8796802e-01 2.3757669e-01 0.0000000e+00 
6.7103261e-01 2.5876111e-01 0.0000000e+00 
6.9990993e-01 2.6214910e-01 0.0000000e+00 
6.8101048e-01 2.8387409e-01 0.0000000e+00 
7.1248281e-01 2.8716281e-01 0.0000000e+00 
7.2971261e-01 2.6349890e-01 0.0000000e+00 
7.4486363e-01 2.9076719e-01 0.0000000e+00 
6.9556361e-01 3.0985960e-01 0.0000000e+00 
7.6406652e-01 2.6318431e-01 0.0000000e+00 
7.8114778e-01 2.9619500e-01 0.0000000e+00 
5.5403137e-01 2.5565761e-01 0.0000000e+00 
5.6691158e-01 2.7902979e-01 0.0000000e+00 
8.0246252e-01 2.6402649e-01 0.0000000e+00 
8.2167560e-01 3.0103979e-01 0.0000000e+00 
5.7978672e-01 1.3316999e-01 0.0000000e+00 
6.9627529e-01 1.8651520e-01 0.0000000e+00 
8.4832448e-01 2.6130950e-01 0.0000000e+00 
8.6857778e-01 3.0716091e-01 0.0000000e+00 
6.6883779e-01 3.0851370e-01 0.0000000e+00 
6.8001598e-01 3.3176759e-01 0.0000000e+00 
5.6956083e-01 3.0685109e-01 0.0000000e+00 
8.9643359e-01 2.6652190e-01 0.0000000e+00 
9.1803229e-01 3.1445420e-01 0.0000000e+00 
9.4838840e-01 2.6944679e-01 0.0000000e+00 
9.7196358e-01 3.1528941e-01 0.0000000e+00 
1.0020620e+00 2.7188951e-01 0.0000000e+00 
1.0263140e+00 3.1974381e-01 0.0000000e+00 
1.0557370e+00 2.7577680e-01 0.0000000e+00 
6.5179992e-01 3.3081001e-01 0.0000000e+00 
6.6418201e-01 3.5163379e-01 0.0000000e+00 
6.8745148e-01 3.5866591e-01 0.0000000e+00 
6.4083183e-01 3.5175639e-01 0.0000000e+00 
6.5020132e-01 3.7057751e-01 0.0000000e+00 
6.2925631e-01 3.6861771e-01 0.0000000e+00 
6.3750827e-01 3.8906679e-01 0.0000000e+00 
6.1479098e-01 3.8505989e-01 0.0000000e+00 
6.2451601e-01 4.0700281e-01 0.0000000e+00 
6.0271370e-01 4.0461549e-01 0.0000000e+00 
6.4791143e-01 4.1049060e-01 0.0000000e+00 
6.1149168e-01 4.2533240e-01 0.0000000e+00 
5.8940130e-01 4.2314041e-01 0.0000000e+00 
5.4590571e-01 3.5405469e-01 0.0000000e+00 
5.5933821e-01 3.3214769e-01 0.0000000e+00 
1.0820900e+00 3.2265610e-01 0.0000000e+00 
1.1129040e+00 2.7988619e-01 0.0000000e+00 
1.1385900e+00 3.3131590e-01 0.0000000e+00 
1.1718310e+00 2.8342861e-01 0.0000000e+00 
5.9854919e-01 4.4447681e-01 0.0000000e+00 
5.7566178e-01 4.4153079e-01 0.0000000e+00 
8.0048358e-01 3.3398119e-01 0.0000000e+00 
1.1962050e+00 3.3624330e-01 0.0000000e+00 
1.2286429e+00 2.8668931e-01 0.0000000e+00 
1.2540359e+00 3.3862561e-01 0.0000000e+00 
1.2863950e+00 2.8994620e-01 0.0000000e+00 
6.1140192e-01 1.8628950e-01 0.0000000e+00 
1.3121480e+00 3.4238011e-01 0.0000000e+00 
1.3446890e+00 2.9366851e-01 0.0000000e+00 
1.3705840e+00 3.4558439e-01 0.0000000e+00 
1.4032860e+00 2.9774809e-01 0.0000000e+00 
6.4617378e-01 3.0788270e-01 0.0000000e+00 
1.4291511e+00 3.4956750e-01 0.0000000e+00 
1.4618640e+00 3.0163100e-01 0.0000000e+00 
1.4877310e+00 3.5457411e-01 0.0000000e+00 
1.5206050e+00 3.0603161e-01 0.0000000e+00 
1.5464530e+00 3.5889450e-01 0.0000000e+00 
1.5793800e+00 3.1008351e-01 0.0000000e+00 
5.6763572e-01 4.1851109e-01 0.0000000e+00 
5.5408603e-01 4.3793961e-01 0.0000000e+00 
5.2029008e-01 3.6688760e-01 0.0000000e+00 
9.4794089e-01 3.6647639e-01 0.0000000e+00 
8.7384099e-01 2.2074890e-01 0.0000000e+00 
6.3348472e-01 2.3041780e-01 0.0000000e+00 
7.8118002e-01 2.2578520e-01 0.0000000e+00 
1.6052290e+00 3.6304700e-01 0.0000000e+00 
1.6382140e+00 3.1413361e-01 0.0000000e+00 
1.6641290e+00 3.6722910e-01 0.0000000e+00 
1.6971480e+00 3.1819481e-01 0.0000000e+00 
1.6712240e+00 2.6505721e-01 0.0000000e+00 
1.7302210e+00 2.6912081e-01 0.0000000e+00 
1.5534170e+00 2.5684619e-01 0.0000000e+00 
6.7181969e-01 1.4093800e-01 0.0000000e+00 
5.8596748e-01 4.6394360e-01 0.0000000e+00 
1.7230920e+00 3.7133509e-01 0.0000000e+00 
1.3771909e+00 2.4454120e-01 0.0000000e+00 
6.2249678e-01 4.4700289e-01 0.0000000e+00 
1.2033920e+00 2.3449400e-01 0.0000000e+00 
1.0287880e+00 2.3015590e-01 0.0000000e+00 
5.4669750e-01 4.1895449e-01 0.0000000e+00 
5.3373671e-01 4.3515179e-01 0.0000000e+00 
5.4073101e-01 4.5481020e-01 0.0000000e+00 
5.1996583e-01 4.5137540e-01 0.0000000e+00 
5.1387292e-01 4.2921981e-01 0.0000000e+00 
4.9935541e-01 4.4742331e-01 0.0000000e+00 
4.5565760e-01 3.5403141e-01 0.0000000e+00 
4.9349809e-01 4.2846820e-01 0.0000000e+00 
4.7935709e-01 4.4358870e-01 0.0000000e+00 
4.7970989e-01 3.6688760e-01 0.0000000e+00 
4.8592600e-01 4.6396780e-01 0.0000000e+00 
4.6443069e-01 4.5930001e-01 0.0000000e+00 
4.5825541e-01 4.3536639e-01 0.0000000e+00 
4.4286779e-01 4.5335940e-01 0.0000000e+00 
4.3592349e-01 4.3169260e-01 0.0000000e+00 
4.2123440e-01 4.4813421e-01 0.0000000e+00 
4.1462469e-01 4.2622849e-01 0.0000000e+00 
4.3825611e-01 3.3387709e-01 0.0000000e+00 
3.9864141e-01 4.4291711e-01 0.0000000e+00 
3.9200109e-01 4.1997111e-01 0.0000000e+00 
3.7504819e-01 4.3754801e-01 0.0000000e+00 
3.6926591e-01 4.1456231e-01 0.0000000e+00 
3.5052001e-01 4.3156540e-01 0.0000000e+00 
3.4640020e-01 4.0321410e-01 0.0000000e+00 
3.2338160e-01 4.2558259e-01 0.0000000e+00 
3.1625420e-01 3.9745620e-01 0.0000000e+00 
3.3599329e-01 3.7658459e-01 0.0000000e+00 
3.0888751e-01 3.6996761e-01 0.0000000e+00 
3.2846531e-01 3.5015899e-01 0.0000000e+00 
3.0453789e-01 3.4228960e-01 0.0000000e+00 
3.2241219e-01 3.2376000e-01 0.0000000e+00 
2.9612821e-01 3.1610900e-01 0.0000000e+00 
3.1577420e-01 2.9729351e-01 0.0000000e+00 
2.8885421e-01 2.8886101e-01 0.0000000e+00 
3.0968001e-01 2.6928011e-01 0.0000000e+00 
2.8137040e-01 2.6060769e-01 0.0000000e+00 
2.8570160e-01 3.8790971e-01 0.0000000e+00 
3.0315241e-01 2.4067999e-01 0.0000000e+00 
3.3230671e-01 2.5245121e-01 0.0000000e+00 
3.2487640e-01 2.2290690e-01 0.0000000e+00 
3.5372531e-01 2.3027760e-01 0.0000000e+00 
4.3461740e-01 2.7961159e-01 0.0000000e+00 
3.4512779e-01 2.0528039e-01 0.0000000e+00 
3.6950600e-01 2.1069451e-01 0.0000000e+00 
2.6638910e-01 3.1392881e-01 0.0000000e+00 
2.7405229e-01 2.3109850e-01 0.0000000e+00 
3.6342499e-01 1.8842390e-01 0.0000000e+00 
3.8558939e-01 1.9589300e-01 0.0000000e+00 
4.4520050e-01 2.5469631e-01 0.0000000e+00 
3.8103029e-01 1.7263541e-01 0.0000000e+00 
4.0200421e-01 1.8057050e-01 0.0000000e+00 
4.9249741e-01 2.2787590e-01 0.0000000e+00 
4.6605590e-01 2.3826469e-01 0.0000000e+00 
3.3931601e-01 1.7988220e-01 0.0000000e+00 
3.8745371e-01 3.9799151e-01 0.0000000e+00 
3.5741779e-01 2.5419459e-01 0.0000000e+00 
3.5627639e-01 4.5751181e-01 0.0000000e+00 
3.4765261e-01 3.3191890e-01 0.0000000e+00 
3.9811629e-01 1.5518570e-01 0.0000000e+00 
4.2193061e-01 1.6662900e-01 0.0000000e+00 
3.7476501e-01 1.4610679e-01 0.0000000e+00 
3.9139041e-01 2.1633980e-01 0.0000000e+00 
2.5018540e-01 2.5338060e-01 0.0000000e+00 
2.4227400e-01 2.1673180e-01 0.0000000e+00 
2.1296521e-01 2.4632980e-01 0.0000000e+00 
2.0310380e-01 2.0643540e-01 0.0000000e+00 
4.7074649e-01 4.8204380e-01 0.0000000e+00 
4.9385741e-01 4.8678511e-01 0.0000000e+00 
4.1766569e-01 1.3875820e-01 0.0000000e+00 
4.3951231e-01 1.4885530e-01 0.0000000e+00 
4.4284999e-01 1.6929220e-01 0.0000000e+00 
4.6074921e-01 1.5907930e-01 0.0000000e+00 
4.5701310e-01 1.3411739e-01 0.0000000e+00 
4.7804150e-01 1.4308280e-01 0.0000000e+00 
4.8207700e-01 1.6432039e-01 0.0000000e+00 
5.2000839e-01 2.3249920e-01 0.0000000e+00 
4.7522539e-01 1.1890660e-01 0.0000000e+00 
4.9824399e-01 1.5124670e-01 0.0000000e+00 
5.0239080e-01 1.7379840e-01 0.0000000e+00 
4.0624869e-01 4.6688080e-01 0.0000000e+00 
4.2919409e-01 4.1243970e-01 0.0000000e+00 
6.2043011e-01 3.4884781e-01 0.0000000e+00 
1.7042540e+00 2.1590130e-01 0.0000000e+00 
1.7632940e+00 2.2000070e-01 0.0000000e+00 
5.9477502e-01 3.8850871e-01 0.0000000e+00 
1.1047130e+00 3.7971979e-01 0.0000000e+00 
5.5632508e-01 4.0331629e-01 0.0000000e+00 
5.1673311e-01 1.5979400e-01 0.0000000e+00 
5.1686460e-01 1.3875850e-01 0.0000000e+00 
5.2089018e-01 1.7866670e-01 0.0000000e+00 
2.3531640e-01 1.7608330e-01 0.0000000e+00 
4.8605490e-01 1.8340071e-01 0.0000000e+00 
1.2225550e+00 3.8796490e-01 0.0000000e+00 
1.7893510e+00 2.7321759e-01 0.0000000e+00 
5.0436419e-01 4.1349870e-01 0.0000000e+00 
4.8793069e-01 4.1161671e-01 0.0000000e+00 
1.3432890e+00 3.9487341e-01 0.0000000e+00 
4.9844569e-01 3.9902619e-01 0.0000000e+00 
5.1288861e-01 4.0051869e-01 0.0000000e+00 
4.7826111e-01 5.0721961e-01 0.0000000e+00 
1.5723439e+00 4.1086179e-01 0.0000000e+00 
5.6928509e-01 1.1216540e-01 0.0000000e+00 
5.3438342e-01 1.6713411e-01 0.0000000e+00 
5.3660733e-01 1.8530799e-01 0.0000000e+00 
5.5097228e-01 1.7492341e-01 0.0000000e+00 
5.5329382e-01 1.9238080e-01 0.0000000e+00 
1.4477730e+00 4.0997440e-01 0.0000000e+00 
1.7183121e-01 2.3577370e-01 0.0000000e+00 
1.8385801e-01 2.7833050e-01 0.0000000e+00 
4.5149651e-01 1.1040960e-01 0.0000000e+00 
4.7247219e-01 9.1955133e-02 0.0000000e+00 
1.9255680e-01 1.6331930e-01 0.0000000e+00 
4.5135620e-01 5.0161749e-01 0.0000000e+00 
1.8225530e+00 2.2401039e-01 0.0000000e+00 
5.2494282e-01 1.9506520e-01 0.0000000e+00 
1.7372680e+00 1.6678140e-01 0.0000000e+00 
1.6782570e+00 1.6271511e-01 0.0000000e+00 
1.6900350e+00 4.2038351e-01 0.0000000e+00 
1.7490560e+00 4.2454061e-01 0.0000000e+00 
4.8329440e-01 3.9614201e-01 0.0000000e+00 
4.7259709e-01 4.0761891e-01 0.0000000e+00 
4.6829471e-01 3.9267531e-01 0.0000000e+00 
1.7821480e+00 3.7544200e-01 0.0000000e+00 
1.8081650e+00 4.2873210e-01 0.0000000e+00 
5.6767190e-01 1.8248910e-01 0.0000000e+00 
5.6965590e-01 1.9964610e-01 0.0000000e+00 
5.5310482e-01 2.0997940e-01 0.0000000e+00 
5.7153863e-01 2.1648981e-01 0.0000000e+00 
5.5832732e-01 2.2570750e-01 0.0000000e+00 
5.7294083e-01 2.3188220e-01 0.0000000e+00 
5.8571517e-01 2.2277141e-01 0.0000000e+00 
5.8722973e-01 2.3849240e-01 0.0000000e+00 
2.2661661e-01 1.3415439e-01 0.0000000e+00 
2.6798990e-01 1.4730521e-01 0.0000000e+00 
1.7105891e+00 1.1396340e-01 0.0000000e+00 
5.9993339e-01 2.2935030e-01 0.0000000e+00 
6.0129720e-01 2.4530940e-01 0.0000000e+00 
5.8868867e-01 2.5420901e-01 0.0000000e+00 
6.0235012e-01 2.6110700e-01 0.0000000e+00 
1.8387530e+00 3.7525591e-01 0.0000000e+00 
5.4489303e-01 2.2099259e-01 0.0000000e+00 
4.5784310e-01 5.2955812e-01 0.0000000e+00 
5.1062381e-01 5.1103139e-01 0.0000000e+00 
4.9833831e-01 1.0296860e-01 0.0000000e+00 
1.8639690e+00 4.2541769e-01 0.0000000e+00 
4.9523690e-01 7.3985048e-02 0.0000000e+00 
1.3844220e-01 2.6736441e-01 0.0000000e+00 
1.5088230e-01 3.1097111e-01 0.0000000e+00 
1.2641050e-01 2.2494370e-01 0.0000000e+00 
2.0287590e-01 3.2045639e-01 0.0000000e+00 
1.6756350e-01 3.5410741e-01 0.0000000e+00 
2.1099889e-01 3.6507410e-01 0.0000000e+00 
1.8053800e-01 3.9719370e-01 0.0000000e+00 
2.2913329e-01 4.0715241e-01 0.0000000e+00 
1.9421770e-01 4.3993911e-01 0.0000000e+00 
2.3865750e-01 4.5007020e-01 0.0000000e+00 
1.4811151e-01 4.3034700e-01 0.0000000e+00 
5.9036589e-01 2.6973200e-01 0.0000000e+00 
6.0372931e-01 2.7649191e-01 0.0000000e+00 
6.1619169e-01 2.6624000e-01 0.0000000e+00 
5.9138829e-01 2.8492469e-01 0.0000000e+00 
6.0468042e-01 2.9163459e-01 0.0000000e+00 
1.8453060e+00 2.7996099e-01 0.0000000e+00 
2.0954210e-01 4.8537201e-01 0.0000000e+00 
4.6530190e-01 6.3733928e-02 0.0000000e+00 
5.9247959e-01 2.9992181e-01 0.0000000e+00 
6.0560697e-01 3.0666059e-01 0.0000000e+00 
5.9351093e-01 3.1494951e-01 0.0000000e+00 
6.0633099e-01 3.2174519e-01 0.0000000e+00 
5.9430778e-01 3.2937449e-01 0.0000000e+00 
4.9347320e-01 3.8454881e-01 0.0000000e+00 
5.5062449e-01 1.5674770e-01 0.0000000e+00 
4.5774269e-01 4.0380031e-01 0.0000000e+00 
4.5300320e-01 3.8926181e-01 0.0000000e+00 
5.2078158e-01 8.5589677e-02 0.0000000e+00 
5.2809721e-01 4.7261381e-01 0.0000000e+00 
5.4998982e-01 4.7740239e-01 0.0000000e+00 
1.1647230e-01 3.4303319e-01 0.0000000e+00 
5.4025501e-01 4.0216339e-01 0.0000000e+00 
5.4931629e-01 3.8893181e-01 0.0000000e+00 
5.6429678e-01 3.8917771e-01 0.0000000e+00 
5.5815691e-01 3.7613159e-01 0.0000000e+00 
5.3233409e-01 3.8730109e-01 0.0000000e+00 
6.1810511e-01 2.9840681e-01 0.0000000e+00 
5.4633558e-01 2.3408321e-01 0.0000000e+00 
1.7233150e+00 4.7115931e-01 0.0000000e+00 
1.6544410e+00 4.6960419e-01 0.0000000e+00 
5.9817278e-01 2.1342160e-01 0.0000000e+00 
5.7312608e-01 3.7630349e-01 0.0000000e+00 
5.6664068e-01 3.6344349e-01 0.0000000e+00 
5.8089459e-01 3.6333910e-01 0.0000000e+00 
5.7436389e-01 3.5058859e-01 0.0000000e+00 
5.8890998e-01 3.5140380e-01 0.0000000e+00 
5.9597099e-01 3.6360300e-01 0.0000000e+00 
1.8871840e+00 2.3216370e-01 0.0000000e+00 
1.8613670e+00 1.6699770e-01 0.0000000e+00 
5.8043772e-01 3.2325599e-01 0.0000000e+00 
1.8341640e-01 1.2044960e-01 0.0000000e+00 
1.4539170e-01 1.4803199e-01 0.0000000e+00 
5.2981251e-01 4.1606659e-01 0.0000000e+00 
6.3278657e-01 3.2098520e-01 0.0000000e+00 
4.9883649e-01 1.9035070e-01 0.0000000e+00 
4.8866749e-01 1.9995619e-01 0.0000000e+00 
4.7372600e-01 1.9428051e-01 0.0000000e+00 
4.7687241e-01 2.0988560e-01 0.0000000e+00 
4.6230760e-01 2.0519090e-01 0.0000000e+00 
5.0175709e-01 2.0284539e-01 0.0000000e+00 
3.7420979e-01 2.4249861e-01 0.0000000e+00 
3.7680081e-01 2.5999850e-01 0.0000000e+00 
3.6377189e-01 2.7359021e-01 0.0000000e+00 
3.8147151e-01 2.7786380e-01 0.0000000e+00 
3.9390230e-01 2.6630861e-01 0.0000000e+00 
3.9790910e-01 2.8215069e-01 0.0000000e+00 
3.8660839e-01 2.9399589e-01 0.0000000e+00 
4.0266559e-01 2.9749459e-01 0.0000000e+00 
3.9230630e-01 3.0959940e-01 0.0000000e+00 
3.7539089e-01 3.0645579e-01 0.0000000e+00 
3.8165531e-01 3.2178041e-01 0.0000000e+00 
3.9764741e-01 3.2483751e-01 0.0000000e+00 
3.8738471e-01 3.3702531e-01 0.0000000e+00 
4.0318671e-01 3.3988059e-01 0.0000000e+00 
3.9298999e-01 3.5206911e-01 0.0000000e+00 
4.0884519e-01 3.5489669e-01 0.0000000e+00 
3.7592891e-01 3.5095471e-01 0.0000000e+00 
4.1221961e-01 3.2815641e-01 0.0000000e+00 
4.0885890e-01 2.7070051e-01 0.0000000e+00 
4.0606499e-01 2.5576550e-01 0.0000000e+00 
4.2036530e-01 2.6073930e-01 0.0000000e+00 
4.1758421e-01 2.4588020e-01 0.0000000e+00 
3.9879280e-01 3.6719501e-01 0.0000000e+00 
4.1457930e-01 3.6959961e-01 0.0000000e+00 
4.2435291e-01 3.5784501e-01 0.0000000e+00 
4.3005049e-01 3.7181091e-01 0.0000000e+00 
4.2064139e-01 3.8399899e-01 0.0000000e+00 
4.0332180e-01 2.4100940e-01 0.0000000e+00 
4.1523230e-01 2.3128320e-01 0.0000000e+00 
4.2901969e-01 2.3581611e-01 0.0000000e+00 
4.2680249e-01 2.2116630e-01 0.0000000e+00 
4.4072181e-01 2.2622180e-01 0.0000000e+00 
4.3834931e-01 2.1132030e-01 0.0000000e+00 
4.2324290e-01 2.0628519e-01 0.0000000e+00 
5.7600939e-01 2.6372889e-01 0.0000000e+00 
4.6461701e-01 3.7602729e-01 0.0000000e+00 
4.4586849e-01 3.4520641e-01 0.0000000e+00 
1.8224460e+00 4.8960349e-01 0.0000000e+00 
4.3567330e-01 1.9562960e-01 0.0000000e+00 
5.9315038e-01 1.5660501e-01 0.0000000e+00 
4.5945361e-01 1.9019520e-01 0.0000000e+00 
6.2804931e-01 2.1075760e-01 0.0000000e+00 
4.4690049e-01 3.7500271e-01 0.0000000e+00 
4.3590689e-01 2.6693821e-01 0.0000000e+00 
4.5538360e-01 2.4537770e-01 0.0000000e+00 
5.3253782e-01 3.6093631e-01 0.0000000e+00 
5.0687999e-01 3.7203360e-01 0.0000000e+00 
5.5479759e-01 3.4289679e-01 0.0000000e+00 
4.7859880e-01 2.3292100e-01 0.0000000e+00 
5.6951690e-01 2.9091081e-01 0.0000000e+00 
4.3251589e-01 3.2153201e-01 0.0000000e+00 
2.5864059e-01 4.9322551e-01 0.0000000e+00 
2.8119770e-01 4.6436489e-01 0.0000000e+00 
2.9712620e-01 4.9769270e-01 0.0000000e+00 
5.0679362e-01 2.2942559e-01 0.0000000e+00 
5.1640040e-01 2.1935740e-01 0.0000000e+00 
6.5671778e-01 2.8741741e-01 0.0000000e+00 
6.4681822e-01 2.6546481e-01 0.0000000e+00 
2.6161829e-01 1.0442510e-01 0.0000000e+00 
2.9914159e-01 1.2133270e-01 0.0000000e+00 
5.3835911e-01 2.0090669e-01 0.0000000e+00 
4.1076070e-01 4.0288219e-01 0.0000000e+00 
4.2847160e-01 2.9058349e-01 0.0000000e+00 
5.8385968e-01 4.0419951e-01 0.0000000e+00 
4.6758640e-01 2.2237021e-01 0.0000000e+00 
1.7680900e+00 1.1666990e-01 0.0000000e+00 
4.6705061e-01 3.6164391e-01 0.0000000e+00 
4.2953780e-01 5.2015013e-01 0.0000000e+00 
3.4222049e-01 3.0633521e-01 0.0000000e+00 
3.3303869e-01 2.8045291e-01 0.0000000e+00 
5.3547281e-01 4.9663380e-01 0.0000000e+00 
5.6233060e-01 5.0093198e-01 0.0000000e+00 
3.5305610e-01 3.5562491e-01 0.0000000e+00 
3.6326250e-01 3.7681499e-01 0.0000000e+00 
5.8255208e-01 1.8968870e-01 0.0000000e+00 
5.6585908e-01 6.7596443e-02 0.0000000e+00 
3.1423870e-01 5.6071562e-01 0.0000000e+00 
3.6825681e-01 5.5769640e-01 0.0000000e+00 
1.6511329e+00 1.0926090e-01 0.0000000e+00 
1.6192470e+00 1.5863900e-01 0.0000000e+00 
3.1425080e-01 3.9930049e-02 0.0000000e+00 
3.1129351e-01 1.6085930e-01 0.0000000e+00 
3.3299991e-01 1.3328290e-01 0.0000000e+00 
3.3072019e-01 1.0009960e-01 0.0000000e+00 
2.7850899e-01 1.8997809e-01 0.0000000e+00 
3.6250210e-01 1.1719080e-01 0.0000000e+00 
3.6242679e-01 7.9823360e-02 0.0000000e+00 
3.9215559e-01 9.3917303e-02 0.0000000e+00 
6.7704421e-01 3.9422091e-02 0.0000000e+00 
6.9158012e-01 7.9496212e-02 0.0000000e+00 
7.2696608e-01 4.4044841e-02 0.0000000e+00 
7.3696113e-01 9.5335990e-02 0.0000000e+00 
7.9171729e-01 1.0606610e-01 0.0000000e+00 
7.5707722e-01 1.3865989e-01 0.0000000e+00 
8.0465728e-01 1.5881000e-01 0.0000000e+00 
8.4009641e-01 1.2030350e-01 0.0000000e+00 
8.5441029e-01 1.6780110e-01 0.0000000e+00 
8.9020813e-01 1.3047090e-01 0.0000000e+00 
8.7580758e-01 8.5384279e-02 0.0000000e+00 
6.3392729e-01 5.6027758e-01 0.0000000e+00 
6.5490252e-01 5.2222651e-01 0.0000000e+00 
6.9785458e-01 5.2009457e-01 0.0000000e+00 
6.6947389e-01 4.8214740e-01 0.0000000e+00 
7.1400052e-01 4.7928271e-01 0.0000000e+00 
7.3890662e-01 5.1415598e-01 0.0000000e+00 
7.5538421e-01 4.7427329e-01 0.0000000e+00 
7.3060858e-01 4.4053549e-01 0.0000000e+00 
7.7131832e-01 4.3481070e-01 0.0000000e+00 
7.4432129e-01 4.0371630e-01 0.0000000e+00 
7.9942912e-01 4.6868020e-01 0.0000000e+00 
8.1664360e-01 4.2528069e-01 0.0000000e+00 
8.4675127e-01 4.6303490e-01 0.0000000e+00 
7.0795268e-01 4.1132101e-01 0.0000000e+00 
8.6556101e-01 4.1526449e-01 0.0000000e+00 
9.0177119e-01 4.5578691e-01 0.0000000e+00 
6.1436248e-01 5.2457899e-01 0.0000000e+00 
5.9010911e-01 5.6233871e-01 0.0000000e+00 
6.8740159e-01 4.4485721e-01 0.0000000e+00 
6.3075930e-01 4.9217081e-01 0.0000000e+00 
8.2390177e-01 3.7696400e-01 0.0000000e+00 
6.5760958e-01 4.5251140e-01 0.0000000e+00 
8.8201141e-01 3.6469159e-01 0.0000000e+00 
7.1646827e-01 3.7200019e-01 0.0000000e+00 
7.5293612e-01 3.6630341e-01 0.0000000e+00 
7.3172802e-01 3.4158540e-01 0.0000000e+00 
4.3641081e-01 3.8625911e-01 0.0000000e+00 
3.3307719e-01 5.1888418e-01 0.0000000e+00 
3.7808201e-01 5.1874483e-01 0.0000000e+00 
4.1757399e-01 3.4319299e-01 0.0000000e+00 
4.0734050e-01 3.1263331e-01 0.0000000e+00 
4.8661929e-01 4.2812102e-02 0.0000000e+00 
7.2056448e-01 1.3380709e-01 0.0000000e+00 
7.2885102e-01 1.7120270e-01 0.0000000e+00 
7.6764971e-01 1.8236589e-01 0.0000000e+00 
7.3844647e-01 2.0840840e-01 0.0000000e+00 
3.2383901e-01 4.7502699e-01 0.0000000e+00 
2.0299730e-01 4.5617640e-02 0.0000000e+00 
5.8970161e-02 3.3410329e-01 0.0000000e+00 
2.0689000e-01 5.5709481e-01 0.0000000e+00 
4.1305149e-01 2.8573561e-01 0.0000000e+00 
7.8471351e-01 5.4944623e-01 0.0000000e+00 
5.7445318e-01 2.4704580e-01 0.0000000e+00 
4.8197981e-02 2.0613991e-01 0.0000000e+00 
2.9774281e-01 8.0907270e-02 0.0000000e+00 
5.0055778e-01 5.6669247e-01 0.0000000e+00 
5.6139982e-01 2.6632291e-01 0.0000000e+00 
1.6788280e+00 5.7307512e-02 0.0000000e+00 
5.1920211e-01 3.7999329e-01 0.0000000e+00 
5.3287011e-01 2.3837809e-01 0.0000000e+00 
4.9314889e-01 3.6956069e-01 0.0000000e+00 
5.4427528e-01 3.7591609e-01 0.0000000e+00 
7.8244883e-01 3.9527819e-01 0.0000000e+00 
3.6446571e-01 4.0250320e-02 0.0000000e+00 
4.4162789e-01 3.5938531e-01 0.0000000e+00 
6.3632941e-01 2.8842619e-01 0.0000000e+00 
4.9067271e-01 2.1312010e-01 0.0000000e+00 
9.0754151e-01 5.5067050e-01 0.0000000e+00 
9.6624529e-01 5.4957891e-01 0.0000000e+00 
9.9525559e-01 4.9868581e-01 0.0000000e+00 
1.0540251e+00 4.9801311e-01 0.0000000e+00 
1.0243800e+00 4.4818369e-01 0.0000000e+00 
1.0813180e+00 4.4429299e-01 0.0000000e+00 
9.6050638e-01 4.4521841e-01 0.0000000e+00 
9.9237692e-01 4.0150511e-01 0.0000000e+00 
9.3534291e-01 5.0050128e-01 0.0000000e+00 
1.1123620e+00 4.9683940e-01 0.0000000e+00 
1.1383430e+00 4.4216970e-01 0.0000000e+00 
5.4218680e-01 5.2327639e-01 0.0000000e+00 
4.9454380e-02 4.5007420e-01 0.0000000e+00 
1.0217610e-01 4.7936839e-01 0.0000000e+00 
2.2542991e-01 2.8165141e-01 0.0000000e+00 
3.9299640e-01 1.2565491e-01 0.0000000e+00 
4.2287391e-01 1.0849530e-01 0.0000000e+00 
4.1702661e-01 7.4225321e-02 0.0000000e+00 
4.2317891e-01 4.9126241e-01 0.0000000e+00 
3.6435950e-01 3.1840631e-01 0.0000000e+00 
5.9271669e-01 4.9394491e-01 0.0000000e+00 
4.5279789e-01 2.1705380e-01 0.0000000e+00 
1.1707489e+00 4.9572700e-01 0.0000000e+00 
1.1967220e+00 4.4262701e-01 0.0000000e+00 
1.2286400e+00 4.9457431e-01 0.0000000e+00 
1.2569320e+00 4.4329810e-01 0.0000000e+00 
1.2887410e+00 4.9415389e-01 0.0000000e+00 
4.9704749e-02 9.0376601e-02 0.0000000e+00 
1.1661880e+00 3.8667339e-01 0.0000000e+00 
1.0448740e+00 3.9727730e-01 0.0000000e+00 
1.3219531e+00 5.4748261e-01 0.0000000e+00 
1.3566051e+00 4.9475339e-01 0.0000000e+00 
1.4128619e+00 5.0170678e-01 0.0000000e+00 
1.3878731e+00 4.4357020e-01 0.0000000e+00 
2.6875430e-01 4.3074101e-01 0.0000000e+00 
4.1746351e-01 3.0108821e-01 0.0000000e+00 
4.7450441e-01 4.2571831e-01 0.0000000e+00 
4.0593800e-01 2.0075510e-01 0.0000000e+00 
4.4167551e-01 4.0079829e-01 0.0000000e+00 
1.9512080e+00 4.5117629e-01 0.0000000e+00 
1.0262311e+00 5.1109631e-02 0.0000000e+00 
9.9738371e-01 1.0181700e-01 0.0000000e+00 
1.0553030e+00 1.0176790e-01 0.0000000e+00 
1.0273110e+00 1.4739220e-01 0.0000000e+00 
1.0855290e+00 1.4977370e-01 0.0000000e+00 
9.7062862e-01 1.4721170e-01 0.0000000e+00 
9.3508059e-01 1.0148260e-01 0.0000000e+00 
1.1133560e+00 1.0215650e-01 0.0000000e+00 
1.1446090e+00 1.4514109e-01 0.0000000e+00 
1.1160710e+00 1.9391710e-01 0.0000000e+00 
1.2018321e+00 5.4771107e-01 0.0000000e+00 
1.9480680e+00 2.1005040e-01 0.0000000e+00 
1.0842860e+00 5.4868227e-01 0.0000000e+00 
1.9480680e+00 3.2994959e-01 0.0000000e+00 
1.5904510e+00 1.0452840e-01 0.0000000e+00 
1.5598950e+00 1.5443350e-01 0.0000000e+00 
1.5304790e+00 1.0186320e-01 0.0000000e+00 
1.5007280e+00 1.5119410e-01 0.0000000e+00 
1.5273950e+00 2.0345390e-01 0.0000000e+00 
1.4685169e+00 1.9967620e-01 0.0000000e+00 
1.4425830e+00 1.4740349e-01 0.0000000e+00 
1.4098901e+00 1.9577309e-01 0.0000000e+00 
1.3839140e+00 1.4338671e-01 0.0000000e+00 
1.3511680e+00 1.9153769e-01 0.0000000e+00 
1.3252350e+00 1.3926670e-01 0.0000000e+00 
1.2926320e+00 1.8772170e-01 0.0000000e+00 
1.2666039e+00 1.3634580e-01 0.0000000e+00 
1.2355460e+00 1.8558609e-01 0.0000000e+00 
1.2059170e+00 1.3905290e-01 0.0000000e+00 
1.2347410e+00 9.3928657e-02 0.0000000e+00 
1.3187660e+00 2.4091680e-01 0.0000000e+00 
1.4945120e+00 2.5244480e-01 0.0000000e+00 
1.5862570e+00 2.0772290e-01 0.0000000e+00 
5.5948251e-01 2.4233980e-01 0.0000000e+00 
1.5573130e+00 5.4926682e-01 0.0000000e+00 
1.5215520e+00 5.0207931e-01 0.0000000e+00 
1.5906490e+00 4.9784341e-01 0.0000000e+00 
1.3832541e+00 4.9608339e-02 0.0000000e+00 
1.5002331e+00 5.0511628e-02 0.0000000e+00 
1.7345819e+00 5.5134553e-01 0.0000000e+00 
1.6170100e+00 5.5189037e-01 0.0000000e+00 
1.6308481e+00 4.1378099e-01 0.0000000e+00 
1.7733830e+00 4.6653220e-01 0.0000000e+00 
1.8566350e+00 5.4165798e-01 0.0000000e+00 
1.5124860e+00 4.0674630e-01 0.0000000e+00 
1.4853560e+00 4.5626420e-01 0.0000000e+00 
1.6452560e+00 2.1187560e-01 0.0000000e+00 
1.7967290e+00 1.6947480e-01 0.0000000e+00 
1.8955210e+00 4.8443690e-01 0.0000000e+00 
2.4952111e-01 3.7534630e-01 0.0000000e+00 
2.4015559e-01 3.3920720e-01 0.0000000e+00 
1.6122910e+00 2.6095319e-01 0.0000000e+00 
1.8537400e+00 5.5921540e-02 0.0000000e+00 
1.8819669e+00 1.0242500e-01 0.0000000e+00 
9.5119797e-02 1.2153590e-01 0.0000000e+00 
1.0847340e+00 5.0935078e-02 0.0000000e+00 
1.7562060e+00 3.2229191e-01 0.0000000e+00 
1.4358770e+00 2.4863569e-01 0.0000000e+00 
4.3159389e-01 2.5088599e-01 0.0000000e+00 
4.7994119e-01 3.8120639e-01 0.0000000e+00 
1.8123610e+00 3.2570100e-01 0.0000000e+00 
6.1470199e-01 2.3820160e-01 0.0000000e+00 
6.2837660e-01 2.5279269e-01 0.0000000e+00 
5.6644672e-01 3.2120070e-01 0.0000000e+00 
4.0343639e-01 3.8359720e-01 0.0000000e+00 
1.2608960e+00 2.3755901e-01 0.0000000e+00 
9.7383392e-01 2.2759880e-01 0.0000000e+00 
1.8966711e+00 3.6694610e-01 0.0000000e+00 
1.2852859e+00 3.9278471e-01 0.0000000e+00 
4.4754091e-01 4.1694289e-01 0.0000000e+00 
5.1814729e-01 1.1434720e-01 0.0000000e+00 
9.8089732e-02 2.9848260e-01 0.0000000e+00 
8.7650722e-01 5.0584209e-01 0.0000000e+00 
7.2722268e-01 5.5884892e-01 0.0000000e+00 
9.1900879e-01 4.0950510e-01 0.0000000e+00 
6.0669678e-01 3.3687809e-01 0.0000000e+00 
9.2257088e-01 2.2499460e-01 0.0000000e+00 
1.8270659e+00 1.1701130e-01 0.0000000e+00 
3.9101499e-01 2.5043941e-01 0.0000000e+00 
3.0026230e-01 2.1632680e-01 0.0000000e+00 
5.8418620e-01 3.3934349e-01 0.0000000e+00 
1.5593460e+00 5.1838879e-02 0.0000000e+00 
4.5547140e-01 5.6772357e-01 0.0000000e+00 
9.7268373e-02 1.8144910e-01 0.0000000e+00 
9.3618453e-02 5.9398320e-02 0.0000000e+00 
9.5946752e-02 4.1991970e-01 0.0000000e+00 
1.5493150e-01 4.8253620e-01 0.0000000e+00 
5.3141659e-01 2.2366489e-01 0.0000000e+00 
4.6951711e-01 1.7694290e-01 0.0000000e+00 
1.3219830e+00 4.4809279e-01 0.0000000e+00 
6.1860532e-01 2.8225860e-01 0.0000000e+00 
9.2647932e-02 5.4469162e-01 0.0000000e+00 
3.6105269e-01 4.8700431e-01 0.0000000e+00 
1.4393450e+00 5.5213040e-01 0.0000000e+00 
1.9442101e+00 9.5342271e-02 0.0000000e+00 
9.0059137e-01 1.7995150e-01 0.0000000e+00 
8.2735151e-01 2.0720319e-01 0.0000000e+00 
6.6251612e-01 1.0677520e-01 0.0000000e+00 
6.7604911e-01 4.1622579e-01 0.0000000e+00 
6.8501538e-01 3.8669550e-01 0.0000000e+00 
3.6920869e-01 2.9070961e-01 0.0000000e+00 
4.5409241e-01 2.3146330e-01 0.0000000e+00 
6.1867392e-01 3.1358370e-01 0.0000000e+00 
1.9131620e+00 5.4997718e-01 0.0000000e+00 
4.2027211e-01 1.8849210e-01 0.0000000e+00 
1.9003210e+00 2.9999799e-01 0.0000000e+00 
5.5434358e-01 1.3134070e-01 0.0000000e+00 
1.4729370e+00 1.0059040e-01 0.0000000e+00 
4.4868380e-01 4.7589070e-01 0.0000000e+00 
1.7371070e+00 5.7924490e-02 0.0000000e+00 
1.6196249e-01 1.9384970e-01 0.0000000e+00 
2.7876011e-01 3.4925121e-01 0.0000000e+00 
5.6304562e-01 4.5950639e-01 0.0000000e+00 
6.0384172e-01 3.5119170e-01 0.0000000e+00 
5.7530987e-01 5.2873927e-01 0.0000000e+00 
1.3667960e-01 3.8707560e-01 0.0000000e+00 
4.9747679e-01 1.2821840e-01 0.0000000e+00 
1.1983300e+00 4.8251878e-02 0.0000000e+00 
7.5970978e-01 3.2726541e-01 0.0000000e+00 
8.1999791e-01 5.1075947e-01 0.0000000e+00 
1.3957340e+00 3.8871399e-01 0.0000000e+00 
3.8881221e-01 2.3447470e-01 0.0000000e+00 
5.2596432e-01 2.0954940e-01 0.0000000e+00 
1.4149910e+00 9.8922051e-02 0.0000000e+00 
3.1656411e-01 1.9587231e-01 0.0000000e+00 
4.3203679e-01 3.4525600e-01 0.0000000e+00 
5.0832897e-01 3.8785461e-01 0.0000000e+00 
5.0716370e-01 4.6868089e-01 0.0000000e+00 
7.2506380e-01 3.1459489e-01 0.0000000e+00 
5.7067949e-01 1.5282580e-01 0.0000000e+00 
6.7973870e-01 1.6684531e-01 0.0000000e+00 
5.3255141e-01 1.4827640e-01 0.0000000e+00 
5.8382958e-01 2.0679601e-01 0.0000000e+00 
3.6833951e-01 3.3595169e-01 0.0000000e+00 
6.6081917e-01 3.9089271e-01 0.0000000e+00 
3.5859609e-01 1.6498099e-01 0.0000000e+00 
5.4474670e-01 2.4635740e-01 0.0000000e+00 
8.5039961e-01 4.4130251e-02 0.0000000e+00 
7.0378470e-01 2.1493910e-01 0.0000000e+00 
3.8111559e-01 3.6489099e-01 0.0000000e+00 
3.8378549e-01 3.8103321e-01 0.0000000e+00 
1.1733290e+00 9.6517898e-02 0.0000000e+00 
6.1236829e-01 3.6486840e-01 0.0000000e+00 
4.2817801e-01 4.6774849e-01 0.0000000e+00 
3.9298210e-01 4.8933309e-01 0.0000000e+00 
5.1858139e-01 5.3958851e-01 0.0000000e+00 
1.1778920e+00 1.8819040e-01 0.0000000e+00 
6.3357651e-01 4.2729640e-01 0.0000000e+00 
2.1912169e-01 8.9860998e-02 0.0000000e+00 
4.4828820e-01 3.3391532e-02 0.0000000e+00 
7.1727687e-01 2.3730519e-01 0.0000000e+00 
9.8337471e-02 2.5592181e-01 0.0000000e+00 
4.8688981e-01 5.3696889e-01 0.0000000e+00 
9.1024607e-01 4.6742149e-02 0.0000000e+00 
4.2072469e-01 3.1704551e-01 0.0000000e+00 
2.5881660e-01 2.8481191e-01 0.0000000e+00 
1.3556740e+00 9.6588373e-02 0.0000000e+00 
3.8170820e-01 4.6353251e-01 0.0000000e+00 
6.1133659e-01 4.6789679e-01 0.0000000e+00 
4.4266859e-01 2.4074350e-01 0.0000000e+00 
1.4653840e+00 5.0395852e-01 0.0000000e+00 
1.1433500e+00 2.3560201e-01 0.0000000e+00 
5.5341142e-01 3.6430839e-01 0.0000000e+00 
5.7990170e-01 2.7820900e-01 0.0000000e+00 
4.4887719e-01 2.0151231e-01 0.0000000e+00 
4.6245420e-01 4.1756010e-01 0.0000000e+00 
4.1210291e-01 2.1662711e-01 0.0000000e+00 
5.1736373e-01 5.6347691e-02 0.0000000e+00 
7.0604849e-01 3.3807889e-01 0.0000000e+00 
4.3653390e-01 1.2656429e-01 0.0000000e+00 
4.2773649e-01 3.9727569e-01 0.0000000e+00 
4.2305809e-01 2.7508900e-01 0.0000000e+00 
1.9111360e+00 1.7995431e-01 0.0000000e+00 
1.2975690e+00 9.4644032e-02 0.0000000e+00 
7.4613649e-01 2.3963641e-01 0.0000000e+00 
2.9362991e-01 4.1433749e-01 0.0000000e+00 
5.8357382e-01 3.0761179e-01 0.0000000e+00 
5.3191912e-01 3.7253350e-01 0.0000000e+00 
4.4445190e-01 8.4593862e-02 0.0000000e+00 
1.5468830e+00 4.5422599e-01 0.0000000e+00 
6.2926418e-01 2.7103639e-01 0.0000000e+00 
3.5220909e-01 2.8729489e-01 0.0000000e+00 
8.3805579e-01 3.3710629e-01 0.0000000e+00 
5.2616048e-01 4.0003020e-01 0.0000000e+00 
1.8064611e-01 5.2023911e-01 0.0000000e+00 
4.2505819e-01 3.3176431e-01 0.0000000e+00 
7.7968621e-01 5.0346297e-01 0.0000000e+00 
1.2679260e+00 4.6381779e-02 0.0000000e+00 
5.8107018e-01 2.9473820e-01 0.0000000e+00 
6.1925322e-01 3.3036381e-01 0.0000000e+00 
5.6537521e-01 2.5524691e-01 0.0000000e+00 
3.8967860e-01 6.5405212e-02 0.0000000e+00 
1.0865080e+00 2.3449360e-01 0.0000000e+00 
1.4042149e-01 9.9993236e-02 0.0000000e+00 
1.0030100e+00 3.5783571e-01 0.0000000e+00 
3.6067769e-01 3.0184039e-01 0.0000000e+00 
5.7885981e-01 3.8880101e-01 0.0000000e+00 
1.5990330e+00 4.4926330e-01 0.0000000e+00 
9.1439813e-02 3.7532219e-01 0.0000000e+00 
5.7995051e-01 1.7130360e-01 0.0000000e+00 
6.1258352e-01 2.5273019e-01 0.0000000e+00 
4.0172791e-01 2.2754180e-01 0.0000000e+00 
5.4750210e-01 9.9742994e-02 0.0000000e+00 
6.1311978e-01 2.0313910e-01 0.0000000e+00 
6.1223829e-01 2.2002740e-01 0.0000000e+00 
1.8586820e+00 3.2957241e-01 0.0000000e+00 
5.8738971e-01 3.7580970e-01 0.0000000e+00 
4.5219980e-02 4.4195049e-02 0.0000000e+00 
4.8124549e-01 2.2123460e-01 0.0000000e+00 
4.3828961e-02 5.5591398e-01 0.0000000e+00 
1.0568640e+00 1.9004630e-01 0.0000000e+00 
3.3193341e-01 4.4711831e-01 0.0000000e+00 
3.0378929e-01 4.4286191e-01 0.0000000e+00 
5.3415012e-01 1.2728420e-01 0.0000000e+00 
5.0386423e-01 2.1636350e-01 0.0000000e+00 
1.9116580e+00 4.2358989e-01 0.0000000e+00 
4.5517069e-01 3.6521810e-01 0.0000000e+00 
3.6732909e-01 3.6239621e-01 0.0000000e+00 
6.3041377e-01 3.0585691e-01 0.0000000e+00 
1.9569679e+00 4.3301821e-02 0.0000000e+00 
5.7146299e-01 4.8058590e-01 0.0000000e+00 
1.6484860e+00 5.1718348e-01 0.0000000e+00 
9.4670999e-01 1.8556410e-01 0.0000000e+00 
6.3752991e-01 4.6584189e-01 0.0000000e+00 
1.9572541e+00 5.5697870e-01 0.0000000e+00 
6.4813697e-01 2.4830820e-01 0.0000000e+00 
6.0179752e-01 3.7555191e-01 0.0000000e+00 
1.4364240e+00 4.6111640e-01 0.0000000e+00 
5.6217611e-01 3.5223660e-01 0.0000000e+00 
6.6050959e-01 4.3027630e-01 0.0000000e+00 
4.0468970e-01 5.1149738e-01 0.0000000e+00 
5.1506358e-01 2.0555650e-01 0.0000000e+00 
4.3334481e-01 1.8108650e-01 0.0000000e+00 
9.9962813e-01 1.8700930e-01 0.0000000e+00 
6.9131333e-01 1.1763480e-01 0.0000000e+00 
4.4599831e-01 1.8538959e-01 0.0000000e+00 
5.1551181e-01 4.8891029e-01 0.0000000e+00 
4.3754059e-01 5.8743980e-02 0.0000000e+00 
5.9589100e-01 3.4163511e-01 0.0000000e+00 
2.3624770e-01 5.2814358e-01 0.0000000e+00 
6.6953379e-01 3.7169310e-01 0.0000000e+00 
3.6865169e-01 3.9570969e-01 0.0000000e+00 
5.9758049e-01 1.9620110e-01 0.0000000e+00 
1.3329040e-01 5.1544452e-01 0.0000000e+00 
1.0515270e+00 3.5504949e-01 0.0000000e+00 
3.3392131e-01 6.8202123e-02 0.0000000e+00 
1.7869949e-01 8.1389397e-02 0.0000000e+00 
9.2706198e-01 1.4882250e-01 0.0000000e+00 
1.7000279e+00 5.1305068e-01 0.0000000e+00 
3.4774879e-01 2.6959679e-01 0.0000000e+00 
5.7002652e-01 3.3917850e-01 0.0000000e+00 
4.5571360e-01 1.7617980e-01 0.0000000e+00 
8.2389021e-01 8.1237279e-02 0.0000000e+00 
5.6977302e-01 4.0162051e-01 0.0000000e+00 
5.7622939e-01 9.1579817e-02 0.0000000e+00 
7.9520959e-01 1.9354109e-01 0.0000000e+00 
7.1731091e-01 1.9555099e-01 0.0000000e+00 
9.5533073e-01 4.0679529e-01 0.0000000e+00 
5.1722008e-01 4.1250920e-01 0.0000000e+00 
4.3116611e-01 5.4470932e-01 0.0000000e+00 
6.9998658e-01 1.5358570e-01 0.0000000e+00 
3.7607810e-01 2.2627370e-01 0.0000000e+00 
5.1978278e-01 3.9113960e-01 0.0000000e+00 
5.3689402e-01 2.1312129e-01 0.0000000e+00 
9.0401761e-02 2.1924180e-01 0.0000000e+00 
7.8513551e-01 3.6338761e-01 0.0000000e+00 
2.8628290e-01 5.2971011e-01 0.0000000e+00 
1.9101239e+00 1.3962340e-01 0.0000000e+00 
3.3938929e-01 1.5675519e-01 0.0000000e+00 
3.5365051e-01 1.4366330e-01 0.0000000e+00 
5.9640652e-01 1.7787141e-01 0.0000000e+00 
2.3996450e-01 3.0955619e-01 0.0000000e+00 
4.0130991e-01 5.3756779e-01 0.0000000e+00 
2.6203820e-01 3.9843059e-01 0.0000000e+00 
1.7610559e+00 5.1254529e-01 0.0000000e+00 
5.3923780e-01 6.9367118e-02 0.0000000e+00 
6.6389477e-01 2.7387929e-01 0.0000000e+00 
5.6400359e-01 1.6758190e-01 0.0000000e+00 
6.3302028e-01 3.3655259e-01 0.0000000e+00 
5.4254562e-01 3.6452681e-01 0.0000000e+00 
5.1293671e-01 2.8587131e-02 0.0000000e+00 
5.1246679e-01 1.8971939e-01 0.0000000e+00 

CELLS 1766 7064
3 0 870 123
3 1 882 70
3 2 887 79
3 3 872 114
3 4 193 35
3 4 516 193
3 5 516 4
3 6 184 5
3 6 612 184
3 7 612 6
3 8 183 7
3 8 799 183
3 9 799 8
3 10 615 9
3 11 335 10
3 11 521 335
3 12 521 11
3 13 311 12
3 13 515 311
3 14 515 13
3 15 312 14
3 15 511 312
3 16 511 15
3 17 308 16
3 17 510 308
3 18 510 17
3 19 301 18
3 19 529 301
3 20 529 19
3 21 124 20
3 21 517 124
3 22 517 21
3 23 277 22
3 23 503 277
3 24 503 23
3 25 266 24
3 25 533 266
3 26 533 25
3 27 269 26
3 27 616 269
3 28 616 27
3 29 513 28
3 30 241 29
3 30 512 241
3 31 512 30
3 32 214 31
3 32 514 214
3 33 514 32
3 34 215 33
3 34 726 215
3 35 726 34
3 36 870 0
3 37 747 36
3 38 155 37
3 38 603 155
3 39 603 38
3 40 130 39
3 40 547 130
3 41 547 40
3 41 619 547
3 42 619 41
3 43 142 42
3 43 812 142
3 44 812 43
3 44 943 597
3 45 943 44
3 46 145 45
3 46 159 145
3 47 159 46
3 48 140 47
3 48 555 140
3 49 555 48
3 49 557 555
3 50 557 49
3 51 126 50
3 51 800 126
3 52 800 51
3 52 816 800
3 53 816 52
3 54 131 53
3 54 663 131
3 55 663 54
3 55 718 663
3 56 718 55
3 57 127 56
3 57 780 127
3 58 780 57
3 58 850 780
3 59 850 58
3 60 148 59
3 60 700 148
3 61 700 60
3 62 128 61
3 62 701 128
3 63 701 62
3 63 744 701
3 64 744 63
3 65 136 64
3 65 613 136
3 66 613 65
3 66 772 613
3 67 772 66
3 68 144 67
3 68 715 144
3 69 715 68
3 70 157 69
3 70 882 157
3 71 882 1
3 72 757 71
3 73 154 72
3 73 674 154
3 74 674 73
3 75 139 74
3 75 676 139
3 76 676 75
3 77 147 76
3 77 662 147
3 78 662 77
3 79 156 78
3 79 887 156
3 80 887 2
3 81 766 80
3 82 706 81
3 83 151 82
3 83 702 151
3 84 702 83
3 85 129 84
3 85 703 129
3 86 703 85
3 87 697 86
3 88 137 87
3 88 756 137
3 89 756 88
3 90 149 89
3 90 653 149
3 91 653 90
3 92 134 91
3 92 673 134
3 93 673 92
3 94 150 93
3 94 675 150
3 95 675 94
3 96 135 95
3 96 624 135
3 97 624 96
3 98 623 97
3 99 125 98
3 99 607 125
3 100 607 99
3 100 736 607
3 101 736 100
3 102 138 101
3 102 566 138
3 103 566 102
3 103 583 566
3 104 583 103
3 105 143 104
3 105 611 143
3 106 611 105
3 106 745 611
3 107 745 106
3 108 141 107
3 108 544 141
3 109 544 108
3 110 543 109
3 111 132 110
3 111 605 132
3 112 605 111
3 113 153 112
3 113 754 153
3 114 754 113
3 114 872 754
3 115 872 3
3 116 158 115
3 116 635 158
3 117 635 116
3 118 146 117
3 118 604 146
3 119 604 118
3 120 133 119
3 120 609 133
3 121 609 120
3 122 152 121
3 122 650 152
3 123 650 122
3 123 870 650
3 124 529 20
3 124 658 529
3 124 817 658
3 125 623 98
3 125 735 623
3 125 782 735
3 126 557 50
3 126 558 557
3 126 559 558
3 126 915 559
3 127 718 56
3 127 804 670
3 128 700 61
3 128 786 700
3 129 702 84
3 129 911 702
3 130 603 39
3 130 610 525
3 130 811 603
3 131 816 53
3 132 543 110
3 132 929 543
3 133 604 119
3 133 734 604
3 133 814 734
3 133 927 814
3 134 653 91
3 134 673 647
3 135 675 95
3 136 613 545
3 136 744 64
3 137 697 87
3 137 698 697
3 137 823 698
3 138 736 101
3 139 674 74
3 139 768 454
3 140 159 47
3 140 160 159
3 140 161 160
3 140 555 161
3 141 745 107
3 141 922 745
3 141 935 922
3 142 619 42
3 142 854 619
3 142 900 640
3 143 583 104
3 143 777 583
3 143 808 634
3 144 740 532
3 144 772 67
3 145 938 830
3 145 943 45
3 146 635 117
3 146 748 635
3 146 861 748
3 147 676 76
3 147 730 676
3 147 878 730
3 148 850 59
3 149 756 89
3 150 673 93
3 150 675 632
3 151 706 82
3 151 937 504
3 152 609 121
3 152 746 609
3 153 605 112
3 153 847 605
3 153 906 847
3 154 757 72
3 154 930 757
3 155 747 37
3 155 856 747
3 155 909 856
3 156 662 78
3 156 711 662
3 156 766 711
3 156 887 766
3 157 715 69
3 157 716 715
3 157 757 716
3 157 882 757
3 158 872 115
3 159 542 145
3 160 542 159
3 160 917 542
3 161 162 160
3 161 760 162
3 162 163 160
3 162 164 163
3 162 165 164
3 162 760 165
3 163 917 160
3 164 187 163
3 164 506 187
3 165 166 164
3 165 167 166
3 165 253 167
3 165 760 253
3 166 506 164
3 166 933 506
3 167 168 166
3 167 169 168
3 167 793 169
3 168 227 166
3 168 866 227
3 169 170 168
3 169 171 170
3 169 188 171
3 169 793 188
3 170 508 168
3 171 172 170
3 171 173 172
3 171 801 173
3 172 244 170
3 172 888 244
3 173 174 172
3 173 175 174
3 173 813 175
3 174 888 172
3 174 939 524
3 175 176 174
3 175 177 176
3 175 178 177
3 175 813 178
3 176 939 174
3 177 180 176
3 177 791 180
3 178 179 177
3 178 181 179
3 178 837 181
3 179 791 177
3 180 191 176
3 180 192 191
3 180 831 192
3 181 182 179
3 181 185 182
3 181 245 185
3 181 837 245
3 182 781 179
3 183 612 7
3 183 799 696
3 183 853 612
3 184 516 5
3 184 612 501
3 184 826 516
3 185 186 182
3 185 189 186
3 185 759 189
3 186 222 182
3 186 845 222
3 187 361 163
3 187 769 361
3 187 792 769
3 188 801 171
3 188 919 801
3 188 923 599
3 189 190 186
3 189 194 190
3 189 243 194
3 189 759 243
3 190 845 186
3 191 523 176
3 192 201 191
3 192 202 201
3 192 203 202
3 192 831 203
3 193 726 35
3 193 839 456
3 193 851 839
3 194 195 190
3 194 196 195
3 194 739 196
3 195 588 190
3 196 197 195
3 196 198 197
3 196 729 198
3 196 739 729
3 197 242 195
3 197 857 242
3 198 199 197
3 198 200 199
3 198 259 200
3 198 729 259
3 199 857 197
3 199 907 857
3 200 216 199
3 200 217 216
3 200 855 217
3 201 232 191
3 201 460 232
3 201 941 460
3 202 204 201
3 202 205 204
3 202 903 205
3 203 831 589
3 203 903 202
3 204 941 201
3 205 206 204
3 205 207 206
3 205 797 207
3 205 903 797
3 206 341 204
3 206 805 341
3 207 208 206
3 207 209 208
3 207 211 209
3 207 797 211
3 208 805 206
3 208 889 805
3 209 210 208
3 209 212 210
3 209 810 212
3 210 344 208
3 210 530 344
3 211 797 761
3 211 810 209
3 211 892 810
3 212 213 210
3 212 220 213
3 212 257 220
3 212 810 257
3 213 530 210
3 214 512 31
3 214 891 825
3 214 942 512
3 215 514 33
3 215 913 514
3 216 907 199
3 217 218 216
3 217 219 218
3 217 824 219
3 217 855 824
3 218 345 216
3 218 651 345
3 219 223 218
3 219 224 223
3 219 258 224
3 219 824 258
3 220 221 213
3 220 254 221
3 220 821 254
3 221 239 213
3 221 240 239
3 221 775 240
3 222 781 182
3 222 845 586
3 222 928 781
3 223 651 218
3 224 225 223
3 224 226 225
3 224 728 226
3 225 352 223
3 225 731 352
3 226 228 225
3 226 229 228
3 226 693 229
3 226 728 693
3 227 933 166
3 228 731 225
3 229 230 228
3 229 231 230
3 229 256 231
3 229 693 256
3 230 356 228
3 230 783 356
3 231 233 230
3 231 234 233
3 231 720 234
3 232 523 191
3 232 621 523
3 232 881 621
3 233 783 230
3 234 235 233
3 234 236 235
3 234 694 236
3 234 720 694
3 235 366 233
3 235 707 366
3 236 237 235
3 236 238 237
3 236 252 238
3 236 694 252
3 237 707 235
3 238 246 237
3 238 247 246
3 238 714 247
3 239 530 213
3 239 916 530
3 240 260 239
3 240 261 260
3 240 262 261
3 240 775 262
3 241 513 29
3 241 614 513
3 241 840 614
3 242 588 195
3 242 737 588
3 242 857 630
3 242 920 737
3 243 739 194
3 243 758 739
3 243 759 563
3 244 508 170
3 244 725 724
3 244 867 508
3 244 888 725
3 245 601 600
3 245 759 185
3 245 837 601
3 245 918 759
3 246 360 237
3 246 704 360
3 247 248 246
3 247 249 248
3 247 250 249
3 247 714 250
3 248 704 246
3 249 255 248
3 249 719 255
3 250 251 249
3 250 342 251
3 250 709 342
3 250 714 709
3 251 719 249
3 252 694 681
3 252 714 238
3 253 793 167
3 253 923 793
3 254 775 221
3 254 821 643
3 254 883 775
3 255 377 248
3 255 378 377
3 255 382 378
3 255 719 382
3 256 686 684
3 256 693 686
3 256 720 231
3 257 810 587
3 257 821 220
3 257 886 821
3 258 728 224
3 258 809 690
3 258 824 809
3 259 855 200
3 259 873 855
3 259 896 873
3 260 346 239
3 260 438 346
3 260 459 438
3 261 459 260
3 262 263 261
3 262 435 263
3 262 436 435
3 262 775 436
3 263 264 261
3 263 265 264
3 263 790 265
3 264 459 261
3 264 921 459
3 265 267 264
3 265 268 267
3 265 270 268
3 265 790 270
3 266 503 24
3 266 620 503
3 266 879 620
3 267 354 264
3 267 355 354
3 267 659 355
3 268 659 267
3 269 533 26
3 269 722 502
3 270 271 268
3 270 326 271
3 270 327 326
3 270 790 327
3 271 272 268
3 271 273 272
3 271 771 273
3 272 659 268
3 272 828 659
3 273 274 272
3 273 275 274
3 273 806 275
3 274 732 272
3 275 276 274
3 275 278 276
3 275 339 278
3 275 806 339
3 276 340 274
3 276 528 340
3 277 517 22
3 277 848 517
3 278 279 276
3 278 280 279
3 278 820 280
3 279 528 276
3 280 281 279
3 280 282 281
3 280 316 282
3 280 820 316
3 281 314 279
3 281 904 314
3 282 283 281
3 282 284 283
3 282 874 284
3 283 904 281
3 284 285 283
3 284 838 285
3 284 875 838
3 285 286 283
3 285 287 286
3 285 296 287
3 285 838 296
3 286 540 283
3 287 288 286
3 287 289 288
3 287 774 289
3 288 539 286
3 289 290 288
3 289 291 290
3 289 774 291
3 290 317 288
3 290 535 317
3 291 292 290
3 291 293 292
3 291 304 293
3 291 774 304
3 292 535 290
3 292 536 535
3 293 294 292
3 293 295 294
3 293 818 295
3 294 536 292
3 295 297 294
3 295 305 297
3 295 322 305
3 295 818 322
3 296 774 287
3 296 936 712
3 297 298 294
3 297 299 298
3 297 742 299
3 298 536 294
3 298 912 536
3 299 300 298
3 299 302 300
3 299 787 302
3 300 315 298
3 300 467 315
3 300 924 467
3 301 510 18
3 301 834 510
3 302 303 300
3 302 306 303
3 302 313 306
3 302 787 313
3 303 924 300
3 304 774 713
3 304 818 293
3 304 934 818
3 305 742 297
3 306 307 303
3 306 309 307
3 306 798 309
3 307 321 303
3 307 660 321
3 308 511 16
3 308 822 511
3 309 310 307
3 309 318 310
3 309 320 318
3 309 798 320
3 310 660 307
3 310 767 660
3 311 521 12
3 311 871 622
3 311 877 521
3 312 515 14
3 312 531 515
3 312 764 531
3 313 787 548
3 313 798 306
3 313 931 798
3 314 528 279
3 314 727 528
3 314 803 727
3 314 904 803
3 315 912 298
3 316 755 602
3 316 820 755
3 316 874 282
3 317 539 288
3 317 796 539
3 318 319 310
3 318 328 319
3 318 638 328
3 319 767 310
3 319 895 767
3 320 638 318
3 320 932 552
3 321 864 784
3 321 924 303
3 322 323 305
3 322 324 323
3 322 637 324
3 322 818 637
3 323 551 305
3 324 325 323
3 324 367 325
3 324 368 367
3 324 637 368
3 325 350 323
3 325 371 350
3 325 773 371
3 326 771 271
3 327 359 326
3 327 402 359
3 327 899 402
3 328 329 319
3 328 832 329
3 329 330 319
3 329 331 330
3 329 332 331
3 329 832 332
3 330 895 319
3 330 898 895
3 330 914 898
3 331 914 330
3 332 333 331
3 332 336 333
3 332 369 336
3 332 832 369
3 333 334 331
3 333 337 334
3 333 779 337
3 334 751 331
3 335 615 10
3 335 750 615
3 336 779 333
3 337 338 334
3 337 347 338
3 337 348 347
3 337 779 348
3 338 351 334
3 338 461 351
3 338 944 461
3 339 806 641
3 339 820 278
3 340 732 274
3 340 833 661
3 341 776 738
3 341 805 776
3 341 941 204
3 342 343 251
3 342 375 343
3 342 376 375
3 342 709 376
3 343 353 251
3 343 373 353
3 343 710 373
3 344 889 208
3 345 633 628
3 345 651 633
3 345 907 216
3 346 916 239
3 347 349 338
3 347 362 349
3 347 794 362
3 348 779 733
3 348 794 347
3 348 876 794
3 349 944 338
3 350 551 323
3 351 751 334
3 352 648 646
3 352 651 223
3 352 731 648
3 353 719 251
3 353 723 719
3 354 921 264
3 355 357 354
3 355 379 357
3 355 380 379
3 355 659 380
3 356 731 228
3 356 752 731
3 356 783 656
3 357 358 354
3 357 789 358
3 358 921 354
3 358 925 846
3 359 372 326
3 359 401 372
3 359 815 401
3 360 707 237
3 360 842 707
3 360 860 842
3 361 917 163
3 362 363 349
3 362 364 363
3 362 431 364
3 362 794 431
3 363 374 349
3 363 527 374
3 364 365 363
3 364 384 365
3 364 940 384
3 365 527 363
3 366 783 233
3 366 890 656
3 367 773 325
3 368 406 367
3 368 407 406
3 368 409 407
3 368 637 409
3 369 370 336
3 369 832 639
3 369 841 370
3 370 403 336
3 370 405 403
3 370 424 405
3 370 841 424
3 371 392 350
3 371 457 392
3 371 458 457
3 371 773 458
3 372 771 326
3 373 422 353
3 373 454 422
3 373 455 454
3 373 710 455
3 374 944 349
3 375 710 343
3 376 394 375
3 376 545 394
3 376 546 545
3 376 709 546
3 377 704 248
3 378 445 377
3 378 705 445
3 379 430 357
3 379 722 430
3 380 381 379
3 380 432 381
3 380 828 432
3 381 722 379
3 382 383 378
3 382 399 383
3 382 723 399
3 383 705 378
3 384 385 365
3 384 541 385
3 384 862 541
3 384 940 862
3 385 386 365
3 385 387 386
3 385 795 387
3 386 527 365
3 386 926 527
3 387 388 386
3 387 389 388
3 387 390 389
3 387 795 390
3 388 400 386
3 388 444 400
3 388 696 444
3 389 696 388
3 390 391 389
3 390 395 391
3 390 447 395
3 390 795 447
3 391 608 389
3 392 393 350
3 392 525 393
3 392 811 525
3 393 551 350
3 394 532 375
3 394 772 532
3 395 396 391
3 395 724 396
3 395 867 724
3 396 397 391
3 396 398 397
3 396 863 398
3 397 608 391
3 398 417 397
3 398 418 417
3 398 419 418
3 398 863 419
3 399 404 383
3 399 730 404
3 399 868 730
3 400 926 386
3 401 534 372
3 401 815 745
3 401 922 534
3 402 815 359
3 402 899 537
3 403 779 336
3 404 504 383
3 404 711 504
3 404 878 711
3 405 434 403
3 405 830 434
3 406 408 367
3 406 814 408
3 407 734 406
3 408 773 367
3 408 927 746
3 409 410 407
3 409 411 410
3 409 713 411
3 409 934 713
3 410 437 407
3 410 778 437
3 411 412 410
3 411 413 412
3 411 712 413
3 411 713 712
3 412 778 410
3 413 414 412
3 413 415 414
3 413 657 415
3 413 936 657
3 414 416 412
3 414 749 416
3 415 423 414
3 415 518 423
3 415 519 518
3 415 657 519
3 416 749 636
3 416 778 412
3 417 501 397
3 417 826 501
3 418 420 417
3 418 421 420
3 418 753 421
3 419 753 418
3 419 843 753
3 419 863 725
3 420 826 417
3 420 851 826
3 421 425 420
3 421 426 425
3 421 443 426
3 421 753 443
3 422 723 353
3 422 868 723
3 423 749 414
3 423 847 749
3 423 902 847
3 424 597 405
3 424 812 597
3 424 900 812
3 425 851 420
3 426 427 425
3 426 428 427
3 426 765 428
3 427 839 425
3 428 429 427
3 428 738 429
3 428 852 738
3 429 456 427
3 429 743 456
3 429 901 743
3 430 616 513
3 430 722 616
3 430 789 357
3 431 794 769
3 431 940 364
3 432 433 381
3 432 661 433
3 432 732 661
3 432 828 732
3 433 502 381
3 433 509 502
3 433 592 509
3 433 661 592
3 434 733 403
3 434 865 733
3 434 938 865
3 435 790 263
3 435 899 790
3 436 537 435
3 436 538 537
3 436 883 538
3 437 734 407
3 437 861 604
3 438 439 346
3 438 442 439
3 438 846 442
3 439 440 346
3 439 441 440
3 439 617 441
3 440 916 346
3 441 448 440
3 441 449 448
3 441 825 449
3 442 617 439
3 442 840 617
3 442 925 614
3 443 753 621
3 443 765 426
3 443 881 765
3 444 750 400
3 444 799 615
3 445 446 377
3 445 911 446
3 445 937 911
3 446 704 377
3 446 860 704
3 446 884 699
3 446 911 884
3 447 867 395
3 447 905 866
3 448 859 440
3 448 869 859
3 449 450 448
3 449 451 450
3 449 891 451
3 450 869 448
3 451 452 450
3 451 743 452
3 451 913 743
3 452 453 450
3 452 776 453
3 452 901 776
3 453 869 450
3 453 889 869
3 454 674 139
3 454 768 422
3 454 835 674
3 455 740 716
3 455 835 454
3 455 930 835
3 456 726 193
3 456 839 427
3 456 913 726
3 457 811 392
3 457 909 811
3 458 746 717
3 458 773 746
3 458 856 457
3 459 846 438
3 459 921 846
3 460 852 765
3 460 881 232
3 460 941 852
3 461 462 351
3 461 466 462
3 461 944 466
3 462 463 351
3 462 464 463
3 462 622 464
3 463 751 351
3 464 465 463
3 464 531 465
3 464 871 531
3 465 507 463
3 465 827 507
3 466 622 462
3 466 877 622
3 466 894 877
3 466 944 894
3 467 468 315
3 467 741 468
3 467 784 741
3 467 924 784
3 468 469 315
3 468 470 469
3 468 471 470
3 468 741 471
3 469 912 315
3 470 763 469
3 471 472 470
3 471 485 472
3 471 486 485
3 471 741 486
3 472 473 470
3 472 474 473
3 472 606 474
3 473 763 470
3 474 475 473
3 474 596 475
3 474 658 596
3 475 476 473
3 475 477 476
3 475 478 477
3 475 596 478
3 476 763 473
3 476 858 763
3 477 642 476
3 477 796 642
3 478 479 477
3 478 480 479
3 478 484 480
3 478 596 484
3 479 796 477
3 480 481 479
3 480 482 481
3 480 595 482
3 481 483 479
3 481 802 483
3 482 489 481
3 482 490 489
3 482 491 490
3 482 595 491
3 483 796 479
3 483 880 539
3 484 595 480
3 484 848 595
3 485 606 472
3 485 834 606
3 486 487 485
3 486 488 487
3 486 494 488
3 486 741 494
3 487 721 510
3 487 834 485
3 488 721 487
3 489 802 481
3 489 803 802
3 490 727 489
3 491 492 490
3 491 620 492
3 491 788 620
3 492 493 490
3 492 592 493
3 492 620 509
3 493 727 490
3 493 833 528
3 494 495 488
3 494 864 495
3 495 496 488
3 495 497 496
3 495 829 497
3 495 864 829
3 496 721 488
3 496 822 721
3 497 498 496
3 497 499 498
3 497 500 499
3 497 829 500
3 498 822 496
3 499 644 498
3 499 827 644
3 500 505 499
3 500 767 505
3 500 829 660
3 501 608 397
3 501 826 184
3 501 853 608
3 502 533 269
3 502 722 381
3 502 879 533
3 503 788 277
3 504 705 383
3 504 706 151
3 504 711 706
3 504 937 705
3 505 827 499
3 505 898 827
3 506 792 187
3 506 862 792
3 506 933 862
3 507 751 463
3 507 914 751
3 508 866 168
3 508 867 866
3 509 592 492
3 509 879 502
3 510 721 308
3 510 834 487
3 511 764 312
3 511 822 764
3 512 840 241
3 512 942 840
3 513 616 28
3 513 789 430
3 514 891 214
3 514 913 891
3 515 871 311
3 516 851 193
3 517 817 124
3 517 848 817
3 518 902 423
3 518 929 902
3 519 520 518
3 519 602 520
3 519 875 602
3 520 602 593
3 520 929 518
3 521 522 335
3 521 877 522
3 522 750 335
3 522 785 750
3 522 894 785
3 523 621 524
3 523 939 176
3 524 843 725
3 524 888 174
3 524 939 523
3 525 526 393
3 525 610 526
3 525 811 130
3 526 548 393
3 526 549 548
3 526 550 549
3 526 610 550
3 527 785 374
3 527 926 785
3 528 727 493
3 528 833 340
3 529 658 606
3 529 834 301
3 530 859 344
3 530 916 859
3 531 644 465
3 531 764 644
3 531 871 515
3 532 710 375
3 532 740 710
3 532 772 144
3 533 879 266
3 534 641 372
3 534 893 641
3 534 935 893
3 535 642 317
3 535 858 642
3 536 844 535
3 536 912 844
3 537 634 402
3 537 899 435
3 538 634 537
3 538 777 634
3 538 883 643
3 539 540 286
3 539 796 483
3 539 880 540
3 540 880 802
3 540 904 283
3 541 795 385
3 541 905 795
3 541 933 905
3 542 917 865
3 542 938 145
3 543 544 109
3 543 593 544
3 543 929 593
3 544 935 141
3 545 613 394
3 545 677 136
3 546 677 545
3 546 678 677
3 546 695 678
3 546 709 695
3 547 610 130
3 547 908 610
3 548 551 393
3 548 787 551
3 548 931 313
3 549 931 548
3 549 932 931
3 550 552 549
3 550 553 552
3 550 908 553
3 551 742 305
3 551 787 742
3 552 638 320
3 552 932 549
3 553 554 552
3 553 854 554
3 553 908 619
3 554 638 552
3 554 639 638
3 554 640 639
3 554 854 640
3 555 556 161
3 555 557 556
3 556 760 161
3 556 897 760
3 557 558 556
3 558 897 556
3 559 560 558
3 559 561 560
3 559 562 561
3 559 915 562
3 560 598 558
3 560 599 598
3 560 600 599
3 561 600 560
3 561 918 600
3 562 563 561
3 562 564 563
3 562 565 564
3 562 915 565
3 563 758 243
3 563 759 561
3 564 758 563
3 564 910 758
3 565 669 564
3 565 816 669
3 565 915 800
3 566 567 138
3 566 582 567
3 566 583 582
3 567 568 138
3 567 569 568
3 567 585 569
3 568 736 138
3 569 570 568
3 569 584 570
3 569 587 584
3 569 886 587
3 570 571 568
3 570 572 571
3 570 573 572
3 570 584 573
3 571 736 568
3 571 849 607
3 572 849 571
3 573 574 572
3 573 575 574
3 573 579 575
3 573 584 579
3 574 576 572
3 574 577 576
3 574 618 577
3 575 618 574
3 576 849 572
3 577 578 576
3 577 580 578
3 577 586 580
3 577 618 586
3 578 782 576
3 579 589 575
3 579 762 589
3 580 581 578
3 580 737 581
3 581 735 578
3 581 737 629
3 582 585 567
3 582 643 585
3 582 777 643
3 583 777 582
3 584 761 579
3 584 892 761
3 585 886 569
3 586 588 580
3 586 845 588
3 586 928 222
3 587 886 257
3 587 892 584
3 588 737 580
3 588 845 190
3 589 590 575
3 589 591 590
3 589 762 203
3 589 831 591
3 590 618 575
3 590 928 618
3 591 781 590
3 591 791 781
3 591 831 791
3 592 833 493
3 593 594 544
3 593 755 594
3 593 929 520
3 594 935 544
3 595 788 491
3 595 848 788
3 596 817 484
3 597 812 44
3 597 830 405
3 597 943 830
3 598 897 558
3 598 923 897
3 599 919 188
3 599 923 598
3 600 601 599
3 600 918 245
3 601 813 801
3 601 837 813
3 601 919 599
3 602 755 593
3 602 874 316
3 602 875 874
3 603 909 155
3 604 734 437
3 604 861 146
3 605 902 132
3 606 658 474
3 606 834 529
3 607 736 571
3 607 782 125
3 607 849 782
3 608 696 389
3 608 853 696
3 609 927 133
3 610 908 550
3 611 808 143
3 611 815 808
3 612 853 501
3 613 772 394
3 614 789 513
3 614 840 442
3 614 925 789
3 615 750 444
3 615 799 9
3 616 722 269
3 617 825 441
3 617 942 825
3 618 928 586
3 619 854 553
3 619 908 547
3 620 788 503
3 620 879 509
3 621 843 524
3 621 881 443
3 622 871 464
3 622 877 311
3 623 624 97
3 623 631 624
3 623 735 631
3 624 625 135
3 624 631 625
3 625 626 135
3 625 627 626
3 625 629 627
3 625 631 629
3 626 675 135
3 627 628 626
3 627 652 628
3 628 632 626
3 628 633 632
3 628 652 345
3 629 630 627
3 629 631 581
3 629 920 630
3 630 652 627
3 630 857 652
3 630 920 242
3 631 735 581
3 632 645 150
3 632 675 626
3 633 645 632
3 633 646 645
3 633 651 646
3 634 777 143
3 634 808 402
3 635 636 158
3 635 748 636
3 636 748 416
3 636 754 158
3 636 906 754
3 637 934 409
3 638 639 328
3 639 832 328
3 639 841 369
3 640 841 639
3 640 854 142
3 640 900 841
3 641 771 372
3 641 806 771
3 641 807 339
3 641 893 807
3 642 796 317
3 642 858 476
3 643 777 538
3 643 821 585
3 643 883 254
3 644 764 498
3 644 827 465
3 645 673 150
3 646 647 645
3 646 648 647
3 646 651 352
3 647 649 134
3 647 673 645
3 648 649 647
3 648 752 649
3 649 653 134
3 649 654 653
3 649 752 654
3 650 717 152
3 650 747 717
3 650 870 747
3 652 907 345
3 653 654 149
3 654 655 149
3 654 656 655
3 654 752 656
3 655 756 149
3 655 823 756
3 655 890 823
3 656 752 356
3 656 783 366
3 656 890 655
3 657 875 519
3 657 936 838
3 658 817 596
3 659 828 380
3 660 767 500
3 660 829 321
3 661 732 340
3 661 833 592
3 662 878 147
3 663 664 131
3 663 665 664
3 663 718 665
3 664 669 131
3 665 666 664
3 665 667 666
3 665 670 667
3 665 718 670
3 666 668 664
3 666 896 668
3 667 873 666
3 668 669 664
3 668 896 885
3 668 910 669
3 669 816 131
3 669 910 564
3 670 671 667
3 670 718 127
3 670 804 671
3 671 672 667
3 671 804 691
3 671 809 672
3 672 873 667
3 674 835 154
3 676 768 139
3 677 744 136
3 678 679 677
3 678 680 679
3 678 681 680
3 678 695 681
3 679 744 677
3 679 770 701
3 680 770 679
3 681 682 680
3 681 694 682
3 681 695 252
3 682 683 680
3 682 684 683
3 682 720 684
3 683 770 680
3 683 786 770
3 684 685 683
3 684 686 685
3 684 720 256
3 685 786 683
3 685 819 786
3 686 687 685
3 686 688 687
3 686 693 688
3 687 819 685
3 687 836 819
3 688 689 687
3 688 690 689
3 688 728 690
3 689 836 687
3 690 691 689
3 690 728 258
3 690 809 691
3 691 692 689
3 691 804 692
3 691 809 671
3 692 804 780
3 692 836 689
3 692 850 836
3 693 728 688
3 694 720 682
3 695 714 252
3 696 799 444
3 696 853 183
3 697 703 86
3 698 699 697
3 698 823 708
3 698 842 699
3 699 703 697
3 699 860 446
3 699 884 703
3 700 819 148
3 701 744 679
3 701 770 128
3 702 937 151
3 703 884 129
3 704 860 360
3 705 937 445
3 706 766 81
3 707 708 366
3 707 842 708
3 708 842 698
3 708 890 366
3 709 714 695
3 710 740 455
3 711 766 706
3 711 878 662
3 712 774 296
3 712 936 413
3 713 774 712
3 713 934 304
3 715 740 144
3 716 740 715
3 716 930 455
3 717 746 152
3 717 856 458
3 719 723 382
3 721 822 308
3 723 868 399
3 724 863 396
3 724 867 244
3 725 843 419
3 725 863 724
3 725 888 524
3 726 913 215
3 727 803 489
3 729 896 259
3 730 768 676
3 730 868 768
3 730 878 404
3 731 752 648
3 732 828 272
3 733 779 403
3 733 876 348
3 734 814 406
3 735 782 578
3 737 920 629
3 738 852 341
3 738 901 429
3 739 885 729
3 741 784 494
3 742 787 299
3 743 901 452
3 743 913 456
3 745 815 611
3 745 922 401
3 746 773 408
3 746 927 609
3 747 856 717
3 747 870 36
3 748 778 416
3 748 861 778
3 749 906 636
3 750 926 400
3 751 914 331
3 753 843 621
3 754 872 158
3 754 906 153
3 755 807 594
3 755 820 807
3 756 823 137
3 757 882 71
3 757 930 716
3 758 885 739
3 758 910 885
3 759 918 561
3 760 897 253
3 761 762 579
3 761 797 762
3 761 892 211
3 762 903 203
3 763 844 469
3 763 858 844
3 764 822 498
3 765 852 428
3 765 881 460
3 766 887 80
3 767 895 505
3 768 868 422
3 769 792 431
3 769 865 361
3 769 876 865
3 770 786 128
3 771 806 273
3 775 883 436
3 776 805 453
3 776 901 738
3 778 861 437
3 780 804 127
3 780 850 692
3 781 791 179
3 781 928 590
3 782 849 576
3 784 864 494
3 784 924 321
3 785 894 374
3 785 926 750
3 786 819 700
3 788 848 277
3 789 925 358
3 790 899 327
3 791 831 180
3 792 940 431
3 793 923 188
3 794 876 769
3 795 905 447
3 797 903 762
3 798 932 320
3 800 816 565
3 800 915 126
3 801 813 173
3 801 919 601
3 802 803 540
3 802 880 483
3 803 904 540
3 805 889 453
3 807 820 339
3 807 893 594
3 808 815 402
3 809 824 672
3 810 892 587
3 811 909 603
3 812 900 142
3 813 837 178
3 814 927 408
3 817 848 484
3 818 934 637
3 819 836 148
3 821 886 585
3 823 890 708
3 824 855 672
3 825 891 449
3 825 942 214
3 826 851 516
3 827 898 507
3 829 864 321
3 830 938 434
3 830 943 145
3 835 930 154
3 836 850 148
3 838 875 657
3 838 936 296
3 839 851 425
3 840 942 617
3 841 900 424
3 842 860 699
3 844 858 535
3 844 912 469
3 846 921 358
3 846 925 442
3 847 902 605
3 847 906 749
3 852 941 341
3 855 873 672
3 856 909 457
3 857 907 652
3 859 869 344
3 859 916 440
3 862 933 541
3 862 940 792
3 865 876 733
3 865 917 361
3 865 938 542
3 866 867 447
3 866 905 227
3 869 889 344
3 873 896 666
3 874 875 284
3 877 894 522
3 884 911 129
3 885 896 729
3 885 910 668
3 891 913 451
3 893 935 594
3 894 944 374
3 895 898 505
3 897 923 253
3 898 914 507
3 902 929 132
3 905 933 227
3 911 937 702
3 922 935 534
3 931 932 798

CELL_TYPES 1766
5
5
5
5
5
5
5
5
5
5
5
5
5
5
5
5
5
5
5
5
5
5
5
5
5
5
5
5
5
5
5
5
5
5
5
5
5
5
5
5
5
5
5
5
5
5
5
5
5
5
5
5
5
5
5
5
5
5
5
5
5
5
5
5
5
5
5
5
5
5
5
5
5
5
5
5
5
5
5
5
5
5
5
5
5
5
5
5
5
5
5
5
5
5
5
5
5
5
5
5
5
5
5
5
5
5
5
5
5
5
5
5
5
5
5
5
5
5
5
5
5
5
5
5
5
5
5
5
5
5
5
5
5
5
5
5
5
5
5
5
5
5
5
5
5
5
5
5
5
5
5
5
5
5
5
5
5
5
5
5
5
5
5
5
5
5
5
5
5
5
5
5
5
5
5
5
5
5
5
5
5
5
5
5
5
5
5
5
5
5
5
5
5
5
5
5
5
5
5
5
5
5
5
5
5
5
5
5
5
5
5
5
5
5
5
5
5
5
5
5
5
5
5
5
5
5
5
5
5
5
5
5
5
5
5
5
5
5
5
5
5
5
5
5
5
5
5
5
5
5
5
5
5
5
5
5
5
5
5
5
5
5
5
5
5
5
5
5
5
5
5
5
5
5
5
5
5
5
5
5
5
5
5
5
5
5
5
5
5
5
5
5
5
5
5
5
5
5
5
5
5
5
5
5
5
5
5
5
5
5
5
5
5
5
5
5
5
5
5
5
5
5
5
5
5
5
5
5
5
5
5
5
5
5
5
5
5
5
5
5
5
5
5
5
5
5
5
5
5
5
5
5
5
5
5
5
5
5
5
5
5
5
5
5
5
5
5
5
5
5
5
5
5
5
5
5
5
5
5
5
5
5
5
5
5
5
5
5
5
5
5
5
5
5
5
5
5
5
5
5
5
5
5
5
5
5
5
5
5
5
5
5
5
5
5
5
5
5
5
5
5
5
5
5
5
5
5
5
5
5
5
5
5
5
5
5
5
5
5
5
5
5
5
5
5
5
5
5
5
5
5
5
5
5
5
5
5
5
5
5
5
5
5
5
5
5
5
5
5
5
5
5
5
5
5
5
5
5
5
5
5
5
5
5
5
5
5
5
5
5
5
5
5
5
5
5
5
5
5
5
5
5
5
5
5
5
5
5
5
5
5
5
5
5
5
5
5
5
5
5
5
5
5
5
5
5
5
5
5
5
5
5
5
5
5
5
5
5
5
5
5
5
5
5
5
5
5
5
5
5
5
5
5
5
5
5
5
5
5
5
5
5
5
5
5
5
5
5
5
5
5
5
5
5
5
5
5
5
5
5
5
5
5
5
5
5
5
5
5
5
5
5
5
5
5
5
5
5
5
5
5
5
5
5
5
5
5
5
5
5
5
5
5
5
5
5
5
5
5
5
5
5
5
5
5
5
5
5
5
5
5
5
5
5
5
5
5
5
5
5
5
5
5
5
5
5
5
5
5
5
5
5
5
5
5
5
5
5
5
5
5
5
5
5
5
5
5
5
5
5
5
5
5
5
5
5
5
5
5
5
5
5
5
5
5
5
5
5
5
5
5
5
5
5
5
5
5
5
5
5
5
5
5
5
5
5
5
5
5
5
5
5
5
5
5
5
5
5
5
5
5
5
5
5
5
5
5
5
5
5
5
5
5
5
5
5
5
5
5
5
5
5
5
5
5
5
5
5
5
5
5
5
5
5
5
5
5
5
5
5
5
5
5
5
5
5
5
5
5
5
5
5
5
5
5
5
5
5
5
5
5
5
5
5
5
5
5
5
5
5
5
5
5
5
5
5
5
5
5
5
5
5
5
5
5
5
5
5
5
5
5
5
5
5
5
5
5
5
5
5
5
5
5
5
5
5
5
5
5
5
5
5
5
5
5
5
5
5
5
5
5
5
5
5
5
5
5
5
5
5
5
5
5
5
5
5
5
5
5
5
5
5
5
5
5
5
5
5
5
5
5
5
5
5
5
5
5
5
5
5
5
5
5
5
5
5
5
5
5
5
5
5
5
5
5
5
5
5
5
5
5
5
5
5
5
5
5
5
5
5
5
5
5
5
5
5
5
5
5
5
5
5
5
5
5
5
5
5
5
5
5
5
5
5
5
5
5
5
5
5
5
5
5
5
5
5
5
5
5
5
5
5
5
5
5
5
5
5
5
5
5
5
5
5
5
5
5
5
5
5
5
5
5
5
5
5
5
5
5
5
5
5
5
5
5
5
5
5
5
5
5
5
5
5
5
5
5
5
5
5
5
5
5
5
5
5
5
5
5
5
5
5
5
5
5
5
5
5
5
5
5
5
5
5
5
5
5
5
5
5
5
5
5
5
5
5
5
5
5
5
5
5
5
5
5
5
5
5
5
5
5
5
5
5
5
5
5
5
5
5
5
5
5
5
5
5
5
5
5
5
5
5
5
5
5
5
5
5
5
5
5
5
5
5
5
5
5
5
5
5
5
5
5
5
5
5
5
5
5
5
5
5
5
5
5
5
5
5
5
5
5
5
5
5
5
5
5
5
5
5
5
5
5
5
5
5
5
5
5
5
5
5
5
5
5
5
5
5
5
5
5
5
5
5
5
5
5
5
5
5
5
5
5
5
5
5
5
5
5
5
5
5
5
5
5
5
5
5
5
5
5
5
5
5
5
5
5
5
5
5
5
5
5
5
5
5
5
5
5
5
5
5
5
5
5
5
5
5
5
5
5
5
5
5
5
5
5
5
5
5
5
5
5
5
5
5
5
5
5
5
5
5
5
5
5
5
5
5
5
5
5
5
5
5
5
5
5
5
5
5
5
5
5
5
5
5
5
5
5
5
5
5
5
5
5
5
5
5
5
5
5
5
5
5
5
5
5
5
5
5
5
5
5
5
5
5
5
5
5
5
5
5
5
5
5
5
5
5
5
5
5
5
5
5
5
5
5
5
5
5
5
5
5
5
5
5
5
5
5
5
5
5
5
5
5
5
5
5
5
5
5
5
5
5
5
5
5
5
5
5
5
5
5
5
5
5
5
5
5
5
5
5
5
5
5
5
5
5
5
5
5
5
5
5
5
5
5
5
5
5
5
5
5
5
5
5
5
5
5
5
5
5
5
5
5
5
5
5
5
5
5
5
5
5
5
5
5
5
5
5
5
5
5
5
5
5
5
5
5
5
5
5
5
5
5
5
5
5
5
5
5
5
5
5
5
5
5
5
5
5
5
5
5
5
5
5
5
5
5
5
5
5
5
5
5
5
5
5
5
5
5
5
5
5
5
5
5
5
5
5
5
5
5
5
5
5
5
5
5
5
5
5
5
5
5
5
5
5
5
5
5
5
5
5
5
5
5
5
5
5
5
5
5
5
5
5
5
5
5
5
5
5
5
5
5
5
5
5
5
5
5
5
5
5
5
5
5
5
5
5
5
5
5
5
5
5
5
5
5
5
5
5
5
5
5
5
5
5
5
5
5
5
5
5
5
5
5
5
5
5
5
5
5
5
5
5
5
5
5
5
5
5
5
5
5
5
5
5
5
5
5
5
5
5
5
5
5
5
5
5
5
5
5
5
5
5
5
5
5
5
5
5
5
5
5
5
5
5
5
5
5
5
5
5
5
5
5
5
5
5
5
5
5
5
5
5
5
5
5
5
5
5
5
5
5
5
5
5
5
5
5
5
5
5
5
5
5
5
5
5
5
5
5
5
5
5
5
5
5
5
5
5
5
5
5
5
5
5
5
5
5
5
5
5
5
5
5
5
5
5
5
5
5
5
5
5
5
5
5
5
5
5
5
5
5
5
5
5
5
5
5
5
5
5
5
5
5
5
5
5
5
5
5
5
5
5
5
5
5
5
5
5
5
5
5
5
5
5
5
5
5
5
5
5
5
5
5
5
5
5
5
5
5
5
5
5
5
5
5
5
5
5
5
5
5
5
5
5
5
5
5
5
5
5
5
5
5
5
5
5
5
5
5
5
5
5
5
5
5
5
5
5
5
5
5
5
POINT_DATA 945
FIELD FieldData 2
VELOCITY 3 945  float
1.0000000e-01 0.0000000e+00 0.0000000e+00 
1.0000011e-01 0.0000000e+00 0.0000000e+00 
1.0000002e-01 0.0000000e+00 0.0000000e+00 
1.0000000e-01 0.0000000e+00 0.0000000e+00 
0.0000000e+00 0.0000000e+00 0.0000000e+00 
0.0000000e+00 0.0000000e+00 0.0000000e+00 
0.0000000e+00 0.0000000e+00 0.0000000e+00 
0.0000000e+00 0.0000000e+00 0.0000000e+00 
0.0000000e+00 0.0000000e+00 0.0000000e+00 
0.0000000e+00 0.0000000e+00 0.0000000e+00 
0.0000000e+00 0.0000000e+00 0.0000000e+00 
0.0000000e+00 0.0000000e+00 0.0000000e+00 
0.0000000e+00 0.0000000e+00 0.0000000e+00 
0.0000000e+00 0.0000000e+00 0.0000000e+00 
0.0000000e+00 0.0000000e+00 0.0000000e+00 
0.0000000e+00 0.0000000e+00 0.0000000e+00 
0.0000000e+00 0.0000000e+00 0.0000000e+00 
0.0000000e+00 0.0000000e+00 0.0000000e+00 
0.0000000e+00 0.0000000e+00 0.0000000e+00 
0.0000000e+00 0.0000000e+00 0.0000000e+00 
0.0000000e+00 0.0000000e+00 0.0000000e+00 
0.0000000e+00 0.0000000e+00 0.0000000e+00 
0.0000000e+00 0.0000000e+00 0.0000000e+00 
0.0000000e+00 0.0000000e+00 0.0000000e+00 
0.0000000e+00 0.0000000e+00 0.0000000e+00 
0.0000000e+00 0.0000000e+00 0.0000000e+00 
0.0000000e+00 0.0000000e+00 0.0000000e+00 
0.0000000e+00 0.0000000e+00 0.0000000e+00 
0.0000000e+00 0.0000000e+00 0.0000000e+00 
0.0000000e+00 0.0000000e+00 0.0000000e+00 
0.0000000e+00 0.0000000e+00 0.0000000e+00 
0.0000000e+00 0.0000000e+00 0.0000000e+00 
0.0000000e+00 0.0000000e+00 0.0000000e+00 
0.0000000e+00 0.0000000e+00 0.0000000e+00 
0.0000000e+00 0.0000000e+00 0.0000000e+00 
0.0000000e+00 0.0000000e+00 0.0000000e+00 
1.0017081e-01 5.8565034e-27 0.0000000e+00 
1.0078473e-01 -2.1971985e-25 0.0000000e+00 
1.0198032e-01 -2.1971985e-25 0.0000000e+00 
1.0395559e-01 -2.1971985e-25 0.0000000e+00 
1.0683300e-01 -2.5849394e-25 0.0000000e+00 
1.1056546e-01 -2.5849394e-25 0.0000000e+00 
1.1506063e-01 -2.5849394e-25 0.0000000e+00 
1.1965895e-01 0.0000000e+00 0.0000000e+00 
1.2374797e-01 8.2718061e-25 0.0000000e+00 
1.2624849e-01 0.0000000e+00 0.0000000e+00 
1.2666309e-01 -6.6174449e-24 0.0000000e+00 
1.2480988e-01 -6.6174449e-24 0.0000000e+00 
1.2110811e-01 -6.6174449e-24 0.0000000e+00 
1.1618938e-01 1.6543612e-24 0.0000000e+00 
1.1103501e-01 1.6543612e-24 0.0000000e+00 
1.0685521e-01 1.6543612e-24 0.0000000e+00 
1.0402207e-01 0.0000000e+00 0.0000000e+00 
1.0228714e-01 0.0000000e+00 0.0000000e+00 
1.0125998e-01 0.0000000e+00 0.0000000e+00 
1.0069560e-01 -1.0339758e-25 0.0000000e+00 
1.0038446e-01 -1.0339758e-25 0.0000000e+00 
1.0021399e-01 -1.0339758e-25 0.0000000e+00 
1.0011794e-01 -5.1698788e-26 0.0000000e+00 
1.0006519e-01 -5.1698788e-26 0.0000000e+00 
1.0003658e-01 -5.1698788e-26 0.0000000e+00 
1.0002020e-01 2.5849394e-26 0.0000000e+00 
1.0001124e-01 2.5849394e-26 0.0000000e+00 
1.0000624e-01 2.5849394e-26 0.0000000e+00 
1.0000347e-01 3.2311743e-27 0.0000000e+00 
1.0000194e-01 3.2311743e-27 0.0000000e+00 
1.0000110e-01 3.2311743e-27 0.0000000e+00 
1.0000063e-01 1.0476073e-27 0.0000000e+00 
1.0000037e-01 1.0476073e-27 0.0000000e+00 
1.0000023e-01 1.0476073e-27 0.0000000e+00 
1.0000015e-01 1.8175355e-27 0.0000000e+00 
1.0000009e-01 3.7511050e-08 0.0000000e+00 
1.0000005e-01 5.9812173e-08 0.0000000e+00 
1.0000001e-01 6.4086187e-08 0.0000000e+00 
9.9999972e-02 4.8522256e-08 0.0000000e+00 
9.9999942e-02 1.7362645e-08 0.0000000e+00 
9.9999934e-02 -1.5312530e-08 0.0000000e+00 
9.9999957e-02 -4.0422716e-08 0.0000000e+00 
9.9999979e-02 -3.9851155e-08 0.0000000e+00 
1.0000000e-01 -2.6875849e-08 0.0000000e+00 
1.0000005e-01 0.0000000e+00 0.0000000e+00 
1.0000011e-01 8.0779357e-28 0.0000000e+00 
1.0000023e-01 8.0779357e-28 0.0000000e+00 
1.0000046e-01 8.0779357e-28 0.0000000e+00 
1.0000090e-01 4.2409162e-27 0.0000000e+00 
1.0000165e-01 4.2409162e-27 0.0000000e+00 
1.0000310e-01 4.2409162e-27 0.0000000e+00 
1.0000581e-01 0.0000000e+00 0.0000000e+00 
1.0001058e-01 0.0000000e+00 0.0000000e+00 
1.0001911e-01 0.0000000e+00 0.0000000e+00 
1.0003471e-01 0.0000000e+00 0.0000000e+00 
1.0006361e-01 0.0000000e+00 0.0000000e+00 
1.0011609e-01 0.0000000e+00 0.0000000e+00 
1.0021181e-01 2.0679515e-25 0.0000000e+00 
1.0038564e-01 2.0679515e-25 0.0000000e+00 
1.0069788e-01 2.0679515e-25 0.0000000e+00 
1.0125951e-01 0.0000000e+00 0.0000000e+00 
1.0226929e-01 0.0000000e+00 0.0000000e+00 
1.0397550e-01 0.0000000e+00 0.0000000e+00 
1.0681497e-01 0.0000000e+00 0.0000000e+00 
1.1105264e-01 0.0000000e+00 0.0000000e+00 
1.1615535e-01 0.0000000e+00 0.0000000e+00 
1.2108118e-01 0.0000000e+00 0.0000000e+00 
1.2496837e-01 0.0000000e+00 0.0000000e+00 
1.2681109e-01 0.0000000e+00 0.0000000e+00 
1.2630244e-01 0.0000000e+00 0.0000000e+00 
1.2372640e-01 0.0000000e+00 0.0000000e+00 
1.1971717e-01 0.0000000e+00 0.0000000e+00 
1.1513706e-01 -3.1019273e-25 0.0000000e+00 
1.1062510e-01 -3.1019273e-25 0.0000000e+00 
1.0683700e-01 -3.1019273e-25 0.0000000e+00 
1.0392844e-01 -2.0679515e-25 0.0000000e+00 
1.0193256e-01 -2.0679515e-25 0.0000000e+00 
1.0075489e-01 -2.0679515e-25 0.0000000e+00 
1.0015274e-01 -1.6155871e-26 0.0000000e+00 
1.0000000e-01 0.0000000e+00 0.0000000e+00 
1.0000000e-01 0.0000000e+00 0.0000000e+00 
1.0000000e-01 0.0000000e+00 0.0000000e+00 
1.0000000e-01 0.0000000e+00 0.0000000e+00 
1.0000000e-01 0.0000000e+00 0.0000000e+00 
1.0000000e-01 0.0000000e+00 0.0000000e+00 
1.0000000e-01 0.0000000e+00 0.0000000e+00 
1.0000000e-01 0.0000000e+00 0.0000000e+00 
1.0000000e-01 0.0000000e+00 0.0000000e+00 
1.0488849e-02 8.7785935e-03 0.0000000e+00 
1.0480262e-01 -2.2150711e-03 0.0000000e+00 
1.0840177e-01 3.6966144e-03 0.0000000e+00 
1.0025153e-01 1.4027569e-04 0.0000000e+00 
1.0001276e-01 7.1815680e-06 0.0000000e+00 
1.0000105e-01 -6.0494710e-07 0.0000000e+00 
1.0462652e-01 -2.6911122e-03 0.0000000e+00 
1.0145386e-01 8.2743965e-04 0.0000000e+00 
1.0488032e-01 2.2847513e-03 0.0000000e+00 
9.9875845e-02 -1.8249615e-04 0.0000000e+00 
1.0007372e-01 -4.3944226e-05 0.0000000e+00 
1.0082018e-01 -4.6357643e-04 0.0000000e+00 
1.0000214e-01 1.2828125e-06 0.0000000e+00 
1.0000684e-01 -3.7740833e-06 0.0000000e+00 
1.1892702e-01 -4.0841606e-03 0.0000000e+00 
9.9999927e-02 5.1432853e-08 0.0000000e+00 
1.2369557e-01 3.1273286e-03 0.0000000e+00 
1.1764249e-01 3.3684503e-03 0.0000000e+00 
1.1756565e-01 -4.0861787e-03 0.0000000e+00 
1.2778662e-01 4.2727232e-04 0.0000000e+00 
1.0000040e-01 2.4060617e-07 0.0000000e+00 
1.2761764e-01 -3.1486334e-04 0.0000000e+00 
9.9948123e-02 3.8599159e-04 0.0000000e+00 
9.9999927e-02 -3.9813681e-08 0.0000000e+00 
1.0004210e-01 2.3000937e-05 0.0000000e+00 
1.0002189e-01 -1.2668683e-05 0.0000000e+00 
1.0024723e-01 -1.4484969e-04 0.0000000e+00 
1.0000025e-01 -1.8279074e-07 0.0000000e+00 
1.0000494e-01 -4.7529279e-04 0.0000000e+00 
1.0114975e-01 8.7085296e-04 0.0000000e+00 
1.0000003e-01 8.6884270e-08 0.0000000e+00 
1.0109564e-01 -1.0011699e-03 0.0000000e+00 
1.0000000e-01 -4.8283365e-08 0.0000000e+00 
1.0000016e-01 6.7558162e-08 0.0000000e+00 
1.0003819e-01 3.6198893e-04 0.0000000e+00 
1.2676035e-01 1.6384358e-03 0.0000000e+00 
1.2782115e-01 5.1216125e-03 0.0000000e+00 
1.2277492e-01 7.5249826e-03 0.0000000e+00 
1.2762314e-01 1.0744925e-02 0.0000000e+00 
1.3238361e-01 7.2848639e-03 0.0000000e+00 
1.3295849e-01 1.3824276e-02 0.0000000e+00 
1.2605645e-01 1.7344899e-02 0.0000000e+00 
1.2973450e-01 2.2284217e-02 0.0000000e+00 
1.2062167e-01 2.4862079e-02 0.0000000e+00 
1.1549116e-01 3.0782247e-02 0.0000000e+00 
1.0871662e-01 3.0537693e-02 0.0000000e+00 
9.5386378e-02 3.4555592e-02 0.0000000e+00 
9.2697009e-02 3.2276500e-02 0.0000000e+00 
7.3882729e-02 3.2578267e-02 0.0000000e+00 
7.6099269e-02 2.8435750e-02 0.0000000e+00 
5.4452859e-02 2.4231451e-02 0.0000000e+00 
6.4446241e-02 1.9001994e-02 0.0000000e+00 
4.5367230e-02 1.0273087e-02 0.0000000e+00 
6.1590977e-02 6.2243277e-03 0.0000000e+00 
7.4100964e-02 1.3584143e-02 0.0000000e+00 
7.4379519e-02 2.8759325e-03 0.0000000e+00 
5.2393533e-02 -5.3938646e-03 0.0000000e+00 
8.3154455e-02 8.8487947e-03 0.0000000e+00 
8.3906189e-02 5.6500826e-04 0.0000000e+00 
4.6942630e-03 1.3300156e-03 0.0000000e+00 
-1.1564184e-03 -2.4466959e-03 0.0000000e+00 
8.9569092e-02 5.3945109e-03 0.0000000e+00 
9.0318859e-02 6.2617971e-08 0.0000000e+00 
1.3761427e-01 7.8212274e-03 0.0000000e+00 
1.0492367e-01 2.6304737e-02 0.0000000e+00 
9.3733460e-02 3.0738174e-03 0.0000000e+00 
9.4396763e-02 -4.1862903e-04 0.0000000e+00 
3.5597086e-02 -5.8200872e-03 0.0000000e+00 
5.2208386e-02 -1.8882118e-02 0.0000000e+00 
-1.7983202e-03 1.4008806e-03 0.0000000e+00 
9.6199691e-02 1.5268987e-03 0.0000000e+00 
9.6866958e-02 -5.5458152e-04 0.0000000e+00 
9.7832739e-02 7.1990018e-04 0.0000000e+00 
9.8227583e-02 -2.8694508e-04 0.0000000e+00 
9.8766372e-02 3.8234761e-04 0.0000000e+00 
9.8992214e-02 -2.0309712e-04 0.0000000e+00 
9.9286720e-02 1.9224355e-04 0.0000000e+00 
3.6255319e-02 -1.9754337e-02 0.0000000e+00 
6.0654905e-02 -2.9005315e-02 0.0000000e+00 
7.3297173e-02 -2.8018417e-02 0.0000000e+00 
5.2479781e-02 -2.8439453e-02 0.0000000e+00 
7.7343397e-02 -3.3909693e-02 0.0000000e+00 
7.1530640e-02 -3.1837497e-02 0.0000000e+00 
9.7076066e-02 -3.4019563e-02 0.0000000e+00 
9.2968479e-02 -3.1185634e-02 0.0000000e+00 
1.1505795e-01 -3.0394269e-02 0.0000000e+00 
1.1705139e-01 -2.6626524e-02 0.0000000e+00 
1.1234917e-01 -3.1323016e-02 0.0000000e+00 
1.2876283e-01 -2.3830213e-02 0.0000000e+00 
1.3333739e-01 -1.8910745e-02 0.0000000e+00 
1.3077742e-02 -4.8760423e-03 0.0000000e+00 
4.8588592e-04 1.3661203e-03 0.0000000e+00 
9.9442221e-02 -1.2529640e-04 0.0000000e+00 
9.9596247e-02 9.1340524e-05 0.0000000e+00 
9.9701412e-02 -1.0338082e-04 0.0000000e+00 
9.9780962e-02 4.0321651e-05 0.0000000e+00 
1.3588639e-01 -1.6238745e-02 0.0000000e+00 
1.4058194e-01 -1.0799713e-02 0.0000000e+00 
8.8628121e-02 -5.1122494e-03 0.0000000e+00 
9.9839032e-02 -6.0932645e-05 0.0000000e+00 
9.9878035e-02 1.9048752e-05 0.0000000e+00 
9.9911973e-02 -3.5792516e-05 0.0000000e+00 
9.9932402e-02 8.1927174e-06 0.0000000e+00 
1.2241402e-01 2.6781011e-02 0.0000000e+00 
9.9951938e-02 -2.1049589e-05 0.0000000e+00 
9.9962659e-02 3.2791640e-06 0.0000000e+00 
9.9973351e-02 -1.2052415e-05 0.0000000e+00 
9.9979259e-02 1.2972762e-06 0.0000000e+00 
2.0584473e-02 -5.1260660e-03 0.0000000e+00 
9.9985406e-02 -6.9068597e-06 0.0000000e+00 
9.9988289e-02 4.8579238e-07 0.0000000e+00 
9.9992141e-02 -4.4450007e-06 0.0000000e+00 
9.9993557e-02 -4.6127020e-08 0.0000000e+00 
9.9995837e-02 -2.5340034e-06 0.0000000e+00 
9.9996462e-02 -1.0592012e-07 0.0000000e+00 
1.3627023e-01 -1.2864328e-02 0.0000000e+00 
1.4402965e-01 -3.7041414e-03 0.0000000e+00 
3.6618043e-02 -5.2446527e-03 0.0000000e+00 
9.8293819e-02 -1.4495025e-03 0.0000000e+00 
9.7094133e-02 3.9282572e-03 0.0000000e+00 
7.3692538e-02 3.2780018e-02 0.0000000e+00 
9.1750823e-02 1.1765860e-02 0.0000000e+00 
9.9997729e-02 -1.4151482e-06 0.0000000e+00 
9.9998049e-02 -8.7026613e-08 0.0000000e+00 
9.9998765e-02 -7.9101227e-07 0.0000000e+00 
9.9998921e-02 -5.7983929e-08 0.0000000e+00 
9.9998742e-02 6.3906072e-07 0.0000000e+00 
9.9999294e-02 3.4996745e-07 0.0000000e+00 
9.9995963e-02 2.2294355e-06 0.0000000e+00 
1.1901316e-01 1.9333016e-02 0.0000000e+00 
1.3703048e-01 -9.7563053e-03 0.0000000e+00 
9.9999338e-02 -4.4753853e-07 0.0000000e+00 
9.9977851e-02 1.5064946e-05 0.0000000e+00 
1.3016771e-01 -2.0044144e-02 0.0000000e+00 
9.9878378e-02 1.0165168e-04 0.0000000e+00 
9.9311203e-02 6.4466719e-04 0.0000000e+00 
1.4094302e-01 -3.7965579e-03 0.0000000e+00 
1.4591578e-01 4.2969459e-03 0.0000000e+00 
1.4265323e-01 2.0341936e-03 0.0000000e+00 
1.4255364e-01 8.9308983e-03 0.0000000e+00 
1.4593996e-01 1.3585147e-02 0.0000000e+00 
1.4034244e-01 1.6183764e-02 0.0000000e+00 
5.3389799e-02 4.1854411e-02 0.0000000e+00 
1.4252478e-01 2.2658354e-02 0.0000000e+00 
1.3569652e-01 2.2296049e-02 0.0000000e+00 
6.4507075e-02 2.2809310e-02 0.0000000e+00 
1.3398305e-01 1.5488902e-02 0.0000000e+00 
1.2916315e-01 1.9652301e-02 0.0000000e+00 
1.2897331e-01 2.8239341e-02 0.0000000e+00 
1.2309030e-01 2.2518380e-02 0.0000000e+00 
1.2018620e-01 2.9729094e-02 0.0000000e+00 
1.1661730e-01 2.3178259e-02 0.0000000e+00 
1.1215802e-01 2.8702253e-02 0.0000000e+00 
2.9222954e-02 3.8862344e-02 0.0000000e+00 
1.1064914e-01 2.1782741e-02 0.0000000e+00 
1.0506266e-01 2.5241105e-02 0.0000000e+00 
1.0579356e-01 1.9215211e-02 0.0000000e+00 
1.0053778e-01 2.0862019e-02 0.0000000e+00 
1.0217647e-01 1.5971210e-02 0.0000000e+00 
9.6952341e-02 1.6753750e-02 0.0000000e+00 
9.9840507e-02 1.2370052e-02 0.0000000e+00 
9.6060023e-02 1.1511100e-02 0.0000000e+00 
9.1851719e-02 1.3962790e-02 0.0000000e+00 
9.2836291e-02 9.2342123e-03 0.0000000e+00 
8.8027701e-02 9.8937741e-03 0.0000000e+00 
9.0207480e-02 6.0473154e-03 0.0000000e+00 
8.6009957e-02 4.7154352e-03 0.0000000e+00 
8.9795627e-02 2.1873023e-03 0.0000000e+00 
8.6284265e-02 -5.8873760e-04 0.0000000e+00 
9.0477400e-02 -1.3384662e-03 0.0000000e+00 
8.8548683e-02 -4.9511055e-03 0.0000000e+00 
9.2426583e-02 -4.1340101e-03 0.0000000e+00 
9.5830090e-02 7.6994542e-03 0.0000000e+00 
9.1845378e-02 -7.8064990e-03 0.0000000e+00 
8.6833246e-02 -1.0113225e-02 0.0000000e+00 
9.2639200e-02 -1.1995126e-02 0.0000000e+00 
8.8809788e-02 -1.7401973e-02 0.0000000e+00 
1.3885874e-02 -2.3074610e-02 0.0000000e+00 
9.5249049e-02 -1.6483933e-02 0.0000000e+00 
9.3842745e-02 -2.2587247e-02 0.0000000e+00 
9.2882566e-02 1.3878546e-03 0.0000000e+00 
9.4833449e-02 -5.9108585e-03 0.0000000e+00 
9.9464044e-02 -1.9896844e-02 0.0000000e+00 
9.9859521e-02 -2.6341574e-02 0.0000000e+00 
4.4762228e-02 -4.5598768e-02 0.0000000e+00 
1.0489877e-01 -2.1770298e-02 0.0000000e+00 
1.0721550e-01 -2.7931485e-02 0.0000000e+00 
7.3031940e-02 -1.3990629e-02 0.0000000e+00 
6.4141706e-02 -3.5623133e-02 0.0000000e+00 
9.9626809e-02 -1.4814659e-02 0.0000000e+00 
9.8126113e-02 2.7764510e-02 0.0000000e+00 
8.1982777e-02 -1.4725300e-02 0.0000000e+00 
1.0622177e-01 1.4226511e-02 0.0000000e+00 
8.1295066e-02 9.4368458e-03 0.0000000e+00 
1.1093697e-01 -2.1383483e-02 0.0000000e+00 
1.1549766e-01 -2.7532490e-02 0.0000000e+00 
1.0813405e-01 -1.6882865e-02 0.0000000e+00 
9.3115188e-02 -3.0883284e-02 0.0000000e+00 
9.5098004e-02 -3.2264802e-03 0.0000000e+00 
9.7148597e-02 -4.5891153e-03 0.0000000e+00 
9.7094953e-02 -2.3837702e-03 0.0000000e+00 
9.8471172e-02 -3.1798796e-03 0.0000000e+00 
1.2839328e-01 1.3702565e-02 0.0000000e+00 
1.3184968e-01 1.0011028e-02 0.0000000e+00 
1.1693241e-01 -1.9558687e-02 0.0000000e+00 
1.2229009e-01 -2.3109188e-02 0.0000000e+00 
1.2270448e-01 -3.0359874e-02 0.0000000e+00 
1.2965012e-01 -2.5876321e-02 0.0000000e+00 
1.2665293e-01 -1.8446792e-02 0.0000000e+00 
1.3325618e-01 -1.8457064e-02 0.0000000e+00 
1.3795581e-01 -2.4143940e-02 0.0000000e+00 
3.9159756e-02 5.1129907e-03 0.0000000e+00 
1.2935311e-01 -1.3347256e-02 0.0000000e+00 
1.3979787e-01 -1.5966486e-02 0.0000000e+00 
1.4492576e-01 -1.9365653e-02 0.0000000e+00 
1.1465549e-01 1.7663768e-02 0.0000000e+00 
1.1434082e-01 3.6522098e-02 0.0000000e+00 
4.0618736e-02 -2.3252472e-02 0.0000000e+00 
9.9999443e-02 8.5925745e-07 0.0000000e+00 
9.9999689e-02 4.8091351e-07 0.0000000e+00 
9.7457103e-02 -2.6120599e-02 0.0000000e+00 
9.9718362e-02 -3.3054236e-04 0.0000000e+00 
1.2425885e-01 -1.1722637e-02 0.0000000e+00 
1.4484096e-01 -1.1344995e-02 0.0000000e+00 
1.3992105e-01 -8.7472321e-03 0.0000000e+00 
1.4559035e-01 -1.0085602e-02 0.0000000e+00 
9.9148691e-02 -4.9279709e-03 0.0000000e+00 
1.4122415e-01 -2.8947191e-02 0.0000000e+00 
9.9920355e-02 -1.0106681e-04 0.0000000e+00 
9.9999607e-02 1.9382703e-07 0.0000000e+00 
1.4374284e-01 1.9575754e-02 0.0000000e+00 
1.4123727e-01 2.9566081e-02 0.0000000e+00 
9.9977791e-02 -3.0815212e-05 0.0000000e+00 
1.3474785e-01 2.2875346e-02 0.0000000e+00 
1.3300803e-01 1.1652675e-02 0.0000000e+00 
1.2728789e-01 8.9376289e-03 0.0000000e+00 
9.9998318e-02 -3.1471077e-06 0.0000000e+00 
1.3519362e-01 3.5983345e-03 0.0000000e+00 
1.4601848e-01 -3.8731238e-03 0.0000000e+00 
1.4040282e-01 -3.3334721e-04 0.0000000e+00 
1.4264125e-01 4.6149520e-03 0.0000000e+00 
1.3002966e-01 9.6135726e-03 0.0000000e+00 
9.9994346e-02 -1.1538314e-05 0.0000000e+00 
9.8490454e-02 -1.7555207e-03 0.0000000e+00 
9.7680621e-02 -7.1898615e-04 0.0000000e+00 
1.2413216e-01 -1.3585429e-02 0.0000000e+00 
1.2655595e-01 -9.1673369e-03 0.0000000e+00 
9.9808432e-02 -3.2401842e-03 0.0000000e+00 
1.2355220e-01 1.1425310e-02 0.0000000e+00 
9.9999830e-02 2.6811585e-07 0.0000000e+00 
1.3451469e-01 -4.9755038e-03 0.0000000e+00 
9.9999964e-02 7.5733931e-07 0.0000000e+00 
9.9999942e-02 1.3444242e-06 0.0000000e+00 
9.9999554e-02 -9.8435237e-07 0.0000000e+00 
9.9999756e-02 -5.1837594e-07 0.0000000e+00 
1.3295817e-01 3.5009701e-02 0.0000000e+00 
1.3542394e-01 3.8166914e-02 0.0000000e+00 
1.2761074e-01 4.5830324e-02 0.0000000e+00 
9.9999636e-02 -2.3534933e-07 0.0000000e+00 
9.9999875e-02 -2.7643526e-07 0.0000000e+00 
1.3507847e-01 1.3056497e-02 0.0000000e+00 
1.1698139e-01 1.7458510e-02 0.0000000e+00 
1.0134294e-01 1.3202000e-02 0.0000000e+00 
8.6928912e-02 1.9243985e-02 0.0000000e+00 
6.3848406e-02 1.4394434e-02 0.0000000e+00 
5.4064002e-02 1.6123353e-02 0.0000000e+00 
7.6339476e-02 2.2339132e-02 0.0000000e+00 
4.6752855e-02 1.7775053e-02 0.0000000e+00 
1.0096984e-01 -4.3387348e-03 0.0000000e+00 
1.0104544e-01 -6.5737357e-03 0.0000000e+00 
1.0000046e-01 9.0526510e-07 0.0000000e+00 
6.7619257e-02 2.5004257e-02 0.0000000e+00 
4.1252431e-02 1.9706087e-02 0.0000000e+00 
2.2465907e-02 1.0933477e-02 0.0000000e+00 
2.0166038e-02 1.2907956e-02 0.0000000e+00 
9.9999785e-02 -1.2057816e-07 0.0000000e+00 
7.5165652e-02 1.1441169e-02 0.0000000e+00 
1.2336842e-01 7.1555837e-03 0.0000000e+00 
1.3058513e-01 5.1172897e-03 0.0000000e+00 
1.3113153e-01 -7.9240985e-03 0.0000000e+00 
9.9999912e-02 -1.5376125e-07 0.0000000e+00 
1.2769589e-01 -5.2755815e-03 0.0000000e+00 
9.8905802e-02 -6.6993956e-04 0.0000000e+00 
9.8576814e-02 2.3890105e-04 0.0000000e+00 
9.9361226e-02 -1.1940623e-03 0.0000000e+00 
9.6957125e-02 8.9120597e-04 0.0000000e+00 
9.8486818e-02 1.4655180e-03 0.0000000e+00 
9.7496890e-02 2.7317780e-03 0.0000000e+00 
9.8980933e-02 2.5274260e-03 0.0000000e+00 
9.8528109e-02 4.4547794e-03 0.0000000e+00 
9.9932745e-02 3.3051982e-03 0.0000000e+00 
1.0045877e-01 5.0115334e-03 0.0000000e+00 
9.9828139e-02 1.9897271e-03 0.0000000e+00 
6.9797798e-03 5.0915442e-03 0.0000000e+00 
6.7498772e-03 7.0009520e-03 0.0000000e+00 
2.0957876e-02 1.5018175e-02 0.0000000e+00 
-7.8285544e-04 1.6865948e-03 0.0000000e+00 
2.2750781e-04 2.2716145e-03 0.0000000e+00 
9.9999778e-02 1.0867160e-07 0.0000000e+00 
1.0125998e-01 3.3752655e-03 0.0000000e+00 
1.2397746e-01 -6.0243444e-03 0.0000000e+00 
-2.9631585e-03 6.8063819e-05 0.0000000e+00 
2.1599459e-04 -1.9362202e-03 0.0000000e+00 
-3.4661562e-04 -2.0078372e-03 0.0000000e+00 
6.7116651e-03 -7.1135773e-03 0.0000000e+00 
7.9919109e-03 -6.0724858e-03 0.0000000e+00 
1.1268458e-01 2.2695558e-02 0.0000000e+00 
1.4420322e-01 1.9132142e-03 0.0000000e+00 
1.2733002e-01 4.3722466e-02 0.0000000e+00 
1.1911330e-01 5.2076709e-02 0.0000000e+00 
1.3080397e-01 -3.7730550e-03 0.0000000e+00 
1.3833944e-01 4.9797338e-03 0.0000000e+00 
1.3782948e-01 -2.0103400e-04 0.0000000e+00 
9.9328458e-02 6.3445873e-04 0.0000000e+00 
1.2698732e-01 -4.7351001e-03 0.0000000e+00 
9.9602133e-02 -1.2058475e-02 0.0000000e+00 
9.8472744e-02 -1.6876204e-02 0.0000000e+00 
6.8110228e-02 -1.4721605e-02 0.0000000e+00 
1.0003838e-01 -5.6929076e-03 0.0000000e+00 
4.1606398e-03 6.3626899e-04 0.0000000e+00 
3.9466325e-02 1.0384569e-02 0.0000000e+00 
1.0000010e-01 -7.1215555e-07 0.0000000e+00 
1.0000020e-01 -1.4767270e-06 0.0000000e+00 
9.4036177e-02 2.6918989e-02 0.0000000e+00 
7.1398042e-02 -1.8296400e-02 0.0000000e+00 
4.1293696e-02 -1.2550815e-02 0.0000000e+00 
4.7185868e-02 -1.6202319e-02 0.0000000e+00 
2.2025349e-02 -8.1335166e-03 0.0000000e+00 
3.0404733e-02 -1.3599699e-02 0.0000000e+00 
5.3630635e-02 -2.1368908e-02 0.0000000e+00 
9.9999905e-02 1.3719355e-07 0.0000000e+00 
1.0000001e-01 2.3427796e-07 0.0000000e+00 
4.5403265e-04 2.2210417e-04 0.0000000e+00 
1.0077159e-01 -2.7192647e-03 0.0000000e+00 
1.0009129e-01 -1.9931875e-03 0.0000000e+00 
1.4259496e-01 4.5307167e-03 0.0000000e+00 
1.8740360e-02 -1.2099398e-02 0.0000000e+00 
1.4169279e-01 -2.2928003e-02 0.0000000e+00 
1.3631947e-01 -3.0537775e-02 0.0000000e+00 
1.3550206e-01 -3.8304772e-02 0.0000000e+00 
1.2636492e-01 -4.0410135e-02 0.0000000e+00 
1.2657575e-01 -4.7233749e-02 0.0000000e+00 
1.3166496e-01 -1.9577341e-02 0.0000000e+00 
8.2380094e-02 -2.2565514e-02 0.0000000e+00 
7.4935533e-02 -1.9356595e-02 0.0000000e+00 
7.5507671e-02 -1.0830160e-02 0.0000000e+00 
6.6637456e-02 -1.3261628e-02 0.0000000e+00 
6.4984567e-02 -2.4499042e-02 0.0000000e+00 
5.4288372e-02 -1.6028225e-02 0.0000000e+00 
5.9953399e-02 -4.3395762e-03 0.0000000e+00 
4.5804948e-02 -2.7584746e-03 0.0000000e+00 
5.6391291e-02 7.6272488e-03 0.0000000e+00 
6.7101292e-02 3.5556059e-03 0.0000000e+00 
6.6733852e-02 1.3151481e-02 0.0000000e+00 
5.8017902e-02 2.0993175e-02 0.0000000e+00 
6.9843471e-02 2.2612844e-02 0.0000000e+00 
6.4556353e-02 3.3227038e-02 0.0000000e+00 
7.6181188e-02 3.0512260e-02 0.0000000e+00 
7.5438313e-02 4.1776203e-02 0.0000000e+00 
7.9435714e-02 2.1701077e-02 0.0000000e+00 
4.8841979e-02 3.1846747e-02 0.0000000e+00 
5.2718725e-02 -3.0895153e-02 0.0000000e+00 
6.6982187e-02 -3.7089489e-02 0.0000000e+00 
5.5452120e-02 -4.5820463e-02 0.0000000e+00 
7.3679768e-02 -4.8599914e-02 0.0000000e+00 
8.5104696e-02 3.5579115e-02 0.0000000e+00 
8.7996133e-02 4.5580808e-02 0.0000000e+00 
7.7501222e-02 5.3614784e-02 0.0000000e+00 
9.3794405e-02 5.4849546e-02 0.0000000e+00 
9.9635094e-02 4.5307562e-02 0.0000000e+00 
7.9199627e-02 -3.8203403e-02 0.0000000e+00 
8.7259650e-02 -4.6175808e-02 0.0000000e+00 
8.5463807e-02 -5.6155756e-02 0.0000000e+00 
9.8473296e-02 -5.0416362e-02 0.0000000e+00 
9.9542685e-02 -5.8094647e-02 0.0000000e+00 
1.1033724e-01 -5.0541475e-02 0.0000000e+00 
1.0558987e-01 -4.2630773e-02 0.0000000e+00 
6.2982808e-03 2.1214283e-03 0.0000000e+00 
1.0692967e-01 5.0405972e-02 0.0000000e+00 
4.3538455e-02 4.4344213e-02 0.0000000e+00 
1.0000005e-01 -2.3296579e-07 0.0000000e+00 
1.1538070e-01 -4.1552741e-02 0.0000000e+00 
1.3708967e-01 1.5155870e-02 0.0000000e+00 
1.2919363e-01 -3.9994117e-02 0.0000000e+00 
9.7444624e-02 3.2896239e-02 0.0000000e+00 
1.0263238e-01 5.8382206e-02 0.0000000e+00 
3.1407923e-02 -4.1504521e-02 0.0000000e+00 
5.5976901e-02 -4.2932808e-02 0.0000000e+00 
2.1136276e-02 -5.9884260e-03 0.0000000e+00 
6.0817599e-02 1.7610899e-03 0.0000000e+00 
3.9035962e-03 -1.0333699e-03 0.0000000e+00 
6.6718221e-02 -2.4854470e-02 0.0000000e+00 
-1.6270358e-03 -1.4696366e-03 0.0000000e+00 
1.8566107e-02 2.7534820e-02 0.0000000e+00 
1.0274641e-01 4.9445704e-03 0.0000000e+00 
1.0213058e-01 7.1657654e-03 0.0000000e+00 
1.0470566e-01 6.6186474e-03 0.0000000e+00 
5.4638825e-02 -9.0279809e-04 0.0000000e+00 
8.7120600e-02 -2.2403755e-04 0.0000000e+00 
2.8840076e-02 8.4158527e-03 0.0000000e+00 
3.6825616e-02 2.1350652e-02 0.0000000e+00 
1.0308521e-01 -4.9667046e-03 0.0000000e+00 
1.0387759e-01 -7.7477330e-03 0.0000000e+00 
1.2178206e-01 4.8216032e-03 0.0000000e+00 
1.0485336e-01 3.4822941e-02 0.0000000e+00 
1.3487644e-02 -1.2846031e-02 0.0000000e+00 
1.2003268e-01 -2.1688810e-02 0.0000000e+00 
1.0952011e-01 -4.8147932e-02 0.0000000e+00 
1.0000027e-01 5.1884615e-07 0.0000000e+00 
6.2105779e-02 3.3395670e-02 0.0000000e+00 
1.1982975e-01 9.1055129e-03 0.0000000e+00 
8.0264978e-02 1.6964276e-03 0.0000000e+00 
8.3305761e-02 -4.7693779e-03 0.0000000e+00 
1.3394207e-01 2.4047426e-03 0.0000000e+00 
1.3320668e-01 -1.8573257e-03 0.0000000e+00 
8.5461818e-02 1.5635135e-02 0.0000000e+00 
9.0414010e-02 2.0470904e-02 0.0000000e+00 
1.2607625e-01 1.9851299e-02 0.0000000e+00 
1.2938461e-01 1.4301477e-03 0.0000000e+00 
1.0816496e-01 2.9232376e-03 0.0000000e+00 
1.1279833e-01 4.1282601e-03 0.0000000e+00 
1.0000086e-01 1.5851044e-06 0.0000000e+00 
9.9999949e-02 2.4068231e-06 0.0000000e+00 
1.0815848e-01 -2.9717372e-03 0.0000000e+00 
1.0108593e-01 -1.0499448e-02 0.0000000e+00 
1.0500595e-01 -1.1102907e-02 0.0000000e+00 
1.0721479e-01 -8.2891788e-03 0.0000000e+00 
9.7960606e-02 -7.7211992e-03 0.0000000e+00 
1.0915592e-01 -1.1990494e-02 0.0000000e+00 
1.1137404e-01 -7.8502540e-03 0.0000000e+00 
1.1430223e-01 -1.0550803e-02 0.0000000e+00 
1.1920661e-01 3.9857621e-03 0.0000000e+00 
1.1728664e-01 8.7704835e-03 0.0000000e+00 
1.1390047e-01 4.3439674e-03 0.0000000e+00 
1.1125904e-01 9.3190586e-03 0.0000000e+00 
1.0596222e-01 7.6030195e-03 0.0000000e+00 
1.0593718e-01 1.2611151e-02 0.0000000e+00 
1.0101980e-01 9.2324466e-03 0.0000000e+00 
1.0270312e-01 5.5913921e-03 0.0000000e+00 
9.9627592e-02 5.7300357e-03 0.0000000e+00 
1.0106891e-01 3.6560751e-03 0.0000000e+00 
1.0282198e-01 3.0951460e-03 0.0000000e+00 
1.2355068e-01 -3.4253164e-03 0.0000000e+00 
1.2233441e-01 -8.2511948e-03 0.0000000e+00 
1.1654487e-01 -8.6999265e-03 0.0000000e+00 
1.2040593e-01 -1.4724496e-02 0.0000000e+00 
1.1289189e-01 -1.3895547e-02 0.0000000e+00 
1.1146620e-01 -8.2536023e-03 0.0000000e+00 
1.0748870e-01 -1.1507616e-02 0.0000000e+00 
1.0632193e-01 -1.7713062e-02 0.0000000e+00 
1.0193358e-01 -1.3075741e-02 0.0000000e+00 
9.7560704e-02 -1.8617256e-02 0.0000000e+00 
1.0379361e-01 -8.5442122e-03 0.0000000e+00 
9.9442147e-02 -8.4928442e-03 0.0000000e+00 
1.0168157e-01 -5.6415778e-03 0.0000000e+00 
1.0224479e-01 -2.4727348e-02 0.0000000e+00 
9.8750003e-02 -5.0115045e-03 0.0000000e+00 
1.0054755e-01 -3.3763587e-03 0.0000000e+00 
1.2698559e-01 -5.9045642e-03 0.0000000e+00 
1.2670590e-01 -1.7749887e-03 0.0000000e+00 
1.1398419e-01 -2.1570513e-02 0.0000000e+00 
1.2677088e-01 -1.1468119e-02 0.0000000e+00 
9.5097005e-02 -6.9780308e-03 0.0000000e+00 
1.2149439e-01 -2.1089567e-02 0.0000000e+00 
9.6586309e-02 -3.0535585e-03 0.0000000e+00 
8.6096391e-02 -2.3984449e-02 0.0000000e+00 
8.7476507e-02 -1.5458011e-02 0.0000000e+00 
7.6624513e-02 -1.4928004e-02 0.0000000e+00 
1.0807755e-01 5.1307913e-02 0.0000000e+00 
1.0835460e-01 6.8026595e-03 0.0000000e+00 
1.1295877e-01 8.5764052e-03 0.0000000e+00 
6.1099514e-02 4.5470167e-02 0.0000000e+00 
4.3336309e-02 1.4310018e-02 0.0000000e+00 
1.2505022e-01 -3.1951885e-03 0.0000000e+00 
1.1088405e-01 1.5378614e-02 0.0000000e+00 
1.0438938e-01 1.9433007e-02 0.0000000e+00 
9.9597543e-02 1.4393239e-02 0.0000000e+00 
9.4490580e-02 2.0001009e-02 0.0000000e+00 
1.0503750e-01 9.7306743e-03 0.0000000e+00 
1.0246328e-01 -1.4157653e-03 0.0000000e+00 
9.9856488e-02 1.9318202e-04 0.0000000e+00 
1.0256718e-01 1.4132073e-03 0.0000000e+00 
3.7532259e-02 -1.8100508e-02 0.0000000e+00 
1.0853482e-01 -3.7207520e-03 0.0000000e+00 
2.5663316e-02 9.4244489e-03 0.0000000e+00 
9.9946313e-02 -3.8152369e-04 0.0000000e+00 
1.0580457e-01 -5.2919001e-03 0.0000000e+00 
1.2588233e-01 2.0852853e-03 0.0000000e+00 
9.9379907e-04 -1.2070733e-03 0.0000000e+00 
1.0000119e-01 7.4740626e-07 0.0000000e+00 
8.2841538e-02 -1.5720028e-03 0.0000000e+00 
2.3382500e-02 6.3955071e-03 0.0000000e+00 
6.0190346e-02 1.1180012e-02 0.0000000e+00 
6.6021912e-02 -1.1760527e-02 0.0000000e+00 
9.5865473e-02 -1.2450083e-02 0.0000000e+00 
1.1251655e-01 -3.8755359e-03 0.0000000e+00 
7.9272240e-02 6.0552254e-02 0.0000000e+00 
1.5571002e-02 6.9264737e-03 0.0000000e+00 
1.1891405e-01 -2.6340496e-02 0.0000000e+00 
1.0270134e-01 -1.3963460e-03 0.0000000e+00 
1.0149303e-01 -8.2642451e-04 0.0000000e+00 
1.0066851e-01 -1.0934690e-03 0.0000000e+00 
1.0035520e-01 -6.0877099e-04 0.0000000e+00 
1.0001196e-01 -9.6155878e-04 0.0000000e+00 
9.9967934e-02 -5.3961482e-04 0.0000000e+00 
1.0003953e-01 -1.8287695e-03 0.0000000e+00 
9.9398486e-02 -1.2548314e-03 0.0000000e+00 
1.0125656e-01 -1.9617660e-03 0.0000000e+00 
1.0018921e-01 -3.4205784e-04 0.0000000e+00 
9.9978551e-02 -2.9983217e-04 0.0000000e+00 
1.3052808e-01 8.4537663e-04 0.0000000e+00 
1.0001315e-01 4.7036790e-04 0.0000000e+00 
1.0020421e-01 1.1095072e-03 0.0000000e+00 
9.5857300e-02 -1.0001212e-03 0.0000000e+00 
1.1288371e-01 -1.5456155e-02 0.0000000e+00 
1.1885729e-01 -1.3706168e-02 0.0000000e+00 
1.1804131e-01 -8.3213644e-03 0.0000000e+00 
1.1880936e-01 1.3731779e-02 0.0000000e+00 
7.3959589e-02 7.7167517e-03 0.0000000e+00 
1.3204901e-01 -6.9527170e-03 0.0000000e+00 
1.1332910e-01 -5.4676510e-02 0.0000000e+00 
1.0010143e-01 -1.8997247e-04 0.0000000e+00 
9.9986896e-02 -1.6422149e-04 0.0000000e+00 
1.0005511e-01 -1.0546108e-04 0.0000000e+00 
9.9993408e-02 -8.8043205e-05 0.0000000e+00 
1.0002994e-01 -5.6334971e-05 0.0000000e+00 
1.0005052e-01 -3.8638737e-04 0.0000000e+00 
9.9858530e-02 -1.8121937e-04 0.0000000e+00 
9.9625081e-02 -6.8450166e-04 0.0000000e+00 
1.0004000e-01 -2.4008436e-05 0.0000000e+00 
1.0001487e-01 -2.8889233e-05 0.0000000e+00 
1.0000969e-01 -1.5506435e-05 0.0000000e+00 
9.9998116e-02 -2.3643224e-05 0.0000000e+00 
9.9580653e-02 6.9346000e-03 0.0000000e+00 
2.7429467e-02 1.8215885e-03 0.0000000e+00 
1.3649224e-01 2.9892867e-02 0.0000000e+00 
1.0199558e-01 -3.4121118e-02 0.0000000e+00 
1.1751929e-01 4.4489592e-02 0.0000000e+00 
9.9999972e-02 -5.8768205e-08 0.0000000e+00 
1.0080657e-01 4.6265780e-04 0.0000000e+00 
1.0063368e-01 1.0667514e-03 0.0000000e+00 
1.0035033e-01 5.9312163e-04 0.0000000e+00 
1.0007358e-01 9.1727963e-04 0.0000000e+00 
1.0002127e-01 5.0596939e-04 0.0000000e+00 
1.0015235e-01 1.6617737e-03 0.0000000e+00 
1.0120482e-01 1.9984418e-03 0.0000000e+00 
1.0019495e-01 3.2756510e-04 0.0000000e+00 
1.0002328e-01 2.7595647e-04 0.0000000e+00 
9.9848181e-02 3.4120653e-04 0.0000000e+00 
1.0013569e-01 -8.0568323e-05 0.0000000e+00 
9.9999972e-02 8.6266219e-08 0.0000000e+00 
1.0045282e-01 -2.5832641e-04 0.0000000e+00 
9.9999912e-02 1.0003481e-09 0.0000000e+00 
1.0000163e-01 2.8234469e-06 0.0000000e+00 
1.0000003e-01 4.3395125e-06 0.0000000e+00 
1.0000301e-01 5.0601461e-06 0.0000000e+00 
1.0000022e-01 7.8034664e-06 0.0000000e+00 
9.9997051e-02 5.1929701e-06 0.0000000e+00 
9.9994957e-02 9.4281177e-06 0.0000000e+00 
1.0000068e-01 1.3945879e-05 0.0000000e+00 
9.9991396e-02 1.7209817e-05 0.0000000e+00 
1.0000183e-01 2.5052792e-05 0.0000000e+00 
9.9985510e-02 3.1601179e-05 0.0000000e+00 
1.0000477e-01 4.4956549e-05 0.0000000e+00 
9.9975921e-02 5.8323654e-05 0.0000000e+00 
1.0001104e-01 8.0840080e-05 0.0000000e+00 
9.9959806e-02 1.0585643e-04 0.0000000e+00 
1.0001899e-01 1.4814934e-04 0.0000000e+00 
1.0006523e-01 9.2405047e-05 0.0000000e+00 
9.9960789e-02 2.8591317e-05 0.0000000e+00 
9.9992834e-02 4.2877346e-06 0.0000000e+00 
9.9998288e-02 2.8317327e-06 0.0000000e+00 
2.6233032e-02 8.5209468e-03 0.0000000e+00 
1.0000359e-01 -2.2032800e-06 0.0000000e+00 
1.0000294e-01 -5.1716911e-06 0.0000000e+00 
1.0000131e-01 -2.6025753e-06 0.0000000e+00 
1.0002302e-01 1.2699114e-05 0.0000000e+00 
1.0000710e-01 3.9703550e-06 0.0000000e+00 
1.0000055e-01 -3.4006442e-07 0.0000000e+00 
1.0000198e-01 -1.0883865e-06 0.0000000e+00 
9.9999115e-02 -1.7159126e-06 0.0000000e+00 
1.0000002e-01 -4.2621306e-07 0.0000000e+00 
1.0000011e-01 -1.0778292e-07 0.0000000e+00 
9.9996917e-02 -5.7357129e-06 0.0000000e+00 
1.0000005e-01 -8.6022483e-06 0.0000000e+00 
9.9999018e-02 1.5526855e-06 0.0000000e+00 
9.9999979e-02 4.2319573e-07 0.0000000e+00 
1.0000001e-01 -1.0735688e-07 0.0000000e+00 
9.6601047e-02 4.6300502e-03 0.0000000e+00 
9.5526583e-02 2.4282618e-03 0.0000000e+00 
9.9997744e-02 1.1844447e-06 0.0000000e+00 
1.0000025e-01 1.2795559e-07 0.0000000e+00 
1.0000014e-01 1.5664563e-07 0.0000000e+00 
1.0014933e-01 -9.9828723e-04 0.0000000e+00 
1.0044803e-01 2.5433948e-04 0.0000000e+00 
9.9999405e-02 -3.6366320e-08 0.0000000e+00 
9.9987440e-02 7.9954334e-06 0.0000000e+00 
6.4105831e-02 -5.6165159e-02 0.0000000e+00 
1.1194554e-01 3.5822283e-02 0.0000000e+00 
9.9999659e-02 -1.5816456e-08 0.0000000e+00 
5.7482302e-02 2.6647730e-02 0.0000000e+00 
4.2176180e-02 2.4580471e-02 0.0000000e+00 
-1.1552175e-03 2.4065515e-03 0.0000000e+00 
9.4791770e-02 3.6503308e-02 0.0000000e+00 
9.9930905e-02 5.4238422e-05 0.0000000e+00 
9.8820440e-02 1.1802438e-03 0.0000000e+00 
9.9999867e-02 -5.1441038e-08 0.0000000e+00 
9.9959821e-02 -5.5145221e-05 0.0000000e+00 
1.2371157e-01 3.6533106e-02 0.0000000e+00 
1.3487564e-01 -5.8758683e-03 0.0000000e+00 
9.9519067e-02 -1.1316042e-05 0.0000000e+00 
1.0257623e-01 -3.2895925e-03 0.0000000e+00 
1.1380877e-01 -4.0353886e-03 0.0000000e+00 
9.9000171e-02 -2.8266578e-03 0.0000000e+00 
1.9843388e-02 -1.3475146e-02 0.0000000e+00 
9.8063320e-02 2.1528972e-03 0.0000000e+00 
1.0000017e-01 2.9386851e-07 0.0000000e+00 
7.5206771e-02 -2.8768094e-02 0.0000000e+00 
9.4864592e-02 -9.1555240e-03 0.0000000e+00 
1.2549765e-02 -6.1704507e-03 0.0000000e+00 
1.0000394e-01 2.2528548e-06 0.0000000e+00 
1.2210173e-01 3.0720427e-03 0.0000000e+00 
9.9863499e-02 -1.0407808e-03 0.0000000e+00 
1.0035252e-01 -5.9636089e-04 0.0000000e+00 
9.9858485e-02 1.0240872e-03 0.0000000e+00 
1.0052526e-01 1.9938096e-03 0.0000000e+00 
6.8271339e-02 8.2735624e-03 0.0000000e+00 
1.3452159e-01 -3.1846814e-02 0.0000000e+00 
9.9998273e-02 -4.5528159e-05 0.0000000e+00 
9.2973327e-03 8.1183342e-03 0.0000000e+00 
1.0035549e-01 5.5677159e-04 0.0000000e+00 
1.0929266e-01 1.1453842e-02 0.0000000e+00 
1.0001250e-01 -6.5484460e-06 0.0000000e+00 
1.0000009e-01 7.9135987e-08 0.0000000e+00 
9.9210553e-02 3.4194980e-03 0.0000000e+00 
9.6476577e-02 7.4449508e-03 0.0000000e+00 
1.2178921e-01 1.2528454e-02 0.0000000e+00 
1.0932055e-01 -2.8835021e-02 0.0000000e+00 
9.2950642e-02 -3.1400476e-02 0.0000000e+00 
7.0307881e-02 -4.4312831e-03 0.0000000e+00 
9.3886711e-02 -5.6689713e-02 0.0000000e+00 
7.3619937e-03 -6.1438410e-03 0.0000000e+00 
1.0000005e-01 -4.8257078e-08 0.0000000e+00 
1.1073918e-01 -3.4571432e-02 0.0000000e+00 
9.9999860e-02 3.9787519e-08 0.0000000e+00 
1.3952674e-01 1.3169660e-03 0.0000000e+00 
1.0000539e-01 8.9838404e-06 0.0000000e+00 
1.2408389e-01 1.6479902e-02 0.0000000e+00 
1.0000069e-01 4.2178465e-07 0.0000000e+00 
9.9336177e-02 -2.1875608e-03 0.0000000e+00 
9.3361832e-02 4.8638317e-03 0.0000000e+00 
1.4061785e-01 -4.4354298e-03 0.0000000e+00 
3.6880482e-02 -1.8884396e-02 0.0000000e+00 
1.2954812e-01 -2.3365139e-03 0.0000000e+00 
9.9361114e-02 1.4874745e-03 0.0000000e+00 
1.3484457e-01 -1.1737068e-02 0.0000000e+00 
1.0014578e-01 7.5509080e-05 0.0000000e+00 
8.0662243e-02 -7.5930497e-03 0.0000000e+00 
1.0493023e-01 -5.1315404e-03 0.0000000e+00 
9.9985413e-02 -1.6852831e-05 0.0000000e+00 
8.4386744e-02 -2.9971763e-02 0.0000000e+00 
1.0984566e-01 8.7591127e-04 0.0000000e+00 
1.0000984e-01 1.5924827e-05 0.0000000e+00 
9.7048670e-02 -1.1566177e-02 0.0000000e+00 
5.7107884e-02 5.4369271e-02 0.0000000e+00 
1.1277515e-01 1.0416900e-02 0.0000000e+00 
1.3705026e-01 1.0316624e-02 0.0000000e+00 
6.7724414e-02 -6.5434058e-03 0.0000000e+00 
1.4141333e-01 8.1156855e-03 0.0000000e+00 
1.1336908e-01 2.4672631e-02 0.0000000e+00 
1.4350431e-01 -4.6855612e-03 0.0000000e+00 
1.0452266e-01 2.2828331e-02 0.0000000e+00 
7.6492473e-02 1.5057859e-02 0.0000000e+00 
9.7350150e-02 -3.4067422e-02 0.0000000e+00 
1.0345135e-01 -1.6858732e-02 0.0000000e+00 
1.1973906e-02 4.7355336e-03 0.0000000e+00 
1.0484766e-01 2.0492151e-03 0.0000000e+00 
9.1135666e-02 2.7027033e-02 0.0000000e+00 
8.4972918e-02 2.6338650e-02 0.0000000e+00 
9.1694683e-02 2.7913345e-02 0.0000000e+00 
1.0011698e-01 1.7262531e-04 0.0000000e+00 
6.1428897e-02 -2.6796827e-02 0.0000000e+00 
1.1936609e-01 1.8618686e-02 0.0000000e+00 
1.1368610e-01 1.3151500e-02 0.0000000e+00 
1.2844117e-01 2.5704675e-03 0.0000000e+00 
9.9925742e-02 1.8875675e-04 0.0000000e+00 
1.2360357e-01 -2.6459033e-02 0.0000000e+00 
1.0213526e-01 -3.1439757e-03 0.0000000e+00 
1.2142904e-01 -3.2964069e-03 0.0000000e+00 
8.1579722e-02 2.2377893e-02 0.0000000e+00 
9.9510618e-02 -5.0386152e-04 0.0000000e+00 
1.2627590e-01 4.9401093e-03 0.0000000e+00 
1.0266963e-01 1.3342539e-03 0.0000000e+00 
2.9979922e-02 2.3786644e-02 0.0000000e+00 
9.3581975e-02 -1.2237952e-03 0.0000000e+00 
1.0001839e-01 2.8469391e-05 0.0000000e+00 
1.1011302e-01 1.6218554e-02 0.0000000e+00 
1.3227664e-01 -1.3594337e-02 0.0000000e+00 
7.8506641e-02 -5.9702776e-02 0.0000000e+00 
1.0000565e-01 -9.0500989e-06 0.0000000e+00 
9.9774234e-02 1.8882060e-04 0.0000000e+00 
3.7742268e-02 -1.0721502e-02 0.0000000e+00 
1.0691467e-04 -5.7425066e-05 0.0000000e+00 
1.2085833e-01 -4.6678625e-02 0.0000000e+00 
1.3110165e-01 3.5862166e-02 0.0000000e+00 
9.6568123e-02 -4.0920999e-02 0.0000000e+00 
1.2789179e-01 -2.4241263e-03 0.0000000e+00 
6.7152247e-02 -1.8088656e-02 0.0000000e+00 
1.2145471e-01 -1.7311215e-02 0.0000000e+00 
1.0908401e-01 4.2709861e-02 0.0000000e+00 
3.4651682e-02 -3.3586416e-02 0.0000000e+00 
1.0000000e-01 1.3840156e-07 0.0000000e+00 
1.0003414e-01 4.9942577e-05 0.0000000e+00 
8.4886737e-02 1.6019827e-02 0.0000000e+00 
9.8244317e-02 9.0307752e-03 0.0000000e+00 
-2.4982376e-03 2.1235670e-04 0.0000000e+00 
5.5945091e-02 -8.3672842e-03 0.0000000e+00 
1.2210920e-01 -9.5478799e-03 0.0000000e+00 
9.9999875e-02 -4.5962511e-06 0.0000000e+00 
2.2833934e-02 1.5844285e-02 0.0000000e+00 
7.7525891e-02 -4.4653546e-03 0.0000000e+00 
9.2797756e-02 -3.4708823e-03 0.0000000e+00 
1.2839258e-01 2.7802803e-03 0.0000000e+00 
1.0141861e-01 1.9863034e-03 0.0000000e+00 
4.1244473e-02 4.2070352e-02 0.0000000e+00 
1.0728917e-01 -7.4736620e-03 0.0000000e+00 
1.0007474e-01 3.7567301e-05 0.0000000e+00 
-3.0967887e-03 -1.9811324e-04 0.0000000e+00 
1.8970152e-02 -1.4201427e-02 0.0000000e+00 
1.0370377e-02 3.2781565e-03 0.0000000e+00 
1.1477318e-01 -6.9238022e-03 0.0000000e+00 
9.9599630e-02 3.3800068e-04 0.0000000e+00 
1.0057002e-01 -1.5817591e-03 0.0000000e+00 
9.8968312e-02 -7.2826189e-04 0.0000000e+00 
7.3711991e-02 8.6016807e-04 0.0000000e+00 
9.7614452e-02 -2.1409903e-02 0.0000000e+00 
9.9999756e-02 -2.6272403e-06 0.0000000e+00 
9.9697337e-02 7.0864387e-04 0.0000000e+00 
1.3770372e-01 1.4710779e-02 0.0000000e+00 
3.5550661e-02 2.0098725e-02 0.0000000e+00 
8.8220969e-02 -3.7181899e-02 0.0000000e+00 
1.3355945e-01 -3.3086954e-04 0.0000000e+00 
1.0704346e-01 3.0188475e-02 0.0000000e+00 
8.4978305e-02 3.0069908e-02 0.0000000e+00 
9.9999785e-02 -7.9776408e-09 0.0000000e+00 
7.3726274e-02 -2.2405803e-02 0.0000000e+00 
1.0007445e-01 -1.7241518e-04 0.0000000e+00 
1.0415954e-01 -3.2217082e-02 0.0000000e+00 
1.0007378e-01 1.5666483e-04 0.0000000e+00 
9.9750124e-02 6.3669618e-04 0.0000000e+00 
1.0299096e-01 1.2424909e-02 0.0000000e+00 
1.0114041e-01 9.6515771e-03 0.0000000e+00 
1.3853341e-01 -3.5639117e-03 0.0000000e+00 
1.0346652e-01 -1.1848777e-02 0.0000000e+00 
9.9999934e-02 -8.3971294e-08 0.0000000e+00 
8.5467704e-02 5.4030240e-02 0.0000000e+00 
8.5680634e-02 2.0719750e-02 0.0000000e+00 
1.1019216e-02 -3.3764846e-03 0.0000000e+00 
1.0000012e-01 3.4675573e-08 0.0000000e+00 
1.3622425e-01 -4.6613053e-03 0.0000000e+00 
1.0000093e-01 -1.2114974e-06 0.0000000e+00 
9.9349990e-02 2.0535316e-03 0.0000000e+00 
1.2680382e-01 -1.6828308e-02 0.0000000e+00 
1.0000002e-01 -2.4247324e-08 0.0000000e+00 
5.5521529e-02 2.9000346e-02 0.0000000e+00 
7.6227464e-02 -2.6630020e-02 0.0000000e+00 
1.0000089e-01 -1.4173814e-05 0.0000000e+00 
1.8244835e-02 -6.2137078e-03 0.0000000e+00 
1.1721414e-01 -2.6423456e-02 0.0000000e+00 
1.1621603e-01 1.0219295e-02 0.0000000e+00 
1.2299671e-01 -8.0927014e-03 0.0000000e+00 
1.1736613e-01 -3.4342244e-02 0.0000000e+00 
9.9597342e-02 1.1708281e-03 0.0000000e+00 
1.1663202e-01 1.4316907e-02 0.0000000e+00 
1.2274572e-01 -3.7806194e-02 0.0000000e+00 
1.3403121e-01 6.2666773e-03 0.0000000e+00 
1.2056776e-01 -6.2647201e-03 0.0000000e+00 
2.0531533e-02 -1.1691395e-02 0.0000000e+00 
1.0309661e-01 2.9803719e-03 0.0000000e+00 
8.0766991e-02 -3.2837696e-02 0.0000000e+00 
9.5715880e-02 2.1992655e-02 0.0000000e+00 
1.1674963e-01 2.5463449e-02 0.0000000e+00 
1.0062096e-01 1.2803258e-03 0.0000000e+00 
9.9357329e-02 -4.2112521e-04 0.0000000e+00 
1.0898305e-01 -5.7282648e-03 0.0000000e+00 
1.0133561e-01 -1.9628773e-03 0.0000000e+00 
1.0025925e-01 2.6098145e-03 0.0000000e+00 
1.0000049e-01 -7.5838187e-07 0.0000000e+00 
8.1102960e-02 -9.1943834e-03 0.0000000e+00 
6.4910781e-03 -1.4798205e-03 0.0000000e+00 
1.2819839e-01 -3.3269428e-02 0.0000000e+00 
1.0505140e-01 4.5534549e-03 0.0000000e+00 
1.1903764e-01 -1.7133513e-02 0.0000000e+00 
1.3174719e-01 3.6335012e-03 0.0000000e+00 
9.7847879e-02 1.0894864e-02 0.0000000e+00 
9.9380791e-02 2.4092687e-02 0.0000000e+00 
9.9250220e-02 -1.7825135e-03 0.0000000e+00 
1.4232443e-01 1.1258655e-02 0.0000000e+00 
1.1986011e-01 5.9126634e-03 0.0000000e+00 
1.1198686e-01 2.0456046e-02 0.0000000e+00 
8.8708401e-02 -2.4880117e-02 0.0000000e+00 
1.1420652e-01 3.2761754e-03 0.0000000e+00 
9.7076751e-02 7.7807386e-03 0.0000000e+00 
9.9690735e-02 -7.4301008e-04 0.0000000e+00 
9.0414114e-02 -1.0157640e-02 0.0000000e+00 
1.0540765e-01 4.2279605e-03 0.0000000e+00 
1.0000005e-01 1.4151463e-07 0.0000000e+00 
1.0309105e-01 -1.3495397e-02 0.0000000e+00 
1.0589877e-01 -1.4037901e-02 0.0000000e+00 
1.3108017e-01 2.1164289e-02 0.0000000e+00 
9.4880015e-02 6.3706114e-04 0.0000000e+00 
1.1619157e-01 6.7831771e-03 0.0000000e+00 
9.7386360e-02 6.1730654e-03 0.0000000e+00 
1.0000023e-01 -4.0187450e-07 0.0000000e+00 
1.2960891e-01 -1.0867674e-03 0.0000000e+00 
4.0874548e-02 1.6290357e-02 0.0000000e+00 
1.4172783e-01 8.4244981e-03 0.0000000e+00 
3.2190211e-02 -2.0216914e-02 0.0000000e+00 
3.4546025e-02 -9.0655768e-03 0.0000000e+00 
1.2638283e-01 -1.4006953e-03 0.0000000e+00 
1.4193448e-01 -1.4391616e-02 0.0000000e+00 
PRESSURE 1 945  float
3.1111431e+00
0.0000000e+00
0.0000000e+00
3.1109402e+00
-3.7018604e+00
-3.9051511e+00
-4.4935279e+00
-5.3193860e+00
-6.1643500e+00
-7.0085459e+00
-7.6972227e+00
-7.9726071e+00
-7.6973276e+00
-6.4672842e+00
-4.4635825e+00
-1.6368808e+00
1.5502468e+00
4.5955467e+00
7.1310344e+00
8.9242668e+00
9.4692307e+00
8.9179440e+00
7.2394681e+00
4.6332021e+00
1.5000005e+00
-1.6401924e+00
-4.3760061e+00
-6.4828262e+00
-7.6005392e+00
-8.0668383e+00
-7.6939087e+00
-6.9755702e+00
-6.1795616e+00
-5.3547869e+00
-4.4670219e+00
-3.8811219e+00
3.1062851e+00
3.0486910e+00
2.9384289e+00
2.7472160e+00
2.4216795e+00
2.0028801e+00
1.4490615e+00
8.4052497e-01
2.3736665e-01
-2.8596315e-01
-5.5569029e-01
-6.5019017e-01
-5.8500606e-01
-4.3522361e-01
-2.6606649e-01
-1.6140731e-01
-8.1237391e-02
-4.8252597e-02
-2.4746396e-02
-1.2585744e-02
-6.4525330e-03
-3.0558214e-03
-1.7822501e-03
-5.5050047e-04
-3.4854971e-04
-1.2029615e-04
-4.6956266e-05
-5.4656834e-06
7.3958981e-06
1.3134332e-05
1.2004049e-05
9.8369665e-06
6.9775260e-06
4.4820508e-06
1.8010414e-06
0.0000000e+00
0.0000000e+00
0.0000000e+00
0.0000000e+00
0.0000000e+00
0.0000000e+00
0.0000000e+00
0.0000000e+00
0.0000000e+00
-2.3992836e-06
-5.5451410e-06
-8.5031597e-06
-1.3191744e-05
-2.0395573e-05
-2.8062652e-05
-6.0691535e-05
-9.0226036e-05
-1.4128904e-04
-2.6296140e-04
-5.4362154e-04
-1.0288731e-03
-1.9194547e-03
-3.6542767e-03
-6.9671292e-03
-1.3358428e-02
-2.5903473e-02
-4.9347010e-02
-8.6006358e-02
-1.6777040e-01
-2.6751617e-01
-4.3446934e-01
-5.7934910e-01
-6.5972674e-01
-5.4211110e-01
-2.5960538e-01
2.3820646e-01
8.4086269e-01
1.4498895e+00
1.9998969e+00
2.4321110e+00
2.7475026e+00
2.9456959e+00
3.0514481e+00
3.1072347e+00
3.1294889e+00
3.1750002e+00
3.2290063e+00
3.2813478e+00
3.3005238e+00
3.2825537e+00
3.2320330e+00
3.1752779e+00
3.1296496e+00
8.7099390e+00
-1.0916142e-01
-2.0889288e-01
-3.7860654e-03
-7.1359311e-05
-2.4546011e-05
2.6854963e+00
-3.1364709e-02
2.6553407e+00
3.2987933e+00
-1.1763436e-03
-1.5935557e-02
9.3765539e-06
-1.0847327e-04
-5.3547049e-01
9.1727179e-07
-6.6806203e-01
1.1227317e+00
1.1443270e+00
-5.3995430e-01
7.4136669e-06
-5.1688838e-01
3.2557051e+00
-9.1972203e-07
-4.2320444e-04
-3.2875297e-04
-4.3720617e-03
-9.8875553e-06
3.2032733e+00
3.0255537e+00
1.2193677e-06
3.0309870e+00
-2.1313822e-06
3.1969580e-06
3.1475208e+00
-7.0193142e-01
-9.1021752e-01
-7.4528807e-01
-1.0710707e+00
-1.2837265e+00
-1.6060308e+00
-1.2152070e+00
-1.9439487e+00
-1.2823217e+00
-2.0581994e+00
-1.2166014e+00
-1.7221812e+00
-9.4024235e-01
-1.2782769e+00
-5.8484405e-01
-7.9358894e-01
-2.0505261e-01
-3.6871678e-01
4.0296607e-02
6.5129787e-02
1.5917899e-01
-1.2506935e-01
1.1693329e-01
1.8679449e-01
-5.5111475e+00
-4.1722898e+00
1.3151413e-01
1.5118210e-01
-1.8487451e+00
-6.1308116e-01
8.8641293e-02
7.0854478e-02
-6.3693494e-01
-5.3723407e-01
-3.7841380e+00
5.8860600e-02
5.7449814e-02
3.9442137e-02
2.5062755e-02
2.0087065e-02
1.5453135e-02
1.1829550e-02
-1.3022640e+00
-1.1159596e+00
-5.8040279e-01
-1.9369919e+00
-1.7199403e+00
-2.5077169e+00
-2.1552753e+00
-3.0459402e+00
-2.3809514e+00
-3.1502633e+00
-1.6317904e+00
-2.3853145e+00
-2.9771397e+00
-6.1149321e+00
-4.8029075e+00
7.2012255e-03
6.0680490e-03
5.1023876e-03
3.6882996e-03
-2.1843359e+00
-2.5993469e+00
1.0341771e-01
2.0540364e-03
1.7766120e-03
1.1644004e-03
9.4411778e-04
-2.6438756e+00
5.3967582e-04
4.6049978e-04
2.5409987e-04
2.0786031e-04
-1.3472987e+00
6.8567228e-05
1.0993458e-04
6.8029323e-05
5.8584952e-05
1.0898264e-05
2.4411598e-05
-3.6293402e+00
-2.9209766e+00
-7.3894105e+00
2.3295691e-02
5.2376430e-02
-2.3242235e+00
7.6603562e-02
1.6802931e-06
1.0336994e-05
-8.2483859e-07
4.0202240e-06
1.1697740e-05
6.0423281e-06
4.4962810e-05
-8.8388062e-01
-1.8530570e+00
-2.1366695e-06
2.9078091e-04
-1.7315137e+00
2.0344460e-03
1.2548474e-02
-3.9269173e+00
-3.0383587e+00
-2.2370985e+00
-2.1284952e+00
-3.0673997e+00
-1.7962977e+00
-1.7698558e-01
-2.4302523e+00
-1.2255988e+00
-5.2192550e+00
-9.0796703e-01
-3.1326389e-01
-4.4839901e-01
3.8627166e-01
6.1931509e-01
1.1535866e+00
1.5857910e+00
5.3831239e+00
1.8613466e+00
2.4151511e+00
2.4590373e+00
2.9865205e+00
2.8940520e+00
3.4164388e+00
3.1635511e+00
3.5642734e+00
3.9533589e+00
3.9302444e+00
4.3527713e+00
4.1747570e+00
4.5691638e+00
4.2466760e+00
4.5557513e+00
4.1694875e+00
4.3378577e+00
3.9822052e+00
3.6130655e+00
3.9975576e+00
4.4383116e+00
3.9058635e+00
4.1842470e+00
7.5560389e+00
3.6064160e+00
3.5995712e+00
3.9419787e+00
3.7377589e+00
3.1073351e+00
2.9237657e+00
2.8128736e+00
2.5052810e+00
2.1246953e+00
-6.5350337e+00
-2.8267670e+00
3.1512187e+00
3.0673211e+00
4.8138390e+00
2.4700661e+00
4.9181638e+00
1.8490317e+00
1.2187048e+00
2.2201838e+00
3.4713953e+00
3.7325418e+00
3.5189929e+00
3.5417099e+00
3.3892300e+00
-2.0880626e-01
-6.6669637e-01
1.2003193e+00
4.9160415e-01
2.9391092e-01
-4.7412685e-01
-7.2766626e-03
-8.4133607e-01
-1.5994078e+00
-7.3407230e+00
-3.4847769e-01
-1.7141242e+00
-2.8889980e+00
1.4524319e+00
1.0631387e+00
-2.7912536e+00
1.0995765e-05
6.6171810e-06
-3.7828846e+00
5.4287058e-03
-4.5628457e+00
-2.5319939e+00
-1.7226372e+00
-3.6985478e+00
3.2878435e+00
-2.6885974e+00
9.5783698e-04
3.1924064e-06
-3.8038385e+00
-3.1139994e+00
1.9182412e-04
-4.7380233e+00
-5.0906606e+00
-1.2639767e-01
-2.8520863e-06
-1.4096394e+00
-3.1567981e+00
-4.2478080e+00
-3.5534739e+00
-4.4327784e+00
8.2920778e-05
3.4070063e+00
3.4987140e+00
3.2247952e-01
-6.3780490e-03
3.2236941e+00
3.8072667e-01
4.1758663e-06
-4.8815374e+00
9.9675281e-06
1.4214314e-05
-5.7749680e-06
-7.8151879e-06
-3.9252403e+00
-2.2501047e+00
-2.5571153e+00
-3.5574694e-06
-5.4275770e-06
-3.6872611e+00
-4.3417530e+00
-5.2219310e+00
-4.7329302e+00
-5.4372282e+00
-4.8359561e+00
-4.2839417e+00
-4.2567773e+00
3.0819776e+00
3.0765419e+00
1.0840758e-05
-3.7507334e+00
-3.6469250e+00
-4.0535674e+00
-3.4417553e+00
-1.7632058e-06
-5.8493595e+00
3.7285146e-01
-6.0749704e-01
-6.2053680e-01
-3.2273210e-06
-2.5196356e-01
3.3865671e+00
3.4202800e+00
3.3218637e+00
3.5644777e+00
3.4142237e+00
3.4925220e+00
3.3418708e+00
3.3666828e+00
3.2139280e+00
3.1426911e+00
3.2358057e+00
-3.7520030e+00
-3.1730802e+00
-2.8030367e+00
-3.4713681e+00
-2.9846287e+00
1.7934277e-06
3.0472791e+00
2.8597629e-01
-3.3337398e+00
-2.9459088e+00
-3.4207582e+00
-3.0418587e+00
-3.5922835e+00
-5.6896486e+00
-2.6869476e+00
-1.0372037e+00
-8.1923205e-01
-7.0090109e-01
-1.5625538e+00
-1.6072960e+00
3.3427370e+00
-4.9779987e+00
-5.3855910e+00
-4.9081011e+00
-5.4355345e+00
-6.0006442e+00
-2.4474421e+00
-6.0674553e+00
-1.1289185e-05
-1.1005933e-05
-3.6808579e+00
-4.8189297e+00
-5.1064115e+00
-4.5281596e+00
-4.6458907e+00
-4.1308942e+00
-3.9279177e+00
2.0544323e-06
4.2133370e-06
-3.9092357e+00
3.1005650e+00
3.1948426e+00
-4.1604433e+00
-1.9500278e+00
-3.8481188e+00
-4.0020695e+00
-2.4018397e+00
-3.6930988e+00
-1.7930008e+00
-5.0151768e+00
4.6304398e+00
5.3117113e+00
5.4127855e+00
6.0080576e+00
5.8986888e+00
6.7286062e+00
6.5052509e+00
7.3077207e+00
6.7175660e+00
6.0626621e+00
6.0353227e+00
6.4563117e+00
5.6395669e+00
5.6945710e+00
4.9296780e+00
4.5747685e+00
4.8867617e+00
6.6234207e+00
6.4444289e+00
5.3668771e+00
5.5398760e+00
4.3053451e+00
4.0657377e+00
3.3714294e+00
3.5900435e+00
2.1683002e+00
2.3069108e+00
4.4315186e+00
3.4103053e+00
2.7098734e+00
2.1063731e+00
8.7680829e-01
7.6588309e-01
1.8271471e+00
-4.3135428e+00
-2.7375064e+00
2.6734827e+00
-7.1341055e-06
7.5849801e-01
-2.2884364e+00
-1.0671198e+00
-2.4764011e+00
1.9649738e-02
5.5965242e+00
-1.7416188e-01
-6.9698606e+00
-7.3103333e+00
-5.3893633e+00
-5.0422406e+00
-3.8157420e+00
7.4992404e+00
2.8823326e+00
2.9616930e+00
2.6646221e+00
-7.2952561e+00
-6.7307973e+00
-1.0161960e+00
-1.5225991e+00
2.8542039e+00
2.7744730e+00
-5.2049470e+00
2.2081506e+00
8.5277719e+00
-3.7638052e+00
-3.0896342e+00
8.2335591e-06
-2.9454525e+00
8.7103963e-01
5.0560575e+00
4.7899885e+00
-1.1015948e+00
-1.1907189e+00
4.5001626e+00
3.9883993e+00
-3.6258051e+00
-8.1552589e-01
2.2961130e+00
1.7372053e+00
1.2734715e-05
1.9794781e-05
2.2984350e+00
3.0467525e+00
2.6062951e+00
2.3832641e+00
3.4007449e+00
2.1354938e+00
1.9147688e+00
1.5393282e+00
-5.5307811e-01
-5.4165757e-01
-3.7313810e-01
-3.3733025e-01
-1.5286687e-01
-2.5130066e-01
-5.5827249e-02
-7.5424641e-02
-1.2261604e-02
-3.0330570e-02
-7.6497167e-02
-6.7834884e-01
-7.4200743e-01
-5.0354922e-01
-7.9854101e-01
-4.6526301e-01
-3.4123027e-01
-2.6028162e-01
-3.1503552e-01
-1.2842508e-01
-1.5452887e-01
-1.0811044e-01
-7.2829528e-03
-5.5501349e-02
-4.7638726e-01
1.1404564e-02
-2.0699833e-02
-8.8421452e-01
-7.1412802e-01
-7.3033780e-01
-1.0726993e+00
8.7044455e-02
-1.0607489e+00
6.2906988e-02
-2.0757626e-01
3.8549967e-02
5.0917309e-02
9.9201041e-01
2.2542939e+00
1.7279912e+00
5.2717986e+00
7.3444366e+00
4.3521278e-02
-4.1526204e-01
-3.0056271e-01
-1.1051108e-01
-1.3870145e-01
2.6328032e+00
2.9031217e+00
3.2995682e+00
2.8882763e+00
7.5325351e+00
-2.1380690e-01
-4.6834173e+00
3.2573507e+00
2.5507698e+00
-1.0683747e-01
-4.7577591e+00
1.0842818e-05
-6.7591286e+00
-6.9252677e+00
-6.6990709e+00
-6.0332389e+00
-5.4150140e-03
1.7862182e+00
1.6247444e+00
-1.7509015e+00
-5.3308110e+00
-5.9593137e-02
-3.2235745e-02
-1.3456522e-02
-6.4041317e-03
-2.0216752e-03
3.7176276e-04
9.2415881e-05
1.2050140e-02
-2.8000211e-02
-3.7197066e-03
2.3345850e-04
-7.9956871e-01
3.2001731e+00
3.1583514e+00
3.6732016e+00
1.7001514e+00
9.8584139e-01
1.0802387e+00
9.8181540e-01
5.5485477e+00
-1.2719451e+00
-8.7132663e-01
-1.6934206e-03
2.4428772e-04
-9.5710851e-04
4.3409746e-05
-4.8927701e-04
3.1474080e+00
1.6378667e-03
7.4171284e-03
-6.3818536e-04
-2.8525956e-04
-1.4265583e-04
-2.3333992e-05
3.2403088e+00
8.1458082e+00
-1.5501961e+00
2.4863670e+00
3.1417307e-01
-9.6040378e-07
-1.4847177e-02
-1.2789943e-02
-6.5969597e-03
-1.3064528e-03
-6.5177555e-05
-1.7640025e-03
-2.9032895e-02
-3.2144333e-03
-1.9732734e-05
3.2608071e-03
-2.2702073e-03
9.4303863e-07
-8.4460694e-03
2.0736242e-07
1.2645889e-05
2.6854870e-05
6.6876946e-06
3.8824055e-05
5.0378152e-05
8.5401276e-05
5.0740444e-05
1.4875941e-04
5.8521047e-05
2.5318624e-04
2.4394067e-05
4.2761394e-04
-6.2101368e-05
7.7528314e-04
-1.8755834e-04
-8.9875486e-04
5.7096267e-04
7.7334458e-05
3.0985935e-05
-5.3927608e+00
-6.9928821e-05
-7.0534290e-05
-3.5867313e-05
-1.8026077e-04
-1.8705243e-05
-1.7056507e-05
-3.7614082e-05
-1.0020572e-05
-7.6642746e-06
-6.8652380e-06
-8.2399885e-07
-7.1815528e-05
1.8369703e-05
6.7709416e-06
-3.2782100e-06
3.5821750e+00
3.7002707e+00
2.2337956e-05
5.3450112e-06
4.0512891e-06
3.1625242e+00
-7.7190185e-03
1.3526934e-06
1.5239140e-04
3.7787826e+00
-4.5788708e+00
-5.2947929e-08
-3.1114204e+00
-2.4211318e+00
-4.1586118e+00
3.1599307e+00
1.0716169e-03
2.3658082e-02
-1.0712499e-06
3.9893895e-04
-7.5829923e-02
-1.1295971e+00
3.3414891e+00
-6.3871495e-02
-3.6814630e-01
2.1332471e-02
-3.2198334e+00
3.5378460e-02
5.8187979e-06
5.0657597e+00
3.7094302e+00
-4.1352882e+00
1.4430443e-06
5.0547916e-01
3.2456856e+00
3.0965595e+00
3.2436233e+00
3.1243527e+00
-6.5796976e+00
-1.3755300e+00
-3.1776366e-05
-2.5139871e+00
3.0957117e+00
2.1277399e+00
-1.7248100e-04
1.5573346e-06
1.3356569e-02
4.9431778e-02
-8.0102181e-01
-9.3356985e-01
-7.7140117e-01
5.7970834e+00
-9.8924798e-01
-2.4850619e+00
-3.4405084e-06
1.5669039e+00
2.5967279e-07
-1.8162998e+00
-8.6528344e-06
3.3421904e-01
9.8709652e-06
3.2975028e+00
3.9049265e+00
-2.1046805e+00
-3.5297959e+00
-8.9484882e-01
3.3132048e+00
-1.0479357e+00
-1.9504679e-03
1.4008518e-01
-1.3454150e-01
7.8890473e-05
4.3117166e+00
-5.9116635e+00
-5.8510301e-05
3.4751275e+00
4.1713667e+00
-6.0101910e+00
-1.3100890e+00
1.3215971e-01
-2.4441574e+00
-8.5566670e-01
-2.2802665e+00
-4.0989256e+00
5.2640343e+00
-1.3671285e+00
2.7422974e+00
-6.1778851e+00
-1.0510579e-01
-4.4838002e-01
4.3608384e+00
3.7287583e+00
-1.7339467e-03
-3.2620962e+00
8.7565356e-01
1.6048708e+00
-4.3249944e-01
1.5180595e-03
-1.7869511e+00
2.9428508e+00
6.0481805e-01
-1.6237313e-01
3.3233662e+00
-4.4069439e-02
-5.6767412e-02
7.6658525e+00
3.8775518e+00
-1.6009691e-04
1.9973818e+00
-1.5401227e+00
1.4180145e+00
-1.1398336e-04
3.8740237e-03
-5.7201200e+00
-3.8708065e+00
-3.4156021e-01
-1.0826517e+00
2.8472779e+00
-4.0594342e-01
-1.5811700e-01
6.3908106e-01
1.4253628e+00
6.9878883e+00
3.2754042e-06
-3.9441773e-04
2.4152251e-02
3.3602347e+00
-3.5937378e+00
-6.7029161e+00
5.7344639e-01
-2.1079954e-05
-2.1790392e+00
5.2740006e+00
1.0598193e-01
-5.2033129e+00
3.0119646e+00
6.2548542e+00
-1.9973588e-01
-8.4838545e-04
-3.6290245e+00
-2.6352644e+00
-4.9007854e+00
1.5019376e+00
6.9460152e-03
3.1039240e+00
2.0455729e-02
5.5480065e+00
-4.3676815e+00
-2.2035805e-05
3.2939999e+00
-2.9940677e+00
-3.1008062e+00
3.7130520e+00
-1.1506134e+00
-2.9223199e+00
-3.2060966e+00
-2.0633139e-07
-4.2399364e+00
3.1189749e+00
-4.9581251e+00
3.1183207e+00
5.1687020e-03
2.8409739e+00
3.0491278e+00
-1.6169142e+00
-6.3195009e+00
-2.1076178e-06
-1.0098587e+00
4.4710817e+00
-1.9598931e+00
1.3259938e-06
-1.5617770e+00
-3.1278701e-05
1.6124129e-02
-1.2473381e+00
-1.7859289e-06
-1.6518030e+00
-3.6540017e+00
-1.0246086e-04
-5.2162662e+00
-1.1827508e+00
1.3176036e+00
-5.6276798e+00
7.7809614e-01
1.0504959e-02
-6.2813449e-01
-2.8416261e-03
-1.0152158e+00
7.4317527e-01
-3.7369988e+00
2.8433189e+00
-1.0913655e+00
3.4156296e+00
-3.3493657e+00
3.0886810e+00
1.0119132e-02
2.1891391e+00
3.0194228e+00
-5.0709578e-03
-2.4211977e-05
4.9569054e+00
-4.5767374e+00
-5.0483918e-01
-1.3761990e-01
-4.2673793e+00
-1.1086216e+00
7.7732876e-03
-3.4235421e-01
1.7361782e-02
-4.2238278e+00
8.4453011e-01
-5.8703417e-01
4.0643272e+00
-5.8788762e+00
-5.8947873e+00
3.2905068e+00
9.1957211e-02
2.5898721e+00
2.0808852e-06
2.8298604e+00
2.5103052e+00
-2.8504069e+00
3.7553675e+00
1.3202274e+00
3.4664629e+00
-1.1360669e-05
-7.1053219e-01
-8.9296186e-01
-3.0843737e+00
-2.1088710e+00
-6.2994504e+00
-2.2372696e-01
-4.2732997e+00
CELL_DATA 1766
FIELD FieldData 0
