# vtk DataFile Version 4.0
vtk output
ASCII
DATASET UNSTRUCTURED_GRID
POINTS 945 float
0.0000000e+00 0.0000000e+00 0.0000000e+00 
2.0000000e+00 0.0000000e+00 0.0000000e+00 
2.0000000e+00 6.0000002e-01 0.0000000e+00 
0.0000000e+00 6.0000002e-01 0.0000000e+00 
5.6000000e-01 3.0000001e-01 0.0000000e+00 
5.5884713e-01 2.8829461e-01 0.0000000e+00 
5.5543280e-01 2.7703899e-01 0.0000000e+00 
5.4988819e-01 2.6666579e-01 0.0000000e+00 
5.4242641e-01 2.5757360e-01 0.0000000e+00 
5.3333420e-01 2.5011179e-01 0.0000000e+00 
5.2296102e-01 2.4456720e-01 0.0000000e+00 
5.1170540e-01 2.4115290e-01 0.0000000e+00 
5.0000000e-01 2.3999999e-01 0.0000000e+00 
4.8829460e-01 2.4115290e-01 0.0000000e+00 
4.7703901e-01 2.4456720e-01 0.0000000e+00 
4.6666580e-01 2.5011179e-01 0.0000000e+00 
4.5757359e-01 2.5757360e-01 0.0000000e+00 
4.5011181e-01 2.6666579e-01 0.0000000e+00 
4.4456720e-01 2.7703899e-01 0.0000000e+00 
4.4115290e-01 2.8829461e-01 0.0000000e+00 
4.4000000e-01 3.0000001e-01 0.0000000e+00 
4.4115290e-01 3.1170541e-01 0.0000000e+00 
4.4456720e-01 3.2296100e-01 0.0000000e+00 
4.5011181e-01 3.3333421e-01 0.0000000e+00 
4.5757359e-01 3.4242639e-01 0.0000000e+00 
4.6666580e-01 3.4988821e-01 0.0000000e+00 
4.7703901e-01 3.5543281e-01 0.0000000e+00 
4.8829460e-01 3.5884711e-01 0.0000000e+00 
5.0000000e-01 3.6000001e-01 0.0000000e+00 
5.1170540e-01 3.5884711e-01 0.0000000e+00 
5.2296102e-01 3.5543281e-01 0.0000000e+00 
5.3333420e-01 3.4988821e-01 0.0000000e+00 
5.4242641e-01 3.4242639e-01 0.0000000e+00 
5.4988819e-01 3.3333421e-01 0.0000000e+00 
5.5543280e-01 3.2296100e-01 0.0000000e+00 
5.5884713e-01 3.1170541e-01 0.0000000e+00 
5.9016321e-02 0.0000000e+00 0.0000000e+00 
1.1803260e-01 0.0000000e+00 0.0000000e+00 
1.7704900e-01 0.0000000e+00 0.0000000e+00 
2.3587100e-01 0.0000000e+00 0.0000000e+00 
2.9085249e-01 0.0000000e+00 0.0000000e+00 
3.4144861e-01 0.0000000e+00 0.0000000e+00 
3.8872591e-01 0.0000000e+00 0.0000000e+00 
4.3368599e-01 0.0000000e+00 0.0000000e+00 
4.7725680e-01 0.0000000e+00 0.0000000e+00 
5.2034539e-01 0.0000000e+00 0.0000000e+00 
5.6386721e-01 0.0000000e+00 0.0000000e+00 
6.0872579e-01 0.0000000e+00 0.0000000e+00 
6.5584701e-01 0.0000000e+00 0.0000000e+00 
7.0623368e-01 0.0000000e+00 0.0000000e+00 
7.6094180e-01 0.0000000e+00 0.0000000e+00 
8.1967372e-01 0.0000000e+00 0.0000000e+00 
8.7868989e-01 0.0000000e+00 0.0000000e+00 
9.3770629e-01 0.0000000e+00 0.0000000e+00 
9.9672258e-01 0.0000000e+00 0.0000000e+00 
1.0557390e+00 0.0000000e+00 0.0000000e+00 
1.1147550e+00 0.0000000e+00 0.0000000e+00 
1.1737720e+00 0.0000000e+00 0.0000000e+00 
1.2327880e+00 0.0000000e+00 0.0000000e+00 
1.2918040e+00 0.0000000e+00 0.0000000e+00 
1.3508210e+00 0.0000000e+00 0.0000000e+00 
1.4098370e+00 0.0000000e+00 0.0000000e+00 
1.4688530e+00 0.0000000e+00 0.0000000e+00 
1.5278690e+00 0.0000000e+00 0.0000000e+00 
1.5868860e+00 0.0000000e+00 0.0000000e+00 
1.6459020e+00 0.0000000e+00 0.0000000e+00 
1.7049180e+00 0.0000000e+00 0.0000000e+00 
1.7639350e+00 0.0000000e+00 0.0000000e+00 
1.8229510e+00 0.0000000e+00 0.0000000e+00 
1.8819669e+00 0.0000000e+00 0.0000000e+00 
1.9409840e+00 0.0000000e+00 0.0000000e+00 
2.0000000e+00 5.9999999e-02 0.0000000e+00 
2.0000000e+00 1.2000000e-01 0.0000000e+00 
2.0000000e+00 1.8000001e-01 0.0000000e+00 
2.0000000e+00 2.3999999e-01 0.0000000e+00 
2.0000000e+00 3.0000001e-01 0.0000000e+00 
2.0000000e+00 3.6000001e-01 0.0000000e+00 
2.0000000e+00 4.1999999e-01 0.0000000e+00 
2.0000000e+00 4.7999999e-01 0.0000000e+00 
2.0000000e+00 5.4000002e-01 0.0000000e+00 
1.9409840e+00 6.0000002e-01 0.0000000e+00 
1.8819669e+00 6.0000002e-01 0.0000000e+00 
1.8229510e+00 6.0000002e-01 0.0000000e+00 
1.7639350e+00 6.0000002e-01 0.0000000e+00 
1.7049180e+00 6.0000002e-01 0.0000000e+00 
1.6459020e+00 6.0000002e-01 0.0000000e+00 
1.5868860e+00 6.0000002e-01 0.0000000e+00 
1.5278690e+00 6.0000002e-01 0.0000000e+00 
1.4688530e+00 6.0000002e-01 0.0000000e+00 
1.4098370e+00 6.0000002e-01 0.0000000e+00 
1.3508210e+00 6.0000002e-01 0.0000000e+00 
1.2918040e+00 6.0000002e-01 0.0000000e+00 
1.2327880e+00 6.0000002e-01 0.0000000e+00 
1.1737720e+00 6.0000002e-01 0.0000000e+00 
1.1147550e+00 6.0000002e-01 0.0000000e+00 
1.0557390e+00 6.0000002e-01 0.0000000e+00 
9.9672258e-01 6.0000002e-01 0.0000000e+00 
9.3770629e-01 6.0000002e-01 0.0000000e+00 
8.7868989e-01 6.0000002e-01 0.0000000e+00 
8.1967372e-01 6.0000002e-01 0.0000000e+00 
7.6094180e-01 6.0000002e-01 0.0000000e+00 
7.0623368e-01 6.0000002e-01 0.0000000e+00 
6.5584701e-01 6.0000002e-01 0.0000000e+00 
6.0872579e-01 6.0000002e-01 0.0000000e+00 
5.6386721e-01 6.0000002e-01 0.0000000e+00 
5.2034539e-01 6.0000002e-01 0.0000000e+00 
4.7725680e-01 6.0000002e-01 0.0000000e+00 
4.3368599e-01 6.0000002e-01 0.0000000e+00 
3.8872591e-01 6.0000002e-01 0.0000000e+00 
3.4144861e-01 6.0000002e-01 0.0000000e+00 
2.9085249e-01 6.0000002e-01 0.0000000e+00 
2.3587100e-01 6.0000002e-01 0.0000000e+00 
1.7704900e-01 6.0000002e-01 0.0000000e+00 
1.1803260e-01 6.0000002e-01 0.0000000e+00 
5.9016321e-02 6.0000002e-01 0.0000000e+00 
0.0000000e+00 5.4000002e-01 0.0000000e+00 
0.0000000e+00 4.7999999e-01 0.0000000e+00 
0.0000000e+00 4.1999999e-01 0.0000000e+00 
0.0000000e+00 3.6000001e-01 0.0000000e+00 
0.0000000e+00 3.0000001e-01 0.0000000e+00 
0.0000000e+00 2.3999999e-01 0.0000000e+00 
0.0000000e+00 1.8000001e-01 0.0000000e+00 
0.0000000e+00 1.2000000e-01 0.0000000e+00 
0.0000000e+00 5.9999999e-02 0.0000000e+00 
4.3026751e-01 3.0683401e-01 0.0000000e+00 
8.4908241e-01 5.5269438e-01 0.0000000e+00 
7.8790653e-01 5.1802918e-02 0.0000000e+00 
1.1430219e+00 5.0576471e-02 0.0000000e+00 
1.4415160e+00 5.0573289e-02 0.0000000e+00 
1.6754100e+00 5.5038619e-01 0.0000000e+00 
2.6041579e-01 5.2875768e-02 0.0000000e+00 
9.6895182e-01 5.0380111e-02 0.0000000e+00 
2.6302171e-01 5.5612308e-01 0.0000000e+00 
5.5065349e-02 2.6500449e-01 0.0000000e+00 
1.2615570e+00 5.4759312e-01 0.0000000e+00 
1.0253479e+00 5.4886931e-01 0.0000000e+00 
1.6201590e+00 5.4130111e-02 0.0000000e+00 
1.4979730e+00 5.5115038e-01 0.0000000e+00 
6.7900127e-01 5.5979192e-01 0.0000000e+00 
1.9463980e+00 2.6800990e-01 0.0000000e+00 
6.3145077e-01 3.8099781e-02 0.0000000e+00 
4.1331020e-01 5.6811810e-01 0.0000000e+00 
4.1231820e-01 3.8809739e-02 0.0000000e+00 
5.4410732e-01 5.6000441e-01 0.0000000e+00 
1.7962800e+00 5.9606131e-02 0.0000000e+00 
5.4468262e-01 3.7558820e-02 0.0000000e+00 
4.9130220e-02 3.9247900e-01 0.0000000e+00 
1.9509200e+00 3.8997239e-01 0.0000000e+00 
1.3233820e+00 4.9667731e-02 0.0000000e+00 
1.3821890e+00 5.4839480e-01 0.0000000e+00 
1.1434870e+00 5.4837209e-01 0.0000000e+00 
1.7959980e+00 5.4855859e-01 0.0000000e+00 
4.9401909e-02 1.5067521e-01 0.0000000e+00 
1.4989950e-01 5.5529898e-01 0.0000000e+00 
1.9519399e+00 1.5339760e-01 0.0000000e+00 
1.4754079e-01 5.1025499e-02 0.0000000e+00 
1.9506550e+00 5.1069498e-01 0.0000000e+00 
1.9114760e+00 5.1109631e-02 0.0000000e+00 
4.9216151e-02 5.0927132e-01 0.0000000e+00 
5.8710063e-01 3.6655251e-02 0.0000000e+00 
6.0428280e-01 7.4787550e-02 0.0000000e+00 
6.4929068e-01 7.4443869e-02 0.0000000e+00 
6.2715179e-01 1.0633790e-01 0.0000000e+00 
5.9329480e-01 1.0799770e-01 0.0000000e+00 
6.0949302e-01 1.3488390e-01 0.0000000e+00 
6.4123279e-01 1.3555969e-01 0.0000000e+00 
6.2006623e-01 1.6328260e-01 0.0000000e+00 
6.5316749e-01 1.6381399e-01 0.0000000e+00 
6.3351321e-01 1.8958050e-01 0.0000000e+00 
6.6427898e-01 1.8941709e-01 0.0000000e+00 
6.4933020e-01 2.1180780e-01 0.0000000e+00 
6.7645937e-01 2.1359310e-01 0.0000000e+00 
6.6097301e-01 2.3410480e-01 0.0000000e+00 
6.8796802e-01 2.3757669e-01 0.0000000e+00 
6.7103261e-01 2.5876111e-01 0.0000000e+00 
6.9990993e-01 2.6214910e-01 0.0000000e+00 
6.8101048e-01 2.8387409e-01 0.0000000e+00 
7.1248281e-01 2.8716281e-01 0.0000000e+00 
7.2971261e-01 2.6349890e-01 0.0000000e+00 
7.4486363e-01 2.9076719e-01 0.0000000e+00 
6.9556361e-01 3.0985960e-01 0.0000000e+00 
7.6406652e-01 2.6318431e-01 0.0000000e+00 
7.8114778e-01 2.9619500e-01 0.0000000e+00 
5.5403137e-01 2.5565761e-01 0.0000000e+00 
5.6691158e-01 2.7902979e-01 0.0000000e+00 
8.0246252e-01 2.6402649e-01 0.0000000e+00 
8.2167560e-01 3.0103979e-01 0.0000000e+00 
5.7978672e-01 1.3316999e-01 0.0000000e+00 
6.9627529e-01 1.8651520e-01 0.0000000e+00 
8.4832448e-01 2.6130950e-01 0.0000000e+00 
8.6857778e-01 3.0716091e-01 0.0000000e+00 
6.6883779e-01 3.0851370e-01 0.0000000e+00 
6.8001598e-01 3.3176759e-01 0.0000000e+00 
5.6956083e-01 3.0685109e-01 0.0000000e+00 
8.9643359e-01 2.6652190e-01 0.0000000e+00 
9.1803229e-01 3.1445420e-01 0.0000000e+00 
9.4838840e-01 2.6944679e-01 0.0000000e+00 
9.7196358e-01 3.1528941e-01 0.0000000e+00 
1.0020620e+00 2.7188951e-01 0.0000000e+00 
1.0263140e+00 3.1974381e-01 0.0000000e+00 
1.0557370e+00 2.7577680e-01 0.0000000e+00 
6.5179992e-01 3.3081001e-01 0.0000000e+00 
6.6418201e-01 3.5163379e-01 0.0000000e+00 
6.8745148e-01 3.5866591e-01 0.0000000e+00 
6.4083183e-01 3.5175639e-01 0.0000000e+00 
6.5020132e-01 3.7057751e-01 0.0000000e+00 
6.2925631e-01 3.6861771e-01 0.0000000e+00 
6.3750827e-01 3.8906679e-01 0.0000000e+00 
6.1479098e-01 3.8505989e-01 0.0000000e+00 
6.2451601e-01 4.0700281e-01 0.0000000e+00 
6.0271370e-01 4.0461549e-01 0.0000000e+00 
6.4791143e-01 4.1049060e-01 0.0000000e+00 
6.1149168e-01 4.2533240e-01 0.0000000e+00 
5.8940130e-01 4.2314041e-01 0.0000000e+00 
5.4590571e-01 3.5405469e-01 0.0000000e+00 
5.5933821e-01 3.3214769e-01 0.0000000e+00 
1.0820900e+00 3.2265610e-01 0.0000000e+00 
1.1129040e+00 2.7988619e-01 0.0000000e+00 
1.1385900e+00 3.3131590e-01 0.0000000e+00 
1.1718310e+00 2.8342861e-01 0.0000000e+00 
5.9854919e-01 4.4447681e-01 0.0000000e+00 
5.7566178e-01 4.4153079e-01 0.0000000e+00 
8.0048358e-01 3.3398119e-01 0.0000000e+00 
1.1962050e+00 3.3624330e-01 0.0000000e+00 
1.2286429e+00 2.8668931e-01 0.0000000e+00 
1.2540359e+00 3.3862561e-01 0.0000000e+00 
1.2863950e+00 2.8994620e-01 0.0000000e+00 
6.1140192e-01 1.8628950e-01 0.0000000e+00 
1.3121480e+00 3.4238011e-01 0.0000000e+00 
1.3446890e+00 2.9366851e-01 0.0000000e+00 
1.3705840e+00 3.4558439e-01 0.0000000e+00 
1.4032860e+00 2.9774809e-01 0.0000000e+00 
6.4617378e-01 3.0788270e-01 0.0000000e+00 
1.4291511e+00 3.4956750e-01 0.0000000e+00 
1.4618640e+00 3.0163100e-01 0.0000000e+00 
1.4877310e+00 3.5457411e-01 0.0000000e+00 
1.5206050e+00 3.0603161e-01 0.0000000e+00 
1.5464530e+00 3.5889450e-01 0.0000000e+00 
1.5793800e+00 3.1008351e-01 0.0000000e+00 
5.6763572e-01 4.1851109e-01 0.0000000e+00 
5.5408603e-01 4.3793961e-01 0.0000000e+00 
5.2029008e-01 3.6688760e-01 0.0000000e+00 
9.4794089e-01 3.6647639e-01 0.0000000e+00 
8.7384099e-01 2.2074890e-01 0.0000000e+00 
6.3348472e-01 2.3041780e-01 0.0000000e+00 
7.8118002e-01 2.2578520e-01 0.0000000e+00 
1.6052290e+00 3.6304700e-01 0.0000000e+00 
1.6382140e+00 3.1413361e-01 0.0000000e+00 
1.6641290e+00 3.6722910e-01 0.0000000e+00 
1.6971480e+00 3.1819481e-01 0.0000000e+00 
1.6712240e+00 2.6505721e-01 0.0000000e+00 
1.7302210e+00 2.6912081e-01 0.0000000e+00 
1.5534170e+00 2.5684619e-01 0.0000000e+00 
6.7181969e-01 1.4093800e-01 0.0000000e+00 
5.8596748e-01 4.6394360e-01 0.0000000e+00 
1.7230920e+00 3.7133509e-01 0.0000000e+00 
1.3771909e+00 2.4454120e-01 0.0000000e+00 
6.2249678e-01 4.4700289e-01 0.0000000e+00 
1.2033920e+00 2.3449400e-01 0.0000000e+00 
1.0287880e+00 2.3015590e-01 0.0000000e+00 
5.4669750e-01 4.1895449e-01 0.0000000e+00 
5.3373671e-01 4.3515179e-01 0.0000000e+00 
5.4073101e-01 4.5481020e-01 0.0000000e+00 
5.1996583e-01 4.5137540e-01 0.0000000e+00 
5.1387292e-01 4.2921981e-01 0.0000000e+00 
4.9935541e-01 4.4742331e-01 0.0000000e+00 
4.5565760e-01 3.5403141e-01 0.0000000e+00 
4.9349809e-01 4.2846820e-01 0.0000000e+00 
4.7935709e-01 4.4358870e-01 0.0000000e+00 
4.7970989e-01 3.6688760e-01 0.0000000e+00 
4.8592600e-01 4.6396780e-01 0.0000000e+00 
4.6443069e-01 4.5930001e-01 0.0000000e+00 
4.5825541e-01 4.3536639e-01 0.0000000e+00 
4.4286779e-01 4.5335940e-01 0.0000000e+00 
4.3592349e-01 4.3169260e-01 0.0000000e+00 
4.2123440e-01 4.4813421e-01 0.0000000e+00 
4.1462469e-01 4.2622849e-01 0.0000000e+00 
4.3825611e-01 3.3387709e-01 0.0000000e+00 
3.9864141e-01 4.4291711e-01 0.0000000e+00 
3.9200109e-01 4.1997111e-01 0.0000000e+00 
3.7504819e-01 4.3754801e-01 0.0000000e+00 
3.6926591e-01 4.1456231e-01 0.0000000e+00 
3.5052001e-01 4.3156540e-01 0.0000000e+00 
3.4640020e-01 4.0321410e-01 0.0000000e+00 
3.2338160e-01 4.2558259e-01 0.0000000e+00 
3.1625420e-01 3.9745620e-01 0.0000000e+00 
3.3599329e-01 3.7658459e-01 0.0000000e+00 
3.0888751e-01 3.6996761e-01 0.0000000e+00 
3.2846531e-01 3.5015899e-01 0.0000000e+00 
3.0453789e-01 3.4228960e-01 0.0000000e+00 
3.2241219e-01 3.2376000e-01 0.0000000e+00 
2.9612821e-01 3.1610900e-01 0.0000000e+00 
3.1577420e-01 2.9729351e-01 0.0000000e+00 
2.8885421e-01 2.8886101e-01 0.0000000e+00 
3.0968001e-01 2.6928011e-01 0.0000000e+00 
2.8137040e-01 2.6060769e-01 0.0000000e+00 
2.8570160e-01 3.8790971e-01 0.0000000e+00 
3.0315241e-01 2.4067999e-01 0.0000000e+00 
3.3230671e-01 2.5245121e-01 0.0000000e+00 
3.2487640e-01 2.2290690e-01 0.0000000e+00 
3.5372531e-01 2.3027760e-01 0.0000000e+00 
4.3461740e-01 2.7961159e-01 0.0000000e+00 
3.4512779e-01 2.0528039e-01 0.0000000e+00 
3.6950600e-01 2.1069451e-01 0.0000000e+00 
2.6638910e-01 3.1392881e-01 0.0000000e+00 
2.7405229e-01 2.3109850e-01 0.0000000e+00 
3.6342499e-01 1.8842390e-01 0.0000000e+00 
3.8558939e-01 1.9589300e-01 0.0000000e+00 
4.4520050e-01 2.5469631e-01 0.0000000e+00 
3.8103029e-01 1.7263541e-01 0.0000000e+00 
4.0200421e-01 1.8057050e-01 0.0000000e+00 
4.9249741e-01 2.2787590e-01 0.0000000e+00 
4.6605590e-01 2.3826469e-01 0.0000000e+00 
3.3931601e-01 1.7988220e-01 0.0000000e+00 
3.8745371e-01 3.9799151e-01 0.0000000e+00 
3.5741779e-01 2.5419459e-01 0.0000000e+00 
3.5627639e-01 4.5751181e-01 0.0000000e+00 
3.4765261e-01 3.3191890e-01 0.0000000e+00 
3.9811629e-01 1.5518570e-01 0.0000000e+00 
4.2193061e-01 1.6662900e-01 0.0000000e+00 
3.7476501e-01 1.4610679e-01 0.0000000e+00 
3.9139041e-01 2.1633980e-01 0.0000000e+00 
2.5018540e-01 2.5338060e-01 0.0000000e+00 
2.4227400e-01 2.1673180e-01 0.0000000e+00 
2.1296521e-01 2.4632980e-01 0.0000000e+00 
2.0310380e-01 2.0643540e-01 0.0000000e+00 
4.7074649e-01 4.8204380e-01 0.0000000e+00 
4.9385741e-01 4.8678511e-01 0.0000000e+00 
4.1766569e-01 1.3875820e-01 0.0000000e+00 
4.3951231e-01 1.4885530e-01 0.0000000e+00 
4.4284999e-01 1.6929220e-01 0.0000000e+00 
4.6074921e-01 1.5907930e-01 0.0000000e+00 
4.5701310e-01 1.3411739e-01 0.0000000e+00 
4.7804150e-01 1.4308280e-01 0.0000000e+00 
4.8207700e-01 1.6432039e-01 0.0000000e+00 
5.2000839e-01 2.3249920e-01 0.0000000e+00 
4.7522539e-01 1.1890660e-01 0.0000000e+00 
4.9824399e-01 1.5124670e-01 0.0000000e+00 
5.0239080e-01 1.7379840e-01 0.0000000e+00 
4.0624869e-01 4.6688080e-01 0.0000000e+00 
4.2919409e-01 4.1243970e-01 0.0000000e+00 
6.2043011e-01 3.4884781e-01 0.0000000e+00 
1.7042540e+00 2.1590130e-01 0.0000000e+00 
1.7632940e+00 2.2000070e-01 0.0000000e+00 
5.9477502e-01 3.8850871e-01 0.0000000e+00 
1.1047130e+00 3.7971979e-01 0.0000000e+00 
5.5632508e-01 4.0331629e-01 0.0000000e+00 
5.1673311e-01 1.5979400e-01 0.0000000e+00 
5.1686460e-01 1.3875850e-01 0.0000000e+00 
5.2089018e-01 1.7866670e-01 0.0000000e+00 
2.3531640e-01 1.7608330e-01 0.0000000e+00 
4.8605490e-01 1.8340071e-01 0.0000000e+00 
1.2225550e+00 3.8796490e-01 0.0000000e+00 
1.7893510e+00 2.7321759e-01 0.0000000e+00 
5.0436419e-01 4.1349870e-01 0.0000000e+00 
4.8793069e-01 4.1161671e-01 0.0000000e+00 
1.3432890e+00 3.9487341e-01 0.0000000e+00 
4.9844569e-01 3.9902619e-01 0.0000000e+00 
5.1288861e-01 4.0051869e-01 0.0000000e+00 
4.7826111e-01 5.0721961e-01 0.0000000e+00 
1.5723439e+00 4.1086179e-01 0.0000000e+00 
5.6928509e-01 1.1216540e-01 0.0000000e+00 
5.3438342e-01 1.6713411e-01 0.0000000e+00 
5.3660733e-01 1.8530799e-01 0.0000000e+00 
5.5097228e-01 1.7492341e-01 0.0000000e+00 
5.5329382e-01 1.9238080e-01 0.0000000e+00 
1.4477730e+00 4.0997440e-01 0.0000000e+00 
1.7183121e-01 2.3577370e-01 0.0000000e+00 
1.8385801e-01 2.7833050e-01 0.0000000e+00 
4.5149651e-01 1.1040960e-01 0.0000000e+00 
4.7247219e-01 9.1955133e-02 0.0000000e+00 
1.9255680e-01 1.6331930e-01 0.0000000e+00 
4.5135620e-01 5.0161749e-01 0.0000000e+00 
1.8225530e+00 2.2401039e-01 0.0000000e+00 
5.2494282e-01 1.9506520e-01 0.0000000e+00 
1.7372680e+00 1.6678140e-01 0.0000000e+00 
1.6782570e+00 1.6271511e-01 0.0000000e+00 
1.6900350e+00 4.2038351e-01 0.0000000e+00 
1.7490560e+00 4.2454061e-01 0.0000000e+00 
4.8329440e-01 3.9614201e-01 0.0000000e+00 
4.7259709e-01 4.0761891e-01 0.0000000e+00 
4.6829471e-01 3.9267531e-01 0.0000000e+00 
1.7821480e+00 3.7544200e-01 0.0000000e+00 
1.8081650e+00 4.2873210e-01 0.0000000e+00 
5.6767190e-01 1.8248910e-01 0.0000000e+00 
5.6965590e-01 1.9964610e-01 0.0000000e+00 
5.5310482e-01 2.0997940e-01 0.0000000e+00 
5.7153863e-01 2.1648981e-01 0.0000000e+00 
5.5832732e-01 2.2570750e-01 0.0000000e+00 
5.7294083e-01 2.3188220e-01 0.0000000e+00 
5.8571517e-01 2.2277141e-01 0.0000000e+00 
5.8722973e-01 2.3849240e-01 0.0000000e+00 
2.2661661e-01 1.3415439e-01 0.0000000e+00 
2.6798990e-01 1.4730521e-01 0.0000000e+00 
1.7105891e+00 1.1396340e-01 0.0000000e+00 
5.9993339e-01 2.2935030e-01 0.0000000e+00 
6.0129720e-01 2.4530940e-01 0.0000000e+00 
5.8868867e-01 2.5420901e-01 0.0000000e+00 
6.0235012e-01 2.6110700e-01 0.0000000e+00 
1.8387530e+00 3.7525591e-01 0.0000000e+00 
5.4489303e-01 2.2099259e-01 0.0000000e+00 
4.5784310e-01 5.2955812e-01 0.0000000e+00 
5.1062381e-01 5.1103139e-01 0.0000000e+00 
4.9833831e-01 1.0296860e-01 0.0000000e+00 
1.8639690e+00 4.2541769e-01 0.0000000e+00 
4.9523690e-01 7.3985048e-02 0.0000000e+00 
1.3844220e-01 2.6736441e-01 0.0000000e+00 
1.5088230e-01 3.1097111e-01 0.0000000e+00 
1.2641050e-01 2.2494370e-01 0.0000000e+00 
2.0287590e-01 3.2045639e-01 0.0000000e+00 
1.6756350e-01 3.5410741e-01 0.0000000e+00 
2.1099889e-01 3.6507410e-01 0.0000000e+00 
1.8053800e-01 3.9719370e-01 0.0000000e+00 
2.2913329e-01 4.0715241e-01 0.0000000e+00 
1.9421770e-01 4.3993911e-01 0.0000000e+00 
2.3865750e-01 4.5007020e-01 0.0000000e+00 
1.4811151e-01 4.3034700e-01 0.0000000e+00 
5.9036589e-01 2.6973200e-01 0.0000000e+00 
6.0372931e-01 2.7649191e-01 0.0000000e+00 
6.1619169e-01 2.6624000e-01 0.0000000e+00 
5.9138829e-01 2.8492469e-01 0.0000000e+00 
6.0468042e-01 2.9163459e-01 0.0000000e+00 
1.8453060e+00 2.7996099e-01 0.0000000e+00 
2.0954210e-01 4.8537201e-01 0.0000000e+00 
4.6530190e-01 6.3733928e-02 0.0000000e+00 
5.9247959e-01 2.9992181e-01 0.0000000e+00 
6.0560697e-01 3.0666059e-01 0.0000000e+00 
5.9351093e-01 3.1494951e-01 0.0000000e+00 
6.0633099e-01 3.2174519e-01 0.0000000e+00 
5.9430778e-01 3.2937449e-01 0.0000000e+00 
4.9347320e-01 3.8454881e-01 0.0000000e+00 
5.5062449e-01 1.5674770e-01 0.0000000e+00 
4.5774269e-01 4.0380031e-01 0.0000000e+00 
4.5300320e-01 3.8926181e-01 0.0000000e+00 
5.2078158e-01 8.5589677e-02 0.0000000e+00 
5.2809721e-01 4.7261381e-01 0.0000000e+00 
5.4998982e-01 4.7740239e-01 0.0000000e+00 
1.1647230e-01 3.4303319e-01 0.0000000e+00 
5.4025501e-01 4.0216339e-01 0.0000000e+00 
5.4931629e-01 3.8893181e-01 0.0000000e+00 
5.6429678e-01 3.8917771e-01 0.0000000e+00 
5.5815691e-01 3.7613159e-01 0.0000000e+00 
5.3233409e-01 3.8730109e-01 0.0000000e+00 
6.1810511e-01 2.9840681e-01 0.0000000e+00 
5.4633558e-01 2.3408321e-01 0.0000000e+00 
1.7233150e+00 4.7115931e-01 0.0000000e+00 
1.6544410e+00 4.6960419e-01 0.0000000e+00 
5.9817278e-01 2.1342160e-01 0.0000000e+00 
5.7312608e-01 3.7630349e-01 0.0000000e+00 
5.6664068e-01 3.6344349e-01 0.0000000e+00 
5.8089459e-01 3.6333910e-01 0.0000000e+00 
5.7436389e-01 3.5058859e-01 0.0000000e+00 
5.8890998e-01 3.5140380e-01 0.0000000e+00 
5.9597099e-01 3.6360300e-01 0.0000000e+00 
1.8871840e+00 2.3216370e-01 0.0000000e+00 
1.8613670e+00 1.6699770e-01 0.0000000e+00 
5.8043772e-01 3.2325599e-01 0.0000000e+00 
1.8341640e-01 1.2044960e-01 0.0000000e+00 
1.4539170e-01 1.4803199e-01 0.0000000e+00 
5.2981251e-01 4.1606659e-01 0.0000000e+00 
6.3278657e-01 3.2098520e-01 0.0000000e+00 
4.9883649e-01 1.9035070e-01 0.0000000e+00 
4.8866749e-01 1.9995619e-01 0.0000000e+00 
4.7372600e-01 1.9428051e-01 0.0000000e+00 
4.7687241e-01 2.0988560e-01 0.0000000e+00 
4.6230760e-01 2.0519090e-01 0.0000000e+00 
5.0175709e-01 2.0284539e-01 0.0000000e+00 
3.7420979e-01 2.4249861e-01 0.0000000e+00 
3.7680081e-01 2.5999850e-01 0.0000000e+00 
3.6377189e-01 2.7359021e-01 0.0000000e+00 
3.8147151e-01 2.7786380e-01 0.0000000e+00 
3.9390230e-01 2.6630861e-01 0.0000000e+00 
3.9790910e-01 2.8215069e-01 0.0000000e+00 
3.8660839e-01 2.9399589e-01 0.0000000e+00 
4.0266559e-01 2.9749459e-01 0.0000000e+00 
3.9230630e-01 3.0959940e-01 0.0000000e+00 
3.7539089e-01 3.0645579e-01 0.0000000e+00 
3.8165531e-01 3.2178041e-01 0.0000000e+00 
3.9764741e-01 3.2483751e-01 0.0000000e+00 
3.8738471e-01 3.3702531e-01 0.0000000e+00 
4.0318671e-01 3.3988059e-01 0.0000000e+00 
3.9298999e-01 3.5206911e-01 0.0000000e+00 
4.0884519e-01 3.5489669e-01 0.0000000e+00 
3.7592891e-01 3.5095471e-01 0.0000000e+00 
4.1221961e-01 3.2815641e-01 0.0000000e+00 
4.0885890e-01 2.7070051e-01 0.0000000e+00 
4.0606499e-01 2.5576550e-01 0.0000000e+00 
4.2036530e-01 2.6073930e-01 0.0000000e+00 
4.1758421e-01 2.4588020e-01 0.0000000e+00 
3.9879280e-01 3.6719501e-01 0.0000000e+00 
4.1457930e-01 3.6959961e-01 0.0000000e+00 
4.2435291e-01 3.5784501e-01 0.0000000e+00 
4.3005049e-01 3.7181091e-01 0.0000000e+00 
4.2064139e-01 3.8399899e-01 0.0000000e+00 
4.0332180e-01 2.4100940e-01 0.0000000e+00 
4.1523230e-01 2.3128320e-01 0.0000000e+00 
4.2901969e-01 2.3581611e-01 0.0000000e+00 
4.2680249e-01 2.2116630e-01 0.0000000e+00 
4.4072181e-01 2.2622180e-01 0.0000000e+00 
4.3834931e-01 2.1132030e-01 0.0000000e+00 
4.2324290e-01 2.0628519e-01 0.0000000e+00 
5.7600939e-01 2.6372889e-01 0.0000000e+00 
4.6461701e-01 3.7602729e-01 0.0000000e+00 
4.4586849e-01 3.4520641e-01 0.0000000e+00 
1.8224460e+00 4.8960349e-01 0.0000000e+00 
4.3567330e-01 1.9562960e-01 0.0000000e+00 
5.9315038e-01 1.5660501e-01 0.0000000e+00 
4.5945361e-01 1.9019520e-01 0.0000000e+00 
6.2804931e-01 2.1075760e-01 0.0000000e+00 
4.4690049e-01 3.7500271e-01 0.0000000e+00 
4.3590689e-01 2.6693821e-01 0.0000000e+00 
4.5538360e-01 2.4537770e-01 0.0000000e+00 
5.3253782e-01 3.6093631e-01 0.0000000e+00 
5.0687999e-01 3.7203360e-01 0.0000000e+00 
5.5479759e-01 3.4289679e-01 0.0000000e+00 
4.7859880e-01 2.3292100e-01 0.0000000e+00 
5.6951690e-01 2.9091081e-01 0.0000000e+00 
4.3251589e-01 3.2153201e-01 0.0000000e+00 
2.5864059e-01 4.9322551e-01 0.0000000e+00 
2.8119770e-01 4.6436489e-01 0.0000000e+00 
2.9712620e-01 4.9769270e-01 0.0000000e+00 
5.0679362e-01 2.2942559e-01 0.0000000e+00 
5.1640040e-01 2.1935740e-01 0.0000000e+00 
6.5671778e-01 2.8741741e-01 0.0000000e+00 
6.4681822e-01 2.6546481e-01 0.0000000e+00 
2.6161829e-01 1.0442510e-01 0.0000000e+00 
2.9914159e-01 1.2133270e-01 0.0000000e+00 
5.3835911e-01 2.0090669e-01 0.0000000e+00 
4.1076070e-01 4.0288219e-01 0.0000000e+00 
4.2847160e-01 2.9058349e-01 0.0000000e+00 
5.8385968e-01 4.0419951e-01 0.0000000e+00 
4.6758640e-01 2.2237021e-01 0.0000000e+00 
1.7680900e+00 1.1666990e-01 0.0000000e+00 
4.6705061e-01 3.6164391e-01 0.0000000e+00 
4.2953780e-01 5.2015013e-01 0.0000000e+00 
3.4222049e-01 3.0633521e-01 0.0000000e+00 
3.3303869e-01 2.8045291e-01 0.0000000e+00 
5.3547281e-01 4.9663380e-01 0.0000000e+00 
5.6233060e-01 5.0093198e-01 0.0000000e+00 
3.5305610e-01 3.5562491e-01 0.0000000e+00 
3.6326250e-01 3.7681499e-01 0.0000000e+00 
5.8255208e-01 1.8968870e-01 0.0000000e+00 
5.6585908e-01 6.7596443e-02 0.0000000e+00 
3.1423870e-01 5.6071562e-01 0.0000000e+00 
3.6825681e-01 5.5769640e-01 0.0000000e+00 
1.6511329e+00 1.0926090e-01 0.0000000e+00 
1.6192470e+00 1.5863900e-01 0.0000000e+00 
3.1425080e-01 3.9930049e-02 0.0000000e+00 
3.1129351e-01 1.6085930e-01 0.0000000e+00 
3.3299991e-01 1.3328290e-01 0.0000000e+00 
3.3072019e-01 1.0009960e-01 0.0000000e+00 
2.7850899e-01 1.8997809e-01 0.0000000e+00 
3.6250210e-01 1.1719080e-01 0.0000000e+00 
3.6242679e-01 7.9823360e-02 0.0000000e+00 
3.9215559e-01 9.3917303e-02 0.0000000e+00 
6.7704421e-01 3.9422091e-02 0.0000000e+00 
6.9158012e-01 7.9496212e-02 0.0000000e+00 
7.2696608e-01 4.4044841e-02 0.0000000e+00 
7.3696113e-01 9.5335990e-02 0.0000000e+00 
7.9171729e-01 1.0606610e-01 0.0000000e+00 
7.5707722e-01 1.3865989e-01 0.0000000e+00 
8.0465728e-01 1.5881000e-01 0.0000000e+00 
8.4009641e-01 1.2030350e-01 0.0000000e+00 
8.5441029e-01 1.6780110e-01 0.0000000e+00 
8.9020813e-01 1.3047090e-01 0.0000000e+00 
8.7580758e-01 8.5384279e-02 0.0000000e+00 
6.3392729e-01 5.6027758e-01 0.0000000e+00 
6.5490252e-01 5.2222651e-01 0.0000000e+00 
6.9785458e-01 5.2009457e-01 0.0000000e+00 
6.6947389e-01 4.8214740e-01 0.0000000e+00 
7.1400052e-01 4.7928271e-01 0.0000000e+00 
7.3890662e-01 5.1415598e-01 0.0000000e+00 
7.5538421e-01 4.7427329e-01 0.0000000e+00 
7.3060858e-01 4.4053549e-01 0.0000000e+00 
7.7131832e-01 4.3481070e-01 0.0000000e+00 
7.4432129e-01 4.0371630e-01 0.0000000e+00 
7.9942912e-01 4.6868020e-01 0.0000000e+00 
8.1664360e-01 4.2528069e-01 0.0000000e+00 
8.4675127e-01 4.6303490e-01 0.0000000e+00 
7.0795268e-01 4.1132101e-01 0.0000000e+00 
8.6556101e-01 4.1526449e-01 0.0000000e+00 
9.0177119e-01 4.5578691e-01 0.0000000e+00 
6.1436248e-01 5.2457899e-01 0.0000000e+00 
5.9010911e-01 5.6233871e-01 0.0000000e+00 
6.8740159e-01 4.4485721e-01 0.0000000e+00 
6.3075930e-01 4.9217081e-01 0.0000000e+00 
8.2390177e-01 3.7696400e-01 0.0000000e+00 
6.5760958e-01 4.5251140e-01 0.0000000e+00 
8.8201141e-01 3.6469159e-01 0.0000000e+00 
7.1646827e-01 3.7200019e-01 0.0000000e+00 
7.5293612e-01 3.6630341e-01 0.0000000e+00 
7.3172802e-01 3.4158540e-01 0.0000000e+00 
4.3641081e-01 3.8625911e-01 0.0000000e+00 
3.3307719e-01 5.1888418e-01 0.0000000e+00 
3.7808201e-01 5.1874483e-01 0.0000000e+00 
4.1757399e-01 3.4319299e-01 0.0000000e+00 
4.0734050e-01 3.1263331e-01 0.0000000e+00 
4.8661929e-01 4.2812102e-02 0.0000000e+00 
7.2056448e-01 1.3380709e-01 0.0000000e+00 
7.2885102e-01 1.7120270e-01 0.0000000e+00 
7.6764971e-01 1.8236589e-01 0.0000000e+00 
7.3844647e-01 2.0840840e-01 0.0000000e+00 
3.2383901e-01 4.7502699e-01 0.0000000e+00 
2.0299730e-01 4.5617640e-02 0.0000000e+00 
5.8970161e-02 3.3410329e-01 0.0000000e+00 
2.0689000e-01 5.5709481e-01 0.0000000e+00 
4.1305149e-01 2.8573561e-01 0.0000000e+00 
7.8471351e-01 5.4944623e-01 0.0000000e+00 
5.7445318e-01 2.4704580e-01 0.0000000e+00 
4.8197981e-02 2.0613991e-01 0.0000000e+00 
2.9774281e-01 8.0907270e-02 0.0000000e+00 
5.0055778e-01 5.6669247e-01 0.0000000e+00 
5.6139982e-01 2.6632291e-01 0.0000000e+00 
1.6788280e+00 5.7307512e-02 0.0000000e+00 
5.1920211e-01 3.7999329e-01 0.0000000e+00 
5.3287011e-01 2.3837809e-01 0.0000000e+00 
4.9314889e-01 3.6956069e-01 0.0000000e+00 
5.4427528e-01 3.7591609e-01 0.0000000e+00 
7.8244883e-01 3.9527819e-01 0.0000000e+00 
3.6446571e-01 4.0250320e-02 0.0000000e+00 
4.4162789e-01 3.5938531e-01 0.0000000e+00 
6.3632941e-01 2.8842619e-01 0.0000000e+00 
4.9067271e-01 2.1312010e-01 0.0000000e+00 
9.0754151e-01 5.5067050e-01 0.0000000e+00 
9.6624529e-01 5.4957891e-01 0.0000000e+00 
9.9525559e-01 4.9868581e-01 0.0000000e+00 
1.0540251e+00 4.9801311e-01 0.0000000e+00 
1.0243800e+00 4.4818369e-01 0.0000000e+00 
1.0813180e+00 4.4429299e-01 0.0000000e+00 
9.6050638e-01 4.4521841e-01 0.0000000e+00 
9.9237692e-01 4.0150511e-01 0.0000000e+00 
9.3534291e-01 5.0050128e-01 0.0000000e+00 
1.1123620e+00 4.9683940e-01 0.0000000e+00 
1.1383430e+00 4.4216970e-01 0.0000000e+00 
5.4218680e-01 5.2327639e-01 0.0000000e+00 
4.9454380e-02 4.5007420e-01 0.0000000e+00 
1.0217610e-01 4.7936839e-01 0.0000000e+00 
2.2542991e-01 2.8165141e-01 0.0000000e+00 
3.9299640e-01 1.2565491e-01 0.0000000e+00 
4.2287391e-01 1.0849530e-01 0.0000000e+00 
4.1702661e-01 7.4225321e-02 0.0000000e+00 
4.2317891e-01 4.9126241e-01 0.0000000e+00 
3.6435950e-01 3.1840631e-01 0.0000000e+00 
5.9271669e-01 4.9394491e-01 0.0000000e+00 
4.5279789e-01 2.1705380e-01 0.0000000e+00 
1.1707489e+00 4.9572700e-01 0.0000000e+00 
1.1967220e+00 4.4262701e-01 0.0000000e+00 
1.2286400e+00 4.9457431e-01 0.0000000e+00 
1.2569320e+00 4.4329810e-01 0.0000000e+00 
1.2887410e+00 4.9415389e-01 0.0000000e+00 
4.9704749e-02 9.0376601e-02 0.0000000e+00 
1.1661880e+00 3.8667339e-01 0.0000000e+00 
1.0448740e+00 3.9727730e-01 0.0000000e+00 
1.3219531e+00 5.4748261e-01 0.0000000e+00 
1.3566051e+00 4.9475339e-01 0.0000000e+00 
1.4128619e+00 5.0170678e-01 0.0000000e+00 
1.3878731e+00 4.4357020e-01 0.0000000e+00 
2.6875430e-01 4.3074101e-01 0.0000000e+00 
4.1746351e-01 3.0108821e-01 0.0000000e+00 
4.7450441e-01 4.2571831e-01 0.0000000e+00 
4.0593800e-01 2.0075510e-01 0.0000000e+00 
4.4167551e-01 4.0079829e-01 0.0000000e+00 
1.9512080e+00 4.5117629e-01 0.0000000e+00 
1.0262311e+00 5.1109631e-02 0.0000000e+00 
9.9738371e-01 1.0181700e-01 0.0000000e+00 
1.0553030e+00 1.0176790e-01 0.0000000e+00 
1.0273110e+00 1.4739220e-01 0.0000000e+00 
1.0855290e+00 1.4977370e-01 0.0000000e+00 
9.7062862e-01 1.4721170e-01 0.0000000e+00 
9.3508059e-01 1.0148260e-01 0.0000000e+00 
1.1133560e+00 1.0215650e-01 0.0000000e+00 
1.1446090e+00 1.4514109e-01 0.0000000e+00 
1.1160710e+00 1.9391710e-01 0.0000000e+00 
1.2018321e+00 5.4771107e-01 0.0000000e+00 
1.9480680e+00 2.1005040e-01 0.0000000e+00 
1.0842860e+00 5.4868227e-01 0.0000000e+00 
1.9480680e+00 3.2994959e-01 0.0000000e+00 
1.5904510e+00 1.0452840e-01 0.0000000e+00 
1.5598950e+00 1.5443350e-01 0.0000000e+00 
1.5304790e+00 1.0186320e-01 0.0000000e+00 
1.5007280e+00 1.5119410e-01 0.0000000e+00 
1.5273950e+00 2.0345390e-01 0.0000000e+00 
1.4685169e+00 1.9967620e-01 0.0000000e+00 
1.4425830e+00 1.4740349e-01 0.0000000e+00 
1.4098901e+00 1.9577309e-01 0.0000000e+00 
1.3839140e+00 1.4338671e-01 0.0000000e+00 
1.3511680e+00 1.9153769e-01 0.0000000e+00 
1.3252350e+00 1.3926670e-01 0.0000000e+00 
1.2926320e+00 1.8772170e-01 0.0000000e+00 
1.2666039e+00 1.3634580e-01 0.0000000e+00 
1.2355460e+00 1.8558609e-01 0.0000000e+00 
1.2059170e+00 1.3905290e-01 0.0000000e+00 
1.2347410e+00 9.3928657e-02 0.0000000e+00 
1.3187660e+00 2.4091680e-01 0.0000000e+00 
1.4945120e+00 2.5244480e-01 0.0000000e+00 
1.5862570e+00 2.0772290e-01 0.0000000e+00 
5.5948251e-01 2.4233980e-01 0.0000000e+00 
1.5573130e+00 5.4926682e-01 0.0000000e+00 
1.5215520e+00 5.0207931e-01 0.0000000e+00 
1.5906490e+00 4.9784341e-01 0.0000000e+00 
1.3832541e+00 4.9608339e-02 0.0000000e+00 
1.5002331e+00 5.0511628e-02 0.0000000e+00 
1.7345819e+00 5.5134553e-01 0.0000000e+00 
1.6170100e+00 5.5189037e-01 0.0000000e+00 
1.6308481e+00 4.1378099e-01 0.0000000e+00 
1.7733830e+00 4.6653220e-01 0.0000000e+00 
1.8566350e+00 5.4165798e-01 0.0000000e+00 
1.5124860e+00 4.0674630e-01 0.0000000e+00 
1.4853560e+00 4.5626420e-01 0.0000000e+00 
1.6452560e+00 2.1187560e-01 0.0000000e+00 
1.7967290e+00 1.6947480e-01 0.0000000e+00 
1.8955210e+00 4.8443690e-01 0.0000000e+00 
2.4952111e-01 3.7534630e-01 0.0000000e+00 
2.4015559e-01 3.3920720e-01 0.0000000e+00 
1.6122910e+00 2.6095319e-01 0.0000000e+00 
1.8537400e+00 5.5921540e-02 0.0000000e+00 
1.8819669e+00 1.0242500e-01 0.0000000e+00 
9.5119797e-02 1.2153590e-01 0.0000000e+00 
1.0847340e+00 5.0935078e-02 0.0000000e+00 
1.7562060e+00 3.2229191e-01 0.0000000e+00 
1.4358770e+00 2.4863569e-01 0.0000000e+00 
4.3159389e-01 2.5088599e-01 0.0000000e+00 
4.7994119e-01 3.8120639e-01 0.0000000e+00 
1.8123610e+00 3.2570100e-01 0.0000000e+00 
6.1470199e-01 2.3820160e-01 0.0000000e+00 
6.2837660e-01 2.5279269e-01 0.0000000e+00 
5.6644672e-01 3.2120070e-01 0.0000000e+00 
4.0343639e-01 3.8359720e-01 0.0000000e+00 
1.2608960e+00 2.3755901e-01 0.0000000e+00 
9.7383392e-01 2.2759880e-01 0.0000000e+00 
1.8966711e+00 3.6694610e-01 0.0000000e+00 
1.2852859e+00 3.9278471e-01 0.0000000e+00 
4.4754091e-01 4.1694289e-01 0.0000000e+00 
5.1814729e-01 1.1434720e-01 0.0000000e+00 
9.8089732e-02 2.9848260e-01 0.0000000e+00 
8.7650722e-01 5.0584209e-01 0.0000000e+00 
7.2722268e-01 5.5884892e-01 0.0000000e+00 
9.1900879e-01 4.0950510e-01 0.0000000e+00 
6.0669678e-01 3.3687809e-01 0.0000000e+00 
9.2257088e-01 2.2499460e-01 0.0000000e+00 
1.8270659e+00 1.1701130e-01 0.0000000e+00 
3.9101499e-01 2.5043941e-01 0.0000000e+00 
3.0026230e-01 2.1632680e-01 0.0000000e+00 
5.8418620e-01 3.3934349e-01 0.0000000e+00 
1.5593460e+00 5.1838879e-02 0.0000000e+00 
4.5547140e-01 5.6772357e-01 0.0000000e+00 
9.7268373e-02 1.8144910e-01 0.0000000e+00 
9.3618453e-02 5.9398320e-02 0.0000000e+00 
9.5946752e-02 4.1991970e-01 0.0000000e+00 
1.5493150e-01 4.8253620e-01 0.0000000e+00 
5.3141659e-01 2.2366489e-01 0.0000000e+00 
4.6951711e-01 1.7694290e-01 0.0000000e+00 
1.3219830e+00 4.4809279e-01 0.0000000e+00 
6.1860532e-01 2.8225860e-01 0.0000000e+00 
9.2647932e-02 5.4469162e-01 0.0000000e+00 
3.6105269e-01 4.8700431e-01 0.0000000e+00 
1.4393450e+00 5.5213040e-01 0.0000000e+00 
1.9442101e+00 9.5342271e-02 0.0000000e+00 
9.0059137e-01 1.7995150e-01 0.0000000e+00 
8.2735151e-01 2.0720319e-01 0.0000000e+00 
6.6251612e-01 1.0677520e-01 0.0000000e+00 
6.7604911e-01 4.1622579e-01 0.0000000e+00 
6.8501538e-01 3.8669550e-01 0.0000000e+00 
3.6920869e-01 2.9070961e-01 0.0000000e+00 
4.5409241e-01 2.3146330e-01 0.0000000e+00 
6.1867392e-01 3.1358370e-01 0.0000000e+00 
1.9131620e+00 5.4997718e-01 0.0000000e+00 
4.2027211e-01 1.8849210e-01 0.0000000e+00 
1.9003210e+00 2.9999799e-01 0.0000000e+00 
5.5434358e-01 1.3134070e-01 0.0000000e+00 
1.4729370e+00 1.0059040e-01 0.0000000e+00 
4.4868380e-01 4.7589070e-01 0.0000000e+00 
1.7371070e+00 5.7924490e-02 0.0000000e+00 
1.6196249e-01 1.9384970e-01 0.0000000e+00 
2.7876011e-01 3.4925121e-01 0.0000000e+00 
5.6304562e-01 4.5950639e-01 0.0000000e+00 
6.0384172e-01 3.5119170e-01 0.0000000e+00 
5.7530987e-01 5.2873927e-01 0.0000000e+00 
1.3667960e-01 3.8707560e-01 0.0000000e+00 
4.9747679e-01 1.2821840e-01 0.0000000e+00 
1.1983300e+00 4.8251878e-02 0.0000000e+00 
7.5970978e-01 3.2726541e-01 0.0000000e+00 
8.1999791e-01 5.1075947e-01 0.0000000e+00 
1.3957340e+00 3.8871399e-01 0.0000000e+00 
3.8881221e-01 2.3447470e-01 0.0000000e+00 
5.2596432e-01 2.0954940e-01 0.0000000e+00 
1.4149910e+00 9.8922051e-02 0.0000000e+00 
3.1656411e-01 1.9587231e-01 0.0000000e+00 
4.3203679e-01 3.4525600e-01 0.0000000e+00 
5.0832897e-01 3.8785461e-01 0.0000000e+00 
5.0716370e-01 4.6868089e-01 0.0000000e+00 
7.2506380e-01 3.1459489e-01 0.0000000e+00 
5.7067949e-01 1.5282580e-01 0.0000000e+00 
6.7973870e-01 1.6684531e-01 0.0000000e+00 
5.3255141e-01 1.4827640e-01 0.0000000e+00 
5.8382958e-01 2.0679601e-01 0.0000000e+00 
3.6833951e-01 3.3595169e-01 0.0000000e+00 
6.6081917e-01 3.9089271e-01 0.0000000e+00 
3.5859609e-01 1.6498099e-01 0.0000000e+00 
5.4474670e-01 2.4635740e-01 0.0000000e+00 
8.5039961e-01 4.4130251e-02 0.0000000e+00 
7.0378470e-01 2.1493910e-01 0.0000000e+00 
3.8111559e-01 3.6489099e-01 0.0000000e+00 
3.8378549e-01 3.8103321e-01 0.0000000e+00 
1.1733290e+00 9.6517898e-02 0.0000000e+00 
6.1236829e-01 3.6486840e-01 0.0000000e+00 
4.2817801e-01 4.6774849e-01 0.0000000e+00 
3.9298210e-01 4.8933309e-01 0.0000000e+00 
5.1858139e-01 5.3958851e-01 0.0000000e+00 
1.1778920e+00 1.8819040e-01 0.0000000e+00 
6.3357651e-01 4.2729640e-01 0.0000000e+00 
2.1912169e-01 8.9860998e-02 0.0000000e+00 
4.4828820e-01 3.3391532e-02 0.0000000e+00 
7.1727687e-01 2.3730519e-01 0.0000000e+00 
9.8337471e-02 2.5592181e-01 0.0000000e+00 
4.8688981e-01 5.3696889e-01 0.0000000e+00 
9.1024607e-01 4.6742149e-02 0.0000000e+00 
4.2072469e-01 3.1704551e-01 0.0000000e+00 
2.5881660e-01 2.8481191e-01 0.0000000e+00 
1.3556740e+00 9.6588373e-02 0.0000000e+00 
3.8170820e-01 4.6353251e-01 0.0000000e+00 
6.1133659e-01 4.6789679e-01 0.0000000e+00 
4.4266859e-01 2.4074350e-01 0.0000000e+00 
1.4653840e+00 5.0395852e-01 0.0000000e+00 
1.1433500e+00 2.3560201e-01 0.0000000e+00 
5.5341142e-01 3.6430839e-01 0.0000000e+00 
5.7990170e-01 2.7820900e-01 0.0000000e+00 
4.4887719e-01 2.0151231e-01 0.0000000e+00 
4.6245420e-01 4.1756010e-01 0.0000000e+00 
4.1210291e-01 2.1662711e-01 0.0000000e+00 
5.1736373e-01 5.6347691e-02 0.0000000e+00 
7.0604849e-01 3.3807889e-01 0.0000000e+00 
4.3653390e-01 1.2656429e-01 0.0000000e+00 
4.2773649e-01 3.9727569e-01 0.0000000e+00 
4.2305809e-01 2.7508900e-01 0.0000000e+00 
1.9111360e+00 1.7995431e-01 0.0000000e+00 
1.2975690e+00 9.4644032e-02 0.0000000e+00 
7.4613649e-01 2.3963641e-01 0.0000000e+00 
2.9362991e-01 4.1433749e-01 0.0000000e+00 
5.8357382e-01 3.0761179e-01 0.0000000e+00 
5.3191912e-01 3.7253350e-01 0.0000000e+00 
4.4445190e-01 8.4593862e-02 0.0000000e+00 
1.5468830e+00 4.5422599e-01 0.0000000e+00 
6.2926418e-01 2.7103639e-01 0.0000000e+00 
3.5220909e-01 2.8729489e-01 0.0000000e+00 
8.3805579e-01 3.3710629e-01 0.0000000e+00 
5.2616048e-01 4.0003020e-01 0.0000000e+00 
1.8064611e-01 5.2023911e-01 0.0000000e+00 
4.2505819e-01 3.3176431e-01 0.0000000e+00 
7.7968621e-01 5.0346297e-01 0.0000000e+00 
1.2679260e+00 4.6381779e-02 0.0000000e+00 
5.8107018e-01 2.9473820e-01 0.0000000e+00 
6.1925322e-01 3.3036381e-01 0.0000000e+00 
5.6537521e-01 2.5524691e-01 0.0000000e+00 
3.8967860e-01 6.5405212e-02 0.0000000e+00 
1.0865080e+00 2.3449360e-01 0.0000000e+00 
1.4042149e-01 9.9993236e-02 0.0000000e+00 
1.0030100e+00 3.5783571e-01 0.0000000e+00 
3.6067769e-01 3.0184039e-01 0.0000000e+00 
5.7885981e-01 3.8880101e-01 0.0000000e+00 
1.5990330e+00 4.4926330e-01 0.0000000e+00 
9.1439813e-02 3.7532219e-01 0.0000000e+00 
5.7995051e-01 1.7130360e-01 0.0000000e+00 
6.1258352e-01 2.5273019e-01 0.0000000e+00 
4.0172791e-01 2.2754180e-01 0.0000000e+00 
5.4750210e-01 9.9742994e-02 0.0000000e+00 
6.1311978e-01 2.0313910e-01 0.0000000e+00 
6.1223829e-01 2.2002740e-01 0.0000000e+00 
1.8586820e+00 3.2957241e-01 0.0000000e+00 
5.8738971e-01 3.7580970e-01 0.0000000e+00 
4.5219980e-02 4.4195049e-02 0.0000000e+00 
4.8124549e-01 2.2123460e-01 0.0000000e+00 
4.3828961e-02 5.5591398e-01 0.0000000e+00 
1.0568640e+00 1.9004630e-01 0.0000000e+00 
3.3193341e-01 4.4711831e-01 0.0000000e+00 
3.0378929e-01 4.4286191e-01 0.0000000e+00 
5.3415012e-01 1.2728420e-01 0.0000000e+00 
5.0386423e-01 2.1636350e-01 0.0000000e+00 
1.9116580e+00 4.2358989e-01 0.0000000e+00 
4.5517069e-01 3.6521810e-01 0.0000000e+00 
3.6732909e-01 3.6239621e-01 0.0000000e+00 
6.3041377e-01 3.0585691e-01 0.0000000e+00 
1.9569679e+00 4.3301821e-02 0.0000000e+00 
5.7146299e-01 4.8058590e-01 0.0000000e+00 
1.6484860e+00 5.1718348e-01 0.0000000e+00 
9.4670999e-01 1.8556410e-01 0.0000000e+00 
6.3752991e-01 4.6584189e-01 0.0000000e+00 
1.9572541e+00 5.5697870e-01 0.0000000e+00 
6.4813697e-01 2.4830820e-01 0.0000000e+00 
6.0179752e-01 3.7555191e-01 0.0000000e+00 
1.4364240e+00 4.6111640e-01 0.0000000e+00 
5.6217611e-01 3.5223660e-01 0.0000000e+00 
6.6050959e-01 4.3027630e-01 0.0000000e+00 
4.0468970e-01 5.1149738e-01 0.0000000e+00 
5.1506358e-01 2.0555650e-01 0.0000000e+00 
4.3334481e-01 1.8108650e-01 0.0000000e+00 
9.9962813e-01 1.8700930e-01 0.0000000e+00 
6.9131333e-01 1.1763480e-01 0.0000000e+00 
4.4599831e-01 1.8538959e-01 0.0000000e+00 
5.1551181e-01 4.8891029e-01 0.0000000e+00 
4.3754059e-01 5.8743980e-02 0.0000000e+00 
5.9589100e-01 3.4163511e-01 0.0000000e+00 
2.3624770e-01 5.2814358e-01 0.0000000e+00 
6.6953379e-01 3.7169310e-01 0.0000000e+00 
3.6865169e-01 3.9570969e-01 0.0000000e+00 
5.9758049e-01 1.9620110e-01 0.0000000e+00 
1.3329040e-01 5.1544452e-01 0.0000000e+00 
1.0515270e+00 3.5504949e-01 0.0000000e+00 
3.3392131e-01 6.8202123e-02 0.0000000e+00 
1.7869949e-01 8.1389397e-02 0.0000000e+00 
9.2706198e-01 1.4882250e-01 0.0000000e+00 
1.7000279e+00 5.1305068e-01 0.0000000e+00 
3.4774879e-01 2.6959679e-01 0.0000000e+00 
5.7002652e-01 3.3917850e-01 0.0000000e+00 
4.5571360e-01 1.7617980e-01 0.0000000e+00 
8.2389021e-01 8.1237279e-02 0.0000000e+00 
5.6977302e-01 4.0162051e-01 0.0000000e+00 
5.7622939e-01 9.1579817e-02 0.0000000e+00 
7.9520959e-01 1.9354109e-01 0.0000000e+00 
7.1731091e-01 1.9555099e-01 0.0000000e+00 
9.5533073e-01 4.0679529e-01 0.0000000e+00 
5.1722008e-01 4.1250920e-01 0.0000000e+00 
4.3116611e-01 5.4470932e-01 0.0000000e+00 
6.9998658e-01 1.5358570e-01 0.0000000e+00 
3.7607810e-01 2.2627370e-01 0.0000000e+00 
5.1978278e-01 3.9113960e-01 0.0000000e+00 
5.3689402e-01 2.1312129e-01 0.0000000e+00 
9.0401761e-02 2.1924180e-01 0.0000000e+00 
7.8513551e-01 3.6338761e-01 0.0000000e+00 
2.8628290e-01 5.2971011e-01 0.0000000e+00 
1.9101239e+00 1.3962340e-01 0.0000000e+00 
3.3938929e-01 1.5675519e-01 0.0000000e+00 
3.5365051e-01 1.4366330e-01 0.0000000e+00 
5.9640652e-01 1.7787141e-01 0.0000000e+00 
2.3996450e-01 3.0955619e-01 0.0000000e+00 
4.0130991e-01 5.3756779e-01 0.0000000e+00 
2.6203820e-01 3.9843059e-01 0.0000000e+00 
1.7610559e+00 5.1254529e-01 0.0000000e+00 
5.3923780e-01 6.9367118e-02 0.0000000e+00 
6.6389477e-01 2.7387929e-01 0.0000000e+00 
5.6400359e-01 1.6758190e-01 0.0000000e+00 
6.3302028e-01 3.3655259e-01 0.0000000e+00 
5.4254562e-01 3.6452681e-01 0.0000000e+00 
5.1293671e-01 2.8587131e-02 0.0000000e+00 
5.1246679e-01 1.8971939e-01 0.0000000e+00 

CELLS 1766 7064
3 0 870 123
3 1 882 70
3 2 887 79
3 3 872 114
3 4 193 35
3 4 516 193
3 5 516 4
3 6 184 5
3 6 612 184
3 7 612 6
3 8 183 7
3 8 799 183
3 9 799 8
3 10 615 9
3 11 335 10
3 11 521 335
3 12 521 11
3 13 311 12
3 13 515 311
3 14 515 13
3 15 312 14
3 15 511 312
3 16 511 15
3 17 308 16
3 17 510 308
3 18 510 17
3 19 301 18
3 19 529 301
3 20 529 19
3 21 124 20
3 21 517 124
3 22 517 21
3 23 277 22
3 23 503 277
3 24 503 23
3 25 266 24
3 25 533 266
3 26 533 25
3 27 269 26
3 27 616 269
3 28 616 27
3 29 513 28
3 30 241 29
3 30 512 241
3 31 512 30
3 32 214 31
3 32 514 214
3 33 514 32
3 34 215 33
3 34 726 215
3 35 726 34
3 36 870 0
3 37 747 36
3 38 155 37
3 38 603 155
3 39 603 38
3 40 130 39
3 40 547 130
3 41 547 40
3 41 619 547
3 42 619 41
3 43 142 42
3 43 812 142
3 44 812 43
3 44 943 597
3 45 943 44
3 46 145 45
3 46 159 145
3 47 159 46
3 48 140 47
3 48 555 140
3 49 555 48
3 49 557 555
3 50 557 49
3 51 126 50
3 51 800 126
3 52 800 51
3 52 816 800
3 53 816 52
3 54 131 53
3 54 663 131
3 55 663 54
3 55 718 663
3 56 718 55
3 57 127 56
3 57 780 127
3 58 780 57
3 58 850 780
3 59 850 58
3 60 148 59
3 60 700 148
3 61 700 60
3 62 128 61
3 62 701 128
3 63 701 62
3 63 744 701
3 64 744 63
3 65 136 64
3 65 613 136
3 66 613 65
3 66 772 613
3 67 772 66
3 68 144 67
3 68 715 144
3 69 715 68
3 70 157 69
3 70 882 157
3 71 882 1
3 72 757 71
3 73 154 72
3 73 674 154
3 74 674 73
3 75 139 74
3 75 676 139
3 76 676 75
3 77 147 76
3 77 662 147
3 78 662 77
3 79 156 78
3 79 887 156
3 80 887 2
3 81 766 80
3 82 706 81
3 83 151 82
3 83 702 151
3 84 702 83
3 85 129 84
3 85 703 129
3 86 703 85
3 87 697 86
3 88 137 87
3 88 756 137
3 89 756 88
3 90 149 89
3 90 653 149
3 91 653 90
3 92 134 91
3 92 673 134
3 93 673 92
3 94 150 93
3 94 675 150
3 95 675 94
3 96 135 95
3 96 624 135
3 97 624 96
3 98 623 97
3 99 125 98
3 99 607 125
3 100 607 99
3 100 736 607
3 101 736 100
3 102 138 101
3 102 566 138
3 103 566 102
3 103 583 566
3 104 583 103
3 105 143 104
3 105 611 143
3 106 611 105
3 106 745 611
3 107 745 106
3 108 141 107
3 108 544 141
3 109 544 108
3 110 543 109
3 111 132 110
3 111 605 132
3 112 605 111
3 113 153 112
3 113 754 153
3 114 754 113
3 114 872 754
3 115 872 3
3 116 158 115
3 116 635 158
3 117 635 116
3 118 146 117
3 118 604 146
3 119 604 118
3 120 133 119
3 120 609 133
3 121 609 120
3 122 152 121
3 122 650 152
3 123 650 122
3 123 870 650
3 124 529 20
3 124 658 529
3 124 817 658
3 125 623 98
3 125 735 623
3 125 782 735
3 126 557 50
3 126 558 557
3 126 559 558
3 126 915 559
3 127 718 56
3 127 804 670
3 128 700 61
3 128 786 700
3 129 702 84
3 129 911 702
3 130 603 39
3 130 610 525
3 130 811 603
3 131 816 53
3 132 543 110
3 132 929 543
3 133 604 119
3 133 734 604
3 133 814 734
3 133 927 814
3 134 653 91
3 134 673 647
3 135 675 95
3 136 613 545
3 136 744 64
3 137 697 87
3 137 698 697
3 137 823 698
3 138 736 101
3 139 674 74
3 139 768 454
3 140 159 47
3 140 160 159
3 140 161 160
3 140 555 161
3 141 745 107
3 141 922 745
3 141 935 922
3 142 619 42
3 142 854 619
3 142 900 640
3 143 583 104
3 143 777 583
3 143 808 634
3 144 740 532
3 144 772 67
3 145 938 830
3 145 943 45
3 146 635 117
3 146 748 635
3 146 861 748
3 147 676 76
3 147 730 676
3 147 878 730
3 148 850 59
3 149 756 89
3 150 673 93
3 150 675 632
3 151 706 82
3 151 937 504
3 152 609 121
3 152 746 609
3 153 605 112
3 153 847 605
3 153 906 847
3 154 757 72
3 154 930 757
3 155 747 37
3 155 856 747
3 155 909 856
3 156 662 78
3 156 711 662
3 156 766 711
3 156 887 766
3 157 715 69
3 157 716 715
3 157 757 716
3 157 882 757
3 158 872 115
3 159 542 145
3 160 542 159
3 160 917 542
3 161 162 160
3 161 760 162
3 162 163 160
3 162 164 163
3 162 165 164
3 162 760 165
3 163 917 160
3 164 187 163
3 164 506 187
3 165 166 164
3 165 167 166
3 165 253 167
3 165 760 253
3 166 506 164
3 166 933 506
3 167 168 166
3 167 169 168
3 167 793 169
3 168 227 166
3 168 866 227
3 169 170 168
3 169 171 170
3 169 188 171
3 169 793 188
3 170 508 168
3 171 172 170
3 171 173 172
3 171 801 173
3 172 244 170
3 172 888 244
3 173 174 172
3 173 175 174
3 173 813 175
3 174 888 172
3 174 939 524
3 175 176 174
3 175 177 176
3 175 178 177
3 175 813 178
3 176 939 174
3 177 180 176
3 177 791 180
3 178 179 177
3 178 181 179
3 178 837 181
3 179 791 177
3 180 191 176
3 180 192 191
3 180 831 192
3 181 182 179
3 181 185 182
3 181 245 185
3 181 837 245
3 182 781 179
3 183 612 7
3 183 799 696
3 183 853 612
3 184 516 5
3 184 612 501
3 184 826 516
3 185 186 182
3 185 189 186
3 185 759 189
3 186 222 182
3 186 845 222
3 187 361 163
3 187 769 361
3 187 792 769
3 188 801 171
3 188 919 801
3 188 923 599
3 189 190 186
3 189 194 190
3 189 243 194
3 189 759 243
3 190 845 186
3 191 523 176
3 192 201 191
3 192 202 201
3 192 203 202
3 192 831 203
3 193 726 35
3 193 839 456
3 193 851 839
3 194 195 190
3 194 196 195
3 194 739 196
3 195 588 190
3 196 197 195
3 196 198 197
3 196 729 198
3 196 739 729
3 197 242 195
3 197 857 242
3 198 199 197
3 198 200 199
3 198 259 200
3 198 729 259
3 199 857 197
3 199 907 857
3 200 216 199
3 200 217 216
3 200 855 217
3 201 232 191
3 201 460 232
3 201 941 460
3 202 204 201
3 202 205 204
3 202 903 205
3 203 831 589
3 203 903 202
3 204 941 201
3 205 206 204
3 205 207 206
3 205 797 207
3 205 903 797
3 206 341 204
3 206 805 341
3 207 208 206
3 207 209 208
3 207 211 209
3 207 797 211
3 208 805 206
3 208 889 805
3 209 210 208
3 209 212 210
3 209 810 212
3 210 344 208
3 210 530 344
3 211 797 761
3 211 810 209
3 211 892 810
3 212 213 210
3 212 220 213
3 212 257 220
3 212 810 257
3 213 530 210
3 214 512 31
3 214 891 825
3 214 942 512
3 215 514 33
3 215 913 514
3 216 907 199
3 217 218 216
3 217 219 218
3 217 824 219
3 217 855 824
3 218 345 216
3 218 651 345
3 219 223 218
3 219 224 223
3 219 258 224
3 219 824 258
3 220 221 213
3 220 254 221
3 220 821 254
3 221 239 213
3 221 240 239
3 221 775 240
3 222 781 182
3 222 845 586
3 222 928 781
3 223 651 218
3 224 225 223
3 224 226 225
3 224 728 226
3 225 352 223
3 225 731 352
3 226 228 225
3 226 229 228
3 226 693 229
3 226 728 693
3 227 933 166
3 228 731 225
3 229 230 228
3 229 231 230
3 229 256 231
3 229 693 256
3 230 356 228
3 230 783 356
3 231 233 230
3 231 234 233
3 231 720 234
3 232 523 191
3 232 621 523
3 232 881 621
3 233 783 230
3 234 235 233
3 234 236 235
3 234 694 236
3 234 720 694
3 235 366 233
3 235 707 366
3 236 237 235
3 236 238 237
3 236 252 238
3 236 694 252
3 237 707 235
3 238 246 237
3 238 247 246
3 238 714 247
3 239 530 213
3 239 916 530
3 240 260 239
3 240 261 260
3 240 262 261
3 240 775 262
3 241 513 29
3 241 614 513
3 241 840 614
3 242 588 195
3 242 737 588
3 242 857 630
3 242 920 737
3 243 739 194
3 243 758 739
3 243 759 563
3 244 508 170
3 244 725 724
3 244 867 508
3 244 888 725
3 245 601 600
3 245 759 185
3 245 837 601
3 245 918 759
3 246 360 237
3 246 704 360
3 247 248 246
3 247 249 248
3 247 250 249
3 247 714 250
3 248 704 246
3 249 255 248
3 249 719 255
3 250 251 249
3 250 342 251
3 250 709 342
3 250 714 709
3 251 719 249
3 252 694 681
3 252 714 238
3 253 793 167
3 253 923 793
3 254 775 221
3 254 821 643
3 254 883 775
3 255 377 248
3 255 378 377
3 255 382 378
3 255 719 382
3 256 686 684
3 256 693 686
3 256 720 231
3 257 810 587
3 257 821 220
3 257 886 821
3 258 728 224
3 258 809 690
3 258 824 809
3 259 855 200
3 259 873 855
3 259 896 873
3 260 346 239
3 260 438 346
3 260 459 438
3 261 459 260
3 262 263 261
3 262 435 263
3 262 436 435
3 262 775 436
3 263 264 261
3 263 265 264
3 263 790 265
3 264 459 261
3 264 921 459
3 265 267 264
3 265 268 267
3 265 270 268
3 265 790 270
3 266 503 24
3 266 620 503
3 266 879 620
3 267 354 264
3 267 355 354
3 267 659 355
3 268 659 267
3 269 533 26
3 269 722 502
3 270 271 268
3 270 326 271
3 270 327 326
3 270 790 327
3 271 272 268
3 271 273 272
3 271 771 273
3 272 659 268
3 272 828 659
3 273 274 272
3 273 275 274
3 273 806 275
3 274 732 272
3 275 276 274
3 275 278 276
3 275 339 278
3 275 806 339
3 276 340 274
3 276 528 340
3 277 517 22
3 277 848 517
3 278 279 276
3 278 280 279
3 278 820 280
3 279 528 276
3 280 281 279
3 280 282 281
3 280 316 282
3 280 820 316
3 281 314 279
3 281 904 314
3 282 283 281
3 282 284 283
3 282 874 284
3 283 904 281
3 284 285 283
3 284 838 285
3 284 875 838
3 285 286 283
3 285 287 286
3 285 296 287
3 285 838 296
3 286 540 283
3 287 288 286
3 287 289 288
3 287 774 289
3 288 539 286
3 289 290 288
3 289 291 290
3 289 774 291
3 290 317 288
3 290 535 317
3 291 292 290
3 291 293 292
3 291 304 293
3 291 774 304
3 292 535 290
3 292 536 535
3 293 294 292
3 293 295 294
3 293 818 295
3 294 536 292
3 295 297 294
3 295 305 297
3 295 322 305
3 295 818 322
3 296 774 287
3 296 936 712
3 297 298 294
3 297 299 298
3 297 742 299
3 298 536 294
3 298 912 536
3 299 300 298
3 299 302 300
3 299 787 302
3 300 315 298
3 300 467 315
3 300 924 467
3 301 510 18
3 301 834 510
3 302 303 300
3 302 306 303
3 302 313 306
3 302 787 313
3 303 924 300
3 304 774 713
3 304 818 293
3 304 934 818
3 305 742 297
3 306 307 303
3 306 309 307
3 306 798 309
3 307 321 303
3 307 660 321
3 308 511 16
3 308 822 511
3 309 310 307
3 309 318 310
3 309 320 318
3 309 798 320
3 310 660 307
3 310 767 660
3 311 521 12
3 311 871 622
3 311 877 521
3 312 515 14
3 312 531 515
3 312 764 531
3 313 787 548
3 313 798 306
3 313 931 798
3 314 528 279
3 314 727 528
3 314 803 727
3 314 904 803
3 315 912 298
3 316 755 602
3 316 820 755
3 316 874 282
3 317 539 288
3 317 796 539
3 318 319 310
3 318 328 319
3 318 638 328
3 319 767 310
3 319 895 767
3 320 638 318
3 320 932 552
3 321 864 784
3 321 924 303
3 322 323 305
3 322 324 323
3 322 637 324
3 322 818 637
3 323 551 305
3 324 325 323
3 324 367 325
3 324 368 367
3 324 637 368
3 325 350 323
3 325 371 350
3 325 773 371
3 326 771 271
3 327 359 326
3 327 402 359
3 327 899 402
3 328 329 319
3 328 832 329
3 329 330 319
3 329 331 330
3 329 332 331
3 329 832 332
3 330 895 319
3 330 898 895
3 330 914 898
3 331 914 330
3 332 333 331
3 332 336 333
3 332 369 336
3 332 832 369
3 333 334 331
3 333 337 334
3 333 779 337
3 334 751 331
3 335 615 10
3 335 750 615
3 336 779 333
3 337 338 334
3 337 347 338
3 337 348 347
3 337 779 348
3 338 351 334
3 338 461 351
3 338 944 461
3 339 806 641
3 339 820 278
3 340 732 274
3 340 833 661
3 341 776 738
3 341 805 776
3 341 941 204
3 342 343 251
3 342 375 343
3 342 376 375
3 342 709 376
3 343 353 251
3 343 373 353
3 343 710 373
3 344 889 208
3 345 633 628
3 345 651 633
3 345 907 216
3 346 916 239
3 347 349 338
3 347 362 349
3 347 794 362
3 348 779 733
3 348 794 347
3 348 876 794
3 349 944 338
3 350 551 323
3 351 751 334
3 352 648 646
3 352 651 223
3 352 731 648
3 353 719 251
3 353 723 719
3 354 921 264
3 355 357 354
3 355 379 357
3 355 380 379
3 355 659 380
3 356 731 228
3 356 752 731
3 356 783 656
3 357 358 354
3 357 789 358
3 358 921 354
3 358 925 846
3 359 372 326
3 359 401 372
3 359 815 401
3 360 707 237
3 360 842 707
3 360 860 842
3 361 917 163
3 362 363 349
3 362 364 363
3 362 431 364
3 362 794 431
3 363 374 349
3 363 527 374
3 364 365 363
3 364 384 365
3 364 940 384
3 365 527 363
3 366 783 233
3 366 890 656
3 367 773 325
3 368 406 367
3 368 407 406
3 368 409 407
3 368 637 409
3 369 370 336
3 369 832 639
3 369 841 370
3 370 403 336
3 370 405 403
3 370 424 405
3 370 841 424
3 371 392 350
3 371 457 392
3 371 458 457
3 371 773 458
3 372 771 326
3 373 422 353
3 373 454 422
3 373 455 454
3 373 710 455
3 374 944 349
3 375 710 343
3 376 394 375
3 376 545 394
3 376 546 545
3 376 709 546
3 377 704 248
3 378 445 377
3 378 705 445
3 379 430 357
3 379 722 430
3 380 381 379
3 380 432 381
3 380 828 432
3 381 722 379
3 382 383 378
3 382 399 383
3 382 723 399
3 383 705 378
3 384 385 365
3 384 541 385
3 384 862 541
3 384 940 862
3 385 386 365
3 385 387 386
3 385 795 387
3 386 527 365
3 386 926 527
3 387 388 386
3 387 389 388
3 387 390 389
3 387 795 390
3 388 400 386
3 388 444 400
3 388 696 444
3 389 696 388
3 390 391 389
3 390 395 391
3 390 447 395
3 390 795 447
3 391 608 389
3 392 393 350
3 392 525 393
3 392 811 525
3 393 551 350
3 394 532 375
3 394 772 532
3 395 396 391
3 395 724 396
3 395 867 724
3 396 397 391
3 396 398 397
3 396 863 398
3 397 608 391
3 398 417 397
3 398 418 417
3 398 419 418
3 398 863 419
3 399 404 383
3 399 730 404
3 399 868 730
3 400 926 386
3 401 534 372
3 401 815 745
3 401 922 534
3 402 815 359
3 402 899 537
3 403 779 336
3 404 504 383
3 404 711 504
3 404 878 711
3 405 434 403
3 405 830 434
3 406 408 367
3 406 814 408
3 407 734 406
3 408 773 367
3 408 927 746
3 409 410 407
3 409 411 410
3 409 713 411
3 409 934 713
3 410 437 407
3 410 778 437
3 411 412 410
3 411 413 412
3 411 712 413
3 411 713 712
3 412 778 410
3 413 414 412
3 413 415 414
3 413 657 415
3 413 936 657
3 414 416 412
3 414 749 416
3 415 423 414
3 415 518 423
3 415 519 518
3 415 657 519
3 416 749 636
3 416 778 412
3 417 501 397
3 417 826 501
3 418 420 417
3 418 421 420
3 418 753 421
3 419 753 418
3 419 843 753
3 419 863 725
3 420 826 417
3 420 851 826
3 421 425 420
3 421 426 425
3 421 443 426
3 421 753 443
3 422 723 353
3 422 868 723
3 423 749 414
3 423 847 749
3 423 902 847
3 424 597 405
3 424 812 597
3 424 900 812
3 425 851 420
3 426 427 425
3 426 428 427
3 426 765 428
3 427 839 425
3 428 429 427
3 428 738 429
3 428 852 738
3 429 456 427
3 429 743 456
3 429 901 743
3 430 616 513
3 430 722 616
3 430 789 357
3 431 794 769
3 431 940 364
3 432 433 381
3 432 661 433
3 432 732 661
3 432 828 732
3 433 502 381
3 433 509 502
3 433 592 509
3 433 661 592
3 434 733 403
3 434 865 733
3 434 938 865
3 435 790 263
3 435 899 790
3 436 537 435
3 436 538 537
3 436 883 538
3 437 734 407
3 437 861 604
3 438 439 346
3 438 442 439
3 438 846 442
3 439 440 346
3 439 441 440
3 439 617 441
3 440 916 346
3 441 448 440
3 441 449 448
3 441 825 449
3 442 617 439
3 442 840 617
3 442 925 614
3 443 753 621
3 443 765 426
3 443 881 765
3 444 750 400
3 444 799 615
3 445 446 377
3 445 911 446
3 445 937 911
3 446 704 377
3 446 860 704
3 446 884 699
3 446 911 884
3 447 867 395
3 447 905 866
3 448 859 440
3 448 869 859
3 449 450 448
3 449 451 450
3 449 891 451
3 450 869 448
3 451 452 450
3 451 743 452
3 451 913 743
3 452 453 450
3 452 776 453
3 452 901 776
3 453 869 450
3 453 889 869
3 454 674 139
3 454 768 422
3 454 835 674
3 455 740 716
3 455 835 454
3 455 930 835
3 456 726 193
3 456 839 427
3 456 913 726
3 457 811 392
3 457 909 811
3 458 746 717
3 458 773 746
3 458 856 457
3 459 846 438
3 459 921 846
3 460 852 765
3 460 881 232
3 460 941 852
3 461 462 351
3 461 466 462
3 461 944 466
3 462 463 351
3 462 464 463
3 462 622 464
3 463 751 351
3 464 465 463
3 464 531 465
3 464 871 531
3 465 507 463
3 465 827 507
3 466 622 462
3 466 877 622
3 466 894 877
3 466 944 894
3 467 468 315
3 467 741 468
3 467 784 741
3 467 924 784
3 468 469 315
3 468 470 469
3 468 471 470
3 468 741 471
3 469 912 315
3 470 763 469
3 471 472 470
3 471 485 472
3 471 486 485
3 471 741 486
3 472 473 470
3 472 474 473
3 472 606 474
3 473 763 470
3 474 475 473
3 474 596 475
3 474 658 596
3 475 476 473
3 475 477 476
3 475 478 477
3 475 596 478
3 476 763 473
3 476 858 763
3 477 642 476
3 477 796 642
3 478 479 477
3 478 480 479
3 478 484 480
3 478 596 484
3 479 796 477
3 480 481 479
3 480 482 481
3 480 595 482
3 481 483 479
3 481 802 483
3 482 489 481
3 482 490 489
3 482 491 490
3 482 595 491
3 483 796 479
3 483 880 539
3 484 595 480
3 484 848 595
3 485 606 472
3 485 834 606
3 486 487 485
3 486 488 487
3 486 494 488
3 486 741 494
3 487 721 510
3 487 834 485
3 488 721 487
3 489 802 481
3 489 803 802
3 490 727 489
3 491 492 490
3 491 620 492
3 491 788 620
3 492 493 490
3 492 592 493
3 492 620 509
3 493 727 490
3 493 833 528
3 494 495 488
3 494 864 495
3 495 496 488
3 495 497 496
3 495 829 497
3 495 864 829
3 496 721 488
3 496 822 721
3 497 498 496
3 497 499 498
3 497 500 499
3 497 829 500
3 498 822 496
3 499 644 498
3 499 827 644
3 500 505 499
3 500 767 505
3 500 829 660
3 501 608 397
3 501 826 184
3 501 853 608
3 502 533 269
3 502 722 381
3 502 879 533
3 503 788 277
3 504 705 383
3 504 706 151
3 504 711 706
3 504 937 705
3 505 827 499
3 505 898 827
3 506 792 187
3 506 862 792
3 506 933 862
3 507 751 463
3 507 914 751
3 508 866 168
3 508 867 866
3 509 592 492
3 509 879 502
3 510 721 308
3 510 834 487
3 511 764 312
3 511 822 764
3 512 840 241
3 512 942 840
3 513 616 28
3 513 789 430
3 514 891 214
3 514 913 891
3 515 871 311
3 516 851 193
3 517 817 124
3 517 848 817
3 518 902 423
3 518 929 902
3 519 520 518
3 519 602 520
3 519 875 602
3 520 602 593
3 520 929 518
3 521 522 335
3 521 877 522
3 522 750 335
3 522 785 750
3 522 894 785
3 523 621 524
3 523 939 176
3 524 843 725
3 524 888 174
3 524 939 523
3 525 526 393
3 525 610 526
3 525 811 130
3 526 548 393
3 526 549 548
3 526 550 549
3 526 610 550
3 527 785 374
3 527 926 785
3 528 727 493
3 528 833 340
3 529 658 606
3 529 834 301
3 530 859 344
3 530 916 859
3 531 644 465
3 531 764 644
3 531 871 515
3 532 710 375
3 532 740 710
3 532 772 144
3 533 879 266
3 534 641 372
3 534 893 641
3 534 935 893
3 535 642 317
3 535 858 642
3 536 844 535
3 536 912 844
3 537 634 402
3 537 899 435
3 538 634 537
3 538 777 634
3 538 883 643
3 539 540 286
3 539 796 483
3 539 880 540
3 540 880 802
3 540 904 283
3 541 795 385
3 541 905 795
3 541 933 905
3 542 917 865
3 542 938 145
3 543 544 109
3 543 593 544
3 543 929 593
3 544 935 141
3 545 613 394
3 545 677 136
3 546 677 545
3 546 678 677
3 546 695 678
3 546 709 695
3 547 610 130
3 547 908 610
3 548 551 393
3 548 787 551
3 548 931 313
3 549 931 548
3 549 932 931
3 550 552 549
3 550 553 552
3 550 908 553
3 551 742 305
3 551 787 742
3 552 638 320
3 552 932 549
3 553 554 552
3 553 854 554
3 553 908 619
3 554 638 552
3 554 639 638
3 554 640 639
3 554 854 640
3 555 556 161
3 555 557 556
3 556 760 161
3 556 897 760
3 557 558 556
3 558 897 556
3 559 560 558
3 559 561 560
3 559 562 561
3 559 915 562
3 560 598 558
3 560 599 598
3 560 600 599
3 561 600 560
3 561 918 600
3 562 563 561
3 562 564 563
3 562 565 564
3 562 915 565
3 563 758 243
3 563 759 561
3 564 758 563
3 564 910 758
3 565 669 564
3 565 816 669
3 565 915 800
3 566 567 138
3 566 582 567
3 566 583 582
3 567 568 138
3 567 569 568
3 567 585 569
3 568 736 138
3 569 570 568
3 569 584 570
3 569 587 584
3 569 886 587
3 570 571 568
3 570 572 571
3 570 573 572
3 570 584 573
3 571 736 568
3 571 849 607
3 572 849 571
3 573 574 572
3 573 575 574
3 573 579 575
3 573 584 579
3 574 576 572
3 574 577 576
3 574 618 577
3 575 618 574
3 576 849 572
3 577 578 576
3 577 580 578
3 577 586 580
3 577 618 586
3 578 782 576
3 579 589 575
3 579 762 589
3 580 581 578
3 580 737 581
3 581 735 578
3 581 737 629
3 582 585 567
3 582 643 585
3 582 777 643
3 583 777 582
3 584 761 579
3 584 892 761
3 585 886 569
3 586 588 580
3 586 845 588
3 586 928 222
3 587 886 257
3 587 892 584
3 588 737 580
3 588 845 190
3 589 590 575
3 589 591 590
3 589 762 203
3 589 831 591
3 590 618 575
3 590 928 618
3 591 781 590
3 591 791 781
3 591 831 791
3 592 833 493
3 593 594 544
3 593 755 594
3 593 929 520
3 594 935 544
3 595 788 491
3 595 848 788
3 596 817 484
3 597 812 44
3 597 830 405
3 597 943 830
3 598 897 558
3 598 923 897
3 599 919 188
3 599 923 598
3 600 601 599
3 600 918 245
3 601 813 801
3 601 837 813
3 601 919 599
3 602 755 593
3 602 874 316
3 602 875 874
3 603 909 155
3 604 734 437
3 604 861 146
3 605 902 132
3 606 658 474
3 606 834 529
3 607 736 571
3 607 782 125
3 607 849 782
3 608 696 389
3 608 853 696
3 609 927 133
3 610 908 550
3 611 808 143
3 611 815 808
3 612 853 501
3 613 772 394
3 614 789 513
3 614 840 442
3 614 925 789
3 615 750 444
3 615 799 9
3 616 722 269
3 617 825 441
3 617 942 825
3 618 928 586
3 619 854 553
3 619 908 547
3 620 788 503
3 620 879 509
3 621 843 524
3 621 881 443
3 622 871 464
3 622 877 311
3 623 624 97
3 623 631 624
3 623 735 631
3 624 625 135
3 624 631 625
3 625 626 135
3 625 627 626
3 625 629 627
3 625 631 629
3 626 675 135
3 627 628 626
3 627 652 628
3 628 632 626
3 628 633 632
3 628 652 345
3 629 630 627
3 629 631 581
3 629 920 630
3 630 652 627
3 630 857 652
3 630 920 242
3 631 735 581
3 632 645 150
3 632 675 626
3 633 645 632
3 633 646 645
3 633 651 646
3 634 777 143
3 634 808 402
3 635 636 158
3 635 748 636
3 636 748 416
3 636 754 158
3 636 906 754
3 637 934 409
3 638 639 328
3 639 832 328
3 639 841 369
3 640 841 639
3 640 854 142
3 640 900 841
3 641 771 372
3 641 806 771
3 641 807 339
3 641 893 807
3 642 796 317
3 642 858 476
3 643 777 538
3 643 821 585
3 643 883 254
3 644 764 498
3 644 827 465
3 645 673 150
3 646 647 645
3 646 648 647
3 646 651 352
3 647 649 134
3 647 673 645
3 648 649 647
3 648 752 649
3 649 653 134
3 649 654 653
3 649 752 654
3 650 717 152
3 650 747 717
3 650 870 747
3 652 907 345
3 653 654 149
3 654 655 149
3 654 656 655
3 654 752 656
3 655 756 149
3 655 823 756
3 655 890 823
3 656 752 356
3 656 783 366
3 656 890 655
3 657 875 519
3 657 936 838
3 658 817 596
3 659 828 380
3 660 767 500
3 660 829 321
3 661 732 340
3 661 833 592
3 662 878 147
3 663 664 131
3 663 665 664
3 663 718 665
3 664 669 131
3 665 666 664
3 665 667 666
3 665 670 667
3 665 718 670
3 666 668 664
3 666 896 668
3 667 873 666
3 668 669 664
3 668 896 885
3 668 910 669
3 669 816 131
3 669 910 564
3 670 671 667
3 670 718 127
3 670 804 671
3 671 672 667
3 671 804 691
3 671 809 672
3 672 873 667
3 674 835 154
3 676 768 139
3 677 744 136
3 678 679 677
3 678 680 679
3 678 681 680
3 678 695 681
3 679 744 677
3 679 770 701
3 680 770 679
3 681 682 680
3 681 694 682
3 681 695 252
3 682 683 680
3 682 684 683
3 682 720 684
3 683 770 680
3 683 786 770
3 684 685 683
3 684 686 685
3 684 720 256
3 685 786 683
3 685 819 786
3 686 687 685
3 686 688 687
3 686 693 688
3 687 819 685
3 687 836 819
3 688 689 687
3 688 690 689
3 688 728 690
3 689 836 687
3 690 691 689
3 690 728 258
3 690 809 691
3 691 692 689
3 691 804 692
3 691 809 671
3 692 804 780
3 692 836 689
3 692 850 836
3 693 728 688
3 694 720 682
3 695 714 252
3 696 799 444
3 696 853 183
3 697 703 86
3 698 699 697
3 698 823 708
3 698 842 699
3 699 703 697
3 699 860 446
3 699 884 703
3 700 819 148
3 701 744 679
3 701 770 128
3 702 937 151
3 703 884 129
3 704 860 360
3 705 937 445
3 706 766 81
3 707 708 366
3 707 842 708
3 708 842 698
3 708 890 366
3 709 714 695
3 710 740 455
3 711 766 706
3 711 878 662
3 712 774 296
3 712 936 413
3 713 774 712
3 713 934 304
3 715 740 144
3 716 740 715
3 716 930 455
3 717 746 152
3 717 856 458
3 719 723 382
3 721 822 308
3 723 868 399
3 724 863 396
3 724 867 244
3 725 843 419
3 725 863 724
3 725 888 524
3 726 913 215
3 727 803 489
3 729 896 259
3 730 768 676
3 730 868 768
3 730 878 404
3 731 752 648
3 732 828 272
3 733 779 403
3 733 876 348
3 734 814 406
3 735 782 578
3 737 920 629
3 738 852 341
3 738 901 429
3 739 885 729
3 741 784 494
3 742 787 299
3 743 901 452
3 743 913 456
3 745 815 611
3 745 922 401
3 746 773 408
3 746 927 609
3 747 856 717
3 747 870 36
3 748 778 416
3 748 861 778
3 749 906 636
3 750 926 400
3 751 914 331
3 753 843 621
3 754 872 158
3 754 906 153
3 755 807 594
3 755 820 807
3 756 823 137
3 757 882 71
3 757 930 716
3 758 885 739
3 758 910 885
3 759 918 561
3 760 897 253
3 761 762 579
3 761 797 762
3 761 892 211
3 762 903 203
3 763 844 469
3 763 858 844
3 764 822 498
3 765 852 428
3 765 881 460
3 766 887 80
3 767 895 505
3 768 868 422
3 769 792 431
3 769 865 361
3 769 876 865
3 770 786 128
3 771 806 273
3 775 883 436
3 776 805 453
3 776 901 738
3 778 861 437
3 780 804 127
3 780 850 692
3 781 791 179
3 781 928 590
3 782 849 576
3 784 864 494
3 784 924 321
3 785 894 374
3 785 926 750
3 786 819 700
3 788 848 277
3 789 925 358
3 790 899 327
3 791 831 180
3 792 940 431
3 793 923 188
3 794 876 769
3 795 905 447
3 797 903 762
3 798 932 320
3 800 816 565
3 800 915 126
3 801 813 173
3 801 919 601
3 802 803 540
3 802 880 483
3 803 904 540
3 805 889 453
3 807 820 339
3 807 893 594
3 808 815 402
3 809 824 672
3 810 892 587
3 811 909 603
3 812 900 142
3 813 837 178
3 814 927 408
3 817 848 484
3 818 934 637
3 819 836 148
3 821 886 585
3 823 890 708
3 824 855 672
3 825 891 449
3 825 942 214
3 826 851 516
3 827 898 507
3 829 864 321
3 830 938 434
3 830 943 145
3 835 930 154
3 836 850 148
3 838 875 657
3 838 936 296
3 839 851 425
3 840 942 617
3 841 900 424
3 842 860 699
3 844 858 535
3 844 912 469
3 846 921 358
3 846 925 442
3 847 902 605
3 847 906 749
3 852 941 341
3 855 873 672
3 856 909 457
3 857 907 652
3 859 869 344
3 859 916 440
3 862 933 541
3 862 940 792
3 865 876 733
3 865 917 361
3 865 938 542
3 866 867 447
3 866 905 227
3 869 889 344
3 873 896 666
3 874 875 284
3 877 894 522
3 884 911 129
3 885 896 729
3 885 910 668
3 891 913 451
3 893 935 594
3 894 944 374
3 895 898 505
3 897 923 253
3 898 914 507
3 902 929 132
3 905 933 227
3 911 937 702
3 922 935 534
3 931 932 798

CELL_TYPES 1766
5
5
5
5
5
5
5
5
5
5
5
5
5
5
5
5
5
5
5
5
5
5
5
5
5
5
5
5
5
5
5
5
5
5
5
5
5
5
5
5
5
5
5
5
5
5
5
5
5
5
5
5
5
5
5
5
5
5
5
5
5
5
5
5
5
5
5
5
5
5
5
5
5
5
5
5
5
5
5
5
5
5
5
5
5
5
5
5
5
5
5
5
5
5
5
5
5
5
5
5
5
5
5
5
5
5
5
5
5
5
5
5
5
5
5
5
5
5
5
5
5
5
5
5
5
5
5
5
5
5
5
5
5
5
5
5
5
5
5
5
5
5
5
5
5
5
5
5
5
5
5
5
5
5
5
5
5
5
5
5
5
5
5
5
5
5
5
5
5
5
5
5
5
5
5
5
5
5
5
5
5
5
5
5
5
5
5
5
5
5
5
5
5
5
5
5
5
5
5
5
5
5
5
5
5
5
5
5
5
5
5
5
5
5
5
5
5
5
5
5
5
5
5
5
5
5
5
5
5
5
5
5
5
5
5
5
5
5
5
5
5
5
5
5
5
5
5
5
5
5
5
5
5
5
5
5
5
5
5
5
5
5
5
5
5
5
5
5
5
5
5
5
5
5
5
5
5
5
5
5
5
5
5
5
5
5
5
5
5
5
5
5
5
5
5
5
5
5
5
5
5
5
5
5
5
5
5
5
5
5
5
5
5
5
5
5
5
5
5
5
5
5
5
5
5
5
5
5
5
5
5
5
5
5
5
5
5
5
5
5
5
5
5
5
5
5
5
5
5
5
5
5
5
5
5
5
5
5
5
5
5
5
5
5
5
5
5
5
5
5
5
5
5
5
5
5
5
5
5
5
5
5
5
5
5
5
5
5
5
5
5
5
5
5
5
5
5
5
5
5
5
5
5
5
5
5
5
5
5
5
5
5
5
5
5
5
5
5
5
5
5
5
5
5
5
5
5
5
5
5
5
5
5
5
5
5
5
5
5
5
5
5
5
5
5
5
5
5
5
5
5
5
5
5
5
5
5
5
5
5
5
5
5
5
5
5
5
5
5
5
5
5
5
5
5
5
5
5
5
5
5
5
5
5
5
5
5
5
5
5
5
5
5
5
5
5
5
5
5
5
5
5
5
5
5
5
5
5
5
5
5
5
5
5
5
5
5
5
5
5
5
5
5
5
5
5
5
5
5
5
5
5
5
5
5
5
5
5
5
5
5
5
5
5
5
5
5
5
5
5
5
5
5
5
5
5
5
5
5
5
5
5
5
5
5
5
5
5
5
5
5
5
5
5
5
5
5
5
5
5
5
5
5
5
5
5
5
5
5
5
5
5
5
5
5
5
5
5
5
5
5
5
5
5
5
5
5
5
5
5
5
5
5
5
5
5
5
5
5
5
5
5
5
5
5
5
5
5
5
5
5
5
5
5
5
5
5
5
5
5
5
5
5
5
5
5
5
5
5
5
5
5
5
5
5
5
5
5
5
5
5
5
5
5
5
5
5
5
5
5
5
5
5
5
5
5
5
5
5
5
5
5
5
5
5
5
5
5
5
5
5
5
5
5
5
5
5
5
5
5
5
5
5
5
5
5
5
5
5
5
5
5
5
5
5
5
5
5
5
5
5
5
5
5
5
5
5
5
5
5
5
5
5
5
5
5
5
5
5
5
5
5
5
5
5
5
5
5
5
5
5
5
5
5
5
5
5
5
5
5
5
5
5
5
5
5
5
5
5
5
5
5
5
5
5
5
5
5
5
5
5
5
5
5
5
5
5
5
5
5
5
5
5
5
5
5
5
5
5
5
5
5
5
5
5
5
5
5
5
5
5
5
5
5
5
5
5
5
5
5
5
5
5
5
5
5
5
5
5
5
5
5
5
5
5
5
5
5
5
5
5
5
5
5
5
5
5
5
5
5
5
5
5
5
5
5
5
5
5
5
5
5
5
5
5
5
5
5
5
5
5
5
5
5
5
5
5
5
5
5
5
5
5
5
5
5
5
5
5
5
5
5
5
5
5
5
5
5
5
5
5
5
5
5
5
5
5
5
5
5
5
5
5
5
5
5
5
5
5
5
5
5
5
5
5
5
5
5
5
5
5
5
5
5
5
5
5
5
5
5
5
5
5
5
5
5
5
5
5
5
5
5
5
5
5
5
5
5
5
5
5
5
5
5
5
5
5
5
5
5
5
5
5
5
5
5
5
5
5
5
5
5
5
5
5
5
5
5
5
5
5
5
5
5
5
5
5
5
5
5
5
5
5
5
5
5
5
5
5
5
5
5
5
5
5
5
5
5
5
5
5
5
5
5
5
5
5
5
5
5
5
5
5
5
5
5
5
5
5
5
5
5
5
5
5
5
5
5
5
5
5
5
5
5
5
5
5
5
5
5
5
5
5
5
5
5
5
5
5
5
5
5
5
5
5
5
5
5
5
5
5
5
5
5
5
5
5
5
5
5
5
5
5
5
5
5
5
5
5
5
5
5
5
5
5
5
5
5
5
5
5
5
5
5
5
5
5
5
5
5
5
5
5
5
5
5
5
5
5
5
5
5
5
5
5
5
5
5
5
5
5
5
5
5
5
5
5
5
5
5
5
5
5
5
5
5
5
5
5
5
5
5
5
5
5
5
5
5
5
5
5
5
5
5
5
5
5
5
5
5
5
5
5
5
5
5
5
5
5
5
5
5
5
5
5
5
5
5
5
5
5
5
5
5
5
5
5
5
5
5
5
5
5
5
5
5
5
5
5
5
5
5
5
5
5
5
5
5
5
5
5
5
5
5
5
5
5
5
5
5
5
5
5
5
5
5
5
5
5
5
5
5
5
5
5
5
5
5
5
5
5
5
5
5
5
5
5
5
5
5
5
5
5
5
5
5
5
5
5
5
5
5
5
5
5
5
5
5
5
5
5
5
5
5
5
5
5
5
5
5
5
5
5
5
5
5
5
5
5
5
5
5
5
5
5
5
5
5
5
5
5
5
5
5
5
5
5
5
5
5
5
5
5
5
5
5
5
5
5
5
5
5
5
5
5
5
5
5
5
5
5
5
5
5
5
5
5
5
5
5
5
5
5
5
5
5
5
5
5
5
5
5
5
5
5
5
5
5
5
5
5
5
5
5
5
5
5
5
5
5
5
5
5
5
5
5
5
5
5
5
5
5
5
5
5
5
5
5
5
5
5
5
5
5
5
5
5
5
5
5
5
5
5
5
5
5
5
5
5
5
5
5
5
5
5
5
5
5
5
5
5
5
5
5
5
5
5
5
5
5
5
5
5
5
5
5
5
5
5
5
5
5
5
5
5
5
5
5
5
5
5
5
5
5
5
5
5
5
5
5
5
5
5
5
5
5
5
5
5
5
5
5
5
5
5
5
5
5
5
5
5
5
5
5
5
5
5
5
5
5
5
5
5
5
5
5
5
5
5
5
5
5
5
5
5
5
5
5
5
5
5
5
5
5
5
5
5
5
5
5
5
5
5
5
5
5
5
5
5
5
5
5
5
5
5
5
5
5
5
5
5
5
5
5
5
5
5
5
5
5
5
5
5
5
5
5
5
5
5
5
5
5
5
5
5
5
5
5
5
5
5
5
5
5
5
5
5
5
5
5
5
5
5
5
5
5
5
5
5
5
5
5
5
5
5
5
5
5
5
5
5
5
5
5
5
5
5
5
5
5
5
5
5
5
5
5
5
5
5
5
5
5
5
5
5
5
5
5
5
5
5
5
5
5
5
5
5
5
5
5
5
5
5
5
5
5
5
5
5
5
5
5
5
5
5
5
5
5
5
5
5
5
5
5
5
5
5
5
5
5
5
5
5
5
5
5
5
5
5
5
5
5
5
5
5
5
5
5
5
5
5
5
5
5
5
5
5
5
5
5
5
5
5
5
5
5
5
5
5
5
5
5
5
5
5
5
5
5
5
5
5
5
5
5
5
5
5
5
5
5
5
5
5
5
5
5
5
5
5
5
5
5
5
5
5
5
POINT_DATA 945
FIELD FieldData 2
VELOCITY 3 945  float
1.0000000e-01 0.0000000e+00 0.0000000e+00 
1.0000124e-01 0.0000000e+00 0.0000000e+00 
1.0000055e-01 0.0000000e+00 0.0000000e+00 
1.0000000e-01 0.0000000e+00 0.0000000e+00 
0.0000000e+00 0.0000000e+00 0.0000000e+00 
0.0000000e+00 0.0000000e+00 0.0000000e+00 
0.0000000e+00 0.0000000e+00 0.0000000e+00 
0.0000000e+00 0.0000000e+00 0.0000000e+00 
0.0000000e+00 0.0000000e+00 0.0000000e+00 
0.0000000e+00 0.0000000e+00 0.0000000e+00 
0.0000000e+00 0.0000000e+00 0.0000000e+00 
0.0000000e+00 0.0000000e+00 0.0000000e+00 
0.0000000e+00 0.0000000e+00 0.0000000e+00 
0.0000000e+00 0.0000000e+00 0.0000000e+00 
0.0000000e+00 0.0000000e+00 0.0000000e+00 
0.0000000e+00 0.0000000e+00 0.0000000e+00 
0.0000000e+00 0.0000000e+00 0.0000000e+00 
0.0000000e+00 0.0000000e+00 0.0000000e+00 
0.0000000e+00 0.0000000e+00 0.0000000e+00 
0.0000000e+00 0.0000000e+00 0.0000000e+00 
0.0000000e+00 0.0000000e+00 0.0000000e+00 
0.0000000e+00 0.0000000e+00 0.0000000e+00 
0.0000000e+00 0.0000000e+00 0.0000000e+00 
0.0000000e+00 0.0000000e+00 0.0000000e+00 
0.0000000e+00 0.0000000e+00 0.0000000e+00 
0.0000000e+00 0.0000000e+00 0.0000000e+00 
0.0000000e+00 0.0000000e+00 0.0000000e+00 
0.0000000e+00 0.0000000e+00 0.0000000e+00 
0.0000000e+00 0.0000000e+00 0.0000000e+00 
0.0000000e+00 0.0000000e+00 0.0000000e+00 
0.0000000e+00 0.0000000e+00 0.0000000e+00 
0.0000000e+00 0.0000000e+00 0.0000000e+00 
0.0000000e+00 0.0000000e+00 0.0000000e+00 
0.0000000e+00 0.0000000e+00 0.0000000e+00 
0.0000000e+00 0.0000000e+00 0.0000000e+00 
0.0000000e+00 0.0000000e+00 0.0000000e+00 
1.0018419e-01 -3.8370194e-27 0.0000000e+00 
1.0076297e-01 -6.4623485e-26 0.0000000e+00 
1.0190707e-01 -6.4623485e-26 0.0000000e+00 
1.0386860e-01 -6.4623485e-26 0.0000000e+00 
1.0689344e-01 1.5509636e-25 0.0000000e+00 
1.1099464e-01 1.5509636e-25 0.0000000e+00 
1.1614464e-01 1.5509636e-25 0.0000000e+00 
1.2184072e-01 -4.1359031e-25 0.0000000e+00 
1.2746307e-01 7.2378304e-25 0.0000000e+00 
1.3218100e-01 -4.1359031e-25 0.0000000e+00 
1.3549006e-01 0.0000000e+00 0.0000000e+00 
1.3706282e-01 0.0000000e+00 0.0000000e+00 
1.3677980e-01 0.0000000e+00 0.0000000e+00 
1.3457704e-01 -8.2718061e-25 0.0000000e+00 
1.3055316e-01 -8.2718061e-25 0.0000000e+00 
1.2511995e-01 -8.2718061e-25 0.0000000e+00 
1.1936433e-01 0.0000000e+00 0.0000000e+00 
1.1400230e-01 0.0000000e+00 0.0000000e+00 
1.0931419e-01 0.0000000e+00 0.0000000e+00 
1.0580220e-01 -1.0339758e-25 0.0000000e+00 
1.0345753e-01 -1.0339758e-25 0.0000000e+00 
1.0201252e-01 -1.0339758e-25 0.0000000e+00 
1.0114575e-01 1.5509636e-25 0.0000000e+00 
1.0065302e-01 1.5509636e-25 0.0000000e+00 
1.0037825e-01 1.5509636e-25 0.0000000e+00 
1.0021667e-01 -2.5849394e-26 0.0000000e+00 
1.0012494e-01 -2.5849394e-26 0.0000000e+00 
1.0007177e-01 -2.5849394e-26 0.0000000e+00 
1.0004115e-01 -3.2311743e-27 0.0000000e+00 
1.0002363e-01 -3.2311743e-27 0.0000000e+00 
1.0001370e-01 -3.2311743e-27 0.0000000e+00 
1.0000798e-01 -1.9816186e-27 0.0000000e+00 
1.0000473e-01 -1.9816186e-27 0.0000000e+00 
1.0000286e-01 -1.9816186e-27 0.0000000e+00 
1.0000180e-01 7.0681937e-28 0.0000000e+00 
1.0000097e-01 5.2967135e-07 0.0000000e+00 
1.0000055e-01 8.4846636e-07 0.0000000e+00 
9.9999942e-02 9.1644921e-07 0.0000000e+00 
9.9999465e-02 6.9865666e-07 0.0000000e+00 
9.9999189e-02 2.5320054e-07 0.0000000e+00 
9.9999167e-02 -2.2179201e-07 0.0000000e+00 
9.9999525e-02 -5.9010682e-07 0.0000000e+00 
9.9999972e-02 -5.8516065e-07 0.0000000e+00 
1.0000032e-01 -3.9553385e-07 0.0000000e+00 
1.0000098e-01 1.7165613e-27 0.0000000e+00 
1.0000188e-01 -4.5438388e-28 0.0000000e+00 
1.0000355e-01 -4.5438388e-28 0.0000000e+00 
1.0000660e-01 -4.5438388e-28 0.0000000e+00 
1.0001218e-01 -4.7457872e-27 0.0000000e+00 
1.0002136e-01 -4.7457872e-27 0.0000000e+00 
1.0003832e-01 -4.7457872e-27 0.0000000e+00 
1.0006859e-01 2.5849394e-26 0.0000000e+00 
1.0011957e-01 2.5849394e-26 0.0000000e+00 
1.0020828e-01 2.5849394e-26 0.0000000e+00 
1.0036533e-01 0.0000000e+00 0.0000000e+00 
1.0064608e-01 0.0000000e+00 0.0000000e+00 
1.0113616e-01 0.0000000e+00 0.0000000e+00 
1.0198854e-01 2.0679515e-25 0.0000000e+00 
1.0342871e-01 2.0679515e-25 0.0000000e+00 
1.0574320e-01 2.0679515e-25 0.0000000e+00 
1.0921438e-01 0.0000000e+00 0.0000000e+00 
1.1390132e-01 0.0000000e+00 0.0000000e+00 
1.1938605e-01 0.0000000e+00 0.0000000e+00 
1.2520458e-01 -1.4475661e-24 0.0000000e+00 
1.3066235e-01 -1.4475661e-24 0.0000000e+00 
1.3460779e-01 -1.4475661e-24 0.0000000e+00 
1.3683528e-01 -3.6189152e-25 0.0000000e+00 
1.3718569e-01 -3.6189152e-25 0.0000000e+00 
1.3557069e-01 -3.6189152e-25 0.0000000e+00 
1.3213544e-01 5.1698788e-26 0.0000000e+00 
1.2735637e-01 5.1698788e-26 0.0000000e+00 
1.2180053e-01 5.1698788e-26 0.0000000e+00 
1.1615459e-01 -3.1019273e-25 0.0000000e+00 
1.1097895e-01 -3.1019273e-25 0.0000000e+00 
1.0685634e-01 -3.1019273e-25 0.0000000e+00 
1.0379677e-01 0.0000000e+00 0.0000000e+00 
1.0183804e-01 0.0000000e+00 0.0000000e+00 
1.0072575e-01 0.0000000e+00 0.0000000e+00 
1.0015851e-01 9.6935228e-27 0.0000000e+00 
1.0000000e-01 0.0000000e+00 0.0000000e+00 
1.0000000e-01 0.0000000e+00 0.0000000e+00 
1.0000000e-01 0.0000000e+00 0.0000000e+00 
1.0000000e-01 0.0000000e+00 0.0000000e+00 
1.0000000e-01 0.0000000e+00 0.0000000e+00 
1.0000000e-01 0.0000000e+00 0.0000000e+00 
1.0000000e-01 0.0000000e+00 0.0000000e+00 
1.0000000e-01 0.0000000e+00 0.0000000e+00 
1.0000000e-01 0.0000000e+00 0.0000000e+00 
1.0342031e-02 8.6203888e-03 0.0000000e+00 
1.2207481e-01 -4.7907890e-03 0.0000000e+00 
1.2833752e-01 4.8920950e-03 0.0000000e+00 
1.0238484e-01 1.2092161e-03 0.0000000e+00 
1.0014016e-01 7.3851435e-05 0.0000000e+00 
1.0001406e-01 -7.3849960e-06 0.0000000e+00 
1.0454049e-01 -2.8150177e-03 0.0000000e+00 
1.1072921e-01 4.0244623e-03 0.0000000e+00 
1.0479194e-01 2.3961810e-03 0.0000000e+00 
9.9873237e-02 -1.8493171e-04 0.0000000e+00 
1.0075227e-01 -4.1510622e-04 0.0000000e+00 
1.0678101e-01 -2.9739253e-03 0.0000000e+00 
1.0002572e-01 1.4755652e-05 0.0000000e+00 
1.0007975e-01 -4.0567757e-05 0.0000000e+00 
1.3657701e-01 -1.8077764e-03 0.0000000e+00 
9.9998891e-02 6.7459678e-07 0.0000000e+00 
1.3786551e-01 2.4972408e-04 0.0000000e+00 
1.1907500e-01 4.1230121e-03 0.0000000e+00 
1.1901642e-01 -5.0080377e-03 0.0000000e+00 
1.3493378e-01 3.1505530e-03 0.0000000e+00 
1.0000499e-01 3.0102299e-06 0.0000000e+00 
1.3489151e-01 -2.8505081e-03 0.0000000e+00 
9.9946305e-02 3.9122772e-04 0.0000000e+00 
9.9999018e-02 -6.0041930e-07 0.0000000e+00 
1.0043315e-01 2.2197406e-04 0.0000000e+00 
1.0023779e-01 -1.2846694e-04 0.0000000e+00 
1.0234769e-01 -1.2250378e-03 0.0000000e+00 
1.0000385e-01 -2.4442397e-06 0.0000000e+00 
1.0000724e-01 -4.9000798e-04 0.0000000e+00 
1.0109670e-01 8.1771892e-04 0.0000000e+00 
1.0000025e-01 1.1815930e-06 0.0000000e+00 
1.0104531e-01 -9.4988121e-04 0.0000000e+00 
1.0000032e-01 -7.1126891e-07 0.0000000e+00 
1.0000196e-01 8.9052293e-07 0.0000000e+00 
1.0003954e-01 3.6831651e-04 0.0000000e+00 
1.3723974e-01 -1.2622831e-03 0.0000000e+00 
1.3983101e-01 -1.2364239e-03 0.0000000e+00 
1.3918109e-01 1.8870530e-03 0.0000000e+00 
1.4184603e-01 1.1432208e-03 0.0000000e+00 
1.4246784e-01 -2.5741241e-03 0.0000000e+00 
1.4243187e-01 4.6289901e-04 0.0000000e+00 
1.3951582e-01 4.7438382e-03 0.0000000e+00 
1.3235742e-01 5.2541588e-03 0.0000000e+00 
1.2754017e-01 9.4574550e-03 0.0000000e+00 
1.0675829e-01 1.0330841e-02 0.0000000e+00 
1.0452343e-01 1.2869861e-02 0.0000000e+00 
7.7423088e-02 1.2280653e-02 0.0000000e+00 
7.6232590e-02 1.4143237e-02 0.0000000e+00 
4.8268154e-02 1.1108477e-02 0.0000000e+00 
4.7691043e-02 1.2618371e-02 0.0000000e+00 
2.1746203e-02 7.9627521e-03 0.0000000e+00 
2.4229048e-02 8.9982748e-03 0.0000000e+00 
5.8677234e-03 3.6791852e-03 0.0000000e+00 
1.2037871e-02 3.5700439e-03 0.0000000e+00 
2.9551007e-02 1.0048350e-02 0.0000000e+00 
1.9921074e-02 2.6641064e-03 0.0000000e+00 
7.2885421e-03 -1.8567008e-03 0.0000000e+00 
3.8408369e-02 1.1034184e-02 0.0000000e+00 
3.0666187e-02 9.3078887e-04 0.0000000e+00 
2.8451772e-03 1.4355761e-04 0.0000000e+00 
-1.1788479e-03 -2.4235111e-03 0.0000000e+00 
4.8445676e-02 1.1668718e-02 0.0000000e+00 
4.4144429e-02 -4.4982749e-04 0.0000000e+00 
1.4392477e-01 -4.2242236e-03 0.0000000e+00 
1.0619885e-01 1.5109936e-02 0.0000000e+00 
6.0349721e-02 1.1260638e-02 0.0000000e+00 
5.8813173e-02 -1.9928745e-03 0.0000000e+00 
1.4732438e-03 -1.3453960e-03 0.0000000e+00 
1.5518278e-02 -6.3177939e-03 0.0000000e+00 
-1.4046000e-03 1.1705938e-03 0.0000000e+00 
6.9970958e-02 8.4463479e-03 0.0000000e+00 
7.2526559e-02 -3.7379661e-03 0.0000000e+00 
8.0002151e-02 5.3533153e-03 0.0000000e+00 
8.2408078e-02 -2.4721450e-03 0.0000000e+00 
8.7482117e-02 3.4823033e-03 0.0000000e+00 
8.9361072e-02 -2.0000106e-03 0.0000000e+00 
9.2367440e-02 1.9610303e-03 0.0000000e+00 
9.4043408e-03 -4.6232948e-03 0.0000000e+00 
3.1564053e-02 -9.1273533e-03 0.0000000e+00 
4.3257046e-02 -1.1832711e-02 0.0000000e+00 
2.7853576e-02 -7.3019490e-03 0.0000000e+00 
5.3057425e-02 -1.0836187e-02 0.0000000e+00 
4.7796488e-02 -8.9612901e-03 0.0000000e+00 
7.8217193e-02 -1.1160091e-02 0.0000000e+00 
7.1526706e-02 -9.4891908e-03 0.0000000e+00 
1.0332651e-01 -9.5205801e-03 0.0000000e+00 
1.0228062e-01 -7.4794157e-03 0.0000000e+00 
1.0563990e-01 -1.1482880e-02 0.0000000e+00 
1.2515110e-01 -5.6702369e-03 0.0000000e+00 
1.2673184e-01 -2.3978150e-03 0.0000000e+00 
9.3741622e-03 -2.8766734e-03 0.0000000e+00 
-5.5583096e-05 1.5816392e-03 0.0000000e+00 
9.3960695e-02 -1.3446386e-03 0.0000000e+00 
9.5574141e-02 9.7524753e-04 0.0000000e+00 
9.6744262e-02 -1.1488998e-03 0.0000000e+00 
9.7583927e-02 4.3259995e-04 0.0000000e+00 
1.3881595e-01 -8.1920967e-04 0.0000000e+00 
1.4059259e-01 3.2787165e-03 0.0000000e+00 
4.6042588e-02 -1.0689182e-02 0.0000000e+00 
9.8231047e-02 -6.7940616e-04 0.0000000e+00 
9.8645724e-02 2.0444868e-04 0.0000000e+00 
9.9023655e-02 -4.0065299e-04 0.0000000e+00 
9.9242583e-02 8.7557964e-05 0.0000000e+00 
1.1273582e-01 7.5786705e-03 0.0000000e+00 
9.9460892e-02 -2.3578433e-04 0.0000000e+00 
9.9576540e-02 3.4973171e-05 0.0000000e+00 
9.9696361e-02 -1.3580814e-04 0.0000000e+00 
9.9761069e-02 1.3593329e-05 0.0000000e+00 
-2.2389842e-03 -8.7437400e-04 0.0000000e+00 
9.9831529e-02 -7.9112091e-05 0.0000000e+00 
9.9862814e-02 4.5200291e-06 0.0000000e+00 
9.9907137e-02 -5.1397798e-05 0.0000000e+00 
9.9922769e-02 -1.0295734e-06 0.0000000e+00 
9.9949367e-02 -2.9874445e-05 0.0000000e+00 
9.9956498e-02 -1.5630645e-06 0.0000000e+00 
1.2700696e-01 9.9161558e-04 0.0000000e+00 
1.4197938e-01 8.3599053e-03 0.0000000e+00 
3.0826710e-02 -3.7131098e-03 0.0000000e+00 
8.6357430e-02 -1.0324473e-02 0.0000000e+00 
8.4117800e-02 1.6914740e-02 0.0000000e+00 
4.9778342e-02 9.3271891e-03 0.0000000e+00 
7.0778683e-02 1.8828856e-02 0.0000000e+00 
9.9971682e-02 -1.7182409e-05 0.0000000e+00 
9.9975318e-02 -1.3412823e-06 0.0000000e+00 
9.9984206e-02 -1.0003788e-05 0.0000000e+00 
9.9985994e-02 -1.0133637e-06 0.0000000e+00 
9.9983945e-02 7.4773325e-06 0.0000000e+00 
9.9990748e-02 4.1103062e-06 0.0000000e+00 
9.9951804e-02 2.5278592e-05 0.0000000e+00 
1.3491493e-01 8.6490782e-03 0.0000000e+00 
1.4346533e-01 3.0509192e-03 0.0000000e+00 
9.9991336e-02 -5.9053773e-06 0.0000000e+00 
9.9756964e-02 1.6394898e-04 0.0000000e+00 
1.3669442e-01 -4.0676240e-03 0.0000000e+00 
9.8760054e-02 1.0778151e-03 0.0000000e+00 
9.3786001e-02 5.9620133e-03 0.0000000e+00 
1.3246587e-01 7.0495480e-03 0.0000000e+00 
1.4297284e-01 1.4153335e-02 0.0000000e+00 
1.4389955e-01 1.2189618e-02 0.0000000e+00 
1.4258464e-01 1.7330736e-02 0.0000000e+00 
1.4214601e-01 2.1261070e-02 0.0000000e+00 
1.3967089e-01 2.2912556e-02 0.0000000e+00 
5.1454663e-02 4.0706933e-02 0.0000000e+00 
1.3947055e-01 2.8462442e-02 0.0000000e+00 
1.3472012e-01 2.7522216e-02 0.0000000e+00 
6.0304634e-02 2.1991173e-02 0.0000000e+00 
1.3448262e-01 2.1019218e-02 0.0000000e+00 
1.2913014e-01 2.3932591e-02 0.0000000e+00 
1.2768863e-01 3.2054845e-02 0.0000000e+00 
1.2278382e-01 2.5774753e-02 0.0000000e+00 
1.1914431e-01 3.2461014e-02 0.0000000e+00 
1.1625288e-01 2.5625680e-02 0.0000000e+00 
1.1135239e-01 3.0704239e-02 0.0000000e+00 
2.8574450e-02 3.8155153e-02 0.0000000e+00 
1.1032093e-01 2.3594717e-02 0.0000000e+00 
1.0450841e-01 2.6692074e-02 0.0000000e+00 
1.0554765e-01 2.0523366e-02 0.0000000e+00 
1.0018492e-01 2.1917941e-02 0.0000000e+00 
1.0201064e-01 1.6894247e-02 0.0000000e+00 
9.6719302e-02 1.7488671e-02 0.0000000e+00 
9.9756159e-02 1.2990857e-02 0.0000000e+00 
9.5976830e-02 1.1967176e-02 0.0000000e+00 
9.1663495e-02 1.4442521e-02 0.0000000e+00 
9.2795298e-02 9.5365560e-03 0.0000000e+00 
8.7889172e-02 1.0172577e-02 0.0000000e+00 
9.0185195e-02 6.2211449e-03 0.0000000e+00 
8.5905090e-02 4.8382985e-03 0.0000000e+00 
8.9803219e-02 2.2461030e-03 0.0000000e+00 
8.6207211e-02 -5.9841707e-04 0.0000000e+00 
9.0502590e-02 -1.3700941e-03 0.0000000e+00 
8.8488787e-02 -5.0811265e-03 0.0000000e+00 
9.2468418e-02 -4.2389776e-03 0.0000000e+00 
9.5845826e-02 7.9397801e-03 0.0000000e+00 
9.1806695e-02 -8.0451723e-03 0.0000000e+00 
8.6648054e-02 -1.0378692e-02 0.0000000e+00 
9.2492133e-02 -1.2412267e-02 0.0000000e+00 
8.8455141e-02 -1.7914604e-02 0.0000000e+00 
1.3655198e-02 -2.2745635e-02 0.0000000e+00 
9.4974086e-02 -1.7148694e-02 0.0000000e+00 
9.3338221e-02 -2.3392988e-02 0.0000000e+00 
9.2968360e-02 1.4185762e-03 0.0000000e+00 
9.4870932e-02 -6.0626678e-03 0.0000000e+00 
9.9093094e-02 -2.0868642e-02 0.0000000e+00 
9.9200256e-02 -2.7490171e-02 0.0000000e+00 
4.3520816e-02 -4.4664577e-02 0.0000000e+00 
1.0447919e-01 -2.3127949e-02 0.0000000e+00 
1.0645734e-01 -2.9557180e-02 0.0000000e+00 
6.6853702e-02 -1.3763323e-02 0.0000000e+00 
6.1092574e-02 -3.4497127e-02 0.0000000e+00 
9.9444434e-02 -1.5579117e-02 0.0000000e+00 
9.7434655e-02 2.8823471e-02 0.0000000e+00 
8.1611119e-02 -1.5041244e-02 0.0000000e+00 
1.0617717e-01 1.5304833e-02 0.0000000e+00 
8.1038758e-02 9.6312910e-03 0.0000000e+00 
1.1059273e-01 -2.3213705e-02 0.0000000e+00 
1.1468822e-01 -2.9859900e-02 0.0000000e+00 
1.0800173e-01 -1.8288229e-02 0.0000000e+00 
9.2280798e-02 -3.1752162e-02 0.0000000e+00 
9.5190927e-02 -3.2726682e-03 0.0000000e+00 
9.7218879e-02 -4.6379529e-03 0.0000000e+00 
9.7192064e-02 -2.3600415e-03 0.0000000e+00 
9.8529823e-02 -3.1189970e-03 0.0000000e+00 
1.2949233e-01 1.7974231e-02 0.0000000e+00 
1.3385700e-01 1.5343116e-02 0.0000000e+00 
1.1682735e-01 -2.1961911e-02 0.0000000e+00 
1.2181462e-01 -2.6245870e-02 0.0000000e+00 
1.2146300e-01 -3.3360709e-02 0.0000000e+00 
1.2854555e-01 -2.9911388e-02 0.0000000e+00 
1.2680687e-01 -2.2338578e-02 0.0000000e+00 
1.3307968e-01 -2.3583176e-02 0.0000000e+00 
1.3606915e-01 -2.9412497e-02 0.0000000e+00 
3.3133384e-02 3.5727415e-03 0.0000000e+00 
1.3050398e-01 -1.7894380e-02 0.0000000e+00 
1.3912812e-01 -2.2601020e-02 0.0000000e+00 
1.4102273e-01 -2.5847200e-02 0.0000000e+00 
1.1468145e-01 1.9720133e-02 0.0000000e+00 
1.1290818e-01 3.8568109e-02 0.0000000e+00 
2.0915363e-02 -4.8757717e-03 0.0000000e+00 
9.9992745e-02 1.0268156e-05 0.0000000e+00 
9.9995755e-02 5.8494388e-06 0.0000000e+00 
7.7136159e-02 -8.0862325e-03 0.0000000e+00 
9.7397611e-02 -3.3786646e-03 0.0000000e+00 
1.0980794e-01 -3.3898518e-04 0.0000000e+00 
1.4292991e-01 -1.9544933e-02 0.0000000e+00 
1.4093514e-01 -1.6656922e-02 0.0000000e+00 
1.3944216e-01 -1.7967977e-02 0.0000000e+00 
9.9172138e-02 -4.9698926e-03 0.0000000e+00 
1.3698967e-01 -3.3534676e-02 0.0000000e+00 
9.9218152e-02 -1.0754560e-03 0.0000000e+00 
9.9994712e-02 2.2776910e-06 0.0000000e+00 
1.3729535e-01 2.5288027e-02 0.0000000e+00 
1.3611019e-01 3.3786837e-02 0.0000000e+00 
9.9769317e-02 -3.3496253e-04 0.0000000e+00 
1.2646481e-01 2.6299233e-02 0.0000000e+00 
1.2295931e-01 1.6549800e-02 0.0000000e+00 
1.2957251e-01 1.2792006e-02 0.0000000e+00 
9.9980012e-02 -3.7056150e-05 0.0000000e+00 
1.4236806e-01 -5.7801353e-03 0.0000000e+00 
1.4226548e-01 -1.3807043e-02 0.0000000e+00 
1.3113374e-01 -9.5844381e-03 0.0000000e+00 
1.3607539e-01 -6.9880933e-03 0.0000000e+00 
1.1718222e-01 -1.4535666e-03 0.0000000e+00 
9.9938616e-02 -1.2849845e-04 0.0000000e+00 
9.8548293e-02 -1.6806693e-03 0.0000000e+00 
9.7775280e-02 -6.9462665e-04 0.0000000e+00 
1.2511541e-01 -1.6908750e-02 0.0000000e+00 
1.2866667e-01 -1.2814309e-02 0.0000000e+00 
9.9825539e-02 -3.1495732e-03 0.0000000e+00 
1.2489437e-01 1.4481815e-02 0.0000000e+00 
9.9997573e-02 3.3207712e-06 0.0000000e+00 
1.2387578e-01 -1.1714205e-02 0.0000000e+00 
9.9999301e-02 9.1849752e-06 0.0000000e+00 
9.9999107e-02 1.5919084e-05 0.0000000e+00 
9.9994488e-02 -1.2424600e-05 0.0000000e+00 
9.9996962e-02 -6.8211325e-06 0.0000000e+00 
1.2643020e-01 3.7137914e-02 0.0000000e+00 
1.3129251e-01 4.1239012e-02 0.0000000e+00 
1.2269374e-01 4.7248200e-02 0.0000000e+00 
9.9995166e-02 -3.2685664e-06 0.0000000e+00 
9.9998467e-02 -3.7855170e-06 0.0000000e+00 
1.2522575e-01 -6.5489946e-04 0.0000000e+00 
1.0084420e-01 4.0246458e-03 0.0000000e+00 
8.5006610e-02 3.9510028e-03 0.0000000e+00 
6.8419896e-02 6.9258823e-03 0.0000000e+00 
4.9083456e-02 6.4270408e-03 0.0000000e+00 
3.8638353e-02 5.9189568e-03 0.0000000e+00 
5.6616981e-02 7.3591406e-03 0.0000000e+00 
3.0758861e-02 5.0034653e-03 0.0000000e+00 
1.0095404e-01 -4.3555642e-03 0.0000000e+00 
1.0103109e-01 -6.7987703e-03 0.0000000e+00 
1.0000561e-01 1.0882619e-05 0.0000000e+00 
4.7077984e-02 7.2619794e-03 0.0000000e+00 
2.4584668e-02 4.4931080e-03 0.0000000e+00 
1.2279983e-02 1.4868854e-03 0.0000000e+00 
8.8511463e-03 1.5953224e-03 0.0000000e+00 
9.9997088e-02 -1.7642928e-06 0.0000000e+00 
6.1338495e-02 5.1495200e-03 0.0000000e+00 
1.2554370e-01 9.6453000e-03 0.0000000e+00 
1.3440806e-01 1.0122763e-02 0.0000000e+00 
1.3379249e-01 -1.3092249e-02 0.0000000e+00 
9.9998899e-02 -2.1917210e-06 0.0000000e+00 
1.3131690e-01 -8.9498013e-03 0.0000000e+00 
9.8940440e-02 -6.3212786e-04 0.0000000e+00 
9.8634548e-02 2.2170591e-04 0.0000000e+00 
9.9380292e-02 -1.1295503e-03 0.0000000e+00 
9.7071320e-02 8.7713706e-04 0.0000000e+00 
9.8553628e-02 1.3999329e-03 0.0000000e+00 
9.7593032e-02 2.6980003e-03 0.0000000e+00 
9.9023402e-02 2.4272520e-03 0.0000000e+00 
9.8576747e-02 4.4516069e-03 0.0000000e+00 
9.9945009e-02 3.2103918e-03 0.0000000e+00 
1.0045074e-01 5.0576264e-03 0.0000000e+00 
9.9838607e-02 1.8780173e-03 0.0000000e+00 
1.7431249e-03 -8.6706551e-04 0.0000000e+00 
-2.9537693e-04 -2.4260928e-05 0.0000000e+00 
7.0229149e-03 2.2802879e-03 0.0000000e+00 
-3.0176425e-03 -1.1205956e-03 0.0000000e+00 
-4.5786337e-03 -2.0565130e-04 0.0000000e+00 
9.9996887e-02 1.2792671e-06 0.0000000e+00 
1.0122382e-01 3.3229049e-03 0.0000000e+00 
1.2660469e-01 -8.4794722e-03 0.0000000e+00 
-4.4486416e-03 2.9524414e-05 0.0000000e+00 
-4.8160255e-03 1.6723899e-04 0.0000000e+00 
-3.1188461e-03 1.0564985e-03 0.0000000e+00 
-8.5635547e-04 -1.3220820e-04 0.0000000e+00 
1.8698467e-03 5.8846478e-04 0.0000000e+00 
1.0431322e-01 2.3737431e-02 0.0000000e+00 
1.4335714e-01 -9.5923971e-03 0.0000000e+00 
1.2416787e-01 4.6107978e-02 0.0000000e+00 
1.1565284e-01 5.3205881e-02 0.0000000e+00 
1.3544738e-01 -8.8925473e-03 0.0000000e+00 
1.4103863e-01 1.3186557e-02 0.0000000e+00 
1.4242595e-01 9.1573931e-03 0.0000000e+00 
9.9349432e-02 5.9678796e-04 0.0000000e+00 
1.1378890e-01 3.8014567e-03 0.0000000e+00 
8.3699487e-02 -3.5541966e-03 0.0000000e+00 
8.0726519e-02 -5.3864215e-03 0.0000000e+00 
5.2865624e-02 -6.3742888e-03 0.0000000e+00 
8.6360261e-02 -2.3350498e-04 0.0000000e+00 
-5.1085986e-03 9.9541314e-05 0.0000000e+00 
3.0320337e-02 6.0123024e-03 0.0000000e+00 
1.0000157e-01 -9.1243537e-06 0.0000000e+00 
1.0000299e-01 -1.8057057e-05 0.0000000e+00 
7.3471472e-02 8.2935290e-03 0.0000000e+00 
5.3612467e-02 -6.5832641e-03 0.0000000e+00 
2.8977554e-02 -4.8492490e-03 0.0000000e+00 
3.1821683e-02 -4.8668878e-03 0.0000000e+00 
1.3375004e-02 -1.5803715e-03 0.0000000e+00 
1.7811080e-02 -2.6825762e-03 0.0000000e+00 
3.5216805e-02 -5.7466151e-03 0.0000000e+00 
9.9998549e-02 1.7397282e-06 0.0000000e+00 
9.9999942e-02 2.9809100e-06 0.0000000e+00 
-1.1810905e-03 2.3874321e-03 0.0000000e+00 
1.0074937e-01 -2.6171277e-03 0.0000000e+00 
1.0009242e-01 -1.8795937e-03 0.0000000e+00 
1.3438152e-01 1.3026347e-02 0.0000000e+00 
1.1204968e-03 -1.9847713e-03 0.0000000e+00 
1.3507968e-01 -2.7639737e-02 0.0000000e+00 
1.2953334e-01 -3.3481270e-02 0.0000000e+00 
1.3108669e-01 -4.1303370e-02 0.0000000e+00 
1.2036061e-01 -4.1621402e-02 0.0000000e+00 
1.2250268e-01 -4.8884109e-02 0.0000000e+00 
1.2272395e-01 -2.2949347e-02 0.0000000e+00 
8.1831992e-02 -2.3013478e-02 0.0000000e+00 
7.4414119e-02 -1.9626828e-02 0.0000000e+00 
7.5136274e-02 -1.0998963e-02 0.0000000e+00 
6.6159584e-02 -1.3384757e-02 0.0000000e+00 
6.4352274e-02 -2.4643028e-02 0.0000000e+00 
5.3761918e-02 -1.6060736e-02 0.0000000e+00 
5.9501924e-02 -4.3811547e-03 0.0000000e+00 
4.5352612e-02 -2.7853379e-03 0.0000000e+00 
5.5920497e-02 7.6143686e-03 0.0000000e+00 
6.6697471e-02 3.5702619e-03 0.0000000e+00 
6.6263631e-02 1.3229303e-02 0.0000000e+00 
5.7448529e-02 2.0988643e-02 0.0000000e+00 
6.9258720e-02 2.2774968e-02 0.0000000e+00 
6.3795477e-02 3.3262715e-02 0.0000000e+00 
7.5432934e-02 3.0810906e-02 0.0000000e+00 
7.4388348e-02 4.1959286e-02 0.0000000e+00 
7.8906164e-02 2.2049837e-02 0.0000000e+00 
4.8192192e-02 3.1651836e-02 0.0000000e+00 
5.2039228e-02 -3.0830041e-02 0.0000000e+00 
6.6118702e-02 -3.7202407e-02 0.0000000e+00 
5.4507438e-02 -4.5538340e-02 0.0000000e+00 
7.2458804e-02 -4.8652656e-02 0.0000000e+00 
8.4161960e-02 3.6112487e-02 0.0000000e+00 
8.6640820e-02 4.6071015e-02 0.0000000e+00 
7.6001413e-02 5.3539813e-02 0.0000000e+00 
9.1825664e-02 5.5155415e-02 0.0000000e+00 
9.8055206e-02 4.6248712e-02 0.0000000e+00 
7.8225605e-02 -3.8595974e-02 0.0000000e+00 
8.5917801e-02 -4.6675298e-02 0.0000000e+00 
8.3686166e-02 -5.6202404e-02 0.0000000e+00 
9.6659169e-02 -5.1155079e-02 0.0000000e+00 
9.7005904e-02 -5.8269758e-02 0.0000000e+00 
1.0797393e-01 -5.1709663e-02 0.0000000e+00 
1.0398775e-01 -4.3970730e-02 0.0000000e+00 
2.6329479e-03 -1.4763445e-03 0.0000000e+00 
1.0220748e-01 4.9965497e-02 0.0000000e+00 
4.2296562e-02 4.3397315e-02 0.0000000e+00 
1.0000101e-01 -3.1949580e-06 0.0000000e+00 
1.1346272e-01 -4.3489657e-02 0.0000000e+00 
1.3899690e-01 6.3223051e-05 0.0000000e+00 
1.2622434e-01 -4.2811487e-02 0.0000000e+00 
7.8219570e-02 1.0396949e-02 0.0000000e+00 
9.9587895e-02 5.8426328e-02 0.0000000e+00 
3.0748961e-02 -4.0845804e-02 0.0000000e+00 
5.3939175e-02 -4.1804224e-02 0.0000000e+00 
1.6692875e-02 -4.1765315e-03 0.0000000e+00 
5.3726304e-02 2.5565722e-03 0.0000000e+00 
2.2451000e-03 6.5463326e-05 0.0000000e+00 
6.2483326e-02 -2.3921881e-02 0.0000000e+00 
-1.3498256e-03 -1.3773774e-03 0.0000000e+00 
1.8233126e-02 2.7091503e-02 0.0000000e+00 
1.0270389e-01 5.0891722e-03 0.0000000e+00 
1.0210906e-01 7.4630529e-03 0.0000000e+00 
1.0471153e-01 7.0149750e-03 0.0000000e+00 
4.8326883e-02 -1.6757197e-03 0.0000000e+00 
7.6621927e-02 -2.8540057e-03 0.0000000e+00 
7.4759923e-04 2.3231131e-03 0.0000000e+00 
1.1615009e-02 5.0763618e-03 0.0000000e+00 
1.0303836e-01 -5.1483498e-03 0.0000000e+00 
1.0387114e-01 -8.2044657e-03 0.0000000e+00 
1.0840769e-01 -3.0877260e-03 0.0000000e+00 
1.0374375e-01 3.6269333e-02 0.0000000e+00 
1.3298421e-02 -1.2722054e-02 0.0000000e+00 
1.0459332e-01 -5.4490282e-03 0.0000000e+00 
1.0451901e-01 -4.7830794e-02 0.0000000e+00 
1.0000322e-01 6.3911898e-06 0.0000000e+00 
5.9101235e-02 3.2308798e-02 0.0000000e+00 
1.2109662e-01 1.1146217e-02 0.0000000e+00 
8.0050103e-02 1.7317696e-03 0.0000000e+00 
8.3131976e-02 -4.8765852e-03 0.0000000e+00 
1.3879755e-01 9.4796056e-03 0.0000000e+00 
1.4051367e-01 6.0448712e-03 0.0000000e+00 
8.5144185e-02 1.6018847e-02 0.0000000e+00 
8.9997783e-02 2.1089461e-02 0.0000000e+00 
1.1318255e-01 3.8548480e-03 0.0000000e+00 
1.3795805e-01 -3.7666834e-03 0.0000000e+00 
1.0828003e-01 3.1588634e-03 0.0000000e+00 
1.1339817e-01 4.7225240e-03 0.0000000e+00 
1.0001027e-01 1.8527509e-05 0.0000000e+00 
9.9999271e-02 2.7734359e-05 0.0000000e+00 
1.0829948e-01 -3.2441616e-03 0.0000000e+00 
1.0103164e-01 -1.1058336e-02 0.0000000e+00 
1.0499360e-01 -1.1910935e-02 0.0000000e+00 
1.0729071e-01 -9.0191280e-03 0.0000000e+00 
9.7959891e-02 -7.9725822e-03 0.0000000e+00 
1.0925172e-01 -1.3167833e-02 0.0000000e+00 
1.1175118e-01 -8.8007133e-03 0.0000000e+00 
1.1480544e-01 -1.2083406e-02 0.0000000e+00 
1.3665351e-01 1.7043293e-03 0.0000000e+00 
1.3719337e-01 4.5580193e-03 0.0000000e+00 
1.3366559e-01 3.2431423e-03 0.0000000e+00 
1.3349712e-01 8.1139402e-03 0.0000000e+00 
1.2676826e-01 1.0923783e-02 0.0000000e+00 
1.2548973e-01 1.4118205e-02 0.0000000e+00 
1.1389499e-01 1.7428448e-02 0.0000000e+00 
1.1881805e-01 1.3041184e-02 0.0000000e+00 
1.0583775e-01 1.7967248e-02 0.0000000e+00 
1.1159191e-01 1.3228468e-02 0.0000000e+00 
1.1799984e-01 8.7727094e-03 0.0000000e+00 
1.3791274e-01 -3.4684775e-04 0.0000000e+00 
1.3916716e-01 -2.4009994e-03 0.0000000e+00 
1.3670416e-01 -4.8596412e-03 0.0000000e+00 
1.3908152e-01 -5.9990278e-03 0.0000000e+00 
1.3424148e-01 -9.6661225e-03 0.0000000e+00 
1.3312402e-01 -7.2037550e-03 0.0000000e+00 
1.2864774e-01 -1.2387924e-02 0.0000000e+00 
1.2180176e-01 -1.5244517e-02 0.0000000e+00 
1.1476281e-01 -1.7791668e-02 0.0000000e+00 
9.6065089e-02 -1.8666958e-02 0.0000000e+00 
1.2206054e-01 -1.4334162e-02 0.0000000e+00 
1.0630753e-01 -1.9064840e-02 0.0000000e+00 
1.1539298e-01 -1.4864361e-02 0.0000000e+00 
1.0367344e-01 -1.6325461e-02 0.0000000e+00 
9.9309631e-02 -1.8154403e-02 0.0000000e+00 
1.0864234e-01 -1.4236857e-02 0.0000000e+00 
1.3990559e-01 5.3521286e-04 0.0000000e+00 
1.3740416e-01 1.2361252e-03 0.0000000e+00 
1.2875773e-01 -1.1720091e-02 0.0000000e+00 
1.4141198e-01 -1.7162700e-03 0.0000000e+00 
7.8646667e-02 -1.9286303e-02 0.0000000e+00 
1.3462719e-01 -8.2038101e-03 0.0000000e+00 
7.7803195e-02 -1.4982594e-02 0.0000000e+00 
6.2528685e-02 -1.5797211e-02 0.0000000e+00 
6.0648635e-02 -1.6652569e-02 0.0000000e+00 
3.4923967e-02 -1.1382223e-02 0.0000000e+00 
1.0576452e-01 5.2303657e-02 0.0000000e+00 
1.0847487e-01 7.4410085e-03 0.0000000e+00 
1.1345740e-01 9.7100697e-03 0.0000000e+00 
6.0118172e-02 4.5261577e-02 0.0000000e+00 
4.2860448e-02 1.4203919e-02 0.0000000e+00 
1.2898733e-01 -5.1785228e-03 0.0000000e+00 
1.3108209e-01 1.1645366e-02 0.0000000e+00 
1.1536512e-01 1.6643794e-02 0.0000000e+00 
1.0570184e-01 1.8670496e-02 0.0000000e+00 
8.4866889e-02 1.8363543e-02 0.0000000e+00 
1.0504935e-01 1.0386595e-02 0.0000000e+00 
1.0235287e-01 -1.3856024e-03 0.0000000e+00 
9.9854067e-02 1.9389564e-04 0.0000000e+00 
1.0244917e-01 1.3792567e-03 0.0000000e+00 
3.7070695e-02 -1.8015280e-02 0.0000000e+00 
1.2863046e-01 -4.7864164e-03 0.0000000e+00 
1.6127927e-02 2.2754886e-03 0.0000000e+00 
9.9941567e-02 -3.9456846e-04 0.0000000e+00 
1.0579959e-01 -5.6596412e-03 0.0000000e+00 
1.3046981e-01 3.8034669e-03 0.0000000e+00 
1.3746653e-04 -1.7401343e-03 0.0000000e+00 
1.0001463e-01 8.8702736e-06 0.0000000e+00 
7.2262041e-02 1.2305846e-03 0.0000000e+00 
1.8552521e-02 4.4561420e-03 0.0000000e+00 
5.4864522e-02 1.0926598e-02 0.0000000e+00 
5.3155307e-02 -5.9884838e-03 0.0000000e+00 
8.9329921e-02 -2.0128576e-02 0.0000000e+00 
1.1313178e-01 -4.4092601e-03 0.0000000e+00 
7.7083193e-02 5.9845403e-02 0.0000000e+00 
-2.5039520e-03 1.2604182e-03 0.0000000e+00 
1.1091699e-01 -2.7580312e-02 0.0000000e+00 
1.1607339e-01 -4.6696672e-03 0.0000000e+00 
1.1082013e-01 -4.0211473e-03 0.0000000e+00 
1.0654023e-01 -6.7767147e-03 0.0000000e+00 
1.0372724e-01 -4.5932671e-03 0.0000000e+00 
1.0150808e-01 -7.4477233e-03 0.0000000e+00 
1.0037081e-01 -4.7784271e-03 0.0000000e+00 
1.0323198e-01 -1.1290887e-02 0.0000000e+00 
9.6351616e-02 -9.8084603e-03 0.0000000e+00 
1.1089464e-01 -8.8790748e-03 0.0000000e+00 
1.0206207e-01 -2.9124620e-03 0.0000000e+00 
1.0010151e-01 -2.8599543e-03 0.0000000e+00 
1.3686799e-01 6.2179230e-03 0.0000000e+00 
1.0001348e-01 4.7572670e-04 0.0000000e+00 
1.0019919e-01 1.0530670e-03 0.0000000e+00 
9.5977731e-02 -9.9923753e-04 0.0000000e+00 
1.1299156e-01 -1.7215114e-02 0.0000000e+00 
1.1945039e-01 -1.6095718e-02 0.0000000e+00 
1.1921149e-01 -1.0037811e-02 0.0000000e+00 
1.1942437e-01 1.6073899e-02 0.0000000e+00 
7.3603988e-02 7.8155473e-03 0.0000000e+00 
1.4223553e-01 2.6702387e-03 0.0000000e+00 
1.0984364e-01 -5.5274338e-02 0.0000000e+00 
1.0112116e-01 -1.7377661e-03 0.0000000e+00 
1.0000937e-01 -1.6257517e-03 0.0000000e+00 
1.0061610e-01 -1.0068967e-03 0.0000000e+00 
9.9996075e-02 -8.9417660e-04 0.0000000e+00 
1.0033771e-01 -5.5700098e-04 0.0000000e+00 
1.0005164e-01 -3.9738920e-04 0.0000000e+00 
9.8656274e-02 -1.8969022e-03 0.0000000e+00 
9.7194746e-02 -6.2653497e-03 0.0000000e+00 
1.0042100e-01 -2.3545981e-04 0.0000000e+00 
1.0017142e-01 -2.9445183e-04 0.0000000e+00 
1.0011220e-01 -1.6209687e-04 0.0000000e+00 
9.9990666e-02 -2.5221455e-04 0.0000000e+00 
9.9579781e-02 7.1322634e-03 0.0000000e+00 
2.7097445e-02 1.7525255e-03 0.0000000e+00 
1.3402751e-01 3.4343600e-02 0.0000000e+00 
1.0094084e-01 -3.5424639e-02 0.0000000e+00 
1.1524382e-01 4.6367049e-02 0.0000000e+00 
9.9999763e-02 -8.6513376e-07 0.0000000e+00 
1.0678490e-01 2.9964000e-03 0.0000000e+00 
1.0633260e-01 6.7885723e-03 0.0000000e+00 
1.0366694e-01 4.5874664e-03 0.0000000e+00 
1.0171568e-01 7.1787494e-03 0.0000000e+00 
1.0069171e-01 4.5133168e-03 0.0000000e+00 
1.0348450e-01 1.0496534e-02 0.0000000e+00 
1.1080413e-01 9.1262087e-03 0.0000000e+00 
1.0206938e-01 2.8506166e-03 0.0000000e+00 
1.0043865e-01 2.6140800e-03 0.0000000e+00 
9.8796643e-02 3.3613835e-03 0.0000000e+00 
1.0133963e-01 -7.2765909e-04 0.0000000e+00 
9.9999502e-02 1.1598369e-06 0.0000000e+00 
1.0407049e-01 -1.9643954e-03 0.0000000e+00 
9.9998720e-02 -2.7255872e-08 0.0000000e+00 
1.0001912e-01 3.1967476e-05 0.0000000e+00 
1.0000048e-01 4.8548522e-05 0.0000000e+00 
1.0003477e-01 5.5370965e-05 0.0000000e+00 
1.0000336e-01 8.4775660e-05 0.0000000e+00 
9.9966280e-02 5.7833422e-05 0.0000000e+00 
9.9944860e-02 1.0272703e-04 0.0000000e+00 
1.0001057e-01 1.4726954e-04 0.0000000e+00 
9.9910721e-02 1.8377350e-04 0.0000000e+00 
1.0002825e-01 2.5761224e-04 0.0000000e+00 
9.9858403e-02 3.3125910e-04 0.0000000e+00 
1.0006984e-01 4.5222929e-04 0.0000000e+00 
9.9779136e-02 6.0161029e-04 0.0000000e+00 
1.0015535e-01 7.9762109e-04 0.0000000e+00 
9.9653736e-02 1.0782011e-03 0.0000000e+00 
1.0028253e-01 1.4395192e-03 0.0000000e+00 
1.0068519e-01 8.7754696e-04 0.0000000e+00 
9.9580884e-02 3.0776876e-04 0.0000000e+00 
9.9917017e-02 4.7720536e-05 0.0000000e+00 
9.9979550e-02 3.2334076e-05 0.0000000e+00 
1.8150151e-02 3.7431773e-03 0.0000000e+00 
1.0004380e-01 -2.4693900e-05 0.0000000e+00 
1.0003631e-01 -5.7303656e-05 0.0000000e+00 
1.0001689e-01 -3.0246063e-05 0.0000000e+00 
1.0024460e-01 1.2615477e-04 0.0000000e+00 
1.0008060e-01 4.2431962e-05 0.0000000e+00 
1.0000768e-01 -4.3380328e-06 0.0000000e+00 
1.0002518e-01 -1.2786160e-05 0.0000000e+00 
9.9989243e-02 -2.0927879e-05 0.0000000e+00 
1.0000046e-01 -5.6448744e-06 0.0000000e+00 
1.0000188e-01 -1.5067637e-06 0.0000000e+00 
9.9964574e-02 -6.5548622e-05 0.0000000e+00 
1.0000384e-01 -9.5047995e-05 0.0000000e+00 
9.9987768e-02 1.8171055e-05 0.0000000e+00 
9.9999569e-02 5.2478317e-06 0.0000000e+00 
1.0000033e-01 -1.5478915e-06 0.0000000e+00 
9.6690230e-02 4.6921540e-03 0.0000000e+00 
9.5643297e-02 2.4477849e-03 0.0000000e+00 
9.9972203e-02 1.3690203e-05 0.0000000e+00 
1.0000310e-01 1.6400537e-06 0.0000000e+00 
1.0000157e-01 2.0265988e-06 0.0000000e+00 
1.0014991e-01 -9.5070334e-04 0.0000000e+00 
1.0406947e-01 1.9737207e-03 0.0000000e+00 
9.9992111e-02 -7.1456242e-07 0.0000000e+00 
9.9858291e-02 8.7984481e-05 0.0000000e+00 
6.2686779e-02 -5.5620026e-02 0.0000000e+00 
1.0536613e-01 3.5921410e-02 0.0000000e+00 
9.9995375e-02 -4.0583041e-07 0.0000000e+00 
3.6371861e-02 6.8551349e-03 0.0000000e+00 
2.0751709e-02 5.4328102e-03 0.0000000e+00 
-1.1974925e-03 2.3493248e-03 0.0000000e+00 
9.3719117e-02 3.7413623e-02 0.0000000e+00 
9.9279746e-02 5.7908683e-04 0.0000000e+00 
9.0473354e-02 9.3011139e-03 0.0000000e+00 
9.9998184e-02 -8.0527133e-07 0.0000000e+00 
9.9595144e-02 -5.9209432e-04 0.0000000e+00 
1.2178990e-01 3.9344531e-02 0.0000000e+00 
1.3795501e-01 -1.2716432e-02 0.0000000e+00 
9.9518850e-02 -9.7887923e-06 0.0000000e+00 
1.1726595e-01 -9.7571285e-03 0.0000000e+00 
1.3362287e-01 -2.9687525e-03 0.0000000e+00 
9.6717700e-02 -1.5410430e-02 0.0000000e+00 
7.8393137e-03 -1.6480397e-03 0.0000000e+00 
8.6571470e-02 1.3199646e-02 0.0000000e+00 
1.0000195e-01 3.7085297e-06 0.0000000e+00 
7.4490421e-02 -2.9096806e-02 0.0000000e+00 
9.4824933e-02 -9.4687287e-03 0.0000000e+00 
5.8550318e-03 3.3378735e-04 0.0000000e+00 
1.0004596e-01 2.5004563e-05 0.0000000e+00 
1.2472609e-01 4.1989684e-03 0.0000000e+00 
9.9864513e-02 -9.8683219e-04 0.0000000e+00 
1.0035038e-01 -5.6017953e-04 0.0000000e+00 
9.9862091e-02 9.7812153e-04 0.0000000e+00 
1.0050917e-01 1.8730564e-03 0.0000000e+00 
5.7070691e-02 4.3770224e-03 0.0000000e+00 
1.3197686e-01 -3.5886087e-02 0.0000000e+00 
1.0000940e-01 -4.7167609e-04 0.0000000e+00 
-1.7509266e-03 8.8628707e-04 0.0000000e+00 
1.0035358e-01 5.2502682e-04 0.0000000e+00 
1.0942120e-01 1.2582632e-02 0.0000000e+00 
1.0014006e-01 -6.8402747e-05 0.0000000e+00 
1.0000101e-01 1.0664030e-06 0.0000000e+00 
9.9785954e-02 1.6057532e-02 0.0000000e+00 
8.7901689e-02 2.0255281e-02 0.0000000e+00 
1.3997258e-01 4.4770017e-03 0.0000000e+00 
1.0984161e-01 -1.3650113e-02 0.0000000e+00 
7.7028260e-02 -1.4758847e-02 0.0000000e+00 
6.9931500e-02 -4.4932775e-03 0.0000000e+00 
9.0553328e-02 -5.5974074e-02 0.0000000e+00 
-3.1302362e-03 -5.2357768e-04 0.0000000e+00 
1.0000106e-01 -7.0154272e-07 0.0000000e+00 
1.0948065e-01 -3.6421072e-02 0.0000000e+00 
9.9997975e-02 4.4469695e-07 0.0000000e+00 
1.4376602e-01 -9.0105878e-03 0.0000000e+00 
1.0006108e-01 9.5015021e-05 0.0000000e+00 
1.2459442e-01 1.9874519e-02 0.0000000e+00 
1.0000853e-01 5.1455813e-06 0.0000000e+00 
9.9366784e-02 -2.0833034e-03 0.0000000e+00 
9.3427375e-02 4.9855369e-03 0.0000000e+00 
1.4409253e-01 7.3059802e-03 0.0000000e+00 
2.0667832e-02 -3.8557213e-03 0.0000000e+00 
1.3871342e-01 3.3911362e-03 0.0000000e+00 
9.9380225e-02 1.4024770e-03 0.0000000e+00 
1.3607638e-01 -1.7820703e-02 0.0000000e+00 
1.0141835e-01 6.8806112e-04 0.0000000e+00 
3.1238465e-02 -8.9394776e-03 0.0000000e+00 
1.2406350e-01 -9.2770383e-03 0.0000000e+00 
9.9841960e-02 -1.8662430e-04 0.0000000e+00 
8.3619155e-02 -3.0532967e-02 0.0000000e+00 
9.7089343e-02 -4.0939474e-03 0.0000000e+00 
1.0010923e-01 1.6296242e-04 0.0000000e+00 
9.6938729e-02 -1.2061827e-02 0.0000000e+00 
5.5867936e-02 5.3694218e-02 0.0000000e+00 
1.0228878e-01 1.3100361e-02 0.0000000e+00 
1.3847709e-01 1.7194815e-02 0.0000000e+00 
1.6484786e-02 -4.3023187e-03 0.0000000e+00 
1.4260790e-01 -5.0693997e-03 0.0000000e+00 
1.2209027e-01 1.2346784e-02 0.0000000e+00 
1.4369853e-01 -1.4283421e-02 0.0000000e+00 
8.5814618e-02 6.9205896e-03 0.0000000e+00 
7.6074518e-02 1.5275968e-02 0.0000000e+00 
8.1471980e-02 -1.3213003e-02 0.0000000e+00 
1.0323819e-01 -1.7924376e-02 0.0000000e+00 
8.6460868e-03 2.9243543e-03 0.0000000e+00 
1.2208739e-01 4.4063851e-03 0.0000000e+00 
7.5611196e-02 1.5586682e-02 0.0000000e+00 
8.4333792e-02 2.6855221e-02 0.0000000e+00 
9.1010392e-02 2.8676856e-02 0.0000000e+00 
1.0122567e-01 1.5916394e-03 0.0000000e+00 
3.9915528e-02 -7.0585646e-03 0.0000000e+00 
1.1949491e-01 2.1305641e-02 0.0000000e+00 
1.1401414e-01 1.4787341e-02 0.0000000e+00 
1.3355988e-01 6.1440798e-03 0.0000000e+00 
9.9387378e-02 1.9039378e-03 0.0000000e+00 
1.2370682e-01 -8.2581099e-03 0.0000000e+00 
1.0205542e-01 -3.1405943e-03 0.0000000e+00 
1.2389205e-01 -4.4078697e-03 0.0000000e+00 
5.2068088e-02 1.4337727e-02 0.0000000e+00 
9.9517442e-02 -4.8406285e-04 0.0000000e+00 
1.2966850e-01 7.8562759e-03 0.0000000e+00 
1.1607176e-01 4.3481793e-03 0.0000000e+00 
2.9553968e-02 2.3498235e-02 0.0000000e+00 
9.3677662e-02 -1.2430336e-03 0.0000000e+00 
1.0020029e-01 2.8301254e-04 0.0000000e+00 
1.1007867e-01 1.7735003e-02 0.0000000e+00 
1.4229459e-01 -5.5556477e-04 0.0000000e+00 
7.6294892e-02 -5.8981195e-02 0.0000000e+00 
1.0006727e-01 -9.6697870e-05 0.0000000e+00 
9.7734720e-02 1.9908608e-03 0.0000000e+00 
2.7872676e-02 -5.4804403e-03 0.0000000e+00 
-1.3074668e-03 -2.0969354e-03 0.0000000e+00 
1.1805012e-01 -4.8499826e-02 0.0000000e+00 
1.2857309e-01 3.9279874e-02 0.0000000e+00 
9.5269836e-02 -4.1871779e-02 0.0000000e+00 
1.3316408e-01 -5.6934603e-03 0.0000000e+00 
2.5946356e-02 -9.0005072e-03 0.0000000e+00 
1.2172977e-01 -2.0307535e-02 0.0000000e+00 
1.0735934e-01 4.4201564e-02 0.0000000e+00 
3.4098096e-02 -3.3282839e-02 0.0000000e+00 
9.9999875e-02 1.8038673e-06 0.0000000e+00 
1.0036483e-01 4.8570207e-04 0.0000000e+00 
5.3846184e-02 1.5534024e-02 0.0000000e+00 
9.8229088e-02 9.3764449e-03 0.0000000e+00 
-3.0996404e-03 9.6003368e-04 0.0000000e+00 
4.6119548e-02 -4.9331347e-03 0.0000000e+00 
1.2362781e-01 -1.2090081e-02 0.0000000e+00 
1.0000000e-01 -5.2515024e-05 0.0000000e+00 
5.3961389e-03 3.0390511e-03 0.0000000e+00 
7.7245370e-02 -4.5438576e-03 0.0000000e+00 
5.7775665e-02 -1.1868542e-02 0.0000000e+00 
1.1651447e-01 9.0022394e-03 0.0000000e+00 
1.0135767e-01 1.8974999e-03 0.0000000e+00 
4.0521521e-02 4.1576084e-02 0.0000000e+00 
1.2825188e-01 -9.5625734e-03 0.0000000e+00 
1.0074838e-01 3.5460468e-04 0.0000000e+00 
-3.0849664e-03 -6.4736884e-04 0.0000000e+00 
4.7616456e-03 -2.0037685e-03 0.0000000e+00 
6.1333617e-03 1.6071369e-04 0.0000000e+00 
1.1556569e-01 -8.0671003e-03 0.0000000e+00 
9.6106462e-02 3.4429533e-03 0.0000000e+00 
1.0055522e-01 -1.4850763e-03 0.0000000e+00 
9.0532176e-02 -6.4296583e-03 0.0000000e+00 
7.3388770e-02 8.6339557e-04 0.0000000e+00 
7.8351036e-02 -6.8399869e-03 0.0000000e+00 
9.9997774e-02 -3.1087377e-05 0.0000000e+00 
9.9699505e-02 6.7900989e-04 0.0000000e+00 
1.3276145e-01 -4.3671377e-04 0.0000000e+00 
1.8468250e-02 4.0805866e-03 0.0000000e+00 
8.7201968e-02 -3.7855785e-02 0.0000000e+00 
1.3954851e-01 -7.6384987e-03 0.0000000e+00 
8.9569278e-02 9.2275729e-03 0.0000000e+00 
6.3142933e-02 8.9199254e-03 0.0000000e+00 
9.9997044e-02 -2.5157132e-07 0.0000000e+00 
5.3941321e-02 -7.1416493e-03 0.0000000e+00 
1.0007463e-01 -1.8360988e-04 0.0000000e+00 
9.7841591e-02 -3.2159008e-02 0.0000000e+00 
1.0007445e-01 1.6226666e-04 0.0000000e+00 
9.8311655e-02 5.8031692e-03 0.0000000e+00 
1.0293891e-01 1.3172557e-02 0.0000000e+00 
1.0109663e-01 1.0125644e-02 0.0000000e+00 
1.4162004e-01 -1.2099355e-02 0.0000000e+00 
9.3971364e-02 -1.3529608e-02 0.0000000e+00 
9.9999197e-02 -1.2348956e-06 0.0000000e+00 
8.2338661e-02 5.3087056e-02 0.0000000e+00 
8.5213594e-02 2.1184003e-02 0.0000000e+00 
-3.9573959e-03 -4.7090621e-04 0.0000000e+00 
1.0000143e-01 4.7320194e-07 0.0000000e+00 
1.4297557e-01 5.6566088e-03 0.0000000e+00 
1.0001244e-01 -1.4588943e-05 0.0000000e+00 
9.7861983e-02 1.3009573e-02 0.0000000e+00 
1.3987926e-01 -4.1563567e-03 0.0000000e+00 
1.0000067e-01 -3.5621170e-07 0.0000000e+00 
2.9253472e-02 8.0120806e-03 0.0000000e+00 
5.5061400e-02 -7.9252655e-03 0.0000000e+00 
1.0001633e-01 -1.5189865e-04 0.0000000e+00 
1.1847781e-02 -2.0548624e-03 0.0000000e+00 
1.2238013e-01 -1.0770297e-02 0.0000000e+00 
1.1695231e-01 1.1880838e-02 0.0000000e+00 
1.1189643e-01 -1.2339337e-02 0.0000000e+00 
1.1594457e-01 -3.6729313e-02 0.0000000e+00 
9.7958811e-02 9.1734109e-03 0.0000000e+00 
1.3692912e-01 7.8058178e-03 0.0000000e+00 
1.2073001e-01 -4.0425207e-02 0.0000000e+00 
1.3718064e-01 1.2758340e-02 0.0000000e+00 
1.2242067e-01 -7.9785669e-03 0.0000000e+00 
9.9079376e-03 -1.3192538e-03 0.0000000e+00 
1.0301013e-01 3.0166951e-03 0.0000000e+00 
5.6806974e-02 -1.2367573e-02 0.0000000e+00 
9.5259279e-02 2.2853998e-02 0.0000000e+00 
1.0138675e-01 6.9665220e-03 0.0000000e+00 
1.0060654e-01 1.1998616e-03 0.0000000e+00 
9.3667284e-02 -4.1626752e-03 0.0000000e+00 
1.0917736e-01 -6.3237869e-03 0.0000000e+00 
1.0127205e-01 -1.8861745e-03 0.0000000e+00 
1.0556129e-01 1.3086950e-02 0.0000000e+00 
1.0000683e-01 -9.4999032e-06 0.0000000e+00 
8.0834895e-02 -9.3794782e-03 0.0000000e+00 
3.0824693e-03 1.3380800e-03 0.0000000e+00 
1.2623818e-01 -3.6606286e-02 0.0000000e+00 
1.2407616e-01 8.2485443e-03 0.0000000e+00 
1.0329093e-01 -3.5595354e-03 0.0000000e+00 
1.4052880e-01 -3.9913245e-03 0.0000000e+00 
9.7021781e-02 1.9979415e-02 0.0000000e+00 
9.6555643e-02 1.7415896e-02 0.0000000e+00 
9.6606530e-02 -1.1751987e-02 0.0000000e+00 
1.3442841e-01 1.7959503e-02 0.0000000e+00 
1.2145635e-01 7.4245613e-03 0.0000000e+00 
1.2749538e-01 1.2719300e-02 0.0000000e+00 
8.8106818e-02 -2.5522616e-02 0.0000000e+00 
1.0224891e-01 7.6333811e-03 0.0000000e+00 
8.3137803e-02 1.6645155e-03 0.0000000e+00 
9.9689201e-02 -7.1554526e-04 0.0000000e+00 
6.2914692e-02 -1.6799212e-02 0.0000000e+00 
1.0535266e-01 4.4695497e-03 0.0000000e+00 
1.0000051e-01 1.8527780e-06 0.0000000e+00 
1.0298441e-01 -1.4340491e-02 0.0000000e+00 
1.0581460e-01 -1.5094706e-02 0.0000000e+00 
1.2416253e-01 3.7259595e-03 0.0000000e+00 
9.4994076e-02 6.4501003e-04 0.0000000e+00 
1.1712161e-01 7.9824300e-03 0.0000000e+00 
9.7428061e-02 6.3086562e-03 0.0000000e+00 
1.0000352e-01 -5.2632395e-06 0.0000000e+00 
1.3605124e-01 -5.7547954e-03 0.0000000e+00 
9.1097308e-03 4.5548622e-03 0.0000000e+00 
1.3772605e-01 -4.7173747e-03 0.0000000e+00 
1.1520646e-02 -3.9726035e-03 0.0000000e+00 
2.6659518e-02 -5.4845945e-03 0.0000000e+00 
1.3177198e-01 -2.9874907e-03 0.0000000e+00 
1.3393871e-01 -2.0450167e-02 0.0000000e+00 
PRESSURE 1 945  float
2.9902174e+00
0.0000000e+00
0.0000000e+00
2.9902272e+00
-4.1769557e+00
-4.2936916e+00
-4.6494169e+00
-5.1724668e+00
-5.7392130e+00
-6.3659897e+00
-6.9340577e+00
-7.2107644e+00
-7.0245605e+00
-5.9643693e+00
-4.1520014e+00
-1.5083451e+00
1.5423757e+00
4.4975061e+00
6.9792695e+00
8.7482872e+00
9.2865572e+00
8.7449837e+00
7.0956554e+00
4.5444140e+00
1.5065374e+00
-1.4961506e+00
-4.0631976e+00
-5.9727583e+00
-6.9255729e+00
-7.2801948e+00
-6.9248466e+00
-6.3322592e+00
-5.7451510e+00
-5.1898746e+00
-4.6245904e+00
-4.2789192e+00
2.9847202e+00
2.9263134e+00
2.8131671e+00
2.6184819e+00
2.2835622e+00
1.8488081e+00
1.2613772e+00
5.9115160e-01
-1.1307323e-01
-7.7285439e-01
-1.2394023e+00
-1.5274540e+00
-1.5931897e+00
-1.4633244e+00
-1.1705719e+00
-8.3498144e-01
-5.3115404e-01
-3.0807400e-01
-1.7572112e-01
-9.2205212e-02
-4.8134368e-02
-2.2631466e-02
-1.3311984e-02
-3.5928925e-03
-2.4729962e-03
-8.1157638e-04
-3.4849637e-04
-6.0021346e-05
2.0421810e-05
6.7122783e-05
5.9365291e-05
4.8357892e-05
3.1704887e-05
1.9728444e-05
4.3520554e-06
0.0000000e+00
0.0000000e+00
0.0000000e+00
0.0000000e+00
0.0000000e+00
0.0000000e+00
0.0000000e+00
0.0000000e+00
0.0000000e+00
-6.3643147e-06
-1.8437517e-05
-1.8605664e-05
-2.7195623e-05
-4.3726443e-05
-3.6250192e-05
-2.4993409e-04
-3.2325339e-04
-5.0497061e-04
-1.1819176e-03
-3.0431042e-03
-6.2316568e-03
-1.2240672e-02
-2.4421547e-02
-4.7301538e-02
-9.2255220e-02
-1.7314480e-01
-3.1115973e-01
-5.2885884e-01
-8.3117372e-01
-1.1777089e+00
-1.4588763e+00
-1.5888129e+00
-1.5317181e+00
-1.2265697e+00
-7.4917257e-01
-1.1073148e-01
5.9708786e-01
1.2643640e+00
1.8494169e+00
2.2954080e+00
2.6198866e+00
2.8214881e+00
2.9295862e+00
2.9860582e+00
3.0089500e+00
3.0554633e+00
3.1109769e+00
3.1641910e+00
3.1838353e+00
3.1652412e+00
3.1137931e+00
3.0554969e+00
3.0088990e+00
8.5411978e+00
-6.6882890e-01
-1.0281701e+00
-2.8668709e-02
-5.4589845e-04
-6.3388856e-05
2.5563118e+00
-2.2378756e-01
2.5256433e+00
3.1816401e+00
-7.0447070e-03
-1.1522317e-01
1.9246394e-05
-4.0925457e-04
-1.6035560e+00
5.3707176e-06
-1.6471970e+00
9.1404456e-01
9.3632460e-01
-1.1331940e+00
2.8611730e-05
-1.1215222e+00
3.1380675e+00
-5.8037613e-06
-3.0048490e-03
-1.6145487e-03
-2.9795365e-02
-2.1861117e-05
3.0841424e+00
2.9031217e+00
2.9503024e-06
2.9084680e+00
-1.0241520e-05
1.3186630e-05
3.0276139e+00
-1.4983244e+00
-1.8295865e+00
-1.8544359e+00
-2.1771874e+00
-2.1842656e+00
-2.6312962e+00
-2.4985321e+00
-3.0626698e+00
-2.7456956e+00
-3.3255274e+00
-2.9032116e+00
-3.2725632e+00
-2.8613548e+00
-3.1555409e+00
-2.7081072e+00
-2.9649730e+00
-2.4625263e+00
-2.7363629e+00
-2.1793702e+00
-1.9334524e+00
-1.6229340e+00
-2.4911861e+00
-1.4197693e+00
-1.0527623e+00
-5.2665296e+00
-4.4688377e+00
-8.4713876e-01
-5.1338875e-01
-2.6247323e+00
-2.4293938e+00
-4.0417367e-01
-2.4731705e-01
-2.9526651e+00
-2.8100030e+00
-4.2539372e+00
-1.0378261e-01
5.4338006e-03
4.7350779e-02
2.5268406e-02
4.6777152e-02
4.9216725e-02
4.3852244e-02
-3.2742562e+00
-3.1088090e+00
-2.7248244e+00
-3.4934304e+00
-3.3378575e+00
-3.6563952e+00
-3.4629512e+00
-3.8092449e+00
-3.4673851e+00
-3.7866154e+00
-3.1241987e+00
-3.3513563e+00
-3.5875790e+00
-5.6398640e+00
-4.8288999e+00
2.2411063e-02
2.7514003e-02
2.8114613e-02
2.0908428e-02
-3.0646837e+00
-3.2237060e+00
-9.1268814e-01
8.5133780e-03
9.0371547e-03
5.8446224e-03
4.9134917e-03
-3.5361340e+00
2.3996914e-03
2.1698668e-03
1.0167958e-03
7.4921566e-04
-3.3392313e+00
-4.4166674e-05
4.2977915e-04
3.4185592e-04
2.3595629e-04
-5.2070925e-05
5.8559162e-05
-3.8940947e+00
-3.3059120e+00
-6.6213927e+00
-3.4648709e-02
-3.1365025e-01
-3.5809073e+00
-1.2274160e+00
-5.1960636e-05
6.9479906e-06
-2.6744849e-05
-7.7559362e-06
2.3949158e-05
6.1516530e-06
1.7750531e-04
-2.3349285e+00
-2.6774378e+00
-2.0970981e-05
1.4615211e-03
-2.8899028e+00
1.1879378e-02
2.9807104e-02
-4.0024838e+00
-3.2627029e+00
-2.6636117e+00
-2.4315810e+00
-3.1620052e+00
-2.0046763e+00
-8.7337174e-02
-2.5006256e+00
-1.3784745e+00
-4.7934461e+00
-1.1509044e+00
-5.0166571e-01
-5.6205124e-01
2.3683451e-01
5.1182187e-01
1.0209059e+00
1.4789841e+00
5.2819309e+00
1.7392287e+00
2.3093224e+00
2.3425260e+00
2.8803089e+00
2.7808812e+00
3.3109775e+00
3.0515354e+00
3.4570034e+00
3.8507688e+00
3.8256867e+00
4.2507610e+00
4.0706706e+00
4.4666820e+00
4.1428185e+00
4.4529037e+00
4.0646229e+00
4.2340674e+00
3.8754070e+00
3.5040672e+00
3.8914509e+00
4.3351655e+00
3.8005781e+00
4.0811992e+00
7.4017386e+00
3.4998579e+00
3.4965580e+00
3.8350129e+00
3.6286986e+00
2.9992146e+00
2.8205369e+00
2.7714319e+00
2.3922083e+00
2.0192337e+00
-5.9504519e+00
-2.6035635e+00
3.0393932e+00
2.9691908e+00
4.7094636e+00
2.3453131e+00
4.8159223e+00
1.7248660e+00
1.1030769e+00
2.0932660e+00
3.3722193e+00
3.6229594e+00
3.4065166e+00
3.4291620e+00
3.2740800e+00
-4.5842567e-01
-9.9288064e-01
1.0521713e+00
3.4316424e-01
1.8480794e-01
-6.1000711e-01
-2.0305885e-01
-1.0483975e+00
-1.7189397e+00
-6.5877390e+00
-6.0936296e-01
-1.9305921e+00
-2.9385579e+00
1.3091354e+00
9.8303068e-01
-3.8292832e+00
3.0801133e-05
1.5268883e-05
-4.0962100e+00
2.8026719e-02
-4.4561644e+00
-2.7397478e+00
-2.0586257e+00
-3.7025936e+00
3.1717556e+00
-2.6668282e+00
5.4353965e-03
7.4923656e-07
-3.6985772e+00
-3.0346999e+00
1.2916245e-03
-4.4286871e+00
-4.7401872e+00
-4.3162203e-01
2.8262524e-05
-2.1368482e+00
-3.3693440e+00
-4.1865396e+00
-3.7489066e+00
-4.3582072e+00
8.5818884e-04
3.2917893e+00
3.3850608e+00
1.0021987e-01
-3.0332375e-01
3.1057286e+00
1.4716439e-01
1.0650791e-05
-4.6130233e+00
3.5315075e-05
5.0111965e-05
-2.2486636e-06
-3.8622158e-05
-3.6894655e+00
-2.1938865e+00
-2.4156570e+00
-3.1139472e-05
-2.5183317e-05
-3.9343567e+00
-4.3414426e+00
-4.8612347e+00
-4.5741677e+00
-5.0317149e+00
-4.6715698e+00
-4.3506479e+00
-4.3902168e+00
2.9617021e+00
2.9578311e+00
3.5663306e-05
-4.1339483e+00
-4.1461697e+00
-4.3584433e+00
-4.1149449e+00
-1.0412704e-05
-5.3224788e+00
9.9818379e-02
-1.0360167e+00
-9.8273206e-01
-1.3259043e-05
-6.3650131e-01
3.2709761e+00
3.3053281e+00
3.2050745e+00
3.4521666e+00
3.2996235e+00
3.3794956e+00
3.2262394e+00
3.2525530e+00
3.0963330e+00
3.0250161e+00
3.1182919e+00
-4.2673388e+00
-4.0442777e+00
-3.8893971e+00
-4.1586194e+00
-3.9853661e+00
1.3866094e-06
2.9266269e+00
-2.0461263e-02
-4.1030631e+00
-3.9693048e+00
-4.1407309e+00
-3.9897816e+00
-4.1938481e+00
-5.1977053e+00
-3.0988033e+00
-1.0291532e+00
-7.7870899e-01
-1.1809886e+00
-1.9956270e+00
-2.1837502e+00
3.2266154e+00
-4.7050486e+00
-4.9817767e+00
-4.6742296e+00
-5.0256953e+00
-5.4282045e+00
-3.7895720e+00
-5.5353165e+00
-2.4841513e-05
2.7420447e-05
-4.0592947e+00
-4.6381726e+00
-4.8605332e+00
-4.5166478e+00
-4.6430259e+00
-4.3669124e+00
-4.2255402e+00
4.0081036e-06
1.5413792e-05
-4.3380995e+00
2.9801443e+00
3.0759757e+00
-4.1063876e+00
-3.5859406e+00
-3.7038424e+00
-3.7745287e+00
-2.3352444e+00
-3.4537883e+00
-1.7233601e+00
-4.6650624e+00
4.5268636e+00
5.2032170e+00
5.3058839e+00
5.8934727e+00
5.7814875e+00
6.6008124e+00
6.3849149e+00
7.1709371e+00
6.5935020e+00
5.9501424e+00
5.9222140e+00
6.3338895e+00
5.5293474e+00
5.5807652e+00
4.8264985e+00
4.4766064e+00
4.7845521e+00
6.4940524e+00
6.3154597e+00
5.2529187e+00
5.4220414e+00
4.2071824e+00
3.9711432e+00
3.2905421e+00
3.5148823e+00
2.1197445e+00
2.2376630e+00
4.3286581e+00
3.3218141e+00
2.6455834e+00
2.0411675e+00
8.6427271e-01
7.3011810e-01
1.7507060e+00
-4.5243897e+00
-2.5291095e+00
2.6469953e+00
-2.4228520e-05
6.9374293e-01
-3.1138470e+00
-1.0855749e+00
-3.5803120e+00
5.8329664e-02
5.4799752e+00
-9.9139415e-02
-6.2831655e+00
-6.5798507e+00
-5.1755910e+00
-4.6380558e+00
-4.2689753e+00
7.3529625e+00
2.7597067e+00
2.8417175e+00
2.5374117e+00
-6.5812058e+00
-6.0489674e+00
-3.1712010e+00
-3.3737001e+00
2.7295296e+00
2.6502912e+00
-4.8597579e+00
2.1184869e+00
8.3593359e+00
-4.0444627e+00
-2.8663135e+00
2.7749058e-05
-2.7042608e+00
6.5499699e-01
4.9529791e+00
4.6870012e+00
-1.6326013e+00
-1.8830566e+00
4.3996644e+00
3.8889945e+00
-3.9791384e+00
-1.5303557e+00
2.1568968e+00
1.5740237e+00
3.4908961e-05
7.0418973e-05
2.1584651e+00
2.9306388e+00
2.4811888e+00
2.2484634e+00
3.2880177e+00
1.9984879e+00
1.7631334e+00
1.3744557e+00
-1.6163739e+00
-1.7171754e+00
-1.4068798e+00
-1.4762288e+00
-1.0653377e+00
-1.4704086e+00
-9.9580777e-01
-7.3637563e-01
-5.9830588e-01
-4.3478510e-01
-5.2695709e-01
-1.6606168e+00
-1.8592161e+00
-1.6712646e+00
-2.1169777e+00
-1.7893066e+00
-1.4383361e+00
-1.4411746e+00
-1.8308496e+00
-1.3798206e+00
-1.8048241e+00
-1.0274727e+00
-8.6810249e-01
-6.7023373e-01
-2.3006296e+00
-4.6903500e-01
-3.6585993e-01
-1.8521765e+00
-1.5233802e+00
-2.3086138e+00
-2.2043376e+00
-7.1607614e-01
-2.5101388e+00
-2.0461226e-01
-2.2480955e+00
-1.6472802e+00
-1.9170475e+00
9.5972943e-01
2.1153169e+00
1.5711576e+00
5.1637955e+00
7.2057047e+00
-3.2899198e-01
-1.7936288e+00
-1.8999354e+00
-1.4602004e+00
-1.8940846e+00
2.5086949e+00
2.7784534e+00
3.1826491e+00
2.7637067e+00
7.3858676e+00
-1.0545093e+00
-4.6616073e+00
3.1395295e+00
2.4192224e+00
-5.2302790e-01
-4.7990994e+00
3.7677713e-05
-6.0616446e+00
-6.2489133e+00
-6.0927763e+00
-5.4594836e+00
-1.2852105e+00
1.6231595e+00
1.6200134e+00
-3.5226514e+00
-4.9048200e+00
-3.9884612e-01
-2.2654821e-01
-1.3075674e-01
-5.3385086e-02
-4.7011152e-02
-6.4463937e-03
-1.1905821e-01
-2.5493784e-02
-2.6159528e-01
-2.9294739e-02
-1.0208586e-03
-1.3864802e+00
3.0815058e+00
3.0389702e+00
3.5625701e+00
1.5545712e+00
8.0307609e-01
8.7823904e-01
8.0268270e-01
5.4422107e+00
-2.1608832e+00
-8.1764108e-01
-1.1120388e-02
3.1655384e-03
-5.6637009e-03
1.1334119e-03
-2.4808645e-03
3.0273130e+00
7.3923115e-03
1.5239354e-02
-3.6011352e-03
-1.3810877e-03
-4.2056933e-04
1.8636063e-04
3.1255591e+00
7.9891391e+00
-1.6193966e+00
2.3925350e+00
2.7377915e-01
2.9251950e-07
-1.1509535e-01
-1.2222253e-01
-5.7753816e-02
-4.8884470e-02
-1.6863389e-02
-1.3964073e-01
-2.7292034e-01
-2.6637934e-02
-4.3889699e-03
1.3238775e-02
-1.4712414e-02
1.1193970e-06
-5.9801914e-02
2.3467508e-06
1.9969428e-05
9.7059397e-05
-3.7241964e-05
1.6366008e-04
2.1821455e-04
4.1023322e-04
2.2601131e-04
7.9329312e-04
2.4490652e-04
1.4390521e-03
-8.3376828e-05
2.4202447e-03
-9.6832885e-04
4.4326927e-03
-2.7263358e-03
-6.7469408e-03
3.1662344e-03
2.9961989e-04
1.2417459e-04
-5.0907907e+00
-2.8275905e-04
-2.8791910e-04
-1.0624271e-04
-1.3001378e-03
-1.7917335e-04
-5.3879459e-05
-1.0132587e-04
-4.5346082e-05
-1.6975260e-05
-2.5165304e-05
2.8134165e-05
-4.5231223e-04
6.2430052e-05
2.4447576e-05
-7.6918823e-06
3.4715173e+00
3.5904980e+00
6.4416548e-05
2.1824051e-05
1.5889904e-05
3.0427604e+00
-5.8589276e-02
-9.6263684e-06
6.9474737e-04
3.7009349e+00
-4.2146258e+00
-1.1999397e-05
-3.9025202e+00
-3.6922925e+00
-4.4550490e+00
3.0704200e+00
6.0472656e-03
1.9582486e-02
-7.2201656e-06
2.5777088e-03
-1.4135574e-01
-1.5553342e+00
3.2253516e+00
-5.1521945e-01
-1.3974800e+00
-1.9385237e-01
-4.0241675e+00
-8.4286846e-02
2.0219413e-05
4.9572306e+00
3.6016362e+00
-4.4239669e+00
-4.2165328e-05
2.2083531e-01
3.1276627e+00
2.9754610e+00
3.1257238e+00
3.0047801e+00
-5.9087839e+00
-1.4363621e+00
4.5553094e-04
-3.8008516e+00
2.9746425e+00
1.9895077e+00
-6.5354066e-04
3.1197469e-06
-2.8214198e-01
-7.2057796e-01
-2.0595922e+00
-2.6906199e+00
-2.7447913e+00
5.6872697e+00
-8.9251608e-01
-3.8000841e+00
-8.2415736e-06
1.4746242e+00
-4.8300567e-06
-2.4100246e+00
-1.5610440e-04
1.3713475e-01
3.9905233e-05
3.1805880e+00
3.7985160e+00
-2.7210510e+00
-4.0974722e+00
-1.6505752e+00
3.1967895e+00
-1.3516378e+00
-1.4298495e-02
-1.4294858e+00
-8.5653585e-01
4.0826012e-04
4.2087541e+00
-5.3837585e+00
-5.3745927e-04
3.3650506e+00
4.0931635e+00
-5.4600892e+00
-1.6392629e+00
-1.9598459e+00
-3.0606799e+00
-2.4831469e+00
-2.6448910e+00
-4.2374353e+00
5.1596360e+00
-3.0865266e+00
2.6264055e+00
-5.6950955e+00
-6.6382766e-01
-2.4437501e+00
4.2619591e+00
3.6318450e+00
-1.3121047e-02
-3.9556189e+00
7.1627420e-01
1.4537281e+00
-9.1473311e-01
7.8109754e-03
-3.0701730e+00
2.8189883e+00
3.3461973e-01
-2.2205858e+00
3.2071297e+00
-4.0440390e-01
-3.8803941e-01
7.5172825e+00
3.7693408e+00
-1.2807325e-03
1.8653803e+00
-2.5789733e+00
1.4122983e+00
-4.3743761e-04
2.0618608e-02
-5.2767453e+00
-4.3208694e+00
-3.5595137e-01
-1.1206865e+00
2.7585719e+00
-8.8314974e-01
-2.3815944e+00
4.5867094e-01
1.3583031e+00
6.8454537e+00
1.9756279e-05
-2.9279401e-03
-1.7304461e+00
3.2484789e+00
-4.1962991e+00
-6.0041051e+00
3.3493087e-01
1.0427847e-05
-3.6583998e+00
5.1692095e+00
-4.4955257e-01
-4.8398042e+00
2.8901167e+00
6.1312881e+00
-1.1542832e+00
-6.0763503e-03
-4.2043080e+00
-3.8247006e+00
-4.8437791e+00
1.3234105e+00
2.8818566e-02
2.9832258e+00
5.9453089e-02
5.4413152e+00
-4.3642001e+00
-8.0204001e-05
3.1768572e+00
-3.5502143e+00
-3.9447505e+00
3.6163867e+00
-1.7480563e+00
-3.7231882e+00
-3.8828998e+00
-7.0020083e-06
-4.3359084e+00
2.9981117e+00
-4.5632153e+00
2.9976981e+00
5.2884044e-03
2.7240374e+00
2.9330518e+00
-2.0908113e+00
-5.7350755e+00
-9.1457596e-06
-8.9133507e-01
4.3707137e+00
-3.6021237e+00
3.3006074e-06
-2.2954998e+00
-1.2226451e-04
-9.1789462e-02
-2.5072174e+00
-6.0180696e-06
-3.3659892e+00
-4.0786319e+00
-5.0003413e-04
-5.0069499e+00
-2.7507637e+00
1.1420066e+00
-5.1719084e+00
6.8748510e-01
-1.5806418e-02
-1.9758669e+00
-6.6723980e-02
-1.4325390e+00
5.0045663e-01
-4.2276621e+00
2.7181902e+00
-3.0132031e+00
3.3136120e+00
-3.8841324e+00
2.9675989e+00
3.5547696e-02
2.0459085e+00
2.8972707e+00
-2.5098860e-01
-1.2071610e-04
4.8534541e+00
-4.6641307e+00
-5.8567077e-01
-8.2819778e-01
-4.2888246e+00
-1.8809221e+00
-1.0913875e+00
-2.1419983e+00
-4.4386681e-02
-4.0820942e+00
6.1499137e-01
-2.1408296e+00
3.9617405e+00
-5.3486595e+00
-5.3498497e+00
3.1735427e+00
-1.1721463e+00
2.4606781e+00
1.4528767e-06
2.7121646e+00
2.3859448e+00
-3.5755916e+00
3.6458430e+00
1.1347830e+00
3.3546932e+00
-2.7928791e-05
-1.2845933e+00
-3.0690203e+00
-3.4947553e+00
-3.6038289e+00
-5.7220278e+00
-6.9254649e-01
-4.1078916e+00
CELL_DATA 1766
FIELD FieldData 0
