# vtk DataFile Version 4.0
vtk output
ASCII
DATASET UNSTRUCTURED_GRID
POINTS 945 float
0.0000000e+00 0.0000000e+00 0.0000000e+00 
2.0000000e+00 0.0000000e+00 0.0000000e+00 
2.0000000e+00 6.0000002e-01 0.0000000e+00 
0.0000000e+00 6.0000002e-01 0.0000000e+00 
5.6000000e-01 3.0000001e-01 0.0000000e+00 
5.5884713e-01 2.8829461e-01 0.0000000e+00 
5.5543280e-01 2.7703899e-01 0.0000000e+00 
5.4988819e-01 2.6666579e-01 0.0000000e+00 
5.4242641e-01 2.5757360e-01 0.0000000e+00 
5.3333420e-01 2.5011179e-01 0.0000000e+00 
5.2296102e-01 2.4456720e-01 0.0000000e+00 
5.1170540e-01 2.4115290e-01 0.0000000e+00 
5.0000000e-01 2.3999999e-01 0.0000000e+00 
4.8829460e-01 2.4115290e-01 0.0000000e+00 
4.7703901e-01 2.4456720e-01 0.0000000e+00 
4.6666580e-01 2.5011179e-01 0.0000000e+00 
4.5757359e-01 2.5757360e-01 0.0000000e+00 
4.5011181e-01 2.6666579e-01 0.0000000e+00 
4.4456720e-01 2.7703899e-01 0.0000000e+00 
4.4115290e-01 2.8829461e-01 0.0000000e+00 
4.4000000e-01 3.0000001e-01 0.0000000e+00 
4.4115290e-01 3.1170541e-01 0.0000000e+00 
4.4456720e-01 3.2296100e-01 0.0000000e+00 
4.5011181e-01 3.3333421e-01 0.0000000e+00 
4.5757359e-01 3.4242639e-01 0.0000000e+00 
4.6666580e-01 3.4988821e-01 0.0000000e+00 
4.7703901e-01 3.5543281e-01 0.0000000e+00 
4.8829460e-01 3.5884711e-01 0.0000000e+00 
5.0000000e-01 3.6000001e-01 0.0000000e+00 
5.1170540e-01 3.5884711e-01 0.0000000e+00 
5.2296102e-01 3.5543281e-01 0.0000000e+00 
5.3333420e-01 3.4988821e-01 0.0000000e+00 
5.4242641e-01 3.4242639e-01 0.0000000e+00 
5.4988819e-01 3.3333421e-01 0.0000000e+00 
5.5543280e-01 3.2296100e-01 0.0000000e+00 
5.5884713e-01 3.1170541e-01 0.0000000e+00 
5.9016321e-02 0.0000000e+00 0.0000000e+00 
1.1803260e-01 0.0000000e+00 0.0000000e+00 
1.7704900e-01 0.0000000e+00 0.0000000e+00 
2.3587100e-01 0.0000000e+00 0.0000000e+00 
2.9085249e-01 0.0000000e+00 0.0000000e+00 
3.4144861e-01 0.0000000e+00 0.0000000e+00 
3.8872591e-01 0.0000000e+00 0.0000000e+00 
4.3368599e-01 0.0000000e+00 0.0000000e+00 
4.7725680e-01 0.0000000e+00 0.0000000e+00 
5.2034539e-01 0.0000000e+00 0.0000000e+00 
5.6386721e-01 0.0000000e+00 0.0000000e+00 
6.0872579e-01 0.0000000e+00 0.0000000e+00 
6.5584701e-01 0.0000000e+00 0.0000000e+00 
7.0623368e-01 0.0000000e+00 0.0000000e+00 
7.6094180e-01 0.0000000e+00 0.0000000e+00 
8.1967372e-01 0.0000000e+00 0.0000000e+00 
8.7868989e-01 0.0000000e+00 0.0000000e+00 
9.3770629e-01 0.0000000e+00 0.0000000e+00 
9.9672258e-01 0.0000000e+00 0.0000000e+00 
1.0557390e+00 0.0000000e+00 0.0000000e+00 
1.1147550e+00 0.0000000e+00 0.0000000e+00 
1.1737720e+00 0.0000000e+00 0.0000000e+00 
1.2327880e+00 0.0000000e+00 0.0000000e+00 
1.2918040e+00 0.0000000e+00 0.0000000e+00 
1.3508210e+00 0.0000000e+00 0.0000000e+00 
1.4098370e+00 0.0000000e+00 0.0000000e+00 
1.4688530e+00 0.0000000e+00 0.0000000e+00 
1.5278690e+00 0.0000000e+00 0.0000000e+00 
1.5868860e+00 0.0000000e+00 0.0000000e+00 
1.6459020e+00 0.0000000e+00 0.0000000e+00 
1.7049180e+00 0.0000000e+00 0.0000000e+00 
1.7639350e+00 0.0000000e+00 0.0000000e+00 
1.8229510e+00 0.0000000e+00 0.0000000e+00 
1.8819669e+00 0.0000000e+00 0.0000000e+00 
1.9409840e+00 0.0000000e+00 0.0000000e+00 
2.0000000e+00 5.9999999e-02 0.0000000e+00 
2.0000000e+00 1.2000000e-01 0.0000000e+00 
2.0000000e+00 1.8000001e-01 0.0000000e+00 
2.0000000e+00 2.3999999e-01 0.0000000e+00 
2.0000000e+00 3.0000001e-01 0.0000000e+00 
2.0000000e+00 3.6000001e-01 0.0000000e+00 
2.0000000e+00 4.1999999e-01 0.0000000e+00 
2.0000000e+00 4.7999999e-01 0.0000000e+00 
2.0000000e+00 5.4000002e-01 0.0000000e+00 
1.9409840e+00 6.0000002e-01 0.0000000e+00 
1.8819669e+00 6.0000002e-01 0.0000000e+00 
1.8229510e+00 6.0000002e-01 0.0000000e+00 
1.7639350e+00 6.0000002e-01 0.0000000e+00 
1.7049180e+00 6.0000002e-01 0.0000000e+00 
1.6459020e+00 6.0000002e-01 0.0000000e+00 
1.5868860e+00 6.0000002e-01 0.0000000e+00 
1.5278690e+00 6.0000002e-01 0.0000000e+00 
1.4688530e+00 6.0000002e-01 0.0000000e+00 
1.4098370e+00 6.0000002e-01 0.0000000e+00 
1.3508210e+00 6.0000002e-01 0.0000000e+00 
1.2918040e+00 6.0000002e-01 0.0000000e+00 
1.2327880e+00 6.0000002e-01 0.0000000e+00 
1.1737720e+00 6.0000002e-01 0.0000000e+00 
1.1147550e+00 6.0000002e-01 0.0000000e+00 
1.0557390e+00 6.0000002e-01 0.0000000e+00 
9.9672258e-01 6.0000002e-01 0.0000000e+00 
9.3770629e-01 6.0000002e-01 0.0000000e+00 
8.7868989e-01 6.0000002e-01 0.0000000e+00 
8.1967372e-01 6.0000002e-01 0.0000000e+00 
7.6094180e-01 6.0000002e-01 0.0000000e+00 
7.0623368e-01 6.0000002e-01 0.0000000e+00 
6.5584701e-01 6.0000002e-01 0.0000000e+00 
6.0872579e-01 6.0000002e-01 0.0000000e+00 
5.6386721e-01 6.0000002e-01 0.0000000e+00 
5.2034539e-01 6.0000002e-01 0.0000000e+00 
4.7725680e-01 6.0000002e-01 0.0000000e+00 
4.3368599e-01 6.0000002e-01 0.0000000e+00 
3.8872591e-01 6.0000002e-01 0.0000000e+00 
3.4144861e-01 6.0000002e-01 0.0000000e+00 
2.9085249e-01 6.0000002e-01 0.0000000e+00 
2.3587100e-01 6.0000002e-01 0.0000000e+00 
1.7704900e-01 6.0000002e-01 0.0000000e+00 
1.1803260e-01 6.0000002e-01 0.0000000e+00 
5.9016321e-02 6.0000002e-01 0.0000000e+00 
0.0000000e+00 5.4000002e-01 0.0000000e+00 
0.0000000e+00 4.7999999e-01 0.0000000e+00 
0.0000000e+00 4.1999999e-01 0.0000000e+00 
0.0000000e+00 3.6000001e-01 0.0000000e+00 
0.0000000e+00 3.0000001e-01 0.0000000e+00 
0.0000000e+00 2.3999999e-01 0.0000000e+00 
0.0000000e+00 1.8000001e-01 0.0000000e+00 
0.0000000e+00 1.2000000e-01 0.0000000e+00 
0.0000000e+00 5.9999999e-02 0.0000000e+00 
4.3026751e-01 3.0683401e-01 0.0000000e+00 
8.4908241e-01 5.5269438e-01 0.0000000e+00 
7.8790653e-01 5.1802918e-02 0.0000000e+00 
1.1430219e+00 5.0576471e-02 0.0000000e+00 
1.4415160e+00 5.0573289e-02 0.0000000e+00 
1.6754100e+00 5.5038619e-01 0.0000000e+00 
2.6041579e-01 5.2875768e-02 0.0000000e+00 
9.6895182e-01 5.0380111e-02 0.0000000e+00 
2.6302171e-01 5.5612308e-01 0.0000000e+00 
5.5065349e-02 2.6500449e-01 0.0000000e+00 
1.2615570e+00 5.4759312e-01 0.0000000e+00 
1.0253479e+00 5.4886931e-01 0.0000000e+00 
1.6201590e+00 5.4130111e-02 0.0000000e+00 
1.4979730e+00 5.5115038e-01 0.0000000e+00 
6.7900127e-01 5.5979192e-01 0.0000000e+00 
1.9463980e+00 2.6800990e-01 0.0000000e+00 
6.3145077e-01 3.8099781e-02 0.0000000e+00 
4.1331020e-01 5.6811810e-01 0.0000000e+00 
4.1231820e-01 3.8809739e-02 0.0000000e+00 
5.4410732e-01 5.6000441e-01 0.0000000e+00 
1.7962800e+00 5.9606131e-02 0.0000000e+00 
5.4468262e-01 3.7558820e-02 0.0000000e+00 
4.9130220e-02 3.9247900e-01 0.0000000e+00 
1.9509200e+00 3.8997239e-01 0.0000000e+00 
1.3233820e+00 4.9667731e-02 0.0000000e+00 
1.3821890e+00 5.4839480e-01 0.0000000e+00 
1.1434870e+00 5.4837209e-01 0.0000000e+00 
1.7959980e+00 5.4855859e-01 0.0000000e+00 
4.9401909e-02 1.5067521e-01 0.0000000e+00 
1.4989950e-01 5.5529898e-01 0.0000000e+00 
1.9519399e+00 1.5339760e-01 0.0000000e+00 
1.4754079e-01 5.1025499e-02 0.0000000e+00 
1.9506550e+00 5.1069498e-01 0.0000000e+00 
1.9114760e+00 5.1109631e-02 0.0000000e+00 
4.9216151e-02 5.0927132e-01 0.0000000e+00 
5.8710063e-01 3.6655251e-02 0.0000000e+00 
6.0428280e-01 7.4787550e-02 0.0000000e+00 
6.4929068e-01 7.4443869e-02 0.0000000e+00 
6.2715179e-01 1.0633790e-01 0.0000000e+00 
5.9329480e-01 1.0799770e-01 0.0000000e+00 
6.0949302e-01 1.3488390e-01 0.0000000e+00 
6.4123279e-01 1.3555969e-01 0.0000000e+00 
6.2006623e-01 1.6328260e-01 0.0000000e+00 
6.5316749e-01 1.6381399e-01 0.0000000e+00 
6.3351321e-01 1.8958050e-01 0.0000000e+00 
6.6427898e-01 1.8941709e-01 0.0000000e+00 
6.4933020e-01 2.1180780e-01 0.0000000e+00 
6.7645937e-01 2.1359310e-01 0.0000000e+00 
6.6097301e-01 2.3410480e-01 0.0000000e+00 
6.8796802e-01 2.3757669e-01 0.0000000e+00 
6.7103261e-01 2.5876111e-01 0.0000000e+00 
6.9990993e-01 2.6214910e-01 0.0000000e+00 
6.8101048e-01 2.8387409e-01 0.0000000e+00 
7.1248281e-01 2.8716281e-01 0.0000000e+00 
7.2971261e-01 2.6349890e-01 0.0000000e+00 
7.4486363e-01 2.9076719e-01 0.0000000e+00 
6.9556361e-01 3.0985960e-01 0.0000000e+00 
7.6406652e-01 2.6318431e-01 0.0000000e+00 
7.8114778e-01 2.9619500e-01 0.0000000e+00 
5.5403137e-01 2.5565761e-01 0.0000000e+00 
5.6691158e-01 2.7902979e-01 0.0000000e+00 
8.0246252e-01 2.6402649e-01 0.0000000e+00 
8.2167560e-01 3.0103979e-01 0.0000000e+00 
5.7978672e-01 1.3316999e-01 0.0000000e+00 
6.9627529e-01 1.8651520e-01 0.0000000e+00 
8.4832448e-01 2.6130950e-01 0.0000000e+00 
8.6857778e-01 3.0716091e-01 0.0000000e+00 
6.6883779e-01 3.0851370e-01 0.0000000e+00 
6.8001598e-01 3.3176759e-01 0.0000000e+00 
5.6956083e-01 3.0685109e-01 0.0000000e+00 
8.9643359e-01 2.6652190e-01 0.0000000e+00 
9.1803229e-01 3.1445420e-01 0.0000000e+00 
9.4838840e-01 2.6944679e-01 0.0000000e+00 
9.7196358e-01 3.1528941e-01 0.0000000e+00 
1.0020620e+00 2.7188951e-01 0.0000000e+00 
1.0263140e+00 3.1974381e-01 0.0000000e+00 
1.0557370e+00 2.7577680e-01 0.0000000e+00 
6.5179992e-01 3.3081001e-01 0.0000000e+00 
6.6418201e-01 3.5163379e-01 0.0000000e+00 
6.8745148e-01 3.5866591e-01 0.0000000e+00 
6.4083183e-01 3.5175639e-01 0.0000000e+00 
6.5020132e-01 3.7057751e-01 0.0000000e+00 
6.2925631e-01 3.6861771e-01 0.0000000e+00 
6.3750827e-01 3.8906679e-01 0.0000000e+00 
6.1479098e-01 3.8505989e-01 0.0000000e+00 
6.2451601e-01 4.0700281e-01 0.0000000e+00 
6.0271370e-01 4.0461549e-01 0.0000000e+00 
6.4791143e-01 4.1049060e-01 0.0000000e+00 
6.1149168e-01 4.2533240e-01 0.0000000e+00 
5.8940130e-01 4.2314041e-01 0.0000000e+00 
5.4590571e-01 3.5405469e-01 0.0000000e+00 
5.5933821e-01 3.3214769e-01 0.0000000e+00 
1.0820900e+00 3.2265610e-01 0.0000000e+00 
1.1129040e+00 2.7988619e-01 0.0000000e+00 
1.1385900e+00 3.3131590e-01 0.0000000e+00 
1.1718310e+00 2.8342861e-01 0.0000000e+00 
5.9854919e-01 4.4447681e-01 0.0000000e+00 
5.7566178e-01 4.4153079e-01 0.0000000e+00 
8.0048358e-01 3.3398119e-01 0.0000000e+00 
1.1962050e+00 3.3624330e-01 0.0000000e+00 
1.2286429e+00 2.8668931e-01 0.0000000e+00 
1.2540359e+00 3.3862561e-01 0.0000000e+00 
1.2863950e+00 2.8994620e-01 0.0000000e+00 
6.1140192e-01 1.8628950e-01 0.0000000e+00 
1.3121480e+00 3.4238011e-01 0.0000000e+00 
1.3446890e+00 2.9366851e-01 0.0000000e+00 
1.3705840e+00 3.4558439e-01 0.0000000e+00 
1.4032860e+00 2.9774809e-01 0.0000000e+00 
6.4617378e-01 3.0788270e-01 0.0000000e+00 
1.4291511e+00 3.4956750e-01 0.0000000e+00 
1.4618640e+00 3.0163100e-01 0.0000000e+00 
1.4877310e+00 3.5457411e-01 0.0000000e+00 
1.5206050e+00 3.0603161e-01 0.0000000e+00 
1.5464530e+00 3.5889450e-01 0.0000000e+00 
1.5793800e+00 3.1008351e-01 0.0000000e+00 
5.6763572e-01 4.1851109e-01 0.0000000e+00 
5.5408603e-01 4.3793961e-01 0.0000000e+00 
5.2029008e-01 3.6688760e-01 0.0000000e+00 
9.4794089e-01 3.6647639e-01 0.0000000e+00 
8.7384099e-01 2.2074890e-01 0.0000000e+00 
6.3348472e-01 2.3041780e-01 0.0000000e+00 
7.8118002e-01 2.2578520e-01 0.0000000e+00 
1.6052290e+00 3.6304700e-01 0.0000000e+00 
1.6382140e+00 3.1413361e-01 0.0000000e+00 
1.6641290e+00 3.6722910e-01 0.0000000e+00 
1.6971480e+00 3.1819481e-01 0.0000000e+00 
1.6712240e+00 2.6505721e-01 0.0000000e+00 
1.7302210e+00 2.6912081e-01 0.0000000e+00 
1.5534170e+00 2.5684619e-01 0.0000000e+00 
6.7181969e-01 1.4093800e-01 0.0000000e+00 
5.8596748e-01 4.6394360e-01 0.0000000e+00 
1.7230920e+00 3.7133509e-01 0.0000000e+00 
1.3771909e+00 2.4454120e-01 0.0000000e+00 
6.2249678e-01 4.4700289e-01 0.0000000e+00 
1.2033920e+00 2.3449400e-01 0.0000000e+00 
1.0287880e+00 2.3015590e-01 0.0000000e+00 
5.4669750e-01 4.1895449e-01 0.0000000e+00 
5.3373671e-01 4.3515179e-01 0.0000000e+00 
5.4073101e-01 4.5481020e-01 0.0000000e+00 
5.1996583e-01 4.5137540e-01 0.0000000e+00 
5.1387292e-01 4.2921981e-01 0.0000000e+00 
4.9935541e-01 4.4742331e-01 0.0000000e+00 
4.5565760e-01 3.5403141e-01 0.0000000e+00 
4.9349809e-01 4.2846820e-01 0.0000000e+00 
4.7935709e-01 4.4358870e-01 0.0000000e+00 
4.7970989e-01 3.6688760e-01 0.0000000e+00 
4.8592600e-01 4.6396780e-01 0.0000000e+00 
4.6443069e-01 4.5930001e-01 0.0000000e+00 
4.5825541e-01 4.3536639e-01 0.0000000e+00 
4.4286779e-01 4.5335940e-01 0.0000000e+00 
4.3592349e-01 4.3169260e-01 0.0000000e+00 
4.2123440e-01 4.4813421e-01 0.0000000e+00 
4.1462469e-01 4.2622849e-01 0.0000000e+00 
4.3825611e-01 3.3387709e-01 0.0000000e+00 
3.9864141e-01 4.4291711e-01 0.0000000e+00 
3.9200109e-01 4.1997111e-01 0.0000000e+00 
3.7504819e-01 4.3754801e-01 0.0000000e+00 
3.6926591e-01 4.1456231e-01 0.0000000e+00 
3.5052001e-01 4.3156540e-01 0.0000000e+00 
3.4640020e-01 4.0321410e-01 0.0000000e+00 
3.2338160e-01 4.2558259e-01 0.0000000e+00 
3.1625420e-01 3.9745620e-01 0.0000000e+00 
3.3599329e-01 3.7658459e-01 0.0000000e+00 
3.0888751e-01 3.6996761e-01 0.0000000e+00 
3.2846531e-01 3.5015899e-01 0.0000000e+00 
3.0453789e-01 3.4228960e-01 0.0000000e+00 
3.2241219e-01 3.2376000e-01 0.0000000e+00 
2.9612821e-01 3.1610900e-01 0.0000000e+00 
3.1577420e-01 2.9729351e-01 0.0000000e+00 
2.8885421e-01 2.8886101e-01 0.0000000e+00 
3.0968001e-01 2.6928011e-01 0.0000000e+00 
2.8137040e-01 2.6060769e-01 0.0000000e+00 
2.8570160e-01 3.8790971e-01 0.0000000e+00 
3.0315241e-01 2.4067999e-01 0.0000000e+00 
3.3230671e-01 2.5245121e-01 0.0000000e+00 
3.2487640e-01 2.2290690e-01 0.0000000e+00 
3.5372531e-01 2.3027760e-01 0.0000000e+00 
4.3461740e-01 2.7961159e-01 0.0000000e+00 
3.4512779e-01 2.0528039e-01 0.0000000e+00 
3.6950600e-01 2.1069451e-01 0.0000000e+00 
2.6638910e-01 3.1392881e-01 0.0000000e+00 
2.7405229e-01 2.3109850e-01 0.0000000e+00 
3.6342499e-01 1.8842390e-01 0.0000000e+00 
3.8558939e-01 1.9589300e-01 0.0000000e+00 
4.4520050e-01 2.5469631e-01 0.0000000e+00 
3.8103029e-01 1.7263541e-01 0.0000000e+00 
4.0200421e-01 1.8057050e-01 0.0000000e+00 
4.9249741e-01 2.2787590e-01 0.0000000e+00 
4.6605590e-01 2.3826469e-01 0.0000000e+00 
3.3931601e-01 1.7988220e-01 0.0000000e+00 
3.8745371e-01 3.9799151e-01 0.0000000e+00 
3.5741779e-01 2.5419459e-01 0.0000000e+00 
3.5627639e-01 4.5751181e-01 0.0000000e+00 
3.4765261e-01 3.3191890e-01 0.0000000e+00 
3.9811629e-01 1.5518570e-01 0.0000000e+00 
4.2193061e-01 1.6662900e-01 0.0000000e+00 
3.7476501e-01 1.4610679e-01 0.0000000e+00 
3.9139041e-01 2.1633980e-01 0.0000000e+00 
2.5018540e-01 2.5338060e-01 0.0000000e+00 
2.4227400e-01 2.1673180e-01 0.0000000e+00 
2.1296521e-01 2.4632980e-01 0.0000000e+00 
2.0310380e-01 2.0643540e-01 0.0000000e+00 
4.7074649e-01 4.8204380e-01 0.0000000e+00 
4.9385741e-01 4.8678511e-01 0.0000000e+00 
4.1766569e-01 1.3875820e-01 0.0000000e+00 
4.3951231e-01 1.4885530e-01 0.0000000e+00 
4.4284999e-01 1.6929220e-01 0.0000000e+00 
4.6074921e-01 1.5907930e-01 0.0000000e+00 
4.5701310e-01 1.3411739e-01 0.0000000e+00 
4.7804150e-01 1.4308280e-01 0.0000000e+00 
4.8207700e-01 1.6432039e-01 0.0000000e+00 
5.2000839e-01 2.3249920e-01 0.0000000e+00 
4.7522539e-01 1.1890660e-01 0.0000000e+00 
4.9824399e-01 1.5124670e-01 0.0000000e+00 
5.0239080e-01 1.7379840e-01 0.0000000e+00 
4.0624869e-01 4.6688080e-01 0.0000000e+00 
4.2919409e-01 4.1243970e-01 0.0000000e+00 
6.2043011e-01 3.4884781e-01 0.0000000e+00 
1.7042540e+00 2.1590130e-01 0.0000000e+00 
1.7632940e+00 2.2000070e-01 0.0000000e+00 
5.9477502e-01 3.8850871e-01 0.0000000e+00 
1.1047130e+00 3.7971979e-01 0.0000000e+00 
5.5632508e-01 4.0331629e-01 0.0000000e+00 
5.1673311e-01 1.5979400e-01 0.0000000e+00 
5.1686460e-01 1.3875850e-01 0.0000000e+00 
5.2089018e-01 1.7866670e-01 0.0000000e+00 
2.3531640e-01 1.7608330e-01 0.0000000e+00 
4.8605490e-01 1.8340071e-01 0.0000000e+00 
1.2225550e+00 3.8796490e-01 0.0000000e+00 
1.7893510e+00 2.7321759e-01 0.0000000e+00 
5.0436419e-01 4.1349870e-01 0.0000000e+00 
4.8793069e-01 4.1161671e-01 0.0000000e+00 
1.3432890e+00 3.9487341e-01 0.0000000e+00 
4.9844569e-01 3.9902619e-01 0.0000000e+00 
5.1288861e-01 4.0051869e-01 0.0000000e+00 
4.7826111e-01 5.0721961e-01 0.0000000e+00 
1.5723439e+00 4.1086179e-01 0.0000000e+00 
5.6928509e-01 1.1216540e-01 0.0000000e+00 
5.3438342e-01 1.6713411e-01 0.0000000e+00 
5.3660733e-01 1.8530799e-01 0.0000000e+00 
5.5097228e-01 1.7492341e-01 0.0000000e+00 
5.5329382e-01 1.9238080e-01 0.0000000e+00 
1.4477730e+00 4.0997440e-01 0.0000000e+00 
1.7183121e-01 2.3577370e-01 0.0000000e+00 
1.8385801e-01 2.7833050e-01 0.0000000e+00 
4.5149651e-01 1.1040960e-01 0.0000000e+00 
4.7247219e-01 9.1955133e-02 0.0000000e+00 
1.9255680e-01 1.6331930e-01 0.0000000e+00 
4.5135620e-01 5.0161749e-01 0.0000000e+00 
1.8225530e+00 2.2401039e-01 0.0000000e+00 
5.2494282e-01 1.9506520e-01 0.0000000e+00 
1.7372680e+00 1.6678140e-01 0.0000000e+00 
1.6782570e+00 1.6271511e-01 0.0000000e+00 
1.6900350e+00 4.2038351e-01 0.0000000e+00 
1.7490560e+00 4.2454061e-01 0.0000000e+00 
4.8329440e-01 3.9614201e-01 0.0000000e+00 
4.7259709e-01 4.0761891e-01 0.0000000e+00 
4.6829471e-01 3.9267531e-01 0.0000000e+00 
1.7821480e+00 3.7544200e-01 0.0000000e+00 
1.8081650e+00 4.2873210e-01 0.0000000e+00 
5.6767190e-01 1.8248910e-01 0.0000000e+00 
5.6965590e-01 1.9964610e-01 0.0000000e+00 
5.5310482e-01 2.0997940e-01 0.0000000e+00 
5.7153863e-01 2.1648981e-01 0.0000000e+00 
5.5832732e-01 2.2570750e-01 0.0000000e+00 
5.7294083e-01 2.3188220e-01 0.0000000e+00 
5.8571517e-01 2.2277141e-01 0.0000000e+00 
5.8722973e-01 2.3849240e-01 0.0000000e+00 
2.2661661e-01 1.3415439e-01 0.0000000e+00 
2.6798990e-01 1.4730521e-01 0.0000000e+00 
1.7105891e+00 1.1396340e-01 0.0000000e+00 
5.9993339e-01 2.2935030e-01 0.0000000e+00 
6.0129720e-01 2.4530940e-01 0.0000000e+00 
5.8868867e-01 2.5420901e-01 0.0000000e+00 
6.0235012e-01 2.6110700e-01 0.0000000e+00 
1.8387530e+00 3.7525591e-01 0.0000000e+00 
5.4489303e-01 2.2099259e-01 0.0000000e+00 
4.5784310e-01 5.2955812e-01 0.0000000e+00 
5.1062381e-01 5.1103139e-01 0.0000000e+00 
4.9833831e-01 1.0296860e-01 0.0000000e+00 
1.8639690e+00 4.2541769e-01 0.0000000e+00 
4.9523690e-01 7.3985048e-02 0.0000000e+00 
1.3844220e-01 2.6736441e-01 0.0000000e+00 
1.5088230e-01 3.1097111e-01 0.0000000e+00 
1.2641050e-01 2.2494370e-01 0.0000000e+00 
2.0287590e-01 3.2045639e-01 0.0000000e+00 
1.6756350e-01 3.5410741e-01 0.0000000e+00 
2.1099889e-01 3.6507410e-01 0.0000000e+00 
1.8053800e-01 3.9719370e-01 0.0000000e+00 
2.2913329e-01 4.0715241e-01 0.0000000e+00 
1.9421770e-01 4.3993911e-01 0.0000000e+00 
2.3865750e-01 4.5007020e-01 0.0000000e+00 
1.4811151e-01 4.3034700e-01 0.0000000e+00 
5.9036589e-01 2.6973200e-01 0.0000000e+00 
6.0372931e-01 2.7649191e-01 0.0000000e+00 
6.1619169e-01 2.6624000e-01 0.0000000e+00 
5.9138829e-01 2.8492469e-01 0.0000000e+00 
6.0468042e-01 2.9163459e-01 0.0000000e+00 
1.8453060e+00 2.7996099e-01 0.0000000e+00 
2.0954210e-01 4.8537201e-01 0.0000000e+00 
4.6530190e-01 6.3733928e-02 0.0000000e+00 
5.9247959e-01 2.9992181e-01 0.0000000e+00 
6.0560697e-01 3.0666059e-01 0.0000000e+00 
5.9351093e-01 3.1494951e-01 0.0000000e+00 
6.0633099e-01 3.2174519e-01 0.0000000e+00 
5.9430778e-01 3.2937449e-01 0.0000000e+00 
4.9347320e-01 3.8454881e-01 0.0000000e+00 
5.5062449e-01 1.5674770e-01 0.0000000e+00 
4.5774269e-01 4.0380031e-01 0.0000000e+00 
4.5300320e-01 3.8926181e-01 0.0000000e+00 
5.2078158e-01 8.5589677e-02 0.0000000e+00 
5.2809721e-01 4.7261381e-01 0.0000000e+00 
5.4998982e-01 4.7740239e-01 0.0000000e+00 
1.1647230e-01 3.4303319e-01 0.0000000e+00 
5.4025501e-01 4.0216339e-01 0.0000000e+00 
5.4931629e-01 3.8893181e-01 0.0000000e+00 
5.6429678e-01 3.8917771e-01 0.0000000e+00 
5.5815691e-01 3.7613159e-01 0.0000000e+00 
5.3233409e-01 3.8730109e-01 0.0000000e+00 
6.1810511e-01 2.9840681e-01 0.0000000e+00 
5.4633558e-01 2.3408321e-01 0.0000000e+00 
1.7233150e+00 4.7115931e-01 0.0000000e+00 
1.6544410e+00 4.6960419e-01 0.0000000e+00 
5.9817278e-01 2.1342160e-01 0.0000000e+00 
5.7312608e-01 3.7630349e-01 0.0000000e+00 
5.6664068e-01 3.6344349e-01 0.0000000e+00 
5.8089459e-01 3.6333910e-01 0.0000000e+00 
5.7436389e-01 3.5058859e-01 0.0000000e+00 
5.8890998e-01 3.5140380e-01 0.0000000e+00 
5.9597099e-01 3.6360300e-01 0.0000000e+00 
1.8871840e+00 2.3216370e-01 0.0000000e+00 
1.8613670e+00 1.6699770e-01 0.0000000e+00 
5.8043772e-01 3.2325599e-01 0.0000000e+00 
1.8341640e-01 1.2044960e-01 0.0000000e+00 
1.4539170e-01 1.4803199e-01 0.0000000e+00 
5.2981251e-01 4.1606659e-01 0.0000000e+00 
6.3278657e-01 3.2098520e-01 0.0000000e+00 
4.9883649e-01 1.9035070e-01 0.0000000e+00 
4.8866749e-01 1.9995619e-01 0.0000000e+00 
4.7372600e-01 1.9428051e-01 0.0000000e+00 
4.7687241e-01 2.0988560e-01 0.0000000e+00 
4.6230760e-01 2.0519090e-01 0.0000000e+00 
5.0175709e-01 2.0284539e-01 0.0000000e+00 
3.7420979e-01 2.4249861e-01 0.0000000e+00 
3.7680081e-01 2.5999850e-01 0.0000000e+00 
3.6377189e-01 2.7359021e-01 0.0000000e+00 
3.8147151e-01 2.7786380e-01 0.0000000e+00 
3.9390230e-01 2.6630861e-01 0.0000000e+00 
3.9790910e-01 2.8215069e-01 0.0000000e+00 
3.8660839e-01 2.9399589e-01 0.0000000e+00 
4.0266559e-01 2.9749459e-01 0.0000000e+00 
3.9230630e-01 3.0959940e-01 0.0000000e+00 
3.7539089e-01 3.0645579e-01 0.0000000e+00 
3.8165531e-01 3.2178041e-01 0.0000000e+00 
3.9764741e-01 3.2483751e-01 0.0000000e+00 
3.8738471e-01 3.3702531e-01 0.0000000e+00 
4.0318671e-01 3.3988059e-01 0.0000000e+00 
3.9298999e-01 3.5206911e-01 0.0000000e+00 
4.0884519e-01 3.5489669e-01 0.0000000e+00 
3.7592891e-01 3.5095471e-01 0.0000000e+00 
4.1221961e-01 3.2815641e-01 0.0000000e+00 
4.0885890e-01 2.7070051e-01 0.0000000e+00 
4.0606499e-01 2.5576550e-01 0.0000000e+00 
4.2036530e-01 2.6073930e-01 0.0000000e+00 
4.1758421e-01 2.4588020e-01 0.0000000e+00 
3.9879280e-01 3.6719501e-01 0.0000000e+00 
4.1457930e-01 3.6959961e-01 0.0000000e+00 
4.2435291e-01 3.5784501e-01 0.0000000e+00 
4.3005049e-01 3.7181091e-01 0.0000000e+00 
4.2064139e-01 3.8399899e-01 0.0000000e+00 
4.0332180e-01 2.4100940e-01 0.0000000e+00 
4.1523230e-01 2.3128320e-01 0.0000000e+00 
4.2901969e-01 2.3581611e-01 0.0000000e+00 
4.2680249e-01 2.2116630e-01 0.0000000e+00 
4.4072181e-01 2.2622180e-01 0.0000000e+00 
4.3834931e-01 2.1132030e-01 0.0000000e+00 
4.2324290e-01 2.0628519e-01 0.0000000e+00 
5.7600939e-01 2.6372889e-01 0.0000000e+00 
4.6461701e-01 3.7602729e-01 0.0000000e+00 
4.4586849e-01 3.4520641e-01 0.0000000e+00 
1.8224460e+00 4.8960349e-01 0.0000000e+00 
4.3567330e-01 1.9562960e-01 0.0000000e+00 
5.9315038e-01 1.5660501e-01 0.0000000e+00 
4.5945361e-01 1.9019520e-01 0.0000000e+00 
6.2804931e-01 2.1075760e-01 0.0000000e+00 
4.4690049e-01 3.7500271e-01 0.0000000e+00 
4.3590689e-01 2.6693821e-01 0.0000000e+00 
4.5538360e-01 2.4537770e-01 0.0000000e+00 
5.3253782e-01 3.6093631e-01 0.0000000e+00 
5.0687999e-01 3.7203360e-01 0.0000000e+00 
5.5479759e-01 3.4289679e-01 0.0000000e+00 
4.7859880e-01 2.3292100e-01 0.0000000e+00 
5.6951690e-01 2.9091081e-01 0.0000000e+00 
4.3251589e-01 3.2153201e-01 0.0000000e+00 
2.5864059e-01 4.9322551e-01 0.0000000e+00 
2.8119770e-01 4.6436489e-01 0.0000000e+00 
2.9712620e-01 4.9769270e-01 0.0000000e+00 
5.0679362e-01 2.2942559e-01 0.0000000e+00 
5.1640040e-01 2.1935740e-01 0.0000000e+00 
6.5671778e-01 2.8741741e-01 0.0000000e+00 
6.4681822e-01 2.6546481e-01 0.0000000e+00 
2.6161829e-01 1.0442510e-01 0.0000000e+00 
2.9914159e-01 1.2133270e-01 0.0000000e+00 
5.3835911e-01 2.0090669e-01 0.0000000e+00 
4.1076070e-01 4.0288219e-01 0.0000000e+00 
4.2847160e-01 2.9058349e-01 0.0000000e+00 
5.8385968e-01 4.0419951e-01 0.0000000e+00 
4.6758640e-01 2.2237021e-01 0.0000000e+00 
1.7680900e+00 1.1666990e-01 0.0000000e+00 
4.6705061e-01 3.6164391e-01 0.0000000e+00 
4.2953780e-01 5.2015013e-01 0.0000000e+00 
3.4222049e-01 3.0633521e-01 0.0000000e+00 
3.3303869e-01 2.8045291e-01 0.0000000e+00 
5.3547281e-01 4.9663380e-01 0.0000000e+00 
5.6233060e-01 5.0093198e-01 0.0000000e+00 
3.5305610e-01 3.5562491e-01 0.0000000e+00 
3.6326250e-01 3.7681499e-01 0.0000000e+00 
5.8255208e-01 1.8968870e-01 0.0000000e+00 
5.6585908e-01 6.7596443e-02 0.0000000e+00 
3.1423870e-01 5.6071562e-01 0.0000000e+00 
3.6825681e-01 5.5769640e-01 0.0000000e+00 
1.6511329e+00 1.0926090e-01 0.0000000e+00 
1.6192470e+00 1.5863900e-01 0.0000000e+00 
3.1425080e-01 3.9930049e-02 0.0000000e+00 
3.1129351e-01 1.6085930e-01 0.0000000e+00 
3.3299991e-01 1.3328290e-01 0.0000000e+00 
3.3072019e-01 1.0009960e-01 0.0000000e+00 
2.7850899e-01 1.8997809e-01 0.0000000e+00 
3.6250210e-01 1.1719080e-01 0.0000000e+00 
3.6242679e-01 7.9823360e-02 0.0000000e+00 
3.9215559e-01 9.3917303e-02 0.0000000e+00 
6.7704421e-01 3.9422091e-02 0.0000000e+00 
6.9158012e-01 7.9496212e-02 0.0000000e+00 
7.2696608e-01 4.4044841e-02 0.0000000e+00 
7.3696113e-01 9.5335990e-02 0.0000000e+00 
7.9171729e-01 1.0606610e-01 0.0000000e+00 
7.5707722e-01 1.3865989e-01 0.0000000e+00 
8.0465728e-01 1.5881000e-01 0.0000000e+00 
8.4009641e-01 1.2030350e-01 0.0000000e+00 
8.5441029e-01 1.6780110e-01 0.0000000e+00 
8.9020813e-01 1.3047090e-01 0.0000000e+00 
8.7580758e-01 8.5384279e-02 0.0000000e+00 
6.3392729e-01 5.6027758e-01 0.0000000e+00 
6.5490252e-01 5.2222651e-01 0.0000000e+00 
6.9785458e-01 5.2009457e-01 0.0000000e+00 
6.6947389e-01 4.8214740e-01 0.0000000e+00 
7.1400052e-01 4.7928271e-01 0.0000000e+00 
7.3890662e-01 5.1415598e-01 0.0000000e+00 
7.5538421e-01 4.7427329e-01 0.0000000e+00 
7.3060858e-01 4.4053549e-01 0.0000000e+00 
7.7131832e-01 4.3481070e-01 0.0000000e+00 
7.4432129e-01 4.0371630e-01 0.0000000e+00 
7.9942912e-01 4.6868020e-01 0.0000000e+00 
8.1664360e-01 4.2528069e-01 0.0000000e+00 
8.4675127e-01 4.6303490e-01 0.0000000e+00 
7.0795268e-01 4.1132101e-01 0.0000000e+00 
8.6556101e-01 4.1526449e-01 0.0000000e+00 
9.0177119e-01 4.5578691e-01 0.0000000e+00 
6.1436248e-01 5.2457899e-01 0.0000000e+00 
5.9010911e-01 5.6233871e-01 0.0000000e+00 
6.8740159e-01 4.4485721e-01 0.0000000e+00 
6.3075930e-01 4.9217081e-01 0.0000000e+00 
8.2390177e-01 3.7696400e-01 0.0000000e+00 
6.5760958e-01 4.5251140e-01 0.0000000e+00 
8.8201141e-01 3.6469159e-01 0.0000000e+00 
7.1646827e-01 3.7200019e-01 0.0000000e+00 
7.5293612e-01 3.6630341e-01 0.0000000e+00 
7.3172802e-01 3.4158540e-01 0.0000000e+00 
4.3641081e-01 3.8625911e-01 0.0000000e+00 
3.3307719e-01 5.1888418e-01 0.0000000e+00 
3.7808201e-01 5.1874483e-01 0.0000000e+00 
4.1757399e-01 3.4319299e-01 0.0000000e+00 
4.0734050e-01 3.1263331e-01 0.0000000e+00 
4.8661929e-01 4.2812102e-02 0.0000000e+00 
7.2056448e-01 1.3380709e-01 0.0000000e+00 
7.2885102e-01 1.7120270e-01 0.0000000e+00 
7.6764971e-01 1.8236589e-01 0.0000000e+00 
7.3844647e-01 2.0840840e-01 0.0000000e+00 
3.2383901e-01 4.7502699e-01 0.0000000e+00 
2.0299730e-01 4.5617640e-02 0.0000000e+00 
5.8970161e-02 3.3410329e-01 0.0000000e+00 
2.0689000e-01 5.5709481e-01 0.0000000e+00 
4.1305149e-01 2.8573561e-01 0.0000000e+00 
7.8471351e-01 5.4944623e-01 0.0000000e+00 
5.7445318e-01 2.4704580e-01 0.0000000e+00 
4.8197981e-02 2.0613991e-01 0.0000000e+00 
2.9774281e-01 8.0907270e-02 0.0000000e+00 
5.0055778e-01 5.6669247e-01 0.0000000e+00 
5.6139982e-01 2.6632291e-01 0.0000000e+00 
1.6788280e+00 5.7307512e-02 0.0000000e+00 
5.1920211e-01 3.7999329e-01 0.0000000e+00 
5.3287011e-01 2.3837809e-01 0.0000000e+00 
4.9314889e-01 3.6956069e-01 0.0000000e+00 
5.4427528e-01 3.7591609e-01 0.0000000e+00 
7.8244883e-01 3.9527819e-01 0.0000000e+00 
3.6446571e-01 4.0250320e-02 0.0000000e+00 
4.4162789e-01 3.5938531e-01 0.0000000e+00 
6.3632941e-01 2.8842619e-01 0.0000000e+00 
4.9067271e-01 2.1312010e-01 0.0000000e+00 
9.0754151e-01 5.5067050e-01 0.0000000e+00 
9.6624529e-01 5.4957891e-01 0.0000000e+00 
9.9525559e-01 4.9868581e-01 0.0000000e+00 
1.0540251e+00 4.9801311e-01 0.0000000e+00 
1.0243800e+00 4.4818369e-01 0.0000000e+00 
1.0813180e+00 4.4429299e-01 0.0000000e+00 
9.6050638e-01 4.4521841e-01 0.0000000e+00 
9.9237692e-01 4.0150511e-01 0.0000000e+00 
9.3534291e-01 5.0050128e-01 0.0000000e+00 
1.1123620e+00 4.9683940e-01 0.0000000e+00 
1.1383430e+00 4.4216970e-01 0.0000000e+00 
5.4218680e-01 5.2327639e-01 0.0000000e+00 
4.9454380e-02 4.5007420e-01 0.0000000e+00 
1.0217610e-01 4.7936839e-01 0.0000000e+00 
2.2542991e-01 2.8165141e-01 0.0000000e+00 
3.9299640e-01 1.2565491e-01 0.0000000e+00 
4.2287391e-01 1.0849530e-01 0.0000000e+00 
4.1702661e-01 7.4225321e-02 0.0000000e+00 
4.2317891e-01 4.9126241e-01 0.0000000e+00 
3.6435950e-01 3.1840631e-01 0.0000000e+00 
5.9271669e-01 4.9394491e-01 0.0000000e+00 
4.5279789e-01 2.1705380e-01 0.0000000e+00 
1.1707489e+00 4.9572700e-01 0.0000000e+00 
1.1967220e+00 4.4262701e-01 0.0000000e+00 
1.2286400e+00 4.9457431e-01 0.0000000e+00 
1.2569320e+00 4.4329810e-01 0.0000000e+00 
1.2887410e+00 4.9415389e-01 0.0000000e+00 
4.9704749e-02 9.0376601e-02 0.0000000e+00 
1.1661880e+00 3.8667339e-01 0.0000000e+00 
1.0448740e+00 3.9727730e-01 0.0000000e+00 
1.3219531e+00 5.4748261e-01 0.0000000e+00 
1.3566051e+00 4.9475339e-01 0.0000000e+00 
1.4128619e+00 5.0170678e-01 0.0000000e+00 
1.3878731e+00 4.4357020e-01 0.0000000e+00 
2.6875430e-01 4.3074101e-01 0.0000000e+00 
4.1746351e-01 3.0108821e-01 0.0000000e+00 
4.7450441e-01 4.2571831e-01 0.0000000e+00 
4.0593800e-01 2.0075510e-01 0.0000000e+00 
4.4167551e-01 4.0079829e-01 0.0000000e+00 
1.9512080e+00 4.5117629e-01 0.0000000e+00 
1.0262311e+00 5.1109631e-02 0.0000000e+00 
9.9738371e-01 1.0181700e-01 0.0000000e+00 
1.0553030e+00 1.0176790e-01 0.0000000e+00 
1.0273110e+00 1.4739220e-01 0.0000000e+00 
1.0855290e+00 1.4977370e-01 0.0000000e+00 
9.7062862e-01 1.4721170e-01 0.0000000e+00 
9.3508059e-01 1.0148260e-01 0.0000000e+00 
1.1133560e+00 1.0215650e-01 0.0000000e+00 
1.1446090e+00 1.4514109e-01 0.0000000e+00 
1.1160710e+00 1.9391710e-01 0.0000000e+00 
1.2018321e+00 5.4771107e-01 0.0000000e+00 
1.9480680e+00 2.1005040e-01 0.0000000e+00 
1.0842860e+00 5.4868227e-01 0.0000000e+00 
1.9480680e+00 3.2994959e-01 0.0000000e+00 
1.5904510e+00 1.0452840e-01 0.0000000e+00 
1.5598950e+00 1.5443350e-01 0.0000000e+00 
1.5304790e+00 1.0186320e-01 0.0000000e+00 
1.5007280e+00 1.5119410e-01 0.0000000e+00 
1.5273950e+00 2.0345390e-01 0.0000000e+00 
1.4685169e+00 1.9967620e-01 0.0000000e+00 
1.4425830e+00 1.4740349e-01 0.0000000e+00 
1.4098901e+00 1.9577309e-01 0.0000000e+00 
1.3839140e+00 1.4338671e-01 0.0000000e+00 
1.3511680e+00 1.9153769e-01 0.0000000e+00 
1.3252350e+00 1.3926670e-01 0.0000000e+00 
1.2926320e+00 1.8772170e-01 0.0000000e+00 
1.2666039e+00 1.3634580e-01 0.0000000e+00 
1.2355460e+00 1.8558609e-01 0.0000000e+00 
1.2059170e+00 1.3905290e-01 0.0000000e+00 
1.2347410e+00 9.3928657e-02 0.0000000e+00 
1.3187660e+00 2.4091680e-01 0.0000000e+00 
1.4945120e+00 2.5244480e-01 0.0000000e+00 
1.5862570e+00 2.0772290e-01 0.0000000e+00 
5.5948251e-01 2.4233980e-01 0.0000000e+00 
1.5573130e+00 5.4926682e-01 0.0000000e+00 
1.5215520e+00 5.0207931e-01 0.0000000e+00 
1.5906490e+00 4.9784341e-01 0.0000000e+00 
1.3832541e+00 4.9608339e-02 0.0000000e+00 
1.5002331e+00 5.0511628e-02 0.0000000e+00 
1.7345819e+00 5.5134553e-01 0.0000000e+00 
1.6170100e+00 5.5189037e-01 0.0000000e+00 
1.6308481e+00 4.1378099e-01 0.0000000e+00 
1.7733830e+00 4.6653220e-01 0.0000000e+00 
1.8566350e+00 5.4165798e-01 0.0000000e+00 
1.5124860e+00 4.0674630e-01 0.0000000e+00 
1.4853560e+00 4.5626420e-01 0.0000000e+00 
1.6452560e+00 2.1187560e-01 0.0000000e+00 
1.7967290e+00 1.6947480e-01 0.0000000e+00 
1.8955210e+00 4.8443690e-01 0.0000000e+00 
2.4952111e-01 3.7534630e-01 0.0000000e+00 
2.4015559e-01 3.3920720e-01 0.0000000e+00 
1.6122910e+00 2.6095319e-01 0.0000000e+00 
1.8537400e+00 5.5921540e-02 0.0000000e+00 
1.8819669e+00 1.0242500e-01 0.0000000e+00 
9.5119797e-02 1.2153590e-01 0.0000000e+00 
1.0847340e+00 5.0935078e-02 0.0000000e+00 
1.7562060e+00 3.2229191e-01 0.0000000e+00 
1.4358770e+00 2.4863569e-01 0.0000000e+00 
4.3159389e-01 2.5088599e-01 0.0000000e+00 
4.7994119e-01 3.8120639e-01 0.0000000e+00 
1.8123610e+00 3.2570100e-01 0.0000000e+00 
6.1470199e-01 2.3820160e-01 0.0000000e+00 
6.2837660e-01 2.5279269e-01 0.0000000e+00 
5.6644672e-01 3.2120070e-01 0.0000000e+00 
4.0343639e-01 3.8359720e-01 0.0000000e+00 
1.2608960e+00 2.3755901e-01 0.0000000e+00 
9.7383392e-01 2.2759880e-01 0.0000000e+00 
1.8966711e+00 3.6694610e-01 0.0000000e+00 
1.2852859e+00 3.9278471e-01 0.0000000e+00 
4.4754091e-01 4.1694289e-01 0.0000000e+00 
5.1814729e-01 1.1434720e-01 0.0000000e+00 
9.8089732e-02 2.9848260e-01 0.0000000e+00 
8.7650722e-01 5.0584209e-01 0.0000000e+00 
7.2722268e-01 5.5884892e-01 0.0000000e+00 
9.1900879e-01 4.0950510e-01 0.0000000e+00 
6.0669678e-01 3.3687809e-01 0.0000000e+00 
9.2257088e-01 2.2499460e-01 0.0000000e+00 
1.8270659e+00 1.1701130e-01 0.0000000e+00 
3.9101499e-01 2.5043941e-01 0.0000000e+00 
3.0026230e-01 2.1632680e-01 0.0000000e+00 
5.8418620e-01 3.3934349e-01 0.0000000e+00 
1.5593460e+00 5.1838879e-02 0.0000000e+00 
4.5547140e-01 5.6772357e-01 0.0000000e+00 
9.7268373e-02 1.8144910e-01 0.0000000e+00 
9.3618453e-02 5.9398320e-02 0.0000000e+00 
9.5946752e-02 4.1991970e-01 0.0000000e+00 
1.5493150e-01 4.8253620e-01 0.0000000e+00 
5.3141659e-01 2.2366489e-01 0.0000000e+00 
4.6951711e-01 1.7694290e-01 0.0000000e+00 
1.3219830e+00 4.4809279e-01 0.0000000e+00 
6.1860532e-01 2.8225860e-01 0.0000000e+00 
9.2647932e-02 5.4469162e-01 0.0000000e+00 
3.6105269e-01 4.8700431e-01 0.0000000e+00 
1.4393450e+00 5.5213040e-01 0.0000000e+00 
1.9442101e+00 9.5342271e-02 0.0000000e+00 
9.0059137e-01 1.7995150e-01 0.0000000e+00 
8.2735151e-01 2.0720319e-01 0.0000000e+00 
6.6251612e-01 1.0677520e-01 0.0000000e+00 
6.7604911e-01 4.1622579e-01 0.0000000e+00 
6.8501538e-01 3.8669550e-01 0.0000000e+00 
3.6920869e-01 2.9070961e-01 0.0000000e+00 
4.5409241e-01 2.3146330e-01 0.0000000e+00 
6.1867392e-01 3.1358370e-01 0.0000000e+00 
1.9131620e+00 5.4997718e-01 0.0000000e+00 
4.2027211e-01 1.8849210e-01 0.0000000e+00 
1.9003210e+00 2.9999799e-01 0.0000000e+00 
5.5434358e-01 1.3134070e-01 0.0000000e+00 
1.4729370e+00 1.0059040e-01 0.0000000e+00 
4.4868380e-01 4.7589070e-01 0.0000000e+00 
1.7371070e+00 5.7924490e-02 0.0000000e+00 
1.6196249e-01 1.9384970e-01 0.0000000e+00 
2.7876011e-01 3.4925121e-01 0.0000000e+00 
5.6304562e-01 4.5950639e-01 0.0000000e+00 
6.0384172e-01 3.5119170e-01 0.0000000e+00 
5.7530987e-01 5.2873927e-01 0.0000000e+00 
1.3667960e-01 3.8707560e-01 0.0000000e+00 
4.9747679e-01 1.2821840e-01 0.0000000e+00 
1.1983300e+00 4.8251878e-02 0.0000000e+00 
7.5970978e-01 3.2726541e-01 0.0000000e+00 
8.1999791e-01 5.1075947e-01 0.0000000e+00 
1.3957340e+00 3.8871399e-01 0.0000000e+00 
3.8881221e-01 2.3447470e-01 0.0000000e+00 
5.2596432e-01 2.0954940e-01 0.0000000e+00 
1.4149910e+00 9.8922051e-02 0.0000000e+00 
3.1656411e-01 1.9587231e-01 0.0000000e+00 
4.3203679e-01 3.4525600e-01 0.0000000e+00 
5.0832897e-01 3.8785461e-01 0.0000000e+00 
5.0716370e-01 4.6868089e-01 0.0000000e+00 
7.2506380e-01 3.1459489e-01 0.0000000e+00 
5.7067949e-01 1.5282580e-01 0.0000000e+00 
6.7973870e-01 1.6684531e-01 0.0000000e+00 
5.3255141e-01 1.4827640e-01 0.0000000e+00 
5.8382958e-01 2.0679601e-01 0.0000000e+00 
3.6833951e-01 3.3595169e-01 0.0000000e+00 
6.6081917e-01 3.9089271e-01 0.0000000e+00 
3.5859609e-01 1.6498099e-01 0.0000000e+00 
5.4474670e-01 2.4635740e-01 0.0000000e+00 
8.5039961e-01 4.4130251e-02 0.0000000e+00 
7.0378470e-01 2.1493910e-01 0.0000000e+00 
3.8111559e-01 3.6489099e-01 0.0000000e+00 
3.8378549e-01 3.8103321e-01 0.0000000e+00 
1.1733290e+00 9.6517898e-02 0.0000000e+00 
6.1236829e-01 3.6486840e-01 0.0000000e+00 
4.2817801e-01 4.6774849e-01 0.0000000e+00 
3.9298210e-01 4.8933309e-01 0.0000000e+00 
5.1858139e-01 5.3958851e-01 0.0000000e+00 
1.1778920e+00 1.8819040e-01 0.0000000e+00 
6.3357651e-01 4.2729640e-01 0.0000000e+00 
2.1912169e-01 8.9860998e-02 0.0000000e+00 
4.4828820e-01 3.3391532e-02 0.0000000e+00 
7.1727687e-01 2.3730519e-01 0.0000000e+00 
9.8337471e-02 2.5592181e-01 0.0000000e+00 
4.8688981e-01 5.3696889e-01 0.0000000e+00 
9.1024607e-01 4.6742149e-02 0.0000000e+00 
4.2072469e-01 3.1704551e-01 0.0000000e+00 
2.5881660e-01 2.8481191e-01 0.0000000e+00 
1.3556740e+00 9.6588373e-02 0.0000000e+00 
3.8170820e-01 4.6353251e-01 0.0000000e+00 
6.1133659e-01 4.6789679e-01 0.0000000e+00 
4.4266859e-01 2.4074350e-01 0.0000000e+00 
1.4653840e+00 5.0395852e-01 0.0000000e+00 
1.1433500e+00 2.3560201e-01 0.0000000e+00 
5.5341142e-01 3.6430839e-01 0.0000000e+00 
5.7990170e-01 2.7820900e-01 0.0000000e+00 
4.4887719e-01 2.0151231e-01 0.0000000e+00 
4.6245420e-01 4.1756010e-01 0.0000000e+00 
4.1210291e-01 2.1662711e-01 0.0000000e+00 
5.1736373e-01 5.6347691e-02 0.0000000e+00 
7.0604849e-01 3.3807889e-01 0.0000000e+00 
4.3653390e-01 1.2656429e-01 0.0000000e+00 
4.2773649e-01 3.9727569e-01 0.0000000e+00 
4.2305809e-01 2.7508900e-01 0.0000000e+00 
1.9111360e+00 1.7995431e-01 0.0000000e+00 
1.2975690e+00 9.4644032e-02 0.0000000e+00 
7.4613649e-01 2.3963641e-01 0.0000000e+00 
2.9362991e-01 4.1433749e-01 0.0000000e+00 
5.8357382e-01 3.0761179e-01 0.0000000e+00 
5.3191912e-01 3.7253350e-01 0.0000000e+00 
4.4445190e-01 8.4593862e-02 0.0000000e+00 
1.5468830e+00 4.5422599e-01 0.0000000e+00 
6.2926418e-01 2.7103639e-01 0.0000000e+00 
3.5220909e-01 2.8729489e-01 0.0000000e+00 
8.3805579e-01 3.3710629e-01 0.0000000e+00 
5.2616048e-01 4.0003020e-01 0.0000000e+00 
1.8064611e-01 5.2023911e-01 0.0000000e+00 
4.2505819e-01 3.3176431e-01 0.0000000e+00 
7.7968621e-01 5.0346297e-01 0.0000000e+00 
1.2679260e+00 4.6381779e-02 0.0000000e+00 
5.8107018e-01 2.9473820e-01 0.0000000e+00 
6.1925322e-01 3.3036381e-01 0.0000000e+00 
5.6537521e-01 2.5524691e-01 0.0000000e+00 
3.8967860e-01 6.5405212e-02 0.0000000e+00 
1.0865080e+00 2.3449360e-01 0.0000000e+00 
1.4042149e-01 9.9993236e-02 0.0000000e+00 
1.0030100e+00 3.5783571e-01 0.0000000e+00 
3.6067769e-01 3.0184039e-01 0.0000000e+00 
5.7885981e-01 3.8880101e-01 0.0000000e+00 
1.5990330e+00 4.4926330e-01 0.0000000e+00 
9.1439813e-02 3.7532219e-01 0.0000000e+00 
5.7995051e-01 1.7130360e-01 0.0000000e+00 
6.1258352e-01 2.5273019e-01 0.0000000e+00 
4.0172791e-01 2.2754180e-01 0.0000000e+00 
5.4750210e-01 9.9742994e-02 0.0000000e+00 
6.1311978e-01 2.0313910e-01 0.0000000e+00 
6.1223829e-01 2.2002740e-01 0.0000000e+00 
1.8586820e+00 3.2957241e-01 0.0000000e+00 
5.8738971e-01 3.7580970e-01 0.0000000e+00 
4.5219980e-02 4.4195049e-02 0.0000000e+00 
4.8124549e-01 2.2123460e-01 0.0000000e+00 
4.3828961e-02 5.5591398e-01 0.0000000e+00 
1.0568640e+00 1.9004630e-01 0.0000000e+00 
3.3193341e-01 4.4711831e-01 0.0000000e+00 
3.0378929e-01 4.4286191e-01 0.0000000e+00 
5.3415012e-01 1.2728420e-01 0.0000000e+00 
5.0386423e-01 2.1636350e-01 0.0000000e+00 
1.9116580e+00 4.2358989e-01 0.0000000e+00 
4.5517069e-01 3.6521810e-01 0.0000000e+00 
3.6732909e-01 3.6239621e-01 0.0000000e+00 
6.3041377e-01 3.0585691e-01 0.0000000e+00 
1.9569679e+00 4.3301821e-02 0.0000000e+00 
5.7146299e-01 4.8058590e-01 0.0000000e+00 
1.6484860e+00 5.1718348e-01 0.0000000e+00 
9.4670999e-01 1.8556410e-01 0.0000000e+00 
6.3752991e-01 4.6584189e-01 0.0000000e+00 
1.9572541e+00 5.5697870e-01 0.0000000e+00 
6.4813697e-01 2.4830820e-01 0.0000000e+00 
6.0179752e-01 3.7555191e-01 0.0000000e+00 
1.4364240e+00 4.6111640e-01 0.0000000e+00 
5.6217611e-01 3.5223660e-01 0.0000000e+00 
6.6050959e-01 4.3027630e-01 0.0000000e+00 
4.0468970e-01 5.1149738e-01 0.0000000e+00 
5.1506358e-01 2.0555650e-01 0.0000000e+00 
4.3334481e-01 1.8108650e-01 0.0000000e+00 
9.9962813e-01 1.8700930e-01 0.0000000e+00 
6.9131333e-01 1.1763480e-01 0.0000000e+00 
4.4599831e-01 1.8538959e-01 0.0000000e+00 
5.1551181e-01 4.8891029e-01 0.0000000e+00 
4.3754059e-01 5.8743980e-02 0.0000000e+00 
5.9589100e-01 3.4163511e-01 0.0000000e+00 
2.3624770e-01 5.2814358e-01 0.0000000e+00 
6.6953379e-01 3.7169310e-01 0.0000000e+00 
3.6865169e-01 3.9570969e-01 0.0000000e+00 
5.9758049e-01 1.9620110e-01 0.0000000e+00 
1.3329040e-01 5.1544452e-01 0.0000000e+00 
1.0515270e+00 3.5504949e-01 0.0000000e+00 
3.3392131e-01 6.8202123e-02 0.0000000e+00 
1.7869949e-01 8.1389397e-02 0.0000000e+00 
9.2706198e-01 1.4882250e-01 0.0000000e+00 
1.7000279e+00 5.1305068e-01 0.0000000e+00 
3.4774879e-01 2.6959679e-01 0.0000000e+00 
5.7002652e-01 3.3917850e-01 0.0000000e+00 
4.5571360e-01 1.7617980e-01 0.0000000e+00 
8.2389021e-01 8.1237279e-02 0.0000000e+00 
5.6977302e-01 4.0162051e-01 0.0000000e+00 
5.7622939e-01 9.1579817e-02 0.0000000e+00 
7.9520959e-01 1.9354109e-01 0.0000000e+00 
7.1731091e-01 1.9555099e-01 0.0000000e+00 
9.5533073e-01 4.0679529e-01 0.0000000e+00 
5.1722008e-01 4.1250920e-01 0.0000000e+00 
4.3116611e-01 5.4470932e-01 0.0000000e+00 
6.9998658e-01 1.5358570e-01 0.0000000e+00 
3.7607810e-01 2.2627370e-01 0.0000000e+00 
5.1978278e-01 3.9113960e-01 0.0000000e+00 
5.3689402e-01 2.1312129e-01 0.0000000e+00 
9.0401761e-02 2.1924180e-01 0.0000000e+00 
7.8513551e-01 3.6338761e-01 0.0000000e+00 
2.8628290e-01 5.2971011e-01 0.0000000e+00 
1.9101239e+00 1.3962340e-01 0.0000000e+00 
3.3938929e-01 1.5675519e-01 0.0000000e+00 
3.5365051e-01 1.4366330e-01 0.0000000e+00 
5.9640652e-01 1.7787141e-01 0.0000000e+00 
2.3996450e-01 3.0955619e-01 0.0000000e+00 
4.0130991e-01 5.3756779e-01 0.0000000e+00 
2.6203820e-01 3.9843059e-01 0.0000000e+00 
1.7610559e+00 5.1254529e-01 0.0000000e+00 
5.3923780e-01 6.9367118e-02 0.0000000e+00 
6.6389477e-01 2.7387929e-01 0.0000000e+00 
5.6400359e-01 1.6758190e-01 0.0000000e+00 
6.3302028e-01 3.3655259e-01 0.0000000e+00 
5.4254562e-01 3.6452681e-01 0.0000000e+00 
5.1293671e-01 2.8587131e-02 0.0000000e+00 
5.1246679e-01 1.8971939e-01 0.0000000e+00 

CELLS 1766 7064
3 0 870 123
3 1 882 70
3 2 887 79
3 3 872 114
3 4 193 35
3 4 516 193
3 5 516 4
3 6 184 5
3 6 612 184
3 7 612 6
3 8 183 7
3 8 799 183
3 9 799 8
3 10 615 9
3 11 335 10
3 11 521 335
3 12 521 11
3 13 311 12
3 13 515 311
3 14 515 13
3 15 312 14
3 15 511 312
3 16 511 15
3 17 308 16
3 17 510 308
3 18 510 17
3 19 301 18
3 19 529 301
3 20 529 19
3 21 124 20
3 21 517 124
3 22 517 21
3 23 277 22
3 23 503 277
3 24 503 23
3 25 266 24
3 25 533 266
3 26 533 25
3 27 269 26
3 27 616 269
3 28 616 27
3 29 513 28
3 30 241 29
3 30 512 241
3 31 512 30
3 32 214 31
3 32 514 214
3 33 514 32
3 34 215 33
3 34 726 215
3 35 726 34
3 36 870 0
3 37 747 36
3 38 155 37
3 38 603 155
3 39 603 38
3 40 130 39
3 40 547 130
3 41 547 40
3 41 619 547
3 42 619 41
3 43 142 42
3 43 812 142
3 44 812 43
3 44 943 597
3 45 943 44
3 46 145 45
3 46 159 145
3 47 159 46
3 48 140 47
3 48 555 140
3 49 555 48
3 49 557 555
3 50 557 49
3 51 126 50
3 51 800 126
3 52 800 51
3 52 816 800
3 53 816 52
3 54 131 53
3 54 663 131
3 55 663 54
3 55 718 663
3 56 718 55
3 57 127 56
3 57 780 127
3 58 780 57
3 58 850 780
3 59 850 58
3 60 148 59
3 60 700 148
3 61 700 60
3 62 128 61
3 62 701 128
3 63 701 62
3 63 744 701
3 64 744 63
3 65 136 64
3 65 613 136
3 66 613 65
3 66 772 613
3 67 772 66
3 68 144 67
3 68 715 144
3 69 715 68
3 70 157 69
3 70 882 157
3 71 882 1
3 72 757 71
3 73 154 72
3 73 674 154
3 74 674 73
3 75 139 74
3 75 676 139
3 76 676 75
3 77 147 76
3 77 662 147
3 78 662 77
3 79 156 78
3 79 887 156
3 80 887 2
3 81 766 80
3 82 706 81
3 83 151 82
3 83 702 151
3 84 702 83
3 85 129 84
3 85 703 129
3 86 703 85
3 87 697 86
3 88 137 87
3 88 756 137
3 89 756 88
3 90 149 89
3 90 653 149
3 91 653 90
3 92 134 91
3 92 673 134
3 93 673 92
3 94 150 93
3 94 675 150
3 95 675 94
3 96 135 95
3 96 624 135
3 97 624 96
3 98 623 97
3 99 125 98
3 99 607 125
3 100 607 99
3 100 736 607
3 101 736 100
3 102 138 101
3 102 566 138
3 103 566 102
3 103 583 566
3 104 583 103
3 105 143 104
3 105 611 143
3 106 611 105
3 106 745 611
3 107 745 106
3 108 141 107
3 108 544 141
3 109 544 108
3 110 543 109
3 111 132 110
3 111 605 132
3 112 605 111
3 113 153 112
3 113 754 153
3 114 754 113
3 114 872 754
3 115 872 3
3 116 158 115
3 116 635 158
3 117 635 116
3 118 146 117
3 118 604 146
3 119 604 118
3 120 133 119
3 120 609 133
3 121 609 120
3 122 152 121
3 122 650 152
3 123 650 122
3 123 870 650
3 124 529 20
3 124 658 529
3 124 817 658
3 125 623 98
3 125 735 623
3 125 782 735
3 126 557 50
3 126 558 557
3 126 559 558
3 126 915 559
3 127 718 56
3 127 804 670
3 128 700 61
3 128 786 700
3 129 702 84
3 129 911 702
3 130 603 39
3 130 610 525
3 130 811 603
3 131 816 53
3 132 543 110
3 132 929 543
3 133 604 119
3 133 734 604
3 133 814 734
3 133 927 814
3 134 653 91
3 134 673 647
3 135 675 95
3 136 613 545
3 136 744 64
3 137 697 87
3 137 698 697
3 137 823 698
3 138 736 101
3 139 674 74
3 139 768 454
3 140 159 47
3 140 160 159
3 140 161 160
3 140 555 161
3 141 745 107
3 141 922 745
3 141 935 922
3 142 619 42
3 142 854 619
3 142 900 640
3 143 583 104
3 143 777 583
3 143 808 634
3 144 740 532
3 144 772 67
3 145 938 830
3 145 943 45
3 146 635 117
3 146 748 635
3 146 861 748
3 147 676 76
3 147 730 676
3 147 878 730
3 148 850 59
3 149 756 89
3 150 673 93
3 150 675 632
3 151 706 82
3 151 937 504
3 152 609 121
3 152 746 609
3 153 605 112
3 153 847 605
3 153 906 847
3 154 757 72
3 154 930 757
3 155 747 37
3 155 856 747
3 155 909 856
3 156 662 78
3 156 711 662
3 156 766 711
3 156 887 766
3 157 715 69
3 157 716 715
3 157 757 716
3 157 882 757
3 158 872 115
3 159 542 145
3 160 542 159
3 160 917 542
3 161 162 160
3 161 760 162
3 162 163 160
3 162 164 163
3 162 165 164
3 162 760 165
3 163 917 160
3 164 187 163
3 164 506 187
3 165 166 164
3 165 167 166
3 165 253 167
3 165 760 253
3 166 506 164
3 166 933 506
3 167 168 166
3 167 169 168
3 167 793 169
3 168 227 166
3 168 866 227
3 169 170 168
3 169 171 170
3 169 188 171
3 169 793 188
3 170 508 168
3 171 172 170
3 171 173 172
3 171 801 173
3 172 244 170
3 172 888 244
3 173 174 172
3 173 175 174
3 173 813 175
3 174 888 172
3 174 939 524
3 175 176 174
3 175 177 176
3 175 178 177
3 175 813 178
3 176 939 174
3 177 180 176
3 177 791 180
3 178 179 177
3 178 181 179
3 178 837 181
3 179 791 177
3 180 191 176
3 180 192 191
3 180 831 192
3 181 182 179
3 181 185 182
3 181 245 185
3 181 837 245
3 182 781 179
3 183 612 7
3 183 799 696
3 183 853 612
3 184 516 5
3 184 612 501
3 184 826 516
3 185 186 182
3 185 189 186
3 185 759 189
3 186 222 182
3 186 845 222
3 187 361 163
3 187 769 361
3 187 792 769
3 188 801 171
3 188 919 801
3 188 923 599
3 189 190 186
3 189 194 190
3 189 243 194
3 189 759 243
3 190 845 186
3 191 523 176
3 192 201 191
3 192 202 201
3 192 203 202
3 192 831 203
3 193 726 35
3 193 839 456
3 193 851 839
3 194 195 190
3 194 196 195
3 194 739 196
3 195 588 190
3 196 197 195
3 196 198 197
3 196 729 198
3 196 739 729
3 197 242 195
3 197 857 242
3 198 199 197
3 198 200 199
3 198 259 200
3 198 729 259
3 199 857 197
3 199 907 857
3 200 216 199
3 200 217 216
3 200 855 217
3 201 232 191
3 201 460 232
3 201 941 460
3 202 204 201
3 202 205 204
3 202 903 205
3 203 831 589
3 203 903 202
3 204 941 201
3 205 206 204
3 205 207 206
3 205 797 207
3 205 903 797
3 206 341 204
3 206 805 341
3 207 208 206
3 207 209 208
3 207 211 209
3 207 797 211
3 208 805 206
3 208 889 805
3 209 210 208
3 209 212 210
3 209 810 212
3 210 344 208
3 210 530 344
3 211 797 761
3 211 810 209
3 211 892 810
3 212 213 210
3 212 220 213
3 212 257 220
3 212 810 257
3 213 530 210
3 214 512 31
3 214 891 825
3 214 942 512
3 215 514 33
3 215 913 514
3 216 907 199
3 217 218 216
3 217 219 218
3 217 824 219
3 217 855 824
3 218 345 216
3 218 651 345
3 219 223 218
3 219 224 223
3 219 258 224
3 219 824 258
3 220 221 213
3 220 254 221
3 220 821 254
3 221 239 213
3 221 240 239
3 221 775 240
3 222 781 182
3 222 845 586
3 222 928 781
3 223 651 218
3 224 225 223
3 224 226 225
3 224 728 226
3 225 352 223
3 225 731 352
3 226 228 225
3 226 229 228
3 226 693 229
3 226 728 693
3 227 933 166
3 228 731 225
3 229 230 228
3 229 231 230
3 229 256 231
3 229 693 256
3 230 356 228
3 230 783 356
3 231 233 230
3 231 234 233
3 231 720 234
3 232 523 191
3 232 621 523
3 232 881 621
3 233 783 230
3 234 235 233
3 234 236 235
3 234 694 236
3 234 720 694
3 235 366 233
3 235 707 366
3 236 237 235
3 236 238 237
3 236 252 238
3 236 694 252
3 237 707 235
3 238 246 237
3 238 247 246
3 238 714 247
3 239 530 213
3 239 916 530
3 240 260 239
3 240 261 260
3 240 262 261
3 240 775 262
3 241 513 29
3 241 614 513
3 241 840 614
3 242 588 195
3 242 737 588
3 242 857 630
3 242 920 737
3 243 739 194
3 243 758 739
3 243 759 563
3 244 508 170
3 244 725 724
3 244 867 508
3 244 888 725
3 245 601 600
3 245 759 185
3 245 837 601
3 245 918 759
3 246 360 237
3 246 704 360
3 247 248 246
3 247 249 248
3 247 250 249
3 247 714 250
3 248 704 246
3 249 255 248
3 249 719 255
3 250 251 249
3 250 342 251
3 250 709 342
3 250 714 709
3 251 719 249
3 252 694 681
3 252 714 238
3 253 793 167
3 253 923 793
3 254 775 221
3 254 821 643
3 254 883 775
3 255 377 248
3 255 378 377
3 255 382 378
3 255 719 382
3 256 686 684
3 256 693 686
3 256 720 231
3 257 810 587
3 257 821 220
3 257 886 821
3 258 728 224
3 258 809 690
3 258 824 809
3 259 855 200
3 259 873 855
3 259 896 873
3 260 346 239
3 260 438 346
3 260 459 438
3 261 459 260
3 262 263 261
3 262 435 263
3 262 436 435
3 262 775 436
3 263 264 261
3 263 265 264
3 263 790 265
3 264 459 261
3 264 921 459
3 265 267 264
3 265 268 267
3 265 270 268
3 265 790 270
3 266 503 24
3 266 620 503
3 266 879 620
3 267 354 264
3 267 355 354
3 267 659 355
3 268 659 267
3 269 533 26
3 269 722 502
3 270 271 268
3 270 326 271
3 270 327 326
3 270 790 327
3 271 272 268
3 271 273 272
3 271 771 273
3 272 659 268
3 272 828 659
3 273 274 272
3 273 275 274
3 273 806 275
3 274 732 272
3 275 276 274
3 275 278 276
3 275 339 278
3 275 806 339
3 276 340 274
3 276 528 340
3 277 517 22
3 277 848 517
3 278 279 276
3 278 280 279
3 278 820 280
3 279 528 276
3 280 281 279
3 280 282 281
3 280 316 282
3 280 820 316
3 281 314 279
3 281 904 314
3 282 283 281
3 282 284 283
3 282 874 284
3 283 904 281
3 284 285 283
3 284 838 285
3 284 875 838
3 285 286 283
3 285 287 286
3 285 296 287
3 285 838 296
3 286 540 283
3 287 288 286
3 287 289 288
3 287 774 289
3 288 539 286
3 289 290 288
3 289 291 290
3 289 774 291
3 290 317 288
3 290 535 317
3 291 292 290
3 291 293 292
3 291 304 293
3 291 774 304
3 292 535 290
3 292 536 535
3 293 294 292
3 293 295 294
3 293 818 295
3 294 536 292
3 295 297 294
3 295 305 297
3 295 322 305
3 295 818 322
3 296 774 287
3 296 936 712
3 297 298 294
3 297 299 298
3 297 742 299
3 298 536 294
3 298 912 536
3 299 300 298
3 299 302 300
3 299 787 302
3 300 315 298
3 300 467 315
3 300 924 467
3 301 510 18
3 301 834 510
3 302 303 300
3 302 306 303
3 302 313 306
3 302 787 313
3 303 924 300
3 304 774 713
3 304 818 293
3 304 934 818
3 305 742 297
3 306 307 303
3 306 309 307
3 306 798 309
3 307 321 303
3 307 660 321
3 308 511 16
3 308 822 511
3 309 310 307
3 309 318 310
3 309 320 318
3 309 798 320
3 310 660 307
3 310 767 660
3 311 521 12
3 311 871 622
3 311 877 521
3 312 515 14
3 312 531 515
3 312 764 531
3 313 787 548
3 313 798 306
3 313 931 798
3 314 528 279
3 314 727 528
3 314 803 727
3 314 904 803
3 315 912 298
3 316 755 602
3 316 820 755
3 316 874 282
3 317 539 288
3 317 796 539
3 318 319 310
3 318 328 319
3 318 638 328
3 319 767 310
3 319 895 767
3 320 638 318
3 320 932 552
3 321 864 784
3 321 924 303
3 322 323 305
3 322 324 323
3 322 637 324
3 322 818 637
3 323 551 305
3 324 325 323
3 324 367 325
3 324 368 367
3 324 637 368
3 325 350 323
3 325 371 350
3 325 773 371
3 326 771 271
3 327 359 326
3 327 402 359
3 327 899 402
3 328 329 319
3 328 832 329
3 329 330 319
3 329 331 330
3 329 332 331
3 329 832 332
3 330 895 319
3 330 898 895
3 330 914 898
3 331 914 330
3 332 333 331
3 332 336 333
3 332 369 336
3 332 832 369
3 333 334 331
3 333 337 334
3 333 779 337
3 334 751 331
3 335 615 10
3 335 750 615
3 336 779 333
3 337 338 334
3 337 347 338
3 337 348 347
3 337 779 348
3 338 351 334
3 338 461 351
3 338 944 461
3 339 806 641
3 339 820 278
3 340 732 274
3 340 833 661
3 341 776 738
3 341 805 776
3 341 941 204
3 342 343 251
3 342 375 343
3 342 376 375
3 342 709 376
3 343 353 251
3 343 373 353
3 343 710 373
3 344 889 208
3 345 633 628
3 345 651 633
3 345 907 216
3 346 916 239
3 347 349 338
3 347 362 349
3 347 794 362
3 348 779 733
3 348 794 347
3 348 876 794
3 349 944 338
3 350 551 323
3 351 751 334
3 352 648 646
3 352 651 223
3 352 731 648
3 353 719 251
3 353 723 719
3 354 921 264
3 355 357 354
3 355 379 357
3 355 380 379
3 355 659 380
3 356 731 228
3 356 752 731
3 356 783 656
3 357 358 354
3 357 789 358
3 358 921 354
3 358 925 846
3 359 372 326
3 359 401 372
3 359 815 401
3 360 707 237
3 360 842 707
3 360 860 842
3 361 917 163
3 362 363 349
3 362 364 363
3 362 431 364
3 362 794 431
3 363 374 349
3 363 527 374
3 364 365 363
3 364 384 365
3 364 940 384
3 365 527 363
3 366 783 233
3 366 890 656
3 367 773 325
3 368 406 367
3 368 407 406
3 368 409 407
3 368 637 409
3 369 370 336
3 369 832 639
3 369 841 370
3 370 403 336
3 370 405 403
3 370 424 405
3 370 841 424
3 371 392 350
3 371 457 392
3 371 458 457
3 371 773 458
3 372 771 326
3 373 422 353
3 373 454 422
3 373 455 454
3 373 710 455
3 374 944 349
3 375 710 343
3 376 394 375
3 376 545 394
3 376 546 545
3 376 709 546
3 377 704 248
3 378 445 377
3 378 705 445
3 379 430 357
3 379 722 430
3 380 381 379
3 380 432 381
3 380 828 432
3 381 722 379
3 382 383 378
3 382 399 383
3 382 723 399
3 383 705 378
3 384 385 365
3 384 541 385
3 384 862 541
3 384 940 862
3 385 386 365
3 385 387 386
3 385 795 387
3 386 527 365
3 386 926 527
3 387 388 386
3 387 389 388
3 387 390 389
3 387 795 390
3 388 400 386
3 388 444 400
3 388 696 444
3 389 696 388
3 390 391 389
3 390 395 391
3 390 447 395
3 390 795 447
3 391 608 389
3 392 393 350
3 392 525 393
3 392 811 525
3 393 551 350
3 394 532 375
3 394 772 532
3 395 396 391
3 395 724 396
3 395 867 724
3 396 397 391
3 396 398 397
3 396 863 398
3 397 608 391
3 398 417 397
3 398 418 417
3 398 419 418
3 398 863 419
3 399 404 383
3 399 730 404
3 399 868 730
3 400 926 386
3 401 534 372
3 401 815 745
3 401 922 534
3 402 815 359
3 402 899 537
3 403 779 336
3 404 504 383
3 404 711 504
3 404 878 711
3 405 434 403
3 405 830 434
3 406 408 367
3 406 814 408
3 407 734 406
3 408 773 367
3 408 927 746
3 409 410 407
3 409 411 410
3 409 713 411
3 409 934 713
3 410 437 407
3 410 778 437
3 411 412 410
3 411 413 412
3 411 712 413
3 411 713 712
3 412 778 410
3 413 414 412
3 413 415 414
3 413 657 415
3 413 936 657
3 414 416 412
3 414 749 416
3 415 423 414
3 415 518 423
3 415 519 518
3 415 657 519
3 416 749 636
3 416 778 412
3 417 501 397
3 417 826 501
3 418 420 417
3 418 421 420
3 418 753 421
3 419 753 418
3 419 843 753
3 419 863 725
3 420 826 417
3 420 851 826
3 421 425 420
3 421 426 425
3 421 443 426
3 421 753 443
3 422 723 353
3 422 868 723
3 423 749 414
3 423 847 749
3 423 902 847
3 424 597 405
3 424 812 597
3 424 900 812
3 425 851 420
3 426 427 425
3 426 428 427
3 426 765 428
3 427 839 425
3 428 429 427
3 428 738 429
3 428 852 738
3 429 456 427
3 429 743 456
3 429 901 743
3 430 616 513
3 430 722 616
3 430 789 357
3 431 794 769
3 431 940 364
3 432 433 381
3 432 661 433
3 432 732 661
3 432 828 732
3 433 502 381
3 433 509 502
3 433 592 509
3 433 661 592
3 434 733 403
3 434 865 733
3 434 938 865
3 435 790 263
3 435 899 790
3 436 537 435
3 436 538 537
3 436 883 538
3 437 734 407
3 437 861 604
3 438 439 346
3 438 442 439
3 438 846 442
3 439 440 346
3 439 441 440
3 439 617 441
3 440 916 346
3 441 448 440
3 441 449 448
3 441 825 449
3 442 617 439
3 442 840 617
3 442 925 614
3 443 753 621
3 443 765 426
3 443 881 765
3 444 750 400
3 444 799 615
3 445 446 377
3 445 911 446
3 445 937 911
3 446 704 377
3 446 860 704
3 446 884 699
3 446 911 884
3 447 867 395
3 447 905 866
3 448 859 440
3 448 869 859
3 449 450 448
3 449 451 450
3 449 891 451
3 450 869 448
3 451 452 450
3 451 743 452
3 451 913 743
3 452 453 450
3 452 776 453
3 452 901 776
3 453 869 450
3 453 889 869
3 454 674 139
3 454 768 422
3 454 835 674
3 455 740 716
3 455 835 454
3 455 930 835
3 456 726 193
3 456 839 427
3 456 913 726
3 457 811 392
3 457 909 811
3 458 746 717
3 458 773 746
3 458 856 457
3 459 846 438
3 459 921 846
3 460 852 765
3 460 881 232
3 460 941 852
3 461 462 351
3 461 466 462
3 461 944 466
3 462 463 351
3 462 464 463
3 462 622 464
3 463 751 351
3 464 465 463
3 464 531 465
3 464 871 531
3 465 507 463
3 465 827 507
3 466 622 462
3 466 877 622
3 466 894 877
3 466 944 894
3 467 468 315
3 467 741 468
3 467 784 741
3 467 924 784
3 468 469 315
3 468 470 469
3 468 471 470
3 468 741 471
3 469 912 315
3 470 763 469
3 471 472 470
3 471 485 472
3 471 486 485
3 471 741 486
3 472 473 470
3 472 474 473
3 472 606 474
3 473 763 470
3 474 475 473
3 474 596 475
3 474 658 596
3 475 476 473
3 475 477 476
3 475 478 477
3 475 596 478
3 476 763 473
3 476 858 763
3 477 642 476
3 477 796 642
3 478 479 477
3 478 480 479
3 478 484 480
3 478 596 484
3 479 796 477
3 480 481 479
3 480 482 481
3 480 595 482
3 481 483 479
3 481 802 483
3 482 489 481
3 482 490 489
3 482 491 490
3 482 595 491
3 483 796 479
3 483 880 539
3 484 595 480
3 484 848 595
3 485 606 472
3 485 834 606
3 486 487 485
3 486 488 487
3 486 494 488
3 486 741 494
3 487 721 510
3 487 834 485
3 488 721 487
3 489 802 481
3 489 803 802
3 490 727 489
3 491 492 490
3 491 620 492
3 491 788 620
3 492 493 490
3 492 592 493
3 492 620 509
3 493 727 490
3 493 833 528
3 494 495 488
3 494 864 495
3 495 496 488
3 495 497 496
3 495 829 497
3 495 864 829
3 496 721 488
3 496 822 721
3 497 498 496
3 497 499 498
3 497 500 499
3 497 829 500
3 498 822 496
3 499 644 498
3 499 827 644
3 500 505 499
3 500 767 505
3 500 829 660
3 501 608 397
3 501 826 184
3 501 853 608
3 502 533 269
3 502 722 381
3 502 879 533
3 503 788 277
3 504 705 383
3 504 706 151
3 504 711 706
3 504 937 705
3 505 827 499
3 505 898 827
3 506 792 187
3 506 862 792
3 506 933 862
3 507 751 463
3 507 914 751
3 508 866 168
3 508 867 866
3 509 592 492
3 509 879 502
3 510 721 308
3 510 834 487
3 511 764 312
3 511 822 764
3 512 840 241
3 512 942 840
3 513 616 28
3 513 789 430
3 514 891 214
3 514 913 891
3 515 871 311
3 516 851 193
3 517 817 124
3 517 848 817
3 518 902 423
3 518 929 902
3 519 520 518
3 519 602 520
3 519 875 602
3 520 602 593
3 520 929 518
3 521 522 335
3 521 877 522
3 522 750 335
3 522 785 750
3 522 894 785
3 523 621 524
3 523 939 176
3 524 843 725
3 524 888 174
3 524 939 523
3 525 526 393
3 525 610 526
3 525 811 130
3 526 548 393
3 526 549 548
3 526 550 549
3 526 610 550
3 527 785 374
3 527 926 785
3 528 727 493
3 528 833 340
3 529 658 606
3 529 834 301
3 530 859 344
3 530 916 859
3 531 644 465
3 531 764 644
3 531 871 515
3 532 710 375
3 532 740 710
3 532 772 144
3 533 879 266
3 534 641 372
3 534 893 641
3 534 935 893
3 535 642 317
3 535 858 642
3 536 844 535
3 536 912 844
3 537 634 402
3 537 899 435
3 538 634 537
3 538 777 634
3 538 883 643
3 539 540 286
3 539 796 483
3 539 880 540
3 540 880 802
3 540 904 283
3 541 795 385
3 541 905 795
3 541 933 905
3 542 917 865
3 542 938 145
3 543 544 109
3 543 593 544
3 543 929 593
3 544 935 141
3 545 613 394
3 545 677 136
3 546 677 545
3 546 678 677
3 546 695 678
3 546 709 695
3 547 610 130
3 547 908 610
3 548 551 393
3 548 787 551
3 548 931 313
3 549 931 548
3 549 932 931
3 550 552 549
3 550 553 552
3 550 908 553
3 551 742 305
3 551 787 742
3 552 638 320
3 552 932 549
3 553 554 552
3 553 854 554
3 553 908 619
3 554 638 552
3 554 639 638
3 554 640 639
3 554 854 640
3 555 556 161
3 555 557 556
3 556 760 161
3 556 897 760
3 557 558 556
3 558 897 556
3 559 560 558
3 559 561 560
3 559 562 561
3 559 915 562
3 560 598 558
3 560 599 598
3 560 600 599
3 561 600 560
3 561 918 600
3 562 563 561
3 562 564 563
3 562 565 564
3 562 915 565
3 563 758 243
3 563 759 561
3 564 758 563
3 564 910 758
3 565 669 564
3 565 816 669
3 565 915 800
3 566 567 138
3 566 582 567
3 566 583 582
3 567 568 138
3 567 569 568
3 567 585 569
3 568 736 138
3 569 570 568
3 569 584 570
3 569 587 584
3 569 886 587
3 570 571 568
3 570 572 571
3 570 573 572
3 570 584 573
3 571 736 568
3 571 849 607
3 572 849 571
3 573 574 572
3 573 575 574
3 573 579 575
3 573 584 579
3 574 576 572
3 574 577 576
3 574 618 577
3 575 618 574
3 576 849 572
3 577 578 576
3 577 580 578
3 577 586 580
3 577 618 586
3 578 782 576
3 579 589 575
3 579 762 589
3 580 581 578
3 580 737 581
3 581 735 578
3 581 737 629
3 582 585 567
3 582 643 585
3 582 777 643
3 583 777 582
3 584 761 579
3 584 892 761
3 585 886 569
3 586 588 580
3 586 845 588
3 586 928 222
3 587 886 257
3 587 892 584
3 588 737 580
3 588 845 190
3 589 590 575
3 589 591 590
3 589 762 203
3 589 831 591
3 590 618 575
3 590 928 618
3 591 781 590
3 591 791 781
3 591 831 791
3 592 833 493
3 593 594 544
3 593 755 594
3 593 929 520
3 594 935 544
3 595 788 491
3 595 848 788
3 596 817 484
3 597 812 44
3 597 830 405
3 597 943 830
3 598 897 558
3 598 923 897
3 599 919 188
3 599 923 598
3 600 601 599
3 600 918 245
3 601 813 801
3 601 837 813
3 601 919 599
3 602 755 593
3 602 874 316
3 602 875 874
3 603 909 155
3 604 734 437
3 604 861 146
3 605 902 132
3 606 658 474
3 606 834 529
3 607 736 571
3 607 782 125
3 607 849 782
3 608 696 389
3 608 853 696
3 609 927 133
3 610 908 550
3 611 808 143
3 611 815 808
3 612 853 501
3 613 772 394
3 614 789 513
3 614 840 442
3 614 925 789
3 615 750 444
3 615 799 9
3 616 722 269
3 617 825 441
3 617 942 825
3 618 928 586
3 619 854 553
3 619 908 547
3 620 788 503
3 620 879 509
3 621 843 524
3 621 881 443
3 622 871 464
3 622 877 311
3 623 624 97
3 623 631 624
3 623 735 631
3 624 625 135
3 624 631 625
3 625 626 135
3 625 627 626
3 625 629 627
3 625 631 629
3 626 675 135
3 627 628 626
3 627 652 628
3 628 632 626
3 628 633 632
3 628 652 345
3 629 630 627
3 629 631 581
3 629 920 630
3 630 652 627
3 630 857 652
3 630 920 242
3 631 735 581
3 632 645 150
3 632 675 626
3 633 645 632
3 633 646 645
3 633 651 646
3 634 777 143
3 634 808 402
3 635 636 158
3 635 748 636
3 636 748 416
3 636 754 158
3 636 906 754
3 637 934 409
3 638 639 328
3 639 832 328
3 639 841 369
3 640 841 639
3 640 854 142
3 640 900 841
3 641 771 372
3 641 806 771
3 641 807 339
3 641 893 807
3 642 796 317
3 642 858 476
3 643 777 538
3 643 821 585
3 643 883 254
3 644 764 498
3 644 827 465
3 645 673 150
3 646 647 645
3 646 648 647
3 646 651 352
3 647 649 134
3 647 673 645
3 648 649 647
3 648 752 649
3 649 653 134
3 649 654 653
3 649 752 654
3 650 717 152
3 650 747 717
3 650 870 747
3 652 907 345
3 653 654 149
3 654 655 149
3 654 656 655
3 654 752 656
3 655 756 149
3 655 823 756
3 655 890 823
3 656 752 356
3 656 783 366
3 656 890 655
3 657 875 519
3 657 936 838
3 658 817 596
3 659 828 380
3 660 767 500
3 660 829 321
3 661 732 340
3 661 833 592
3 662 878 147
3 663 664 131
3 663 665 664
3 663 718 665
3 664 669 131
3 665 666 664
3 665 667 666
3 665 670 667
3 665 718 670
3 666 668 664
3 666 896 668
3 667 873 666
3 668 669 664
3 668 896 885
3 668 910 669
3 669 816 131
3 669 910 564
3 670 671 667
3 670 718 127
3 670 804 671
3 671 672 667
3 671 804 691
3 671 809 672
3 672 873 667
3 674 835 154
3 676 768 139
3 677 744 136
3 678 679 677
3 678 680 679
3 678 681 680
3 678 695 681
3 679 744 677
3 679 770 701
3 680 770 679
3 681 682 680
3 681 694 682
3 681 695 252
3 682 683 680
3 682 684 683
3 682 720 684
3 683 770 680
3 683 786 770
3 684 685 683
3 684 686 685
3 684 720 256
3 685 786 683
3 685 819 786
3 686 687 685
3 686 688 687
3 686 693 688
3 687 819 685
3 687 836 819
3 688 689 687
3 688 690 689
3 688 728 690
3 689 836 687
3 690 691 689
3 690 728 258
3 690 809 691
3 691 692 689
3 691 804 692
3 691 809 671
3 692 804 780
3 692 836 689
3 692 850 836
3 693 728 688
3 694 720 682
3 695 714 252
3 696 799 444
3 696 853 183
3 697 703 86
3 698 699 697
3 698 823 708
3 698 842 699
3 699 703 697
3 699 860 446
3 699 884 703
3 700 819 148
3 701 744 679
3 701 770 128
3 702 937 151
3 703 884 129
3 704 860 360
3 705 937 445
3 706 766 81
3 707 708 366
3 707 842 708
3 708 842 698
3 708 890 366
3 709 714 695
3 710 740 455
3 711 766 706
3 711 878 662
3 712 774 296
3 712 936 413
3 713 774 712
3 713 934 304
3 715 740 144
3 716 740 715
3 716 930 455
3 717 746 152
3 717 856 458
3 719 723 382
3 721 822 308
3 723 868 399
3 724 863 396
3 724 867 244
3 725 843 419
3 725 863 724
3 725 888 524
3 726 913 215
3 727 803 489
3 729 896 259
3 730 768 676
3 730 868 768
3 730 878 404
3 731 752 648
3 732 828 272
3 733 779 403
3 733 876 348
3 734 814 406
3 735 782 578
3 737 920 629
3 738 852 341
3 738 901 429
3 739 885 729
3 741 784 494
3 742 787 299
3 743 901 452
3 743 913 456
3 745 815 611
3 745 922 401
3 746 773 408
3 746 927 609
3 747 856 717
3 747 870 36
3 748 778 416
3 748 861 778
3 749 906 636
3 750 926 400
3 751 914 331
3 753 843 621
3 754 872 158
3 754 906 153
3 755 807 594
3 755 820 807
3 756 823 137
3 757 882 71
3 757 930 716
3 758 885 739
3 758 910 885
3 759 918 561
3 760 897 253
3 761 762 579
3 761 797 762
3 761 892 211
3 762 903 203
3 763 844 469
3 763 858 844
3 764 822 498
3 765 852 428
3 765 881 460
3 766 887 80
3 767 895 505
3 768 868 422
3 769 792 431
3 769 865 361
3 769 876 865
3 770 786 128
3 771 806 273
3 775 883 436
3 776 805 453
3 776 901 738
3 778 861 437
3 780 804 127
3 780 850 692
3 781 791 179
3 781 928 590
3 782 849 576
3 784 864 494
3 784 924 321
3 785 894 374
3 785 926 750
3 786 819 700
3 788 848 277
3 789 925 358
3 790 899 327
3 791 831 180
3 792 940 431
3 793 923 188
3 794 876 769
3 795 905 447
3 797 903 762
3 798 932 320
3 800 816 565
3 800 915 126
3 801 813 173
3 801 919 601
3 802 803 540
3 802 880 483
3 803 904 540
3 805 889 453
3 807 820 339
3 807 893 594
3 808 815 402
3 809 824 672
3 810 892 587
3 811 909 603
3 812 900 142
3 813 837 178
3 814 927 408
3 817 848 484
3 818 934 637
3 819 836 148
3 821 886 585
3 823 890 708
3 824 855 672
3 825 891 449
3 825 942 214
3 826 851 516
3 827 898 507
3 829 864 321
3 830 938 434
3 830 943 145
3 835 930 154
3 836 850 148
3 838 875 657
3 838 936 296
3 839 851 425
3 840 942 617
3 841 900 424
3 842 860 699
3 844 858 535
3 844 912 469
3 846 921 358
3 846 925 442
3 847 902 605
3 847 906 749
3 852 941 341
3 855 873 672
3 856 909 457
3 857 907 652
3 859 869 344
3 859 916 440
3 862 933 541
3 862 940 792
3 865 876 733
3 865 917 361
3 865 938 542
3 866 867 447
3 866 905 227
3 869 889 344
3 873 896 666
3 874 875 284
3 877 894 522
3 884 911 129
3 885 896 729
3 885 910 668
3 891 913 451
3 893 935 594
3 894 944 374
3 895 898 505
3 897 923 253
3 898 914 507
3 902 929 132
3 905 933 227
3 911 937 702
3 922 935 534
3 931 932 798

CELL_TYPES 1766
5
5
5
5
5
5
5
5
5
5
5
5
5
5
5
5
5
5
5
5
5
5
5
5
5
5
5
5
5
5
5
5
5
5
5
5
5
5
5
5
5
5
5
5
5
5
5
5
5
5
5
5
5
5
5
5
5
5
5
5
5
5
5
5
5
5
5
5
5
5
5
5
5
5
5
5
5
5
5
5
5
5
5
5
5
5
5
5
5
5
5
5
5
5
5
5
5
5
5
5
5
5
5
5
5
5
5
5
5
5
5
5
5
5
5
5
5
5
5
5
5
5
5
5
5
5
5
5
5
5
5
5
5
5
5
5
5
5
5
5
5
5
5
5
5
5
5
5
5
5
5
5
5
5
5
5
5
5
5
5
5
5
5
5
5
5
5
5
5
5
5
5
5
5
5
5
5
5
5
5
5
5
5
5
5
5
5
5
5
5
5
5
5
5
5
5
5
5
5
5
5
5
5
5
5
5
5
5
5
5
5
5
5
5
5
5
5
5
5
5
5
5
5
5
5
5
5
5
5
5
5
5
5
5
5
5
5
5
5
5
5
5
5
5
5
5
5
5
5
5
5
5
5
5
5
5
5
5
5
5
5
5
5
5
5
5
5
5
5
5
5
5
5
5
5
5
5
5
5
5
5
5
5
5
5
5
5
5
5
5
5
5
5
5
5
5
5
5
5
5
5
5
5
5
5
5
5
5
5
5
5
5
5
5
5
5
5
5
5
5
5
5
5
5
5
5
5
5
5
5
5
5
5
5
5
5
5
5
5
5
5
5
5
5
5
5
5
5
5
5
5
5
5
5
5
5
5
5
5
5
5
5
5
5
5
5
5
5
5
5
5
5
5
5
5
5
5
5
5
5
5
5
5
5
5
5
5
5
5
5
5
5
5
5
5
5
5
5
5
5
5
5
5
5
5
5
5
5
5
5
5
5
5
5
5
5
5
5
5
5
5
5
5
5
5
5
5
5
5
5
5
5
5
5
5
5
5
5
5
5
5
5
5
5
5
5
5
5
5
5
5
5
5
5
5
5
5
5
5
5
5
5
5
5
5
5
5
5
5
5
5
5
5
5
5
5
5
5
5
5
5
5
5
5
5
5
5
5
5
5
5
5
5
5
5
5
5
5
5
5
5
5
5
5
5
5
5
5
5
5
5
5
5
5
5
5
5
5
5
5
5
5
5
5
5
5
5
5
5
5
5
5
5
5
5
5
5
5
5
5
5
5
5
5
5
5
5
5
5
5
5
5
5
5
5
5
5
5
5
5
5
5
5
5
5
5
5
5
5
5
5
5
5
5
5
5
5
5
5
5
5
5
5
5
5
5
5
5
5
5
5
5
5
5
5
5
5
5
5
5
5
5
5
5
5
5
5
5
5
5
5
5
5
5
5
5
5
5
5
5
5
5
5
5
5
5
5
5
5
5
5
5
5
5
5
5
5
5
5
5
5
5
5
5
5
5
5
5
5
5
5
5
5
5
5
5
5
5
5
5
5
5
5
5
5
5
5
5
5
5
5
5
5
5
5
5
5
5
5
5
5
5
5
5
5
5
5
5
5
5
5
5
5
5
5
5
5
5
5
5
5
5
5
5
5
5
5
5
5
5
5
5
5
5
5
5
5
5
5
5
5
5
5
5
5
5
5
5
5
5
5
5
5
5
5
5
5
5
5
5
5
5
5
5
5
5
5
5
5
5
5
5
5
5
5
5
5
5
5
5
5
5
5
5
5
5
5
5
5
5
5
5
5
5
5
5
5
5
5
5
5
5
5
5
5
5
5
5
5
5
5
5
5
5
5
5
5
5
5
5
5
5
5
5
5
5
5
5
5
5
5
5
5
5
5
5
5
5
5
5
5
5
5
5
5
5
5
5
5
5
5
5
5
5
5
5
5
5
5
5
5
5
5
5
5
5
5
5
5
5
5
5
5
5
5
5
5
5
5
5
5
5
5
5
5
5
5
5
5
5
5
5
5
5
5
5
5
5
5
5
5
5
5
5
5
5
5
5
5
5
5
5
5
5
5
5
5
5
5
5
5
5
5
5
5
5
5
5
5
5
5
5
5
5
5
5
5
5
5
5
5
5
5
5
5
5
5
5
5
5
5
5
5
5
5
5
5
5
5
5
5
5
5
5
5
5
5
5
5
5
5
5
5
5
5
5
5
5
5
5
5
5
5
5
5
5
5
5
5
5
5
5
5
5
5
5
5
5
5
5
5
5
5
5
5
5
5
5
5
5
5
5
5
5
5
5
5
5
5
5
5
5
5
5
5
5
5
5
5
5
5
5
5
5
5
5
5
5
5
5
5
5
5
5
5
5
5
5
5
5
5
5
5
5
5
5
5
5
5
5
5
5
5
5
5
5
5
5
5
5
5
5
5
5
5
5
5
5
5
5
5
5
5
5
5
5
5
5
5
5
5
5
5
5
5
5
5
5
5
5
5
5
5
5
5
5
5
5
5
5
5
5
5
5
5
5
5
5
5
5
5
5
5
5
5
5
5
5
5
5
5
5
5
5
5
5
5
5
5
5
5
5
5
5
5
5
5
5
5
5
5
5
5
5
5
5
5
5
5
5
5
5
5
5
5
5
5
5
5
5
5
5
5
5
5
5
5
5
5
5
5
5
5
5
5
5
5
5
5
5
5
5
5
5
5
5
5
5
5
5
5
5
5
5
5
5
5
5
5
5
5
5
5
5
5
5
5
5
5
5
5
5
5
5
5
5
5
5
5
5
5
5
5
5
5
5
5
5
5
5
5
5
5
5
5
5
5
5
5
5
5
5
5
5
5
5
5
5
5
5
5
5
5
5
5
5
5
5
5
5
5
5
5
5
5
5
5
5
5
5
5
5
5
5
5
5
5
5
5
5
5
5
5
5
5
5
5
5
5
5
5
5
5
5
5
5
5
5
5
5
5
5
5
5
5
5
5
5
5
5
5
5
5
5
5
5
5
5
5
5
5
5
5
5
5
5
5
5
5
5
5
5
5
5
5
5
5
5
5
5
5
5
5
5
5
5
5
5
5
5
5
5
5
5
5
5
5
5
5
5
5
5
5
5
5
5
5
5
5
5
5
5
5
5
5
5
5
5
5
5
5
5
5
5
5
5
5
5
5
5
5
5
5
5
5
5
5
5
5
5
5
5
5
5
5
5
5
5
5
5
5
5
5
5
5
5
5
5
5
5
5
5
5
5
5
5
5
5
5
5
5
5
5
5
5
5
5
5
5
5
5
5
5
5
5
5
5
5
5
5
5
5
5
5
5
5
5
5
5
5
5
5
5
5
5
5
5
5
5
5
5
5
5
5
5
5
5
5
5
5
5
5
5
5
5
5
5
5
5
5
5
5
5
5
5
5
5
5
5
5
5
5
5
5
5
5
5
5
5
5
5
5
5
5
5
5
5
5
5
5
5
5
5
5
5
5
5
5
5
5
5
5
5
5
5
5
5
5
5
5
5
5
5
5
5
5
5
5
5
5
5
5
5
5
5
5
5
5
5
5
5
5
5
5
5
5
5
5
5
5
5
5
5
5
5
5
5
5
5
5
5
5
5
5
5
5
5
5
5
5
5
5
5
5
5
5
5
5
5
5
5
5
5
5
5
5
5
5
5
5
5
5
5
5
5
5
5
5
5
5
5
5
5
5
5
5
5
5
5
5
5
5
5
5
5
5
5
5
5
5
5
5
5
5
5
5
5
5
5
5
5
5
5
5
5
5
5
5
5
5
5
5
5
5
5
5
5
5
5
5
5
5
5
5
5
5
5
5
5
5
5
5
5
5
5
5
5
5
5
5
5
5
5
5
5
5
5
5
5
5
5
5
5
5
5
5
5
5
5
5
5
5
5
5
5
5
5
5
5
5
5
5
5
5
5
5
5
5
5
5
5
5
5
5
5
5
5
5
5
5
5
5
5
5
5
5
5
5
5
5
5
5
5
5
5
5
5
5
5
5
5
5
5
5
5
5
5
5
5
5
5
5
5
5
5
5
POINT_DATA 945
FIELD FieldData 2
VELOCITY 3 945  float
1.0000000e-01 0.0000000e+00 0.0000000e+00 
1.0000043e-01 0.0000000e+00 0.0000000e+00 
1.0000011e-01 0.0000000e+00 0.0000000e+00 
1.0000000e-01 0.0000000e+00 0.0000000e+00 
0.0000000e+00 0.0000000e+00 0.0000000e+00 
0.0000000e+00 0.0000000e+00 0.0000000e+00 
0.0000000e+00 0.0000000e+00 0.0000000e+00 
0.0000000e+00 0.0000000e+00 0.0000000e+00 
0.0000000e+00 0.0000000e+00 0.0000000e+00 
0.0000000e+00 0.0000000e+00 0.0000000e+00 
0.0000000e+00 0.0000000e+00 0.0000000e+00 
0.0000000e+00 0.0000000e+00 0.0000000e+00 
0.0000000e+00 0.0000000e+00 0.0000000e+00 
0.0000000e+00 0.0000000e+00 0.0000000e+00 
0.0000000e+00 0.0000000e+00 0.0000000e+00 
0.0000000e+00 0.0000000e+00 0.0000000e+00 
0.0000000e+00 0.0000000e+00 0.0000000e+00 
0.0000000e+00 0.0000000e+00 0.0000000e+00 
0.0000000e+00 0.0000000e+00 0.0000000e+00 
0.0000000e+00 0.0000000e+00 0.0000000e+00 
0.0000000e+00 0.0000000e+00 0.0000000e+00 
0.0000000e+00 0.0000000e+00 0.0000000e+00 
0.0000000e+00 0.0000000e+00 0.0000000e+00 
0.0000000e+00 0.0000000e+00 0.0000000e+00 
0.0000000e+00 0.0000000e+00 0.0000000e+00 
0.0000000e+00 0.0000000e+00 0.0000000e+00 
0.0000000e+00 0.0000000e+00 0.0000000e+00 
0.0000000e+00 0.0000000e+00 0.0000000e+00 
0.0000000e+00 0.0000000e+00 0.0000000e+00 
0.0000000e+00 0.0000000e+00 0.0000000e+00 
0.0000000e+00 0.0000000e+00 0.0000000e+00 
0.0000000e+00 0.0000000e+00 0.0000000e+00 
0.0000000e+00 0.0000000e+00 0.0000000e+00 
0.0000000e+00 0.0000000e+00 0.0000000e+00 
0.0000000e+00 0.0000000e+00 0.0000000e+00 
0.0000000e+00 0.0000000e+00 0.0000000e+00 
1.0018120e-01 5.8565034e-27 0.0000000e+00 
1.0074795e-01 -1.2924697e-26 0.0000000e+00 
1.0188349e-01 -1.2924697e-26 0.0000000e+00 
1.0386042e-01 -1.2924697e-26 0.0000000e+00 
1.0690150e-01 -2.5849394e-25 0.0000000e+00 
1.1097574e-01 -2.5849394e-25 0.0000000e+00 
1.1601554e-01 -2.5849394e-25 0.0000000e+00 
1.2146432e-01 4.1359031e-25 0.0000000e+00 
1.2670743e-01 -2.5849394e-24 0.0000000e+00 
1.3081647e-01 4.1359031e-25 0.0000000e+00 
1.3325582e-01 3.3087225e-24 0.0000000e+00 
1.3366567e-01 3.3087225e-24 0.0000000e+00 
1.3196158e-01 3.3087225e-24 0.0000000e+00 
1.2820777e-01 -8.2718061e-25 0.0000000e+00 
1.2263001e-01 -8.2718061e-25 0.0000000e+00 
1.1646416e-01 -8.2718061e-25 0.0000000e+00 
1.1106365e-01 0.0000000e+00 0.0000000e+00 
1.0695136e-01 0.0000000e+00 0.0000000e+00 
1.0408191e-01 0.0000000e+00 0.0000000e+00 
1.0233165e-01 -1.0339758e-25 0.0000000e+00 
1.0131647e-01 -1.0339758e-25 0.0000000e+00 
1.0074371e-01 -1.0339758e-25 0.0000000e+00 
1.0041618e-01 -5.1698788e-26 0.0000000e+00 
1.0023441e-01 -5.1698788e-26 0.0000000e+00 
1.0013443e-01 -5.1698788e-26 0.0000000e+00 
1.0007606e-01 7.7548182e-26 0.0000000e+00 
1.0004327e-01 7.7548182e-26 0.0000000e+00 
1.0002450e-01 7.7548182e-26 0.0000000e+00 
1.0001386e-01 -3.2311743e-27 0.0000000e+00 
1.0000788e-01 -3.2311743e-27 0.0000000e+00 
1.0000453e-01 -3.2311743e-27 0.0000000e+00 
1.0000263e-01 1.2495557e-27 0.0000000e+00 
1.0000156e-01 1.2495557e-27 0.0000000e+00 
1.0000095e-01 1.2495557e-27 0.0000000e+00 
1.0000060e-01 -4.0389678e-28 0.0000000e+00 
1.0000034e-01 1.7024662e-07 0.0000000e+00 
1.0000020e-01 2.7411551e-07 0.0000000e+00 
1.0000001e-01 2.9843736e-07 0.0000000e+00 
9.9999852e-02 2.3284505e-07 0.0000000e+00 
9.9999756e-02 9.5173633e-08 0.0000000e+00 
9.9999741e-02 -5.2584479e-08 0.0000000e+00 
9.9999830e-02 -1.6839937e-07 0.0000000e+00 
9.9999949e-02 -1.7041273e-07 0.0000000e+00 
1.0000005e-01 -1.1646981e-07 0.0000000e+00 
1.0000024e-01 -1.6155871e-27 0.0000000e+00 
1.0000052e-01 -1.2621774e-27 0.0000000e+00 
1.0000102e-01 -1.2621774e-27 0.0000000e+00 
1.0000199e-01 -1.2621774e-27 0.0000000e+00 
1.0000379e-01 8.1789099e-27 0.0000000e+00 
1.0000681e-01 8.1789099e-27 0.0000000e+00 
1.0001251e-01 8.1789099e-27 0.0000000e+00 
1.0002285e-01 -7.7548182e-26 0.0000000e+00 
1.0004056e-01 -7.7548182e-26 0.0000000e+00 
1.0007180e-01 -7.7548182e-26 0.0000000e+00 
1.0012802e-01 -2.0679515e-25 0.0000000e+00 
1.0023028e-01 -2.0679515e-25 0.0000000e+00 
1.0041198e-01 -2.0679515e-25 0.0000000e+00 
1.0073564e-01 2.0679515e-25 0.0000000e+00 
1.0130879e-01 2.0679515e-25 0.0000000e+00 
1.0231124e-01 2.0679515e-25 0.0000000e+00 
1.0403578e-01 1.6543612e-24 0.0000000e+00 
1.0686688e-01 1.6543612e-24 0.0000000e+00 
1.1100440e-01 1.6543612e-24 0.0000000e+00 
1.1649249e-01 -1.4475661e-24 0.0000000e+00 
1.2273962e-01 -1.4475661e-24 0.0000000e+00 
1.2821354e-01 -1.4475661e-24 0.0000000e+00 
1.3204044e-01 0.0000000e+00 0.0000000e+00 
1.3386063e-01 0.0000000e+00 0.0000000e+00 
1.3339624e-01 0.0000000e+00 0.0000000e+00 
1.3081206e-01 5.1698788e-26 0.0000000e+00 
1.2662688e-01 5.1698788e-26 0.0000000e+00 
1.2145685e-01 5.1698788e-26 0.0000000e+00 
1.1604563e-01 -3.1019273e-25 0.0000000e+00 
1.1098089e-01 -3.1019273e-25 0.0000000e+00 
1.0687134e-01 -3.1019273e-25 0.0000000e+00 
1.0379633e-01 0.0000000e+00 0.0000000e+00 
1.0181881e-01 0.0000000e+00 0.0000000e+00 
1.0071273e-01 0.0000000e+00 0.0000000e+00 
1.0015592e-01 9.6935228e-27 0.0000000e+00 
1.0000000e-01 0.0000000e+00 0.0000000e+00 
1.0000000e-01 0.0000000e+00 0.0000000e+00 
1.0000000e-01 0.0000000e+00 0.0000000e+00 
1.0000000e-01 0.0000000e+00 0.0000000e+00 
1.0000000e-01 0.0000000e+00 0.0000000e+00 
1.0000000e-01 0.0000000e+00 0.0000000e+00 
1.0000000e-01 0.0000000e+00 0.0000000e+00 
1.0000000e-01 0.0000000e+00 0.0000000e+00 
1.0000000e-01 0.0000000e+00 0.0000000e+00 
1.0357318e-02 8.6415112e-03 0.0000000e+00 
1.1314096e-01 -4.4645378e-03 0.0000000e+00 
1.1961457e-01 5.5553550e-03 0.0000000e+00 
1.0087467e-01 4.7365142e-04 0.0000000e+00 
1.0004863e-01 2.6335387e-05 0.0000000e+00 
1.0000440e-01 -2.4312299e-06 0.0000000e+00 
1.0454804e-01 -2.8336784e-03 0.0000000e+00 
1.0477210e-01 2.3902557e-03 0.0000000e+00 
1.0479936e-01 2.4101145e-03 0.0000000e+00 
9.9874608e-02 -1.8194345e-04 0.0000000e+00 
1.0026652e-01 -1.5283620e-04 0.0000000e+00 
1.0274785e-01 -1.4465738e-03 0.0000000e+00 
1.0000861e-01 5.0329231e-06 0.0000000e+00 
1.0002663e-01 -1.4046004e-05 0.0000000e+00 
1.3096456e-01 -3.1346662e-03 0.0000000e+00 
9.9999674e-02 2.3504300e-07 0.0000000e+00 
1.3383324e-01 1.4278506e-03 0.0000000e+00 
1.1887508e-01 3.9578048e-03 0.0000000e+00 
1.1880831e-01 -4.8028845e-03 0.0000000e+00 
1.3326247e-01 2.3622331e-03 0.0000000e+00 
1.0000165e-01 9.9117665e-07 0.0000000e+00 
1.3315186e-01 -2.0955249e-03 0.0000000e+00 
9.9946655e-02 3.8718191e-04 0.0000000e+00 
9.9999681e-02 -1.6523536e-07 0.0000000e+00 
1.0015348e-01 8.0516038e-05 0.0000000e+00 
1.0008186e-01 -4.5793826e-05 0.0000000e+00 
1.0086124e-01 -4.8121854e-04 0.0000000e+00 
1.0000112e-01 -7.6606170e-07 0.0000000e+00 
1.0000747e-01 -4.8400203e-04 0.0000000e+00 
1.0108107e-01 8.1250898e-04 0.0000000e+00 
1.0000011e-01 3.8620672e-07 0.0000000e+00 
1.0103063e-01 -9.4277045e-04 0.0000000e+00 
1.0000005e-01 -2.0966050e-07 0.0000000e+00 
1.0000066e-01 2.8933147e-07 0.0000000e+00 
1.0003933e-01 3.6297919e-04 0.0000000e+00 
1.3451338e-01 -2.9600321e-04 0.0000000e+00 
1.3684393e-01 9.5907343e-04 0.0000000e+00 
1.3458860e-01 4.3973327e-03 0.0000000e+00 
1.3860829e-01 4.6816394e-03 0.0000000e+00 
1.4033708e-01 4.4838109e-04 0.0000000e+00 
1.4102067e-01 4.5173569e-03 0.0000000e+00 
1.3728046e-01 9.4968993e-03 0.0000000e+00 
1.3350302e-01 1.0124404e-02 0.0000000e+00 
1.2808023e-01 1.5322200e-02 0.0000000e+00 
1.1124772e-01 1.5942210e-02 0.0000000e+00 
1.0854726e-01 1.9672610e-02 0.0000000e+00 
8.4013827e-02 1.8615397e-02 0.0000000e+00 
8.3122157e-02 2.1691959e-02 0.0000000e+00 
5.5417653e-02 1.7493626e-02 0.0000000e+00 
5.6100380e-02 1.9979235e-02 0.0000000e+00 
2.8413851e-02 1.3187199e-02 0.0000000e+00 
3.3858918e-02 1.4598474e-02 0.0000000e+00 
1.2480719e-02 6.1522140e-03 0.0000000e+00 
2.3541396e-02 5.6257853e-03 0.0000000e+00 
4.2527746e-02 1.5146008e-02 0.0000000e+00 
3.6608037e-02 3.8118777e-03 0.0000000e+00 
1.6033426e-02 -3.4928890e-03 0.0000000e+00 
5.4840710e-02 1.4569828e-02 0.0000000e+00 
5.1694028e-02 9.9718082e-04 0.0000000e+00 
3.0546528e-03 1.0609085e-04 0.0000000e+00 
-1.3360602e-03 -2.7911433e-03 0.0000000e+00 
6.7203663e-02 1.2714536e-02 0.0000000e+00 
6.6600271e-02 -1.7736718e-04 0.0000000e+00 
1.4301975e-01 -9.5050846e-04 0.0000000e+00 
1.0887482e-01 2.2478471e-02 0.0000000e+00 
7.8116037e-02 9.4007207e-03 0.0000000e+00 
7.9054639e-02 -1.4549195e-03 0.0000000e+00 
6.1408007e-03 -2.5791309e-03 0.0000000e+00 
2.2676615e-02 -1.0865919e-02 0.0000000e+00 
-1.6249260e-03 1.3603905e-03 0.0000000e+00 
8.5790463e-02 5.4757493e-03 0.0000000e+00 
8.7931558e-02 -2.1544036e-03 0.0000000e+00 
9.1762580e-02 2.7631063e-03 0.0000000e+00 
9.3131699e-02 -1.1463021e-03 0.0000000e+00 
9.5332697e-02 1.5044279e-03 0.0000000e+00 
9.6141964e-02 -7.9295720e-04 0.0000000e+00 
9.7319372e-02 7.5172458e-04 0.0000000e+00 
1.3329171e-02 -8.0025047e-03 0.0000000e+00 
3.8197637e-02 -1.4944005e-02 0.0000000e+00 
5.1686522e-02 -1.9137913e-02 0.0000000e+00 
3.2969657e-02 -1.1572109e-02 0.0000000e+00 
5.9923243e-02 -1.6732352e-02 0.0000000e+00 
5.3711165e-02 -1.3329950e-02 0.0000000e+00 
8.4577836e-02 -1.6739944e-02 0.0000000e+00 
7.7381209e-02 -1.3559396e-02 0.0000000e+00 
1.0804880e-01 -1.4623641e-02 0.0000000e+00 
1.0687163e-01 -1.1413886e-02 0.0000000e+00 
1.0995682e-01 -1.7780663e-02 0.0000000e+00 
1.2766334e-01 -1.0259187e-02 0.0000000e+00 
1.2931885e-01 -6.0787327e-03 0.0000000e+00 
9.9643068e-03 -3.0977146e-03 0.0000000e+00 
-6.7424604e-05 1.8183714e-03 0.0000000e+00 
9.7905889e-02 -4.8249227e-04 0.0000000e+00 
9.8494001e-02 3.4783522e-04 0.0000000e+00 
9.8889142e-02 -3.9089855e-04 0.0000000e+00 
9.9185817e-02 1.4991105e-04 0.0000000e+00 
1.3922097e-01 -4.8722336e-03 0.0000000e+00 
1.4133100e-01 -8.2459825e-05 0.0000000e+00 
6.4791836e-02 -1.1814324e-02 0.0000000e+00 
9.9399731e-02 -2.2711953e-04 0.0000000e+00 
9.9544533e-02 7.0698821e-05 0.0000000e+00 
9.9669233e-02 -1.3327606e-04 0.0000000e+00 
9.9745467e-02 3.0842322e-05 0.0000000e+00 
1.1670641e-01 1.2068362e-02 0.0000000e+00 
9.9817775e-02 -7.8448087e-05 0.0000000e+00 
9.9858098e-02 1.2733381e-05 0.0000000e+00 
9.9897929e-02 -4.5082332e-05 0.0000000e+00 
9.9920392e-02 5.1771667e-06 0.0000000e+00 
-2.5467624e-04 -1.7030166e-03 0.0000000e+00 
9.9943511e-02 -2.6023210e-05 0.0000000e+00 
9.9954531e-02 1.9734250e-06 0.0000000e+00 
9.9969067e-02 -1.6855267e-05 0.0000000e+00 
9.9974580e-02 -5.1994920e-08 0.0000000e+00 
9.9983275e-02 -9.7124512e-06 0.0000000e+00 
9.9985801e-02 -3.1538522e-07 0.0000000e+00 
1.2966312e-01 -1.8469217e-03 0.0000000e+00 
1.4287449e-01 5.6391242e-03 0.0000000e+00 
3.1922381e-02 -3.9833151e-03 0.0000000e+00 
9.4071627e-02 -5.3930338e-03 0.0000000e+00 
9.1460735e-02 1.2561815e-02 0.0000000e+00 
5.5896815e-02 1.4063234e-02 0.0000000e+00 
7.9883754e-02 2.2476545e-02 0.0000000e+00 
9.9990733e-02 -5.5218643e-06 0.0000000e+00 
9.9992022e-02 -2.9923595e-07 0.0000000e+00 
9.9994875e-02 -3.1609054e-06 0.0000000e+00 
9.9995516e-02 -2.2542612e-07 0.0000000e+00 
9.9994838e-02 2.5733516e-06 0.0000000e+00 
9.9997066e-02 1.4230448e-06 0.0000000e+00 
9.9984102e-02 8.6767495e-06 0.0000000e+00 
1.3203277e-01 1.3967435e-02 0.0000000e+00 
1.4258613e-01 -4.1946064e-04 0.0000000e+00 
9.9997215e-02 -1.8272792e-06 0.0000000e+00 
9.9916995e-02 5.6474575e-05 0.0000000e+00 
1.3653950e-01 -8.9308498e-03 0.0000000e+00 
9.9567376e-02 3.6965957e-04 0.0000000e+00 
9.7638443e-02 2.4261912e-03 0.0000000e+00 
1.3462371e-01 4.8423992e-03 0.0000000e+00 
1.4385107e-01 1.1979905e-02 0.0000000e+00 
1.4388157e-01 9.7803744e-03 0.0000000e+00 
1.4272159e-01 1.5380015e-02 0.0000000e+00 
1.4305636e-01 1.9587979e-02 0.0000000e+00 
1.3987504e-01 2.1368722e-02 0.0000000e+00 
5.1790718e-02 4.0889185e-02 0.0000000e+00 
1.4014207e-01 2.7174484e-02 0.0000000e+00 
1.3494030e-01 2.6327187e-02 0.0000000e+00 
6.1104398e-02 2.2134986e-02 0.0000000e+00 
1.3441566e-01 1.9718429e-02 0.0000000e+00 
1.2915146e-01 2.2941457e-02 0.0000000e+00 
1.2793966e-01 3.1188510e-02 0.0000000e+00 
1.2284424e-01 2.5037063e-02 0.0000000e+00 
1.1933111e-01 3.1848624e-02 0.0000000e+00 
1.1631561e-01 2.5092483e-02 0.0000000e+00 
1.1148301e-01 3.0274076e-02 0.0000000e+00 
2.8669797e-02 3.8247459e-02 0.0000000e+00 
1.1037045e-01 2.3230206e-02 0.0000000e+00 
1.0458506e-01 2.6408937e-02 0.0000000e+00 
1.0557812e-01 2.0298343e-02 0.0000000e+00 
1.0022325e-01 2.1746362e-02 0.0000000e+00 
1.0202600e-01 1.6776519e-02 0.0000000e+00 
9.6736431e-02 1.7403282e-02 0.0000000e+00 
9.9760301e-02 1.2953247e-02 0.0000000e+00 
9.5977157e-02 1.1953287e-02 0.0000000e+00 
9.1668122e-02 1.4402008e-02 0.0000000e+00 
9.2787288e-02 9.5372703e-03 0.0000000e+00 
8.7881438e-02 1.0157915e-02 0.0000000e+00 
9.0171173e-02 6.2260479e-03 0.0000000e+00 
8.5889526e-02 4.8365234e-03 0.0000000e+00 
8.9787073e-02 2.2512805e-03 0.0000000e+00 
8.6189374e-02 -5.9555593e-04 0.0000000e+00 
9.0488710e-02 -1.3719649e-03 0.0000000e+00 
8.8473372e-02 -5.0800592e-03 0.0000000e+00 
9.2458010e-02 -4.2504324e-03 0.0000000e+00 
9.5842749e-02 7.9613412e-03 0.0000000e+00 
9.1794237e-02 -8.0483211e-03 0.0000000e+00 
8.6639717e-02 -1.0358339e-02 0.0000000e+00 
9.2487238e-02 -1.2386928e-02 0.0000000e+00 
8.8471264e-02 -1.7844290e-02 0.0000000e+00 
1.3682616e-02 -2.2778444e-02 0.0000000e+00 
9.4987616e-02 -1.7069839e-02 0.0000000e+00 
9.3383640e-02 -2.3256721e-02 0.0000000e+00 
9.2962004e-02 1.4249656e-03 0.0000000e+00 
9.4864778e-02 -6.0850815e-03 0.0000000e+00 
9.9126272e-02 -2.0715795e-02 0.0000000e+00 
9.9278927e-02 -2.7269075e-02 0.0000000e+00 
4.3715965e-02 -4.4790965e-02 0.0000000e+00 
1.0452877e-01 -2.2877717e-02 0.0000000e+00 
1.0656416e-01 -2.9218882e-02 0.0000000e+00 
6.8048075e-02 -1.3799103e-02 0.0000000e+00 
6.1645932e-02 -3.4681801e-02 0.0000000e+00 
9.9453747e-02 -1.5496958e-02 0.0000000e+00 
9.7525410e-02 2.8620427e-02 0.0000000e+00 
8.1624664e-02 -1.4994296e-02 0.0000000e+00 
1.0618291e-01 1.5152816e-02 0.0000000e+00 
8.1038058e-02 9.6130818e-03 0.0000000e+00 
1.1064128e-01 -2.2843199e-02 0.0000000e+00 
1.1481801e-01 -2.9348029e-02 0.0000000e+00 
1.0801823e-01 -1.8041883e-02 0.0000000e+00 
9.2382230e-02 -3.1573307e-02 0.0000000e+00 
9.5192380e-02 -3.2897461e-03 0.0000000e+00 
9.7220138e-02 -4.6659796e-03 0.0000000e+00 
9.7204395e-02 -2.3689871e-03 0.0000000e+00 
9.8538116e-02 -3.1294320e-03 0.0000000e+00 
1.2929592e-01 1.6959649e-02 0.0000000e+00 
1.3348016e-01 1.4038006e-02 0.0000000e+00 
1.1684628e-01 -2.1440329e-02 0.0000000e+00 
1.2189998e-01 -2.5535269e-02 0.0000000e+00 
1.2168280e-01 -3.2680541e-02 0.0000000e+00 
1.2875992e-01 -2.8987603e-02 0.0000000e+00 
1.2678805e-01 -2.1432776e-02 0.0000000e+00 
1.3313945e-01 -2.2386994e-02 0.0000000e+00 
1.3646628e-01 -2.8217195e-02 0.0000000e+00 
3.4276798e-02 3.8447711e-03 0.0000000e+00 
1.3030091e-01 -1.6801208e-02 0.0000000e+00 
1.3933118e-01 -2.1073084e-02 0.0000000e+00 
1.4188288e-01 -2.4431946e-02 0.0000000e+00 
1.1468320e-01 1.9292179e-02 0.0000000e+00 
1.1315288e-01 3.8107462e-02 0.0000000e+00 
2.4499269e-02 -7.5138090e-03 0.0000000e+00 
9.9997707e-02 3.4584864e-06 0.0000000e+00 
9.9998683e-02 1.9636586e-06 0.0000000e+00 
8.2164556e-02 -1.1143684e-02 0.0000000e+00 
9.9033684e-02 -1.2174719e-03 0.0000000e+00 
1.1313824e-01 -2.4112675e-03 0.0000000e+00 
1.4346831e-01 -1.7699981e-02 0.0000000e+00 
1.4085129e-01 -1.4770131e-02 0.0000000e+00 
1.4085449e-01 -1.6316859e-02 0.0000000e+00 
9.9173062e-02 -5.0039920e-03 0.0000000e+00 
1.3784707e-01 -3.2526407e-02 0.0000000e+00 
9.9717356e-02 -3.6822431e-04 0.0000000e+00 
9.9998347e-02 7.9823633e-07 0.0000000e+00 
1.3866796e-01 2.4085334e-02 0.0000000e+00 
1.3715555e-01 3.2866508e-02 0.0000000e+00 
9.9918135e-02 -1.1403695e-04 0.0000000e+00 
1.2813540e-01 2.5592575e-02 0.0000000e+00 
1.2503365e-01 1.5589476e-02 0.0000000e+00 
1.2913451e-01 1.1848541e-02 0.0000000e+00 
9.9993199e-02 -1.2225687e-05 0.0000000e+00 
1.4094971e-01 -3.1227260e-03 0.0000000e+00 
1.4332929e-01 -1.1642319e-02 0.0000000e+00 
1.3328344e-01 -7.7510821e-03 0.0000000e+00 
1.3791618e-01 -4.5532379e-03 0.0000000e+00 
1.2018898e-01 6.1231892e-04 0.0000000e+00 
9.9978380e-02 -4.3319433e-05 0.0000000e+00 
9.8562516e-02 -1.6758261e-03 0.0000000e+00 
9.7792447e-02 -6.9290347e-04 0.0000000e+00 
1.2494592e-01 -1.6125973e-02 0.0000000e+00 
1.2827204e-01 -1.1912144e-02 0.0000000e+00 
9.9828348e-02 -3.1565570e-03 0.0000000e+00 
1.2465773e-01 1.3760983e-02 0.0000000e+00 
9.9999264e-02 1.1142455e-06 0.0000000e+00 
1.2613127e-01 -1.0420436e-02 0.0000000e+00 
9.9999838e-02 3.0658682e-06 0.0000000e+00 
9.9999778e-02 5.3578242e-06 0.0000000e+00 
9.9998146e-02 -3.9805850e-06 0.0000000e+00 
9.9998973e-02 -2.1347687e-06 0.0000000e+00 
1.2771206e-01 3.6662932e-02 0.0000000e+00 
1.3210009e-01 4.0546555e-02 0.0000000e+00 
1.2362825e-01 4.6900909e-02 0.0000000e+00 
9.9998452e-02 -9.7982638e-07 0.0000000e+00 
9.9999472e-02 -1.1558460e-06 0.0000000e+00 
1.2798575e-01 2.1256001e-03 0.0000000e+00 
1.0466690e-01 6.3861576e-03 0.0000000e+00 
8.8381819e-02 5.4361802e-03 0.0000000e+00 
7.2307274e-02 8.7371944e-03 0.0000000e+00 
5.1878583e-02 7.4739177e-03 0.0000000e+00 
4.1546479e-02 7.0794798e-03 0.0000000e+00 
6.0830776e-02 9.4475625e-03 0.0000000e+00 
3.3793334e-02 6.3647460e-03 0.0000000e+00 
1.0094947e-01 -4.3874267e-03 0.0000000e+00 
1.0102924e-01 -6.8368274e-03 0.0000000e+00 
1.0000189e-01 3.6391025e-06 0.0000000e+00 
5.1555868e-02 9.7504593e-03 0.0000000e+00 
2.7697969e-02 6.2176506e-03 0.0000000e+00 
1.3865005e-02 2.1172636e-03 0.0000000e+00 
1.0389189e-02 2.5909911e-03 0.0000000e+00 
9.9999070e-02 -5.0828186e-07 0.0000000e+00 
6.3990943e-02 6.1065387e-03 0.0000000e+00 
1.2514555e-01 9.0410551e-03 0.0000000e+00 
1.3362463e-01 8.8301990e-03 0.0000000e+00 
1.3328339e-01 -1.1786785e-02 0.0000000e+00 
9.9999622e-02 -6.5259718e-07 0.0000000e+00 
1.3058025e-01 -7.9880813e-03 0.0000000e+00 
9.8953404e-02 -6.2547374e-04 0.0000000e+00 
9.8650225e-02 2.2189059e-04 0.0000000e+00 
9.9389568e-02 -1.1162873e-03 0.0000000e+00 
9.7085558e-02 8.8304607e-04 0.0000000e+00 
9.8567955e-02 1.3999040e-03 0.0000000e+00 
9.7603694e-02 2.7131522e-03 0.0000000e+00 
9.9033564e-02 2.4307691e-03 0.0000000e+00 
9.8581374e-02 4.4825613e-03 0.0000000e+00 
9.9948101e-02 3.2229070e-03 0.0000000e+00 
1.0045013e-01 5.0954232e-03 0.0000000e+00 
9.9842370e-02 1.8659626e-03 0.0000000e+00 
2.1221698e-03 -7.2786800e-04 0.0000000e+00 
-2.4834184e-05 4.5249343e-04 0.0000000e+00 
8.7005235e-03 3.7722967e-03 0.0000000e+00 
-3.3941595e-03 -1.1604028e-03 0.0000000e+00 
-5.0251959e-03 -7.5569478e-05 0.0000000e+00 
9.9999040e-02 4.5733182e-07 0.0000000e+00 
1.0121844e-01 3.3476499e-03 0.0000000e+00 
1.2610918e-01 -7.8645609e-03 0.0000000e+00 
-5.0687715e-03 3.3257907e-05 0.0000000e+00 
-5.2696052e-03 2.8964718e-05 0.0000000e+00 
-3.4671004e-03 1.0493806e-03 0.0000000e+00 
-6.0703297e-04 -6.6578615e-04 0.0000000e+00 
2.3256890e-03 3.2218499e-04 0.0000000e+00 
1.0595303e-01 2.3515312e-02 0.0000000e+00 
1.4398867e-01 -6.9355834e-03 0.0000000e+00 
1.2475953e-01 4.5555208e-02 0.0000000e+00 
1.1628346e-01 5.2911103e-02 0.0000000e+00 
1.3448164e-01 -7.5170202e-03 0.0000000e+00 
1.4058518e-01 1.1169059e-02 0.0000000e+00 
1.4161527e-01 6.7457440e-03 0.0000000e+00 
9.9358186e-02 5.8935222e-04 0.0000000e+00 
1.1666606e-01 2.2305874e-03 0.0000000e+00 
8.6964540e-02 -4.9463557e-03 0.0000000e+00 
8.4530175e-02 -7.2079631e-03 0.0000000e+00 
5.5807326e-02 -7.5269435e-03 0.0000000e+00 
8.9085340e-02 -1.1687869e-03 0.0000000e+00 
-5.2505238e-03 1.3049171e-04 0.0000000e+00 
3.1946640e-02 6.5945154e-03 0.0000000e+00 
1.0000040e-01 -2.9144439e-06 0.0000000e+00 
1.0000081e-01 -5.9109534e-06 0.0000000e+00 
7.8545034e-02 1.1416701e-02 0.0000000e+00 
5.7205271e-02 -8.1514297e-03 0.0000000e+00 
3.1184774e-02 -5.6408052e-03 0.0000000e+00 
3.4726851e-02 -6.0646473e-03 0.0000000e+00 
1.4756408e-02 -1.9294475e-03 0.0000000e+00 
1.9969556e-02 -3.5978332e-03 0.0000000e+00 
3.8951285e-02 -7.6651275e-03 0.0000000e+00 
9.9999569e-02 5.8642343e-07 0.0000000e+00 
1.0000002e-01 9.8317503e-07 0.0000000e+00 
-1.3030918e-03 2.6820991e-03 0.0000000e+00 
1.0074401e-01 -2.6204875e-03 0.0000000e+00 
1.0009398e-01 -1.8643206e-03 0.0000000e+00 
1.3628854e-01 1.1300865e-02 0.0000000e+00 
2.6515420e-03 -3.5628737e-03 0.0000000e+00 
1.3643783e-01 -2.6639814e-02 0.0000000e+00 
1.3087165e-01 -3.2843336e-02 0.0000000e+00 
1.3193624e-01 -4.0623832e-02 0.0000000e+00 
1.2150647e-01 -4.1322805e-02 0.0000000e+00 
1.2325560e-01 -4.8478175e-02 0.0000000e+00 
1.2451161e-01 -2.2262979e-02 0.0000000e+00 
8.1875265e-02 -2.2930805e-02 0.0000000e+00 
7.4450791e-02 -1.9572757e-02 0.0000000e+00 
7.5146087e-02 -1.0969945e-02 0.0000000e+00 
6.6188835e-02 -1.3356147e-02 0.0000000e+00 
6.4411819e-02 -2.4599995e-02 0.0000000e+00 
5.3806361e-02 -1.6041994e-02 0.0000000e+00 
5.9529111e-02 -4.3697590e-03 0.0000000e+00 
4.5389056e-02 -2.7763790e-03 0.0000000e+00 
5.5954047e-02 7.6139993e-03 0.0000000e+00 
6.6714391e-02 3.5692842e-03 0.0000000e+00 
6.6294186e-02 1.3212949e-02 0.0000000e+00 
5.7502098e-02 2.0977037e-02 0.0000000e+00 
6.9312543e-02 2.2737205e-02 0.0000000e+00 
6.3885726e-02 3.3232804e-02 0.0000000e+00 
7.5519510e-02 3.0740697e-02 0.0000000e+00 
7.4533693e-02 4.1891713e-02 0.0000000e+00 
7.8952193e-02 2.1988263e-02 0.0000000e+00 
4.8268769e-02 3.1661734e-02 0.0000000e+00 
5.2115034e-02 -3.0813864e-02 0.0000000e+00 
6.6222914e-02 -3.7149958e-02 0.0000000e+00 
5.4633781e-02 -4.5543980e-02 0.0000000e+00 
7.2630726e-02 -4.8594486e-02 0.0000000e+00 
8.4287792e-02 3.5990462e-02 0.0000000e+00 
8.6846180e-02 4.5936443e-02 0.0000000e+00 
7.6234005e-02 5.3501643e-02 0.0000000e+00 
9.2149749e-02 5.5037696e-02 0.0000000e+00 
9.8308988e-02 4.6019074e-02 0.0000000e+00 
7.8348592e-02 -3.8491599e-02 0.0000000e+00 
8.6112119e-02 -4.6534076e-02 0.0000000e+00 
8.3964042e-02 -5.6130473e-02 0.0000000e+00 
9.6947066e-02 -5.0952148e-02 0.0000000e+00 
9.7432703e-02 -5.8163173e-02 0.0000000e+00 
1.0837467e-01 -5.1409356e-02 0.0000000e+00 
1.0424173e-01 -4.3655083e-02 0.0000000e+00 
2.9825808e-03 -1.6440090e-03 0.0000000e+00 
1.0308382e-01 4.9996756e-02 0.0000000e+00 
4.2498149e-02 4.3532941e-02 0.0000000e+00 
1.0000025e-01 -9.8182704e-07 0.0000000e+00 
1.1378797e-01 -4.3039106e-02 0.0000000e+00 
1.3968490e-01 3.9607910e-03 0.0000000e+00 
1.2677404e-01 -4.2160947e-02 0.0000000e+00 
8.4278546e-02 1.5386083e-02 0.0000000e+00 
1.0012429e-01 5.8349166e-02 0.0000000e+00 
3.0840367e-02 -4.0920772e-02 0.0000000e+00 
5.4288011e-02 -4.1976459e-02 0.0000000e+00 
1.7489271e-02 -4.4665923e-03 0.0000000e+00 
5.5102557e-02 2.4125760e-03 0.0000000e+00 
2.4234606e-03 1.1785715e-04 0.0000000e+00 
6.3284546e-02 -2.4083467e-02 0.0000000e+00 
-1.5587735e-03 -1.5896198e-03 0.0000000e+00 
1.8276418e-02 2.7145008e-02 0.0000000e+00 
1.0270343e-01 5.1251608e-03 0.0000000e+00 
1.0210925e-01 7.4910372e-03 0.0000000e+00 
1.0471552e-01 7.0209815e-03 0.0000000e+00 
4.9547900e-02 -1.5329432e-03 0.0000000e+00 
7.8667939e-02 -2.3835420e-03 0.0000000e+00 
4.0204860e-03 3.8130311e-03 0.0000000e+00 
1.5466254e-02 8.4385434e-03 0.0000000e+00 
1.0303494e-01 -5.1830458e-03 0.0000000e+00 
1.0387125e-01 -8.2066972e-03 0.0000000e+00 
1.1123278e-01 -1.6757775e-03 0.0000000e+00 
1.0391621e-01 3.5955451e-02 0.0000000e+00 
1.3317620e-02 -1.2728072e-02 0.0000000e+00 
1.0874454e-01 -8.5314037e-03 0.0000000e+00 
1.0544532e-01 -4.7834240e-02 0.0000000e+00 
1.0000110e-01 2.1176213e-06 0.0000000e+00 
5.9652992e-02 3.2491844e-02 0.0000000e+00 
1.2089390e-01 1.0681661e-02 0.0000000e+00 
8.0040246e-02 1.7325424e-03 0.0000000e+00 
8.3119512e-02 -4.8657414e-03 0.0000000e+00 
1.3782486e-01 7.6219086e-03 0.0000000e+00 
1.3900350e-01 3.8297928e-03 0.0000000e+00 
8.5158005e-02 1.5972329e-02 0.0000000e+00 
9.0033181e-02 2.0997452e-02 0.0000000e+00 
1.1684936e-01 7.0255413e-03 0.0000000e+00 
1.3595638e-01 -2.1958747e-03 0.0000000e+00 
1.0829560e-01 3.1540890e-03 0.0000000e+00 
1.1335787e-01 4.6227998e-03 0.0000000e+00 
1.0000346e-01 6.2663030e-06 0.0000000e+00 
9.9999823e-02 9.4238585e-06 0.0000000e+00 
1.0831128e-01 -3.2280467e-03 0.0000000e+00 
1.0103091e-01 -1.1039147e-02 0.0000000e+00 
1.0499448e-01 -1.1831765e-02 0.0000000e+00 
1.0729668e-01 -8.9489492e-03 0.0000000e+00 
9.7953908e-02 -8.0020921e-03 0.0000000e+00 
1.0924862e-01 -1.2982971e-02 0.0000000e+00 
1.1172721e-01 -8.6501511e-03 0.0000000e+00 
1.1475058e-01 -1.1779403e-02 0.0000000e+00 
1.3111506e-01 2.9638035e-03 0.0000000e+00 
1.3088532e-01 7.2705802e-03 0.0000000e+00 
1.2645474e-01 4.5938841e-03 0.0000000e+00 
1.2548222e-01 1.0857567e-02 0.0000000e+00 
1.1759663e-01 1.2331886e-02 0.0000000e+00 
1.1862831e-01 1.7676944e-02 0.0000000e+00 
1.0802509e-01 1.8470800e-02 0.0000000e+00 
1.1021860e-01 1.2146764e-02 0.0000000e+00 
1.0204710e-01 1.5150588e-02 0.0000000e+00 
1.0496172e-01 9.8875118e-03 0.0000000e+00 
1.0933351e-01 7.2735683e-03 0.0000000e+00 
1.3384871e-01 -1.6157131e-03 0.0000000e+00 
1.3446558e-01 -5.1084189e-03 0.0000000e+00 
1.3026816e-01 -7.6196329e-03 0.0000000e+00 
1.3453099e-01 -1.0420035e-02 0.0000000e+00 
1.2789603e-01 -1.3919894e-02 0.0000000e+00 
1.2520549e-01 -9.6396888e-03 0.0000000e+00 
1.2098219e-01 -1.5676893e-02 0.0000000e+00 
1.1819462e-01 -2.0763619e-02 0.0000000e+00 
1.1047599e-01 -2.1384753e-02 0.0000000e+00 
9.8588839e-02 -2.4994409e-02 0.0000000e+00 
1.1379399e-01 -1.5563067e-02 0.0000000e+00 
1.0304374e-01 -1.9012908e-02 0.0000000e+00 
1.0783041e-01 -1.3231746e-02 0.0000000e+00 
1.0608777e-01 -2.3734955e-02 0.0000000e+00 
9.8615050e-02 -1.4289009e-02 0.0000000e+00 
1.0336189e-01 -9.7838957e-03 0.0000000e+00 
1.3662523e-01 -1.7649645e-03 0.0000000e+00 
1.3464551e-01 2.4109079e-04 0.0000000e+00 
1.2658978e-01 -1.7793920e-02 0.0000000e+00 
1.3811590e-01 -5.3014881e-03 0.0000000e+00 
8.6940937e-02 -1.8294062e-02 0.0000000e+00 
1.3287126e-01 -1.3601725e-02 0.0000000e+00 
8.8691607e-02 -1.0301073e-02 0.0000000e+00 
7.1413353e-02 -2.3951249e-02 0.0000000e+00 
7.0997998e-02 -2.2572529e-02 0.0000000e+00 
4.7855198e-02 -1.7211255e-02 0.0000000e+00 
1.0616327e-01 5.2044667e-02 0.0000000e+00 
1.0848490e-01 7.3818541e-03 0.0000000e+00 
1.1341012e-01 9.5077362e-03 0.0000000e+00 
6.0254283e-02 4.5260072e-02 0.0000000e+00 
4.2904802e-02 1.4213474e-02 0.0000000e+00 
1.2816966e-01 -4.6560648e-03 0.0000000e+00 
1.2537584e-01 1.6240049e-02 0.0000000e+00 
1.1384712e-01 2.2696916e-02 0.0000000e+00 
1.0464607e-01 2.3021530e-02 0.0000000e+00 
9.0267420e-02 2.5454886e-02 0.0000000e+00 
1.0505044e-01 1.0345766e-02 0.0000000e+00 
1.0233926e-01 -1.3978838e-03 0.0000000e+00 
9.9855706e-02 1.9148226e-04 0.0000000e+00 
1.0243706e-01 1.3932724e-03 0.0000000e+00 
3.7116218e-02 -1.8011980e-02 0.0000000e+00 
1.1989021e-01 -5.5271741e-03 0.0000000e+00 
1.7698167e-02 2.7375079e-03 0.0000000e+00 
9.9941775e-02 -3.9027893e-04 0.0000000e+00 
1.0581147e-01 -5.6595649e-03 0.0000000e+00 
1.2949693e-01 3.3479040e-03 0.0000000e+00 
1.4437569e-04 -2.0081098e-03 0.0000000e+00 
1.0000487e-01 2.9837834e-06 0.0000000e+00 
7.4327186e-02 7.3896645e-04 0.0000000e+00 
1.9421402e-02 4.7669397e-03 0.0000000e+00 
5.5896081e-02 1.0970528e-02 0.0000000e+00 
5.5594478e-02 -6.8585635e-03 0.0000000e+00 
9.3043238e-02 -2.3584776e-02 0.0000000e+00 
1.1308677e-01 -4.3222005e-03 0.0000000e+00 
7.7449813e-02 5.9917841e-02 0.0000000e+00 
-1.2955555e-03 2.1520103e-03 0.0000000e+00 
1.1247259e-01 -2.7308224e-02 0.0000000e+00 
1.0822368e-01 -3.4684865e-03 0.0000000e+00 
1.0484280e-01 -2.3762535e-03 0.0000000e+00 
1.0248371e-01 -3.4531779e-03 0.0000000e+00 
1.0131404e-01 -2.0060905e-03 0.0000000e+00 
1.0030550e-01 -3.3010240e-03 0.0000000e+00 
9.9997520e-02 -1.8772908e-03 0.0000000e+00 
1.0082272e-01 -6.0177851e-03 0.0000000e+00 
9.8254606e-02 -4.5401324e-03 0.0000000e+00 
1.0463197e-01 -5.6217639e-03 0.0000000e+00 
1.0070011e-01 -1.1498336e-03 0.0000000e+00 
9.9970989e-02 -1.0492625e-03 0.0000000e+00 
1.3546151e-01 4.7118808e-03 0.0000000e+00 
1.0001372e-01 4.7033001e-04 0.0000000e+00 
1.0019859e-01 1.0360918e-03 0.0000000e+00 
9.5987514e-02 -1.0025004e-03 0.0000000e+00 
1.1298081e-01 -1.6867932e-02 0.0000000e+00 
1.1936370e-01 -1.5565167e-02 0.0000000e+00 
1.1903924e-01 -9.6575478e-03 0.0000000e+00 
1.1933094e-01 1.5556235e-02 0.0000000e+00 
7.3613778e-02 7.8033837e-03 0.0000000e+00 
1.4009520e-01 -2.8573704e-04 0.0000000e+00 
1.1046376e-01 -5.5080410e-02 0.0000000e+00 
1.0037608e-01 -6.4944592e-04 0.0000000e+00 
9.9972785e-02 -5.7921500e-04 0.0000000e+00 
1.0020579e-01 -3.6706062e-04 0.0000000e+00 
9.9984504e-02 -3.1481485e-04 0.0000000e+00 
1.0011256e-01 -2.0005764e-04 0.0000000e+00 
1.0005124e-01 -3.9188564e-04 0.0000000e+00 
9.9508539e-02 -6.5833481e-04 0.0000000e+00 
9.8819889e-02 -2.5075574e-03 0.0000000e+00 
1.0014707e-01 -8.5294116e-05 0.0000000e+00 
1.0005663e-01 -1.0440300e-04 0.0000000e+00 
1.0003713e-01 -5.6767225e-05 0.0000000e+00 
9.9994205e-02 -8.7062515e-05 0.0000000e+00 
9.9579699e-02 7.1679014e-03 0.0000000e+00 
2.7128270e-02 1.7658336e-03 0.0000000e+00 
1.3452880e-01 3.3342488e-02 0.0000000e+00 
1.0109118e-01 -3.5141882e-02 0.0000000e+00 
1.1564802e-01 4.5926917e-02 0.0000000e+00 
9.9999890e-02 -2.5155867e-07 0.0000000e+00 
1.0273150e-01 1.4580602e-03 0.0000000e+00 
1.0234804e-01 3.4170917e-03 0.0000000e+00 
1.0128179e-01 1.9812083e-03 0.0000000e+00 
1.0042842e-01 3.1411850e-03 0.0000000e+00 
1.0014772e-01 1.7609493e-03 0.0000000e+00 
1.0097370e-01 5.4644761e-03 0.0000000e+00 
1.0449555e-01 5.7878611e-03 0.0000000e+00 
1.0070538e-01 1.1169959e-03 0.0000000e+00 
1.0011210e-01 9.6152414e-04 0.0000000e+00 
9.9518590e-02 1.2231526e-03 0.0000000e+00 
1.0048164e-01 -2.7387834e-04 0.0000000e+00 
9.9999867e-02 3.8461408e-07 0.0000000e+00 
1.0154845e-01 -8.3761482e-04 0.0000000e+00 
9.9999607e-02 1.5801984e-08 0.0000000e+00 
1.0000644e-01 1.0956148e-05 0.0000000e+00 
1.0000017e-01 1.6671360e-05 0.0000000e+00 
1.0001175e-01 1.9246507e-05 0.0000000e+00 
1.0000096e-01 2.9428453e-05 0.0000000e+00 
9.9988632e-02 1.9838493e-05 0.0000000e+00 
9.9980965e-02 3.5482604e-05 0.0000000e+00 
1.0000299e-01 5.1615414e-05 0.0000000e+00 
9.9968404e-02 6.3858497e-05 0.0000000e+00 
1.0000820e-01 9.0879541e-05 0.0000000e+00 
9.9948689e-02 1.1538904e-04 0.0000000e+00 
1.0002089e-01 1.5998642e-04 0.0000000e+00 
9.9918008e-02 2.0952427e-04 0.0000000e+00 
1.0004684e-01 2.8327189e-04 0.0000000e+00 
9.9867910e-02 3.7593165e-04 0.0000000e+00 
1.0008134e-01 5.1575119e-04 0.0000000e+00 
1.0023580e-01 3.1922825e-04 0.0000000e+00 
9.9855602e-02 1.0578010e-04 0.0000000e+00 
9.9972300e-02 1.6394248e-05 0.0000000e+00 
9.9993251e-02 1.1016579e-05 0.0000000e+00 
1.9478276e-02 4.1398029e-03 0.0000000e+00 
1.0001435e-01 -8.4171461e-06 0.0000000e+00 
1.0001169e-01 -1.9544497e-05 0.0000000e+00 
1.0000530e-01 -1.0140612e-05 0.0000000e+00 
1.0008584e-01 4.5400648e-05 0.0000000e+00 
1.0002762e-01 1.4936612e-05 0.0000000e+00 
1.0000233e-01 -1.3961352e-06 0.0000000e+00 
1.0000809e-01 -4.2802876e-06 0.0000000e+00 
9.9996373e-02 -6.8091204e-06 0.0000000e+00 
1.0000008e-01 -1.7664257e-06 0.0000000e+00 
1.0000052e-01 -4.6053273e-07 0.0000000e+00 
9.9987805e-02 -2.1853351e-05 0.0000000e+00 
1.0000049e-01 -3.2318123e-05 0.0000000e+00 
9.9996045e-02 6.1532814e-06 0.0000000e+00 
9.9999912e-02 1.7405808e-06 0.0000000e+00 
1.0000005e-01 -4.6196050e-07 0.0000000e+00 
9.6691325e-02 4.7225296e-03 0.0000000e+00 
9.5647730e-02 2.4644753e-03 0.0000000e+00 
9.9990942e-02 4.7021313e-06 0.0000000e+00 
1.0000103e-01 5.3618777e-07 0.0000000e+00 
1.0000054e-01 6.6232622e-07 0.0000000e+00 
1.0014845e-01 -9.3294657e-04 0.0000000e+00 
1.0154177e-01 8.3903963e-04 0.0000000e+00 
9.9997498e-02 -1.5146148e-07 0.0000000e+00 
9.9952154e-02 3.0264606e-05 0.0000000e+00 
6.2901080e-02 -5.5661187e-02 0.0000000e+00 
1.0663051e-01 3.5865400e-02 0.0000000e+00 
9.9998549e-02 -6.8123263e-08 0.0000000e+00 
4.0889926e-02 9.7878892e-03 0.0000000e+00 
2.4606649e-02 8.5115079e-03 0.0000000e+00 
-1.3489109e-03 2.7038604e-03 0.0000000e+00 
9.3874745e-02 3.7213787e-02 0.0000000e+00 
9.9750191e-02 1.9823188e-04 0.0000000e+00 
9.6052937e-02 4.4190846e-03 0.0000000e+00 
9.9999420e-02 -2.1612330e-07 0.0000000e+00 
9.9854685e-02 -2.0229569e-04 0.0000000e+00 
1.2214226e-01 3.8705930e-02 0.0000000e+00 
1.3738410e-01 -1.0983750e-02 0.0000000e+00 
9.9525571e-02 -9.3906356e-06 0.0000000e+00 
1.0876595e-01 -7.9069817e-03 0.0000000e+00 
1.2636961e-01 -4.2297835e-03 0.0000000e+00 
9.7819291e-02 -9.4111003e-03 0.0000000e+00 
9.3799811e-03 -2.7727021e-03 0.0000000e+00 
9.3743987e-02 7.7323890e-03 0.0000000e+00 
1.0000067e-01 1.2196156e-06 0.0000000e+00 
7.4563757e-02 -2.9019296e-02 0.0000000e+00 
9.4815940e-02 -9.4745755e-03 0.0000000e+00 
6.7026829e-03 1.4585184e-04 0.0000000e+00 
1.0001556e-01 8.6664559e-06 0.0000000e+00 
1.2424949e-01 3.9213053e-03 0.0000000e+00 
9.9867843e-02 -9.6876168e-04 0.0000000e+00 
1.0034531e-01 -5.4831576e-04 0.0000000e+00 
9.9864297e-02 9.6342625e-04 0.0000000e+00 
1.0050689e-01 1.8625574e-03 0.0000000e+00 
5.9202824e-02 5.0171786e-03 0.0000000e+00 
1.3247031e-01 -3.4970794e-02 0.0000000e+00 
9.9997088e-02 -1.6507570e-04 0.0000000e+00 
-1.2933601e-03 1.6967491e-03 0.0000000e+00 
1.0034838e-01 5.1533320e-04 0.0000000e+00 
1.0941669e-01 1.2410931e-02 0.0000000e+00 
1.0004756e-01 -2.4009694e-05 0.0000000e+00 
1.0000035e-01 3.4620783e-07 0.0000000e+00 
9.9038593e-02 1.0804941e-02 0.0000000e+00 
9.2188425e-02 1.9107433e-02 0.0000000e+00 
1.3536593e-01 8.3472989e-03 0.0000000e+00 
1.1266588e-01 -2.0702992e-02 0.0000000e+00 
8.4005751e-02 -2.2789113e-02 0.0000000e+00 
6.9942534e-02 -4.4801431e-03 0.0000000e+00 
9.1139428e-02 -5.6046147e-02 0.0000000e+00 
-2.9010403e-03 -1.1642869e-03 0.0000000e+00 
1.0000027e-01 -2.0994500e-07 0.0000000e+00 
1.0967994e-01 -3.6008578e-02 0.0000000e+00 
9.9999376e-02 1.7661421e-07 0.0000000e+00 
1.4312071e-01 -6.3421745e-03 0.0000000e+00 
1.0002075e-01 3.3448257e-05 0.0000000e+00 
1.2450995e-01 1.9090438e-02 0.0000000e+00 
1.0000283e-01 1.7106382e-06 0.0000000e+00 
9.9374458e-02 -2.0741555e-03 0.0000000e+00 
9.3417175e-02 5.0041783e-03 0.0000000e+00 
1.4372699e-01 4.3643732e-03 0.0000000e+00 
2.3586698e-02 -5.5471333e-03 0.0000000e+00 
1.3653207e-01 1.6400086e-03 0.0000000e+00 
9.9388175e-02 1.3912063e-03 0.0000000e+00 
1.3587952e-01 -1.6349839e-02 0.0000000e+00 
1.0051225e-01 2.5807484e-04 0.0000000e+00 
4.8692103e-02 -1.2220467e-02 0.0000000e+00 
1.1464282e-01 -9.5210550e-03 0.0000000e+00 
9.9945009e-02 -6.2939733e-05 0.0000000e+00 
8.3703414e-02 -3.0414063e-02 0.0000000e+00 
9.9651992e-02 -3.2154820e-03 0.0000000e+00 
1.0003732e-01 5.7921960e-05 0.0000000e+00 
9.6936949e-02 -1.2040496e-02 0.0000000e+00 
5.6057546e-02 5.3767454e-02 0.0000000e+00 
1.0436746e-01 1.2591152e-02 0.0000000e+00 
1.3825047e-01 1.5543526e-02 0.0000000e+00 
2.9951563e-02 -6.8207290e-03 0.0000000e+00 
1.4302659e-01 -1.8530777e-03 0.0000000e+00 
1.2220860e-01 1.8794913e-02 0.0000000e+00 
1.4388478e-01 -1.2023970e-02 0.0000000e+00 
9.0308473e-02 9.5984600e-03 0.0000000e+00 
7.6097734e-02 1.5242642e-02 0.0000000e+00 
8.8095360e-02 -2.0198658e-02 0.0000000e+00 
1.0325765e-01 -1.7765807e-02 0.0000000e+00 
9.1784876e-03 3.1266580e-03 0.0000000e+00 
1.1321931e-01 4.0876530e-03 0.0000000e+00 
8.2452208e-02 2.3503339e-02 0.0000000e+00 
8.4402815e-02 2.6758304e-02 0.0000000e+00 
9.1092929e-02 2.8532570e-02 0.0000000e+00 
1.0041977e-01 5.9289008e-04 0.0000000e+00 
4.4671319e-02 -1.0020380e-02 0.0000000e+00 
1.1947761e-01 2.0709034e-02 0.0000000e+00 
1.1397670e-01 1.4467091e-02 0.0000000e+00 
1.3245635e-01 5.1730624e-03 0.0000000e+00 
9.9760868e-02 6.7033968e-04 0.0000000e+00 
1.2591398e-01 -1.3782912e-02 0.0000000e+00 
1.0204420e-01 -3.1678230e-03 0.0000000e+00 
1.2345085e-01 -4.1371221e-03 0.0000000e+00 
6.1872631e-02 2.1809716e-02 0.0000000e+00 
9.9523447e-02 -4.7724965e-04 0.0000000e+00 
1.2898937e-01 7.1124025e-03 0.0000000e+00 
1.0820698e-01 3.2711239e-03 0.0000000e+00 
2.9602299e-02 2.3529880e-02 0.0000000e+00 
9.3674570e-02 -1.2478717e-03 0.0000000e+00 
1.0006877e-01 1.0124333e-04 0.0000000e+00 
1.1008842e-01 1.7458923e-02 0.0000000e+00 
1.4070341e-01 -4.6013314e-03 0.0000000e+00 
7.6659352e-02 -5.9051216e-02 0.0000000e+00 
1.0002201e-01 -3.3489006e-05 0.0000000e+00 
9.9203579e-02 6.9434935e-04 0.0000000e+00 
2.9608734e-02 -6.0988963e-03 0.0000000e+00 
-1.4663299e-03 -2.3652313e-03 0.0000000e+00 
1.1854900e-01 -4.8060507e-02 0.0000000e+00 
1.2905964e-01 3.8506795e-02 0.0000000e+00 
9.5459595e-02 -4.1647889e-02 0.0000000e+00 
1.3200302e-01 -4.7842674e-03 0.0000000e+00 
3.6437310e-02 -1.4824361e-02 0.0000000e+00 
1.2168793e-01 -1.9625967e-02 0.0000000e+00 
1.0764976e-01 4.3854322e-02 0.0000000e+00 
3.4165140e-02 -3.3301953e-02 0.0000000e+00 
9.9999994e-02 5.9551195e-07 0.0000000e+00 
1.0012557e-01 1.7455961e-04 0.0000000e+00 
6.5062828e-02 2.1653324e-02 0.0000000e+00 
9.8227173e-02 9.3916031e-03 0.0000000e+00 
-3.5477004e-03 1.0793584e-03 0.0000000e+00 
4.7969002e-02 -5.4926244e-03 0.0000000e+00 
1.2336971e-01 -1.1488532e-02 0.0000000e+00 
9.9999584e-02 -1.7635501e-05 0.0000000e+00 
7.3951734e-03 4.9536368e-03 0.0000000e+00 
7.7242345e-02 -4.5307749e-03 0.0000000e+00 
7.5687803e-02 -1.0279404e-02 0.0000000e+00 
1.1901135e-01 7.8329481e-03 0.0000000e+00 
1.0134533e-01 1.9042643e-03 0.0000000e+00 
4.0619813e-02 4.1627634e-02 0.0000000e+00 
1.1936750e-01 -1.1242837e-02 0.0000000e+00 
1.0026731e-01 1.2981647e-04 0.0000000e+00 
-3.5578571e-03 -7.3421455e-04 0.0000000e+00 
6.2744063e-03 -3.5114761e-03 0.0000000e+00 
6.6992268e-03 1.4011006e-04 0.0000000e+00 
1.1547763e-01 -7.8408616e-03 0.0000000e+00 
9.8599181e-02 1.2650862e-03 0.0000000e+00 
1.0054805e-01 -1.4705257e-03 0.0000000e+00 
9.6316382e-02 -2.7917738e-03 0.0000000e+00 
7.3392153e-02 8.6592644e-04 0.0000000e+00 
8.2726456e-02 -9.1661494e-03 0.0000000e+00 
9.9999025e-02 -1.0299413e-05 0.0000000e+00 
9.9703267e-02 6.6923391e-04 0.0000000e+00 
1.3480221e-01 2.9839026e-03 0.0000000e+00 
2.1409413e-02 6.0866131e-03 0.0000000e+00 
8.7334916e-02 -3.7699476e-02 0.0000000e+00 
1.3831398e-01 -5.6305607e-03 0.0000000e+00 
9.4908282e-02 1.3544908e-02 0.0000000e+00 
6.8694212e-02 1.2596193e-02 0.0000000e+00 
9.9999078e-02 -3.1649385e-08 0.0000000e+00 
5.8184367e-02 -9.2633320e-03 0.0000000e+00 
1.0007393e-01 -1.8095002e-04 0.0000000e+00 
9.9048942e-02 -3.2135945e-02 0.0000000e+00 
1.0007367e-01 1.5980010e-04 0.0000000e+00 
9.9256270e-02 2.2876642e-03 0.0000000e+00 
1.0294177e-01 1.3108109e-02 0.0000000e+00 
1.0109856e-01 1.0123709e-02 0.0000000e+00 
1.4113882e-01 -9.9550560e-03 0.0000000e+00 
9.5831692e-02 -1.3206474e-02 0.0000000e+00 
9.9999718e-02 -3.5834498e-07 0.0000000e+00 
8.2895748e-02 5.3215228e-02 0.0000000e+00 
8.5252702e-02 2.1111902e-02 0.0000000e+00 
-3.2947299e-03 -9.0685603e-04 0.0000000e+00 
1.0000049e-01 1.5305255e-07 0.0000000e+00 
1.4172721e-01 2.8164182e-03 0.0000000e+00 
1.0000386e-01 -4.8265670e-06 0.0000000e+00 
9.8557562e-02 7.0698671e-03 0.0000000e+00 
1.3765678e-01 -8.8204136e-03 0.0000000e+00 
1.0000015e-01 -1.0550539e-07 0.0000000e+00 
3.4828190e-02 1.2796672e-02 0.0000000e+00 
5.9956133e-02 -1.0789745e-02 0.0000000e+00 
1.0000409e-01 -5.2394269e-05 0.0000000e+00 
1.2841091e-02 -2.2923816e-03 0.0000000e+00 
1.2350384e-01 -1.7032340e-02 0.0000000e+00 
1.1685269e-01 1.1535016e-02 0.0000000e+00 
1.1413575e-01 -1.1535405e-02 0.0000000e+00 
1.1618465e-01 -3.6189906e-02 0.0000000e+00 
9.8929599e-02 4.1463268e-03 0.0000000e+00 
1.3152859e-01 1.2162554e-02 0.0000000e+00 
1.2108801e-01 -3.9823968e-02 0.0000000e+00 
1.3657054e-01 1.1130854e-02 0.0000000e+00 
1.2210995e-01 -7.5745815e-03 0.0000000e+00 
1.1439146e-02 -2.1111171e-03 0.0000000e+00 
1.0300645e-01 3.0435731e-03 0.0000000e+00 
6.4292617e-02 -1.9475114e-02 0.0000000e+00 
9.5308520e-02 2.2715125e-02 0.0000000e+00 
1.0592412e-01 1.0637471e-02 0.0000000e+00 
1.0059936e-01 1.1862007e-03 0.0000000e+00 
9.7685717e-02 -1.6036096e-03 0.0000000e+00 
1.0918181e-01 -6.2583755e-03 0.0000000e+00 
1.0125909e-01 -1.8879876e-03 0.0000000e+00 
1.0182967e-01 8.1073139e-03 0.0000000e+00 
1.0000206e-01 -3.0829713e-06 0.0000000e+00 
8.0831528e-02 -9.3559427e-03 0.0000000e+00 
3.4582007e-03 1.5145293e-03 0.0000000e+00 
1.2660219e-01 -3.5844233e-02 0.0000000e+00 
1.1472492e-01 8.3748717e-03 0.0000000e+00 
1.0710346e-01 -5.9928843e-03 0.0000000e+00 
1.3856491e-01 -1.6819575e-03 0.0000000e+00 
9.8218933e-02 2.1992931e-02 0.0000000e+00 
1.0013644e-01 2.4723230e-02 0.0000000e+00 
9.8117344e-02 -6.2360563e-03 0.0000000e+00 
1.3616231e-01 1.6594475e-02 0.0000000e+00 
1.2120600e-01 7.0750886e-03 0.0000000e+00 
1.2476149e-01 1.8553918e-02 0.0000000e+00 
8.8163674e-02 -2.5404956e-02 0.0000000e+00 
1.0465223e-01 6.8342495e-03 0.0000000e+00 
8.5912324e-02 2.6847953e-03 0.0000000e+00 
9.9692568e-02 -7.0479122e-04 0.0000000e+00 
7.4626923e-02 -1.9965978e-02 0.0000000e+00 
1.0536956e-01 4.4868444e-03 0.0000000e+00 
1.0000020e-01 6.0646408e-07 0.0000000e+00 
1.0299166e-01 -1.4246970e-02 0.0000000e+00 
1.0582399e-01 -1.4946051e-02 0.0000000e+00 
1.2703665e-01 7.7372990e-03 0.0000000e+00 
9.4998017e-02 6.5104757e-04 0.0000000e+00 
1.1700872e-01 7.7361963e-03 0.0000000e+00 
9.7428389e-02 6.3416027e-03 0.0000000e+00 
1.0000101e-01 -1.6655666e-06 0.0000000e+00 
1.3460536e-01 -4.4296770e-03 0.0000000e+00 
1.4109461e-02 7.8411251e-03 0.0000000e+00 
1.3924998e-01 -1.7918575e-03 0.0000000e+00 
1.4553114e-02 -6.6884379e-03 0.0000000e+00 
2.8065642e-02 -5.9890728e-03 0.0000000e+00 
1.3056497e-01 -2.5473814e-03 0.0000000e+00 
1.3562968e-01 -1.9214945e-02 0.0000000e+00 
PRESSURE 1 945  float
3.0147822e+00
0.0000000e+00
0.0000000e+00
3.0144794e+00
-4.1090975e+00
-4.2444973e+00
-4.6521802e+00
-5.2342358e+00
-5.8467126e+00
-6.5068178e+00
-7.0927534e+00
-7.3667049e+00
-7.1607313e+00
-6.0656838e+00
-4.2150197e+00
-1.5365636e+00
1.5379860e+00
4.5069456e+00
6.9955869e+00
8.7664938e+00
9.3051729e+00
8.7624922e+00
7.1098595e+00
4.5513368e+00
1.4982545e+00
-1.5289828e+00
-4.1285124e+00
-6.0776815e+00
-7.0649614e+00
-7.4428344e+00
-7.0866518e+00
-6.4749656e+00
-5.8548527e+00
-5.2562866e+00
-4.6270437e+00
-4.2288489e+00
3.0092864e+00
2.9514155e+00
2.8393612e+00
2.6463420e+00
2.3144138e+00
1.8843970e+00
1.3057020e+00
6.5176606e-01
-2.4163999e-02
-6.4314324e-01
-1.0425744e+00
-1.2507033e+00
-1.2341924e+00
-1.0445613e+00
-7.3264503e-01
-4.6487874e-01
-2.5924826e-01
-1.4601377e-01
-7.9405375e-02
-4.0328246e-02
-2.0773761e-02
-9.7925765e-03
-5.7610651e-03
-1.7605480e-03
-1.1682243e-03
-4.3795042e-04
-2.0353170e-04
-6.1721352e-05
-1.2775562e-05
1.4251716e-05
1.6805070e-05
1.5464979e-05
1.0824049e-05
6.9983221e-06
1.7647607e-06
0.0000000e+00
0.0000000e+00
0.0000000e+00
0.0000000e+00
0.0000000e+00
0.0000000e+00
0.0000000e+00
0.0000000e+00
0.0000000e+00
-3.3906260e-06
-8.9812047e-06
-1.1722533e-05
-1.8353476e-05
-3.0039862e-05
-3.6703423e-05
-1.2655804e-04
-1.8254713e-04
-2.9301943e-04
-6.1412907e-04
-1.4271585e-03
-2.8372770e-03
-5.4817419e-03
-1.0781383e-02
-2.1002762e-02
-4.1030593e-02
-7.9522729e-02
-1.4782795e-01
-2.6353243e-01
-4.6493867e-01
-7.3900974e-01
-1.0369575e+00
-1.2278897e+00
-1.2570620e+00
-1.0295126e+00
-6.1862695e-01
-2.2850551e-02
6.5584373e-01
1.3077289e+00
1.8837193e+00
2.3256173e+00
2.6471541e+00
2.8471231e+00
2.9543810e+00
3.0103126e+00
3.0330629e+00
3.0793447e+00
3.1345556e+00
3.1874449e+00
3.2070973e+00
3.1886408e+00
3.1376011e+00
3.0796235e+00
3.0333159e+00
8.5581417e+00
-3.3925515e-01
-6.0007960e-01
-1.2142248e-02
-2.8895208e-04
-3.9178380e-05
2.5843155e+00
-1.0026371e-01
2.5535429e+00
3.2049487e+00
-3.2235587e-03
-4.9481466e-02
-3.6243935e-06
-2.2581771e-04
-1.2000458e+00
2.2700242e-06
-1.3251971e+00
9.6307975e-01
9.8548609e-01
-9.7164744e-01
9.9112367e-06
-9.5558792e-01
3.1614943e+00
-1.9199056e-06
-1.4087891e-03
-8.0177182e-04
-1.2942369e-02
-1.3778185e-05
3.1080785e+00
2.9281135e+00
1.4194518e-06
2.9337173e+00
-4.1303306e-06
4.8370430e-06
3.0516582e+00
-1.2621846e+00
-1.5626341e+00
-1.4901633e+00
-1.8659949e+00
-1.9547001e+00
-2.3955317e+00
-2.1677394e+00
-2.8595138e+00
-2.4119051e+00
-3.1417713e+00
-2.5565591e+00
-3.0433004e+00
-2.4496324e+00
-2.8353484e+00
-2.1860566e+00
-2.5107810e+00
-1.7858557e+00
-2.1334274e+00
-1.3744189e+00
-1.1105926e+00
-7.4088258e-01
-1.7792835e+00
-5.8187675e-01
-2.3332267e-01
-5.3401809e+00
-4.4477634e+00
-1.4862852e-01
7.6844610e-02
-2.4579875e+00
-1.9040651e+00
2.9903602e-02
6.4477116e-02
-2.4338777e+00
-2.2637579e+00
-4.1978498e+00
9.5059641e-02
1.1913573e-01
9.3648098e-02
5.2234903e-02
4.8782457e-02
3.8620535e-02
3.0608160e-02
-2.9336686e+00
-2.7416975e+00
-2.2027094e+00
-3.2867184e+00
-3.1084902e+00
-3.5476348e+00
-3.3117001e+00
-3.7695413e+00
-3.3386886e+00
-3.7469106e+00
-2.8672743e+00
-3.2147303e+00
-3.5226855e+00
-5.7498059e+00
-4.8589463e+00
1.7274568e-02
1.6241213e-02
1.4461533e-02
1.0480214e-02
-2.9064822e+00
-3.1250587e+00
-2.0464502e-01
5.2611805e-03
4.8330193e-03
3.1811111e-03
2.5901871e-03
-3.4378428e+00
1.4404437e-03
1.2285792e-03
6.7081518e-04
5.1817385e-04
-2.9897685e+00
1.3684592e-04
2.7993257e-04
1.9976193e-04
1.5189555e-04
2.2029861e-05
5.7480946e-05
-3.8888595e+00
-3.2520242e+00
-6.7802076e+00
4.5438986e-02
2.2701804e-02
-3.4531891e+00
-4.6274963e-01
2.3820571e-06
2.2133134e-05
1.1465873e-07
7.4945006e-06
2.2164495e-05
9.8323417e-06
1.0594475e-04
-1.9067320e+00
-2.5056174e+00
-2.8528088e-06
7.7012164e-04
-2.6498518e+00
5.8925408e-03
3.1833090e-02
-4.0198498e+00
-3.2358251e+00
-2.5843105e+00
-2.3768964e+00
-3.1567819e+00
-1.9675580e+00
-1.1097144e-01
-2.4953713e+00
-1.3517113e+00
-4.8820343e+00
-1.1015481e+00
-4.6439797e-01
-5.4333013e-01
2.6541954e-01
5.2952230e-01
1.0455389e+00
1.4962969e+00
5.2901001e+00
1.7613494e+00
2.3263009e+00
2.3633683e+00
2.8976305e+00
2.8011885e+00
3.3283920e+00
3.0720146e+00
3.4757471e+00
3.8670757e+00
3.8435509e+00
4.2667747e+00
4.0882330e+00
4.4829063e+00
4.1605964e+00
4.4695435e+00
4.0829310e+00
4.2513871e+00
3.8945029e+00
3.5238407e+00
3.9099114e+00
4.3513422e+00
3.8183236e+00
4.0966382e+00
7.4177094e+00
3.5175731e+00
3.5121455e+00
3.8543880e+00
3.6487398e+00
3.0174720e+00
2.8366079e+00
2.7717485e+00
2.4121580e+00
2.0366654e+00
-6.0693669e+00
-2.6504986e+00
3.0596056e+00
2.9830720e+00
4.7240586e+00
2.3694756e+00
4.8303766e+00
1.7483112e+00
1.1236955e+00
2.1180625e+00
3.3857150e+00
3.6433928e+00
3.4280260e+00
3.4508326e+00
3.2965987e+00
-4.0459055e-01
-9.2053443e-01
1.0820872e+00
3.7228438e-01
2.0370053e-01
-5.8503091e-01
-1.6240425e-01
-1.0071795e+00
-1.6995522e+00
-6.7416472e+00
-5.5225593e-01
-1.8908788e+00
-2.9387376e+00
1.3376982e+00
9.9355984e-01
-3.7312150e+00
1.8590048e-05
1.0080995e-05
-4.1181173e+00
1.6700717e-02
-4.5167322e+00
-2.7082524e+00
-1.9921699e+00
-3.7190406e+00
3.1946213e+00
-2.6790271e+00
2.9605562e-03
4.5000506e-06
-3.7334993e+00
-3.0605078e+00
6.4337865e-04
-4.5017047e+00
-4.8254194e+00
-3.6127701e-01
1.6390148e-05
-1.9605973e+00
-3.3472648e+00
-4.2249851e+00
-3.7429183e+00
-4.4097285e+00
3.3500258e-04
3.3142912e+00
3.4070182e+00
1.4948666e-01
-2.3413008e-01
3.1293039e+00
1.9934551e-01
6.4541086e-06
-4.6846857e+00
1.5930122e-05
2.2550445e-05
-1.5237524e-06
-1.4331051e-05
-3.7452011e+00
-2.2129526e+00
-2.4512916e+00
-8.5807224e-06
-9.6145850e-06
-3.9323709e+00
-4.3917623e+00
-4.9583297e+00
-4.6461468e+00
-5.1301632e+00
-4.7360272e+00
-4.3972149e+00
-4.4189363e+00
2.9860833e+00
2.9817128e+00
1.3246737e-05
-4.1422906e+00
-4.1290307e+00
-4.3551769e+00
-4.0612521e+00
-2.7833596e-06
-5.4385695e+00
1.6408297e-01
-9.3330550e-01
-8.9913154e-01
-5.1764523e-06
-5.4241604e-01
3.2936456e+00
3.3277662e+00
3.2281454e+00
3.4736569e+00
3.3219717e+00
3.4011314e+00
3.2489018e+00
3.2746832e+00
3.1197383e+00
3.0483656e+00
3.1417410e+00
-4.2272091e+00
-3.9516938e+00
-3.7704239e+00
-4.0855732e+00
-3.8660870e+00
2.7232102e-06
2.9511800e+00
5.3673439e-02
-4.0147910e+00
-3.8465946e+00
-4.0647464e+00
-3.8850558e+00
-4.1416197e+00
-5.3032188e+00
-3.0357482e+00
-1.0377741e+00
-7.9390228e-01
-1.0630615e+00
-1.9044755e+00
-2.0576148e+00
3.2494850e+00
-4.7858510e+00
-5.0849771e+00
-4.7583270e+00
-5.1267219e+00
-5.5552979e+00
-3.6101308e+00
-5.6497359e+00
-1.4777775e-05
7.1195849e-08
-4.0718641e+00
-4.7118645e+00
-4.9332395e+00
-4.5628786e+00
-4.6781111e+00
-4.3774781e+00
-4.2405658e+00
2.8280408e-06
6.7228361e-06
-4.3027363e+00
3.0047464e+00
3.1000071e+00
-4.1405792e+00
-3.3459532e+00
-3.7430665e+00
-3.8278363e+00
-2.3550682e+00
-3.5071549e+00
-1.7429132e+00
-4.7442174e+00
4.5404272e+00
5.2166419e+00
5.3197613e+00
5.9067922e+00
5.7945189e+00
6.6144390e+00
6.3982782e+00
7.1851187e+00
6.6068025e+00
5.9633985e+00
5.9350648e+00
6.3467174e+00
5.5416384e+00
5.5924215e+00
4.8378506e+00
4.4861922e+00
4.7970977e+00
6.5068970e+00
6.3289237e+00
5.2651558e+00
5.4339218e+00
4.2170458e+00
3.9815228e+00
3.2978752e+00
3.5201173e+00
2.1210425e+00
2.2438059e+00
4.3402863e+00
3.3312600e+00
2.6502295e+00
2.0470693e+00
8.6023247e-01
7.3115420e-01
1.7599639e+00
-4.5245466e+00
-2.5764270e+00
2.6436558e+00
-1.1496370e-05
7.0150620e-01
-2.9711456e+00
-1.0870788e+00
-3.4717770e+00
4.3450307e-02
5.4913559e+00
-1.1857734e-01
-6.4285326e+00
-6.7305589e+00
-5.2449059e+00
-4.7203646e+00
-4.2152166e+00
7.3671780e+00
2.7849607e+00
2.8657298e+00
2.5639985e+00
-6.7266040e+00
-6.1900492e+00
-2.7516510e+00
-3.0791056e+00
2.7556565e+00
2.6759686e+00
-4.9500427e+00
2.1303596e+00
8.3765697e+00
-4.0564213e+00
-2.9150155e+00
1.0905246e-05
-2.7563539e+00
7.0420814e-01
4.9678512e+00
4.7026691e+00
-1.5082079e+00
-1.7134972e+00
4.4138675e+00
3.9030921e+00
-3.9746003e+00
-1.3357109e+00
2.1878264e+00
1.6112940e+00
1.1162529e-05
3.1345509e-05
2.1900392e+00
2.9531579e+00
2.5065243e+00
2.2774060e+00
3.3095212e+00
2.0272427e+00
1.7969376e+00
1.4109509e+00
-1.2197179e+00
-1.2726133e+00
-9.6131158e-01
-9.7340131e-01
-5.7920790e-01
-8.8412553e-01
-4.2947319e-01
-3.3222327e-01
-1.8797827e-01
-1.5942067e-01
-2.4388677e-01
-1.3356934e+00
-1.4862498e+00
-1.2162126e+00
-1.7012028e+00
-1.2722858e+00
-9.4846314e-01
-8.8665599e-01
-1.2215556e+00
-7.4032551e-01
-1.0924834e+00
-5.0482738e-01
-3.0487853e-01
-2.7021119e-01
-1.7168947e+00
-9.7424500e-02
-1.1708380e-01
-1.5638525e+00
-1.2831007e+00
-1.8239439e+00
-1.8868380e+00
-1.1456235e-01
-2.1337450e+00
7.6165214e-02
-1.5640167e+00
-8.3494234e-01
-1.1028942e+00
9.5880556e-01
2.1454535e+00
1.6058122e+00
5.1738558e+00
7.2198043e+00
-2.3520747e-01
-1.2496725e+00
-1.2784913e+00
-7.7841115e-01
-1.1706411e+00
2.5338538e+00
2.8047452e+00
3.2058556e+00
2.7896109e+00
7.4009395e+00
-6.1738080e-01
-4.6997714e+00
3.1631703e+00
2.4477420e+00
-4.1679209e-01
-4.8252501e+00
8.9767800e-06
-6.2078414e+00
-6.3900685e+00
-6.2179017e+00
-5.5846891e+00
-5.6699938e-01
1.6607298e+00
1.6128793e+00
-3.2439685e+00
-4.9953823e+00
-1.8525496e-01
-1.0110921e-01
-4.6893377e-02
-1.9712502e-02
-9.2728790e-03
1.2894428e-03
-1.6433138e-02
2.3114458e-02
-9.9499904e-02
-1.1169740e-02
9.4715494e-04
-1.2371964e+00
3.1052563e+00
3.0629714e+00
3.5835383e+00
1.5847842e+00
8.4304309e-01
9.2479247e-01
8.4113753e-01
5.4556699e+00
-1.9344668e+00
-8.3387691e-01
-4.6203290e-03
1.3319693e-03
-2.5086245e-03
4.2709868e-04
-1.1898176e-03
3.0516565e+00
4.8150341e-03
2.0460002e-02
-1.6826357e-03
-6.7933567e-04
-2.7137453e-04
4.5568540e-05
3.1476870e+00
8.0049906e+00
-1.6120741e+00
2.4058444e+00
2.7522039e-01
-4.6959335e-07
-4.8103079e-02
-4.3481514e-02
-2.1772435e-02
-9.5320707e-03
-2.5868504e-03
-3.0259814e-02
-1.0608319e-01
-1.0411872e-02
-7.3018915e-04
8.9958133e-03
-6.5099089e-03
9.5027497e-07
-2.5762323e-02
1.0432076e-06
8.8815659e-07
4.2270181e-05
-3.0195744e-05
6.7154921e-05
1.1096211e-04
2.0211267e-04
8.7298213e-05
3.7649166e-04
8.8497312e-05
6.7080522e-04
-5.4495980e-05
1.1620000e-03
-3.7483071e-04
2.1837542e-03
-8.9112745e-04
-2.9683288e-03
1.5812016e-03
1.8317031e-04
6.4379004e-05
-5.1683202e+00
-1.4527078e-04
-1.4490573e-04
-6.0628416e-05
-6.4044801e-04
-1.1196511e-04
-2.8677492e-05
-6.3045001e-05
-1.4229964e-05
-9.5873602e-06
-1.1798467e-05
2.5337673e-05
-1.7410643e-04
3.4562439e-05
1.0898146e-05
-4.2683582e-06
3.4922750e+00
3.6110396e+00
4.7026351e-05
7.8401426e-06
6.1160231e-06
3.0669570e+00
-2.4728192e-02
1.9496445e-06
3.8670751e-04
3.7069478e+00
-4.2935195e+00
-1.3355990e-06
-3.8526428e+00
-3.5489969e+00
-4.4338241e+00
3.0808880e+00
3.0181864e-03
5.7038285e-02
-2.0307016e-06
1.2926768e-03
-1.3381650e-01
-1.4594311e+00
3.2482824e+00
-2.2349192e-01
-9.4720238e-01
4.0778355e-03
-3.9508057e+00
6.1140850e-02
8.1038988e-06
4.9699473e+00
3.6209950e+00
-4.4178090e+00
-3.8423979e-05
2.9001915e-01
3.1513333e+00
3.0002058e+00
3.1491992e+00
3.0289767e+00
-6.0475421e+00
-1.4292703e+00
1.0822395e-04
-3.6356368e+00
2.9990339e+00
2.0182805e+00
-3.6947345e-04
1.4707896e-06
-3.3685952e-02
-1.6270167e-01
-1.6599214e+00
-2.2719343e+00
-2.2886143e+00
5.7008586e+00
-9.1655594e-01
-3.6283755e+00
-4.7129029e-06
1.4885424e+00
-4.8707892e-07
-2.2849114e+00
-9.2036833e-05
1.7840831e-01
1.2545529e-05
3.2038145e+00
3.8175905e+00
-2.6004949e+00
-4.0697851e+00
-1.4425768e+00
3.2197371e+00
-1.2871937e+00
-6.2397304e-03
-5.7245409e-01
-4.4467586e-01
2.5569808e-04
4.2217150e+00
-5.5005274e+00
-2.6854558e-04
3.3849416e+00
4.0981536e+00
-5.5793862e+00
-1.5712919e+00
-1.1006515e+00
-2.9562607e+00
-2.0381992e+00
-2.5789607e+00
-4.2777333e+00
5.1727104e+00
-2.7909577e+00
2.6478565e+00
-5.8055258e+00
-3.3360448e-01
-1.8603703e+00
4.2741551e+00
3.6444724e+00
-5.6069698e-03
-3.9221385e+00
7.4839348e-01
1.4856315e+00
-7.9162949e-01
4.3044374e-03
-2.8416553e+00
2.8447254e+00
4.0028182e-01
-1.5111881e+00
3.2302756e+00
-3.1626937e-01
-1.7663582e-01
7.5319991e+00
3.7890873e+00
-6.0646946e-04
1.8913085e+00
-2.3362317e+00
1.4066274e+00
-2.3932758e-04
1.1116670e-02
-5.3778338e+00
-4.2809381e+00
-3.5853937e-01
-1.1194447e+00
2.7693968e+00
-7.6026201e-01
-1.6751652e+00
4.9681646e-01
1.3649856e+00
6.8600650e+00
7.4283039e-06
-1.3594667e-03
-9.2733312e-01
3.2692404e+00
-4.1300516e+00
-6.1499100e+00
3.9003745e-01
-1.0989730e-05
-3.4593573e+00
5.1835909e+00
4.3221056e-02
-4.9311676e+00
2.9149530e+00
6.1428199e+00
-6.6223818e-01
-2.7500738e-03
-4.1389623e+00
-3.6835685e+00
-4.8846955e+00
1.3644181e+00
1.9186104e-02
3.0079579e+00
5.6335729e-02
5.4551687e+00
-4.4218001e+00
-3.5841298e-05
3.2000074e+00
-3.4851899e+00
-3.8745201e+00
3.6280735e+00
-1.6021824e+00
-3.6658452e+00
-3.8568418e+00
-9.0830355e-07
-4.3797789e+00
3.0226245e+00
-4.6456194e+00
3.0218992e+00
1.2625184e-02
2.7463343e+00
2.9553776e+00
-1.9892261e+00
-5.8570700e+00
-3.5480059e-06
-9.2081892e-01
4.3840256e+00
-3.3554103e+00
1.3499834e-06
-2.1276696e+00
-6.0469672e-05
1.9813310e-02
-2.1839569e+00
-2.8431893e-06
-3.1131704e+00
-4.0854058e+00
-2.2790543e-04
-5.0717282e+00
-2.3935404e+00
1.1808379e+00
-5.2738943e+00
7.0158488e-01
2.1618178e-02
-1.4998722e+00
-5.8454771e-02
-1.3388798e+00
5.5804300e-01
-4.1997533e+00
2.7441733e+00
-2.6482537e+00
3.3289461e+00
-3.8637125e+00
2.9920232e+00
2.7588936e-02
2.0778415e+00
2.9225161e+00
-6.2764406e-02
-5.2022442e-05
4.8681998e+00
-4.6828437e+00
-5.7344264e-01
-4.3435264e-01
-4.3368115e+00
-1.6789128e+00
-4.3759969e-01
-1.5240110e+00
3.8328782e-02
-4.1288266e+00
6.6878742e-01
-1.6195608e+00
3.9759502e+00
-5.4670138e+00
-5.4714184e+00
3.1969848e+00
-4.0992957e-01
2.4882665e+00
1.3714238e-06
2.7347641e+00
2.4104357e+00
-3.4926732e+00
3.6661754e+00
1.1771092e+00
3.3757448e+00
-1.6253187e-05
-1.1358215e+00
-2.6252942e+00
-3.4464114e+00
-3.4052551e+00
-5.8468814e+00
-5.6929189e-01
-4.1556983e+00
CELL_DATA 1766
FIELD FieldData 0
