# vtk DataFile Version 4.0
vtk output
ASCII
DATASET UNSTRUCTURED_GRID
POINTS 945 float
0.0000000e+00 0.0000000e+00 0.0000000e+00 
2.0000000e+00 0.0000000e+00 0.0000000e+00 
2.0000000e+00 6.0000002e-01 0.0000000e+00 
0.0000000e+00 6.0000002e-01 0.0000000e+00 
5.6000000e-01 3.0000001e-01 0.0000000e+00 
5.5884713e-01 2.8829461e-01 0.0000000e+00 
5.5543280e-01 2.7703899e-01 0.0000000e+00 
5.4988819e-01 2.6666579e-01 0.0000000e+00 
5.4242641e-01 2.5757360e-01 0.0000000e+00 
5.3333420e-01 2.5011179e-01 0.0000000e+00 
5.2296102e-01 2.4456720e-01 0.0000000e+00 
5.1170540e-01 2.4115290e-01 0.0000000e+00 
5.0000000e-01 2.3999999e-01 0.0000000e+00 
4.8829460e-01 2.4115290e-01 0.0000000e+00 
4.7703901e-01 2.4456720e-01 0.0000000e+00 
4.6666580e-01 2.5011179e-01 0.0000000e+00 
4.5757359e-01 2.5757360e-01 0.0000000e+00 
4.5011181e-01 2.6666579e-01 0.0000000e+00 
4.4456720e-01 2.7703899e-01 0.0000000e+00 
4.4115290e-01 2.8829461e-01 0.0000000e+00 
4.4000000e-01 3.0000001e-01 0.0000000e+00 
4.4115290e-01 3.1170541e-01 0.0000000e+00 
4.4456720e-01 3.2296100e-01 0.0000000e+00 
4.5011181e-01 3.3333421e-01 0.0000000e+00 
4.5757359e-01 3.4242639e-01 0.0000000e+00 
4.6666580e-01 3.4988821e-01 0.0000000e+00 
4.7703901e-01 3.5543281e-01 0.0000000e+00 
4.8829460e-01 3.5884711e-01 0.0000000e+00 
5.0000000e-01 3.6000001e-01 0.0000000e+00 
5.1170540e-01 3.5884711e-01 0.0000000e+00 
5.2296102e-01 3.5543281e-01 0.0000000e+00 
5.3333420e-01 3.4988821e-01 0.0000000e+00 
5.4242641e-01 3.4242639e-01 0.0000000e+00 
5.4988819e-01 3.3333421e-01 0.0000000e+00 
5.5543280e-01 3.2296100e-01 0.0000000e+00 
5.5884713e-01 3.1170541e-01 0.0000000e+00 
5.9016321e-02 0.0000000e+00 0.0000000e+00 
1.1803260e-01 0.0000000e+00 0.0000000e+00 
1.7704900e-01 0.0000000e+00 0.0000000e+00 
2.3587100e-01 0.0000000e+00 0.0000000e+00 
2.9085249e-01 0.0000000e+00 0.0000000e+00 
3.4144861e-01 0.0000000e+00 0.0000000e+00 
3.8872591e-01 0.0000000e+00 0.0000000e+00 
4.3368599e-01 0.0000000e+00 0.0000000e+00 
4.7725680e-01 0.0000000e+00 0.0000000e+00 
5.2034539e-01 0.0000000e+00 0.0000000e+00 
5.6386721e-01 0.0000000e+00 0.0000000e+00 
6.0872579e-01 0.0000000e+00 0.0000000e+00 
6.5584701e-01 0.0000000e+00 0.0000000e+00 
7.0623368e-01 0.0000000e+00 0.0000000e+00 
7.6094180e-01 0.0000000e+00 0.0000000e+00 
8.1967372e-01 0.0000000e+00 0.0000000e+00 
8.7868989e-01 0.0000000e+00 0.0000000e+00 
9.3770629e-01 0.0000000e+00 0.0000000e+00 
9.9672258e-01 0.0000000e+00 0.0000000e+00 
1.0557390e+00 0.0000000e+00 0.0000000e+00 
1.1147550e+00 0.0000000e+00 0.0000000e+00 
1.1737720e+00 0.0000000e+00 0.0000000e+00 
1.2327880e+00 0.0000000e+00 0.0000000e+00 
1.2918040e+00 0.0000000e+00 0.0000000e+00 
1.3508210e+00 0.0000000e+00 0.0000000e+00 
1.4098370e+00 0.0000000e+00 0.0000000e+00 
1.4688530e+00 0.0000000e+00 0.0000000e+00 
1.5278690e+00 0.0000000e+00 0.0000000e+00 
1.5868860e+00 0.0000000e+00 0.0000000e+00 
1.6459020e+00 0.0000000e+00 0.0000000e+00 
1.7049180e+00 0.0000000e+00 0.0000000e+00 
1.7639350e+00 0.0000000e+00 0.0000000e+00 
1.8229510e+00 0.0000000e+00 0.0000000e+00 
1.8819669e+00 0.0000000e+00 0.0000000e+00 
1.9409840e+00 0.0000000e+00 0.0000000e+00 
2.0000000e+00 5.9999999e-02 0.0000000e+00 
2.0000000e+00 1.2000000e-01 0.0000000e+00 
2.0000000e+00 1.8000001e-01 0.0000000e+00 
2.0000000e+00 2.3999999e-01 0.0000000e+00 
2.0000000e+00 3.0000001e-01 0.0000000e+00 
2.0000000e+00 3.6000001e-01 0.0000000e+00 
2.0000000e+00 4.1999999e-01 0.0000000e+00 
2.0000000e+00 4.7999999e-01 0.0000000e+00 
2.0000000e+00 5.4000002e-01 0.0000000e+00 
1.9409840e+00 6.0000002e-01 0.0000000e+00 
1.8819669e+00 6.0000002e-01 0.0000000e+00 
1.8229510e+00 6.0000002e-01 0.0000000e+00 
1.7639350e+00 6.0000002e-01 0.0000000e+00 
1.7049180e+00 6.0000002e-01 0.0000000e+00 
1.6459020e+00 6.0000002e-01 0.0000000e+00 
1.5868860e+00 6.0000002e-01 0.0000000e+00 
1.5278690e+00 6.0000002e-01 0.0000000e+00 
1.4688530e+00 6.0000002e-01 0.0000000e+00 
1.4098370e+00 6.0000002e-01 0.0000000e+00 
1.3508210e+00 6.0000002e-01 0.0000000e+00 
1.2918040e+00 6.0000002e-01 0.0000000e+00 
1.2327880e+00 6.0000002e-01 0.0000000e+00 
1.1737720e+00 6.0000002e-01 0.0000000e+00 
1.1147550e+00 6.0000002e-01 0.0000000e+00 
1.0557390e+00 6.0000002e-01 0.0000000e+00 
9.9672258e-01 6.0000002e-01 0.0000000e+00 
9.3770629e-01 6.0000002e-01 0.0000000e+00 
8.7868989e-01 6.0000002e-01 0.0000000e+00 
8.1967372e-01 6.0000002e-01 0.0000000e+00 
7.6094180e-01 6.0000002e-01 0.0000000e+00 
7.0623368e-01 6.0000002e-01 0.0000000e+00 
6.5584701e-01 6.0000002e-01 0.0000000e+00 
6.0872579e-01 6.0000002e-01 0.0000000e+00 
5.6386721e-01 6.0000002e-01 0.0000000e+00 
5.2034539e-01 6.0000002e-01 0.0000000e+00 
4.7725680e-01 6.0000002e-01 0.0000000e+00 
4.3368599e-01 6.0000002e-01 0.0000000e+00 
3.8872591e-01 6.0000002e-01 0.0000000e+00 
3.4144861e-01 6.0000002e-01 0.0000000e+00 
2.9085249e-01 6.0000002e-01 0.0000000e+00 
2.3587100e-01 6.0000002e-01 0.0000000e+00 
1.7704900e-01 6.0000002e-01 0.0000000e+00 
1.1803260e-01 6.0000002e-01 0.0000000e+00 
5.9016321e-02 6.0000002e-01 0.0000000e+00 
0.0000000e+00 5.4000002e-01 0.0000000e+00 
0.0000000e+00 4.7999999e-01 0.0000000e+00 
0.0000000e+00 4.1999999e-01 0.0000000e+00 
0.0000000e+00 3.6000001e-01 0.0000000e+00 
0.0000000e+00 3.0000001e-01 0.0000000e+00 
0.0000000e+00 2.3999999e-01 0.0000000e+00 
0.0000000e+00 1.8000001e-01 0.0000000e+00 
0.0000000e+00 1.2000000e-01 0.0000000e+00 
0.0000000e+00 5.9999999e-02 0.0000000e+00 
4.3026751e-01 3.0683401e-01 0.0000000e+00 
8.4908241e-01 5.5269438e-01 0.0000000e+00 
7.8790653e-01 5.1802918e-02 0.0000000e+00 
1.1430219e+00 5.0576471e-02 0.0000000e+00 
1.4415160e+00 5.0573289e-02 0.0000000e+00 
1.6754100e+00 5.5038619e-01 0.0000000e+00 
2.6041579e-01 5.2875768e-02 0.0000000e+00 
9.6895182e-01 5.0380111e-02 0.0000000e+00 
2.6302171e-01 5.5612308e-01 0.0000000e+00 
5.5065349e-02 2.6500449e-01 0.0000000e+00 
1.2615570e+00 5.4759312e-01 0.0000000e+00 
1.0253479e+00 5.4886931e-01 0.0000000e+00 
1.6201590e+00 5.4130111e-02 0.0000000e+00 
1.4979730e+00 5.5115038e-01 0.0000000e+00 
6.7900127e-01 5.5979192e-01 0.0000000e+00 
1.9463980e+00 2.6800990e-01 0.0000000e+00 
6.3145077e-01 3.8099781e-02 0.0000000e+00 
4.1331020e-01 5.6811810e-01 0.0000000e+00 
4.1231820e-01 3.8809739e-02 0.0000000e+00 
5.4410732e-01 5.6000441e-01 0.0000000e+00 
1.7962800e+00 5.9606131e-02 0.0000000e+00 
5.4468262e-01 3.7558820e-02 0.0000000e+00 
4.9130220e-02 3.9247900e-01 0.0000000e+00 
1.9509200e+00 3.8997239e-01 0.0000000e+00 
1.3233820e+00 4.9667731e-02 0.0000000e+00 
1.3821890e+00 5.4839480e-01 0.0000000e+00 
1.1434870e+00 5.4837209e-01 0.0000000e+00 
1.7959980e+00 5.4855859e-01 0.0000000e+00 
4.9401909e-02 1.5067521e-01 0.0000000e+00 
1.4989950e-01 5.5529898e-01 0.0000000e+00 
1.9519399e+00 1.5339760e-01 0.0000000e+00 
1.4754079e-01 5.1025499e-02 0.0000000e+00 
1.9506550e+00 5.1069498e-01 0.0000000e+00 
1.9114760e+00 5.1109631e-02 0.0000000e+00 
4.9216151e-02 5.0927132e-01 0.0000000e+00 
5.8710063e-01 3.6655251e-02 0.0000000e+00 
6.0428280e-01 7.4787550e-02 0.0000000e+00 
6.4929068e-01 7.4443869e-02 0.0000000e+00 
6.2715179e-01 1.0633790e-01 0.0000000e+00 
5.9329480e-01 1.0799770e-01 0.0000000e+00 
6.0949302e-01 1.3488390e-01 0.0000000e+00 
6.4123279e-01 1.3555969e-01 0.0000000e+00 
6.2006623e-01 1.6328260e-01 0.0000000e+00 
6.5316749e-01 1.6381399e-01 0.0000000e+00 
6.3351321e-01 1.8958050e-01 0.0000000e+00 
6.6427898e-01 1.8941709e-01 0.0000000e+00 
6.4933020e-01 2.1180780e-01 0.0000000e+00 
6.7645937e-01 2.1359310e-01 0.0000000e+00 
6.6097301e-01 2.3410480e-01 0.0000000e+00 
6.8796802e-01 2.3757669e-01 0.0000000e+00 
6.7103261e-01 2.5876111e-01 0.0000000e+00 
6.9990993e-01 2.6214910e-01 0.0000000e+00 
6.8101048e-01 2.8387409e-01 0.0000000e+00 
7.1248281e-01 2.8716281e-01 0.0000000e+00 
7.2971261e-01 2.6349890e-01 0.0000000e+00 
7.4486363e-01 2.9076719e-01 0.0000000e+00 
6.9556361e-01 3.0985960e-01 0.0000000e+00 
7.6406652e-01 2.6318431e-01 0.0000000e+00 
7.8114778e-01 2.9619500e-01 0.0000000e+00 
5.5403137e-01 2.5565761e-01 0.0000000e+00 
5.6691158e-01 2.7902979e-01 0.0000000e+00 
8.0246252e-01 2.6402649e-01 0.0000000e+00 
8.2167560e-01 3.0103979e-01 0.0000000e+00 
5.7978672e-01 1.3316999e-01 0.0000000e+00 
6.9627529e-01 1.8651520e-01 0.0000000e+00 
8.4832448e-01 2.6130950e-01 0.0000000e+00 
8.6857778e-01 3.0716091e-01 0.0000000e+00 
6.6883779e-01 3.0851370e-01 0.0000000e+00 
6.8001598e-01 3.3176759e-01 0.0000000e+00 
5.6956083e-01 3.0685109e-01 0.0000000e+00 
8.9643359e-01 2.6652190e-01 0.0000000e+00 
9.1803229e-01 3.1445420e-01 0.0000000e+00 
9.4838840e-01 2.6944679e-01 0.0000000e+00 
9.7196358e-01 3.1528941e-01 0.0000000e+00 
1.0020620e+00 2.7188951e-01 0.0000000e+00 
1.0263140e+00 3.1974381e-01 0.0000000e+00 
1.0557370e+00 2.7577680e-01 0.0000000e+00 
6.5179992e-01 3.3081001e-01 0.0000000e+00 
6.6418201e-01 3.5163379e-01 0.0000000e+00 
6.8745148e-01 3.5866591e-01 0.0000000e+00 
6.4083183e-01 3.5175639e-01 0.0000000e+00 
6.5020132e-01 3.7057751e-01 0.0000000e+00 
6.2925631e-01 3.6861771e-01 0.0000000e+00 
6.3750827e-01 3.8906679e-01 0.0000000e+00 
6.1479098e-01 3.8505989e-01 0.0000000e+00 
6.2451601e-01 4.0700281e-01 0.0000000e+00 
6.0271370e-01 4.0461549e-01 0.0000000e+00 
6.4791143e-01 4.1049060e-01 0.0000000e+00 
6.1149168e-01 4.2533240e-01 0.0000000e+00 
5.8940130e-01 4.2314041e-01 0.0000000e+00 
5.4590571e-01 3.5405469e-01 0.0000000e+00 
5.5933821e-01 3.3214769e-01 0.0000000e+00 
1.0820900e+00 3.2265610e-01 0.0000000e+00 
1.1129040e+00 2.7988619e-01 0.0000000e+00 
1.1385900e+00 3.3131590e-01 0.0000000e+00 
1.1718310e+00 2.8342861e-01 0.0000000e+00 
5.9854919e-01 4.4447681e-01 0.0000000e+00 
5.7566178e-01 4.4153079e-01 0.0000000e+00 
8.0048358e-01 3.3398119e-01 0.0000000e+00 
1.1962050e+00 3.3624330e-01 0.0000000e+00 
1.2286429e+00 2.8668931e-01 0.0000000e+00 
1.2540359e+00 3.3862561e-01 0.0000000e+00 
1.2863950e+00 2.8994620e-01 0.0000000e+00 
6.1140192e-01 1.8628950e-01 0.0000000e+00 
1.3121480e+00 3.4238011e-01 0.0000000e+00 
1.3446890e+00 2.9366851e-01 0.0000000e+00 
1.3705840e+00 3.4558439e-01 0.0000000e+00 
1.4032860e+00 2.9774809e-01 0.0000000e+00 
6.4617378e-01 3.0788270e-01 0.0000000e+00 
1.4291511e+00 3.4956750e-01 0.0000000e+00 
1.4618640e+00 3.0163100e-01 0.0000000e+00 
1.4877310e+00 3.5457411e-01 0.0000000e+00 
1.5206050e+00 3.0603161e-01 0.0000000e+00 
1.5464530e+00 3.5889450e-01 0.0000000e+00 
1.5793800e+00 3.1008351e-01 0.0000000e+00 
5.6763572e-01 4.1851109e-01 0.0000000e+00 
5.5408603e-01 4.3793961e-01 0.0000000e+00 
5.2029008e-01 3.6688760e-01 0.0000000e+00 
9.4794089e-01 3.6647639e-01 0.0000000e+00 
8.7384099e-01 2.2074890e-01 0.0000000e+00 
6.3348472e-01 2.3041780e-01 0.0000000e+00 
7.8118002e-01 2.2578520e-01 0.0000000e+00 
1.6052290e+00 3.6304700e-01 0.0000000e+00 
1.6382140e+00 3.1413361e-01 0.0000000e+00 
1.6641290e+00 3.6722910e-01 0.0000000e+00 
1.6971480e+00 3.1819481e-01 0.0000000e+00 
1.6712240e+00 2.6505721e-01 0.0000000e+00 
1.7302210e+00 2.6912081e-01 0.0000000e+00 
1.5534170e+00 2.5684619e-01 0.0000000e+00 
6.7181969e-01 1.4093800e-01 0.0000000e+00 
5.8596748e-01 4.6394360e-01 0.0000000e+00 
1.7230920e+00 3.7133509e-01 0.0000000e+00 
1.3771909e+00 2.4454120e-01 0.0000000e+00 
6.2249678e-01 4.4700289e-01 0.0000000e+00 
1.2033920e+00 2.3449400e-01 0.0000000e+00 
1.0287880e+00 2.3015590e-01 0.0000000e+00 
5.4669750e-01 4.1895449e-01 0.0000000e+00 
5.3373671e-01 4.3515179e-01 0.0000000e+00 
5.4073101e-01 4.5481020e-01 0.0000000e+00 
5.1996583e-01 4.5137540e-01 0.0000000e+00 
5.1387292e-01 4.2921981e-01 0.0000000e+00 
4.9935541e-01 4.4742331e-01 0.0000000e+00 
4.5565760e-01 3.5403141e-01 0.0000000e+00 
4.9349809e-01 4.2846820e-01 0.0000000e+00 
4.7935709e-01 4.4358870e-01 0.0000000e+00 
4.7970989e-01 3.6688760e-01 0.0000000e+00 
4.8592600e-01 4.6396780e-01 0.0000000e+00 
4.6443069e-01 4.5930001e-01 0.0000000e+00 
4.5825541e-01 4.3536639e-01 0.0000000e+00 
4.4286779e-01 4.5335940e-01 0.0000000e+00 
4.3592349e-01 4.3169260e-01 0.0000000e+00 
4.2123440e-01 4.4813421e-01 0.0000000e+00 
4.1462469e-01 4.2622849e-01 0.0000000e+00 
4.3825611e-01 3.3387709e-01 0.0000000e+00 
3.9864141e-01 4.4291711e-01 0.0000000e+00 
3.9200109e-01 4.1997111e-01 0.0000000e+00 
3.7504819e-01 4.3754801e-01 0.0000000e+00 
3.6926591e-01 4.1456231e-01 0.0000000e+00 
3.5052001e-01 4.3156540e-01 0.0000000e+00 
3.4640020e-01 4.0321410e-01 0.0000000e+00 
3.2338160e-01 4.2558259e-01 0.0000000e+00 
3.1625420e-01 3.9745620e-01 0.0000000e+00 
3.3599329e-01 3.7658459e-01 0.0000000e+00 
3.0888751e-01 3.6996761e-01 0.0000000e+00 
3.2846531e-01 3.5015899e-01 0.0000000e+00 
3.0453789e-01 3.4228960e-01 0.0000000e+00 
3.2241219e-01 3.2376000e-01 0.0000000e+00 
2.9612821e-01 3.1610900e-01 0.0000000e+00 
3.1577420e-01 2.9729351e-01 0.0000000e+00 
2.8885421e-01 2.8886101e-01 0.0000000e+00 
3.0968001e-01 2.6928011e-01 0.0000000e+00 
2.8137040e-01 2.6060769e-01 0.0000000e+00 
2.8570160e-01 3.8790971e-01 0.0000000e+00 
3.0315241e-01 2.4067999e-01 0.0000000e+00 
3.3230671e-01 2.5245121e-01 0.0000000e+00 
3.2487640e-01 2.2290690e-01 0.0000000e+00 
3.5372531e-01 2.3027760e-01 0.0000000e+00 
4.3461740e-01 2.7961159e-01 0.0000000e+00 
3.4512779e-01 2.0528039e-01 0.0000000e+00 
3.6950600e-01 2.1069451e-01 0.0000000e+00 
2.6638910e-01 3.1392881e-01 0.0000000e+00 
2.7405229e-01 2.3109850e-01 0.0000000e+00 
3.6342499e-01 1.8842390e-01 0.0000000e+00 
3.8558939e-01 1.9589300e-01 0.0000000e+00 
4.4520050e-01 2.5469631e-01 0.0000000e+00 
3.8103029e-01 1.7263541e-01 0.0000000e+00 
4.0200421e-01 1.8057050e-01 0.0000000e+00 
4.9249741e-01 2.2787590e-01 0.0000000e+00 
4.6605590e-01 2.3826469e-01 0.0000000e+00 
3.3931601e-01 1.7988220e-01 0.0000000e+00 
3.8745371e-01 3.9799151e-01 0.0000000e+00 
3.5741779e-01 2.5419459e-01 0.0000000e+00 
3.5627639e-01 4.5751181e-01 0.0000000e+00 
3.4765261e-01 3.3191890e-01 0.0000000e+00 
3.9811629e-01 1.5518570e-01 0.0000000e+00 
4.2193061e-01 1.6662900e-01 0.0000000e+00 
3.7476501e-01 1.4610679e-01 0.0000000e+00 
3.9139041e-01 2.1633980e-01 0.0000000e+00 
2.5018540e-01 2.5338060e-01 0.0000000e+00 
2.4227400e-01 2.1673180e-01 0.0000000e+00 
2.1296521e-01 2.4632980e-01 0.0000000e+00 
2.0310380e-01 2.0643540e-01 0.0000000e+00 
4.7074649e-01 4.8204380e-01 0.0000000e+00 
4.9385741e-01 4.8678511e-01 0.0000000e+00 
4.1766569e-01 1.3875820e-01 0.0000000e+00 
4.3951231e-01 1.4885530e-01 0.0000000e+00 
4.4284999e-01 1.6929220e-01 0.0000000e+00 
4.6074921e-01 1.5907930e-01 0.0000000e+00 
4.5701310e-01 1.3411739e-01 0.0000000e+00 
4.7804150e-01 1.4308280e-01 0.0000000e+00 
4.8207700e-01 1.6432039e-01 0.0000000e+00 
5.2000839e-01 2.3249920e-01 0.0000000e+00 
4.7522539e-01 1.1890660e-01 0.0000000e+00 
4.9824399e-01 1.5124670e-01 0.0000000e+00 
5.0239080e-01 1.7379840e-01 0.0000000e+00 
4.0624869e-01 4.6688080e-01 0.0000000e+00 
4.2919409e-01 4.1243970e-01 0.0000000e+00 
6.2043011e-01 3.4884781e-01 0.0000000e+00 
1.7042540e+00 2.1590130e-01 0.0000000e+00 
1.7632940e+00 2.2000070e-01 0.0000000e+00 
5.9477502e-01 3.8850871e-01 0.0000000e+00 
1.1047130e+00 3.7971979e-01 0.0000000e+00 
5.5632508e-01 4.0331629e-01 0.0000000e+00 
5.1673311e-01 1.5979400e-01 0.0000000e+00 
5.1686460e-01 1.3875850e-01 0.0000000e+00 
5.2089018e-01 1.7866670e-01 0.0000000e+00 
2.3531640e-01 1.7608330e-01 0.0000000e+00 
4.8605490e-01 1.8340071e-01 0.0000000e+00 
1.2225550e+00 3.8796490e-01 0.0000000e+00 
1.7893510e+00 2.7321759e-01 0.0000000e+00 
5.0436419e-01 4.1349870e-01 0.0000000e+00 
4.8793069e-01 4.1161671e-01 0.0000000e+00 
1.3432890e+00 3.9487341e-01 0.0000000e+00 
4.9844569e-01 3.9902619e-01 0.0000000e+00 
5.1288861e-01 4.0051869e-01 0.0000000e+00 
4.7826111e-01 5.0721961e-01 0.0000000e+00 
1.5723439e+00 4.1086179e-01 0.0000000e+00 
5.6928509e-01 1.1216540e-01 0.0000000e+00 
5.3438342e-01 1.6713411e-01 0.0000000e+00 
5.3660733e-01 1.8530799e-01 0.0000000e+00 
5.5097228e-01 1.7492341e-01 0.0000000e+00 
5.5329382e-01 1.9238080e-01 0.0000000e+00 
1.4477730e+00 4.0997440e-01 0.0000000e+00 
1.7183121e-01 2.3577370e-01 0.0000000e+00 
1.8385801e-01 2.7833050e-01 0.0000000e+00 
4.5149651e-01 1.1040960e-01 0.0000000e+00 
4.7247219e-01 9.1955133e-02 0.0000000e+00 
1.9255680e-01 1.6331930e-01 0.0000000e+00 
4.5135620e-01 5.0161749e-01 0.0000000e+00 
1.8225530e+00 2.2401039e-01 0.0000000e+00 
5.2494282e-01 1.9506520e-01 0.0000000e+00 
1.7372680e+00 1.6678140e-01 0.0000000e+00 
1.6782570e+00 1.6271511e-01 0.0000000e+00 
1.6900350e+00 4.2038351e-01 0.0000000e+00 
1.7490560e+00 4.2454061e-01 0.0000000e+00 
4.8329440e-01 3.9614201e-01 0.0000000e+00 
4.7259709e-01 4.0761891e-01 0.0000000e+00 
4.6829471e-01 3.9267531e-01 0.0000000e+00 
1.7821480e+00 3.7544200e-01 0.0000000e+00 
1.8081650e+00 4.2873210e-01 0.0000000e+00 
5.6767190e-01 1.8248910e-01 0.0000000e+00 
5.6965590e-01 1.9964610e-01 0.0000000e+00 
5.5310482e-01 2.0997940e-01 0.0000000e+00 
5.7153863e-01 2.1648981e-01 0.0000000e+00 
5.5832732e-01 2.2570750e-01 0.0000000e+00 
5.7294083e-01 2.3188220e-01 0.0000000e+00 
5.8571517e-01 2.2277141e-01 0.0000000e+00 
5.8722973e-01 2.3849240e-01 0.0000000e+00 
2.2661661e-01 1.3415439e-01 0.0000000e+00 
2.6798990e-01 1.4730521e-01 0.0000000e+00 
1.7105891e+00 1.1396340e-01 0.0000000e+00 
5.9993339e-01 2.2935030e-01 0.0000000e+00 
6.0129720e-01 2.4530940e-01 0.0000000e+00 
5.8868867e-01 2.5420901e-01 0.0000000e+00 
6.0235012e-01 2.6110700e-01 0.0000000e+00 
1.8387530e+00 3.7525591e-01 0.0000000e+00 
5.4489303e-01 2.2099259e-01 0.0000000e+00 
4.5784310e-01 5.2955812e-01 0.0000000e+00 
5.1062381e-01 5.1103139e-01 0.0000000e+00 
4.9833831e-01 1.0296860e-01 0.0000000e+00 
1.8639690e+00 4.2541769e-01 0.0000000e+00 
4.9523690e-01 7.3985048e-02 0.0000000e+00 
1.3844220e-01 2.6736441e-01 0.0000000e+00 
1.5088230e-01 3.1097111e-01 0.0000000e+00 
1.2641050e-01 2.2494370e-01 0.0000000e+00 
2.0287590e-01 3.2045639e-01 0.0000000e+00 
1.6756350e-01 3.5410741e-01 0.0000000e+00 
2.1099889e-01 3.6507410e-01 0.0000000e+00 
1.8053800e-01 3.9719370e-01 0.0000000e+00 
2.2913329e-01 4.0715241e-01 0.0000000e+00 
1.9421770e-01 4.3993911e-01 0.0000000e+00 
2.3865750e-01 4.5007020e-01 0.0000000e+00 
1.4811151e-01 4.3034700e-01 0.0000000e+00 
5.9036589e-01 2.6973200e-01 0.0000000e+00 
6.0372931e-01 2.7649191e-01 0.0000000e+00 
6.1619169e-01 2.6624000e-01 0.0000000e+00 
5.9138829e-01 2.8492469e-01 0.0000000e+00 
6.0468042e-01 2.9163459e-01 0.0000000e+00 
1.8453060e+00 2.7996099e-01 0.0000000e+00 
2.0954210e-01 4.8537201e-01 0.0000000e+00 
4.6530190e-01 6.3733928e-02 0.0000000e+00 
5.9247959e-01 2.9992181e-01 0.0000000e+00 
6.0560697e-01 3.0666059e-01 0.0000000e+00 
5.9351093e-01 3.1494951e-01 0.0000000e+00 
6.0633099e-01 3.2174519e-01 0.0000000e+00 
5.9430778e-01 3.2937449e-01 0.0000000e+00 
4.9347320e-01 3.8454881e-01 0.0000000e+00 
5.5062449e-01 1.5674770e-01 0.0000000e+00 
4.5774269e-01 4.0380031e-01 0.0000000e+00 
4.5300320e-01 3.8926181e-01 0.0000000e+00 
5.2078158e-01 8.5589677e-02 0.0000000e+00 
5.2809721e-01 4.7261381e-01 0.0000000e+00 
5.4998982e-01 4.7740239e-01 0.0000000e+00 
1.1647230e-01 3.4303319e-01 0.0000000e+00 
5.4025501e-01 4.0216339e-01 0.0000000e+00 
5.4931629e-01 3.8893181e-01 0.0000000e+00 
5.6429678e-01 3.8917771e-01 0.0000000e+00 
5.5815691e-01 3.7613159e-01 0.0000000e+00 
5.3233409e-01 3.8730109e-01 0.0000000e+00 
6.1810511e-01 2.9840681e-01 0.0000000e+00 
5.4633558e-01 2.3408321e-01 0.0000000e+00 
1.7233150e+00 4.7115931e-01 0.0000000e+00 
1.6544410e+00 4.6960419e-01 0.0000000e+00 
5.9817278e-01 2.1342160e-01 0.0000000e+00 
5.7312608e-01 3.7630349e-01 0.0000000e+00 
5.6664068e-01 3.6344349e-01 0.0000000e+00 
5.8089459e-01 3.6333910e-01 0.0000000e+00 
5.7436389e-01 3.5058859e-01 0.0000000e+00 
5.8890998e-01 3.5140380e-01 0.0000000e+00 
5.9597099e-01 3.6360300e-01 0.0000000e+00 
1.8871840e+00 2.3216370e-01 0.0000000e+00 
1.8613670e+00 1.6699770e-01 0.0000000e+00 
5.8043772e-01 3.2325599e-01 0.0000000e+00 
1.8341640e-01 1.2044960e-01 0.0000000e+00 
1.4539170e-01 1.4803199e-01 0.0000000e+00 
5.2981251e-01 4.1606659e-01 0.0000000e+00 
6.3278657e-01 3.2098520e-01 0.0000000e+00 
4.9883649e-01 1.9035070e-01 0.0000000e+00 
4.8866749e-01 1.9995619e-01 0.0000000e+00 
4.7372600e-01 1.9428051e-01 0.0000000e+00 
4.7687241e-01 2.0988560e-01 0.0000000e+00 
4.6230760e-01 2.0519090e-01 0.0000000e+00 
5.0175709e-01 2.0284539e-01 0.0000000e+00 
3.7420979e-01 2.4249861e-01 0.0000000e+00 
3.7680081e-01 2.5999850e-01 0.0000000e+00 
3.6377189e-01 2.7359021e-01 0.0000000e+00 
3.8147151e-01 2.7786380e-01 0.0000000e+00 
3.9390230e-01 2.6630861e-01 0.0000000e+00 
3.9790910e-01 2.8215069e-01 0.0000000e+00 
3.8660839e-01 2.9399589e-01 0.0000000e+00 
4.0266559e-01 2.9749459e-01 0.0000000e+00 
3.9230630e-01 3.0959940e-01 0.0000000e+00 
3.7539089e-01 3.0645579e-01 0.0000000e+00 
3.8165531e-01 3.2178041e-01 0.0000000e+00 
3.9764741e-01 3.2483751e-01 0.0000000e+00 
3.8738471e-01 3.3702531e-01 0.0000000e+00 
4.0318671e-01 3.3988059e-01 0.0000000e+00 
3.9298999e-01 3.5206911e-01 0.0000000e+00 
4.0884519e-01 3.5489669e-01 0.0000000e+00 
3.7592891e-01 3.5095471e-01 0.0000000e+00 
4.1221961e-01 3.2815641e-01 0.0000000e+00 
4.0885890e-01 2.7070051e-01 0.0000000e+00 
4.0606499e-01 2.5576550e-01 0.0000000e+00 
4.2036530e-01 2.6073930e-01 0.0000000e+00 
4.1758421e-01 2.4588020e-01 0.0000000e+00 
3.9879280e-01 3.6719501e-01 0.0000000e+00 
4.1457930e-01 3.6959961e-01 0.0000000e+00 
4.2435291e-01 3.5784501e-01 0.0000000e+00 
4.3005049e-01 3.7181091e-01 0.0000000e+00 
4.2064139e-01 3.8399899e-01 0.0000000e+00 
4.0332180e-01 2.4100940e-01 0.0000000e+00 
4.1523230e-01 2.3128320e-01 0.0000000e+00 
4.2901969e-01 2.3581611e-01 0.0000000e+00 
4.2680249e-01 2.2116630e-01 0.0000000e+00 
4.4072181e-01 2.2622180e-01 0.0000000e+00 
4.3834931e-01 2.1132030e-01 0.0000000e+00 
4.2324290e-01 2.0628519e-01 0.0000000e+00 
5.7600939e-01 2.6372889e-01 0.0000000e+00 
4.6461701e-01 3.7602729e-01 0.0000000e+00 
4.4586849e-01 3.4520641e-01 0.0000000e+00 
1.8224460e+00 4.8960349e-01 0.0000000e+00 
4.3567330e-01 1.9562960e-01 0.0000000e+00 
5.9315038e-01 1.5660501e-01 0.0000000e+00 
4.5945361e-01 1.9019520e-01 0.0000000e+00 
6.2804931e-01 2.1075760e-01 0.0000000e+00 
4.4690049e-01 3.7500271e-01 0.0000000e+00 
4.3590689e-01 2.6693821e-01 0.0000000e+00 
4.5538360e-01 2.4537770e-01 0.0000000e+00 
5.3253782e-01 3.6093631e-01 0.0000000e+00 
5.0687999e-01 3.7203360e-01 0.0000000e+00 
5.5479759e-01 3.4289679e-01 0.0000000e+00 
4.7859880e-01 2.3292100e-01 0.0000000e+00 
5.6951690e-01 2.9091081e-01 0.0000000e+00 
4.3251589e-01 3.2153201e-01 0.0000000e+00 
2.5864059e-01 4.9322551e-01 0.0000000e+00 
2.8119770e-01 4.6436489e-01 0.0000000e+00 
2.9712620e-01 4.9769270e-01 0.0000000e+00 
5.0679362e-01 2.2942559e-01 0.0000000e+00 
5.1640040e-01 2.1935740e-01 0.0000000e+00 
6.5671778e-01 2.8741741e-01 0.0000000e+00 
6.4681822e-01 2.6546481e-01 0.0000000e+00 
2.6161829e-01 1.0442510e-01 0.0000000e+00 
2.9914159e-01 1.2133270e-01 0.0000000e+00 
5.3835911e-01 2.0090669e-01 0.0000000e+00 
4.1076070e-01 4.0288219e-01 0.0000000e+00 
4.2847160e-01 2.9058349e-01 0.0000000e+00 
5.8385968e-01 4.0419951e-01 0.0000000e+00 
4.6758640e-01 2.2237021e-01 0.0000000e+00 
1.7680900e+00 1.1666990e-01 0.0000000e+00 
4.6705061e-01 3.6164391e-01 0.0000000e+00 
4.2953780e-01 5.2015013e-01 0.0000000e+00 
3.4222049e-01 3.0633521e-01 0.0000000e+00 
3.3303869e-01 2.8045291e-01 0.0000000e+00 
5.3547281e-01 4.9663380e-01 0.0000000e+00 
5.6233060e-01 5.0093198e-01 0.0000000e+00 
3.5305610e-01 3.5562491e-01 0.0000000e+00 
3.6326250e-01 3.7681499e-01 0.0000000e+00 
5.8255208e-01 1.8968870e-01 0.0000000e+00 
5.6585908e-01 6.7596443e-02 0.0000000e+00 
3.1423870e-01 5.6071562e-01 0.0000000e+00 
3.6825681e-01 5.5769640e-01 0.0000000e+00 
1.6511329e+00 1.0926090e-01 0.0000000e+00 
1.6192470e+00 1.5863900e-01 0.0000000e+00 
3.1425080e-01 3.9930049e-02 0.0000000e+00 
3.1129351e-01 1.6085930e-01 0.0000000e+00 
3.3299991e-01 1.3328290e-01 0.0000000e+00 
3.3072019e-01 1.0009960e-01 0.0000000e+00 
2.7850899e-01 1.8997809e-01 0.0000000e+00 
3.6250210e-01 1.1719080e-01 0.0000000e+00 
3.6242679e-01 7.9823360e-02 0.0000000e+00 
3.9215559e-01 9.3917303e-02 0.0000000e+00 
6.7704421e-01 3.9422091e-02 0.0000000e+00 
6.9158012e-01 7.9496212e-02 0.0000000e+00 
7.2696608e-01 4.4044841e-02 0.0000000e+00 
7.3696113e-01 9.5335990e-02 0.0000000e+00 
7.9171729e-01 1.0606610e-01 0.0000000e+00 
7.5707722e-01 1.3865989e-01 0.0000000e+00 
8.0465728e-01 1.5881000e-01 0.0000000e+00 
8.4009641e-01 1.2030350e-01 0.0000000e+00 
8.5441029e-01 1.6780110e-01 0.0000000e+00 
8.9020813e-01 1.3047090e-01 0.0000000e+00 
8.7580758e-01 8.5384279e-02 0.0000000e+00 
6.3392729e-01 5.6027758e-01 0.0000000e+00 
6.5490252e-01 5.2222651e-01 0.0000000e+00 
6.9785458e-01 5.2009457e-01 0.0000000e+00 
6.6947389e-01 4.8214740e-01 0.0000000e+00 
7.1400052e-01 4.7928271e-01 0.0000000e+00 
7.3890662e-01 5.1415598e-01 0.0000000e+00 
7.5538421e-01 4.7427329e-01 0.0000000e+00 
7.3060858e-01 4.4053549e-01 0.0000000e+00 
7.7131832e-01 4.3481070e-01 0.0000000e+00 
7.4432129e-01 4.0371630e-01 0.0000000e+00 
7.9942912e-01 4.6868020e-01 0.0000000e+00 
8.1664360e-01 4.2528069e-01 0.0000000e+00 
8.4675127e-01 4.6303490e-01 0.0000000e+00 
7.0795268e-01 4.1132101e-01 0.0000000e+00 
8.6556101e-01 4.1526449e-01 0.0000000e+00 
9.0177119e-01 4.5578691e-01 0.0000000e+00 
6.1436248e-01 5.2457899e-01 0.0000000e+00 
5.9010911e-01 5.6233871e-01 0.0000000e+00 
6.8740159e-01 4.4485721e-01 0.0000000e+00 
6.3075930e-01 4.9217081e-01 0.0000000e+00 
8.2390177e-01 3.7696400e-01 0.0000000e+00 
6.5760958e-01 4.5251140e-01 0.0000000e+00 
8.8201141e-01 3.6469159e-01 0.0000000e+00 
7.1646827e-01 3.7200019e-01 0.0000000e+00 
7.5293612e-01 3.6630341e-01 0.0000000e+00 
7.3172802e-01 3.4158540e-01 0.0000000e+00 
4.3641081e-01 3.8625911e-01 0.0000000e+00 
3.3307719e-01 5.1888418e-01 0.0000000e+00 
3.7808201e-01 5.1874483e-01 0.0000000e+00 
4.1757399e-01 3.4319299e-01 0.0000000e+00 
4.0734050e-01 3.1263331e-01 0.0000000e+00 
4.8661929e-01 4.2812102e-02 0.0000000e+00 
7.2056448e-01 1.3380709e-01 0.0000000e+00 
7.2885102e-01 1.7120270e-01 0.0000000e+00 
7.6764971e-01 1.8236589e-01 0.0000000e+00 
7.3844647e-01 2.0840840e-01 0.0000000e+00 
3.2383901e-01 4.7502699e-01 0.0000000e+00 
2.0299730e-01 4.5617640e-02 0.0000000e+00 
5.8970161e-02 3.3410329e-01 0.0000000e+00 
2.0689000e-01 5.5709481e-01 0.0000000e+00 
4.1305149e-01 2.8573561e-01 0.0000000e+00 
7.8471351e-01 5.4944623e-01 0.0000000e+00 
5.7445318e-01 2.4704580e-01 0.0000000e+00 
4.8197981e-02 2.0613991e-01 0.0000000e+00 
2.9774281e-01 8.0907270e-02 0.0000000e+00 
5.0055778e-01 5.6669247e-01 0.0000000e+00 
5.6139982e-01 2.6632291e-01 0.0000000e+00 
1.6788280e+00 5.7307512e-02 0.0000000e+00 
5.1920211e-01 3.7999329e-01 0.0000000e+00 
5.3287011e-01 2.3837809e-01 0.0000000e+00 
4.9314889e-01 3.6956069e-01 0.0000000e+00 
5.4427528e-01 3.7591609e-01 0.0000000e+00 
7.8244883e-01 3.9527819e-01 0.0000000e+00 
3.6446571e-01 4.0250320e-02 0.0000000e+00 
4.4162789e-01 3.5938531e-01 0.0000000e+00 
6.3632941e-01 2.8842619e-01 0.0000000e+00 
4.9067271e-01 2.1312010e-01 0.0000000e+00 
9.0754151e-01 5.5067050e-01 0.0000000e+00 
9.6624529e-01 5.4957891e-01 0.0000000e+00 
9.9525559e-01 4.9868581e-01 0.0000000e+00 
1.0540251e+00 4.9801311e-01 0.0000000e+00 
1.0243800e+00 4.4818369e-01 0.0000000e+00 
1.0813180e+00 4.4429299e-01 0.0000000e+00 
9.6050638e-01 4.4521841e-01 0.0000000e+00 
9.9237692e-01 4.0150511e-01 0.0000000e+00 
9.3534291e-01 5.0050128e-01 0.0000000e+00 
1.1123620e+00 4.9683940e-01 0.0000000e+00 
1.1383430e+00 4.4216970e-01 0.0000000e+00 
5.4218680e-01 5.2327639e-01 0.0000000e+00 
4.9454380e-02 4.5007420e-01 0.0000000e+00 
1.0217610e-01 4.7936839e-01 0.0000000e+00 
2.2542991e-01 2.8165141e-01 0.0000000e+00 
3.9299640e-01 1.2565491e-01 0.0000000e+00 
4.2287391e-01 1.0849530e-01 0.0000000e+00 
4.1702661e-01 7.4225321e-02 0.0000000e+00 
4.2317891e-01 4.9126241e-01 0.0000000e+00 
3.6435950e-01 3.1840631e-01 0.0000000e+00 
5.9271669e-01 4.9394491e-01 0.0000000e+00 
4.5279789e-01 2.1705380e-01 0.0000000e+00 
1.1707489e+00 4.9572700e-01 0.0000000e+00 
1.1967220e+00 4.4262701e-01 0.0000000e+00 
1.2286400e+00 4.9457431e-01 0.0000000e+00 
1.2569320e+00 4.4329810e-01 0.0000000e+00 
1.2887410e+00 4.9415389e-01 0.0000000e+00 
4.9704749e-02 9.0376601e-02 0.0000000e+00 
1.1661880e+00 3.8667339e-01 0.0000000e+00 
1.0448740e+00 3.9727730e-01 0.0000000e+00 
1.3219531e+00 5.4748261e-01 0.0000000e+00 
1.3566051e+00 4.9475339e-01 0.0000000e+00 
1.4128619e+00 5.0170678e-01 0.0000000e+00 
1.3878731e+00 4.4357020e-01 0.0000000e+00 
2.6875430e-01 4.3074101e-01 0.0000000e+00 
4.1746351e-01 3.0108821e-01 0.0000000e+00 
4.7450441e-01 4.2571831e-01 0.0000000e+00 
4.0593800e-01 2.0075510e-01 0.0000000e+00 
4.4167551e-01 4.0079829e-01 0.0000000e+00 
1.9512080e+00 4.5117629e-01 0.0000000e+00 
1.0262311e+00 5.1109631e-02 0.0000000e+00 
9.9738371e-01 1.0181700e-01 0.0000000e+00 
1.0553030e+00 1.0176790e-01 0.0000000e+00 
1.0273110e+00 1.4739220e-01 0.0000000e+00 
1.0855290e+00 1.4977370e-01 0.0000000e+00 
9.7062862e-01 1.4721170e-01 0.0000000e+00 
9.3508059e-01 1.0148260e-01 0.0000000e+00 
1.1133560e+00 1.0215650e-01 0.0000000e+00 
1.1446090e+00 1.4514109e-01 0.0000000e+00 
1.1160710e+00 1.9391710e-01 0.0000000e+00 
1.2018321e+00 5.4771107e-01 0.0000000e+00 
1.9480680e+00 2.1005040e-01 0.0000000e+00 
1.0842860e+00 5.4868227e-01 0.0000000e+00 
1.9480680e+00 3.2994959e-01 0.0000000e+00 
1.5904510e+00 1.0452840e-01 0.0000000e+00 
1.5598950e+00 1.5443350e-01 0.0000000e+00 
1.5304790e+00 1.0186320e-01 0.0000000e+00 
1.5007280e+00 1.5119410e-01 0.0000000e+00 
1.5273950e+00 2.0345390e-01 0.0000000e+00 
1.4685169e+00 1.9967620e-01 0.0000000e+00 
1.4425830e+00 1.4740349e-01 0.0000000e+00 
1.4098901e+00 1.9577309e-01 0.0000000e+00 
1.3839140e+00 1.4338671e-01 0.0000000e+00 
1.3511680e+00 1.9153769e-01 0.0000000e+00 
1.3252350e+00 1.3926670e-01 0.0000000e+00 
1.2926320e+00 1.8772170e-01 0.0000000e+00 
1.2666039e+00 1.3634580e-01 0.0000000e+00 
1.2355460e+00 1.8558609e-01 0.0000000e+00 
1.2059170e+00 1.3905290e-01 0.0000000e+00 
1.2347410e+00 9.3928657e-02 0.0000000e+00 
1.3187660e+00 2.4091680e-01 0.0000000e+00 
1.4945120e+00 2.5244480e-01 0.0000000e+00 
1.5862570e+00 2.0772290e-01 0.0000000e+00 
5.5948251e-01 2.4233980e-01 0.0000000e+00 
1.5573130e+00 5.4926682e-01 0.0000000e+00 
1.5215520e+00 5.0207931e-01 0.0000000e+00 
1.5906490e+00 4.9784341e-01 0.0000000e+00 
1.3832541e+00 4.9608339e-02 0.0000000e+00 
1.5002331e+00 5.0511628e-02 0.0000000e+00 
1.7345819e+00 5.5134553e-01 0.0000000e+00 
1.6170100e+00 5.5189037e-01 0.0000000e+00 
1.6308481e+00 4.1378099e-01 0.0000000e+00 
1.7733830e+00 4.6653220e-01 0.0000000e+00 
1.8566350e+00 5.4165798e-01 0.0000000e+00 
1.5124860e+00 4.0674630e-01 0.0000000e+00 
1.4853560e+00 4.5626420e-01 0.0000000e+00 
1.6452560e+00 2.1187560e-01 0.0000000e+00 
1.7967290e+00 1.6947480e-01 0.0000000e+00 
1.8955210e+00 4.8443690e-01 0.0000000e+00 
2.4952111e-01 3.7534630e-01 0.0000000e+00 
2.4015559e-01 3.3920720e-01 0.0000000e+00 
1.6122910e+00 2.6095319e-01 0.0000000e+00 
1.8537400e+00 5.5921540e-02 0.0000000e+00 
1.8819669e+00 1.0242500e-01 0.0000000e+00 
9.5119797e-02 1.2153590e-01 0.0000000e+00 
1.0847340e+00 5.0935078e-02 0.0000000e+00 
1.7562060e+00 3.2229191e-01 0.0000000e+00 
1.4358770e+00 2.4863569e-01 0.0000000e+00 
4.3159389e-01 2.5088599e-01 0.0000000e+00 
4.7994119e-01 3.8120639e-01 0.0000000e+00 
1.8123610e+00 3.2570100e-01 0.0000000e+00 
6.1470199e-01 2.3820160e-01 0.0000000e+00 
6.2837660e-01 2.5279269e-01 0.0000000e+00 
5.6644672e-01 3.2120070e-01 0.0000000e+00 
4.0343639e-01 3.8359720e-01 0.0000000e+00 
1.2608960e+00 2.3755901e-01 0.0000000e+00 
9.7383392e-01 2.2759880e-01 0.0000000e+00 
1.8966711e+00 3.6694610e-01 0.0000000e+00 
1.2852859e+00 3.9278471e-01 0.0000000e+00 
4.4754091e-01 4.1694289e-01 0.0000000e+00 
5.1814729e-01 1.1434720e-01 0.0000000e+00 
9.8089732e-02 2.9848260e-01 0.0000000e+00 
8.7650722e-01 5.0584209e-01 0.0000000e+00 
7.2722268e-01 5.5884892e-01 0.0000000e+00 
9.1900879e-01 4.0950510e-01 0.0000000e+00 
6.0669678e-01 3.3687809e-01 0.0000000e+00 
9.2257088e-01 2.2499460e-01 0.0000000e+00 
1.8270659e+00 1.1701130e-01 0.0000000e+00 
3.9101499e-01 2.5043941e-01 0.0000000e+00 
3.0026230e-01 2.1632680e-01 0.0000000e+00 
5.8418620e-01 3.3934349e-01 0.0000000e+00 
1.5593460e+00 5.1838879e-02 0.0000000e+00 
4.5547140e-01 5.6772357e-01 0.0000000e+00 
9.7268373e-02 1.8144910e-01 0.0000000e+00 
9.3618453e-02 5.9398320e-02 0.0000000e+00 
9.5946752e-02 4.1991970e-01 0.0000000e+00 
1.5493150e-01 4.8253620e-01 0.0000000e+00 
5.3141659e-01 2.2366489e-01 0.0000000e+00 
4.6951711e-01 1.7694290e-01 0.0000000e+00 
1.3219830e+00 4.4809279e-01 0.0000000e+00 
6.1860532e-01 2.8225860e-01 0.0000000e+00 
9.2647932e-02 5.4469162e-01 0.0000000e+00 
3.6105269e-01 4.8700431e-01 0.0000000e+00 
1.4393450e+00 5.5213040e-01 0.0000000e+00 
1.9442101e+00 9.5342271e-02 0.0000000e+00 
9.0059137e-01 1.7995150e-01 0.0000000e+00 
8.2735151e-01 2.0720319e-01 0.0000000e+00 
6.6251612e-01 1.0677520e-01 0.0000000e+00 
6.7604911e-01 4.1622579e-01 0.0000000e+00 
6.8501538e-01 3.8669550e-01 0.0000000e+00 
3.6920869e-01 2.9070961e-01 0.0000000e+00 
4.5409241e-01 2.3146330e-01 0.0000000e+00 
6.1867392e-01 3.1358370e-01 0.0000000e+00 
1.9131620e+00 5.4997718e-01 0.0000000e+00 
4.2027211e-01 1.8849210e-01 0.0000000e+00 
1.9003210e+00 2.9999799e-01 0.0000000e+00 
5.5434358e-01 1.3134070e-01 0.0000000e+00 
1.4729370e+00 1.0059040e-01 0.0000000e+00 
4.4868380e-01 4.7589070e-01 0.0000000e+00 
1.7371070e+00 5.7924490e-02 0.0000000e+00 
1.6196249e-01 1.9384970e-01 0.0000000e+00 
2.7876011e-01 3.4925121e-01 0.0000000e+00 
5.6304562e-01 4.5950639e-01 0.0000000e+00 
6.0384172e-01 3.5119170e-01 0.0000000e+00 
5.7530987e-01 5.2873927e-01 0.0000000e+00 
1.3667960e-01 3.8707560e-01 0.0000000e+00 
4.9747679e-01 1.2821840e-01 0.0000000e+00 
1.1983300e+00 4.8251878e-02 0.0000000e+00 
7.5970978e-01 3.2726541e-01 0.0000000e+00 
8.1999791e-01 5.1075947e-01 0.0000000e+00 
1.3957340e+00 3.8871399e-01 0.0000000e+00 
3.8881221e-01 2.3447470e-01 0.0000000e+00 
5.2596432e-01 2.0954940e-01 0.0000000e+00 
1.4149910e+00 9.8922051e-02 0.0000000e+00 
3.1656411e-01 1.9587231e-01 0.0000000e+00 
4.3203679e-01 3.4525600e-01 0.0000000e+00 
5.0832897e-01 3.8785461e-01 0.0000000e+00 
5.0716370e-01 4.6868089e-01 0.0000000e+00 
7.2506380e-01 3.1459489e-01 0.0000000e+00 
5.7067949e-01 1.5282580e-01 0.0000000e+00 
6.7973870e-01 1.6684531e-01 0.0000000e+00 
5.3255141e-01 1.4827640e-01 0.0000000e+00 
5.8382958e-01 2.0679601e-01 0.0000000e+00 
3.6833951e-01 3.3595169e-01 0.0000000e+00 
6.6081917e-01 3.9089271e-01 0.0000000e+00 
3.5859609e-01 1.6498099e-01 0.0000000e+00 
5.4474670e-01 2.4635740e-01 0.0000000e+00 
8.5039961e-01 4.4130251e-02 0.0000000e+00 
7.0378470e-01 2.1493910e-01 0.0000000e+00 
3.8111559e-01 3.6489099e-01 0.0000000e+00 
3.8378549e-01 3.8103321e-01 0.0000000e+00 
1.1733290e+00 9.6517898e-02 0.0000000e+00 
6.1236829e-01 3.6486840e-01 0.0000000e+00 
4.2817801e-01 4.6774849e-01 0.0000000e+00 
3.9298210e-01 4.8933309e-01 0.0000000e+00 
5.1858139e-01 5.3958851e-01 0.0000000e+00 
1.1778920e+00 1.8819040e-01 0.0000000e+00 
6.3357651e-01 4.2729640e-01 0.0000000e+00 
2.1912169e-01 8.9860998e-02 0.0000000e+00 
4.4828820e-01 3.3391532e-02 0.0000000e+00 
7.1727687e-01 2.3730519e-01 0.0000000e+00 
9.8337471e-02 2.5592181e-01 0.0000000e+00 
4.8688981e-01 5.3696889e-01 0.0000000e+00 
9.1024607e-01 4.6742149e-02 0.0000000e+00 
4.2072469e-01 3.1704551e-01 0.0000000e+00 
2.5881660e-01 2.8481191e-01 0.0000000e+00 
1.3556740e+00 9.6588373e-02 0.0000000e+00 
3.8170820e-01 4.6353251e-01 0.0000000e+00 
6.1133659e-01 4.6789679e-01 0.0000000e+00 
4.4266859e-01 2.4074350e-01 0.0000000e+00 
1.4653840e+00 5.0395852e-01 0.0000000e+00 
1.1433500e+00 2.3560201e-01 0.0000000e+00 
5.5341142e-01 3.6430839e-01 0.0000000e+00 
5.7990170e-01 2.7820900e-01 0.0000000e+00 
4.4887719e-01 2.0151231e-01 0.0000000e+00 
4.6245420e-01 4.1756010e-01 0.0000000e+00 
4.1210291e-01 2.1662711e-01 0.0000000e+00 
5.1736373e-01 5.6347691e-02 0.0000000e+00 
7.0604849e-01 3.3807889e-01 0.0000000e+00 
4.3653390e-01 1.2656429e-01 0.0000000e+00 
4.2773649e-01 3.9727569e-01 0.0000000e+00 
4.2305809e-01 2.7508900e-01 0.0000000e+00 
1.9111360e+00 1.7995431e-01 0.0000000e+00 
1.2975690e+00 9.4644032e-02 0.0000000e+00 
7.4613649e-01 2.3963641e-01 0.0000000e+00 
2.9362991e-01 4.1433749e-01 0.0000000e+00 
5.8357382e-01 3.0761179e-01 0.0000000e+00 
5.3191912e-01 3.7253350e-01 0.0000000e+00 
4.4445190e-01 8.4593862e-02 0.0000000e+00 
1.5468830e+00 4.5422599e-01 0.0000000e+00 
6.2926418e-01 2.7103639e-01 0.0000000e+00 
3.5220909e-01 2.8729489e-01 0.0000000e+00 
8.3805579e-01 3.3710629e-01 0.0000000e+00 
5.2616048e-01 4.0003020e-01 0.0000000e+00 
1.8064611e-01 5.2023911e-01 0.0000000e+00 
4.2505819e-01 3.3176431e-01 0.0000000e+00 
7.7968621e-01 5.0346297e-01 0.0000000e+00 
1.2679260e+00 4.6381779e-02 0.0000000e+00 
5.8107018e-01 2.9473820e-01 0.0000000e+00 
6.1925322e-01 3.3036381e-01 0.0000000e+00 
5.6537521e-01 2.5524691e-01 0.0000000e+00 
3.8967860e-01 6.5405212e-02 0.0000000e+00 
1.0865080e+00 2.3449360e-01 0.0000000e+00 
1.4042149e-01 9.9993236e-02 0.0000000e+00 
1.0030100e+00 3.5783571e-01 0.0000000e+00 
3.6067769e-01 3.0184039e-01 0.0000000e+00 
5.7885981e-01 3.8880101e-01 0.0000000e+00 
1.5990330e+00 4.4926330e-01 0.0000000e+00 
9.1439813e-02 3.7532219e-01 0.0000000e+00 
5.7995051e-01 1.7130360e-01 0.0000000e+00 
6.1258352e-01 2.5273019e-01 0.0000000e+00 
4.0172791e-01 2.2754180e-01 0.0000000e+00 
5.4750210e-01 9.9742994e-02 0.0000000e+00 
6.1311978e-01 2.0313910e-01 0.0000000e+00 
6.1223829e-01 2.2002740e-01 0.0000000e+00 
1.8586820e+00 3.2957241e-01 0.0000000e+00 
5.8738971e-01 3.7580970e-01 0.0000000e+00 
4.5219980e-02 4.4195049e-02 0.0000000e+00 
4.8124549e-01 2.2123460e-01 0.0000000e+00 
4.3828961e-02 5.5591398e-01 0.0000000e+00 
1.0568640e+00 1.9004630e-01 0.0000000e+00 
3.3193341e-01 4.4711831e-01 0.0000000e+00 
3.0378929e-01 4.4286191e-01 0.0000000e+00 
5.3415012e-01 1.2728420e-01 0.0000000e+00 
5.0386423e-01 2.1636350e-01 0.0000000e+00 
1.9116580e+00 4.2358989e-01 0.0000000e+00 
4.5517069e-01 3.6521810e-01 0.0000000e+00 
3.6732909e-01 3.6239621e-01 0.0000000e+00 
6.3041377e-01 3.0585691e-01 0.0000000e+00 
1.9569679e+00 4.3301821e-02 0.0000000e+00 
5.7146299e-01 4.8058590e-01 0.0000000e+00 
1.6484860e+00 5.1718348e-01 0.0000000e+00 
9.4670999e-01 1.8556410e-01 0.0000000e+00 
6.3752991e-01 4.6584189e-01 0.0000000e+00 
1.9572541e+00 5.5697870e-01 0.0000000e+00 
6.4813697e-01 2.4830820e-01 0.0000000e+00 
6.0179752e-01 3.7555191e-01 0.0000000e+00 
1.4364240e+00 4.6111640e-01 0.0000000e+00 
5.6217611e-01 3.5223660e-01 0.0000000e+00 
6.6050959e-01 4.3027630e-01 0.0000000e+00 
4.0468970e-01 5.1149738e-01 0.0000000e+00 
5.1506358e-01 2.0555650e-01 0.0000000e+00 
4.3334481e-01 1.8108650e-01 0.0000000e+00 
9.9962813e-01 1.8700930e-01 0.0000000e+00 
6.9131333e-01 1.1763480e-01 0.0000000e+00 
4.4599831e-01 1.8538959e-01 0.0000000e+00 
5.1551181e-01 4.8891029e-01 0.0000000e+00 
4.3754059e-01 5.8743980e-02 0.0000000e+00 
5.9589100e-01 3.4163511e-01 0.0000000e+00 
2.3624770e-01 5.2814358e-01 0.0000000e+00 
6.6953379e-01 3.7169310e-01 0.0000000e+00 
3.6865169e-01 3.9570969e-01 0.0000000e+00 
5.9758049e-01 1.9620110e-01 0.0000000e+00 
1.3329040e-01 5.1544452e-01 0.0000000e+00 
1.0515270e+00 3.5504949e-01 0.0000000e+00 
3.3392131e-01 6.8202123e-02 0.0000000e+00 
1.7869949e-01 8.1389397e-02 0.0000000e+00 
9.2706198e-01 1.4882250e-01 0.0000000e+00 
1.7000279e+00 5.1305068e-01 0.0000000e+00 
3.4774879e-01 2.6959679e-01 0.0000000e+00 
5.7002652e-01 3.3917850e-01 0.0000000e+00 
4.5571360e-01 1.7617980e-01 0.0000000e+00 
8.2389021e-01 8.1237279e-02 0.0000000e+00 
5.6977302e-01 4.0162051e-01 0.0000000e+00 
5.7622939e-01 9.1579817e-02 0.0000000e+00 
7.9520959e-01 1.9354109e-01 0.0000000e+00 
7.1731091e-01 1.9555099e-01 0.0000000e+00 
9.5533073e-01 4.0679529e-01 0.0000000e+00 
5.1722008e-01 4.1250920e-01 0.0000000e+00 
4.3116611e-01 5.4470932e-01 0.0000000e+00 
6.9998658e-01 1.5358570e-01 0.0000000e+00 
3.7607810e-01 2.2627370e-01 0.0000000e+00 
5.1978278e-01 3.9113960e-01 0.0000000e+00 
5.3689402e-01 2.1312129e-01 0.0000000e+00 
9.0401761e-02 2.1924180e-01 0.0000000e+00 
7.8513551e-01 3.6338761e-01 0.0000000e+00 
2.8628290e-01 5.2971011e-01 0.0000000e+00 
1.9101239e+00 1.3962340e-01 0.0000000e+00 
3.3938929e-01 1.5675519e-01 0.0000000e+00 
3.5365051e-01 1.4366330e-01 0.0000000e+00 
5.9640652e-01 1.7787141e-01 0.0000000e+00 
2.3996450e-01 3.0955619e-01 0.0000000e+00 
4.0130991e-01 5.3756779e-01 0.0000000e+00 
2.6203820e-01 3.9843059e-01 0.0000000e+00 
1.7610559e+00 5.1254529e-01 0.0000000e+00 
5.3923780e-01 6.9367118e-02 0.0000000e+00 
6.6389477e-01 2.7387929e-01 0.0000000e+00 
5.6400359e-01 1.6758190e-01 0.0000000e+00 
6.3302028e-01 3.3655259e-01 0.0000000e+00 
5.4254562e-01 3.6452681e-01 0.0000000e+00 
5.1293671e-01 2.8587131e-02 0.0000000e+00 
5.1246679e-01 1.8971939e-01 0.0000000e+00 

CELLS 1766 7064
3 0 870 123
3 1 882 70
3 2 887 79
3 3 872 114
3 4 193 35
3 4 516 193
3 5 516 4
3 6 184 5
3 6 612 184
3 7 612 6
3 8 183 7
3 8 799 183
3 9 799 8
3 10 615 9
3 11 335 10
3 11 521 335
3 12 521 11
3 13 311 12
3 13 515 311
3 14 515 13
3 15 312 14
3 15 511 312
3 16 511 15
3 17 308 16
3 17 510 308
3 18 510 17
3 19 301 18
3 19 529 301
3 20 529 19
3 21 124 20
3 21 517 124
3 22 517 21
3 23 277 22
3 23 503 277
3 24 503 23
3 25 266 24
3 25 533 266
3 26 533 25
3 27 269 26
3 27 616 269
3 28 616 27
3 29 513 28
3 30 241 29
3 30 512 241
3 31 512 30
3 32 214 31
3 32 514 214
3 33 514 32
3 34 215 33
3 34 726 215
3 35 726 34
3 36 870 0
3 37 747 36
3 38 155 37
3 38 603 155
3 39 603 38
3 40 130 39
3 40 547 130
3 41 547 40
3 41 619 547
3 42 619 41
3 43 142 42
3 43 812 142
3 44 812 43
3 44 943 597
3 45 943 44
3 46 145 45
3 46 159 145
3 47 159 46
3 48 140 47
3 48 555 140
3 49 555 48
3 49 557 555
3 50 557 49
3 51 126 50
3 51 800 126
3 52 800 51
3 52 816 800
3 53 816 52
3 54 131 53
3 54 663 131
3 55 663 54
3 55 718 663
3 56 718 55
3 57 127 56
3 57 780 127
3 58 780 57
3 58 850 780
3 59 850 58
3 60 148 59
3 60 700 148
3 61 700 60
3 62 128 61
3 62 701 128
3 63 701 62
3 63 744 701
3 64 744 63
3 65 136 64
3 65 613 136
3 66 613 65
3 66 772 613
3 67 772 66
3 68 144 67
3 68 715 144
3 69 715 68
3 70 157 69
3 70 882 157
3 71 882 1
3 72 757 71
3 73 154 72
3 73 674 154
3 74 674 73
3 75 139 74
3 75 676 139
3 76 676 75
3 77 147 76
3 77 662 147
3 78 662 77
3 79 156 78
3 79 887 156
3 80 887 2
3 81 766 80
3 82 706 81
3 83 151 82
3 83 702 151
3 84 702 83
3 85 129 84
3 85 703 129
3 86 703 85
3 87 697 86
3 88 137 87
3 88 756 137
3 89 756 88
3 90 149 89
3 90 653 149
3 91 653 90
3 92 134 91
3 92 673 134
3 93 673 92
3 94 150 93
3 94 675 150
3 95 675 94
3 96 135 95
3 96 624 135
3 97 624 96
3 98 623 97
3 99 125 98
3 99 607 125
3 100 607 99
3 100 736 607
3 101 736 100
3 102 138 101
3 102 566 138
3 103 566 102
3 103 583 566
3 104 583 103
3 105 143 104
3 105 611 143
3 106 611 105
3 106 745 611
3 107 745 106
3 108 141 107
3 108 544 141
3 109 544 108
3 110 543 109
3 111 132 110
3 111 605 132
3 112 605 111
3 113 153 112
3 113 754 153
3 114 754 113
3 114 872 754
3 115 872 3
3 116 158 115
3 116 635 158
3 117 635 116
3 118 146 117
3 118 604 146
3 119 604 118
3 120 133 119
3 120 609 133
3 121 609 120
3 122 152 121
3 122 650 152
3 123 650 122
3 123 870 650
3 124 529 20
3 124 658 529
3 124 817 658
3 125 623 98
3 125 735 623
3 125 782 735
3 126 557 50
3 126 558 557
3 126 559 558
3 126 915 559
3 127 718 56
3 127 804 670
3 128 700 61
3 128 786 700
3 129 702 84
3 129 911 702
3 130 603 39
3 130 610 525
3 130 811 603
3 131 816 53
3 132 543 110
3 132 929 543
3 133 604 119
3 133 734 604
3 133 814 734
3 133 927 814
3 134 653 91
3 134 673 647
3 135 675 95
3 136 613 545
3 136 744 64
3 137 697 87
3 137 698 697
3 137 823 698
3 138 736 101
3 139 674 74
3 139 768 454
3 140 159 47
3 140 160 159
3 140 161 160
3 140 555 161
3 141 745 107
3 141 922 745
3 141 935 922
3 142 619 42
3 142 854 619
3 142 900 640
3 143 583 104
3 143 777 583
3 143 808 634
3 144 740 532
3 144 772 67
3 145 938 830
3 145 943 45
3 146 635 117
3 146 748 635
3 146 861 748
3 147 676 76
3 147 730 676
3 147 878 730
3 148 850 59
3 149 756 89
3 150 673 93
3 150 675 632
3 151 706 82
3 151 937 504
3 152 609 121
3 152 746 609
3 153 605 112
3 153 847 605
3 153 906 847
3 154 757 72
3 154 930 757
3 155 747 37
3 155 856 747
3 155 909 856
3 156 662 78
3 156 711 662
3 156 766 711
3 156 887 766
3 157 715 69
3 157 716 715
3 157 757 716
3 157 882 757
3 158 872 115
3 159 542 145
3 160 542 159
3 160 917 542
3 161 162 160
3 161 760 162
3 162 163 160
3 162 164 163
3 162 165 164
3 162 760 165
3 163 917 160
3 164 187 163
3 164 506 187
3 165 166 164
3 165 167 166
3 165 253 167
3 165 760 253
3 166 506 164
3 166 933 506
3 167 168 166
3 167 169 168
3 167 793 169
3 168 227 166
3 168 866 227
3 169 170 168
3 169 171 170
3 169 188 171
3 169 793 188
3 170 508 168
3 171 172 170
3 171 173 172
3 171 801 173
3 172 244 170
3 172 888 244
3 173 174 172
3 173 175 174
3 173 813 175
3 174 888 172
3 174 939 524
3 175 176 174
3 175 177 176
3 175 178 177
3 175 813 178
3 176 939 174
3 177 180 176
3 177 791 180
3 178 179 177
3 178 181 179
3 178 837 181
3 179 791 177
3 180 191 176
3 180 192 191
3 180 831 192
3 181 182 179
3 181 185 182
3 181 245 185
3 181 837 245
3 182 781 179
3 183 612 7
3 183 799 696
3 183 853 612
3 184 516 5
3 184 612 501
3 184 826 516
3 185 186 182
3 185 189 186
3 185 759 189
3 186 222 182
3 186 845 222
3 187 361 163
3 187 769 361
3 187 792 769
3 188 801 171
3 188 919 801
3 188 923 599
3 189 190 186
3 189 194 190
3 189 243 194
3 189 759 243
3 190 845 186
3 191 523 176
3 192 201 191
3 192 202 201
3 192 203 202
3 192 831 203
3 193 726 35
3 193 839 456
3 193 851 839
3 194 195 190
3 194 196 195
3 194 739 196
3 195 588 190
3 196 197 195
3 196 198 197
3 196 729 198
3 196 739 729
3 197 242 195
3 197 857 242
3 198 199 197
3 198 200 199
3 198 259 200
3 198 729 259
3 199 857 197
3 199 907 857
3 200 216 199
3 200 217 216
3 200 855 217
3 201 232 191
3 201 460 232
3 201 941 460
3 202 204 201
3 202 205 204
3 202 903 205
3 203 831 589
3 203 903 202
3 204 941 201
3 205 206 204
3 205 207 206
3 205 797 207
3 205 903 797
3 206 341 204
3 206 805 341
3 207 208 206
3 207 209 208
3 207 211 209
3 207 797 211
3 208 805 206
3 208 889 805
3 209 210 208
3 209 212 210
3 209 810 212
3 210 344 208
3 210 530 344
3 211 797 761
3 211 810 209
3 211 892 810
3 212 213 210
3 212 220 213
3 212 257 220
3 212 810 257
3 213 530 210
3 214 512 31
3 214 891 825
3 214 942 512
3 215 514 33
3 215 913 514
3 216 907 199
3 217 218 216
3 217 219 218
3 217 824 219
3 217 855 824
3 218 345 216
3 218 651 345
3 219 223 218
3 219 224 223
3 219 258 224
3 219 824 258
3 220 221 213
3 220 254 221
3 220 821 254
3 221 239 213
3 221 240 239
3 221 775 240
3 222 781 182
3 222 845 586
3 222 928 781
3 223 651 218
3 224 225 223
3 224 226 225
3 224 728 226
3 225 352 223
3 225 731 352
3 226 228 225
3 226 229 228
3 226 693 229
3 226 728 693
3 227 933 166
3 228 731 225
3 229 230 228
3 229 231 230
3 229 256 231
3 229 693 256
3 230 356 228
3 230 783 356
3 231 233 230
3 231 234 233
3 231 720 234
3 232 523 191
3 232 621 523
3 232 881 621
3 233 783 230
3 234 235 233
3 234 236 235
3 234 694 236
3 234 720 694
3 235 366 233
3 235 707 366
3 236 237 235
3 236 238 237
3 236 252 238
3 236 694 252
3 237 707 235
3 238 246 237
3 238 247 246
3 238 714 247
3 239 530 213
3 239 916 530
3 240 260 239
3 240 261 260
3 240 262 261
3 240 775 262
3 241 513 29
3 241 614 513
3 241 840 614
3 242 588 195
3 242 737 588
3 242 857 630
3 242 920 737
3 243 739 194
3 243 758 739
3 243 759 563
3 244 508 170
3 244 725 724
3 244 867 508
3 244 888 725
3 245 601 600
3 245 759 185
3 245 837 601
3 245 918 759
3 246 360 237
3 246 704 360
3 247 248 246
3 247 249 248
3 247 250 249
3 247 714 250
3 248 704 246
3 249 255 248
3 249 719 255
3 250 251 249
3 250 342 251
3 250 709 342
3 250 714 709
3 251 719 249
3 252 694 681
3 252 714 238
3 253 793 167
3 253 923 793
3 254 775 221
3 254 821 643
3 254 883 775
3 255 377 248
3 255 378 377
3 255 382 378
3 255 719 382
3 256 686 684
3 256 693 686
3 256 720 231
3 257 810 587
3 257 821 220
3 257 886 821
3 258 728 224
3 258 809 690
3 258 824 809
3 259 855 200
3 259 873 855
3 259 896 873
3 260 346 239
3 260 438 346
3 260 459 438
3 261 459 260
3 262 263 261
3 262 435 263
3 262 436 435
3 262 775 436
3 263 264 261
3 263 265 264
3 263 790 265
3 264 459 261
3 264 921 459
3 265 267 264
3 265 268 267
3 265 270 268
3 265 790 270
3 266 503 24
3 266 620 503
3 266 879 620
3 267 354 264
3 267 355 354
3 267 659 355
3 268 659 267
3 269 533 26
3 269 722 502
3 270 271 268
3 270 326 271
3 270 327 326
3 270 790 327
3 271 272 268
3 271 273 272
3 271 771 273
3 272 659 268
3 272 828 659
3 273 274 272
3 273 275 274
3 273 806 275
3 274 732 272
3 275 276 274
3 275 278 276
3 275 339 278
3 275 806 339
3 276 340 274
3 276 528 340
3 277 517 22
3 277 848 517
3 278 279 276
3 278 280 279
3 278 820 280
3 279 528 276
3 280 281 279
3 280 282 281
3 280 316 282
3 280 820 316
3 281 314 279
3 281 904 314
3 282 283 281
3 282 284 283
3 282 874 284
3 283 904 281
3 284 285 283
3 284 838 285
3 284 875 838
3 285 286 283
3 285 287 286
3 285 296 287
3 285 838 296
3 286 540 283
3 287 288 286
3 287 289 288
3 287 774 289
3 288 539 286
3 289 290 288
3 289 291 290
3 289 774 291
3 290 317 288
3 290 535 317
3 291 292 290
3 291 293 292
3 291 304 293
3 291 774 304
3 292 535 290
3 292 536 535
3 293 294 292
3 293 295 294
3 293 818 295
3 294 536 292
3 295 297 294
3 295 305 297
3 295 322 305
3 295 818 322
3 296 774 287
3 296 936 712
3 297 298 294
3 297 299 298
3 297 742 299
3 298 536 294
3 298 912 536
3 299 300 298
3 299 302 300
3 299 787 302
3 300 315 298
3 300 467 315
3 300 924 467
3 301 510 18
3 301 834 510
3 302 303 300
3 302 306 303
3 302 313 306
3 302 787 313
3 303 924 300
3 304 774 713
3 304 818 293
3 304 934 818
3 305 742 297
3 306 307 303
3 306 309 307
3 306 798 309
3 307 321 303
3 307 660 321
3 308 511 16
3 308 822 511
3 309 310 307
3 309 318 310
3 309 320 318
3 309 798 320
3 310 660 307
3 310 767 660
3 311 521 12
3 311 871 622
3 311 877 521
3 312 515 14
3 312 531 515
3 312 764 531
3 313 787 548
3 313 798 306
3 313 931 798
3 314 528 279
3 314 727 528
3 314 803 727
3 314 904 803
3 315 912 298
3 316 755 602
3 316 820 755
3 316 874 282
3 317 539 288
3 317 796 539
3 318 319 310
3 318 328 319
3 318 638 328
3 319 767 310
3 319 895 767
3 320 638 318
3 320 932 552
3 321 864 784
3 321 924 303
3 322 323 305
3 322 324 323
3 322 637 324
3 322 818 637
3 323 551 305
3 324 325 323
3 324 367 325
3 324 368 367
3 324 637 368
3 325 350 323
3 325 371 350
3 325 773 371
3 326 771 271
3 327 359 326
3 327 402 359
3 327 899 402
3 328 329 319
3 328 832 329
3 329 330 319
3 329 331 330
3 329 332 331
3 329 832 332
3 330 895 319
3 330 898 895
3 330 914 898
3 331 914 330
3 332 333 331
3 332 336 333
3 332 369 336
3 332 832 369
3 333 334 331
3 333 337 334
3 333 779 337
3 334 751 331
3 335 615 10
3 335 750 615
3 336 779 333
3 337 338 334
3 337 347 338
3 337 348 347
3 337 779 348
3 338 351 334
3 338 461 351
3 338 944 461
3 339 806 641
3 339 820 278
3 340 732 274
3 340 833 661
3 341 776 738
3 341 805 776
3 341 941 204
3 342 343 251
3 342 375 343
3 342 376 375
3 342 709 376
3 343 353 251
3 343 373 353
3 343 710 373
3 344 889 208
3 345 633 628
3 345 651 633
3 345 907 216
3 346 916 239
3 347 349 338
3 347 362 349
3 347 794 362
3 348 779 733
3 348 794 347
3 348 876 794
3 349 944 338
3 350 551 323
3 351 751 334
3 352 648 646
3 352 651 223
3 352 731 648
3 353 719 251
3 353 723 719
3 354 921 264
3 355 357 354
3 355 379 357
3 355 380 379
3 355 659 380
3 356 731 228
3 356 752 731
3 356 783 656
3 357 358 354
3 357 789 358
3 358 921 354
3 358 925 846
3 359 372 326
3 359 401 372
3 359 815 401
3 360 707 237
3 360 842 707
3 360 860 842
3 361 917 163
3 362 363 349
3 362 364 363
3 362 431 364
3 362 794 431
3 363 374 349
3 363 527 374
3 364 365 363
3 364 384 365
3 364 940 384
3 365 527 363
3 366 783 233
3 366 890 656
3 367 773 325
3 368 406 367
3 368 407 406
3 368 409 407
3 368 637 409
3 369 370 336
3 369 832 639
3 369 841 370
3 370 403 336
3 370 405 403
3 370 424 405
3 370 841 424
3 371 392 350
3 371 457 392
3 371 458 457
3 371 773 458
3 372 771 326
3 373 422 353
3 373 454 422
3 373 455 454
3 373 710 455
3 374 944 349
3 375 710 343
3 376 394 375
3 376 545 394
3 376 546 545
3 376 709 546
3 377 704 248
3 378 445 377
3 378 705 445
3 379 430 357
3 379 722 430
3 380 381 379
3 380 432 381
3 380 828 432
3 381 722 379
3 382 383 378
3 382 399 383
3 382 723 399
3 383 705 378
3 384 385 365
3 384 541 385
3 384 862 541
3 384 940 862
3 385 386 365
3 385 387 386
3 385 795 387
3 386 527 365
3 386 926 527
3 387 388 386
3 387 389 388
3 387 390 389
3 387 795 390
3 388 400 386
3 388 444 400
3 388 696 444
3 389 696 388
3 390 391 389
3 390 395 391
3 390 447 395
3 390 795 447
3 391 608 389
3 392 393 350
3 392 525 393
3 392 811 525
3 393 551 350
3 394 532 375
3 394 772 532
3 395 396 391
3 395 724 396
3 395 867 724
3 396 397 391
3 396 398 397
3 396 863 398
3 397 608 391
3 398 417 397
3 398 418 417
3 398 419 418
3 398 863 419
3 399 404 383
3 399 730 404
3 399 868 730
3 400 926 386
3 401 534 372
3 401 815 745
3 401 922 534
3 402 815 359
3 402 899 537
3 403 779 336
3 404 504 383
3 404 711 504
3 404 878 711
3 405 434 403
3 405 830 434
3 406 408 367
3 406 814 408
3 407 734 406
3 408 773 367
3 408 927 746
3 409 410 407
3 409 411 410
3 409 713 411
3 409 934 713
3 410 437 407
3 410 778 437
3 411 412 410
3 411 413 412
3 411 712 413
3 411 713 712
3 412 778 410
3 413 414 412
3 413 415 414
3 413 657 415
3 413 936 657
3 414 416 412
3 414 749 416
3 415 423 414
3 415 518 423
3 415 519 518
3 415 657 519
3 416 749 636
3 416 778 412
3 417 501 397
3 417 826 501
3 418 420 417
3 418 421 420
3 418 753 421
3 419 753 418
3 419 843 753
3 419 863 725
3 420 826 417
3 420 851 826
3 421 425 420
3 421 426 425
3 421 443 426
3 421 753 443
3 422 723 353
3 422 868 723
3 423 749 414
3 423 847 749
3 423 902 847
3 424 597 405
3 424 812 597
3 424 900 812
3 425 851 420
3 426 427 425
3 426 428 427
3 426 765 428
3 427 839 425
3 428 429 427
3 428 738 429
3 428 852 738
3 429 456 427
3 429 743 456
3 429 901 743
3 430 616 513
3 430 722 616
3 430 789 357
3 431 794 769
3 431 940 364
3 432 433 381
3 432 661 433
3 432 732 661
3 432 828 732
3 433 502 381
3 433 509 502
3 433 592 509
3 433 661 592
3 434 733 403
3 434 865 733
3 434 938 865
3 435 790 263
3 435 899 790
3 436 537 435
3 436 538 537
3 436 883 538
3 437 734 407
3 437 861 604
3 438 439 346
3 438 442 439
3 438 846 442
3 439 440 346
3 439 441 440
3 439 617 441
3 440 916 346
3 441 448 440
3 441 449 448
3 441 825 449
3 442 617 439
3 442 840 617
3 442 925 614
3 443 753 621
3 443 765 426
3 443 881 765
3 444 750 400
3 444 799 615
3 445 446 377
3 445 911 446
3 445 937 911
3 446 704 377
3 446 860 704
3 446 884 699
3 446 911 884
3 447 867 395
3 447 905 866
3 448 859 440
3 448 869 859
3 449 450 448
3 449 451 450
3 449 891 451
3 450 869 448
3 451 452 450
3 451 743 452
3 451 913 743
3 452 453 450
3 452 776 453
3 452 901 776
3 453 869 450
3 453 889 869
3 454 674 139
3 454 768 422
3 454 835 674
3 455 740 716
3 455 835 454
3 455 930 835
3 456 726 193
3 456 839 427
3 456 913 726
3 457 811 392
3 457 909 811
3 458 746 717
3 458 773 746
3 458 856 457
3 459 846 438
3 459 921 846
3 460 852 765
3 460 881 232
3 460 941 852
3 461 462 351
3 461 466 462
3 461 944 466
3 462 463 351
3 462 464 463
3 462 622 464
3 463 751 351
3 464 465 463
3 464 531 465
3 464 871 531
3 465 507 463
3 465 827 507
3 466 622 462
3 466 877 622
3 466 894 877
3 466 944 894
3 467 468 315
3 467 741 468
3 467 784 741
3 467 924 784
3 468 469 315
3 468 470 469
3 468 471 470
3 468 741 471
3 469 912 315
3 470 763 469
3 471 472 470
3 471 485 472
3 471 486 485
3 471 741 486
3 472 473 470
3 472 474 473
3 472 606 474
3 473 763 470
3 474 475 473
3 474 596 475
3 474 658 596
3 475 476 473
3 475 477 476
3 475 478 477
3 475 596 478
3 476 763 473
3 476 858 763
3 477 642 476
3 477 796 642
3 478 479 477
3 478 480 479
3 478 484 480
3 478 596 484
3 479 796 477
3 480 481 479
3 480 482 481
3 480 595 482
3 481 483 479
3 481 802 483
3 482 489 481
3 482 490 489
3 482 491 490
3 482 595 491
3 483 796 479
3 483 880 539
3 484 595 480
3 484 848 595
3 485 606 472
3 485 834 606
3 486 487 485
3 486 488 487
3 486 494 488
3 486 741 494
3 487 721 510
3 487 834 485
3 488 721 487
3 489 802 481
3 489 803 802
3 490 727 489
3 491 492 490
3 491 620 492
3 491 788 620
3 492 493 490
3 492 592 493
3 492 620 509
3 493 727 490
3 493 833 528
3 494 495 488
3 494 864 495
3 495 496 488
3 495 497 496
3 495 829 497
3 495 864 829
3 496 721 488
3 496 822 721
3 497 498 496
3 497 499 498
3 497 500 499
3 497 829 500
3 498 822 496
3 499 644 498
3 499 827 644
3 500 505 499
3 500 767 505
3 500 829 660
3 501 608 397
3 501 826 184
3 501 853 608
3 502 533 269
3 502 722 381
3 502 879 533
3 503 788 277
3 504 705 383
3 504 706 151
3 504 711 706
3 504 937 705
3 505 827 499
3 505 898 827
3 506 792 187
3 506 862 792
3 506 933 862
3 507 751 463
3 507 914 751
3 508 866 168
3 508 867 866
3 509 592 492
3 509 879 502
3 510 721 308
3 510 834 487
3 511 764 312
3 511 822 764
3 512 840 241
3 512 942 840
3 513 616 28
3 513 789 430
3 514 891 214
3 514 913 891
3 515 871 311
3 516 851 193
3 517 817 124
3 517 848 817
3 518 902 423
3 518 929 902
3 519 520 518
3 519 602 520
3 519 875 602
3 520 602 593
3 520 929 518
3 521 522 335
3 521 877 522
3 522 750 335
3 522 785 750
3 522 894 785
3 523 621 524
3 523 939 176
3 524 843 725
3 524 888 174
3 524 939 523
3 525 526 393
3 525 610 526
3 525 811 130
3 526 548 393
3 526 549 548
3 526 550 549
3 526 610 550
3 527 785 374
3 527 926 785
3 528 727 493
3 528 833 340
3 529 658 606
3 529 834 301
3 530 859 344
3 530 916 859
3 531 644 465
3 531 764 644
3 531 871 515
3 532 710 375
3 532 740 710
3 532 772 144
3 533 879 266
3 534 641 372
3 534 893 641
3 534 935 893
3 535 642 317
3 535 858 642
3 536 844 535
3 536 912 844
3 537 634 402
3 537 899 435
3 538 634 537
3 538 777 634
3 538 883 643
3 539 540 286
3 539 796 483
3 539 880 540
3 540 880 802
3 540 904 283
3 541 795 385
3 541 905 795
3 541 933 905
3 542 917 865
3 542 938 145
3 543 544 109
3 543 593 544
3 543 929 593
3 544 935 141
3 545 613 394
3 545 677 136
3 546 677 545
3 546 678 677
3 546 695 678
3 546 709 695
3 547 610 130
3 547 908 610
3 548 551 393
3 548 787 551
3 548 931 313
3 549 931 548
3 549 932 931
3 550 552 549
3 550 553 552
3 550 908 553
3 551 742 305
3 551 787 742
3 552 638 320
3 552 932 549
3 553 554 552
3 553 854 554
3 553 908 619
3 554 638 552
3 554 639 638
3 554 640 639
3 554 854 640
3 555 556 161
3 555 557 556
3 556 760 161
3 556 897 760
3 557 558 556
3 558 897 556
3 559 560 558
3 559 561 560
3 559 562 561
3 559 915 562
3 560 598 558
3 560 599 598
3 560 600 599
3 561 600 560
3 561 918 600
3 562 563 561
3 562 564 563
3 562 565 564
3 562 915 565
3 563 758 243
3 563 759 561
3 564 758 563
3 564 910 758
3 565 669 564
3 565 816 669
3 565 915 800
3 566 567 138
3 566 582 567
3 566 583 582
3 567 568 138
3 567 569 568
3 567 585 569
3 568 736 138
3 569 570 568
3 569 584 570
3 569 587 584
3 569 886 587
3 570 571 568
3 570 572 571
3 570 573 572
3 570 584 573
3 571 736 568
3 571 849 607
3 572 849 571
3 573 574 572
3 573 575 574
3 573 579 575
3 573 584 579
3 574 576 572
3 574 577 576
3 574 618 577
3 575 618 574
3 576 849 572
3 577 578 576
3 577 580 578
3 577 586 580
3 577 618 586
3 578 782 576
3 579 589 575
3 579 762 589
3 580 581 578
3 580 737 581
3 581 735 578
3 581 737 629
3 582 585 567
3 582 643 585
3 582 777 643
3 583 777 582
3 584 761 579
3 584 892 761
3 585 886 569
3 586 588 580
3 586 845 588
3 586 928 222
3 587 886 257
3 587 892 584
3 588 737 580
3 588 845 190
3 589 590 575
3 589 591 590
3 589 762 203
3 589 831 591
3 590 618 575
3 590 928 618
3 591 781 590
3 591 791 781
3 591 831 791
3 592 833 493
3 593 594 544
3 593 755 594
3 593 929 520
3 594 935 544
3 595 788 491
3 595 848 788
3 596 817 484
3 597 812 44
3 597 830 405
3 597 943 830
3 598 897 558
3 598 923 897
3 599 919 188
3 599 923 598
3 600 601 599
3 600 918 245
3 601 813 801
3 601 837 813
3 601 919 599
3 602 755 593
3 602 874 316
3 602 875 874
3 603 909 155
3 604 734 437
3 604 861 146
3 605 902 132
3 606 658 474
3 606 834 529
3 607 736 571
3 607 782 125
3 607 849 782
3 608 696 389
3 608 853 696
3 609 927 133
3 610 908 550
3 611 808 143
3 611 815 808
3 612 853 501
3 613 772 394
3 614 789 513
3 614 840 442
3 614 925 789
3 615 750 444
3 615 799 9
3 616 722 269
3 617 825 441
3 617 942 825
3 618 928 586
3 619 854 553
3 619 908 547
3 620 788 503
3 620 879 509
3 621 843 524
3 621 881 443
3 622 871 464
3 622 877 311
3 623 624 97
3 623 631 624
3 623 735 631
3 624 625 135
3 624 631 625
3 625 626 135
3 625 627 626
3 625 629 627
3 625 631 629
3 626 675 135
3 627 628 626
3 627 652 628
3 628 632 626
3 628 633 632
3 628 652 345
3 629 630 627
3 629 631 581
3 629 920 630
3 630 652 627
3 630 857 652
3 630 920 242
3 631 735 581
3 632 645 150
3 632 675 626
3 633 645 632
3 633 646 645
3 633 651 646
3 634 777 143
3 634 808 402
3 635 636 158
3 635 748 636
3 636 748 416
3 636 754 158
3 636 906 754
3 637 934 409
3 638 639 328
3 639 832 328
3 639 841 369
3 640 841 639
3 640 854 142
3 640 900 841
3 641 771 372
3 641 806 771
3 641 807 339
3 641 893 807
3 642 796 317
3 642 858 476
3 643 777 538
3 643 821 585
3 643 883 254
3 644 764 498
3 644 827 465
3 645 673 150
3 646 647 645
3 646 648 647
3 646 651 352
3 647 649 134
3 647 673 645
3 648 649 647
3 648 752 649
3 649 653 134
3 649 654 653
3 649 752 654
3 650 717 152
3 650 747 717
3 650 870 747
3 652 907 345
3 653 654 149
3 654 655 149
3 654 656 655
3 654 752 656
3 655 756 149
3 655 823 756
3 655 890 823
3 656 752 356
3 656 783 366
3 656 890 655
3 657 875 519
3 657 936 838
3 658 817 596
3 659 828 380
3 660 767 500
3 660 829 321
3 661 732 340
3 661 833 592
3 662 878 147
3 663 664 131
3 663 665 664
3 663 718 665
3 664 669 131
3 665 666 664
3 665 667 666
3 665 670 667
3 665 718 670
3 666 668 664
3 666 896 668
3 667 873 666
3 668 669 664
3 668 896 885
3 668 910 669
3 669 816 131
3 669 910 564
3 670 671 667
3 670 718 127
3 670 804 671
3 671 672 667
3 671 804 691
3 671 809 672
3 672 873 667
3 674 835 154
3 676 768 139
3 677 744 136
3 678 679 677
3 678 680 679
3 678 681 680
3 678 695 681
3 679 744 677
3 679 770 701
3 680 770 679
3 681 682 680
3 681 694 682
3 681 695 252
3 682 683 680
3 682 684 683
3 682 720 684
3 683 770 680
3 683 786 770
3 684 685 683
3 684 686 685
3 684 720 256
3 685 786 683
3 685 819 786
3 686 687 685
3 686 688 687
3 686 693 688
3 687 819 685
3 687 836 819
3 688 689 687
3 688 690 689
3 688 728 690
3 689 836 687
3 690 691 689
3 690 728 258
3 690 809 691
3 691 692 689
3 691 804 692
3 691 809 671
3 692 804 780
3 692 836 689
3 692 850 836
3 693 728 688
3 694 720 682
3 695 714 252
3 696 799 444
3 696 853 183
3 697 703 86
3 698 699 697
3 698 823 708
3 698 842 699
3 699 703 697
3 699 860 446
3 699 884 703
3 700 819 148
3 701 744 679
3 701 770 128
3 702 937 151
3 703 884 129
3 704 860 360
3 705 937 445
3 706 766 81
3 707 708 366
3 707 842 708
3 708 842 698
3 708 890 366
3 709 714 695
3 710 740 455
3 711 766 706
3 711 878 662
3 712 774 296
3 712 936 413
3 713 774 712
3 713 934 304
3 715 740 144
3 716 740 715
3 716 930 455
3 717 746 152
3 717 856 458
3 719 723 382
3 721 822 308
3 723 868 399
3 724 863 396
3 724 867 244
3 725 843 419
3 725 863 724
3 725 888 524
3 726 913 215
3 727 803 489
3 729 896 259
3 730 768 676
3 730 868 768
3 730 878 404
3 731 752 648
3 732 828 272
3 733 779 403
3 733 876 348
3 734 814 406
3 735 782 578
3 737 920 629
3 738 852 341
3 738 901 429
3 739 885 729
3 741 784 494
3 742 787 299
3 743 901 452
3 743 913 456
3 745 815 611
3 745 922 401
3 746 773 408
3 746 927 609
3 747 856 717
3 747 870 36
3 748 778 416
3 748 861 778
3 749 906 636
3 750 926 400
3 751 914 331
3 753 843 621
3 754 872 158
3 754 906 153
3 755 807 594
3 755 820 807
3 756 823 137
3 757 882 71
3 757 930 716
3 758 885 739
3 758 910 885
3 759 918 561
3 760 897 253
3 761 762 579
3 761 797 762
3 761 892 211
3 762 903 203
3 763 844 469
3 763 858 844
3 764 822 498
3 765 852 428
3 765 881 460
3 766 887 80
3 767 895 505
3 768 868 422
3 769 792 431
3 769 865 361
3 769 876 865
3 770 786 128
3 771 806 273
3 775 883 436
3 776 805 453
3 776 901 738
3 778 861 437
3 780 804 127
3 780 850 692
3 781 791 179
3 781 928 590
3 782 849 576
3 784 864 494
3 784 924 321
3 785 894 374
3 785 926 750
3 786 819 700
3 788 848 277
3 789 925 358
3 790 899 327
3 791 831 180
3 792 940 431
3 793 923 188
3 794 876 769
3 795 905 447
3 797 903 762
3 798 932 320
3 800 816 565
3 800 915 126
3 801 813 173
3 801 919 601
3 802 803 540
3 802 880 483
3 803 904 540
3 805 889 453
3 807 820 339
3 807 893 594
3 808 815 402
3 809 824 672
3 810 892 587
3 811 909 603
3 812 900 142
3 813 837 178
3 814 927 408
3 817 848 484
3 818 934 637
3 819 836 148
3 821 886 585
3 823 890 708
3 824 855 672
3 825 891 449
3 825 942 214
3 826 851 516
3 827 898 507
3 829 864 321
3 830 938 434
3 830 943 145
3 835 930 154
3 836 850 148
3 838 875 657
3 838 936 296
3 839 851 425
3 840 942 617
3 841 900 424
3 842 860 699
3 844 858 535
3 844 912 469
3 846 921 358
3 846 925 442
3 847 902 605
3 847 906 749
3 852 941 341
3 855 873 672
3 856 909 457
3 857 907 652
3 859 869 344
3 859 916 440
3 862 933 541
3 862 940 792
3 865 876 733
3 865 917 361
3 865 938 542
3 866 867 447
3 866 905 227
3 869 889 344
3 873 896 666
3 874 875 284
3 877 894 522
3 884 911 129
3 885 896 729
3 885 910 668
3 891 913 451
3 893 935 594
3 894 944 374
3 895 898 505
3 897 923 253
3 898 914 507
3 902 929 132
3 905 933 227
3 911 937 702
3 922 935 534
3 931 932 798

CELL_TYPES 1766
5
5
5
5
5
5
5
5
5
5
5
5
5
5
5
5
5
5
5
5
5
5
5
5
5
5
5
5
5
5
5
5
5
5
5
5
5
5
5
5
5
5
5
5
5
5
5
5
5
5
5
5
5
5
5
5
5
5
5
5
5
5
5
5
5
5
5
5
5
5
5
5
5
5
5
5
5
5
5
5
5
5
5
5
5
5
5
5
5
5
5
5
5
5
5
5
5
5
5
5
5
5
5
5
5
5
5
5
5
5
5
5
5
5
5
5
5
5
5
5
5
5
5
5
5
5
5
5
5
5
5
5
5
5
5
5
5
5
5
5
5
5
5
5
5
5
5
5
5
5
5
5
5
5
5
5
5
5
5
5
5
5
5
5
5
5
5
5
5
5
5
5
5
5
5
5
5
5
5
5
5
5
5
5
5
5
5
5
5
5
5
5
5
5
5
5
5
5
5
5
5
5
5
5
5
5
5
5
5
5
5
5
5
5
5
5
5
5
5
5
5
5
5
5
5
5
5
5
5
5
5
5
5
5
5
5
5
5
5
5
5
5
5
5
5
5
5
5
5
5
5
5
5
5
5
5
5
5
5
5
5
5
5
5
5
5
5
5
5
5
5
5
5
5
5
5
5
5
5
5
5
5
5
5
5
5
5
5
5
5
5
5
5
5
5
5
5
5
5
5
5
5
5
5
5
5
5
5
5
5
5
5
5
5
5
5
5
5
5
5
5
5
5
5
5
5
5
5
5
5
5
5
5
5
5
5
5
5
5
5
5
5
5
5
5
5
5
5
5
5
5
5
5
5
5
5
5
5
5
5
5
5
5
5
5
5
5
5
5
5
5
5
5
5
5
5
5
5
5
5
5
5
5
5
5
5
5
5
5
5
5
5
5
5
5
5
5
5
5
5
5
5
5
5
5
5
5
5
5
5
5
5
5
5
5
5
5
5
5
5
5
5
5
5
5
5
5
5
5
5
5
5
5
5
5
5
5
5
5
5
5
5
5
5
5
5
5
5
5
5
5
5
5
5
5
5
5
5
5
5
5
5
5
5
5
5
5
5
5
5
5
5
5
5
5
5
5
5
5
5
5
5
5
5
5
5
5
5
5
5
5
5
5
5
5
5
5
5
5
5
5
5
5
5
5
5
5
5
5
5
5
5
5
5
5
5
5
5
5
5
5
5
5
5
5
5
5
5
5
5
5
5
5
5
5
5
5
5
5
5
5
5
5
5
5
5
5
5
5
5
5
5
5
5
5
5
5
5
5
5
5
5
5
5
5
5
5
5
5
5
5
5
5
5
5
5
5
5
5
5
5
5
5
5
5
5
5
5
5
5
5
5
5
5
5
5
5
5
5
5
5
5
5
5
5
5
5
5
5
5
5
5
5
5
5
5
5
5
5
5
5
5
5
5
5
5
5
5
5
5
5
5
5
5
5
5
5
5
5
5
5
5
5
5
5
5
5
5
5
5
5
5
5
5
5
5
5
5
5
5
5
5
5
5
5
5
5
5
5
5
5
5
5
5
5
5
5
5
5
5
5
5
5
5
5
5
5
5
5
5
5
5
5
5
5
5
5
5
5
5
5
5
5
5
5
5
5
5
5
5
5
5
5
5
5
5
5
5
5
5
5
5
5
5
5
5
5
5
5
5
5
5
5
5
5
5
5
5
5
5
5
5
5
5
5
5
5
5
5
5
5
5
5
5
5
5
5
5
5
5
5
5
5
5
5
5
5
5
5
5
5
5
5
5
5
5
5
5
5
5
5
5
5
5
5
5
5
5
5
5
5
5
5
5
5
5
5
5
5
5
5
5
5
5
5
5
5
5
5
5
5
5
5
5
5
5
5
5
5
5
5
5
5
5
5
5
5
5
5
5
5
5
5
5
5
5
5
5
5
5
5
5
5
5
5
5
5
5
5
5
5
5
5
5
5
5
5
5
5
5
5
5
5
5
5
5
5
5
5
5
5
5
5
5
5
5
5
5
5
5
5
5
5
5
5
5
5
5
5
5
5
5
5
5
5
5
5
5
5
5
5
5
5
5
5
5
5
5
5
5
5
5
5
5
5
5
5
5
5
5
5
5
5
5
5
5
5
5
5
5
5
5
5
5
5
5
5
5
5
5
5
5
5
5
5
5
5
5
5
5
5
5
5
5
5
5
5
5
5
5
5
5
5
5
5
5
5
5
5
5
5
5
5
5
5
5
5
5
5
5
5
5
5
5
5
5
5
5
5
5
5
5
5
5
5
5
5
5
5
5
5
5
5
5
5
5
5
5
5
5
5
5
5
5
5
5
5
5
5
5
5
5
5
5
5
5
5
5
5
5
5
5
5
5
5
5
5
5
5
5
5
5
5
5
5
5
5
5
5
5
5
5
5
5
5
5
5
5
5
5
5
5
5
5
5
5
5
5
5
5
5
5
5
5
5
5
5
5
5
5
5
5
5
5
5
5
5
5
5
5
5
5
5
5
5
5
5
5
5
5
5
5
5
5
5
5
5
5
5
5
5
5
5
5
5
5
5
5
5
5
5
5
5
5
5
5
5
5
5
5
5
5
5
5
5
5
5
5
5
5
5
5
5
5
5
5
5
5
5
5
5
5
5
5
5
5
5
5
5
5
5
5
5
5
5
5
5
5
5
5
5
5
5
5
5
5
5
5
5
5
5
5
5
5
5
5
5
5
5
5
5
5
5
5
5
5
5
5
5
5
5
5
5
5
5
5
5
5
5
5
5
5
5
5
5
5
5
5
5
5
5
5
5
5
5
5
5
5
5
5
5
5
5
5
5
5
5
5
5
5
5
5
5
5
5
5
5
5
5
5
5
5
5
5
5
5
5
5
5
5
5
5
5
5
5
5
5
5
5
5
5
5
5
5
5
5
5
5
5
5
5
5
5
5
5
5
5
5
5
5
5
5
5
5
5
5
5
5
5
5
5
5
5
5
5
5
5
5
5
5
5
5
5
5
5
5
5
5
5
5
5
5
5
5
5
5
5
5
5
5
5
5
5
5
5
5
5
5
5
5
5
5
5
5
5
5
5
5
5
5
5
5
5
5
5
5
5
5
5
5
5
5
5
5
5
5
5
5
5
5
5
5
5
5
5
5
5
5
5
5
5
5
5
5
5
5
5
5
5
5
5
5
5
5
5
5
5
5
5
5
5
5
5
5
5
5
5
5
5
5
5
5
5
5
5
5
5
5
5
5
5
5
5
5
5
5
5
5
5
5
5
5
5
5
5
5
5
5
5
5
5
5
5
5
5
5
5
5
5
5
5
5
5
5
5
5
5
5
5
5
5
5
5
5
5
5
5
5
5
5
5
5
5
5
5
5
5
5
5
5
5
5
5
5
5
5
5
5
5
5
5
5
5
5
5
5
5
5
5
5
5
5
5
5
5
5
5
5
5
5
5
5
5
5
5
5
5
5
5
5
5
5
5
5
5
5
5
5
5
5
5
5
5
5
5
5
5
5
5
5
5
5
5
5
5
5
5
5
5
5
5
5
5
5
5
5
5
5
5
5
5
5
5
5
5
5
5
5
5
5
5
5
5
5
5
5
5
5
5
5
5
5
5
5
5
5
5
5
5
5
5
5
5
5
5
5
5
5
5
5
5
5
5
5
5
5
5
5
5
5
5
5
5
5
5
5
5
5
5
5
5
5
5
5
5
5
5
5
5
5
5
5
5
5
5
5
5
5
5
5
5
5
5
5
5
5
5
5
5
5
5
5
5
5
5
5
5
5
5
5
5
5
5
5
5
5
5
5
5
5
5
5
5
5
5
5
5
5
5
5
5
5
5
5
5
5
5
5
5
5
5
5
5
5
5
5
5
5
5
5
5
5
5
5
5
5
5
5
5
5
5
5
5
5
5
5
5
5
5
5
5
5
5
5
5
5
5
5
5
5
5
5
5
5
5
5
5
5
5
5
5
5
5
5
5
5
5
5
5
5
5
5
5
5
5
5
5
5
5
5
5
5
5
5
5
5
POINT_DATA 945
FIELD FieldData 2
VELOCITY 3 945  float
1.0000000e-01 0.0000000e+00 0.0000000e+00 
1.0000035e-01 0.0000000e+00 0.0000000e+00 
1.0000008e-01 0.0000000e+00 0.0000000e+00 
1.0000000e-01 0.0000000e+00 0.0000000e+00 
0.0000000e+00 0.0000000e+00 0.0000000e+00 
0.0000000e+00 0.0000000e+00 0.0000000e+00 
0.0000000e+00 0.0000000e+00 0.0000000e+00 
0.0000000e+00 0.0000000e+00 0.0000000e+00 
0.0000000e+00 0.0000000e+00 0.0000000e+00 
0.0000000e+00 0.0000000e+00 0.0000000e+00 
0.0000000e+00 0.0000000e+00 0.0000000e+00 
0.0000000e+00 0.0000000e+00 0.0000000e+00 
0.0000000e+00 0.0000000e+00 0.0000000e+00 
0.0000000e+00 0.0000000e+00 0.0000000e+00 
0.0000000e+00 0.0000000e+00 0.0000000e+00 
0.0000000e+00 0.0000000e+00 0.0000000e+00 
0.0000000e+00 0.0000000e+00 0.0000000e+00 
0.0000000e+00 0.0000000e+00 0.0000000e+00 
0.0000000e+00 0.0000000e+00 0.0000000e+00 
0.0000000e+00 0.0000000e+00 0.0000000e+00 
0.0000000e+00 0.0000000e+00 0.0000000e+00 
0.0000000e+00 0.0000000e+00 0.0000000e+00 
0.0000000e+00 0.0000000e+00 0.0000000e+00 
0.0000000e+00 0.0000000e+00 0.0000000e+00 
0.0000000e+00 0.0000000e+00 0.0000000e+00 
0.0000000e+00 0.0000000e+00 0.0000000e+00 
0.0000000e+00 0.0000000e+00 0.0000000e+00 
0.0000000e+00 0.0000000e+00 0.0000000e+00 
0.0000000e+00 0.0000000e+00 0.0000000e+00 
0.0000000e+00 0.0000000e+00 0.0000000e+00 
0.0000000e+00 0.0000000e+00 0.0000000e+00 
0.0000000e+00 0.0000000e+00 0.0000000e+00 
0.0000000e+00 0.0000000e+00 0.0000000e+00 
0.0000000e+00 0.0000000e+00 0.0000000e+00 
0.0000000e+00 0.0000000e+00 0.0000000e+00 
0.0000000e+00 0.0000000e+00 0.0000000e+00 
1.0017978e-01 -7.0681937e-27 0.0000000e+00 
1.0074508e-01 -1.2924697e-26 0.0000000e+00 
1.0188416e-01 -1.2924697e-26 0.0000000e+00 
1.0386969e-01 -1.2924697e-26 0.0000000e+00 
1.0691032e-01 -2.5849394e-25 0.0000000e+00 
1.1096595e-01 -2.5849394e-25 0.0000000e+00 
1.1596449e-01 -2.5849394e-25 0.0000000e+00 
1.2134114e-01 -1.2407709e-24 0.0000000e+00 
1.2648307e-01 7.2378304e-25 0.0000000e+00 
1.3044153e-01 -1.2407709e-24 0.0000000e+00 
1.3267705e-01 0.0000000e+00 0.0000000e+00 
1.3282940e-01 0.0000000e+00 0.0000000e+00 
1.3084146e-01 0.0000000e+00 0.0000000e+00 
1.2681481e-01 -8.2718061e-25 0.0000000e+00 
1.2106626e-01 -8.2718061e-25 0.0000000e+00 
1.1497264e-01 -8.2718061e-25 0.0000000e+00 
1.0983250e-01 0.0000000e+00 0.0000000e+00 
1.0605653e-01 0.0000000e+00 0.0000000e+00 
1.0350724e-01 0.0000000e+00 0.0000000e+00 
1.0198833e-01 -1.0339758e-25 0.0000000e+00 
1.0111786e-01 -1.0339758e-25 0.0000000e+00 
1.0062996e-01 -1.0339758e-25 0.0000000e+00 
1.0035187e-01 1.5509636e-25 0.0000000e+00 
1.0019781e-01 1.5509636e-25 0.0000000e+00 
1.0011319e-01 1.5509636e-25 0.0000000e+00 
1.0006388e-01 -2.5849394e-26 0.0000000e+00 
1.0003623e-01 -2.5849394e-26 0.0000000e+00 
1.0002046e-01 -2.5849394e-26 0.0000000e+00 
1.0001155e-01 -1.6155871e-26 0.0000000e+00 
1.0000655e-01 -1.6155871e-26 0.0000000e+00 
1.0000376e-01 -1.6155871e-26 0.0000000e+00 
1.0000218e-01 8.4565889e-28 0.0000000e+00 
1.0000130e-01 8.4565889e-28 0.0000000e+00 
1.0000079e-01 8.4565889e-28 0.0000000e+00 
1.0000050e-01 -5.2506582e-27 0.0000000e+00 
1.0000028e-01 1.4046567e-07 0.0000000e+00 
1.0000017e-01 2.2623021e-07 0.0000000e+00 
1.0000001e-01 2.4636341e-07 0.0000000e+00 
9.9999882e-02 1.9249713e-07 0.0000000e+00 
9.9999800e-02 7.9291823e-08 0.0000000e+00 
9.9999785e-02 -4.2171255e-08 0.0000000e+00 
9.9999860e-02 -1.3740343e-07 0.0000000e+00 
9.9999957e-02 -1.3923808e-07 0.0000000e+00 
1.0000003e-01 -9.5215775e-08 0.0000000e+00 
1.0000019e-01 0.0000000e+00 0.0000000e+00 
1.0000041e-01 -8.5828066e-28 0.0000000e+00 
1.0000083e-01 -8.5828066e-28 0.0000000e+00 
1.0000163e-01 -8.5828066e-28 0.0000000e+00 
1.0000312e-01 -4.7457872e-27 0.0000000e+00 
1.0000563e-01 -4.7457872e-27 0.0000000e+00 
1.0001037e-01 -4.7457872e-27 0.0000000e+00 
1.0001903e-01 -2.5849394e-26 0.0000000e+00 
1.0003387e-01 -2.5849394e-26 0.0000000e+00 
1.0006013e-01 -2.5849394e-26 0.0000000e+00 
1.0010752e-01 0.0000000e+00 0.0000000e+00 
1.0019397e-01 0.0000000e+00 0.0000000e+00 
1.0034810e-01 0.0000000e+00 0.0000000e+00 
1.0062341e-01 2.0679515e-25 0.0000000e+00 
1.0111250e-01 2.0679515e-25 0.0000000e+00 
1.0197259e-01 2.0679515e-25 0.0000000e+00 
1.0346948e-01 -1.6543612e-24 0.0000000e+00 
1.0598063e-01 -1.6543612e-24 0.0000000e+00 
1.0976544e-01 -1.6543612e-24 0.0000000e+00 
1.1498621e-01 -1.4475661e-24 0.0000000e+00 
1.2116797e-01 -1.4475661e-24 0.0000000e+00 
1.2680975e-01 -1.4475661e-24 0.0000000e+00 
1.3091253e-01 0.0000000e+00 0.0000000e+00 
1.3303456e-01 0.0000000e+00 0.0000000e+00 
1.3282940e-01 0.0000000e+00 0.0000000e+00 
1.3044764e-01 5.1698788e-26 0.0000000e+00 
1.2640944e-01 5.1698788e-26 0.0000000e+00 
1.2134118e-01 5.1698788e-26 0.0000000e+00 
1.1599994e-01 -1.1373733e-24 0.0000000e+00 
1.1097682e-01 -1.1373733e-24 0.0000000e+00 
1.0688268e-01 -1.1373733e-24 0.0000000e+00 
1.0380786e-01 0.0000000e+00 0.0000000e+00 
1.0182083e-01 0.0000000e+00 0.0000000e+00 
1.0071049e-01 0.0000000e+00 0.0000000e+00 
1.0015477e-01 -3.2311743e-27 0.0000000e+00 
1.0000000e-01 0.0000000e+00 0.0000000e+00 
1.0000000e-01 0.0000000e+00 0.0000000e+00 
1.0000000e-01 0.0000000e+00 0.0000000e+00 
1.0000000e-01 0.0000000e+00 0.0000000e+00 
1.0000000e-01 0.0000000e+00 0.0000000e+00 
1.0000000e-01 0.0000000e+00 0.0000000e+00 
1.0000000e-01 0.0000000e+00 0.0000000e+00 
1.0000000e-01 0.0000000e+00 0.0000000e+00 
1.0000000e-01 0.0000000e+00 0.0000000e+00 
1.0363501e-02 8.6487681e-03 0.0000000e+00 
1.1172214e-01 -4.2288736e-03 0.0000000e+00 
1.1797959e-01 5.4867840e-03 0.0000000e+00 
1.0073999e-01 4.0293494e-04 0.0000000e+00 
1.0004076e-01 2.2187962e-05 0.0000000e+00 
1.0000363e-01 -2.0186890e-06 0.0000000e+00 
1.0456000e-01 -2.8345292e-03 0.0000000e+00 
1.0409467e-01 2.1116103e-03 0.0000000e+00 
1.0481150e-01 2.4106200e-03 0.0000000e+00 
9.9875130e-02 -1.8102775e-04 0.0000000e+00 
1.0022445e-01 -1.2953537e-04 0.0000000e+00 
1.0234106e-01 -1.2516682e-03 0.0000000e+00 
1.0000718e-01 4.2027768e-06 0.0000000e+00 
1.0002220e-01 -1.1777446e-05 0.0000000e+00 
1.2967131e-01 -3.3679435e-03 0.0000000e+00 
9.9999733e-02 1.9585555e-07 0.0000000e+00 
1.3285419e-01 1.6657760e-03 0.0000000e+00 
1.1880179e-01 3.9085019e-03 0.0000000e+00 
1.1873338e-01 -4.7425395e-03 0.0000000e+00 
1.3281408e-01 2.1743393e-03 0.0000000e+00 
1.0000137e-01 8.2308867e-07 0.0000000e+00 
1.3268727e-01 -1.9176404e-03 0.0000000e+00 
9.9946812e-02 3.8568574e-04 0.0000000e+00 
9.9999733e-02 -1.3395083e-07 0.0000000e+00 
1.0012930e-01 6.8129259e-05 0.0000000e+00 
1.0006858e-01 -3.8568378e-05 0.0000000e+00 
1.0072881e-01 -4.1000711e-04 0.0000000e+00 
1.0000091e-01 -6.3086401e-07 0.0000000e+00 
1.0000747e-01 -4.8160978e-04 0.0000000e+00 
1.0108003e-01 8.1578037e-04 0.0000000e+00 
1.0000010e-01 3.1962855e-07 0.0000000e+00 
1.0102952e-01 -9.4596820e-04 0.0000000e+00 
1.0000003e-01 -1.7129369e-07 0.0000000e+00 
1.0000055e-01 2.3959439e-07 0.0000000e+00 
1.0003916e-01 3.6085371e-04 0.0000000e+00 
1.3381933e-01 -7.9481644e-05 0.0000000e+00 
1.3606906e-01 1.4455633e-03 0.0000000e+00 
1.3345449e-01 4.8945164e-03 0.0000000e+00 
1.3772695e-01 5.4579056e-03 0.0000000e+00 
1.3974674e-01 1.1605892e-03 0.0000000e+00 
1.4054905e-01 5.4931226e-03 0.0000000e+00 
1.3654256e-01 1.0557151e-02 0.0000000e+00 
1.3359991e-01 1.1357010e-02 0.0000000e+00 
1.2790675e-01 1.6676074e-02 0.0000000e+00 
1.1215332e-01 1.7438546e-02 0.0000000e+00 
1.0917778e-01 2.1302359e-02 0.0000000e+00 
8.5474223e-02 2.0345645e-02 0.0000000e+00 
8.4529221e-02 2.3500402e-02 0.0000000e+00 
5.7193890e-02 1.9253822e-02 0.0000000e+00 
5.8147103e-02 2.1703549e-02 0.0000000e+00 
3.0408854e-02 1.4609596e-02 0.0000000e+00 
3.6597710e-02 1.5822582e-02 0.0000000e+00 
1.4798945e-02 6.7870407e-03 0.0000000e+00 
2.6990758e-02 6.0193120e-03 0.0000000e+00 
4.5899734e-02 1.5923591e-02 0.0000000e+00 
4.0921640e-02 3.9417455e-03 0.0000000e+00 
1.8904163e-02 -3.8863188e-03 0.0000000e+00 
5.8551136e-02 1.4704754e-02 0.0000000e+00 
5.6261029e-02 9.8526932e-04 0.0000000e+00 
3.1254147e-03 1.1838328e-04 0.0000000e+00 
-1.3653993e-03 -2.8582250e-03 0.0000000e+00 
7.0758969e-02 1.2222383e-02 0.0000000e+00 
7.0622616e-02 -1.2845740e-04 0.0000000e+00 
1.4272280e-01 -1.3648947e-04 0.0000000e+00 
1.0904135e-01 2.3920419e-02 0.0000000e+00 
8.0963090e-02 8.5870661e-03 0.0000000e+00 
8.2024455e-02 -1.2949888e-03 0.0000000e+00 
7.9571297e-03 -2.9433642e-03 0.0000000e+00 
2.4918010e-02 -1.2060873e-02 0.0000000e+00 
-1.6726119e-03 1.3989281e-03 0.0000000e+00 
8.7899290e-02 4.8002200e-03 0.0000000e+00 
8.9813419e-02 -1.8588273e-03 0.0000000e+00 
9.3077295e-02 2.3526982e-03 0.0000000e+00 
9.4257876e-02 -9.6547912e-04 0.0000000e+00 
9.6099123e-02 1.2616923e-03 0.0000000e+00 
9.6782334e-02 -6.6090043e-04 0.0000000e+00 
9.7762391e-02 6.2710058e-04 0.0000000e+00 
1.4713733e-02 -9.0660099e-03 0.0000000e+00 
4.0029950e-02 -1.6576448e-02 0.0000000e+00 
5.3805474e-02 -2.0887399e-02 0.0000000e+00 
3.4423061e-02 -1.2940647e-02 0.0000000e+00 
6.1616883e-02 -1.8438097e-02 0.0000000e+00 
5.5251159e-02 -1.4726529e-02 0.0000000e+00 
8.6041592e-02 -1.8336166e-02 0.0000000e+00 
7.8855962e-02 -1.4824999e-02 0.0000000e+00 
1.0907970e-01 -1.6035553e-02 0.0000000e+00 
1.0797932e-01 -1.2555617e-02 0.0000000e+00 
1.1074663e-01 -1.9384356e-02 0.0000000e+00 
1.2814465e-01 -1.1477680e-02 0.0000000e+00 
1.2990236e-01 -7.0898021e-03 0.0000000e+00 
1.0141015e-02 -3.1734207e-03 0.0000000e+00 
-6.0894214e-05 1.8587097e-03 0.0000000e+00 
9.8251611e-02 -4.0054900e-04 0.0000000e+00 
9.8741896e-02 2.9018562e-04 0.0000000e+00 
9.9070720e-02 -3.2529800e-04 0.0000000e+00 
9.9318877e-02 1.2536896e-04 0.0000000e+00 
1.3920987e-01 -5.9107966e-03 0.0000000e+00 
1.4145570e-01 -9.6787786e-04 0.0000000e+00 
6.8471618e-02 -1.1383533e-02 0.0000000e+00 
9.9497393e-02 -1.8963029e-04 0.0000000e+00 
9.9618830e-02 5.9309859e-05 0.0000000e+00 
9.9723130e-02 -1.1136747e-04 0.0000000e+00 
9.9787109e-02 2.5983009e-05 0.0000000e+00 
1.1758183e-01 1.3310569e-02 0.0000000e+00 
9.9847607e-02 -6.5541542e-05 0.0000000e+00 
9.9881448e-02 1.0756506e-05 0.0000000e+00 
9.9914744e-02 -3.7637117e-05 0.0000000e+00 
9.9933580e-02 4.3796690e-06 0.0000000e+00 
7.4049295e-04 -1.9829413e-03 0.0000000e+00 
9.9952862e-02 -2.1695161e-05 0.0000000e+00 
9.9962108e-02 1.6878174e-06 0.0000000e+00 
9.9974222e-02 -1.4042159e-05 0.0000000e+00 
9.9978842e-02 -1.6022492e-08 0.0000000e+00 
9.9986091e-02 -8.0781065e-06 0.0000000e+00 
9.9988207e-02 -2.4259933e-07 0.0000000e+00 
1.3032767e-01 -2.6417812e-03 0.0000000e+00 
1.4307843e-01 4.9132803e-03 0.0000000e+00 
3.2234620e-02 -4.0613269e-03 0.0000000e+00 
9.4956927e-02 -4.6123955e-03 0.0000000e+00 
9.2507213e-02 1.1261967e-02 0.0000000e+00 
5.7473756e-02 1.5553304e-02 0.0000000e+00 
8.1616282e-02 2.2164227e-02 0.0000000e+00 
9.9992305e-02 -4.5815468e-06 0.0000000e+00 
9.9993385e-02 -2.3420149e-07 0.0000000e+00 
9.9995755e-02 -2.6131045e-06 0.0000000e+00 
9.9996291e-02 -1.7515325e-07 0.0000000e+00 
9.9995725e-02 2.1522712e-06 0.0000000e+00 
9.9997580e-02 1.1908918e-06 0.0000000e+00 
9.9986769e-02 7.2639759e-06 0.0000000e+00 
1.3107696e-01 1.5039694e-02 0.0000000e+00 
1.4228660e-01 -1.2872792e-03 0.0000000e+00 
9.9997692e-02 -1.5040118e-06 0.0000000e+00 
9.9930458e-02 4.7392492e-05 0.0000000e+00 
1.3632882e-01 -1.0124601e-02 0.0000000e+00 
9.9635556e-02 3.1000123e-04 0.0000000e+00 
9.8001838e-02 2.0351384e-03 0.0000000e+00 
1.3518810e-01 4.2309561e-03 0.0000000e+00 
1.4407466e-01 1.1399283e-02 0.0000000e+00 
1.4385648e-01 9.1540841e-03 0.0000000e+00 
1.4275147e-01 1.4870442e-02 0.0000000e+00 
1.4330548e-01 1.9141311e-02 0.0000000e+00 
1.3993238e-01 2.0963535e-02 0.0000000e+00 
5.1894844e-02 4.0948547e-02 0.0000000e+00 
1.4033388e-01 2.6833218e-02 0.0000000e+00 
1.3500673e-01 2.6011385e-02 0.0000000e+00 
6.1337776e-02 2.2179676e-02 0.0000000e+00 
1.3439748e-01 1.9378180e-02 0.0000000e+00 
1.2915996e-01 2.2677161e-02 0.0000000e+00 
1.2801771e-01 3.0955911e-02 0.0000000e+00 
1.2286510e-01 2.4834059e-02 0.0000000e+00 
1.1939134e-01 3.1678561e-02 0.0000000e+00 
1.1633746e-01 2.4938028e-02 0.0000000e+00 
1.1152688e-01 3.0147400e-02 0.0000000e+00 
2.8702119e-02 3.8280621e-02 0.0000000e+00 
1.1038831e-01 2.3115292e-02 0.0000000e+00 
1.0461225e-01 2.6316760e-02 0.0000000e+00 
1.0558971e-01 2.0216972e-02 0.0000000e+00 
1.0023748e-01 2.1681082e-02 0.0000000e+00 
1.0203184e-01 1.6722973e-02 0.0000000e+00 
9.6742213e-02 1.7361321e-02 0.0000000e+00 
9.9760860e-02 1.2923636e-02 0.0000000e+00 
9.5974706e-02 1.1933676e-02 0.0000000e+00 
9.1668785e-02 1.4376231e-02 0.0000000e+00 
9.2780314e-02 9.5259733e-03 0.0000000e+00 
8.7877415e-02 1.0143995e-02 0.0000000e+00 
9.0161435e-02 6.2203743e-03 0.0000000e+00 
8.5882269e-02 4.8311288e-03 0.0000000e+00 
8.9775063e-02 2.2501806e-03 0.0000000e+00 
8.6180240e-02 -5.9448724e-04 0.0000000e+00 
9.0476468e-02 -1.3713303e-03 0.0000000e+00 
8.8464215e-02 -5.0745942e-03 0.0000000e+00 
9.2446551e-02 -4.2499457e-03 0.0000000e+00 
9.5836051e-02 7.9582529e-03 0.0000000e+00 
9.1785833e-02 -8.0399187e-03 0.0000000e+00 
8.6637184e-02 -1.0343627e-02 0.0000000e+00 
9.2485070e-02 -1.2365737e-02 0.0000000e+00 
8.8479824e-02 -1.7812714e-02 0.0000000e+00 
1.3693098e-02 -2.2792438e-02 0.0000000e+00 
9.4994180e-02 -1.7031027e-02 0.0000000e+00 
9.3402930e-02 -2.3205820e-02 0.0000000e+00 
9.2949599e-02 1.4253755e-03 0.0000000e+00 
9.4855726e-02 -6.0864789e-03 0.0000000e+00 
9.9140547e-02 -2.0655910e-02 0.0000000e+00 
9.9309355e-02 -2.7195929e-02 0.0000000e+00 
4.3780144e-02 -4.4836119e-02 0.0000000e+00 
1.0454871e-01 -2.2792317e-02 0.0000000e+00 
1.0660325e-01 -2.9115850e-02 0.0000000e+00 
6.8392485e-02 -1.3812187e-02 0.0000000e+00 
6.1813194e-02 -3.4741279e-02 0.0000000e+00 
9.9458501e-02 -1.5454082e-02 0.0000000e+00 
9.7557478e-02 2.8552240e-02 0.0000000e+00 
8.1632897e-02 -1.4974026e-02 0.0000000e+00 
1.0618594e-01 1.5088833e-02 0.0000000e+00 
8.1039570e-02 9.6016042e-03 0.0000000e+00 
1.1066036e-01 -2.2727503e-02 0.0000000e+00 
1.1486352e-01 -2.9202025e-02 0.0000000e+00 
1.0802601e-01 -1.7954193e-02 0.0000000e+00 
9.2420764e-02 -3.1516563e-02 0.0000000e+00 
9.5182911e-02 -3.2951212e-03 0.0000000e+00 
9.7213238e-02 -4.6761460e-03 0.0000000e+00 
9.7199753e-02 -2.3769175e-03 0.0000000e+00 
9.8535232e-02 -3.1412418e-03 0.0000000e+00 
1.2923869e-01 1.6692206e-02 0.0000000e+00 
1.3337167e-01 1.3702426e-02 0.0000000e+00 
1.1685494e-01 -2.1288497e-02 0.0000000e+00 
1.2193025e-01 -2.5339600e-02 0.0000000e+00 
1.2175512e-01 -3.2495286e-02 0.0000000e+00 
1.2882878e-01 -2.8740657e-02 0.0000000e+00 
1.2678547e-01 -2.1189827e-02 0.0000000e+00 
1.3316019e-01 -2.2071667e-02 0.0000000e+00 
1.3658573e-01 -2.7900945e-02 0.0000000e+00 
3.4602974e-02 3.9232010e-03 0.0000000e+00 
1.3024290e-01 -1.6514610e-02 0.0000000e+00 
1.3938987e-01 -2.0671463e-02 0.0000000e+00 
1.4212795e-01 -2.4054667e-02 0.0000000e+00 
1.1468436e-01 1.9161254e-02 0.0000000e+00 
1.1323185e-01 3.7978794e-02 0.0000000e+00 
2.5565667e-02 -8.4782718e-03 0.0000000e+00 
9.9998102e-02 2.8838006e-06 0.0000000e+00 
9.9998921e-02 1.6361411e-06 0.0000000e+00 
8.3482303e-02 -1.2104333e-02 0.0000000e+00 
9.9180907e-02 -1.0179050e-03 0.0000000e+00 
1.1403333e-01 -3.0156004e-03 0.0000000e+00 
1.4361385e-01 -1.7211918e-02 0.0000000e+00 
1.4082244e-01 -1.4280457e-02 0.0000000e+00 
1.4124358e-01 -1.5869161e-02 0.0000000e+00 
9.9170081e-02 -5.0173472e-03 0.0000000e+00 
1.3809851e-01 -3.2258902e-02 0.0000000e+00 
9.9761054e-02 -3.0895512e-04 0.0000000e+00 
9.9998638e-02 6.6913555e-07 0.0000000e+00 
1.3905451e-01 2.3761632e-02 0.0000000e+00 
1.3745722e-01 3.2622680e-02 0.0000000e+00 
9.9931113e-02 -9.5552488e-05 0.0000000e+00 
1.2861165e-01 2.5402935e-02 0.0000000e+00 
1.2561664e-01 1.5324423e-02 0.0000000e+00 
1.2900564e-01 1.1603819e-02 0.0000000e+00 
9.9994332e-02 -1.0180945e-05 0.0000000e+00 
1.4054979e-01 -2.4774608e-03 0.0000000e+00 
1.4360584e-01 -1.1060807e-02 0.0000000e+00 
1.3386659e-01 -7.2408346e-03 0.0000000e+00 
1.3838743e-01 -3.8855106e-03 0.0000000e+00 
1.2099691e-01 1.2058342e-03 0.0000000e+00 
9.9981859e-02 -3.6218757e-05 0.0000000e+00 
9.8562367e-02 -1.6811611e-03 0.0000000e+00 
9.7790927e-02 -6.9530919e-04 0.0000000e+00 
1.2489519e-01 -1.5914850e-02 0.0000000e+00 
1.2815478e-01 -1.1676919e-02 0.0000000e+00 
9.9827304e-02 -3.1695985e-03 0.0000000e+00 
1.2458500e-01 1.3566230e-02 0.0000000e+00 
9.9999398e-02 9.2804788e-07 0.0000000e+00 
1.2676035e-01 -1.0058585e-02 0.0000000e+00 
9.9999875e-02 2.5523805e-06 0.0000000e+00 
9.9999823e-02 4.4673397e-06 0.0000000e+00 
9.9998459e-02 -3.2935277e-06 0.0000000e+00 
9.9999145e-02 -1.7589166e-06 0.0000000e+00 
1.2808406e-01 3.6540523e-02 0.0000000e+00 
1.3233875e-01 4.0365048e-02 0.0000000e+00 
1.2390545e-01 4.6814788e-02 0.0000000e+00 
9.9998720e-02 -8.0193223e-07 0.0000000e+00 
9.9999562e-02 -9.4873747e-07 0.0000000e+00 
1.2868604e-01 2.9069989e-03 0.0000000e+00 
1.0568709e-01 7.0915660e-03 0.0000000e+00 
8.9322999e-02 5.8875252e-03 0.0000000e+00 
7.3386006e-02 9.3216542e-03 0.0000000e+00 
5.2679010e-02 7.8203818e-03 0.0000000e+00 
4.2381875e-02 7.5024022e-03 0.0000000e+00 
6.1993483e-02 1.0157130e-02 0.0000000e+00 
3.4663998e-02 6.8995552e-03 0.0000000e+00 
1.0094958e-01 -4.4017825e-03 0.0000000e+00 
1.0102936e-01 -6.8399697e-03 0.0000000e+00 
1.0000158e-01 3.0300771e-06 0.0000000e+00 
5.2781895e-02 1.0621907e-02 0.0000000e+00 
2.8599089e-02 6.9021792e-03 0.0000000e+00 
1.4354981e-02 2.4521523e-03 0.0000000e+00 
1.0903901e-02 3.0576226e-03 0.0000000e+00 
9.9999234e-02 -4.1342042e-07 0.0000000e+00 
6.4746849e-02 6.4006974e-03 0.0000000e+00 
1.2502255e-01 8.8806255e-03 0.0000000e+00 
1.3340333e-01 8.5062385e-03 0.0000000e+00 
1.3313736e-01 -1.1453343e-02 0.0000000e+00 
9.9999681e-02 -5.3377215e-07 0.0000000e+00 
1.3036802e-01 -7.7451849e-03 0.0000000e+00 
9.8955102e-02 -6.2593783e-04 0.0000000e+00 
9.8651513e-02 2.2295707e-04 0.0000000e+00 
9.9391080e-02 -1.1164076e-03 0.0000000e+00 
9.7081155e-02 8.8598422e-04 0.0000000e+00 
9.8567821e-02 1.4050259e-03 0.0000000e+00 
9.7599141e-02 2.7221728e-03 0.0000000e+00 
9.9033028e-02 2.4407019e-03 0.0000000e+00 
9.8577797e-02 4.4954959e-03 0.0000000e+00 
9.9947378e-02 3.2363709e-03 0.0000000e+00 
1.0044961e-01 5.1080384e-03 0.0000000e+00 
9.9842533e-02 1.8707736e-03 0.0000000e+00 
2.2986899e-03 -5.5623258e-04 0.0000000e+00 
1.8563571e-04 7.2341430e-04 0.0000000e+00 
9.3150288e-03 4.3847598e-03 0.0000000e+00 
-3.4095282e-03 -1.0953547e-03 0.0000000e+00 
-4.9802996e-03 1.5002179e-05 0.0000000e+00 
9.9999212e-02 3.8409277e-07 0.0000000e+00 
1.0121954e-01 3.3619807e-03 0.0000000e+00 
1.2595817e-01 -7.7037206e-03 0.0000000e+00 
-5.1388796e-03 3.5624045e-05 0.0000000e+00 
-5.2179466e-03 -5.0815524e-05 0.0000000e+00 
-3.4630504e-03 9.6953136e-04 0.0000000e+00 
-3.8343697e-04 -9.4449794e-04 0.0000000e+00 
2.5380068e-03 1.0831788e-04 0.0000000e+00 
1.0642358e-01 2.3458768e-02 0.0000000e+00 
1.4412449e-01 -6.2338961e-03 0.0000000e+00 
1.2493897e-01 4.5410320e-02 0.0000000e+00 
1.1647579e-01 5.2838318e-02 0.0000000e+00 
1.3421060e-01 -7.1755550e-03 0.0000000e+00 
1.4045148e-01 1.0653260e-02 0.0000000e+00 
1.4137711e-01 6.1387573e-03 0.0000000e+00 
9.9359773e-02 5.8926764e-04 0.0000000e+00 
1.1745494e-01 1.7799801e-03 0.0000000e+00 
8.7874800e-02 -5.3663277e-03 0.0000000e+00 
8.5576698e-02 -7.7733914e-03 0.0000000e+00 
5.6644004e-02 -7.9020364e-03 0.0000000e+00 
8.9852609e-02 -1.4424993e-03 0.0000000e+00 
-5.0244234e-03 1.5166563e-04 0.0000000e+00 
3.2419566e-02 6.7818309e-03 0.0000000e+00 
1.0000032e-01 -2.4082096e-06 0.0000000e+00 
1.0000066e-01 -4.9069777e-06 0.0000000e+00 
7.9877071e-02 1.2411949e-02 0.0000000e+00 
5.8214076e-02 -8.6816614e-03 0.0000000e+00 
3.1828560e-02 -5.9405458e-03 0.0000000e+00 
3.5561025e-02 -6.5292828e-03 0.0000000e+00 
1.5176820e-02 -2.1319939e-03 0.0000000e+00 
2.0613726e-02 -4.0160771e-03 0.0000000e+00 
3.9999042e-02 -8.3795255e-03 0.0000000e+00 
9.9999651e-02 4.8822625e-07 0.0000000e+00 
1.0000002e-01 8.1657834e-07 0.0000000e+00 
-1.2924349e-03 2.6826558e-03 0.0000000e+00 
1.0074369e-01 -2.6325756e-03 0.0000000e+00 
1.0009418e-01 -1.8686362e-03 0.0000000e+00 
1.3680467e-01 1.0826194e-02 0.0000000e+00 
3.3776688e-03 -4.1349772e-03 0.0000000e+00 
1.3682708e-01 -2.6372232e-02 0.0000000e+00 
1.3126071e-01 -3.2675665e-02 0.0000000e+00 
1.3218978e-01 -4.0446375e-02 0.0000000e+00 
1.2184484e-01 -4.1250259e-02 0.0000000e+00 
1.2348434e-01 -4.8376203e-02 0.0000000e+00 
1.2502326e-01 -2.2077847e-02 0.0000000e+00 
8.1894793e-02 -2.2901095e-02 0.0000000e+00 
7.4468449e-02 -1.9554097e-02 0.0000000e+00 
7.5154029e-02 -1.0958640e-02 0.0000000e+00 
6.6204295e-02 -1.3347240e-02 0.0000000e+00 
6.4437300e-02 -2.4588019e-02 0.0000000e+00 
5.3826593e-02 -1.6037935e-02 0.0000000e+00 
5.9543770e-02 -4.3671508e-03 0.0000000e+00 
4.5406107e-02 -2.7747916e-03 0.0000000e+00 
5.5970542e-02 7.6129506e-03 0.0000000e+00 
6.6725202e-02 3.5675187e-03 0.0000000e+00 
6.6309422e-02 1.3205843e-02 0.0000000e+00 
5.7524726e-02 2.0973273e-02 0.0000000e+00 
6.9334999e-02 2.2723505e-02 0.0000000e+00 
6.3919641e-02 3.3224635e-02 0.0000000e+00 
7.5551979e-02 3.0717554e-02 0.0000000e+00 
7.4584424e-02 4.1873470e-02 0.0000000e+00 
7.8971133e-02 2.1964157e-02 0.0000000e+00 
4.8297841e-02 3.1667177e-02 0.0000000e+00 
5.2144993e-02 -3.0812660e-02 0.0000000e+00 
6.6262543e-02 -3.7137531e-02 0.0000000e+00 
5.4679334e-02 -4.5552246e-02 0.0000000e+00 
7.2691292e-02 -4.8583321e-02 0.0000000e+00 
8.4332183e-02 3.5952479e-02 0.0000000e+00 
8.6914964e-02 4.5899559e-02 0.0000000e+00 
7.6311022e-02 5.3496629e-02 0.0000000e+00 
9.2254020e-02 5.5010542e-02 0.0000000e+00 
9.8391958e-02 4.5955587e-02 0.0000000e+00 
7.8394413e-02 -3.8462505e-02 0.0000000e+00 
8.6179867e-02 -4.6497203e-02 0.0000000e+00 
8.4056668e-02 -5.6118194e-02 0.0000000e+00 
9.7042859e-02 -5.0900433e-02 0.0000000e+00 
9.7569257e-02 -5.8143284e-02 0.0000000e+00 
1.0850331e-01 -5.1332638e-02 0.0000000e+00 
1.0432697e-01 -4.3568611e-02 0.0000000e+00 
3.1152163e-03 -1.5954045e-03 0.0000000e+00 
1.0334547e-01 5.0015982e-02 0.0000000e+00 
4.2562991e-02 4.3579549e-02 0.0000000e+00 
1.0000020e-01 -8.0654570e-07 0.0000000e+00 
1.1389364e-01 -4.2917624e-02 0.0000000e+00 
1.3975142e-01 4.9633118e-03 0.0000000e+00 
1.2694336e-01 -4.1989818e-02 0.0000000e+00 
8.5719518e-02 1.6855530e-02 0.0000000e+00 
1.0029018e-01 5.8337566e-02 0.0000000e+00 
3.0872554e-02 -4.0950298e-02 0.0000000e+00 
5.4397270e-02 -4.2034075e-02 0.0000000e+00 
1.7719118e-02 -4.5529502e-03 0.0000000e+00 
5.5493984e-02 2.3720320e-03 0.0000000e+00 
2.4855614e-03 1.0907196e-04 0.0000000e+00 
6.3520029e-02 -2.4134053e-02 0.0000000e+00 
-1.6022313e-03 -1.6291951e-03 0.0000000e+00 
1.8292030e-02 2.7164893e-02 0.0000000e+00 
1.0270788e-01 5.1311641e-03 0.0000000e+00 
1.0211095e-01 7.4882358e-03 0.0000000e+00 
1.0472030e-01 7.0087104e-03 0.0000000e+00 
4.9896464e-02 -1.4929107e-03 0.0000000e+00 
7.9250142e-02 -2.2493324e-03 0.0000000e+00 
5.3954488e-03 4.2595109e-03 0.0000000e+00 
1.6776672e-02 9.5221000e-03 0.0000000e+00 
1.0304017e-01 -5.1871203e-03 0.0000000e+00 
1.0387467e-01 -8.1907948e-03 0.0000000e+00 
1.1201701e-01 -1.2672979e-03 0.0000000e+00 
1.0397393e-01 3.5862520e-02 0.0000000e+00 
1.3325573e-02 -1.2732477e-02 0.0000000e+00 
1.0980148e-01 -9.4371326e-03 0.0000000e+00 
1.0572302e-01 -4.7846355e-02 0.0000000e+00 
1.0000092e-01 1.7605506e-06 0.0000000e+00 
5.9818145e-02 3.2549683e-02 0.0000000e+00 
1.2082686e-01 1.0549705e-02 0.0000000e+00 
8.0038466e-02 1.7309366e-03 0.0000000e+00 
8.3115391e-02 -4.8592845e-03 0.0000000e+00 
1.3755056e-01 7.1592857e-03 0.0000000e+00 
1.3858168e-01 3.2913378e-03 0.0000000e+00 
8.5164301e-02 1.5949046e-02 0.0000000e+00 
9.0046771e-02 2.0958919e-02 0.0000000e+00 
1.1777000e-01 7.9386095e-03 0.0000000e+00 
1.3542004e-01 -1.8273467e-03 0.0000000e+00 
1.0830285e-01 3.1437874e-03 0.0000000e+00 
1.1333746e-01 4.5854454e-03 0.0000000e+00 
1.0000288e-01 5.2276396e-06 0.0000000e+00 
9.9999860e-02 7.8719395e-06 0.0000000e+00 
1.0831681e-01 -3.2147553e-03 0.0000000e+00 
1.0103152e-01 -1.1015099e-02 0.0000000e+00 
1.0499702e-01 -1.1787898e-02 0.0000000e+00 
1.0730004e-01 -8.9094099e-03 0.0000000e+00 
9.7949147e-02 -8.0012130e-03 0.0000000e+00 
1.0924810e-01 -1.2910627e-02 0.0000000e+00 
1.1171629e-01 -8.5915606e-03 0.0000000e+00 
1.1472945e-01 -1.1681195e-02 0.0000000e+00 
1.2984426e-01 3.1904862e-03 0.0000000e+00 
1.2940919e-01 7.7319541e-03 0.0000000e+00 
1.2492136e-01 4.7554756e-03 0.0000000e+00 
1.2370600e-01 1.1128538e-02 0.0000000e+00 
1.1582235e-01 1.2143076e-02 0.0000000e+00 
1.1698727e-01 1.7834814e-02 0.0000000e+00 
1.0682944e-01 1.7830156e-02 0.0000000e+00 
1.0882859e-01 1.1458983e-02 0.0000000e+00 
1.0147819e-01 1.3949251e-02 0.0000000e+00 
1.0411137e-01 8.9586172e-03 0.0000000e+00 
1.0809018e-01 6.7309383e-03 0.0000000e+00 
1.3285962e-01 -1.8782936e-03 0.0000000e+00 
1.3330869e-01 -5.6485082e-03 0.0000000e+00 
1.2876832e-01 -8.0631962e-03 0.0000000e+00 
1.3330132e-01 -1.1292854e-02 0.0000000e+00 
1.2629907e-01 -1.4545596e-02 0.0000000e+00 
1.2347714e-01 -9.8708356e-03 0.0000000e+00 
1.1923037e-01 -1.5847627e-02 0.0000000e+00 
1.1702737e-01 -2.1443408e-02 0.0000000e+00 
1.0934337e-01 -2.1280533e-02 0.0000000e+00 
9.8733149e-02 -2.5590910e-02 0.0000000e+00 
1.1218836e-01 -1.5141260e-02 0.0000000e+00 
1.0237412e-01 -1.8079214e-02 0.0000000e+00 
1.0663889e-01 -1.2342407e-02 0.0000000e+00 
1.0616904e-01 -2.5043637e-02 0.0000000e+00 
9.8537244e-02 -1.2982585e-02 0.0000000e+00 
1.0271661e-01 -8.7447409e-03 0.0000000e+00 
1.3578622e-01 -2.2712660e-03 0.0000000e+00 
1.3394299e-01 1.5879154e-05 0.0000000e+00 
1.2571579e-01 -1.8965233e-02 0.0000000e+00 
1.3720901e-01 -6.0934820e-03 0.0000000e+00 
8.8303506e-02 -1.7127108e-02 0.0000000e+00 
1.3217506e-01 -1.4782557e-02 0.0000000e+00 
9.0216063e-02 -9.1271345e-03 0.0000000e+00 
7.3286533e-02 -2.5365220e-02 0.0000000e+00 
7.3166512e-02 -2.3023454e-02 0.0000000e+00 
5.1067244e-02 -1.8045433e-02 0.0000000e+00 
1.0628895e-01 5.1977955e-02 0.0000000e+00 
1.0848831e-01 7.3472825e-03 0.0000000e+00 
1.1339092e-01 9.4362479e-03 0.0000000e+00 
6.0301937e-02 4.5264039e-02 0.0000000e+00 
4.2923883e-02 1.4216779e-02 0.0000000e+00 
1.2793210e-01 -4.5237825e-03 0.0000000e+00 
1.2386279e-01 1.6879166e-02 0.0000000e+00 
1.1306215e-01 2.3473395e-02 0.0000000e+00 
1.0408393e-01 2.3035336e-02 0.0000000e+00 
9.1092825e-02 2.6280062e-02 0.0000000e+00 
1.0505259e-01 1.0313978e-02 0.0000000e+00 
1.0234451e-01 -1.4055141e-03 0.0000000e+00 
9.9856250e-02 1.9051737e-04 0.0000000e+00 
1.0244292e-01 1.4005970e-03 0.0000000e+00 
3.7135422e-02 -1.8013863e-02 0.0000000e+00 
1.1823755e-01 -5.4745325e-03 0.0000000e+00 
1.8169584e-02 2.9718333e-03 0.0000000e+00 
9.9942021e-02 -3.8853136e-04 0.0000000e+00 
1.0582060e-01 -5.6464099e-03 0.0000000e+00 
1.2921892e-01 3.2346020e-03 0.0000000e+00 
1.5951537e-04 -2.0489262e-03 0.0000000e+00 
1.0000405e-01 2.4860974e-06 0.0000000e+00 
7.4912421e-02 5.9736177e-04 0.0000000e+00 
1.9672023e-02 4.8591583e-03 0.0000000e+00 
5.6192022e-02 1.0984985e-02 0.0000000e+00 
5.6290664e-02 -7.1273842e-03 0.0000000e+00 
9.3533330e-02 -2.3199078e-02 0.0000000e+00 
1.1306527e-01 -4.2888233e-03 0.0000000e+00 
7.7566236e-02 5.9948578e-02 0.0000000e+00 
-5.8572297e-04 2.4756868e-03 0.0000000e+00 
1.1292298e-01 -2.7239354e-02 0.0000000e+00 
1.0717542e-01 -3.1614823e-03 0.0000000e+00 
1.0416119e-01 -2.0991268e-03 0.0000000e+00 
1.0208146e-01 -2.9915804e-03 0.0000000e+00 
1.0109854e-01 -1.7152455e-03 0.0000000e+00 
1.0021795e-01 -2.8099092e-03 0.0000000e+00 
9.9980108e-02 -1.5864575e-03 0.0000000e+00 
1.0060490e-01 -5.2063237e-03 0.0000000e+00 
9.8473713e-02 -3.8538065e-03 0.0000000e+00 
1.0391255e-01 -4.9929651e-03 0.0000000e+00 
1.0058521e-01 -9.7722898e-04 0.0000000e+00 
9.9967733e-02 -8.8488992e-04 0.0000000e+00 
1.3507873e-01 4.3472778e-03 0.0000000e+00 
1.0001389e-01 4.6827854e-04 0.0000000e+00 
1.0019869e-01 1.0342124e-03 0.0000000e+00 
9.5980056e-02 -1.0054858e-03 0.0000000e+00 
1.1297830e-01 -1.6756332e-02 0.0000000e+00 
1.1933553e-01 -1.5412738e-02 0.0000000e+00 
1.1897947e-01 -9.5463777e-03 0.0000000e+00 
1.1930055e-01 1.5406335e-02 0.0000000e+00 
7.3621131e-02 7.7965083e-03 0.0000000e+00 
1.3949884e-01 -9.8270911e-04 0.0000000e+00 
1.1065575e-01 -5.5037368e-02 0.0000000e+00 
1.0031460e-01 -5.5064436e-04 0.0000000e+00 
9.9973686e-02 -4.8851932e-04 0.0000000e+00 
1.0017210e-01 -3.1076168e-04 0.0000000e+00 
9.9985480e-02 -2.6531320e-04 0.0000000e+00 
1.0009405e-01 -1.6895634e-04 0.0000000e+00 
1.0005111e-01 -3.8973056e-04 0.0000000e+00 
9.9583633e-02 -5.5177411e-04 0.0000000e+00 
9.8984055e-02 -2.1066847e-03 0.0000000e+00 
1.0012352e-01 -7.2059389e-05 0.0000000e+00 
1.0004722e-01 -8.7916123e-05 0.0000000e+00 
1.0003095e-01 -4.7691792e-05 0.0000000e+00 
9.9994898e-02 -7.3043469e-05 0.0000000e+00 
9.9577509e-02 7.1716034e-03 0.0000000e+00 
2.7141657e-02 1.7693497e-03 0.0000000e+00 
1.3467777e-01 3.3077121e-02 0.0000000e+00 
1.0114477e-01 -3.5058215e-02 0.0000000e+00 
1.1577437e-01 4.5809351e-02 0.0000000e+00 
9.9999905e-02 -2.0529379e-07 0.0000000e+00 
1.0232423e-01 1.2611268e-03 0.0000000e+00 
1.0196370e-01 2.9530372e-03 0.0000000e+00 
1.0107200e-01 1.6914729e-03 0.0000000e+00 
1.0033412e-01 2.6725840e-03 0.0000000e+00 
1.0011299e-01 1.4890421e-03 0.0000000e+00 
1.0075729e-01 4.7161900e-03 0.0000000e+00 
1.0378190e-01 5.1347921e-03 0.0000000e+00 
1.0059091e-01 9.4809395e-04 0.0000000e+00 
1.0009006e-01 8.1176357e-04 0.0000000e+00 
9.9586911e-02 1.0278247e-03 0.0000000e+00 
1.0040667e-01 -2.3273290e-04 0.0000000e+00 
9.9999897e-02 3.1886265e-07 0.0000000e+00 
1.0131360e-01 -7.1723730e-04 0.0000000e+00 
9.9999674e-02 1.5276099e-08 0.0000000e+00 
1.0000538e-01 9.1607708e-06 0.0000000e+00 
1.0000015e-01 1.3953261e-05 0.0000000e+00 
1.0000982e-01 1.6134303e-05 0.0000000e+00 
1.0000079e-01 2.4682831e-05 0.0000000e+00 
9.9990517e-02 1.6610375e-05 0.0000000e+00 
9.9984057e-02 2.9752751e-05 0.0000000e+00 
1.0000245e-01 4.3392938e-05 0.0000000e+00 
9.9973418e-02 5.3645923e-05 0.0000000e+00 
1.0000670e-01 7.6576202e-05 0.0000000e+00 
9.9956624e-02 9.7108110e-05 0.0000000e+00 
1.0001717e-01 1.3502200e-04 0.0000000e+00 
9.9930361e-02 1.7649627e-04 0.0000000e+00 
1.0003865e-01 2.3922669e-04 0.0000000e+00 
9.9887349e-02 3.1658972e-04 0.0000000e+00 
1.0006678e-01 4.3543964e-04 0.0000000e+00 
1.0019831e-01 2.7013471e-04 0.0000000e+00 
9.9878751e-02 8.8862573e-05 0.0000000e+00 
9.9976897e-02 1.3729820e-05 0.0000000e+00 
9.9994391e-02 9.2113651e-06 0.0000000e+00 
1.9875355e-02 4.3022907e-03 0.0000000e+00 
1.0001191e-01 -7.0396004e-06 0.0000000e+00 
1.0000969e-01 -1.6355230e-05 0.0000000e+00 
1.0000437e-01 -8.4574513e-06 0.0000000e+00 
1.0007214e-01 3.8347309e-05 0.0000000e+00 
1.0002309e-01 1.2545805e-05 0.0000000e+00 
1.0000191e-01 -1.1545179e-06 0.0000000e+00 
1.0000669e-01 -3.5666628e-06 0.0000000e+00 
9.9996984e-02 -5.6530098e-06 0.0000000e+00 
1.0000005e-01 -1.4549614e-06 0.0000000e+00 
1.0000041e-01 -3.7795448e-07 0.0000000e+00 
9.9989802e-02 -1.8237615e-05 0.0000000e+00 
1.0000032e-01 -2.7042195e-05 0.0000000e+00 
9.9996723e-02 5.1375046e-06 0.0000000e+00 
9.9999934e-02 1.4474130e-06 0.0000000e+00 
1.0000004e-01 -3.7794481e-07 0.0000000e+00 
9.6683286e-02 4.7302940e-03 0.0000000e+00 
9.5638424e-02 2.4695466e-03 0.0000000e+00 
9.9992484e-02 3.9344791e-06 0.0000000e+00 
1.0000086e-01 4.4469539e-07 0.0000000e+00 
1.0000046e-01 5.4920281e-07 0.0000000e+00 
1.0014811e-01 -9.3028496e-04 0.0000000e+00 
1.0130682e-01 7.1776548e-04 0.0000000e+00 
9.9997938e-02 -1.1563198e-07 0.0000000e+00 
9.9960014e-02 2.5362266e-05 0.0000000e+00 
6.2973469e-02 -5.5682514e-02 0.0000000e+00 
1.0699890e-01 3.5857927e-02 0.0000000e+00 
9.9998802e-02 -4.8559908e-08 0.0000000e+00 
4.2134918e-02 1.0825491e-02 0.0000000e+00 
2.5766036e-02 9.5948977e-03 0.0000000e+00 
-1.3762719e-03 2.7691175e-03 0.0000000e+00 
9.3927853e-02 3.7153088e-02 0.0000000e+00 
9.9789828e-02 1.6647970e-04 0.0000000e+00 
9.6640632e-02 3.7435479e-03 0.0000000e+00 
9.9999525e-02 -1.7402056e-07 0.0000000e+00 
9.9877417e-02 -1.6972142e-04 0.0000000e+00 
1.2225205e-01 3.8533524e-02 0.0000000e+00 
1.3722134e-01 -1.0543492e-02 0.0000000e+00 
9.9527657e-02 -9.2853825e-06 0.0000000e+00 
1.0756764e-01 -7.2851083e-03 0.0000000e+00 
1.2482464e-01 -4.3812287e-03 0.0000000e+00 
9.7992107e-02 -8.2333116e-03 0.0000000e+00 
9.9166585e-03 -3.2793863e-03 0.0000000e+00 
9.4619602e-02 6.6968361e-03 0.0000000e+00 
1.0000056e-01 1.0126621e-06 0.0000000e+00 
7.4593782e-02 -2.8995613e-02 0.0000000e+00 
9.4809808e-02 -9.4645349e-03 0.0000000e+00 
6.9898800e-03 -3.9013394e-05 0.0000000e+00 
1.0001299e-01 7.2568728e-06 0.0000000e+00 
1.2409859e-01 3.8476451e-03 0.0000000e+00 
9.9868871e-02 -9.6620532e-04 0.0000000e+00 
1.0034382e-01 -5.4676220e-04 0.0000000e+00 
9.9864803e-02 9.6127519e-04 0.0000000e+00 
1.0050683e-01 1.8694155e-03 0.0000000e+00 
5.9811190e-02 5.2066129e-03 0.0000000e+00 
1.3262090e-01 -3.4728233e-02 0.0000000e+00 
9.9996932e-02 -1.3887753e-04 0.0000000e+00 
-9.3132601e-04 2.0439464e-03 0.0000000e+00 
1.0034682e-01 5.1422248e-04 0.0000000e+00 
1.0941496e-01 1.2342442e-02 0.0000000e+00 
1.0003975e-01 -2.0171230e-05 0.0000000e+00 
1.0000030e-01 2.8644530e-07 0.0000000e+00 
9.8983668e-02 9.5741479e-03 0.0000000e+00 
9.2862718e-02 1.7909886e-02 0.0000000e+00 
1.3415220e-01 9.1051850e-03 0.0000000e+00 
1.1293969e-01 -2.2278741e-02 0.0000000e+00 
8.5380770e-02 -2.4626913e-02 0.0000000e+00 
6.9951169e-02 -4.4760755e-03 0.0000000e+00 
9.1320954e-02 -5.6078266e-02 0.0000000e+00 
-2.5874285e-03 -1.4329089e-03 0.0000000e+00 
1.0000021e-01 -1.7176869e-07 0.0000000e+00 
1.0974785e-01 -3.5891876e-02 0.0000000e+00 
9.9999487e-02 1.4975751e-07 0.0000000e+00 
1.4292204e-01 -5.6687463e-03 0.0000000e+00 
1.0001735e-01 2.8116832e-05 0.0000000e+00 
1.2448540e-01 1.8876905e-02 0.0000000e+00 
1.0000235e-01 1.4226813e-06 0.0000000e+00 
9.9374294e-02 -2.0802561e-03 0.0000000e+00 
9.3405440e-02 5.0044148e-03 0.0000000e+00 
1.4358903e-01 3.6111907e-03 0.0000000e+00 
2.4448158e-02 -6.2255869e-03 0.0000000e+00 
1.3595797e-01 1.2300329e-03 0.0000000e+00 
9.9389270e-02 1.3935046e-03 0.0000000e+00 
1.3582361e-01 -1.5968822e-02 0.0000000e+00 
1.0043294e-01 2.1893748e-04 0.0000000e+00 
5.2769255e-02 -1.2387008e-02 0.0000000e+00 
1.1301438e-01 -9.1704596e-03 0.0000000e+00 
9.9953875e-02 -5.2641466e-05 0.0000000e+00 
8.3736740e-02 -3.0376166e-02 0.0000000e+00 
1.0037466e-01 -2.9626032e-03 0.0000000e+00 
1.0003125e-01 4.8818241e-05 0.0000000e+00 
9.6936040e-02 -1.2017746e-02 0.0000000e+00 
5.6120746e-02 5.3796671e-02 0.0000000e+00 
1.0495754e-01 1.2450083e-02 0.0000000e+00 
1.3818423e-01 1.5117307e-02 0.0000000e+00 
3.3733580e-02 -7.2435462e-03 0.0000000e+00 
1.4307527e-01 -1.0156756e-03 0.0000000e+00 
1.2185150e-01 2.0122208e-02 0.0000000e+00 
1.4392233e-01 -1.1434365e-02 0.0000000e+00 
9.1501027e-02 1.0428874e-02 0.0000000e+00 
7.6109312e-02 1.5227612e-02 0.0000000e+00 
8.9471683e-02 -2.1996442e-02 0.0000000e+00 
1.0326659e-01 -1.7701264e-02 0.0000000e+00 
9.3372660e-03 3.1950602e-03 0.0000000e+00 
1.1180481e-01 3.8740933e-03 0.0000000e+00 
8.3763912e-02 2.5081379e-02 0.0000000e+00 
8.4428869e-02 2.6723297e-02 0.0000000e+00 
9.1122784e-02 2.8482430e-02 0.0000000e+00 
1.0035267e-01 5.0210831e-04 0.0000000e+00 
4.5966685e-02 -1.1052081e-02 0.0000000e+00 
1.1947349e-01 2.0539118e-02 0.0000000e+00 
1.1396335e-01 1.4362853e-02 0.0000000e+00 
1.3214833e-01 4.9349116e-03 0.0000000e+00 
9.9795461e-02 5.6385976e-04 0.0000000e+00 
1.2622322e-01 -1.5173655e-02 0.0000000e+00 
1.0204784e-01 -3.1801574e-03 0.0000000e+00 
1.2330998e-01 -4.0642009e-03 0.0000000e+00 
6.4141326e-02 2.3143729e-02 0.0000000e+00 
9.9524751e-02 -4.7630610e-04 0.0000000e+00 
1.2879035e-01 6.9232238e-03 0.0000000e+00 
1.0715424e-01 2.9896728e-03 0.0000000e+00 
2.9621046e-02 2.3541927e-02 0.0000000e+00 
9.3662992e-02 -1.2495391e-03 0.0000000e+00 
1.0005769e-01 8.5512147e-05 0.0000000e+00 
1.1009224e-01 1.7363636e-02 0.0000000e+00 
1.4018905e-01 -5.5682105e-03 0.0000000e+00 
7.6776601e-02 -5.9082415e-02 0.0000000e+00 
1.0001831e-01 -2.8087787e-05 0.0000000e+00 
9.9328905e-02 5.8093417e-04 0.0000000e+00 
3.0116329e-02 -6.3117663e-03 0.0000000e+00 
-1.4671175e-03 -2.3644320e-03 0.0000000e+00 
1.1870536e-01 -4.7946557e-02 0.0000000e+00 
1.2920703e-01 3.8301311e-02 0.0000000e+00 
9.5525786e-02 -4.1584853e-02 0.0000000e+00 
1.3168009e-01 -4.5616892e-03 0.0000000e+00 
3.9331418e-02 -1.6032971e-02 0.0000000e+00 
1.2167683e-01 -1.9436849e-02 0.0000000e+00 
1.0774302e-01 4.3758567e-02 0.0000000e+00 
3.4190521e-02 -3.3313092e-02 0.0000000e+00 
1.0000000e-01 4.9422351e-07 0.0000000e+00 
1.0010551e-01 1.4760612e-04 0.0000000e+00 
6.7552432e-02 2.2285024e-02 0.0000000e+00 
9.8223560e-02 9.3833422e-03 0.0000000e+00 
-3.6120603e-03 1.0818915e-03 0.0000000e+00 
4.8497170e-02 -5.6589074e-03 0.0000000e+00 
1.2328768e-01 -1.1324570e-02 0.0000000e+00 
9.9999607e-02 -1.4724441e-05 0.0000000e+00 
8.1752073e-03 5.6580133e-03 0.0000000e+00 
7.7244475e-02 -4.5255697e-03 0.0000000e+00 
7.8684881e-02 -9.4515122e-03 0.0000000e+00 
1.1970565e-01 7.5030238e-03 0.0000000e+00 
1.0134590e-01 1.9143252e-03 0.0000000e+00 
4.0654577e-02 4.1648302e-02 0.0000000e+00 
1.1760321e-01 -1.1170565e-02 0.0000000e+00 
1.0022558e-01 1.0995221e-04 0.0000000e+00 
-3.6408112e-03 -7.3829980e-04 0.0000000e+00 
6.8781860e-03 -4.1130278e-03 0.0000000e+00 
6.8814526e-03 1.9712502e-04 0.0000000e+00 
1.1544268e-01 -7.7673318e-03 0.0000000e+00 
9.8818727e-02 1.0575097e-03 0.0000000e+00 
1.0054684e-01 -1.4738746e-03 0.0000000e+00 
9.6893765e-02 -2.3465017e-03 0.0000000e+00 
7.3397249e-02 8.6563034e-04 0.0000000e+00 
8.3907977e-02 -9.8992586e-03 0.0000000e+00 
9.9999167e-02 -8.5759084e-06 0.0000000e+00 
9.9704176e-02 6.6763279e-04 0.0000000e+00 
1.3526547e-01 3.9112777e-03 0.0000000e+00 
2.2298995e-02 6.8652006e-03 0.0000000e+00 
8.7383792e-02 -3.7653662e-02 0.0000000e+00 
1.3797079e-01 -5.1372596e-03 0.0000000e+00 
9.6204393e-02 1.4823852e-02 0.0000000e+00 
7.0132427e-02 1.3780479e-02 0.0000000e+00 
9.9999242e-02 -2.0331044e-08 0.0000000e+00 
5.9352506e-02 -9.9876942e-03 0.0000000e+00 
1.0007372e-01 -1.7963967e-04 0.0000000e+00 
9.9402487e-02 -3.2137316e-02 0.0000000e+00 
1.0007345e-01 1.5866935e-04 0.0000000e+00 
9.9354163e-02 1.9262276e-03 0.0000000e+00 
1.0294350e-01 1.3069307e-02 0.0000000e+00 
1.0109922e-01 1.0107108e-02 0.0000000e+00 
1.4099389e-01 -9.4091929e-03 0.0000000e+00 
9.6363723e-02 -1.3118451e-02 0.0000000e+00 
9.9999763e-02 -2.9214027e-07 0.0000000e+00 
8.3066322e-02 5.3261515e-02 0.0000000e+00 
8.5268319e-02 2.1081917e-02 0.0000000e+00 
-2.7644855e-03 -1.0665737e-03 0.0000000e+00 
1.0000040e-01 1.2651522e-07 0.0000000e+00 
1.4136395e-01 2.1168836e-03 0.0000000e+00 
1.0000318e-01 -4.0128343e-06 0.0000000e+00 
9.8672993e-02 6.0949782e-03 0.0000000e+00 
1.3694200e-01 -9.8678702e-03 0.0000000e+00 
1.0000011e-01 -8.6258360e-08 0.0000000e+00 
3.6405653e-02 1.4264715e-02 0.0000000e+00 
6.1267048e-02 -1.1752005e-02 0.0000000e+00 
1.0000327e-01 -4.3932287e-05 0.0000000e+00 
1.3144560e-02 -2.4163174e-03 0.0000000e+00 
1.2345205e-01 -1.8466244e-02 0.0000000e+00 
1.1681750e-01 1.1428128e-02 0.0000000e+00 
1.1476965e-01 -1.1310996e-02 0.0000000e+00 
1.1626417e-01 -3.6041413e-02 0.0000000e+00 
9.9049628e-02 3.5187670e-03 0.0000000e+00 
1.3010921e-01 1.2916071e-02 0.0000000e+00 
1.2120217e-01 -3.9662696e-02 0.0000000e+00 
1.3639705e-01 1.0717995e-02 0.0000000e+00 
1.2200816e-01 -7.4629001e-03 0.0000000e+00 
1.1934865e-02 -2.5074044e-03 0.0000000e+00 
1.0301328e-01 3.0521047e-03 0.0000000e+00 
6.6053271e-02 -2.1320786e-02 0.0000000e+00 
9.5326409e-02 2.2661453e-02 0.0000000e+00 
1.0704448e-01 1.1715584e-02 0.0000000e+00 
1.0059791e-01 1.1883667e-03 0.0000000e+00 
9.8055191e-02 -1.3386309e-03 0.0000000e+00 
1.0918295e-01 -6.2250877e-03 0.0000000e+00 
1.0125959e-01 -1.8969686e-03 0.0000000e+00 
1.0143636e-01 7.1322364e-03 0.0000000e+00 
1.0000169e-01 -2.5535448e-06 0.0000000e+00 
8.0833010e-02 -9.3443263e-03 0.0000000e+00 
3.5907635e-03 1.4881457e-03 0.0000000e+00 
1.2671657e-01 -3.5640679e-02 0.0000000e+00 
1.1311468e-01 8.0643697e-03 0.0000000e+00 
1.0811002e-01 -6.7150765e-03 0.0000000e+00 
1.3803479e-01 -1.1383865e-03 0.0000000e+00 
9.8221064e-02 2.1380531e-02 0.0000000e+00 
1.0051050e-01 2.5912775e-02 0.0000000e+00 
9.8312899e-02 -5.3661224e-03 0.0000000e+00 
1.3664183e-01 1.6221382e-02 0.0000000e+00 
1.2112046e-01 6.9765463e-03 0.0000000e+00 
1.2375975e-01 1.9571453e-02 0.0000000e+00 
8.8187404e-02 -2.5363192e-02 0.0000000e+00 
1.0532949e-01 6.6076242e-03 0.0000000e+00 
8.6695112e-02 2.9865622e-03 0.0000000e+00 
9.9693514e-02 -7.0316874e-04 0.0000000e+00 
7.6934807e-02 -1.9631149e-02 0.0000000e+00 
1.0538089e-01 4.4823922e-03 0.0000000e+00 
1.0000017e-01 5.0277913e-07 0.0000000e+00 
1.0299587e-01 -1.4199568e-02 0.0000000e+00 
1.0582916e-01 -1.4883018e-02 0.0000000e+00 
1.2767726e-01 8.8350037e-03 0.0000000e+00 
9.4988450e-02 6.5201038e-04 0.0000000e+00 
1.1696514e-01 7.6585114e-03 0.0000000e+00 
9.7422712e-02 6.3470164e-03 0.0000000e+00 
1.0000082e-01 -1.3737417e-06 0.0000000e+00 
1.3421041e-01 -4.1090334e-03 0.0000000e+00 
1.5854444e-02 8.7842504e-03 0.0000000e+00 
1.3960779e-01 -1.0027506e-03 0.0000000e+00 
1.5583050e-02 -7.6354053e-03 0.0000000e+00 
2.8473632e-02 -6.1476519e-03 0.0000000e+00 
1.3022906e-01 -2.4392977e-03 0.0000000e+00 
1.3610597e-01 -1.8878289e-02 0.0000000e+00 
PRESSURE 1 945  float
3.0214920e+00
0.0000000e+00
0.0000000e+00
3.0211527e+00
-4.0858917e+00
-4.2265491e+00
-4.6486630e+00
-5.2479234e+00
-5.8746681e+00
-6.5453811e+00
-7.1370754e+00
-7.4106030e+00
-7.1993403e+00
-6.0945511e+00
-4.2329707e+00
-1.5442779e+00
1.5376112e+00
4.5111017e+00
7.0021992e+00
8.7739859e+00
9.3129025e+00
8.7698383e+00
7.1160002e+00
4.5549583e+00
1.4970199e+00
-1.5376647e+00
-4.1466880e+00
-6.1071153e+00
-7.1039362e+00
-7.4881930e+00
-7.1314111e+00
-6.5136409e+00
-5.8831820e+00
-5.2710214e+00
-4.6233349e+00
-4.2105298e+00
3.0160120e+00
2.9582675e+00
2.8464680e+00
2.6537197e+00
2.3224273e+00
1.8934226e+00
1.3169162e+00
6.6712445e-01
-1.8047460e-03
-6.1100078e-01
-9.9543476e-01
-1.1873159e+00
-1.1577065e+00
-9.6309304e-01
-6.5860361e-01
-4.1183197e-01
-2.2584932e-01
-1.2792441e-01
-6.8958834e-02
-3.4949847e-02
-1.7986484e-02
-8.4974151e-03
-4.9918601e-03
-1.5477453e-03
-1.0191599e-03
-3.8434588e-04
-1.7765620e-04
-5.3637748e-05
-1.0467452e-05
1.2976557e-05
1.5264812e-05
1.4017049e-05
9.9011850e-06
6.4209162e-06
1.7721909e-06
0.0000000e+00
0.0000000e+00
0.0000000e+00
0.0000000e+00
0.0000000e+00
0.0000000e+00
0.0000000e+00
0.0000000e+00
0.0000000e+00
-3.2876621e-06
-8.4797393e-06
-1.1517190e-05
-1.8068020e-05
-2.9337225e-05
-3.7102898e-05
-1.1593617e-04
-1.6898187e-04
-2.7113894e-04
-5.5685634e-04
-1.2689473e-03
-2.5048668e-03
-4.8151799e-03
-9.4255842e-03
-1.8324388e-02
-3.5727177e-02
-6.9418088e-02
-1.2952591e-01
-2.3088762e-01
-4.1327387e-01
-6.6430694e-01
-9.5508438e-01
-1.1506256e+00
-1.1941152e+00
-9.8224682e-01
-5.8625758e-01
-6.5492874e-04
6.7081469e-01
1.3187666e+00
1.8925097e+00
2.3335035e+00
2.6544383e+00
2.8541203e+00
2.9611971e+00
3.0170054e+00
3.0397224e+00
3.0859590e+00
3.1410973e+00
3.1939194e+00
3.2135801e+00
3.1951473e+00
3.1441865e+00
3.0862696e+00
3.0400116e+00
8.5652418e+00
-2.9651627e-01
-5.3349268e-01
-1.0523498e-02
-2.5120509e-04
-3.7584228e-05
2.5917206e+00
-8.6972475e-02
2.5609667e+00
3.2114613e+00
-2.8499423e-03
-4.2947926e-02
-1.9128934e-06
-2.0801679e-04
-1.1161929e+00
2.0071911e-06
-1.2528290e+00
9.7562015e-01
9.9800318e-01
-9.3186682e-01
9.2918153e-06
-9.1491407e-01
3.1680212e+00
-1.6962312e-06
-1.2288785e-03
-7.2115666e-04
-1.1302893e-02
-1.3511830e-05
3.1146882e+00
2.9349751e+00
1.3992235e-06
2.9405961e+00
-3.7511898e-06
4.4731596e-06
3.0583000e+00
-1.2062932e+00
-1.4981807e+00
-1.4071300e+00
-1.7884756e+00
-1.8952843e+00
-2.3306105e+00
-2.0797749e+00
-2.7958121e+00
-2.3152263e+00
-3.0756292e+00
-2.4480500e+00
-2.9593341e+00
-2.3206487e+00
-2.7249627e+00
-2.0311091e+00
-2.3677123e+00
-1.6038876e+00
-1.9598316e+00
-1.1786417e+00
-9.2553884e-01
-5.6809753e-01
-1.5892092e+00
-4.3312594e-01
-1.1366350e-01
-5.3582950e+00
-4.4369926e+00
-6.0126461e-02
1.3063371e-01
-2.4113371e+00
-1.7628558e+00
6.4396888e-02
8.2063988e-02
-2.2770393e+00
-2.1016729e+00
-4.1768599e+00
9.9712677e-02
1.1621926e-01
8.7750763e-02
4.9382754e-02
4.4806834e-02
3.5094008e-02
2.7624533e-02
-2.8196466e+00
-2.6199899e+00
-2.0466645e+00
-3.2093244e+00
-3.0232515e+00
-3.4995301e+00
-3.2497272e+00
-3.7441649e+00
-3.2874403e+00
-3.7245009e+00
-2.7802365e+00
-3.1661968e+00
-3.4966040e+00
-5.7790956e+00
-4.8631310e+00
1.5845263e-02
1.4539390e-02
1.2776069e-02
9.2554595e-03
-2.8574941e+00
-3.0931525e+00
-1.1368910e-01
4.7713616e-03
4.3137907e-03
2.8447642e-03
2.3094288e-03
-3.3982432e+00
1.2992324e-03
1.1036828e-03
6.0849462e-04
4.7370695e-04
-2.8750529e+00
1.3597553e-04
2.5469356e-04
1.7832282e-04
1.3786876e-04
2.3269602e-05
5.3646934e-05
-3.8818848e+00
-3.2338507e+00
-6.8243785e+00
4.5063902e-02
4.5599855e-02
-3.3984501e+00
-3.3843961e-01
4.0894220e-06
2.1341235e-05
7.5675200e-07
7.6440110e-06
2.1123802e-05
9.6825515e-06
9.6638694e-05
-1.7986399e+00
-2.4565983e+00
-2.3127789e-06
6.8883388e-04
-2.5789561e+00
5.1869601e-03
2.9169593e-02
-4.0212245e+00
-3.2261338e+00
-2.5609944e+00
-2.3607130e+00
-3.1537790e+00
-1.9565421e+00
-1.1676654e-01
-2.4928813e+00
-1.3436905e+00
-4.9066925e+00
-1.0877250e+00
-4.5383388e-01
-5.3749049e-01
2.7366921e-01
5.3510422e-01
1.0527685e+00
1.5018265e+00
5.2942057e+00
1.7679176e+00
2.3317225e+00
2.3695569e+00
2.9030433e+00
2.8071566e+00
3.3337300e+00
3.0779314e+00
3.4812710e+00
3.8721232e+00
3.8488493e+00
4.2717214e+00
4.0934720e+00
4.4878678e+00
4.1658373e+00
4.4745669e+00
4.0882835e+00
4.2565508e+00
3.9000435e+00
3.5295572e+00
3.9153254e+00
4.3563313e+00
3.8236313e+00
4.1015902e+00
7.4242945e+00
3.5229645e+00
3.5172045e+00
3.8599854e+00
3.6544924e+00
3.0230362e+00
2.8417983e+00
2.7729950e+00
2.4181333e+00
2.0421314e+00
-6.1029506e+00
-2.6635888e+00
3.0654855e+00
2.9878480e+00
4.7288861e+00
2.3762884e+00
4.8350801e+00
1.7550828e+00
1.1298825e+00
2.1250436e+00
3.3904440e+00
3.6492181e+00
3.4340906e+00
3.4569366e+00
3.3028955e+00
-3.8995206e-01
-9.0103805e-01
1.0904257e+00
3.8054562e-01
2.0942837e-01
-5.7775396e-01
-1.5121295e-01
-9.9562258e-01
-1.6936470e+00
-6.7848516e+00
-5.3687030e-01
-1.8793637e+00
-2.9378161e+00
1.3457062e+00
9.9741513e-01
-3.6891634e+00
1.7615617e-05
9.7279571e-06
-4.1153779e+00
1.4676834e-02
-4.5299044e+00
-2.6983428e+00
-1.9733808e+00
-3.7219927e+00
3.2009830e+00
-2.6817069e+00
2.6063917e-03
4.5762436e-06
-3.7418489e+00
-3.0666542e+00
5.6167820e-04
-4.5210967e+00
-4.8478818e+00
-3.4271589e-01
1.2851133e-05
-1.9142367e+00
-3.3388534e+00
-4.2333064e+00
-3.7377002e+00
-4.4208107e+00
2.8330166e-04
3.3206003e+00
3.4132099e+00
1.6263089e-01
-2.1601582e-01
3.1358097e+00
2.1322598e-01
6.1820265e-06
-4.7032728e+00
1.4909220e-05
2.1128440e-05
-2.5205529e-06
-1.2992198e-05
-3.7599452e+00
-2.2173531e+00
-2.4603953e+00
-7.2951962e-06
-8.7854187e-06
-3.9267201e+00
-4.4013104e+00
-4.9837770e+00
-4.6632652e+00
-5.1567702e+00
-4.7518311e+00
-4.4051766e+00
-4.4221020e+00
2.9927728e+00
2.9882660e+00
1.2708349e-05
-4.1362400e+00
-4.1154943e+00
-4.3483391e+00
-4.0367184e+00
-2.4976539e-06
-5.4705882e+00
1.8076666e-01
-9.0651745e-01
-8.7703151e-01
-4.8093279e-06
-5.1821452e-01
3.2999971e+00
3.3340743e+00
3.2345793e+00
3.4797423e+00
3.3282430e+00
3.4072535e+00
3.2552512e+00
3.2808876e+00
3.1262357e+00
3.0548337e+00
3.1482463e+00
-4.2085466e+00
-3.9151437e+00
-3.7234538e+00
-4.0568237e+00
-3.8213477e+00
2.7063918e-06
2.9579160e+00
7.2693244e-02
-3.9813387e+00
-3.8006933e+00
-4.0346413e+00
-3.8443604e+00
-4.1187005e+00
-5.3322001e+00
-3.0155840e+00
-1.0392168e+00
-7.9714882e-01
-1.0326071e+00
-1.8791798e+00
-2.0230110e+00
3.2558823e+00
-4.8060732e+00
-5.1120582e+00
-4.7787185e+00
-5.1536493e+00
-5.5899019e+00
-3.5455675e+00
-5.6813750e+00
-1.4595864e-05
-3.2447597e-06
-4.0662856e+00
-4.7294893e+00
-4.9516659e+00
-4.5719666e+00
-4.6845465e+00
-4.3746376e+00
-4.2373147e+00
2.7737178e-06
6.2706908e-06
-4.2865820e+00
3.0114832e+00
3.1066353e+00
-4.1477499e+00
-3.2617369e+00
-3.7531698e+00
-3.8421564e+00
-2.3599803e+00
-3.5217001e+00
-1.7477760e+00
-4.7657490e+00
4.5451593e+00
5.2214446e+00
5.3245139e+00
5.9117079e+00
5.7995458e+00
6.6198111e+00
6.4033484e+00
7.1908212e+00
6.6119967e+00
5.9682107e+00
5.9398832e+00
6.3518672e+00
5.5463734e+00
5.5972557e+00
4.8423405e+00
4.4903817e+00
4.8016477e+00
6.5123281e+00
6.3343849e+00
5.2700686e+00
5.4389238e+00
4.2212481e+00
3.9857123e+00
3.3013196e+00
3.5231078e+00
2.1227508e+00
2.2467773e+00
4.3448424e+00
3.3351588e+00
2.6527634e+00
2.0498207e+00
8.6004305e-01
7.3235214e-01
1.7635081e+00
-4.5198755e+00
-2.5890293e+00
2.6440516e+00
-1.0838882e-05
7.0446998e-01
-2.9265239e+00
-1.0868685e+00
-3.4242682e+00
4.0354863e-02
5.4962711e+00
-1.2348147e-01
-6.4685836e+00
-6.7725587e+00
-5.2613826e+00
-4.7436547e+00
-4.1950517e+00
7.3733325e+00
2.7918310e+00
2.8723612e+00
2.5711694e+00
-6.7675548e+00
-6.2294970e+00
-2.6181309e+00
-2.9773622e+00
2.7626908e+00
2.6829019e+00
-4.9736848e+00
2.1346843e+00
8.3836880e+00
-4.0521975e+00
-2.9283791e+00
1.0371541e-05
-2.7705500e+00
7.1709108e-01
4.9726038e+00
4.7075481e+00
-1.4752325e+00
-1.6692220e+00
4.4185491e+00
3.9078076e+00
-3.9659686e+00
-1.2875313e+00
2.1958573e+00
1.6208626e+00
1.1291902e-05
2.9357176e-05
2.1981380e+00
2.9594395e+00
2.5134549e+00
2.2850747e+00
3.3155723e+00
2.0349779e+00
1.8057101e+00
1.4205295e+00
-1.1373329e+00
-1.1793185e+00
-8.7809622e-01
-8.7862921e-01
-5.0270414e-01
-7.7835417e-01
-3.4836641e-01
-2.8049332e-01
-1.4305069e-01
-1.3040999e-01
-2.1136799e-01
-1.2628978e+00
-1.4024022e+00
-1.1219264e+00
-1.6024315e+00
-1.1631099e+00
-8.5745943e-01
-7.8558367e-01
-1.0901560e+00
-6.2766731e-01
-9.4116652e-01
-4.2670715e-01
-2.3118398e-01
-2.2308242e-01
-1.5674324e+00
-6.3978627e-02
-9.3720593e-02
-1.4950566e+00
-1.2262170e+00
-1.7019126e+00
-1.8074763e+00
-4.5772783e-02
-2.0316060e+00
8.9791507e-02
-1.3892069e+00
-6.7409176e-01
-9.2022383e-01
9.5972252e-01
2.1534064e+00
1.6148775e+00
5.1783843e+00
7.2255926e+00
-2.1146923e-01
-1.1350051e+00
-1.1395468e+00
-6.5522206e-01
-1.0109957e+00
2.5407457e+00
2.8118317e+00
3.2123399e+00
2.7966409e+00
7.4070988e+00
-5.4874820e-01
-4.7074323e+00
3.1697376e+00
2.4552667e+00
-3.8997790e-01
-4.8286052e+00
8.8702172e-06
-6.2483134e+00
-6.4293675e+00
-6.2528286e+00
-5.6190224e+00
-4.4771159e-01
1.6702880e+00
1.6121299e+00
-3.1489363e+00
-5.0205331e+00
-1.6119345e-01
-8.7807618e-02
-3.9655194e-02
-1.7002938e-02
-7.2446717e-03
1.2644174e-03
-1.0671649e-02
2.3259105e-02
-8.4340885e-02
-9.6674459e-03
8.4857194e-04
-1.1991405e+00
3.1118371e+00
3.0696013e+00
3.5894837e+00
1.5930201e+00
8.5369718e-01
9.3682975e-01
8.5150963e-01
5.4603348e+00
-1.8758818e+00
-8.3773971e-01
-4.0727188e-03
1.0896886e-03
-2.2270943e-03
3.4023004e-04
-1.0699865e-03
3.0583353e+00
4.2922581e-03
1.8590199e-02
-1.4954169e-03
-6.1179762e-04
-2.5529775e-04
2.8896347e-05
3.1538951e+00
8.0115490e+00
-1.6091896e+00
2.4104364e+00
2.7665967e-01
-6.3030456e-07
-4.1503191e-02
-3.6950905e-02
-1.8695887e-02
-7.2282944e-03
-1.8174873e-03
-2.2164365e-02
-8.9893952e-02
-8.9977626e-03
-5.3980760e-04
8.0336118e-03
-5.7136882e-03
9.9038493e-07
-2.2410255e-02
8.7949252e-07
2.7361737e-06
3.9574825e-05
-2.3927054e-05
6.1786719e-05
1.0089017e-04
1.8202940e-04
7.9977399e-05
3.3585151e-04
8.1865881e-05
5.9461594e-04
-4.0433344e-05
1.0274894e-03
-3.1344118e-04
1.9224110e-03
-7.4047549e-04
-2.5767605e-03
1.4024945e-03
1.6723006e-04
5.8969126e-05
-5.1886954e+00
-1.3320691e-04
-1.3286121e-04
-5.7409514e-05
-5.5838545e-04
-9.6570111e-05
-2.7075328e-05
-6.0119688e-05
-1.3127475e-05
-9.5190817e-06
-1.1012477e-05
2.1235757e-05
-1.5332470e-04
3.2157990e-05
1.0175084e-05
-4.2054521e-06
3.4981797e+00
3.6169050e+00
4.3870237e-05
7.2689950e-06
5.6851850e-06
3.0736063e+00
-2.1399997e-02
2.2763497e-06
3.4860591e-04
3.7100337e+00
-4.3150835e+00
-8.1725074e-07
-3.8257976e+00
-3.4922247e+00
-4.4229655e+00
3.0849953e+00
2.6700275e-03
5.3615917e-02
-1.7873330e-06
1.1309803e-03
-1.3085379e-01
-1.4337063e+00
3.2546794e+00
-1.9068147e-01
-8.6324131e-01
1.5523633e-02
-3.9193449e+00
6.4012475e-02
7.6554661e-06
4.9747362e+00
3.6265903e+00
-4.4103518e+00
-3.2156051e-05
3.0768898e-01
3.1578836e+00
3.0069790e+00
3.1557293e+00
3.0356393e+00
-6.0863724e+00
-1.4267195e+00
7.2118302e-05
-3.5751789e+00
3.0057666e+00
2.0260828e+00
-3.3998344e-04
1.5065352e-06
-1.5643714e-02
-9.8535731e-02
-1.5657378e+00
-2.1484852e+00
-2.1487703e+00
5.7056313e+00
-9.2274964e-01
-3.5658951e+00
-4.6116088e-06
1.4931715e+00
-2.2706827e-07
-2.2500055e+00
-7.7570068e-05
1.8976143e-01
1.1739371e-05
3.2102535e+00
3.8231230e+00
-2.5654993e+00
-4.0524635e+00
-1.3913312e+00
3.2261395e+00
-1.2695464e+00
-5.4263189e-03
-4.1917971e-01
-3.8736573e-01
2.2766968e-04
4.2264290e+00
-5.5325394e+00
-2.3050014e-04
3.3907037e+00
4.1011753e+00
-5.6120262e+00
-1.5523474e+00
-9.0681356e-01
-2.9238899e+00
-1.9181106e+00
-2.5595477e+00
-4.2825985e+00
5.1773214e+00
-2.6885703e+00
2.6540594e+00
-5.8352895e+00
-2.9053956e-01
-1.7014295e+00
4.2786317e+00
3.6490064e+00
-4.8706359e-03
-3.9004896e+00
7.5738037e-01
1.4942353e+00
-7.6044369e-01
3.7996834e-03
-2.7673857e+00
2.8517056e+00
4.1700268e-01
-1.3338729e+00
3.2367132e+00
-2.9363111e-01
-1.5339349e-01
7.5382233e+00
3.7947838e+00
-5.2460382e-04
1.8986050e+00
-2.2697937e+00
1.4060063e+00
-2.1983199e-04
9.8262848e-03
-5.4051323e+00
-4.2635498e+00
-3.5852271e-01
-1.1182337e+00
2.7735059e+00
-7.2927266e-01
-1.4905730e+00
5.0720412e-01
1.3679578e+00
6.8661051e+00
6.5586155e-06
-1.1812869e-03
-7.6176322e-01
3.2751672e+00
-4.1043739e+00
-6.1903381e+00
4.0441328e-01
-1.4449226e-05
-3.3868372e+00
5.1883245e+00
8.4561378e-02
-4.9550390e+00
2.9217510e+00
6.1479759e+00
-5.8246434e-01
-2.3958264e-03
-4.1140633e+00
-3.6298766e+00
-4.8931484e+00
1.3749518e+00
1.7165257e-02
3.0147049e+00
5.1003713e-02
5.4598808e+00
-4.4327126e+00
-3.3524942e-05
3.2064717e+00
-3.4608908e+00
-3.8427432e+00
3.6324909e+00
-1.5642238e+00
-3.6361930e+00
-3.8368547e+00
-6.3114845e-07
-4.3862877e+00
3.0293350e+00
-4.6686802e+00
3.0285680e+00
1.1720729e-02
2.7526495e+00
2.9616606e+00
-1.9612859e+00
-5.8911200e+00
-3.2713108e-06
-9.2828274e-01
4.3886409e+00
-3.2700112e+00
1.3458164e-06
-2.0822291e+00
-5.5747911e-05
2.3548374e-02
-2.0977843e+00
-2.6859809e-06
-3.0219769e+00
-4.0775237e+00
-2.0507722e-04
-5.0875721e+00
-2.2885163e+00
1.1910871e+00
-5.3017302e+00
7.0615566e-01
2.1226995e-02
-1.3936925e+00
-5.5501472e-02
-1.3136680e+00
5.7281941e-01
-4.1840096e+00
2.7512319e+00
-2.5272875e+00
3.3339632e+00
-3.8477743e+00
2.9987633e+00
2.4817986e-02
2.0861149e+00
2.9293628e+00
-4.7132082e-02
-4.6891524e-05
4.8729692e+00
-4.6839666e+00
-5.6950331e-01
-3.7998426e-01
-4.3450646e+00
-1.6277620e+00
-3.3774552e-01
-1.3718694e+00
3.8248673e-02
-4.1400652e+00
6.8266213e-01
-1.4945599e+00
3.9808025e+00
-5.4991174e+00
-5.5047488e+00
3.2034965e+00
-2.9055691e-01
2.4956212e+00
1.5796003e-06
2.7411358e+00
2.4172647e+00
-3.4605875e+00
3.6719918e+00
1.1880754e+00
3.3817272e+00
-1.5799482e-05
-1.0982680e+00
-2.4858010e+00
-3.4287388e+00
-3.3322673e+00
-5.8810492e+00
-5.3857464e-01
-4.1678085e+00
CELL_DATA 1766
FIELD FieldData 0
