# vtk DataFile Version 4.0
vtk output
ASCII
DATASET UNSTRUCTURED_GRID
POINTS 945 float
0.0000000e+00 0.0000000e+00 0.0000000e+00 
2.0000000e+00 0.0000000e+00 0.0000000e+00 
2.0000000e+00 6.0000002e-01 0.0000000e+00 
0.0000000e+00 6.0000002e-01 0.0000000e+00 
5.6000000e-01 3.0000001e-01 0.0000000e+00 
5.5884713e-01 2.8829461e-01 0.0000000e+00 
5.5543280e-01 2.7703899e-01 0.0000000e+00 
5.4988819e-01 2.6666579e-01 0.0000000e+00 
5.4242641e-01 2.5757360e-01 0.0000000e+00 
5.3333420e-01 2.5011179e-01 0.0000000e+00 
5.2296102e-01 2.4456720e-01 0.0000000e+00 
5.1170540e-01 2.4115290e-01 0.0000000e+00 
5.0000000e-01 2.3999999e-01 0.0000000e+00 
4.8829460e-01 2.4115290e-01 0.0000000e+00 
4.7703901e-01 2.4456720e-01 0.0000000e+00 
4.6666580e-01 2.5011179e-01 0.0000000e+00 
4.5757359e-01 2.5757360e-01 0.0000000e+00 
4.5011181e-01 2.6666579e-01 0.0000000e+00 
4.4456720e-01 2.7703899e-01 0.0000000e+00 
4.4115290e-01 2.8829461e-01 0.0000000e+00 
4.4000000e-01 3.0000001e-01 0.0000000e+00 
4.4115290e-01 3.1170541e-01 0.0000000e+00 
4.4456720e-01 3.2296100e-01 0.0000000e+00 
4.5011181e-01 3.3333421e-01 0.0000000e+00 
4.5757359e-01 3.4242639e-01 0.0000000e+00 
4.6666580e-01 3.4988821e-01 0.0000000e+00 
4.7703901e-01 3.5543281e-01 0.0000000e+00 
4.8829460e-01 3.5884711e-01 0.0000000e+00 
5.0000000e-01 3.6000001e-01 0.0000000e+00 
5.1170540e-01 3.5884711e-01 0.0000000e+00 
5.2296102e-01 3.5543281e-01 0.0000000e+00 
5.3333420e-01 3.4988821e-01 0.0000000e+00 
5.4242641e-01 3.4242639e-01 0.0000000e+00 
5.4988819e-01 3.3333421e-01 0.0000000e+00 
5.5543280e-01 3.2296100e-01 0.0000000e+00 
5.5884713e-01 3.1170541e-01 0.0000000e+00 
5.9016321e-02 0.0000000e+00 0.0000000e+00 
1.1803260e-01 0.0000000e+00 0.0000000e+00 
1.7704900e-01 0.0000000e+00 0.0000000e+00 
2.3587100e-01 0.0000000e+00 0.0000000e+00 
2.9085249e-01 0.0000000e+00 0.0000000e+00 
3.4144861e-01 0.0000000e+00 0.0000000e+00 
3.8872591e-01 0.0000000e+00 0.0000000e+00 
4.3368599e-01 0.0000000e+00 0.0000000e+00 
4.7725680e-01 0.0000000e+00 0.0000000e+00 
5.2034539e-01 0.0000000e+00 0.0000000e+00 
5.6386721e-01 0.0000000e+00 0.0000000e+00 
6.0872579e-01 0.0000000e+00 0.0000000e+00 
6.5584701e-01 0.0000000e+00 0.0000000e+00 
7.0623368e-01 0.0000000e+00 0.0000000e+00 
7.6094180e-01 0.0000000e+00 0.0000000e+00 
8.1967372e-01 0.0000000e+00 0.0000000e+00 
8.7868989e-01 0.0000000e+00 0.0000000e+00 
9.3770629e-01 0.0000000e+00 0.0000000e+00 
9.9672258e-01 0.0000000e+00 0.0000000e+00 
1.0557390e+00 0.0000000e+00 0.0000000e+00 
1.1147550e+00 0.0000000e+00 0.0000000e+00 
1.1737720e+00 0.0000000e+00 0.0000000e+00 
1.2327880e+00 0.0000000e+00 0.0000000e+00 
1.2918040e+00 0.0000000e+00 0.0000000e+00 
1.3508210e+00 0.0000000e+00 0.0000000e+00 
1.4098370e+00 0.0000000e+00 0.0000000e+00 
1.4688530e+00 0.0000000e+00 0.0000000e+00 
1.5278690e+00 0.0000000e+00 0.0000000e+00 
1.5868860e+00 0.0000000e+00 0.0000000e+00 
1.6459020e+00 0.0000000e+00 0.0000000e+00 
1.7049180e+00 0.0000000e+00 0.0000000e+00 
1.7639350e+00 0.0000000e+00 0.0000000e+00 
1.8229510e+00 0.0000000e+00 0.0000000e+00 
1.8819669e+00 0.0000000e+00 0.0000000e+00 
1.9409840e+00 0.0000000e+00 0.0000000e+00 
2.0000000e+00 5.9999999e-02 0.0000000e+00 
2.0000000e+00 1.2000000e-01 0.0000000e+00 
2.0000000e+00 1.8000001e-01 0.0000000e+00 
2.0000000e+00 2.3999999e-01 0.0000000e+00 
2.0000000e+00 3.0000001e-01 0.0000000e+00 
2.0000000e+00 3.6000001e-01 0.0000000e+00 
2.0000000e+00 4.1999999e-01 0.0000000e+00 
2.0000000e+00 4.7999999e-01 0.0000000e+00 
2.0000000e+00 5.4000002e-01 0.0000000e+00 
1.9409840e+00 6.0000002e-01 0.0000000e+00 
1.8819669e+00 6.0000002e-01 0.0000000e+00 
1.8229510e+00 6.0000002e-01 0.0000000e+00 
1.7639350e+00 6.0000002e-01 0.0000000e+00 
1.7049180e+00 6.0000002e-01 0.0000000e+00 
1.6459020e+00 6.0000002e-01 0.0000000e+00 
1.5868860e+00 6.0000002e-01 0.0000000e+00 
1.5278690e+00 6.0000002e-01 0.0000000e+00 
1.4688530e+00 6.0000002e-01 0.0000000e+00 
1.4098370e+00 6.0000002e-01 0.0000000e+00 
1.3508210e+00 6.0000002e-01 0.0000000e+00 
1.2918040e+00 6.0000002e-01 0.0000000e+00 
1.2327880e+00 6.0000002e-01 0.0000000e+00 
1.1737720e+00 6.0000002e-01 0.0000000e+00 
1.1147550e+00 6.0000002e-01 0.0000000e+00 
1.0557390e+00 6.0000002e-01 0.0000000e+00 
9.9672258e-01 6.0000002e-01 0.0000000e+00 
9.3770629e-01 6.0000002e-01 0.0000000e+00 
8.7868989e-01 6.0000002e-01 0.0000000e+00 
8.1967372e-01 6.0000002e-01 0.0000000e+00 
7.6094180e-01 6.0000002e-01 0.0000000e+00 
7.0623368e-01 6.0000002e-01 0.0000000e+00 
6.5584701e-01 6.0000002e-01 0.0000000e+00 
6.0872579e-01 6.0000002e-01 0.0000000e+00 
5.6386721e-01 6.0000002e-01 0.0000000e+00 
5.2034539e-01 6.0000002e-01 0.0000000e+00 
4.7725680e-01 6.0000002e-01 0.0000000e+00 
4.3368599e-01 6.0000002e-01 0.0000000e+00 
3.8872591e-01 6.0000002e-01 0.0000000e+00 
3.4144861e-01 6.0000002e-01 0.0000000e+00 
2.9085249e-01 6.0000002e-01 0.0000000e+00 
2.3587100e-01 6.0000002e-01 0.0000000e+00 
1.7704900e-01 6.0000002e-01 0.0000000e+00 
1.1803260e-01 6.0000002e-01 0.0000000e+00 
5.9016321e-02 6.0000002e-01 0.0000000e+00 
0.0000000e+00 5.4000002e-01 0.0000000e+00 
0.0000000e+00 4.7999999e-01 0.0000000e+00 
0.0000000e+00 4.1999999e-01 0.0000000e+00 
0.0000000e+00 3.6000001e-01 0.0000000e+00 
0.0000000e+00 3.0000001e-01 0.0000000e+00 
0.0000000e+00 2.3999999e-01 0.0000000e+00 
0.0000000e+00 1.8000001e-01 0.0000000e+00 
0.0000000e+00 1.2000000e-01 0.0000000e+00 
0.0000000e+00 5.9999999e-02 0.0000000e+00 
4.3026751e-01 3.0683401e-01 0.0000000e+00 
8.4908241e-01 5.5269438e-01 0.0000000e+00 
7.8790653e-01 5.1802918e-02 0.0000000e+00 
1.1430219e+00 5.0576471e-02 0.0000000e+00 
1.4415160e+00 5.0573289e-02 0.0000000e+00 
1.6754100e+00 5.5038619e-01 0.0000000e+00 
2.6041579e-01 5.2875768e-02 0.0000000e+00 
9.6895182e-01 5.0380111e-02 0.0000000e+00 
2.6302171e-01 5.5612308e-01 0.0000000e+00 
5.5065349e-02 2.6500449e-01 0.0000000e+00 
1.2615570e+00 5.4759312e-01 0.0000000e+00 
1.0253479e+00 5.4886931e-01 0.0000000e+00 
1.6201590e+00 5.4130111e-02 0.0000000e+00 
1.4979730e+00 5.5115038e-01 0.0000000e+00 
6.7900127e-01 5.5979192e-01 0.0000000e+00 
1.9463980e+00 2.6800990e-01 0.0000000e+00 
6.3145077e-01 3.8099781e-02 0.0000000e+00 
4.1331020e-01 5.6811810e-01 0.0000000e+00 
4.1231820e-01 3.8809739e-02 0.0000000e+00 
5.4410732e-01 5.6000441e-01 0.0000000e+00 
1.7962800e+00 5.9606131e-02 0.0000000e+00 
5.4468262e-01 3.7558820e-02 0.0000000e+00 
4.9130220e-02 3.9247900e-01 0.0000000e+00 
1.9509200e+00 3.8997239e-01 0.0000000e+00 
1.3233820e+00 4.9667731e-02 0.0000000e+00 
1.3821890e+00 5.4839480e-01 0.0000000e+00 
1.1434870e+00 5.4837209e-01 0.0000000e+00 
1.7959980e+00 5.4855859e-01 0.0000000e+00 
4.9401909e-02 1.5067521e-01 0.0000000e+00 
1.4989950e-01 5.5529898e-01 0.0000000e+00 
1.9519399e+00 1.5339760e-01 0.0000000e+00 
1.4754079e-01 5.1025499e-02 0.0000000e+00 
1.9506550e+00 5.1069498e-01 0.0000000e+00 
1.9114760e+00 5.1109631e-02 0.0000000e+00 
4.9216151e-02 5.0927132e-01 0.0000000e+00 
5.8710063e-01 3.6655251e-02 0.0000000e+00 
6.0428280e-01 7.4787550e-02 0.0000000e+00 
6.4929068e-01 7.4443869e-02 0.0000000e+00 
6.2715179e-01 1.0633790e-01 0.0000000e+00 
5.9329480e-01 1.0799770e-01 0.0000000e+00 
6.0949302e-01 1.3488390e-01 0.0000000e+00 
6.4123279e-01 1.3555969e-01 0.0000000e+00 
6.2006623e-01 1.6328260e-01 0.0000000e+00 
6.5316749e-01 1.6381399e-01 0.0000000e+00 
6.3351321e-01 1.8958050e-01 0.0000000e+00 
6.6427898e-01 1.8941709e-01 0.0000000e+00 
6.4933020e-01 2.1180780e-01 0.0000000e+00 
6.7645937e-01 2.1359310e-01 0.0000000e+00 
6.6097301e-01 2.3410480e-01 0.0000000e+00 
6.8796802e-01 2.3757669e-01 0.0000000e+00 
6.7103261e-01 2.5876111e-01 0.0000000e+00 
6.9990993e-01 2.6214910e-01 0.0000000e+00 
6.8101048e-01 2.8387409e-01 0.0000000e+00 
7.1248281e-01 2.8716281e-01 0.0000000e+00 
7.2971261e-01 2.6349890e-01 0.0000000e+00 
7.4486363e-01 2.9076719e-01 0.0000000e+00 
6.9556361e-01 3.0985960e-01 0.0000000e+00 
7.6406652e-01 2.6318431e-01 0.0000000e+00 
7.8114778e-01 2.9619500e-01 0.0000000e+00 
5.5403137e-01 2.5565761e-01 0.0000000e+00 
5.6691158e-01 2.7902979e-01 0.0000000e+00 
8.0246252e-01 2.6402649e-01 0.0000000e+00 
8.2167560e-01 3.0103979e-01 0.0000000e+00 
5.7978672e-01 1.3316999e-01 0.0000000e+00 
6.9627529e-01 1.8651520e-01 0.0000000e+00 
8.4832448e-01 2.6130950e-01 0.0000000e+00 
8.6857778e-01 3.0716091e-01 0.0000000e+00 
6.6883779e-01 3.0851370e-01 0.0000000e+00 
6.8001598e-01 3.3176759e-01 0.0000000e+00 
5.6956083e-01 3.0685109e-01 0.0000000e+00 
8.9643359e-01 2.6652190e-01 0.0000000e+00 
9.1803229e-01 3.1445420e-01 0.0000000e+00 
9.4838840e-01 2.6944679e-01 0.0000000e+00 
9.7196358e-01 3.1528941e-01 0.0000000e+00 
1.0020620e+00 2.7188951e-01 0.0000000e+00 
1.0263140e+00 3.1974381e-01 0.0000000e+00 
1.0557370e+00 2.7577680e-01 0.0000000e+00 
6.5179992e-01 3.3081001e-01 0.0000000e+00 
6.6418201e-01 3.5163379e-01 0.0000000e+00 
6.8745148e-01 3.5866591e-01 0.0000000e+00 
6.4083183e-01 3.5175639e-01 0.0000000e+00 
6.5020132e-01 3.7057751e-01 0.0000000e+00 
6.2925631e-01 3.6861771e-01 0.0000000e+00 
6.3750827e-01 3.8906679e-01 0.0000000e+00 
6.1479098e-01 3.8505989e-01 0.0000000e+00 
6.2451601e-01 4.0700281e-01 0.0000000e+00 
6.0271370e-01 4.0461549e-01 0.0000000e+00 
6.4791143e-01 4.1049060e-01 0.0000000e+00 
6.1149168e-01 4.2533240e-01 0.0000000e+00 
5.8940130e-01 4.2314041e-01 0.0000000e+00 
5.4590571e-01 3.5405469e-01 0.0000000e+00 
5.5933821e-01 3.3214769e-01 0.0000000e+00 
1.0820900e+00 3.2265610e-01 0.0000000e+00 
1.1129040e+00 2.7988619e-01 0.0000000e+00 
1.1385900e+00 3.3131590e-01 0.0000000e+00 
1.1718310e+00 2.8342861e-01 0.0000000e+00 
5.9854919e-01 4.4447681e-01 0.0000000e+00 
5.7566178e-01 4.4153079e-01 0.0000000e+00 
8.0048358e-01 3.3398119e-01 0.0000000e+00 
1.1962050e+00 3.3624330e-01 0.0000000e+00 
1.2286429e+00 2.8668931e-01 0.0000000e+00 
1.2540359e+00 3.3862561e-01 0.0000000e+00 
1.2863950e+00 2.8994620e-01 0.0000000e+00 
6.1140192e-01 1.8628950e-01 0.0000000e+00 
1.3121480e+00 3.4238011e-01 0.0000000e+00 
1.3446890e+00 2.9366851e-01 0.0000000e+00 
1.3705840e+00 3.4558439e-01 0.0000000e+00 
1.4032860e+00 2.9774809e-01 0.0000000e+00 
6.4617378e-01 3.0788270e-01 0.0000000e+00 
1.4291511e+00 3.4956750e-01 0.0000000e+00 
1.4618640e+00 3.0163100e-01 0.0000000e+00 
1.4877310e+00 3.5457411e-01 0.0000000e+00 
1.5206050e+00 3.0603161e-01 0.0000000e+00 
1.5464530e+00 3.5889450e-01 0.0000000e+00 
1.5793800e+00 3.1008351e-01 0.0000000e+00 
5.6763572e-01 4.1851109e-01 0.0000000e+00 
5.5408603e-01 4.3793961e-01 0.0000000e+00 
5.2029008e-01 3.6688760e-01 0.0000000e+00 
9.4794089e-01 3.6647639e-01 0.0000000e+00 
8.7384099e-01 2.2074890e-01 0.0000000e+00 
6.3348472e-01 2.3041780e-01 0.0000000e+00 
7.8118002e-01 2.2578520e-01 0.0000000e+00 
1.6052290e+00 3.6304700e-01 0.0000000e+00 
1.6382140e+00 3.1413361e-01 0.0000000e+00 
1.6641290e+00 3.6722910e-01 0.0000000e+00 
1.6971480e+00 3.1819481e-01 0.0000000e+00 
1.6712240e+00 2.6505721e-01 0.0000000e+00 
1.7302210e+00 2.6912081e-01 0.0000000e+00 
1.5534170e+00 2.5684619e-01 0.0000000e+00 
6.7181969e-01 1.4093800e-01 0.0000000e+00 
5.8596748e-01 4.6394360e-01 0.0000000e+00 
1.7230920e+00 3.7133509e-01 0.0000000e+00 
1.3771909e+00 2.4454120e-01 0.0000000e+00 
6.2249678e-01 4.4700289e-01 0.0000000e+00 
1.2033920e+00 2.3449400e-01 0.0000000e+00 
1.0287880e+00 2.3015590e-01 0.0000000e+00 
5.4669750e-01 4.1895449e-01 0.0000000e+00 
5.3373671e-01 4.3515179e-01 0.0000000e+00 
5.4073101e-01 4.5481020e-01 0.0000000e+00 
5.1996583e-01 4.5137540e-01 0.0000000e+00 
5.1387292e-01 4.2921981e-01 0.0000000e+00 
4.9935541e-01 4.4742331e-01 0.0000000e+00 
4.5565760e-01 3.5403141e-01 0.0000000e+00 
4.9349809e-01 4.2846820e-01 0.0000000e+00 
4.7935709e-01 4.4358870e-01 0.0000000e+00 
4.7970989e-01 3.6688760e-01 0.0000000e+00 
4.8592600e-01 4.6396780e-01 0.0000000e+00 
4.6443069e-01 4.5930001e-01 0.0000000e+00 
4.5825541e-01 4.3536639e-01 0.0000000e+00 
4.4286779e-01 4.5335940e-01 0.0000000e+00 
4.3592349e-01 4.3169260e-01 0.0000000e+00 
4.2123440e-01 4.4813421e-01 0.0000000e+00 
4.1462469e-01 4.2622849e-01 0.0000000e+00 
4.3825611e-01 3.3387709e-01 0.0000000e+00 
3.9864141e-01 4.4291711e-01 0.0000000e+00 
3.9200109e-01 4.1997111e-01 0.0000000e+00 
3.7504819e-01 4.3754801e-01 0.0000000e+00 
3.6926591e-01 4.1456231e-01 0.0000000e+00 
3.5052001e-01 4.3156540e-01 0.0000000e+00 
3.4640020e-01 4.0321410e-01 0.0000000e+00 
3.2338160e-01 4.2558259e-01 0.0000000e+00 
3.1625420e-01 3.9745620e-01 0.0000000e+00 
3.3599329e-01 3.7658459e-01 0.0000000e+00 
3.0888751e-01 3.6996761e-01 0.0000000e+00 
3.2846531e-01 3.5015899e-01 0.0000000e+00 
3.0453789e-01 3.4228960e-01 0.0000000e+00 
3.2241219e-01 3.2376000e-01 0.0000000e+00 
2.9612821e-01 3.1610900e-01 0.0000000e+00 
3.1577420e-01 2.9729351e-01 0.0000000e+00 
2.8885421e-01 2.8886101e-01 0.0000000e+00 
3.0968001e-01 2.6928011e-01 0.0000000e+00 
2.8137040e-01 2.6060769e-01 0.0000000e+00 
2.8570160e-01 3.8790971e-01 0.0000000e+00 
3.0315241e-01 2.4067999e-01 0.0000000e+00 
3.3230671e-01 2.5245121e-01 0.0000000e+00 
3.2487640e-01 2.2290690e-01 0.0000000e+00 
3.5372531e-01 2.3027760e-01 0.0000000e+00 
4.3461740e-01 2.7961159e-01 0.0000000e+00 
3.4512779e-01 2.0528039e-01 0.0000000e+00 
3.6950600e-01 2.1069451e-01 0.0000000e+00 
2.6638910e-01 3.1392881e-01 0.0000000e+00 
2.7405229e-01 2.3109850e-01 0.0000000e+00 
3.6342499e-01 1.8842390e-01 0.0000000e+00 
3.8558939e-01 1.9589300e-01 0.0000000e+00 
4.4520050e-01 2.5469631e-01 0.0000000e+00 
3.8103029e-01 1.7263541e-01 0.0000000e+00 
4.0200421e-01 1.8057050e-01 0.0000000e+00 
4.9249741e-01 2.2787590e-01 0.0000000e+00 
4.6605590e-01 2.3826469e-01 0.0000000e+00 
3.3931601e-01 1.7988220e-01 0.0000000e+00 
3.8745371e-01 3.9799151e-01 0.0000000e+00 
3.5741779e-01 2.5419459e-01 0.0000000e+00 
3.5627639e-01 4.5751181e-01 0.0000000e+00 
3.4765261e-01 3.3191890e-01 0.0000000e+00 
3.9811629e-01 1.5518570e-01 0.0000000e+00 
4.2193061e-01 1.6662900e-01 0.0000000e+00 
3.7476501e-01 1.4610679e-01 0.0000000e+00 
3.9139041e-01 2.1633980e-01 0.0000000e+00 
2.5018540e-01 2.5338060e-01 0.0000000e+00 
2.4227400e-01 2.1673180e-01 0.0000000e+00 
2.1296521e-01 2.4632980e-01 0.0000000e+00 
2.0310380e-01 2.0643540e-01 0.0000000e+00 
4.7074649e-01 4.8204380e-01 0.0000000e+00 
4.9385741e-01 4.8678511e-01 0.0000000e+00 
4.1766569e-01 1.3875820e-01 0.0000000e+00 
4.3951231e-01 1.4885530e-01 0.0000000e+00 
4.4284999e-01 1.6929220e-01 0.0000000e+00 
4.6074921e-01 1.5907930e-01 0.0000000e+00 
4.5701310e-01 1.3411739e-01 0.0000000e+00 
4.7804150e-01 1.4308280e-01 0.0000000e+00 
4.8207700e-01 1.6432039e-01 0.0000000e+00 
5.2000839e-01 2.3249920e-01 0.0000000e+00 
4.7522539e-01 1.1890660e-01 0.0000000e+00 
4.9824399e-01 1.5124670e-01 0.0000000e+00 
5.0239080e-01 1.7379840e-01 0.0000000e+00 
4.0624869e-01 4.6688080e-01 0.0000000e+00 
4.2919409e-01 4.1243970e-01 0.0000000e+00 
6.2043011e-01 3.4884781e-01 0.0000000e+00 
1.7042540e+00 2.1590130e-01 0.0000000e+00 
1.7632940e+00 2.2000070e-01 0.0000000e+00 
5.9477502e-01 3.8850871e-01 0.0000000e+00 
1.1047130e+00 3.7971979e-01 0.0000000e+00 
5.5632508e-01 4.0331629e-01 0.0000000e+00 
5.1673311e-01 1.5979400e-01 0.0000000e+00 
5.1686460e-01 1.3875850e-01 0.0000000e+00 
5.2089018e-01 1.7866670e-01 0.0000000e+00 
2.3531640e-01 1.7608330e-01 0.0000000e+00 
4.8605490e-01 1.8340071e-01 0.0000000e+00 
1.2225550e+00 3.8796490e-01 0.0000000e+00 
1.7893510e+00 2.7321759e-01 0.0000000e+00 
5.0436419e-01 4.1349870e-01 0.0000000e+00 
4.8793069e-01 4.1161671e-01 0.0000000e+00 
1.3432890e+00 3.9487341e-01 0.0000000e+00 
4.9844569e-01 3.9902619e-01 0.0000000e+00 
5.1288861e-01 4.0051869e-01 0.0000000e+00 
4.7826111e-01 5.0721961e-01 0.0000000e+00 
1.5723439e+00 4.1086179e-01 0.0000000e+00 
5.6928509e-01 1.1216540e-01 0.0000000e+00 
5.3438342e-01 1.6713411e-01 0.0000000e+00 
5.3660733e-01 1.8530799e-01 0.0000000e+00 
5.5097228e-01 1.7492341e-01 0.0000000e+00 
5.5329382e-01 1.9238080e-01 0.0000000e+00 
1.4477730e+00 4.0997440e-01 0.0000000e+00 
1.7183121e-01 2.3577370e-01 0.0000000e+00 
1.8385801e-01 2.7833050e-01 0.0000000e+00 
4.5149651e-01 1.1040960e-01 0.0000000e+00 
4.7247219e-01 9.1955133e-02 0.0000000e+00 
1.9255680e-01 1.6331930e-01 0.0000000e+00 
4.5135620e-01 5.0161749e-01 0.0000000e+00 
1.8225530e+00 2.2401039e-01 0.0000000e+00 
5.2494282e-01 1.9506520e-01 0.0000000e+00 
1.7372680e+00 1.6678140e-01 0.0000000e+00 
1.6782570e+00 1.6271511e-01 0.0000000e+00 
1.6900350e+00 4.2038351e-01 0.0000000e+00 
1.7490560e+00 4.2454061e-01 0.0000000e+00 
4.8329440e-01 3.9614201e-01 0.0000000e+00 
4.7259709e-01 4.0761891e-01 0.0000000e+00 
4.6829471e-01 3.9267531e-01 0.0000000e+00 
1.7821480e+00 3.7544200e-01 0.0000000e+00 
1.8081650e+00 4.2873210e-01 0.0000000e+00 
5.6767190e-01 1.8248910e-01 0.0000000e+00 
5.6965590e-01 1.9964610e-01 0.0000000e+00 
5.5310482e-01 2.0997940e-01 0.0000000e+00 
5.7153863e-01 2.1648981e-01 0.0000000e+00 
5.5832732e-01 2.2570750e-01 0.0000000e+00 
5.7294083e-01 2.3188220e-01 0.0000000e+00 
5.8571517e-01 2.2277141e-01 0.0000000e+00 
5.8722973e-01 2.3849240e-01 0.0000000e+00 
2.2661661e-01 1.3415439e-01 0.0000000e+00 
2.6798990e-01 1.4730521e-01 0.0000000e+00 
1.7105891e+00 1.1396340e-01 0.0000000e+00 
5.9993339e-01 2.2935030e-01 0.0000000e+00 
6.0129720e-01 2.4530940e-01 0.0000000e+00 
5.8868867e-01 2.5420901e-01 0.0000000e+00 
6.0235012e-01 2.6110700e-01 0.0000000e+00 
1.8387530e+00 3.7525591e-01 0.0000000e+00 
5.4489303e-01 2.2099259e-01 0.0000000e+00 
4.5784310e-01 5.2955812e-01 0.0000000e+00 
5.1062381e-01 5.1103139e-01 0.0000000e+00 
4.9833831e-01 1.0296860e-01 0.0000000e+00 
1.8639690e+00 4.2541769e-01 0.0000000e+00 
4.9523690e-01 7.3985048e-02 0.0000000e+00 
1.3844220e-01 2.6736441e-01 0.0000000e+00 
1.5088230e-01 3.1097111e-01 0.0000000e+00 
1.2641050e-01 2.2494370e-01 0.0000000e+00 
2.0287590e-01 3.2045639e-01 0.0000000e+00 
1.6756350e-01 3.5410741e-01 0.0000000e+00 
2.1099889e-01 3.6507410e-01 0.0000000e+00 
1.8053800e-01 3.9719370e-01 0.0000000e+00 
2.2913329e-01 4.0715241e-01 0.0000000e+00 
1.9421770e-01 4.3993911e-01 0.0000000e+00 
2.3865750e-01 4.5007020e-01 0.0000000e+00 
1.4811151e-01 4.3034700e-01 0.0000000e+00 
5.9036589e-01 2.6973200e-01 0.0000000e+00 
6.0372931e-01 2.7649191e-01 0.0000000e+00 
6.1619169e-01 2.6624000e-01 0.0000000e+00 
5.9138829e-01 2.8492469e-01 0.0000000e+00 
6.0468042e-01 2.9163459e-01 0.0000000e+00 
1.8453060e+00 2.7996099e-01 0.0000000e+00 
2.0954210e-01 4.8537201e-01 0.0000000e+00 
4.6530190e-01 6.3733928e-02 0.0000000e+00 
5.9247959e-01 2.9992181e-01 0.0000000e+00 
6.0560697e-01 3.0666059e-01 0.0000000e+00 
5.9351093e-01 3.1494951e-01 0.0000000e+00 
6.0633099e-01 3.2174519e-01 0.0000000e+00 
5.9430778e-01 3.2937449e-01 0.0000000e+00 
4.9347320e-01 3.8454881e-01 0.0000000e+00 
5.5062449e-01 1.5674770e-01 0.0000000e+00 
4.5774269e-01 4.0380031e-01 0.0000000e+00 
4.5300320e-01 3.8926181e-01 0.0000000e+00 
5.2078158e-01 8.5589677e-02 0.0000000e+00 
5.2809721e-01 4.7261381e-01 0.0000000e+00 
5.4998982e-01 4.7740239e-01 0.0000000e+00 
1.1647230e-01 3.4303319e-01 0.0000000e+00 
5.4025501e-01 4.0216339e-01 0.0000000e+00 
5.4931629e-01 3.8893181e-01 0.0000000e+00 
5.6429678e-01 3.8917771e-01 0.0000000e+00 
5.5815691e-01 3.7613159e-01 0.0000000e+00 
5.3233409e-01 3.8730109e-01 0.0000000e+00 
6.1810511e-01 2.9840681e-01 0.0000000e+00 
5.4633558e-01 2.3408321e-01 0.0000000e+00 
1.7233150e+00 4.7115931e-01 0.0000000e+00 
1.6544410e+00 4.6960419e-01 0.0000000e+00 
5.9817278e-01 2.1342160e-01 0.0000000e+00 
5.7312608e-01 3.7630349e-01 0.0000000e+00 
5.6664068e-01 3.6344349e-01 0.0000000e+00 
5.8089459e-01 3.6333910e-01 0.0000000e+00 
5.7436389e-01 3.5058859e-01 0.0000000e+00 
5.8890998e-01 3.5140380e-01 0.0000000e+00 
5.9597099e-01 3.6360300e-01 0.0000000e+00 
1.8871840e+00 2.3216370e-01 0.0000000e+00 
1.8613670e+00 1.6699770e-01 0.0000000e+00 
5.8043772e-01 3.2325599e-01 0.0000000e+00 
1.8341640e-01 1.2044960e-01 0.0000000e+00 
1.4539170e-01 1.4803199e-01 0.0000000e+00 
5.2981251e-01 4.1606659e-01 0.0000000e+00 
6.3278657e-01 3.2098520e-01 0.0000000e+00 
4.9883649e-01 1.9035070e-01 0.0000000e+00 
4.8866749e-01 1.9995619e-01 0.0000000e+00 
4.7372600e-01 1.9428051e-01 0.0000000e+00 
4.7687241e-01 2.0988560e-01 0.0000000e+00 
4.6230760e-01 2.0519090e-01 0.0000000e+00 
5.0175709e-01 2.0284539e-01 0.0000000e+00 
3.7420979e-01 2.4249861e-01 0.0000000e+00 
3.7680081e-01 2.5999850e-01 0.0000000e+00 
3.6377189e-01 2.7359021e-01 0.0000000e+00 
3.8147151e-01 2.7786380e-01 0.0000000e+00 
3.9390230e-01 2.6630861e-01 0.0000000e+00 
3.9790910e-01 2.8215069e-01 0.0000000e+00 
3.8660839e-01 2.9399589e-01 0.0000000e+00 
4.0266559e-01 2.9749459e-01 0.0000000e+00 
3.9230630e-01 3.0959940e-01 0.0000000e+00 
3.7539089e-01 3.0645579e-01 0.0000000e+00 
3.8165531e-01 3.2178041e-01 0.0000000e+00 
3.9764741e-01 3.2483751e-01 0.0000000e+00 
3.8738471e-01 3.3702531e-01 0.0000000e+00 
4.0318671e-01 3.3988059e-01 0.0000000e+00 
3.9298999e-01 3.5206911e-01 0.0000000e+00 
4.0884519e-01 3.5489669e-01 0.0000000e+00 
3.7592891e-01 3.5095471e-01 0.0000000e+00 
4.1221961e-01 3.2815641e-01 0.0000000e+00 
4.0885890e-01 2.7070051e-01 0.0000000e+00 
4.0606499e-01 2.5576550e-01 0.0000000e+00 
4.2036530e-01 2.6073930e-01 0.0000000e+00 
4.1758421e-01 2.4588020e-01 0.0000000e+00 
3.9879280e-01 3.6719501e-01 0.0000000e+00 
4.1457930e-01 3.6959961e-01 0.0000000e+00 
4.2435291e-01 3.5784501e-01 0.0000000e+00 
4.3005049e-01 3.7181091e-01 0.0000000e+00 
4.2064139e-01 3.8399899e-01 0.0000000e+00 
4.0332180e-01 2.4100940e-01 0.0000000e+00 
4.1523230e-01 2.3128320e-01 0.0000000e+00 
4.2901969e-01 2.3581611e-01 0.0000000e+00 
4.2680249e-01 2.2116630e-01 0.0000000e+00 
4.4072181e-01 2.2622180e-01 0.0000000e+00 
4.3834931e-01 2.1132030e-01 0.0000000e+00 
4.2324290e-01 2.0628519e-01 0.0000000e+00 
5.7600939e-01 2.6372889e-01 0.0000000e+00 
4.6461701e-01 3.7602729e-01 0.0000000e+00 
4.4586849e-01 3.4520641e-01 0.0000000e+00 
1.8224460e+00 4.8960349e-01 0.0000000e+00 
4.3567330e-01 1.9562960e-01 0.0000000e+00 
5.9315038e-01 1.5660501e-01 0.0000000e+00 
4.5945361e-01 1.9019520e-01 0.0000000e+00 
6.2804931e-01 2.1075760e-01 0.0000000e+00 
4.4690049e-01 3.7500271e-01 0.0000000e+00 
4.3590689e-01 2.6693821e-01 0.0000000e+00 
4.5538360e-01 2.4537770e-01 0.0000000e+00 
5.3253782e-01 3.6093631e-01 0.0000000e+00 
5.0687999e-01 3.7203360e-01 0.0000000e+00 
5.5479759e-01 3.4289679e-01 0.0000000e+00 
4.7859880e-01 2.3292100e-01 0.0000000e+00 
5.6951690e-01 2.9091081e-01 0.0000000e+00 
4.3251589e-01 3.2153201e-01 0.0000000e+00 
2.5864059e-01 4.9322551e-01 0.0000000e+00 
2.8119770e-01 4.6436489e-01 0.0000000e+00 
2.9712620e-01 4.9769270e-01 0.0000000e+00 
5.0679362e-01 2.2942559e-01 0.0000000e+00 
5.1640040e-01 2.1935740e-01 0.0000000e+00 
6.5671778e-01 2.8741741e-01 0.0000000e+00 
6.4681822e-01 2.6546481e-01 0.0000000e+00 
2.6161829e-01 1.0442510e-01 0.0000000e+00 
2.9914159e-01 1.2133270e-01 0.0000000e+00 
5.3835911e-01 2.0090669e-01 0.0000000e+00 
4.1076070e-01 4.0288219e-01 0.0000000e+00 
4.2847160e-01 2.9058349e-01 0.0000000e+00 
5.8385968e-01 4.0419951e-01 0.0000000e+00 
4.6758640e-01 2.2237021e-01 0.0000000e+00 
1.7680900e+00 1.1666990e-01 0.0000000e+00 
4.6705061e-01 3.6164391e-01 0.0000000e+00 
4.2953780e-01 5.2015013e-01 0.0000000e+00 
3.4222049e-01 3.0633521e-01 0.0000000e+00 
3.3303869e-01 2.8045291e-01 0.0000000e+00 
5.3547281e-01 4.9663380e-01 0.0000000e+00 
5.6233060e-01 5.0093198e-01 0.0000000e+00 
3.5305610e-01 3.5562491e-01 0.0000000e+00 
3.6326250e-01 3.7681499e-01 0.0000000e+00 
5.8255208e-01 1.8968870e-01 0.0000000e+00 
5.6585908e-01 6.7596443e-02 0.0000000e+00 
3.1423870e-01 5.6071562e-01 0.0000000e+00 
3.6825681e-01 5.5769640e-01 0.0000000e+00 
1.6511329e+00 1.0926090e-01 0.0000000e+00 
1.6192470e+00 1.5863900e-01 0.0000000e+00 
3.1425080e-01 3.9930049e-02 0.0000000e+00 
3.1129351e-01 1.6085930e-01 0.0000000e+00 
3.3299991e-01 1.3328290e-01 0.0000000e+00 
3.3072019e-01 1.0009960e-01 0.0000000e+00 
2.7850899e-01 1.8997809e-01 0.0000000e+00 
3.6250210e-01 1.1719080e-01 0.0000000e+00 
3.6242679e-01 7.9823360e-02 0.0000000e+00 
3.9215559e-01 9.3917303e-02 0.0000000e+00 
6.7704421e-01 3.9422091e-02 0.0000000e+00 
6.9158012e-01 7.9496212e-02 0.0000000e+00 
7.2696608e-01 4.4044841e-02 0.0000000e+00 
7.3696113e-01 9.5335990e-02 0.0000000e+00 
7.9171729e-01 1.0606610e-01 0.0000000e+00 
7.5707722e-01 1.3865989e-01 0.0000000e+00 
8.0465728e-01 1.5881000e-01 0.0000000e+00 
8.4009641e-01 1.2030350e-01 0.0000000e+00 
8.5441029e-01 1.6780110e-01 0.0000000e+00 
8.9020813e-01 1.3047090e-01 0.0000000e+00 
8.7580758e-01 8.5384279e-02 0.0000000e+00 
6.3392729e-01 5.6027758e-01 0.0000000e+00 
6.5490252e-01 5.2222651e-01 0.0000000e+00 
6.9785458e-01 5.2009457e-01 0.0000000e+00 
6.6947389e-01 4.8214740e-01 0.0000000e+00 
7.1400052e-01 4.7928271e-01 0.0000000e+00 
7.3890662e-01 5.1415598e-01 0.0000000e+00 
7.5538421e-01 4.7427329e-01 0.0000000e+00 
7.3060858e-01 4.4053549e-01 0.0000000e+00 
7.7131832e-01 4.3481070e-01 0.0000000e+00 
7.4432129e-01 4.0371630e-01 0.0000000e+00 
7.9942912e-01 4.6868020e-01 0.0000000e+00 
8.1664360e-01 4.2528069e-01 0.0000000e+00 
8.4675127e-01 4.6303490e-01 0.0000000e+00 
7.0795268e-01 4.1132101e-01 0.0000000e+00 
8.6556101e-01 4.1526449e-01 0.0000000e+00 
9.0177119e-01 4.5578691e-01 0.0000000e+00 
6.1436248e-01 5.2457899e-01 0.0000000e+00 
5.9010911e-01 5.6233871e-01 0.0000000e+00 
6.8740159e-01 4.4485721e-01 0.0000000e+00 
6.3075930e-01 4.9217081e-01 0.0000000e+00 
8.2390177e-01 3.7696400e-01 0.0000000e+00 
6.5760958e-01 4.5251140e-01 0.0000000e+00 
8.8201141e-01 3.6469159e-01 0.0000000e+00 
7.1646827e-01 3.7200019e-01 0.0000000e+00 
7.5293612e-01 3.6630341e-01 0.0000000e+00 
7.3172802e-01 3.4158540e-01 0.0000000e+00 
4.3641081e-01 3.8625911e-01 0.0000000e+00 
3.3307719e-01 5.1888418e-01 0.0000000e+00 
3.7808201e-01 5.1874483e-01 0.0000000e+00 
4.1757399e-01 3.4319299e-01 0.0000000e+00 
4.0734050e-01 3.1263331e-01 0.0000000e+00 
4.8661929e-01 4.2812102e-02 0.0000000e+00 
7.2056448e-01 1.3380709e-01 0.0000000e+00 
7.2885102e-01 1.7120270e-01 0.0000000e+00 
7.6764971e-01 1.8236589e-01 0.0000000e+00 
7.3844647e-01 2.0840840e-01 0.0000000e+00 
3.2383901e-01 4.7502699e-01 0.0000000e+00 
2.0299730e-01 4.5617640e-02 0.0000000e+00 
5.8970161e-02 3.3410329e-01 0.0000000e+00 
2.0689000e-01 5.5709481e-01 0.0000000e+00 
4.1305149e-01 2.8573561e-01 0.0000000e+00 
7.8471351e-01 5.4944623e-01 0.0000000e+00 
5.7445318e-01 2.4704580e-01 0.0000000e+00 
4.8197981e-02 2.0613991e-01 0.0000000e+00 
2.9774281e-01 8.0907270e-02 0.0000000e+00 
5.0055778e-01 5.6669247e-01 0.0000000e+00 
5.6139982e-01 2.6632291e-01 0.0000000e+00 
1.6788280e+00 5.7307512e-02 0.0000000e+00 
5.1920211e-01 3.7999329e-01 0.0000000e+00 
5.3287011e-01 2.3837809e-01 0.0000000e+00 
4.9314889e-01 3.6956069e-01 0.0000000e+00 
5.4427528e-01 3.7591609e-01 0.0000000e+00 
7.8244883e-01 3.9527819e-01 0.0000000e+00 
3.6446571e-01 4.0250320e-02 0.0000000e+00 
4.4162789e-01 3.5938531e-01 0.0000000e+00 
6.3632941e-01 2.8842619e-01 0.0000000e+00 
4.9067271e-01 2.1312010e-01 0.0000000e+00 
9.0754151e-01 5.5067050e-01 0.0000000e+00 
9.6624529e-01 5.4957891e-01 0.0000000e+00 
9.9525559e-01 4.9868581e-01 0.0000000e+00 
1.0540251e+00 4.9801311e-01 0.0000000e+00 
1.0243800e+00 4.4818369e-01 0.0000000e+00 
1.0813180e+00 4.4429299e-01 0.0000000e+00 
9.6050638e-01 4.4521841e-01 0.0000000e+00 
9.9237692e-01 4.0150511e-01 0.0000000e+00 
9.3534291e-01 5.0050128e-01 0.0000000e+00 
1.1123620e+00 4.9683940e-01 0.0000000e+00 
1.1383430e+00 4.4216970e-01 0.0000000e+00 
5.4218680e-01 5.2327639e-01 0.0000000e+00 
4.9454380e-02 4.5007420e-01 0.0000000e+00 
1.0217610e-01 4.7936839e-01 0.0000000e+00 
2.2542991e-01 2.8165141e-01 0.0000000e+00 
3.9299640e-01 1.2565491e-01 0.0000000e+00 
4.2287391e-01 1.0849530e-01 0.0000000e+00 
4.1702661e-01 7.4225321e-02 0.0000000e+00 
4.2317891e-01 4.9126241e-01 0.0000000e+00 
3.6435950e-01 3.1840631e-01 0.0000000e+00 
5.9271669e-01 4.9394491e-01 0.0000000e+00 
4.5279789e-01 2.1705380e-01 0.0000000e+00 
1.1707489e+00 4.9572700e-01 0.0000000e+00 
1.1967220e+00 4.4262701e-01 0.0000000e+00 
1.2286400e+00 4.9457431e-01 0.0000000e+00 
1.2569320e+00 4.4329810e-01 0.0000000e+00 
1.2887410e+00 4.9415389e-01 0.0000000e+00 
4.9704749e-02 9.0376601e-02 0.0000000e+00 
1.1661880e+00 3.8667339e-01 0.0000000e+00 
1.0448740e+00 3.9727730e-01 0.0000000e+00 
1.3219531e+00 5.4748261e-01 0.0000000e+00 
1.3566051e+00 4.9475339e-01 0.0000000e+00 
1.4128619e+00 5.0170678e-01 0.0000000e+00 
1.3878731e+00 4.4357020e-01 0.0000000e+00 
2.6875430e-01 4.3074101e-01 0.0000000e+00 
4.1746351e-01 3.0108821e-01 0.0000000e+00 
4.7450441e-01 4.2571831e-01 0.0000000e+00 
4.0593800e-01 2.0075510e-01 0.0000000e+00 
4.4167551e-01 4.0079829e-01 0.0000000e+00 
1.9512080e+00 4.5117629e-01 0.0000000e+00 
1.0262311e+00 5.1109631e-02 0.0000000e+00 
9.9738371e-01 1.0181700e-01 0.0000000e+00 
1.0553030e+00 1.0176790e-01 0.0000000e+00 
1.0273110e+00 1.4739220e-01 0.0000000e+00 
1.0855290e+00 1.4977370e-01 0.0000000e+00 
9.7062862e-01 1.4721170e-01 0.0000000e+00 
9.3508059e-01 1.0148260e-01 0.0000000e+00 
1.1133560e+00 1.0215650e-01 0.0000000e+00 
1.1446090e+00 1.4514109e-01 0.0000000e+00 
1.1160710e+00 1.9391710e-01 0.0000000e+00 
1.2018321e+00 5.4771107e-01 0.0000000e+00 
1.9480680e+00 2.1005040e-01 0.0000000e+00 
1.0842860e+00 5.4868227e-01 0.0000000e+00 
1.9480680e+00 3.2994959e-01 0.0000000e+00 
1.5904510e+00 1.0452840e-01 0.0000000e+00 
1.5598950e+00 1.5443350e-01 0.0000000e+00 
1.5304790e+00 1.0186320e-01 0.0000000e+00 
1.5007280e+00 1.5119410e-01 0.0000000e+00 
1.5273950e+00 2.0345390e-01 0.0000000e+00 
1.4685169e+00 1.9967620e-01 0.0000000e+00 
1.4425830e+00 1.4740349e-01 0.0000000e+00 
1.4098901e+00 1.9577309e-01 0.0000000e+00 
1.3839140e+00 1.4338671e-01 0.0000000e+00 
1.3511680e+00 1.9153769e-01 0.0000000e+00 
1.3252350e+00 1.3926670e-01 0.0000000e+00 
1.2926320e+00 1.8772170e-01 0.0000000e+00 
1.2666039e+00 1.3634580e-01 0.0000000e+00 
1.2355460e+00 1.8558609e-01 0.0000000e+00 
1.2059170e+00 1.3905290e-01 0.0000000e+00 
1.2347410e+00 9.3928657e-02 0.0000000e+00 
1.3187660e+00 2.4091680e-01 0.0000000e+00 
1.4945120e+00 2.5244480e-01 0.0000000e+00 
1.5862570e+00 2.0772290e-01 0.0000000e+00 
5.5948251e-01 2.4233980e-01 0.0000000e+00 
1.5573130e+00 5.4926682e-01 0.0000000e+00 
1.5215520e+00 5.0207931e-01 0.0000000e+00 
1.5906490e+00 4.9784341e-01 0.0000000e+00 
1.3832541e+00 4.9608339e-02 0.0000000e+00 
1.5002331e+00 5.0511628e-02 0.0000000e+00 
1.7345819e+00 5.5134553e-01 0.0000000e+00 
1.6170100e+00 5.5189037e-01 0.0000000e+00 
1.6308481e+00 4.1378099e-01 0.0000000e+00 
1.7733830e+00 4.6653220e-01 0.0000000e+00 
1.8566350e+00 5.4165798e-01 0.0000000e+00 
1.5124860e+00 4.0674630e-01 0.0000000e+00 
1.4853560e+00 4.5626420e-01 0.0000000e+00 
1.6452560e+00 2.1187560e-01 0.0000000e+00 
1.7967290e+00 1.6947480e-01 0.0000000e+00 
1.8955210e+00 4.8443690e-01 0.0000000e+00 
2.4952111e-01 3.7534630e-01 0.0000000e+00 
2.4015559e-01 3.3920720e-01 0.0000000e+00 
1.6122910e+00 2.6095319e-01 0.0000000e+00 
1.8537400e+00 5.5921540e-02 0.0000000e+00 
1.8819669e+00 1.0242500e-01 0.0000000e+00 
9.5119797e-02 1.2153590e-01 0.0000000e+00 
1.0847340e+00 5.0935078e-02 0.0000000e+00 
1.7562060e+00 3.2229191e-01 0.0000000e+00 
1.4358770e+00 2.4863569e-01 0.0000000e+00 
4.3159389e-01 2.5088599e-01 0.0000000e+00 
4.7994119e-01 3.8120639e-01 0.0000000e+00 
1.8123610e+00 3.2570100e-01 0.0000000e+00 
6.1470199e-01 2.3820160e-01 0.0000000e+00 
6.2837660e-01 2.5279269e-01 0.0000000e+00 
5.6644672e-01 3.2120070e-01 0.0000000e+00 
4.0343639e-01 3.8359720e-01 0.0000000e+00 
1.2608960e+00 2.3755901e-01 0.0000000e+00 
9.7383392e-01 2.2759880e-01 0.0000000e+00 
1.8966711e+00 3.6694610e-01 0.0000000e+00 
1.2852859e+00 3.9278471e-01 0.0000000e+00 
4.4754091e-01 4.1694289e-01 0.0000000e+00 
5.1814729e-01 1.1434720e-01 0.0000000e+00 
9.8089732e-02 2.9848260e-01 0.0000000e+00 
8.7650722e-01 5.0584209e-01 0.0000000e+00 
7.2722268e-01 5.5884892e-01 0.0000000e+00 
9.1900879e-01 4.0950510e-01 0.0000000e+00 
6.0669678e-01 3.3687809e-01 0.0000000e+00 
9.2257088e-01 2.2499460e-01 0.0000000e+00 
1.8270659e+00 1.1701130e-01 0.0000000e+00 
3.9101499e-01 2.5043941e-01 0.0000000e+00 
3.0026230e-01 2.1632680e-01 0.0000000e+00 
5.8418620e-01 3.3934349e-01 0.0000000e+00 
1.5593460e+00 5.1838879e-02 0.0000000e+00 
4.5547140e-01 5.6772357e-01 0.0000000e+00 
9.7268373e-02 1.8144910e-01 0.0000000e+00 
9.3618453e-02 5.9398320e-02 0.0000000e+00 
9.5946752e-02 4.1991970e-01 0.0000000e+00 
1.5493150e-01 4.8253620e-01 0.0000000e+00 
5.3141659e-01 2.2366489e-01 0.0000000e+00 
4.6951711e-01 1.7694290e-01 0.0000000e+00 
1.3219830e+00 4.4809279e-01 0.0000000e+00 
6.1860532e-01 2.8225860e-01 0.0000000e+00 
9.2647932e-02 5.4469162e-01 0.0000000e+00 
3.6105269e-01 4.8700431e-01 0.0000000e+00 
1.4393450e+00 5.5213040e-01 0.0000000e+00 
1.9442101e+00 9.5342271e-02 0.0000000e+00 
9.0059137e-01 1.7995150e-01 0.0000000e+00 
8.2735151e-01 2.0720319e-01 0.0000000e+00 
6.6251612e-01 1.0677520e-01 0.0000000e+00 
6.7604911e-01 4.1622579e-01 0.0000000e+00 
6.8501538e-01 3.8669550e-01 0.0000000e+00 
3.6920869e-01 2.9070961e-01 0.0000000e+00 
4.5409241e-01 2.3146330e-01 0.0000000e+00 
6.1867392e-01 3.1358370e-01 0.0000000e+00 
1.9131620e+00 5.4997718e-01 0.0000000e+00 
4.2027211e-01 1.8849210e-01 0.0000000e+00 
1.9003210e+00 2.9999799e-01 0.0000000e+00 
5.5434358e-01 1.3134070e-01 0.0000000e+00 
1.4729370e+00 1.0059040e-01 0.0000000e+00 
4.4868380e-01 4.7589070e-01 0.0000000e+00 
1.7371070e+00 5.7924490e-02 0.0000000e+00 
1.6196249e-01 1.9384970e-01 0.0000000e+00 
2.7876011e-01 3.4925121e-01 0.0000000e+00 
5.6304562e-01 4.5950639e-01 0.0000000e+00 
6.0384172e-01 3.5119170e-01 0.0000000e+00 
5.7530987e-01 5.2873927e-01 0.0000000e+00 
1.3667960e-01 3.8707560e-01 0.0000000e+00 
4.9747679e-01 1.2821840e-01 0.0000000e+00 
1.1983300e+00 4.8251878e-02 0.0000000e+00 
7.5970978e-01 3.2726541e-01 0.0000000e+00 
8.1999791e-01 5.1075947e-01 0.0000000e+00 
1.3957340e+00 3.8871399e-01 0.0000000e+00 
3.8881221e-01 2.3447470e-01 0.0000000e+00 
5.2596432e-01 2.0954940e-01 0.0000000e+00 
1.4149910e+00 9.8922051e-02 0.0000000e+00 
3.1656411e-01 1.9587231e-01 0.0000000e+00 
4.3203679e-01 3.4525600e-01 0.0000000e+00 
5.0832897e-01 3.8785461e-01 0.0000000e+00 
5.0716370e-01 4.6868089e-01 0.0000000e+00 
7.2506380e-01 3.1459489e-01 0.0000000e+00 
5.7067949e-01 1.5282580e-01 0.0000000e+00 
6.7973870e-01 1.6684531e-01 0.0000000e+00 
5.3255141e-01 1.4827640e-01 0.0000000e+00 
5.8382958e-01 2.0679601e-01 0.0000000e+00 
3.6833951e-01 3.3595169e-01 0.0000000e+00 
6.6081917e-01 3.9089271e-01 0.0000000e+00 
3.5859609e-01 1.6498099e-01 0.0000000e+00 
5.4474670e-01 2.4635740e-01 0.0000000e+00 
8.5039961e-01 4.4130251e-02 0.0000000e+00 
7.0378470e-01 2.1493910e-01 0.0000000e+00 
3.8111559e-01 3.6489099e-01 0.0000000e+00 
3.8378549e-01 3.8103321e-01 0.0000000e+00 
1.1733290e+00 9.6517898e-02 0.0000000e+00 
6.1236829e-01 3.6486840e-01 0.0000000e+00 
4.2817801e-01 4.6774849e-01 0.0000000e+00 
3.9298210e-01 4.8933309e-01 0.0000000e+00 
5.1858139e-01 5.3958851e-01 0.0000000e+00 
1.1778920e+00 1.8819040e-01 0.0000000e+00 
6.3357651e-01 4.2729640e-01 0.0000000e+00 
2.1912169e-01 8.9860998e-02 0.0000000e+00 
4.4828820e-01 3.3391532e-02 0.0000000e+00 
7.1727687e-01 2.3730519e-01 0.0000000e+00 
9.8337471e-02 2.5592181e-01 0.0000000e+00 
4.8688981e-01 5.3696889e-01 0.0000000e+00 
9.1024607e-01 4.6742149e-02 0.0000000e+00 
4.2072469e-01 3.1704551e-01 0.0000000e+00 
2.5881660e-01 2.8481191e-01 0.0000000e+00 
1.3556740e+00 9.6588373e-02 0.0000000e+00 
3.8170820e-01 4.6353251e-01 0.0000000e+00 
6.1133659e-01 4.6789679e-01 0.0000000e+00 
4.4266859e-01 2.4074350e-01 0.0000000e+00 
1.4653840e+00 5.0395852e-01 0.0000000e+00 
1.1433500e+00 2.3560201e-01 0.0000000e+00 
5.5341142e-01 3.6430839e-01 0.0000000e+00 
5.7990170e-01 2.7820900e-01 0.0000000e+00 
4.4887719e-01 2.0151231e-01 0.0000000e+00 
4.6245420e-01 4.1756010e-01 0.0000000e+00 
4.1210291e-01 2.1662711e-01 0.0000000e+00 
5.1736373e-01 5.6347691e-02 0.0000000e+00 
7.0604849e-01 3.3807889e-01 0.0000000e+00 
4.3653390e-01 1.2656429e-01 0.0000000e+00 
4.2773649e-01 3.9727569e-01 0.0000000e+00 
4.2305809e-01 2.7508900e-01 0.0000000e+00 
1.9111360e+00 1.7995431e-01 0.0000000e+00 
1.2975690e+00 9.4644032e-02 0.0000000e+00 
7.4613649e-01 2.3963641e-01 0.0000000e+00 
2.9362991e-01 4.1433749e-01 0.0000000e+00 
5.8357382e-01 3.0761179e-01 0.0000000e+00 
5.3191912e-01 3.7253350e-01 0.0000000e+00 
4.4445190e-01 8.4593862e-02 0.0000000e+00 
1.5468830e+00 4.5422599e-01 0.0000000e+00 
6.2926418e-01 2.7103639e-01 0.0000000e+00 
3.5220909e-01 2.8729489e-01 0.0000000e+00 
8.3805579e-01 3.3710629e-01 0.0000000e+00 
5.2616048e-01 4.0003020e-01 0.0000000e+00 
1.8064611e-01 5.2023911e-01 0.0000000e+00 
4.2505819e-01 3.3176431e-01 0.0000000e+00 
7.7968621e-01 5.0346297e-01 0.0000000e+00 
1.2679260e+00 4.6381779e-02 0.0000000e+00 
5.8107018e-01 2.9473820e-01 0.0000000e+00 
6.1925322e-01 3.3036381e-01 0.0000000e+00 
5.6537521e-01 2.5524691e-01 0.0000000e+00 
3.8967860e-01 6.5405212e-02 0.0000000e+00 
1.0865080e+00 2.3449360e-01 0.0000000e+00 
1.4042149e-01 9.9993236e-02 0.0000000e+00 
1.0030100e+00 3.5783571e-01 0.0000000e+00 
3.6067769e-01 3.0184039e-01 0.0000000e+00 
5.7885981e-01 3.8880101e-01 0.0000000e+00 
1.5990330e+00 4.4926330e-01 0.0000000e+00 
9.1439813e-02 3.7532219e-01 0.0000000e+00 
5.7995051e-01 1.7130360e-01 0.0000000e+00 
6.1258352e-01 2.5273019e-01 0.0000000e+00 
4.0172791e-01 2.2754180e-01 0.0000000e+00 
5.4750210e-01 9.9742994e-02 0.0000000e+00 
6.1311978e-01 2.0313910e-01 0.0000000e+00 
6.1223829e-01 2.2002740e-01 0.0000000e+00 
1.8586820e+00 3.2957241e-01 0.0000000e+00 
5.8738971e-01 3.7580970e-01 0.0000000e+00 
4.5219980e-02 4.4195049e-02 0.0000000e+00 
4.8124549e-01 2.2123460e-01 0.0000000e+00 
4.3828961e-02 5.5591398e-01 0.0000000e+00 
1.0568640e+00 1.9004630e-01 0.0000000e+00 
3.3193341e-01 4.4711831e-01 0.0000000e+00 
3.0378929e-01 4.4286191e-01 0.0000000e+00 
5.3415012e-01 1.2728420e-01 0.0000000e+00 
5.0386423e-01 2.1636350e-01 0.0000000e+00 
1.9116580e+00 4.2358989e-01 0.0000000e+00 
4.5517069e-01 3.6521810e-01 0.0000000e+00 
3.6732909e-01 3.6239621e-01 0.0000000e+00 
6.3041377e-01 3.0585691e-01 0.0000000e+00 
1.9569679e+00 4.3301821e-02 0.0000000e+00 
5.7146299e-01 4.8058590e-01 0.0000000e+00 
1.6484860e+00 5.1718348e-01 0.0000000e+00 
9.4670999e-01 1.8556410e-01 0.0000000e+00 
6.3752991e-01 4.6584189e-01 0.0000000e+00 
1.9572541e+00 5.5697870e-01 0.0000000e+00 
6.4813697e-01 2.4830820e-01 0.0000000e+00 
6.0179752e-01 3.7555191e-01 0.0000000e+00 
1.4364240e+00 4.6111640e-01 0.0000000e+00 
5.6217611e-01 3.5223660e-01 0.0000000e+00 
6.6050959e-01 4.3027630e-01 0.0000000e+00 
4.0468970e-01 5.1149738e-01 0.0000000e+00 
5.1506358e-01 2.0555650e-01 0.0000000e+00 
4.3334481e-01 1.8108650e-01 0.0000000e+00 
9.9962813e-01 1.8700930e-01 0.0000000e+00 
6.9131333e-01 1.1763480e-01 0.0000000e+00 
4.4599831e-01 1.8538959e-01 0.0000000e+00 
5.1551181e-01 4.8891029e-01 0.0000000e+00 
4.3754059e-01 5.8743980e-02 0.0000000e+00 
5.9589100e-01 3.4163511e-01 0.0000000e+00 
2.3624770e-01 5.2814358e-01 0.0000000e+00 
6.6953379e-01 3.7169310e-01 0.0000000e+00 
3.6865169e-01 3.9570969e-01 0.0000000e+00 
5.9758049e-01 1.9620110e-01 0.0000000e+00 
1.3329040e-01 5.1544452e-01 0.0000000e+00 
1.0515270e+00 3.5504949e-01 0.0000000e+00 
3.3392131e-01 6.8202123e-02 0.0000000e+00 
1.7869949e-01 8.1389397e-02 0.0000000e+00 
9.2706198e-01 1.4882250e-01 0.0000000e+00 
1.7000279e+00 5.1305068e-01 0.0000000e+00 
3.4774879e-01 2.6959679e-01 0.0000000e+00 
5.7002652e-01 3.3917850e-01 0.0000000e+00 
4.5571360e-01 1.7617980e-01 0.0000000e+00 
8.2389021e-01 8.1237279e-02 0.0000000e+00 
5.6977302e-01 4.0162051e-01 0.0000000e+00 
5.7622939e-01 9.1579817e-02 0.0000000e+00 
7.9520959e-01 1.9354109e-01 0.0000000e+00 
7.1731091e-01 1.9555099e-01 0.0000000e+00 
9.5533073e-01 4.0679529e-01 0.0000000e+00 
5.1722008e-01 4.1250920e-01 0.0000000e+00 
4.3116611e-01 5.4470932e-01 0.0000000e+00 
6.9998658e-01 1.5358570e-01 0.0000000e+00 
3.7607810e-01 2.2627370e-01 0.0000000e+00 
5.1978278e-01 3.9113960e-01 0.0000000e+00 
5.3689402e-01 2.1312129e-01 0.0000000e+00 
9.0401761e-02 2.1924180e-01 0.0000000e+00 
7.8513551e-01 3.6338761e-01 0.0000000e+00 
2.8628290e-01 5.2971011e-01 0.0000000e+00 
1.9101239e+00 1.3962340e-01 0.0000000e+00 
3.3938929e-01 1.5675519e-01 0.0000000e+00 
3.5365051e-01 1.4366330e-01 0.0000000e+00 
5.9640652e-01 1.7787141e-01 0.0000000e+00 
2.3996450e-01 3.0955619e-01 0.0000000e+00 
4.0130991e-01 5.3756779e-01 0.0000000e+00 
2.6203820e-01 3.9843059e-01 0.0000000e+00 
1.7610559e+00 5.1254529e-01 0.0000000e+00 
5.3923780e-01 6.9367118e-02 0.0000000e+00 
6.6389477e-01 2.7387929e-01 0.0000000e+00 
5.6400359e-01 1.6758190e-01 0.0000000e+00 
6.3302028e-01 3.3655259e-01 0.0000000e+00 
5.4254562e-01 3.6452681e-01 0.0000000e+00 
5.1293671e-01 2.8587131e-02 0.0000000e+00 
5.1246679e-01 1.8971939e-01 0.0000000e+00 

CELLS 1766 7064
3 0 870 123
3 1 882 70
3 2 887 79
3 3 872 114
3 4 193 35
3 4 516 193
3 5 516 4
3 6 184 5
3 6 612 184
3 7 612 6
3 8 183 7
3 8 799 183
3 9 799 8
3 10 615 9
3 11 335 10
3 11 521 335
3 12 521 11
3 13 311 12
3 13 515 311
3 14 515 13
3 15 312 14
3 15 511 312
3 16 511 15
3 17 308 16
3 17 510 308
3 18 510 17
3 19 301 18
3 19 529 301
3 20 529 19
3 21 124 20
3 21 517 124
3 22 517 21
3 23 277 22
3 23 503 277
3 24 503 23
3 25 266 24
3 25 533 266
3 26 533 25
3 27 269 26
3 27 616 269
3 28 616 27
3 29 513 28
3 30 241 29
3 30 512 241
3 31 512 30
3 32 214 31
3 32 514 214
3 33 514 32
3 34 215 33
3 34 726 215
3 35 726 34
3 36 870 0
3 37 747 36
3 38 155 37
3 38 603 155
3 39 603 38
3 40 130 39
3 40 547 130
3 41 547 40
3 41 619 547
3 42 619 41
3 43 142 42
3 43 812 142
3 44 812 43
3 44 943 597
3 45 943 44
3 46 145 45
3 46 159 145
3 47 159 46
3 48 140 47
3 48 555 140
3 49 555 48
3 49 557 555
3 50 557 49
3 51 126 50
3 51 800 126
3 52 800 51
3 52 816 800
3 53 816 52
3 54 131 53
3 54 663 131
3 55 663 54
3 55 718 663
3 56 718 55
3 57 127 56
3 57 780 127
3 58 780 57
3 58 850 780
3 59 850 58
3 60 148 59
3 60 700 148
3 61 700 60
3 62 128 61
3 62 701 128
3 63 701 62
3 63 744 701
3 64 744 63
3 65 136 64
3 65 613 136
3 66 613 65
3 66 772 613
3 67 772 66
3 68 144 67
3 68 715 144
3 69 715 68
3 70 157 69
3 70 882 157
3 71 882 1
3 72 757 71
3 73 154 72
3 73 674 154
3 74 674 73
3 75 139 74
3 75 676 139
3 76 676 75
3 77 147 76
3 77 662 147
3 78 662 77
3 79 156 78
3 79 887 156
3 80 887 2
3 81 766 80
3 82 706 81
3 83 151 82
3 83 702 151
3 84 702 83
3 85 129 84
3 85 703 129
3 86 703 85
3 87 697 86
3 88 137 87
3 88 756 137
3 89 756 88
3 90 149 89
3 90 653 149
3 91 653 90
3 92 134 91
3 92 673 134
3 93 673 92
3 94 150 93
3 94 675 150
3 95 675 94
3 96 135 95
3 96 624 135
3 97 624 96
3 98 623 97
3 99 125 98
3 99 607 125
3 100 607 99
3 100 736 607
3 101 736 100
3 102 138 101
3 102 566 138
3 103 566 102
3 103 583 566
3 104 583 103
3 105 143 104
3 105 611 143
3 106 611 105
3 106 745 611
3 107 745 106
3 108 141 107
3 108 544 141
3 109 544 108
3 110 543 109
3 111 132 110
3 111 605 132
3 112 605 111
3 113 153 112
3 113 754 153
3 114 754 113
3 114 872 754
3 115 872 3
3 116 158 115
3 116 635 158
3 117 635 116
3 118 146 117
3 118 604 146
3 119 604 118
3 120 133 119
3 120 609 133
3 121 609 120
3 122 152 121
3 122 650 152
3 123 650 122
3 123 870 650
3 124 529 20
3 124 658 529
3 124 817 658
3 125 623 98
3 125 735 623
3 125 782 735
3 126 557 50
3 126 558 557
3 126 559 558
3 126 915 559
3 127 718 56
3 127 804 670
3 128 700 61
3 128 786 700
3 129 702 84
3 129 911 702
3 130 603 39
3 130 610 525
3 130 811 603
3 131 816 53
3 132 543 110
3 132 929 543
3 133 604 119
3 133 734 604
3 133 814 734
3 133 927 814
3 134 653 91
3 134 673 647
3 135 675 95
3 136 613 545
3 136 744 64
3 137 697 87
3 137 698 697
3 137 823 698
3 138 736 101
3 139 674 74
3 139 768 454
3 140 159 47
3 140 160 159
3 140 161 160
3 140 555 161
3 141 745 107
3 141 922 745
3 141 935 922
3 142 619 42
3 142 854 619
3 142 900 640
3 143 583 104
3 143 777 583
3 143 808 634
3 144 740 532
3 144 772 67
3 145 938 830
3 145 943 45
3 146 635 117
3 146 748 635
3 146 861 748
3 147 676 76
3 147 730 676
3 147 878 730
3 148 850 59
3 149 756 89
3 150 673 93
3 150 675 632
3 151 706 82
3 151 937 504
3 152 609 121
3 152 746 609
3 153 605 112
3 153 847 605
3 153 906 847
3 154 757 72
3 154 930 757
3 155 747 37
3 155 856 747
3 155 909 856
3 156 662 78
3 156 711 662
3 156 766 711
3 156 887 766
3 157 715 69
3 157 716 715
3 157 757 716
3 157 882 757
3 158 872 115
3 159 542 145
3 160 542 159
3 160 917 542
3 161 162 160
3 161 760 162
3 162 163 160
3 162 164 163
3 162 165 164
3 162 760 165
3 163 917 160
3 164 187 163
3 164 506 187
3 165 166 164
3 165 167 166
3 165 253 167
3 165 760 253
3 166 506 164
3 166 933 506
3 167 168 166
3 167 169 168
3 167 793 169
3 168 227 166
3 168 866 227
3 169 170 168
3 169 171 170
3 169 188 171
3 169 793 188
3 170 508 168
3 171 172 170
3 171 173 172
3 171 801 173
3 172 244 170
3 172 888 244
3 173 174 172
3 173 175 174
3 173 813 175
3 174 888 172
3 174 939 524
3 175 176 174
3 175 177 176
3 175 178 177
3 175 813 178
3 176 939 174
3 177 180 176
3 177 791 180
3 178 179 177
3 178 181 179
3 178 837 181
3 179 791 177
3 180 191 176
3 180 192 191
3 180 831 192
3 181 182 179
3 181 185 182
3 181 245 185
3 181 837 245
3 182 781 179
3 183 612 7
3 183 799 696
3 183 853 612
3 184 516 5
3 184 612 501
3 184 826 516
3 185 186 182
3 185 189 186
3 185 759 189
3 186 222 182
3 186 845 222
3 187 361 163
3 187 769 361
3 187 792 769
3 188 801 171
3 188 919 801
3 188 923 599
3 189 190 186
3 189 194 190
3 189 243 194
3 189 759 243
3 190 845 186
3 191 523 176
3 192 201 191
3 192 202 201
3 192 203 202
3 192 831 203
3 193 726 35
3 193 839 456
3 193 851 839
3 194 195 190
3 194 196 195
3 194 739 196
3 195 588 190
3 196 197 195
3 196 198 197
3 196 729 198
3 196 739 729
3 197 242 195
3 197 857 242
3 198 199 197
3 198 200 199
3 198 259 200
3 198 729 259
3 199 857 197
3 199 907 857
3 200 216 199
3 200 217 216
3 200 855 217
3 201 232 191
3 201 460 232
3 201 941 460
3 202 204 201
3 202 205 204
3 202 903 205
3 203 831 589
3 203 903 202
3 204 941 201
3 205 206 204
3 205 207 206
3 205 797 207
3 205 903 797
3 206 341 204
3 206 805 341
3 207 208 206
3 207 209 208
3 207 211 209
3 207 797 211
3 208 805 206
3 208 889 805
3 209 210 208
3 209 212 210
3 209 810 212
3 210 344 208
3 210 530 344
3 211 797 761
3 211 810 209
3 211 892 810
3 212 213 210
3 212 220 213
3 212 257 220
3 212 810 257
3 213 530 210
3 214 512 31
3 214 891 825
3 214 942 512
3 215 514 33
3 215 913 514
3 216 907 199
3 217 218 216
3 217 219 218
3 217 824 219
3 217 855 824
3 218 345 216
3 218 651 345
3 219 223 218
3 219 224 223
3 219 258 224
3 219 824 258
3 220 221 213
3 220 254 221
3 220 821 254
3 221 239 213
3 221 240 239
3 221 775 240
3 222 781 182
3 222 845 586
3 222 928 781
3 223 651 218
3 224 225 223
3 224 226 225
3 224 728 226
3 225 352 223
3 225 731 352
3 226 228 225
3 226 229 228
3 226 693 229
3 226 728 693
3 227 933 166
3 228 731 225
3 229 230 228
3 229 231 230
3 229 256 231
3 229 693 256
3 230 356 228
3 230 783 356
3 231 233 230
3 231 234 233
3 231 720 234
3 232 523 191
3 232 621 523
3 232 881 621
3 233 783 230
3 234 235 233
3 234 236 235
3 234 694 236
3 234 720 694
3 235 366 233
3 235 707 366
3 236 237 235
3 236 238 237
3 236 252 238
3 236 694 252
3 237 707 235
3 238 246 237
3 238 247 246
3 238 714 247
3 239 530 213
3 239 916 530
3 240 260 239
3 240 261 260
3 240 262 261
3 240 775 262
3 241 513 29
3 241 614 513
3 241 840 614
3 242 588 195
3 242 737 588
3 242 857 630
3 242 920 737
3 243 739 194
3 243 758 739
3 243 759 563
3 244 508 170
3 244 725 724
3 244 867 508
3 244 888 725
3 245 601 600
3 245 759 185
3 245 837 601
3 245 918 759
3 246 360 237
3 246 704 360
3 247 248 246
3 247 249 248
3 247 250 249
3 247 714 250
3 248 704 246
3 249 255 248
3 249 719 255
3 250 251 249
3 250 342 251
3 250 709 342
3 250 714 709
3 251 719 249
3 252 694 681
3 252 714 238
3 253 793 167
3 253 923 793
3 254 775 221
3 254 821 643
3 254 883 775
3 255 377 248
3 255 378 377
3 255 382 378
3 255 719 382
3 256 686 684
3 256 693 686
3 256 720 231
3 257 810 587
3 257 821 220
3 257 886 821
3 258 728 224
3 258 809 690
3 258 824 809
3 259 855 200
3 259 873 855
3 259 896 873
3 260 346 239
3 260 438 346
3 260 459 438
3 261 459 260
3 262 263 261
3 262 435 263
3 262 436 435
3 262 775 436
3 263 264 261
3 263 265 264
3 263 790 265
3 264 459 261
3 264 921 459
3 265 267 264
3 265 268 267
3 265 270 268
3 265 790 270
3 266 503 24
3 266 620 503
3 266 879 620
3 267 354 264
3 267 355 354
3 267 659 355
3 268 659 267
3 269 533 26
3 269 722 502
3 270 271 268
3 270 326 271
3 270 327 326
3 270 790 327
3 271 272 268
3 271 273 272
3 271 771 273
3 272 659 268
3 272 828 659
3 273 274 272
3 273 275 274
3 273 806 275
3 274 732 272
3 275 276 274
3 275 278 276
3 275 339 278
3 275 806 339
3 276 340 274
3 276 528 340
3 277 517 22
3 277 848 517
3 278 279 276
3 278 280 279
3 278 820 280
3 279 528 276
3 280 281 279
3 280 282 281
3 280 316 282
3 280 820 316
3 281 314 279
3 281 904 314
3 282 283 281
3 282 284 283
3 282 874 284
3 283 904 281
3 284 285 283
3 284 838 285
3 284 875 838
3 285 286 283
3 285 287 286
3 285 296 287
3 285 838 296
3 286 540 283
3 287 288 286
3 287 289 288
3 287 774 289
3 288 539 286
3 289 290 288
3 289 291 290
3 289 774 291
3 290 317 288
3 290 535 317
3 291 292 290
3 291 293 292
3 291 304 293
3 291 774 304
3 292 535 290
3 292 536 535
3 293 294 292
3 293 295 294
3 293 818 295
3 294 536 292
3 295 297 294
3 295 305 297
3 295 322 305
3 295 818 322
3 296 774 287
3 296 936 712
3 297 298 294
3 297 299 298
3 297 742 299
3 298 536 294
3 298 912 536
3 299 300 298
3 299 302 300
3 299 787 302
3 300 315 298
3 300 467 315
3 300 924 467
3 301 510 18
3 301 834 510
3 302 303 300
3 302 306 303
3 302 313 306
3 302 787 313
3 303 924 300
3 304 774 713
3 304 818 293
3 304 934 818
3 305 742 297
3 306 307 303
3 306 309 307
3 306 798 309
3 307 321 303
3 307 660 321
3 308 511 16
3 308 822 511
3 309 310 307
3 309 318 310
3 309 320 318
3 309 798 320
3 310 660 307
3 310 767 660
3 311 521 12
3 311 871 622
3 311 877 521
3 312 515 14
3 312 531 515
3 312 764 531
3 313 787 548
3 313 798 306
3 313 931 798
3 314 528 279
3 314 727 528
3 314 803 727
3 314 904 803
3 315 912 298
3 316 755 602
3 316 820 755
3 316 874 282
3 317 539 288
3 317 796 539
3 318 319 310
3 318 328 319
3 318 638 328
3 319 767 310
3 319 895 767
3 320 638 318
3 320 932 552
3 321 864 784
3 321 924 303
3 322 323 305
3 322 324 323
3 322 637 324
3 322 818 637
3 323 551 305
3 324 325 323
3 324 367 325
3 324 368 367
3 324 637 368
3 325 350 323
3 325 371 350
3 325 773 371
3 326 771 271
3 327 359 326
3 327 402 359
3 327 899 402
3 328 329 319
3 328 832 329
3 329 330 319
3 329 331 330
3 329 332 331
3 329 832 332
3 330 895 319
3 330 898 895
3 330 914 898
3 331 914 330
3 332 333 331
3 332 336 333
3 332 369 336
3 332 832 369
3 333 334 331
3 333 337 334
3 333 779 337
3 334 751 331
3 335 615 10
3 335 750 615
3 336 779 333
3 337 338 334
3 337 347 338
3 337 348 347
3 337 779 348
3 338 351 334
3 338 461 351
3 338 944 461
3 339 806 641
3 339 820 278
3 340 732 274
3 340 833 661
3 341 776 738
3 341 805 776
3 341 941 204
3 342 343 251
3 342 375 343
3 342 376 375
3 342 709 376
3 343 353 251
3 343 373 353
3 343 710 373
3 344 889 208
3 345 633 628
3 345 651 633
3 345 907 216
3 346 916 239
3 347 349 338
3 347 362 349
3 347 794 362
3 348 779 733
3 348 794 347
3 348 876 794
3 349 944 338
3 350 551 323
3 351 751 334
3 352 648 646
3 352 651 223
3 352 731 648
3 353 719 251
3 353 723 719
3 354 921 264
3 355 357 354
3 355 379 357
3 355 380 379
3 355 659 380
3 356 731 228
3 356 752 731
3 356 783 656
3 357 358 354
3 357 789 358
3 358 921 354
3 358 925 846
3 359 372 326
3 359 401 372
3 359 815 401
3 360 707 237
3 360 842 707
3 360 860 842
3 361 917 163
3 362 363 349
3 362 364 363
3 362 431 364
3 362 794 431
3 363 374 349
3 363 527 374
3 364 365 363
3 364 384 365
3 364 940 384
3 365 527 363
3 366 783 233
3 366 890 656
3 367 773 325
3 368 406 367
3 368 407 406
3 368 409 407
3 368 637 409
3 369 370 336
3 369 832 639
3 369 841 370
3 370 403 336
3 370 405 403
3 370 424 405
3 370 841 424
3 371 392 350
3 371 457 392
3 371 458 457
3 371 773 458
3 372 771 326
3 373 422 353
3 373 454 422
3 373 455 454
3 373 710 455
3 374 944 349
3 375 710 343
3 376 394 375
3 376 545 394
3 376 546 545
3 376 709 546
3 377 704 248
3 378 445 377
3 378 705 445
3 379 430 357
3 379 722 430
3 380 381 379
3 380 432 381
3 380 828 432
3 381 722 379
3 382 383 378
3 382 399 383
3 382 723 399
3 383 705 378
3 384 385 365
3 384 541 385
3 384 862 541
3 384 940 862
3 385 386 365
3 385 387 386
3 385 795 387
3 386 527 365
3 386 926 527
3 387 388 386
3 387 389 388
3 387 390 389
3 387 795 390
3 388 400 386
3 388 444 400
3 388 696 444
3 389 696 388
3 390 391 389
3 390 395 391
3 390 447 395
3 390 795 447
3 391 608 389
3 392 393 350
3 392 525 393
3 392 811 525
3 393 551 350
3 394 532 375
3 394 772 532
3 395 396 391
3 395 724 396
3 395 867 724
3 396 397 391
3 396 398 397
3 396 863 398
3 397 608 391
3 398 417 397
3 398 418 417
3 398 419 418
3 398 863 419
3 399 404 383
3 399 730 404
3 399 868 730
3 400 926 386
3 401 534 372
3 401 815 745
3 401 922 534
3 402 815 359
3 402 899 537
3 403 779 336
3 404 504 383
3 404 711 504
3 404 878 711
3 405 434 403
3 405 830 434
3 406 408 367
3 406 814 408
3 407 734 406
3 408 773 367
3 408 927 746
3 409 410 407
3 409 411 410
3 409 713 411
3 409 934 713
3 410 437 407
3 410 778 437
3 411 412 410
3 411 413 412
3 411 712 413
3 411 713 712
3 412 778 410
3 413 414 412
3 413 415 414
3 413 657 415
3 413 936 657
3 414 416 412
3 414 749 416
3 415 423 414
3 415 518 423
3 415 519 518
3 415 657 519
3 416 749 636
3 416 778 412
3 417 501 397
3 417 826 501
3 418 420 417
3 418 421 420
3 418 753 421
3 419 753 418
3 419 843 753
3 419 863 725
3 420 826 417
3 420 851 826
3 421 425 420
3 421 426 425
3 421 443 426
3 421 753 443
3 422 723 353
3 422 868 723
3 423 749 414
3 423 847 749
3 423 902 847
3 424 597 405
3 424 812 597
3 424 900 812
3 425 851 420
3 426 427 425
3 426 428 427
3 426 765 428
3 427 839 425
3 428 429 427
3 428 738 429
3 428 852 738
3 429 456 427
3 429 743 456
3 429 901 743
3 430 616 513
3 430 722 616
3 430 789 357
3 431 794 769
3 431 940 364
3 432 433 381
3 432 661 433
3 432 732 661
3 432 828 732
3 433 502 381
3 433 509 502
3 433 592 509
3 433 661 592
3 434 733 403
3 434 865 733
3 434 938 865
3 435 790 263
3 435 899 790
3 436 537 435
3 436 538 537
3 436 883 538
3 437 734 407
3 437 861 604
3 438 439 346
3 438 442 439
3 438 846 442
3 439 440 346
3 439 441 440
3 439 617 441
3 440 916 346
3 441 448 440
3 441 449 448
3 441 825 449
3 442 617 439
3 442 840 617
3 442 925 614
3 443 753 621
3 443 765 426
3 443 881 765
3 444 750 400
3 444 799 615
3 445 446 377
3 445 911 446
3 445 937 911
3 446 704 377
3 446 860 704
3 446 884 699
3 446 911 884
3 447 867 395
3 447 905 866
3 448 859 440
3 448 869 859
3 449 450 448
3 449 451 450
3 449 891 451
3 450 869 448
3 451 452 450
3 451 743 452
3 451 913 743
3 452 453 450
3 452 776 453
3 452 901 776
3 453 869 450
3 453 889 869
3 454 674 139
3 454 768 422
3 454 835 674
3 455 740 716
3 455 835 454
3 455 930 835
3 456 726 193
3 456 839 427
3 456 913 726
3 457 811 392
3 457 909 811
3 458 746 717
3 458 773 746
3 458 856 457
3 459 846 438
3 459 921 846
3 460 852 765
3 460 881 232
3 460 941 852
3 461 462 351
3 461 466 462
3 461 944 466
3 462 463 351
3 462 464 463
3 462 622 464
3 463 751 351
3 464 465 463
3 464 531 465
3 464 871 531
3 465 507 463
3 465 827 507
3 466 622 462
3 466 877 622
3 466 894 877
3 466 944 894
3 467 468 315
3 467 741 468
3 467 784 741
3 467 924 784
3 468 469 315
3 468 470 469
3 468 471 470
3 468 741 471
3 469 912 315
3 470 763 469
3 471 472 470
3 471 485 472
3 471 486 485
3 471 741 486
3 472 473 470
3 472 474 473
3 472 606 474
3 473 763 470
3 474 475 473
3 474 596 475
3 474 658 596
3 475 476 473
3 475 477 476
3 475 478 477
3 475 596 478
3 476 763 473
3 476 858 763
3 477 642 476
3 477 796 642
3 478 479 477
3 478 480 479
3 478 484 480
3 478 596 484
3 479 796 477
3 480 481 479
3 480 482 481
3 480 595 482
3 481 483 479
3 481 802 483
3 482 489 481
3 482 490 489
3 482 491 490
3 482 595 491
3 483 796 479
3 483 880 539
3 484 595 480
3 484 848 595
3 485 606 472
3 485 834 606
3 486 487 485
3 486 488 487
3 486 494 488
3 486 741 494
3 487 721 510
3 487 834 485
3 488 721 487
3 489 802 481
3 489 803 802
3 490 727 489
3 491 492 490
3 491 620 492
3 491 788 620
3 492 493 490
3 492 592 493
3 492 620 509
3 493 727 490
3 493 833 528
3 494 495 488
3 494 864 495
3 495 496 488
3 495 497 496
3 495 829 497
3 495 864 829
3 496 721 488
3 496 822 721
3 497 498 496
3 497 499 498
3 497 500 499
3 497 829 500
3 498 822 496
3 499 644 498
3 499 827 644
3 500 505 499
3 500 767 505
3 500 829 660
3 501 608 397
3 501 826 184
3 501 853 608
3 502 533 269
3 502 722 381
3 502 879 533
3 503 788 277
3 504 705 383
3 504 706 151
3 504 711 706
3 504 937 705
3 505 827 499
3 505 898 827
3 506 792 187
3 506 862 792
3 506 933 862
3 507 751 463
3 507 914 751
3 508 866 168
3 508 867 866
3 509 592 492
3 509 879 502
3 510 721 308
3 510 834 487
3 511 764 312
3 511 822 764
3 512 840 241
3 512 942 840
3 513 616 28
3 513 789 430
3 514 891 214
3 514 913 891
3 515 871 311
3 516 851 193
3 517 817 124
3 517 848 817
3 518 902 423
3 518 929 902
3 519 520 518
3 519 602 520
3 519 875 602
3 520 602 593
3 520 929 518
3 521 522 335
3 521 877 522
3 522 750 335
3 522 785 750
3 522 894 785
3 523 621 524
3 523 939 176
3 524 843 725
3 524 888 174
3 524 939 523
3 525 526 393
3 525 610 526
3 525 811 130
3 526 548 393
3 526 549 548
3 526 550 549
3 526 610 550
3 527 785 374
3 527 926 785
3 528 727 493
3 528 833 340
3 529 658 606
3 529 834 301
3 530 859 344
3 530 916 859
3 531 644 465
3 531 764 644
3 531 871 515
3 532 710 375
3 532 740 710
3 532 772 144
3 533 879 266
3 534 641 372
3 534 893 641
3 534 935 893
3 535 642 317
3 535 858 642
3 536 844 535
3 536 912 844
3 537 634 402
3 537 899 435
3 538 634 537
3 538 777 634
3 538 883 643
3 539 540 286
3 539 796 483
3 539 880 540
3 540 880 802
3 540 904 283
3 541 795 385
3 541 905 795
3 541 933 905
3 542 917 865
3 542 938 145
3 543 544 109
3 543 593 544
3 543 929 593
3 544 935 141
3 545 613 394
3 545 677 136
3 546 677 545
3 546 678 677
3 546 695 678
3 546 709 695
3 547 610 130
3 547 908 610
3 548 551 393
3 548 787 551
3 548 931 313
3 549 931 548
3 549 932 931
3 550 552 549
3 550 553 552
3 550 908 553
3 551 742 305
3 551 787 742
3 552 638 320
3 552 932 549
3 553 554 552
3 553 854 554
3 553 908 619
3 554 638 552
3 554 639 638
3 554 640 639
3 554 854 640
3 555 556 161
3 555 557 556
3 556 760 161
3 556 897 760
3 557 558 556
3 558 897 556
3 559 560 558
3 559 561 560
3 559 562 561
3 559 915 562
3 560 598 558
3 560 599 598
3 560 600 599
3 561 600 560
3 561 918 600
3 562 563 561
3 562 564 563
3 562 565 564
3 562 915 565
3 563 758 243
3 563 759 561
3 564 758 563
3 564 910 758
3 565 669 564
3 565 816 669
3 565 915 800
3 566 567 138
3 566 582 567
3 566 583 582
3 567 568 138
3 567 569 568
3 567 585 569
3 568 736 138
3 569 570 568
3 569 584 570
3 569 587 584
3 569 886 587
3 570 571 568
3 570 572 571
3 570 573 572
3 570 584 573
3 571 736 568
3 571 849 607
3 572 849 571
3 573 574 572
3 573 575 574
3 573 579 575
3 573 584 579
3 574 576 572
3 574 577 576
3 574 618 577
3 575 618 574
3 576 849 572
3 577 578 576
3 577 580 578
3 577 586 580
3 577 618 586
3 578 782 576
3 579 589 575
3 579 762 589
3 580 581 578
3 580 737 581
3 581 735 578
3 581 737 629
3 582 585 567
3 582 643 585
3 582 777 643
3 583 777 582
3 584 761 579
3 584 892 761
3 585 886 569
3 586 588 580
3 586 845 588
3 586 928 222
3 587 886 257
3 587 892 584
3 588 737 580
3 588 845 190
3 589 590 575
3 589 591 590
3 589 762 203
3 589 831 591
3 590 618 575
3 590 928 618
3 591 781 590
3 591 791 781
3 591 831 791
3 592 833 493
3 593 594 544
3 593 755 594
3 593 929 520
3 594 935 544
3 595 788 491
3 595 848 788
3 596 817 484
3 597 812 44
3 597 830 405
3 597 943 830
3 598 897 558
3 598 923 897
3 599 919 188
3 599 923 598
3 600 601 599
3 600 918 245
3 601 813 801
3 601 837 813
3 601 919 599
3 602 755 593
3 602 874 316
3 602 875 874
3 603 909 155
3 604 734 437
3 604 861 146
3 605 902 132
3 606 658 474
3 606 834 529
3 607 736 571
3 607 782 125
3 607 849 782
3 608 696 389
3 608 853 696
3 609 927 133
3 610 908 550
3 611 808 143
3 611 815 808
3 612 853 501
3 613 772 394
3 614 789 513
3 614 840 442
3 614 925 789
3 615 750 444
3 615 799 9
3 616 722 269
3 617 825 441
3 617 942 825
3 618 928 586
3 619 854 553
3 619 908 547
3 620 788 503
3 620 879 509
3 621 843 524
3 621 881 443
3 622 871 464
3 622 877 311
3 623 624 97
3 623 631 624
3 623 735 631
3 624 625 135
3 624 631 625
3 625 626 135
3 625 627 626
3 625 629 627
3 625 631 629
3 626 675 135
3 627 628 626
3 627 652 628
3 628 632 626
3 628 633 632
3 628 652 345
3 629 630 627
3 629 631 581
3 629 920 630
3 630 652 627
3 630 857 652
3 630 920 242
3 631 735 581
3 632 645 150
3 632 675 626
3 633 645 632
3 633 646 645
3 633 651 646
3 634 777 143
3 634 808 402
3 635 636 158
3 635 748 636
3 636 748 416
3 636 754 158
3 636 906 754
3 637 934 409
3 638 639 328
3 639 832 328
3 639 841 369
3 640 841 639
3 640 854 142
3 640 900 841
3 641 771 372
3 641 806 771
3 641 807 339
3 641 893 807
3 642 796 317
3 642 858 476
3 643 777 538
3 643 821 585
3 643 883 254
3 644 764 498
3 644 827 465
3 645 673 150
3 646 647 645
3 646 648 647
3 646 651 352
3 647 649 134
3 647 673 645
3 648 649 647
3 648 752 649
3 649 653 134
3 649 654 653
3 649 752 654
3 650 717 152
3 650 747 717
3 650 870 747
3 652 907 345
3 653 654 149
3 654 655 149
3 654 656 655
3 654 752 656
3 655 756 149
3 655 823 756
3 655 890 823
3 656 752 356
3 656 783 366
3 656 890 655
3 657 875 519
3 657 936 838
3 658 817 596
3 659 828 380
3 660 767 500
3 660 829 321
3 661 732 340
3 661 833 592
3 662 878 147
3 663 664 131
3 663 665 664
3 663 718 665
3 664 669 131
3 665 666 664
3 665 667 666
3 665 670 667
3 665 718 670
3 666 668 664
3 666 896 668
3 667 873 666
3 668 669 664
3 668 896 885
3 668 910 669
3 669 816 131
3 669 910 564
3 670 671 667
3 670 718 127
3 670 804 671
3 671 672 667
3 671 804 691
3 671 809 672
3 672 873 667
3 674 835 154
3 676 768 139
3 677 744 136
3 678 679 677
3 678 680 679
3 678 681 680
3 678 695 681
3 679 744 677
3 679 770 701
3 680 770 679
3 681 682 680
3 681 694 682
3 681 695 252
3 682 683 680
3 682 684 683
3 682 720 684
3 683 770 680
3 683 786 770
3 684 685 683
3 684 686 685
3 684 720 256
3 685 786 683
3 685 819 786
3 686 687 685
3 686 688 687
3 686 693 688
3 687 819 685
3 687 836 819
3 688 689 687
3 688 690 689
3 688 728 690
3 689 836 687
3 690 691 689
3 690 728 258
3 690 809 691
3 691 692 689
3 691 804 692
3 691 809 671
3 692 804 780
3 692 836 689
3 692 850 836
3 693 728 688
3 694 720 682
3 695 714 252
3 696 799 444
3 696 853 183
3 697 703 86
3 698 699 697
3 698 823 708
3 698 842 699
3 699 703 697
3 699 860 446
3 699 884 703
3 700 819 148
3 701 744 679
3 701 770 128
3 702 937 151
3 703 884 129
3 704 860 360
3 705 937 445
3 706 766 81
3 707 708 366
3 707 842 708
3 708 842 698
3 708 890 366
3 709 714 695
3 710 740 455
3 711 766 706
3 711 878 662
3 712 774 296
3 712 936 413
3 713 774 712
3 713 934 304
3 715 740 144
3 716 740 715
3 716 930 455
3 717 746 152
3 717 856 458
3 719 723 382
3 721 822 308
3 723 868 399
3 724 863 396
3 724 867 244
3 725 843 419
3 725 863 724
3 725 888 524
3 726 913 215
3 727 803 489
3 729 896 259
3 730 768 676
3 730 868 768
3 730 878 404
3 731 752 648
3 732 828 272
3 733 779 403
3 733 876 348
3 734 814 406
3 735 782 578
3 737 920 629
3 738 852 341
3 738 901 429
3 739 885 729
3 741 784 494
3 742 787 299
3 743 901 452
3 743 913 456
3 745 815 611
3 745 922 401
3 746 773 408
3 746 927 609
3 747 856 717
3 747 870 36
3 748 778 416
3 748 861 778
3 749 906 636
3 750 926 400
3 751 914 331
3 753 843 621
3 754 872 158
3 754 906 153
3 755 807 594
3 755 820 807
3 756 823 137
3 757 882 71
3 757 930 716
3 758 885 739
3 758 910 885
3 759 918 561
3 760 897 253
3 761 762 579
3 761 797 762
3 761 892 211
3 762 903 203
3 763 844 469
3 763 858 844
3 764 822 498
3 765 852 428
3 765 881 460
3 766 887 80
3 767 895 505
3 768 868 422
3 769 792 431
3 769 865 361
3 769 876 865
3 770 786 128
3 771 806 273
3 775 883 436
3 776 805 453
3 776 901 738
3 778 861 437
3 780 804 127
3 780 850 692
3 781 791 179
3 781 928 590
3 782 849 576
3 784 864 494
3 784 924 321
3 785 894 374
3 785 926 750
3 786 819 700
3 788 848 277
3 789 925 358
3 790 899 327
3 791 831 180
3 792 940 431
3 793 923 188
3 794 876 769
3 795 905 447
3 797 903 762
3 798 932 320
3 800 816 565
3 800 915 126
3 801 813 173
3 801 919 601
3 802 803 540
3 802 880 483
3 803 904 540
3 805 889 453
3 807 820 339
3 807 893 594
3 808 815 402
3 809 824 672
3 810 892 587
3 811 909 603
3 812 900 142
3 813 837 178
3 814 927 408
3 817 848 484
3 818 934 637
3 819 836 148
3 821 886 585
3 823 890 708
3 824 855 672
3 825 891 449
3 825 942 214
3 826 851 516
3 827 898 507
3 829 864 321
3 830 938 434
3 830 943 145
3 835 930 154
3 836 850 148
3 838 875 657
3 838 936 296
3 839 851 425
3 840 942 617
3 841 900 424
3 842 860 699
3 844 858 535
3 844 912 469
3 846 921 358
3 846 925 442
3 847 902 605
3 847 906 749
3 852 941 341
3 855 873 672
3 856 909 457
3 857 907 652
3 859 869 344
3 859 916 440
3 862 933 541
3 862 940 792
3 865 876 733
3 865 917 361
3 865 938 542
3 866 867 447
3 866 905 227
3 869 889 344
3 873 896 666
3 874 875 284
3 877 894 522
3 884 911 129
3 885 896 729
3 885 910 668
3 891 913 451
3 893 935 594
3 894 944 374
3 895 898 505
3 897 923 253
3 898 914 507
3 902 929 132
3 905 933 227
3 911 937 702
3 922 935 534
3 931 932 798

CELL_TYPES 1766
5
5
5
5
5
5
5
5
5
5
5
5
5
5
5
5
5
5
5
5
5
5
5
5
5
5
5
5
5
5
5
5
5
5
5
5
5
5
5
5
5
5
5
5
5
5
5
5
5
5
5
5
5
5
5
5
5
5
5
5
5
5
5
5
5
5
5
5
5
5
5
5
5
5
5
5
5
5
5
5
5
5
5
5
5
5
5
5
5
5
5
5
5
5
5
5
5
5
5
5
5
5
5
5
5
5
5
5
5
5
5
5
5
5
5
5
5
5
5
5
5
5
5
5
5
5
5
5
5
5
5
5
5
5
5
5
5
5
5
5
5
5
5
5
5
5
5
5
5
5
5
5
5
5
5
5
5
5
5
5
5
5
5
5
5
5
5
5
5
5
5
5
5
5
5
5
5
5
5
5
5
5
5
5
5
5
5
5
5
5
5
5
5
5
5
5
5
5
5
5
5
5
5
5
5
5
5
5
5
5
5
5
5
5
5
5
5
5
5
5
5
5
5
5
5
5
5
5
5
5
5
5
5
5
5
5
5
5
5
5
5
5
5
5
5
5
5
5
5
5
5
5
5
5
5
5
5
5
5
5
5
5
5
5
5
5
5
5
5
5
5
5
5
5
5
5
5
5
5
5
5
5
5
5
5
5
5
5
5
5
5
5
5
5
5
5
5
5
5
5
5
5
5
5
5
5
5
5
5
5
5
5
5
5
5
5
5
5
5
5
5
5
5
5
5
5
5
5
5
5
5
5
5
5
5
5
5
5
5
5
5
5
5
5
5
5
5
5
5
5
5
5
5
5
5
5
5
5
5
5
5
5
5
5
5
5
5
5
5
5
5
5
5
5
5
5
5
5
5
5
5
5
5
5
5
5
5
5
5
5
5
5
5
5
5
5
5
5
5
5
5
5
5
5
5
5
5
5
5
5
5
5
5
5
5
5
5
5
5
5
5
5
5
5
5
5
5
5
5
5
5
5
5
5
5
5
5
5
5
5
5
5
5
5
5
5
5
5
5
5
5
5
5
5
5
5
5
5
5
5
5
5
5
5
5
5
5
5
5
5
5
5
5
5
5
5
5
5
5
5
5
5
5
5
5
5
5
5
5
5
5
5
5
5
5
5
5
5
5
5
5
5
5
5
5
5
5
5
5
5
5
5
5
5
5
5
5
5
5
5
5
5
5
5
5
5
5
5
5
5
5
5
5
5
5
5
5
5
5
5
5
5
5
5
5
5
5
5
5
5
5
5
5
5
5
5
5
5
5
5
5
5
5
5
5
5
5
5
5
5
5
5
5
5
5
5
5
5
5
5
5
5
5
5
5
5
5
5
5
5
5
5
5
5
5
5
5
5
5
5
5
5
5
5
5
5
5
5
5
5
5
5
5
5
5
5
5
5
5
5
5
5
5
5
5
5
5
5
5
5
5
5
5
5
5
5
5
5
5
5
5
5
5
5
5
5
5
5
5
5
5
5
5
5
5
5
5
5
5
5
5
5
5
5
5
5
5
5
5
5
5
5
5
5
5
5
5
5
5
5
5
5
5
5
5
5
5
5
5
5
5
5
5
5
5
5
5
5
5
5
5
5
5
5
5
5
5
5
5
5
5
5
5
5
5
5
5
5
5
5
5
5
5
5
5
5
5
5
5
5
5
5
5
5
5
5
5
5
5
5
5
5
5
5
5
5
5
5
5
5
5
5
5
5
5
5
5
5
5
5
5
5
5
5
5
5
5
5
5
5
5
5
5
5
5
5
5
5
5
5
5
5
5
5
5
5
5
5
5
5
5
5
5
5
5
5
5
5
5
5
5
5
5
5
5
5
5
5
5
5
5
5
5
5
5
5
5
5
5
5
5
5
5
5
5
5
5
5
5
5
5
5
5
5
5
5
5
5
5
5
5
5
5
5
5
5
5
5
5
5
5
5
5
5
5
5
5
5
5
5
5
5
5
5
5
5
5
5
5
5
5
5
5
5
5
5
5
5
5
5
5
5
5
5
5
5
5
5
5
5
5
5
5
5
5
5
5
5
5
5
5
5
5
5
5
5
5
5
5
5
5
5
5
5
5
5
5
5
5
5
5
5
5
5
5
5
5
5
5
5
5
5
5
5
5
5
5
5
5
5
5
5
5
5
5
5
5
5
5
5
5
5
5
5
5
5
5
5
5
5
5
5
5
5
5
5
5
5
5
5
5
5
5
5
5
5
5
5
5
5
5
5
5
5
5
5
5
5
5
5
5
5
5
5
5
5
5
5
5
5
5
5
5
5
5
5
5
5
5
5
5
5
5
5
5
5
5
5
5
5
5
5
5
5
5
5
5
5
5
5
5
5
5
5
5
5
5
5
5
5
5
5
5
5
5
5
5
5
5
5
5
5
5
5
5
5
5
5
5
5
5
5
5
5
5
5
5
5
5
5
5
5
5
5
5
5
5
5
5
5
5
5
5
5
5
5
5
5
5
5
5
5
5
5
5
5
5
5
5
5
5
5
5
5
5
5
5
5
5
5
5
5
5
5
5
5
5
5
5
5
5
5
5
5
5
5
5
5
5
5
5
5
5
5
5
5
5
5
5
5
5
5
5
5
5
5
5
5
5
5
5
5
5
5
5
5
5
5
5
5
5
5
5
5
5
5
5
5
5
5
5
5
5
5
5
5
5
5
5
5
5
5
5
5
5
5
5
5
5
5
5
5
5
5
5
5
5
5
5
5
5
5
5
5
5
5
5
5
5
5
5
5
5
5
5
5
5
5
5
5
5
5
5
5
5
5
5
5
5
5
5
5
5
5
5
5
5
5
5
5
5
5
5
5
5
5
5
5
5
5
5
5
5
5
5
5
5
5
5
5
5
5
5
5
5
5
5
5
5
5
5
5
5
5
5
5
5
5
5
5
5
5
5
5
5
5
5
5
5
5
5
5
5
5
5
5
5
5
5
5
5
5
5
5
5
5
5
5
5
5
5
5
5
5
5
5
5
5
5
5
5
5
5
5
5
5
5
5
5
5
5
5
5
5
5
5
5
5
5
5
5
5
5
5
5
5
5
5
5
5
5
5
5
5
5
5
5
5
5
5
5
5
5
5
5
5
5
5
5
5
5
5
5
5
5
5
5
5
5
5
5
5
5
5
5
5
5
5
5
5
5
5
5
5
5
5
5
5
5
5
5
5
5
5
5
5
5
5
5
5
5
5
5
5
5
5
5
5
5
5
5
5
5
5
5
5
5
5
5
5
5
5
5
5
5
5
5
5
5
5
5
5
5
5
5
5
5
5
5
5
5
5
5
5
5
5
5
5
5
5
5
5
5
5
5
5
5
5
5
5
5
5
5
5
5
5
5
5
5
5
5
5
5
5
5
5
5
5
5
5
5
5
5
5
5
5
5
5
5
5
5
5
5
5
5
5
5
5
5
5
5
5
5
5
5
5
5
5
5
5
5
5
5
5
5
5
5
5
5
5
5
5
5
5
5
5
5
5
5
5
5
5
5
5
5
5
5
5
5
5
5
5
5
5
5
5
5
5
5
5
5
5
5
5
5
5
5
5
5
5
5
5
5
5
5
5
5
5
5
5
5
5
5
5
5
5
5
5
5
5
5
5
5
5
5
5
5
5
5
5
5
5
5
5
5
5
5
5
5
5
5
5
5
5
5
5
5
5
5
5
5
5
5
5
5
5
5
5
5
5
5
5
5
5
5
5
5
5
5
5
5
5
5
5
5
5
5
5
5
5
5
5
5
5
5
5
5
5
5
5
5
5
5
5
5
5
5
5
5
5
5
5
5
5
5
5
5
5
5
5
5
5
5
5
5
5
5
5
5
5
5
5
5
5
5
5
5
5
5
5
5
5
5
5
5
5
5
5
5
5
5
5
5
5
5
5
5
5
5
5
5
5
5
5
5
5
5
5
5
5
5
5
5
5
5
5
5
5
5
5
5
5
5
5
5
5
5
5
5
5
5
5
5
5
5
5
5
5
5
5
5
5
5
5
5
5
POINT_DATA 945
FIELD FieldData 2
VELOCITY 3 945  float
1.0000000e-01 0.0000000e+00 0.0000000e+00 
1.0000078e-01 0.0000000e+00 0.0000000e+00 
1.0000030e-01 0.0000000e+00 0.0000000e+00 
1.0000000e-01 0.0000000e+00 0.0000000e+00 
0.0000000e+00 0.0000000e+00 0.0000000e+00 
0.0000000e+00 0.0000000e+00 0.0000000e+00 
0.0000000e+00 0.0000000e+00 0.0000000e+00 
0.0000000e+00 0.0000000e+00 0.0000000e+00 
0.0000000e+00 0.0000000e+00 0.0000000e+00 
0.0000000e+00 0.0000000e+00 0.0000000e+00 
0.0000000e+00 0.0000000e+00 0.0000000e+00 
0.0000000e+00 0.0000000e+00 0.0000000e+00 
0.0000000e+00 0.0000000e+00 0.0000000e+00 
0.0000000e+00 0.0000000e+00 0.0000000e+00 
0.0000000e+00 0.0000000e+00 0.0000000e+00 
0.0000000e+00 0.0000000e+00 0.0000000e+00 
0.0000000e+00 0.0000000e+00 0.0000000e+00 
0.0000000e+00 0.0000000e+00 0.0000000e+00 
0.0000000e+00 0.0000000e+00 0.0000000e+00 
0.0000000e+00 0.0000000e+00 0.0000000e+00 
0.0000000e+00 0.0000000e+00 0.0000000e+00 
0.0000000e+00 0.0000000e+00 0.0000000e+00 
0.0000000e+00 0.0000000e+00 0.0000000e+00 
0.0000000e+00 0.0000000e+00 0.0000000e+00 
0.0000000e+00 0.0000000e+00 0.0000000e+00 
0.0000000e+00 0.0000000e+00 0.0000000e+00 
0.0000000e+00 0.0000000e+00 0.0000000e+00 
0.0000000e+00 0.0000000e+00 0.0000000e+00 
0.0000000e+00 0.0000000e+00 0.0000000e+00 
0.0000000e+00 0.0000000e+00 0.0000000e+00 
0.0000000e+00 0.0000000e+00 0.0000000e+00 
0.0000000e+00 0.0000000e+00 0.0000000e+00 
0.0000000e+00 0.0000000e+00 0.0000000e+00 
0.0000000e+00 0.0000000e+00 0.0000000e+00 
0.0000000e+00 0.0000000e+00 0.0000000e+00 
0.0000000e+00 0.0000000e+00 0.0000000e+00 
1.0018372e-01 2.6253291e-27 0.0000000e+00 
1.0075832e-01 9.0472879e-26 0.0000000e+00 
1.0189556e-01 9.0472879e-26 0.0000000e+00 
1.0385536e-01 9.0472879e-26 0.0000000e+00 
1.0688492e-01 1.5509636e-25 0.0000000e+00 
1.1098468e-01 1.5509636e-25 0.0000000e+00 
1.1611088e-01 1.5509636e-25 0.0000000e+00 
1.2173753e-01 4.1359031e-25 0.0000000e+00 
1.2724449e-01 7.2378304e-25 0.0000000e+00 
1.3176347e-01 4.1359031e-25 0.0000000e+00 
1.3477698e-01 8.2718061e-25 0.0000000e+00 
1.3594176e-01 8.2718061e-25 0.0000000e+00 
1.3513096e-01 8.2718061e-25 0.0000000e+00 
1.3232167e-01 -8.2718061e-25 0.0000000e+00 
1.2760845e-01 -8.2718061e-25 0.0000000e+00 
1.2168455e-01 -8.2718061e-25 0.0000000e+00 
1.1582696e-01 -1.6543612e-24 0.0000000e+00 
1.1077517e-01 -1.6543612e-24 0.0000000e+00 
1.0675758e-01 -1.6543612e-24 0.0000000e+00 
1.0402307e-01 -1.0339758e-25 0.0000000e+00 
1.0232634e-01 -1.0339758e-25 0.0000000e+00 
1.0133107e-01 -1.0339758e-25 0.0000000e+00 
1.0075071e-01 3.6189152e-25 0.0000000e+00 
1.0042546e-01 3.6189152e-25 0.0000000e+00 
1.0024552e-01 3.6189152e-25 0.0000000e+00 
1.0014004e-01 2.5849394e-26 0.0000000e+00 
1.0008035e-01 2.5849394e-26 0.0000000e+00 
1.0004590e-01 2.5849394e-26 0.0000000e+00 
1.0002617e-01 -3.2311743e-27 0.0000000e+00 
1.0001495e-01 -3.2311743e-27 0.0000000e+00 
1.0000864e-01 -3.2311743e-27 0.0000000e+00 
1.0000502e-01 1.2495557e-27 0.0000000e+00 
1.0000297e-01 1.2495557e-27 0.0000000e+00 
1.0000180e-01 1.2495557e-27 0.0000000e+00 
1.0000113e-01 -5.0487098e-28 0.0000000e+00 
1.0000062e-01 3.3079328e-07 0.0000000e+00 
1.0000036e-01 5.3118492e-07 0.0000000e+00 
9.9999979e-02 5.7609122e-07 0.0000000e+00 
9.9999689e-02 4.4420315e-07 0.0000000e+00 
9.9999510e-02 1.7109132e-07 0.0000000e+00 
9.9999487e-02 -1.2117624e-07 0.0000000e+00 
9.9999696e-02 -3.4908123e-07 0.0000000e+00 
9.9999957e-02 -3.4946223e-07 0.0000000e+00 
1.0000017e-01 -2.3752526e-07 0.0000000e+00 
1.0000055e-01 1.0097420e-28 0.0000000e+00 
1.0000110e-01 1.1612033e-27 0.0000000e+00 
1.0000212e-01 1.1612033e-27 0.0000000e+00 
1.0000402e-01 1.1612033e-27 0.0000000e+00 
1.0000750e-01 -4.7457872e-27 0.0000000e+00 
1.0001329e-01 -4.7457872e-27 0.0000000e+00 
1.0002406e-01 -4.7457872e-27 0.0000000e+00 
1.0004341e-01 -2.5849394e-26 0.0000000e+00 
1.0007622e-01 -2.5849394e-26 0.0000000e+00 
1.0013366e-01 -2.5849394e-26 0.0000000e+00 
1.0023600e-01 0.0000000e+00 0.0000000e+00 
1.0042012e-01 0.0000000e+00 0.0000000e+00 
1.0074402e-01 0.0000000e+00 0.0000000e+00 
1.0131516e-01 -6.2038546e-25 0.0000000e+00 
1.0230786e-01 -6.2038546e-25 0.0000000e+00 
1.0398225e-01 -6.2038546e-25 0.0000000e+00 
1.0667904e-01 0.0000000e+00 0.0000000e+00 
1.1067269e-01 0.0000000e+00 0.0000000e+00 
1.1581398e-01 0.0000000e+00 0.0000000e+00 
1.2175570e-01 1.8611564e-24 0.0000000e+00 
1.2772624e-01 1.8611564e-24 0.0000000e+00 
1.3235240e-01 1.8611564e-24 0.0000000e+00 
1.3520476e-01 -2.5849394e-25 0.0000000e+00 
1.3609149e-01 -2.5849394e-25 0.0000000e+00 
1.3487872e-01 -2.5849394e-25 0.0000000e+00 
1.3173148e-01 5.1698788e-26 0.0000000e+00 
1.2714610e-01 5.1698788e-26 0.0000000e+00 
1.2170822e-01 5.1698788e-26 0.0000000e+00 
1.1612675e-01 -3.1019273e-25 0.0000000e+00 
1.1097525e-01 -3.1019273e-25 0.0000000e+00 
1.0684969e-01 -3.1019273e-25 0.0000000e+00 
1.0378595e-01 0.0000000e+00 0.0000000e+00 
1.0182761e-01 0.0000000e+00 0.0000000e+00 
1.0072167e-01 0.0000000e+00 0.0000000e+00 
1.0015811e-01 -3.2311743e-27 0.0000000e+00 
1.0000000e-01 0.0000000e+00 0.0000000e+00 
1.0000000e-01 0.0000000e+00 0.0000000e+00 
1.0000000e-01 0.0000000e+00 0.0000000e+00 
1.0000000e-01 0.0000000e+00 0.0000000e+00 
1.0000000e-01 0.0000000e+00 0.0000000e+00 
1.0000000e-01 0.0000000e+00 0.0000000e+00 
1.0000000e-01 0.0000000e+00 0.0000000e+00 
1.0000000e-01 0.0000000e+00 0.0000000e+00 
1.0000000e-01 0.0000000e+00 0.0000000e+00 
1.0346219e-02 8.6268131e-03 0.0000000e+00 
1.1840317e-01 -4.8793815e-03 0.0000000e+00 
1.2501855e-01 5.3366050e-03 0.0000000e+00 
1.0157395e-01 8.2816061e-04 0.0000000e+00 
1.0009013e-01 4.7991431e-05 0.0000000e+00 
1.0000869e-01 -4.6538521e-06 0.0000000e+00 
1.0453215e-01 -2.8200834e-03 0.0000000e+00 
1.0787348e-01 3.4108567e-03 0.0000000e+00 
1.0478341e-01 2.3997803e-03 0.0000000e+00 
9.9873528e-02 -1.8412853e-04 0.0000000e+00 
1.0048749e-01 -2.7343692e-04 0.0000000e+00 
1.0473823e-01 -2.2903301e-03 0.0000000e+00 
1.0001631e-01 9.4351108e-06 0.0000000e+00 
1.0005049e-01 -2.6073747e-05 0.0000000e+00 
1.3464683e-01 -2.3218535e-03 0.0000000e+00 
9.9999331e-02 4.3628185e-07 0.0000000e+00 
1.3652119e-01 6.8475603e-04 0.0000000e+00 
1.1902297e-01 4.0777260e-03 0.0000000e+00 
1.1896169e-01 -4.9509699e-03 0.0000000e+00 
1.3441202e-01 2.8840373e-03 0.0000000e+00 
1.0000314e-01 1.8957771e-06 0.0000000e+00 
1.3434705e-01 -2.5946090e-03 0.0000000e+00 
9.9946395e-02 3.9035067e-04 0.0000000e+00 
9.9999383e-02 -3.5070869e-07 0.0000000e+00 
1.0028049e-01 1.4512573e-04 0.0000000e+00 
1.0015241e-01 -8.3548024e-05 0.0000000e+00 
1.0154913e-01 -8.3925517e-04 0.0000000e+00 
1.0000231e-01 -1.5110001e-06 0.0000000e+00 
1.0000731e-01 -4.8875465e-04 0.0000000e+00 
1.0109053e-01 8.1271370e-04 0.0000000e+00 
1.0000018e-01 7.4261430e-07 0.0000000e+00 
1.0103959e-01 -9.4410247e-04 0.0000000e+00 
1.0000016e-01 -4.2777972e-07 0.0000000e+00 
1.0000124e-01 5.5777099e-07 0.0000000e+00 
1.0003954e-01 3.6734188e-04 0.0000000e+00 
1.3635799e-01 -9.2549482e-04 0.0000000e+00 
1.3887218e-01 -4.6591414e-04 0.0000000e+00 
1.3766584e-01 2.8190208e-03 0.0000000e+00 
1.4083469e-01 2.3891972e-03 0.0000000e+00 
1.4180736e-01 -1.5473341e-03 0.0000000e+00 
1.4204995e-01 1.8229829e-03 0.0000000e+00 
1.3891417e-01 6.3974676e-03 0.0000000e+00 
1.3286085e-01 6.8378039e-03 0.0000000e+00 
1.2794369e-01 1.1449035e-02 0.0000000e+00 
1.0837674e-01 1.2088593e-02 0.0000000e+00 
1.0612282e-01 1.5114034e-02 0.0000000e+00 
7.9714499e-02 1.4214191e-02 0.0000000e+00 
7.8729749e-02 1.6605098e-02 0.0000000e+00 
5.0620157e-02 1.3025079e-02 0.0000000e+00 
5.0487112e-02 1.5021917e-02 0.0000000e+00 
2.3682710e-02 9.5278099e-03 0.0000000e+00 
2.7093487e-02 1.0880820e-02 0.0000000e+00 
7.5071412e-03 4.4442662e-03 0.0000000e+00 
1.5268125e-02 4.3027387e-03 0.0000000e+00 
3.3616032e-02 1.2018519e-02 0.0000000e+00 
2.5090799e-02 3.1440984e-03 0.0000000e+00 
9.5745977e-03 -2.3746425e-03 0.0000000e+00 
4.3982066e-02 1.2764012e-02 0.0000000e+00 
3.7885889e-02 9.7173237e-04 0.0000000e+00 
2.9031448e-03 1.1937457e-04 0.0000000e+00 
-1.2356755e-03 -2.5578809e-03 0.0000000e+00 
5.5422548e-02 1.2739086e-02 0.0000000e+00 
5.2706383e-02 -3.5560547e-04 0.0000000e+00 
1.4367281e-01 -3.1436849e-03 0.0000000e+00 
1.0748845e-01 1.7764939e-02 0.0000000e+00 
6.7533635e-02 1.1151192e-02 0.0000000e+00 
6.7347184e-02 -1.8839998e-03 0.0000000e+00 
2.5074698e-03 -1.6907402e-03 0.0000000e+00 
1.7508198e-02 -7.6999511e-03 0.0000000e+00 
-1.4807584e-03 1.2379239e-03 0.0000000e+00 
7.6954491e-02 7.5690611e-03 0.0000000e+00 
7.9605758e-02 -3.1837132e-03 0.0000000e+00 
8.5627116e-02 4.3487106e-03 0.0000000e+00 
8.7681279e-02 -1.9071198e-03 0.0000000e+00 
9.1472276e-02 2.5932444e-03 0.0000000e+00 
9.2861228e-02 -1.4228721e-03 0.0000000e+00 
9.4987690e-02 1.3662573e-03 0.0000000e+00 
1.0402677e-02 -5.5393702e-03 0.0000000e+00 
3.3613037e-02 -1.0841233e-02 0.0000000e+00 
4.6009399e-02 -1.4182187e-02 0.0000000e+00 
2.9410185e-02 -8.4580015e-03 0.0000000e+00 
5.5323999e-02 -1.2559218e-02 0.0000000e+00 
4.9691986e-02 -1.0159821e-02 0.0000000e+00 
8.0389120e-02 -1.2820475e-02 0.0000000e+00 
7.3434733e-02 -1.0642590e-02 0.0000000e+00 
1.0497642e-01 -1.1085710e-02 0.0000000e+00 
1.0380834e-01 -8.6579733e-03 0.0000000e+00 
1.0726613e-01 -1.3500430e-02 0.0000000e+00 
1.2607318e-01 -7.1227346e-03 0.0000000e+00 
1.2761776e-01 -3.5446291e-03 0.0000000e+00 
9.5493942e-03 -2.9370894e-03 0.0000000e+00 
-6.4783235e-05 1.6697623e-03 0.0000000e+00 
9.6070781e-02 -9.0457458e-04 0.0000000e+00 
9.7159930e-02 6.4769055e-04 0.0000000e+00 
9.7913481e-02 -7.4380188e-04 0.0000000e+00 
9.8465659e-02 2.8029521e-04 0.0000000e+00 
1.3902290e-01 -2.1341168e-03 0.0000000e+00 
1.4087024e-01 2.2027506e-03 0.0000000e+00 
5.2880824e-02 -1.1745184e-02 0.0000000e+00 
9.8873958e-02 -4.3154659e-04 0.0000000e+00 
9.9142879e-02 1.3154445e-04 0.0000000e+00 
9.9379711e-02 -2.5261813e-04 0.0000000e+00 
9.9520929e-02 5.6559671e-05 0.0000000e+00 
1.1411053e-01 8.9630913e-03 0.0000000e+00 
9.9657759e-02 -1.4850139e-04 0.0000000e+00 
9.9732310e-02 2.2896482e-05 0.0000000e+00 
9.9807583e-02 -8.5501604e-05 0.0000000e+00 
9.9849224e-02 9.1028278e-06 0.0000000e+00 
-1.9469833e-03 -1.0845620e-03 0.0000000e+00 
9.9893309e-02 -4.9629602e-05 0.0000000e+00 
9.9913582e-02 3.2505063e-06 0.0000000e+00 
9.9941336e-02 -3.2207263e-05 0.0000000e+00 
9.9951468e-02 -4.0256947e-07 0.0000000e+00 
9.9968113e-02 -1.8658202e-05 0.0000000e+00 
9.9972747e-02 -8.1726472e-07 0.0000000e+00 
1.2787119e-01 1.1465806e-04 0.0000000e+00 
1.4228027e-01 7.4944524e-03 0.0000000e+00 
3.1159814e-02 -3.7950396e-03 0.0000000e+00 
9.0015583e-02 -8.4025869e-03 0.0000000e+00 
8.7282225e-02 1.5999794e-02 0.0000000e+00 
5.1749341e-02 1.0641081e-02 0.0000000e+00 
7.4216008e-02 2.1067908e-02 0.0000000e+00 
9.9982217e-02 -1.0687026e-05 0.0000000e+00 
9.9984594e-02 -7.2771076e-07 0.0000000e+00 
9.9990115e-02 -6.1856540e-06 0.0000000e+00 
9.9991292e-02 -5.5164827e-07 0.0000000e+00 
9.9989995e-02 4.7902563e-06 0.0000000e+00 
9.9994265e-02 2.6400714e-06 0.0000000e+00 
9.9969670e-02 1.6168813e-05 0.0000000e+00 
1.3415782e-01 1.0582267e-02 0.0000000e+00 
1.4322916e-01 1.9069805e-03 0.0000000e+00 
9.9994600e-02 -3.6253964e-06 0.0000000e+00 
9.9845111e-02 1.0474184e-04 0.0000000e+00 
1.3676473e-01 -5.6778691e-03 0.0000000e+00 
9.9203721e-02 6.9078058e-04 0.0000000e+00 
9.5784932e-02 4.2833183e-03 0.0000000e+00 
1.3315018e-01 6.3621714e-03 0.0000000e+00 
1.4325222e-01 1.3463276e-02 0.0000000e+00 
1.4390317e-01 1.1412994e-02 0.0000000e+00 
1.4262839e-01 1.6705783e-02 0.0000000e+00 
1.4242482e-01 2.0731153e-02 0.0000000e+00 
1.3973029e-01 2.2422064e-02 0.0000000e+00 
5.1551804e-02 4.0758599e-02 0.0000000e+00 
1.3967086e-01 2.8055422e-02 0.0000000e+00 
1.3478239e-01 2.7147142e-02 0.0000000e+00 
6.0542975e-02 2.2032354e-02 0.0000000e+00 
1.3445985e-01 2.0608243e-02 0.0000000e+00 
1.2913375e-01 2.3626329e-02 0.0000000e+00 
1.2775944e-01 3.1788662e-02 0.0000000e+00 
1.2279914e-01 2.5554225e-02 0.0000000e+00 
1.1919644e-01 3.2279931e-02 0.0000000e+00 
1.1626933e-01 2.5474122e-02 0.0000000e+00 
1.1138874e-01 3.0584317e-02 0.0000000e+00 
2.8601229e-02 3.8180914e-02 0.0000000e+00 
1.1033418e-01 2.3499217e-02 0.0000000e+00 
1.0453032e-01 2.6620623e-02 0.0000000e+00 
1.0555637e-01 2.0472096e-02 0.0000000e+00 
1.0019736e-01 2.1881374e-02 0.0000000e+00 
1.0201630e-01 1.6874170e-02 0.0000000e+00 
9.6727788e-02 1.7476251e-02 0.0000000e+00 
9.9760175e-02 1.2990582e-02 0.0000000e+00 
9.5982537e-02 1.1971433e-02 0.0000000e+00 
9.1670521e-02 1.4440237e-02 0.0000000e+00 
9.2801020e-02 9.5424773e-03 0.0000000e+00 
8.7894097e-02 1.0174584e-02 0.0000000e+00 
9.0190500e-02 6.2260502e-03 0.0000000e+00 
8.5908793e-02 4.8408937e-03 0.0000000e+00 
8.9809068e-02 2.2489340e-03 0.0000000e+00 
8.6211070e-02 -5.9747515e-04 0.0000000e+00 
9.0509273e-02 -1.3703629e-03 0.0000000e+00 
8.8493392e-02 -5.0829425e-03 0.0000000e+00 
9.2475563e-02 -4.2420225e-03 0.0000000e+00 
9.5852166e-02 7.9482039e-03 0.0000000e+00 
9.1811411e-02 -8.0496361e-03 0.0000000e+00 
8.6651757e-02 -1.0378445e-02 0.0000000e+00 
9.2496179e-02 -1.2413023e-02 0.0000000e+00 
8.8462494e-02 -1.7903332e-02 0.0000000e+00 
1.3662424e-02 -2.2753682e-02 0.0000000e+00 
9.4980404e-02 -1.7137423e-02 0.0000000e+00 
9.3351588e-02 -2.3364130e-02 0.0000000e+00 
9.2977449e-02 1.4209572e-03 0.0000000e+00 
9.4877601e-02 -6.0679372e-03 0.0000000e+00 
9.9102758e-02 -2.0837493e-02 0.0000000e+00 
9.9221364e-02 -2.7436068e-02 0.0000000e+00 
4.3575153e-02 -4.4698473e-02 0.0000000e+00 
1.0449187e-01 -2.3067996e-02 0.0000000e+00 
1.0648521e-01 -2.9466502e-02 0.0000000e+00 
6.7212045e-02 -1.3771869e-02 0.0000000e+00 
6.1253604e-02 -3.4548897e-02 0.0000000e+00 
9.9448308e-02 -1.5568164e-02 0.0000000e+00 
9.7461343e-02 2.8774533e-02 0.0000000e+00 
8.1617922e-02 -1.5033527e-02 0.0000000e+00 
1.0617794e-01 1.5275652e-02 0.0000000e+00 
8.1043608e-02 9.6308412e-03 0.0000000e+00 
1.1060405e-01 -2.3116281e-02 0.0000000e+00 
1.1472177e-01 -2.9712789e-02 0.0000000e+00 
1.0800444e-01 -1.8231435e-02 0.0000000e+00 
9.2308208e-02 -3.1707294e-02 0.0000000e+00 
9.5200472e-02 -3.2738987e-03 0.0000000e+00 
9.7226001e-02 -4.6394141e-03 0.0000000e+00 
9.7201683e-02 -2.3567388e-03 0.0000000e+00 
9.8536149e-02 -3.1131671e-03 0.0000000e+00 
1.2943266e-01 1.7658263e-02 0.0000000e+00 
1.3374254e-01 1.4926218e-02 0.0000000e+00 
1.1682992e-01 -2.1814711e-02 0.0000000e+00 
1.2183534e-01 -2.6033642e-02 0.0000000e+00 
1.2152217e-01 -3.3155363e-02 0.0000000e+00 
1.2860334e-01 -2.9625729e-02 0.0000000e+00 
1.2679769e-01 -2.2060445e-02 0.0000000e+00 
1.3309279e-01 -2.3207199e-02 0.0000000e+00 
1.3618220e-01 -2.9035943e-02 0.0000000e+00 
3.3480696e-02 3.6553501e-03 0.0000000e+00 
1.3044105e-01 -1.7551092e-02 0.0000000e+00 
1.3918538e-01 -2.2115620e-02 0.0000000e+00 
1.4127922e-01 -2.5399374e-02 0.0000000e+00 
1.1468080e-01 1.9604584e-02 0.0000000e+00 
1.1297724e-01 3.8433649e-02 0.0000000e+00 
2.1975899e-02 -5.5180863e-03 0.0000000e+00 
9.9995501e-02 6.5210261e-06 0.0000000e+00 
9.9997394e-02 3.7099105e-06 0.0000000e+00 
7.8739844e-02 -8.9547718e-03 0.0000000e+00 
9.8271281e-02 -2.2557280e-03 0.0000000e+00 
1.1085299e-01 -9.6432323e-04 0.0000000e+00 
1.4309350e-01 -1.8957715e-02 0.0000000e+00 
1.4090911e-01 -1.6051058e-02 0.0000000e+00 
1.3987456e-01 -1.7448327e-02 0.0000000e+00 
9.9175580e-02 -4.9710716e-03 0.0000000e+00 
1.3724151e-01 -3.3216204e-02 0.0000000e+00 
9.9489421e-02 -6.8758230e-04 0.0000000e+00 
9.9996738e-02 1.4700387e-06 0.0000000e+00 
1.3771135e-01 2.4908954e-02 0.0000000e+00 
1.3642211e-01 3.3496056e-02 0.0000000e+00 
9.9850282e-02 -2.1310919e-04 0.0000000e+00 
1.2696885e-01 2.6075942e-02 0.0000000e+00 
1.2359143e-01 1.6250206e-02 0.0000000e+00 
1.2944260e-01 1.2494981e-02 0.0000000e+00 
9.9987224e-02 -2.3307502e-05 0.0000000e+00 
1.4193198e-01 -4.8916633e-03 0.0000000e+00 
1.4260027e-01 -1.3122169e-02 0.0000000e+00 
1.3180099e-01 -9.0151681e-03 0.0000000e+00 
1.3666382e-01 -6.2262458e-03 0.0000000e+00 
1.1812375e-01 -8.2428427e-04 0.0000000e+00 
9.9960200e-02 -8.1510560e-05 0.0000000e+00 
9.8554902e-02 -1.6742932e-03 0.0000000e+00 
9.7784236e-02 -6.9188612e-04 0.0000000e+00 
1.2506454e-01 -1.6670739e-02 0.0000000e+00 
1.2855031e-01 -1.2531157e-02 0.0000000e+00 
9.9827737e-02 -3.1413161e-03 0.0000000e+00 
1.2482550e-01 1.4263652e-02 0.0000000e+00 
9.9998519e-02 2.1056105e-06 0.0000000e+00 
1.2456572e-01 -1.1313297e-02 0.0000000e+00 
9.9999607e-02 5.8139349e-06 0.0000000e+00 
9.9999487e-02 1.0110506e-05 0.0000000e+00 
9.9996492e-02 -7.7359737e-06 0.0000000e+00 
9.9998064e-02 -4.2102024e-06 0.0000000e+00 
1.2681244e-01 3.6985736e-02 0.0000000e+00 
1.3153015e-01 4.1021001e-02 0.0000000e+00 
1.2296876e-01 4.7136419e-02 0.0000000e+00 
9.9996991e-02 -1.9831707e-06 0.0000000e+00 
9.9999018e-02 -2.3135854e-06 0.0000000e+00 
1.2611581e-01 2.0173489e-04 0.0000000e+00 
1.0204829e-01 4.7251242e-03 0.0000000e+00 
8.6045004e-02 4.3883100e-03 0.0000000e+00 
6.9620483e-02 7.4359132e-03 0.0000000e+00 
4.9932282e-02 6.7180847e-03 0.0000000e+00 
3.9520256e-02 6.2159849e-03 0.0000000e+00 
5.7923149e-02 7.9209814e-03 0.0000000e+00 
3.1679902e-02 5.3232587e-03 0.0000000e+00 
1.0095202e-01 -4.3551759e-03 0.0000000e+00 
1.0103053e-01 -6.8080612e-03 0.0000000e+00 
1.0000356e-01 6.8970380e-06 0.0000000e+00 
4.8472650e-02 7.9082800e-03 0.0000000e+00 
2.5524851e-02 4.8865099e-03 0.0000000e+00 
1.2740205e-02 1.5785481e-03 0.0000000e+00 
9.2719179e-03 1.7738905e-03 0.0000000e+00 
9.9998191e-02 -1.0539400e-06 0.0000000e+00 
6.2145345e-02 5.4296767e-03 0.0000000e+00 
1.2542979e-01 9.4601773e-03 0.0000000e+00 
1.3417011e-01 9.7015584e-03 0.0000000e+00 
1.3363825e-01 -1.2672517e-02 0.0000000e+00 
9.9999294e-02 -1.3253422e-06 0.0000000e+00 
1.3109696e-01 -8.6394893e-03 0.0000000e+00 
9.8945074e-02 -6.2886544e-04 0.0000000e+00 
9.8640628e-02 2.2101366e-04 0.0000000e+00 
9.9383339e-02 -1.1235870e-03 0.0000000e+00 
9.7081363e-02 8.7730453e-04 0.0000000e+00 
9.8560192e-02 1.3959132e-03 0.0000000e+00 
9.7601801e-02 2.6967453e-03 0.0000000e+00 
9.9028543e-02 2.4206855e-03 0.0000000e+00 
9.8582342e-02 4.4530029e-03 0.0000000e+00 
9.9947147e-02 3.2042747e-03 0.0000000e+00 
1.0045135e-01 5.0613787e-03 0.0000000e+00 
9.9840179e-02 1.8690675e-03 0.0000000e+00 
1.8167923e-03 -9.1036077e-04 0.0000000e+00 
-2.9800471e-04 2.8532302e-05 0.0000000e+00 
7.4447389e-03 2.5989991e-03 0.0000000e+00 
-3.1893849e-03 -1.1823744e-03 0.0000000e+00 
-4.8256312e-03 -2.0237305e-04 0.0000000e+00 
9.9998094e-02 8.3288347e-07 0.0000000e+00 
1.0122058e-01 3.3207408e-03 0.0000000e+00 
1.2646246e-01 -8.2879467e-03 0.0000000e+00 
-4.7045732e-03 3.0081217e-05 0.0000000e+00 
-5.0715110e-03 1.5373414e-04 0.0000000e+00 
-3.2899713e-03 1.1061215e-03 0.0000000e+00 
-8.7912916e-04 -2.0618452e-04 0.0000000e+00 
1.9571504e-03 5.9918867e-04 0.0000000e+00 
1.0480668e-01 2.3664966e-02 0.0000000e+00 
1.4357236e-01 -8.7437797e-03 0.0000000e+00 
1.2433954e-01 4.5936108e-02 0.0000000e+00 
1.1583564e-01 5.3112749e-02 0.0000000e+00 
1.3515262e-01 -8.4408661e-03 0.0000000e+00 
1.4090139e-01 1.2532056e-02 0.0000000e+00 
1.4218211e-01 8.3654961e-03 0.0000000e+00 
9.9352255e-02 5.9371378e-04 0.0000000e+00 
1.1468072e-01 3.3217841e-03 0.0000000e+00 
8.4704846e-02 -3.9660265e-03 0.0000000e+00 
8.1907138e-02 -5.9137819e-03 0.0000000e+00 
5.3762704e-02 -6.6980389e-03 0.0000000e+00 
8.7193646e-02 -5.1586330e-04 0.0000000e+00 
-5.3299963e-03 1.0115793e-04 0.0000000e+00 
3.0810412e-02 6.1779930e-03 0.0000000e+00 
1.0000090e-01 -5.6801987e-06 0.0000000e+00 
1.0000174e-01 -1.1342388e-05 0.0000000e+00 
7.5086653e-02 9.1706766e-03 0.0000000e+00 
5.4716140e-02 -7.0089605e-03 0.0000000e+00 
2.9641552e-02 -5.0453101e-03 0.0000000e+00 
3.2703321e-02 -5.1529002e-03 0.0000000e+00 
1.3780159e-02 -1.6226046e-03 0.0000000e+00 
1.8450990e-02 -2.8582092e-03 0.0000000e+00 
3.6365077e-02 -6.2170839e-03 0.0000000e+00 
9.9999122e-02 1.1058279e-06 0.0000000e+00 
9.9999994e-02 1.8774033e-06 0.0000000e+00 
-1.2457701e-03 2.5299105e-03 0.0000000e+00 
1.0074721e-01 -2.6082182e-03 0.0000000e+00 
1.0009286e-01 -1.8695311e-03 0.0000000e+00 
1.3497430e-01 1.2486969e-02 0.0000000e+00 
1.3865129e-03 -2.3645302e-03 0.0000000e+00 
1.3548633e-01 -2.7323548e-02 0.0000000e+00 
1.2993099e-01 -3.3277888e-02 0.0000000e+00 
1.3133413e-01 -4.1088030e-02 0.0000000e+00 
1.2069786e-01 -4.1522883e-02 0.0000000e+00 
1.2271985e-01 -4.8754163e-02 0.0000000e+00 
1.2326164e-01 -2.2732468e-02 0.0000000e+00 
8.1844985e-02 -2.2995895e-02 0.0000000e+00 
7.4425198e-02 -1.9615130e-02 0.0000000e+00 
7.5141527e-02 -1.0993539e-02 0.0000000e+00 
6.6168338e-02 -1.3378008e-02 0.0000000e+00 
6.4368337e-02 -2.4632107e-02 0.0000000e+00 
5.3773783e-02 -1.6055327e-02 0.0000000e+00 
5.9509866e-02 -4.3775598e-03 0.0000000e+00 
4.5362316e-02 -2.7818878e-03 0.0000000e+00 
5.5930007e-02 7.6157958e-03 0.0000000e+00 
6.6703722e-02 3.5714328e-03 0.0000000e+00 
6.6273279e-02 1.3227540e-02 0.0000000e+00 
5.7463519e-02 2.0987526e-02 0.0000000e+00 
6.9274642e-02 2.2768155e-02 0.0000000e+00 
6.3820720e-02 3.3256605e-02 0.0000000e+00 
7.5457916e-02 3.0795444e-02 0.0000000e+00 
7.4429207e-02 4.1942276e-02 0.0000000e+00 
7.8921109e-02 2.2038562e-02 0.0000000e+00 
4.8213251e-02 3.1655639e-02 0.0000000e+00 
5.2059244e-02 -3.0824838e-02 0.0000000e+00 
6.6146456e-02 -3.7187852e-02 0.0000000e+00 
5.4541256e-02 -4.5538180e-02 0.0000000e+00 
7.2505176e-02 -4.8634902e-02 0.0000000e+00 
8.4197924e-02 3.6082368e-02 0.0000000e+00 
8.6698830e-02 4.6034206e-02 0.0000000e+00 
7.6066926e-02 5.3528484e-02 0.0000000e+00 
9.1917701e-02 5.5120070e-02 0.0000000e+00 
9.8127134e-02 4.6183441e-02 0.0000000e+00 
7.8258559e-02 -3.8567964e-02 0.0000000e+00 
8.5970379e-02 -4.6634730e-02 0.0000000e+00 
8.3762594e-02 -5.6178730e-02 0.0000000e+00 
9.6738286e-02 -5.1094115e-02 0.0000000e+00 
9.7125590e-02 -5.8233742e-02 0.0000000e+00 
1.0808586e-01 -5.1617149e-02 0.0000000e+00 
1.0405713e-01 -4.3878503e-02 0.0000000e+00 
2.7204612e-03 -1.5866184e-03 0.0000000e+00 
1.0246480e-01 4.9969576e-02 0.0000000e+00 
4.2354036e-02 4.3435249e-02 0.0000000e+00 
1.0000058e-01 -1.9580514e-06 0.0000000e+00 
1.1355263e-01 -4.3354120e-02 0.0000000e+00 
1.3928838e-01 1.3241761e-03 0.0000000e+00 
1.2638091e-01 -4.2608351e-02 0.0000000e+00 
8.0252036e-02 1.1859920e-02 0.0000000e+00 
9.9742547e-02 5.8399476e-02 0.0000000e+00 
3.0773692e-02 -4.0865038e-02 0.0000000e+00 
5.4038707e-02 -4.1851748e-02 0.0000000e+00 
1.6933886e-02 -4.2630411e-03 0.0000000e+00 
5.4144017e-02 2.5120473e-03 0.0000000e+00 
2.2931891e-03 9.5054682e-05 0.0000000e+00 
6.2720537e-02 -2.3967735e-02 0.0000000e+00 
-1.4230368e-03 -1.4545475e-03 0.0000000e+00 
1.8245157e-02 2.7106605e-02 0.0000000e+00 
1.0269957e-01 5.0967988e-03 0.0000000e+00 
1.0210788e-01 7.4727531e-03 0.0000000e+00 
1.0470781e-01 7.0220521e-03 0.0000000e+00 
4.8696514e-02 -1.6314968e-03 0.0000000e+00 
7.7242739e-02 -2.7097280e-03 0.0000000e+00 
1.4108598e-03 2.7439990e-03 0.0000000e+00 
1.2631318e-02 5.9765000e-03 0.0000000e+00 
1.0303172e-01 -5.1561967e-03 0.0000000e+00 
1.0386729e-01 -8.2118139e-03 0.0000000e+00 
1.0927678e-01 -2.6587723e-03 0.0000000e+00 
1.0379250e-01 3.6183245e-02 0.0000000e+00 
1.3303472e-02 -1.2722616e-02 0.0000000e+00 
1.0593615e-01 -6.3698506e-03 0.0000000e+00 
1.0478929e-01 -4.7825158e-02 0.0000000e+00 
1.0000205e-01 4.0345799e-06 0.0000000e+00 
5.9263360e-02 3.2361146e-02 0.0000000e+00 
1.2103999e-01 1.1012444e-02 0.0000000e+00 
8.0053009e-02 1.7333435e-03 0.0000000e+00 
8.3135173e-02 -4.8755840e-03 0.0000000e+00 
1.3850012e-01 8.8676233e-03 0.0000000e+00 
1.4004947e-01 5.3025396e-03 0.0000000e+00 
8.5152484e-02 1.6013231e-02 0.0000000e+00 
9.0011030e-02 2.1072904e-02 0.0000000e+00 
1.1437432e-01 4.8146853e-03 0.0000000e+00 
1.3732968e-01 -3.2321827e-03 0.0000000e+00 
1.0827608e-01 3.1625326e-03 0.0000000e+00 
1.1338617e-01 4.7008502e-03 0.0000000e+00 
1.0000651e-01 1.1798232e-05 0.0000000e+00 
9.9999569e-02 1.7682245e-05 0.0000000e+00 
1.0829476e-01 -3.2444927e-03 0.0000000e+00 
1.0103205e-01 -1.1061774e-02 0.0000000e+00 
1.0499126e-01 -1.1901363e-02 0.0000000e+00 
1.0728736e-01 -9.0111308e-03 0.0000000e+00 
9.7962648e-02 -7.9813814e-03 0.0000000e+00 
1.0924790e-01 -1.3129643e-02 0.0000000e+00 
1.1174167e-01 -8.7693827e-03 0.0000000e+00 
1.1478933e-01 -1.2006153e-02 0.0000000e+00 
1.3474309e-01 2.1926151e-03 0.0000000e+00 
1.3505268e-01 5.6242477e-03 0.0000000e+00 
1.3107945e-01 3.8281565e-03 0.0000000e+00 
1.3070767e-01 9.3532577e-03 0.0000000e+00 
1.2336910e-01 1.1886163e-02 0.0000000e+00 
1.2326051e-01 1.5875621e-02 0.0000000e+00 
1.1185369e-01 1.8650342e-02 0.0000000e+00 
1.1536688e-01 1.3310301e-02 0.0000000e+00 
1.0430101e-01 1.7768512e-02 0.0000000e+00 
1.0864345e-01 1.2446436e-02 0.0000000e+00 
1.1429322e-01 8.5663181e-03 0.0000000e+00 
1.3655676e-01 -8.0805342e-04 0.0000000e+00 
1.3760805e-01 -3.3977304e-03 0.0000000e+00 
1.3450941e-01 -5.9589772e-03 0.0000000e+00 
1.3766085e-01 -7.6259868e-03 0.0000000e+00 
1.3218786e-01 -1.1393858e-02 0.0000000e+00 
1.3033913e-01 -8.3137983e-03 0.0000000e+00 
1.2605448e-01 -1.3994852e-02 0.0000000e+00 
1.2089765e-01 -1.7559871e-02 0.0000000e+00 
1.1351764e-01 -1.9799836e-02 0.0000000e+00 
9.7371012e-02 -2.1447092e-02 0.0000000e+00 
1.1903607e-01 -1.5433945e-02 0.0000000e+00 
1.0520492e-01 -2.0027457e-02 0.0000000e+00 
1.1233187e-01 -1.4970643e-02 0.0000000e+00 
1.0492229e-01 -1.9095050e-02 0.0000000e+00 
9.9019818e-02 -1.7517766e-02 0.0000000e+00 
1.0624577e-01 -1.2958371e-02 0.0000000e+00 
1.3884224e-01 -2.7727330e-04 0.0000000e+00 
1.3651021e-01 8.8907813e-04 0.0000000e+00 
1.2832290e-01 -1.3952984e-02 0.0000000e+00 
1.4039136e-01 -2.9769896e-03 0.0000000e+00 
8.2005806e-02 -2.0025438e-02 0.0000000e+00 
1.3425195e-01 -1.0094614e-02 0.0000000e+00 
8.2514666e-02 -1.3737437e-02 0.0000000e+00 
6.5725625e-02 -1.8820487e-02 0.0000000e+00 
6.4373948e-02 -1.9341944e-02 0.0000000e+00 
3.9100621e-02 -1.3683177e-02 0.0000000e+00 
1.0587852e-01 5.2225459e-02 0.0000000e+00 
1.0847261e-01 7.4354154e-03 0.0000000e+00 
1.1344306e-01 9.6627912e-03 0.0000000e+00 
6.0156040e-02 4.5261692e-02 0.0000000e+00 
4.2872440e-02 1.4207770e-02 0.0000000e+00 
1.2874596e-01 -5.0110100e-03 0.0000000e+00 
1.2931669e-01 1.3540236e-02 0.0000000e+00 
1.1526189e-01 1.9148352e-02 0.0000000e+00 
1.0571357e-01 2.0966981e-02 0.0000000e+00 
8.7107807e-02 2.1328134e-02 0.0000000e+00 
1.0504718e-01 1.0386282e-02 0.0000000e+00 
1.0234215e-01 -1.3839015e-03 0.0000000e+00 
9.9854484e-02 1.9351761e-04 0.0000000e+00 
1.0243865e-01 1.3788829e-03 0.0000000e+00 
3.7082590e-02 -1.8013244e-02 0.0000000e+00 
1.2532477e-01 -5.2547627e-03 0.0000000e+00 
1.6592633e-02 2.3533127e-03 0.0000000e+00 
9.9941544e-02 -3.9363492e-04 0.0000000e+00 
1.0579466e-01 -5.6652050e-03 0.0000000e+00 
1.3018011e-01 3.6551673e-03 0.0000000e+00 
1.3234877e-04 -1.8423086e-03 0.0000000e+00 
1.0000925e-01 5.6386989e-06 0.0000000e+00 
7.2890803e-02 1.0807604e-03 0.0000000e+00 
1.8815592e-02 4.5491350e-03 0.0000000e+00 
5.5175405e-02 1.0938414e-02 0.0000000e+00 
5.3897314e-02 -6.2421700e-03 0.0000000e+00 
9.0997696e-02 -2.2341602e-02 0.0000000e+00 
1.1311803e-01 -4.3910984e-03 0.0000000e+00 
7.7187747e-02 5.9863795e-02 0.0000000e+00 
-2.3924455e-03 1.4761919e-03 0.0000000e+00 
1.1138164e-01 -2.7491238e-02 0.0000000e+00 
1.1257560e-01 -4.3558306e-03 0.0000000e+00 
1.0795686e-01 -3.3985917e-03 0.0000000e+00 
1.0449167e-01 -5.3629917e-03 0.0000000e+00 
1.0244933e-01 -3.3598202e-03 0.0000000e+00 
1.0084501e-01 -5.5332845e-03 0.0000000e+00 
1.0014343e-01 -3.3218742e-03 0.0000000e+00 
1.0200514e-01 -9.1935927e-03 0.0000000e+00 
9.7268723e-02 -7.5045042e-03 0.0000000e+00 
1.0793412e-01 -7.7673835e-03 0.0000000e+00 
1.0132061e-01 -2.0119790e-03 0.0000000e+00 
1.0001557e-01 -1.9049703e-03 0.0000000e+00 
1.3643087e-01 5.7133446e-03 0.0000000e+00 
1.0001346e-01 4.7461462e-04 0.0000000e+00 
1.0019878e-01 1.0471094e-03 0.0000000e+00 
9.5988639e-02 -9.9766778e-04 0.0000000e+00 
1.1298624e-01 -1.7126340e-02 0.0000000e+00 
1.1942468e-01 -1.5944237e-02 0.0000000e+00 
1.1916434e-01 -9.9312505e-03 0.0000000e+00 
1.1939718e-01 1.5927024e-02 0.0000000e+00 
7.3609643e-02 7.8150705e-03 0.0000000e+00 
1.4157581e-01 1.6635320e-03 0.0000000e+00 
1.1002073e-01 -5.5210009e-02 0.0000000e+00 
1.0071008e-01 -1.1599362e-03 0.0000000e+00 
9.9981278e-02 -1.0593793e-03 0.0000000e+00 
1.0038868e-01 -6.6093937e-04 0.0000000e+00 
9.9985667e-02 -5.7727622e-04 0.0000000e+00 
1.0021285e-01 -3.6272648e-04 0.0000000e+00 
1.0005153e-01 -3.9627595e-04 0.0000000e+00 
9.9117331e-02 -1.2290346e-03 0.0000000e+00 
9.8023579e-02 -4.4438527e-03 0.0000000e+00 
1.0027135e-01 -1.5402760e-04 0.0000000e+00 
1.0010771e-01 -1.9086560e-04 0.0000000e+00 
1.0007062e-01 -1.0461674e-04 0.0000000e+00 
9.9991754e-02 -1.6157872e-04 0.0000000e+00 
9.9582590e-02 7.1410402e-03 0.0000000e+00 
2.7105598e-02 1.7572051e-03 0.0000000e+00 
1.3417363e-01 3.4030184e-02 0.0000000e+00 
1.0098109e-01 -3.5347518e-02 0.0000000e+00 
1.1535951e-01 4.6233915e-02 0.0000000e+00 
9.9999830e-02 -5.1707281e-07 0.0000000e+00 
1.0472939e-01 2.3095466e-03 0.0000000e+00 
1.0430126e-01 5.3512212e-03 0.0000000e+00 
1.0239641e-01 3.3394040e-03 0.0000000e+00 
1.0100003e-01 5.2986671e-03 0.0000000e+00 
1.0037407e-01 3.1210219e-03 0.0000000e+00 
1.0217692e-01 8.4584998e-03 0.0000000e+00 
1.0781118e-01 8.0012688e-03 0.0000000e+00 
1.0132460e-01 1.9625139e-03 0.0000000e+00 
1.0024792e-01 1.7397095e-03 0.0000000e+00 
9.9176951e-02 2.2404843e-03 0.0000000e+00 
1.0087390e-01 -4.8548725e-04 0.0000000e+00 
9.9999711e-02 7.3350770e-07 0.0000000e+00 
1.0274477e-01 -1.4111252e-03 0.0000000e+00 
9.9999212e-02 4.0570978e-09 0.0000000e+00 
1.0001213e-01 2.0467762e-05 0.0000000e+00 
1.0000027e-01 3.1081938e-05 0.0000000e+00 
1.0002209e-01 3.5643458e-05 0.0000000e+00 
1.0000193e-01 5.4486769e-05 0.0000000e+00 
9.9978551e-02 3.6982412e-05 0.0000000e+00 
9.9964589e-02 6.5831722e-05 0.0000000e+00 
1.0000617e-01 9.4916220e-05 0.0000000e+00 
9.9942140e-02 1.1790061e-04 0.0000000e+00 
1.0001674e-01 1.6623986e-04 0.0000000e+00 
9.9907435e-02 2.1243347e-04 0.0000000e+00 
1.0004189e-01 2.9195601e-04 0.0000000e+00 
9.9854223e-02 3.8574537e-04 0.0000000e+00 
1.0009326e-01 5.1643688e-04 0.0000000e+00 
9.9768654e-02 6.9328566e-04 0.0000000e+00 
1.0016635e-01 9.3941350e-04 0.0000000e+00 
1.0043699e-01 5.7578704e-04 0.0000000e+00 
9.9732220e-02 1.9627776e-04 0.0000000e+00 
9.9947542e-02 3.0528103e-05 0.0000000e+00 
9.9987105e-02 2.0622998e-05 0.0000000e+00 
1.8544409e-02 3.8354746e-03 0.0000000e+00 
1.0002752e-01 -1.5764197e-05 0.0000000e+00 
1.0002261e-01 -3.6575271e-05 0.0000000e+00 
1.0001042e-01 -1.9173145e-05 0.0000000e+00 
1.0015789e-01 8.2207895e-05 0.0000000e+00 
1.0005159e-01 2.7459449e-05 0.0000000e+00 
1.0000469e-01 -2.7104179e-06 0.0000000e+00 
1.0001571e-01 -8.1054668e-06 0.0000000e+00 
9.9993147e-02 -1.3097941e-05 0.0000000e+00 
1.0000023e-01 -3.4855541e-06 0.0000000e+00 
1.0000110e-01 -9.2130705e-07 0.0000000e+00 
9.9977247e-02 -4.1393778e-05 0.0000000e+00 
1.0000174e-01 -6.0557904e-05 0.0000000e+00 
9.9992350e-02 1.1562713e-05 0.0000000e+00 
9.9999771e-02 3.3127869e-06 0.0000000e+00 
1.0000017e-01 -9.3659895e-07 0.0000000e+00 
9.6698299e-02 4.6973443e-03 0.0000000e+00 
9.5653653e-02 2.4503050e-03 0.0000000e+00 
9.9982589e-02 8.7601002e-06 0.0000000e+00 
1.0000195e-01 1.0296480e-06 0.0000000e+00 
1.0000101e-01 1.2719544e-06 0.0000000e+00 
1.0014942e-01 -9.4482361e-04 0.0000000e+00 
1.0273968e-01 1.4165249e-03 0.0000000e+00 
9.9995114e-02 -3.8485632e-07 0.0000000e+00 
9.9910036e-02 5.6261146e-05 0.0000000e+00 
6.2745497e-02 -5.5628855e-02 0.0000000e+00 
1.0574278e-01 3.5899051e-02 0.0000000e+00 
9.9997140e-02 -2.0501473e-07 0.0000000e+00 
3.7775043e-02 7.5997300e-03 0.0000000e+00 
2.1883372e-02 6.2072994e-03 0.0000000e+00 
-1.2530013e-03 2.4789083e-03 0.0000000e+00 
9.3763471e-02 3.7361246e-02 0.0000000e+00 
9.9538885e-02 3.6917420e-04 0.0000000e+00 
9.3225919e-02 7.2469530e-03 0.0000000e+00 
9.9998876e-02 -4.6748485e-07 0.0000000e+00 
9.9736236e-02 -3.7716629e-04 0.0000000e+00 
1.2189042e-01 3.9150536e-02 0.0000000e+00 
1.3778004e-01 -1.2154128e-02 0.0000000e+00 
9.9520482e-02 -9.5940295e-06 0.0000000e+00 
1.1360417e-01 -9.4518615e-03 0.0000000e+00 
1.3102871e-01 -3.5148142e-03 0.0000000e+00 
9.7187251e-02 -1.3397284e-02 0.0000000e+00 
8.2456488e-03 -1.8602862e-03 0.0000000e+00 
8.9880399e-02 1.1323292e-02 0.0000000e+00 
1.0000125e-01 2.3334865e-06 0.0000000e+00 
7.4510351e-02 -2.9077776e-02 0.0000000e+00 
9.4828784e-02 -9.4745560e-03 0.0000000e+00 
6.0855476e-03 3.6090630e-04 0.0000000e+00 
1.0002928e-01 1.6091022e-05 0.0000000e+00 
1.2459373e-01 4.1144579e-03 0.0000000e+00 
9.9865220e-02 -9.8075438e-04 0.0000000e+00 
1.0034910e-01 -5.5619539e-04 0.0000000e+00 
9.9862732e-02 9.7329315e-04 0.0000000e+00 
1.0050819e-01 1.8630252e-03 0.0000000e+00 
5.7718437e-02 4.5689093e-03 0.0000000e+00 
1.3211741e-01 -3.5599537e-02 0.0000000e+00 
1.0000072e-01 -3.0367033e-04 0.0000000e+00 
-1.7658116e-03 1.0481437e-03 0.0000000e+00 
1.0035234e-01 5.2168511e-04 0.0000000e+00 
1.0941757e-01 1.2547524e-02 0.0000000e+00 
1.0008928e-01 -4.4220309e-05 0.0000000e+00 
1.0000065e-01 6.6801516e-07 0.0000000e+00 
9.9419221e-02 1.4560111e-02 0.0000000e+00 
8.9699998e-02 2.0923449e-02 0.0000000e+00 
1.3851103e-01 5.9125423e-03 0.0000000e+00 
1.1111214e-01 -1.6059859e-02 0.0000000e+00 
7.9605073e-02 -1.7431477e-02 0.0000000e+00 
6.9936641e-02 -4.4900095e-03 0.0000000e+00 
9.0721056e-02 -5.5989869e-02 0.0000000e+00 
-3.2263524e-03 -6.5407791e-04 0.0000000e+00 
1.0000060e-01 -4.2502992e-07 0.0000000e+00 
1.0953435e-01 -3.6302403e-02 0.0000000e+00 
9.9998765e-02 3.0427753e-07 0.0000000e+00 
1.4357586e-01 -8.1370100e-03 0.0000000e+00 
1.0003887e-01 6.1423685e-05 0.0000000e+00 
1.2456818e-01 1.9638127e-02 0.0000000e+00 
1.0000538e-01 3.2543562e-06 0.0000000e+00 
9.9370368e-02 -2.0744167e-03 0.0000000e+00 
9.3434587e-02 4.9918266e-03 0.0000000e+00 
1.4400035e-01 6.3483636e-03 0.0000000e+00 
2.1537930e-02 -4.2341677e-03 0.0000000e+00 
1.3801970e-01 2.7918855e-03 0.0000000e+00 
9.9383064e-02 1.3959151e-03 0.0000000e+00 
1.3601406e-01 -1.7350780e-02 0.0000000e+00 
1.0092699e-01 4.5908499e-04 0.0000000e+00 
3.7016183e-02 -1.0510561e-02 0.0000000e+00 
1.2037492e-01 -9.7969985e-03 0.0000000e+00 
9.9898256e-02 -1.1834152e-04 0.0000000e+00 
8.3642162e-02 -3.0503979e-02 0.0000000e+00 
9.7870789e-02 -3.8259935e-03 0.0000000e+00 
1.0006963e-01 1.0562790e-04 0.0000000e+00 
9.6941844e-02 -1.2064255e-02 0.0000000e+00 
5.5921167e-02 5.3714134e-02 0.0000000e+00 
1.0291941e-01 1.2941568e-02 0.0000000e+00 
1.3840710e-01 1.6664928e-02 0.0000000e+00 
2.0446947e-02 -5.2399188e-03 0.0000000e+00 
1.4277677e-01 -4.0342617e-03 0.0000000e+00 
1.2243385e-01 1.4646928e-02 0.0000000e+00 
1.4376022e-01 -1.3557922e-02 0.0000000e+00 
8.7235980e-02 7.6923463e-03 0.0000000e+00 
7.6083668e-02 1.5271485e-02 0.0000000e+00 
8.3848268e-02 -1.5415510e-02 0.0000000e+00 
1.0324313e-01 -1.7893128e-02 0.0000000e+00 
8.8047180e-03 2.9803917e-03 0.0000000e+00 
1.1844522e-01 4.4734478e-03 0.0000000e+00 
7.8179188e-02 1.8382089e-02 0.0000000e+00 
8.4354930e-02 2.6834734e-02 0.0000000e+00 
9.1035202e-02 2.8643981e-02 0.0000000e+00 
1.0078181e-01 1.0613105e-03 0.0000000e+00 
4.1402195e-02 -7.8219259e-03 0.0000000e+00 
1.1948837e-01 2.1133255e-02 0.0000000e+00 
1.1400249e-01 1.4705922e-02 0.0000000e+00 
1.3322426e-01 5.8230646e-03 0.0000000e+00 
9.9586122e-02 1.2368847e-03 0.0000000e+00 
1.2460272e-01 -1.0052596e-02 0.0000000e+00 
1.0204726e-01 -3.1404605e-03 0.0000000e+00 
1.2376987e-01 -4.3261428e-03 0.0000000e+00 
5.5409968e-02 1.7078923e-02 0.0000000e+00 
9.9519260e-02 -4.8160827e-04 0.0000000e+00 
1.2946878e-01 7.6187593e-03 0.0000000e+00 
1.1257189e-01 4.0717879e-03 0.0000000e+00 
2.9567154e-02 2.3507647e-02 0.0000000e+00 
9.3687199e-02 -1.2427708e-03 0.0000000e+00 
1.0012778e-01 1.8376554e-04 0.0000000e+00 
1.1008032e-01 1.7668739e-02 0.0000000e+00 
1.4185369e-01 -1.9196433e-03 0.0000000e+00 
7.6397076e-02 -5.8997307e-02 0.0000000e+00 
1.0004216e-01 -6.2132458e-05 0.0000000e+00 
9.8535970e-02 1.2975382e-03 0.0000000e+00 
2.8394321e-02 -5.6476020e-03 0.0000000e+00 
-1.3824372e-03 -2.2268193e-03 0.0000000e+00 
1.1819112e-01 -4.8363209e-02 0.0000000e+00 
1.2871383e-01 3.9040063e-02 0.0000000e+00 
9.5321141e-02 -4.1808918e-02 0.0000000e+00 
1.3281009e-01 -5.3931028e-03 0.0000000e+00 
2.9128538e-02 -1.0997455e-02 0.0000000e+00 
1.2171523e-01 -2.0105788e-02 0.0000000e+00 
1.0744184e-01 4.4100307e-02 0.0000000e+00 
3.4115847e-02 -3.3286572e-02 0.0000000e+00 
9.9999949e-02 1.1370862e-06 0.0000000e+00 
1.0023271e-01 3.1612077e-04 0.0000000e+00 
5.7735775e-02 1.8160071e-02 0.0000000e+00 
9.8233126e-02 9.3848426e-03 0.0000000e+00 
-3.2752580e-03 1.0166232e-03 0.0000000e+00 
4.6681650e-02 -5.1002903e-03 0.0000000e+00 
1.2355462e-01 -1.1909694e-02 0.0000000e+00 
9.9999636e-02 -3.3287328e-05 0.0000000e+00 
5.8613294e-03 3.4980408e-03 0.0000000e+00 
7.7248730e-02 -4.5413319e-03 0.0000000e+00 
6.4874887e-02 -1.1922440e-02 0.0000000e+00 
1.1728137e-01 8.6415904e-03 0.0000000e+00 
1.0135173e-01 1.8919049e-03 0.0000000e+00 
4.0548760e-02 4.1590583e-02 0.0000000e+00 
1.2499273e-01 -1.0556282e-02 0.0000000e+00 
1.0048621e-01 2.3311291e-04 0.0000000e+00 
-3.2606698e-03 -6.8660435e-04 0.0000000e+00 
5.1070494e-03 -2.3347195e-03 0.0000000e+00 
6.2941071e-03 1.1720768e-04 0.0000000e+00 
1.1554146e-01 -8.0099031e-03 0.0000000e+00 
9.7442843e-02 2.3287602e-03 0.0000000e+00 
1.0055280e-01 -1.4760704e-03 0.0000000e+00 
9.3454026e-02 -4.7877766e-03 0.0000000e+00 
7.3392943e-02 8.6495635e-04 0.0000000e+00 
7.9723634e-02 -7.5035929e-03 0.0000000e+00 
9.9998392e-02 -1.9601875e-05 0.0000000e+00 
9.9700637e-02 6.7591522e-04 0.0000000e+00 
1.3345411e-01 6.3804677e-04 0.0000000e+00 
1.9330889e-02 4.5431643e-03 0.0000000e+00 
8.7237678e-02 -3.7814174e-02 0.0000000e+00 
1.3916704e-01 -6.9723008e-03 0.0000000e+00 
9.1338888e-02 1.0497556e-02 0.0000000e+00 
6.4924002e-02 9.9360179e-03 0.0000000e+00 
9.9998184e-02 -1.1828108e-07 0.0000000e+00 
5.5259306e-02 -7.7086990e-03 0.0000000e+00 
1.0007443e-01 -1.8321830e-04 0.0000000e+00 
9.8199524e-02 -3.2146525e-02 0.0000000e+00 
1.0007424e-01 1.6190727e-04 0.0000000e+00 
9.8790735e-02 4.0677143e-03 0.0000000e+00 
1.0293994e-01 1.3166288e-02 0.0000000e+00 
1.0109825e-01 1.0131785e-02 0.0000000e+00 
1.4147584e-01 -1.1401883e-02 0.0000000e+00 
9.4532706e-02 -1.3427587e-02 0.0000000e+00 
9.9999487e-02 -7.3837339e-07 0.0000000e+00 
8.2500204e-02 5.3121369e-02 0.0000000e+00 
8.5227527e-02 2.1171384e-02 0.0000000e+00 
-3.9924709e-03 -5.7410524e-04 0.0000000e+00 
1.0000091e-01 2.9607637e-07 0.0000000e+00 
1.4259936e-01 4.7117188e-03 0.0000000e+00 
1.0000765e-01 -9.2063201e-06 0.0000000e+00 
9.8150223e-02 1.0758054e-02 0.0000000e+00 
1.3926774e-01 -5.7773590e-03 0.0000000e+00 
1.0000037e-01 -2.1464092e-07 0.0000000e+00 
3.0951101e-02 9.3474612e-03 0.0000000e+00 
5.6605499e-02 -8.6937230e-03 0.0000000e+00 
1.0000914e-01 -9.7370255e-05 0.0000000e+00 
1.2138791e-02 -2.0936863e-03 0.0000000e+00 
1.2300299e-01 -1.2902038e-02 0.0000000e+00 
1.1692418e-01 1.1788550e-02 0.0000000e+00 
1.1257620e-01 -1.2089713e-02 0.0000000e+00 
1.1600973e-01 -3.6568962e-02 0.0000000e+00 
9.8415956e-02 6.9301147e-03 0.0000000e+00 
1.3522145e-01 9.4954567e-03 0.0000000e+00 
1.2082960e-01 -4.0241614e-02 0.0000000e+00 
1.3699439e-01 1.2230227e-02 0.0000000e+00 
1.2233502e-01 -7.8593176e-03 0.0000000e+00 
1.0337194e-02 -1.4458676e-03 0.0000000e+00 
1.0300229e-01 3.0196377e-03 0.0000000e+00 
5.9343908e-02 -1.4575256e-02 0.0000000e+00 
9.5275551e-02 2.2825375e-02 0.0000000e+00 
1.0287599e-01 8.0592120e-03 0.0000000e+00 
1.0060437e-01 1.1921988e-03 0.0000000e+00 
9.5773824e-02 -2.9062934e-03 0.0000000e+00 
1.0917275e-01 -6.3145128e-03 0.0000000e+00 
1.0126580e-01 -1.8791617e-03 0.0000000e+00 
1.0376823e-01 1.1418450e-02 0.0000000e+00 
1.0000415e-01 -5.9527588e-06 0.0000000e+00 
8.0838524e-02 -9.3764355e-03 0.0000000e+00 
3.1821297e-03 1.4385955e-03 0.0000000e+00 
1.2633985e-01 -3.6371082e-02 0.0000000e+00 
1.2039873e-01 8.6610736e-03 0.0000000e+00 
1.0450030e-01 -4.2841770e-03 0.0000000e+00 
1.3991165e-01 -3.2064074e-03 0.0000000e+00 
9.7758427e-02 2.1668065e-02 0.0000000e+00 
9.8180681e-02 2.0220608e-02 0.0000000e+00 
9.7301178e-02 -9.5921885e-03 0.0000000e+00 
1.3496049e-01 1.7531710e-02 0.0000000e+00 
1.2138900e-01 7.3235547e-03 0.0000000e+00 
1.2687670e-01 1.4951402e-02 0.0000000e+00 
8.8123143e-02 -2.5496667e-02 0.0000000e+00 
1.0298195e-01 7.3875510e-03 0.0000000e+00 
8.3985135e-02 1.9705051e-03 0.0000000e+00 
9.9690132e-02 -7.1184075e-04 0.0000000e+00 
6.7235008e-02 -1.8815404e-02 0.0000000e+00 
1.0534921e-01 4.4772071e-03 0.0000000e+00 
1.0000034e-01 1.1637821e-06 0.0000000e+00 
1.0298595e-01 -1.4327032e-02 0.0000000e+00 
1.0581545e-01 -1.5066689e-02 0.0000000e+00 
1.2514992e-01 4.9753413e-03 0.0000000e+00 
9.5004492e-02 6.4694817e-04 0.0000000e+00 
1.1709170e-01 7.9182768e-03 0.0000000e+00 
9.7434156e-02 6.3158106e-03 0.0000000e+00 
1.0000210e-01 -3.2661058e-06 0.0000000e+00 
1.3560344e-01 -5.3122700e-03 0.0000000e+00 
1.0376729e-02 5.5056326e-03 0.0000000e+00 
1.3823357e-01 -3.7940729e-03 0.0000000e+00 
1.2328014e-02 -4.6554464e-03 0.0000000e+00 
2.7083801e-02 -5.6302021e-03 0.0000000e+00 
1.3140543e-01 -2.8426396e-03 0.0000000e+00 
1.3445126e-01 -2.0062394e-02 0.0000000e+00 
PRESSURE 1 945  float
2.9979954e+00
0.0000000e+00
0.0000000e+00
2.9978671e+00
-4.1591315e+00
-4.2815490e+00
-4.6532264e+00
-5.1939049e+00
-5.7737517e+00
-6.4099646e+00
-6.9830384e+00
-7.2586584e+00
-7.0662265e+00
-5.9953527e+00
-4.1713986e+00
-1.5173811e+00
1.5403180e+00
4.4994588e+00
6.9832058e+00
8.7527771e+00
9.2911453e+00
8.7492008e+00
7.0988398e+00
4.5454168e+00
1.5030433e+00
-1.5069309e+00
-4.0837064e+00
-6.0052738e+00
-6.9686961e+00
-7.3305225e+00
-6.9751463e+00
-6.3771405e+00
-5.7805681e+00
-5.2129273e+00
-4.6283846e+00
-4.2665839e+00
2.9924955e+00
2.9342597e+00
2.8214691e+00
2.6274476e+00
2.2936234e+00
1.8606311e+00
1.2761312e+00
6.1123669e-01
-8.3673127e-02
-7.2982329e-01
-1.1729847e+00
-1.4319183e+00
-1.4644210e+00
-1.3059026e+00
-9.9529058e-01
-6.7451960e-01
-4.0428057e-01
-2.2798285e-01
-1.2735575e-01
-6.5679252e-02
-3.4043279e-02
-1.5961759e-02
-9.4111282e-03
-2.6798081e-03
-1.8223609e-03
-6.4314035e-04
-2.9206928e-04
-7.5143696e-05
-6.7544797e-06
3.2462220e-05
3.2350141e-05
2.7920569e-05
1.8731002e-05
1.1841552e-05
2.5296608e-06
0.0000000e+00
0.0000000e+00
0.0000000e+00
0.0000000e+00
0.0000000e+00
0.0000000e+00
0.0000000e+00
0.0000000e+00
0.0000000e+00
-4.4461963e-06
-1.2671578e-05
-1.4095061e-05
-2.1406757e-05
-3.5229623e-05
-3.5542562e-05
-1.8203509e-04
-2.4820224e-04
-3.9401444e-04
-8.8387105e-04
-2.1896658e-03
-4.4431505e-03
-8.6978497e-03
-1.7310223e-02
-3.3724714e-02
-6.6015497e-02
-1.2597001e-01
-2.3068103e-01
-4.0464169e-01
-6.7117858e-01
-1.0026114e+00
-1.3004696e+00
-1.4599092e+00
-1.4370019e+00
-1.1602119e+00
-7.0591897e-01
-8.1758223e-02
6.1648369e-01
1.2787344e+00
1.8607173e+00
2.3052187e+00
2.6286027e+00
2.8295832e+00
2.9373846e+00
2.9936898e+00
3.0165319e+00
3.0629554e+00
3.1183622e+00
3.1714623e+00
3.1910980e+00
3.1725624e+00
3.1212626e+00
3.0630958e+00
3.0166137e+00
8.5453358e+00
-5.1935148e-01
-8.5021383e-01
-1.9983638e-02
-4.3220914e-04
-4.9130496e-05
2.5653365e+00
-1.6176695e-01
2.5345855e+00
3.1889102e+00
-5.0257435e-03
-8.1033342e-02
2.0973377e-07
-3.1166786e-04
-1.4574491e+00
3.6595588e-06
-1.5349813e+00
9.3022877e-01
9.5261276e-01
-1.0795350e+00
1.6608943e-05
-1.0662158e+00
3.1453876e+00
-3.4811919e-06
-2.2035365e-03
-1.1859811e-03
-2.0922676e-02
-1.6616536e-05
3.0916700e+00
2.9109883e+00
1.9087990e-06
2.9164681e+00
-6.6259799e-06
7.9822012e-06
3.0351679e+00
-1.4182191e+00
-1.7402233e+00
-1.7288821e+00
-2.0751789e+00
-2.1105211e+00
-2.5586491e+00
-2.3948998e+00
-3.0056894e+00
-2.6474371e+00
-3.2799146e+00
-2.8074105e+00
-3.2168047e+00
-2.7481279e+00
-3.0732474e+00
-2.5592990e+00
-2.8398559e+00
-2.2571561e+00
-2.5600460e+00
-1.9208186e+00
-1.6584159e+00
-1.3068780e+00
-2.2737746e+00
-1.1053016e+00
-7.1823448e-01
-5.2909012e+00
-4.4656982e+00
-5.4404455e-01
-2.3007663e-01
-2.5736883e+00
-2.2694378e+00
-1.8363805e-01
-7.4639127e-02
-2.8052297e+00
-2.6535695e+00
-4.2403846e+00
1.8997474e-02
8.6031154e-02
9.0279534e-02
5.0576817e-02
5.6617811e-02
4.9317736e-02
4.0721241e-02
-3.1838989e+00
-3.0113778e+00
-2.5769801e+00
-3.4434743e+00
-3.2825394e+00
-3.6346259e+00
-3.4302166e+00
-3.8062632e+00
-3.4386506e+00
-3.7819557e+00
-3.0574815e+00
-3.3168674e+00
-3.5731251e+00
-5.6748118e+00
-4.8410201e+00
2.1704976e-02
2.2968171e-02
2.1817220e-02
1.5914420e-02
-3.0197127e+00
-3.1965134e+00
-6.0683399e-01
7.1030338e-03
7.0349243e-03
4.5775115e-03
3.7896282e-03
-3.5142870e+00
1.9735759e-03
1.7325188e-03
8.8395359e-04
6.6653697e-04
-3.2447987e+00
8.3550913e-05
3.6957834e-04
2.8028921e-04
2.0199741e-04
-2.4471556e-06
6.4583350e-05
-3.8962488e+00
-3.2915702e+00
-6.6706581e+00
2.1957470e-02
-1.3475952e-01
-3.5542209e+00
-9.2814285e-01
-1.6985106e-05
1.8968365e-05
-9.1060192e-06
2.6369214e-06
2.4484438e-05
8.9502573e-06
1.4386604e-04
-2.1972594e+00
-2.6255705e+00
-9.2397713e-06
1.1235861e-03
-2.8196378e+00
9.0287887e-03
3.6924306e-02
-4.0102763e+00
-3.2560287e+00
-2.6400921e+00
-2.4154484e+00
-3.1615891e+00
-1.9937811e+00
-9.5413707e-02
-2.4998627e+00
-1.3707062e+00
-4.8210921e+00
-1.1357565e+00
-4.9032202e-01
-5.5681771e-01
2.4543835e-01
5.1675862e-01
1.0282621e+00
1.4838175e+00
5.2833490e+00
1.7458233e+00
2.3141375e+00
2.3487899e+00
2.8853633e+00
2.7870619e+00
3.3161676e+00
3.0578480e+00
3.4627333e+00
3.8556395e+00
3.8311422e+00
4.2555752e+00
4.0760183e+00
4.4715962e+00
4.1482735e+00
4.4579792e+00
4.0702567e+00
4.2393699e+00
3.8812919e+00
3.5101633e+00
3.8971300e+00
4.3400517e+00
3.8059921e+00
4.0857353e+00
7.4056139e+00
3.5051889e+00
3.5010374e+00
3.8409798e+00
3.6349044e+00
3.0046637e+00
2.8251035e+00
2.7707257e+00
2.3981771e+00
2.0242305e+00
-5.9869804e+00
-2.6182370e+00
3.0456188e+00
2.9729304e+00
4.7137070e+00
2.3528333e+00
4.8201842e+00
1.7320129e+00
1.1091287e+00
2.1009901e+00
3.3758290e+00
3.6293004e+00
3.4132242e+00
3.4359088e+00
3.2811210e+00
-4.4151762e-01
-9.7006059e-01
1.0614775e+00
3.5205463e-01
1.9025485e-01
-6.0257202e-01
-1.9037755e-01
-1.0357344e+00
-1.7133789e+00
-6.6351409e+00
-5.9130287e-01
-1.9186851e+00
-2.9393637e+00
1.3179951e+00
9.8554426e-01
-3.8085654e+00
2.3902374e-05
1.2210186e-05
-4.1085138e+00
2.4265656e-02
-4.4773741e+00
-2.7308593e+00
-2.0383277e+00
-3.7088487e+00
3.1789372e+00
-2.6712062e+00
4.3856413e-03
3.2161483e-06
-3.7104800e+00
-3.0435889e+00
9.8797644e-04
-4.4520969e+00
-4.7675638e+00
-4.0907788e-01
2.6124193e-05
-2.0806861e+00
-3.3641195e+00
-4.2000599e+00
-3.7494836e+00
-4.3762889e+00
5.8380398e-04
3.2988081e+00
3.3918846e+00
1.1595078e-01
-2.8100687e-01
3.1131597e+00
1.6385366e-01
8.1640128e-06
-4.6361613e+00
2.3499013e-05
3.3261083e-05
3.2200262e-08
-2.4000823e-05
-3.7074499e+00
-2.2006195e+00
-2.4274769e+00
-1.7632485e-05
-1.5760032e-05
-3.9371448e+00
-4.3598270e+00
-4.8922873e+00
-4.5981822e+00
-5.0626755e+00
-4.6927733e+00
-4.3680053e+00
-4.4019794e+00
2.9694104e+00
2.9653933e+00
2.0876276e-05
-4.1415749e+00
-4.1462817e+00
-4.3611612e+00
-4.1044936e+00
-5.5768505e-06
-5.3586345e+00
1.2069493e-01
-1.0029585e+00
-9.5602059e-01
-8.2480310e-06
-6.0589945e-01
3.2780447e+00
3.3123069e+00
3.2122908e+00
3.4588301e+00
3.3065848e+00
3.3862104e+00
3.2333024e+00
3.2594602e+00
3.1036634e+00
3.0323534e+00
3.1256356e+00
-4.2598343e+00
-4.0228219e+00
-3.8618290e+00
-4.1417074e+00
-3.9563313e+00
2.3381788e-06
2.9343667e+00
3.7937074e-03
-4.0818191e+00
-3.9393520e+00
-4.1232648e+00
-3.9651306e+00
-4.1832147e+00
-5.2307959e+00
-3.0811892e+00
-1.0326859e+00
-7.8430325e-01
-1.1428379e+00
-1.9674783e+00
-2.1445532e+00
3.2337480e+00
-4.7316484e+00
-5.0148516e+00
-4.7021689e+00
-5.0577493e+00
-5.4681716e+00
-3.7442136e+00
-5.5709109e+00
-1.8080505e-05
1.4309900e-05
-4.0688024e+00
-4.6627164e+00
-4.8841844e+00
-4.5332360e+00
-4.6560111e+00
-4.3737659e+00
-4.2347269e+00
3.2606697e-06
1.0109311e-05
-4.3314118e+00
2.9879167e+00
3.0835311e+00
-4.1186690e+00
-3.5242622e+00
-3.7166309e+00
-3.7914937e+00
-2.3419380e+00
-3.4706528e+00
-1.7299707e+00
-4.6899810e+00
4.5306392e+00
5.2069364e+00
5.3098836e+00
5.8971353e+00
5.7848949e+00
6.6043673e+00
6.3885427e+00
7.1745954e+00
6.5970235e+00
5.9538546e+00
5.9257064e+00
6.3371563e+00
5.5325580e+00
5.5835595e+00
4.8293195e+00
4.4786792e+00
4.7879529e+00
6.4971089e+00
6.3188124e+00
5.2559233e+00
5.4247971e+00
4.2093630e+00
3.9735894e+00
3.2918818e+00
3.5154817e+00
2.1191380e+00
2.2386432e+00
4.3315139e+00
3.3239174e+00
2.6461635e+00
2.0421815e+00
8.6227083e-01
7.2969443e-01
1.7528485e+00
-4.5275474e+00
-2.5443864e+00
2.6449723e+00
-1.6454536e-05
6.9548804e-01
-3.0734959e+00
-1.0866177e+00
-3.5585096e+00
5.2811466e-02
5.4825134e+00
-1.0564467e-01
-6.3285003e+00
-6.6265755e+00
-5.1989322e+00
-4.6633925e+00
-4.2560191e+00
7.3562303e+00
2.7677150e+00
2.8492739e+00
2.5458851e+00
-6.6258955e+00
-6.0925550e+00
-3.0556114e+00
-3.2972693e+00
2.7378690e+00
2.6585102e+00
-4.8887057e+00
2.1214311e+00
8.3635969e+00
-4.0531154e+00
-2.8816702e+00
1.6866896e-05
-2.7208638e+00
6.7094678e-01
4.9574265e+00
4.6917295e+00
-1.5930556e+00
-1.8287472e+00
4.4037809e+00
3.8929877e+00
-3.9825771e+00
-1.4659898e+00
2.1669888e+00
1.5862908e+00
1.7985039e-05
4.6490466e-05
2.1688590e+00
2.9377360e+00
2.4892466e+00
2.2578213e+00
3.2947485e+00
2.0077164e+00
1.7742137e+00
1.3863254e+00
-1.4723628e+00
-1.5575844e+00
-1.2363875e+00
-1.2860867e+00
-8.6562318e-01
-1.2471483e+00
-7.5783372e-01
-5.5421394e-01
-4.0493181e-01
-2.9975945e-01
-3.9169183e-01
-1.5473168e+00
-1.7297621e+00
-1.5069914e+00
-1.9776654e+00
-1.6056668e+00
-1.2517276e+00
-1.2297401e+00
-1.6195368e+00
-1.1353639e+00
-1.5591397e+00
-8.0999696e-01
-6.2368119e-01
-4.8504287e-01
-2.1181884e+00
-2.8285706e-01
-2.3910587e-01
-1.7551271e+00
-1.4419680e+00
-2.1535068e+00
-2.1005664e+00
-4.4441622e-01
-2.3944209e+00
-4.5665123e-02
-2.0355620e+00
-1.3577965e+00
-1.6447512e+00
9.5848525e-01
2.1250584e+00
1.5824473e+00
5.1659184e+00
7.2092466e+00
-2.9813468e-01
-1.6010571e+00
-1.6891773e+00
-1.2036313e+00
-1.6493771e+00
2.5166578e+00
2.7868278e+00
3.1898882e+00
2.7719219e+00
7.3896503e+00
-8.7384003e-01
-4.6752758e+00
3.1469257e+00
2.4284472e+00
-4.8810014e-01
-4.8098288e+00
1.7768431e-05
-6.1071711e+00
-6.2926140e+00
-6.1315942e+00
-5.4986649e+00
-1.0061927e+00
1.6356287e+00
1.6168336e+00
-3.4494607e+00
-4.9329724e+00
-2.9491848e-01
-1.6330330e-01
-8.5437939e-02
-3.4426816e-02
-2.3804849e-02
-5.6059007e-04
-5.8563817e-02
8.3343368e-03
-1.7724769e-01
-1.9182023e-02
7.4577559e-04
-1.3378869e+00
3.0889513e+00
3.0465050e+00
3.5690739e+00
1.5641621e+00
8.1589973e-01
8.9349055e-01
8.1490946e-01
5.4460735e+00
-2.0881329e+00
-8.2327330e-01
-7.4644531e-03
2.4194329e-03
-3.9253142e-03
8.2148152e-04
-1.7767147e-03
3.0349948e+00
6.6265999e-03
2.3082744e-02
-2.5858344e-03
-1.0065484e-03
-3.4267711e-04
1.1860036e-04
3.1324799e+00
7.9930882e+00
-1.6178844e+00
2.3960593e+00
2.7334097e-01
4.8735078e-08
-8.0248870e-02
-7.8991711e-02
-3.7853565e-02
-2.5116615e-02
-8.0052558e-03
-7.8877933e-02
-1.8705221e-01
-1.7648958e-02
-2.0335647e-03
1.2327386e-02
-1.0380043e-02
9.2123526e-07
-4.1996531e-02
1.7185907e-06
3.2409835e-06
6.3352032e-05
-4.3541608e-05
1.0550852e-04
1.6087823e-04
3.0022659e-04
1.4182027e-04
5.7450810e-04
1.4814002e-04
1.0405768e-03
-8.5107640e-05
1.7941513e-03
-6.4848951e-04
3.3716916e-03
-1.6743975e-03
-4.7848253e-03
2.3816212e-03
2.4639451e-04
9.1789007e-05
-5.1155820e+00
-2.0751865e-04
-2.0880775e-04
-7.9865153e-05
-9.8224287e-04
-1.5912786e-04
-3.8983522e-05
-7.9394718e-05
-2.5636637e-05
-1.1893502e-05
-1.7172117e-05
3.3274257e-05
-2.9390008e-04
4.7080910e-05
1.6207852e-05
-5.3923063e-06
3.4779577e+00
3.5968478e+00
5.7765155e-05
1.3042427e-05
9.8006249e-06
3.0503933e+00
-4.0868077e-02
-2.1059893e-06
5.4722914e-04
3.7019050e+00
-4.2395258e+00
-5.4573266e-06
-3.8952441e+00
-3.6591892e+00
-4.4518967e+00
3.0728803e+00
4.5698476e-03
5.2372515e-02
-4.0179284e-06
1.9786984e-03
-1.3977647e-01
-1.5250282e+00
3.2325156e+00
-3.7556916e-01
-1.2256310e+00
-8.1894048e-02
-4.0086722e+00
7.9148561e-03
1.2509919e-05
4.9605579e+00
3.6076345e+00
-4.4257879e+00
-5.0578488e-05
2.4356027e-01
3.1350915e+00
2.9832768e+00
3.1330628e+00
3.0123904e+00
-5.9516425e+00
-1.4346828e+00
2.8427321e-04
-3.7596865e+00
2.9823081e+00
1.9986582e+00
-5.0547806e-04
1.8971826e-06
-1.4863715e-01
-4.6759942e-01
-1.9248402e+00
-2.5704937e+00
-2.6182425e+00
5.6911488e+00
-9.0044534e-01
-3.7571609e+00
-5.9287277e-06
1.4783672e+00
-2.2568627e-06
-2.3715632e+00
-1.3692312e-04
1.5002243e-01
2.2175203e-05
3.1878791e+00
3.8043854e+00
-2.6850059e+00
-4.0949335e+00
-1.5816430e+00
3.2039618e+00
-1.3315163e+00
-1.0090225e-02
-1.1090034e+00
-6.7684877e-01
3.5204855e-04
4.2121787e+00
-5.4202733e+00
-4.1652692e-04
3.3711956e+00
4.0936546e+00
-5.4975457e+00
-1.6183261e+00
-1.6729044e+00
-3.0308685e+00
-2.3468950e+00
-2.6253133e+00
-4.2538285e+00
5.1633077e+00
-3.0114934e+00
2.6330075e+00
-5.7299294e+00
-5.1476526e-01
-2.2685018e+00
4.2651749e+00
3.6351759e+00
-9.1204913e-03
-3.9530199e+00
7.2621119e-01
1.4639151e+00
-8.7442875e-01
6.3957227e-03
-3.0083590e+00
2.8271663e+00
3.5626829e-01
-1.9965470e+00
3.2143683e+00
-3.7569097e-01
-2.8452066e-01
7.5208216e+00
3.7754281e+00
-9.5220527e-04
1.8734310e+00
-2.5038955e+00
1.4098136e+00
-3.3312902e-04
1.6509056e-02
-5.3086414e+00
-4.3127565e+00
-3.5740656e-01
-1.1210794e+00
2.7611837e+00
-8.4280241e-01
-2.1638463e+00
4.7069693e-01
1.3594961e+00
6.8490009e+00
1.2656050e-05
-2.1417949e-03
-1.4495180e+00
3.2549212e+00
-4.1807656e+00
-6.0494461e+00
3.5281473e-01
1.6259589e-06
-3.6087928e+00
5.1734567e+00
-2.0495522e-01
-4.8692489e+00
2.8979640e+00
6.1337976e+00
-9.5499682e-01
-4.3725865e-03
-4.1887274e+00
-3.7907679e+00
-4.8583746e+00
1.3369228e+00
2.6235016e-02
2.9910522e+00
6.8152681e-02
5.4453406e+00
-4.3851814e+00
-5.3253170e-05
3.1840835e+00
-3.5344245e+00
-3.9308474e+00
3.6193051e+00
-1.7011832e+00
-3.7145481e+00
-3.8828545e+00
-3.2298958e-06
-4.3529100e+00
3.0058625e+00
-4.5887408e+00
3.0053155e+00
1.2660505e-02
2.7309730e+00
2.9400213e+00
-2.0592568e+00
-5.7728233e+00
-5.7173575e-06
-9.0119874e-01
4.3744187e+00
-3.5379176e+00
1.9423981e-06
-2.2429857e+00
-8.7325330e-05
-2.2262840e-02
-2.4060562e+00
-4.0612545e-06
-3.3028607e+00
-4.0867782e+00
-3.4947743e-04
-5.0284567e+00
-2.6472399e+00
1.1545657e+00
-5.2039013e+00
6.9132584e-01
1.1525210e-02
-1.8112386e+00
-6.4729497e-02
-1.4030058e+00
5.1937175e-01
-4.2241254e+00
2.7264335e+00
-2.9169350e+00
3.3179624e+00
-3.8845322e+00
2.9752746e+00
3.5846505e-02
2.0563643e+00
2.9053001e+00
-1.5106733e-01
-8.1656151e-05
4.8578320e+00
-4.6726413e+00
-5.8236724e-01
-6.5545797e-01
-4.3069887e+00
-1.8150496e+00
-8.2637525e-01
-1.9444274e+00
1.2446860e-02
-4.0978904e+00
6.3259637e-01
-1.9695160e+00
3.9656951e+00
-5.3859925e+00
-5.3878417e+00
3.1808727e+00
-8.6875170e-01
2.4695325e+00
1.0166443e-06
2.7192383e+00
2.3936453e+00
-3.5562456e+00
3.6521327e+00
1.1486353e+00
3.3612273e+00
-2.0504069e-05
-1.2358714e+00
-2.9460976e+00
-3.4827485e+00
-3.5547142e+00
-5.7611394e+00
-6.5175486e-01
-4.1235704e+00
CELL_DATA 1766
FIELD FieldData 0
