# vtk DataFile Version 4.0
vtk output
ASCII
DATASET UNSTRUCTURED_GRID
POINTS 945 float
0.0000000e+00 0.0000000e+00 0.0000000e+00 
2.0000000e+00 0.0000000e+00 0.0000000e+00 
2.0000000e+00 6.0000002e-01 0.0000000e+00 
0.0000000e+00 6.0000002e-01 0.0000000e+00 
5.6000000e-01 3.0000001e-01 0.0000000e+00 
5.5884713e-01 2.8829461e-01 0.0000000e+00 
5.5543280e-01 2.7703899e-01 0.0000000e+00 
5.4988819e-01 2.6666579e-01 0.0000000e+00 
5.4242641e-01 2.5757360e-01 0.0000000e+00 
5.3333420e-01 2.5011179e-01 0.0000000e+00 
5.2296102e-01 2.4456720e-01 0.0000000e+00 
5.1170540e-01 2.4115290e-01 0.0000000e+00 
5.0000000e-01 2.3999999e-01 0.0000000e+00 
4.8829460e-01 2.4115290e-01 0.0000000e+00 
4.7703901e-01 2.4456720e-01 0.0000000e+00 
4.6666580e-01 2.5011179e-01 0.0000000e+00 
4.5757359e-01 2.5757360e-01 0.0000000e+00 
4.5011181e-01 2.6666579e-01 0.0000000e+00 
4.4456720e-01 2.7703899e-01 0.0000000e+00 
4.4115290e-01 2.8829461e-01 0.0000000e+00 
4.4000000e-01 3.0000001e-01 0.0000000e+00 
4.4115290e-01 3.1170541e-01 0.0000000e+00 
4.4456720e-01 3.2296100e-01 0.0000000e+00 
4.5011181e-01 3.3333421e-01 0.0000000e+00 
4.5757359e-01 3.4242639e-01 0.0000000e+00 
4.6666580e-01 3.4988821e-01 0.0000000e+00 
4.7703901e-01 3.5543281e-01 0.0000000e+00 
4.8829460e-01 3.5884711e-01 0.0000000e+00 
5.0000000e-01 3.6000001e-01 0.0000000e+00 
5.1170540e-01 3.5884711e-01 0.0000000e+00 
5.2296102e-01 3.5543281e-01 0.0000000e+00 
5.3333420e-01 3.4988821e-01 0.0000000e+00 
5.4242641e-01 3.4242639e-01 0.0000000e+00 
5.4988819e-01 3.3333421e-01 0.0000000e+00 
5.5543280e-01 3.2296100e-01 0.0000000e+00 
5.5884713e-01 3.1170541e-01 0.0000000e+00 
5.9016321e-02 0.0000000e+00 0.0000000e+00 
1.1803260e-01 0.0000000e+00 0.0000000e+00 
1.7704900e-01 0.0000000e+00 0.0000000e+00 
2.3587100e-01 0.0000000e+00 0.0000000e+00 
2.9085249e-01 0.0000000e+00 0.0000000e+00 
3.4144861e-01 0.0000000e+00 0.0000000e+00 
3.8872591e-01 0.0000000e+00 0.0000000e+00 
4.3368599e-01 0.0000000e+00 0.0000000e+00 
4.7725680e-01 0.0000000e+00 0.0000000e+00 
5.2034539e-01 0.0000000e+00 0.0000000e+00 
5.6386721e-01 0.0000000e+00 0.0000000e+00 
6.0872579e-01 0.0000000e+00 0.0000000e+00 
6.5584701e-01 0.0000000e+00 0.0000000e+00 
7.0623368e-01 0.0000000e+00 0.0000000e+00 
7.6094180e-01 0.0000000e+00 0.0000000e+00 
8.1967372e-01 0.0000000e+00 0.0000000e+00 
8.7868989e-01 0.0000000e+00 0.0000000e+00 
9.3770629e-01 0.0000000e+00 0.0000000e+00 
9.9672258e-01 0.0000000e+00 0.0000000e+00 
1.0557390e+00 0.0000000e+00 0.0000000e+00 
1.1147550e+00 0.0000000e+00 0.0000000e+00 
1.1737720e+00 0.0000000e+00 0.0000000e+00 
1.2327880e+00 0.0000000e+00 0.0000000e+00 
1.2918040e+00 0.0000000e+00 0.0000000e+00 
1.3508210e+00 0.0000000e+00 0.0000000e+00 
1.4098370e+00 0.0000000e+00 0.0000000e+00 
1.4688530e+00 0.0000000e+00 0.0000000e+00 
1.5278690e+00 0.0000000e+00 0.0000000e+00 
1.5868860e+00 0.0000000e+00 0.0000000e+00 
1.6459020e+00 0.0000000e+00 0.0000000e+00 
1.7049180e+00 0.0000000e+00 0.0000000e+00 
1.7639350e+00 0.0000000e+00 0.0000000e+00 
1.8229510e+00 0.0000000e+00 0.0000000e+00 
1.8819669e+00 0.0000000e+00 0.0000000e+00 
1.9409840e+00 0.0000000e+00 0.0000000e+00 
2.0000000e+00 5.9999999e-02 0.0000000e+00 
2.0000000e+00 1.2000000e-01 0.0000000e+00 
2.0000000e+00 1.8000001e-01 0.0000000e+00 
2.0000000e+00 2.3999999e-01 0.0000000e+00 
2.0000000e+00 3.0000001e-01 0.0000000e+00 
2.0000000e+00 3.6000001e-01 0.0000000e+00 
2.0000000e+00 4.1999999e-01 0.0000000e+00 
2.0000000e+00 4.7999999e-01 0.0000000e+00 
2.0000000e+00 5.4000002e-01 0.0000000e+00 
1.9409840e+00 6.0000002e-01 0.0000000e+00 
1.8819669e+00 6.0000002e-01 0.0000000e+00 
1.8229510e+00 6.0000002e-01 0.0000000e+00 
1.7639350e+00 6.0000002e-01 0.0000000e+00 
1.7049180e+00 6.0000002e-01 0.0000000e+00 
1.6459020e+00 6.0000002e-01 0.0000000e+00 
1.5868860e+00 6.0000002e-01 0.0000000e+00 
1.5278690e+00 6.0000002e-01 0.0000000e+00 
1.4688530e+00 6.0000002e-01 0.0000000e+00 
1.4098370e+00 6.0000002e-01 0.0000000e+00 
1.3508210e+00 6.0000002e-01 0.0000000e+00 
1.2918040e+00 6.0000002e-01 0.0000000e+00 
1.2327880e+00 6.0000002e-01 0.0000000e+00 
1.1737720e+00 6.0000002e-01 0.0000000e+00 
1.1147550e+00 6.0000002e-01 0.0000000e+00 
1.0557390e+00 6.0000002e-01 0.0000000e+00 
9.9672258e-01 6.0000002e-01 0.0000000e+00 
9.3770629e-01 6.0000002e-01 0.0000000e+00 
8.7868989e-01 6.0000002e-01 0.0000000e+00 
8.1967372e-01 6.0000002e-01 0.0000000e+00 
7.6094180e-01 6.0000002e-01 0.0000000e+00 
7.0623368e-01 6.0000002e-01 0.0000000e+00 
6.5584701e-01 6.0000002e-01 0.0000000e+00 
6.0872579e-01 6.0000002e-01 0.0000000e+00 
5.6386721e-01 6.0000002e-01 0.0000000e+00 
5.2034539e-01 6.0000002e-01 0.0000000e+00 
4.7725680e-01 6.0000002e-01 0.0000000e+00 
4.3368599e-01 6.0000002e-01 0.0000000e+00 
3.8872591e-01 6.0000002e-01 0.0000000e+00 
3.4144861e-01 6.0000002e-01 0.0000000e+00 
2.9085249e-01 6.0000002e-01 0.0000000e+00 
2.3587100e-01 6.0000002e-01 0.0000000e+00 
1.7704900e-01 6.0000002e-01 0.0000000e+00 
1.1803260e-01 6.0000002e-01 0.0000000e+00 
5.9016321e-02 6.0000002e-01 0.0000000e+00 
0.0000000e+00 5.4000002e-01 0.0000000e+00 
0.0000000e+00 4.7999999e-01 0.0000000e+00 
0.0000000e+00 4.1999999e-01 0.0000000e+00 
0.0000000e+00 3.6000001e-01 0.0000000e+00 
0.0000000e+00 3.0000001e-01 0.0000000e+00 
0.0000000e+00 2.3999999e-01 0.0000000e+00 
0.0000000e+00 1.8000001e-01 0.0000000e+00 
0.0000000e+00 1.2000000e-01 0.0000000e+00 
0.0000000e+00 5.9999999e-02 0.0000000e+00 
4.3026751e-01 3.0683401e-01 0.0000000e+00 
8.4908241e-01 5.5269438e-01 0.0000000e+00 
7.8790653e-01 5.1802918e-02 0.0000000e+00 
1.1430219e+00 5.0576471e-02 0.0000000e+00 
1.4415160e+00 5.0573289e-02 0.0000000e+00 
1.6754100e+00 5.5038619e-01 0.0000000e+00 
2.6041579e-01 5.2875768e-02 0.0000000e+00 
9.6895182e-01 5.0380111e-02 0.0000000e+00 
2.6302171e-01 5.5612308e-01 0.0000000e+00 
5.5065349e-02 2.6500449e-01 0.0000000e+00 
1.2615570e+00 5.4759312e-01 0.0000000e+00 
1.0253479e+00 5.4886931e-01 0.0000000e+00 
1.6201590e+00 5.4130111e-02 0.0000000e+00 
1.4979730e+00 5.5115038e-01 0.0000000e+00 
6.7900127e-01 5.5979192e-01 0.0000000e+00 
1.9463980e+00 2.6800990e-01 0.0000000e+00 
6.3145077e-01 3.8099781e-02 0.0000000e+00 
4.1331020e-01 5.6811810e-01 0.0000000e+00 
4.1231820e-01 3.8809739e-02 0.0000000e+00 
5.4410732e-01 5.6000441e-01 0.0000000e+00 
1.7962800e+00 5.9606131e-02 0.0000000e+00 
5.4468262e-01 3.7558820e-02 0.0000000e+00 
4.9130220e-02 3.9247900e-01 0.0000000e+00 
1.9509200e+00 3.8997239e-01 0.0000000e+00 
1.3233820e+00 4.9667731e-02 0.0000000e+00 
1.3821890e+00 5.4839480e-01 0.0000000e+00 
1.1434870e+00 5.4837209e-01 0.0000000e+00 
1.7959980e+00 5.4855859e-01 0.0000000e+00 
4.9401909e-02 1.5067521e-01 0.0000000e+00 
1.4989950e-01 5.5529898e-01 0.0000000e+00 
1.9519399e+00 1.5339760e-01 0.0000000e+00 
1.4754079e-01 5.1025499e-02 0.0000000e+00 
1.9506550e+00 5.1069498e-01 0.0000000e+00 
1.9114760e+00 5.1109631e-02 0.0000000e+00 
4.9216151e-02 5.0927132e-01 0.0000000e+00 
5.8710063e-01 3.6655251e-02 0.0000000e+00 
6.0428280e-01 7.4787550e-02 0.0000000e+00 
6.4929068e-01 7.4443869e-02 0.0000000e+00 
6.2715179e-01 1.0633790e-01 0.0000000e+00 
5.9329480e-01 1.0799770e-01 0.0000000e+00 
6.0949302e-01 1.3488390e-01 0.0000000e+00 
6.4123279e-01 1.3555969e-01 0.0000000e+00 
6.2006623e-01 1.6328260e-01 0.0000000e+00 
6.5316749e-01 1.6381399e-01 0.0000000e+00 
6.3351321e-01 1.8958050e-01 0.0000000e+00 
6.6427898e-01 1.8941709e-01 0.0000000e+00 
6.4933020e-01 2.1180780e-01 0.0000000e+00 
6.7645937e-01 2.1359310e-01 0.0000000e+00 
6.6097301e-01 2.3410480e-01 0.0000000e+00 
6.8796802e-01 2.3757669e-01 0.0000000e+00 
6.7103261e-01 2.5876111e-01 0.0000000e+00 
6.9990993e-01 2.6214910e-01 0.0000000e+00 
6.8101048e-01 2.8387409e-01 0.0000000e+00 
7.1248281e-01 2.8716281e-01 0.0000000e+00 
7.2971261e-01 2.6349890e-01 0.0000000e+00 
7.4486363e-01 2.9076719e-01 0.0000000e+00 
6.9556361e-01 3.0985960e-01 0.0000000e+00 
7.6406652e-01 2.6318431e-01 0.0000000e+00 
7.8114778e-01 2.9619500e-01 0.0000000e+00 
5.5403137e-01 2.5565761e-01 0.0000000e+00 
5.6691158e-01 2.7902979e-01 0.0000000e+00 
8.0246252e-01 2.6402649e-01 0.0000000e+00 
8.2167560e-01 3.0103979e-01 0.0000000e+00 
5.7978672e-01 1.3316999e-01 0.0000000e+00 
6.9627529e-01 1.8651520e-01 0.0000000e+00 
8.4832448e-01 2.6130950e-01 0.0000000e+00 
8.6857778e-01 3.0716091e-01 0.0000000e+00 
6.6883779e-01 3.0851370e-01 0.0000000e+00 
6.8001598e-01 3.3176759e-01 0.0000000e+00 
5.6956083e-01 3.0685109e-01 0.0000000e+00 
8.9643359e-01 2.6652190e-01 0.0000000e+00 
9.1803229e-01 3.1445420e-01 0.0000000e+00 
9.4838840e-01 2.6944679e-01 0.0000000e+00 
9.7196358e-01 3.1528941e-01 0.0000000e+00 
1.0020620e+00 2.7188951e-01 0.0000000e+00 
1.0263140e+00 3.1974381e-01 0.0000000e+00 
1.0557370e+00 2.7577680e-01 0.0000000e+00 
6.5179992e-01 3.3081001e-01 0.0000000e+00 
6.6418201e-01 3.5163379e-01 0.0000000e+00 
6.8745148e-01 3.5866591e-01 0.0000000e+00 
6.4083183e-01 3.5175639e-01 0.0000000e+00 
6.5020132e-01 3.7057751e-01 0.0000000e+00 
6.2925631e-01 3.6861771e-01 0.0000000e+00 
6.3750827e-01 3.8906679e-01 0.0000000e+00 
6.1479098e-01 3.8505989e-01 0.0000000e+00 
6.2451601e-01 4.0700281e-01 0.0000000e+00 
6.0271370e-01 4.0461549e-01 0.0000000e+00 
6.4791143e-01 4.1049060e-01 0.0000000e+00 
6.1149168e-01 4.2533240e-01 0.0000000e+00 
5.8940130e-01 4.2314041e-01 0.0000000e+00 
5.4590571e-01 3.5405469e-01 0.0000000e+00 
5.5933821e-01 3.3214769e-01 0.0000000e+00 
1.0820900e+00 3.2265610e-01 0.0000000e+00 
1.1129040e+00 2.7988619e-01 0.0000000e+00 
1.1385900e+00 3.3131590e-01 0.0000000e+00 
1.1718310e+00 2.8342861e-01 0.0000000e+00 
5.9854919e-01 4.4447681e-01 0.0000000e+00 
5.7566178e-01 4.4153079e-01 0.0000000e+00 
8.0048358e-01 3.3398119e-01 0.0000000e+00 
1.1962050e+00 3.3624330e-01 0.0000000e+00 
1.2286429e+00 2.8668931e-01 0.0000000e+00 
1.2540359e+00 3.3862561e-01 0.0000000e+00 
1.2863950e+00 2.8994620e-01 0.0000000e+00 
6.1140192e-01 1.8628950e-01 0.0000000e+00 
1.3121480e+00 3.4238011e-01 0.0000000e+00 
1.3446890e+00 2.9366851e-01 0.0000000e+00 
1.3705840e+00 3.4558439e-01 0.0000000e+00 
1.4032860e+00 2.9774809e-01 0.0000000e+00 
6.4617378e-01 3.0788270e-01 0.0000000e+00 
1.4291511e+00 3.4956750e-01 0.0000000e+00 
1.4618640e+00 3.0163100e-01 0.0000000e+00 
1.4877310e+00 3.5457411e-01 0.0000000e+00 
1.5206050e+00 3.0603161e-01 0.0000000e+00 
1.5464530e+00 3.5889450e-01 0.0000000e+00 
1.5793800e+00 3.1008351e-01 0.0000000e+00 
5.6763572e-01 4.1851109e-01 0.0000000e+00 
5.5408603e-01 4.3793961e-01 0.0000000e+00 
5.2029008e-01 3.6688760e-01 0.0000000e+00 
9.4794089e-01 3.6647639e-01 0.0000000e+00 
8.7384099e-01 2.2074890e-01 0.0000000e+00 
6.3348472e-01 2.3041780e-01 0.0000000e+00 
7.8118002e-01 2.2578520e-01 0.0000000e+00 
1.6052290e+00 3.6304700e-01 0.0000000e+00 
1.6382140e+00 3.1413361e-01 0.0000000e+00 
1.6641290e+00 3.6722910e-01 0.0000000e+00 
1.6971480e+00 3.1819481e-01 0.0000000e+00 
1.6712240e+00 2.6505721e-01 0.0000000e+00 
1.7302210e+00 2.6912081e-01 0.0000000e+00 
1.5534170e+00 2.5684619e-01 0.0000000e+00 
6.7181969e-01 1.4093800e-01 0.0000000e+00 
5.8596748e-01 4.6394360e-01 0.0000000e+00 
1.7230920e+00 3.7133509e-01 0.0000000e+00 
1.3771909e+00 2.4454120e-01 0.0000000e+00 
6.2249678e-01 4.4700289e-01 0.0000000e+00 
1.2033920e+00 2.3449400e-01 0.0000000e+00 
1.0287880e+00 2.3015590e-01 0.0000000e+00 
5.4669750e-01 4.1895449e-01 0.0000000e+00 
5.3373671e-01 4.3515179e-01 0.0000000e+00 
5.4073101e-01 4.5481020e-01 0.0000000e+00 
5.1996583e-01 4.5137540e-01 0.0000000e+00 
5.1387292e-01 4.2921981e-01 0.0000000e+00 
4.9935541e-01 4.4742331e-01 0.0000000e+00 
4.5565760e-01 3.5403141e-01 0.0000000e+00 
4.9349809e-01 4.2846820e-01 0.0000000e+00 
4.7935709e-01 4.4358870e-01 0.0000000e+00 
4.7970989e-01 3.6688760e-01 0.0000000e+00 
4.8592600e-01 4.6396780e-01 0.0000000e+00 
4.6443069e-01 4.5930001e-01 0.0000000e+00 
4.5825541e-01 4.3536639e-01 0.0000000e+00 
4.4286779e-01 4.5335940e-01 0.0000000e+00 
4.3592349e-01 4.3169260e-01 0.0000000e+00 
4.2123440e-01 4.4813421e-01 0.0000000e+00 
4.1462469e-01 4.2622849e-01 0.0000000e+00 
4.3825611e-01 3.3387709e-01 0.0000000e+00 
3.9864141e-01 4.4291711e-01 0.0000000e+00 
3.9200109e-01 4.1997111e-01 0.0000000e+00 
3.7504819e-01 4.3754801e-01 0.0000000e+00 
3.6926591e-01 4.1456231e-01 0.0000000e+00 
3.5052001e-01 4.3156540e-01 0.0000000e+00 
3.4640020e-01 4.0321410e-01 0.0000000e+00 
3.2338160e-01 4.2558259e-01 0.0000000e+00 
3.1625420e-01 3.9745620e-01 0.0000000e+00 
3.3599329e-01 3.7658459e-01 0.0000000e+00 
3.0888751e-01 3.6996761e-01 0.0000000e+00 
3.2846531e-01 3.5015899e-01 0.0000000e+00 
3.0453789e-01 3.4228960e-01 0.0000000e+00 
3.2241219e-01 3.2376000e-01 0.0000000e+00 
2.9612821e-01 3.1610900e-01 0.0000000e+00 
3.1577420e-01 2.9729351e-01 0.0000000e+00 
2.8885421e-01 2.8886101e-01 0.0000000e+00 
3.0968001e-01 2.6928011e-01 0.0000000e+00 
2.8137040e-01 2.6060769e-01 0.0000000e+00 
2.8570160e-01 3.8790971e-01 0.0000000e+00 
3.0315241e-01 2.4067999e-01 0.0000000e+00 
3.3230671e-01 2.5245121e-01 0.0000000e+00 
3.2487640e-01 2.2290690e-01 0.0000000e+00 
3.5372531e-01 2.3027760e-01 0.0000000e+00 
4.3461740e-01 2.7961159e-01 0.0000000e+00 
3.4512779e-01 2.0528039e-01 0.0000000e+00 
3.6950600e-01 2.1069451e-01 0.0000000e+00 
2.6638910e-01 3.1392881e-01 0.0000000e+00 
2.7405229e-01 2.3109850e-01 0.0000000e+00 
3.6342499e-01 1.8842390e-01 0.0000000e+00 
3.8558939e-01 1.9589300e-01 0.0000000e+00 
4.4520050e-01 2.5469631e-01 0.0000000e+00 
3.8103029e-01 1.7263541e-01 0.0000000e+00 
4.0200421e-01 1.8057050e-01 0.0000000e+00 
4.9249741e-01 2.2787590e-01 0.0000000e+00 
4.6605590e-01 2.3826469e-01 0.0000000e+00 
3.3931601e-01 1.7988220e-01 0.0000000e+00 
3.8745371e-01 3.9799151e-01 0.0000000e+00 
3.5741779e-01 2.5419459e-01 0.0000000e+00 
3.5627639e-01 4.5751181e-01 0.0000000e+00 
3.4765261e-01 3.3191890e-01 0.0000000e+00 
3.9811629e-01 1.5518570e-01 0.0000000e+00 
4.2193061e-01 1.6662900e-01 0.0000000e+00 
3.7476501e-01 1.4610679e-01 0.0000000e+00 
3.9139041e-01 2.1633980e-01 0.0000000e+00 
2.5018540e-01 2.5338060e-01 0.0000000e+00 
2.4227400e-01 2.1673180e-01 0.0000000e+00 
2.1296521e-01 2.4632980e-01 0.0000000e+00 
2.0310380e-01 2.0643540e-01 0.0000000e+00 
4.7074649e-01 4.8204380e-01 0.0000000e+00 
4.9385741e-01 4.8678511e-01 0.0000000e+00 
4.1766569e-01 1.3875820e-01 0.0000000e+00 
4.3951231e-01 1.4885530e-01 0.0000000e+00 
4.4284999e-01 1.6929220e-01 0.0000000e+00 
4.6074921e-01 1.5907930e-01 0.0000000e+00 
4.5701310e-01 1.3411739e-01 0.0000000e+00 
4.7804150e-01 1.4308280e-01 0.0000000e+00 
4.8207700e-01 1.6432039e-01 0.0000000e+00 
5.2000839e-01 2.3249920e-01 0.0000000e+00 
4.7522539e-01 1.1890660e-01 0.0000000e+00 
4.9824399e-01 1.5124670e-01 0.0000000e+00 
5.0239080e-01 1.7379840e-01 0.0000000e+00 
4.0624869e-01 4.6688080e-01 0.0000000e+00 
4.2919409e-01 4.1243970e-01 0.0000000e+00 
6.2043011e-01 3.4884781e-01 0.0000000e+00 
1.7042540e+00 2.1590130e-01 0.0000000e+00 
1.7632940e+00 2.2000070e-01 0.0000000e+00 
5.9477502e-01 3.8850871e-01 0.0000000e+00 
1.1047130e+00 3.7971979e-01 0.0000000e+00 
5.5632508e-01 4.0331629e-01 0.0000000e+00 
5.1673311e-01 1.5979400e-01 0.0000000e+00 
5.1686460e-01 1.3875850e-01 0.0000000e+00 
5.2089018e-01 1.7866670e-01 0.0000000e+00 
2.3531640e-01 1.7608330e-01 0.0000000e+00 
4.8605490e-01 1.8340071e-01 0.0000000e+00 
1.2225550e+00 3.8796490e-01 0.0000000e+00 
1.7893510e+00 2.7321759e-01 0.0000000e+00 
5.0436419e-01 4.1349870e-01 0.0000000e+00 
4.8793069e-01 4.1161671e-01 0.0000000e+00 
1.3432890e+00 3.9487341e-01 0.0000000e+00 
4.9844569e-01 3.9902619e-01 0.0000000e+00 
5.1288861e-01 4.0051869e-01 0.0000000e+00 
4.7826111e-01 5.0721961e-01 0.0000000e+00 
1.5723439e+00 4.1086179e-01 0.0000000e+00 
5.6928509e-01 1.1216540e-01 0.0000000e+00 
5.3438342e-01 1.6713411e-01 0.0000000e+00 
5.3660733e-01 1.8530799e-01 0.0000000e+00 
5.5097228e-01 1.7492341e-01 0.0000000e+00 
5.5329382e-01 1.9238080e-01 0.0000000e+00 
1.4477730e+00 4.0997440e-01 0.0000000e+00 
1.7183121e-01 2.3577370e-01 0.0000000e+00 
1.8385801e-01 2.7833050e-01 0.0000000e+00 
4.5149651e-01 1.1040960e-01 0.0000000e+00 
4.7247219e-01 9.1955133e-02 0.0000000e+00 
1.9255680e-01 1.6331930e-01 0.0000000e+00 
4.5135620e-01 5.0161749e-01 0.0000000e+00 
1.8225530e+00 2.2401039e-01 0.0000000e+00 
5.2494282e-01 1.9506520e-01 0.0000000e+00 
1.7372680e+00 1.6678140e-01 0.0000000e+00 
1.6782570e+00 1.6271511e-01 0.0000000e+00 
1.6900350e+00 4.2038351e-01 0.0000000e+00 
1.7490560e+00 4.2454061e-01 0.0000000e+00 
4.8329440e-01 3.9614201e-01 0.0000000e+00 
4.7259709e-01 4.0761891e-01 0.0000000e+00 
4.6829471e-01 3.9267531e-01 0.0000000e+00 
1.7821480e+00 3.7544200e-01 0.0000000e+00 
1.8081650e+00 4.2873210e-01 0.0000000e+00 
5.6767190e-01 1.8248910e-01 0.0000000e+00 
5.6965590e-01 1.9964610e-01 0.0000000e+00 
5.5310482e-01 2.0997940e-01 0.0000000e+00 
5.7153863e-01 2.1648981e-01 0.0000000e+00 
5.5832732e-01 2.2570750e-01 0.0000000e+00 
5.7294083e-01 2.3188220e-01 0.0000000e+00 
5.8571517e-01 2.2277141e-01 0.0000000e+00 
5.8722973e-01 2.3849240e-01 0.0000000e+00 
2.2661661e-01 1.3415439e-01 0.0000000e+00 
2.6798990e-01 1.4730521e-01 0.0000000e+00 
1.7105891e+00 1.1396340e-01 0.0000000e+00 
5.9993339e-01 2.2935030e-01 0.0000000e+00 
6.0129720e-01 2.4530940e-01 0.0000000e+00 
5.8868867e-01 2.5420901e-01 0.0000000e+00 
6.0235012e-01 2.6110700e-01 0.0000000e+00 
1.8387530e+00 3.7525591e-01 0.0000000e+00 
5.4489303e-01 2.2099259e-01 0.0000000e+00 
4.5784310e-01 5.2955812e-01 0.0000000e+00 
5.1062381e-01 5.1103139e-01 0.0000000e+00 
4.9833831e-01 1.0296860e-01 0.0000000e+00 
1.8639690e+00 4.2541769e-01 0.0000000e+00 
4.9523690e-01 7.3985048e-02 0.0000000e+00 
1.3844220e-01 2.6736441e-01 0.0000000e+00 
1.5088230e-01 3.1097111e-01 0.0000000e+00 
1.2641050e-01 2.2494370e-01 0.0000000e+00 
2.0287590e-01 3.2045639e-01 0.0000000e+00 
1.6756350e-01 3.5410741e-01 0.0000000e+00 
2.1099889e-01 3.6507410e-01 0.0000000e+00 
1.8053800e-01 3.9719370e-01 0.0000000e+00 
2.2913329e-01 4.0715241e-01 0.0000000e+00 
1.9421770e-01 4.3993911e-01 0.0000000e+00 
2.3865750e-01 4.5007020e-01 0.0000000e+00 
1.4811151e-01 4.3034700e-01 0.0000000e+00 
5.9036589e-01 2.6973200e-01 0.0000000e+00 
6.0372931e-01 2.7649191e-01 0.0000000e+00 
6.1619169e-01 2.6624000e-01 0.0000000e+00 
5.9138829e-01 2.8492469e-01 0.0000000e+00 
6.0468042e-01 2.9163459e-01 0.0000000e+00 
1.8453060e+00 2.7996099e-01 0.0000000e+00 
2.0954210e-01 4.8537201e-01 0.0000000e+00 
4.6530190e-01 6.3733928e-02 0.0000000e+00 
5.9247959e-01 2.9992181e-01 0.0000000e+00 
6.0560697e-01 3.0666059e-01 0.0000000e+00 
5.9351093e-01 3.1494951e-01 0.0000000e+00 
6.0633099e-01 3.2174519e-01 0.0000000e+00 
5.9430778e-01 3.2937449e-01 0.0000000e+00 
4.9347320e-01 3.8454881e-01 0.0000000e+00 
5.5062449e-01 1.5674770e-01 0.0000000e+00 
4.5774269e-01 4.0380031e-01 0.0000000e+00 
4.5300320e-01 3.8926181e-01 0.0000000e+00 
5.2078158e-01 8.5589677e-02 0.0000000e+00 
5.2809721e-01 4.7261381e-01 0.0000000e+00 
5.4998982e-01 4.7740239e-01 0.0000000e+00 
1.1647230e-01 3.4303319e-01 0.0000000e+00 
5.4025501e-01 4.0216339e-01 0.0000000e+00 
5.4931629e-01 3.8893181e-01 0.0000000e+00 
5.6429678e-01 3.8917771e-01 0.0000000e+00 
5.5815691e-01 3.7613159e-01 0.0000000e+00 
5.3233409e-01 3.8730109e-01 0.0000000e+00 
6.1810511e-01 2.9840681e-01 0.0000000e+00 
5.4633558e-01 2.3408321e-01 0.0000000e+00 
1.7233150e+00 4.7115931e-01 0.0000000e+00 
1.6544410e+00 4.6960419e-01 0.0000000e+00 
5.9817278e-01 2.1342160e-01 0.0000000e+00 
5.7312608e-01 3.7630349e-01 0.0000000e+00 
5.6664068e-01 3.6344349e-01 0.0000000e+00 
5.8089459e-01 3.6333910e-01 0.0000000e+00 
5.7436389e-01 3.5058859e-01 0.0000000e+00 
5.8890998e-01 3.5140380e-01 0.0000000e+00 
5.9597099e-01 3.6360300e-01 0.0000000e+00 
1.8871840e+00 2.3216370e-01 0.0000000e+00 
1.8613670e+00 1.6699770e-01 0.0000000e+00 
5.8043772e-01 3.2325599e-01 0.0000000e+00 
1.8341640e-01 1.2044960e-01 0.0000000e+00 
1.4539170e-01 1.4803199e-01 0.0000000e+00 
5.2981251e-01 4.1606659e-01 0.0000000e+00 
6.3278657e-01 3.2098520e-01 0.0000000e+00 
4.9883649e-01 1.9035070e-01 0.0000000e+00 
4.8866749e-01 1.9995619e-01 0.0000000e+00 
4.7372600e-01 1.9428051e-01 0.0000000e+00 
4.7687241e-01 2.0988560e-01 0.0000000e+00 
4.6230760e-01 2.0519090e-01 0.0000000e+00 
5.0175709e-01 2.0284539e-01 0.0000000e+00 
3.7420979e-01 2.4249861e-01 0.0000000e+00 
3.7680081e-01 2.5999850e-01 0.0000000e+00 
3.6377189e-01 2.7359021e-01 0.0000000e+00 
3.8147151e-01 2.7786380e-01 0.0000000e+00 
3.9390230e-01 2.6630861e-01 0.0000000e+00 
3.9790910e-01 2.8215069e-01 0.0000000e+00 
3.8660839e-01 2.9399589e-01 0.0000000e+00 
4.0266559e-01 2.9749459e-01 0.0000000e+00 
3.9230630e-01 3.0959940e-01 0.0000000e+00 
3.7539089e-01 3.0645579e-01 0.0000000e+00 
3.8165531e-01 3.2178041e-01 0.0000000e+00 
3.9764741e-01 3.2483751e-01 0.0000000e+00 
3.8738471e-01 3.3702531e-01 0.0000000e+00 
4.0318671e-01 3.3988059e-01 0.0000000e+00 
3.9298999e-01 3.5206911e-01 0.0000000e+00 
4.0884519e-01 3.5489669e-01 0.0000000e+00 
3.7592891e-01 3.5095471e-01 0.0000000e+00 
4.1221961e-01 3.2815641e-01 0.0000000e+00 
4.0885890e-01 2.7070051e-01 0.0000000e+00 
4.0606499e-01 2.5576550e-01 0.0000000e+00 
4.2036530e-01 2.6073930e-01 0.0000000e+00 
4.1758421e-01 2.4588020e-01 0.0000000e+00 
3.9879280e-01 3.6719501e-01 0.0000000e+00 
4.1457930e-01 3.6959961e-01 0.0000000e+00 
4.2435291e-01 3.5784501e-01 0.0000000e+00 
4.3005049e-01 3.7181091e-01 0.0000000e+00 
4.2064139e-01 3.8399899e-01 0.0000000e+00 
4.0332180e-01 2.4100940e-01 0.0000000e+00 
4.1523230e-01 2.3128320e-01 0.0000000e+00 
4.2901969e-01 2.3581611e-01 0.0000000e+00 
4.2680249e-01 2.2116630e-01 0.0000000e+00 
4.4072181e-01 2.2622180e-01 0.0000000e+00 
4.3834931e-01 2.1132030e-01 0.0000000e+00 
4.2324290e-01 2.0628519e-01 0.0000000e+00 
5.7600939e-01 2.6372889e-01 0.0000000e+00 
4.6461701e-01 3.7602729e-01 0.0000000e+00 
4.4586849e-01 3.4520641e-01 0.0000000e+00 
1.8224460e+00 4.8960349e-01 0.0000000e+00 
4.3567330e-01 1.9562960e-01 0.0000000e+00 
5.9315038e-01 1.5660501e-01 0.0000000e+00 
4.5945361e-01 1.9019520e-01 0.0000000e+00 
6.2804931e-01 2.1075760e-01 0.0000000e+00 
4.4690049e-01 3.7500271e-01 0.0000000e+00 
4.3590689e-01 2.6693821e-01 0.0000000e+00 
4.5538360e-01 2.4537770e-01 0.0000000e+00 
5.3253782e-01 3.6093631e-01 0.0000000e+00 
5.0687999e-01 3.7203360e-01 0.0000000e+00 
5.5479759e-01 3.4289679e-01 0.0000000e+00 
4.7859880e-01 2.3292100e-01 0.0000000e+00 
5.6951690e-01 2.9091081e-01 0.0000000e+00 
4.3251589e-01 3.2153201e-01 0.0000000e+00 
2.5864059e-01 4.9322551e-01 0.0000000e+00 
2.8119770e-01 4.6436489e-01 0.0000000e+00 
2.9712620e-01 4.9769270e-01 0.0000000e+00 
5.0679362e-01 2.2942559e-01 0.0000000e+00 
5.1640040e-01 2.1935740e-01 0.0000000e+00 
6.5671778e-01 2.8741741e-01 0.0000000e+00 
6.4681822e-01 2.6546481e-01 0.0000000e+00 
2.6161829e-01 1.0442510e-01 0.0000000e+00 
2.9914159e-01 1.2133270e-01 0.0000000e+00 
5.3835911e-01 2.0090669e-01 0.0000000e+00 
4.1076070e-01 4.0288219e-01 0.0000000e+00 
4.2847160e-01 2.9058349e-01 0.0000000e+00 
5.8385968e-01 4.0419951e-01 0.0000000e+00 
4.6758640e-01 2.2237021e-01 0.0000000e+00 
1.7680900e+00 1.1666990e-01 0.0000000e+00 
4.6705061e-01 3.6164391e-01 0.0000000e+00 
4.2953780e-01 5.2015013e-01 0.0000000e+00 
3.4222049e-01 3.0633521e-01 0.0000000e+00 
3.3303869e-01 2.8045291e-01 0.0000000e+00 
5.3547281e-01 4.9663380e-01 0.0000000e+00 
5.6233060e-01 5.0093198e-01 0.0000000e+00 
3.5305610e-01 3.5562491e-01 0.0000000e+00 
3.6326250e-01 3.7681499e-01 0.0000000e+00 
5.8255208e-01 1.8968870e-01 0.0000000e+00 
5.6585908e-01 6.7596443e-02 0.0000000e+00 
3.1423870e-01 5.6071562e-01 0.0000000e+00 
3.6825681e-01 5.5769640e-01 0.0000000e+00 
1.6511329e+00 1.0926090e-01 0.0000000e+00 
1.6192470e+00 1.5863900e-01 0.0000000e+00 
3.1425080e-01 3.9930049e-02 0.0000000e+00 
3.1129351e-01 1.6085930e-01 0.0000000e+00 
3.3299991e-01 1.3328290e-01 0.0000000e+00 
3.3072019e-01 1.0009960e-01 0.0000000e+00 
2.7850899e-01 1.8997809e-01 0.0000000e+00 
3.6250210e-01 1.1719080e-01 0.0000000e+00 
3.6242679e-01 7.9823360e-02 0.0000000e+00 
3.9215559e-01 9.3917303e-02 0.0000000e+00 
6.7704421e-01 3.9422091e-02 0.0000000e+00 
6.9158012e-01 7.9496212e-02 0.0000000e+00 
7.2696608e-01 4.4044841e-02 0.0000000e+00 
7.3696113e-01 9.5335990e-02 0.0000000e+00 
7.9171729e-01 1.0606610e-01 0.0000000e+00 
7.5707722e-01 1.3865989e-01 0.0000000e+00 
8.0465728e-01 1.5881000e-01 0.0000000e+00 
8.4009641e-01 1.2030350e-01 0.0000000e+00 
8.5441029e-01 1.6780110e-01 0.0000000e+00 
8.9020813e-01 1.3047090e-01 0.0000000e+00 
8.7580758e-01 8.5384279e-02 0.0000000e+00 
6.3392729e-01 5.6027758e-01 0.0000000e+00 
6.5490252e-01 5.2222651e-01 0.0000000e+00 
6.9785458e-01 5.2009457e-01 0.0000000e+00 
6.6947389e-01 4.8214740e-01 0.0000000e+00 
7.1400052e-01 4.7928271e-01 0.0000000e+00 
7.3890662e-01 5.1415598e-01 0.0000000e+00 
7.5538421e-01 4.7427329e-01 0.0000000e+00 
7.3060858e-01 4.4053549e-01 0.0000000e+00 
7.7131832e-01 4.3481070e-01 0.0000000e+00 
7.4432129e-01 4.0371630e-01 0.0000000e+00 
7.9942912e-01 4.6868020e-01 0.0000000e+00 
8.1664360e-01 4.2528069e-01 0.0000000e+00 
8.4675127e-01 4.6303490e-01 0.0000000e+00 
7.0795268e-01 4.1132101e-01 0.0000000e+00 
8.6556101e-01 4.1526449e-01 0.0000000e+00 
9.0177119e-01 4.5578691e-01 0.0000000e+00 
6.1436248e-01 5.2457899e-01 0.0000000e+00 
5.9010911e-01 5.6233871e-01 0.0000000e+00 
6.8740159e-01 4.4485721e-01 0.0000000e+00 
6.3075930e-01 4.9217081e-01 0.0000000e+00 
8.2390177e-01 3.7696400e-01 0.0000000e+00 
6.5760958e-01 4.5251140e-01 0.0000000e+00 
8.8201141e-01 3.6469159e-01 0.0000000e+00 
7.1646827e-01 3.7200019e-01 0.0000000e+00 
7.5293612e-01 3.6630341e-01 0.0000000e+00 
7.3172802e-01 3.4158540e-01 0.0000000e+00 
4.3641081e-01 3.8625911e-01 0.0000000e+00 
3.3307719e-01 5.1888418e-01 0.0000000e+00 
3.7808201e-01 5.1874483e-01 0.0000000e+00 
4.1757399e-01 3.4319299e-01 0.0000000e+00 
4.0734050e-01 3.1263331e-01 0.0000000e+00 
4.8661929e-01 4.2812102e-02 0.0000000e+00 
7.2056448e-01 1.3380709e-01 0.0000000e+00 
7.2885102e-01 1.7120270e-01 0.0000000e+00 
7.6764971e-01 1.8236589e-01 0.0000000e+00 
7.3844647e-01 2.0840840e-01 0.0000000e+00 
3.2383901e-01 4.7502699e-01 0.0000000e+00 
2.0299730e-01 4.5617640e-02 0.0000000e+00 
5.8970161e-02 3.3410329e-01 0.0000000e+00 
2.0689000e-01 5.5709481e-01 0.0000000e+00 
4.1305149e-01 2.8573561e-01 0.0000000e+00 
7.8471351e-01 5.4944623e-01 0.0000000e+00 
5.7445318e-01 2.4704580e-01 0.0000000e+00 
4.8197981e-02 2.0613991e-01 0.0000000e+00 
2.9774281e-01 8.0907270e-02 0.0000000e+00 
5.0055778e-01 5.6669247e-01 0.0000000e+00 
5.6139982e-01 2.6632291e-01 0.0000000e+00 
1.6788280e+00 5.7307512e-02 0.0000000e+00 
5.1920211e-01 3.7999329e-01 0.0000000e+00 
5.3287011e-01 2.3837809e-01 0.0000000e+00 
4.9314889e-01 3.6956069e-01 0.0000000e+00 
5.4427528e-01 3.7591609e-01 0.0000000e+00 
7.8244883e-01 3.9527819e-01 0.0000000e+00 
3.6446571e-01 4.0250320e-02 0.0000000e+00 
4.4162789e-01 3.5938531e-01 0.0000000e+00 
6.3632941e-01 2.8842619e-01 0.0000000e+00 
4.9067271e-01 2.1312010e-01 0.0000000e+00 
9.0754151e-01 5.5067050e-01 0.0000000e+00 
9.6624529e-01 5.4957891e-01 0.0000000e+00 
9.9525559e-01 4.9868581e-01 0.0000000e+00 
1.0540251e+00 4.9801311e-01 0.0000000e+00 
1.0243800e+00 4.4818369e-01 0.0000000e+00 
1.0813180e+00 4.4429299e-01 0.0000000e+00 
9.6050638e-01 4.4521841e-01 0.0000000e+00 
9.9237692e-01 4.0150511e-01 0.0000000e+00 
9.3534291e-01 5.0050128e-01 0.0000000e+00 
1.1123620e+00 4.9683940e-01 0.0000000e+00 
1.1383430e+00 4.4216970e-01 0.0000000e+00 
5.4218680e-01 5.2327639e-01 0.0000000e+00 
4.9454380e-02 4.5007420e-01 0.0000000e+00 
1.0217610e-01 4.7936839e-01 0.0000000e+00 
2.2542991e-01 2.8165141e-01 0.0000000e+00 
3.9299640e-01 1.2565491e-01 0.0000000e+00 
4.2287391e-01 1.0849530e-01 0.0000000e+00 
4.1702661e-01 7.4225321e-02 0.0000000e+00 
4.2317891e-01 4.9126241e-01 0.0000000e+00 
3.6435950e-01 3.1840631e-01 0.0000000e+00 
5.9271669e-01 4.9394491e-01 0.0000000e+00 
4.5279789e-01 2.1705380e-01 0.0000000e+00 
1.1707489e+00 4.9572700e-01 0.0000000e+00 
1.1967220e+00 4.4262701e-01 0.0000000e+00 
1.2286400e+00 4.9457431e-01 0.0000000e+00 
1.2569320e+00 4.4329810e-01 0.0000000e+00 
1.2887410e+00 4.9415389e-01 0.0000000e+00 
4.9704749e-02 9.0376601e-02 0.0000000e+00 
1.1661880e+00 3.8667339e-01 0.0000000e+00 
1.0448740e+00 3.9727730e-01 0.0000000e+00 
1.3219531e+00 5.4748261e-01 0.0000000e+00 
1.3566051e+00 4.9475339e-01 0.0000000e+00 
1.4128619e+00 5.0170678e-01 0.0000000e+00 
1.3878731e+00 4.4357020e-01 0.0000000e+00 
2.6875430e-01 4.3074101e-01 0.0000000e+00 
4.1746351e-01 3.0108821e-01 0.0000000e+00 
4.7450441e-01 4.2571831e-01 0.0000000e+00 
4.0593800e-01 2.0075510e-01 0.0000000e+00 
4.4167551e-01 4.0079829e-01 0.0000000e+00 
1.9512080e+00 4.5117629e-01 0.0000000e+00 
1.0262311e+00 5.1109631e-02 0.0000000e+00 
9.9738371e-01 1.0181700e-01 0.0000000e+00 
1.0553030e+00 1.0176790e-01 0.0000000e+00 
1.0273110e+00 1.4739220e-01 0.0000000e+00 
1.0855290e+00 1.4977370e-01 0.0000000e+00 
9.7062862e-01 1.4721170e-01 0.0000000e+00 
9.3508059e-01 1.0148260e-01 0.0000000e+00 
1.1133560e+00 1.0215650e-01 0.0000000e+00 
1.1446090e+00 1.4514109e-01 0.0000000e+00 
1.1160710e+00 1.9391710e-01 0.0000000e+00 
1.2018321e+00 5.4771107e-01 0.0000000e+00 
1.9480680e+00 2.1005040e-01 0.0000000e+00 
1.0842860e+00 5.4868227e-01 0.0000000e+00 
1.9480680e+00 3.2994959e-01 0.0000000e+00 
1.5904510e+00 1.0452840e-01 0.0000000e+00 
1.5598950e+00 1.5443350e-01 0.0000000e+00 
1.5304790e+00 1.0186320e-01 0.0000000e+00 
1.5007280e+00 1.5119410e-01 0.0000000e+00 
1.5273950e+00 2.0345390e-01 0.0000000e+00 
1.4685169e+00 1.9967620e-01 0.0000000e+00 
1.4425830e+00 1.4740349e-01 0.0000000e+00 
1.4098901e+00 1.9577309e-01 0.0000000e+00 
1.3839140e+00 1.4338671e-01 0.0000000e+00 
1.3511680e+00 1.9153769e-01 0.0000000e+00 
1.3252350e+00 1.3926670e-01 0.0000000e+00 
1.2926320e+00 1.8772170e-01 0.0000000e+00 
1.2666039e+00 1.3634580e-01 0.0000000e+00 
1.2355460e+00 1.8558609e-01 0.0000000e+00 
1.2059170e+00 1.3905290e-01 0.0000000e+00 
1.2347410e+00 9.3928657e-02 0.0000000e+00 
1.3187660e+00 2.4091680e-01 0.0000000e+00 
1.4945120e+00 2.5244480e-01 0.0000000e+00 
1.5862570e+00 2.0772290e-01 0.0000000e+00 
5.5948251e-01 2.4233980e-01 0.0000000e+00 
1.5573130e+00 5.4926682e-01 0.0000000e+00 
1.5215520e+00 5.0207931e-01 0.0000000e+00 
1.5906490e+00 4.9784341e-01 0.0000000e+00 
1.3832541e+00 4.9608339e-02 0.0000000e+00 
1.5002331e+00 5.0511628e-02 0.0000000e+00 
1.7345819e+00 5.5134553e-01 0.0000000e+00 
1.6170100e+00 5.5189037e-01 0.0000000e+00 
1.6308481e+00 4.1378099e-01 0.0000000e+00 
1.7733830e+00 4.6653220e-01 0.0000000e+00 
1.8566350e+00 5.4165798e-01 0.0000000e+00 
1.5124860e+00 4.0674630e-01 0.0000000e+00 
1.4853560e+00 4.5626420e-01 0.0000000e+00 
1.6452560e+00 2.1187560e-01 0.0000000e+00 
1.7967290e+00 1.6947480e-01 0.0000000e+00 
1.8955210e+00 4.8443690e-01 0.0000000e+00 
2.4952111e-01 3.7534630e-01 0.0000000e+00 
2.4015559e-01 3.3920720e-01 0.0000000e+00 
1.6122910e+00 2.6095319e-01 0.0000000e+00 
1.8537400e+00 5.5921540e-02 0.0000000e+00 
1.8819669e+00 1.0242500e-01 0.0000000e+00 
9.5119797e-02 1.2153590e-01 0.0000000e+00 
1.0847340e+00 5.0935078e-02 0.0000000e+00 
1.7562060e+00 3.2229191e-01 0.0000000e+00 
1.4358770e+00 2.4863569e-01 0.0000000e+00 
4.3159389e-01 2.5088599e-01 0.0000000e+00 
4.7994119e-01 3.8120639e-01 0.0000000e+00 
1.8123610e+00 3.2570100e-01 0.0000000e+00 
6.1470199e-01 2.3820160e-01 0.0000000e+00 
6.2837660e-01 2.5279269e-01 0.0000000e+00 
5.6644672e-01 3.2120070e-01 0.0000000e+00 
4.0343639e-01 3.8359720e-01 0.0000000e+00 
1.2608960e+00 2.3755901e-01 0.0000000e+00 
9.7383392e-01 2.2759880e-01 0.0000000e+00 
1.8966711e+00 3.6694610e-01 0.0000000e+00 
1.2852859e+00 3.9278471e-01 0.0000000e+00 
4.4754091e-01 4.1694289e-01 0.0000000e+00 
5.1814729e-01 1.1434720e-01 0.0000000e+00 
9.8089732e-02 2.9848260e-01 0.0000000e+00 
8.7650722e-01 5.0584209e-01 0.0000000e+00 
7.2722268e-01 5.5884892e-01 0.0000000e+00 
9.1900879e-01 4.0950510e-01 0.0000000e+00 
6.0669678e-01 3.3687809e-01 0.0000000e+00 
9.2257088e-01 2.2499460e-01 0.0000000e+00 
1.8270659e+00 1.1701130e-01 0.0000000e+00 
3.9101499e-01 2.5043941e-01 0.0000000e+00 
3.0026230e-01 2.1632680e-01 0.0000000e+00 
5.8418620e-01 3.3934349e-01 0.0000000e+00 
1.5593460e+00 5.1838879e-02 0.0000000e+00 
4.5547140e-01 5.6772357e-01 0.0000000e+00 
9.7268373e-02 1.8144910e-01 0.0000000e+00 
9.3618453e-02 5.9398320e-02 0.0000000e+00 
9.5946752e-02 4.1991970e-01 0.0000000e+00 
1.5493150e-01 4.8253620e-01 0.0000000e+00 
5.3141659e-01 2.2366489e-01 0.0000000e+00 
4.6951711e-01 1.7694290e-01 0.0000000e+00 
1.3219830e+00 4.4809279e-01 0.0000000e+00 
6.1860532e-01 2.8225860e-01 0.0000000e+00 
9.2647932e-02 5.4469162e-01 0.0000000e+00 
3.6105269e-01 4.8700431e-01 0.0000000e+00 
1.4393450e+00 5.5213040e-01 0.0000000e+00 
1.9442101e+00 9.5342271e-02 0.0000000e+00 
9.0059137e-01 1.7995150e-01 0.0000000e+00 
8.2735151e-01 2.0720319e-01 0.0000000e+00 
6.6251612e-01 1.0677520e-01 0.0000000e+00 
6.7604911e-01 4.1622579e-01 0.0000000e+00 
6.8501538e-01 3.8669550e-01 0.0000000e+00 
3.6920869e-01 2.9070961e-01 0.0000000e+00 
4.5409241e-01 2.3146330e-01 0.0000000e+00 
6.1867392e-01 3.1358370e-01 0.0000000e+00 
1.9131620e+00 5.4997718e-01 0.0000000e+00 
4.2027211e-01 1.8849210e-01 0.0000000e+00 
1.9003210e+00 2.9999799e-01 0.0000000e+00 
5.5434358e-01 1.3134070e-01 0.0000000e+00 
1.4729370e+00 1.0059040e-01 0.0000000e+00 
4.4868380e-01 4.7589070e-01 0.0000000e+00 
1.7371070e+00 5.7924490e-02 0.0000000e+00 
1.6196249e-01 1.9384970e-01 0.0000000e+00 
2.7876011e-01 3.4925121e-01 0.0000000e+00 
5.6304562e-01 4.5950639e-01 0.0000000e+00 
6.0384172e-01 3.5119170e-01 0.0000000e+00 
5.7530987e-01 5.2873927e-01 0.0000000e+00 
1.3667960e-01 3.8707560e-01 0.0000000e+00 
4.9747679e-01 1.2821840e-01 0.0000000e+00 
1.1983300e+00 4.8251878e-02 0.0000000e+00 
7.5970978e-01 3.2726541e-01 0.0000000e+00 
8.1999791e-01 5.1075947e-01 0.0000000e+00 
1.3957340e+00 3.8871399e-01 0.0000000e+00 
3.8881221e-01 2.3447470e-01 0.0000000e+00 
5.2596432e-01 2.0954940e-01 0.0000000e+00 
1.4149910e+00 9.8922051e-02 0.0000000e+00 
3.1656411e-01 1.9587231e-01 0.0000000e+00 
4.3203679e-01 3.4525600e-01 0.0000000e+00 
5.0832897e-01 3.8785461e-01 0.0000000e+00 
5.0716370e-01 4.6868089e-01 0.0000000e+00 
7.2506380e-01 3.1459489e-01 0.0000000e+00 
5.7067949e-01 1.5282580e-01 0.0000000e+00 
6.7973870e-01 1.6684531e-01 0.0000000e+00 
5.3255141e-01 1.4827640e-01 0.0000000e+00 
5.8382958e-01 2.0679601e-01 0.0000000e+00 
3.6833951e-01 3.3595169e-01 0.0000000e+00 
6.6081917e-01 3.9089271e-01 0.0000000e+00 
3.5859609e-01 1.6498099e-01 0.0000000e+00 
5.4474670e-01 2.4635740e-01 0.0000000e+00 
8.5039961e-01 4.4130251e-02 0.0000000e+00 
7.0378470e-01 2.1493910e-01 0.0000000e+00 
3.8111559e-01 3.6489099e-01 0.0000000e+00 
3.8378549e-01 3.8103321e-01 0.0000000e+00 
1.1733290e+00 9.6517898e-02 0.0000000e+00 
6.1236829e-01 3.6486840e-01 0.0000000e+00 
4.2817801e-01 4.6774849e-01 0.0000000e+00 
3.9298210e-01 4.8933309e-01 0.0000000e+00 
5.1858139e-01 5.3958851e-01 0.0000000e+00 
1.1778920e+00 1.8819040e-01 0.0000000e+00 
6.3357651e-01 4.2729640e-01 0.0000000e+00 
2.1912169e-01 8.9860998e-02 0.0000000e+00 
4.4828820e-01 3.3391532e-02 0.0000000e+00 
7.1727687e-01 2.3730519e-01 0.0000000e+00 
9.8337471e-02 2.5592181e-01 0.0000000e+00 
4.8688981e-01 5.3696889e-01 0.0000000e+00 
9.1024607e-01 4.6742149e-02 0.0000000e+00 
4.2072469e-01 3.1704551e-01 0.0000000e+00 
2.5881660e-01 2.8481191e-01 0.0000000e+00 
1.3556740e+00 9.6588373e-02 0.0000000e+00 
3.8170820e-01 4.6353251e-01 0.0000000e+00 
6.1133659e-01 4.6789679e-01 0.0000000e+00 
4.4266859e-01 2.4074350e-01 0.0000000e+00 
1.4653840e+00 5.0395852e-01 0.0000000e+00 
1.1433500e+00 2.3560201e-01 0.0000000e+00 
5.5341142e-01 3.6430839e-01 0.0000000e+00 
5.7990170e-01 2.7820900e-01 0.0000000e+00 
4.4887719e-01 2.0151231e-01 0.0000000e+00 
4.6245420e-01 4.1756010e-01 0.0000000e+00 
4.1210291e-01 2.1662711e-01 0.0000000e+00 
5.1736373e-01 5.6347691e-02 0.0000000e+00 
7.0604849e-01 3.3807889e-01 0.0000000e+00 
4.3653390e-01 1.2656429e-01 0.0000000e+00 
4.2773649e-01 3.9727569e-01 0.0000000e+00 
4.2305809e-01 2.7508900e-01 0.0000000e+00 
1.9111360e+00 1.7995431e-01 0.0000000e+00 
1.2975690e+00 9.4644032e-02 0.0000000e+00 
7.4613649e-01 2.3963641e-01 0.0000000e+00 
2.9362991e-01 4.1433749e-01 0.0000000e+00 
5.8357382e-01 3.0761179e-01 0.0000000e+00 
5.3191912e-01 3.7253350e-01 0.0000000e+00 
4.4445190e-01 8.4593862e-02 0.0000000e+00 
1.5468830e+00 4.5422599e-01 0.0000000e+00 
6.2926418e-01 2.7103639e-01 0.0000000e+00 
3.5220909e-01 2.8729489e-01 0.0000000e+00 
8.3805579e-01 3.3710629e-01 0.0000000e+00 
5.2616048e-01 4.0003020e-01 0.0000000e+00 
1.8064611e-01 5.2023911e-01 0.0000000e+00 
4.2505819e-01 3.3176431e-01 0.0000000e+00 
7.7968621e-01 5.0346297e-01 0.0000000e+00 
1.2679260e+00 4.6381779e-02 0.0000000e+00 
5.8107018e-01 2.9473820e-01 0.0000000e+00 
6.1925322e-01 3.3036381e-01 0.0000000e+00 
5.6537521e-01 2.5524691e-01 0.0000000e+00 
3.8967860e-01 6.5405212e-02 0.0000000e+00 
1.0865080e+00 2.3449360e-01 0.0000000e+00 
1.4042149e-01 9.9993236e-02 0.0000000e+00 
1.0030100e+00 3.5783571e-01 0.0000000e+00 
3.6067769e-01 3.0184039e-01 0.0000000e+00 
5.7885981e-01 3.8880101e-01 0.0000000e+00 
1.5990330e+00 4.4926330e-01 0.0000000e+00 
9.1439813e-02 3.7532219e-01 0.0000000e+00 
5.7995051e-01 1.7130360e-01 0.0000000e+00 
6.1258352e-01 2.5273019e-01 0.0000000e+00 
4.0172791e-01 2.2754180e-01 0.0000000e+00 
5.4750210e-01 9.9742994e-02 0.0000000e+00 
6.1311978e-01 2.0313910e-01 0.0000000e+00 
6.1223829e-01 2.2002740e-01 0.0000000e+00 
1.8586820e+00 3.2957241e-01 0.0000000e+00 
5.8738971e-01 3.7580970e-01 0.0000000e+00 
4.5219980e-02 4.4195049e-02 0.0000000e+00 
4.8124549e-01 2.2123460e-01 0.0000000e+00 
4.3828961e-02 5.5591398e-01 0.0000000e+00 
1.0568640e+00 1.9004630e-01 0.0000000e+00 
3.3193341e-01 4.4711831e-01 0.0000000e+00 
3.0378929e-01 4.4286191e-01 0.0000000e+00 
5.3415012e-01 1.2728420e-01 0.0000000e+00 
5.0386423e-01 2.1636350e-01 0.0000000e+00 
1.9116580e+00 4.2358989e-01 0.0000000e+00 
4.5517069e-01 3.6521810e-01 0.0000000e+00 
3.6732909e-01 3.6239621e-01 0.0000000e+00 
6.3041377e-01 3.0585691e-01 0.0000000e+00 
1.9569679e+00 4.3301821e-02 0.0000000e+00 
5.7146299e-01 4.8058590e-01 0.0000000e+00 
1.6484860e+00 5.1718348e-01 0.0000000e+00 
9.4670999e-01 1.8556410e-01 0.0000000e+00 
6.3752991e-01 4.6584189e-01 0.0000000e+00 
1.9572541e+00 5.5697870e-01 0.0000000e+00 
6.4813697e-01 2.4830820e-01 0.0000000e+00 
6.0179752e-01 3.7555191e-01 0.0000000e+00 
1.4364240e+00 4.6111640e-01 0.0000000e+00 
5.6217611e-01 3.5223660e-01 0.0000000e+00 
6.6050959e-01 4.3027630e-01 0.0000000e+00 
4.0468970e-01 5.1149738e-01 0.0000000e+00 
5.1506358e-01 2.0555650e-01 0.0000000e+00 
4.3334481e-01 1.8108650e-01 0.0000000e+00 
9.9962813e-01 1.8700930e-01 0.0000000e+00 
6.9131333e-01 1.1763480e-01 0.0000000e+00 
4.4599831e-01 1.8538959e-01 0.0000000e+00 
5.1551181e-01 4.8891029e-01 0.0000000e+00 
4.3754059e-01 5.8743980e-02 0.0000000e+00 
5.9589100e-01 3.4163511e-01 0.0000000e+00 
2.3624770e-01 5.2814358e-01 0.0000000e+00 
6.6953379e-01 3.7169310e-01 0.0000000e+00 
3.6865169e-01 3.9570969e-01 0.0000000e+00 
5.9758049e-01 1.9620110e-01 0.0000000e+00 
1.3329040e-01 5.1544452e-01 0.0000000e+00 
1.0515270e+00 3.5504949e-01 0.0000000e+00 
3.3392131e-01 6.8202123e-02 0.0000000e+00 
1.7869949e-01 8.1389397e-02 0.0000000e+00 
9.2706198e-01 1.4882250e-01 0.0000000e+00 
1.7000279e+00 5.1305068e-01 0.0000000e+00 
3.4774879e-01 2.6959679e-01 0.0000000e+00 
5.7002652e-01 3.3917850e-01 0.0000000e+00 
4.5571360e-01 1.7617980e-01 0.0000000e+00 
8.2389021e-01 8.1237279e-02 0.0000000e+00 
5.6977302e-01 4.0162051e-01 0.0000000e+00 
5.7622939e-01 9.1579817e-02 0.0000000e+00 
7.9520959e-01 1.9354109e-01 0.0000000e+00 
7.1731091e-01 1.9555099e-01 0.0000000e+00 
9.5533073e-01 4.0679529e-01 0.0000000e+00 
5.1722008e-01 4.1250920e-01 0.0000000e+00 
4.3116611e-01 5.4470932e-01 0.0000000e+00 
6.9998658e-01 1.5358570e-01 0.0000000e+00 
3.7607810e-01 2.2627370e-01 0.0000000e+00 
5.1978278e-01 3.9113960e-01 0.0000000e+00 
5.3689402e-01 2.1312129e-01 0.0000000e+00 
9.0401761e-02 2.1924180e-01 0.0000000e+00 
7.8513551e-01 3.6338761e-01 0.0000000e+00 
2.8628290e-01 5.2971011e-01 0.0000000e+00 
1.9101239e+00 1.3962340e-01 0.0000000e+00 
3.3938929e-01 1.5675519e-01 0.0000000e+00 
3.5365051e-01 1.4366330e-01 0.0000000e+00 
5.9640652e-01 1.7787141e-01 0.0000000e+00 
2.3996450e-01 3.0955619e-01 0.0000000e+00 
4.0130991e-01 5.3756779e-01 0.0000000e+00 
2.6203820e-01 3.9843059e-01 0.0000000e+00 
1.7610559e+00 5.1254529e-01 0.0000000e+00 
5.3923780e-01 6.9367118e-02 0.0000000e+00 
6.6389477e-01 2.7387929e-01 0.0000000e+00 
5.6400359e-01 1.6758190e-01 0.0000000e+00 
6.3302028e-01 3.3655259e-01 0.0000000e+00 
5.4254562e-01 3.6452681e-01 0.0000000e+00 
5.1293671e-01 2.8587131e-02 0.0000000e+00 
5.1246679e-01 1.8971939e-01 0.0000000e+00 

CELLS 1766 7064
3 0 870 123
3 1 882 70
3 2 887 79
3 3 872 114
3 4 193 35
3 4 516 193
3 5 516 4
3 6 184 5
3 6 612 184
3 7 612 6
3 8 183 7
3 8 799 183
3 9 799 8
3 10 615 9
3 11 335 10
3 11 521 335
3 12 521 11
3 13 311 12
3 13 515 311
3 14 515 13
3 15 312 14
3 15 511 312
3 16 511 15
3 17 308 16
3 17 510 308
3 18 510 17
3 19 301 18
3 19 529 301
3 20 529 19
3 21 124 20
3 21 517 124
3 22 517 21
3 23 277 22
3 23 503 277
3 24 503 23
3 25 266 24
3 25 533 266
3 26 533 25
3 27 269 26
3 27 616 269
3 28 616 27
3 29 513 28
3 30 241 29
3 30 512 241
3 31 512 30
3 32 214 31
3 32 514 214
3 33 514 32
3 34 215 33
3 34 726 215
3 35 726 34
3 36 870 0
3 37 747 36
3 38 155 37
3 38 603 155
3 39 603 38
3 40 130 39
3 40 547 130
3 41 547 40
3 41 619 547
3 42 619 41
3 43 142 42
3 43 812 142
3 44 812 43
3 44 943 597
3 45 943 44
3 46 145 45
3 46 159 145
3 47 159 46
3 48 140 47
3 48 555 140
3 49 555 48
3 49 557 555
3 50 557 49
3 51 126 50
3 51 800 126
3 52 800 51
3 52 816 800
3 53 816 52
3 54 131 53
3 54 663 131
3 55 663 54
3 55 718 663
3 56 718 55
3 57 127 56
3 57 780 127
3 58 780 57
3 58 850 780
3 59 850 58
3 60 148 59
3 60 700 148
3 61 700 60
3 62 128 61
3 62 701 128
3 63 701 62
3 63 744 701
3 64 744 63
3 65 136 64
3 65 613 136
3 66 613 65
3 66 772 613
3 67 772 66
3 68 144 67
3 68 715 144
3 69 715 68
3 70 157 69
3 70 882 157
3 71 882 1
3 72 757 71
3 73 154 72
3 73 674 154
3 74 674 73
3 75 139 74
3 75 676 139
3 76 676 75
3 77 147 76
3 77 662 147
3 78 662 77
3 79 156 78
3 79 887 156
3 80 887 2
3 81 766 80
3 82 706 81
3 83 151 82
3 83 702 151
3 84 702 83
3 85 129 84
3 85 703 129
3 86 703 85
3 87 697 86
3 88 137 87
3 88 756 137
3 89 756 88
3 90 149 89
3 90 653 149
3 91 653 90
3 92 134 91
3 92 673 134
3 93 673 92
3 94 150 93
3 94 675 150
3 95 675 94
3 96 135 95
3 96 624 135
3 97 624 96
3 98 623 97
3 99 125 98
3 99 607 125
3 100 607 99
3 100 736 607
3 101 736 100
3 102 138 101
3 102 566 138
3 103 566 102
3 103 583 566
3 104 583 103
3 105 143 104
3 105 611 143
3 106 611 105
3 106 745 611
3 107 745 106
3 108 141 107
3 108 544 141
3 109 544 108
3 110 543 109
3 111 132 110
3 111 605 132
3 112 605 111
3 113 153 112
3 113 754 153
3 114 754 113
3 114 872 754
3 115 872 3
3 116 158 115
3 116 635 158
3 117 635 116
3 118 146 117
3 118 604 146
3 119 604 118
3 120 133 119
3 120 609 133
3 121 609 120
3 122 152 121
3 122 650 152
3 123 650 122
3 123 870 650
3 124 529 20
3 124 658 529
3 124 817 658
3 125 623 98
3 125 735 623
3 125 782 735
3 126 557 50
3 126 558 557
3 126 559 558
3 126 915 559
3 127 718 56
3 127 804 670
3 128 700 61
3 128 786 700
3 129 702 84
3 129 911 702
3 130 603 39
3 130 610 525
3 130 811 603
3 131 816 53
3 132 543 110
3 132 929 543
3 133 604 119
3 133 734 604
3 133 814 734
3 133 927 814
3 134 653 91
3 134 673 647
3 135 675 95
3 136 613 545
3 136 744 64
3 137 697 87
3 137 698 697
3 137 823 698
3 138 736 101
3 139 674 74
3 139 768 454
3 140 159 47
3 140 160 159
3 140 161 160
3 140 555 161
3 141 745 107
3 141 922 745
3 141 935 922
3 142 619 42
3 142 854 619
3 142 900 640
3 143 583 104
3 143 777 583
3 143 808 634
3 144 740 532
3 144 772 67
3 145 938 830
3 145 943 45
3 146 635 117
3 146 748 635
3 146 861 748
3 147 676 76
3 147 730 676
3 147 878 730
3 148 850 59
3 149 756 89
3 150 673 93
3 150 675 632
3 151 706 82
3 151 937 504
3 152 609 121
3 152 746 609
3 153 605 112
3 153 847 605
3 153 906 847
3 154 757 72
3 154 930 757
3 155 747 37
3 155 856 747
3 155 909 856
3 156 662 78
3 156 711 662
3 156 766 711
3 156 887 766
3 157 715 69
3 157 716 715
3 157 757 716
3 157 882 757
3 158 872 115
3 159 542 145
3 160 542 159
3 160 917 542
3 161 162 160
3 161 760 162
3 162 163 160
3 162 164 163
3 162 165 164
3 162 760 165
3 163 917 160
3 164 187 163
3 164 506 187
3 165 166 164
3 165 167 166
3 165 253 167
3 165 760 253
3 166 506 164
3 166 933 506
3 167 168 166
3 167 169 168
3 167 793 169
3 168 227 166
3 168 866 227
3 169 170 168
3 169 171 170
3 169 188 171
3 169 793 188
3 170 508 168
3 171 172 170
3 171 173 172
3 171 801 173
3 172 244 170
3 172 888 244
3 173 174 172
3 173 175 174
3 173 813 175
3 174 888 172
3 174 939 524
3 175 176 174
3 175 177 176
3 175 178 177
3 175 813 178
3 176 939 174
3 177 180 176
3 177 791 180
3 178 179 177
3 178 181 179
3 178 837 181
3 179 791 177
3 180 191 176
3 180 192 191
3 180 831 192
3 181 182 179
3 181 185 182
3 181 245 185
3 181 837 245
3 182 781 179
3 183 612 7
3 183 799 696
3 183 853 612
3 184 516 5
3 184 612 501
3 184 826 516
3 185 186 182
3 185 189 186
3 185 759 189
3 186 222 182
3 186 845 222
3 187 361 163
3 187 769 361
3 187 792 769
3 188 801 171
3 188 919 801
3 188 923 599
3 189 190 186
3 189 194 190
3 189 243 194
3 189 759 243
3 190 845 186
3 191 523 176
3 192 201 191
3 192 202 201
3 192 203 202
3 192 831 203
3 193 726 35
3 193 839 456
3 193 851 839
3 194 195 190
3 194 196 195
3 194 739 196
3 195 588 190
3 196 197 195
3 196 198 197
3 196 729 198
3 196 739 729
3 197 242 195
3 197 857 242
3 198 199 197
3 198 200 199
3 198 259 200
3 198 729 259
3 199 857 197
3 199 907 857
3 200 216 199
3 200 217 216
3 200 855 217
3 201 232 191
3 201 460 232
3 201 941 460
3 202 204 201
3 202 205 204
3 202 903 205
3 203 831 589
3 203 903 202
3 204 941 201
3 205 206 204
3 205 207 206
3 205 797 207
3 205 903 797
3 206 341 204
3 206 805 341
3 207 208 206
3 207 209 208
3 207 211 209
3 207 797 211
3 208 805 206
3 208 889 805
3 209 210 208
3 209 212 210
3 209 810 212
3 210 344 208
3 210 530 344
3 211 797 761
3 211 810 209
3 211 892 810
3 212 213 210
3 212 220 213
3 212 257 220
3 212 810 257
3 213 530 210
3 214 512 31
3 214 891 825
3 214 942 512
3 215 514 33
3 215 913 514
3 216 907 199
3 217 218 216
3 217 219 218
3 217 824 219
3 217 855 824
3 218 345 216
3 218 651 345
3 219 223 218
3 219 224 223
3 219 258 224
3 219 824 258
3 220 221 213
3 220 254 221
3 220 821 254
3 221 239 213
3 221 240 239
3 221 775 240
3 222 781 182
3 222 845 586
3 222 928 781
3 223 651 218
3 224 225 223
3 224 226 225
3 224 728 226
3 225 352 223
3 225 731 352
3 226 228 225
3 226 229 228
3 226 693 229
3 226 728 693
3 227 933 166
3 228 731 225
3 229 230 228
3 229 231 230
3 229 256 231
3 229 693 256
3 230 356 228
3 230 783 356
3 231 233 230
3 231 234 233
3 231 720 234
3 232 523 191
3 232 621 523
3 232 881 621
3 233 783 230
3 234 235 233
3 234 236 235
3 234 694 236
3 234 720 694
3 235 366 233
3 235 707 366
3 236 237 235
3 236 238 237
3 236 252 238
3 236 694 252
3 237 707 235
3 238 246 237
3 238 247 246
3 238 714 247
3 239 530 213
3 239 916 530
3 240 260 239
3 240 261 260
3 240 262 261
3 240 775 262
3 241 513 29
3 241 614 513
3 241 840 614
3 242 588 195
3 242 737 588
3 242 857 630
3 242 920 737
3 243 739 194
3 243 758 739
3 243 759 563
3 244 508 170
3 244 725 724
3 244 867 508
3 244 888 725
3 245 601 600
3 245 759 185
3 245 837 601
3 245 918 759
3 246 360 237
3 246 704 360
3 247 248 246
3 247 249 248
3 247 250 249
3 247 714 250
3 248 704 246
3 249 255 248
3 249 719 255
3 250 251 249
3 250 342 251
3 250 709 342
3 250 714 709
3 251 719 249
3 252 694 681
3 252 714 238
3 253 793 167
3 253 923 793
3 254 775 221
3 254 821 643
3 254 883 775
3 255 377 248
3 255 378 377
3 255 382 378
3 255 719 382
3 256 686 684
3 256 693 686
3 256 720 231
3 257 810 587
3 257 821 220
3 257 886 821
3 258 728 224
3 258 809 690
3 258 824 809
3 259 855 200
3 259 873 855
3 259 896 873
3 260 346 239
3 260 438 346
3 260 459 438
3 261 459 260
3 262 263 261
3 262 435 263
3 262 436 435
3 262 775 436
3 263 264 261
3 263 265 264
3 263 790 265
3 264 459 261
3 264 921 459
3 265 267 264
3 265 268 267
3 265 270 268
3 265 790 270
3 266 503 24
3 266 620 503
3 266 879 620
3 267 354 264
3 267 355 354
3 267 659 355
3 268 659 267
3 269 533 26
3 269 722 502
3 270 271 268
3 270 326 271
3 270 327 326
3 270 790 327
3 271 272 268
3 271 273 272
3 271 771 273
3 272 659 268
3 272 828 659
3 273 274 272
3 273 275 274
3 273 806 275
3 274 732 272
3 275 276 274
3 275 278 276
3 275 339 278
3 275 806 339
3 276 340 274
3 276 528 340
3 277 517 22
3 277 848 517
3 278 279 276
3 278 280 279
3 278 820 280
3 279 528 276
3 280 281 279
3 280 282 281
3 280 316 282
3 280 820 316
3 281 314 279
3 281 904 314
3 282 283 281
3 282 284 283
3 282 874 284
3 283 904 281
3 284 285 283
3 284 838 285
3 284 875 838
3 285 286 283
3 285 287 286
3 285 296 287
3 285 838 296
3 286 540 283
3 287 288 286
3 287 289 288
3 287 774 289
3 288 539 286
3 289 290 288
3 289 291 290
3 289 774 291
3 290 317 288
3 290 535 317
3 291 292 290
3 291 293 292
3 291 304 293
3 291 774 304
3 292 535 290
3 292 536 535
3 293 294 292
3 293 295 294
3 293 818 295
3 294 536 292
3 295 297 294
3 295 305 297
3 295 322 305
3 295 818 322
3 296 774 287
3 296 936 712
3 297 298 294
3 297 299 298
3 297 742 299
3 298 536 294
3 298 912 536
3 299 300 298
3 299 302 300
3 299 787 302
3 300 315 298
3 300 467 315
3 300 924 467
3 301 510 18
3 301 834 510
3 302 303 300
3 302 306 303
3 302 313 306
3 302 787 313
3 303 924 300
3 304 774 713
3 304 818 293
3 304 934 818
3 305 742 297
3 306 307 303
3 306 309 307
3 306 798 309
3 307 321 303
3 307 660 321
3 308 511 16
3 308 822 511
3 309 310 307
3 309 318 310
3 309 320 318
3 309 798 320
3 310 660 307
3 310 767 660
3 311 521 12
3 311 871 622
3 311 877 521
3 312 515 14
3 312 531 515
3 312 764 531
3 313 787 548
3 313 798 306
3 313 931 798
3 314 528 279
3 314 727 528
3 314 803 727
3 314 904 803
3 315 912 298
3 316 755 602
3 316 820 755
3 316 874 282
3 317 539 288
3 317 796 539
3 318 319 310
3 318 328 319
3 318 638 328
3 319 767 310
3 319 895 767
3 320 638 318
3 320 932 552
3 321 864 784
3 321 924 303
3 322 323 305
3 322 324 323
3 322 637 324
3 322 818 637
3 323 551 305
3 324 325 323
3 324 367 325
3 324 368 367
3 324 637 368
3 325 350 323
3 325 371 350
3 325 773 371
3 326 771 271
3 327 359 326
3 327 402 359
3 327 899 402
3 328 329 319
3 328 832 329
3 329 330 319
3 329 331 330
3 329 332 331
3 329 832 332
3 330 895 319
3 330 898 895
3 330 914 898
3 331 914 330
3 332 333 331
3 332 336 333
3 332 369 336
3 332 832 369
3 333 334 331
3 333 337 334
3 333 779 337
3 334 751 331
3 335 615 10
3 335 750 615
3 336 779 333
3 337 338 334
3 337 347 338
3 337 348 347
3 337 779 348
3 338 351 334
3 338 461 351
3 338 944 461
3 339 806 641
3 339 820 278
3 340 732 274
3 340 833 661
3 341 776 738
3 341 805 776
3 341 941 204
3 342 343 251
3 342 375 343
3 342 376 375
3 342 709 376
3 343 353 251
3 343 373 353
3 343 710 373
3 344 889 208
3 345 633 628
3 345 651 633
3 345 907 216
3 346 916 239
3 347 349 338
3 347 362 349
3 347 794 362
3 348 779 733
3 348 794 347
3 348 876 794
3 349 944 338
3 350 551 323
3 351 751 334
3 352 648 646
3 352 651 223
3 352 731 648
3 353 719 251
3 353 723 719
3 354 921 264
3 355 357 354
3 355 379 357
3 355 380 379
3 355 659 380
3 356 731 228
3 356 752 731
3 356 783 656
3 357 358 354
3 357 789 358
3 358 921 354
3 358 925 846
3 359 372 326
3 359 401 372
3 359 815 401
3 360 707 237
3 360 842 707
3 360 860 842
3 361 917 163
3 362 363 349
3 362 364 363
3 362 431 364
3 362 794 431
3 363 374 349
3 363 527 374
3 364 365 363
3 364 384 365
3 364 940 384
3 365 527 363
3 366 783 233
3 366 890 656
3 367 773 325
3 368 406 367
3 368 407 406
3 368 409 407
3 368 637 409
3 369 370 336
3 369 832 639
3 369 841 370
3 370 403 336
3 370 405 403
3 370 424 405
3 370 841 424
3 371 392 350
3 371 457 392
3 371 458 457
3 371 773 458
3 372 771 326
3 373 422 353
3 373 454 422
3 373 455 454
3 373 710 455
3 374 944 349
3 375 710 343
3 376 394 375
3 376 545 394
3 376 546 545
3 376 709 546
3 377 704 248
3 378 445 377
3 378 705 445
3 379 430 357
3 379 722 430
3 380 381 379
3 380 432 381
3 380 828 432
3 381 722 379
3 382 383 378
3 382 399 383
3 382 723 399
3 383 705 378
3 384 385 365
3 384 541 385
3 384 862 541
3 384 940 862
3 385 386 365
3 385 387 386
3 385 795 387
3 386 527 365
3 386 926 527
3 387 388 386
3 387 389 388
3 387 390 389
3 387 795 390
3 388 400 386
3 388 444 400
3 388 696 444
3 389 696 388
3 390 391 389
3 390 395 391
3 390 447 395
3 390 795 447
3 391 608 389
3 392 393 350
3 392 525 393
3 392 811 525
3 393 551 350
3 394 532 375
3 394 772 532
3 395 396 391
3 395 724 396
3 395 867 724
3 396 397 391
3 396 398 397
3 396 863 398
3 397 608 391
3 398 417 397
3 398 418 417
3 398 419 418
3 398 863 419
3 399 404 383
3 399 730 404
3 399 868 730
3 400 926 386
3 401 534 372
3 401 815 745
3 401 922 534
3 402 815 359
3 402 899 537
3 403 779 336
3 404 504 383
3 404 711 504
3 404 878 711
3 405 434 403
3 405 830 434
3 406 408 367
3 406 814 408
3 407 734 406
3 408 773 367
3 408 927 746
3 409 410 407
3 409 411 410
3 409 713 411
3 409 934 713
3 410 437 407
3 410 778 437
3 411 412 410
3 411 413 412
3 411 712 413
3 411 713 712
3 412 778 410
3 413 414 412
3 413 415 414
3 413 657 415
3 413 936 657
3 414 416 412
3 414 749 416
3 415 423 414
3 415 518 423
3 415 519 518
3 415 657 519
3 416 749 636
3 416 778 412
3 417 501 397
3 417 826 501
3 418 420 417
3 418 421 420
3 418 753 421
3 419 753 418
3 419 843 753
3 419 863 725
3 420 826 417
3 420 851 826
3 421 425 420
3 421 426 425
3 421 443 426
3 421 753 443
3 422 723 353
3 422 868 723
3 423 749 414
3 423 847 749
3 423 902 847
3 424 597 405
3 424 812 597
3 424 900 812
3 425 851 420
3 426 427 425
3 426 428 427
3 426 765 428
3 427 839 425
3 428 429 427
3 428 738 429
3 428 852 738
3 429 456 427
3 429 743 456
3 429 901 743
3 430 616 513
3 430 722 616
3 430 789 357
3 431 794 769
3 431 940 364
3 432 433 381
3 432 661 433
3 432 732 661
3 432 828 732
3 433 502 381
3 433 509 502
3 433 592 509
3 433 661 592
3 434 733 403
3 434 865 733
3 434 938 865
3 435 790 263
3 435 899 790
3 436 537 435
3 436 538 537
3 436 883 538
3 437 734 407
3 437 861 604
3 438 439 346
3 438 442 439
3 438 846 442
3 439 440 346
3 439 441 440
3 439 617 441
3 440 916 346
3 441 448 440
3 441 449 448
3 441 825 449
3 442 617 439
3 442 840 617
3 442 925 614
3 443 753 621
3 443 765 426
3 443 881 765
3 444 750 400
3 444 799 615
3 445 446 377
3 445 911 446
3 445 937 911
3 446 704 377
3 446 860 704
3 446 884 699
3 446 911 884
3 447 867 395
3 447 905 866
3 448 859 440
3 448 869 859
3 449 450 448
3 449 451 450
3 449 891 451
3 450 869 448
3 451 452 450
3 451 743 452
3 451 913 743
3 452 453 450
3 452 776 453
3 452 901 776
3 453 869 450
3 453 889 869
3 454 674 139
3 454 768 422
3 454 835 674
3 455 740 716
3 455 835 454
3 455 930 835
3 456 726 193
3 456 839 427
3 456 913 726
3 457 811 392
3 457 909 811
3 458 746 717
3 458 773 746
3 458 856 457
3 459 846 438
3 459 921 846
3 460 852 765
3 460 881 232
3 460 941 852
3 461 462 351
3 461 466 462
3 461 944 466
3 462 463 351
3 462 464 463
3 462 622 464
3 463 751 351
3 464 465 463
3 464 531 465
3 464 871 531
3 465 507 463
3 465 827 507
3 466 622 462
3 466 877 622
3 466 894 877
3 466 944 894
3 467 468 315
3 467 741 468
3 467 784 741
3 467 924 784
3 468 469 315
3 468 470 469
3 468 471 470
3 468 741 471
3 469 912 315
3 470 763 469
3 471 472 470
3 471 485 472
3 471 486 485
3 471 741 486
3 472 473 470
3 472 474 473
3 472 606 474
3 473 763 470
3 474 475 473
3 474 596 475
3 474 658 596
3 475 476 473
3 475 477 476
3 475 478 477
3 475 596 478
3 476 763 473
3 476 858 763
3 477 642 476
3 477 796 642
3 478 479 477
3 478 480 479
3 478 484 480
3 478 596 484
3 479 796 477
3 480 481 479
3 480 482 481
3 480 595 482
3 481 483 479
3 481 802 483
3 482 489 481
3 482 490 489
3 482 491 490
3 482 595 491
3 483 796 479
3 483 880 539
3 484 595 480
3 484 848 595
3 485 606 472
3 485 834 606
3 486 487 485
3 486 488 487
3 486 494 488
3 486 741 494
3 487 721 510
3 487 834 485
3 488 721 487
3 489 802 481
3 489 803 802
3 490 727 489
3 491 492 490
3 491 620 492
3 491 788 620
3 492 493 490
3 492 592 493
3 492 620 509
3 493 727 490
3 493 833 528
3 494 495 488
3 494 864 495
3 495 496 488
3 495 497 496
3 495 829 497
3 495 864 829
3 496 721 488
3 496 822 721
3 497 498 496
3 497 499 498
3 497 500 499
3 497 829 500
3 498 822 496
3 499 644 498
3 499 827 644
3 500 505 499
3 500 767 505
3 500 829 660
3 501 608 397
3 501 826 184
3 501 853 608
3 502 533 269
3 502 722 381
3 502 879 533
3 503 788 277
3 504 705 383
3 504 706 151
3 504 711 706
3 504 937 705
3 505 827 499
3 505 898 827
3 506 792 187
3 506 862 792
3 506 933 862
3 507 751 463
3 507 914 751
3 508 866 168
3 508 867 866
3 509 592 492
3 509 879 502
3 510 721 308
3 510 834 487
3 511 764 312
3 511 822 764
3 512 840 241
3 512 942 840
3 513 616 28
3 513 789 430
3 514 891 214
3 514 913 891
3 515 871 311
3 516 851 193
3 517 817 124
3 517 848 817
3 518 902 423
3 518 929 902
3 519 520 518
3 519 602 520
3 519 875 602
3 520 602 593
3 520 929 518
3 521 522 335
3 521 877 522
3 522 750 335
3 522 785 750
3 522 894 785
3 523 621 524
3 523 939 176
3 524 843 725
3 524 888 174
3 524 939 523
3 525 526 393
3 525 610 526
3 525 811 130
3 526 548 393
3 526 549 548
3 526 550 549
3 526 610 550
3 527 785 374
3 527 926 785
3 528 727 493
3 528 833 340
3 529 658 606
3 529 834 301
3 530 859 344
3 530 916 859
3 531 644 465
3 531 764 644
3 531 871 515
3 532 710 375
3 532 740 710
3 532 772 144
3 533 879 266
3 534 641 372
3 534 893 641
3 534 935 893
3 535 642 317
3 535 858 642
3 536 844 535
3 536 912 844
3 537 634 402
3 537 899 435
3 538 634 537
3 538 777 634
3 538 883 643
3 539 540 286
3 539 796 483
3 539 880 540
3 540 880 802
3 540 904 283
3 541 795 385
3 541 905 795
3 541 933 905
3 542 917 865
3 542 938 145
3 543 544 109
3 543 593 544
3 543 929 593
3 544 935 141
3 545 613 394
3 545 677 136
3 546 677 545
3 546 678 677
3 546 695 678
3 546 709 695
3 547 610 130
3 547 908 610
3 548 551 393
3 548 787 551
3 548 931 313
3 549 931 548
3 549 932 931
3 550 552 549
3 550 553 552
3 550 908 553
3 551 742 305
3 551 787 742
3 552 638 320
3 552 932 549
3 553 554 552
3 553 854 554
3 553 908 619
3 554 638 552
3 554 639 638
3 554 640 639
3 554 854 640
3 555 556 161
3 555 557 556
3 556 760 161
3 556 897 760
3 557 558 556
3 558 897 556
3 559 560 558
3 559 561 560
3 559 562 561
3 559 915 562
3 560 598 558
3 560 599 598
3 560 600 599
3 561 600 560
3 561 918 600
3 562 563 561
3 562 564 563
3 562 565 564
3 562 915 565
3 563 758 243
3 563 759 561
3 564 758 563
3 564 910 758
3 565 669 564
3 565 816 669
3 565 915 800
3 566 567 138
3 566 582 567
3 566 583 582
3 567 568 138
3 567 569 568
3 567 585 569
3 568 736 138
3 569 570 568
3 569 584 570
3 569 587 584
3 569 886 587
3 570 571 568
3 570 572 571
3 570 573 572
3 570 584 573
3 571 736 568
3 571 849 607
3 572 849 571
3 573 574 572
3 573 575 574
3 573 579 575
3 573 584 579
3 574 576 572
3 574 577 576
3 574 618 577
3 575 618 574
3 576 849 572
3 577 578 576
3 577 580 578
3 577 586 580
3 577 618 586
3 578 782 576
3 579 589 575
3 579 762 589
3 580 581 578
3 580 737 581
3 581 735 578
3 581 737 629
3 582 585 567
3 582 643 585
3 582 777 643
3 583 777 582
3 584 761 579
3 584 892 761
3 585 886 569
3 586 588 580
3 586 845 588
3 586 928 222
3 587 886 257
3 587 892 584
3 588 737 580
3 588 845 190
3 589 590 575
3 589 591 590
3 589 762 203
3 589 831 591
3 590 618 575
3 590 928 618
3 591 781 590
3 591 791 781
3 591 831 791
3 592 833 493
3 593 594 544
3 593 755 594
3 593 929 520
3 594 935 544
3 595 788 491
3 595 848 788
3 596 817 484
3 597 812 44
3 597 830 405
3 597 943 830
3 598 897 558
3 598 923 897
3 599 919 188
3 599 923 598
3 600 601 599
3 600 918 245
3 601 813 801
3 601 837 813
3 601 919 599
3 602 755 593
3 602 874 316
3 602 875 874
3 603 909 155
3 604 734 437
3 604 861 146
3 605 902 132
3 606 658 474
3 606 834 529
3 607 736 571
3 607 782 125
3 607 849 782
3 608 696 389
3 608 853 696
3 609 927 133
3 610 908 550
3 611 808 143
3 611 815 808
3 612 853 501
3 613 772 394
3 614 789 513
3 614 840 442
3 614 925 789
3 615 750 444
3 615 799 9
3 616 722 269
3 617 825 441
3 617 942 825
3 618 928 586
3 619 854 553
3 619 908 547
3 620 788 503
3 620 879 509
3 621 843 524
3 621 881 443
3 622 871 464
3 622 877 311
3 623 624 97
3 623 631 624
3 623 735 631
3 624 625 135
3 624 631 625
3 625 626 135
3 625 627 626
3 625 629 627
3 625 631 629
3 626 675 135
3 627 628 626
3 627 652 628
3 628 632 626
3 628 633 632
3 628 652 345
3 629 630 627
3 629 631 581
3 629 920 630
3 630 652 627
3 630 857 652
3 630 920 242
3 631 735 581
3 632 645 150
3 632 675 626
3 633 645 632
3 633 646 645
3 633 651 646
3 634 777 143
3 634 808 402
3 635 636 158
3 635 748 636
3 636 748 416
3 636 754 158
3 636 906 754
3 637 934 409
3 638 639 328
3 639 832 328
3 639 841 369
3 640 841 639
3 640 854 142
3 640 900 841
3 641 771 372
3 641 806 771
3 641 807 339
3 641 893 807
3 642 796 317
3 642 858 476
3 643 777 538
3 643 821 585
3 643 883 254
3 644 764 498
3 644 827 465
3 645 673 150
3 646 647 645
3 646 648 647
3 646 651 352
3 647 649 134
3 647 673 645
3 648 649 647
3 648 752 649
3 649 653 134
3 649 654 653
3 649 752 654
3 650 717 152
3 650 747 717
3 650 870 747
3 652 907 345
3 653 654 149
3 654 655 149
3 654 656 655
3 654 752 656
3 655 756 149
3 655 823 756
3 655 890 823
3 656 752 356
3 656 783 366
3 656 890 655
3 657 875 519
3 657 936 838
3 658 817 596
3 659 828 380
3 660 767 500
3 660 829 321
3 661 732 340
3 661 833 592
3 662 878 147
3 663 664 131
3 663 665 664
3 663 718 665
3 664 669 131
3 665 666 664
3 665 667 666
3 665 670 667
3 665 718 670
3 666 668 664
3 666 896 668
3 667 873 666
3 668 669 664
3 668 896 885
3 668 910 669
3 669 816 131
3 669 910 564
3 670 671 667
3 670 718 127
3 670 804 671
3 671 672 667
3 671 804 691
3 671 809 672
3 672 873 667
3 674 835 154
3 676 768 139
3 677 744 136
3 678 679 677
3 678 680 679
3 678 681 680
3 678 695 681
3 679 744 677
3 679 770 701
3 680 770 679
3 681 682 680
3 681 694 682
3 681 695 252
3 682 683 680
3 682 684 683
3 682 720 684
3 683 770 680
3 683 786 770
3 684 685 683
3 684 686 685
3 684 720 256
3 685 786 683
3 685 819 786
3 686 687 685
3 686 688 687
3 686 693 688
3 687 819 685
3 687 836 819
3 688 689 687
3 688 690 689
3 688 728 690
3 689 836 687
3 690 691 689
3 690 728 258
3 690 809 691
3 691 692 689
3 691 804 692
3 691 809 671
3 692 804 780
3 692 836 689
3 692 850 836
3 693 728 688
3 694 720 682
3 695 714 252
3 696 799 444
3 696 853 183
3 697 703 86
3 698 699 697
3 698 823 708
3 698 842 699
3 699 703 697
3 699 860 446
3 699 884 703
3 700 819 148
3 701 744 679
3 701 770 128
3 702 937 151
3 703 884 129
3 704 860 360
3 705 937 445
3 706 766 81
3 707 708 366
3 707 842 708
3 708 842 698
3 708 890 366
3 709 714 695
3 710 740 455
3 711 766 706
3 711 878 662
3 712 774 296
3 712 936 413
3 713 774 712
3 713 934 304
3 715 740 144
3 716 740 715
3 716 930 455
3 717 746 152
3 717 856 458
3 719 723 382
3 721 822 308
3 723 868 399
3 724 863 396
3 724 867 244
3 725 843 419
3 725 863 724
3 725 888 524
3 726 913 215
3 727 803 489
3 729 896 259
3 730 768 676
3 730 868 768
3 730 878 404
3 731 752 648
3 732 828 272
3 733 779 403
3 733 876 348
3 734 814 406
3 735 782 578
3 737 920 629
3 738 852 341
3 738 901 429
3 739 885 729
3 741 784 494
3 742 787 299
3 743 901 452
3 743 913 456
3 745 815 611
3 745 922 401
3 746 773 408
3 746 927 609
3 747 856 717
3 747 870 36
3 748 778 416
3 748 861 778
3 749 906 636
3 750 926 400
3 751 914 331
3 753 843 621
3 754 872 158
3 754 906 153
3 755 807 594
3 755 820 807
3 756 823 137
3 757 882 71
3 757 930 716
3 758 885 739
3 758 910 885
3 759 918 561
3 760 897 253
3 761 762 579
3 761 797 762
3 761 892 211
3 762 903 203
3 763 844 469
3 763 858 844
3 764 822 498
3 765 852 428
3 765 881 460
3 766 887 80
3 767 895 505
3 768 868 422
3 769 792 431
3 769 865 361
3 769 876 865
3 770 786 128
3 771 806 273
3 775 883 436
3 776 805 453
3 776 901 738
3 778 861 437
3 780 804 127
3 780 850 692
3 781 791 179
3 781 928 590
3 782 849 576
3 784 864 494
3 784 924 321
3 785 894 374
3 785 926 750
3 786 819 700
3 788 848 277
3 789 925 358
3 790 899 327
3 791 831 180
3 792 940 431
3 793 923 188
3 794 876 769
3 795 905 447
3 797 903 762
3 798 932 320
3 800 816 565
3 800 915 126
3 801 813 173
3 801 919 601
3 802 803 540
3 802 880 483
3 803 904 540
3 805 889 453
3 807 820 339
3 807 893 594
3 808 815 402
3 809 824 672
3 810 892 587
3 811 909 603
3 812 900 142
3 813 837 178
3 814 927 408
3 817 848 484
3 818 934 637
3 819 836 148
3 821 886 585
3 823 890 708
3 824 855 672
3 825 891 449
3 825 942 214
3 826 851 516
3 827 898 507
3 829 864 321
3 830 938 434
3 830 943 145
3 835 930 154
3 836 850 148
3 838 875 657
3 838 936 296
3 839 851 425
3 840 942 617
3 841 900 424
3 842 860 699
3 844 858 535
3 844 912 469
3 846 921 358
3 846 925 442
3 847 902 605
3 847 906 749
3 852 941 341
3 855 873 672
3 856 909 457
3 857 907 652
3 859 869 344
3 859 916 440
3 862 933 541
3 862 940 792
3 865 876 733
3 865 917 361
3 865 938 542
3 866 867 447
3 866 905 227
3 869 889 344
3 873 896 666
3 874 875 284
3 877 894 522
3 884 911 129
3 885 896 729
3 885 910 668
3 891 913 451
3 893 935 594
3 894 944 374
3 895 898 505
3 897 923 253
3 898 914 507
3 902 929 132
3 905 933 227
3 911 937 702
3 922 935 534
3 931 932 798

CELL_TYPES 1766
5
5
5
5
5
5
5
5
5
5
5
5
5
5
5
5
5
5
5
5
5
5
5
5
5
5
5
5
5
5
5
5
5
5
5
5
5
5
5
5
5
5
5
5
5
5
5
5
5
5
5
5
5
5
5
5
5
5
5
5
5
5
5
5
5
5
5
5
5
5
5
5
5
5
5
5
5
5
5
5
5
5
5
5
5
5
5
5
5
5
5
5
5
5
5
5
5
5
5
5
5
5
5
5
5
5
5
5
5
5
5
5
5
5
5
5
5
5
5
5
5
5
5
5
5
5
5
5
5
5
5
5
5
5
5
5
5
5
5
5
5
5
5
5
5
5
5
5
5
5
5
5
5
5
5
5
5
5
5
5
5
5
5
5
5
5
5
5
5
5
5
5
5
5
5
5
5
5
5
5
5
5
5
5
5
5
5
5
5
5
5
5
5
5
5
5
5
5
5
5
5
5
5
5
5
5
5
5
5
5
5
5
5
5
5
5
5
5
5
5
5
5
5
5
5
5
5
5
5
5
5
5
5
5
5
5
5
5
5
5
5
5
5
5
5
5
5
5
5
5
5
5
5
5
5
5
5
5
5
5
5
5
5
5
5
5
5
5
5
5
5
5
5
5
5
5
5
5
5
5
5
5
5
5
5
5
5
5
5
5
5
5
5
5
5
5
5
5
5
5
5
5
5
5
5
5
5
5
5
5
5
5
5
5
5
5
5
5
5
5
5
5
5
5
5
5
5
5
5
5
5
5
5
5
5
5
5
5
5
5
5
5
5
5
5
5
5
5
5
5
5
5
5
5
5
5
5
5
5
5
5
5
5
5
5
5
5
5
5
5
5
5
5
5
5
5
5
5
5
5
5
5
5
5
5
5
5
5
5
5
5
5
5
5
5
5
5
5
5
5
5
5
5
5
5
5
5
5
5
5
5
5
5
5
5
5
5
5
5
5
5
5
5
5
5
5
5
5
5
5
5
5
5
5
5
5
5
5
5
5
5
5
5
5
5
5
5
5
5
5
5
5
5
5
5
5
5
5
5
5
5
5
5
5
5
5
5
5
5
5
5
5
5
5
5
5
5
5
5
5
5
5
5
5
5
5
5
5
5
5
5
5
5
5
5
5
5
5
5
5
5
5
5
5
5
5
5
5
5
5
5
5
5
5
5
5
5
5
5
5
5
5
5
5
5
5
5
5
5
5
5
5
5
5
5
5
5
5
5
5
5
5
5
5
5
5
5
5
5
5
5
5
5
5
5
5
5
5
5
5
5
5
5
5
5
5
5
5
5
5
5
5
5
5
5
5
5
5
5
5
5
5
5
5
5
5
5
5
5
5
5
5
5
5
5
5
5
5
5
5
5
5
5
5
5
5
5
5
5
5
5
5
5
5
5
5
5
5
5
5
5
5
5
5
5
5
5
5
5
5
5
5
5
5
5
5
5
5
5
5
5
5
5
5
5
5
5
5
5
5
5
5
5
5
5
5
5
5
5
5
5
5
5
5
5
5
5
5
5
5
5
5
5
5
5
5
5
5
5
5
5
5
5
5
5
5
5
5
5
5
5
5
5
5
5
5
5
5
5
5
5
5
5
5
5
5
5
5
5
5
5
5
5
5
5
5
5
5
5
5
5
5
5
5
5
5
5
5
5
5
5
5
5
5
5
5
5
5
5
5
5
5
5
5
5
5
5
5
5
5
5
5
5
5
5
5
5
5
5
5
5
5
5
5
5
5
5
5
5
5
5
5
5
5
5
5
5
5
5
5
5
5
5
5
5
5
5
5
5
5
5
5
5
5
5
5
5
5
5
5
5
5
5
5
5
5
5
5
5
5
5
5
5
5
5
5
5
5
5
5
5
5
5
5
5
5
5
5
5
5
5
5
5
5
5
5
5
5
5
5
5
5
5
5
5
5
5
5
5
5
5
5
5
5
5
5
5
5
5
5
5
5
5
5
5
5
5
5
5
5
5
5
5
5
5
5
5
5
5
5
5
5
5
5
5
5
5
5
5
5
5
5
5
5
5
5
5
5
5
5
5
5
5
5
5
5
5
5
5
5
5
5
5
5
5
5
5
5
5
5
5
5
5
5
5
5
5
5
5
5
5
5
5
5
5
5
5
5
5
5
5
5
5
5
5
5
5
5
5
5
5
5
5
5
5
5
5
5
5
5
5
5
5
5
5
5
5
5
5
5
5
5
5
5
5
5
5
5
5
5
5
5
5
5
5
5
5
5
5
5
5
5
5
5
5
5
5
5
5
5
5
5
5
5
5
5
5
5
5
5
5
5
5
5
5
5
5
5
5
5
5
5
5
5
5
5
5
5
5
5
5
5
5
5
5
5
5
5
5
5
5
5
5
5
5
5
5
5
5
5
5
5
5
5
5
5
5
5
5
5
5
5
5
5
5
5
5
5
5
5
5
5
5
5
5
5
5
5
5
5
5
5
5
5
5
5
5
5
5
5
5
5
5
5
5
5
5
5
5
5
5
5
5
5
5
5
5
5
5
5
5
5
5
5
5
5
5
5
5
5
5
5
5
5
5
5
5
5
5
5
5
5
5
5
5
5
5
5
5
5
5
5
5
5
5
5
5
5
5
5
5
5
5
5
5
5
5
5
5
5
5
5
5
5
5
5
5
5
5
5
5
5
5
5
5
5
5
5
5
5
5
5
5
5
5
5
5
5
5
5
5
5
5
5
5
5
5
5
5
5
5
5
5
5
5
5
5
5
5
5
5
5
5
5
5
5
5
5
5
5
5
5
5
5
5
5
5
5
5
5
5
5
5
5
5
5
5
5
5
5
5
5
5
5
5
5
5
5
5
5
5
5
5
5
5
5
5
5
5
5
5
5
5
5
5
5
5
5
5
5
5
5
5
5
5
5
5
5
5
5
5
5
5
5
5
5
5
5
5
5
5
5
5
5
5
5
5
5
5
5
5
5
5
5
5
5
5
5
5
5
5
5
5
5
5
5
5
5
5
5
5
5
5
5
5
5
5
5
5
5
5
5
5
5
5
5
5
5
5
5
5
5
5
5
5
5
5
5
5
5
5
5
5
5
5
5
5
5
5
5
5
5
5
5
5
5
5
5
5
5
5
5
5
5
5
5
5
5
5
5
5
5
5
5
5
5
5
5
5
5
5
5
5
5
5
5
5
5
5
5
5
5
5
5
5
5
5
5
5
5
5
5
5
5
5
5
5
5
5
5
5
5
5
5
5
5
5
5
5
5
5
5
5
5
5
5
5
5
5
5
5
5
5
5
5
5
5
5
5
5
5
5
5
5
5
5
5
5
5
5
5
5
5
5
5
5
5
5
5
5
5
5
5
5
5
5
5
5
5
5
5
5
5
5
5
5
5
5
5
5
5
5
5
5
5
5
5
5
5
5
5
5
5
5
5
5
5
5
5
5
5
5
5
5
5
5
5
5
5
5
5
5
5
5
5
5
5
5
5
5
5
5
5
5
5
5
5
5
5
5
5
5
5
5
5
5
5
5
5
5
5
5
5
5
5
5
5
5
5
5
5
5
5
5
5
5
5
5
5
5
5
5
5
5
5
5
5
5
5
5
5
5
5
5
5
5
5
5
5
5
5
5
5
5
5
5
5
5
5
5
5
5
5
5
5
5
5
5
5
5
5
5
5
5
5
5
5
5
5
5
5
5
5
5
5
5
5
5
5
5
5
5
5
5
5
5
5
5
5
5
5
5
5
5
5
5
5
5
5
5
5
5
5
5
5
5
5
5
5
5
5
5
5
5
5
5
5
5
5
5
5
5
5
5
5
5
5
5
5
5
5
5
5
5
5
5
5
5
5
5
5
5
5
5
5
5
5
5
5
5
5
5
5
5
5
5
5
5
5
5
5
5
5
5
5
5
5
5
5
5
5
5
5
5
5
5
5
5
5
5
5
5
5
5
5
5
5
5
5
5
5
5
5
5
5
5
5
5
5
5
5
5
5
5
5
5
5
5
5
5
5
5
5
5
5
5
POINT_DATA 945
FIELD FieldData 2
VELOCITY 3 945  float
1.0000000e-01 0.0000000e+00 0.0000000e+00 
1.0000023e-01 0.0000000e+00 0.0000000e+00 
1.0000004e-01 0.0000000e+00 0.0000000e+00 
1.0000000e-01 0.0000000e+00 0.0000000e+00 
0.0000000e+00 0.0000000e+00 0.0000000e+00 
0.0000000e+00 0.0000000e+00 0.0000000e+00 
0.0000000e+00 0.0000000e+00 0.0000000e+00 
0.0000000e+00 0.0000000e+00 0.0000000e+00 
0.0000000e+00 0.0000000e+00 0.0000000e+00 
0.0000000e+00 0.0000000e+00 0.0000000e+00 
0.0000000e+00 0.0000000e+00 0.0000000e+00 
0.0000000e+00 0.0000000e+00 0.0000000e+00 
0.0000000e+00 0.0000000e+00 0.0000000e+00 
0.0000000e+00 0.0000000e+00 0.0000000e+00 
0.0000000e+00 0.0000000e+00 0.0000000e+00 
0.0000000e+00 0.0000000e+00 0.0000000e+00 
0.0000000e+00 0.0000000e+00 0.0000000e+00 
0.0000000e+00 0.0000000e+00 0.0000000e+00 
0.0000000e+00 0.0000000e+00 0.0000000e+00 
0.0000000e+00 0.0000000e+00 0.0000000e+00 
0.0000000e+00 0.0000000e+00 0.0000000e+00 
0.0000000e+00 0.0000000e+00 0.0000000e+00 
0.0000000e+00 0.0000000e+00 0.0000000e+00 
0.0000000e+00 0.0000000e+00 0.0000000e+00 
0.0000000e+00 0.0000000e+00 0.0000000e+00 
0.0000000e+00 0.0000000e+00 0.0000000e+00 
0.0000000e+00 0.0000000e+00 0.0000000e+00 
0.0000000e+00 0.0000000e+00 0.0000000e+00 
0.0000000e+00 0.0000000e+00 0.0000000e+00 
0.0000000e+00 0.0000000e+00 0.0000000e+00 
0.0000000e+00 0.0000000e+00 0.0000000e+00 
0.0000000e+00 0.0000000e+00 0.0000000e+00 
0.0000000e+00 0.0000000e+00 0.0000000e+00 
0.0000000e+00 0.0000000e+00 0.0000000e+00 
0.0000000e+00 0.0000000e+00 0.0000000e+00 
0.0000000e+00 0.0000000e+00 0.0000000e+00 
1.0017484e-01 -7.0681937e-27 0.0000000e+00 
1.0074335e-01 -1.2924697e-26 0.0000000e+00 
1.0190163e-01 -1.2924697e-26 0.0000000e+00 
1.0390682e-01 -1.2924697e-26 0.0000000e+00 
1.0692469e-01 -2.5849394e-25 0.0000000e+00 
1.1090077e-01 -2.5849394e-25 0.0000000e+00 
1.1575744e-01 -2.5849394e-25 0.0000000e+00 
1.2090546e-01 4.1359031e-25 0.0000000e+00 
1.2573361e-01 -9.3057819e-25 0.0000000e+00 
1.2923697e-01 4.1359031e-25 0.0000000e+00 
1.3087595e-01 0.0000000e+00 0.0000000e+00 
1.3030511e-01 0.0000000e+00 0.0000000e+00 
1.2757966e-01 0.0000000e+00 0.0000000e+00 
1.2295230e-01 0.0000000e+00 0.0000000e+00 
1.1705358e-01 0.0000000e+00 0.0000000e+00 
1.1144337e-01 0.0000000e+00 0.0000000e+00 
1.0713185e-01 1.6543612e-24 0.0000000e+00 
1.0421836e-01 1.6543612e-24 0.0000000e+00 
1.0238045e-01 1.6543612e-24 0.0000000e+00 
1.0133151e-01 -1.0339758e-25 0.0000000e+00 
1.0074250e-01 -1.0339758e-25 0.0000000e+00 
1.0041627e-01 -1.0339758e-25 0.0000000e+00 
1.0023143e-01 -2.5849394e-25 0.0000000e+00 
1.0012940e-01 -2.5849394e-25 0.0000000e+00 
1.0007356e-01 -2.5849394e-25 0.0000000e+00 
1.0004120e-01 2.5849394e-26 0.0000000e+00 
1.0002320e-01 2.5849394e-26 0.0000000e+00 
1.0001302e-01 2.5849394e-26 0.0000000e+00 
1.0000731e-01 -3.2311743e-27 0.0000000e+00 
1.0000413e-01 -3.2311743e-27 0.0000000e+00 
1.0000236e-01 -3.2311743e-27 0.0000000e+00 
1.0000137e-01 -2.9913606e-27 0.0000000e+00 
1.0000081e-01 -2.9913606e-27 0.0000000e+00 
1.0000049e-01 -2.9913606e-27 0.0000000e+00 
1.0000032e-01 2.8272775e-27 0.0000000e+00 
1.0000018e-01 8.6088690e-08 0.0000000e+00 
1.0000011e-01 1.3852163e-07 0.0000000e+00 
1.0000001e-01 1.5054616e-07 0.0000000e+00 
9.9999934e-02 1.1736557e-07 0.0000000e+00 
9.9999882e-02 4.8014932e-08 0.0000000e+00 
9.9999867e-02 -2.6079686e-08 0.0000000e+00 
9.9999905e-02 -8.4007183e-08 0.0000000e+00 
9.9999964e-02 -8.4922739e-08 0.0000000e+00 
1.0000001e-01 -5.7974955e-08 0.0000000e+00 
1.0000011e-01 1.6155871e-27 0.0000000e+00 
1.0000024e-01 2.0194839e-27 0.0000000e+00 
1.0000049e-01 2.0194839e-27 0.0000000e+00 
1.0000098e-01 2.0194839e-27 0.0000000e+00 
1.0000192e-01 -4.7457872e-27 0.0000000e+00 
1.0000350e-01 -4.7457872e-27 0.0000000e+00 
1.0000651e-01 -4.7457872e-27 0.0000000e+00 
1.0001206e-01 -2.5849394e-26 0.0000000e+00 
1.0002163e-01 -2.5849394e-26 0.0000000e+00 
1.0003866e-01 -2.5849394e-26 0.0000000e+00 
1.0006955e-01 0.0000000e+00 0.0000000e+00 
1.0012634e-01 0.0000000e+00 0.0000000e+00 
1.0022844e-01 0.0000000e+00 0.0000000e+00 
1.0041229e-01 -6.2038546e-25 0.0000000e+00 
1.0074136e-01 -6.2038546e-25 0.0000000e+00 
1.0132530e-01 -6.2038546e-25 0.0000000e+00 
1.0236057e-01 0.0000000e+00 0.0000000e+00 
1.0416628e-01 0.0000000e+00 0.0000000e+00 
1.0706010e-01 0.0000000e+00 0.0000000e+00 
1.1142365e-01 -4.1359031e-25 0.0000000e+00 
1.1712518e-01 -4.1359031e-25 0.0000000e+00 
1.2292437e-01 -4.1359031e-25 0.0000000e+00 
1.2761450e-01 6.6174449e-24 0.0000000e+00 
1.3051674e-01 6.6174449e-24 0.0000000e+00 
1.3104901e-01 6.6174449e-24 0.0000000e+00 
1.2927186e-01 1.7060600e-24 0.0000000e+00 
1.2568185e-01 1.7060600e-24 0.0000000e+00 
1.2092694e-01 1.7060600e-24 0.0000000e+00 
1.1580794e-01 -3.1019273e-25 0.0000000e+00 
1.1092877e-01 -3.1019273e-25 0.0000000e+00 
1.0690637e-01 -3.1019273e-25 0.0000000e+00 
1.0385331e-01 0.0000000e+00 0.0000000e+00 
1.0184240e-01 0.0000000e+00 0.0000000e+00 
1.0071068e-01 0.0000000e+00 0.0000000e+00 
1.0015127e-01 3.5542917e-26 0.0000000e+00 
1.0000000e-01 0.0000000e+00 0.0000000e+00 
1.0000000e-01 0.0000000e+00 0.0000000e+00 
1.0000000e-01 0.0000000e+00 0.0000000e+00 
1.0000000e-01 0.0000000e+00 0.0000000e+00 
1.0000000e-01 0.0000000e+00 0.0000000e+00 
1.0000000e-01 0.0000000e+00 0.0000000e+00 
1.0000000e-01 0.0000000e+00 0.0000000e+00 
1.0000000e-01 0.0000000e+00 0.0000000e+00 
1.0000000e-01 0.0000000e+00 0.0000000e+00 
1.0389925e-02 8.6783199e-03 0.0000000e+00 
1.0853837e-01 -3.4871085e-03 0.0000000e+00 
1.1394410e-01 5.0308518e-03 0.0000000e+00 
1.0048822e-01 2.6876244e-04 0.0000000e+00 
1.0002618e-01 1.4437057e-05 0.0000000e+00 
1.0000224e-01 -1.2681500e-06 0.0000000e+00 
1.0459900e-01 -2.8170224e-03 0.0000000e+00 
1.0276406e-01 1.5026213e-03 0.0000000e+00 
1.0485137e-01 2.3954576e-03 0.0000000e+00 
9.9876665e-02 -1.7863995e-04 0.0000000e+00 
1.0014623e-01 -8.5654938e-05 0.0000000e+00 
1.0156488e-01 -8.6004828e-04 0.0000000e+00 
1.0000453e-01 2.6726461e-06 0.0000000e+00 
1.0001410e-01 -7.5964526e-06 0.0000000e+00 
1.2595323e-01 -3.8714611e-03 0.0000000e+00 
9.9999838e-02 1.2159407e-07 0.0000000e+00 
1.2992096e-01 2.2889399e-03 0.0000000e+00 
1.1852276e-01 3.7517576e-03 0.0000000e+00 
1.1845061e-01 -4.5507476e-03 0.0000000e+00 
1.3137844e-01 1.6120840e-03 0.0000000e+00 
1.0000087e-01 5.1592195e-07 0.0000000e+00 
1.3121225e-01 -1.3952021e-03 0.0000000e+00 
9.9947438e-02 3.8139088e-04 0.0000000e+00 
9.9999838e-02 -8.1075157e-08 0.0000000e+00 
1.0008421e-01 4.4929111e-05 0.0000000e+00 
1.0004413e-01 -2.5119614e-05 0.0000000e+00 
1.0048102e-01 -2.7503067e-04 0.0000000e+00 
1.0000055e-01 -3.8944688e-07 0.0000000e+00 
1.0000714e-01 -4.7409855e-04 0.0000000e+00 
1.0108718e-01 8.3275436e-04 0.0000000e+00 
1.0000007e-01 1.9730238e-07 0.0000000e+00 
1.0103580e-01 -9.6363411e-04 0.0000000e+00 
1.0000001e-01 -1.0409946e-07 0.0000000e+00 
1.0000034e-01 1.4877524e-07 0.0000000e+00 
1.0003847e-01 3.5488809e-04 0.0000000e+00 
1.3167702e-01 5.3329277e-04 0.0000000e+00 
1.3363159e-01 2.8080961e-03 0.0000000e+00 
1.3003072e-01 6.1489758e-03 0.0000000e+00 
1.3485691e-01 7.5863353e-03 0.0000000e+00 
1.3778119e-01 3.2483155e-03 0.0000000e+00 
1.3878962e-01 8.3806198e-03 0.0000000e+00 
1.3387564e-01 1.3455725e-02 0.0000000e+00 
1.3338131e-01 1.5106855e-02 0.0000000e+00 
1.2666917e-01 2.0391043e-02 0.0000000e+00 
1.1432936e-01 2.2081861e-02 0.0000000e+00 
1.1026397e-01 2.5780797e-02 0.0000000e+00 
8.9452058e-02 2.5658231e-02 0.0000000e+00 
8.8129804e-02 2.8317342e-02 0.0000000e+00 
6.2578812e-02 2.4568927e-02 0.0000000e+00 
6.4222775e-02 2.6076620e-02 0.0000000e+00 
3.7173804e-02 1.8777261e-02 0.0000000e+00 
4.5368563e-02 1.8672118e-02 0.0000000e+00 
2.3112800e-02 8.5395165e-03 0.0000000e+00 
3.8090501e-02 6.7948066e-03 0.0000000e+00 
5.5903852e-02 1.6934700e-02 0.0000000e+00 
5.3386286e-02 3.9762575e-03 0.0000000e+00 
2.8721746e-02 -4.8787748e-03 0.0000000e+00 
6.8488300e-02 1.3800112e-02 0.0000000e+00 
6.8010665e-02 8.9161075e-04 0.0000000e+00 
3.4096446e-03 2.4086662e-04 0.0000000e+00 
-1.4152038e-03 -2.9713607e-03 0.0000000e+00 
7.9268850e-02 1.0041560e-02 0.0000000e+00 
7.9882860e-02 -3.6696314e-05 0.0000000e+00 
1.4160261e-01 2.3549462e-03 0.0000000e+00 
1.0865475e-01 2.7014924e-02 0.0000000e+00 
8.7182738e-02 6.2697656e-03 0.0000000e+00 
8.8240243e-02 -8.9340465e-04 0.0000000e+00 
1.4858102e-02 -4.0641339e-03 0.0000000e+00 
3.2611985e-02 -1.5404975e-02 0.0000000e+00 
-1.7894454e-03 1.4843591e-03 0.0000000e+00 
9.2149965e-02 3.2271089e-03 0.0000000e+00 
9.3486786e-02 -1.2114897e-03 0.0000000e+00 
9.5575683e-02 1.5122157e-03 0.0000000e+00 
9.6360005e-02 -6.0905138e-04 0.0000000e+00 
9.7510718e-02 7.9844502e-04 0.0000000e+00 
9.7954839e-02 -4.1541178e-04 0.0000000e+00 
9.8568715e-02 3.9675212e-04 0.0000000e+00 
1.9915434e-02 -1.2585650e-02 0.0000000e+00 
4.6014782e-02 -2.1523938e-02 0.0000000e+00 
6.0232397e-02 -2.5385614e-02 0.0000000e+00 
3.9308455e-02 -1.7624671e-02 0.0000000e+00 
6.6720381e-02 -2.3862658e-02 0.0000000e+00 
6.0102344e-02 -1.9592788e-02 0.0000000e+00 
9.0168379e-02 -2.3489613e-02 0.0000000e+00 
8.3356343e-02 -1.9251063e-02 0.0000000e+00 
1.1181211e-01 -2.0576684e-02 0.0000000e+00 
1.1121540e-01 -1.6422328e-02 0.0000000e+00 
1.1245968e-01 -2.4122849e-02 0.0000000e+00 
1.2920493e-01 -1.5335714e-02 0.0000000e+00 
1.3148031e-01 -1.0413597e-02 0.0000000e+00 
1.0779398e-02 -3.4796132e-03 0.0000000e+00 
-4.0151172e-06 1.9101927e-03 0.0000000e+00 
9.8880582e-02 -2.5277009e-04 0.0000000e+00 
9.9192277e-02 1.8471955e-04 0.0000000e+00 
9.9401928e-02 -2.0742466e-04 0.0000000e+00 
9.9561475e-02 8.0558588e-05 0.0000000e+00 
1.3886072e-01 -9.1425003e-03 0.0000000e+00 
1.4164647e-01 -3.8072898e-03 0.0000000e+00 
7.7443793e-02 -9.4139744e-03 0.0000000e+00 
9.9676237e-02 -1.2176848e-04 0.0000000e+00 
9.9754713e-02 3.8418031e-05 0.0000000e+00 
9.9822015e-02 -7.1524977e-05 0.0000000e+00 
9.9863350e-02 1.6897829e-05 0.0000000e+00 
1.1989219e-01 1.7356234e-02 0.0000000e+00 
9.9902324e-02 -4.2059488e-05 0.0000000e+00 
9.9924147e-02 6.9657758e-06 0.0000000e+00 
9.9945545e-02 -2.4118879e-05 0.0000000e+00 
9.9957645e-02 2.8196289e-06 0.0000000e+00 
4.9794796e-03 -2.9477233e-03 0.0000000e+00 
9.9969961e-02 -1.3861782e-05 0.0000000e+00 
9.9975914e-02 1.1026053e-06 0.0000000e+00 
9.9983647e-02 -8.9524647e-06 0.0000000e+00 
9.9986605e-02 7.3111233e-09 0.0000000e+00 
9.9991232e-02 -5.1293518e-06 0.0000000e+00 
9.9992573e-02 -1.4221287e-07 0.0000000e+00 
1.3232587e-01 -5.3210617e-03 0.0000000e+00 
1.4361633e-01 2.5448308e-03 0.0000000e+00 
3.3303384e-02 -4.3343883e-03 0.0000000e+00 
9.6670985e-02 -3.0007034e-03 0.0000000e+00 
9.4720408e-02 7.9488363e-03 0.0000000e+00 
6.2398721e-02 2.0663099e-02 0.0000000e+00 
8.5914411e-02 1.9576037e-02 0.0000000e+00 
9.9995174e-02 -2.8911784e-06 0.0000000e+00 
9.9995859e-02 -1.3835437e-07 0.0000000e+00 
9.9997349e-02 -1.6338446e-06 0.0000000e+00 
9.9997692e-02 -9.9540138e-08 0.0000000e+00 
9.9997327e-02 1.3673729e-06 0.0000000e+00 
9.9998496e-02 7.5656965e-07 0.0000000e+00 
9.9991627e-02 4.6476925e-06 0.0000000e+00 
1.2772053e-01 1.7642600e-02 0.0000000e+00 
1.4114468e-01 -3.9543603e-03 0.0000000e+00 
9.9998564e-02 -9.3086243e-07 0.0000000e+00 
9.9955253e-02 3.0564264e-05 0.0000000e+00 
1.3524804e-01 -1.3675039e-02 0.0000000e+00 
9.9761546e-02 2.0101640e-04 0.0000000e+00 
9.8678768e-02 1.3027503e-03 0.0000000e+00 
1.3695073e-01 2.1695502e-03 0.0000000e+00 
1.4473809e-01 9.4942711e-03 0.0000000e+00 
1.4369890e-01 7.1465527e-03 0.0000000e+00 
1.4280635e-01 1.3230095e-02 0.0000000e+00 
1.4409652e-01 1.7674500e-02 0.0000000e+00 
1.4010245e-01 1.9659722e-02 0.0000000e+00 
5.2262533e-02 4.1165330e-02 0.0000000e+00 
1.4095998e-01 2.5724309e-02 0.0000000e+00 
1.3522191e-01 2.4999775e-02 0.0000000e+00 
6.2134665e-02 2.2336408e-02 0.0000000e+00 
1.3432486e-01 1.8296784e-02 0.0000000e+00 
1.2918329e-01 2.1838488e-02 0.0000000e+00 
1.2828270e-01 3.0214414e-02 0.0000000e+00 
1.2293568e-01 2.4189608e-02 0.0000000e+00 
1.1960247e-01 3.1138338e-02 0.0000000e+00 
1.1641513e-01 2.4444211e-02 0.0000000e+00 
1.1168697e-01 2.9741887e-02 0.0000000e+00 
2.8823795e-02 3.8411565e-02 0.0000000e+00 
1.1045527e-01 2.2739902e-02 0.0000000e+00 
1.0471858e-01 2.6013751e-02 0.0000000e+00 
1.0563713e-01 1.9938424e-02 0.0000000e+00 
1.0030039e-01 2.1454496e-02 0.0000000e+00 
1.0206023e-01 1.6523128e-02 0.0000000e+00 
9.6776776e-02 1.7201509e-02 0.0000000e+00 
9.9770114e-02 1.2791792e-02 0.0000000e+00 
9.5976986e-02 1.1837845e-02 0.0000000e+00 
9.1688946e-02 1.4271079e-02 0.0000000e+00 
9.2768759e-02 9.4635859e-03 0.0000000e+00 
8.7883815e-02 1.0082660e-02 0.0000000e+00 
9.0142272e-02 6.1853249e-03 0.0000000e+00 
8.5878812e-02 4.8045362e-03 0.0000000e+00 
8.9746922e-02 2.2397542e-03 0.0000000e+00 
8.6169340e-02 -5.9121137e-04 0.0000000e+00 
9.0444759e-02 -1.3646121e-03 0.0000000e+00 
8.8450558e-02 -5.0458000e-03 0.0000000e+00 
9.2414074e-02 -4.2322269e-03 0.0000000e+00 
9.5817558e-02 7.9170438e-03 0.0000000e+00 
9.1771081e-02 -7.9899533e-03 0.0000000e+00 
8.6652055e-02 -1.0283581e-02 0.0000000e+00 
9.2495970e-02 -1.2273726e-02 0.0000000e+00 
8.8533856e-02 -1.7700039e-02 0.0000000e+00 
1.3735221e-02 -2.2851260e-02 0.0000000e+00 
9.5035665e-02 -1.6885487e-02 0.0000000e+00 
9.3491726e-02 -2.3033487e-02 0.0000000e+00 
9.2908271e-02 1.4218332e-03 0.0000000e+00 
9.4829001e-02 -6.0649659e-03 0.0000000e+00 
9.9206448e-02 -2.0447508e-02 0.0000000e+00 
9.9433467e-02 -2.6956191e-02 0.0000000e+00 
4.4014335e-02 -4.5009460e-02 0.0000000e+00 
1.0462994e-01 -2.2507556e-02 0.0000000e+00 
1.0675220e-01 -2.8783740e-02 0.0000000e+00 
6.9562867e-02 -1.3859365e-02 0.0000000e+00 
6.2394053e-02 -3.4955014e-02 0.0000000e+00 
9.9487074e-02 -1.5287759e-02 0.0000000e+00 
9.7685844e-02 2.8328143e-02 0.0000000e+00 
8.1688426e-02 -1.4904096e-02 0.0000000e+00 
1.0619728e-01 1.4856080e-02 0.0000000e+00 
8.1070289e-02 9.5568243e-03 0.0000000e+00 
1.1073232e-01 -2.2350868e-02 0.0000000e+00 
1.1502817e-01 -2.8735682e-02 0.0000000e+00 
1.0805583e-01 -1.7656714e-02 0.0000000e+00 
9.2576534e-02 -3.1335514e-02 0.0000000e+00 
9.5146246e-02 -3.2982572e-03 0.0000000e+00 
9.7186536e-02 -4.6886485e-03 0.0000000e+00 
9.7172409e-02 -2.3992800e-03 0.0000000e+00 
9.8518342e-02 -3.1784992e-03 0.0000000e+00 
1.2903787e-01 1.5849544e-02 0.0000000e+00 
1.3299820e-01 1.2647834e-02 0.0000000e+00 
1.1688435e-01 -2.0801920e-02 0.0000000e+00 
1.2203492e-01 -2.4716537e-02 0.0000000e+00 
1.2200809e-01 -3.1905040e-02 0.0000000e+00 
1.2906212e-01 -2.7952051e-02 0.0000000e+00 
1.2677215e-01 -2.0418985e-02 0.0000000e+00 
1.3322149e-01 -2.1066897e-02 0.0000000e+00 
1.3698100e-01 -2.6883209e-02 0.0000000e+00 
3.5717908e-02 4.1972524e-03 0.0000000e+00 
1.3003853e-01 -1.5610806e-02 0.0000000e+00 
1.3956539e-01 -1.9381810e-02 0.0000000e+00 
1.4292787e-01 -2.2821421e-02 0.0000000e+00 
1.1468533e-01 1.8737409e-02 0.0000000e+00 
1.1351363e-01 3.7572660e-02 0.0000000e+00 
2.9297691e-02 -1.2125244e-02 0.0000000e+00 
9.9998824e-02 1.8242984e-06 0.0000000e+00 
9.9999331e-02 1.0321552e-06 0.0000000e+00 
8.7644428e-02 -1.5557417e-02 0.0000000e+00 
9.9456750e-02 -6.5446948e-04 0.0000000e+00 
1.1692255e-01 -5.1280810e-03 0.0000000e+00 
1.4405552e-01 -1.5628943e-02 0.0000000e+00 
1.4068854e-01 -1.2721931e-02 0.0000000e+00 
1.4249742e-01 -1.4381856e-02 0.0000000e+00 
9.9159233e-02 -5.0375657e-03 0.0000000e+00 
1.3894109e-01 -3.1388834e-02 0.0000000e+00 
9.9842981e-02 -2.0037963e-04 0.0000000e+00 
9.9999160e-02 4.2565770e-07 0.0000000e+00 
1.4032918e-01 2.2688234e-02 0.0000000e+00 
1.3846560e-01 3.1827092e-02 0.0000000e+00 
9.9955305e-02 -6.1623512e-05 0.0000000e+00 
1.3020866e-01 2.4770735e-02 0.0000000e+00 
1.2755862e-01 1.4423589e-02 0.0000000e+00 
1.2856615e-01 1.0838900e-02 0.0000000e+00 
9.9996418e-02 -6.4631640e-06 0.0000000e+00 
1.3919087e-01 -5.3669192e-04 0.0000000e+00 
1.4444123e-01 -9.1499574e-03 0.0000000e+00 
1.3574108e-01 -5.5111158e-03 0.0000000e+00 
1.3981433e-01 -1.6584927e-03 0.0000000e+00 
1.2358896e-01 3.2621366e-03 0.0000000e+00 
9.9988334e-02 -2.3241781e-05 0.0000000e+00 
9.8551624e-02 -1.7070923e-03 0.0000000e+00 
9.7771510e-02 -7.0599670e-04 0.0000000e+00 
1.2471496e-01 -1.5248972e-02 0.0000000e+00 
1.2775135e-01 -1.0942628e-02 0.0000000e+00 
9.9821664e-02 -3.2149169e-03 0.0000000e+00 
1.2432900e-01 1.2955436e-02 0.0000000e+00 
9.9999629e-02 5.8382739e-07 0.0000000e+00 
1.2883911e-01 -8.8216960e-03 0.0000000e+00 
9.9999927e-02 1.6096058e-06 0.0000000e+00 
9.9999905e-02 2.8295276e-06 0.0000000e+00 
9.9999033e-02 -2.0569425e-06 0.0000000e+00 
9.9999465e-02 -1.0889316e-06 0.0000000e+00 
1.2934196e-01 3.6145534e-02 0.0000000e+00 
1.3314772e-01 3.9783057e-02 0.0000000e+00 
1.2485318e-01 4.6548869e-02 0.0000000e+00 
9.9999204e-02 -4.9070070e-07 0.0000000e+00 
9.9999718e-02 -5.8309064e-07 0.0000000e+00 
1.3080694e-01 5.5507328e-03 0.0000000e+00 
1.0895091e-01 9.5911026e-03 0.0000000e+00 
9.2465229e-02 7.5257481e-03 0.0000000e+00 
7.6974407e-02 1.1510936e-02 0.0000000e+00 
5.5426762e-02 9.1585731e-03 0.0000000e+00 
4.5256745e-02 9.2129242e-03 0.0000000e+00 
6.5842904e-02 1.2865505e-02 0.0000000e+00 
3.7656821e-02 9.1033764e-03 0.0000000e+00 
1.0095353e-01 -4.4286270e-03 0.0000000e+00 
1.0103209e-01 -6.8101981e-03 0.0000000e+00 
1.0000100e-01 1.9128170e-06 0.0000000e+00 
5.6816284e-02 1.3946811e-02 0.0000000e+00 
3.1717304e-02 9.6711796e-03 0.0000000e+00 
1.6148880e-02 3.9969506e-03 0.0000000e+00 
1.2875225e-02 5.0648125e-03 0.0000000e+00 
9.9999525e-02 -2.5025918e-07 0.0000000e+00 
6.7327879e-02 7.4834609e-03 0.0000000e+00 
1.2459665e-01 8.3813882e-03 0.0000000e+00 
1.3266553e-01 7.5012264e-03 0.0000000e+00 
1.3263854e-01 -1.0414235e-02 0.0000000e+00 
9.9999800e-02 -3.2581255e-07 0.0000000e+00 
1.2965755e-01 -6.9980239e-03 0.0000000e+00 
9.8953009e-02 -6.3361099e-04 0.0000000e+00 
9.8644987e-02 2.2765341e-04 0.0000000e+00 
9.9390864e-02 -1.1276887e-03 0.0000000e+00 
9.7052082e-02 8.9403411e-04 0.0000000e+00 
9.8556302e-02 1.4270894e-03 0.0000000e+00 
9.7573005e-02 2.7465092e-03 0.0000000e+00 
9.9023998e-02 2.4791446e-03 0.0000000e+00 
9.8561540e-02 4.5213667e-03 0.0000000e+00 
9.9943079e-02 3.2807204e-03 0.0000000e+00 
1.0044948e-01 5.1250164e-03 0.0000000e+00 
9.9840626e-02 1.9009940e-03 0.0000000e+00 
3.1036078e-03 3.6759616e-04 0.0000000e+00 
1.2630293e-03 1.9517742e-03 0.0000000e+00 
1.1758473e-02 6.8302816e-03 0.0000000e+00 
-3.2004837e-03 -6.7909854e-04 0.0000000e+00 
-4.3733567e-03 4.4439081e-04 0.0000000e+00 
9.9999517e-02 2.4423352e-07 0.0000000e+00 
1.0122835e-01 3.3992413e-03 0.0000000e+00 
1.2544040e-01 -7.2048390e-03 0.0000000e+00 
-5.0827446e-03 4.5916713e-05 0.0000000e+00 
-4.5706038e-03 -4.1345329e-04 0.0000000e+00 
-3.1628276e-03 5.0234003e-04 0.0000000e+00 
7.7959546e-04 -2.1760913e-03 0.0000000e+00 
3.4958781e-03 -9.6307020e-04 0.0000000e+00 
1.0801542e-01 2.3272665e-02 0.0000000e+00 
1.4443925e-01 -3.9669806e-03 0.0000000e+00 
1.2555665e-01 4.4953465e-02 0.0000000e+00 
1.1714341e-01 5.2621417e-02 0.0000000e+00 
1.3330831e-01 -6.1320271e-03 0.0000000e+00 
1.3997306e-01 9.0217264e-03 0.0000000e+00 
1.4053902e-01 4.2448123e-03 0.0000000e+00 
9.9360220e-02 5.9530669e-04 0.0000000e+00 
1.2004351e-01 2.1309726e-04 0.0000000e+00 
9.0921588e-02 -6.8809516e-03 0.0000000e+00 
8.9036673e-02 -9.8380176e-03 0.0000000e+00 
5.9501532e-02 -9.3281139e-03 0.0000000e+00 
9.2440806e-02 -2.4136843e-03 0.0000000e+00 
-3.6037883e-03 2.5177031e-04 0.0000000e+00 
3.4072068e-02 7.4991495e-03 0.0000000e+00 
1.0000019e-01 -1.4982006e-06 0.0000000e+00 
1.0000040e-01 -3.0840422e-06 0.0000000e+00 
8.4085986e-02 1.6011417e-02 0.0000000e+00 
6.1614104e-02 -1.0722154e-02 0.0000000e+00 
3.4079071e-02 -7.1850382e-03 0.0000000e+00 
3.8431086e-02 -8.4445691e-03 0.0000000e+00 
1.6700098e-02 -3.1181122e-03 0.0000000e+00 
2.2900403e-02 -5.8440068e-03 0.0000000e+00 
4.3527097e-02 -1.1204269e-02 0.0000000e+00 
9.9999785e-02 3.0569743e-07 0.0000000e+00 
1.0000002e-01 5.1080099e-07 0.0000000e+00 
-1.1184736e-03 2.4534760e-03 0.0000000e+00 
1.0074668e-01 -2.6774323e-03 0.0000000e+00 
1.0009392e-01 -1.8988730e-03 0.0000000e+00 
1.3846277e-01 9.2274994e-03 0.0000000e+00 
6.5007973e-03 -6.2389476e-03 0.0000000e+00 
1.3812560e-01 -2.5490031e-02 0.0000000e+00 
1.3257493e-01 -3.2128084e-02 0.0000000e+00 
1.3305326e-01 -3.9877102e-02 0.0000000e+00 
1.2299984e-01 -4.1025534e-02 0.0000000e+00 
1.2427364e-01 -4.8060421e-02 0.0000000e+00 
1.2674405e-01 -2.1458954e-02 0.0000000e+00 
8.1988856e-02 -2.2804501e-02 0.0000000e+00 
7.4556656e-02 -1.9495632e-02 0.0000000e+00 
7.5209863e-02 -1.0921760e-02 0.0000000e+00 
6.6284366e-02 -1.3321050e-02 0.0000000e+00 
6.4549848e-02 -2.4555793e-02 0.0000000e+00 
5.3919066e-02 -1.6029730e-02 0.0000000e+00 
5.9619527e-02 -4.3599647e-03 0.0000000e+00 
4.5485154e-02 -2.7701177e-03 0.0000000e+00 
5.6051113e-02 7.6117548e-03 0.0000000e+00 
6.6789418e-02 3.5612427e-03 0.0000000e+00 
6.6387869e-02 1.3184287e-02 0.0000000e+00 
5.7625394e-02 2.0967919e-02 0.0000000e+00 
6.9437012e-02 2.2683021e-02 0.0000000e+00 
6.4058393e-02 3.3209454e-02 0.0000000e+00 
7.5687177e-02 3.0648630e-02 0.0000000e+00 
7.4780218e-02 4.1828491e-02 0.0000000e+00 
7.9061121e-02 2.1884575e-02 0.0000000e+00 
4.8416566e-02 3.1699032e-02 0.0000000e+00 
5.2268725e-02 -3.0820398e-02 0.0000000e+00 
6.6421919e-02 -3.7109468e-02 0.0000000e+00 
5.4855295e-02 -4.5599382e-02 0.0000000e+00 
7.2921239e-02 -4.8565559e-02 0.0000000e+00 
8.4506869e-02 3.5836730e-02 0.0000000e+00 
8.7171435e-02 4.5794863e-02 0.0000000e+00 
7.6594926e-02 5.3503349e-02 0.0000000e+00 
9.2629924e-02 5.4944549e-02 0.0000000e+00 
9.8694608e-02 4.5763977e-02 0.0000000e+00 
7.8576028e-02 -3.8378749e-02 0.0000000e+00 
8.6434886e-02 -4.6392448e-02 0.0000000e+00 
8.4395304e-02 -5.6101497e-02 0.0000000e+00 
9.7391486e-02 -5.0750107e-02 0.0000000e+00 
9.8055720e-02 -5.8103386e-02 0.0000000e+00 
1.0896067e-01 -5.1101375e-02 0.0000000e+00 
1.0463767e-01 -4.3300442e-02 0.0000000e+00 
3.6778341e-03 -1.1505308e-03 0.0000000e+00 
1.0424680e-01 5.0101202e-02 0.0000000e+00 
4.2797945e-02 4.3756720e-02 0.0000000e+00 
1.0000011e-01 -4.9587834e-07 0.0000000e+00 
1.1426950e-01 -4.2536084e-02 0.0000000e+00 
1.3963258e-01 8.0993669e-03 0.0000000e+00 
1.2752743e-01 -4.1446045e-02 0.0000000e+00 
8.9891173e-02 2.1745276e-02 0.0000000e+00 
1.0087273e-01 5.8325857e-02 0.0000000e+00 
3.0995198e-02 -4.1070029e-02 0.0000000e+00 
5.4784421e-02 -4.2246401e-02 0.0000000e+00 
1.8519429e-02 -4.8642769e-03 0.0000000e+00 
5.6822374e-02 2.2308771e-03 0.0000000e+00 
2.7388798e-03 -7.6934094e-07 0.0000000e+00 
6.4326175e-02 -2.4312340e-02 0.0000000e+00 
-1.7011019e-03 -1.7015007e-03 0.0000000e+00 
1.8353637e-02 2.7246339e-02 0.0000000e+00 
1.0272498e-01 5.1198909e-03 0.0000000e+00 
1.0211807e-01 7.4394597e-03 0.0000000e+00 
1.0473155e-01 6.9317124e-03 0.0000000e+00 
5.1080603e-02 -1.3548577e-03 0.0000000e+00 
8.1224173e-02 -1.7812062e-03 0.0000000e+00 
1.0860579e-02 5.6916932e-03 0.0000000e+00 
2.1637579e-02 1.3197880e-02 0.0000000e+00 
1.0306089e-01 -5.1662377e-03 0.0000000e+00 
1.0388450e-01 -8.0983043e-03 0.0000000e+00 
1.1461339e-01 1.6400922e-04 0.0000000e+00 
1.0418800e-01 3.5567734e-02 0.0000000e+00 
1.3359474e-02 -1.2753362e-02 0.0000000e+00 
1.1304855e-01 -1.2572869e-02 0.0000000e+00 
1.0668036e-01 -4.7907662e-02 0.0000000e+00 
1.0000058e-01 1.1067967e-06 0.0000000e+00 
6.0389332e-02 3.2756083e-02 0.0000000e+00 
1.2058245e-01 1.0133779e-02 0.0000000e+00 
8.0058984e-02 1.7224442e-03 0.0000000e+00 
8.3126210e-02 -4.8346161e-03 0.0000000e+00 
1.3662618e-01 5.7264687e-03 0.0000000e+00 
1.3717136e-01 1.6591292e-03 0.0000000e+00 
8.5209630e-02 1.5862864e-02 0.0000000e+00 
9.0114906e-02 2.0823030e-02 0.0000000e+00 
1.2054338e-01 1.1060622e-02 0.0000000e+00 
1.3369830e-01 -7.4799737e-04 0.0000000e+00 
1.0830539e-01 3.0932296e-03 0.0000000e+00 
1.1323408e-01 4.4566477e-03 0.0000000e+00 
1.0000183e-01 3.3169244e-06 0.0000000e+00 
9.9999927e-02 5.0121230e-06 0.0000000e+00 
1.0831293e-01 -3.1560154e-03 0.0000000e+00 
1.0103909e-01 -1.0897649e-02 0.0000000e+00 
1.0500480e-01 -1.1612597e-02 0.0000000e+00 
1.0729867e-01 -8.7507814e-03 0.0000000e+00 
9.7938292e-02 -7.9605523e-03 0.0000000e+00 
1.0923761e-01 -1.2657145e-02 0.0000000e+00 
1.1165559e-01 -8.3864052e-03 0.0000000e+00 
1.1463931e-01 -1.1359384e-02 0.0000000e+00 
1.2618648e-01 3.7015446e-03 0.0000000e+00 
1.2516254e-01 8.6822920e-03 0.0000000e+00 
1.2076925e-01 4.9303542e-03 0.0000000e+00 
1.1887705e-01 1.1224953e-02 0.0000000e+00 
1.1148024e-01 1.0952609e-02 0.0000000e+00 
1.1251108e-01 1.7091744e-02 0.0000000e+00 
1.0400312e-01 1.5093865e-02 0.0000000e+00 
1.0580680e-01 9.2671746e-03 0.0000000e+00 
1.0036895e-01 1.0543183e-02 0.0000000e+00 
1.0247055e-01 6.6166227e-03 0.0000000e+00 
1.0548627e-01 5.2406946e-03 0.0000000e+00 
1.2988409e-01 -2.5607678e-03 0.0000000e+00 
1.2980425e-01 -6.9824988e-03 0.0000000e+00 
1.2445591e-01 -8.9023160e-03 0.0000000e+00 
1.2936781e-01 -1.3375971e-02 0.0000000e+00 
1.2156639e-01 -1.5494768e-02 0.0000000e+00 
1.1880612e-01 -9.9325934e-03 0.0000000e+00 
1.1449613e-01 -1.5287873e-02 0.0000000e+00 
1.1331733e-01 -2.1956287e-02 0.0000000e+00 
1.0623740e-01 -1.9492349e-02 0.0000000e+00 
9.8622866e-02 -2.5343433e-02 0.0000000e+00 
1.0833601e-01 -1.3157006e-02 0.0000000e+00 
1.0083920e-01 -1.4698835e-02 0.0000000e+00 
1.0410931e-01 -9.6935891e-03 0.0000000e+00 
1.0560880e-01 -2.7422577e-02 0.0000000e+00 
9.8471873e-02 -9.5161609e-03 0.0000000e+00 
1.0150635e-01 -6.2758029e-03 0.0000000e+00 
1.3316293e-01 -3.6745553e-03 0.0000000e+00 
1.3176182e-01 -6.2702701e-04 0.0000000e+00 
1.2247766e-01 -2.1540081e-02 0.0000000e+00 
1.3424091e-01 -8.2752137e-03 0.0000000e+00 
9.1405638e-02 -1.3279059e-02 0.0000000e+00 
1.2951756e-01 -1.7898502e-02 0.0000000e+00 
9.3378507e-02 -6.2932223e-03 0.0000000e+00 
7.8300148e-02 -2.7749084e-02 0.0000000e+00 
7.8891098e-02 -2.2375748e-02 0.0000000e+00 
6.0361419e-02 -1.8990822e-02 0.0000000e+00 
1.0673459e-01 5.1780570e-02 0.0000000e+00 
1.0848167e-01 7.2078947e-03 0.0000000e+00 
1.1330357e-01 9.1938898e-03 0.0000000e+00 
6.0485158e-02 4.5296840e-02 0.0000000e+00 
4.3008383e-02 1.4234073e-02 0.0000000e+00 
1.2714276e-01 -4.1186935e-03 0.0000000e+00 
1.1930516e-01 1.7720483e-02 0.0000000e+00 
1.1026864e-01 2.4133001e-02 0.0000000e+00 
1.0230776e-01 2.1380233e-02 0.0000000e+00 
9.2832342e-02 2.6603600e-02 0.0000000e+00 
1.0505698e-01 1.0173623e-02 0.0000000e+00 
1.0237511e-01 -1.4254064e-03 0.0000000e+00 
9.9857777e-02 1.8806127e-04 0.0000000e+00 
1.0247535e-01 1.4196616e-03 0.0000000e+00 
3.7218116e-02 -1.8027317e-02 0.0000000e+00 
1.1415000e-01 -5.0488231e-03 0.0000000e+00 
1.9861219e-02 4.0702019e-03 0.0000000e+00 
9.9943265e-02 -3.8269765e-04 0.0000000e+00 
1.0584164e-01 -5.5720373e-03 0.0000000e+00 
1.2830304e-01 2.8868290e-03 0.0000000e+00 
2.5854804e-04 -2.0725834e-03 0.0000000e+00 
1.0000255e-01 1.5722288e-06 0.0000000e+00 
7.6896690e-02 9.9358032e-05 0.0000000e+00 
2.0542979e-02 5.1910877e-03 0.0000000e+00 
5.7196602e-02 1.1035544e-02 0.0000000e+00 
5.8678195e-02 -8.1194984e-03 0.0000000e+00 
9.4557002e-02 -2.0418387e-02 0.0000000e+00 
1.1295877e-01 -4.1732551e-03 0.0000000e+00 
7.7982672e-02 6.0078908e-02 0.0000000e+00 
2.6221126e-03 3.6675686e-03 0.0000000e+00 
1.1445065e-01 -2.7015874e-02 0.0000000e+00 
1.0499726e-01 -2.3956003e-03 0.0000000e+00 
1.0281949e-01 -1.4950596e-03 0.0000000e+00 
1.0133675e-01 -2.0499758e-03 0.0000000e+00 
1.0070608e-01 -1.1525404e-03 0.0000000e+00 
1.0008485e-01 -1.8602990e-03 0.0000000e+00 
9.9962384e-02 -1.0426996e-03 0.0000000e+00 
1.0025099e-01 -3.5242818e-03 0.0000000e+00 
9.8919451e-02 -2.5093753e-03 0.0000000e+00 
1.0253051e-01 -3.5738002e-03 0.0000000e+00 
1.0037666e-01 -6.5158785e-04 0.0000000e+00 
9.9968337e-02 -5.8112189e-04 0.0000000e+00 
1.3383175e-01 3.2430876e-03 0.0000000e+00 
1.0001432e-01 4.6250387e-04 0.0000000e+00 
1.0019941e-01 1.0398192e-03 0.0000000e+00 
9.5943071e-02 -1.0126890e-03 0.0000000e+00 
1.1296467e-01 -1.6390339e-02 0.0000000e+00 
1.1922868e-01 -1.4927075e-02 0.0000000e+00 
1.1875515e-01 -9.1923876e-03 0.0000000e+00 
1.1918678e-01 1.4929561e-02 0.0000000e+00 
7.3673852e-02 7.7717449e-03 0.0000000e+00 
1.3751103e-01 -3.0294384e-03 0.0000000e+00 
1.1132674e-01 -5.4919716e-02 0.0000000e+00 
1.0020263e-01 -3.6563288e-04 0.0000000e+00 
9.9978358e-02 -3.2070035e-04 0.0000000e+00 
1.0011061e-01 -2.0532173e-04 0.0000000e+00 
9.9988639e-02 -1.7347903e-04 0.0000000e+00 
1.0006028e-01 -1.1081473e-04 0.0000000e+00 
1.0005067e-01 -3.8329800e-04 0.0000000e+00 
9.9724546e-02 -3.5756166e-04 0.0000000e+00 
9.9303752e-02 -1.3581713e-03 0.0000000e+00 
1.0007996e-01 -4.7257254e-05 0.0000000e+00 
1.0003012e-01 -5.7255264e-05 0.0000000e+00 
1.0001972e-01 -3.0904168e-05 0.0000000e+00 
9.9996403e-02 -4.7211681e-05 0.0000000e+00 
9.9571936e-02 7.1484521e-03 0.0000000e+00 
2.7200699e-02 1.7827009e-03 0.0000000e+00 
1.3517649e-01 3.2223761e-02 0.0000000e+00 
1.0134824e-01 -3.4792874e-02 0.0000000e+00 
1.1621782e-01 4.5442995e-02 0.0000000e+00 
9.9999934e-02 -1.2486001e-07 0.0000000e+00 
1.0154846e-01 8.6515193e-04 0.0000000e+00 
1.0125961e-01 2.0130163e-03 0.0000000e+00 
1.0069098e-01 1.1327107e-03 0.0000000e+00 
1.0018195e-01 1.7716165e-03 0.0000000e+00 
1.0005856e-01 9.8021864e-04 0.0000000e+00 
1.0040024e-01 3.1855428e-03 0.0000000e+00 
1.0242745e-01 3.6607115e-03 0.0000000e+00 
1.0038283e-01 6.2940974e-04 0.0000000e+00 
1.0005304e-01 5.3382455e-04 0.0000000e+00 
9.9718362e-02 6.6856161e-04 0.0000000e+00 
1.0026674e-01 -1.5509977e-04 0.0000000e+00 
9.9999942e-02 1.9722631e-07 0.0000000e+00 
1.0087185e-01 -4.8497508e-04 0.0000000e+00 
9.9999800e-02 1.0533498e-08 0.0000000e+00 
1.0000341e-01 5.8465657e-06 0.0000000e+00 
1.0000011e-01 8.9333416e-06 0.0000000e+00 
1.0000626e-01 1.0364935e-05 0.0000000e+00 
1.0000050e-01 1.5891668e-05 0.0000000e+00 
9.9993967e-02 1.0651718e-05 0.0000000e+00 
9.9989764e-02 1.9154879e-05 0.0000000e+00 
1.0000149e-01 2.8108849e-05 0.0000000e+00 
9.9982746e-02 3.4701225e-05 0.0000000e+00 
1.0000405e-01 4.9930226e-05 0.0000000e+00 
9.9971481e-02 6.3166524e-05 0.0000000e+00 
1.0001051e-01 8.8550500e-05 0.0000000e+00 
9.9953644e-02 1.1534850e-04 0.0000000e+00 
1.0002396e-01 1.5745194e-04 0.0000000e+00 
9.9924214e-02 2.0722962e-04 0.0000000e+00 
1.0004117e-01 2.8663661e-04 0.0000000e+00 
1.0012919e-01 1.7854151e-04 0.0000000e+00 
9.9921487e-02 5.7577021e-05 0.0000000e+00 
9.9985301e-02 8.8070092e-06 0.0000000e+00 
9.9996462e-02 5.8806963e-06 0.0000000e+00 
2.1298880e-02 5.0197518e-03 0.0000000e+00 
1.0000750e-01 -4.5076004e-06 0.0000000e+00 
1.0000610e-01 -1.0499105e-05 0.0000000e+00 
1.0000272e-01 -5.3767139e-06 0.0000000e+00 
1.0004665e-01 2.5141402e-05 0.0000000e+00 
1.0001474e-01 8.0946529e-06 0.0000000e+00 
1.0000116e-01 -7.1882556e-07 0.0000000e+00 
1.0000417e-01 -2.2605802e-06 0.0000000e+00 
9.9998102e-02 -3.5596211e-06 0.0000000e+00 
1.0000002e-01 -8.9967244e-07 0.0000000e+00 
1.0000024e-01 -2.3163675e-07 0.0000000e+00 
9.9993512e-02 -1.1649539e-05 0.0000000e+00 
1.0000011e-01 -1.7371873e-05 0.0000000e+00 
9.9997945e-02 3.2635915e-06 0.0000000e+00 
9.9999964e-02 9.0948794e-07 0.0000000e+00 
1.0000002e-01 -2.3037475e-07 0.0000000e+00 
9.6651785e-02 4.7347574e-03 0.0000000e+00 
9.5598765e-02 2.4762726e-03 0.0000000e+00 
9.9995270e-02 2.5074148e-06 0.0000000e+00 
1.0000054e-01 2.7760100e-07 0.0000000e+00 
1.0000028e-01 3.4233145e-07 0.0000000e+00 
1.0014733e-01 -9.3254820e-04 0.0000000e+00 
1.0086521e-01 4.8340033e-04 0.0000000e+00 
9.9998720e-02 -6.2503759e-08 0.0000000e+00 
9.9974416e-02 1.6296468e-05 0.0000000e+00 
6.3241221e-02 -5.5779316e-02 0.0000000e+00 
1.0825275e-01 3.5845075e-02 0.0000000e+00 
9.9999256e-02 -2.2512975e-08 0.0000000e+00 
4.6261199e-02 1.4721408e-02 0.0000000e+00 
2.9846663e-02 1.3564009e-02 0.0000000e+00 
-1.4200545e-03 2.8833838e-03 0.0000000e+00 
9.4130188e-02 3.6963090e-02 0.0000000e+00 
9.9863105e-02 1.0813105e-04 0.0000000e+00 
9.7759061e-02 2.4110954e-03 0.0000000e+00 
9.9999703e-02 -1.0386015e-07 0.0000000e+00 
9.9919960e-02 -1.0984433e-04 0.0000000e+00 
1.2263320e-01 3.7986696e-02 0.0000000e+00 
1.3665904e-01 -9.1692908e-03 0.0000000e+00 
9.9532433e-02 -9.0340163e-06 0.0000000e+00 
1.0508171e-01 -5.6179110e-03 0.0000000e+00 
1.2065364e-01 -4.5521874e-03 0.0000000e+00 
9.8407730e-02 -5.6094201e-03 0.0000000e+00 
1.2005673e-02 -5.4138694e-03 0.0000000e+00 
9.6355565e-02 4.4390853e-03 0.0000000e+00 
1.0000036e-01 6.3408697e-07 0.0000000e+00 
7.4722946e-02 -2.8924961e-02 0.0000000e+00 
9.4800204e-02 -9.4012786e-03 0.0000000e+00 
8.1092268e-03 -1.0207630e-03 0.0000000e+00 
1.0000824e-01 4.6457790e-06 0.0000000e+00 
1.2357645e-01 3.6201680e-03 0.0000000e+00 
9.9870861e-02 -9.6946856e-04 0.0000000e+00 
1.0034077e-01 -5.4963736e-04 0.0000000e+00 
9.9865377e-02 9.6383470e-04 0.0000000e+00 
1.0050876e-01 1.9060291e-03 0.0000000e+00 
6.1890643e-02 5.8851507e-03 0.0000000e+00 
1.3313243e-01 -3.3949591e-02 0.0000000e+00 
9.9997230e-02 -9.0321788e-05 0.0000000e+00 
8.6958014e-04 3.4432095e-03 0.0000000e+00 
1.0034361e-01 5.1727390e-04 0.0000000e+00 
1.0939859e-01 1.2098791e-02 0.0000000e+00 
1.0002544e-01 -1.3068801e-05 0.0000000e+00 
1.0000019e-01 1.7712986e-07 0.0000000e+00 
9.8968580e-02 6.6772150e-03 0.0000000e+00 
9.4422095e-02 1.3958414e-02 0.0000000e+00 
1.3033514e-01 1.0952388e-02 0.0000000e+00 
1.1291873e-01 -2.6295284e-02 0.0000000e+00 
8.8817179e-02 -2.9236713e-02 0.0000000e+00 
7.0008792e-02 -4.4639478e-03 0.0000000e+00 
9.1957919e-02 -5.6211285e-02 0.0000000e+00 
-9.1210345e-04 -2.5087832e-03 0.0000000e+00 
1.0000011e-01 -1.0453736e-07 0.0000000e+00 
1.0999560e-01 -3.5521843e-02 0.0000000e+00 
9.9999689e-02 9.5758466e-08 0.0000000e+00 
1.4218798e-01 -3.5756403e-03 0.0000000e+00 
1.0001110e-01 1.8193014e-05 0.0000000e+00 
1.2439618e-01 1.8202465e-02 0.0000000e+00 
1.0000148e-01 8.9546330e-07 0.0000000e+00 
9.9368177e-02 -2.1128824e-03 0.0000000e+00 
9.3370199e-02 4.9859593e-03 0.0000000e+00 
1.4301966e-01 1.2369208e-03 0.0000000e+00 
2.7464746e-02 -8.9699933e-03 0.0000000e+00 
1.3412644e-01 2.5962470e-05 0.0000000e+00 
9.9388346e-02 1.4130479e-03 0.0000000e+00 
1.3561955e-01 -1.4764532e-02 0.0000000e+00 
1.0028488e-01 1.4532465e-04 0.0000000e+00 
6.3859954e-02 -1.1734903e-02 0.0000000e+00 
1.0927786e-01 -7.8342911e-03 0.0000000e+00 
9.9970296e-02 -3.3818204e-05 0.0000000e+00 
8.3876826e-02 -3.0257547e-02 0.0000000e+00 
1.0280329e-01 -2.0758489e-03 0.0000000e+00 
1.0002007e-01 3.1824387e-05 0.0000000e+00 
9.6945383e-02 -1.1911356e-02 0.0000000e+00 
5.6354765e-02 5.3919882e-02 0.0000000e+00 
1.0694753e-01 1.1965861e-02 0.0000000e+00 
1.3794169e-01 1.3763989e-02 0.0000000e+00 
4.5361310e-02 -7.9004420e-03 0.0000000e+00 
1.4303212e-01 1.6470972e-03 0.0000000e+00 
1.2001240e-01 2.3294158e-02 0.0000000e+00 
1.4397992e-01 -9.5462436e-03 0.0000000e+00 
9.5301643e-02 1.3420790e-02 0.0000000e+00 
7.6175474e-02 1.5176116e-02 0.0000000e+00 
9.3016475e-02 -2.7210152e-02 0.0000000e+00 
1.0330666e-01 -1.7471971e-02 0.0000000e+00 
9.9095646e-03 3.4709214e-03 0.0000000e+00 
1.0861669e-01 3.2046391e-03 0.0000000e+00 
8.7013699e-02 2.8400311e-02 0.0000000e+00 
8.4541902e-02 2.6609106e-02 0.0000000e+00 
9.1246672e-02 2.8317941e-02 0.0000000e+00 
1.0022972e-01 3.3226260e-04 0.0000000e+00 
5.0212082e-02 -1.4907641e-02 0.0000000e+00 
1.1945626e-01 1.9998290e-02 0.0000000e+00 
1.1390628e-01 1.4019262e-02 0.0000000e+00 
1.3113779e-01 4.2077815e-03 0.0000000e+00 
9.9861503e-02 3.6822021e-04 0.0000000e+00 
1.2655261e-01 -1.9332550e-02 0.0000000e+00 
1.0207028e-01 -3.2049785e-03 0.0000000e+00 
1.2281903e-01 -3.8372013e-03 0.0000000e+00 
7.0555516e-02 2.5508596e-02 0.0000000e+00 
9.9526398e-02 -4.7724522e-04 0.0000000e+00 
1.2812291e-01 6.3378979e-03 0.0000000e+00 
1.0496749e-01 2.2785852e-03 0.0000000e+00 
2.9698577e-02 2.3594089e-02 0.0000000e+00 
9.3621641e-02 -1.2494348e-03 0.0000000e+00 
1.0003722e-01 5.6122197e-05 0.0000000e+00 
1.1010357e-01 1.7042542e-02 0.0000000e+00 
1.3831393e-01 -8.4104277e-03 0.0000000e+00 
7.7197261e-02 -5.9214137e-02 0.0000000e+00 
1.0001160e-01 -1.8136156e-05 0.0000000e+00 
9.9560134e-02 3.7428629e-04 0.0000000e+00 
3.1898901e-02 -7.1588703e-03 0.0000000e+00 
-1.3330425e-03 -2.1457763e-03 0.0000000e+00 
1.1925232e-01 -4.7592122e-02 0.0000000e+00 
1.2970977e-01 3.7644986e-02 0.0000000e+00 
9.5774435e-02 -4.1391160e-02 0.0000000e+00 
1.3062583e-01 -3.8906450e-03 0.0000000e+00 
4.8394263e-02 -1.8654902e-02 0.0000000e+00 
1.2163443e-01 -1.8836142e-02 0.0000000e+00 
1.0807729e-01 4.3461446e-02 0.0000000e+00 
3.4292072e-02 -3.3365641e-02 0.0000000e+00 
1.0000001e-01 3.0771974e-07 0.0000000e+00 
1.0006843e-01 9.7317221e-05 0.0000000e+00 
7.4305803e-02 2.2245571e-02 0.0000000e+00 
9.8216213e-02 9.3192151e-03 0.0000000e+00 
-3.6498192e-03 1.0049838e-03 0.0000000e+00 
5.0309982e-02 -6.2565566e-03 0.0000000e+00 
1.2299594e-01 -1.0809529e-02 0.0000000e+00 
9.9999711e-02 -9.4011948e-06 0.0000000e+00 
1.1316626e-02 8.2877381e-03 0.0000000e+00 
7.7279821e-02 -4.5085740e-03 0.0000000e+00 
8.5403211e-02 -7.0045111e-03 0.0000000e+00 
1.2200740e-01 6.3648908e-03 0.0000000e+00 
1.0135777e-01 1.9500322e-03 0.0000000e+00 
4.0789168e-02 4.1737631e-02 0.0000000e+00 
1.1318929e-01 -1.0328577e-02 0.0000000e+00 
1.0014772e-01 7.2743693e-05 0.0000000e+00 
-3.7724169e-03 -6.9501979e-04 0.0000000e+00 
9.3570277e-03 -6.4774007e-03 0.0000000e+00 
7.5784693e-03 5.8812491e-04 0.0000000e+00 
1.1529609e-01 -7.5258720e-03 0.0000000e+00 
9.9224083e-02 6.7726360e-04 0.0000000e+00 
1.0054667e-01 -1.4991470e-03 0.0000000e+00 
9.7974107e-02 -1.4938563e-03 0.0000000e+00 
7.3442668e-02 8.6314627e-04 0.0000000e+00 
8.7745339e-02 -1.2576647e-02 0.0000000e+00 
9.9999450e-02 -5.4342277e-06 0.0000000e+00 
9.9705845e-02 6.6857715e-04 0.0000000e+00 
1.3650058e-01 6.9455937e-03 0.0000000e+00 
2.5466828e-02 9.9256113e-03 0.0000000e+00 
8.7575458e-02 -3.7513565e-02 0.0000000e+00 
1.3682227e-01 -3.6392268e-03 0.0000000e+00 
1.0000752e-01 1.9170314e-02 0.0000000e+00 
7.4630253e-02 1.8024754e-02 0.0000000e+00 
9.9999532e-02 -7.2730688e-09 0.0000000e+00 
6.3216992e-02 -1.2749919e-02 0.0000000e+00 
1.0007327e-01 -1.7508098e-04 0.0000000e+00 
1.0060865e-01 -3.2153551e-02 0.0000000e+00 
1.0007291e-01 1.5517038e-04 0.0000000e+00 
9.9548340e-02 1.2527383e-03 0.0000000e+00 
1.0295299e-01 1.2908742e-02 0.0000000e+00 
1.0110519e-01 1.0012951e-02 0.0000000e+00 
1.4046329e-01 -7.6988577e-03 0.0000000e+00 
9.8164141e-02 -1.2818681e-02 0.0000000e+00 
9.9999852e-02 -1.7738228e-07 0.0000000e+00 
8.3662830e-02 5.3439550e-02 0.0000000e+00 
8.5345626e-02 2.0978197e-02 0.0000000e+00 
-1.9528845e-04 -1.6583356e-03 0.0000000e+00 
1.0000026e-01 7.8028862e-08 0.0000000e+00 
1.4010373e-01 -1.8604953e-05 0.0000000e+00 
1.0000196e-01 -2.5294605e-06 0.0000000e+00 
9.8954305e-02 4.0618149e-03 0.0000000e+00 
1.3438483e-01 -1.2763022e-02 0.0000000e+00 
1.0000006e-01 -5.2464603e-08 0.0000000e+00 
4.1676056e-02 1.9099450e-02 0.0000000e+00 
6.5498509e-02 -1.5323977e-02 0.0000000e+00 
1.0000192e-01 -2.8358401e-05 0.0000000e+00 
1.4252448e-02 -3.0152202e-03 0.0000000e+00 
1.2256742e-01 -2.2340832e-02 0.0000000e+00 
1.1667979e-01 1.1082315e-02 0.0000000e+00 
1.1689613e-01 -1.0541589e-02 0.0000000e+00 
1.1654729e-01 -3.5569753e-02 0.0000000e+00 
9.9304341e-02 2.3043605e-03 0.0000000e+00 
1.2571391e-01 1.4451480e-02 0.0000000e+00 
1.2160161e-01 -3.9151128e-02 0.0000000e+00 
1.3580613e-01 9.4233584e-03 0.0000000e+00 
1.2164471e-01 -7.1124779e-03 0.0000000e+00 
1.3794824e-02 -4.2714425e-03 0.0000000e+00 
1.0304258e-01 3.0624804e-03 0.0000000e+00 
7.1164638e-02 -2.6590196e-02 0.0000000e+00 
9.5405981e-02 2.2475444e-02 0.0000000e+00 
1.1037438e-01 1.5412305e-02 0.0000000e+00 
1.0059700e-01 1.2079099e-03 0.0000000e+00 
9.8736256e-02 -8.5006183e-04 0.0000000e+00 
1.0916401e-01 -6.0957805e-03 0.0000000e+00 
1.0127148e-01 -1.9304705e-03 0.0000000e+00 
1.0074893e-01 4.9591730e-03 0.0000000e+00 
1.0000103e-01 -1.5955987e-06 0.0000000e+00 
8.0865495e-02 -9.3026739e-03 0.0000000e+00 
4.1283839e-03 1.1697373e-03 0.0000000e+00 
1.2711069e-01 -3.4991331e-02 0.0000000e+00 
1.0940921e-01 6.9027594e-03 0.0000000e+00 
1.1130974e-01 -9.2560295e-03 0.0000000e+00 
1.3630609e-01 4.5629140e-04 0.0000000e+00 
9.8051876e-02 1.8307643e-02 0.0000000e+00 
1.0084089e-01 2.7798183e-02 0.0000000e+00 
9.8736353e-02 -3.5611333e-03 0.0000000e+00 
1.3820855e-01 1.4968076e-02 0.0000000e+00 
1.2080825e-01 6.6675553e-03 0.0000000e+00 
1.2025038e-01 2.1559447e-02 0.0000000e+00 
8.8294007e-02 -2.5225937e-02 0.0000000e+00 
1.0760543e-01 5.8205025e-03 0.0000000e+00 
8.9335531e-02 4.0651304e-03 0.0000000e+00 
9.9695675e-02 -7.0404261e-04 0.0000000e+00 
8.2705468e-02 -1.7179750e-02 0.0000000e+00 
1.0541199e-01 4.4389414e-03 0.0000000e+00 
1.0000011e-01 3.1272558e-07 0.0000000e+00 
1.0301604e-01 -1.4016282e-02 0.0000000e+00 
1.0584903e-01 -1.4654788e-02 0.0000000e+00 
1.2937078e-01 1.2416410e-02 0.0000000e+00 
9.4948210e-02 6.5226055e-04 0.0000000e+00 
1.1678948e-01 7.4065905e-03 0.0000000e+00 
9.7402938e-02 6.3361321e-03 0.0000000e+00 
1.0000049e-01 -8.5103130e-07 0.0000000e+00 
1.3292694e-01 -3.1483234e-03 0.0000000e+00 
2.2249857e-02 1.1675074e-02 0.0000000e+00 
1.4059055e-01 1.5838760e-03 0.0000000e+00 
1.9446263e-02 -1.1057140e-02 0.0000000e+00 
2.9898588e-02 -6.7439182e-03 0.0000000e+00 
1.2913999e-01 -2.1133290e-03 0.0000000e+00 
1.3768055e-01 -1.7751362e-02 0.0000000e+00 
PRESSURE 1 945  float
3.0439422e+00
0.0000000e+00
0.0000000e+00
3.0435565e+00
-3.9984162e+00
-4.1564469e+00
-4.6257629e+00
-5.2838769e+00
-5.9622207e+00
-6.6720786e+00
-7.2851825e+00
-7.5580497e+00
-7.3295512e+00
-6.1922283e+00
-4.2938828e+00
-1.5700672e+00
1.5378345e+00
4.5282259e+00
7.0291381e+00
8.8051023e+00
9.3451643e+00
8.8003960e+00
7.1413660e+00
4.5702434e+00
1.4943717e+00
-1.5665362e+00
-4.2079811e+00
-6.2062116e+00
-7.2346301e+00
-7.6400504e+00
-7.2803817e+00
-6.6401339e+00
-5.9718504e+00
-5.3101802e+00
-4.5997734e+00
-4.1388950e+00
3.0385787e+00
2.9811249e+00
2.8700016e+00
2.6778886e+00
2.3484461e+00
1.9225209e+00
1.3528861e+00
7.1592146e-01
6.8085156e-02
-5.1236147e-01
-8.5488772e-01
-1.0048640e+00
-9.4838357e-01
-7.5359231e-01
-4.8586202e-01
-2.9647970e-01
-1.5695693e-01
-9.0528078e-02
-4.7721166e-02
-2.4174763e-02
-1.2426415e-02
-5.8979476e-03
-3.4504824e-03
-1.0942321e-03
-7.0722034e-04
-2.6550470e-04
-1.1882762e-04
-3.2783468e-05
-2.9871103e-06
1.2372825e-05
1.3397372e-05
1.1887520e-05
8.4919466e-06
5.5103860e-06
1.8483728e-06
0.0000000e+00
0.0000000e+00
0.0000000e+00
0.0000000e+00
0.0000000e+00
0.0000000e+00
0.0000000e+00
0.0000000e+00
0.0000000e+00
-3.0560941e-06
-7.4525683e-06
-1.0864238e-05
-1.7014683e-05
-2.7054763e-05
-3.6110680e-05
-9.3178678e-05
-1.3801450e-04
-2.2023324e-04
-4.3217975e-04
-9.4109017e-04
-1.8249446e-03
-3.4637307e-03
-6.6973018e-03
-1.2924231e-02
-2.5037980e-02
-4.8741564e-02
-9.1776907e-02
-1.6272849e-01
-3.0110398e-01
-4.8935664e-01
-7.4614018e-01
-9.3983072e-01
-1.0129791e+00
-8.4146899e-01
-4.8706323e-01
6.8873577e-02
7.1850604e-01
1.3542821e+00
1.9209273e+00
2.3591781e+00
2.6783774e+00
2.8773968e+00
2.9839664e+00
3.0395188e+00
3.0621247e+00
3.1082132e+00
3.1630929e+00
3.2157414e+00
3.2353888e+00
3.2170401e+00
3.1662710e+00
3.1085792e+00
3.0624623e+00
8.5949535e+00
-2.0737505e-01
-3.8509724e-01
-7.2984095e-03
-1.6846944e-04
-3.3498389e-05
2.6159673e+00
-6.0128342e-02
2.5853176e+00
3.2334049e+00
-2.0827122e-03
-2.9946193e-02
3.2209882e-06
-1.6799034e-04
-8.9317787e-01
1.4867372e-06
-1.0478960e+00
1.0159144e+00
1.0381614e+00
-8.1086612e-01
8.4677313e-06
-7.9145241e-01
3.1900012e+00
-1.3250550e-06
-8.5322734e-04
-5.4964941e-04
-8.0188774e-03
-1.2691557e-05
3.1368918e+00
2.9578807e+00
1.3698028e-06
2.9635136e+00
-3.0505573e-06
3.8958101e-06
3.0806134e+00
-1.0414726e+00
-1.3063679e+00
-1.1720500e+00
-1.5545906e+00
-1.7096035e+00
-2.1201015e+00
-1.8053944e+00
-2.5719919e+00
-1.9997087e+00
-2.8258193e+00
-2.0805166e+00
-2.6429975e+00
-1.8891858e+00
-2.3261256e+00
-1.5373602e+00
-1.8842387e+00
-1.0672938e+00
-1.4134367e+00
-6.4777172e-01
-4.5591187e-01
-1.7389494e-01
-1.0292819e+00
-1.1634672e-01
1.0444089e-01
-5.4118662e+00
-4.3882289e+00
8.8576682e-02
1.9273546e-01
-2.2567751e+00
-1.3414484e+00
1.0480765e-01
9.5235154e-02
-1.7601405e+00
-1.5805229e+00
-4.0935345e+00
9.2035897e-02
9.6867852e-02
6.8706974e-02
4.0387101e-02
3.4544159e-02
2.6739506e-02
2.0759551e-02
-2.4099598e+00
-2.1912589e+00
-1.5478349e+00
-2.9082606e+00
-2.6978304e+00
-3.2943790e+00
-2.9998162e+00
-3.6207852e+00
-3.0829761e+00
-3.6201839e+00
-2.4684467e+00
-2.9823651e+00
-3.3898721e+00
-5.8735676e+00
-4.8660145e+00
1.2326662e-02
1.0787692e-02
9.2439102e-03
6.6926498e-03
-2.6852436e+00
-2.9766867e+00
4.2478569e-02
3.6237291e-03
3.1839232e-03
2.1022982e-03
1.7000961e-03
-3.2368233e+00
9.7277056e-04
8.2351104e-04
4.5927853e-04
3.6474288e-04
-2.4647000e+00
1.1792970e-04
1.9438851e-04
1.2971609e-04
1.0456562e-04
2.1004047e-05
4.2599353e-05
-3.8436754e+00
-3.1653299e+00
-6.9722695e+00
3.8450081e-02
6.8914257e-02
-3.1685503e+00
-8.8128120e-02
4.8119164e-06
1.7744829e-05
7.1710934e-07
6.7944702e-06
1.7868686e-05
8.6752816e-06
7.5112890e-05
-1.4786291e+00
-2.2924747e+00
-1.9587385e-06
5.1253586e-04
-2.3404000e+00
3.7210896e-03
2.2219049e-02
-4.0163279e+00
-3.1881278e+00
-2.4803629e+00
-2.3043811e+00
-3.1398604e+00
-1.9181967e+00
-1.3523954e-01
-2.4822316e+00
-1.3157579e+00
-4.9895539e+00
-1.0414276e+00
-4.1823384e-01
-5.1692504e-01
3.0170792e-01
5.5478275e-01
1.0775732e+00
1.5214909e+00
5.3117123e+00
1.7906691e+00
2.3511846e+00
2.3911483e+00
2.9224896e+00
2.8280072e+00
3.3529019e+00
3.0984917e+00
3.5007665e+00
3.8905237e+00
3.8676910e+00
4.2898560e+00
4.1121731e+00
4.5060134e+00
4.1844611e+00
4.4928088e+00
4.1071644e+00
4.2750931e+00
3.9194205e+00
3.5494556e+00
3.9344745e+00
4.3746605e+00
3.8426363e+00
4.1200204e+00
7.4515343e+00
3.5423334e+00
3.5358636e+00
3.8794451e+00
3.6744297e+00
3.0428698e+00
2.8606677e+00
2.7794702e+00
2.4390712e+00
2.0615594e+00
-6.2160988e+00
-2.7075574e+00
3.0860329e+00
3.0056498e+00
4.7472920e+00
2.3995042e+00
4.8529797e+00
1.7782832e+00
1.1513307e+00
2.1487682e+00
3.4083161e+00
3.6692975e+00
3.4548159e+00
3.4777241e+00
3.3242435e+00
-3.4177077e-01
-8.3738166e-01
1.1184108e+00
4.0843168e-01
2.2936887e-01
-5.5278665e-01
-1.1399878e-01
-9.5671898e-01
-1.6726607e+00
-6.9300470e+00
-4.8647001e-01
-1.8396174e+00
-2.9320588e+00
1.3726941e+00
1.0117297e+00
-3.5095720e+00
1.5229122e-05
8.7366188e-06
-4.0797391e+00
1.0329843e-02
-4.5630283e+00
-2.6620913e+00
-1.9097996e+00
-3.7271936e+00
3.2225223e+00
-2.6888328e+00
1.8468910e-03
4.3213950e-06
-3.7664006e+00
-3.0849812e+00
3.8931903e-04
-4.5838304e+00
-4.9197841e+00
-2.8284365e-01
4.9246069e-06
-1.7669160e+00
-3.3044887e+00
-4.2540388e+00
-3.7102606e+00
-4.4477949e+00
1.8250270e-04
3.3419919e+00
3.4342685e+00
2.0554245e-01
-1.5779650e-01
3.1577213e+00
2.5845331e-01
5.4939924e-06
-4.7612486e+00
1.2938217e-05
1.8400155e-05
-4.6686678e-06
-1.0690153e-05
-3.8077826e+00
-2.2304444e+00
-2.4895761e+00
-5.2847054e-06
-7.3544434e-06
-3.8932559e+00
-4.4189210e+00
-5.0631638e+00
-4.7098236e+00
-5.2422633e+00
-4.7964234e+00
-4.4142895e+00
-4.4160991e+00
3.0151935e+00
3.0103002e+00
1.2091720e-05
-4.0890179e+00
-4.0432773e+00
-4.3071942e+00
-3.9273527e+00
-2.1485253e-06
-5.5762396e+00
2.3425424e-01
-8.2122451e-01
-8.0581349e-01
-4.1955223e-06
-4.4168073e-01
3.3214984e+00
3.3554540e+00
3.2563174e+00
3.5005004e+00
3.3495023e+00
3.4281411e+00
3.2767372e+00
3.3019686e+00
3.1481090e+00
3.0766523e+00
3.1701224e+00
-4.1253181e+00
-3.7643561e+00
-3.5309181e+00
-3.9386387e+00
-3.6428194e+00
2.4640381e-06
2.9804282e+00
1.3313419e-01
-3.8467777e+00
-3.6178203e+00
-3.9107344e+00
-3.6783752e+00
-4.0193982e+00
-5.4284768e+00
-2.9415228e+00
-1.0425444e+00
-8.0657625e-01
-9.3644136e-01
-1.7951190e+00
-1.9093137e+00
3.2774985e+00
-4.8670969e+00
-5.1974678e+00
-4.8370252e+00
-5.2395339e+00
-5.7035751e+00
-3.2957025e+00
-5.7862730e+00
-1.4023337e-05
-8.9873856e-06
-4.0195851e+00
-4.7783608e+00
-5.0072527e+00
-4.5897160e+00
-4.6958780e+00
-4.3472252e+00
-4.2032008e+00
2.5773797e-06
5.4203597e-06
-4.2157726e+00
3.0339801e+00
3.1288404e+00
-4.1653605e+00
-2.9443152e+00
-3.7846510e+00
-3.8886411e+00
-2.3750727e+00
-3.5696228e+00
-1.7629666e+00
-4.8361969e+00
4.5634933e+00
5.2404480e+00
5.3431411e+00
5.9316111e+00
5.8200240e+00
6.6420550e+00
6.4241881e+00
7.2146358e+00
6.6335173e+00
5.9876714e+00
5.9595065e+00
6.3732009e+00
5.5656176e+00
5.6171880e+00
4.8604784e+00
4.5076118e+00
4.8196049e+00
6.5349770e+00
6.3569646e+00
5.2900834e+00
5.4595833e+00
4.2384381e+00
4.0024605e+00
3.3154814e+00
3.5360010e+00
2.1307077e+00
2.2588549e+00
4.3630204e+00
3.3507397e+00
2.6636381e+00
2.0610278e+00
8.6104357e-01
7.3788816e-01
1.7770424e+00
-4.4907370e+00
-2.6305499e+00
2.6476128e+00
-9.5286232e-06
7.1570808e-01
-2.7677226e+00
-1.0850140e+00
-3.2237380e+00
3.1494301e-02
5.5166907e+00
-1.3908263e-01
-6.6016312e+00
-6.9133840e+00
-5.3087654e+00
-4.8222857e+00
-4.1148338e+00
7.3990469e+00
2.8147142e+00
2.8946710e+00
2.5949471e+00
-6.9053583e+00
-6.3616891e+00
-2.1566465e+00
-2.6022968e+00
2.7859921e+00
2.7060409e+00
-5.0478930e+00
2.1508930e+00
8.4133673e+00
-4.0167937e+00
-2.9727457e+00
9.5788710e-06
-2.8180301e+00
7.5885046e-01
4.9906015e+00
4.7256742e+00
-1.3693905e+00
-1.5291336e+00
4.4363012e+00
3.9255738e+00
-3.9161663e+00
-1.1407937e+00
2.2219870e+00
1.6518108e+00
1.2301353e-05
2.5583746e-05
2.2243807e+00
2.9808781e+00
2.5367682e+00
2.3103564e+00
3.3362982e+00
2.0607109e+00
1.8343350e+00
1.4518760e+00
-9.1668773e-01
-9.3171299e-01
-6.7034417e-01
-6.4584410e-01
-3.3466029e-01
-5.3348362e-01
-1.8799666e-01
-1.7661880e-01
-6.4470664e-02
-7.6427177e-02
-1.4616813e-01
-1.0575345e+00
-1.1669061e+00
-8.7507248e-01
-1.3177127e+00
-8.7805462e-01
-6.3554531e-01
-5.4705358e-01
-7.5311249e-01
-3.7693101e-01
-5.6931072e-01
-2.6410234e-01
-9.5849536e-02
-1.3376762e-01
-1.1407764e+00
-1.2604670e-02
-5.2663252e-02
-1.2925348e+00
-1.0587187e+00
-1.3466805e+00
-1.5677925e+00
6.2899321e-02
-1.7133297e+00
9.4894454e-02
-9.0011168e-01
-3.0270645e-01
-4.5801026e-01
9.6458250e-01
2.1795044e+00
1.6445394e+00
5.1972713e+00
7.2498088e+00
-1.3709231e-01
-8.3767462e-01
-7.7688903e-01
-3.7933248e-01
-6.0814005e-01
2.5638609e+00
2.8352427e+00
3.2342021e+00
2.8199787e+00
7.4327855e+00
-3.9545420e-01
-4.7232571e+00
3.1917908e+00
2.4799480e+00
-3.0643994e-01
-4.8289986e+00
9.7464326e-06
-6.3834143e+00
-6.5605841e+00
-6.3700948e+00
-5.7323604e+00
-2.0004140e-01
1.7011690e+00
1.6115929e+00
-2.7981608e+00
-5.1042719e+00
-1.1247574e-01
-6.1038230e-02
-2.6298454e-02
-1.1846074e-02
-4.1709230e-03
9.2082075e-04
-3.0159350e-03
2.0077430e-02
-5.5852324e-02
-6.7865420e-03
5.6789280e-04
-1.0804293e+00
3.1339531e+00
3.0918438e+00
3.6098280e+00
1.6204984e+00
8.8865519e-01
9.7572428e-01
8.8572127e-01
5.4787760e+00
-1.6927674e+00
-8.4955853e-01
-2.9750257e-03
6.3534011e-04
-1.6510064e-03
1.7803819e-04
-8.1613398e-04
3.0806930e+00
3.1073559e-03
1.3724024e-02
-1.1075146e-03
-4.6872132e-04
-2.1454335e-04
-1.9619915e-06
3.1750610e+00
8.0390196e+00
-1.5979419e+00
2.4274457e+00
2.8303421e-01
-9.1954212e-07
-2.8531825e-02
-2.4850624e-02
-1.2771362e-02
-3.6662812e-03
-6.8456476e-04
-9.3828328e-03
-5.9094172e-02
-6.2175477e-03
-2.3507161e-04
5.8786138e-03
-4.1042664e-03
1.0400308e-06
-1.5726795e-02
5.3718418e-07
7.7276654e-06
3.4553399e-05
-9.2212040e-06
5.1946387e-05
7.9300858e-05
1.3964622e-04
6.7133202e-05
2.5163568e-04
7.1733077e-05
4.3855023e-04
-7.9494812e-06
7.5142295e-04
-1.8919274e-04
1.3868071e-03
-4.5660447e-04
-1.7786936e-03
1.0250222e-03
1.3000183e-04
4.7256239e-05
-5.2527056e+00
-1.0719355e-04
-1.0719116e-04
-4.9898419e-05
-3.8334887e-04
-6.1108454e-05
-2.3532602e-05
-5.2675467e-05
-1.1753476e-05
-9.3011668e-06
-9.4418983e-06
1.1103167e-05
-1.1439445e-04
2.6721300e-05
8.7887665e-06
-4.0449004e-06
3.5184813e+00
3.6370645e+00
3.5649391e-05
6.3980629e-06
4.9746973e-06
3.0959013e+00
-1.4803649e-02
2.2806191e-06
2.6379994e-04
3.7233260e+00
-4.3867035e+00
-1.9057363e-07
-3.6987686e+00
-3.2604456e+00
-4.3739729e+00
3.1009948e+00
1.9383245e-03
4.1965365e-02
-1.4360994e-06
7.9040334e-04
-1.1962111e-01
-1.3501147e+00
3.2762737e+00
-1.2693474e-01
-6.5591305e-01
2.7153512e-02
-3.7841141e+00
5.8076296e-02
6.9332636e-06
4.9938469e+00
3.6461778e+00
-4.3689494e+00
-1.6817305e-05
3.6376017e-01
3.1798847e+00
3.0295959e+00
3.1777067e+00
3.0579464e+00
-6.2166171e+00
-1.4169632e+00
9.0059675e-06
-3.3384674e+00
3.0283606e+00
2.0520473e+00
-2.7267038e-04
1.6050028e-06
8.4849475e-03
7.1429810e-03
-1.2950417e+00
-1.7519996e+00
-1.6940463e+00
5.7246490e+00
-9.4265991e-01
-3.3227458e+00
-4.3497198e-06
1.5099348e+00
1.3009620e-07
-2.1338620e+00
-4.5055047e-05
2.2744019e-01
1.0846617e-05
3.2319570e+00
3.8424375e+00
-2.4460998e+00
-3.9662979e+00
-1.2359493e+00
3.2477760e+00
-1.2111647e+00
-3.7797343e-03
-9.2581473e-02
-2.6641196e-01
1.6274619e-04
4.2447553e+00
-5.6378860e+00
-1.4903641e-04
3.4108343e+00
4.1144738e+00
-5.7200069e+00
-1.4890908e+00
-4.1297799e-01
-2.8082519e+00
-1.5515131e+00
-2.4919312e+00
-4.2784867e+00
5.1955271e+00
-2.3206038e+00
2.6755350e+00
-5.9317784e+00
-2.0133850e-01
-1.2291447e+00
4.2961550e+00
3.6663795e+00
-3.3796628e-03
-3.7927890e+00
7.8753763e-01
1.5227832e+00
-6.6329682e-01
2.7386490e-03
-2.5047231e+00
2.8748939e+00
4.7009808e-01
-8.4320039e-01
3.2583728e+00
-2.2201850e-01
-1.0694619e-01
7.5642891e+00
3.8145537e+00
-3.5252667e-04
1.9233295e+00
-2.0554416e+00
1.4057026e+00
-1.7652359e-04
7.0869420e-03
-5.4939456e+00
-4.1886344e+00
-3.5723090e-01
-1.1127263e+00
2.7893300e+00
-6.3302976e-01
-9.6003020e-01
5.4158914e-01
1.3796506e+00
6.8911500e+00
4.9576433e-06
-8.1032416e-04
-3.6695701e-01
3.2956409e+00
-3.9999692e+00
-6.3254261e+00
4.5078132e-01
-2.0375106e-05
-3.1062272e+00
5.2065692e+00
1.3188589e-01
-5.0306420e+00
2.9444771e+00
6.1695957e+00
-4.0389350e-01
-1.6681193e-03
-4.0137491e+00
-3.4147222e+00
-4.9126515e+00
1.4090255e+00
1.2600390e-02
3.0372033e+00
3.7661001e-02
5.4783750e+00
-4.4527359e+00
-2.9149382e-05
3.2282922e+00
-3.3639221e+00
-3.7022793e+00
3.6497097e+00
-1.4440738e+00
-3.5012243e+00
-3.7330916e+00
-3.0806211e-07
-4.3893433e+00
3.0518043e+00
-4.7459407e+00
3.0509679e+00
9.0597495e-03
2.7742789e+00
2.9831073e+00
-1.8689758e+00
-6.0049601e+00
-2.8000056e-06
-9.5237571e-01
4.4064207e+00
-2.9515309e+00
1.3809665e-06
-1.9349266e+00
-4.5861267e-05
2.4359934e-02
-1.8284441e+00
-2.3734442e-06
-2.6772921e+00
-4.0218234e+00
-1.5896255e-04
-5.1342139e+00
-1.9458507e+00
1.2246289e+00
-5.3930092e+00
7.2251052e-01
1.7693881e-02
-1.1029267e+00
-4.4525988e-02
-1.2316006e+00
6.2011909e-01
-4.1083851e+00
2.7746861e+00
-2.1055555e+00
3.3524511e+00
-3.7659943e+00
3.0213664e+00
1.8337218e-02
2.1130533e+00
2.9521608e+00
-2.1531086e-02
-3.6858171e-05
4.8911014e+00
-4.6763878e+00
-5.5536276e-01
-2.6510653e-01
-4.3573947e+00
-1.4696152e+00
-1.3852483e-01
-9.5103478e-01
3.1570736e-02
-4.1730003e+00
7.2723180e-01
-1.1446413e+00
3.9991896e+00
-5.6044130e+00
-5.6142626e+00
3.2253482e+00
-5.5284314e-02
2.5198386e+00
1.9749930e-06
2.7629576e+00
2.4404523e+00
-3.3314199e+00
3.6920564e+00
1.2236048e+00
3.4022675e+00
-1.4648111e-05
-9.8189300e-01
-2.0108526e+00
-3.3585656e+00
-3.0486238e+00
-5.9938865e+00
-4.4384366e-01
-4.2047997e+00
CELL_DATA 1766
FIELD FieldData 0
