# vtk DataFile Version 4.0
vtk output
ASCII
DATASET UNSTRUCTURED_GRID
POINTS 945 float
0.0000000e+00 0.0000000e+00 0.0000000e+00 
2.0000000e+00 0.0000000e+00 0.0000000e+00 
2.0000000e+00 6.0000002e-01 0.0000000e+00 
0.0000000e+00 6.0000002e-01 0.0000000e+00 
5.6000000e-01 3.0000001e-01 0.0000000e+00 
5.5884713e-01 2.8829461e-01 0.0000000e+00 
5.5543280e-01 2.7703899e-01 0.0000000e+00 
5.4988819e-01 2.6666579e-01 0.0000000e+00 
5.4242641e-01 2.5757360e-01 0.0000000e+00 
5.3333420e-01 2.5011179e-01 0.0000000e+00 
5.2296102e-01 2.4456720e-01 0.0000000e+00 
5.1170540e-01 2.4115290e-01 0.0000000e+00 
5.0000000e-01 2.3999999e-01 0.0000000e+00 
4.8829460e-01 2.4115290e-01 0.0000000e+00 
4.7703901e-01 2.4456720e-01 0.0000000e+00 
4.6666580e-01 2.5011179e-01 0.0000000e+00 
4.5757359e-01 2.5757360e-01 0.0000000e+00 
4.5011181e-01 2.6666579e-01 0.0000000e+00 
4.4456720e-01 2.7703899e-01 0.0000000e+00 
4.4115290e-01 2.8829461e-01 0.0000000e+00 
4.4000000e-01 3.0000001e-01 0.0000000e+00 
4.4115290e-01 3.1170541e-01 0.0000000e+00 
4.4456720e-01 3.2296100e-01 0.0000000e+00 
4.5011181e-01 3.3333421e-01 0.0000000e+00 
4.5757359e-01 3.4242639e-01 0.0000000e+00 
4.6666580e-01 3.4988821e-01 0.0000000e+00 
4.7703901e-01 3.5543281e-01 0.0000000e+00 
4.8829460e-01 3.5884711e-01 0.0000000e+00 
5.0000000e-01 3.6000001e-01 0.0000000e+00 
5.1170540e-01 3.5884711e-01 0.0000000e+00 
5.2296102e-01 3.5543281e-01 0.0000000e+00 
5.3333420e-01 3.4988821e-01 0.0000000e+00 
5.4242641e-01 3.4242639e-01 0.0000000e+00 
5.4988819e-01 3.3333421e-01 0.0000000e+00 
5.5543280e-01 3.2296100e-01 0.0000000e+00 
5.5884713e-01 3.1170541e-01 0.0000000e+00 
5.9016321e-02 0.0000000e+00 0.0000000e+00 
1.1803260e-01 0.0000000e+00 0.0000000e+00 
1.7704900e-01 0.0000000e+00 0.0000000e+00 
2.3587100e-01 0.0000000e+00 0.0000000e+00 
2.9085249e-01 0.0000000e+00 0.0000000e+00 
3.4144861e-01 0.0000000e+00 0.0000000e+00 
3.8872591e-01 0.0000000e+00 0.0000000e+00 
4.3368599e-01 0.0000000e+00 0.0000000e+00 
4.7725680e-01 0.0000000e+00 0.0000000e+00 
5.2034539e-01 0.0000000e+00 0.0000000e+00 
5.6386721e-01 0.0000000e+00 0.0000000e+00 
6.0872579e-01 0.0000000e+00 0.0000000e+00 
6.5584701e-01 0.0000000e+00 0.0000000e+00 
7.0623368e-01 0.0000000e+00 0.0000000e+00 
7.6094180e-01 0.0000000e+00 0.0000000e+00 
8.1967372e-01 0.0000000e+00 0.0000000e+00 
8.7868989e-01 0.0000000e+00 0.0000000e+00 
9.3770629e-01 0.0000000e+00 0.0000000e+00 
9.9672258e-01 0.0000000e+00 0.0000000e+00 
1.0557390e+00 0.0000000e+00 0.0000000e+00 
1.1147550e+00 0.0000000e+00 0.0000000e+00 
1.1737720e+00 0.0000000e+00 0.0000000e+00 
1.2327880e+00 0.0000000e+00 0.0000000e+00 
1.2918040e+00 0.0000000e+00 0.0000000e+00 
1.3508210e+00 0.0000000e+00 0.0000000e+00 
1.4098370e+00 0.0000000e+00 0.0000000e+00 
1.4688530e+00 0.0000000e+00 0.0000000e+00 
1.5278690e+00 0.0000000e+00 0.0000000e+00 
1.5868860e+00 0.0000000e+00 0.0000000e+00 
1.6459020e+00 0.0000000e+00 0.0000000e+00 
1.7049180e+00 0.0000000e+00 0.0000000e+00 
1.7639350e+00 0.0000000e+00 0.0000000e+00 
1.8229510e+00 0.0000000e+00 0.0000000e+00 
1.8819669e+00 0.0000000e+00 0.0000000e+00 
1.9409840e+00 0.0000000e+00 0.0000000e+00 
2.0000000e+00 5.9999999e-02 0.0000000e+00 
2.0000000e+00 1.2000000e-01 0.0000000e+00 
2.0000000e+00 1.8000001e-01 0.0000000e+00 
2.0000000e+00 2.3999999e-01 0.0000000e+00 
2.0000000e+00 3.0000001e-01 0.0000000e+00 
2.0000000e+00 3.6000001e-01 0.0000000e+00 
2.0000000e+00 4.1999999e-01 0.0000000e+00 
2.0000000e+00 4.7999999e-01 0.0000000e+00 
2.0000000e+00 5.4000002e-01 0.0000000e+00 
1.9409840e+00 6.0000002e-01 0.0000000e+00 
1.8819669e+00 6.0000002e-01 0.0000000e+00 
1.8229510e+00 6.0000002e-01 0.0000000e+00 
1.7639350e+00 6.0000002e-01 0.0000000e+00 
1.7049180e+00 6.0000002e-01 0.0000000e+00 
1.6459020e+00 6.0000002e-01 0.0000000e+00 
1.5868860e+00 6.0000002e-01 0.0000000e+00 
1.5278690e+00 6.0000002e-01 0.0000000e+00 
1.4688530e+00 6.0000002e-01 0.0000000e+00 
1.4098370e+00 6.0000002e-01 0.0000000e+00 
1.3508210e+00 6.0000002e-01 0.0000000e+00 
1.2918040e+00 6.0000002e-01 0.0000000e+00 
1.2327880e+00 6.0000002e-01 0.0000000e+00 
1.1737720e+00 6.0000002e-01 0.0000000e+00 
1.1147550e+00 6.0000002e-01 0.0000000e+00 
1.0557390e+00 6.0000002e-01 0.0000000e+00 
9.9672258e-01 6.0000002e-01 0.0000000e+00 
9.3770629e-01 6.0000002e-01 0.0000000e+00 
8.7868989e-01 6.0000002e-01 0.0000000e+00 
8.1967372e-01 6.0000002e-01 0.0000000e+00 
7.6094180e-01 6.0000002e-01 0.0000000e+00 
7.0623368e-01 6.0000002e-01 0.0000000e+00 
6.5584701e-01 6.0000002e-01 0.0000000e+00 
6.0872579e-01 6.0000002e-01 0.0000000e+00 
5.6386721e-01 6.0000002e-01 0.0000000e+00 
5.2034539e-01 6.0000002e-01 0.0000000e+00 
4.7725680e-01 6.0000002e-01 0.0000000e+00 
4.3368599e-01 6.0000002e-01 0.0000000e+00 
3.8872591e-01 6.0000002e-01 0.0000000e+00 
3.4144861e-01 6.0000002e-01 0.0000000e+00 
2.9085249e-01 6.0000002e-01 0.0000000e+00 
2.3587100e-01 6.0000002e-01 0.0000000e+00 
1.7704900e-01 6.0000002e-01 0.0000000e+00 
1.1803260e-01 6.0000002e-01 0.0000000e+00 
5.9016321e-02 6.0000002e-01 0.0000000e+00 
0.0000000e+00 5.4000002e-01 0.0000000e+00 
0.0000000e+00 4.7999999e-01 0.0000000e+00 
0.0000000e+00 4.1999999e-01 0.0000000e+00 
0.0000000e+00 3.6000001e-01 0.0000000e+00 
0.0000000e+00 3.0000001e-01 0.0000000e+00 
0.0000000e+00 2.3999999e-01 0.0000000e+00 
0.0000000e+00 1.8000001e-01 0.0000000e+00 
0.0000000e+00 1.2000000e-01 0.0000000e+00 
0.0000000e+00 5.9999999e-02 0.0000000e+00 
4.3026751e-01 3.0683401e-01 0.0000000e+00 
8.4908241e-01 5.5269438e-01 0.0000000e+00 
7.8790653e-01 5.1802918e-02 0.0000000e+00 
1.1430219e+00 5.0576471e-02 0.0000000e+00 
1.4415160e+00 5.0573289e-02 0.0000000e+00 
1.6754100e+00 5.5038619e-01 0.0000000e+00 
2.6041579e-01 5.2875768e-02 0.0000000e+00 
9.6895182e-01 5.0380111e-02 0.0000000e+00 
2.6302171e-01 5.5612308e-01 0.0000000e+00 
5.5065349e-02 2.6500449e-01 0.0000000e+00 
1.2615570e+00 5.4759312e-01 0.0000000e+00 
1.0253479e+00 5.4886931e-01 0.0000000e+00 
1.6201590e+00 5.4130111e-02 0.0000000e+00 
1.4979730e+00 5.5115038e-01 0.0000000e+00 
6.7900127e-01 5.5979192e-01 0.0000000e+00 
1.9463980e+00 2.6800990e-01 0.0000000e+00 
6.3145077e-01 3.8099781e-02 0.0000000e+00 
4.1331020e-01 5.6811810e-01 0.0000000e+00 
4.1231820e-01 3.8809739e-02 0.0000000e+00 
5.4410732e-01 5.6000441e-01 0.0000000e+00 
1.7962800e+00 5.9606131e-02 0.0000000e+00 
5.4468262e-01 3.7558820e-02 0.0000000e+00 
4.9130220e-02 3.9247900e-01 0.0000000e+00 
1.9509200e+00 3.8997239e-01 0.0000000e+00 
1.3233820e+00 4.9667731e-02 0.0000000e+00 
1.3821890e+00 5.4839480e-01 0.0000000e+00 
1.1434870e+00 5.4837209e-01 0.0000000e+00 
1.7959980e+00 5.4855859e-01 0.0000000e+00 
4.9401909e-02 1.5067521e-01 0.0000000e+00 
1.4989950e-01 5.5529898e-01 0.0000000e+00 
1.9519399e+00 1.5339760e-01 0.0000000e+00 
1.4754079e-01 5.1025499e-02 0.0000000e+00 
1.9506550e+00 5.1069498e-01 0.0000000e+00 
1.9114760e+00 5.1109631e-02 0.0000000e+00 
4.9216151e-02 5.0927132e-01 0.0000000e+00 
5.8710063e-01 3.6655251e-02 0.0000000e+00 
6.0428280e-01 7.4787550e-02 0.0000000e+00 
6.4929068e-01 7.4443869e-02 0.0000000e+00 
6.2715179e-01 1.0633790e-01 0.0000000e+00 
5.9329480e-01 1.0799770e-01 0.0000000e+00 
6.0949302e-01 1.3488390e-01 0.0000000e+00 
6.4123279e-01 1.3555969e-01 0.0000000e+00 
6.2006623e-01 1.6328260e-01 0.0000000e+00 
6.5316749e-01 1.6381399e-01 0.0000000e+00 
6.3351321e-01 1.8958050e-01 0.0000000e+00 
6.6427898e-01 1.8941709e-01 0.0000000e+00 
6.4933020e-01 2.1180780e-01 0.0000000e+00 
6.7645937e-01 2.1359310e-01 0.0000000e+00 
6.6097301e-01 2.3410480e-01 0.0000000e+00 
6.8796802e-01 2.3757669e-01 0.0000000e+00 
6.7103261e-01 2.5876111e-01 0.0000000e+00 
6.9990993e-01 2.6214910e-01 0.0000000e+00 
6.8101048e-01 2.8387409e-01 0.0000000e+00 
7.1248281e-01 2.8716281e-01 0.0000000e+00 
7.2971261e-01 2.6349890e-01 0.0000000e+00 
7.4486363e-01 2.9076719e-01 0.0000000e+00 
6.9556361e-01 3.0985960e-01 0.0000000e+00 
7.6406652e-01 2.6318431e-01 0.0000000e+00 
7.8114778e-01 2.9619500e-01 0.0000000e+00 
5.5403137e-01 2.5565761e-01 0.0000000e+00 
5.6691158e-01 2.7902979e-01 0.0000000e+00 
8.0246252e-01 2.6402649e-01 0.0000000e+00 
8.2167560e-01 3.0103979e-01 0.0000000e+00 
5.7978672e-01 1.3316999e-01 0.0000000e+00 
6.9627529e-01 1.8651520e-01 0.0000000e+00 
8.4832448e-01 2.6130950e-01 0.0000000e+00 
8.6857778e-01 3.0716091e-01 0.0000000e+00 
6.6883779e-01 3.0851370e-01 0.0000000e+00 
6.8001598e-01 3.3176759e-01 0.0000000e+00 
5.6956083e-01 3.0685109e-01 0.0000000e+00 
8.9643359e-01 2.6652190e-01 0.0000000e+00 
9.1803229e-01 3.1445420e-01 0.0000000e+00 
9.4838840e-01 2.6944679e-01 0.0000000e+00 
9.7196358e-01 3.1528941e-01 0.0000000e+00 
1.0020620e+00 2.7188951e-01 0.0000000e+00 
1.0263140e+00 3.1974381e-01 0.0000000e+00 
1.0557370e+00 2.7577680e-01 0.0000000e+00 
6.5179992e-01 3.3081001e-01 0.0000000e+00 
6.6418201e-01 3.5163379e-01 0.0000000e+00 
6.8745148e-01 3.5866591e-01 0.0000000e+00 
6.4083183e-01 3.5175639e-01 0.0000000e+00 
6.5020132e-01 3.7057751e-01 0.0000000e+00 
6.2925631e-01 3.6861771e-01 0.0000000e+00 
6.3750827e-01 3.8906679e-01 0.0000000e+00 
6.1479098e-01 3.8505989e-01 0.0000000e+00 
6.2451601e-01 4.0700281e-01 0.0000000e+00 
6.0271370e-01 4.0461549e-01 0.0000000e+00 
6.4791143e-01 4.1049060e-01 0.0000000e+00 
6.1149168e-01 4.2533240e-01 0.0000000e+00 
5.8940130e-01 4.2314041e-01 0.0000000e+00 
5.4590571e-01 3.5405469e-01 0.0000000e+00 
5.5933821e-01 3.3214769e-01 0.0000000e+00 
1.0820900e+00 3.2265610e-01 0.0000000e+00 
1.1129040e+00 2.7988619e-01 0.0000000e+00 
1.1385900e+00 3.3131590e-01 0.0000000e+00 
1.1718310e+00 2.8342861e-01 0.0000000e+00 
5.9854919e-01 4.4447681e-01 0.0000000e+00 
5.7566178e-01 4.4153079e-01 0.0000000e+00 
8.0048358e-01 3.3398119e-01 0.0000000e+00 
1.1962050e+00 3.3624330e-01 0.0000000e+00 
1.2286429e+00 2.8668931e-01 0.0000000e+00 
1.2540359e+00 3.3862561e-01 0.0000000e+00 
1.2863950e+00 2.8994620e-01 0.0000000e+00 
6.1140192e-01 1.8628950e-01 0.0000000e+00 
1.3121480e+00 3.4238011e-01 0.0000000e+00 
1.3446890e+00 2.9366851e-01 0.0000000e+00 
1.3705840e+00 3.4558439e-01 0.0000000e+00 
1.4032860e+00 2.9774809e-01 0.0000000e+00 
6.4617378e-01 3.0788270e-01 0.0000000e+00 
1.4291511e+00 3.4956750e-01 0.0000000e+00 
1.4618640e+00 3.0163100e-01 0.0000000e+00 
1.4877310e+00 3.5457411e-01 0.0000000e+00 
1.5206050e+00 3.0603161e-01 0.0000000e+00 
1.5464530e+00 3.5889450e-01 0.0000000e+00 
1.5793800e+00 3.1008351e-01 0.0000000e+00 
5.6763572e-01 4.1851109e-01 0.0000000e+00 
5.5408603e-01 4.3793961e-01 0.0000000e+00 
5.2029008e-01 3.6688760e-01 0.0000000e+00 
9.4794089e-01 3.6647639e-01 0.0000000e+00 
8.7384099e-01 2.2074890e-01 0.0000000e+00 
6.3348472e-01 2.3041780e-01 0.0000000e+00 
7.8118002e-01 2.2578520e-01 0.0000000e+00 
1.6052290e+00 3.6304700e-01 0.0000000e+00 
1.6382140e+00 3.1413361e-01 0.0000000e+00 
1.6641290e+00 3.6722910e-01 0.0000000e+00 
1.6971480e+00 3.1819481e-01 0.0000000e+00 
1.6712240e+00 2.6505721e-01 0.0000000e+00 
1.7302210e+00 2.6912081e-01 0.0000000e+00 
1.5534170e+00 2.5684619e-01 0.0000000e+00 
6.7181969e-01 1.4093800e-01 0.0000000e+00 
5.8596748e-01 4.6394360e-01 0.0000000e+00 
1.7230920e+00 3.7133509e-01 0.0000000e+00 
1.3771909e+00 2.4454120e-01 0.0000000e+00 
6.2249678e-01 4.4700289e-01 0.0000000e+00 
1.2033920e+00 2.3449400e-01 0.0000000e+00 
1.0287880e+00 2.3015590e-01 0.0000000e+00 
5.4669750e-01 4.1895449e-01 0.0000000e+00 
5.3373671e-01 4.3515179e-01 0.0000000e+00 
5.4073101e-01 4.5481020e-01 0.0000000e+00 
5.1996583e-01 4.5137540e-01 0.0000000e+00 
5.1387292e-01 4.2921981e-01 0.0000000e+00 
4.9935541e-01 4.4742331e-01 0.0000000e+00 
4.5565760e-01 3.5403141e-01 0.0000000e+00 
4.9349809e-01 4.2846820e-01 0.0000000e+00 
4.7935709e-01 4.4358870e-01 0.0000000e+00 
4.7970989e-01 3.6688760e-01 0.0000000e+00 
4.8592600e-01 4.6396780e-01 0.0000000e+00 
4.6443069e-01 4.5930001e-01 0.0000000e+00 
4.5825541e-01 4.3536639e-01 0.0000000e+00 
4.4286779e-01 4.5335940e-01 0.0000000e+00 
4.3592349e-01 4.3169260e-01 0.0000000e+00 
4.2123440e-01 4.4813421e-01 0.0000000e+00 
4.1462469e-01 4.2622849e-01 0.0000000e+00 
4.3825611e-01 3.3387709e-01 0.0000000e+00 
3.9864141e-01 4.4291711e-01 0.0000000e+00 
3.9200109e-01 4.1997111e-01 0.0000000e+00 
3.7504819e-01 4.3754801e-01 0.0000000e+00 
3.6926591e-01 4.1456231e-01 0.0000000e+00 
3.5052001e-01 4.3156540e-01 0.0000000e+00 
3.4640020e-01 4.0321410e-01 0.0000000e+00 
3.2338160e-01 4.2558259e-01 0.0000000e+00 
3.1625420e-01 3.9745620e-01 0.0000000e+00 
3.3599329e-01 3.7658459e-01 0.0000000e+00 
3.0888751e-01 3.6996761e-01 0.0000000e+00 
3.2846531e-01 3.5015899e-01 0.0000000e+00 
3.0453789e-01 3.4228960e-01 0.0000000e+00 
3.2241219e-01 3.2376000e-01 0.0000000e+00 
2.9612821e-01 3.1610900e-01 0.0000000e+00 
3.1577420e-01 2.9729351e-01 0.0000000e+00 
2.8885421e-01 2.8886101e-01 0.0000000e+00 
3.0968001e-01 2.6928011e-01 0.0000000e+00 
2.8137040e-01 2.6060769e-01 0.0000000e+00 
2.8570160e-01 3.8790971e-01 0.0000000e+00 
3.0315241e-01 2.4067999e-01 0.0000000e+00 
3.3230671e-01 2.5245121e-01 0.0000000e+00 
3.2487640e-01 2.2290690e-01 0.0000000e+00 
3.5372531e-01 2.3027760e-01 0.0000000e+00 
4.3461740e-01 2.7961159e-01 0.0000000e+00 
3.4512779e-01 2.0528039e-01 0.0000000e+00 
3.6950600e-01 2.1069451e-01 0.0000000e+00 
2.6638910e-01 3.1392881e-01 0.0000000e+00 
2.7405229e-01 2.3109850e-01 0.0000000e+00 
3.6342499e-01 1.8842390e-01 0.0000000e+00 
3.8558939e-01 1.9589300e-01 0.0000000e+00 
4.4520050e-01 2.5469631e-01 0.0000000e+00 
3.8103029e-01 1.7263541e-01 0.0000000e+00 
4.0200421e-01 1.8057050e-01 0.0000000e+00 
4.9249741e-01 2.2787590e-01 0.0000000e+00 
4.6605590e-01 2.3826469e-01 0.0000000e+00 
3.3931601e-01 1.7988220e-01 0.0000000e+00 
3.8745371e-01 3.9799151e-01 0.0000000e+00 
3.5741779e-01 2.5419459e-01 0.0000000e+00 
3.5627639e-01 4.5751181e-01 0.0000000e+00 
3.4765261e-01 3.3191890e-01 0.0000000e+00 
3.9811629e-01 1.5518570e-01 0.0000000e+00 
4.2193061e-01 1.6662900e-01 0.0000000e+00 
3.7476501e-01 1.4610679e-01 0.0000000e+00 
3.9139041e-01 2.1633980e-01 0.0000000e+00 
2.5018540e-01 2.5338060e-01 0.0000000e+00 
2.4227400e-01 2.1673180e-01 0.0000000e+00 
2.1296521e-01 2.4632980e-01 0.0000000e+00 
2.0310380e-01 2.0643540e-01 0.0000000e+00 
4.7074649e-01 4.8204380e-01 0.0000000e+00 
4.9385741e-01 4.8678511e-01 0.0000000e+00 
4.1766569e-01 1.3875820e-01 0.0000000e+00 
4.3951231e-01 1.4885530e-01 0.0000000e+00 
4.4284999e-01 1.6929220e-01 0.0000000e+00 
4.6074921e-01 1.5907930e-01 0.0000000e+00 
4.5701310e-01 1.3411739e-01 0.0000000e+00 
4.7804150e-01 1.4308280e-01 0.0000000e+00 
4.8207700e-01 1.6432039e-01 0.0000000e+00 
5.2000839e-01 2.3249920e-01 0.0000000e+00 
4.7522539e-01 1.1890660e-01 0.0000000e+00 
4.9824399e-01 1.5124670e-01 0.0000000e+00 
5.0239080e-01 1.7379840e-01 0.0000000e+00 
4.0624869e-01 4.6688080e-01 0.0000000e+00 
4.2919409e-01 4.1243970e-01 0.0000000e+00 
6.2043011e-01 3.4884781e-01 0.0000000e+00 
1.7042540e+00 2.1590130e-01 0.0000000e+00 
1.7632940e+00 2.2000070e-01 0.0000000e+00 
5.9477502e-01 3.8850871e-01 0.0000000e+00 
1.1047130e+00 3.7971979e-01 0.0000000e+00 
5.5632508e-01 4.0331629e-01 0.0000000e+00 
5.1673311e-01 1.5979400e-01 0.0000000e+00 
5.1686460e-01 1.3875850e-01 0.0000000e+00 
5.2089018e-01 1.7866670e-01 0.0000000e+00 
2.3531640e-01 1.7608330e-01 0.0000000e+00 
4.8605490e-01 1.8340071e-01 0.0000000e+00 
1.2225550e+00 3.8796490e-01 0.0000000e+00 
1.7893510e+00 2.7321759e-01 0.0000000e+00 
5.0436419e-01 4.1349870e-01 0.0000000e+00 
4.8793069e-01 4.1161671e-01 0.0000000e+00 
1.3432890e+00 3.9487341e-01 0.0000000e+00 
4.9844569e-01 3.9902619e-01 0.0000000e+00 
5.1288861e-01 4.0051869e-01 0.0000000e+00 
4.7826111e-01 5.0721961e-01 0.0000000e+00 
1.5723439e+00 4.1086179e-01 0.0000000e+00 
5.6928509e-01 1.1216540e-01 0.0000000e+00 
5.3438342e-01 1.6713411e-01 0.0000000e+00 
5.3660733e-01 1.8530799e-01 0.0000000e+00 
5.5097228e-01 1.7492341e-01 0.0000000e+00 
5.5329382e-01 1.9238080e-01 0.0000000e+00 
1.4477730e+00 4.0997440e-01 0.0000000e+00 
1.7183121e-01 2.3577370e-01 0.0000000e+00 
1.8385801e-01 2.7833050e-01 0.0000000e+00 
4.5149651e-01 1.1040960e-01 0.0000000e+00 
4.7247219e-01 9.1955133e-02 0.0000000e+00 
1.9255680e-01 1.6331930e-01 0.0000000e+00 
4.5135620e-01 5.0161749e-01 0.0000000e+00 
1.8225530e+00 2.2401039e-01 0.0000000e+00 
5.2494282e-01 1.9506520e-01 0.0000000e+00 
1.7372680e+00 1.6678140e-01 0.0000000e+00 
1.6782570e+00 1.6271511e-01 0.0000000e+00 
1.6900350e+00 4.2038351e-01 0.0000000e+00 
1.7490560e+00 4.2454061e-01 0.0000000e+00 
4.8329440e-01 3.9614201e-01 0.0000000e+00 
4.7259709e-01 4.0761891e-01 0.0000000e+00 
4.6829471e-01 3.9267531e-01 0.0000000e+00 
1.7821480e+00 3.7544200e-01 0.0000000e+00 
1.8081650e+00 4.2873210e-01 0.0000000e+00 
5.6767190e-01 1.8248910e-01 0.0000000e+00 
5.6965590e-01 1.9964610e-01 0.0000000e+00 
5.5310482e-01 2.0997940e-01 0.0000000e+00 
5.7153863e-01 2.1648981e-01 0.0000000e+00 
5.5832732e-01 2.2570750e-01 0.0000000e+00 
5.7294083e-01 2.3188220e-01 0.0000000e+00 
5.8571517e-01 2.2277141e-01 0.0000000e+00 
5.8722973e-01 2.3849240e-01 0.0000000e+00 
2.2661661e-01 1.3415439e-01 0.0000000e+00 
2.6798990e-01 1.4730521e-01 0.0000000e+00 
1.7105891e+00 1.1396340e-01 0.0000000e+00 
5.9993339e-01 2.2935030e-01 0.0000000e+00 
6.0129720e-01 2.4530940e-01 0.0000000e+00 
5.8868867e-01 2.5420901e-01 0.0000000e+00 
6.0235012e-01 2.6110700e-01 0.0000000e+00 
1.8387530e+00 3.7525591e-01 0.0000000e+00 
5.4489303e-01 2.2099259e-01 0.0000000e+00 
4.5784310e-01 5.2955812e-01 0.0000000e+00 
5.1062381e-01 5.1103139e-01 0.0000000e+00 
4.9833831e-01 1.0296860e-01 0.0000000e+00 
1.8639690e+00 4.2541769e-01 0.0000000e+00 
4.9523690e-01 7.3985048e-02 0.0000000e+00 
1.3844220e-01 2.6736441e-01 0.0000000e+00 
1.5088230e-01 3.1097111e-01 0.0000000e+00 
1.2641050e-01 2.2494370e-01 0.0000000e+00 
2.0287590e-01 3.2045639e-01 0.0000000e+00 
1.6756350e-01 3.5410741e-01 0.0000000e+00 
2.1099889e-01 3.6507410e-01 0.0000000e+00 
1.8053800e-01 3.9719370e-01 0.0000000e+00 
2.2913329e-01 4.0715241e-01 0.0000000e+00 
1.9421770e-01 4.3993911e-01 0.0000000e+00 
2.3865750e-01 4.5007020e-01 0.0000000e+00 
1.4811151e-01 4.3034700e-01 0.0000000e+00 
5.9036589e-01 2.6973200e-01 0.0000000e+00 
6.0372931e-01 2.7649191e-01 0.0000000e+00 
6.1619169e-01 2.6624000e-01 0.0000000e+00 
5.9138829e-01 2.8492469e-01 0.0000000e+00 
6.0468042e-01 2.9163459e-01 0.0000000e+00 
1.8453060e+00 2.7996099e-01 0.0000000e+00 
2.0954210e-01 4.8537201e-01 0.0000000e+00 
4.6530190e-01 6.3733928e-02 0.0000000e+00 
5.9247959e-01 2.9992181e-01 0.0000000e+00 
6.0560697e-01 3.0666059e-01 0.0000000e+00 
5.9351093e-01 3.1494951e-01 0.0000000e+00 
6.0633099e-01 3.2174519e-01 0.0000000e+00 
5.9430778e-01 3.2937449e-01 0.0000000e+00 
4.9347320e-01 3.8454881e-01 0.0000000e+00 
5.5062449e-01 1.5674770e-01 0.0000000e+00 
4.5774269e-01 4.0380031e-01 0.0000000e+00 
4.5300320e-01 3.8926181e-01 0.0000000e+00 
5.2078158e-01 8.5589677e-02 0.0000000e+00 
5.2809721e-01 4.7261381e-01 0.0000000e+00 
5.4998982e-01 4.7740239e-01 0.0000000e+00 
1.1647230e-01 3.4303319e-01 0.0000000e+00 
5.4025501e-01 4.0216339e-01 0.0000000e+00 
5.4931629e-01 3.8893181e-01 0.0000000e+00 
5.6429678e-01 3.8917771e-01 0.0000000e+00 
5.5815691e-01 3.7613159e-01 0.0000000e+00 
5.3233409e-01 3.8730109e-01 0.0000000e+00 
6.1810511e-01 2.9840681e-01 0.0000000e+00 
5.4633558e-01 2.3408321e-01 0.0000000e+00 
1.7233150e+00 4.7115931e-01 0.0000000e+00 
1.6544410e+00 4.6960419e-01 0.0000000e+00 
5.9817278e-01 2.1342160e-01 0.0000000e+00 
5.7312608e-01 3.7630349e-01 0.0000000e+00 
5.6664068e-01 3.6344349e-01 0.0000000e+00 
5.8089459e-01 3.6333910e-01 0.0000000e+00 
5.7436389e-01 3.5058859e-01 0.0000000e+00 
5.8890998e-01 3.5140380e-01 0.0000000e+00 
5.9597099e-01 3.6360300e-01 0.0000000e+00 
1.8871840e+00 2.3216370e-01 0.0000000e+00 
1.8613670e+00 1.6699770e-01 0.0000000e+00 
5.8043772e-01 3.2325599e-01 0.0000000e+00 
1.8341640e-01 1.2044960e-01 0.0000000e+00 
1.4539170e-01 1.4803199e-01 0.0000000e+00 
5.2981251e-01 4.1606659e-01 0.0000000e+00 
6.3278657e-01 3.2098520e-01 0.0000000e+00 
4.9883649e-01 1.9035070e-01 0.0000000e+00 
4.8866749e-01 1.9995619e-01 0.0000000e+00 
4.7372600e-01 1.9428051e-01 0.0000000e+00 
4.7687241e-01 2.0988560e-01 0.0000000e+00 
4.6230760e-01 2.0519090e-01 0.0000000e+00 
5.0175709e-01 2.0284539e-01 0.0000000e+00 
3.7420979e-01 2.4249861e-01 0.0000000e+00 
3.7680081e-01 2.5999850e-01 0.0000000e+00 
3.6377189e-01 2.7359021e-01 0.0000000e+00 
3.8147151e-01 2.7786380e-01 0.0000000e+00 
3.9390230e-01 2.6630861e-01 0.0000000e+00 
3.9790910e-01 2.8215069e-01 0.0000000e+00 
3.8660839e-01 2.9399589e-01 0.0000000e+00 
4.0266559e-01 2.9749459e-01 0.0000000e+00 
3.9230630e-01 3.0959940e-01 0.0000000e+00 
3.7539089e-01 3.0645579e-01 0.0000000e+00 
3.8165531e-01 3.2178041e-01 0.0000000e+00 
3.9764741e-01 3.2483751e-01 0.0000000e+00 
3.8738471e-01 3.3702531e-01 0.0000000e+00 
4.0318671e-01 3.3988059e-01 0.0000000e+00 
3.9298999e-01 3.5206911e-01 0.0000000e+00 
4.0884519e-01 3.5489669e-01 0.0000000e+00 
3.7592891e-01 3.5095471e-01 0.0000000e+00 
4.1221961e-01 3.2815641e-01 0.0000000e+00 
4.0885890e-01 2.7070051e-01 0.0000000e+00 
4.0606499e-01 2.5576550e-01 0.0000000e+00 
4.2036530e-01 2.6073930e-01 0.0000000e+00 
4.1758421e-01 2.4588020e-01 0.0000000e+00 
3.9879280e-01 3.6719501e-01 0.0000000e+00 
4.1457930e-01 3.6959961e-01 0.0000000e+00 
4.2435291e-01 3.5784501e-01 0.0000000e+00 
4.3005049e-01 3.7181091e-01 0.0000000e+00 
4.2064139e-01 3.8399899e-01 0.0000000e+00 
4.0332180e-01 2.4100940e-01 0.0000000e+00 
4.1523230e-01 2.3128320e-01 0.0000000e+00 
4.2901969e-01 2.3581611e-01 0.0000000e+00 
4.2680249e-01 2.2116630e-01 0.0000000e+00 
4.4072181e-01 2.2622180e-01 0.0000000e+00 
4.3834931e-01 2.1132030e-01 0.0000000e+00 
4.2324290e-01 2.0628519e-01 0.0000000e+00 
5.7600939e-01 2.6372889e-01 0.0000000e+00 
4.6461701e-01 3.7602729e-01 0.0000000e+00 
4.4586849e-01 3.4520641e-01 0.0000000e+00 
1.8224460e+00 4.8960349e-01 0.0000000e+00 
4.3567330e-01 1.9562960e-01 0.0000000e+00 
5.9315038e-01 1.5660501e-01 0.0000000e+00 
4.5945361e-01 1.9019520e-01 0.0000000e+00 
6.2804931e-01 2.1075760e-01 0.0000000e+00 
4.4690049e-01 3.7500271e-01 0.0000000e+00 
4.3590689e-01 2.6693821e-01 0.0000000e+00 
4.5538360e-01 2.4537770e-01 0.0000000e+00 
5.3253782e-01 3.6093631e-01 0.0000000e+00 
5.0687999e-01 3.7203360e-01 0.0000000e+00 
5.5479759e-01 3.4289679e-01 0.0000000e+00 
4.7859880e-01 2.3292100e-01 0.0000000e+00 
5.6951690e-01 2.9091081e-01 0.0000000e+00 
4.3251589e-01 3.2153201e-01 0.0000000e+00 
2.5864059e-01 4.9322551e-01 0.0000000e+00 
2.8119770e-01 4.6436489e-01 0.0000000e+00 
2.9712620e-01 4.9769270e-01 0.0000000e+00 
5.0679362e-01 2.2942559e-01 0.0000000e+00 
5.1640040e-01 2.1935740e-01 0.0000000e+00 
6.5671778e-01 2.8741741e-01 0.0000000e+00 
6.4681822e-01 2.6546481e-01 0.0000000e+00 
2.6161829e-01 1.0442510e-01 0.0000000e+00 
2.9914159e-01 1.2133270e-01 0.0000000e+00 
5.3835911e-01 2.0090669e-01 0.0000000e+00 
4.1076070e-01 4.0288219e-01 0.0000000e+00 
4.2847160e-01 2.9058349e-01 0.0000000e+00 
5.8385968e-01 4.0419951e-01 0.0000000e+00 
4.6758640e-01 2.2237021e-01 0.0000000e+00 
1.7680900e+00 1.1666990e-01 0.0000000e+00 
4.6705061e-01 3.6164391e-01 0.0000000e+00 
4.2953780e-01 5.2015013e-01 0.0000000e+00 
3.4222049e-01 3.0633521e-01 0.0000000e+00 
3.3303869e-01 2.8045291e-01 0.0000000e+00 
5.3547281e-01 4.9663380e-01 0.0000000e+00 
5.6233060e-01 5.0093198e-01 0.0000000e+00 
3.5305610e-01 3.5562491e-01 0.0000000e+00 
3.6326250e-01 3.7681499e-01 0.0000000e+00 
5.8255208e-01 1.8968870e-01 0.0000000e+00 
5.6585908e-01 6.7596443e-02 0.0000000e+00 
3.1423870e-01 5.6071562e-01 0.0000000e+00 
3.6825681e-01 5.5769640e-01 0.0000000e+00 
1.6511329e+00 1.0926090e-01 0.0000000e+00 
1.6192470e+00 1.5863900e-01 0.0000000e+00 
3.1425080e-01 3.9930049e-02 0.0000000e+00 
3.1129351e-01 1.6085930e-01 0.0000000e+00 
3.3299991e-01 1.3328290e-01 0.0000000e+00 
3.3072019e-01 1.0009960e-01 0.0000000e+00 
2.7850899e-01 1.8997809e-01 0.0000000e+00 
3.6250210e-01 1.1719080e-01 0.0000000e+00 
3.6242679e-01 7.9823360e-02 0.0000000e+00 
3.9215559e-01 9.3917303e-02 0.0000000e+00 
6.7704421e-01 3.9422091e-02 0.0000000e+00 
6.9158012e-01 7.9496212e-02 0.0000000e+00 
7.2696608e-01 4.4044841e-02 0.0000000e+00 
7.3696113e-01 9.5335990e-02 0.0000000e+00 
7.9171729e-01 1.0606610e-01 0.0000000e+00 
7.5707722e-01 1.3865989e-01 0.0000000e+00 
8.0465728e-01 1.5881000e-01 0.0000000e+00 
8.4009641e-01 1.2030350e-01 0.0000000e+00 
8.5441029e-01 1.6780110e-01 0.0000000e+00 
8.9020813e-01 1.3047090e-01 0.0000000e+00 
8.7580758e-01 8.5384279e-02 0.0000000e+00 
6.3392729e-01 5.6027758e-01 0.0000000e+00 
6.5490252e-01 5.2222651e-01 0.0000000e+00 
6.9785458e-01 5.2009457e-01 0.0000000e+00 
6.6947389e-01 4.8214740e-01 0.0000000e+00 
7.1400052e-01 4.7928271e-01 0.0000000e+00 
7.3890662e-01 5.1415598e-01 0.0000000e+00 
7.5538421e-01 4.7427329e-01 0.0000000e+00 
7.3060858e-01 4.4053549e-01 0.0000000e+00 
7.7131832e-01 4.3481070e-01 0.0000000e+00 
7.4432129e-01 4.0371630e-01 0.0000000e+00 
7.9942912e-01 4.6868020e-01 0.0000000e+00 
8.1664360e-01 4.2528069e-01 0.0000000e+00 
8.4675127e-01 4.6303490e-01 0.0000000e+00 
7.0795268e-01 4.1132101e-01 0.0000000e+00 
8.6556101e-01 4.1526449e-01 0.0000000e+00 
9.0177119e-01 4.5578691e-01 0.0000000e+00 
6.1436248e-01 5.2457899e-01 0.0000000e+00 
5.9010911e-01 5.6233871e-01 0.0000000e+00 
6.8740159e-01 4.4485721e-01 0.0000000e+00 
6.3075930e-01 4.9217081e-01 0.0000000e+00 
8.2390177e-01 3.7696400e-01 0.0000000e+00 
6.5760958e-01 4.5251140e-01 0.0000000e+00 
8.8201141e-01 3.6469159e-01 0.0000000e+00 
7.1646827e-01 3.7200019e-01 0.0000000e+00 
7.5293612e-01 3.6630341e-01 0.0000000e+00 
7.3172802e-01 3.4158540e-01 0.0000000e+00 
4.3641081e-01 3.8625911e-01 0.0000000e+00 
3.3307719e-01 5.1888418e-01 0.0000000e+00 
3.7808201e-01 5.1874483e-01 0.0000000e+00 
4.1757399e-01 3.4319299e-01 0.0000000e+00 
4.0734050e-01 3.1263331e-01 0.0000000e+00 
4.8661929e-01 4.2812102e-02 0.0000000e+00 
7.2056448e-01 1.3380709e-01 0.0000000e+00 
7.2885102e-01 1.7120270e-01 0.0000000e+00 
7.6764971e-01 1.8236589e-01 0.0000000e+00 
7.3844647e-01 2.0840840e-01 0.0000000e+00 
3.2383901e-01 4.7502699e-01 0.0000000e+00 
2.0299730e-01 4.5617640e-02 0.0000000e+00 
5.8970161e-02 3.3410329e-01 0.0000000e+00 
2.0689000e-01 5.5709481e-01 0.0000000e+00 
4.1305149e-01 2.8573561e-01 0.0000000e+00 
7.8471351e-01 5.4944623e-01 0.0000000e+00 
5.7445318e-01 2.4704580e-01 0.0000000e+00 
4.8197981e-02 2.0613991e-01 0.0000000e+00 
2.9774281e-01 8.0907270e-02 0.0000000e+00 
5.0055778e-01 5.6669247e-01 0.0000000e+00 
5.6139982e-01 2.6632291e-01 0.0000000e+00 
1.6788280e+00 5.7307512e-02 0.0000000e+00 
5.1920211e-01 3.7999329e-01 0.0000000e+00 
5.3287011e-01 2.3837809e-01 0.0000000e+00 
4.9314889e-01 3.6956069e-01 0.0000000e+00 
5.4427528e-01 3.7591609e-01 0.0000000e+00 
7.8244883e-01 3.9527819e-01 0.0000000e+00 
3.6446571e-01 4.0250320e-02 0.0000000e+00 
4.4162789e-01 3.5938531e-01 0.0000000e+00 
6.3632941e-01 2.8842619e-01 0.0000000e+00 
4.9067271e-01 2.1312010e-01 0.0000000e+00 
9.0754151e-01 5.5067050e-01 0.0000000e+00 
9.6624529e-01 5.4957891e-01 0.0000000e+00 
9.9525559e-01 4.9868581e-01 0.0000000e+00 
1.0540251e+00 4.9801311e-01 0.0000000e+00 
1.0243800e+00 4.4818369e-01 0.0000000e+00 
1.0813180e+00 4.4429299e-01 0.0000000e+00 
9.6050638e-01 4.4521841e-01 0.0000000e+00 
9.9237692e-01 4.0150511e-01 0.0000000e+00 
9.3534291e-01 5.0050128e-01 0.0000000e+00 
1.1123620e+00 4.9683940e-01 0.0000000e+00 
1.1383430e+00 4.4216970e-01 0.0000000e+00 
5.4218680e-01 5.2327639e-01 0.0000000e+00 
4.9454380e-02 4.5007420e-01 0.0000000e+00 
1.0217610e-01 4.7936839e-01 0.0000000e+00 
2.2542991e-01 2.8165141e-01 0.0000000e+00 
3.9299640e-01 1.2565491e-01 0.0000000e+00 
4.2287391e-01 1.0849530e-01 0.0000000e+00 
4.1702661e-01 7.4225321e-02 0.0000000e+00 
4.2317891e-01 4.9126241e-01 0.0000000e+00 
3.6435950e-01 3.1840631e-01 0.0000000e+00 
5.9271669e-01 4.9394491e-01 0.0000000e+00 
4.5279789e-01 2.1705380e-01 0.0000000e+00 
1.1707489e+00 4.9572700e-01 0.0000000e+00 
1.1967220e+00 4.4262701e-01 0.0000000e+00 
1.2286400e+00 4.9457431e-01 0.0000000e+00 
1.2569320e+00 4.4329810e-01 0.0000000e+00 
1.2887410e+00 4.9415389e-01 0.0000000e+00 
4.9704749e-02 9.0376601e-02 0.0000000e+00 
1.1661880e+00 3.8667339e-01 0.0000000e+00 
1.0448740e+00 3.9727730e-01 0.0000000e+00 
1.3219531e+00 5.4748261e-01 0.0000000e+00 
1.3566051e+00 4.9475339e-01 0.0000000e+00 
1.4128619e+00 5.0170678e-01 0.0000000e+00 
1.3878731e+00 4.4357020e-01 0.0000000e+00 
2.6875430e-01 4.3074101e-01 0.0000000e+00 
4.1746351e-01 3.0108821e-01 0.0000000e+00 
4.7450441e-01 4.2571831e-01 0.0000000e+00 
4.0593800e-01 2.0075510e-01 0.0000000e+00 
4.4167551e-01 4.0079829e-01 0.0000000e+00 
1.9512080e+00 4.5117629e-01 0.0000000e+00 
1.0262311e+00 5.1109631e-02 0.0000000e+00 
9.9738371e-01 1.0181700e-01 0.0000000e+00 
1.0553030e+00 1.0176790e-01 0.0000000e+00 
1.0273110e+00 1.4739220e-01 0.0000000e+00 
1.0855290e+00 1.4977370e-01 0.0000000e+00 
9.7062862e-01 1.4721170e-01 0.0000000e+00 
9.3508059e-01 1.0148260e-01 0.0000000e+00 
1.1133560e+00 1.0215650e-01 0.0000000e+00 
1.1446090e+00 1.4514109e-01 0.0000000e+00 
1.1160710e+00 1.9391710e-01 0.0000000e+00 
1.2018321e+00 5.4771107e-01 0.0000000e+00 
1.9480680e+00 2.1005040e-01 0.0000000e+00 
1.0842860e+00 5.4868227e-01 0.0000000e+00 
1.9480680e+00 3.2994959e-01 0.0000000e+00 
1.5904510e+00 1.0452840e-01 0.0000000e+00 
1.5598950e+00 1.5443350e-01 0.0000000e+00 
1.5304790e+00 1.0186320e-01 0.0000000e+00 
1.5007280e+00 1.5119410e-01 0.0000000e+00 
1.5273950e+00 2.0345390e-01 0.0000000e+00 
1.4685169e+00 1.9967620e-01 0.0000000e+00 
1.4425830e+00 1.4740349e-01 0.0000000e+00 
1.4098901e+00 1.9577309e-01 0.0000000e+00 
1.3839140e+00 1.4338671e-01 0.0000000e+00 
1.3511680e+00 1.9153769e-01 0.0000000e+00 
1.3252350e+00 1.3926670e-01 0.0000000e+00 
1.2926320e+00 1.8772170e-01 0.0000000e+00 
1.2666039e+00 1.3634580e-01 0.0000000e+00 
1.2355460e+00 1.8558609e-01 0.0000000e+00 
1.2059170e+00 1.3905290e-01 0.0000000e+00 
1.2347410e+00 9.3928657e-02 0.0000000e+00 
1.3187660e+00 2.4091680e-01 0.0000000e+00 
1.4945120e+00 2.5244480e-01 0.0000000e+00 
1.5862570e+00 2.0772290e-01 0.0000000e+00 
5.5948251e-01 2.4233980e-01 0.0000000e+00 
1.5573130e+00 5.4926682e-01 0.0000000e+00 
1.5215520e+00 5.0207931e-01 0.0000000e+00 
1.5906490e+00 4.9784341e-01 0.0000000e+00 
1.3832541e+00 4.9608339e-02 0.0000000e+00 
1.5002331e+00 5.0511628e-02 0.0000000e+00 
1.7345819e+00 5.5134553e-01 0.0000000e+00 
1.6170100e+00 5.5189037e-01 0.0000000e+00 
1.6308481e+00 4.1378099e-01 0.0000000e+00 
1.7733830e+00 4.6653220e-01 0.0000000e+00 
1.8566350e+00 5.4165798e-01 0.0000000e+00 
1.5124860e+00 4.0674630e-01 0.0000000e+00 
1.4853560e+00 4.5626420e-01 0.0000000e+00 
1.6452560e+00 2.1187560e-01 0.0000000e+00 
1.7967290e+00 1.6947480e-01 0.0000000e+00 
1.8955210e+00 4.8443690e-01 0.0000000e+00 
2.4952111e-01 3.7534630e-01 0.0000000e+00 
2.4015559e-01 3.3920720e-01 0.0000000e+00 
1.6122910e+00 2.6095319e-01 0.0000000e+00 
1.8537400e+00 5.5921540e-02 0.0000000e+00 
1.8819669e+00 1.0242500e-01 0.0000000e+00 
9.5119797e-02 1.2153590e-01 0.0000000e+00 
1.0847340e+00 5.0935078e-02 0.0000000e+00 
1.7562060e+00 3.2229191e-01 0.0000000e+00 
1.4358770e+00 2.4863569e-01 0.0000000e+00 
4.3159389e-01 2.5088599e-01 0.0000000e+00 
4.7994119e-01 3.8120639e-01 0.0000000e+00 
1.8123610e+00 3.2570100e-01 0.0000000e+00 
6.1470199e-01 2.3820160e-01 0.0000000e+00 
6.2837660e-01 2.5279269e-01 0.0000000e+00 
5.6644672e-01 3.2120070e-01 0.0000000e+00 
4.0343639e-01 3.8359720e-01 0.0000000e+00 
1.2608960e+00 2.3755901e-01 0.0000000e+00 
9.7383392e-01 2.2759880e-01 0.0000000e+00 
1.8966711e+00 3.6694610e-01 0.0000000e+00 
1.2852859e+00 3.9278471e-01 0.0000000e+00 
4.4754091e-01 4.1694289e-01 0.0000000e+00 
5.1814729e-01 1.1434720e-01 0.0000000e+00 
9.8089732e-02 2.9848260e-01 0.0000000e+00 
8.7650722e-01 5.0584209e-01 0.0000000e+00 
7.2722268e-01 5.5884892e-01 0.0000000e+00 
9.1900879e-01 4.0950510e-01 0.0000000e+00 
6.0669678e-01 3.3687809e-01 0.0000000e+00 
9.2257088e-01 2.2499460e-01 0.0000000e+00 
1.8270659e+00 1.1701130e-01 0.0000000e+00 
3.9101499e-01 2.5043941e-01 0.0000000e+00 
3.0026230e-01 2.1632680e-01 0.0000000e+00 
5.8418620e-01 3.3934349e-01 0.0000000e+00 
1.5593460e+00 5.1838879e-02 0.0000000e+00 
4.5547140e-01 5.6772357e-01 0.0000000e+00 
9.7268373e-02 1.8144910e-01 0.0000000e+00 
9.3618453e-02 5.9398320e-02 0.0000000e+00 
9.5946752e-02 4.1991970e-01 0.0000000e+00 
1.5493150e-01 4.8253620e-01 0.0000000e+00 
5.3141659e-01 2.2366489e-01 0.0000000e+00 
4.6951711e-01 1.7694290e-01 0.0000000e+00 
1.3219830e+00 4.4809279e-01 0.0000000e+00 
6.1860532e-01 2.8225860e-01 0.0000000e+00 
9.2647932e-02 5.4469162e-01 0.0000000e+00 
3.6105269e-01 4.8700431e-01 0.0000000e+00 
1.4393450e+00 5.5213040e-01 0.0000000e+00 
1.9442101e+00 9.5342271e-02 0.0000000e+00 
9.0059137e-01 1.7995150e-01 0.0000000e+00 
8.2735151e-01 2.0720319e-01 0.0000000e+00 
6.6251612e-01 1.0677520e-01 0.0000000e+00 
6.7604911e-01 4.1622579e-01 0.0000000e+00 
6.8501538e-01 3.8669550e-01 0.0000000e+00 
3.6920869e-01 2.9070961e-01 0.0000000e+00 
4.5409241e-01 2.3146330e-01 0.0000000e+00 
6.1867392e-01 3.1358370e-01 0.0000000e+00 
1.9131620e+00 5.4997718e-01 0.0000000e+00 
4.2027211e-01 1.8849210e-01 0.0000000e+00 
1.9003210e+00 2.9999799e-01 0.0000000e+00 
5.5434358e-01 1.3134070e-01 0.0000000e+00 
1.4729370e+00 1.0059040e-01 0.0000000e+00 
4.4868380e-01 4.7589070e-01 0.0000000e+00 
1.7371070e+00 5.7924490e-02 0.0000000e+00 
1.6196249e-01 1.9384970e-01 0.0000000e+00 
2.7876011e-01 3.4925121e-01 0.0000000e+00 
5.6304562e-01 4.5950639e-01 0.0000000e+00 
6.0384172e-01 3.5119170e-01 0.0000000e+00 
5.7530987e-01 5.2873927e-01 0.0000000e+00 
1.3667960e-01 3.8707560e-01 0.0000000e+00 
4.9747679e-01 1.2821840e-01 0.0000000e+00 
1.1983300e+00 4.8251878e-02 0.0000000e+00 
7.5970978e-01 3.2726541e-01 0.0000000e+00 
8.1999791e-01 5.1075947e-01 0.0000000e+00 
1.3957340e+00 3.8871399e-01 0.0000000e+00 
3.8881221e-01 2.3447470e-01 0.0000000e+00 
5.2596432e-01 2.0954940e-01 0.0000000e+00 
1.4149910e+00 9.8922051e-02 0.0000000e+00 
3.1656411e-01 1.9587231e-01 0.0000000e+00 
4.3203679e-01 3.4525600e-01 0.0000000e+00 
5.0832897e-01 3.8785461e-01 0.0000000e+00 
5.0716370e-01 4.6868089e-01 0.0000000e+00 
7.2506380e-01 3.1459489e-01 0.0000000e+00 
5.7067949e-01 1.5282580e-01 0.0000000e+00 
6.7973870e-01 1.6684531e-01 0.0000000e+00 
5.3255141e-01 1.4827640e-01 0.0000000e+00 
5.8382958e-01 2.0679601e-01 0.0000000e+00 
3.6833951e-01 3.3595169e-01 0.0000000e+00 
6.6081917e-01 3.9089271e-01 0.0000000e+00 
3.5859609e-01 1.6498099e-01 0.0000000e+00 
5.4474670e-01 2.4635740e-01 0.0000000e+00 
8.5039961e-01 4.4130251e-02 0.0000000e+00 
7.0378470e-01 2.1493910e-01 0.0000000e+00 
3.8111559e-01 3.6489099e-01 0.0000000e+00 
3.8378549e-01 3.8103321e-01 0.0000000e+00 
1.1733290e+00 9.6517898e-02 0.0000000e+00 
6.1236829e-01 3.6486840e-01 0.0000000e+00 
4.2817801e-01 4.6774849e-01 0.0000000e+00 
3.9298210e-01 4.8933309e-01 0.0000000e+00 
5.1858139e-01 5.3958851e-01 0.0000000e+00 
1.1778920e+00 1.8819040e-01 0.0000000e+00 
6.3357651e-01 4.2729640e-01 0.0000000e+00 
2.1912169e-01 8.9860998e-02 0.0000000e+00 
4.4828820e-01 3.3391532e-02 0.0000000e+00 
7.1727687e-01 2.3730519e-01 0.0000000e+00 
9.8337471e-02 2.5592181e-01 0.0000000e+00 
4.8688981e-01 5.3696889e-01 0.0000000e+00 
9.1024607e-01 4.6742149e-02 0.0000000e+00 
4.2072469e-01 3.1704551e-01 0.0000000e+00 
2.5881660e-01 2.8481191e-01 0.0000000e+00 
1.3556740e+00 9.6588373e-02 0.0000000e+00 
3.8170820e-01 4.6353251e-01 0.0000000e+00 
6.1133659e-01 4.6789679e-01 0.0000000e+00 
4.4266859e-01 2.4074350e-01 0.0000000e+00 
1.4653840e+00 5.0395852e-01 0.0000000e+00 
1.1433500e+00 2.3560201e-01 0.0000000e+00 
5.5341142e-01 3.6430839e-01 0.0000000e+00 
5.7990170e-01 2.7820900e-01 0.0000000e+00 
4.4887719e-01 2.0151231e-01 0.0000000e+00 
4.6245420e-01 4.1756010e-01 0.0000000e+00 
4.1210291e-01 2.1662711e-01 0.0000000e+00 
5.1736373e-01 5.6347691e-02 0.0000000e+00 
7.0604849e-01 3.3807889e-01 0.0000000e+00 
4.3653390e-01 1.2656429e-01 0.0000000e+00 
4.2773649e-01 3.9727569e-01 0.0000000e+00 
4.2305809e-01 2.7508900e-01 0.0000000e+00 
1.9111360e+00 1.7995431e-01 0.0000000e+00 
1.2975690e+00 9.4644032e-02 0.0000000e+00 
7.4613649e-01 2.3963641e-01 0.0000000e+00 
2.9362991e-01 4.1433749e-01 0.0000000e+00 
5.8357382e-01 3.0761179e-01 0.0000000e+00 
5.3191912e-01 3.7253350e-01 0.0000000e+00 
4.4445190e-01 8.4593862e-02 0.0000000e+00 
1.5468830e+00 4.5422599e-01 0.0000000e+00 
6.2926418e-01 2.7103639e-01 0.0000000e+00 
3.5220909e-01 2.8729489e-01 0.0000000e+00 
8.3805579e-01 3.3710629e-01 0.0000000e+00 
5.2616048e-01 4.0003020e-01 0.0000000e+00 
1.8064611e-01 5.2023911e-01 0.0000000e+00 
4.2505819e-01 3.3176431e-01 0.0000000e+00 
7.7968621e-01 5.0346297e-01 0.0000000e+00 
1.2679260e+00 4.6381779e-02 0.0000000e+00 
5.8107018e-01 2.9473820e-01 0.0000000e+00 
6.1925322e-01 3.3036381e-01 0.0000000e+00 
5.6537521e-01 2.5524691e-01 0.0000000e+00 
3.8967860e-01 6.5405212e-02 0.0000000e+00 
1.0865080e+00 2.3449360e-01 0.0000000e+00 
1.4042149e-01 9.9993236e-02 0.0000000e+00 
1.0030100e+00 3.5783571e-01 0.0000000e+00 
3.6067769e-01 3.0184039e-01 0.0000000e+00 
5.7885981e-01 3.8880101e-01 0.0000000e+00 
1.5990330e+00 4.4926330e-01 0.0000000e+00 
9.1439813e-02 3.7532219e-01 0.0000000e+00 
5.7995051e-01 1.7130360e-01 0.0000000e+00 
6.1258352e-01 2.5273019e-01 0.0000000e+00 
4.0172791e-01 2.2754180e-01 0.0000000e+00 
5.4750210e-01 9.9742994e-02 0.0000000e+00 
6.1311978e-01 2.0313910e-01 0.0000000e+00 
6.1223829e-01 2.2002740e-01 0.0000000e+00 
1.8586820e+00 3.2957241e-01 0.0000000e+00 
5.8738971e-01 3.7580970e-01 0.0000000e+00 
4.5219980e-02 4.4195049e-02 0.0000000e+00 
4.8124549e-01 2.2123460e-01 0.0000000e+00 
4.3828961e-02 5.5591398e-01 0.0000000e+00 
1.0568640e+00 1.9004630e-01 0.0000000e+00 
3.3193341e-01 4.4711831e-01 0.0000000e+00 
3.0378929e-01 4.4286191e-01 0.0000000e+00 
5.3415012e-01 1.2728420e-01 0.0000000e+00 
5.0386423e-01 2.1636350e-01 0.0000000e+00 
1.9116580e+00 4.2358989e-01 0.0000000e+00 
4.5517069e-01 3.6521810e-01 0.0000000e+00 
3.6732909e-01 3.6239621e-01 0.0000000e+00 
6.3041377e-01 3.0585691e-01 0.0000000e+00 
1.9569679e+00 4.3301821e-02 0.0000000e+00 
5.7146299e-01 4.8058590e-01 0.0000000e+00 
1.6484860e+00 5.1718348e-01 0.0000000e+00 
9.4670999e-01 1.8556410e-01 0.0000000e+00 
6.3752991e-01 4.6584189e-01 0.0000000e+00 
1.9572541e+00 5.5697870e-01 0.0000000e+00 
6.4813697e-01 2.4830820e-01 0.0000000e+00 
6.0179752e-01 3.7555191e-01 0.0000000e+00 
1.4364240e+00 4.6111640e-01 0.0000000e+00 
5.6217611e-01 3.5223660e-01 0.0000000e+00 
6.6050959e-01 4.3027630e-01 0.0000000e+00 
4.0468970e-01 5.1149738e-01 0.0000000e+00 
5.1506358e-01 2.0555650e-01 0.0000000e+00 
4.3334481e-01 1.8108650e-01 0.0000000e+00 
9.9962813e-01 1.8700930e-01 0.0000000e+00 
6.9131333e-01 1.1763480e-01 0.0000000e+00 
4.4599831e-01 1.8538959e-01 0.0000000e+00 
5.1551181e-01 4.8891029e-01 0.0000000e+00 
4.3754059e-01 5.8743980e-02 0.0000000e+00 
5.9589100e-01 3.4163511e-01 0.0000000e+00 
2.3624770e-01 5.2814358e-01 0.0000000e+00 
6.6953379e-01 3.7169310e-01 0.0000000e+00 
3.6865169e-01 3.9570969e-01 0.0000000e+00 
5.9758049e-01 1.9620110e-01 0.0000000e+00 
1.3329040e-01 5.1544452e-01 0.0000000e+00 
1.0515270e+00 3.5504949e-01 0.0000000e+00 
3.3392131e-01 6.8202123e-02 0.0000000e+00 
1.7869949e-01 8.1389397e-02 0.0000000e+00 
9.2706198e-01 1.4882250e-01 0.0000000e+00 
1.7000279e+00 5.1305068e-01 0.0000000e+00 
3.4774879e-01 2.6959679e-01 0.0000000e+00 
5.7002652e-01 3.3917850e-01 0.0000000e+00 
4.5571360e-01 1.7617980e-01 0.0000000e+00 
8.2389021e-01 8.1237279e-02 0.0000000e+00 
5.6977302e-01 4.0162051e-01 0.0000000e+00 
5.7622939e-01 9.1579817e-02 0.0000000e+00 
7.9520959e-01 1.9354109e-01 0.0000000e+00 
7.1731091e-01 1.9555099e-01 0.0000000e+00 
9.5533073e-01 4.0679529e-01 0.0000000e+00 
5.1722008e-01 4.1250920e-01 0.0000000e+00 
4.3116611e-01 5.4470932e-01 0.0000000e+00 
6.9998658e-01 1.5358570e-01 0.0000000e+00 
3.7607810e-01 2.2627370e-01 0.0000000e+00 
5.1978278e-01 3.9113960e-01 0.0000000e+00 
5.3689402e-01 2.1312129e-01 0.0000000e+00 
9.0401761e-02 2.1924180e-01 0.0000000e+00 
7.8513551e-01 3.6338761e-01 0.0000000e+00 
2.8628290e-01 5.2971011e-01 0.0000000e+00 
1.9101239e+00 1.3962340e-01 0.0000000e+00 
3.3938929e-01 1.5675519e-01 0.0000000e+00 
3.5365051e-01 1.4366330e-01 0.0000000e+00 
5.9640652e-01 1.7787141e-01 0.0000000e+00 
2.3996450e-01 3.0955619e-01 0.0000000e+00 
4.0130991e-01 5.3756779e-01 0.0000000e+00 
2.6203820e-01 3.9843059e-01 0.0000000e+00 
1.7610559e+00 5.1254529e-01 0.0000000e+00 
5.3923780e-01 6.9367118e-02 0.0000000e+00 
6.6389477e-01 2.7387929e-01 0.0000000e+00 
5.6400359e-01 1.6758190e-01 0.0000000e+00 
6.3302028e-01 3.3655259e-01 0.0000000e+00 
5.4254562e-01 3.6452681e-01 0.0000000e+00 
5.1293671e-01 2.8587131e-02 0.0000000e+00 
5.1246679e-01 1.8971939e-01 0.0000000e+00 

CELLS 1766 7064
3 0 870 123
3 1 882 70
3 2 887 79
3 3 872 114
3 4 193 35
3 4 516 193
3 5 516 4
3 6 184 5
3 6 612 184
3 7 612 6
3 8 183 7
3 8 799 183
3 9 799 8
3 10 615 9
3 11 335 10
3 11 521 335
3 12 521 11
3 13 311 12
3 13 515 311
3 14 515 13
3 15 312 14
3 15 511 312
3 16 511 15
3 17 308 16
3 17 510 308
3 18 510 17
3 19 301 18
3 19 529 301
3 20 529 19
3 21 124 20
3 21 517 124
3 22 517 21
3 23 277 22
3 23 503 277
3 24 503 23
3 25 266 24
3 25 533 266
3 26 533 25
3 27 269 26
3 27 616 269
3 28 616 27
3 29 513 28
3 30 241 29
3 30 512 241
3 31 512 30
3 32 214 31
3 32 514 214
3 33 514 32
3 34 215 33
3 34 726 215
3 35 726 34
3 36 870 0
3 37 747 36
3 38 155 37
3 38 603 155
3 39 603 38
3 40 130 39
3 40 547 130
3 41 547 40
3 41 619 547
3 42 619 41
3 43 142 42
3 43 812 142
3 44 812 43
3 44 943 597
3 45 943 44
3 46 145 45
3 46 159 145
3 47 159 46
3 48 140 47
3 48 555 140
3 49 555 48
3 49 557 555
3 50 557 49
3 51 126 50
3 51 800 126
3 52 800 51
3 52 816 800
3 53 816 52
3 54 131 53
3 54 663 131
3 55 663 54
3 55 718 663
3 56 718 55
3 57 127 56
3 57 780 127
3 58 780 57
3 58 850 780
3 59 850 58
3 60 148 59
3 60 700 148
3 61 700 60
3 62 128 61
3 62 701 128
3 63 701 62
3 63 744 701
3 64 744 63
3 65 136 64
3 65 613 136
3 66 613 65
3 66 772 613
3 67 772 66
3 68 144 67
3 68 715 144
3 69 715 68
3 70 157 69
3 70 882 157
3 71 882 1
3 72 757 71
3 73 154 72
3 73 674 154
3 74 674 73
3 75 139 74
3 75 676 139
3 76 676 75
3 77 147 76
3 77 662 147
3 78 662 77
3 79 156 78
3 79 887 156
3 80 887 2
3 81 766 80
3 82 706 81
3 83 151 82
3 83 702 151
3 84 702 83
3 85 129 84
3 85 703 129
3 86 703 85
3 87 697 86
3 88 137 87
3 88 756 137
3 89 756 88
3 90 149 89
3 90 653 149
3 91 653 90
3 92 134 91
3 92 673 134
3 93 673 92
3 94 150 93
3 94 675 150
3 95 675 94
3 96 135 95
3 96 624 135
3 97 624 96
3 98 623 97
3 99 125 98
3 99 607 125
3 100 607 99
3 100 736 607
3 101 736 100
3 102 138 101
3 102 566 138
3 103 566 102
3 103 583 566
3 104 583 103
3 105 143 104
3 105 611 143
3 106 611 105
3 106 745 611
3 107 745 106
3 108 141 107
3 108 544 141
3 109 544 108
3 110 543 109
3 111 132 110
3 111 605 132
3 112 605 111
3 113 153 112
3 113 754 153
3 114 754 113
3 114 872 754
3 115 872 3
3 116 158 115
3 116 635 158
3 117 635 116
3 118 146 117
3 118 604 146
3 119 604 118
3 120 133 119
3 120 609 133
3 121 609 120
3 122 152 121
3 122 650 152
3 123 650 122
3 123 870 650
3 124 529 20
3 124 658 529
3 124 817 658
3 125 623 98
3 125 735 623
3 125 782 735
3 126 557 50
3 126 558 557
3 126 559 558
3 126 915 559
3 127 718 56
3 127 804 670
3 128 700 61
3 128 786 700
3 129 702 84
3 129 911 702
3 130 603 39
3 130 610 525
3 130 811 603
3 131 816 53
3 132 543 110
3 132 929 543
3 133 604 119
3 133 734 604
3 133 814 734
3 133 927 814
3 134 653 91
3 134 673 647
3 135 675 95
3 136 613 545
3 136 744 64
3 137 697 87
3 137 698 697
3 137 823 698
3 138 736 101
3 139 674 74
3 139 768 454
3 140 159 47
3 140 160 159
3 140 161 160
3 140 555 161
3 141 745 107
3 141 922 745
3 141 935 922
3 142 619 42
3 142 854 619
3 142 900 640
3 143 583 104
3 143 777 583
3 143 808 634
3 144 740 532
3 144 772 67
3 145 938 830
3 145 943 45
3 146 635 117
3 146 748 635
3 146 861 748
3 147 676 76
3 147 730 676
3 147 878 730
3 148 850 59
3 149 756 89
3 150 673 93
3 150 675 632
3 151 706 82
3 151 937 504
3 152 609 121
3 152 746 609
3 153 605 112
3 153 847 605
3 153 906 847
3 154 757 72
3 154 930 757
3 155 747 37
3 155 856 747
3 155 909 856
3 156 662 78
3 156 711 662
3 156 766 711
3 156 887 766
3 157 715 69
3 157 716 715
3 157 757 716
3 157 882 757
3 158 872 115
3 159 542 145
3 160 542 159
3 160 917 542
3 161 162 160
3 161 760 162
3 162 163 160
3 162 164 163
3 162 165 164
3 162 760 165
3 163 917 160
3 164 187 163
3 164 506 187
3 165 166 164
3 165 167 166
3 165 253 167
3 165 760 253
3 166 506 164
3 166 933 506
3 167 168 166
3 167 169 168
3 167 793 169
3 168 227 166
3 168 866 227
3 169 170 168
3 169 171 170
3 169 188 171
3 169 793 188
3 170 508 168
3 171 172 170
3 171 173 172
3 171 801 173
3 172 244 170
3 172 888 244
3 173 174 172
3 173 175 174
3 173 813 175
3 174 888 172
3 174 939 524
3 175 176 174
3 175 177 176
3 175 178 177
3 175 813 178
3 176 939 174
3 177 180 176
3 177 791 180
3 178 179 177
3 178 181 179
3 178 837 181
3 179 791 177
3 180 191 176
3 180 192 191
3 180 831 192
3 181 182 179
3 181 185 182
3 181 245 185
3 181 837 245
3 182 781 179
3 183 612 7
3 183 799 696
3 183 853 612
3 184 516 5
3 184 612 501
3 184 826 516
3 185 186 182
3 185 189 186
3 185 759 189
3 186 222 182
3 186 845 222
3 187 361 163
3 187 769 361
3 187 792 769
3 188 801 171
3 188 919 801
3 188 923 599
3 189 190 186
3 189 194 190
3 189 243 194
3 189 759 243
3 190 845 186
3 191 523 176
3 192 201 191
3 192 202 201
3 192 203 202
3 192 831 203
3 193 726 35
3 193 839 456
3 193 851 839
3 194 195 190
3 194 196 195
3 194 739 196
3 195 588 190
3 196 197 195
3 196 198 197
3 196 729 198
3 196 739 729
3 197 242 195
3 197 857 242
3 198 199 197
3 198 200 199
3 198 259 200
3 198 729 259
3 199 857 197
3 199 907 857
3 200 216 199
3 200 217 216
3 200 855 217
3 201 232 191
3 201 460 232
3 201 941 460
3 202 204 201
3 202 205 204
3 202 903 205
3 203 831 589
3 203 903 202
3 204 941 201
3 205 206 204
3 205 207 206
3 205 797 207
3 205 903 797
3 206 341 204
3 206 805 341
3 207 208 206
3 207 209 208
3 207 211 209
3 207 797 211
3 208 805 206
3 208 889 805
3 209 210 208
3 209 212 210
3 209 810 212
3 210 344 208
3 210 530 344
3 211 797 761
3 211 810 209
3 211 892 810
3 212 213 210
3 212 220 213
3 212 257 220
3 212 810 257
3 213 530 210
3 214 512 31
3 214 891 825
3 214 942 512
3 215 514 33
3 215 913 514
3 216 907 199
3 217 218 216
3 217 219 218
3 217 824 219
3 217 855 824
3 218 345 216
3 218 651 345
3 219 223 218
3 219 224 223
3 219 258 224
3 219 824 258
3 220 221 213
3 220 254 221
3 220 821 254
3 221 239 213
3 221 240 239
3 221 775 240
3 222 781 182
3 222 845 586
3 222 928 781
3 223 651 218
3 224 225 223
3 224 226 225
3 224 728 226
3 225 352 223
3 225 731 352
3 226 228 225
3 226 229 228
3 226 693 229
3 226 728 693
3 227 933 166
3 228 731 225
3 229 230 228
3 229 231 230
3 229 256 231
3 229 693 256
3 230 356 228
3 230 783 356
3 231 233 230
3 231 234 233
3 231 720 234
3 232 523 191
3 232 621 523
3 232 881 621
3 233 783 230
3 234 235 233
3 234 236 235
3 234 694 236
3 234 720 694
3 235 366 233
3 235 707 366
3 236 237 235
3 236 238 237
3 236 252 238
3 236 694 252
3 237 707 235
3 238 246 237
3 238 247 246
3 238 714 247
3 239 530 213
3 239 916 530
3 240 260 239
3 240 261 260
3 240 262 261
3 240 775 262
3 241 513 29
3 241 614 513
3 241 840 614
3 242 588 195
3 242 737 588
3 242 857 630
3 242 920 737
3 243 739 194
3 243 758 739
3 243 759 563
3 244 508 170
3 244 725 724
3 244 867 508
3 244 888 725
3 245 601 600
3 245 759 185
3 245 837 601
3 245 918 759
3 246 360 237
3 246 704 360
3 247 248 246
3 247 249 248
3 247 250 249
3 247 714 250
3 248 704 246
3 249 255 248
3 249 719 255
3 250 251 249
3 250 342 251
3 250 709 342
3 250 714 709
3 251 719 249
3 252 694 681
3 252 714 238
3 253 793 167
3 253 923 793
3 254 775 221
3 254 821 643
3 254 883 775
3 255 377 248
3 255 378 377
3 255 382 378
3 255 719 382
3 256 686 684
3 256 693 686
3 256 720 231
3 257 810 587
3 257 821 220
3 257 886 821
3 258 728 224
3 258 809 690
3 258 824 809
3 259 855 200
3 259 873 855
3 259 896 873
3 260 346 239
3 260 438 346
3 260 459 438
3 261 459 260
3 262 263 261
3 262 435 263
3 262 436 435
3 262 775 436
3 263 264 261
3 263 265 264
3 263 790 265
3 264 459 261
3 264 921 459
3 265 267 264
3 265 268 267
3 265 270 268
3 265 790 270
3 266 503 24
3 266 620 503
3 266 879 620
3 267 354 264
3 267 355 354
3 267 659 355
3 268 659 267
3 269 533 26
3 269 722 502
3 270 271 268
3 270 326 271
3 270 327 326
3 270 790 327
3 271 272 268
3 271 273 272
3 271 771 273
3 272 659 268
3 272 828 659
3 273 274 272
3 273 275 274
3 273 806 275
3 274 732 272
3 275 276 274
3 275 278 276
3 275 339 278
3 275 806 339
3 276 340 274
3 276 528 340
3 277 517 22
3 277 848 517
3 278 279 276
3 278 280 279
3 278 820 280
3 279 528 276
3 280 281 279
3 280 282 281
3 280 316 282
3 280 820 316
3 281 314 279
3 281 904 314
3 282 283 281
3 282 284 283
3 282 874 284
3 283 904 281
3 284 285 283
3 284 838 285
3 284 875 838
3 285 286 283
3 285 287 286
3 285 296 287
3 285 838 296
3 286 540 283
3 287 288 286
3 287 289 288
3 287 774 289
3 288 539 286
3 289 290 288
3 289 291 290
3 289 774 291
3 290 317 288
3 290 535 317
3 291 292 290
3 291 293 292
3 291 304 293
3 291 774 304
3 292 535 290
3 292 536 535
3 293 294 292
3 293 295 294
3 293 818 295
3 294 536 292
3 295 297 294
3 295 305 297
3 295 322 305
3 295 818 322
3 296 774 287
3 296 936 712
3 297 298 294
3 297 299 298
3 297 742 299
3 298 536 294
3 298 912 536
3 299 300 298
3 299 302 300
3 299 787 302
3 300 315 298
3 300 467 315
3 300 924 467
3 301 510 18
3 301 834 510
3 302 303 300
3 302 306 303
3 302 313 306
3 302 787 313
3 303 924 300
3 304 774 713
3 304 818 293
3 304 934 818
3 305 742 297
3 306 307 303
3 306 309 307
3 306 798 309
3 307 321 303
3 307 660 321
3 308 511 16
3 308 822 511
3 309 310 307
3 309 318 310
3 309 320 318
3 309 798 320
3 310 660 307
3 310 767 660
3 311 521 12
3 311 871 622
3 311 877 521
3 312 515 14
3 312 531 515
3 312 764 531
3 313 787 548
3 313 798 306
3 313 931 798
3 314 528 279
3 314 727 528
3 314 803 727
3 314 904 803
3 315 912 298
3 316 755 602
3 316 820 755
3 316 874 282
3 317 539 288
3 317 796 539
3 318 319 310
3 318 328 319
3 318 638 328
3 319 767 310
3 319 895 767
3 320 638 318
3 320 932 552
3 321 864 784
3 321 924 303
3 322 323 305
3 322 324 323
3 322 637 324
3 322 818 637
3 323 551 305
3 324 325 323
3 324 367 325
3 324 368 367
3 324 637 368
3 325 350 323
3 325 371 350
3 325 773 371
3 326 771 271
3 327 359 326
3 327 402 359
3 327 899 402
3 328 329 319
3 328 832 329
3 329 330 319
3 329 331 330
3 329 332 331
3 329 832 332
3 330 895 319
3 330 898 895
3 330 914 898
3 331 914 330
3 332 333 331
3 332 336 333
3 332 369 336
3 332 832 369
3 333 334 331
3 333 337 334
3 333 779 337
3 334 751 331
3 335 615 10
3 335 750 615
3 336 779 333
3 337 338 334
3 337 347 338
3 337 348 347
3 337 779 348
3 338 351 334
3 338 461 351
3 338 944 461
3 339 806 641
3 339 820 278
3 340 732 274
3 340 833 661
3 341 776 738
3 341 805 776
3 341 941 204
3 342 343 251
3 342 375 343
3 342 376 375
3 342 709 376
3 343 353 251
3 343 373 353
3 343 710 373
3 344 889 208
3 345 633 628
3 345 651 633
3 345 907 216
3 346 916 239
3 347 349 338
3 347 362 349
3 347 794 362
3 348 779 733
3 348 794 347
3 348 876 794
3 349 944 338
3 350 551 323
3 351 751 334
3 352 648 646
3 352 651 223
3 352 731 648
3 353 719 251
3 353 723 719
3 354 921 264
3 355 357 354
3 355 379 357
3 355 380 379
3 355 659 380
3 356 731 228
3 356 752 731
3 356 783 656
3 357 358 354
3 357 789 358
3 358 921 354
3 358 925 846
3 359 372 326
3 359 401 372
3 359 815 401
3 360 707 237
3 360 842 707
3 360 860 842
3 361 917 163
3 362 363 349
3 362 364 363
3 362 431 364
3 362 794 431
3 363 374 349
3 363 527 374
3 364 365 363
3 364 384 365
3 364 940 384
3 365 527 363
3 366 783 233
3 366 890 656
3 367 773 325
3 368 406 367
3 368 407 406
3 368 409 407
3 368 637 409
3 369 370 336
3 369 832 639
3 369 841 370
3 370 403 336
3 370 405 403
3 370 424 405
3 370 841 424
3 371 392 350
3 371 457 392
3 371 458 457
3 371 773 458
3 372 771 326
3 373 422 353
3 373 454 422
3 373 455 454
3 373 710 455
3 374 944 349
3 375 710 343
3 376 394 375
3 376 545 394
3 376 546 545
3 376 709 546
3 377 704 248
3 378 445 377
3 378 705 445
3 379 430 357
3 379 722 430
3 380 381 379
3 380 432 381
3 380 828 432
3 381 722 379
3 382 383 378
3 382 399 383
3 382 723 399
3 383 705 378
3 384 385 365
3 384 541 385
3 384 862 541
3 384 940 862
3 385 386 365
3 385 387 386
3 385 795 387
3 386 527 365
3 386 926 527
3 387 388 386
3 387 389 388
3 387 390 389
3 387 795 390
3 388 400 386
3 388 444 400
3 388 696 444
3 389 696 388
3 390 391 389
3 390 395 391
3 390 447 395
3 390 795 447
3 391 608 389
3 392 393 350
3 392 525 393
3 392 811 525
3 393 551 350
3 394 532 375
3 394 772 532
3 395 396 391
3 395 724 396
3 395 867 724
3 396 397 391
3 396 398 397
3 396 863 398
3 397 608 391
3 398 417 397
3 398 418 417
3 398 419 418
3 398 863 419
3 399 404 383
3 399 730 404
3 399 868 730
3 400 926 386
3 401 534 372
3 401 815 745
3 401 922 534
3 402 815 359
3 402 899 537
3 403 779 336
3 404 504 383
3 404 711 504
3 404 878 711
3 405 434 403
3 405 830 434
3 406 408 367
3 406 814 408
3 407 734 406
3 408 773 367
3 408 927 746
3 409 410 407
3 409 411 410
3 409 713 411
3 409 934 713
3 410 437 407
3 410 778 437
3 411 412 410
3 411 413 412
3 411 712 413
3 411 713 712
3 412 778 410
3 413 414 412
3 413 415 414
3 413 657 415
3 413 936 657
3 414 416 412
3 414 749 416
3 415 423 414
3 415 518 423
3 415 519 518
3 415 657 519
3 416 749 636
3 416 778 412
3 417 501 397
3 417 826 501
3 418 420 417
3 418 421 420
3 418 753 421
3 419 753 418
3 419 843 753
3 419 863 725
3 420 826 417
3 420 851 826
3 421 425 420
3 421 426 425
3 421 443 426
3 421 753 443
3 422 723 353
3 422 868 723
3 423 749 414
3 423 847 749
3 423 902 847
3 424 597 405
3 424 812 597
3 424 900 812
3 425 851 420
3 426 427 425
3 426 428 427
3 426 765 428
3 427 839 425
3 428 429 427
3 428 738 429
3 428 852 738
3 429 456 427
3 429 743 456
3 429 901 743
3 430 616 513
3 430 722 616
3 430 789 357
3 431 794 769
3 431 940 364
3 432 433 381
3 432 661 433
3 432 732 661
3 432 828 732
3 433 502 381
3 433 509 502
3 433 592 509
3 433 661 592
3 434 733 403
3 434 865 733
3 434 938 865
3 435 790 263
3 435 899 790
3 436 537 435
3 436 538 537
3 436 883 538
3 437 734 407
3 437 861 604
3 438 439 346
3 438 442 439
3 438 846 442
3 439 440 346
3 439 441 440
3 439 617 441
3 440 916 346
3 441 448 440
3 441 449 448
3 441 825 449
3 442 617 439
3 442 840 617
3 442 925 614
3 443 753 621
3 443 765 426
3 443 881 765
3 444 750 400
3 444 799 615
3 445 446 377
3 445 911 446
3 445 937 911
3 446 704 377
3 446 860 704
3 446 884 699
3 446 911 884
3 447 867 395
3 447 905 866
3 448 859 440
3 448 869 859
3 449 450 448
3 449 451 450
3 449 891 451
3 450 869 448
3 451 452 450
3 451 743 452
3 451 913 743
3 452 453 450
3 452 776 453
3 452 901 776
3 453 869 450
3 453 889 869
3 454 674 139
3 454 768 422
3 454 835 674
3 455 740 716
3 455 835 454
3 455 930 835
3 456 726 193
3 456 839 427
3 456 913 726
3 457 811 392
3 457 909 811
3 458 746 717
3 458 773 746
3 458 856 457
3 459 846 438
3 459 921 846
3 460 852 765
3 460 881 232
3 460 941 852
3 461 462 351
3 461 466 462
3 461 944 466
3 462 463 351
3 462 464 463
3 462 622 464
3 463 751 351
3 464 465 463
3 464 531 465
3 464 871 531
3 465 507 463
3 465 827 507
3 466 622 462
3 466 877 622
3 466 894 877
3 466 944 894
3 467 468 315
3 467 741 468
3 467 784 741
3 467 924 784
3 468 469 315
3 468 470 469
3 468 471 470
3 468 741 471
3 469 912 315
3 470 763 469
3 471 472 470
3 471 485 472
3 471 486 485
3 471 741 486
3 472 473 470
3 472 474 473
3 472 606 474
3 473 763 470
3 474 475 473
3 474 596 475
3 474 658 596
3 475 476 473
3 475 477 476
3 475 478 477
3 475 596 478
3 476 763 473
3 476 858 763
3 477 642 476
3 477 796 642
3 478 479 477
3 478 480 479
3 478 484 480
3 478 596 484
3 479 796 477
3 480 481 479
3 480 482 481
3 480 595 482
3 481 483 479
3 481 802 483
3 482 489 481
3 482 490 489
3 482 491 490
3 482 595 491
3 483 796 479
3 483 880 539
3 484 595 480
3 484 848 595
3 485 606 472
3 485 834 606
3 486 487 485
3 486 488 487
3 486 494 488
3 486 741 494
3 487 721 510
3 487 834 485
3 488 721 487
3 489 802 481
3 489 803 802
3 490 727 489
3 491 492 490
3 491 620 492
3 491 788 620
3 492 493 490
3 492 592 493
3 492 620 509
3 493 727 490
3 493 833 528
3 494 495 488
3 494 864 495
3 495 496 488
3 495 497 496
3 495 829 497
3 495 864 829
3 496 721 488
3 496 822 721
3 497 498 496
3 497 499 498
3 497 500 499
3 497 829 500
3 498 822 496
3 499 644 498
3 499 827 644
3 500 505 499
3 500 767 505
3 500 829 660
3 501 608 397
3 501 826 184
3 501 853 608
3 502 533 269
3 502 722 381
3 502 879 533
3 503 788 277
3 504 705 383
3 504 706 151
3 504 711 706
3 504 937 705
3 505 827 499
3 505 898 827
3 506 792 187
3 506 862 792
3 506 933 862
3 507 751 463
3 507 914 751
3 508 866 168
3 508 867 866
3 509 592 492
3 509 879 502
3 510 721 308
3 510 834 487
3 511 764 312
3 511 822 764
3 512 840 241
3 512 942 840
3 513 616 28
3 513 789 430
3 514 891 214
3 514 913 891
3 515 871 311
3 516 851 193
3 517 817 124
3 517 848 817
3 518 902 423
3 518 929 902
3 519 520 518
3 519 602 520
3 519 875 602
3 520 602 593
3 520 929 518
3 521 522 335
3 521 877 522
3 522 750 335
3 522 785 750
3 522 894 785
3 523 621 524
3 523 939 176
3 524 843 725
3 524 888 174
3 524 939 523
3 525 526 393
3 525 610 526
3 525 811 130
3 526 548 393
3 526 549 548
3 526 550 549
3 526 610 550
3 527 785 374
3 527 926 785
3 528 727 493
3 528 833 340
3 529 658 606
3 529 834 301
3 530 859 344
3 530 916 859
3 531 644 465
3 531 764 644
3 531 871 515
3 532 710 375
3 532 740 710
3 532 772 144
3 533 879 266
3 534 641 372
3 534 893 641
3 534 935 893
3 535 642 317
3 535 858 642
3 536 844 535
3 536 912 844
3 537 634 402
3 537 899 435
3 538 634 537
3 538 777 634
3 538 883 643
3 539 540 286
3 539 796 483
3 539 880 540
3 540 880 802
3 540 904 283
3 541 795 385
3 541 905 795
3 541 933 905
3 542 917 865
3 542 938 145
3 543 544 109
3 543 593 544
3 543 929 593
3 544 935 141
3 545 613 394
3 545 677 136
3 546 677 545
3 546 678 677
3 546 695 678
3 546 709 695
3 547 610 130
3 547 908 610
3 548 551 393
3 548 787 551
3 548 931 313
3 549 931 548
3 549 932 931
3 550 552 549
3 550 553 552
3 550 908 553
3 551 742 305
3 551 787 742
3 552 638 320
3 552 932 549
3 553 554 552
3 553 854 554
3 553 908 619
3 554 638 552
3 554 639 638
3 554 640 639
3 554 854 640
3 555 556 161
3 555 557 556
3 556 760 161
3 556 897 760
3 557 558 556
3 558 897 556
3 559 560 558
3 559 561 560
3 559 562 561
3 559 915 562
3 560 598 558
3 560 599 598
3 560 600 599
3 561 600 560
3 561 918 600
3 562 563 561
3 562 564 563
3 562 565 564
3 562 915 565
3 563 758 243
3 563 759 561
3 564 758 563
3 564 910 758
3 565 669 564
3 565 816 669
3 565 915 800
3 566 567 138
3 566 582 567
3 566 583 582
3 567 568 138
3 567 569 568
3 567 585 569
3 568 736 138
3 569 570 568
3 569 584 570
3 569 587 584
3 569 886 587
3 570 571 568
3 570 572 571
3 570 573 572
3 570 584 573
3 571 736 568
3 571 849 607
3 572 849 571
3 573 574 572
3 573 575 574
3 573 579 575
3 573 584 579
3 574 576 572
3 574 577 576
3 574 618 577
3 575 618 574
3 576 849 572
3 577 578 576
3 577 580 578
3 577 586 580
3 577 618 586
3 578 782 576
3 579 589 575
3 579 762 589
3 580 581 578
3 580 737 581
3 581 735 578
3 581 737 629
3 582 585 567
3 582 643 585
3 582 777 643
3 583 777 582
3 584 761 579
3 584 892 761
3 585 886 569
3 586 588 580
3 586 845 588
3 586 928 222
3 587 886 257
3 587 892 584
3 588 737 580
3 588 845 190
3 589 590 575
3 589 591 590
3 589 762 203
3 589 831 591
3 590 618 575
3 590 928 618
3 591 781 590
3 591 791 781
3 591 831 791
3 592 833 493
3 593 594 544
3 593 755 594
3 593 929 520
3 594 935 544
3 595 788 491
3 595 848 788
3 596 817 484
3 597 812 44
3 597 830 405
3 597 943 830
3 598 897 558
3 598 923 897
3 599 919 188
3 599 923 598
3 600 601 599
3 600 918 245
3 601 813 801
3 601 837 813
3 601 919 599
3 602 755 593
3 602 874 316
3 602 875 874
3 603 909 155
3 604 734 437
3 604 861 146
3 605 902 132
3 606 658 474
3 606 834 529
3 607 736 571
3 607 782 125
3 607 849 782
3 608 696 389
3 608 853 696
3 609 927 133
3 610 908 550
3 611 808 143
3 611 815 808
3 612 853 501
3 613 772 394
3 614 789 513
3 614 840 442
3 614 925 789
3 615 750 444
3 615 799 9
3 616 722 269
3 617 825 441
3 617 942 825
3 618 928 586
3 619 854 553
3 619 908 547
3 620 788 503
3 620 879 509
3 621 843 524
3 621 881 443
3 622 871 464
3 622 877 311
3 623 624 97
3 623 631 624
3 623 735 631
3 624 625 135
3 624 631 625
3 625 626 135
3 625 627 626
3 625 629 627
3 625 631 629
3 626 675 135
3 627 628 626
3 627 652 628
3 628 632 626
3 628 633 632
3 628 652 345
3 629 630 627
3 629 631 581
3 629 920 630
3 630 652 627
3 630 857 652
3 630 920 242
3 631 735 581
3 632 645 150
3 632 675 626
3 633 645 632
3 633 646 645
3 633 651 646
3 634 777 143
3 634 808 402
3 635 636 158
3 635 748 636
3 636 748 416
3 636 754 158
3 636 906 754
3 637 934 409
3 638 639 328
3 639 832 328
3 639 841 369
3 640 841 639
3 640 854 142
3 640 900 841
3 641 771 372
3 641 806 771
3 641 807 339
3 641 893 807
3 642 796 317
3 642 858 476
3 643 777 538
3 643 821 585
3 643 883 254
3 644 764 498
3 644 827 465
3 645 673 150
3 646 647 645
3 646 648 647
3 646 651 352
3 647 649 134
3 647 673 645
3 648 649 647
3 648 752 649
3 649 653 134
3 649 654 653
3 649 752 654
3 650 717 152
3 650 747 717
3 650 870 747
3 652 907 345
3 653 654 149
3 654 655 149
3 654 656 655
3 654 752 656
3 655 756 149
3 655 823 756
3 655 890 823
3 656 752 356
3 656 783 366
3 656 890 655
3 657 875 519
3 657 936 838
3 658 817 596
3 659 828 380
3 660 767 500
3 660 829 321
3 661 732 340
3 661 833 592
3 662 878 147
3 663 664 131
3 663 665 664
3 663 718 665
3 664 669 131
3 665 666 664
3 665 667 666
3 665 670 667
3 665 718 670
3 666 668 664
3 666 896 668
3 667 873 666
3 668 669 664
3 668 896 885
3 668 910 669
3 669 816 131
3 669 910 564
3 670 671 667
3 670 718 127
3 670 804 671
3 671 672 667
3 671 804 691
3 671 809 672
3 672 873 667
3 674 835 154
3 676 768 139
3 677 744 136
3 678 679 677
3 678 680 679
3 678 681 680
3 678 695 681
3 679 744 677
3 679 770 701
3 680 770 679
3 681 682 680
3 681 694 682
3 681 695 252
3 682 683 680
3 682 684 683
3 682 720 684
3 683 770 680
3 683 786 770
3 684 685 683
3 684 686 685
3 684 720 256
3 685 786 683
3 685 819 786
3 686 687 685
3 686 688 687
3 686 693 688
3 687 819 685
3 687 836 819
3 688 689 687
3 688 690 689
3 688 728 690
3 689 836 687
3 690 691 689
3 690 728 258
3 690 809 691
3 691 692 689
3 691 804 692
3 691 809 671
3 692 804 780
3 692 836 689
3 692 850 836
3 693 728 688
3 694 720 682
3 695 714 252
3 696 799 444
3 696 853 183
3 697 703 86
3 698 699 697
3 698 823 708
3 698 842 699
3 699 703 697
3 699 860 446
3 699 884 703
3 700 819 148
3 701 744 679
3 701 770 128
3 702 937 151
3 703 884 129
3 704 860 360
3 705 937 445
3 706 766 81
3 707 708 366
3 707 842 708
3 708 842 698
3 708 890 366
3 709 714 695
3 710 740 455
3 711 766 706
3 711 878 662
3 712 774 296
3 712 936 413
3 713 774 712
3 713 934 304
3 715 740 144
3 716 740 715
3 716 930 455
3 717 746 152
3 717 856 458
3 719 723 382
3 721 822 308
3 723 868 399
3 724 863 396
3 724 867 244
3 725 843 419
3 725 863 724
3 725 888 524
3 726 913 215
3 727 803 489
3 729 896 259
3 730 768 676
3 730 868 768
3 730 878 404
3 731 752 648
3 732 828 272
3 733 779 403
3 733 876 348
3 734 814 406
3 735 782 578
3 737 920 629
3 738 852 341
3 738 901 429
3 739 885 729
3 741 784 494
3 742 787 299
3 743 901 452
3 743 913 456
3 745 815 611
3 745 922 401
3 746 773 408
3 746 927 609
3 747 856 717
3 747 870 36
3 748 778 416
3 748 861 778
3 749 906 636
3 750 926 400
3 751 914 331
3 753 843 621
3 754 872 158
3 754 906 153
3 755 807 594
3 755 820 807
3 756 823 137
3 757 882 71
3 757 930 716
3 758 885 739
3 758 910 885
3 759 918 561
3 760 897 253
3 761 762 579
3 761 797 762
3 761 892 211
3 762 903 203
3 763 844 469
3 763 858 844
3 764 822 498
3 765 852 428
3 765 881 460
3 766 887 80
3 767 895 505
3 768 868 422
3 769 792 431
3 769 865 361
3 769 876 865
3 770 786 128
3 771 806 273
3 775 883 436
3 776 805 453
3 776 901 738
3 778 861 437
3 780 804 127
3 780 850 692
3 781 791 179
3 781 928 590
3 782 849 576
3 784 864 494
3 784 924 321
3 785 894 374
3 785 926 750
3 786 819 700
3 788 848 277
3 789 925 358
3 790 899 327
3 791 831 180
3 792 940 431
3 793 923 188
3 794 876 769
3 795 905 447
3 797 903 762
3 798 932 320
3 800 816 565
3 800 915 126
3 801 813 173
3 801 919 601
3 802 803 540
3 802 880 483
3 803 904 540
3 805 889 453
3 807 820 339
3 807 893 594
3 808 815 402
3 809 824 672
3 810 892 587
3 811 909 603
3 812 900 142
3 813 837 178
3 814 927 408
3 817 848 484
3 818 934 637
3 819 836 148
3 821 886 585
3 823 890 708
3 824 855 672
3 825 891 449
3 825 942 214
3 826 851 516
3 827 898 507
3 829 864 321
3 830 938 434
3 830 943 145
3 835 930 154
3 836 850 148
3 838 875 657
3 838 936 296
3 839 851 425
3 840 942 617
3 841 900 424
3 842 860 699
3 844 858 535
3 844 912 469
3 846 921 358
3 846 925 442
3 847 902 605
3 847 906 749
3 852 941 341
3 855 873 672
3 856 909 457
3 857 907 652
3 859 869 344
3 859 916 440
3 862 933 541
3 862 940 792
3 865 876 733
3 865 917 361
3 865 938 542
3 866 867 447
3 866 905 227
3 869 889 344
3 873 896 666
3 874 875 284
3 877 894 522
3 884 911 129
3 885 896 729
3 885 910 668
3 891 913 451
3 893 935 594
3 894 944 374
3 895 898 505
3 897 923 253
3 898 914 507
3 902 929 132
3 905 933 227
3 911 937 702
3 922 935 534
3 931 932 798

CELL_TYPES 1766
5
5
5
5
5
5
5
5
5
5
5
5
5
5
5
5
5
5
5
5
5
5
5
5
5
5
5
5
5
5
5
5
5
5
5
5
5
5
5
5
5
5
5
5
5
5
5
5
5
5
5
5
5
5
5
5
5
5
5
5
5
5
5
5
5
5
5
5
5
5
5
5
5
5
5
5
5
5
5
5
5
5
5
5
5
5
5
5
5
5
5
5
5
5
5
5
5
5
5
5
5
5
5
5
5
5
5
5
5
5
5
5
5
5
5
5
5
5
5
5
5
5
5
5
5
5
5
5
5
5
5
5
5
5
5
5
5
5
5
5
5
5
5
5
5
5
5
5
5
5
5
5
5
5
5
5
5
5
5
5
5
5
5
5
5
5
5
5
5
5
5
5
5
5
5
5
5
5
5
5
5
5
5
5
5
5
5
5
5
5
5
5
5
5
5
5
5
5
5
5
5
5
5
5
5
5
5
5
5
5
5
5
5
5
5
5
5
5
5
5
5
5
5
5
5
5
5
5
5
5
5
5
5
5
5
5
5
5
5
5
5
5
5
5
5
5
5
5
5
5
5
5
5
5
5
5
5
5
5
5
5
5
5
5
5
5
5
5
5
5
5
5
5
5
5
5
5
5
5
5
5
5
5
5
5
5
5
5
5
5
5
5
5
5
5
5
5
5
5
5
5
5
5
5
5
5
5
5
5
5
5
5
5
5
5
5
5
5
5
5
5
5
5
5
5
5
5
5
5
5
5
5
5
5
5
5
5
5
5
5
5
5
5
5
5
5
5
5
5
5
5
5
5
5
5
5
5
5
5
5
5
5
5
5
5
5
5
5
5
5
5
5
5
5
5
5
5
5
5
5
5
5
5
5
5
5
5
5
5
5
5
5
5
5
5
5
5
5
5
5
5
5
5
5
5
5
5
5
5
5
5
5
5
5
5
5
5
5
5
5
5
5
5
5
5
5
5
5
5
5
5
5
5
5
5
5
5
5
5
5
5
5
5
5
5
5
5
5
5
5
5
5
5
5
5
5
5
5
5
5
5
5
5
5
5
5
5
5
5
5
5
5
5
5
5
5
5
5
5
5
5
5
5
5
5
5
5
5
5
5
5
5
5
5
5
5
5
5
5
5
5
5
5
5
5
5
5
5
5
5
5
5
5
5
5
5
5
5
5
5
5
5
5
5
5
5
5
5
5
5
5
5
5
5
5
5
5
5
5
5
5
5
5
5
5
5
5
5
5
5
5
5
5
5
5
5
5
5
5
5
5
5
5
5
5
5
5
5
5
5
5
5
5
5
5
5
5
5
5
5
5
5
5
5
5
5
5
5
5
5
5
5
5
5
5
5
5
5
5
5
5
5
5
5
5
5
5
5
5
5
5
5
5
5
5
5
5
5
5
5
5
5
5
5
5
5
5
5
5
5
5
5
5
5
5
5
5
5
5
5
5
5
5
5
5
5
5
5
5
5
5
5
5
5
5
5
5
5
5
5
5
5
5
5
5
5
5
5
5
5
5
5
5
5
5
5
5
5
5
5
5
5
5
5
5
5
5
5
5
5
5
5
5
5
5
5
5
5
5
5
5
5
5
5
5
5
5
5
5
5
5
5
5
5
5
5
5
5
5
5
5
5
5
5
5
5
5
5
5
5
5
5
5
5
5
5
5
5
5
5
5
5
5
5
5
5
5
5
5
5
5
5
5
5
5
5
5
5
5
5
5
5
5
5
5
5
5
5
5
5
5
5
5
5
5
5
5
5
5
5
5
5
5
5
5
5
5
5
5
5
5
5
5
5
5
5
5
5
5
5
5
5
5
5
5
5
5
5
5
5
5
5
5
5
5
5
5
5
5
5
5
5
5
5
5
5
5
5
5
5
5
5
5
5
5
5
5
5
5
5
5
5
5
5
5
5
5
5
5
5
5
5
5
5
5
5
5
5
5
5
5
5
5
5
5
5
5
5
5
5
5
5
5
5
5
5
5
5
5
5
5
5
5
5
5
5
5
5
5
5
5
5
5
5
5
5
5
5
5
5
5
5
5
5
5
5
5
5
5
5
5
5
5
5
5
5
5
5
5
5
5
5
5
5
5
5
5
5
5
5
5
5
5
5
5
5
5
5
5
5
5
5
5
5
5
5
5
5
5
5
5
5
5
5
5
5
5
5
5
5
5
5
5
5
5
5
5
5
5
5
5
5
5
5
5
5
5
5
5
5
5
5
5
5
5
5
5
5
5
5
5
5
5
5
5
5
5
5
5
5
5
5
5
5
5
5
5
5
5
5
5
5
5
5
5
5
5
5
5
5
5
5
5
5
5
5
5
5
5
5
5
5
5
5
5
5
5
5
5
5
5
5
5
5
5
5
5
5
5
5
5
5
5
5
5
5
5
5
5
5
5
5
5
5
5
5
5
5
5
5
5
5
5
5
5
5
5
5
5
5
5
5
5
5
5
5
5
5
5
5
5
5
5
5
5
5
5
5
5
5
5
5
5
5
5
5
5
5
5
5
5
5
5
5
5
5
5
5
5
5
5
5
5
5
5
5
5
5
5
5
5
5
5
5
5
5
5
5
5
5
5
5
5
5
5
5
5
5
5
5
5
5
5
5
5
5
5
5
5
5
5
5
5
5
5
5
5
5
5
5
5
5
5
5
5
5
5
5
5
5
5
5
5
5
5
5
5
5
5
5
5
5
5
5
5
5
5
5
5
5
5
5
5
5
5
5
5
5
5
5
5
5
5
5
5
5
5
5
5
5
5
5
5
5
5
5
5
5
5
5
5
5
5
5
5
5
5
5
5
5
5
5
5
5
5
5
5
5
5
5
5
5
5
5
5
5
5
5
5
5
5
5
5
5
5
5
5
5
5
5
5
5
5
5
5
5
5
5
5
5
5
5
5
5
5
5
5
5
5
5
5
5
5
5
5
5
5
5
5
5
5
5
5
5
5
5
5
5
5
5
5
5
5
5
5
5
5
5
5
5
5
5
5
5
5
5
5
5
5
5
5
5
5
5
5
5
5
5
5
5
5
5
5
5
5
5
5
5
5
5
5
5
5
5
5
5
5
5
5
5
5
5
5
5
5
5
5
5
5
5
5
5
5
5
5
5
5
5
5
5
5
5
5
5
5
5
5
5
5
5
5
5
5
5
5
5
5
5
5
5
5
5
5
5
5
5
5
5
5
5
5
5
5
5
5
5
5
5
5
5
5
5
5
5
5
5
5
5
5
5
5
5
5
5
5
5
5
5
5
5
5
5
5
5
5
5
5
5
5
5
5
5
5
5
5
5
5
5
5
5
5
5
5
5
5
5
5
5
5
5
5
5
5
5
5
5
5
5
5
5
5
5
5
5
5
5
5
5
5
5
5
5
5
5
5
5
5
5
5
5
5
5
5
5
5
5
5
5
5
5
5
5
5
5
5
5
5
5
5
5
5
5
5
5
5
5
5
5
5
5
5
5
5
5
5
5
5
5
5
5
5
5
5
5
5
5
5
5
5
5
5
5
5
5
5
5
5
5
5
5
5
5
5
5
5
5
5
5
5
5
5
5
5
5
5
5
5
5
5
5
5
5
5
5
5
5
5
5
5
5
5
5
5
5
5
5
5
5
5
5
5
5
5
5
5
5
5
5
5
5
5
5
5
5
5
5
5
5
5
5
5
5
5
5
5
5
5
5
5
5
5
5
5
5
5
5
5
5
5
5
5
5
5
5
5
5
5
5
5
5
5
5
5
5
5
5
5
5
5
5
5
5
5
5
5
5
5
5
5
5
5
5
5
5
5
5
5
5
5
5
5
5
5
5
5
5
5
5
5
5
5
5
5
5
5
5
5
5
5
5
5
5
5
5
5
5
5
5
5
5
5
5
5
5
5
5
5
5
5
5
5
5
5
5
5
5
5
5
5
5
5
5
5
5
5
5
5
5
5
5
5
5
5
5
5
5
5
5
5
5
5
5
5
5
5
5
5
5
5
5
5
5
5
5
5
5
POINT_DATA 945
FIELD FieldData 2
VELOCITY 3 945  float
1.0000000e-01 0.0000000e+00 0.0000000e+00 
1.0000004e-01 0.0000000e+00 0.0000000e+00 
1.0000002e-01 0.0000000e+00 0.0000000e+00 
1.0000000e-01 0.0000000e+00 0.0000000e+00 
0.0000000e+00 0.0000000e+00 0.0000000e+00 
0.0000000e+00 0.0000000e+00 0.0000000e+00 
0.0000000e+00 0.0000000e+00 0.0000000e+00 
0.0000000e+00 0.0000000e+00 0.0000000e+00 
0.0000000e+00 0.0000000e+00 0.0000000e+00 
0.0000000e+00 0.0000000e+00 0.0000000e+00 
0.0000000e+00 0.0000000e+00 0.0000000e+00 
0.0000000e+00 0.0000000e+00 0.0000000e+00 
0.0000000e+00 0.0000000e+00 0.0000000e+00 
0.0000000e+00 0.0000000e+00 0.0000000e+00 
0.0000000e+00 0.0000000e+00 0.0000000e+00 
0.0000000e+00 0.0000000e+00 0.0000000e+00 
0.0000000e+00 0.0000000e+00 0.0000000e+00 
0.0000000e+00 0.0000000e+00 0.0000000e+00 
0.0000000e+00 0.0000000e+00 0.0000000e+00 
0.0000000e+00 0.0000000e+00 0.0000000e+00 
0.0000000e+00 0.0000000e+00 0.0000000e+00 
0.0000000e+00 0.0000000e+00 0.0000000e+00 
0.0000000e+00 0.0000000e+00 0.0000000e+00 
0.0000000e+00 0.0000000e+00 0.0000000e+00 
0.0000000e+00 0.0000000e+00 0.0000000e+00 
0.0000000e+00 0.0000000e+00 0.0000000e+00 
0.0000000e+00 0.0000000e+00 0.0000000e+00 
0.0000000e+00 0.0000000e+00 0.0000000e+00 
0.0000000e+00 0.0000000e+00 0.0000000e+00 
0.0000000e+00 0.0000000e+00 0.0000000e+00 
0.0000000e+00 0.0000000e+00 0.0000000e+00 
0.0000000e+00 0.0000000e+00 0.0000000e+00 
0.0000000e+00 0.0000000e+00 0.0000000e+00 
0.0000000e+00 0.0000000e+00 0.0000000e+00 
0.0000000e+00 0.0000000e+00 0.0000000e+00 
0.0000000e+00 0.0000000e+00 0.0000000e+00 
1.0023210e-01 -5.1698788e-26 0.0000000e+00 
1.0091518e-01 0.0000000e+00 0.0000000e+00 
1.0197940e-01 0.0000000e+00 0.0000000e+00 
1.0369078e-01 0.0000000e+00 0.0000000e+00 
1.0613501e-01 1.6543612e-24 0.0000000e+00 
1.0927425e-01 1.6543612e-24 0.0000000e+00 
1.1291321e-01 1.6543612e-24 0.0000000e+00 
1.1630084e-01 0.0000000e+00 0.0000000e+00 
1.1886422e-01 6.6174449e-24 0.0000000e+00 
1.1966953e-01 0.0000000e+00 0.0000000e+00 
1.1855175e-01 0.0000000e+00 0.0000000e+00 
1.1589476e-01 0.0000000e+00 0.0000000e+00 
1.1234681e-01 0.0000000e+00 0.0000000e+00 
1.0866068e-01 -6.6174449e-24 0.0000000e+00 
1.0548171e-01 -6.6174449e-24 0.0000000e+00 
1.0321133e-01 -6.6174449e-24 0.0000000e+00 
1.0180824e-01 0.0000000e+00 0.0000000e+00 
1.0100273e-01 0.0000000e+00 0.0000000e+00 
1.0054268e-01 0.0000000e+00 0.0000000e+00 
1.0029738e-01 1.0339758e-25 0.0000000e+00 
1.0016311e-01 1.0339758e-25 0.0000000e+00 
1.0008985e-01 1.0339758e-25 0.0000000e+00 
1.0004889e-01 5.1698788e-26 0.0000000e+00 
1.0002635e-01 5.1698788e-26 0.0000000e+00 
1.0001451e-01 5.1698788e-26 0.0000000e+00 
1.0000788e-01 2.5849394e-26 0.0000000e+00 
1.0000432e-01 2.5849394e-26 0.0000000e+00 
1.0000236e-01 2.5849394e-26 0.0000000e+00 
1.0000128e-01 -3.2311743e-27 0.0000000e+00 
1.0000070e-01 -3.2311743e-27 0.0000000e+00 
1.0000039e-01 -3.2311743e-27 0.0000000e+00 
1.0000022e-01 4.4807299e-27 0.0000000e+00 
1.0000013e-01 4.4807299e-27 0.0000000e+00 
1.0000008e-01 4.4807299e-27 0.0000000e+00 
1.0000005e-01 -8.0779357e-28 0.0000000e+00 
1.0000003e-01 1.0318631e-08 0.0000000e+00 
1.0000002e-01 1.5945604e-08 0.0000000e+00 
9.9999994e-02 1.6350043e-08 0.0000000e+00 
9.9999987e-02 1.0885931e-08 0.0000000e+00 
9.9999979e-02 1.3878970e-09 0.0000000e+00 
9.9999979e-02 -8.1691578e-09 0.0000000e+00 
9.9999987e-02 -1.5324138e-08 0.0000000e+00 
1.0000000e-01 -1.4157342e-08 0.0000000e+00 
1.0000001e-01 -9.3854062e-09 0.0000000e+00 
1.0000002e-01 1.6155871e-27 0.0000000e+00 
1.0000005e-01 1.6155871e-27 0.0000000e+00 
1.0000010e-01 1.6155871e-27 0.0000000e+00 
1.0000019e-01 1.6155871e-27 0.0000000e+00 
1.0000036e-01 1.6155871e-27 0.0000000e+00 
1.0000066e-01 1.6155871e-27 0.0000000e+00 
1.0000124e-01 1.6155871e-27 0.0000000e+00 
1.0000232e-01 1.2924697e-26 0.0000000e+00 
1.0000425e-01 1.2924697e-26 0.0000000e+00 
1.0000776e-01 1.2924697e-26 0.0000000e+00 
1.0001425e-01 0.0000000e+00 0.0000000e+00 
1.0002636e-01 0.0000000e+00 0.0000000e+00 
1.0004854e-01 0.0000000e+00 0.0000000e+00 
1.0008916e-01 -2.0679515e-25 0.0000000e+00 
1.0016407e-01 -2.0679515e-25 0.0000000e+00 
1.0030072e-01 -2.0679515e-25 0.0000000e+00 
1.0055041e-01 0.0000000e+00 0.0000000e+00 
1.0100910e-01 0.0000000e+00 0.0000000e+00 
1.0180574e-01 0.0000000e+00 0.0000000e+00 
1.0320035e-01 0.0000000e+00 0.0000000e+00 
1.0547619e-01 0.0000000e+00 0.0000000e+00 
1.0866065e-01 0.0000000e+00 0.0000000e+00 
1.1229166e-01 0.0000000e+00 0.0000000e+00 
1.1590975e-01 0.0000000e+00 0.0000000e+00 
1.1863097e-01 0.0000000e+00 0.0000000e+00 
1.1973041e-01 1.3234890e-23 0.0000000e+00 
1.1885157e-01 1.3234890e-23 0.0000000e+00 
1.1633912e-01 1.3234890e-23 0.0000000e+00 
1.1298817e-01 0.0000000e+00 0.0000000e+00 
1.0935716e-01 0.0000000e+00 0.0000000e+00 
1.0615022e-01 0.0000000e+00 0.0000000e+00 
1.0371506e-01 0.0000000e+00 0.0000000e+00 
1.0197666e-01 0.0000000e+00 0.0000000e+00 
1.0089293e-01 0.0000000e+00 0.0000000e+00 
1.0022268e-01 0.0000000e+00 0.0000000e+00 
1.0000000e-01 0.0000000e+00 0.0000000e+00 
1.0000000e-01 0.0000000e+00 0.0000000e+00 
1.0000000e-01 0.0000000e+00 0.0000000e+00 
1.0000000e-01 0.0000000e+00 0.0000000e+00 
1.0000000e-01 0.0000000e+00 0.0000000e+00 
1.0000000e-01 0.0000000e+00 0.0000000e+00 
1.0000000e-01 0.0000000e+00 0.0000000e+00 
1.0000000e-01 0.0000000e+00 0.0000000e+00 
1.0000000e-01 0.0000000e+00 0.0000000e+00 
1.0959242e-02 9.1756051e-03 0.0000000e+00 
1.0217123e-01 -1.0662131e-03 0.0000000e+00 
1.0392259e-01 1.9655249e-03 0.0000000e+00 
1.0010622e-01 6.0359213e-05 0.0000000e+00 
1.0000494e-01 2.8486872e-06 0.0000000e+00 
1.0000043e-01 -2.3949562e-07 0.0000000e+00 
1.0428812e-01 -2.2849804e-03 0.0000000e+00 
1.0062972e-01 3.6711947e-04 0.0000000e+00 
1.0452592e-01 1.9171871e-03 0.0000000e+00 
9.9841714e-02 -2.4744356e-04 0.0000000e+00 
1.0003067e-01 -1.8520155e-05 0.0000000e+00 
1.0035399e-01 -2.0594934e-04 0.0000000e+00 
1.0000078e-01 4.8883641e-07 0.0000000e+00 
1.0000274e-01 -1.5253801e-06 0.0000000e+00 
1.1037537e-01 -2.9901851e-03 0.0000000e+00 
9.9999972e-02 1.1898551e-08 0.0000000e+00 
1.1433329e-01 2.9925283e-03 0.0000000e+00 
1.1495408e-01 2.4753259e-03 0.0000000e+00 
1.1490830e-01 -3.0456507e-03 0.0000000e+00 
1.2009703e-01 -1.0825923e-03 0.0000000e+00 
1.0000014e-01 8.5870774e-08 0.0000000e+00 
1.2000811e-01 1.0562642e-03 0.0000000e+00 
9.9933967e-02 5.0361844e-04 0.0000000e+00 
9.9999972e-02 -1.8030491e-08 0.0000000e+00 
1.0001686e-01 9.5092300e-06 0.0000000e+00 
1.0000896e-01 -5.2618320e-06 0.0000000e+00 
1.0010434e-01 -6.2128755e-05 0.0000000e+00 
1.0000011e-01 -7.2368614e-08 0.0000000e+00 
9.9999771e-02 -6.2292808e-04 0.0000000e+00 
1.0126146e-01 8.0016319e-04 0.0000000e+00 
1.0000001e-01 2.5356259e-08 0.0000000e+00 
1.0120759e-01 -8.9620199e-04 0.0000000e+00 
1.0000001e-01 -1.8684808e-08 0.0000000e+00 
1.0000005e-01 2.2412301e-08 0.0000000e+00 
1.0005666e-01 5.0416554e-04 0.0000000e+00 
1.1782940e-01 2.3331635e-03 0.0000000e+00 
1.1735602e-01 5.9845885e-03 0.0000000e+00 
1.1262573e-01 6.3668019e-03 0.0000000e+00 
1.1507878e-01 1.0226022e-02 0.0000000e+00 
1.2021194e-01 9.8043438e-03 0.0000000e+00 
1.1831575e-01 1.5281701e-02 0.0000000e+00 
1.1206964e-01 1.4462173e-02 0.0000000e+00 
1.1467890e-01 2.1878378e-02 0.0000000e+00 
1.0745446e-01 1.8266456e-02 0.0000000e+00 
1.0606383e-01 2.6788469e-02 0.0000000e+00 
1.0091363e-01 1.9949423e-02 0.0000000e+00 
9.5832266e-02 2.6319493e-02 0.0000000e+00 
9.4138697e-02 1.8602749e-02 0.0000000e+00 
8.6808652e-02 2.2305977e-02 0.0000000e+00 
8.8635482e-02 1.4543077e-02 0.0000000e+00 
7.9943754e-02 1.4870401e-02 0.0000000e+00 
8.5661091e-02 8.6073615e-03 0.0000000e+00 
7.7978306e-02 5.5951523e-03 0.0000000e+00 
8.5696906e-02 2.5381825e-03 0.0000000e+00 
8.9966610e-02 5.2015767e-03 0.0000000e+00 
9.0608411e-02 1.0427443e-03 0.0000000e+00 
8.1721164e-02 -2.5127833e-03 0.0000000e+00 
9.3463778e-02 3.1649831e-03 0.0000000e+00 
9.3984604e-02 1.9045192e-04 0.0000000e+00 
1.4008486e-02 1.1456731e-02 0.0000000e+00 
2.6877893e-03 4.4902759e-03 0.0000000e+00 
9.5873378e-02 1.9418476e-03 0.0000000e+00 
9.6253179e-02 4.9650766e-06 0.0000000e+00 
1.2462738e-01 1.3234413e-02 0.0000000e+00 
9.9449821e-02 1.3927990e-02 0.0000000e+00 
9.7474255e-02 1.1716046e-03 0.0000000e+00 
9.7770698e-02 -1.5105959e-04 0.0000000e+00 
7.2476484e-02 -3.9162911e-03 0.0000000e+00 
8.0018707e-02 -1.0473689e-02 0.0000000e+00 
7.4498857e-05 -8.0281281e-04 0.0000000e+00 
9.8445453e-02 5.9358042e-04 0.0000000e+00 
9.8727271e-02 -2.2135625e-04 0.0000000e+00 
9.9101931e-02 2.8357899e-04 0.0000000e+00 
9.9270411e-02 -1.2302566e-04 0.0000000e+00 
9.9486873e-02 1.5290357e-04 0.0000000e+00 
9.9583313e-02 -8.3938910e-05 0.0000000e+00 
9.9703029e-02 8.0366743e-05 0.0000000e+00 
6.9862440e-02 -1.6840506e-02 0.0000000e+00 
8.1753030e-02 -1.9563343e-02 0.0000000e+00 
8.7653771e-02 -1.4278910e-02 0.0000000e+00 
7.6383479e-02 -2.8087597e-02 0.0000000e+00 
8.8519022e-02 -2.6982464e-02 0.0000000e+00 
8.7078415e-02 -3.5457257e-02 0.0000000e+00 
9.8100945e-02 -3.0248646e-02 0.0000000e+00 
1.0061558e-01 -3.9086308e-02 0.0000000e+00 
1.0780066e-01 -3.0044278e-02 0.0000000e+00 
1.1459749e-01 -3.5122782e-02 0.0000000e+00 
1.0324235e-01 -2.3590924e-02 0.0000000e+00 
1.1604682e-01 -2.6247593e-02 0.0000000e+00 
1.2429979e-01 -2.7794190e-02 0.0000000e+00 
2.6465174e-02 -1.5169485e-02 0.0000000e+00 
5.2198614e-03 -5.6058629e-03 0.0000000e+00 
9.9769965e-02 -5.1874511e-05 0.0000000e+00 
9.9832594e-02 3.7485410e-05 0.0000000e+00 
9.9877812e-02 -4.3530483e-05 0.0000000e+00 
9.9909790e-02 1.5706562e-05 0.0000000e+00 
1.2131698e-01 -2.0391477e-02 0.0000000e+00 
1.2877809e-01 -1.9350734e-02 0.0000000e+00 
9.5551603e-02 -1.8430933e-03 0.0000000e+00 
9.9934451e-02 -2.5786458e-05 0.0000000e+00 
9.9949993e-02 7.2216712e-06 0.0000000e+00 
9.9964261e-02 -1.5099195e-05 0.0000000e+00 
9.9972397e-02 3.0092513e-06 0.0000000e+00 
1.1379088e-01 3.0489171e-02 0.0000000e+00 
9.9980652e-02 -8.9224677e-06 0.0000000e+00 
9.9984854e-02 1.1207732e-06 0.0000000e+00 
9.9989377e-02 -5.0944695e-06 0.0000000e+00 
9.9991664e-02 3.8154326e-07 0.0000000e+00 
6.0195178e-02 -5.1025157e-03 0.0000000e+00 
9.9994309e-02 -2.9516682e-06 0.0000000e+00 
9.9995360e-02 5.6172581e-08 0.0000000e+00 
9.9996984e-02 -1.8982536e-06 0.0000000e+00 
9.9997491e-02 -1.2112272e-07 0.0000000e+00 
9.9998422e-02 -1.0715695e-06 0.0000000e+00 
9.9998645e-02 -1.0304865e-07 0.0000000e+00 
1.3393417e-01 -2.6903430e-02 0.0000000e+00 
1.3648841e-01 -1.5261415e-02 0.0000000e+00 
5.1764697e-02 -1.0117674e-02 0.0000000e+00 
9.9269658e-02 -5.9759244e-04 0.0000000e+00 
9.8679028e-02 1.5692422e-03 0.0000000e+00 
8.7688655e-02 3.3536121e-02 0.0000000e+00 
9.6266441e-02 4.4696457e-03 0.0000000e+00 
9.9999152e-02 -5.9583715e-07 0.0000000e+00 
9.9999256e-02 -7.4052906e-08 0.0000000e+00 
9.9999547e-02 -3.3806316e-07 0.0000000e+00 
9.9999599e-02 -5.2617999e-08 0.0000000e+00 
9.9999510e-02 2.1330165e-07 0.0000000e+00 
9.9999733e-02 1.0870311e-07 0.0000000e+00 
9.9998407e-02 8.0829494e-07 0.0000000e+00 
1.0734092e-01 1.3138941e-02 0.0000000e+00 
1.2352701e-01 -1.4471211e-02 0.0000000e+00 
9.9999763e-02 -1.9508626e-07 0.0000000e+00 
9.9990979e-02 6.0085258e-06 0.0000000e+00 
1.1484668e-01 -1.9127641e-02 0.0000000e+00 
9.9949226e-02 4.1628871e-05 0.0000000e+00 
9.9702373e-02 2.6912754e-04 0.0000000e+00 
1.4284025e-01 -1.8920155e-02 0.0000000e+00 
1.4232150e-01 -8.0912746e-03 0.0000000e+00 
1.3456696e-01 -7.5801071e-03 0.0000000e+00 
1.3742028e-01 -9.2256558e-04 0.0000000e+00 
1.4637443e-01 1.8478137e-03 0.0000000e+00 
1.3781479e-01 7.0035048e-03 0.0000000e+00 
5.8142707e-02 4.4850010e-02 0.0000000e+00 
1.4394683e-01 1.3093700e-02 0.0000000e+00 
1.3490674e-01 1.4525241e-02 0.0000000e+00 
7.4362166e-02 2.4763776e-02 0.0000000e+00 
1.3106078e-01 8.4959948e-03 0.0000000e+00 
1.2775335e-01 1.3767107e-02 0.0000000e+00 
1.2967545e-01 2.2085896e-02 0.0000000e+00 
1.2271962e-01 1.7773427e-02 0.0000000e+00 
1.2121484e-01 2.5288321e-02 0.0000000e+00 
1.1672882e-01 1.9481707e-02 0.0000000e+00 
1.1323345e-01 2.5420858e-02 0.0000000e+00 
3.0982004e-02 4.0911783e-02 0.0000000e+00 
1.1095982e-01 1.8946361e-02 0.0000000e+00 
1.0600599e-01 2.2823568e-02 0.0000000e+00 
1.0614400e-01 1.7075785e-02 0.0000000e+00 
1.0129490e-01 1.9051323e-02 0.0000000e+00 
1.0251683e-01 1.4384274e-02 0.0000000e+00 
9.7648956e-02 1.5425168e-02 0.0000000e+00 
1.0012989e-01 1.1171829e-02 0.0000000e+00 
9.6547417e-02 1.0553681e-02 0.0000000e+00 
9.2669979e-02 1.3047653e-02 0.0000000e+00 
9.3400940e-02 8.5477903e-03 0.0000000e+00 
8.8899963e-02 9.3420949e-03 0.0000000e+00 
9.0855576e-02 5.6380695e-03 0.0000000e+00 
8.6901702e-02 4.4801384e-03 0.0000000e+00 
9.0444922e-02 2.0334104e-03 0.0000000e+00 
8.7150671e-02 -5.4868846e-04 0.0000000e+00 
9.1091663e-02 -1.2597447e-03 0.0000000e+00 
8.9339770e-02 -4.6391534e-03 0.0000000e+00 
9.2929929e-02 -3.8288715e-03 0.0000000e+00 
9.6157081e-02 7.0047202e-03 0.0000000e+00 
9.2483714e-02 -7.2264029e-03 0.0000000e+00 
8.7839834e-02 -9.5432997e-03 0.0000000e+00 
9.3392417e-02 -1.1125808e-02 0.0000000e+00 
8.9970157e-02 -1.6449541e-02 0.0000000e+00 
1.4583907e-02 -2.4200760e-02 0.0000000e+00 
9.6089676e-02 -1.5264775e-02 0.0000000e+00 
9.5090449e-02 -2.1183286e-02 0.0000000e+00 
9.3300901e-02 1.2606741e-03 0.0000000e+00 
9.5222577e-02 -5.4170275e-03 0.0000000e+00 
1.0029764e-01 -1.8245684e-02 0.0000000e+00 
1.0118024e-01 -2.4396466e-02 0.0000000e+00 
4.7996737e-02 -4.8284449e-02 0.0000000e+00 
1.0558433e-01 -1.9584402e-02 0.0000000e+00 
1.0840945e-01 -2.5224546e-02 0.0000000e+00 
8.7493539e-02 -1.4372823e-02 0.0000000e+00 
7.1391217e-02 -3.8472995e-02 0.0000000e+00 
1.0010856e-01 -1.3430242e-02 0.0000000e+00 
9.9552825e-02 2.5895698e-02 0.0000000e+00 
8.3323315e-02 -1.4118548e-02 0.0000000e+00 
1.0613646e-01 1.2463662e-02 0.0000000e+00 
8.2485788e-02 9.0831844e-03 0.0000000e+00 
1.1121075e-01 -1.8588701e-02 0.0000000e+00 
1.1633866e-01 -2.3786807e-02 0.0000000e+00 
1.0811438e-01 -1.4708169e-02 0.0000000e+00 
9.4954804e-02 -2.9354662e-02 0.0000000e+00 
9.5374264e-02 -2.9422033e-03 0.0000000e+00 
9.7314186e-02 -4.1321903e-03 0.0000000e+00 
9.7169615e-02 -2.1272600e-03 0.0000000e+00 
9.8511174e-02 -2.8244900e-03 0.0000000e+00 
1.2543891e-01 8.5850041e-03 0.0000000e+00 
1.2726407e-01 4.3804301e-03 0.0000000e+00 
1.1647991e-01 -1.6130408e-02 0.0000000e+00 
1.2208299e-01 -1.8503994e-02 0.0000000e+00 
1.2377640e-01 -2.5352843e-02 0.0000000e+00 
1.2969919e-01 -1.9606763e-02 0.0000000e+00 
1.2501830e-01 -1.3294303e-02 0.0000000e+00 
1.3118263e-01 -1.1579542e-02 0.0000000e+00 
1.3813600e-01 -1.5896821e-02 0.0000000e+00 
5.4785822e-02 9.9992119e-03 0.0000000e+00 
1.2605503e-01 -8.0629522e-03 0.0000000e+00 
1.3694935e-01 -7.0635485e-03 0.0000000e+00 
1.4675976e-01 -8.6566508e-03 0.0000000e+00 
1.1416648e-01 1.4659940e-02 0.0000000e+00 
1.1644819e-01 3.2893199e-02 0.0000000e+00 
6.8675324e-02 -3.5843059e-02 0.0000000e+00 
9.9999771e-02 3.0527610e-07 0.0000000e+00 
9.9999875e-02 1.6386852e-07 0.0000000e+00 
1.0928378e-01 -4.2963784e-02 0.0000000e+00 
9.9881634e-02 -1.3928386e-04 0.0000000e+00 
1.3681939e-01 -3.0136343e-02 0.0000000e+00 
1.4171495e-01 -4.1891591e-04 0.0000000e+00 
1.3405924e-01 -1.8202508e-04 0.0000000e+00 
1.4906205e-01 2.6809946e-03 0.0000000e+00 
9.9244215e-02 -4.3713539e-03 0.0000000e+00 
1.4610073e-01 -2.0312233e-02 0.0000000e+00 
9.9967264e-02 -4.2180458e-05 0.0000000e+00 
9.9999852e-02 5.5200911e-08 0.0000000e+00 
1.5134823e-01 8.9111617e-03 0.0000000e+00 
1.4810044e-01 2.1411408e-02 0.0000000e+00 
9.9991202e-02 -1.2826622e-05 0.0000000e+00 
1.4946087e-01 1.5345759e-02 0.0000000e+00 
1.4953431e-01 9.2118012e-04 0.0000000e+00 
1.2306852e-01 4.8910230e-03 0.0000000e+00 
9.9999368e-02 -1.2814496e-06 0.0000000e+00 
1.2420680e-01 8.1356717e-03 0.0000000e+00 
1.4286715e-01 8.6904420e-03 0.0000000e+00 
1.4693883e-01 1.4575515e-02 0.0000000e+00 
1.4034122e-01 1.8360116e-02 0.0000000e+00 
1.3942309e-01 2.6793368e-02 0.0000000e+00 
9.9997886e-02 -4.7316298e-06 0.0000000e+00 
9.8434791e-02 -1.5873754e-03 0.0000000e+00 
9.7631961e-02 -6.4109283e-04 0.0000000e+00 
1.2162758e-01 -9.6135149e-03 0.0000000e+00 
1.2260406e-01 -5.3954353e-03 0.0000000e+00 
9.9815823e-02 -2.8602802e-03 0.0000000e+00 
1.2073011e-01 7.8511853e-03 0.0000000e+00 
9.9999927e-02 8.7006526e-08 0.0000000e+00 
1.4925797e-01 8.7286560e-03 0.0000000e+00 
9.9999964e-02 2.7226159e-07 0.0000000e+00 
9.9999957e-02 4.9692062e-07 0.0000000e+00 
9.9999845e-02 -4.0532268e-07 0.0000000e+00 
9.9999920e-02 -2.1482946e-07 0.0000000e+00 
1.4518240e-01 3.0430701e-02 0.0000000e+00 
1.4157483e-01 3.2107960e-02 0.0000000e+00 
1.3711618e-01 4.2887945e-02 0.0000000e+00 
9.9999875e-02 -1.0557884e-07 0.0000000e+00 
9.9999964e-02 -1.1504329e-07 0.0000000e+00 
1.3379183e-01 2.7145050e-02 0.0000000e+00 
1.2822092e-01 3.6116756e-02 0.0000000e+00 
1.2593812e-01 3.4168068e-02 0.0000000e+00 
1.1111315e-01 4.3384694e-02 0.0000000e+00 
9.3944080e-02 3.8300361e-02 0.0000000e+00 
8.3449885e-02 4.3802112e-02 0.0000000e+00 
9.9518463e-02 4.6481110e-02 0.0000000e+00 
7.4826516e-02 4.5487374e-02 0.0000000e+00 
1.0094199e-01 -3.7818281e-03 0.0000000e+00 
1.0106032e-01 -5.8228578e-03 0.0000000e+00 
1.0000015e-01 3.3386939e-07 0.0000000e+00 
8.9572981e-02 4.5782592e-02 0.0000000e+00 
6.8753585e-02 4.3015864e-02 0.0000000e+00 
4.8386540e-02 3.7465233e-02 0.0000000e+00 
4.7946762e-02 3.4176894e-02 0.0000000e+00 
9.9999927e-02 -5.6574880e-08 0.0000000e+00 
1.0431371e-01 3.0117299e-02 0.0000000e+00 
1.1964596e-01 4.5465142e-03 0.0000000e+00 
1.2438895e-01 8.8263291e-04 0.0000000e+00 
1.2589838e-01 -2.9700012e-03 0.0000000e+00 
9.9999972e-02 -6.4680343e-08 0.0000000e+00 
1.2234403e-01 -2.0811053e-03 0.0000000e+00 
9.8780632e-02 -6.5095775e-04 0.0000000e+00 
9.8441504e-02 2.3270868e-04 0.0000000e+00 
9.9270999e-02 -1.2148012e-03 0.0000000e+00 
9.7000733e-02 7.7747589e-04 0.0000000e+00 
9.8405600e-02 1.3316771e-03 0.0000000e+00 
9.7515278e-02 2.4369627e-03 0.0000000e+00 
9.8946169e-02 2.2879941e-03 0.0000000e+00 
9.8602019e-02 3.9697848e-03 0.0000000e+00 
9.9939175e-02 2.9478266e-03 0.0000000e+00 
1.0048968e-01 4.4091726e-03 0.0000000e+00 
9.9820681e-02 1.8850171e-03 0.0000000e+00 
2.7808240e-02 2.5356388e-02 0.0000000e+00 
3.2841973e-02 2.1895153e-02 0.0000000e+00 
5.2042078e-02 2.9070836e-02 0.0000000e+00 
1.6025245e-02 1.2634877e-02 0.0000000e+00 
2.5294343e-02 7.9807928e-03 0.0000000e+00 
9.9999912e-02 2.7682917e-08 0.0000000e+00 
1.0125095e-01 2.9463181e-03 0.0000000e+00 
1.1990454e-01 -3.6326798e-03 0.0000000e+00 
1.2796815e-02 -2.0167896e-05 0.0000000e+00 
2.5616726e-02 -6.5057287e-03 0.0000000e+00 
1.7869219e-02 -1.2872128e-02 0.0000000e+00 
3.4160171e-02 -2.0748306e-02 0.0000000e+00 
3.0791130e-02 -2.5922775e-02 0.0000000e+00 
1.3083677e-01 2.0072836e-02 0.0000000e+00 
1.3567998e-01 1.2671507e-02 0.0000000e+00 
1.3233429e-01 3.9020453e-02 0.0000000e+00 
1.2584543e-01 4.9832515e-02 0.0000000e+00 
1.2396752e-01 2.1511719e-04 0.0000000e+00 
1.3104042e-01 -2.5768897e-03 0.0000000e+00 
1.2810369e-01 -6.6975700e-03 0.0000000e+00 
9.9199958e-02 6.6729402e-04 0.0000000e+00 
1.4319551e-01 -2.1618892e-02 0.0000000e+00 
1.2532930e-01 -3.2177508e-02 0.0000000e+00 
1.2097739e-01 -3.9484948e-02 0.0000000e+00 
9.7872101e-02 -3.8532581e-02 0.0000000e+00 
1.2687154e-01 -2.0498797e-02 0.0000000e+00 
3.6904193e-02 1.5971836e-03 0.0000000e+00 
6.4237170e-02 2.7186062e-02 0.0000000e+00 
1.0000006e-01 -2.8900291e-07 0.0000000e+00 
1.0000011e-01 -5.9624608e-07 0.0000000e+00 
1.0610821e-01 4.2871259e-02 0.0000000e+00 
9.8941222e-02 -4.4674627e-02 0.0000000e+00 
6.9936953e-02 -3.8780108e-02 0.0000000e+00 
7.5901113e-02 -4.4675503e-02 0.0000000e+00 
4.6466809e-02 -3.4375060e-02 0.0000000e+00 
5.8016494e-02 -4.1177843e-02 0.0000000e+00 
7.9849213e-02 -4.5930605e-02 0.0000000e+00 
9.9999957e-02 4.1135912e-08 0.0000000e+00 
9.9999994e-02 7.8150343e-08 0.0000000e+00 
1.2519876e-02 -1.4390566e-02 0.0000000e+00 
1.0079293e-01 -2.4050267e-03 0.0000000e+00 
1.0009394e-01 -1.8774101e-03 0.0000000e+00 
1.4854406e-01 -9.6439775e-03 0.0000000e+00 
5.5133708e-02 -1.6665628e-02 0.0000000e+00 
1.5099801e-01 -1.3666438e-02 0.0000000e+00 
1.4853817e-01 -2.4172924e-02 0.0000000e+00 
1.4263655e-01 -3.2285407e-02 0.0000000e+00 
1.3874179e-01 -3.7791353e-02 0.0000000e+00 
1.3435183e-01 -4.3893173e-02 0.0000000e+00 
1.4839785e-01 -1.1923298e-02 0.0000000e+00 
8.3952799e-02 -2.1757331e-02 0.0000000e+00 
7.6552607e-02 -1.8861195e-02 0.0000000e+00 
7.6906405e-02 -1.0483284e-02 0.0000000e+00 
6.8234727e-02 -1.3047755e-02 0.0000000e+00 
6.6837884e-02 -2.4313359e-02 0.0000000e+00 
5.5979628e-02 -1.6102329e-02 0.0000000e+00 
6.1542369e-02 -4.2949985e-03 0.0000000e+00 
4.7346052e-02 -2.8149358e-03 0.0000000e+00 
5.8033161e-02 7.6251174e-03 0.0000000e+00 
6.8627141e-02 3.5421639e-03 0.0000000e+00 
6.8381958e-02 1.3004243e-02 0.0000000e+00 
5.9834052e-02 2.1024043e-02 0.0000000e+00 
7.1654752e-02 2.2303315e-02 0.0000000e+00 
6.6695146e-02 3.3234742e-02 0.0000000e+00 
7.8204080e-02 2.9945618e-02 0.0000000e+00 
7.8058489e-02 4.1506160e-02 0.0000000e+00 
8.1051849e-02 2.1041559e-02 0.0000000e+00 
5.0768450e-02 3.2433026e-02 0.0000000e+00 
5.4705102e-02 -3.1331051e-02 0.0000000e+00 
6.9262087e-02 -3.7059709e-02 0.0000000e+00 
5.8021724e-02 -4.6935573e-02 0.0000000e+00 
7.6676570e-02 -4.8805993e-02 0.0000000e+00 
8.7339848e-02 3.4560844e-02 0.0000000e+00 
9.1026440e-02 4.4655524e-02 0.0000000e+00 
8.1135266e-02 5.4066893e-02 0.0000000e+00 
9.8149009e-02 5.4412533e-02 0.0000000e+00 
1.0274997e-01 4.3476641e-02 0.0000000e+00 
8.1548788e-02 -3.7538223e-02 0.0000000e+00 
9.0249613e-02 -4.5320880e-02 0.0000000e+00 
8.9595459e-02 -5.6441963e-02 0.0000000e+00 
1.0224747e-01 -4.9075034e-02 0.0000000e+00 
1.0516436e-01 -5.8107052e-02 0.0000000e+00 
1.1495004e-01 -4.8299655e-02 0.0000000e+00 
1.0857330e-01 -4.0116131e-02 0.0000000e+00 
2.2650167e-02 2.2801256e-02 0.0000000e+00 
1.1767912e-01 5.1710937e-02 0.0000000e+00 
4.6722818e-02 4.6963144e-02 0.0000000e+00 
1.0000003e-01 -9.3486626e-08 0.0000000e+00 
1.1855158e-01 -3.7902862e-02 0.0000000e+00 
1.2296750e-01 2.0552522e-02 0.0000000e+00 
1.3368700e-01 -3.4650069e-02 0.0000000e+00 
9.9618949e-02 3.3322651e-02 0.0000000e+00 
1.0943218e-01 5.8648393e-02 0.0000000e+00 
3.3257846e-02 -4.3598861e-02 0.0000000e+00 
6.1003499e-02 -4.5941588e-02 0.0000000e+00 
3.4445368e-02 -1.2751763e-02 0.0000000e+00 
7.7879839e-02 -6.9223973e-04 0.0000000e+00 
1.2486903e-02 -1.0767631e-02 0.0000000e+00 
7.6574318e-02 -2.7119270e-02 0.0000000e+00 
7.8250834e-04 1.7109627e-03 0.0000000e+00 
1.9535728e-02 2.8840801e-02 0.0000000e+00 
1.0261017e-01 4.2936667e-03 0.0000000e+00 
1.0208057e-01 6.3226577e-03 0.0000000e+00 
1.0439160e-01 5.7496750e-03 0.0000000e+00 
6.9973335e-02 1.4163834e-03 0.0000000e+00 
1.1097395e-01 7.2992770e-03 0.0000000e+00 
6.6851579e-02 6.7510195e-03 0.0000000e+00 
6.9207631e-02 2.0281577e-02 0.0000000e+00 
1.0291295e-01 -4.3014269e-03 0.0000000e+00 
1.0368405e-01 -6.7864279e-03 0.0000000e+00 
1.4096935e-01 2.1581011e-02 0.0000000e+00 
1.0678508e-01 3.2225348e-02 0.0000000e+00 
1.4101181e-02 -1.3402903e-02 0.0000000e+00 
1.2325798e-01 -3.6496516e-02 0.0000000e+00 
1.2079278e-01 -4.9157903e-02 0.0000000e+00 
1.0000008e-01 1.8652490e-07 0.0000000e+00 
6.9248766e-02 3.6128584e-02 0.0000000e+00 
1.1728258e-01 6.6673825e-03 0.0000000e+00 
8.1415690e-02 1.6737037e-03 0.0000000e+00 
8.4360443e-02 -4.5162863e-03 0.0000000e+00 
1.2587321e-01 -2.7350476e-03 0.0000000e+00 
1.2318296e-01 -5.9106709e-03 0.0000000e+00 
8.6647488e-02 1.4912557e-02 0.0000000e+00 
9.1622099e-02 1.9332625e-02 0.0000000e+00 
1.2562186e-01 3.3169739e-02 0.0000000e+00 
1.2032829e-01 3.6444396e-03 0.0000000e+00 
1.0732268e-01 2.4902644e-03 0.0000000e+00 
1.1119808e-01 3.3238358e-03 0.0000000e+00 
1.0000030e-01 5.9740086e-07 0.0000000e+00 
9.9999949e-02 9.0894031e-07 0.0000000e+00 
1.0729243e-01 -2.5088114e-03 0.0000000e+00 
1.0120630e-01 -9.3492735e-03 0.0000000e+00 
1.0482658e-01 -9.7065186e-03 0.0000000e+00 
1.0669787e-01 -7.0833447e-03 0.0000000e+00 
9.8220266e-02 -6.9555538e-03 0.0000000e+00 
1.0863905e-01 -1.0189553e-02 0.0000000e+00 
1.1020649e-01 -6.4876713e-03 0.0000000e+00 
1.1294572e-01 -8.5448651e-03 0.0000000e+00 
1.1055961e-01 2.9950261e-03 0.0000000e+00 
1.0856699e-01 6.0127168e-03 0.0000000e+00 
1.0697429e-01 2.6568801e-03 0.0000000e+00 
1.0487735e-01 5.2280431e-03 0.0000000e+00 
1.0237476e-01 3.7320727e-03 0.0000000e+00 
1.0179901e-01 6.1625820e-03 0.0000000e+00 
9.9997751e-02 4.0464746e-03 0.0000000e+00 
1.0103295e-01 2.5618565e-03 0.0000000e+00 
9.9671721e-02 2.4397552e-03 0.0000000e+00 
1.0040340e-01 1.6166653e-03 0.0000000e+00 
1.0120220e-01 1.4266407e-03 0.0000000e+00 
1.1411004e-01 -3.1630758e-03 0.0000000e+00 
1.1206469e-01 -6.6052219e-03 0.0000000e+00 
1.0809936e-01 -5.7759522e-03 0.0000000e+00 
1.0910363e-01 -1.0412708e-02 0.0000000e+00 
1.0508360e-01 -8.0651185e-03 0.0000000e+00 
1.0518217e-01 -4.7188536e-03 0.0000000e+00 
1.0269497e-01 -5.8626020e-03 0.0000000e+00 
1.0124171e-01 -8.7797465e-03 0.0000000e+00 
9.9982828e-02 -5.8788662e-03 0.0000000e+00 
9.7607493e-02 -7.9943491e-03 0.0000000e+00 
1.0129919e-01 -4.0078191e-03 0.0000000e+00 
9.9377930e-02 -3.6175393e-03 0.0000000e+00 
1.0054823e-01 -2.5194532e-03 0.0000000e+00 
9.8533422e-02 -1.2147312e-02 0.0000000e+00 
9.9321522e-02 -2.0876764e-03 0.0000000e+00 
1.0016531e-01 -1.4650050e-03 0.0000000e+00 
1.1635492e-01 -6.3441959e-03 0.0000000e+00 
1.1762349e-01 -2.4962870e-03 0.0000000e+00 
1.0412506e-01 -1.2772202e-02 0.0000000e+00 
1.1439113e-01 -1.0631517e-02 0.0000000e+00 
9.7777814e-02 -2.7048544e-03 0.0000000e+00 
1.0852209e-01 -1.5278699e-02 0.0000000e+00 
9.8554783e-02 -1.1995024e-03 0.0000000e+00 
9.2970960e-02 -1.0232210e-02 0.0000000e+00 
9.4398506e-02 -5.9512579e-03 0.0000000e+00 
9.0681702e-02 -5.7138749e-03 0.0000000e+00 
1.1257803e-01 4.9371623e-02 0.0000000e+00 
1.0764623e-01 5.7694889e-03 0.0000000e+00 
1.1160787e-01 6.9712782e-03 0.0000000e+00 
6.3698657e-02 4.6190105e-02 0.0000000e+00 
4.4909880e-02 1.4548360e-02 0.0000000e+00 
1.1989757e-01 -1.4924449e-03 0.0000000e+00 
1.0376511e-01 8.4561333e-03 0.0000000e+00 
1.0020243e-01 9.3201147e-03 0.0000000e+00 
9.8865017e-02 6.1893370e-03 0.0000000e+00 
9.6389852e-02 8.3305463e-03 0.0000000e+00 
1.0480574e-01 8.5354801e-03 0.0000000e+00 
1.0242575e-01 -1.2355089e-03 0.0000000e+00 
9.9817030e-02 2.5508337e-04 0.0000000e+00 
1.0253394e-01 1.2370535e-03 0.0000000e+00 
3.9009981e-02 -1.8571785e-02 0.0000000e+00 
1.0399227e-01 -1.9649509e-03 0.0000000e+00 
5.1006339e-02 3.6015086e-02 0.0000000e+00 
9.9937975e-02 -4.9685437e-04 0.0000000e+00 
1.0535169e-01 -4.5331507e-03 0.0000000e+00 
1.2005399e-01 7.0218416e-04 0.0000000e+00 
7.6068263e-03 8.4935911e-03 0.0000000e+00 
1.0000043e-01 2.7918915e-07 0.0000000e+00 
1.0679464e-01 -9.8880380e-03 0.0000000e+00 
3.7673127e-02 1.3635618e-02 0.0000000e+00 
7.2753578e-02 1.1726112e-02 0.0000000e+00 
9.4913490e-02 -2.9929649e-02 0.0000000e+00 
9.7650714e-02 -5.0029228e-03 0.0000000e+00 
1.1092409e-01 -3.1509572e-03 0.0000000e+00 
8.4625497e-02 6.2671259e-02 0.0000000e+00 
5.4058284e-02 9.0051303e-03 0.0000000e+00 
1.3608755e-01 -2.3273123e-02 0.0000000e+00 
1.0119648e-01 -6.4803520e-04 0.0000000e+00 
1.0065283e-01 -3.7238002e-04 0.0000000e+00 
1.0028203e-01 -4.8403305e-04 0.0000000e+00 
1.0014925e-01 -2.6635884e-04 0.0000000e+00 
9.9998683e-02 -4.1841244e-04 0.0000000e+00 
9.9983752e-02 -2.3213984e-04 0.0000000e+00 
9.9996068e-02 -7.9134479e-04 0.0000000e+00 
9.9729322e-02 -5.3347374e-04 0.0000000e+00 
1.0052682e-01 -8.7689713e-04 0.0000000e+00 
1.0007878e-01 -1.4707143e-04 0.0000000e+00 
9.9989653e-02 -1.2709548e-04 0.0000000e+00 
1.2249949e-01 -2.3722339e-03 0.0000000e+00 
1.0000417e-01 6.2648731e-04 0.0000000e+00 
1.0022501e-01 1.2082795e-03 0.0000000e+00 
9.6011817e-02 -9.0846693e-04 0.0000000e+00 
1.1226524e-01 -1.2940175e-02 0.0000000e+00 
1.1719353e-01 -1.0671028e-02 0.0000000e+00 
1.1571185e-01 -6.3181617e-03 0.0000000e+00 
1.1721601e-01 1.0636912e-02 0.0000000e+00 
7.5386100e-02 7.5562168e-03 0.0000000e+00 
1.2004372e-01 -9.3779769e-03 0.0000000e+00 
1.2071735e-01 -5.3677700e-02 0.0000000e+00 
1.0004235e-01 -8.0725484e-05 0.0000000e+00 
9.9994138e-02 -6.9166723e-05 0.0000000e+00 
1.0002293e-01 -4.4525616e-05 0.0000000e+00 
9.9997140e-02 -3.6940055e-05 0.0000000e+00 
1.0001247e-01 -2.3615734e-05 0.0000000e+00 
1.0006586e-01 -5.1446608e-04 0.0000000e+00 
9.9941045e-02 -7.6059645e-05 0.0000000e+00 
9.9835612e-02 -2.9271599e-04 0.0000000e+00 
1.0001650e-01 -1.0066347e-05 0.0000000e+00 
1.0000616e-01 -1.2072270e-05 0.0000000e+00 
1.0000397e-01 -6.4358551e-06 0.0000000e+00 
9.9999286e-02 -9.8209684e-06 0.0000000e+00 
9.9695481e-02 6.1826119e-03 0.0000000e+00 
2.8542155e-02 1.8816799e-03 0.0000000e+00 
1.3843928e-01 2.2246046e-02 0.0000000e+00 
1.0397049e-01 -3.1803463e-02 0.0000000e+00 
1.2126170e-01 4.0867750e-02 0.0000000e+00 
9.9999994e-02 -2.3456966e-08 0.0000000e+00 
1.0034721e-01 2.0132581e-04 0.0000000e+00 
1.0027187e-01 4.6429681e-04 0.0000000e+00 
1.0015004e-01 2.5756849e-04 0.0000000e+00 
1.0002440e-01 3.9575875e-04 0.0000000e+00 
1.0000521e-01 2.1879641e-04 0.0000000e+00 
1.0004909e-01 7.1547629e-04 0.0000000e+00 
1.0050783e-01 8.8345906e-04 0.0000000e+00 
1.0008243e-01 1.4167094e-04 0.0000000e+00 
1.0000745e-01 1.1874498e-04 0.0000000e+00 
9.9931672e-02 1.4577058e-04 0.0000000e+00 
1.0005680e-01 -3.4225221e-05 0.0000000e+00 
9.9999987e-02 2.4231117e-08 0.0000000e+00 
1.0019275e-01 -1.1275641e-04 0.0000000e+00 
9.9999964e-02 -5.0723798e-09 0.0000000e+00 
1.0000058e-01 1.0828252e-06 0.0000000e+00 
9.9999964e-02 1.6713249e-06 0.0000000e+00 
1.0000112e-01 1.9734121e-06 0.0000000e+00 
1.0000002e-01 3.0649046e-06 0.0000000e+00 
9.9998794e-02 1.9977017e-06 0.0000000e+00 
9.9997930e-02 3.7188847e-06 0.0000000e+00 
1.0000019e-01 5.5694577e-06 0.0000000e+00 
9.9996470e-02 6.9024150e-06 0.0000000e+00 
1.0000063e-01 1.0146775e-05 0.0000000e+00 
9.9994019e-02 1.2828108e-05 0.0000000e+00 
1.0000176e-01 1.8510167e-05 0.0000000e+00 
9.9989869e-02 2.3895307e-05 0.0000000e+00 
1.0000400e-01 3.3768432e-05 0.0000000e+00 
9.9982627e-02 4.3933189e-05 0.0000000e+00 
1.0000680e-01 6.2931329e-05 0.0000000e+00 
1.0002669e-01 3.9113638e-05 0.0000000e+00 
9.9983931e-02 1.1509066e-05 0.0000000e+00 
9.9997140e-02 1.6154157e-06 0.0000000e+00 
9.9999309e-02 1.0635307e-06 0.0000000e+00 
5.0257321e-02 3.0217590e-02 0.0000000e+00 
1.0000145e-01 -8.7442760e-07 0.0000000e+00 
1.0000122e-01 -2.0727073e-06 0.0000000e+00 
1.0000055e-01 -1.0397872e-06 0.0000000e+00 
1.0000907e-01 5.1315847e-06 0.0000000e+00 
1.0000271e-01 1.5575667e-06 0.0000000e+00 
1.0000023e-01 -1.3461175e-07 0.0000000e+00 
1.0000080e-01 -4.3482211e-07 0.0000000e+00 
9.9999681e-02 -7.0323546e-07 0.0000000e+00 
1.0000002e-01 -1.7317363e-07 0.0000000e+00 
1.0000005e-01 -4.2357890e-08 0.0000000e+00 
9.9998839e-02 -2.3405626e-06 0.0000000e+00 
1.0000010e-01 -3.4734542e-06 0.0000000e+00 
9.9999599e-02 5.6901570e-07 0.0000000e+00 
9.9999979e-02 1.4716552e-07 0.0000000e+00 
1.0000001e-01 -4.3400419e-08 0.0000000e+00 
9.6746169e-02 4.1763256e-03 0.0000000e+00 
9.5715106e-02 2.1822683e-03 0.0000000e+00 
9.9999122e-02 4.1514849e-07 0.0000000e+00 
1.0000008e-01 4.4339735e-08 0.0000000e+00 
1.0000004e-01 5.2848112e-08 0.0000000e+00 
1.0017386e-01 -1.1413894e-03 0.0000000e+00 
1.0019131e-01 1.1002066e-04 0.0000000e+00 
9.9999785e-02 -3.5534907e-08 0.0000000e+00 
9.9994920e-02 3.1310656e-06 0.0000000e+00 
6.7759201e-02 -5.8002796e-02 0.0000000e+00 
1.2651673e-01 3.5642013e-02 0.0000000e+00 
9.9999875e-02 -2.1455802e-08 0.0000000e+00 
8.0180265e-02 4.1037131e-02 0.0000000e+00 
7.0409201e-02 3.2223955e-02 0.0000000e+00 
2.5483056e-03 -4.2474419e-03 0.0000000e+00 
9.7025655e-02 3.4787610e-02 0.0000000e+00 
9.9971488e-02 2.1965867e-05 0.0000000e+00 
9.9484839e-02 4.8655958e-04 0.0000000e+00 
9.9999957e-02 -2.6626067e-08 0.0000000e+00 
9.9983715e-02 -2.3046754e-05 0.0000000e+00 
1.2617321e-01 3.1502262e-02 0.0000000e+00 
1.2828644e-01 2.6280669e-04 0.0000000e+00 
9.9383615e-02 -2.1877191e-05 0.0000000e+00 
1.0107744e-01 -1.5074864e-03 0.0000000e+00 
1.0696705e-01 -2.5049343e-03 0.0000000e+00 
9.9522248e-02 -1.1758514e-03 0.0000000e+00 
4.8911300e-02 -3.3034094e-02 0.0000000e+00 
9.9140987e-02 8.7525015e-04 0.0000000e+00 
1.0000005e-01 1.0231813e-07 0.0000000e+00 
7.7129178e-02 -2.8202595e-02 0.0000000e+00 
9.5375076e-02 -8.3960742e-03 0.0000000e+00 
3.4585152e-02 -3.0473143e-02 0.0000000e+00 
1.0000147e-01 8.7126904e-07 0.0000000e+00 
1.1809058e-01 1.9487424e-03 0.0000000e+00 
9.9820651e-02 -1.1877242e-03 0.0000000e+00 
1.0045069e-01 -6.7743158e-04 0.0000000e+00 
9.9828258e-02 1.1597889e-03 0.0000000e+00 
1.0055403e-01 1.8609078e-03 0.0000000e+00 
9.4781741e-02 2.0625047e-02 0.0000000e+00 
1.3700707e-01 -2.4776785e-02 0.0000000e+00 
9.9999279e-02 -1.9036219e-05 0.0000000e+00 
4.1973691e-02 1.5968675e-02 0.0000000e+00 
1.0045380e-01 6.2515074e-04 0.0000000e+00 
1.0871067e-01 9.7100260e-03 0.0000000e+00 
1.0000505e-01 -2.6991738e-06 0.0000000e+00 
1.0000002e-01 2.4560862e-08 0.0000000e+00 
9.9589512e-02 1.4485688e-03 0.0000000e+00 
9.8262794e-02 2.9413127e-03 0.0000000e+00 
1.1044807e-01 9.5633343e-03 0.0000000e+00 
1.0112792e-01 -1.7149020e-02 0.0000000e+00 
9.4511308e-02 -1.6599806e-02 0.0000000e+00 
7.1756445e-02 -4.2853751e-03 0.0000000e+00 
1.0168128e-01 -5.8813870e-02 0.0000000e+00 
4.0264893e-02 -1.2577811e-02 0.0000000e+00 
1.0000003e-01 -1.9001002e-08 0.0000000e+00 
1.1271182e-01 -3.1317260e-02 0.0000000e+00 
9.9999949e-02 5.7286522e-09 0.0000000e+00 
1.2914462e-01 8.5402960e-03 0.0000000e+00 
1.0000207e-01 3.5556368e-06 0.0000000e+00 
1.2234522e-01 1.2061983e-02 0.0000000e+00 
1.0000024e-01 1.5439996e-07 0.0000000e+00 
9.9313945e-02 -1.9980012e-03 0.0000000e+00 
9.3762927e-02 4.4645211e-03 0.0000000e+00 
1.2936701e-01 -1.2124269e-02 0.0000000e+00 
6.4889781e-02 -4.1115187e-02 0.0000000e+00 
1.2006671e-01 -4.4293082e-03 0.0000000e+00 
9.9284150e-02 1.4479647e-03 0.0000000e+00 
1.3041402e-01 -4.9266140e-03 0.0000000e+00 
1.0006050e-01 3.2225547e-05 0.0000000e+00 
9.2674628e-02 -2.7032534e-03 0.0000000e+00 
1.0208657e-01 -2.4820918e-03 0.0000000e+00 
9.9994339e-02 -7.0247720e-06 0.0000000e+00 
8.6282559e-02 -2.8979758e-02 0.0000000e+00 
1.3429917e-01 1.3757935e-02 0.0000000e+00 
1.0000385e-01 6.3918628e-06 0.0000000e+00 
9.7556144e-02 -1.0536473e-02 0.0000000e+00 
6.0325656e-02 5.6402344e-02 0.0000000e+00 
1.3473989e-01 3.4754353e-03 0.0000000e+00 
1.3204691e-01 2.7421026e-03 0.0000000e+00 
8.8051870e-02 -2.4552343e-03 0.0000000e+00 
1.2963246e-01 1.6674666e-02 0.0000000e+00 
1.0351448e-01 1.5132865e-02 0.0000000e+00 
1.3656415e-01 5.2409330e-03 0.0000000e+00 
1.1675874e-01 4.1475039e-02 0.0000000e+00 
7.7986591e-02 1.4652807e-02 0.0000000e+00 
9.6341141e-02 -2.2733772e-02 0.0000000e+00 
1.0379530e-01 -1.5095866e-02 0.0000000e+00 
2.4011020e-02 1.4081672e-02 0.0000000e+00 
1.0218196e-01 9.9023245e-04 0.0000000e+00 
9.4221599e-02 1.2797764e-02 0.0000000e+00 
8.6671092e-02 2.5367096e-02 0.0000000e+00 
9.3302973e-02 2.6513403e-02 0.0000000e+00 
1.0004878e-01 7.4278352e-05 0.0000000e+00 
8.3277434e-02 -4.1934442e-02 0.0000000e+00 
1.1851817e-01 1.4835777e-02 0.0000000e+00 
1.1268449e-01 1.0794472e-02 0.0000000e+00 
1.2174797e-01 -1.2033933e-05 0.0000000e+00 
9.9966936e-02 7.9548328e-05 0.0000000e+00 
1.0980105e-01 -2.2680309e-02 0.0000000e+00 
1.0209106e-01 -2.7231327e-03 0.0000000e+00 
1.1768334e-01 -2.1619338e-03 0.0000000e+00 
9.1626272e-02 9.4161704e-03 0.0000000e+00 
9.9424824e-02 -5.6953006e-04 0.0000000e+00 
1.2120106e-01 2.3186756e-03 0.0000000e+00 
1.0117038e-01 6.1534432e-04 0.0000000e+00 
3.1304613e-02 2.4602534e-02 0.0000000e+00 
9.3954928e-02 -1.1410579e-03 0.0000000e+00 
1.0000736e-01 1.1638086e-05 0.0000000e+00 
1.0987335e-01 1.3882101e-02 0.0000000e+00 
1.1779831e-01 -1.4619373e-02 0.0000000e+00 
8.3918154e-02 -6.1937585e-02 0.0000000e+00 
1.0000230e-01 -3.6907393e-06 0.0000000e+00 
9.9904433e-02 7.8468838e-05 0.0000000e+00 
6.3929252e-02 -3.0956808e-02 0.0000000e+00 
1.1497003e-02 1.3534809e-02 0.0000000e+00 
1.2587953e-01 -4.3106847e-02 0.0000000e+00 
1.3411109e-01 2.9619476e-02 0.0000000e+00 
9.9213473e-02 -3.9161466e-02 0.0000000e+00 
1.2139501e-01 -5.4594500e-05 0.0000000e+00 
8.6782567e-02 -7.8101475e-03 0.0000000e+00 
1.2012009e-01 -1.3350695e-02 0.0000000e+00 
1.1208268e-01 3.9892819e-02 0.0000000e+00 
3.6292695e-02 -3.4747206e-02 0.0000000e+00 
9.9999994e-02 4.3056577e-08 0.0000000e+00 
1.0001381e-01 2.0861047e-05 0.0000000e+00 
9.3491830e-02 6.1415755e-03 0.0000000e+00 
9.8507121e-02 8.1540737e-03 0.0000000e+00 
7.7973716e-03 -4.9377684e-03 0.0000000e+00 
8.0375873e-02 -1.9743862e-02 0.0000000e+00 
1.1918253e-01 -6.7266598e-03 0.0000000e+00 
1.0000002e-01 -1.8501836e-06 0.0000000e+00 
5.6513239e-02 2.2611974e-02 0.0000000e+00 
7.8792118e-02 -4.2637987e-03 0.0000000e+00 
9.7125970e-02 -1.2898427e-03 0.0000000e+00 
1.4651892e-01 -1.0887909e-02 0.0000000e+00 
1.0146807e-01 1.7680998e-03 0.0000000e+00 
4.3272246e-02 4.3563928e-02 0.0000000e+00 
1.0309395e-01 -3.8241819e-03 0.0000000e+00 
1.0003055e-01 1.5949581e-05 0.0000000e+00 
4.7401227e-03 3.0995214e-03 0.0000000e+00 
5.1266301e-02 -2.5994647e-02 0.0000000e+00 
2.6749980e-02 2.2233764e-02 0.0000000e+00 
1.1295220e-01 -5.4819332e-03 0.0000000e+00 
9.9828467e-02 1.4267524e-04 0.0000000e+00 
1.0064571e-01 -1.4982519e-03 0.0000000e+00 
9.9560410e-02 -3.0508291e-04 0.0000000e+00 
7.5077124e-02 8.9496421e-04 0.0000000e+00 
1.1551171e-01 -4.3216333e-02 0.0000000e+00 
9.9999949e-02 -1.0615699e-06 0.0000000e+00 
9.9624202e-02 8.2252984e-04 0.0000000e+00 
1.2831210e-01 2.4516890e-02 0.0000000e+00 
6.4079635e-02 3.7285157e-02 0.0000000e+00 
9.0505458e-02 -3.5962898e-02 0.0000000e+00 
1.2471566e-01 4.2486205e-03 0.0000000e+00 
1.0719804e-01 3.6020048e-02 0.0000000e+00 
9.7028457e-02 4.1172039e-02 0.0000000e+00 
9.9999920e-02 -1.4418364e-08 0.0000000e+00 
9.7316653e-02 -4.6827972e-02 0.0000000e+00 
1.0008731e-01 -2.3872725e-04 0.0000000e+00 
1.1831970e-01 -3.2337967e-02 0.0000000e+00 
1.0008494e-01 2.2725623e-04 0.0000000e+00 
9.9885628e-02 2.7163123e-04 0.0000000e+00 
1.0304301e-01 1.1074506e-02 0.0000000e+00 
1.0124249e-01 8.6113941e-03 0.0000000e+00 
1.3032283e-01 3.8083163e-03 0.0000000e+00 
1.2446428e-01 -7.2045592e-03 0.0000000e+00 
9.9999979e-02 -3.5784211e-08 0.0000000e+00 
9.2871770e-02 5.6607362e-02 0.0000000e+00 
8.7086365e-02 1.9853210e-02 0.0000000e+00 
4.8132941e-02 -5.2025574e-03 0.0000000e+00 
1.0000004e-01 1.0564328e-08 0.0000000e+00 
1.2467764e-01 -9.5261000e-03 0.0000000e+00 
1.0000040e-01 -4.8464329e-07 0.0000000e+00 
9.9689350e-02 8.6843112e-04 0.0000000e+00 
1.1273669e-01 -1.4437430e-02 0.0000000e+00 
1.0000002e-01 -9.1037364e-09 0.0000000e+00 
7.8543238e-02 2.5241224e-02 0.0000000e+00 
9.4787434e-02 -4.4722397e-02 0.0000000e+00 
1.0000043e-01 -5.8401347e-06 0.0000000e+00 
3.8970757e-02 -2.6781749e-02 0.0000000e+00 
1.0532170e-01 -1.8185942e-02 0.0000000e+00 
1.1449846e-01 8.0057578e-03 0.0000000e+00 
1.4382973e-01 2.1153782e-03 0.0000000e+00 
1.1926697e-01 -3.0145405e-02 0.0000000e+00 
9.9811718e-02 4.9703947e-04 0.0000000e+00 
1.0691419e-01 9.1783972e-03 0.0000000e+00 
1.2553023e-01 -3.2995809e-02 0.0000000e+00 
1.2772927e-01 3.5196901e-04 0.0000000e+00 
1.1741383e-01 -4.4224309e-03 0.0000000e+00 
4.7337368e-02 -3.5852309e-02 0.0000000e+00 
1.0293386e-01 2.5612097e-03 0.0000000e+00 
8.9841887e-02 -2.0291891e-02 0.0000000e+00 
9.6821748e-02 2.0465437e-02 0.0000000e+00 
1.1637551e-01 3.6103658e-02 0.0000000e+00 
1.0070537e-01 1.2494170e-03 0.0000000e+00 
9.9729292e-02 -1.7652310e-04 0.0000000e+00 
1.0809065e-01 -4.8060766e-03 0.0000000e+00 
1.0139959e-01 -1.7317992e-03 0.0000000e+00 
1.0007592e-01 1.1302308e-03 0.0000000e+00 
1.0000021e-01 -3.0257405e-07 0.0000000e+00 
8.2312942e-02 -8.7978616e-03 0.0000000e+00 
2.1251947e-02 -2.0408994e-02 0.0000000e+00 
1.3021636e-01 -2.7466660e-02 0.0000000e+00 
1.0217631e-01 2.2264507e-03 0.0000000e+00 
1.2919530e-01 -3.5710946e-02 0.0000000e+00 
1.2141530e-01 6.4455019e-03 0.0000000e+00 
9.8542012e-02 4.4014137e-03 0.0000000e+00 
9.7779587e-02 1.1277503e-02 0.0000000e+00 
9.9651188e-02 -7.5039075e-04 0.0000000e+00 
1.5090920e-01 -1.2353612e-03 0.0000000e+00 
1.1689384e-01 4.2055743e-03 0.0000000e+00 
1.0348373e-01 1.1633653e-02 0.0000000e+00 
9.0244763e-02 -2.3746097e-02 0.0000000e+00 
1.3735160e-01 -7.6499246e-03 0.0000000e+00 
1.2374134e-01 2.4135457e-02 0.0000000e+00 
9.9634856e-02 -8.5321546e-04 0.0000000e+00 
9.5867865e-02 -3.8172826e-03 0.0000000e+00 
1.0500421e-01 3.6252546e-03 0.0000000e+00 
1.0000001e-01 4.5643759e-08 0.0000000e+00 
1.0321622e-01 -1.2014664e-02 0.0000000e+00 
1.0584402e-01 -1.2318490e-02 0.0000000e+00 
1.2128636e-01 2.8079968e-02 0.0000000e+00 
9.5132314e-02 5.5726082e-04 0.0000000e+00 
1.1412521e-01 5.2391025e-03 0.0000000e+00 
9.7585358e-02 5.5631930e-03 0.0000000e+00 
1.0000011e-01 -1.6094654e-07 0.0000000e+00 
1.2191094e-01 1.8169448e-03 0.0000000e+00 
7.4043073e-02 1.1589281e-02 0.0000000e+00 
1.3405311e-01 1.9894319e-02 0.0000000e+00 
6.4241171e-02 -2.5626093e-02 0.0000000e+00 
5.6491978e-02 -2.2848180e-02 0.0000000e+00 
1.2010716e-01 -2.2910895e-04 0.0000000e+00 
1.5220378e-01 -2.6669810e-03 0.0000000e+00 
PRESSURE 1 945  float
4.9965291e+00
0.0000000e+00
0.0000000e+00
4.9971285e+00
-1.7673579e+00
-2.0895264e+00
-2.9232693e+00
-4.1778369e+00
-5.5060329e+00
-6.7965560e+00
-7.7463393e+00
-8.0077085e+00
-7.5746069e+00
-6.0158520e+00
-3.6393056e+00
-4.3868390e-01
3.0404668e+00
6.2968311e+00
8.9737749e+00
1.0846581e+01
1.1418544e+01
1.0844104e+01
9.0860386e+00
6.3378029e+00
2.9822488e+00
-4.5368516e-01
-3.5265951e+00
-6.0239382e+00
-7.4507589e+00
-8.1504889e+00
-7.7342386e+00
-6.7536149e+00
-5.5446277e+00
-4.2264314e+00
-2.8875003e+00
-2.0121508e+00
4.9466209e+00
4.8412414e+00
4.6833463e+00
4.4437938e+00
4.0770831e+00
3.6227846e+00
3.0498271e+00
2.4378350e+00
1.8504833e+00
1.3476034e+00
1.0738389e+00
9.2096072e-01
8.6869586e-01
8.6480808e-01
8.6582834e-01
8.5038632e-01
8.3281863e-01
7.9556769e-01
7.5832540e-01
7.1683633e-01
6.7362320e-01
6.2964416e-01
5.8487821e-01
5.4025859e-01
4.9523771e-01
4.5026696e-01
4.0524748e-01
3.6022648e-01
3.1519744e-01
2.7016926e-01
2.2514018e-01
1.8011095e-01
1.3508286e-01
9.0055257e-02
4.5027059e-02
0.0000000e+00
0.0000000e+00
0.0000000e+00
0.0000000e+00
0.0000000e+00
0.0000000e+00
0.0000000e+00
0.0000000e+00
0.0000000e+00
4.5024145e-02
9.0048783e-02
1.3507269e-01
1.8009584e-01
2.2511896e-01
2.7014118e-01
3.1515419e-01
3.6017048e-01
4.0518001e-01
4.5016837e-01
4.9510118e-01
5.3998196e-01
5.8473295e-01
6.2926817e-01
6.7326206e-01
7.1631068e-01
7.5755852e-01
7.9492188e-01
8.3006811e-01
8.4641391e-01
8.6561853e-01
8.5940599e-01
8.6805403e-01
9.1625381e-01
1.0851268e+00
1.3734372e+00
1.8534621e+00
2.4352503e+00
3.0499218e+00
3.6183381e+00
4.0875788e+00
4.4445772e+00
4.6902742e+00
4.8443446e+00
4.9476657e+00
5.0144458e+00
5.0584331e+00
5.1125507e+00
5.1652765e+00
5.1837788e+00
5.1654630e+00
5.1145663e+00
5.0586133e+00
5.0137496e+00
1.0619918e+01
8.4454823e-01
8.5800827e-01
6.5289044e-01
4.2609850e-01
2.4762975e-01
4.3641801e+00
7.7714539e-01
4.3322921e+00
5.1375189e+00
5.6301177e-01
7.3875940e-01
2.8980899e-01
3.8297227e-01
8.4815240e-01
4.0895410e-02
8.6207986e-01
2.7181950e+00
2.7405601e+00
1.1122352e+00
1.5543172e-01
1.1346194e+00
5.0998497e+00
3.7444405e-02
5.1615489e-01
4.7123539e-01
6.5211511e-01
1.5563537e-01
5.0488038e+00
4.7923360e+00
3.6667690e-02
4.7986441e+00
3.7645996e-02
6.7540720e-02
4.9943390e+00
9.2350501e-01
7.4502665e-01
7.8318572e-01
6.1321908e-01
5.0579053e-01
3.1448615e-01
5.4154456e-01
2.0446610e-01
5.6424558e-01
2.6846999e-01
6.8190265e-01
5.4377031e-01
8.4518623e-01
8.5328120e-01
9.9555379e-01
1.0567688e+00
1.1049286e+00
1.1930217e+00
1.1272550e+00
1.0742265e+00
1.0627916e+00
1.1743331e+00
1.0116491e+00
1.0086701e+00
-4.5146780e+00
-2.2782423e+00
9.6529216e-01
9.5408422e-01
9.8061249e-02
8.4769756e-01
9.1133714e-01
8.8759375e-01
1.2053375e+00
1.1011884e+00
-1.6590904e+00
8.6186147e-01
8.4432727e-01
8.1534714e-01
7.9223514e-01
7.6776993e-01
7.4761319e-01
7.2410345e-01
1.0352099e+00
9.4967246e-01
9.9952209e-01
6.9387001e-01
6.6068083e-01
2.7782261e-01
3.6198822e-01
-2.5646809e-01
8.1279434e-02
-5.5256152e-01
4.9472624e-01
-6.0559575e-02
-6.0864043e-01
-5.5991216e+00
-3.3345475e+00
7.0235264e-01
6.7862940e-01
6.5879118e-01
6.3297057e-01
-5.7918243e-02
-4.6195018e-01
9.5740533e-01
6.1379337e-01
5.8901000e-01
5.6943965e-01
5.4469866e-01
-1.7438906e-01
5.2491844e-01
5.0008434e-01
4.8025927e-01
4.5530263e-01
1.1107351e+00
4.3552080e-01
4.1058913e-01
3.9084041e-01
3.6576122e-01
3.4602338e-01
3.2091066e-01
-1.4116451e+00
-8.9519441e-01
-7.4522262e+00
8.0941921e-01
8.7629235e-01
3.9727920e-01
9.7102332e-01
3.0118108e-01
2.7602109e-01
2.5624523e-01
2.3105705e-01
2.5083941e-01
2.0582677e-01
3.4072852e-01
6.9457036e-01
1.1568647e-01
2.1126078e-01
4.7524995e-01
2.7841586e-01
6.0839635e-01
7.4495405e-01
-1.9813864e+00
-1.1703892e+00
-3.5475397e-01
-3.3671516e-01
-1.3695661e+00
-1.1366302e-01
1.1253140e+00
-8.2658970e-01
3.9147222e-01
-4.5905328e+00
7.4423039e-01
1.3017576e+00
1.1349186e+00
1.9770988e+00
2.1993845e+00
2.7461212e+00
3.1793818e+00
7.1177344e+00
3.4611514e+00
4.0230575e+00
4.0717287e+00
4.6093016e+00
4.5223022e+00
5.0565648e+00
4.8105068e+00
5.2229271e+00
5.6103148e+00
5.5998187e+00
6.0230684e+00
5.8535881e+00
6.2484455e+00
5.9306870e+00
6.2372231e+00
5.8561435e+00
6.0172296e+00
5.6704669e+00
5.2917557e+00
5.6733689e+00
6.1104541e+00
5.5668325e+00
5.8428841e+00
9.4106846e+00
5.2518263e+00
5.2381735e+00
5.6387143e+00
5.4254627e+00
4.7335210e+00
4.5431814e+00
4.3816915e+00
4.1141844e+00
3.7221172e+00
-6.2337322e+00
-1.8181765e+00
4.7885060e+00
4.6919360e+00
6.4929342e+00
4.0912080e+00
6.5991554e+00
3.4434507e+00
2.8018517e+00
3.8286443e+00
5.1096754e+00
5.4356647e+00
5.2249484e+00
5.2680616e+00
5.1208310e+00
1.4239540e+00
1.0040971e+00
2.7914279e+00
2.0835836e+00
1.8706666e+00
1.1224931e+00
1.6092439e+00
8.0498606e-01
1.0283765e-02
-7.3889103e+00
1.2932023e+00
-1.7929567e-02
-1.2674888e+00
3.0464330e+00
2.6388743e+00
1.7065687e-01
2.2564133e-01
1.8059550e-01
-1.1440940e+00
6.8466884e-01
-2.6719534e+00
-7.5755000e-01
4.5488838e-02
-2.0295572e+00
4.9934955e+00
-1.1877261e+00
5.9334624e-01
1.6071333e-01
-2.3432624e+00
-1.6805044e+00
5.0105554e-01
-3.6527030e+00
-3.9704719e+00
1.5113482e+00
3.2626703e-01
3.9725262e-01
-1.2579203e+00
-2.5053995e+00
-1.5217396e+00
-2.5428147e+00
4.2132935e-01
5.1623673e+00
5.2465749e+00
1.9319226e+00
1.6266854e+00
4.9607024e+00
1.9914891e+00
1.3538335e-01
-3.5281894e+00
2.0045449e-01
2.4547888e-01
2.3647879e-01
1.9144963e-01
-2.7743237e+00
-8.2358766e-01
-1.2749457e+00
1.6620490e-01
1.4635473e-01
-1.4721158e+00
-2.1753793e+00
-3.7999425e+00
-2.7975025e+00
-4.3090081e+00
-3.0919628e+00
-1.9085779e+00
-1.9035958e+00
4.7924390e+00
4.7558570e+00
2.2081120e-01
-1.0072727e+00
-8.4620416e-01
-1.6287836e+00
-5.8323944e-01
1.2301998e-01
-5.0877008e+00
1.9859972e+00
1.0742843e+00
1.0560107e+00
1.0378111e-01
1.3964664e+00
5.1657166e+00
5.1903377e+00
5.1095428e+00
5.2990417e+00
5.1728506e+00
5.2214870e+00
5.0899739e+00
5.0795407e+00
4.9498167e+00
4.8454857e+00
5.0061398e+00
-1.1507823e+00
-2.0653760e-01
2.1550107e-01
-7.2093582e-01
4.9079455e-02
1.1802263e-01
4.7689643e+00
1.9073774e+00
-4.9810147e-01
1.1330035e-01
-6.0069692e-01
-1.4859748e-02
-8.5628194e-01
-5.0745559e+00
-6.8507975e-01
4.4729951e-01
6.2095529e-01
9.8978990e-01
2.2738360e-01
2.3084579e-01
5.1388144e+00
-3.4816380e+00
-4.1331854e+00
-3.1213095e+00
-4.2837234e+00
-5.3063002e+00
6.0228759e-01
-5.5825963e+00
2.1108676e-01
2.6363245e-01
-1.0052146e+00
-2.9608383e+00
-3.7346613e+00
-2.4622643e+00
-2.8851817e+00
-1.7238017e+00
-1.2882242e+00
8.6072788e-02
1.0577112e-01
-1.5784019e+00
4.8425117e+00
4.9662528e+00
-2.4740062e+00
8.6039156e-01
-2.4785869e+00
-2.8270955e+00
-9.9344814e-01
-2.6068130e+00
-4.1064647e-01
-4.0193181e+00
6.3034859e+00
7.0108395e+00
7.1107121e+00
7.7345800e+00
7.6316266e+00
8.4999866e+00
8.2543468e+00
9.1116219e+00
8.4813108e+00
7.7863088e+00
7.7613287e+00
8.2171173e+00
7.3551230e+00
7.4312835e+00
6.6214347e+00
6.2672353e+00
6.5664625e+00
8.4148903e+00
8.2192974e+00
7.0916996e+00
7.2882948e+00
5.9939179e+00
5.7265420e+00
5.0145817e+00
5.2455802e+00
3.7592943e+00
3.9115450e+00
6.1143284e+00
5.0594940e+00
4.3258810e+00
3.7051606e+00
2.3910620e+00
2.3053279e+00
3.4180555e+00
-2.3240509e+00
-1.6319809e+00
4.2312479e+00
1.3545854e-01
2.3185558e+00
-1.3369180e-01
4.3195394e-01
1.4824736e-01
1.4519223e+00
7.3466148e+00
1.1388999e+00
-6.8818345e+00
-7.2816129e+00
-4.3304276e+00
-4.3964396e+00
-1.7337439e+00
9.3504734e+00
4.5651526e+00
4.6310763e+00
4.3192296e+00
-7.2493343e+00
-6.5120873e+00
1.1532581e+00
9.9804372e-01
4.5353494e+00
4.4273400e+00
-3.8743608e+00
3.8130906e+00
1.0429644e+01
-1.3484776e+00
-2.0250549e+00
1.7693913e-01
-1.9531927e+00
2.4727392e+00
6.7428145e+00
6.4720058e+00
6.4585674e-01
5.8118397e-01
6.1666436e+00
5.6374145e+00
-1.2112989e+00
8.6878073e-01
3.9344797e+00
3.3452194e+00
2.6617533e-01
2.9050338e-01
3.9365513e+00
4.6965222e+00
4.2375011e+00
4.0133109e+00
5.0790987e+00
3.7462640e+00
3.5261395e+00
3.1397486e+00
8.4754455e-01
8.2701284e-01
8.6332619e-01
8.5942614e-01
8.8013440e-01
8.6862463e-01
9.0130186e-01
8.6612052e-01
8.7246138e-01
8.3872533e-01
8.3269674e-01
8.5132140e-01
7.7707380e-01
8.2797194e-01
7.3691630e-01
8.3117652e-01
8.5459143e-01
8.7076443e-01
8.8428843e-01
9.0581214e-01
9.3657649e-01
8.8766277e-01
9.0592211e-01
8.6356705e-01
8.8172770e-01
8.7127423e-01
8.3150512e-01
7.4869770e-01
9.1160315e-01
7.6551652e-01
6.1642838e-01
9.2961442e-01
6.3475186e-01
8.7360418e-01
1.0032110e+00
9.9997461e-01
1.0612293e+00
2.5407572e+00
3.8828902e+00
3.3292792e+00
7.0077810e+00
9.1590109e+00
1.6692128e+00
8.5276902e-01
8.9925838e-01
9.1803455e-01
9.6296042e-01
4.2693343e+00
4.6262040e+00
5.1358700e+00
4.6090708e+00
9.3658075e+00
8.5987502e-01
-2.9282908e+00
5.1017408e+00
4.2016740e+00
1.5268937e+00
-3.2504551e+00
2.4504542e-01
-6.5596471e+00
-6.8405333e+00
-6.4296699e+00
-5.4390302e+00
9.4087607e-01
3.3959723e+00
3.1413484e+00
9.5804477e-01
-4.5941100e+00
8.1511438e-01
7.7865684e-01
7.6244164e-01
7.1974295e-01
7.4348444e-01
7.0092064e-01
7.9325807e-01
7.7260733e-01
8.0368245e-01
6.7602956e-01
6.5744233e-01
9.0687859e-01
5.0458169e+00
4.9639878e+00
5.3930087e+00
3.2991741e+00
2.5839684e+00
2.6790144e+00
2.5770960e+00
7.2494602e+00
5.0691330e-01
5.2292442e-01
6.3210702e-01
6.1286759e-01
5.8818483e-01
5.6689847e-01
5.4247224e-01
4.9934382e+00
6.3650042e-01
7.3093325e-01
5.1709712e-01
4.9076059e-01
4.4789422e-01
4.6698931e-01
4.9232287e+00
1.0015052e+01
2.1505842e-02
4.0942659e+00
1.8615565e+00
3.7224587e-02
7.3875707e-01
7.6114190e-01
7.1894002e-01
7.4188000e-01
6.9780105e-01
7.8558004e-01
8.0381006e-01
6.7565757e-01
6.5271044e-01
6.7545795e-01
6.0825855e-01
3.9621525e-02
6.9606334e-01
3.9620854e-02
3.1247520e-01
3.3579004e-01
3.5823330e-01
3.8093814e-01
3.6058900e-01
4.0552127e-01
4.2530701e-01
4.5027173e-01
4.7008029e-01
4.9510908e-01
5.1484573e-01
5.3982514e-01
5.5957288e-01
5.8349818e-01
6.0584670e-01
5.8365828e-01
5.1990986e-01
3.8567796e-01
3.1567368e-01
-4.3689904e+00
3.3771250e-01
3.6499438e-01
3.1229120e-01
4.7052979e-01
3.8130799e-01
2.0248862e-01
2.9217997e-01
2.8163162e-01
1.7288993e-01
1.0937483e-01
3.7193212e-01
3.9260450e-01
2.7065611e-01
1.5508746e-01
7.9709001e-02
5.2844067e+00
5.4100327e+00
2.9580471e-01
1.1159142e-01
9.0054803e-02
4.9732747e+00
6.9620079e-01
1.8599924e-01
4.3043447e-01
5.4329834e+00
-3.7480042e+00
1.4315632e-01
-2.0168370e-01
4.4692439e-01
-2.2596436e+00
4.7919636e+00
5.6421429e-01
7.9036248e-01
7.8832805e-02
5.4535735e-01
1.4773213e+00
6.0297883e-01
5.1516981e+00
8.3700889e-01
8.6019963e-01
8.3254808e-01
-2.7585444e-01
8.3304906e-01
1.3194218e-01
6.7635751e+00
5.3797898e+00
-1.8600693e+00
3.3620816e-01
2.1111774e+00
5.0548882e+00
4.9068708e+00
5.0543914e+00
4.8875847e+00
-6.3329387e+00
1.7963669e-01
5.1724577e-01
5.1260650e-01
4.9072943e+00
3.7421010e+00
4.2768216e-01
4.2565558e-02
8.4394646e-01
9.1604483e-01
7.3727828e-01
7.6701260e-01
8.8613361e-01
7.5097580e+00
3.0228108e-01
5.5557597e-01
6.6250019e-02
3.1519153e+00
7.6048911e-02
7.2644763e-02
4.0213397e-01
1.9415416e+00
2.0057957e-01
5.0590858e+00
5.5924220e+00
-1.4328717e-01
-6.9715077e-01
7.9440510e-01
5.0929456e+00
6.4530826e-01
6.1119372e-01
1.0256519e+00
8.5911942e-01
4.6101680e-01
5.9792190e+00
-5.1456704e+00
4.4633830e-01
5.1310883e+00
5.8470411e+00
-5.4239659e+00
4.1124570e-01
1.1102184e+00
-3.6022764e-01
7.3760015e-01
-4.1778845e-01
-1.6770065e+00
6.9552178e+00
6.9177520e-01
4.3618612e+00
-5.6718445e+00
8.4503943e-01
9.4097936e-01
6.0234489e+00
5.3707786e+00
6.3028806e-01
-3.6421448e-01
2.4698207e+00
3.2011862e+00
1.2279701e+00
6.2774581e-01
3.3578190e-01
4.6563702e+00
2.2062242e+00
1.0252732e+00
5.1324353e+00
1.5922152e+00
8.1424361e-01
9.5174618e+00
5.5783010e+00
4.9157143e-01
3.6022146e+00
3.4170598e-01
2.9150152e+00
4.0783077e-01
6.5478700e-01
-4.9826698e+00
-1.5291983e+00
1.1572782e+00
4.4772723e-01
4.4727931e+00
1.2468199e+00
1.0865577e+00
2.2398479e+00
3.0103586e+00
8.8081312e+00
6.7799583e-02
5.3585112e-01
1.0157624e+00
5.0295849e+00
-1.0254775e+00
-6.5516891e+00
2.1814070e+00
3.4568474e-01
6.8517458e-01
6.9667301e+00
9.2529005e-01
-4.0219173e+00
4.7555704e+00
8.0412722e+00
8.7171406e-01
5.5836082e-01
-1.1686641e+00
3.4529909e-01
-3.4484639e+00
3.1053908e+00
6.9905204e-01
4.8791561e+00
7.6706618e-01
7.2502542e+00
-2.0927422e+00
3.0589941e-01
5.1087298e+00
-7.1256256e-01
-1.5694425e-01
5.3651500e+00
6.0394406e-01
-2.7255327e-01
-3.9790127e-01
1.0781641e-01
-1.8099674e+00
4.9694510e+00
-4.2319345e+00
4.9709229e+00
7.2126675e-01
4.4765162e+00
4.7054734e+00
1.8647490e-01
-5.8959522e+00
6.7398146e-02
2.4969897e-01
6.1346750e+00
8.7236047e-01
3.2831844e-02
2.9594618e-01
2.6816812e-01
8.0954093e-01
5.2096128e-01
3.2611534e-02
7.9418892e-01
-8.9505297e-01
4.2991945e-01
-4.0412555e+00
6.4261019e-01
2.9119956e+00
-4.7585659e+00
2.3525150e+00
7.6705533e-01
7.8883803e-01
1.5426108e+00
7.0703989e-01
2.3466506e+00
-1.0577888e+00
4.5426378e+00
8.5580015e-01
5.0513253e+00
-7.6603436e-01
4.8698640e+00
7.2665387e-01
3.8165448e+00
4.7636061e+00
8.1814563e-01
2.2884789e-01
6.6401954e+00
-2.8714614e+00
1.0520101e+00
8.5430539e-01
-2.0906377e+00
6.3979644e-01
9.3483692e-01
9.2451674e-01
8.0218381e-01
-2.7311413e+00
2.4452033e+00
8.0880177e-01
5.7190013e+00
-5.1424890e+00
-5.0886183e+00
5.1051698e+00
9.7285157e-01
4.2490268e+00
6.8571486e-02
4.4593148e+00
4.1301064e+00
-4.5803776e-01
5.4668813e+00
2.9169533e+00
5.1584449e+00
1.8229304e-01
9.7621828e-01
1.1417263e+00
-9.4417280e-01
7.0766932e-01
-5.9336004e+00
1.4135847e+00
-2.8385391e+00
CELL_DATA 1766
FIELD FieldData 0
