# vtk DataFile Version 4.0
vtk output
ASCII
DATASET UNSTRUCTURED_GRID
POINTS 945 float
0.0000000e+00 0.0000000e+00 0.0000000e+00 
2.0000000e+00 0.0000000e+00 0.0000000e+00 
2.0000000e+00 6.0000002e-01 0.0000000e+00 
0.0000000e+00 6.0000002e-01 0.0000000e+00 
5.6000000e-01 3.0000001e-01 0.0000000e+00 
5.5884713e-01 2.8829461e-01 0.0000000e+00 
5.5543280e-01 2.7703899e-01 0.0000000e+00 
5.4988819e-01 2.6666579e-01 0.0000000e+00 
5.4242641e-01 2.5757360e-01 0.0000000e+00 
5.3333420e-01 2.5011179e-01 0.0000000e+00 
5.2296102e-01 2.4456720e-01 0.0000000e+00 
5.1170540e-01 2.4115290e-01 0.0000000e+00 
5.0000000e-01 2.3999999e-01 0.0000000e+00 
4.8829460e-01 2.4115290e-01 0.0000000e+00 
4.7703901e-01 2.4456720e-01 0.0000000e+00 
4.6666580e-01 2.5011179e-01 0.0000000e+00 
4.5757359e-01 2.5757360e-01 0.0000000e+00 
4.5011181e-01 2.6666579e-01 0.0000000e+00 
4.4456720e-01 2.7703899e-01 0.0000000e+00 
4.4115290e-01 2.8829461e-01 0.0000000e+00 
4.4000000e-01 3.0000001e-01 0.0000000e+00 
4.4115290e-01 3.1170541e-01 0.0000000e+00 
4.4456720e-01 3.2296100e-01 0.0000000e+00 
4.5011181e-01 3.3333421e-01 0.0000000e+00 
4.5757359e-01 3.4242639e-01 0.0000000e+00 
4.6666580e-01 3.4988821e-01 0.0000000e+00 
4.7703901e-01 3.5543281e-01 0.0000000e+00 
4.8829460e-01 3.5884711e-01 0.0000000e+00 
5.0000000e-01 3.6000001e-01 0.0000000e+00 
5.1170540e-01 3.5884711e-01 0.0000000e+00 
5.2296102e-01 3.5543281e-01 0.0000000e+00 
5.3333420e-01 3.4988821e-01 0.0000000e+00 
5.4242641e-01 3.4242639e-01 0.0000000e+00 
5.4988819e-01 3.3333421e-01 0.0000000e+00 
5.5543280e-01 3.2296100e-01 0.0000000e+00 
5.5884713e-01 3.1170541e-01 0.0000000e+00 
5.9016321e-02 0.0000000e+00 0.0000000e+00 
1.1803260e-01 0.0000000e+00 0.0000000e+00 
1.7704900e-01 0.0000000e+00 0.0000000e+00 
2.3587100e-01 0.0000000e+00 0.0000000e+00 
2.9085249e-01 0.0000000e+00 0.0000000e+00 
3.4144861e-01 0.0000000e+00 0.0000000e+00 
3.8872591e-01 0.0000000e+00 0.0000000e+00 
4.3368599e-01 0.0000000e+00 0.0000000e+00 
4.7725680e-01 0.0000000e+00 0.0000000e+00 
5.2034539e-01 0.0000000e+00 0.0000000e+00 
5.6386721e-01 0.0000000e+00 0.0000000e+00 
6.0872579e-01 0.0000000e+00 0.0000000e+00 
6.5584701e-01 0.0000000e+00 0.0000000e+00 
7.0623368e-01 0.0000000e+00 0.0000000e+00 
7.6094180e-01 0.0000000e+00 0.0000000e+00 
8.1967372e-01 0.0000000e+00 0.0000000e+00 
8.7868989e-01 0.0000000e+00 0.0000000e+00 
9.3770629e-01 0.0000000e+00 0.0000000e+00 
9.9672258e-01 0.0000000e+00 0.0000000e+00 
1.0557390e+00 0.0000000e+00 0.0000000e+00 
1.1147550e+00 0.0000000e+00 0.0000000e+00 
1.1737720e+00 0.0000000e+00 0.0000000e+00 
1.2327880e+00 0.0000000e+00 0.0000000e+00 
1.2918040e+00 0.0000000e+00 0.0000000e+00 
1.3508210e+00 0.0000000e+00 0.0000000e+00 
1.4098370e+00 0.0000000e+00 0.0000000e+00 
1.4688530e+00 0.0000000e+00 0.0000000e+00 
1.5278690e+00 0.0000000e+00 0.0000000e+00 
1.5868860e+00 0.0000000e+00 0.0000000e+00 
1.6459020e+00 0.0000000e+00 0.0000000e+00 
1.7049180e+00 0.0000000e+00 0.0000000e+00 
1.7639350e+00 0.0000000e+00 0.0000000e+00 
1.8229510e+00 0.0000000e+00 0.0000000e+00 
1.8819669e+00 0.0000000e+00 0.0000000e+00 
1.9409840e+00 0.0000000e+00 0.0000000e+00 
2.0000000e+00 5.9999999e-02 0.0000000e+00 
2.0000000e+00 1.2000000e-01 0.0000000e+00 
2.0000000e+00 1.8000001e-01 0.0000000e+00 
2.0000000e+00 2.3999999e-01 0.0000000e+00 
2.0000000e+00 3.0000001e-01 0.0000000e+00 
2.0000000e+00 3.6000001e-01 0.0000000e+00 
2.0000000e+00 4.1999999e-01 0.0000000e+00 
2.0000000e+00 4.7999999e-01 0.0000000e+00 
2.0000000e+00 5.4000002e-01 0.0000000e+00 
1.9409840e+00 6.0000002e-01 0.0000000e+00 
1.8819669e+00 6.0000002e-01 0.0000000e+00 
1.8229510e+00 6.0000002e-01 0.0000000e+00 
1.7639350e+00 6.0000002e-01 0.0000000e+00 
1.7049180e+00 6.0000002e-01 0.0000000e+00 
1.6459020e+00 6.0000002e-01 0.0000000e+00 
1.5868860e+00 6.0000002e-01 0.0000000e+00 
1.5278690e+00 6.0000002e-01 0.0000000e+00 
1.4688530e+00 6.0000002e-01 0.0000000e+00 
1.4098370e+00 6.0000002e-01 0.0000000e+00 
1.3508210e+00 6.0000002e-01 0.0000000e+00 
1.2918040e+00 6.0000002e-01 0.0000000e+00 
1.2327880e+00 6.0000002e-01 0.0000000e+00 
1.1737720e+00 6.0000002e-01 0.0000000e+00 
1.1147550e+00 6.0000002e-01 0.0000000e+00 
1.0557390e+00 6.0000002e-01 0.0000000e+00 
9.9672258e-01 6.0000002e-01 0.0000000e+00 
9.3770629e-01 6.0000002e-01 0.0000000e+00 
8.7868989e-01 6.0000002e-01 0.0000000e+00 
8.1967372e-01 6.0000002e-01 0.0000000e+00 
7.6094180e-01 6.0000002e-01 0.0000000e+00 
7.0623368e-01 6.0000002e-01 0.0000000e+00 
6.5584701e-01 6.0000002e-01 0.0000000e+00 
6.0872579e-01 6.0000002e-01 0.0000000e+00 
5.6386721e-01 6.0000002e-01 0.0000000e+00 
5.2034539e-01 6.0000002e-01 0.0000000e+00 
4.7725680e-01 6.0000002e-01 0.0000000e+00 
4.3368599e-01 6.0000002e-01 0.0000000e+00 
3.8872591e-01 6.0000002e-01 0.0000000e+00 
3.4144861e-01 6.0000002e-01 0.0000000e+00 
2.9085249e-01 6.0000002e-01 0.0000000e+00 
2.3587100e-01 6.0000002e-01 0.0000000e+00 
1.7704900e-01 6.0000002e-01 0.0000000e+00 
1.1803260e-01 6.0000002e-01 0.0000000e+00 
5.9016321e-02 6.0000002e-01 0.0000000e+00 
0.0000000e+00 5.4000002e-01 0.0000000e+00 
0.0000000e+00 4.7999999e-01 0.0000000e+00 
0.0000000e+00 4.1999999e-01 0.0000000e+00 
0.0000000e+00 3.6000001e-01 0.0000000e+00 
0.0000000e+00 3.0000001e-01 0.0000000e+00 
0.0000000e+00 2.3999999e-01 0.0000000e+00 
0.0000000e+00 1.8000001e-01 0.0000000e+00 
0.0000000e+00 1.2000000e-01 0.0000000e+00 
0.0000000e+00 5.9999999e-02 0.0000000e+00 
4.3026751e-01 3.0683401e-01 0.0000000e+00 
8.4908241e-01 5.5269438e-01 0.0000000e+00 
7.8790653e-01 5.1802918e-02 0.0000000e+00 
1.1430219e+00 5.0576471e-02 0.0000000e+00 
1.4415160e+00 5.0573289e-02 0.0000000e+00 
1.6754100e+00 5.5038619e-01 0.0000000e+00 
2.6041579e-01 5.2875768e-02 0.0000000e+00 
9.6895182e-01 5.0380111e-02 0.0000000e+00 
2.6302171e-01 5.5612308e-01 0.0000000e+00 
5.5065349e-02 2.6500449e-01 0.0000000e+00 
1.2615570e+00 5.4759312e-01 0.0000000e+00 
1.0253479e+00 5.4886931e-01 0.0000000e+00 
1.6201590e+00 5.4130111e-02 0.0000000e+00 
1.4979730e+00 5.5115038e-01 0.0000000e+00 
6.7900127e-01 5.5979192e-01 0.0000000e+00 
1.9463980e+00 2.6800990e-01 0.0000000e+00 
6.3145077e-01 3.8099781e-02 0.0000000e+00 
4.1331020e-01 5.6811810e-01 0.0000000e+00 
4.1231820e-01 3.8809739e-02 0.0000000e+00 
5.4410732e-01 5.6000441e-01 0.0000000e+00 
1.7962800e+00 5.9606131e-02 0.0000000e+00 
5.4468262e-01 3.7558820e-02 0.0000000e+00 
4.9130220e-02 3.9247900e-01 0.0000000e+00 
1.9509200e+00 3.8997239e-01 0.0000000e+00 
1.3233820e+00 4.9667731e-02 0.0000000e+00 
1.3821890e+00 5.4839480e-01 0.0000000e+00 
1.1434870e+00 5.4837209e-01 0.0000000e+00 
1.7959980e+00 5.4855859e-01 0.0000000e+00 
4.9401909e-02 1.5067521e-01 0.0000000e+00 
1.4989950e-01 5.5529898e-01 0.0000000e+00 
1.9519399e+00 1.5339760e-01 0.0000000e+00 
1.4754079e-01 5.1025499e-02 0.0000000e+00 
1.9506550e+00 5.1069498e-01 0.0000000e+00 
1.9114760e+00 5.1109631e-02 0.0000000e+00 
4.9216151e-02 5.0927132e-01 0.0000000e+00 
5.8710063e-01 3.6655251e-02 0.0000000e+00 
6.0428280e-01 7.4787550e-02 0.0000000e+00 
6.4929068e-01 7.4443869e-02 0.0000000e+00 
6.2715179e-01 1.0633790e-01 0.0000000e+00 
5.9329480e-01 1.0799770e-01 0.0000000e+00 
6.0949302e-01 1.3488390e-01 0.0000000e+00 
6.4123279e-01 1.3555969e-01 0.0000000e+00 
6.2006623e-01 1.6328260e-01 0.0000000e+00 
6.5316749e-01 1.6381399e-01 0.0000000e+00 
6.3351321e-01 1.8958050e-01 0.0000000e+00 
6.6427898e-01 1.8941709e-01 0.0000000e+00 
6.4933020e-01 2.1180780e-01 0.0000000e+00 
6.7645937e-01 2.1359310e-01 0.0000000e+00 
6.6097301e-01 2.3410480e-01 0.0000000e+00 
6.8796802e-01 2.3757669e-01 0.0000000e+00 
6.7103261e-01 2.5876111e-01 0.0000000e+00 
6.9990993e-01 2.6214910e-01 0.0000000e+00 
6.8101048e-01 2.8387409e-01 0.0000000e+00 
7.1248281e-01 2.8716281e-01 0.0000000e+00 
7.2971261e-01 2.6349890e-01 0.0000000e+00 
7.4486363e-01 2.9076719e-01 0.0000000e+00 
6.9556361e-01 3.0985960e-01 0.0000000e+00 
7.6406652e-01 2.6318431e-01 0.0000000e+00 
7.8114778e-01 2.9619500e-01 0.0000000e+00 
5.5403137e-01 2.5565761e-01 0.0000000e+00 
5.6691158e-01 2.7902979e-01 0.0000000e+00 
8.0246252e-01 2.6402649e-01 0.0000000e+00 
8.2167560e-01 3.0103979e-01 0.0000000e+00 
5.7978672e-01 1.3316999e-01 0.0000000e+00 
6.9627529e-01 1.8651520e-01 0.0000000e+00 
8.4832448e-01 2.6130950e-01 0.0000000e+00 
8.6857778e-01 3.0716091e-01 0.0000000e+00 
6.6883779e-01 3.0851370e-01 0.0000000e+00 
6.8001598e-01 3.3176759e-01 0.0000000e+00 
5.6956083e-01 3.0685109e-01 0.0000000e+00 
8.9643359e-01 2.6652190e-01 0.0000000e+00 
9.1803229e-01 3.1445420e-01 0.0000000e+00 
9.4838840e-01 2.6944679e-01 0.0000000e+00 
9.7196358e-01 3.1528941e-01 0.0000000e+00 
1.0020620e+00 2.7188951e-01 0.0000000e+00 
1.0263140e+00 3.1974381e-01 0.0000000e+00 
1.0557370e+00 2.7577680e-01 0.0000000e+00 
6.5179992e-01 3.3081001e-01 0.0000000e+00 
6.6418201e-01 3.5163379e-01 0.0000000e+00 
6.8745148e-01 3.5866591e-01 0.0000000e+00 
6.4083183e-01 3.5175639e-01 0.0000000e+00 
6.5020132e-01 3.7057751e-01 0.0000000e+00 
6.2925631e-01 3.6861771e-01 0.0000000e+00 
6.3750827e-01 3.8906679e-01 0.0000000e+00 
6.1479098e-01 3.8505989e-01 0.0000000e+00 
6.2451601e-01 4.0700281e-01 0.0000000e+00 
6.0271370e-01 4.0461549e-01 0.0000000e+00 
6.4791143e-01 4.1049060e-01 0.0000000e+00 
6.1149168e-01 4.2533240e-01 0.0000000e+00 
5.8940130e-01 4.2314041e-01 0.0000000e+00 
5.4590571e-01 3.5405469e-01 0.0000000e+00 
5.5933821e-01 3.3214769e-01 0.0000000e+00 
1.0820900e+00 3.2265610e-01 0.0000000e+00 
1.1129040e+00 2.7988619e-01 0.0000000e+00 
1.1385900e+00 3.3131590e-01 0.0000000e+00 
1.1718310e+00 2.8342861e-01 0.0000000e+00 
5.9854919e-01 4.4447681e-01 0.0000000e+00 
5.7566178e-01 4.4153079e-01 0.0000000e+00 
8.0048358e-01 3.3398119e-01 0.0000000e+00 
1.1962050e+00 3.3624330e-01 0.0000000e+00 
1.2286429e+00 2.8668931e-01 0.0000000e+00 
1.2540359e+00 3.3862561e-01 0.0000000e+00 
1.2863950e+00 2.8994620e-01 0.0000000e+00 
6.1140192e-01 1.8628950e-01 0.0000000e+00 
1.3121480e+00 3.4238011e-01 0.0000000e+00 
1.3446890e+00 2.9366851e-01 0.0000000e+00 
1.3705840e+00 3.4558439e-01 0.0000000e+00 
1.4032860e+00 2.9774809e-01 0.0000000e+00 
6.4617378e-01 3.0788270e-01 0.0000000e+00 
1.4291511e+00 3.4956750e-01 0.0000000e+00 
1.4618640e+00 3.0163100e-01 0.0000000e+00 
1.4877310e+00 3.5457411e-01 0.0000000e+00 
1.5206050e+00 3.0603161e-01 0.0000000e+00 
1.5464530e+00 3.5889450e-01 0.0000000e+00 
1.5793800e+00 3.1008351e-01 0.0000000e+00 
5.6763572e-01 4.1851109e-01 0.0000000e+00 
5.5408603e-01 4.3793961e-01 0.0000000e+00 
5.2029008e-01 3.6688760e-01 0.0000000e+00 
9.4794089e-01 3.6647639e-01 0.0000000e+00 
8.7384099e-01 2.2074890e-01 0.0000000e+00 
6.3348472e-01 2.3041780e-01 0.0000000e+00 
7.8118002e-01 2.2578520e-01 0.0000000e+00 
1.6052290e+00 3.6304700e-01 0.0000000e+00 
1.6382140e+00 3.1413361e-01 0.0000000e+00 
1.6641290e+00 3.6722910e-01 0.0000000e+00 
1.6971480e+00 3.1819481e-01 0.0000000e+00 
1.6712240e+00 2.6505721e-01 0.0000000e+00 
1.7302210e+00 2.6912081e-01 0.0000000e+00 
1.5534170e+00 2.5684619e-01 0.0000000e+00 
6.7181969e-01 1.4093800e-01 0.0000000e+00 
5.8596748e-01 4.6394360e-01 0.0000000e+00 
1.7230920e+00 3.7133509e-01 0.0000000e+00 
1.3771909e+00 2.4454120e-01 0.0000000e+00 
6.2249678e-01 4.4700289e-01 0.0000000e+00 
1.2033920e+00 2.3449400e-01 0.0000000e+00 
1.0287880e+00 2.3015590e-01 0.0000000e+00 
5.4669750e-01 4.1895449e-01 0.0000000e+00 
5.3373671e-01 4.3515179e-01 0.0000000e+00 
5.4073101e-01 4.5481020e-01 0.0000000e+00 
5.1996583e-01 4.5137540e-01 0.0000000e+00 
5.1387292e-01 4.2921981e-01 0.0000000e+00 
4.9935541e-01 4.4742331e-01 0.0000000e+00 
4.5565760e-01 3.5403141e-01 0.0000000e+00 
4.9349809e-01 4.2846820e-01 0.0000000e+00 
4.7935709e-01 4.4358870e-01 0.0000000e+00 
4.7970989e-01 3.6688760e-01 0.0000000e+00 
4.8592600e-01 4.6396780e-01 0.0000000e+00 
4.6443069e-01 4.5930001e-01 0.0000000e+00 
4.5825541e-01 4.3536639e-01 0.0000000e+00 
4.4286779e-01 4.5335940e-01 0.0000000e+00 
4.3592349e-01 4.3169260e-01 0.0000000e+00 
4.2123440e-01 4.4813421e-01 0.0000000e+00 
4.1462469e-01 4.2622849e-01 0.0000000e+00 
4.3825611e-01 3.3387709e-01 0.0000000e+00 
3.9864141e-01 4.4291711e-01 0.0000000e+00 
3.9200109e-01 4.1997111e-01 0.0000000e+00 
3.7504819e-01 4.3754801e-01 0.0000000e+00 
3.6926591e-01 4.1456231e-01 0.0000000e+00 
3.5052001e-01 4.3156540e-01 0.0000000e+00 
3.4640020e-01 4.0321410e-01 0.0000000e+00 
3.2338160e-01 4.2558259e-01 0.0000000e+00 
3.1625420e-01 3.9745620e-01 0.0000000e+00 
3.3599329e-01 3.7658459e-01 0.0000000e+00 
3.0888751e-01 3.6996761e-01 0.0000000e+00 
3.2846531e-01 3.5015899e-01 0.0000000e+00 
3.0453789e-01 3.4228960e-01 0.0000000e+00 
3.2241219e-01 3.2376000e-01 0.0000000e+00 
2.9612821e-01 3.1610900e-01 0.0000000e+00 
3.1577420e-01 2.9729351e-01 0.0000000e+00 
2.8885421e-01 2.8886101e-01 0.0000000e+00 
3.0968001e-01 2.6928011e-01 0.0000000e+00 
2.8137040e-01 2.6060769e-01 0.0000000e+00 
2.8570160e-01 3.8790971e-01 0.0000000e+00 
3.0315241e-01 2.4067999e-01 0.0000000e+00 
3.3230671e-01 2.5245121e-01 0.0000000e+00 
3.2487640e-01 2.2290690e-01 0.0000000e+00 
3.5372531e-01 2.3027760e-01 0.0000000e+00 
4.3461740e-01 2.7961159e-01 0.0000000e+00 
3.4512779e-01 2.0528039e-01 0.0000000e+00 
3.6950600e-01 2.1069451e-01 0.0000000e+00 
2.6638910e-01 3.1392881e-01 0.0000000e+00 
2.7405229e-01 2.3109850e-01 0.0000000e+00 
3.6342499e-01 1.8842390e-01 0.0000000e+00 
3.8558939e-01 1.9589300e-01 0.0000000e+00 
4.4520050e-01 2.5469631e-01 0.0000000e+00 
3.8103029e-01 1.7263541e-01 0.0000000e+00 
4.0200421e-01 1.8057050e-01 0.0000000e+00 
4.9249741e-01 2.2787590e-01 0.0000000e+00 
4.6605590e-01 2.3826469e-01 0.0000000e+00 
3.3931601e-01 1.7988220e-01 0.0000000e+00 
3.8745371e-01 3.9799151e-01 0.0000000e+00 
3.5741779e-01 2.5419459e-01 0.0000000e+00 
3.5627639e-01 4.5751181e-01 0.0000000e+00 
3.4765261e-01 3.3191890e-01 0.0000000e+00 
3.9811629e-01 1.5518570e-01 0.0000000e+00 
4.2193061e-01 1.6662900e-01 0.0000000e+00 
3.7476501e-01 1.4610679e-01 0.0000000e+00 
3.9139041e-01 2.1633980e-01 0.0000000e+00 
2.5018540e-01 2.5338060e-01 0.0000000e+00 
2.4227400e-01 2.1673180e-01 0.0000000e+00 
2.1296521e-01 2.4632980e-01 0.0000000e+00 
2.0310380e-01 2.0643540e-01 0.0000000e+00 
4.7074649e-01 4.8204380e-01 0.0000000e+00 
4.9385741e-01 4.8678511e-01 0.0000000e+00 
4.1766569e-01 1.3875820e-01 0.0000000e+00 
4.3951231e-01 1.4885530e-01 0.0000000e+00 
4.4284999e-01 1.6929220e-01 0.0000000e+00 
4.6074921e-01 1.5907930e-01 0.0000000e+00 
4.5701310e-01 1.3411739e-01 0.0000000e+00 
4.7804150e-01 1.4308280e-01 0.0000000e+00 
4.8207700e-01 1.6432039e-01 0.0000000e+00 
5.2000839e-01 2.3249920e-01 0.0000000e+00 
4.7522539e-01 1.1890660e-01 0.0000000e+00 
4.9824399e-01 1.5124670e-01 0.0000000e+00 
5.0239080e-01 1.7379840e-01 0.0000000e+00 
4.0624869e-01 4.6688080e-01 0.0000000e+00 
4.2919409e-01 4.1243970e-01 0.0000000e+00 
6.2043011e-01 3.4884781e-01 0.0000000e+00 
1.7042540e+00 2.1590130e-01 0.0000000e+00 
1.7632940e+00 2.2000070e-01 0.0000000e+00 
5.9477502e-01 3.8850871e-01 0.0000000e+00 
1.1047130e+00 3.7971979e-01 0.0000000e+00 
5.5632508e-01 4.0331629e-01 0.0000000e+00 
5.1673311e-01 1.5979400e-01 0.0000000e+00 
5.1686460e-01 1.3875850e-01 0.0000000e+00 
5.2089018e-01 1.7866670e-01 0.0000000e+00 
2.3531640e-01 1.7608330e-01 0.0000000e+00 
4.8605490e-01 1.8340071e-01 0.0000000e+00 
1.2225550e+00 3.8796490e-01 0.0000000e+00 
1.7893510e+00 2.7321759e-01 0.0000000e+00 
5.0436419e-01 4.1349870e-01 0.0000000e+00 
4.8793069e-01 4.1161671e-01 0.0000000e+00 
1.3432890e+00 3.9487341e-01 0.0000000e+00 
4.9844569e-01 3.9902619e-01 0.0000000e+00 
5.1288861e-01 4.0051869e-01 0.0000000e+00 
4.7826111e-01 5.0721961e-01 0.0000000e+00 
1.5723439e+00 4.1086179e-01 0.0000000e+00 
5.6928509e-01 1.1216540e-01 0.0000000e+00 
5.3438342e-01 1.6713411e-01 0.0000000e+00 
5.3660733e-01 1.8530799e-01 0.0000000e+00 
5.5097228e-01 1.7492341e-01 0.0000000e+00 
5.5329382e-01 1.9238080e-01 0.0000000e+00 
1.4477730e+00 4.0997440e-01 0.0000000e+00 
1.7183121e-01 2.3577370e-01 0.0000000e+00 
1.8385801e-01 2.7833050e-01 0.0000000e+00 
4.5149651e-01 1.1040960e-01 0.0000000e+00 
4.7247219e-01 9.1955133e-02 0.0000000e+00 
1.9255680e-01 1.6331930e-01 0.0000000e+00 
4.5135620e-01 5.0161749e-01 0.0000000e+00 
1.8225530e+00 2.2401039e-01 0.0000000e+00 
5.2494282e-01 1.9506520e-01 0.0000000e+00 
1.7372680e+00 1.6678140e-01 0.0000000e+00 
1.6782570e+00 1.6271511e-01 0.0000000e+00 
1.6900350e+00 4.2038351e-01 0.0000000e+00 
1.7490560e+00 4.2454061e-01 0.0000000e+00 
4.8329440e-01 3.9614201e-01 0.0000000e+00 
4.7259709e-01 4.0761891e-01 0.0000000e+00 
4.6829471e-01 3.9267531e-01 0.0000000e+00 
1.7821480e+00 3.7544200e-01 0.0000000e+00 
1.8081650e+00 4.2873210e-01 0.0000000e+00 
5.6767190e-01 1.8248910e-01 0.0000000e+00 
5.6965590e-01 1.9964610e-01 0.0000000e+00 
5.5310482e-01 2.0997940e-01 0.0000000e+00 
5.7153863e-01 2.1648981e-01 0.0000000e+00 
5.5832732e-01 2.2570750e-01 0.0000000e+00 
5.7294083e-01 2.3188220e-01 0.0000000e+00 
5.8571517e-01 2.2277141e-01 0.0000000e+00 
5.8722973e-01 2.3849240e-01 0.0000000e+00 
2.2661661e-01 1.3415439e-01 0.0000000e+00 
2.6798990e-01 1.4730521e-01 0.0000000e+00 
1.7105891e+00 1.1396340e-01 0.0000000e+00 
5.9993339e-01 2.2935030e-01 0.0000000e+00 
6.0129720e-01 2.4530940e-01 0.0000000e+00 
5.8868867e-01 2.5420901e-01 0.0000000e+00 
6.0235012e-01 2.6110700e-01 0.0000000e+00 
1.8387530e+00 3.7525591e-01 0.0000000e+00 
5.4489303e-01 2.2099259e-01 0.0000000e+00 
4.5784310e-01 5.2955812e-01 0.0000000e+00 
5.1062381e-01 5.1103139e-01 0.0000000e+00 
4.9833831e-01 1.0296860e-01 0.0000000e+00 
1.8639690e+00 4.2541769e-01 0.0000000e+00 
4.9523690e-01 7.3985048e-02 0.0000000e+00 
1.3844220e-01 2.6736441e-01 0.0000000e+00 
1.5088230e-01 3.1097111e-01 0.0000000e+00 
1.2641050e-01 2.2494370e-01 0.0000000e+00 
2.0287590e-01 3.2045639e-01 0.0000000e+00 
1.6756350e-01 3.5410741e-01 0.0000000e+00 
2.1099889e-01 3.6507410e-01 0.0000000e+00 
1.8053800e-01 3.9719370e-01 0.0000000e+00 
2.2913329e-01 4.0715241e-01 0.0000000e+00 
1.9421770e-01 4.3993911e-01 0.0000000e+00 
2.3865750e-01 4.5007020e-01 0.0000000e+00 
1.4811151e-01 4.3034700e-01 0.0000000e+00 
5.9036589e-01 2.6973200e-01 0.0000000e+00 
6.0372931e-01 2.7649191e-01 0.0000000e+00 
6.1619169e-01 2.6624000e-01 0.0000000e+00 
5.9138829e-01 2.8492469e-01 0.0000000e+00 
6.0468042e-01 2.9163459e-01 0.0000000e+00 
1.8453060e+00 2.7996099e-01 0.0000000e+00 
2.0954210e-01 4.8537201e-01 0.0000000e+00 
4.6530190e-01 6.3733928e-02 0.0000000e+00 
5.9247959e-01 2.9992181e-01 0.0000000e+00 
6.0560697e-01 3.0666059e-01 0.0000000e+00 
5.9351093e-01 3.1494951e-01 0.0000000e+00 
6.0633099e-01 3.2174519e-01 0.0000000e+00 
5.9430778e-01 3.2937449e-01 0.0000000e+00 
4.9347320e-01 3.8454881e-01 0.0000000e+00 
5.5062449e-01 1.5674770e-01 0.0000000e+00 
4.5774269e-01 4.0380031e-01 0.0000000e+00 
4.5300320e-01 3.8926181e-01 0.0000000e+00 
5.2078158e-01 8.5589677e-02 0.0000000e+00 
5.2809721e-01 4.7261381e-01 0.0000000e+00 
5.4998982e-01 4.7740239e-01 0.0000000e+00 
1.1647230e-01 3.4303319e-01 0.0000000e+00 
5.4025501e-01 4.0216339e-01 0.0000000e+00 
5.4931629e-01 3.8893181e-01 0.0000000e+00 
5.6429678e-01 3.8917771e-01 0.0000000e+00 
5.5815691e-01 3.7613159e-01 0.0000000e+00 
5.3233409e-01 3.8730109e-01 0.0000000e+00 
6.1810511e-01 2.9840681e-01 0.0000000e+00 
5.4633558e-01 2.3408321e-01 0.0000000e+00 
1.7233150e+00 4.7115931e-01 0.0000000e+00 
1.6544410e+00 4.6960419e-01 0.0000000e+00 
5.9817278e-01 2.1342160e-01 0.0000000e+00 
5.7312608e-01 3.7630349e-01 0.0000000e+00 
5.6664068e-01 3.6344349e-01 0.0000000e+00 
5.8089459e-01 3.6333910e-01 0.0000000e+00 
5.7436389e-01 3.5058859e-01 0.0000000e+00 
5.8890998e-01 3.5140380e-01 0.0000000e+00 
5.9597099e-01 3.6360300e-01 0.0000000e+00 
1.8871840e+00 2.3216370e-01 0.0000000e+00 
1.8613670e+00 1.6699770e-01 0.0000000e+00 
5.8043772e-01 3.2325599e-01 0.0000000e+00 
1.8341640e-01 1.2044960e-01 0.0000000e+00 
1.4539170e-01 1.4803199e-01 0.0000000e+00 
5.2981251e-01 4.1606659e-01 0.0000000e+00 
6.3278657e-01 3.2098520e-01 0.0000000e+00 
4.9883649e-01 1.9035070e-01 0.0000000e+00 
4.8866749e-01 1.9995619e-01 0.0000000e+00 
4.7372600e-01 1.9428051e-01 0.0000000e+00 
4.7687241e-01 2.0988560e-01 0.0000000e+00 
4.6230760e-01 2.0519090e-01 0.0000000e+00 
5.0175709e-01 2.0284539e-01 0.0000000e+00 
3.7420979e-01 2.4249861e-01 0.0000000e+00 
3.7680081e-01 2.5999850e-01 0.0000000e+00 
3.6377189e-01 2.7359021e-01 0.0000000e+00 
3.8147151e-01 2.7786380e-01 0.0000000e+00 
3.9390230e-01 2.6630861e-01 0.0000000e+00 
3.9790910e-01 2.8215069e-01 0.0000000e+00 
3.8660839e-01 2.9399589e-01 0.0000000e+00 
4.0266559e-01 2.9749459e-01 0.0000000e+00 
3.9230630e-01 3.0959940e-01 0.0000000e+00 
3.7539089e-01 3.0645579e-01 0.0000000e+00 
3.8165531e-01 3.2178041e-01 0.0000000e+00 
3.9764741e-01 3.2483751e-01 0.0000000e+00 
3.8738471e-01 3.3702531e-01 0.0000000e+00 
4.0318671e-01 3.3988059e-01 0.0000000e+00 
3.9298999e-01 3.5206911e-01 0.0000000e+00 
4.0884519e-01 3.5489669e-01 0.0000000e+00 
3.7592891e-01 3.5095471e-01 0.0000000e+00 
4.1221961e-01 3.2815641e-01 0.0000000e+00 
4.0885890e-01 2.7070051e-01 0.0000000e+00 
4.0606499e-01 2.5576550e-01 0.0000000e+00 
4.2036530e-01 2.6073930e-01 0.0000000e+00 
4.1758421e-01 2.4588020e-01 0.0000000e+00 
3.9879280e-01 3.6719501e-01 0.0000000e+00 
4.1457930e-01 3.6959961e-01 0.0000000e+00 
4.2435291e-01 3.5784501e-01 0.0000000e+00 
4.3005049e-01 3.7181091e-01 0.0000000e+00 
4.2064139e-01 3.8399899e-01 0.0000000e+00 
4.0332180e-01 2.4100940e-01 0.0000000e+00 
4.1523230e-01 2.3128320e-01 0.0000000e+00 
4.2901969e-01 2.3581611e-01 0.0000000e+00 
4.2680249e-01 2.2116630e-01 0.0000000e+00 
4.4072181e-01 2.2622180e-01 0.0000000e+00 
4.3834931e-01 2.1132030e-01 0.0000000e+00 
4.2324290e-01 2.0628519e-01 0.0000000e+00 
5.7600939e-01 2.6372889e-01 0.0000000e+00 
4.6461701e-01 3.7602729e-01 0.0000000e+00 
4.4586849e-01 3.4520641e-01 0.0000000e+00 
1.8224460e+00 4.8960349e-01 0.0000000e+00 
4.3567330e-01 1.9562960e-01 0.0000000e+00 
5.9315038e-01 1.5660501e-01 0.0000000e+00 
4.5945361e-01 1.9019520e-01 0.0000000e+00 
6.2804931e-01 2.1075760e-01 0.0000000e+00 
4.4690049e-01 3.7500271e-01 0.0000000e+00 
4.3590689e-01 2.6693821e-01 0.0000000e+00 
4.5538360e-01 2.4537770e-01 0.0000000e+00 
5.3253782e-01 3.6093631e-01 0.0000000e+00 
5.0687999e-01 3.7203360e-01 0.0000000e+00 
5.5479759e-01 3.4289679e-01 0.0000000e+00 
4.7859880e-01 2.3292100e-01 0.0000000e+00 
5.6951690e-01 2.9091081e-01 0.0000000e+00 
4.3251589e-01 3.2153201e-01 0.0000000e+00 
2.5864059e-01 4.9322551e-01 0.0000000e+00 
2.8119770e-01 4.6436489e-01 0.0000000e+00 
2.9712620e-01 4.9769270e-01 0.0000000e+00 
5.0679362e-01 2.2942559e-01 0.0000000e+00 
5.1640040e-01 2.1935740e-01 0.0000000e+00 
6.5671778e-01 2.8741741e-01 0.0000000e+00 
6.4681822e-01 2.6546481e-01 0.0000000e+00 
2.6161829e-01 1.0442510e-01 0.0000000e+00 
2.9914159e-01 1.2133270e-01 0.0000000e+00 
5.3835911e-01 2.0090669e-01 0.0000000e+00 
4.1076070e-01 4.0288219e-01 0.0000000e+00 
4.2847160e-01 2.9058349e-01 0.0000000e+00 
5.8385968e-01 4.0419951e-01 0.0000000e+00 
4.6758640e-01 2.2237021e-01 0.0000000e+00 
1.7680900e+00 1.1666990e-01 0.0000000e+00 
4.6705061e-01 3.6164391e-01 0.0000000e+00 
4.2953780e-01 5.2015013e-01 0.0000000e+00 
3.4222049e-01 3.0633521e-01 0.0000000e+00 
3.3303869e-01 2.8045291e-01 0.0000000e+00 
5.3547281e-01 4.9663380e-01 0.0000000e+00 
5.6233060e-01 5.0093198e-01 0.0000000e+00 
3.5305610e-01 3.5562491e-01 0.0000000e+00 
3.6326250e-01 3.7681499e-01 0.0000000e+00 
5.8255208e-01 1.8968870e-01 0.0000000e+00 
5.6585908e-01 6.7596443e-02 0.0000000e+00 
3.1423870e-01 5.6071562e-01 0.0000000e+00 
3.6825681e-01 5.5769640e-01 0.0000000e+00 
1.6511329e+00 1.0926090e-01 0.0000000e+00 
1.6192470e+00 1.5863900e-01 0.0000000e+00 
3.1425080e-01 3.9930049e-02 0.0000000e+00 
3.1129351e-01 1.6085930e-01 0.0000000e+00 
3.3299991e-01 1.3328290e-01 0.0000000e+00 
3.3072019e-01 1.0009960e-01 0.0000000e+00 
2.7850899e-01 1.8997809e-01 0.0000000e+00 
3.6250210e-01 1.1719080e-01 0.0000000e+00 
3.6242679e-01 7.9823360e-02 0.0000000e+00 
3.9215559e-01 9.3917303e-02 0.0000000e+00 
6.7704421e-01 3.9422091e-02 0.0000000e+00 
6.9158012e-01 7.9496212e-02 0.0000000e+00 
7.2696608e-01 4.4044841e-02 0.0000000e+00 
7.3696113e-01 9.5335990e-02 0.0000000e+00 
7.9171729e-01 1.0606610e-01 0.0000000e+00 
7.5707722e-01 1.3865989e-01 0.0000000e+00 
8.0465728e-01 1.5881000e-01 0.0000000e+00 
8.4009641e-01 1.2030350e-01 0.0000000e+00 
8.5441029e-01 1.6780110e-01 0.0000000e+00 
8.9020813e-01 1.3047090e-01 0.0000000e+00 
8.7580758e-01 8.5384279e-02 0.0000000e+00 
6.3392729e-01 5.6027758e-01 0.0000000e+00 
6.5490252e-01 5.2222651e-01 0.0000000e+00 
6.9785458e-01 5.2009457e-01 0.0000000e+00 
6.6947389e-01 4.8214740e-01 0.0000000e+00 
7.1400052e-01 4.7928271e-01 0.0000000e+00 
7.3890662e-01 5.1415598e-01 0.0000000e+00 
7.5538421e-01 4.7427329e-01 0.0000000e+00 
7.3060858e-01 4.4053549e-01 0.0000000e+00 
7.7131832e-01 4.3481070e-01 0.0000000e+00 
7.4432129e-01 4.0371630e-01 0.0000000e+00 
7.9942912e-01 4.6868020e-01 0.0000000e+00 
8.1664360e-01 4.2528069e-01 0.0000000e+00 
8.4675127e-01 4.6303490e-01 0.0000000e+00 
7.0795268e-01 4.1132101e-01 0.0000000e+00 
8.6556101e-01 4.1526449e-01 0.0000000e+00 
9.0177119e-01 4.5578691e-01 0.0000000e+00 
6.1436248e-01 5.2457899e-01 0.0000000e+00 
5.9010911e-01 5.6233871e-01 0.0000000e+00 
6.8740159e-01 4.4485721e-01 0.0000000e+00 
6.3075930e-01 4.9217081e-01 0.0000000e+00 
8.2390177e-01 3.7696400e-01 0.0000000e+00 
6.5760958e-01 4.5251140e-01 0.0000000e+00 
8.8201141e-01 3.6469159e-01 0.0000000e+00 
7.1646827e-01 3.7200019e-01 0.0000000e+00 
7.5293612e-01 3.6630341e-01 0.0000000e+00 
7.3172802e-01 3.4158540e-01 0.0000000e+00 
4.3641081e-01 3.8625911e-01 0.0000000e+00 
3.3307719e-01 5.1888418e-01 0.0000000e+00 
3.7808201e-01 5.1874483e-01 0.0000000e+00 
4.1757399e-01 3.4319299e-01 0.0000000e+00 
4.0734050e-01 3.1263331e-01 0.0000000e+00 
4.8661929e-01 4.2812102e-02 0.0000000e+00 
7.2056448e-01 1.3380709e-01 0.0000000e+00 
7.2885102e-01 1.7120270e-01 0.0000000e+00 
7.6764971e-01 1.8236589e-01 0.0000000e+00 
7.3844647e-01 2.0840840e-01 0.0000000e+00 
3.2383901e-01 4.7502699e-01 0.0000000e+00 
2.0299730e-01 4.5617640e-02 0.0000000e+00 
5.8970161e-02 3.3410329e-01 0.0000000e+00 
2.0689000e-01 5.5709481e-01 0.0000000e+00 
4.1305149e-01 2.8573561e-01 0.0000000e+00 
7.8471351e-01 5.4944623e-01 0.0000000e+00 
5.7445318e-01 2.4704580e-01 0.0000000e+00 
4.8197981e-02 2.0613991e-01 0.0000000e+00 
2.9774281e-01 8.0907270e-02 0.0000000e+00 
5.0055778e-01 5.6669247e-01 0.0000000e+00 
5.6139982e-01 2.6632291e-01 0.0000000e+00 
1.6788280e+00 5.7307512e-02 0.0000000e+00 
5.1920211e-01 3.7999329e-01 0.0000000e+00 
5.3287011e-01 2.3837809e-01 0.0000000e+00 
4.9314889e-01 3.6956069e-01 0.0000000e+00 
5.4427528e-01 3.7591609e-01 0.0000000e+00 
7.8244883e-01 3.9527819e-01 0.0000000e+00 
3.6446571e-01 4.0250320e-02 0.0000000e+00 
4.4162789e-01 3.5938531e-01 0.0000000e+00 
6.3632941e-01 2.8842619e-01 0.0000000e+00 
4.9067271e-01 2.1312010e-01 0.0000000e+00 
9.0754151e-01 5.5067050e-01 0.0000000e+00 
9.6624529e-01 5.4957891e-01 0.0000000e+00 
9.9525559e-01 4.9868581e-01 0.0000000e+00 
1.0540251e+00 4.9801311e-01 0.0000000e+00 
1.0243800e+00 4.4818369e-01 0.0000000e+00 
1.0813180e+00 4.4429299e-01 0.0000000e+00 
9.6050638e-01 4.4521841e-01 0.0000000e+00 
9.9237692e-01 4.0150511e-01 0.0000000e+00 
9.3534291e-01 5.0050128e-01 0.0000000e+00 
1.1123620e+00 4.9683940e-01 0.0000000e+00 
1.1383430e+00 4.4216970e-01 0.0000000e+00 
5.4218680e-01 5.2327639e-01 0.0000000e+00 
4.9454380e-02 4.5007420e-01 0.0000000e+00 
1.0217610e-01 4.7936839e-01 0.0000000e+00 
2.2542991e-01 2.8165141e-01 0.0000000e+00 
3.9299640e-01 1.2565491e-01 0.0000000e+00 
4.2287391e-01 1.0849530e-01 0.0000000e+00 
4.1702661e-01 7.4225321e-02 0.0000000e+00 
4.2317891e-01 4.9126241e-01 0.0000000e+00 
3.6435950e-01 3.1840631e-01 0.0000000e+00 
5.9271669e-01 4.9394491e-01 0.0000000e+00 
4.5279789e-01 2.1705380e-01 0.0000000e+00 
1.1707489e+00 4.9572700e-01 0.0000000e+00 
1.1967220e+00 4.4262701e-01 0.0000000e+00 
1.2286400e+00 4.9457431e-01 0.0000000e+00 
1.2569320e+00 4.4329810e-01 0.0000000e+00 
1.2887410e+00 4.9415389e-01 0.0000000e+00 
4.9704749e-02 9.0376601e-02 0.0000000e+00 
1.1661880e+00 3.8667339e-01 0.0000000e+00 
1.0448740e+00 3.9727730e-01 0.0000000e+00 
1.3219531e+00 5.4748261e-01 0.0000000e+00 
1.3566051e+00 4.9475339e-01 0.0000000e+00 
1.4128619e+00 5.0170678e-01 0.0000000e+00 
1.3878731e+00 4.4357020e-01 0.0000000e+00 
2.6875430e-01 4.3074101e-01 0.0000000e+00 
4.1746351e-01 3.0108821e-01 0.0000000e+00 
4.7450441e-01 4.2571831e-01 0.0000000e+00 
4.0593800e-01 2.0075510e-01 0.0000000e+00 
4.4167551e-01 4.0079829e-01 0.0000000e+00 
1.9512080e+00 4.5117629e-01 0.0000000e+00 
1.0262311e+00 5.1109631e-02 0.0000000e+00 
9.9738371e-01 1.0181700e-01 0.0000000e+00 
1.0553030e+00 1.0176790e-01 0.0000000e+00 
1.0273110e+00 1.4739220e-01 0.0000000e+00 
1.0855290e+00 1.4977370e-01 0.0000000e+00 
9.7062862e-01 1.4721170e-01 0.0000000e+00 
9.3508059e-01 1.0148260e-01 0.0000000e+00 
1.1133560e+00 1.0215650e-01 0.0000000e+00 
1.1446090e+00 1.4514109e-01 0.0000000e+00 
1.1160710e+00 1.9391710e-01 0.0000000e+00 
1.2018321e+00 5.4771107e-01 0.0000000e+00 
1.9480680e+00 2.1005040e-01 0.0000000e+00 
1.0842860e+00 5.4868227e-01 0.0000000e+00 
1.9480680e+00 3.2994959e-01 0.0000000e+00 
1.5904510e+00 1.0452840e-01 0.0000000e+00 
1.5598950e+00 1.5443350e-01 0.0000000e+00 
1.5304790e+00 1.0186320e-01 0.0000000e+00 
1.5007280e+00 1.5119410e-01 0.0000000e+00 
1.5273950e+00 2.0345390e-01 0.0000000e+00 
1.4685169e+00 1.9967620e-01 0.0000000e+00 
1.4425830e+00 1.4740349e-01 0.0000000e+00 
1.4098901e+00 1.9577309e-01 0.0000000e+00 
1.3839140e+00 1.4338671e-01 0.0000000e+00 
1.3511680e+00 1.9153769e-01 0.0000000e+00 
1.3252350e+00 1.3926670e-01 0.0000000e+00 
1.2926320e+00 1.8772170e-01 0.0000000e+00 
1.2666039e+00 1.3634580e-01 0.0000000e+00 
1.2355460e+00 1.8558609e-01 0.0000000e+00 
1.2059170e+00 1.3905290e-01 0.0000000e+00 
1.2347410e+00 9.3928657e-02 0.0000000e+00 
1.3187660e+00 2.4091680e-01 0.0000000e+00 
1.4945120e+00 2.5244480e-01 0.0000000e+00 
1.5862570e+00 2.0772290e-01 0.0000000e+00 
5.5948251e-01 2.4233980e-01 0.0000000e+00 
1.5573130e+00 5.4926682e-01 0.0000000e+00 
1.5215520e+00 5.0207931e-01 0.0000000e+00 
1.5906490e+00 4.9784341e-01 0.0000000e+00 
1.3832541e+00 4.9608339e-02 0.0000000e+00 
1.5002331e+00 5.0511628e-02 0.0000000e+00 
1.7345819e+00 5.5134553e-01 0.0000000e+00 
1.6170100e+00 5.5189037e-01 0.0000000e+00 
1.6308481e+00 4.1378099e-01 0.0000000e+00 
1.7733830e+00 4.6653220e-01 0.0000000e+00 
1.8566350e+00 5.4165798e-01 0.0000000e+00 
1.5124860e+00 4.0674630e-01 0.0000000e+00 
1.4853560e+00 4.5626420e-01 0.0000000e+00 
1.6452560e+00 2.1187560e-01 0.0000000e+00 
1.7967290e+00 1.6947480e-01 0.0000000e+00 
1.8955210e+00 4.8443690e-01 0.0000000e+00 
2.4952111e-01 3.7534630e-01 0.0000000e+00 
2.4015559e-01 3.3920720e-01 0.0000000e+00 
1.6122910e+00 2.6095319e-01 0.0000000e+00 
1.8537400e+00 5.5921540e-02 0.0000000e+00 
1.8819669e+00 1.0242500e-01 0.0000000e+00 
9.5119797e-02 1.2153590e-01 0.0000000e+00 
1.0847340e+00 5.0935078e-02 0.0000000e+00 
1.7562060e+00 3.2229191e-01 0.0000000e+00 
1.4358770e+00 2.4863569e-01 0.0000000e+00 
4.3159389e-01 2.5088599e-01 0.0000000e+00 
4.7994119e-01 3.8120639e-01 0.0000000e+00 
1.8123610e+00 3.2570100e-01 0.0000000e+00 
6.1470199e-01 2.3820160e-01 0.0000000e+00 
6.2837660e-01 2.5279269e-01 0.0000000e+00 
5.6644672e-01 3.2120070e-01 0.0000000e+00 
4.0343639e-01 3.8359720e-01 0.0000000e+00 
1.2608960e+00 2.3755901e-01 0.0000000e+00 
9.7383392e-01 2.2759880e-01 0.0000000e+00 
1.8966711e+00 3.6694610e-01 0.0000000e+00 
1.2852859e+00 3.9278471e-01 0.0000000e+00 
4.4754091e-01 4.1694289e-01 0.0000000e+00 
5.1814729e-01 1.1434720e-01 0.0000000e+00 
9.8089732e-02 2.9848260e-01 0.0000000e+00 
8.7650722e-01 5.0584209e-01 0.0000000e+00 
7.2722268e-01 5.5884892e-01 0.0000000e+00 
9.1900879e-01 4.0950510e-01 0.0000000e+00 
6.0669678e-01 3.3687809e-01 0.0000000e+00 
9.2257088e-01 2.2499460e-01 0.0000000e+00 
1.8270659e+00 1.1701130e-01 0.0000000e+00 
3.9101499e-01 2.5043941e-01 0.0000000e+00 
3.0026230e-01 2.1632680e-01 0.0000000e+00 
5.8418620e-01 3.3934349e-01 0.0000000e+00 
1.5593460e+00 5.1838879e-02 0.0000000e+00 
4.5547140e-01 5.6772357e-01 0.0000000e+00 
9.7268373e-02 1.8144910e-01 0.0000000e+00 
9.3618453e-02 5.9398320e-02 0.0000000e+00 
9.5946752e-02 4.1991970e-01 0.0000000e+00 
1.5493150e-01 4.8253620e-01 0.0000000e+00 
5.3141659e-01 2.2366489e-01 0.0000000e+00 
4.6951711e-01 1.7694290e-01 0.0000000e+00 
1.3219830e+00 4.4809279e-01 0.0000000e+00 
6.1860532e-01 2.8225860e-01 0.0000000e+00 
9.2647932e-02 5.4469162e-01 0.0000000e+00 
3.6105269e-01 4.8700431e-01 0.0000000e+00 
1.4393450e+00 5.5213040e-01 0.0000000e+00 
1.9442101e+00 9.5342271e-02 0.0000000e+00 
9.0059137e-01 1.7995150e-01 0.0000000e+00 
8.2735151e-01 2.0720319e-01 0.0000000e+00 
6.6251612e-01 1.0677520e-01 0.0000000e+00 
6.7604911e-01 4.1622579e-01 0.0000000e+00 
6.8501538e-01 3.8669550e-01 0.0000000e+00 
3.6920869e-01 2.9070961e-01 0.0000000e+00 
4.5409241e-01 2.3146330e-01 0.0000000e+00 
6.1867392e-01 3.1358370e-01 0.0000000e+00 
1.9131620e+00 5.4997718e-01 0.0000000e+00 
4.2027211e-01 1.8849210e-01 0.0000000e+00 
1.9003210e+00 2.9999799e-01 0.0000000e+00 
5.5434358e-01 1.3134070e-01 0.0000000e+00 
1.4729370e+00 1.0059040e-01 0.0000000e+00 
4.4868380e-01 4.7589070e-01 0.0000000e+00 
1.7371070e+00 5.7924490e-02 0.0000000e+00 
1.6196249e-01 1.9384970e-01 0.0000000e+00 
2.7876011e-01 3.4925121e-01 0.0000000e+00 
5.6304562e-01 4.5950639e-01 0.0000000e+00 
6.0384172e-01 3.5119170e-01 0.0000000e+00 
5.7530987e-01 5.2873927e-01 0.0000000e+00 
1.3667960e-01 3.8707560e-01 0.0000000e+00 
4.9747679e-01 1.2821840e-01 0.0000000e+00 
1.1983300e+00 4.8251878e-02 0.0000000e+00 
7.5970978e-01 3.2726541e-01 0.0000000e+00 
8.1999791e-01 5.1075947e-01 0.0000000e+00 
1.3957340e+00 3.8871399e-01 0.0000000e+00 
3.8881221e-01 2.3447470e-01 0.0000000e+00 
5.2596432e-01 2.0954940e-01 0.0000000e+00 
1.4149910e+00 9.8922051e-02 0.0000000e+00 
3.1656411e-01 1.9587231e-01 0.0000000e+00 
4.3203679e-01 3.4525600e-01 0.0000000e+00 
5.0832897e-01 3.8785461e-01 0.0000000e+00 
5.0716370e-01 4.6868089e-01 0.0000000e+00 
7.2506380e-01 3.1459489e-01 0.0000000e+00 
5.7067949e-01 1.5282580e-01 0.0000000e+00 
6.7973870e-01 1.6684531e-01 0.0000000e+00 
5.3255141e-01 1.4827640e-01 0.0000000e+00 
5.8382958e-01 2.0679601e-01 0.0000000e+00 
3.6833951e-01 3.3595169e-01 0.0000000e+00 
6.6081917e-01 3.9089271e-01 0.0000000e+00 
3.5859609e-01 1.6498099e-01 0.0000000e+00 
5.4474670e-01 2.4635740e-01 0.0000000e+00 
8.5039961e-01 4.4130251e-02 0.0000000e+00 
7.0378470e-01 2.1493910e-01 0.0000000e+00 
3.8111559e-01 3.6489099e-01 0.0000000e+00 
3.8378549e-01 3.8103321e-01 0.0000000e+00 
1.1733290e+00 9.6517898e-02 0.0000000e+00 
6.1236829e-01 3.6486840e-01 0.0000000e+00 
4.2817801e-01 4.6774849e-01 0.0000000e+00 
3.9298210e-01 4.8933309e-01 0.0000000e+00 
5.1858139e-01 5.3958851e-01 0.0000000e+00 
1.1778920e+00 1.8819040e-01 0.0000000e+00 
6.3357651e-01 4.2729640e-01 0.0000000e+00 
2.1912169e-01 8.9860998e-02 0.0000000e+00 
4.4828820e-01 3.3391532e-02 0.0000000e+00 
7.1727687e-01 2.3730519e-01 0.0000000e+00 
9.8337471e-02 2.5592181e-01 0.0000000e+00 
4.8688981e-01 5.3696889e-01 0.0000000e+00 
9.1024607e-01 4.6742149e-02 0.0000000e+00 
4.2072469e-01 3.1704551e-01 0.0000000e+00 
2.5881660e-01 2.8481191e-01 0.0000000e+00 
1.3556740e+00 9.6588373e-02 0.0000000e+00 
3.8170820e-01 4.6353251e-01 0.0000000e+00 
6.1133659e-01 4.6789679e-01 0.0000000e+00 
4.4266859e-01 2.4074350e-01 0.0000000e+00 
1.4653840e+00 5.0395852e-01 0.0000000e+00 
1.1433500e+00 2.3560201e-01 0.0000000e+00 
5.5341142e-01 3.6430839e-01 0.0000000e+00 
5.7990170e-01 2.7820900e-01 0.0000000e+00 
4.4887719e-01 2.0151231e-01 0.0000000e+00 
4.6245420e-01 4.1756010e-01 0.0000000e+00 
4.1210291e-01 2.1662711e-01 0.0000000e+00 
5.1736373e-01 5.6347691e-02 0.0000000e+00 
7.0604849e-01 3.3807889e-01 0.0000000e+00 
4.3653390e-01 1.2656429e-01 0.0000000e+00 
4.2773649e-01 3.9727569e-01 0.0000000e+00 
4.2305809e-01 2.7508900e-01 0.0000000e+00 
1.9111360e+00 1.7995431e-01 0.0000000e+00 
1.2975690e+00 9.4644032e-02 0.0000000e+00 
7.4613649e-01 2.3963641e-01 0.0000000e+00 
2.9362991e-01 4.1433749e-01 0.0000000e+00 
5.8357382e-01 3.0761179e-01 0.0000000e+00 
5.3191912e-01 3.7253350e-01 0.0000000e+00 
4.4445190e-01 8.4593862e-02 0.0000000e+00 
1.5468830e+00 4.5422599e-01 0.0000000e+00 
6.2926418e-01 2.7103639e-01 0.0000000e+00 
3.5220909e-01 2.8729489e-01 0.0000000e+00 
8.3805579e-01 3.3710629e-01 0.0000000e+00 
5.2616048e-01 4.0003020e-01 0.0000000e+00 
1.8064611e-01 5.2023911e-01 0.0000000e+00 
4.2505819e-01 3.3176431e-01 0.0000000e+00 
7.7968621e-01 5.0346297e-01 0.0000000e+00 
1.2679260e+00 4.6381779e-02 0.0000000e+00 
5.8107018e-01 2.9473820e-01 0.0000000e+00 
6.1925322e-01 3.3036381e-01 0.0000000e+00 
5.6537521e-01 2.5524691e-01 0.0000000e+00 
3.8967860e-01 6.5405212e-02 0.0000000e+00 
1.0865080e+00 2.3449360e-01 0.0000000e+00 
1.4042149e-01 9.9993236e-02 0.0000000e+00 
1.0030100e+00 3.5783571e-01 0.0000000e+00 
3.6067769e-01 3.0184039e-01 0.0000000e+00 
5.7885981e-01 3.8880101e-01 0.0000000e+00 
1.5990330e+00 4.4926330e-01 0.0000000e+00 
9.1439813e-02 3.7532219e-01 0.0000000e+00 
5.7995051e-01 1.7130360e-01 0.0000000e+00 
6.1258352e-01 2.5273019e-01 0.0000000e+00 
4.0172791e-01 2.2754180e-01 0.0000000e+00 
5.4750210e-01 9.9742994e-02 0.0000000e+00 
6.1311978e-01 2.0313910e-01 0.0000000e+00 
6.1223829e-01 2.2002740e-01 0.0000000e+00 
1.8586820e+00 3.2957241e-01 0.0000000e+00 
5.8738971e-01 3.7580970e-01 0.0000000e+00 
4.5219980e-02 4.4195049e-02 0.0000000e+00 
4.8124549e-01 2.2123460e-01 0.0000000e+00 
4.3828961e-02 5.5591398e-01 0.0000000e+00 
1.0568640e+00 1.9004630e-01 0.0000000e+00 
3.3193341e-01 4.4711831e-01 0.0000000e+00 
3.0378929e-01 4.4286191e-01 0.0000000e+00 
5.3415012e-01 1.2728420e-01 0.0000000e+00 
5.0386423e-01 2.1636350e-01 0.0000000e+00 
1.9116580e+00 4.2358989e-01 0.0000000e+00 
4.5517069e-01 3.6521810e-01 0.0000000e+00 
3.6732909e-01 3.6239621e-01 0.0000000e+00 
6.3041377e-01 3.0585691e-01 0.0000000e+00 
1.9569679e+00 4.3301821e-02 0.0000000e+00 
5.7146299e-01 4.8058590e-01 0.0000000e+00 
1.6484860e+00 5.1718348e-01 0.0000000e+00 
9.4670999e-01 1.8556410e-01 0.0000000e+00 
6.3752991e-01 4.6584189e-01 0.0000000e+00 
1.9572541e+00 5.5697870e-01 0.0000000e+00 
6.4813697e-01 2.4830820e-01 0.0000000e+00 
6.0179752e-01 3.7555191e-01 0.0000000e+00 
1.4364240e+00 4.6111640e-01 0.0000000e+00 
5.6217611e-01 3.5223660e-01 0.0000000e+00 
6.6050959e-01 4.3027630e-01 0.0000000e+00 
4.0468970e-01 5.1149738e-01 0.0000000e+00 
5.1506358e-01 2.0555650e-01 0.0000000e+00 
4.3334481e-01 1.8108650e-01 0.0000000e+00 
9.9962813e-01 1.8700930e-01 0.0000000e+00 
6.9131333e-01 1.1763480e-01 0.0000000e+00 
4.4599831e-01 1.8538959e-01 0.0000000e+00 
5.1551181e-01 4.8891029e-01 0.0000000e+00 
4.3754059e-01 5.8743980e-02 0.0000000e+00 
5.9589100e-01 3.4163511e-01 0.0000000e+00 
2.3624770e-01 5.2814358e-01 0.0000000e+00 
6.6953379e-01 3.7169310e-01 0.0000000e+00 
3.6865169e-01 3.9570969e-01 0.0000000e+00 
5.9758049e-01 1.9620110e-01 0.0000000e+00 
1.3329040e-01 5.1544452e-01 0.0000000e+00 
1.0515270e+00 3.5504949e-01 0.0000000e+00 
3.3392131e-01 6.8202123e-02 0.0000000e+00 
1.7869949e-01 8.1389397e-02 0.0000000e+00 
9.2706198e-01 1.4882250e-01 0.0000000e+00 
1.7000279e+00 5.1305068e-01 0.0000000e+00 
3.4774879e-01 2.6959679e-01 0.0000000e+00 
5.7002652e-01 3.3917850e-01 0.0000000e+00 
4.5571360e-01 1.7617980e-01 0.0000000e+00 
8.2389021e-01 8.1237279e-02 0.0000000e+00 
5.6977302e-01 4.0162051e-01 0.0000000e+00 
5.7622939e-01 9.1579817e-02 0.0000000e+00 
7.9520959e-01 1.9354109e-01 0.0000000e+00 
7.1731091e-01 1.9555099e-01 0.0000000e+00 
9.5533073e-01 4.0679529e-01 0.0000000e+00 
5.1722008e-01 4.1250920e-01 0.0000000e+00 
4.3116611e-01 5.4470932e-01 0.0000000e+00 
6.9998658e-01 1.5358570e-01 0.0000000e+00 
3.7607810e-01 2.2627370e-01 0.0000000e+00 
5.1978278e-01 3.9113960e-01 0.0000000e+00 
5.3689402e-01 2.1312129e-01 0.0000000e+00 
9.0401761e-02 2.1924180e-01 0.0000000e+00 
7.8513551e-01 3.6338761e-01 0.0000000e+00 
2.8628290e-01 5.2971011e-01 0.0000000e+00 
1.9101239e+00 1.3962340e-01 0.0000000e+00 
3.3938929e-01 1.5675519e-01 0.0000000e+00 
3.5365051e-01 1.4366330e-01 0.0000000e+00 
5.9640652e-01 1.7787141e-01 0.0000000e+00 
2.3996450e-01 3.0955619e-01 0.0000000e+00 
4.0130991e-01 5.3756779e-01 0.0000000e+00 
2.6203820e-01 3.9843059e-01 0.0000000e+00 
1.7610559e+00 5.1254529e-01 0.0000000e+00 
5.3923780e-01 6.9367118e-02 0.0000000e+00 
6.6389477e-01 2.7387929e-01 0.0000000e+00 
5.6400359e-01 1.6758190e-01 0.0000000e+00 
6.3302028e-01 3.3655259e-01 0.0000000e+00 
5.4254562e-01 3.6452681e-01 0.0000000e+00 
5.1293671e-01 2.8587131e-02 0.0000000e+00 
5.1246679e-01 1.8971939e-01 0.0000000e+00 

CELLS 1766 7064
3 0 870 123
3 1 882 70
3 2 887 79
3 3 872 114
3 4 193 35
3 4 516 193
3 5 516 4
3 6 184 5
3 6 612 184
3 7 612 6
3 8 183 7
3 8 799 183
3 9 799 8
3 10 615 9
3 11 335 10
3 11 521 335
3 12 521 11
3 13 311 12
3 13 515 311
3 14 515 13
3 15 312 14
3 15 511 312
3 16 511 15
3 17 308 16
3 17 510 308
3 18 510 17
3 19 301 18
3 19 529 301
3 20 529 19
3 21 124 20
3 21 517 124
3 22 517 21
3 23 277 22
3 23 503 277
3 24 503 23
3 25 266 24
3 25 533 266
3 26 533 25
3 27 269 26
3 27 616 269
3 28 616 27
3 29 513 28
3 30 241 29
3 30 512 241
3 31 512 30
3 32 214 31
3 32 514 214
3 33 514 32
3 34 215 33
3 34 726 215
3 35 726 34
3 36 870 0
3 37 747 36
3 38 155 37
3 38 603 155
3 39 603 38
3 40 130 39
3 40 547 130
3 41 547 40
3 41 619 547
3 42 619 41
3 43 142 42
3 43 812 142
3 44 812 43
3 44 943 597
3 45 943 44
3 46 145 45
3 46 159 145
3 47 159 46
3 48 140 47
3 48 555 140
3 49 555 48
3 49 557 555
3 50 557 49
3 51 126 50
3 51 800 126
3 52 800 51
3 52 816 800
3 53 816 52
3 54 131 53
3 54 663 131
3 55 663 54
3 55 718 663
3 56 718 55
3 57 127 56
3 57 780 127
3 58 780 57
3 58 850 780
3 59 850 58
3 60 148 59
3 60 700 148
3 61 700 60
3 62 128 61
3 62 701 128
3 63 701 62
3 63 744 701
3 64 744 63
3 65 136 64
3 65 613 136
3 66 613 65
3 66 772 613
3 67 772 66
3 68 144 67
3 68 715 144
3 69 715 68
3 70 157 69
3 70 882 157
3 71 882 1
3 72 757 71
3 73 154 72
3 73 674 154
3 74 674 73
3 75 139 74
3 75 676 139
3 76 676 75
3 77 147 76
3 77 662 147
3 78 662 77
3 79 156 78
3 79 887 156
3 80 887 2
3 81 766 80
3 82 706 81
3 83 151 82
3 83 702 151
3 84 702 83
3 85 129 84
3 85 703 129
3 86 703 85
3 87 697 86
3 88 137 87
3 88 756 137
3 89 756 88
3 90 149 89
3 90 653 149
3 91 653 90
3 92 134 91
3 92 673 134
3 93 673 92
3 94 150 93
3 94 675 150
3 95 675 94
3 96 135 95
3 96 624 135
3 97 624 96
3 98 623 97
3 99 125 98
3 99 607 125
3 100 607 99
3 100 736 607
3 101 736 100
3 102 138 101
3 102 566 138
3 103 566 102
3 103 583 566
3 104 583 103
3 105 143 104
3 105 611 143
3 106 611 105
3 106 745 611
3 107 745 106
3 108 141 107
3 108 544 141
3 109 544 108
3 110 543 109
3 111 132 110
3 111 605 132
3 112 605 111
3 113 153 112
3 113 754 153
3 114 754 113
3 114 872 754
3 115 872 3
3 116 158 115
3 116 635 158
3 117 635 116
3 118 146 117
3 118 604 146
3 119 604 118
3 120 133 119
3 120 609 133
3 121 609 120
3 122 152 121
3 122 650 152
3 123 650 122
3 123 870 650
3 124 529 20
3 124 658 529
3 124 817 658
3 125 623 98
3 125 735 623
3 125 782 735
3 126 557 50
3 126 558 557
3 126 559 558
3 126 915 559
3 127 718 56
3 127 804 670
3 128 700 61
3 128 786 700
3 129 702 84
3 129 911 702
3 130 603 39
3 130 610 525
3 130 811 603
3 131 816 53
3 132 543 110
3 132 929 543
3 133 604 119
3 133 734 604
3 133 814 734
3 133 927 814
3 134 653 91
3 134 673 647
3 135 675 95
3 136 613 545
3 136 744 64
3 137 697 87
3 137 698 697
3 137 823 698
3 138 736 101
3 139 674 74
3 139 768 454
3 140 159 47
3 140 160 159
3 140 161 160
3 140 555 161
3 141 745 107
3 141 922 745
3 141 935 922
3 142 619 42
3 142 854 619
3 142 900 640
3 143 583 104
3 143 777 583
3 143 808 634
3 144 740 532
3 144 772 67
3 145 938 830
3 145 943 45
3 146 635 117
3 146 748 635
3 146 861 748
3 147 676 76
3 147 730 676
3 147 878 730
3 148 850 59
3 149 756 89
3 150 673 93
3 150 675 632
3 151 706 82
3 151 937 504
3 152 609 121
3 152 746 609
3 153 605 112
3 153 847 605
3 153 906 847
3 154 757 72
3 154 930 757
3 155 747 37
3 155 856 747
3 155 909 856
3 156 662 78
3 156 711 662
3 156 766 711
3 156 887 766
3 157 715 69
3 157 716 715
3 157 757 716
3 157 882 757
3 158 872 115
3 159 542 145
3 160 542 159
3 160 917 542
3 161 162 160
3 161 760 162
3 162 163 160
3 162 164 163
3 162 165 164
3 162 760 165
3 163 917 160
3 164 187 163
3 164 506 187
3 165 166 164
3 165 167 166
3 165 253 167
3 165 760 253
3 166 506 164
3 166 933 506
3 167 168 166
3 167 169 168
3 167 793 169
3 168 227 166
3 168 866 227
3 169 170 168
3 169 171 170
3 169 188 171
3 169 793 188
3 170 508 168
3 171 172 170
3 171 173 172
3 171 801 173
3 172 244 170
3 172 888 244
3 173 174 172
3 173 175 174
3 173 813 175
3 174 888 172
3 174 939 524
3 175 176 174
3 175 177 176
3 175 178 177
3 175 813 178
3 176 939 174
3 177 180 176
3 177 791 180
3 178 179 177
3 178 181 179
3 178 837 181
3 179 791 177
3 180 191 176
3 180 192 191
3 180 831 192
3 181 182 179
3 181 185 182
3 181 245 185
3 181 837 245
3 182 781 179
3 183 612 7
3 183 799 696
3 183 853 612
3 184 516 5
3 184 612 501
3 184 826 516
3 185 186 182
3 185 189 186
3 185 759 189
3 186 222 182
3 186 845 222
3 187 361 163
3 187 769 361
3 187 792 769
3 188 801 171
3 188 919 801
3 188 923 599
3 189 190 186
3 189 194 190
3 189 243 194
3 189 759 243
3 190 845 186
3 191 523 176
3 192 201 191
3 192 202 201
3 192 203 202
3 192 831 203
3 193 726 35
3 193 839 456
3 193 851 839
3 194 195 190
3 194 196 195
3 194 739 196
3 195 588 190
3 196 197 195
3 196 198 197
3 196 729 198
3 196 739 729
3 197 242 195
3 197 857 242
3 198 199 197
3 198 200 199
3 198 259 200
3 198 729 259
3 199 857 197
3 199 907 857
3 200 216 199
3 200 217 216
3 200 855 217
3 201 232 191
3 201 460 232
3 201 941 460
3 202 204 201
3 202 205 204
3 202 903 205
3 203 831 589
3 203 903 202
3 204 941 201
3 205 206 204
3 205 207 206
3 205 797 207
3 205 903 797
3 206 341 204
3 206 805 341
3 207 208 206
3 207 209 208
3 207 211 209
3 207 797 211
3 208 805 206
3 208 889 805
3 209 210 208
3 209 212 210
3 209 810 212
3 210 344 208
3 210 530 344
3 211 797 761
3 211 810 209
3 211 892 810
3 212 213 210
3 212 220 213
3 212 257 220
3 212 810 257
3 213 530 210
3 214 512 31
3 214 891 825
3 214 942 512
3 215 514 33
3 215 913 514
3 216 907 199
3 217 218 216
3 217 219 218
3 217 824 219
3 217 855 824
3 218 345 216
3 218 651 345
3 219 223 218
3 219 224 223
3 219 258 224
3 219 824 258
3 220 221 213
3 220 254 221
3 220 821 254
3 221 239 213
3 221 240 239
3 221 775 240
3 222 781 182
3 222 845 586
3 222 928 781
3 223 651 218
3 224 225 223
3 224 226 225
3 224 728 226
3 225 352 223
3 225 731 352
3 226 228 225
3 226 229 228
3 226 693 229
3 226 728 693
3 227 933 166
3 228 731 225
3 229 230 228
3 229 231 230
3 229 256 231
3 229 693 256
3 230 356 228
3 230 783 356
3 231 233 230
3 231 234 233
3 231 720 234
3 232 523 191
3 232 621 523
3 232 881 621
3 233 783 230
3 234 235 233
3 234 236 235
3 234 694 236
3 234 720 694
3 235 366 233
3 235 707 366
3 236 237 235
3 236 238 237
3 236 252 238
3 236 694 252
3 237 707 235
3 238 246 237
3 238 247 246
3 238 714 247
3 239 530 213
3 239 916 530
3 240 260 239
3 240 261 260
3 240 262 261
3 240 775 262
3 241 513 29
3 241 614 513
3 241 840 614
3 242 588 195
3 242 737 588
3 242 857 630
3 242 920 737
3 243 739 194
3 243 758 739
3 243 759 563
3 244 508 170
3 244 725 724
3 244 867 508
3 244 888 725
3 245 601 600
3 245 759 185
3 245 837 601
3 245 918 759
3 246 360 237
3 246 704 360
3 247 248 246
3 247 249 248
3 247 250 249
3 247 714 250
3 248 704 246
3 249 255 248
3 249 719 255
3 250 251 249
3 250 342 251
3 250 709 342
3 250 714 709
3 251 719 249
3 252 694 681
3 252 714 238
3 253 793 167
3 253 923 793
3 254 775 221
3 254 821 643
3 254 883 775
3 255 377 248
3 255 378 377
3 255 382 378
3 255 719 382
3 256 686 684
3 256 693 686
3 256 720 231
3 257 810 587
3 257 821 220
3 257 886 821
3 258 728 224
3 258 809 690
3 258 824 809
3 259 855 200
3 259 873 855
3 259 896 873
3 260 346 239
3 260 438 346
3 260 459 438
3 261 459 260
3 262 263 261
3 262 435 263
3 262 436 435
3 262 775 436
3 263 264 261
3 263 265 264
3 263 790 265
3 264 459 261
3 264 921 459
3 265 267 264
3 265 268 267
3 265 270 268
3 265 790 270
3 266 503 24
3 266 620 503
3 266 879 620
3 267 354 264
3 267 355 354
3 267 659 355
3 268 659 267
3 269 533 26
3 269 722 502
3 270 271 268
3 270 326 271
3 270 327 326
3 270 790 327
3 271 272 268
3 271 273 272
3 271 771 273
3 272 659 268
3 272 828 659
3 273 274 272
3 273 275 274
3 273 806 275
3 274 732 272
3 275 276 274
3 275 278 276
3 275 339 278
3 275 806 339
3 276 340 274
3 276 528 340
3 277 517 22
3 277 848 517
3 278 279 276
3 278 280 279
3 278 820 280
3 279 528 276
3 280 281 279
3 280 282 281
3 280 316 282
3 280 820 316
3 281 314 279
3 281 904 314
3 282 283 281
3 282 284 283
3 282 874 284
3 283 904 281
3 284 285 283
3 284 838 285
3 284 875 838
3 285 286 283
3 285 287 286
3 285 296 287
3 285 838 296
3 286 540 283
3 287 288 286
3 287 289 288
3 287 774 289
3 288 539 286
3 289 290 288
3 289 291 290
3 289 774 291
3 290 317 288
3 290 535 317
3 291 292 290
3 291 293 292
3 291 304 293
3 291 774 304
3 292 535 290
3 292 536 535
3 293 294 292
3 293 295 294
3 293 818 295
3 294 536 292
3 295 297 294
3 295 305 297
3 295 322 305
3 295 818 322
3 296 774 287
3 296 936 712
3 297 298 294
3 297 299 298
3 297 742 299
3 298 536 294
3 298 912 536
3 299 300 298
3 299 302 300
3 299 787 302
3 300 315 298
3 300 467 315
3 300 924 467
3 301 510 18
3 301 834 510
3 302 303 300
3 302 306 303
3 302 313 306
3 302 787 313
3 303 924 300
3 304 774 713
3 304 818 293
3 304 934 818
3 305 742 297
3 306 307 303
3 306 309 307
3 306 798 309
3 307 321 303
3 307 660 321
3 308 511 16
3 308 822 511
3 309 310 307
3 309 318 310
3 309 320 318
3 309 798 320
3 310 660 307
3 310 767 660
3 311 521 12
3 311 871 622
3 311 877 521
3 312 515 14
3 312 531 515
3 312 764 531
3 313 787 548
3 313 798 306
3 313 931 798
3 314 528 279
3 314 727 528
3 314 803 727
3 314 904 803
3 315 912 298
3 316 755 602
3 316 820 755
3 316 874 282
3 317 539 288
3 317 796 539
3 318 319 310
3 318 328 319
3 318 638 328
3 319 767 310
3 319 895 767
3 320 638 318
3 320 932 552
3 321 864 784
3 321 924 303
3 322 323 305
3 322 324 323
3 322 637 324
3 322 818 637
3 323 551 305
3 324 325 323
3 324 367 325
3 324 368 367
3 324 637 368
3 325 350 323
3 325 371 350
3 325 773 371
3 326 771 271
3 327 359 326
3 327 402 359
3 327 899 402
3 328 329 319
3 328 832 329
3 329 330 319
3 329 331 330
3 329 332 331
3 329 832 332
3 330 895 319
3 330 898 895
3 330 914 898
3 331 914 330
3 332 333 331
3 332 336 333
3 332 369 336
3 332 832 369
3 333 334 331
3 333 337 334
3 333 779 337
3 334 751 331
3 335 615 10
3 335 750 615
3 336 779 333
3 337 338 334
3 337 347 338
3 337 348 347
3 337 779 348
3 338 351 334
3 338 461 351
3 338 944 461
3 339 806 641
3 339 820 278
3 340 732 274
3 340 833 661
3 341 776 738
3 341 805 776
3 341 941 204
3 342 343 251
3 342 375 343
3 342 376 375
3 342 709 376
3 343 353 251
3 343 373 353
3 343 710 373
3 344 889 208
3 345 633 628
3 345 651 633
3 345 907 216
3 346 916 239
3 347 349 338
3 347 362 349
3 347 794 362
3 348 779 733
3 348 794 347
3 348 876 794
3 349 944 338
3 350 551 323
3 351 751 334
3 352 648 646
3 352 651 223
3 352 731 648
3 353 719 251
3 353 723 719
3 354 921 264
3 355 357 354
3 355 379 357
3 355 380 379
3 355 659 380
3 356 731 228
3 356 752 731
3 356 783 656
3 357 358 354
3 357 789 358
3 358 921 354
3 358 925 846
3 359 372 326
3 359 401 372
3 359 815 401
3 360 707 237
3 360 842 707
3 360 860 842
3 361 917 163
3 362 363 349
3 362 364 363
3 362 431 364
3 362 794 431
3 363 374 349
3 363 527 374
3 364 365 363
3 364 384 365
3 364 940 384
3 365 527 363
3 366 783 233
3 366 890 656
3 367 773 325
3 368 406 367
3 368 407 406
3 368 409 407
3 368 637 409
3 369 370 336
3 369 832 639
3 369 841 370
3 370 403 336
3 370 405 403
3 370 424 405
3 370 841 424
3 371 392 350
3 371 457 392
3 371 458 457
3 371 773 458
3 372 771 326
3 373 422 353
3 373 454 422
3 373 455 454
3 373 710 455
3 374 944 349
3 375 710 343
3 376 394 375
3 376 545 394
3 376 546 545
3 376 709 546
3 377 704 248
3 378 445 377
3 378 705 445
3 379 430 357
3 379 722 430
3 380 381 379
3 380 432 381
3 380 828 432
3 381 722 379
3 382 383 378
3 382 399 383
3 382 723 399
3 383 705 378
3 384 385 365
3 384 541 385
3 384 862 541
3 384 940 862
3 385 386 365
3 385 387 386
3 385 795 387
3 386 527 365
3 386 926 527
3 387 388 386
3 387 389 388
3 387 390 389
3 387 795 390
3 388 400 386
3 388 444 400
3 388 696 444
3 389 696 388
3 390 391 389
3 390 395 391
3 390 447 395
3 390 795 447
3 391 608 389
3 392 393 350
3 392 525 393
3 392 811 525
3 393 551 350
3 394 532 375
3 394 772 532
3 395 396 391
3 395 724 396
3 395 867 724
3 396 397 391
3 396 398 397
3 396 863 398
3 397 608 391
3 398 417 397
3 398 418 417
3 398 419 418
3 398 863 419
3 399 404 383
3 399 730 404
3 399 868 730
3 400 926 386
3 401 534 372
3 401 815 745
3 401 922 534
3 402 815 359
3 402 899 537
3 403 779 336
3 404 504 383
3 404 711 504
3 404 878 711
3 405 434 403
3 405 830 434
3 406 408 367
3 406 814 408
3 407 734 406
3 408 773 367
3 408 927 746
3 409 410 407
3 409 411 410
3 409 713 411
3 409 934 713
3 410 437 407
3 410 778 437
3 411 412 410
3 411 413 412
3 411 712 413
3 411 713 712
3 412 778 410
3 413 414 412
3 413 415 414
3 413 657 415
3 413 936 657
3 414 416 412
3 414 749 416
3 415 423 414
3 415 518 423
3 415 519 518
3 415 657 519
3 416 749 636
3 416 778 412
3 417 501 397
3 417 826 501
3 418 420 417
3 418 421 420
3 418 753 421
3 419 753 418
3 419 843 753
3 419 863 725
3 420 826 417
3 420 851 826
3 421 425 420
3 421 426 425
3 421 443 426
3 421 753 443
3 422 723 353
3 422 868 723
3 423 749 414
3 423 847 749
3 423 902 847
3 424 597 405
3 424 812 597
3 424 900 812
3 425 851 420
3 426 427 425
3 426 428 427
3 426 765 428
3 427 839 425
3 428 429 427
3 428 738 429
3 428 852 738
3 429 456 427
3 429 743 456
3 429 901 743
3 430 616 513
3 430 722 616
3 430 789 357
3 431 794 769
3 431 940 364
3 432 433 381
3 432 661 433
3 432 732 661
3 432 828 732
3 433 502 381
3 433 509 502
3 433 592 509
3 433 661 592
3 434 733 403
3 434 865 733
3 434 938 865
3 435 790 263
3 435 899 790
3 436 537 435
3 436 538 537
3 436 883 538
3 437 734 407
3 437 861 604
3 438 439 346
3 438 442 439
3 438 846 442
3 439 440 346
3 439 441 440
3 439 617 441
3 440 916 346
3 441 448 440
3 441 449 448
3 441 825 449
3 442 617 439
3 442 840 617
3 442 925 614
3 443 753 621
3 443 765 426
3 443 881 765
3 444 750 400
3 444 799 615
3 445 446 377
3 445 911 446
3 445 937 911
3 446 704 377
3 446 860 704
3 446 884 699
3 446 911 884
3 447 867 395
3 447 905 866
3 448 859 440
3 448 869 859
3 449 450 448
3 449 451 450
3 449 891 451
3 450 869 448
3 451 452 450
3 451 743 452
3 451 913 743
3 452 453 450
3 452 776 453
3 452 901 776
3 453 869 450
3 453 889 869
3 454 674 139
3 454 768 422
3 454 835 674
3 455 740 716
3 455 835 454
3 455 930 835
3 456 726 193
3 456 839 427
3 456 913 726
3 457 811 392
3 457 909 811
3 458 746 717
3 458 773 746
3 458 856 457
3 459 846 438
3 459 921 846
3 460 852 765
3 460 881 232
3 460 941 852
3 461 462 351
3 461 466 462
3 461 944 466
3 462 463 351
3 462 464 463
3 462 622 464
3 463 751 351
3 464 465 463
3 464 531 465
3 464 871 531
3 465 507 463
3 465 827 507
3 466 622 462
3 466 877 622
3 466 894 877
3 466 944 894
3 467 468 315
3 467 741 468
3 467 784 741
3 467 924 784
3 468 469 315
3 468 470 469
3 468 471 470
3 468 741 471
3 469 912 315
3 470 763 469
3 471 472 470
3 471 485 472
3 471 486 485
3 471 741 486
3 472 473 470
3 472 474 473
3 472 606 474
3 473 763 470
3 474 475 473
3 474 596 475
3 474 658 596
3 475 476 473
3 475 477 476
3 475 478 477
3 475 596 478
3 476 763 473
3 476 858 763
3 477 642 476
3 477 796 642
3 478 479 477
3 478 480 479
3 478 484 480
3 478 596 484
3 479 796 477
3 480 481 479
3 480 482 481
3 480 595 482
3 481 483 479
3 481 802 483
3 482 489 481
3 482 490 489
3 482 491 490
3 482 595 491
3 483 796 479
3 483 880 539
3 484 595 480
3 484 848 595
3 485 606 472
3 485 834 606
3 486 487 485
3 486 488 487
3 486 494 488
3 486 741 494
3 487 721 510
3 487 834 485
3 488 721 487
3 489 802 481
3 489 803 802
3 490 727 489
3 491 492 490
3 491 620 492
3 491 788 620
3 492 493 490
3 492 592 493
3 492 620 509
3 493 727 490
3 493 833 528
3 494 495 488
3 494 864 495
3 495 496 488
3 495 497 496
3 495 829 497
3 495 864 829
3 496 721 488
3 496 822 721
3 497 498 496
3 497 499 498
3 497 500 499
3 497 829 500
3 498 822 496
3 499 644 498
3 499 827 644
3 500 505 499
3 500 767 505
3 500 829 660
3 501 608 397
3 501 826 184
3 501 853 608
3 502 533 269
3 502 722 381
3 502 879 533
3 503 788 277
3 504 705 383
3 504 706 151
3 504 711 706
3 504 937 705
3 505 827 499
3 505 898 827
3 506 792 187
3 506 862 792
3 506 933 862
3 507 751 463
3 507 914 751
3 508 866 168
3 508 867 866
3 509 592 492
3 509 879 502
3 510 721 308
3 510 834 487
3 511 764 312
3 511 822 764
3 512 840 241
3 512 942 840
3 513 616 28
3 513 789 430
3 514 891 214
3 514 913 891
3 515 871 311
3 516 851 193
3 517 817 124
3 517 848 817
3 518 902 423
3 518 929 902
3 519 520 518
3 519 602 520
3 519 875 602
3 520 602 593
3 520 929 518
3 521 522 335
3 521 877 522
3 522 750 335
3 522 785 750
3 522 894 785
3 523 621 524
3 523 939 176
3 524 843 725
3 524 888 174
3 524 939 523
3 525 526 393
3 525 610 526
3 525 811 130
3 526 548 393
3 526 549 548
3 526 550 549
3 526 610 550
3 527 785 374
3 527 926 785
3 528 727 493
3 528 833 340
3 529 658 606
3 529 834 301
3 530 859 344
3 530 916 859
3 531 644 465
3 531 764 644
3 531 871 515
3 532 710 375
3 532 740 710
3 532 772 144
3 533 879 266
3 534 641 372
3 534 893 641
3 534 935 893
3 535 642 317
3 535 858 642
3 536 844 535
3 536 912 844
3 537 634 402
3 537 899 435
3 538 634 537
3 538 777 634
3 538 883 643
3 539 540 286
3 539 796 483
3 539 880 540
3 540 880 802
3 540 904 283
3 541 795 385
3 541 905 795
3 541 933 905
3 542 917 865
3 542 938 145
3 543 544 109
3 543 593 544
3 543 929 593
3 544 935 141
3 545 613 394
3 545 677 136
3 546 677 545
3 546 678 677
3 546 695 678
3 546 709 695
3 547 610 130
3 547 908 610
3 548 551 393
3 548 787 551
3 548 931 313
3 549 931 548
3 549 932 931
3 550 552 549
3 550 553 552
3 550 908 553
3 551 742 305
3 551 787 742
3 552 638 320
3 552 932 549
3 553 554 552
3 553 854 554
3 553 908 619
3 554 638 552
3 554 639 638
3 554 640 639
3 554 854 640
3 555 556 161
3 555 557 556
3 556 760 161
3 556 897 760
3 557 558 556
3 558 897 556
3 559 560 558
3 559 561 560
3 559 562 561
3 559 915 562
3 560 598 558
3 560 599 598
3 560 600 599
3 561 600 560
3 561 918 600
3 562 563 561
3 562 564 563
3 562 565 564
3 562 915 565
3 563 758 243
3 563 759 561
3 564 758 563
3 564 910 758
3 565 669 564
3 565 816 669
3 565 915 800
3 566 567 138
3 566 582 567
3 566 583 582
3 567 568 138
3 567 569 568
3 567 585 569
3 568 736 138
3 569 570 568
3 569 584 570
3 569 587 584
3 569 886 587
3 570 571 568
3 570 572 571
3 570 573 572
3 570 584 573
3 571 736 568
3 571 849 607
3 572 849 571
3 573 574 572
3 573 575 574
3 573 579 575
3 573 584 579
3 574 576 572
3 574 577 576
3 574 618 577
3 575 618 574
3 576 849 572
3 577 578 576
3 577 580 578
3 577 586 580
3 577 618 586
3 578 782 576
3 579 589 575
3 579 762 589
3 580 581 578
3 580 737 581
3 581 735 578
3 581 737 629
3 582 585 567
3 582 643 585
3 582 777 643
3 583 777 582
3 584 761 579
3 584 892 761
3 585 886 569
3 586 588 580
3 586 845 588
3 586 928 222
3 587 886 257
3 587 892 584
3 588 737 580
3 588 845 190
3 589 590 575
3 589 591 590
3 589 762 203
3 589 831 591
3 590 618 575
3 590 928 618
3 591 781 590
3 591 791 781
3 591 831 791
3 592 833 493
3 593 594 544
3 593 755 594
3 593 929 520
3 594 935 544
3 595 788 491
3 595 848 788
3 596 817 484
3 597 812 44
3 597 830 405
3 597 943 830
3 598 897 558
3 598 923 897
3 599 919 188
3 599 923 598
3 600 601 599
3 600 918 245
3 601 813 801
3 601 837 813
3 601 919 599
3 602 755 593
3 602 874 316
3 602 875 874
3 603 909 155
3 604 734 437
3 604 861 146
3 605 902 132
3 606 658 474
3 606 834 529
3 607 736 571
3 607 782 125
3 607 849 782
3 608 696 389
3 608 853 696
3 609 927 133
3 610 908 550
3 611 808 143
3 611 815 808
3 612 853 501
3 613 772 394
3 614 789 513
3 614 840 442
3 614 925 789
3 615 750 444
3 615 799 9
3 616 722 269
3 617 825 441
3 617 942 825
3 618 928 586
3 619 854 553
3 619 908 547
3 620 788 503
3 620 879 509
3 621 843 524
3 621 881 443
3 622 871 464
3 622 877 311
3 623 624 97
3 623 631 624
3 623 735 631
3 624 625 135
3 624 631 625
3 625 626 135
3 625 627 626
3 625 629 627
3 625 631 629
3 626 675 135
3 627 628 626
3 627 652 628
3 628 632 626
3 628 633 632
3 628 652 345
3 629 630 627
3 629 631 581
3 629 920 630
3 630 652 627
3 630 857 652
3 630 920 242
3 631 735 581
3 632 645 150
3 632 675 626
3 633 645 632
3 633 646 645
3 633 651 646
3 634 777 143
3 634 808 402
3 635 636 158
3 635 748 636
3 636 748 416
3 636 754 158
3 636 906 754
3 637 934 409
3 638 639 328
3 639 832 328
3 639 841 369
3 640 841 639
3 640 854 142
3 640 900 841
3 641 771 372
3 641 806 771
3 641 807 339
3 641 893 807
3 642 796 317
3 642 858 476
3 643 777 538
3 643 821 585
3 643 883 254
3 644 764 498
3 644 827 465
3 645 673 150
3 646 647 645
3 646 648 647
3 646 651 352
3 647 649 134
3 647 673 645
3 648 649 647
3 648 752 649
3 649 653 134
3 649 654 653
3 649 752 654
3 650 717 152
3 650 747 717
3 650 870 747
3 652 907 345
3 653 654 149
3 654 655 149
3 654 656 655
3 654 752 656
3 655 756 149
3 655 823 756
3 655 890 823
3 656 752 356
3 656 783 366
3 656 890 655
3 657 875 519
3 657 936 838
3 658 817 596
3 659 828 380
3 660 767 500
3 660 829 321
3 661 732 340
3 661 833 592
3 662 878 147
3 663 664 131
3 663 665 664
3 663 718 665
3 664 669 131
3 665 666 664
3 665 667 666
3 665 670 667
3 665 718 670
3 666 668 664
3 666 896 668
3 667 873 666
3 668 669 664
3 668 896 885
3 668 910 669
3 669 816 131
3 669 910 564
3 670 671 667
3 670 718 127
3 670 804 671
3 671 672 667
3 671 804 691
3 671 809 672
3 672 873 667
3 674 835 154
3 676 768 139
3 677 744 136
3 678 679 677
3 678 680 679
3 678 681 680
3 678 695 681
3 679 744 677
3 679 770 701
3 680 770 679
3 681 682 680
3 681 694 682
3 681 695 252
3 682 683 680
3 682 684 683
3 682 720 684
3 683 770 680
3 683 786 770
3 684 685 683
3 684 686 685
3 684 720 256
3 685 786 683
3 685 819 786
3 686 687 685
3 686 688 687
3 686 693 688
3 687 819 685
3 687 836 819
3 688 689 687
3 688 690 689
3 688 728 690
3 689 836 687
3 690 691 689
3 690 728 258
3 690 809 691
3 691 692 689
3 691 804 692
3 691 809 671
3 692 804 780
3 692 836 689
3 692 850 836
3 693 728 688
3 694 720 682
3 695 714 252
3 696 799 444
3 696 853 183
3 697 703 86
3 698 699 697
3 698 823 708
3 698 842 699
3 699 703 697
3 699 860 446
3 699 884 703
3 700 819 148
3 701 744 679
3 701 770 128
3 702 937 151
3 703 884 129
3 704 860 360
3 705 937 445
3 706 766 81
3 707 708 366
3 707 842 708
3 708 842 698
3 708 890 366
3 709 714 695
3 710 740 455
3 711 766 706
3 711 878 662
3 712 774 296
3 712 936 413
3 713 774 712
3 713 934 304
3 715 740 144
3 716 740 715
3 716 930 455
3 717 746 152
3 717 856 458
3 719 723 382
3 721 822 308
3 723 868 399
3 724 863 396
3 724 867 244
3 725 843 419
3 725 863 724
3 725 888 524
3 726 913 215
3 727 803 489
3 729 896 259
3 730 768 676
3 730 868 768
3 730 878 404
3 731 752 648
3 732 828 272
3 733 779 403
3 733 876 348
3 734 814 406
3 735 782 578
3 737 920 629
3 738 852 341
3 738 901 429
3 739 885 729
3 741 784 494
3 742 787 299
3 743 901 452
3 743 913 456
3 745 815 611
3 745 922 401
3 746 773 408
3 746 927 609
3 747 856 717
3 747 870 36
3 748 778 416
3 748 861 778
3 749 906 636
3 750 926 400
3 751 914 331
3 753 843 621
3 754 872 158
3 754 906 153
3 755 807 594
3 755 820 807
3 756 823 137
3 757 882 71
3 757 930 716
3 758 885 739
3 758 910 885
3 759 918 561
3 760 897 253
3 761 762 579
3 761 797 762
3 761 892 211
3 762 903 203
3 763 844 469
3 763 858 844
3 764 822 498
3 765 852 428
3 765 881 460
3 766 887 80
3 767 895 505
3 768 868 422
3 769 792 431
3 769 865 361
3 769 876 865
3 770 786 128
3 771 806 273
3 775 883 436
3 776 805 453
3 776 901 738
3 778 861 437
3 780 804 127
3 780 850 692
3 781 791 179
3 781 928 590
3 782 849 576
3 784 864 494
3 784 924 321
3 785 894 374
3 785 926 750
3 786 819 700
3 788 848 277
3 789 925 358
3 790 899 327
3 791 831 180
3 792 940 431
3 793 923 188
3 794 876 769
3 795 905 447
3 797 903 762
3 798 932 320
3 800 816 565
3 800 915 126
3 801 813 173
3 801 919 601
3 802 803 540
3 802 880 483
3 803 904 540
3 805 889 453
3 807 820 339
3 807 893 594
3 808 815 402
3 809 824 672
3 810 892 587
3 811 909 603
3 812 900 142
3 813 837 178
3 814 927 408
3 817 848 484
3 818 934 637
3 819 836 148
3 821 886 585
3 823 890 708
3 824 855 672
3 825 891 449
3 825 942 214
3 826 851 516
3 827 898 507
3 829 864 321
3 830 938 434
3 830 943 145
3 835 930 154
3 836 850 148
3 838 875 657
3 838 936 296
3 839 851 425
3 840 942 617
3 841 900 424
3 842 860 699
3 844 858 535
3 844 912 469
3 846 921 358
3 846 925 442
3 847 902 605
3 847 906 749
3 852 941 341
3 855 873 672
3 856 909 457
3 857 907 652
3 859 869 344
3 859 916 440
3 862 933 541
3 862 940 792
3 865 876 733
3 865 917 361
3 865 938 542
3 866 867 447
3 866 905 227
3 869 889 344
3 873 896 666
3 874 875 284
3 877 894 522
3 884 911 129
3 885 896 729
3 885 910 668
3 891 913 451
3 893 935 594
3 894 944 374
3 895 898 505
3 897 923 253
3 898 914 507
3 902 929 132
3 905 933 227
3 911 937 702
3 922 935 534
3 931 932 798

CELL_TYPES 1766
5
5
5
5
5
5
5
5
5
5
5
5
5
5
5
5
5
5
5
5
5
5
5
5
5
5
5
5
5
5
5
5
5
5
5
5
5
5
5
5
5
5
5
5
5
5
5
5
5
5
5
5
5
5
5
5
5
5
5
5
5
5
5
5
5
5
5
5
5
5
5
5
5
5
5
5
5
5
5
5
5
5
5
5
5
5
5
5
5
5
5
5
5
5
5
5
5
5
5
5
5
5
5
5
5
5
5
5
5
5
5
5
5
5
5
5
5
5
5
5
5
5
5
5
5
5
5
5
5
5
5
5
5
5
5
5
5
5
5
5
5
5
5
5
5
5
5
5
5
5
5
5
5
5
5
5
5
5
5
5
5
5
5
5
5
5
5
5
5
5
5
5
5
5
5
5
5
5
5
5
5
5
5
5
5
5
5
5
5
5
5
5
5
5
5
5
5
5
5
5
5
5
5
5
5
5
5
5
5
5
5
5
5
5
5
5
5
5
5
5
5
5
5
5
5
5
5
5
5
5
5
5
5
5
5
5
5
5
5
5
5
5
5
5
5
5
5
5
5
5
5
5
5
5
5
5
5
5
5
5
5
5
5
5
5
5
5
5
5
5
5
5
5
5
5
5
5
5
5
5
5
5
5
5
5
5
5
5
5
5
5
5
5
5
5
5
5
5
5
5
5
5
5
5
5
5
5
5
5
5
5
5
5
5
5
5
5
5
5
5
5
5
5
5
5
5
5
5
5
5
5
5
5
5
5
5
5
5
5
5
5
5
5
5
5
5
5
5
5
5
5
5
5
5
5
5
5
5
5
5
5
5
5
5
5
5
5
5
5
5
5
5
5
5
5
5
5
5
5
5
5
5
5
5
5
5
5
5
5
5
5
5
5
5
5
5
5
5
5
5
5
5
5
5
5
5
5
5
5
5
5
5
5
5
5
5
5
5
5
5
5
5
5
5
5
5
5
5
5
5
5
5
5
5
5
5
5
5
5
5
5
5
5
5
5
5
5
5
5
5
5
5
5
5
5
5
5
5
5
5
5
5
5
5
5
5
5
5
5
5
5
5
5
5
5
5
5
5
5
5
5
5
5
5
5
5
5
5
5
5
5
5
5
5
5
5
5
5
5
5
5
5
5
5
5
5
5
5
5
5
5
5
5
5
5
5
5
5
5
5
5
5
5
5
5
5
5
5
5
5
5
5
5
5
5
5
5
5
5
5
5
5
5
5
5
5
5
5
5
5
5
5
5
5
5
5
5
5
5
5
5
5
5
5
5
5
5
5
5
5
5
5
5
5
5
5
5
5
5
5
5
5
5
5
5
5
5
5
5
5
5
5
5
5
5
5
5
5
5
5
5
5
5
5
5
5
5
5
5
5
5
5
5
5
5
5
5
5
5
5
5
5
5
5
5
5
5
5
5
5
5
5
5
5
5
5
5
5
5
5
5
5
5
5
5
5
5
5
5
5
5
5
5
5
5
5
5
5
5
5
5
5
5
5
5
5
5
5
5
5
5
5
5
5
5
5
5
5
5
5
5
5
5
5
5
5
5
5
5
5
5
5
5
5
5
5
5
5
5
5
5
5
5
5
5
5
5
5
5
5
5
5
5
5
5
5
5
5
5
5
5
5
5
5
5
5
5
5
5
5
5
5
5
5
5
5
5
5
5
5
5
5
5
5
5
5
5
5
5
5
5
5
5
5
5
5
5
5
5
5
5
5
5
5
5
5
5
5
5
5
5
5
5
5
5
5
5
5
5
5
5
5
5
5
5
5
5
5
5
5
5
5
5
5
5
5
5
5
5
5
5
5
5
5
5
5
5
5
5
5
5
5
5
5
5
5
5
5
5
5
5
5
5
5
5
5
5
5
5
5
5
5
5
5
5
5
5
5
5
5
5
5
5
5
5
5
5
5
5
5
5
5
5
5
5
5
5
5
5
5
5
5
5
5
5
5
5
5
5
5
5
5
5
5
5
5
5
5
5
5
5
5
5
5
5
5
5
5
5
5
5
5
5
5
5
5
5
5
5
5
5
5
5
5
5
5
5
5
5
5
5
5
5
5
5
5
5
5
5
5
5
5
5
5
5
5
5
5
5
5
5
5
5
5
5
5
5
5
5
5
5
5
5
5
5
5
5
5
5
5
5
5
5
5
5
5
5
5
5
5
5
5
5
5
5
5
5
5
5
5
5
5
5
5
5
5
5
5
5
5
5
5
5
5
5
5
5
5
5
5
5
5
5
5
5
5
5
5
5
5
5
5
5
5
5
5
5
5
5
5
5
5
5
5
5
5
5
5
5
5
5
5
5
5
5
5
5
5
5
5
5
5
5
5
5
5
5
5
5
5
5
5
5
5
5
5
5
5
5
5
5
5
5
5
5
5
5
5
5
5
5
5
5
5
5
5
5
5
5
5
5
5
5
5
5
5
5
5
5
5
5
5
5
5
5
5
5
5
5
5
5
5
5
5
5
5
5
5
5
5
5
5
5
5
5
5
5
5
5
5
5
5
5
5
5
5
5
5
5
5
5
5
5
5
5
5
5
5
5
5
5
5
5
5
5
5
5
5
5
5
5
5
5
5
5
5
5
5
5
5
5
5
5
5
5
5
5
5
5
5
5
5
5
5
5
5
5
5
5
5
5
5
5
5
5
5
5
5
5
5
5
5
5
5
5
5
5
5
5
5
5
5
5
5
5
5
5
5
5
5
5
5
5
5
5
5
5
5
5
5
5
5
5
5
5
5
5
5
5
5
5
5
5
5
5
5
5
5
5
5
5
5
5
5
5
5
5
5
5
5
5
5
5
5
5
5
5
5
5
5
5
5
5
5
5
5
5
5
5
5
5
5
5
5
5
5
5
5
5
5
5
5
5
5
5
5
5
5
5
5
5
5
5
5
5
5
5
5
5
5
5
5
5
5
5
5
5
5
5
5
5
5
5
5
5
5
5
5
5
5
5
5
5
5
5
5
5
5
5
5
5
5
5
5
5
5
5
5
5
5
5
5
5
5
5
5
5
5
5
5
5
5
5
5
5
5
5
5
5
5
5
5
5
5
5
5
5
5
5
5
5
5
5
5
5
5
5
5
5
5
5
5
5
5
5
5
5
5
5
5
5
5
5
5
5
5
5
5
5
5
5
5
5
5
5
5
5
5
5
5
5
5
5
5
5
5
5
5
5
5
5
5
5
5
5
5
5
5
5
5
5
5
5
5
5
5
5
5
5
5
5
5
5
5
5
5
5
5
5
5
5
5
5
5
5
5
5
5
5
5
5
5
5
5
5
5
5
5
5
5
5
5
5
5
5
5
5
5
5
5
5
5
5
5
5
5
5
5
5
5
5
5
5
5
5
5
5
5
5
5
5
5
5
5
5
5
5
5
5
5
5
5
5
5
5
5
5
5
5
5
5
5
5
5
5
5
5
5
5
5
5
5
5
5
5
5
5
5
5
5
5
5
5
5
5
5
5
5
5
5
5
5
5
5
5
5
5
5
5
5
5
5
5
5
5
5
5
5
5
5
5
5
5
5
5
5
5
5
5
5
5
5
5
5
5
5
5
5
5
5
5
5
5
5
5
5
5
5
5
5
5
5
5
5
5
5
5
5
5
5
5
5
5
5
5
5
5
5
5
5
5
5
5
5
5
5
5
5
5
5
5
5
5
5
5
5
5
5
5
5
5
5
5
5
5
5
5
5
5
5
5
5
5
5
5
5
5
5
5
5
5
5
5
5
5
5
5
5
5
5
5
5
5
5
5
5
5
5
5
5
5
5
5
5
5
5
5
5
5
5
5
5
5
5
5
5
5
5
5
5
5
5
5
5
5
5
5
5
5
5
5
5
5
5
5
5
5
5
5
5
5
5
5
5
5
5
5
5
5
5
5
5
5
5
5
5
5
5
5
5
5
5
5
5
5
5
5
5
5
5
5
5
5
5
5
5
5
5
5
5
5
5
5
5
5
5
5
5
5
5
5
5
5
5
5
5
POINT_DATA 945
FIELD FieldData 2
VELOCITY 3 945  float
1.0000000e-01 0.0000000e+00 0.0000000e+00 
1.0000149e-01 0.0000000e+00 0.0000000e+00 
1.0000070e-01 0.0000000e+00 0.0000000e+00 
1.0000000e-01 0.0000000e+00 0.0000000e+00 
0.0000000e+00 0.0000000e+00 0.0000000e+00 
0.0000000e+00 0.0000000e+00 0.0000000e+00 
0.0000000e+00 0.0000000e+00 0.0000000e+00 
0.0000000e+00 0.0000000e+00 0.0000000e+00 
0.0000000e+00 0.0000000e+00 0.0000000e+00 
0.0000000e+00 0.0000000e+00 0.0000000e+00 
0.0000000e+00 0.0000000e+00 0.0000000e+00 
0.0000000e+00 0.0000000e+00 0.0000000e+00 
0.0000000e+00 0.0000000e+00 0.0000000e+00 
0.0000000e+00 0.0000000e+00 0.0000000e+00 
0.0000000e+00 0.0000000e+00 0.0000000e+00 
0.0000000e+00 0.0000000e+00 0.0000000e+00 
0.0000000e+00 0.0000000e+00 0.0000000e+00 
0.0000000e+00 0.0000000e+00 0.0000000e+00 
0.0000000e+00 0.0000000e+00 0.0000000e+00 
0.0000000e+00 0.0000000e+00 0.0000000e+00 
0.0000000e+00 0.0000000e+00 0.0000000e+00 
0.0000000e+00 0.0000000e+00 0.0000000e+00 
0.0000000e+00 0.0000000e+00 0.0000000e+00 
0.0000000e+00 0.0000000e+00 0.0000000e+00 
0.0000000e+00 0.0000000e+00 0.0000000e+00 
0.0000000e+00 0.0000000e+00 0.0000000e+00 
0.0000000e+00 0.0000000e+00 0.0000000e+00 
0.0000000e+00 0.0000000e+00 0.0000000e+00 
0.0000000e+00 0.0000000e+00 0.0000000e+00 
0.0000000e+00 0.0000000e+00 0.0000000e+00 
0.0000000e+00 0.0000000e+00 0.0000000e+00 
0.0000000e+00 0.0000000e+00 0.0000000e+00 
0.0000000e+00 0.0000000e+00 0.0000000e+00 
0.0000000e+00 0.0000000e+00 0.0000000e+00 
0.0000000e+00 0.0000000e+00 0.0000000e+00 
0.0000000e+00 0.0000000e+00 0.0000000e+00 
1.0018428e-01 -6.0584518e-28 0.0000000e+00 
1.0076416e-01 -6.4623485e-26 0.0000000e+00 
1.0191093e-01 -6.4623485e-26 0.0000000e+00 
1.0387518e-01 -6.4623485e-26 0.0000000e+00 
1.0690045e-01 1.5509636e-25 0.0000000e+00 
1.1100211e-01 1.5509636e-25 0.0000000e+00 
1.1615723e-01 1.5509636e-25 0.0000000e+00 
1.2187163e-01 2.0679515e-24 0.0000000e+00 
1.2752652e-01 7.2378304e-25 0.0000000e+00 
1.3230558e-01 2.0679515e-24 0.0000000e+00 
1.3570985e-01 0.0000000e+00 0.0000000e+00 
1.3741809e-01 0.0000000e+00 0.0000000e+00 
1.3731904e-01 0.0000000e+00 0.0000000e+00 
1.3533790e-01 2.4815418e-24 0.0000000e+00 
1.3158077e-01 2.4815418e-24 0.0000000e+00 
1.2637945e-01 2.4815418e-24 0.0000000e+00 
1.2074199e-01 0.0000000e+00 0.0000000e+00 
1.1534967e-01 0.0000000e+00 0.0000000e+00 
1.1046583e-01 0.0000000e+00 0.0000000e+00 
1.0665938e-01 -1.0339758e-25 0.0000000e+00 
1.0403067e-01 -1.0339758e-25 0.0000000e+00 
1.0236908e-01 -1.0339758e-25 0.0000000e+00 
1.0135625e-01 -5.1698788e-26 0.0000000e+00 
1.0077541e-01 -5.1698788e-26 0.0000000e+00 
1.0044987e-01 -5.1698788e-26 0.0000000e+00 
1.0025810e-01 -2.5849394e-26 0.0000000e+00 
1.0014908e-01 -2.5849394e-26 0.0000000e+00 
1.0008581e-01 -2.5849394e-26 0.0000000e+00 
1.0004930e-01 -3.2311743e-27 0.0000000e+00 
1.0002836e-01 -3.2311743e-27 0.0000000e+00 
1.0001647e-01 -3.2311743e-27 0.0000000e+00 
1.0000961e-01 -1.9816186e-27 0.0000000e+00 
1.0000570e-01 -1.9816186e-27 0.0000000e+00 
1.0000345e-01 -1.9816186e-27 0.0000000e+00 
1.0000216e-01 1.5146129e-27 0.0000000e+00 
1.0000116e-01 6.3924682e-07 0.0000000e+00 
1.0000064e-01 1.0230563e-06 0.0000000e+00 
9.9999912e-02 1.1031984e-06 0.0000000e+00 
9.9999338e-02 8.3715361e-07 0.0000000e+00 
9.9999011e-02 2.9553775e-07 0.0000000e+00 
9.9998996e-02 -2.8117566e-07 0.0000000e+00 
9.9999435e-02 -7.2729870e-07 0.0000000e+00 
9.9999979e-02 -7.1855891e-07 0.0000000e+00 
1.0000042e-01 -4.8459714e-07 0.0000000e+00 
1.0000122e-01 1.0097420e-28 0.0000000e+00 
1.0000232e-01 1.1612033e-27 0.0000000e+00 
1.0000434e-01 1.1612033e-27 0.0000000e+00 
1.0000804e-01 1.1612033e-27 0.0000000e+00 
1.0001476e-01 8.1789099e-27 0.0000000e+00 
1.0002580e-01 8.1789099e-27 0.0000000e+00 
1.0004614e-01 8.1789099e-27 0.0000000e+00 
1.0008232e-01 2.5849394e-26 0.0000000e+00 
1.0014312e-01 2.5849394e-26 0.0000000e+00 
1.0024866e-01 2.5849394e-26 0.0000000e+00 
1.0043512e-01 2.0679515e-25 0.0000000e+00 
1.0076756e-01 2.0679515e-25 0.0000000e+00 
1.0134528e-01 2.0679515e-25 0.0000000e+00 
1.0234132e-01 1.0339758e-24 0.0000000e+00 
1.0399710e-01 1.0339758e-24 0.0000000e+00 
1.0659265e-01 1.0339758e-24 0.0000000e+00 
1.1035932e-01 0.0000000e+00 0.0000000e+00 
1.1525179e-01 0.0000000e+00 0.0000000e+00 
1.2077418e-01 0.0000000e+00 0.0000000e+00 
1.2646520e-01 -1.4475661e-24 0.0000000e+00 
1.3168471e-01 -1.4475661e-24 0.0000000e+00 
1.3536599e-01 -1.4475661e-24 0.0000000e+00 
1.3736707e-01 -3.6189152e-25 0.0000000e+00 
1.3753216e-01 -3.6189152e-25 0.0000000e+00 
1.3578315e-01 -3.6189152e-25 0.0000000e+00 
1.3225552e-01 -1.6026624e-24 0.0000000e+00 
1.2741742e-01 -1.6026624e-24 0.0000000e+00 
1.2182815e-01 -1.6026624e-24 0.0000000e+00 
1.1616550e-01 -3.1019273e-25 0.0000000e+00 
1.1098454e-01 -3.1019273e-25 0.0000000e+00 
1.0686273e-01 -3.1019273e-25 0.0000000e+00 
1.0380258e-01 0.0000000e+00 0.0000000e+00 
1.0184164e-01 0.0000000e+00 0.0000000e+00 
1.0072674e-01 0.0000000e+00 0.0000000e+00 
1.0015856e-01 2.2618220e-26 0.0000000e+00 
1.0000000e-01 0.0000000e+00 0.0000000e+00 
1.0000000e-01 0.0000000e+00 0.0000000e+00 
1.0000000e-01 0.0000000e+00 0.0000000e+00 
1.0000000e-01 0.0000000e+00 0.0000000e+00 
1.0000000e-01 0.0000000e+00 0.0000000e+00 
1.0000000e-01 0.0000000e+00 0.0000000e+00 
1.0000000e-01 0.0000000e+00 0.0000000e+00 
1.0000000e-01 0.0000000e+00 0.0000000e+00 
1.0000000e-01 0.0000000e+00 0.0000000e+00 
1.0340336e-02 8.6179841e-03 0.0000000e+00 
1.2345351e-01 -4.6882466e-03 0.0000000e+00 
1.2951465e-01 4.6829586e-03 0.0000000e+00 
1.0280634e-01 1.3938147e-03 0.0000000e+00 
1.0016731e-01 8.7822322e-05 0.0000000e+00 
1.0001703e-01 -8.8786255e-06 0.0000000e+00 
1.0454607e-01 -2.8153313e-03 0.0000000e+00 
1.1198012e-01 4.2078360e-03 0.0000000e+00 
1.0479762e-01 2.3966057e-03 0.0000000e+00 
9.9873178e-02 -1.8515665e-04 0.0000000e+00 
1.0089497e-01 -4.9007981e-04 0.0000000e+00 
1.0774352e-01 -3.2374463e-03 0.0000000e+00 
1.0003086e-01 1.7640072e-05 0.0000000e+00 
1.0009572e-01 -4.8404596e-05 0.0000000e+00 
1.3721263e-01 -1.6227618e-03 0.0000000e+00 
9.9998645e-02 8.0339396e-07 0.0000000e+00 
1.3829616e-01 9.8851713e-05 0.0000000e+00 
1.1909179e-01 4.1346997e-03 0.0000000e+00 
1.1903399e-01 -5.0229249e-03 0.0000000e+00 
1.3509189e-01 3.2360079e-03 0.0000000e+00 
1.0000600e-01 3.6208503e-06 0.0000000e+00 
1.3505696e-01 -2.9328649e-03 0.0000000e+00 
9.9946268e-02 3.9142670e-04 0.0000000e+00 
9.9998817e-02 -7.4285538e-07 0.0000000e+00 
1.0051581e-01 2.6319557e-04 0.0000000e+00 
1.0028413e-01 -1.5264875e-04 0.0000000e+00 
1.0276305e-01 -1.4120828e-03 0.0000000e+00 
1.0000472e-01 -2.9587497e-06 0.0000000e+00 
1.0000724e-01 -4.9031083e-04 0.0000000e+00 
1.0109848e-01 8.1971620e-04 0.0000000e+00 
1.0000030e-01 1.4228698e-06 0.0000000e+00 
1.0104699e-01 -9.5209590e-04 0.0000000e+00 
1.0000041e-01 -8.7059800e-07 0.0000000e+00 
1.0000236e-01 1.0736876e-06 0.0000000e+00 
1.0003954e-01 3.6847961e-04 0.0000000e+00 
1.3751499e-01 -1.3736458e-03 0.0000000e+00 
1.4013006e-01 -1.4931797e-03 0.0000000e+00 
1.3966335e-01 1.5624163e-03 0.0000000e+00 
1.4215662e-01 7.2660652e-04 0.0000000e+00 
1.4266996e-01 -2.9086482e-03 0.0000000e+00 
1.4253743e-01 2.3366001e-05 0.0000000e+00 
1.3967842e-01 4.1967076e-03 0.0000000e+00 
1.3217355e-01 4.7543799e-03 0.0000000e+00 
1.2736331e-01 8.8127349e-03 0.0000000e+00 
1.0621689e-01 9.7937156e-03 0.0000000e+00 
1.0395401e-01 1.2163777e-02 0.0000000e+00 
7.6670095e-02 1.1707061e-02 0.0000000e+00 
7.5386614e-02 1.3383809e-02 0.0000000e+00 
4.7520682e-02 1.0553590e-02 0.0000000e+00 
4.6796001e-02 1.1884566e-02 0.0000000e+00 
2.1188831e-02 7.5152991e-03 0.0000000e+00 
2.3398189e-02 8.4159952e-03 0.0000000e+00 
5.4743751e-03 3.4556207e-03 0.0000000e+00 
1.1167553e-02 3.3345236e-03 0.0000000e+00 
2.8331440e-02 9.3839159e-03 0.0000000e+00 
1.8413370e-02 2.4956260e-03 0.0000000e+00 
6.7129279e-03 -1.7061019e-03 0.0000000e+00 
3.6638126e-02 1.0369769e-02 0.0000000e+00 
2.8386079e-02 9.1477431e-04 0.0000000e+00 
2.8285969e-03 1.5296816e-04 0.0000000e+00 
-1.1601408e-03 -2.3789452e-03 0.0000000e+00 
4.6073042e-02 1.1129686e-02 0.0000000e+00 
4.1195408e-02 -4.7508342e-04 0.0000000e+00 
1.4399695e-01 -4.5692003e-03 0.0000000e+00 
1.0568692e-01 1.4228999e-02 0.0000000e+00 
5.7732455e-02 1.1090918e-02 0.0000000e+00 
5.5588845e-02 -1.9874433e-03 0.0000000e+00 
1.2588691e-03 -1.2543692e-03 0.0000000e+00 
1.4972121e-02 -5.9226104e-03 0.0000000e+00 
-1.3799593e-03 1.1484594e-03 0.0000000e+00 
6.7207158e-02 8.6172763e-03 0.0000000e+00 
6.9603577e-02 -3.8877935e-03 0.0000000e+00 
7.7572174e-02 5.6670145e-03 0.0000000e+00 
8.0050781e-02 -2.6745077e-03 0.0000000e+00 
8.5618697e-02 3.8226806e-03 0.0000000e+00 
8.7687515e-02 -2.2425621e-03 0.0000000e+00 
9.1066465e-02 2.2198367e-03 0.0000000e+00 
9.1486145e-03 -4.3834122e-03 0.0000000e+00 
3.0940805e-02 -8.6432882e-03 0.0000000e+00 
4.2386148e-02 -1.1127157e-02 0.0000000e+00 
2.7384361e-02 -6.9945953e-03 0.0000000e+00 
5.2335594e-02 -1.0346011e-02 0.0000000e+00 
4.7204860e-02 -8.6345319e-03 0.0000000e+00 
7.7511445e-02 -1.0675429e-02 0.0000000e+00 
7.0925504e-02 -9.1621447e-03 0.0000000e+00 
1.0278369e-01 -9.0489406e-03 0.0000000e+00 
1.0179381e-01 -7.1282196e-03 0.0000000e+00 
1.0507859e-01 -1.0859593e-02 0.0000000e+00 
1.2484045e-01 -5.2199070e-03 0.0000000e+00 
1.2644580e-01 -2.0453001e-03 0.0000000e+00 
9.3221478e-03 -2.8596472e-03 0.0000000e+00 
-5.1817769e-05 1.5521245e-03 0.0000000e+00 
9.2891693e-02 -1.5478909e-03 0.0000000e+00 
9.4748393e-02 1.1327236e-03 0.0000000e+00 
9.6128546e-02 -1.3511932e-03 0.0000000e+00 
9.7110085e-02 5.1074655e-04 0.0000000e+00 
1.3873699e-01 -4.0353680e-04 0.0000000e+00 
1.4049947e-01 3.6154981e-03 0.0000000e+00 
4.3758083e-02 -1.0164917e-02 0.0000000e+00 
9.7884275e-02 -8.0980256e-04 0.0000000e+00 
9.8374188e-02 2.4303605e-04 0.0000000e+00 
9.8829485e-02 -4.8091720e-04 0.0000000e+00 
9.9089555e-02 1.0417972e-04 0.0000000e+00 
1.1228804e-01 7.1578841e-03 0.0000000e+00 
9.9353082e-02 -2.8376345e-04 0.0000000e+00 
9.9490769e-02 4.1442185e-05 0.0000000e+00 
9.9635378e-02 -1.6354496e-04 0.0000000e+00 
9.9712521e-02 1.5974871e-05 0.0000000e+00 
-2.2554093e-03 -8.2366786e-04 0.0000000e+00 
9.9797666e-02 -9.5393501e-05 0.0000000e+00 
9.9834844e-02 5.1424595e-06 0.0000000e+00 
9.9888377e-02 -6.2000283e-05 0.0000000e+00 
9.9906944e-02 -1.4270076e-06 0.0000000e+00 
9.9939071e-02 -3.6081063e-05 0.0000000e+00 
9.9947535e-02 -2.0077550e-06 0.0000000e+00 
1.2673672e-01 1.2597480e-03 0.0000000e+00 
1.4188434e-01 8.6289356e-03 0.0000000e+00 
3.0726673e-02 -3.6884979e-03 0.0000000e+00 
8.4787808e-02 -1.0931195e-02 0.0000000e+00 
8.2881145e-02 1.6926302e-02 0.0000000e+00 
4.9161416e-02 8.9653712e-03 0.0000000e+00 
6.9567129e-02 1.7871836e-02 0.0000000e+00 
9.9965885e-02 -2.0782567e-05 0.0000000e+00 
9.9970199e-02 -1.7007137e-06 0.0000000e+00 
9.9980950e-02 -1.2123654e-05 0.0000000e+00 
9.9983059e-02 -1.2819605e-06 0.0000000e+00 
9.9980608e-02 8.9413479e-06 0.0000000e+00 
9.9988796e-02 4.9105070e-06 0.0000000e+00 
9.9941976e-02 3.0245334e-05 0.0000000e+00 
1.3511014e-01 7.9915104e-03 0.0000000e+00 
1.4353083e-01 3.4163359e-03 0.0000000e+00 
9.9989541e-02 -7.1728700e-06 0.0000000e+00 
9.9708617e-02 1.9642549e-04 0.0000000e+00 
1.3664766e-01 -3.5522375e-03 0.0000000e+00 
9.8519795e-02 1.2820379e-03 0.0000000e+00 
9.2820302e-02 6.6553205e-03 0.0000000e+00 
1.3225549e-01 7.2603798e-03 0.0000000e+00 
1.4288722e-01 1.4366538e-02 0.0000000e+00 
1.4389750e-01 1.2431919e-02 0.0000000e+00 
1.4257151e-01 1.7523557e-02 0.0000000e+00 
1.4206210e-01 2.1423411e-02 0.0000000e+00 
1.3965353e-01 2.3061663e-02 0.0000000e+00 
5.1425055e-02 4.0690683e-02 0.0000000e+00 
1.3941076e-01 2.8585538e-02 0.0000000e+00 
1.3470185e-01 2.7634032e-02 0.0000000e+00 
6.0233317e-02 2.1978786e-02 0.0000000e+00 
1.3448992e-01 2.1142500e-02 0.0000000e+00 
1.2912934e-01 2.4021953e-02 0.0000000e+00 
1.2766747e-01 3.2131918e-02 0.0000000e+00 
1.2277927e-01 2.5836788e-02 0.0000000e+00 
1.1912830e-01 3.2511164e-02 0.0000000e+00 
1.1624771e-01 2.5666285e-02 0.0000000e+00 
1.1134060e-01 3.0735575e-02 0.0000000e+00 
2.8565686e-02 3.8146116e-02 0.0000000e+00 
1.1031638e-01 2.3618622e-02 0.0000000e+00 
1.0450036e-01 2.6709214e-02 0.0000000e+00 
1.0554408e-01 2.0535043e-02 0.0000000e+00 
1.0017924e-01 2.1925712e-02 0.0000000e+00 
1.0200763e-01 1.6898245e-02 0.0000000e+00 
9.6714236e-02 1.7490713e-02 0.0000000e+00 
9.9753372e-02 1.2991006e-02 0.0000000e+00 
9.5972486e-02 1.1966307e-02 0.0000000e+00 
9.1658063e-02 1.4442277e-02 0.0000000e+00 
9.2790216e-02 9.5353024e-03 0.0000000e+00 
8.7883845e-02 1.0171485e-02 0.0000000e+00 
9.0179801e-02 6.2199845e-03 0.0000000e+00 
8.5899860e-02 4.8372443e-03 0.0000000e+00 
8.9797579e-02 2.2452923e-03 0.0000000e+00 
8.6201899e-02 -5.9897662e-04 0.0000000e+00 
9.0496905e-02 -1.3706167e-03 0.0000000e+00 
8.8483490e-02 -5.0812149e-03 0.0000000e+00 
9.2462994e-02 -4.2395131e-03 0.0000000e+00 
9.5841460e-02 7.9391357e-03 0.0000000e+00 
9.1801845e-02 -8.0450261e-03 0.0000000e+00 
8.6643197e-02 -1.0378637e-02 0.0000000e+00 
9.2487797e-02 -1.2412173e-02 0.0000000e+00 
8.8449925e-02 -1.7916456e-02 0.0000000e+00 
1.3652656e-02 -2.2742577e-02 0.0000000e+00 
9.4969787e-02 -1.7150721e-02 0.0000000e+00 
9.3332022e-02 -2.3398899e-02 0.0000000e+00 
9.2962593e-02 1.4180362e-03 0.0000000e+00 
9.4866283e-02 -6.0634934e-03 0.0000000e+00 
9.9088587e-02 -2.0875188e-02 0.0000000e+00 
9.9192500e-02 -2.7502641e-02 0.0000000e+00 
4.3504138e-02 -4.4653572e-02 0.0000000e+00 
1.0447459e-01 -2.3141904e-02 0.0000000e+00 
1.0644835e-01 -2.9579895e-02 0.0000000e+00 
6.6746973e-02 -1.3761010e-02 0.0000000e+00 
6.1044659e-02 -3.4481522e-02 0.0000000e+00 
9.9441811e-02 -1.5581353e-02 0.0000000e+00 
9.7424552e-02 2.8834416e-02 0.0000000e+00 
8.1605777e-02 -1.5042421e-02 0.0000000e+00 
1.0617688e-01 1.5311101e-02 0.0000000e+00 
8.1033498e-02 9.6305301e-03 0.0000000e+00 
1.1058937e-01 -2.3238011e-02 0.0000000e+00 
1.1467831e-01 -2.9899366e-02 0.0000000e+00 
1.0800114e-01 -1.8301329e-02 0.0000000e+00 
9.2270896e-02 -3.1762306e-02 0.0000000e+00 
9.5185861e-02 -3.2742273e-03 0.0000000e+00 
9.7215116e-02 -4.6405825e-03 0.0000000e+00 
9.7188205e-02 -2.3626466e-03 0.0000000e+00 
9.8527320e-02 -3.1229812e-03 0.0000000e+00 
1.2951054e-01 1.8067034e-02 0.0000000e+00 
1.3389167e-01 1.5469247e-02 0.0000000e+00 
1.1682724e-01 -2.2000942e-02 0.0000000e+00 
1.2180912e-01 -2.6305269e-02 0.0000000e+00 
1.2144584e-01 -3.3418678e-02 0.0000000e+00 
1.2852927e-01 -2.9994631e-02 0.0000000e+00 
1.2681051e-01 -2.2418914e-02 0.0000000e+00 
1.3307689e-01 -2.3695249e-02 0.0000000e+00 
1.3603660e-01 -2.9525440e-02 0.0000000e+00 
3.3029132e-02 3.5478508e-03 0.0000000e+00 
1.3052364e-01 -1.7996144e-02 0.0000000e+00 
1.3911220e-01 -2.2748724e-02 0.0000000e+00 
1.4094704e-01 -2.5983810e-02 0.0000000e+00 
1.1468197e-01 1.9749876e-02 0.0000000e+00 
1.1288666e-01 3.8604449e-02 0.0000000e+00 
2.0601628e-02 -4.7203163e-03 0.0000000e+00 
9.9991225e-02 1.2317804e-05 0.0000000e+00 
9.9994853e-02 7.0209130e-06 0.0000000e+00 
7.6638341e-02 -7.8372266e-03 0.0000000e+00 
9.6950360e-02 -3.9138244e-03 0.0000000e+00 
1.0948787e-01 -1.5072997e-04 0.0000000e+00 
1.4288162e-01 -1.9725688e-02 0.0000000e+00 
1.4094386e-01 -1.6843989e-02 0.0000000e+00 
1.3931255e-01 -1.8127482e-02 0.0000000e+00 
9.9170312e-02 -4.9733385e-03 0.0000000e+00 
1.3691556e-01 -3.3630680e-02 0.0000000e+00 
9.9072881e-02 -1.2818301e-03 0.0000000e+00 
9.9993579e-02 2.7165886e-06 0.0000000e+00 
1.3717055e-01 2.5403431e-02 0.0000000e+00 
1.3601699e-01 3.3874378e-02 0.0000000e+00 
9.9725649e-02 -4.0166595e-04 0.0000000e+00 
1.2631391e-01 2.6367018e-02 0.0000000e+00 
1.2276926e-01 1.6640987e-02 0.0000000e+00 
1.2961152e-01 1.2879908e-02 0.0000000e+00 
9.9976107e-02 -4.4620425e-05 0.0000000e+00 
1.4250106e-01 -6.0656499e-03 0.0000000e+00 
1.4216390e-01 -1.4018553e-02 0.0000000e+00 
1.3093165e-01 -9.7586736e-03 0.0000000e+00 
1.3589428e-01 -7.2227246e-03 0.0000000e+00 
1.1689481e-01 -1.6443632e-03 0.0000000e+00 
9.9927038e-02 -1.5425232e-04 0.0000000e+00 
9.8546132e-02 -1.6833991e-03 0.0000000e+00 
9.7772196e-02 -6.9584203e-04 0.0000000e+00 
1.2513137e-01 -1.6976586e-02 0.0000000e+00 
1.2870167e-01 -1.2897810e-02 0.0000000e+00 
9.9824704e-02 -3.1544170e-03 0.0000000e+00 
1.2491534e-01 1.4543808e-02 0.0000000e+00 
9.9997044e-02 3.9866595e-06 0.0000000e+00 
1.2366846e-01 -1.1836553e-02 0.0000000e+00 
9.9999130e-02 1.1029825e-05 0.0000000e+00 
9.9998906e-02 1.9090927e-05 0.0000000e+00 
9.9993393e-02 -1.5012170e-05 0.0000000e+00 
9.9996358e-02 -8.2660490e-06 0.0000000e+00 
1.2631603e-01 3.7183527e-02 0.0000000e+00 
1.3122149e-01 4.1303426e-02 0.0000000e+00 
1.2261153e-01 4.7280747e-02 0.0000000e+00 
9.9994153e-02 -3.9857482e-06 0.0000000e+00 
9.9998169e-02 -4.6034233e-06 0.0000000e+00 
1.2494933e-01 -9.1647566e-04 0.0000000e+00 
1.0047444e-01 3.8160204e-03 0.0000000e+00 
8.4692284e-02 3.8211753e-03 0.0000000e+00 
6.8054967e-02 6.7793694e-03 0.0000000e+00 
4.8828024e-02 6.3439128e-03 0.0000000e+00 
3.8372934e-02 5.8396677e-03 0.0000000e+00 
5.6218665e-02 7.2040502e-03 0.0000000e+00 
3.0481331e-02 4.9255793e-03 0.0000000e+00 
1.0095464e-01 -4.3595028e-03 0.0000000e+00 
1.0103104e-01 -6.7997165e-03 0.0000000e+00 
1.0000674e-01 1.3058445e-05 0.0000000e+00 
4.6651099e-02 7.0903432e-03 0.0000000e+00 
2.4302173e-02 4.4020661e-03 0.0000000e+00 
1.2145055e-02 1.4790612e-03 0.0000000e+00 
8.7332334e-03 1.5676358e-03 0.0000000e+00 
9.9996477e-02 -2.1630615e-06 0.0000000e+00 
6.1095800e-02 5.0666491e-03 0.0000000e+00 
1.2557772e-01 9.6983286e-03 0.0000000e+00 
1.3447967e-01 1.0252653e-02 0.0000000e+00 
1.3383918e-01 -1.3220239e-02 0.0000000e+00 
9.9998683e-02 -2.6759058e-06 0.0000000e+00 
1.3138236e-01 -9.0442467e-03 0.0000000e+00 
9.8939106e-02 -6.3322566e-04 0.0000000e+00 
9.8632738e-02 2.2200304e-04 0.0000000e+00 
9.9379495e-02 -1.1314588e-03 0.0000000e+00 
9.7067431e-02 8.7758584e-04 0.0000000e+00 
9.8551497e-02 1.4018457e-03 0.0000000e+00 
9.7589441e-02 2.7001197e-03 0.0000000e+00 
9.9021628e-02 2.4307605e-03 0.0000000e+00 
9.8574132e-02 4.4542565e-03 0.0000000e+00 
9.9944174e-02 3.2146762e-03 0.0000000e+00 
1.0045021e-01 5.0601512e-03 0.0000000e+00 
9.9838138e-02 1.8813168e-03 0.0000000e+00 
1.7286604e-03 -8.3695311e-04 0.0000000e+00 
-2.7787010e-04 -2.0720059e-05 0.0000000e+00 
6.9135814e-03 2.2145645e-03 0.0000000e+00 
-2.9549492e-03 -1.0921229e-03 0.0000000e+00 
-4.4819331e-03 -1.9921018e-04 0.0000000e+00 
9.9996217e-02 1.5208889e-06 0.0000000e+00 
1.0122497e-01 3.3266242e-03 0.0000000e+00 
1.2664671e-01 -8.5352510e-03 0.0000000e+00 
-4.3584132e-03 2.9231265e-05 0.0000000e+00 
-4.7153016e-03 1.6466262e-04 0.0000000e+00 
-3.0545469e-03 1.0306122e-03 0.0000000e+00 
-8.2966551e-04 -1.2955804e-04 0.0000000e+00 
1.8534665e-03 5.6605379e-04 0.0000000e+00 
1.0416566e-01 2.3759490e-02 0.0000000e+00 
1.4328933e-01 -9.8567810e-03 0.0000000e+00 
1.2411632e-01 4.6157435e-02 0.0000000e+00 
1.1559782e-01 5.3231832e-02 0.0000000e+00 
1.3553616e-01 -9.0335142e-03 0.0000000e+00 
1.4108025e-01 1.3390305e-02 0.0000000e+00 
1.4249942e-01 9.4076833e-03 0.0000000e+00 
9.9348657e-02 5.9764081e-04 0.0000000e+00 
1.1351804e-01 3.9467947e-03 0.0000000e+00 
8.3394900e-02 -3.4318017e-03 0.0000000e+00 
8.0366731e-02 -5.2320603e-03 0.0000000e+00 
5.2595071e-02 -6.2814485e-03 0.0000000e+00 
8.6109072e-02 -1.4861120e-04 0.0000000e+00 
-5.0045894e-03 1.0018680e-04 0.0000000e+00 
3.0173512e-02 5.9641539e-03 0.0000000e+00 
1.0000196e-01 -1.1020996e-05 0.0000000e+00 
1.0000370e-01 -2.1743703e-05 0.0000000e+00 
7.2970793e-02 8.0443770e-03 0.0000000e+00 
5.3277873e-02 -6.4646057e-03 0.0000000e+00 
2.8778784e-02 -4.7984687e-03 0.0000000e+00 
3.1556204e-02 -4.7960593e-03 0.0000000e+00 
1.3255630e-02 -1.5799258e-03 0.0000000e+00 
1.7621253e-02 -2.6505433e-03 0.0000000e+00 
3.4868006e-02 -5.6285672e-03 0.0000000e+00 
9.9998228e-02 2.0868006e-06 0.0000000e+00 
9.9999912e-02 3.5872583e-06 0.0000000e+00 
-1.1564243e-03 2.3340669e-03 0.0000000e+00 
1.0075007e-01 -2.6219166e-03 0.0000000e+00 
1.0009237e-01 -1.8832402e-03 0.0000000e+00 
1.3420145e-01 1.3191542e-02 0.0000000e+00 
1.0835121e-03 -1.8966600e-03 0.0000000e+00 
1.3495894e-01 -2.7736060e-02 0.0000000e+00 
1.2941551e-01 -3.3542931e-02 0.0000000e+00 
1.3101381e-01 -4.1367508e-02 0.0000000e+00 
1.2026085e-01 -4.1650973e-02 0.0000000e+00 
1.2243861e-01 -4.8922006e-02 0.0000000e+00 
1.2256382e-01 -2.3015594e-02 0.0000000e+00 
8.1825428e-02 -2.3016743e-02 0.0000000e+00 
7.4408062e-02 -1.9628895e-02 0.0000000e+00 
7.5131357e-02 -1.0999888e-02 0.0000000e+00 
6.6154309e-02 -1.3386034e-02 0.0000000e+00 
6.4345412e-02 -2.4644988e-02 0.0000000e+00 
5.3756434e-02 -1.6061757e-02 0.0000000e+00 
5.9497070e-02 -4.3821759e-03 0.0000000e+00 
4.5347948e-02 -2.7864820e-03 0.0000000e+00 
5.5915367e-02 7.6132943e-03 0.0000000e+00 
6.6692606e-02 3.5694484e-03 0.0000000e+00 
6.6257954e-02 1.3228717e-02 0.0000000e+00 
5.7441920e-02 2.0987643e-02 0.0000000e+00 
6.9251388e-02 2.2775238e-02 0.0000000e+00 
6.3785963e-02 3.3262581e-02 0.0000000e+00 
7.5423099e-02 3.0813145e-02 0.0000000e+00 
7.4374340e-02 4.1961864e-02 0.0000000e+00 
7.8898735e-02 2.2051118e-02 0.0000000e+00 
4.8184358e-02 3.1649191e-02 0.0000000e+00 
5.2031819e-02 -3.0830497e-02 0.0000000e+00 
6.6108897e-02 -3.7205029e-02 0.0000000e+00 
5.4496348e-02 -4.5536965e-02 0.0000000e+00 
7.2443925e-02 -4.8655987e-02 0.0000000e+00 
8.4149055e-02 3.6118537e-02 0.0000000e+00 
8.6621866e-02 4.6079066e-02 0.0000000e+00 
7.5980529e-02 5.3540803e-02 0.0000000e+00 
9.1797039e-02 5.5163361e-02 0.0000000e+00 
9.8032326e-02 4.6264920e-02 0.0000000e+00 
7.8214206e-02 -3.8601987e-02 0.0000000e+00 
8.5901082e-02 -4.6684835e-02 0.0000000e+00 
8.3662786e-02 -5.6207474e-02 0.0000000e+00 
9.6635044e-02 -5.1170669e-02 0.0000000e+00 
9.6970111e-02 -5.8278766e-02 0.0000000e+00 
1.0794050e-01 -5.1734895e-02 0.0000000e+00 
1.0396655e-01 -4.3994989e-02 0.0000000e+00 
2.6098099e-03 -1.4320236e-03 0.0000000e+00 
1.0213046e-01 4.9963515e-02 0.0000000e+00 
4.2278603e-02 4.3384757e-02 0.0000000e+00 
1.0000127e-01 -3.8807220e-06 0.0000000e+00 
1.1343589e-01 -4.3527052e-02 0.0000000e+00 
1.3889369e-01 -3.3426445e-04 0.0000000e+00 
1.2617832e-01 -4.2870637e-02 0.0000000e+00 
7.7567533e-02 9.9722827e-03 0.0000000e+00 
9.9541061e-02 5.8432482e-02 0.0000000e+00 
3.0740984e-02 -4.0839005e-02 0.0000000e+00 
5.3909298e-02 -4.1789532e-02 0.0000000e+00 
1.6620608e-02 -4.1507697e-03 0.0000000e+00 
5.3601027e-02 2.5700564e-03 0.0000000e+00 
2.2317027e-03 5.4095734e-05 0.0000000e+00 
6.2412869e-02 -2.3908280e-02 0.0000000e+00 
-1.3260053e-03 -1.3518373e-03 0.0000000e+00 
1.8228903e-02 2.7085867e-02 0.0000000e+00 
1.0270616e-01 5.0900965e-03 0.0000000e+00 
1.0210957e-01 7.4629947e-03 0.0000000e+00 
1.0471432e-01 7.0145903e-03 0.0000000e+00 
4.8216287e-02 -1.6891704e-03 0.0000000e+00 
7.6435924e-02 -2.8977678e-03 0.0000000e+00 
6.2691839e-04 2.2075695e-03 0.0000000e+00 
1.1344335e-02 4.8407689e-03 0.0000000e+00 
1.0304165e-01 -5.1493817e-03 0.0000000e+00 
1.0387343e-01 -8.2041360e-03 0.0000000e+00 
1.0814523e-01 -3.2174799e-03 0.0000000e+00 
1.0372769e-01 3.6291037e-02 0.0000000e+00 
1.3296412e-02 -1.2721602e-02 0.0000000e+00 
1.0417346e-01 -5.1741484e-03 0.0000000e+00 
1.0443901e-01 -4.7832258e-02 0.0000000e+00 
1.0000386e-01 7.6814504e-06 0.0000000e+00 
5.9052493e-02 3.2292746e-02 0.0000000e+00 
1.2111433e-01 1.1182385e-02 0.0000000e+00 
8.0045246e-02 1.7309764e-03 0.0000000e+00 
8.3126985e-02 -4.8769228e-03 0.0000000e+00 
1.3888748e-01 9.6721780e-03 0.0000000e+00 
1.4065428e-01 6.2833540e-03 0.0000000e+00 
8.5138172e-02 1.6019000e-02 0.0000000e+00 
8.9990780e-02 2.1092091e-02 0.0000000e+00 
1.1280964e-01 3.5654982e-03 0.0000000e+00 
1.3815022e-01 -3.9401804e-03 0.0000000e+00 
1.0828557e-01 3.1579225e-03 0.0000000e+00 
1.1340512e-01 4.7272420e-03 0.0000000e+00 
1.0001233e-01 2.2189783e-05 0.0000000e+00 
9.9999122e-02 3.3211425e-05 0.0000000e+00 
1.0830530e-01 -3.2441518e-03 0.0000000e+00 
1.0103080e-01 -1.1058456e-02 0.0000000e+00 
1.0499502e-01 -1.1913090e-02 0.0000000e+00 
1.0729428e-01 -9.0208305e-03 0.0000000e+00 
9.7957335e-02 -7.9730321e-03 0.0000000e+00 
1.0925452e-01 -1.3176118e-02 0.0000000e+00 
1.1175707e-01 -8.8075083e-03 0.0000000e+00 
1.1481218e-01 -1.2102195e-02 0.0000000e+00 
1.3728367e-01 1.5270619e-03 0.0000000e+00 
1.3788810e-01 4.1706925e-03 0.0000000e+00 
1.3454510e-01 3.0202155e-03 0.0000000e+00 
1.3441874e-01 7.6301731e-03 0.0000000e+00 
1.2793618e-01 1.0477778e-02 0.0000000e+00 
1.2616535e-01 1.3413726e-02 0.0000000e+00 
1.1452236e-01 1.6791690e-02 0.0000000e+00 
1.2006402e-01 1.2756066e-02 0.0000000e+00 
1.0637520e-01 1.7733237e-02 0.0000000e+00 
1.1275360e-01 1.3285201e-02 0.0000000e+00 
1.1942910e-01 8.7045282e-03 0.0000000e+00 
1.3834812e-01 -1.8802439e-04 0.0000000e+00 
1.3966632e-01 -2.0552722e-03 0.0000000e+00 
1.3742131e-01 -4.4595329e-03 0.0000000e+00 
1.3951495e-01 -5.4373983e-03 0.0000000e+00 
1.3488226e-01 -9.0342509e-03 0.0000000e+00 
1.3405395e-01 -6.7696474e-03 0.0000000e+00 
1.2947670e-01 -1.1745589e-02 0.0000000e+00 
1.2199853e-01 -1.4396238e-02 0.0000000e+00 
1.1507470e-01 -1.6955713e-02 0.0000000e+00 
9.5498905e-02 -1.7642695e-02 0.0000000e+00 
1.2307356e-01 -1.3791169e-02 0.0000000e+00 
1.0661779e-01 -1.8458975e-02 0.0000000e+00 
1.1649980e-01 -1.4584788e-02 0.0000000e+00 
1.0315215e-01 -1.5385514e-02 0.0000000e+00 
9.9397592e-02 -1.8050727e-02 0.0000000e+00 
1.0960635e-01 -1.4461756e-02 0.0000000e+00 
1.4023979e-01 8.0876035e-04 0.0000000e+00 
1.3768370e-01 1.3516076e-03 0.0000000e+00 
1.2882429e-01 -1.0956413e-02 0.0000000e+00 
1.4172238e-01 -1.2934821e-03 0.0000000e+00 
7.7392653e-02 -1.8693773e-02 0.0000000e+00 
1.3469873e-01 -7.5758114e-03 0.0000000e+00 
7.5967684e-02 -1.5155979e-02 0.0000000e+00 
6.1440922e-02 -1.4798136e-02 0.0000000e+00 
5.9380207e-02 -1.5655093e-02 0.0000000e+00 
3.3636931e-02 -1.0597480e-02 0.0000000e+00 
1.0572957e-01 5.2324235e-02 0.0000000e+00 
1.0847860e-01 7.4417610e-03 0.0000000e+00 
1.1346392e-01 9.7210547e-03 0.0000000e+00 
6.0105387e-02 4.5259498e-02 0.0000000e+00 
4.2855240e-02 1.4201943e-02 0.0000000e+00 
1.2905848e-01 -5.2289078e-03 0.0000000e+00 
1.3160489e-01 1.0947942e-02 0.0000000e+00 
1.1527946e-01 1.5739035e-02 0.0000000e+00 
1.0556475e-01 1.7738409e-02 0.0000000e+00 
8.4023632e-02 1.7308345e-02 0.0000000e+00 
1.0505080e-01 1.0386733e-02 0.0000000e+00 
1.0235716e-01 -1.3877990e-03 0.0000000e+00 
9.9853963e-02 1.9391839e-04 0.0000000e+00 
1.0245347e-01 1.3808958e-03 0.0000000e+00 
3.7065890e-02 -1.8015441e-02 0.0000000e+00 
1.2979530e-01 -4.5723519e-03 0.0000000e+00 
1.5989976e-02 2.2636547e-03 0.0000000e+00 
9.9941567e-02 -3.9482390e-04 0.0000000e+00 
1.0580423e-01 -5.6593199e-03 0.0000000e+00 
1.3055508e-01 3.8486468e-03 0.0000000e+00 
1.4018398e-04 -1.7057325e-03 0.0000000e+00 
1.0001758e-01 1.0628408e-05 0.0000000e+00 
7.2073124e-02 1.2757709e-03 0.0000000e+00 
1.8473526e-02 4.4283126e-03 0.0000000e+00 
5.4771468e-02 1.0923151e-02 0.0000000e+00 
5.2932058e-02 -5.9138332e-03 0.0000000e+00 
8.8644318e-02 -1.9164283e-02 0.0000000e+00 
1.1313946e-01 -4.4130222e-03 0.0000000e+00 
7.7051081e-02 5.9838139e-02 0.0000000e+00 
-2.4810177e-03 1.2089651e-03 0.0000000e+00 
1.1077894e-01 -2.7607609e-02 0.0000000e+00 
1.1748720e-01 -4.7080973e-03 0.0000000e+00 
1.1207388e-01 -4.2088376e-03 0.0000000e+00 
1.0748921e-01 -7.2823917e-03 0.0000000e+00 
1.0436217e-01 -5.1126261e-03 0.0000000e+00 
1.0184245e-01 -8.2133040e-03 0.0000000e+00 
1.0049944e-01 -5.4381997e-03 0.0000000e+00 
1.0378903e-01 -1.1970595e-02 0.0000000e+00 
9.5942743e-02 -1.0662091e-02 0.0000000e+00 
1.1215675e-01 -9.1615869e-03 0.0000000e+00 
1.0244930e-01 -3.3352822e-03 0.0000000e+00 
1.0015424e-01 -3.3305041e-03 0.0000000e+00 
1.3700092e-01 6.3787685e-03 0.0000000e+00 
1.0001351e-01 4.7596928e-04 0.0000000e+00 
1.0019937e-01 1.0546279e-03 0.0000000e+00 
9.5972940e-02 -1.0004430e-03 0.0000000e+00 
1.1299426e-01 -1.7236862e-02 0.0000000e+00 
1.1945921e-01 -1.6136281e-02 0.0000000e+00 
1.1922687e-01 -1.0065832e-02 0.0000000e+00 
1.1943323e-01 1.6113205e-02 0.0000000e+00 
7.3598884e-02 7.8148721e-03 0.0000000e+00 
1.4243607e-01 2.9994077e-03 0.0000000e+00 
1.0979120e-01 -5.5292282e-02 0.0000000e+00 
1.0134269e-01 -2.0289684e-03 0.0000000e+00 
1.0002897e-01 -1.9202525e-03 0.0000000e+00 
1.0074063e-01 -1.1886958e-03 0.0000000e+00 
1.0000415e-01 -1.0640585e-03 0.0000000e+00 
1.0040651e-01 -6.6125288e-04 0.0000000e+00 
1.0005168e-01 -3.9763100e-04 0.0000000e+00 
9.8412886e-02 -2.2381167e-03 0.0000000e+00 
9.6797116e-02 -7.0444308e-03 0.0000000e+00 
1.0050202e-01 -2.7912014e-04 0.0000000e+00 
1.0020661e-01 -3.5042723e-04 0.0000000e+00 
1.0013510e-01 -1.9319974e-04 0.0000000e+00 
9.9990673e-02 -3.0161906e-04 0.0000000e+00 
9.9577948e-02 7.1328045e-03 0.0000000e+00 
2.7093947e-02 1.7508438e-03 0.0000000e+00 
1.3398395e-01 3.4436561e-02 0.0000000e+00 
1.0092783e-01 -3.5443857e-02 0.0000000e+00 
1.1520857e-01 4.6403911e-02 0.0000000e+00 
9.9999726e-02 -1.0615122e-06 0.0000000e+00 
1.0775398e-01 3.2598272e-03 0.0000000e+00 
1.0728114e-01 7.3019178e-03 0.0000000e+00 
1.0430261e-01 5.1148385e-03 0.0000000e+00 
1.0208257e-01 7.9358788e-03 0.0000000e+00 
1.0086772e-01 5.1504280e-03 0.0000000e+00 
1.0409450e-01 1.1170167e-02 0.0000000e+00 
1.1207933e-01 9.4057415e-03 0.0000000e+00 
1.0246030e-01 3.2692698e-03 0.0000000e+00 
1.0054751e-01 3.0483925e-03 0.0000000e+00 
9.8603383e-02 3.9044123e-03 0.0000000e+00 
1.0158771e-01 -8.5193419e-04 0.0000000e+00 
9.9999383e-02 1.3934030e-06 0.0000000e+00 
1.0473243e-01 -2.2091945e-03 0.0000000e+00 
9.9998444e-02 -4.8499221e-08 0.0000000e+00 
1.0002296e-01 3.8208535e-05 0.0000000e+00 
1.0000063e-01 5.8050908e-05 0.0000000e+00 
1.0004171e-01 6.6062777e-05 0.0000000e+00 
1.0000423e-01 1.0125458e-04 0.0000000e+00 
9.9959604e-02 6.9209134e-05 0.0000000e+00 
9.9934161e-02 1.2288436e-04 0.0000000e+00 
1.0001316e-01 1.7579338e-04 0.0000000e+00 
9.9893726e-02 2.1983559e-04 0.0000000e+00 
1.0003492e-01 3.0743945e-04 0.0000000e+00 
9.9831976e-02 3.9632159e-04 0.0000000e+00 
1.0008598e-01 5.3935795e-04 0.0000000e+00 
9.9738926e-02 7.1907585e-04 0.0000000e+00 
1.0019112e-01 9.4859261e-04 0.0000000e+00 
9.9592999e-02 1.2841308e-03 0.0000000e+00 
1.0034936e-01 1.7008644e-03 0.0000000e+00 
1.0082094e-01 1.0361808e-03 0.0000000e+00 
9.9497870e-02 3.6876908e-04 0.0000000e+00 
9.9900261e-02 5.7108544e-05 0.0000000e+00 
9.9975422e-02 3.8725000e-05 0.0000000e+00 
1.8032916e-02 3.7202248e-03 0.0000000e+00 
1.0005273e-01 -2.9544983e-05 0.0000000e+00 
1.0004389e-01 -6.8577530e-05 0.0000000e+00 
1.0002048e-01 -3.6294732e-05 0.0000000e+00 
1.0029163e-01 1.4986996e-04 0.0000000e+00 
1.0009636e-01 5.0520815e-05 0.0000000e+00 
1.0000934e-01 -5.2311739e-06 0.0000000e+00 
1.0003039e-01 -1.5340125e-05 0.0000000e+00 
9.9987127e-02 -2.5244966e-05 0.0000000e+00 
1.0000060e-01 -6.8379750e-06 0.0000000e+00 
1.0000231e-01 -1.8317609e-06 0.0000000e+00 
9.9957727e-02 -7.8811172e-05 0.0000000e+00 
1.0000518e-01 -1.1385886e-04 0.0000000e+00 
9.9985249e-02 2.1781463e-05 0.0000000e+00 
9.9999450e-02 6.3089878e-06 0.0000000e+00 
1.0000043e-01 -1.8896330e-06 0.0000000e+00 
9.6685909e-02 4.6930229e-03 0.0000000e+00 
9.5638216e-02 2.4482831e-03 0.0000000e+00 
9.9966474e-02 1.6377200e-05 0.0000000e+00 
1.0000373e-01 1.9754334e-06 0.0000000e+00 
1.0000189e-01 2.4417020e-06 0.0000000e+00 
1.0015007e-01 -9.5224247e-04 0.0000000e+00 
1.0473421e-01 2.2201561e-03 0.0000000e+00 
9.9990450e-02 -9.0575105e-07 0.0000000e+00 
9.9829905e-02 1.0535789e-04 0.0000000e+00 
6.2668607e-02 -5.5615902e-02 0.0000000e+00 
1.0525364e-01 3.5928015e-02 0.0000000e+00 
9.9994384e-02 -5.2354721e-07 0.0000000e+00 
3.5942752e-02 6.6641192e-03 0.0000000e+00 
2.0419171e-02 5.2389619e-03 0.0000000e+00 
-1.1790160e-03 2.3062006e-03 0.0000000e+00 
9.3703941e-02 3.7425786e-02 0.0000000e+00 
9.9138029e-02 6.9267297e-04 0.0000000e+00 
8.9234926e-02 1.0017848e-02 0.0000000e+00 
9.9997796e-02 -9.9739066e-07 0.0000000e+00 
9.9519186e-02 -7.0892740e-04 0.0000000e+00 
1.2175947e-01 3.9399561e-02 0.0000000e+00 
1.3800843e-01 -1.2890884e-02 0.0000000e+00 
9.9518478e-02 -9.9092649e-06 0.0000000e+00 
1.1868482e-01 -9.7031035e-03 0.0000000e+00 
1.3450220e-01 -2.7610820e-03 0.0000000e+00 
9.6528322e-02 -1.5914276e-02 0.0000000e+00 
7.7292034e-03 -1.6127288e-03 0.0000000e+00 
8.5195370e-02 1.3685024e-02 0.0000000e+00 
1.0000234e-01 4.4633739e-06 0.0000000e+00 
7.4482344e-02 -2.9100528e-02 0.0000000e+00 
9.4821021e-02 -9.4686458e-03 0.0000000e+00 
5.7906816e-03 3.0876076e-04 0.0000000e+00 
1.0005505e-01 2.9824350e-05 0.0000000e+00 
1.2476467e-01 4.2228084e-03 0.0000000e+00 
9.9864401e-02 -9.8844746e-04 0.0000000e+00 
1.0035068e-01 -5.6119298e-04 0.0000000e+00 
9.9861927e-02 9.7935228e-04 0.0000000e+00 
1.0050952e-01 1.8769919e-03 0.0000000e+00 
5.6876160e-02 4.3194853e-03 0.0000000e+00 
1.3193591e-01 -3.5970848e-02 0.0000000e+00 
1.0001539e-01 -5.6284555e-04 0.0000000e+00 
-1.7144569e-03 8.5660518e-04 0.0000000e+00 
1.0035385e-01 5.2586786e-04 0.0000000e+00 
1.0942379e-01 1.2590292e-02 0.0000000e+00 
1.0016768e-01 -8.1445185e-05 0.0000000e+00 
1.0000122e-01 1.2857554e-06 0.0000000e+00 
9.9930339e-02 1.6319748e-02 0.0000000e+00 
8.7196440e-02 1.9694995e-02 0.0000000e+00 
1.4042458e-01 3.9791767e-03 0.0000000e+00 
1.0935457e-01 -1.2873450e-02 0.0000000e+00 
7.6142535e-02 -1.3925228e-02 0.0000000e+00 
6.9926769e-02 -4.4941157e-03 0.0000000e+00 
9.0503469e-02 -5.5968557e-02 0.0000000e+00 
-3.0666250e-03 -4.9988099e-04 0.0000000e+00 
1.0000131e-01 -8.5602449e-07 0.0000000e+00 
1.0946425e-01 -3.6452569e-02 0.0000000e+00 
9.9997535e-02 5.1808547e-07 0.0000000e+00 
1.4382318e-01 -9.2868526e-03 0.0000000e+00 
1.0007326e-01 1.1322580e-04 0.0000000e+00 
1.2460265e-01 1.9941604e-02 0.0000000e+00 
1.0001026e-01 6.1782712e-06 0.0000000e+00 
9.9365644e-02 -2.0869123e-03 0.0000000e+00 
9.3422003e-02 4.9848473e-03 0.0000000e+00 
1.4411747e-01 7.6083071e-03 0.0000000e+00 
2.0408891e-02 -3.7712518e-03 0.0000000e+00 
1.3892779e-01 3.5870627e-03 0.0000000e+00 
9.9379390e-02 1.4046944e-03 0.0000000e+00 
1.3609609e-01 -1.7963735e-02 0.0000000e+00 
1.0167965e-01 8.0521998e-04 0.0000000e+00 
2.9451193e-02 -8.3427820e-03 0.0000000e+00 
1.2538482e-01 -8.9727975e-03 0.0000000e+00 
9.9811450e-02 -2.2409341e-04 0.0000000e+00 
8.3610222e-02 -3.0539058e-02 0.0000000e+00 
9.6854553e-02 -4.1750958e-03 0.0000000e+00 
1.0013096e-01 1.9406782e-04 0.0000000e+00 
9.6935667e-02 -1.2061838e-02 0.0000000e+00 
5.5850942e-02 5.3686410e-02 0.0000000e+00 
1.0209963e-01 1.3148601e-02 0.0000000e+00 
1.3849857e-01 1.7357146e-02 0.0000000e+00 
1.5372590e-02 -3.9954367e-03 0.0000000e+00 
1.4255030e-01 -5.3942846e-03 0.0000000e+00 
1.2190912e-01 1.1580374e-02 0.0000000e+00 
1.4368016e-01 -1.4508977e-02 0.0000000e+00 
8.5376315e-02 6.6959132e-03 0.0000000e+00 
7.6068513e-02 1.5275861e-02 0.0000000e+00 
8.0673985e-02 -1.2546973e-02 0.0000000e+00 
1.0323599e-01 -1.7931081e-02 0.0000000e+00 
8.5987765e-03 2.9082946e-03 0.0000000e+00 
1.2345745e-01 4.3184757e-03 0.0000000e+00 
7.4715205e-02 1.4682612e-02 0.0000000e+00 
8.4324732e-02 2.6858699e-02 0.0000000e+00 
9.1000460e-02 2.8683506e-02 0.0000000e+00 
1.0146488e-01 1.8594033e-03 0.0000000e+00 
3.9459009e-02 -6.8600578e-03 0.0000000e+00 
1.1949715e-01 2.1352617e-02 0.0000000e+00 
1.1401881e-01 1.4807386e-02 0.0000000e+00 
1.3366021e-01 6.2442762e-03 0.0000000e+00 
9.9284075e-02 2.2484718e-03 0.0000000e+00 
1.2338725e-01 -7.6940935e-03 0.0000000e+00 
1.0205859e-01 -3.1438102e-03 0.0000000e+00 
1.2392791e-01 -4.4307527e-03 0.0000000e+00 
5.0980557e-02 1.3437588e-02 0.0000000e+00 
9.9516958e-02 -4.8481437e-04 0.0000000e+00 
1.2972747e-01 7.9272995e-03 0.0000000e+00 
1.1748498e-01 4.3805116e-03 0.0000000e+00 
2.9548971e-02 2.3494365e-02 0.0000000e+00 
9.3672074e-02 -1.2439429e-03 0.0000000e+00 
1.0024016e-01 3.3675323e-04 0.0000000e+00 
1.1007845e-01 1.7750725e-02 0.0000000e+00 
1.4241837e-01 -1.1245690e-04 0.0000000e+00 
7.6264121e-02 -5.8975141e-02 0.0000000e+00 
1.0008112e-01 -1.1542234e-04 0.0000000e+00 
9.7310103e-02 2.3389952e-03 0.0000000e+00 
2.7716720e-02 -5.4337950e-03 0.0000000e+00 
-1.2800213e-03 -2.0486107e-03 0.0000000e+00 
1.1800843e-01 -4.8538584e-02 0.0000000e+00 
1.2853093e-01 3.9349761e-02 0.0000000e+00 
9.5253527e-02 -4.1887354e-02 0.0000000e+00 
1.3327006e-01 -5.7873144e-03 0.0000000e+00 
2.5009979e-02 -8.3786212e-03 0.0000000e+00 
1.2173492e-01 -2.0363528e-02 0.0000000e+00 
1.0733361e-01 4.4228349e-02 0.0000000e+00 
3.4091916e-02 -3.3280775e-02 0.0000000e+00 
9.9999838e-02 2.1702069e-06 0.0000000e+00 
1.0043750e-01 5.7680090e-04 0.0000000e+00 
5.2569471e-02 1.4590142e-02 0.0000000e+00 
9.8226078e-02 9.3758879e-03 0.0000000e+00 
-3.0392061e-03 9.3881402e-04 0.0000000e+00 
4.5950647e-02 -4.8832465e-03 0.0000000e+00 
1.2365019e-01 -1.2140608e-02 0.0000000e+00 
1.0000028e-01 -6.3031737e-05 0.0000000e+00 
5.2863001e-03 2.9305704e-03 0.0000000e+00 
7.7240631e-02 -4.5444928e-03 0.0000000e+00 
5.5233087e-02 -1.1629096e-02 0.0000000e+00 
1.1628290e-01 9.1118515e-03 0.0000000e+00 
1.0135959e-01 1.9009365e-03 0.0000000e+00 
4.0512264e-02 4.1570123e-02 0.0000000e+00 
1.2936799e-01 -9.1255279e-03 0.0000000e+00 
1.0088965e-01 4.1888704e-04 0.0000000e+00 
-3.0260242e-03 -6.3319755e-04 0.0000000e+00 
4.6813157e-03 -1.9342990e-03 0.0000000e+00 
6.0867677e-03 1.8048653e-04 0.0000000e+00 
1.1557543e-01 -8.0809640e-03 0.0000000e+00 
9.5424034e-02 3.9590476e-03 0.0000000e+00 
1.0055592e-01 -1.4882511e-03 0.0000000e+00 
8.9173771e-02 -7.0640724e-03 0.0000000e+00 
7.3384017e-02 8.6265372e-04 0.0000000e+00 
7.7929646e-02 -6.6482248e-03 0.0000000e+00 
9.9997491e-02 -3.7389080e-05 0.0000000e+00 
9.9699192e-02 6.7977398e-04 0.0000000e+00 
1.3254015e-01 -7.6899334e-04 0.0000000e+00 
1.8214369e-02 3.9738808e-03 0.0000000e+00 
8.7189801e-02 -3.7865337e-02 0.0000000e+00 
1.3966477e-01 -7.8502297e-03 0.0000000e+00 
8.9006819e-02 8.8555906e-03 0.0000000e+00 
6.2587634e-02 8.6369896e-03 0.0000000e+00 
9.9996418e-02 -3.3080119e-07 0.0000000e+00 
5.3538729e-02 -6.9864849e-03 0.0000000e+00 
1.0007469e-01 -1.8367692e-04 0.0000000e+00 
9.7735427e-02 -3.2163002e-02 0.0000000e+00 
1.0007450e-01 1.6230777e-04 0.0000000e+00 
9.8081820e-02 6.5633277e-03 0.0000000e+00 
1.0293803e-01 1.3173875e-02 0.0000000e+00 
1.0109542e-01 1.0125352e-02 0.0000000e+00 
1.4166385e-01 -1.2317674e-02 0.0000000e+00 
9.3803808e-02 -1.3560856e-02 0.0000000e+00 
9.9999040e-02 -1.5143094e-06 0.0000000e+00 
8.2289897e-02 5.3075701e-02 0.0000000e+00 
8.5206300e-02 2.1185637e-02 0.0000000e+00 
-3.8951091e-03 -4.4788740e-04 0.0000000e+00 
1.0000172e-01 5.7073265e-07 0.0000000e+00 
1.4308874e-01 5.9595336e-03 0.0000000e+00 
1.0001510e-01 -1.7533703e-05 0.0000000e+00 
9.7748533e-02 1.3685324e-02 0.0000000e+00 
1.4004783e-01 -3.6187100e-03 0.0000000e+00 
1.0000084e-01 -4.3571984e-07 0.0000000e+00 
2.8742490e-02 7.6476904e-03 0.0000000e+00 
5.4584816e-02 -7.7161109e-03 0.0000000e+00 
1.0002060e-01 -1.8154697e-04 0.0000000e+00 
1.1762084e-02 -2.0493118e-03 0.0000000e+00 
1.2212393e-01 -1.0080161e-02 0.0000000e+00 
1.1696213e-01 1.1904353e-02 0.0000000e+00 
1.1169291e-01 -1.2415460e-02 0.0000000e+00 
1.1592523e-01 -3.6773589e-02 0.0000000e+00 
9.7758532e-02 1.0021216e-02 0.0000000e+00 
1.3745306e-01 7.2022853e-03 0.0000000e+00 
1.2070068e-01 -4.0477309e-02 0.0000000e+00 
1.3723704e-01 1.2921597e-02 0.0000000e+00 
1.2244655e-01 -8.0113821e-03 0.0000000e+00 
9.7855721e-03 -1.3051013e-03 0.0000000e+00 
1.0301396e-01 3.0184414e-03 0.0000000e+00 
5.5983808e-02 -1.1713893e-02 0.0000000e+00 
9.5251910e-02 2.2859680e-02 0.0000000e+00 
1.0091705e-01 6.6419970e-03 0.0000000e+00 
1.0060710e-01 1.2024216e-03 0.0000000e+00 
9.2633314e-02 -4.7098245e-03 0.0000000e+00 
1.0918252e-01 -6.3257092e-03 0.0000000e+00 
1.0127413e-01 -1.8898926e-03 0.0000000e+00 
1.0632174e-01 1.3499514e-02 0.0000000e+00 
1.0000832e-01 -1.1445942e-05 0.0000000e+00 
8.0830060e-02 -9.3799485e-03 0.0000000e+00 
3.0550822e-03 1.2989425e-03 0.0000000e+00 
1.2620854e-01 -3.6674358e-02 0.0000000e+00 
1.2540273e-01 7.9959454e-03 0.0000000e+00 
1.0291761e-01 -3.3433840e-03 0.0000000e+00 
1.4071879e-01 -4.2465511e-03 0.0000000e+00 
9.6656099e-02 1.9169781e-02 0.0000000e+00 
9.5920384e-02 1.6453907e-02 0.0000000e+00 
9.6311726e-02 -1.2440341e-02 0.0000000e+00 
1.3426790e-01 1.8090153e-02 0.0000000e+00 
1.2147696e-01 7.4518584e-03 0.0000000e+00 
1.2761772e-01 1.1937887e-02 0.0000000e+00 
8.8099584e-02 -2.5527833e-02 0.0000000e+00 
1.0202842e-01 7.7078892e-03 0.0000000e+00 
8.2882680e-02 1.5726682e-03 0.0000000e+00 
9.9688947e-02 -7.1660621e-04 0.0000000e+00 
6.1427575e-02 -1.5923649e-02 0.0000000e+00 
1.0535664e-01 4.4690408e-03 0.0000000e+00 
1.0000060e-01 2.2318454e-06 0.0000000e+00 
1.0298352e-01 -1.4343384e-02 0.0000000e+00 
1.0581461e-01 -1.5100753e-02 0.0000000e+00 
1.2384346e-01 3.3426252e-03 0.0000000e+00 
9.4988883e-02 6.4460625e-04 0.0000000e+00 
1.1713239e-01 7.9983603e-03 0.0000000e+00 
9.7424515e-02 6.3092918e-03 0.0000000e+00 
1.0000431e-01 -6.3629586e-06 0.0000000e+00 
1.3618690e-01 -5.8954689e-03 0.0000000e+00 
8.7916330e-03 4.2907433e-03 0.0000000e+00 
1.3756625e-01 -5.0035235e-03 0.0000000e+00 
1.1302228e-02 -3.8044008e-03 0.0000000e+00 
2.6532436e-02 -5.4420545e-03 0.0000000e+00 
1.3188110e-01 -3.0324457e-03 0.0000000e+00 
1.3378565e-01 -2.0568766e-02 0.0000000e+00 
PRESSURE 1 945  float
2.9877167e+00
0.0000000e+00
0.0000000e+00
2.9877768e+00
-4.1816030e+00
-4.2966304e+00
-4.6475377e+00
-5.1653504e+00
-5.7283092e+00
-6.3523750e+00
-6.9190135e+00
-7.1960883e+00
-7.0117836e+00
-5.9548130e+00
-4.1459312e+00
-1.5054129e+00
1.5431331e+00
4.4969296e+00
6.9779577e+00
8.7466841e+00
9.2848911e+00
8.7434788e+00
7.0945868e+00
4.5441670e+00
1.5077914e+00
-1.4926058e+00
-4.0566845e+00
-5.9626241e+00
-6.9122405e+00
-7.2646842e+00
-6.9093180e+00
-6.3183012e+00
-5.7339439e+00
-5.1822400e+00
-4.6227083e+00
-4.2819090e+00
2.9822183e+00
2.9237604e+00
2.8105075e+00
2.6155963e+00
2.2802997e+00
1.8449243e+00
1.2565162e+00
5.8456796e-01
-1.2262548e-01
-7.8676885e-01
-1.2610610e+00
-1.5590451e+00
-1.6369435e+00
-1.5188411e+00
-1.2353125e+00
-8.9855659e-01
-5.8546871e-01
-3.4540883e-01
-1.9915476e-01
-1.0543131e-01
-5.5238642e-02
-2.6061952e-02
-1.5291974e-02
-4.0627383e-03
-2.8024642e-03
-8.9204515e-04
-3.7218252e-04
-4.7750400e-05
3.7643396e-05
8.7390399e-05
7.4903553e-05
5.9988106e-05
3.9064646e-05
2.4192343e-05
5.4069519e-06
0.0000000e+00
0.0000000e+00
0.0000000e+00
0.0000000e+00
0.0000000e+00
0.0000000e+00
0.0000000e+00
0.0000000e+00
0.0000000e+00
-7.4365589e-06
-2.1619493e-05
-2.1020071e-05
-3.0234462e-05
-4.8031354e-05
-3.6083689e-05
-2.8559458e-04
-3.6121660e-04
-5.6080095e-04
-1.3352884e-03
-3.4880491e-03
-7.1606222e-03
-1.4066300e-02
-2.8057925e-02
-5.4175518e-02
-1.0536966e-01
-1.9608508e-01
-3.4852758e-01
-5.8238405e-01
-8.9490688e-01
-1.2422566e+00
-1.5145614e+00
-1.6324284e+00
-1.5629843e+00
-1.2481526e+00
-7.6313728e-01
-1.2012172e-01
5.9074849e-01
1.2596470e+00
1.8457277e+00
2.2922392e+00
2.6170938e+00
2.8188999e+00
2.9270928e+00
2.9836104e+00
3.0065184e+00
3.0530632e+00
3.1086116e+00
3.1618609e+00
3.1815109e+00
3.1628954e+00
3.1113997e+00
3.0530570e+00
3.0064189e+00
8.5396910e+00
-7.3058879e-01
-1.0958503e+00
-3.3200350e-02
-5.9912365e-04
-7.0677495e-05
2.5534017e+00
-2.5352994e-01
2.5227735e+00
3.1793127e+00
-8.1033213e-03
-1.3250293e-01
3.1332176e-05
-4.5891825e-04
-1.6534334e+00
6.2976442e-06
-1.6845229e+00
9.0874803e-01
9.3097359e-01
-1.1504998e+00
3.5504061e-05
-1.1394181e+00
3.1357236e+00
-7.1155009e-06
-3.4147706e-03
-1.8374334e-03
-3.4407079e-02
-2.4641664e-05
3.0817258e+00
2.9006071e+00
3.5471699e-06
2.9058988e+00
-1.2253101e-05
1.6138867e-05
3.0251935e+00
-1.5244945e+00
-1.8584110e+00
-1.8957314e+00
-2.2094712e+00
-2.2073066e+00
-2.6532075e+00
-2.5300357e+00
-3.0785263e+00
-2.7739553e+00
-3.3367846e+00
-2.9291792e+00
-3.2860460e+00
-2.8918657e+00
-3.1766567e+00
-2.7494051e+00
-2.9990571e+00
-2.5222409e+00
-2.7865579e+00
-2.2575126e+00
-2.0185993e+00
-1.7256042e+00
-2.5547988e+00
-1.5251654e+00
-1.1721359e+00
-5.2586632e+00
-4.4689918e+00
-9.6105474e-01
-6.2836087e-01
-2.6400971e+00
-2.4759538e+00
-4.9952736e-01
-3.2860747e-01
-2.9938450e+00
-2.8537910e+00
-4.2571707e+00
-1.6746448e-01
-4.1129325e-02
1.7787525e-02
6.3332985e-03
3.6449742e-02
4.5114800e-02
4.2645138e-02
-3.2982967e+00
-3.1345599e+00
-2.7655296e+00
-3.5056651e+00
-3.3512661e+00
-3.6606085e+00
-3.4698634e+00
-3.8082559e+00
-3.4736261e+00
-3.7863691e+00
-3.1412735e+00
-3.3600171e+00
-3.5906768e+00
-5.6288934e+00
-4.8245320e+00
2.1250831e-02
2.8722001e-02
3.0553160e-02
2.3051720e-02
-3.0773673e+00
-3.2311730e+00
-1.0271845e+00
9.0609258e-03
9.9327350e-03
6.4250082e-03
5.4392992e-03
-3.5408707e+00
2.5889608e-03
2.3681440e-03
1.0645029e-03
7.7240460e-04
-3.3648338e+00
-1.2596835e-04
4.5190248e-04
3.6860819e-04
2.4858426e-04
-8.2821964e-05
5.2104373e-05
-3.8925393e+00
-3.3097000e+00
-6.6061873e+00
-6.9202140e-02
-3.9484587e-01
-3.5864127e+00
-1.3311524e+00
-7.3015573e-05
-1.3346535e-06
-3.7362348e-05
-1.4324324e-05
2.2731638e-05
4.1368457e-06
1.9256427e-04
-2.3773799e+00
-2.6928632e+00
-2.7949052e-05
1.6203437e-03
-2.9101422e+00
1.3085294e-02
2.2303741e-02
-3.9994907e+00
-3.2643116e+00
-2.6705179e+00
-2.4362965e+00
-3.1618004e+00
-2.0078466e+00
-8.4667213e-02
-2.5006137e+00
-1.3807219e+00
-4.7847843e+00
-1.1555172e+00
-5.0511789e-01
-5.6353283e-01
2.3421019e-01
5.1038778e-01
1.0186430e+00
1.4775382e+00
5.2814813e+00
1.7371708e+00
2.3078272e+00
2.3405352e+00
2.8786924e+00
2.7788904e+00
3.3092892e+00
3.0494907e+00
3.4551349e+00
3.8491590e+00
3.8238974e+00
4.2491546e+00
4.0689135e+00
4.4650378e+00
4.1410241e+00
4.4512086e+00
4.0627775e+00
4.2323093e+00
3.8734889e+00
3.5020885e+00
3.8895860e+00
4.3335238e+00
3.7987895e+00
4.0796790e+00
7.4003863e+00
3.4981055e+00
3.4950924e+00
3.8330791e+00
3.6266818e+00
2.9974475e+00
2.8190849e+00
2.7717123e+00
2.3903048e+00
2.0176845e+00
-5.9392099e+00
-2.5989368e+00
3.0373635e+00
2.9680202e+00
4.7080131e+00
2.3428988e+00
4.8144608e+00
1.7226045e+00
1.1012280e+00
2.0907848e+00
3.3710685e+00
3.6209064e+00
3.4043498e+00
3.4269915e+00
3.2718143e+00
-4.6369821e-01
-9.9998742e-01
1.0492321e+00
3.4042194e-01
1.8320070e-01
-6.1222595e-01
-2.0700677e-01
-1.0522633e+00
-1.7205186e+00
-6.5731835e+00
-6.1502415e-01
-1.9341307e+00
-2.9380898e+00
1.3063343e+00
9.8236948e-01
-3.8336654e+00
3.4315824e-05
1.6811735e-05
-4.0913138e+00
2.8298810e-02
-4.4490652e+00
-2.7422318e+00
-2.0647593e+00
-3.7003541e+00
3.1694374e+00
-2.6652970e+00
5.7900795e-03
-8.6107019e-07
-3.6946123e+00
-3.0317066e+00
1.4270064e-03
-4.4212451e+00
-4.7314939e+00
-4.3875995e-01
2.8440079e-05
-2.1543212e+00
-3.3705263e+00
-4.1819749e+00
-3.7481334e+00
-4.3521442e+00
1.0030632e-03
3.2895348e+00
3.3828704e+00
9.5221929e-02
-3.1043693e-01
3.1033344e+00
1.4185764e-01
1.1948303e-05
-4.6056461e+00
4.1885283e-05
5.9496204e-05
-3.8025562e-06
-4.6774199e-05
-3.6837053e+00
-2.1915839e+00
-2.4117951e+00
-3.8836122e-05
-3.0436964e-05
-3.9327073e+00
-4.3351703e+00
-4.8514323e+00
-4.5664034e+00
-5.0220447e+00
-4.6647611e+00
-4.3447223e+00
-4.3860135e+00
2.9592175e+00
2.9553871e+00
4.4237295e-05
-4.1306200e+00
-4.1450438e+00
-4.3568096e+00
-4.1168542e+00
-1.3219550e-05
-5.3112602e+00
9.3110502e-02
-1.0464638e+00
-9.9114084e-01
-1.6079359e-05
-6.4628303e-01
3.2687089e+00
3.3030918e+00
3.2027576e+00
3.4500265e+00
3.2973909e+00
3.3773375e+00
3.2239757e+00
3.2503321e+00
3.0939846e+00
3.0226562e+00
3.1159408e+00
-4.2685604e+00
-4.0492873e+00
-3.8958704e+00
-4.1625228e+00
-3.9925134e+00
7.3070174e-07
2.9241467e+00
-2.8288726e-02
-4.1082001e+00
-3.9767067e+00
-4.1447401e+00
-3.9956532e+00
-4.1959100e+00
-5.1873693e+00
-3.1037090e+00
-1.0278569e+00
-7.7677941e-01
-1.1930774e+00
-2.0042024e+00
-2.1957266e+00
3.2243302e+00
-4.6964712e+00
-4.9713159e+00
-4.6652079e+00
-5.0156326e+00
-5.4157295e+00
-3.8012033e+00
-5.5242805e+00
-2.8488948e-05
3.4480800e-05
-4.0552430e+00
-4.6302547e+00
-4.8529868e+00
-4.5110769e+00
-4.6385589e+00
-4.3640704e+00
-4.2218266e+00
4.3872296e-06
1.8373774e-05
-4.3391843e+00
2.9776468e+00
3.0735526e+00
-4.1021743e+00
-3.6019633e+00
-3.6997089e+00
-3.7691500e+00
-2.3330140e+00
-3.4484634e+00
-1.7211643e+00
-4.6572509e+00
4.5255780e+00
5.2019176e+00
5.3044772e+00
5.8921547e+00
5.7802782e+00
6.5995140e+00
6.3835845e+00
7.1695843e+00
6.5922060e+00
5.9487987e+00
5.9209528e+00
6.3327069e+00
5.5282140e+00
5.5797944e+00
4.8255405e+00
4.4759355e+00
4.7833858e+00
6.4929647e+00
6.3142691e+00
5.2518930e+00
5.4211116e+00
4.2064896e+00
3.9703596e+00
3.2901678e+00
3.5147457e+00
2.1200483e+00
2.2374518e+00
4.3277230e+00
3.3211827e+00
2.6454649e+00
2.0409365e+00
8.6500919e-01
7.3037332e-01
1.7501216e+00
-4.5227036e+00
-2.5242081e+00
2.6477304e+00
-2.8499195e-05
6.9331259e-01
-3.1252015e+00
-1.0851026e+00
-3.5844507e+00
6.0212340e-02
5.4791374e+00
-9.7016051e-02
-6.2691259e+00
-6.5654130e+00
-5.1679850e+00
-4.6301985e+00
-4.2720490e+00
7.3518128e+00
2.7571330e+00
2.8392878e+00
2.5346866e+00
-6.5674882e+00
-6.0355401e+00
-3.2028809e+00
-3.3936880e+00
2.7268436e+00
2.6476240e+00
-4.8505917e+00
2.1176372e+00
8.3577957e+00
-4.0407157e+00
-2.8614650e+00
3.3990560e-05
-2.6989539e+00
6.4985973e-01
4.9514499e+00
4.6853976e+00
-1.6449331e+00
-1.9000428e+00
4.3982720e+00
3.8876729e+00
-3.9770072e+00
-1.5509931e+00
2.1536243e+00
1.5700212e+00
4.5041015e-05
8.3753221e-05
2.1550765e+00
2.9283285e+00
2.4785726e+00
2.2454250e+00
3.2858341e+00
1.9954915e+00
1.7595133e+00
1.3705963e+00
-1.6657344e+00
-1.7711257e+00
-1.4676511e+00
-1.5428798e+00
-1.1399183e+00
-1.5478213e+00
-1.0843655e+00
-8.1008178e-01
-6.7838228e-01
-4.9466157e-01
-5.8574206e-01
-1.6982754e+00
-1.9019772e+00
-1.7269714e+00
-2.1615343e+00
-1.8503644e+00
-1.5041651e+00
-1.5151256e+00
-1.8989276e+00
-1.4641550e+00
-1.8824868e+00
-1.1085638e+00
-9.6100461e-01
-7.4639624e-01
-2.3545763e+00
-5.4997420e-01
-4.2402190e-01
-1.8835819e+00
-1.5499252e+00
-2.3559372e+00
-2.2370694e+00
-8.2165921e-01
-2.5445626e+00
-2.8072506e-01
-2.3103602e+00
-1.7408183e+00
-2.0013072e+00
9.6027166e-01
2.1121674e+00
1.5674865e+00
5.1630917e+00
7.2044029e+00
-3.3896759e-01
-1.8571373e+00
-1.9664900e+00
-1.5472820e+00
-1.9705495e+00
2.5061290e+00
2.7757628e+00
3.1803310e+00
2.7610738e+00
7.3844910e+00
-1.1227349e+00
-4.6569753e+00
3.1371615e+00
2.4162338e+00
-5.3427905e-01
-4.7951837e+00
4.9531773e-05
-6.0475392e+00
-6.2354412e+00
-6.0807357e+00
-5.4472957e+00
-1.3813592e+00
1.6190612e+00
1.6211317e+00
-3.5420020e+00
-4.8960738e+00
-4.4565448e-01
-2.5688171e-01
-1.5414883e-01
-6.3973047e-02
-6.0903743e-02
-1.0843597e-02
-1.5174237e-01
-4.6611711e-02
-3.0219203e-01
-3.4932200e-02
-2.5653231e-03
-1.4019121e+00
3.0791209e+00
3.0365582e+00
3.5604770e+00
1.5514851e+00
7.9895860e-01
8.7327480e-01
7.9878366e-01
5.4408422e+00
-2.1836200e+00
-8.1575990e-01
-1.3230461e-02
3.3059544e-03
-6.6401474e-03
1.2284473e-03
-2.8717979e-03
3.0248466e+00
7.3562809e-03
8.0143586e-03
-4.1327639e-03
-1.5792132e-03
-4.5943595e-04
2.1898356e-04
3.1233244e+00
7.9876890e+00
-1.6196578e+00
2.3914638e+00
2.7408549e-01
4.1605173e-07
-1.3265723e-01
-1.4490794e-01
-6.8712577e-02
-6.2922075e-02
-2.2452028e-02
-1.7113872e-01
-3.1395012e-01
-3.1708185e-02
-6.0315076e-03
1.2616299e-02
-1.6978772e-02
1.2324264e-06
-6.8958499e-02
2.6709383e-06
3.0718267e-05
1.1587801e-04
-3.0884581e-05
1.9590055e-04
2.4749959e-04
4.6595934e-04
2.7274812e-04
9.0312469e-04
2.9684560e-04
1.6335900e-03
-8.5913685e-05
2.7000965e-03
-1.1689028e-03
4.8474623e-03
-3.3870284e-03
-7.7849375e-03
3.5363557e-03
3.2242705e-04
1.4084714e-04
-5.0829458e+00
-3.2204203e-04
-3.2954221e-04
-1.1990203e-04
-1.4586052e-03
-1.8500157e-04
-6.1844432e-05
-1.1255089e-04
-5.6457757e-05
-1.9790161e-05
-2.9543851e-05
2.3497198e-05
-5.4010417e-04
7.0315247e-05
2.9029583e-05
-8.9635287e-06
3.4694381e+00
3.5884523e+00
6.6318404e-05
2.6818781e-05
1.9337944e-05
3.0403078e+00
-6.7723617e-02
-1.4226849e-05
7.6249341e-04
3.7006502e+00
-4.2067857e+00
-1.5845313e-05
-3.9031274e+00
-3.7000947e+00
-4.4552097e+00
3.0696824e+00
6.7178346e-03
-3.2277512e-03
-9.0616822e-06
2.8361278e-03
-1.4168291e-01
-1.5647569e+00
3.2230549e+00
-5.7566500e-01
-1.4584688e+00
-2.4946758e-01
-4.0274072e+00
-1.3413422e-01
2.4607600e-05
4.9560909e+00
3.5996721e+00
-4.4225960e+00
-3.4596465e-05
2.1346314e-01
3.1252804e+00
2.9729526e+00
3.1233757e+00
3.0023432e+00
-5.8955770e+00
-1.4367341e+00
5.3028169e-04
-3.8112707e+00
2.9721868e+00
1.9865658e+00
-7.2813709e-04
3.8356548e-06
-3.4508148e-01
-8.1977415e-01
-2.1029904e+00
-2.7239821e+00
-2.7788815e+00
5.6858835e+00
-8.8994813e-01
-3.8109694e+00
-9.5143951e-06
1.4735234e+00
-6.3259122e-06
-2.4216731e+00
-1.6177278e-04
1.3310699e-01
5.0164814e-05
3.1782455e+00
3.7966094e+00
-2.7317028e+00
-4.0970454e+00
-1.6726931e+00
3.1944895e+00
-1.3578495e+00
-1.6503144e-02
-1.5366951e+00
-9.2742527e-01
4.2588147e-04
4.2076235e+00
-5.3724008e+00
-5.9490895e-04
3.3630447e+00
4.0930424e+00
-5.4484000e+00
-1.6456393e+00
-2.0486948e+00
-3.0691524e+00
-2.5232909e+00
-2.6506515e+00
-4.2315845e+00
5.1583514e+00
-3.1053436e+00
2.6242700e+00
-5.6842098e+00
-7.2512323e-01
-2.4940932e+00
4.2608886e+00
3.6307731e+00
-1.5308565e-02
-3.9548876e+00
7.1316373e-01
1.4504486e+00
-9.2762953e-01
8.1387814e-03
-3.0866976e+00
2.8163574e+00
3.2755971e-01
-2.2873118e+00
3.2048104e+00
-4.1360101e-01
-4.3472299e-01
7.5160022e+00
3.7673683e+00
-1.4475404e-03
1.8628150e+00
-2.6016736e+00
1.4131583e+00
-4.8947486e-04
2.1966187e-02
-5.2667627e+00
-4.3223796e+00
-3.5535780e-01
-1.1203717e+00
2.7577968e+00
-8.9609385e-01
-2.4454868e+00
4.5487204e-01
1.3580604e+00
6.8442068e+00
2.3688104e-05
-3.3345805e-03
-1.8202114e+00
3.2463923e+00
-4.1999183e+00
-5.9900761e+00
3.2917181e-01
1.5362366e-05
-3.6709456e+00
5.1677289e+00
-5.5261123e-01
-4.8304424e+00
2.8875980e+00
6.1304245e+00
-1.2277510e+00
-6.9556041e-03
-4.2079997e+00
-3.8330085e+00
-4.8388309e+00
1.3189923e+00
2.8257890e-02
2.9807141e+00
4.9103916e-02
5.4398937e+00
-4.3570938e+00
-9.4981675e-05
3.1745429e+00
-3.5540185e+00
-3.9474115e+00
3.6154623e+00
-1.7627740e+00
-3.7238886e+00
-3.8813100e+00
-9.2186356e-06
-4.3300061e+00
2.9956205e+00
-4.5552869e+00
2.9952552e+00
-8.7740790e-04
2.7217996e+00
2.9308023e+00
-2.1004634e+00
-5.7234192e+00
-1.1066205e-05
-8.8810939e-01
4.3694654e+00
-3.6190095e+00
4.0867808e-06
-2.3116043e+00
-1.4068023e-04
-1.3010356e-01
-2.5379386e+00
-7.1097770e-06
-3.3819330e+00
-4.0749402e+00
-5.8073062e-04
-4.9999900e+00
-2.7799718e+00
1.1379453e+00
-5.1619258e+00
6.8637872e-01
-3.3686209e-02
-2.0296502e+00
-6.7222893e-02
-1.4417101e+00
4.9430537e-01
-4.2276831e+00
2.7155428e+00
-3.0383329e+00
3.3122108e+00
-3.8825631e+00
2.9651406e+00
3.2271452e-02
2.0425031e+00
2.8946853e+00
-2.9913500e-01
-1.4188861e-04
4.8519459e+00
-4.6608939e+00
-5.8657265e-01
-8.9686930e-01
-4.2825017e+00
-1.9017910e+00
-1.1862761e+00
-2.2014906e+00
-7.7970214e-02
-4.0768843e+00
6.0928303e-01
-2.1940811e+00
3.9604332e+00
-5.3369756e+00
-5.3380423e+00
3.1711974e+00
-1.2785800e+00
2.4578230e+00
1.7359408e-06
2.7098660e+00
2.3834510e+00
-3.5800459e+00
3.6438110e+00
1.1302745e+00
3.3525841e+00
-3.1918567e-05
-1.3001454e+00
-3.1027751e+00
-3.4977081e+00
-3.6161885e+00
-5.7098618e+00
-7.0572811e-01
-4.1028185e+00
CELL_DATA 1766
FIELD FieldData 0
