# vtk DataFile Version 4.0
vtk output
ASCII
DATASET UNSTRUCTURED_GRID
POINTS 945 float
0.0000000e+00 0.0000000e+00 0.0000000e+00 
2.0000000e+00 0.0000000e+00 0.0000000e+00 
2.0000000e+00 6.0000002e-01 0.0000000e+00 
0.0000000e+00 6.0000002e-01 0.0000000e+00 
5.6000000e-01 3.0000001e-01 0.0000000e+00 
5.5884713e-01 2.8829461e-01 0.0000000e+00 
5.5543280e-01 2.7703899e-01 0.0000000e+00 
5.4988819e-01 2.6666579e-01 0.0000000e+00 
5.4242641e-01 2.5757360e-01 0.0000000e+00 
5.3333420e-01 2.5011179e-01 0.0000000e+00 
5.2296102e-01 2.4456720e-01 0.0000000e+00 
5.1170540e-01 2.4115290e-01 0.0000000e+00 
5.0000000e-01 2.3999999e-01 0.0000000e+00 
4.8829460e-01 2.4115290e-01 0.0000000e+00 
4.7703901e-01 2.4456720e-01 0.0000000e+00 
4.6666580e-01 2.5011179e-01 0.0000000e+00 
4.5757359e-01 2.5757360e-01 0.0000000e+00 
4.5011181e-01 2.6666579e-01 0.0000000e+00 
4.4456720e-01 2.7703899e-01 0.0000000e+00 
4.4115290e-01 2.8829461e-01 0.0000000e+00 
4.4000000e-01 3.0000001e-01 0.0000000e+00 
4.4115290e-01 3.1170541e-01 0.0000000e+00 
4.4456720e-01 3.2296100e-01 0.0000000e+00 
4.5011181e-01 3.3333421e-01 0.0000000e+00 
4.5757359e-01 3.4242639e-01 0.0000000e+00 
4.6666580e-01 3.4988821e-01 0.0000000e+00 
4.7703901e-01 3.5543281e-01 0.0000000e+00 
4.8829460e-01 3.5884711e-01 0.0000000e+00 
5.0000000e-01 3.6000001e-01 0.0000000e+00 
5.1170540e-01 3.5884711e-01 0.0000000e+00 
5.2296102e-01 3.5543281e-01 0.0000000e+00 
5.3333420e-01 3.4988821e-01 0.0000000e+00 
5.4242641e-01 3.4242639e-01 0.0000000e+00 
5.4988819e-01 3.3333421e-01 0.0000000e+00 
5.5543280e-01 3.2296100e-01 0.0000000e+00 
5.5884713e-01 3.1170541e-01 0.0000000e+00 
5.9016321e-02 0.0000000e+00 0.0000000e+00 
1.1803260e-01 0.0000000e+00 0.0000000e+00 
1.7704900e-01 0.0000000e+00 0.0000000e+00 
2.3587100e-01 0.0000000e+00 0.0000000e+00 
2.9085249e-01 0.0000000e+00 0.0000000e+00 
3.4144861e-01 0.0000000e+00 0.0000000e+00 
3.8872591e-01 0.0000000e+00 0.0000000e+00 
4.3368599e-01 0.0000000e+00 0.0000000e+00 
4.7725680e-01 0.0000000e+00 0.0000000e+00 
5.2034539e-01 0.0000000e+00 0.0000000e+00 
5.6386721e-01 0.0000000e+00 0.0000000e+00 
6.0872579e-01 0.0000000e+00 0.0000000e+00 
6.5584701e-01 0.0000000e+00 0.0000000e+00 
7.0623368e-01 0.0000000e+00 0.0000000e+00 
7.6094180e-01 0.0000000e+00 0.0000000e+00 
8.1967372e-01 0.0000000e+00 0.0000000e+00 
8.7868989e-01 0.0000000e+00 0.0000000e+00 
9.3770629e-01 0.0000000e+00 0.0000000e+00 
9.9672258e-01 0.0000000e+00 0.0000000e+00 
1.0557390e+00 0.0000000e+00 0.0000000e+00 
1.1147550e+00 0.0000000e+00 0.0000000e+00 
1.1737720e+00 0.0000000e+00 0.0000000e+00 
1.2327880e+00 0.0000000e+00 0.0000000e+00 
1.2918040e+00 0.0000000e+00 0.0000000e+00 
1.3508210e+00 0.0000000e+00 0.0000000e+00 
1.4098370e+00 0.0000000e+00 0.0000000e+00 
1.4688530e+00 0.0000000e+00 0.0000000e+00 
1.5278690e+00 0.0000000e+00 0.0000000e+00 
1.5868860e+00 0.0000000e+00 0.0000000e+00 
1.6459020e+00 0.0000000e+00 0.0000000e+00 
1.7049180e+00 0.0000000e+00 0.0000000e+00 
1.7639350e+00 0.0000000e+00 0.0000000e+00 
1.8229510e+00 0.0000000e+00 0.0000000e+00 
1.8819669e+00 0.0000000e+00 0.0000000e+00 
1.9409840e+00 0.0000000e+00 0.0000000e+00 
2.0000000e+00 5.9999999e-02 0.0000000e+00 
2.0000000e+00 1.2000000e-01 0.0000000e+00 
2.0000000e+00 1.8000001e-01 0.0000000e+00 
2.0000000e+00 2.3999999e-01 0.0000000e+00 
2.0000000e+00 3.0000001e-01 0.0000000e+00 
2.0000000e+00 3.6000001e-01 0.0000000e+00 
2.0000000e+00 4.1999999e-01 0.0000000e+00 
2.0000000e+00 4.7999999e-01 0.0000000e+00 
2.0000000e+00 5.4000002e-01 0.0000000e+00 
1.9409840e+00 6.0000002e-01 0.0000000e+00 
1.8819669e+00 6.0000002e-01 0.0000000e+00 
1.8229510e+00 6.0000002e-01 0.0000000e+00 
1.7639350e+00 6.0000002e-01 0.0000000e+00 
1.7049180e+00 6.0000002e-01 0.0000000e+00 
1.6459020e+00 6.0000002e-01 0.0000000e+00 
1.5868860e+00 6.0000002e-01 0.0000000e+00 
1.5278690e+00 6.0000002e-01 0.0000000e+00 
1.4688530e+00 6.0000002e-01 0.0000000e+00 
1.4098370e+00 6.0000002e-01 0.0000000e+00 
1.3508210e+00 6.0000002e-01 0.0000000e+00 
1.2918040e+00 6.0000002e-01 0.0000000e+00 
1.2327880e+00 6.0000002e-01 0.0000000e+00 
1.1737720e+00 6.0000002e-01 0.0000000e+00 
1.1147550e+00 6.0000002e-01 0.0000000e+00 
1.0557390e+00 6.0000002e-01 0.0000000e+00 
9.9672258e-01 6.0000002e-01 0.0000000e+00 
9.3770629e-01 6.0000002e-01 0.0000000e+00 
8.7868989e-01 6.0000002e-01 0.0000000e+00 
8.1967372e-01 6.0000002e-01 0.0000000e+00 
7.6094180e-01 6.0000002e-01 0.0000000e+00 
7.0623368e-01 6.0000002e-01 0.0000000e+00 
6.5584701e-01 6.0000002e-01 0.0000000e+00 
6.0872579e-01 6.0000002e-01 0.0000000e+00 
5.6386721e-01 6.0000002e-01 0.0000000e+00 
5.2034539e-01 6.0000002e-01 0.0000000e+00 
4.7725680e-01 6.0000002e-01 0.0000000e+00 
4.3368599e-01 6.0000002e-01 0.0000000e+00 
3.8872591e-01 6.0000002e-01 0.0000000e+00 
3.4144861e-01 6.0000002e-01 0.0000000e+00 
2.9085249e-01 6.0000002e-01 0.0000000e+00 
2.3587100e-01 6.0000002e-01 0.0000000e+00 
1.7704900e-01 6.0000002e-01 0.0000000e+00 
1.1803260e-01 6.0000002e-01 0.0000000e+00 
5.9016321e-02 6.0000002e-01 0.0000000e+00 
0.0000000e+00 5.4000002e-01 0.0000000e+00 
0.0000000e+00 4.7999999e-01 0.0000000e+00 
0.0000000e+00 4.1999999e-01 0.0000000e+00 
0.0000000e+00 3.6000001e-01 0.0000000e+00 
0.0000000e+00 3.0000001e-01 0.0000000e+00 
0.0000000e+00 2.3999999e-01 0.0000000e+00 
0.0000000e+00 1.8000001e-01 0.0000000e+00 
0.0000000e+00 1.2000000e-01 0.0000000e+00 
0.0000000e+00 5.9999999e-02 0.0000000e+00 
4.3026751e-01 3.0683401e-01 0.0000000e+00 
8.4908241e-01 5.5269438e-01 0.0000000e+00 
7.8790653e-01 5.1802918e-02 0.0000000e+00 
1.1430219e+00 5.0576471e-02 0.0000000e+00 
1.4415160e+00 5.0573289e-02 0.0000000e+00 
1.6754100e+00 5.5038619e-01 0.0000000e+00 
2.6041579e-01 5.2875768e-02 0.0000000e+00 
9.6895182e-01 5.0380111e-02 0.0000000e+00 
2.6302171e-01 5.5612308e-01 0.0000000e+00 
5.5065349e-02 2.6500449e-01 0.0000000e+00 
1.2615570e+00 5.4759312e-01 0.0000000e+00 
1.0253479e+00 5.4886931e-01 0.0000000e+00 
1.6201590e+00 5.4130111e-02 0.0000000e+00 
1.4979730e+00 5.5115038e-01 0.0000000e+00 
6.7900127e-01 5.5979192e-01 0.0000000e+00 
1.9463980e+00 2.6800990e-01 0.0000000e+00 
6.3145077e-01 3.8099781e-02 0.0000000e+00 
4.1331020e-01 5.6811810e-01 0.0000000e+00 
4.1231820e-01 3.8809739e-02 0.0000000e+00 
5.4410732e-01 5.6000441e-01 0.0000000e+00 
1.7962800e+00 5.9606131e-02 0.0000000e+00 
5.4468262e-01 3.7558820e-02 0.0000000e+00 
4.9130220e-02 3.9247900e-01 0.0000000e+00 
1.9509200e+00 3.8997239e-01 0.0000000e+00 
1.3233820e+00 4.9667731e-02 0.0000000e+00 
1.3821890e+00 5.4839480e-01 0.0000000e+00 
1.1434870e+00 5.4837209e-01 0.0000000e+00 
1.7959980e+00 5.4855859e-01 0.0000000e+00 
4.9401909e-02 1.5067521e-01 0.0000000e+00 
1.4989950e-01 5.5529898e-01 0.0000000e+00 
1.9519399e+00 1.5339760e-01 0.0000000e+00 
1.4754079e-01 5.1025499e-02 0.0000000e+00 
1.9506550e+00 5.1069498e-01 0.0000000e+00 
1.9114760e+00 5.1109631e-02 0.0000000e+00 
4.9216151e-02 5.0927132e-01 0.0000000e+00 
5.8710063e-01 3.6655251e-02 0.0000000e+00 
6.0428280e-01 7.4787550e-02 0.0000000e+00 
6.4929068e-01 7.4443869e-02 0.0000000e+00 
6.2715179e-01 1.0633790e-01 0.0000000e+00 
5.9329480e-01 1.0799770e-01 0.0000000e+00 
6.0949302e-01 1.3488390e-01 0.0000000e+00 
6.4123279e-01 1.3555969e-01 0.0000000e+00 
6.2006623e-01 1.6328260e-01 0.0000000e+00 
6.5316749e-01 1.6381399e-01 0.0000000e+00 
6.3351321e-01 1.8958050e-01 0.0000000e+00 
6.6427898e-01 1.8941709e-01 0.0000000e+00 
6.4933020e-01 2.1180780e-01 0.0000000e+00 
6.7645937e-01 2.1359310e-01 0.0000000e+00 
6.6097301e-01 2.3410480e-01 0.0000000e+00 
6.8796802e-01 2.3757669e-01 0.0000000e+00 
6.7103261e-01 2.5876111e-01 0.0000000e+00 
6.9990993e-01 2.6214910e-01 0.0000000e+00 
6.8101048e-01 2.8387409e-01 0.0000000e+00 
7.1248281e-01 2.8716281e-01 0.0000000e+00 
7.2971261e-01 2.6349890e-01 0.0000000e+00 
7.4486363e-01 2.9076719e-01 0.0000000e+00 
6.9556361e-01 3.0985960e-01 0.0000000e+00 
7.6406652e-01 2.6318431e-01 0.0000000e+00 
7.8114778e-01 2.9619500e-01 0.0000000e+00 
5.5403137e-01 2.5565761e-01 0.0000000e+00 
5.6691158e-01 2.7902979e-01 0.0000000e+00 
8.0246252e-01 2.6402649e-01 0.0000000e+00 
8.2167560e-01 3.0103979e-01 0.0000000e+00 
5.7978672e-01 1.3316999e-01 0.0000000e+00 
6.9627529e-01 1.8651520e-01 0.0000000e+00 
8.4832448e-01 2.6130950e-01 0.0000000e+00 
8.6857778e-01 3.0716091e-01 0.0000000e+00 
6.6883779e-01 3.0851370e-01 0.0000000e+00 
6.8001598e-01 3.3176759e-01 0.0000000e+00 
5.6956083e-01 3.0685109e-01 0.0000000e+00 
8.9643359e-01 2.6652190e-01 0.0000000e+00 
9.1803229e-01 3.1445420e-01 0.0000000e+00 
9.4838840e-01 2.6944679e-01 0.0000000e+00 
9.7196358e-01 3.1528941e-01 0.0000000e+00 
1.0020620e+00 2.7188951e-01 0.0000000e+00 
1.0263140e+00 3.1974381e-01 0.0000000e+00 
1.0557370e+00 2.7577680e-01 0.0000000e+00 
6.5179992e-01 3.3081001e-01 0.0000000e+00 
6.6418201e-01 3.5163379e-01 0.0000000e+00 
6.8745148e-01 3.5866591e-01 0.0000000e+00 
6.4083183e-01 3.5175639e-01 0.0000000e+00 
6.5020132e-01 3.7057751e-01 0.0000000e+00 
6.2925631e-01 3.6861771e-01 0.0000000e+00 
6.3750827e-01 3.8906679e-01 0.0000000e+00 
6.1479098e-01 3.8505989e-01 0.0000000e+00 
6.2451601e-01 4.0700281e-01 0.0000000e+00 
6.0271370e-01 4.0461549e-01 0.0000000e+00 
6.4791143e-01 4.1049060e-01 0.0000000e+00 
6.1149168e-01 4.2533240e-01 0.0000000e+00 
5.8940130e-01 4.2314041e-01 0.0000000e+00 
5.4590571e-01 3.5405469e-01 0.0000000e+00 
5.5933821e-01 3.3214769e-01 0.0000000e+00 
1.0820900e+00 3.2265610e-01 0.0000000e+00 
1.1129040e+00 2.7988619e-01 0.0000000e+00 
1.1385900e+00 3.3131590e-01 0.0000000e+00 
1.1718310e+00 2.8342861e-01 0.0000000e+00 
5.9854919e-01 4.4447681e-01 0.0000000e+00 
5.7566178e-01 4.4153079e-01 0.0000000e+00 
8.0048358e-01 3.3398119e-01 0.0000000e+00 
1.1962050e+00 3.3624330e-01 0.0000000e+00 
1.2286429e+00 2.8668931e-01 0.0000000e+00 
1.2540359e+00 3.3862561e-01 0.0000000e+00 
1.2863950e+00 2.8994620e-01 0.0000000e+00 
6.1140192e-01 1.8628950e-01 0.0000000e+00 
1.3121480e+00 3.4238011e-01 0.0000000e+00 
1.3446890e+00 2.9366851e-01 0.0000000e+00 
1.3705840e+00 3.4558439e-01 0.0000000e+00 
1.4032860e+00 2.9774809e-01 0.0000000e+00 
6.4617378e-01 3.0788270e-01 0.0000000e+00 
1.4291511e+00 3.4956750e-01 0.0000000e+00 
1.4618640e+00 3.0163100e-01 0.0000000e+00 
1.4877310e+00 3.5457411e-01 0.0000000e+00 
1.5206050e+00 3.0603161e-01 0.0000000e+00 
1.5464530e+00 3.5889450e-01 0.0000000e+00 
1.5793800e+00 3.1008351e-01 0.0000000e+00 
5.6763572e-01 4.1851109e-01 0.0000000e+00 
5.5408603e-01 4.3793961e-01 0.0000000e+00 
5.2029008e-01 3.6688760e-01 0.0000000e+00 
9.4794089e-01 3.6647639e-01 0.0000000e+00 
8.7384099e-01 2.2074890e-01 0.0000000e+00 
6.3348472e-01 2.3041780e-01 0.0000000e+00 
7.8118002e-01 2.2578520e-01 0.0000000e+00 
1.6052290e+00 3.6304700e-01 0.0000000e+00 
1.6382140e+00 3.1413361e-01 0.0000000e+00 
1.6641290e+00 3.6722910e-01 0.0000000e+00 
1.6971480e+00 3.1819481e-01 0.0000000e+00 
1.6712240e+00 2.6505721e-01 0.0000000e+00 
1.7302210e+00 2.6912081e-01 0.0000000e+00 
1.5534170e+00 2.5684619e-01 0.0000000e+00 
6.7181969e-01 1.4093800e-01 0.0000000e+00 
5.8596748e-01 4.6394360e-01 0.0000000e+00 
1.7230920e+00 3.7133509e-01 0.0000000e+00 
1.3771909e+00 2.4454120e-01 0.0000000e+00 
6.2249678e-01 4.4700289e-01 0.0000000e+00 
1.2033920e+00 2.3449400e-01 0.0000000e+00 
1.0287880e+00 2.3015590e-01 0.0000000e+00 
5.4669750e-01 4.1895449e-01 0.0000000e+00 
5.3373671e-01 4.3515179e-01 0.0000000e+00 
5.4073101e-01 4.5481020e-01 0.0000000e+00 
5.1996583e-01 4.5137540e-01 0.0000000e+00 
5.1387292e-01 4.2921981e-01 0.0000000e+00 
4.9935541e-01 4.4742331e-01 0.0000000e+00 
4.5565760e-01 3.5403141e-01 0.0000000e+00 
4.9349809e-01 4.2846820e-01 0.0000000e+00 
4.7935709e-01 4.4358870e-01 0.0000000e+00 
4.7970989e-01 3.6688760e-01 0.0000000e+00 
4.8592600e-01 4.6396780e-01 0.0000000e+00 
4.6443069e-01 4.5930001e-01 0.0000000e+00 
4.5825541e-01 4.3536639e-01 0.0000000e+00 
4.4286779e-01 4.5335940e-01 0.0000000e+00 
4.3592349e-01 4.3169260e-01 0.0000000e+00 
4.2123440e-01 4.4813421e-01 0.0000000e+00 
4.1462469e-01 4.2622849e-01 0.0000000e+00 
4.3825611e-01 3.3387709e-01 0.0000000e+00 
3.9864141e-01 4.4291711e-01 0.0000000e+00 
3.9200109e-01 4.1997111e-01 0.0000000e+00 
3.7504819e-01 4.3754801e-01 0.0000000e+00 
3.6926591e-01 4.1456231e-01 0.0000000e+00 
3.5052001e-01 4.3156540e-01 0.0000000e+00 
3.4640020e-01 4.0321410e-01 0.0000000e+00 
3.2338160e-01 4.2558259e-01 0.0000000e+00 
3.1625420e-01 3.9745620e-01 0.0000000e+00 
3.3599329e-01 3.7658459e-01 0.0000000e+00 
3.0888751e-01 3.6996761e-01 0.0000000e+00 
3.2846531e-01 3.5015899e-01 0.0000000e+00 
3.0453789e-01 3.4228960e-01 0.0000000e+00 
3.2241219e-01 3.2376000e-01 0.0000000e+00 
2.9612821e-01 3.1610900e-01 0.0000000e+00 
3.1577420e-01 2.9729351e-01 0.0000000e+00 
2.8885421e-01 2.8886101e-01 0.0000000e+00 
3.0968001e-01 2.6928011e-01 0.0000000e+00 
2.8137040e-01 2.6060769e-01 0.0000000e+00 
2.8570160e-01 3.8790971e-01 0.0000000e+00 
3.0315241e-01 2.4067999e-01 0.0000000e+00 
3.3230671e-01 2.5245121e-01 0.0000000e+00 
3.2487640e-01 2.2290690e-01 0.0000000e+00 
3.5372531e-01 2.3027760e-01 0.0000000e+00 
4.3461740e-01 2.7961159e-01 0.0000000e+00 
3.4512779e-01 2.0528039e-01 0.0000000e+00 
3.6950600e-01 2.1069451e-01 0.0000000e+00 
2.6638910e-01 3.1392881e-01 0.0000000e+00 
2.7405229e-01 2.3109850e-01 0.0000000e+00 
3.6342499e-01 1.8842390e-01 0.0000000e+00 
3.8558939e-01 1.9589300e-01 0.0000000e+00 
4.4520050e-01 2.5469631e-01 0.0000000e+00 
3.8103029e-01 1.7263541e-01 0.0000000e+00 
4.0200421e-01 1.8057050e-01 0.0000000e+00 
4.9249741e-01 2.2787590e-01 0.0000000e+00 
4.6605590e-01 2.3826469e-01 0.0000000e+00 
3.3931601e-01 1.7988220e-01 0.0000000e+00 
3.8745371e-01 3.9799151e-01 0.0000000e+00 
3.5741779e-01 2.5419459e-01 0.0000000e+00 
3.5627639e-01 4.5751181e-01 0.0000000e+00 
3.4765261e-01 3.3191890e-01 0.0000000e+00 
3.9811629e-01 1.5518570e-01 0.0000000e+00 
4.2193061e-01 1.6662900e-01 0.0000000e+00 
3.7476501e-01 1.4610679e-01 0.0000000e+00 
3.9139041e-01 2.1633980e-01 0.0000000e+00 
2.5018540e-01 2.5338060e-01 0.0000000e+00 
2.4227400e-01 2.1673180e-01 0.0000000e+00 
2.1296521e-01 2.4632980e-01 0.0000000e+00 
2.0310380e-01 2.0643540e-01 0.0000000e+00 
4.7074649e-01 4.8204380e-01 0.0000000e+00 
4.9385741e-01 4.8678511e-01 0.0000000e+00 
4.1766569e-01 1.3875820e-01 0.0000000e+00 
4.3951231e-01 1.4885530e-01 0.0000000e+00 
4.4284999e-01 1.6929220e-01 0.0000000e+00 
4.6074921e-01 1.5907930e-01 0.0000000e+00 
4.5701310e-01 1.3411739e-01 0.0000000e+00 
4.7804150e-01 1.4308280e-01 0.0000000e+00 
4.8207700e-01 1.6432039e-01 0.0000000e+00 
5.2000839e-01 2.3249920e-01 0.0000000e+00 
4.7522539e-01 1.1890660e-01 0.0000000e+00 
4.9824399e-01 1.5124670e-01 0.0000000e+00 
5.0239080e-01 1.7379840e-01 0.0000000e+00 
4.0624869e-01 4.6688080e-01 0.0000000e+00 
4.2919409e-01 4.1243970e-01 0.0000000e+00 
6.2043011e-01 3.4884781e-01 0.0000000e+00 
1.7042540e+00 2.1590130e-01 0.0000000e+00 
1.7632940e+00 2.2000070e-01 0.0000000e+00 
5.9477502e-01 3.8850871e-01 0.0000000e+00 
1.1047130e+00 3.7971979e-01 0.0000000e+00 
5.5632508e-01 4.0331629e-01 0.0000000e+00 
5.1673311e-01 1.5979400e-01 0.0000000e+00 
5.1686460e-01 1.3875850e-01 0.0000000e+00 
5.2089018e-01 1.7866670e-01 0.0000000e+00 
2.3531640e-01 1.7608330e-01 0.0000000e+00 
4.8605490e-01 1.8340071e-01 0.0000000e+00 
1.2225550e+00 3.8796490e-01 0.0000000e+00 
1.7893510e+00 2.7321759e-01 0.0000000e+00 
5.0436419e-01 4.1349870e-01 0.0000000e+00 
4.8793069e-01 4.1161671e-01 0.0000000e+00 
1.3432890e+00 3.9487341e-01 0.0000000e+00 
4.9844569e-01 3.9902619e-01 0.0000000e+00 
5.1288861e-01 4.0051869e-01 0.0000000e+00 
4.7826111e-01 5.0721961e-01 0.0000000e+00 
1.5723439e+00 4.1086179e-01 0.0000000e+00 
5.6928509e-01 1.1216540e-01 0.0000000e+00 
5.3438342e-01 1.6713411e-01 0.0000000e+00 
5.3660733e-01 1.8530799e-01 0.0000000e+00 
5.5097228e-01 1.7492341e-01 0.0000000e+00 
5.5329382e-01 1.9238080e-01 0.0000000e+00 
1.4477730e+00 4.0997440e-01 0.0000000e+00 
1.7183121e-01 2.3577370e-01 0.0000000e+00 
1.8385801e-01 2.7833050e-01 0.0000000e+00 
4.5149651e-01 1.1040960e-01 0.0000000e+00 
4.7247219e-01 9.1955133e-02 0.0000000e+00 
1.9255680e-01 1.6331930e-01 0.0000000e+00 
4.5135620e-01 5.0161749e-01 0.0000000e+00 
1.8225530e+00 2.2401039e-01 0.0000000e+00 
5.2494282e-01 1.9506520e-01 0.0000000e+00 
1.7372680e+00 1.6678140e-01 0.0000000e+00 
1.6782570e+00 1.6271511e-01 0.0000000e+00 
1.6900350e+00 4.2038351e-01 0.0000000e+00 
1.7490560e+00 4.2454061e-01 0.0000000e+00 
4.8329440e-01 3.9614201e-01 0.0000000e+00 
4.7259709e-01 4.0761891e-01 0.0000000e+00 
4.6829471e-01 3.9267531e-01 0.0000000e+00 
1.7821480e+00 3.7544200e-01 0.0000000e+00 
1.8081650e+00 4.2873210e-01 0.0000000e+00 
5.6767190e-01 1.8248910e-01 0.0000000e+00 
5.6965590e-01 1.9964610e-01 0.0000000e+00 
5.5310482e-01 2.0997940e-01 0.0000000e+00 
5.7153863e-01 2.1648981e-01 0.0000000e+00 
5.5832732e-01 2.2570750e-01 0.0000000e+00 
5.7294083e-01 2.3188220e-01 0.0000000e+00 
5.8571517e-01 2.2277141e-01 0.0000000e+00 
5.8722973e-01 2.3849240e-01 0.0000000e+00 
2.2661661e-01 1.3415439e-01 0.0000000e+00 
2.6798990e-01 1.4730521e-01 0.0000000e+00 
1.7105891e+00 1.1396340e-01 0.0000000e+00 
5.9993339e-01 2.2935030e-01 0.0000000e+00 
6.0129720e-01 2.4530940e-01 0.0000000e+00 
5.8868867e-01 2.5420901e-01 0.0000000e+00 
6.0235012e-01 2.6110700e-01 0.0000000e+00 
1.8387530e+00 3.7525591e-01 0.0000000e+00 
5.4489303e-01 2.2099259e-01 0.0000000e+00 
4.5784310e-01 5.2955812e-01 0.0000000e+00 
5.1062381e-01 5.1103139e-01 0.0000000e+00 
4.9833831e-01 1.0296860e-01 0.0000000e+00 
1.8639690e+00 4.2541769e-01 0.0000000e+00 
4.9523690e-01 7.3985048e-02 0.0000000e+00 
1.3844220e-01 2.6736441e-01 0.0000000e+00 
1.5088230e-01 3.1097111e-01 0.0000000e+00 
1.2641050e-01 2.2494370e-01 0.0000000e+00 
2.0287590e-01 3.2045639e-01 0.0000000e+00 
1.6756350e-01 3.5410741e-01 0.0000000e+00 
2.1099889e-01 3.6507410e-01 0.0000000e+00 
1.8053800e-01 3.9719370e-01 0.0000000e+00 
2.2913329e-01 4.0715241e-01 0.0000000e+00 
1.9421770e-01 4.3993911e-01 0.0000000e+00 
2.3865750e-01 4.5007020e-01 0.0000000e+00 
1.4811151e-01 4.3034700e-01 0.0000000e+00 
5.9036589e-01 2.6973200e-01 0.0000000e+00 
6.0372931e-01 2.7649191e-01 0.0000000e+00 
6.1619169e-01 2.6624000e-01 0.0000000e+00 
5.9138829e-01 2.8492469e-01 0.0000000e+00 
6.0468042e-01 2.9163459e-01 0.0000000e+00 
1.8453060e+00 2.7996099e-01 0.0000000e+00 
2.0954210e-01 4.8537201e-01 0.0000000e+00 
4.6530190e-01 6.3733928e-02 0.0000000e+00 
5.9247959e-01 2.9992181e-01 0.0000000e+00 
6.0560697e-01 3.0666059e-01 0.0000000e+00 
5.9351093e-01 3.1494951e-01 0.0000000e+00 
6.0633099e-01 3.2174519e-01 0.0000000e+00 
5.9430778e-01 3.2937449e-01 0.0000000e+00 
4.9347320e-01 3.8454881e-01 0.0000000e+00 
5.5062449e-01 1.5674770e-01 0.0000000e+00 
4.5774269e-01 4.0380031e-01 0.0000000e+00 
4.5300320e-01 3.8926181e-01 0.0000000e+00 
5.2078158e-01 8.5589677e-02 0.0000000e+00 
5.2809721e-01 4.7261381e-01 0.0000000e+00 
5.4998982e-01 4.7740239e-01 0.0000000e+00 
1.1647230e-01 3.4303319e-01 0.0000000e+00 
5.4025501e-01 4.0216339e-01 0.0000000e+00 
5.4931629e-01 3.8893181e-01 0.0000000e+00 
5.6429678e-01 3.8917771e-01 0.0000000e+00 
5.5815691e-01 3.7613159e-01 0.0000000e+00 
5.3233409e-01 3.8730109e-01 0.0000000e+00 
6.1810511e-01 2.9840681e-01 0.0000000e+00 
5.4633558e-01 2.3408321e-01 0.0000000e+00 
1.7233150e+00 4.7115931e-01 0.0000000e+00 
1.6544410e+00 4.6960419e-01 0.0000000e+00 
5.9817278e-01 2.1342160e-01 0.0000000e+00 
5.7312608e-01 3.7630349e-01 0.0000000e+00 
5.6664068e-01 3.6344349e-01 0.0000000e+00 
5.8089459e-01 3.6333910e-01 0.0000000e+00 
5.7436389e-01 3.5058859e-01 0.0000000e+00 
5.8890998e-01 3.5140380e-01 0.0000000e+00 
5.9597099e-01 3.6360300e-01 0.0000000e+00 
1.8871840e+00 2.3216370e-01 0.0000000e+00 
1.8613670e+00 1.6699770e-01 0.0000000e+00 
5.8043772e-01 3.2325599e-01 0.0000000e+00 
1.8341640e-01 1.2044960e-01 0.0000000e+00 
1.4539170e-01 1.4803199e-01 0.0000000e+00 
5.2981251e-01 4.1606659e-01 0.0000000e+00 
6.3278657e-01 3.2098520e-01 0.0000000e+00 
4.9883649e-01 1.9035070e-01 0.0000000e+00 
4.8866749e-01 1.9995619e-01 0.0000000e+00 
4.7372600e-01 1.9428051e-01 0.0000000e+00 
4.7687241e-01 2.0988560e-01 0.0000000e+00 
4.6230760e-01 2.0519090e-01 0.0000000e+00 
5.0175709e-01 2.0284539e-01 0.0000000e+00 
3.7420979e-01 2.4249861e-01 0.0000000e+00 
3.7680081e-01 2.5999850e-01 0.0000000e+00 
3.6377189e-01 2.7359021e-01 0.0000000e+00 
3.8147151e-01 2.7786380e-01 0.0000000e+00 
3.9390230e-01 2.6630861e-01 0.0000000e+00 
3.9790910e-01 2.8215069e-01 0.0000000e+00 
3.8660839e-01 2.9399589e-01 0.0000000e+00 
4.0266559e-01 2.9749459e-01 0.0000000e+00 
3.9230630e-01 3.0959940e-01 0.0000000e+00 
3.7539089e-01 3.0645579e-01 0.0000000e+00 
3.8165531e-01 3.2178041e-01 0.0000000e+00 
3.9764741e-01 3.2483751e-01 0.0000000e+00 
3.8738471e-01 3.3702531e-01 0.0000000e+00 
4.0318671e-01 3.3988059e-01 0.0000000e+00 
3.9298999e-01 3.5206911e-01 0.0000000e+00 
4.0884519e-01 3.5489669e-01 0.0000000e+00 
3.7592891e-01 3.5095471e-01 0.0000000e+00 
4.1221961e-01 3.2815641e-01 0.0000000e+00 
4.0885890e-01 2.7070051e-01 0.0000000e+00 
4.0606499e-01 2.5576550e-01 0.0000000e+00 
4.2036530e-01 2.6073930e-01 0.0000000e+00 
4.1758421e-01 2.4588020e-01 0.0000000e+00 
3.9879280e-01 3.6719501e-01 0.0000000e+00 
4.1457930e-01 3.6959961e-01 0.0000000e+00 
4.2435291e-01 3.5784501e-01 0.0000000e+00 
4.3005049e-01 3.7181091e-01 0.0000000e+00 
4.2064139e-01 3.8399899e-01 0.0000000e+00 
4.0332180e-01 2.4100940e-01 0.0000000e+00 
4.1523230e-01 2.3128320e-01 0.0000000e+00 
4.2901969e-01 2.3581611e-01 0.0000000e+00 
4.2680249e-01 2.2116630e-01 0.0000000e+00 
4.4072181e-01 2.2622180e-01 0.0000000e+00 
4.3834931e-01 2.1132030e-01 0.0000000e+00 
4.2324290e-01 2.0628519e-01 0.0000000e+00 
5.7600939e-01 2.6372889e-01 0.0000000e+00 
4.6461701e-01 3.7602729e-01 0.0000000e+00 
4.4586849e-01 3.4520641e-01 0.0000000e+00 
1.8224460e+00 4.8960349e-01 0.0000000e+00 
4.3567330e-01 1.9562960e-01 0.0000000e+00 
5.9315038e-01 1.5660501e-01 0.0000000e+00 
4.5945361e-01 1.9019520e-01 0.0000000e+00 
6.2804931e-01 2.1075760e-01 0.0000000e+00 
4.4690049e-01 3.7500271e-01 0.0000000e+00 
4.3590689e-01 2.6693821e-01 0.0000000e+00 
4.5538360e-01 2.4537770e-01 0.0000000e+00 
5.3253782e-01 3.6093631e-01 0.0000000e+00 
5.0687999e-01 3.7203360e-01 0.0000000e+00 
5.5479759e-01 3.4289679e-01 0.0000000e+00 
4.7859880e-01 2.3292100e-01 0.0000000e+00 
5.6951690e-01 2.9091081e-01 0.0000000e+00 
4.3251589e-01 3.2153201e-01 0.0000000e+00 
2.5864059e-01 4.9322551e-01 0.0000000e+00 
2.8119770e-01 4.6436489e-01 0.0000000e+00 
2.9712620e-01 4.9769270e-01 0.0000000e+00 
5.0679362e-01 2.2942559e-01 0.0000000e+00 
5.1640040e-01 2.1935740e-01 0.0000000e+00 
6.5671778e-01 2.8741741e-01 0.0000000e+00 
6.4681822e-01 2.6546481e-01 0.0000000e+00 
2.6161829e-01 1.0442510e-01 0.0000000e+00 
2.9914159e-01 1.2133270e-01 0.0000000e+00 
5.3835911e-01 2.0090669e-01 0.0000000e+00 
4.1076070e-01 4.0288219e-01 0.0000000e+00 
4.2847160e-01 2.9058349e-01 0.0000000e+00 
5.8385968e-01 4.0419951e-01 0.0000000e+00 
4.6758640e-01 2.2237021e-01 0.0000000e+00 
1.7680900e+00 1.1666990e-01 0.0000000e+00 
4.6705061e-01 3.6164391e-01 0.0000000e+00 
4.2953780e-01 5.2015013e-01 0.0000000e+00 
3.4222049e-01 3.0633521e-01 0.0000000e+00 
3.3303869e-01 2.8045291e-01 0.0000000e+00 
5.3547281e-01 4.9663380e-01 0.0000000e+00 
5.6233060e-01 5.0093198e-01 0.0000000e+00 
3.5305610e-01 3.5562491e-01 0.0000000e+00 
3.6326250e-01 3.7681499e-01 0.0000000e+00 
5.8255208e-01 1.8968870e-01 0.0000000e+00 
5.6585908e-01 6.7596443e-02 0.0000000e+00 
3.1423870e-01 5.6071562e-01 0.0000000e+00 
3.6825681e-01 5.5769640e-01 0.0000000e+00 
1.6511329e+00 1.0926090e-01 0.0000000e+00 
1.6192470e+00 1.5863900e-01 0.0000000e+00 
3.1425080e-01 3.9930049e-02 0.0000000e+00 
3.1129351e-01 1.6085930e-01 0.0000000e+00 
3.3299991e-01 1.3328290e-01 0.0000000e+00 
3.3072019e-01 1.0009960e-01 0.0000000e+00 
2.7850899e-01 1.8997809e-01 0.0000000e+00 
3.6250210e-01 1.1719080e-01 0.0000000e+00 
3.6242679e-01 7.9823360e-02 0.0000000e+00 
3.9215559e-01 9.3917303e-02 0.0000000e+00 
6.7704421e-01 3.9422091e-02 0.0000000e+00 
6.9158012e-01 7.9496212e-02 0.0000000e+00 
7.2696608e-01 4.4044841e-02 0.0000000e+00 
7.3696113e-01 9.5335990e-02 0.0000000e+00 
7.9171729e-01 1.0606610e-01 0.0000000e+00 
7.5707722e-01 1.3865989e-01 0.0000000e+00 
8.0465728e-01 1.5881000e-01 0.0000000e+00 
8.4009641e-01 1.2030350e-01 0.0000000e+00 
8.5441029e-01 1.6780110e-01 0.0000000e+00 
8.9020813e-01 1.3047090e-01 0.0000000e+00 
8.7580758e-01 8.5384279e-02 0.0000000e+00 
6.3392729e-01 5.6027758e-01 0.0000000e+00 
6.5490252e-01 5.2222651e-01 0.0000000e+00 
6.9785458e-01 5.2009457e-01 0.0000000e+00 
6.6947389e-01 4.8214740e-01 0.0000000e+00 
7.1400052e-01 4.7928271e-01 0.0000000e+00 
7.3890662e-01 5.1415598e-01 0.0000000e+00 
7.5538421e-01 4.7427329e-01 0.0000000e+00 
7.3060858e-01 4.4053549e-01 0.0000000e+00 
7.7131832e-01 4.3481070e-01 0.0000000e+00 
7.4432129e-01 4.0371630e-01 0.0000000e+00 
7.9942912e-01 4.6868020e-01 0.0000000e+00 
8.1664360e-01 4.2528069e-01 0.0000000e+00 
8.4675127e-01 4.6303490e-01 0.0000000e+00 
7.0795268e-01 4.1132101e-01 0.0000000e+00 
8.6556101e-01 4.1526449e-01 0.0000000e+00 
9.0177119e-01 4.5578691e-01 0.0000000e+00 
6.1436248e-01 5.2457899e-01 0.0000000e+00 
5.9010911e-01 5.6233871e-01 0.0000000e+00 
6.8740159e-01 4.4485721e-01 0.0000000e+00 
6.3075930e-01 4.9217081e-01 0.0000000e+00 
8.2390177e-01 3.7696400e-01 0.0000000e+00 
6.5760958e-01 4.5251140e-01 0.0000000e+00 
8.8201141e-01 3.6469159e-01 0.0000000e+00 
7.1646827e-01 3.7200019e-01 0.0000000e+00 
7.5293612e-01 3.6630341e-01 0.0000000e+00 
7.3172802e-01 3.4158540e-01 0.0000000e+00 
4.3641081e-01 3.8625911e-01 0.0000000e+00 
3.3307719e-01 5.1888418e-01 0.0000000e+00 
3.7808201e-01 5.1874483e-01 0.0000000e+00 
4.1757399e-01 3.4319299e-01 0.0000000e+00 
4.0734050e-01 3.1263331e-01 0.0000000e+00 
4.8661929e-01 4.2812102e-02 0.0000000e+00 
7.2056448e-01 1.3380709e-01 0.0000000e+00 
7.2885102e-01 1.7120270e-01 0.0000000e+00 
7.6764971e-01 1.8236589e-01 0.0000000e+00 
7.3844647e-01 2.0840840e-01 0.0000000e+00 
3.2383901e-01 4.7502699e-01 0.0000000e+00 
2.0299730e-01 4.5617640e-02 0.0000000e+00 
5.8970161e-02 3.3410329e-01 0.0000000e+00 
2.0689000e-01 5.5709481e-01 0.0000000e+00 
4.1305149e-01 2.8573561e-01 0.0000000e+00 
7.8471351e-01 5.4944623e-01 0.0000000e+00 
5.7445318e-01 2.4704580e-01 0.0000000e+00 
4.8197981e-02 2.0613991e-01 0.0000000e+00 
2.9774281e-01 8.0907270e-02 0.0000000e+00 
5.0055778e-01 5.6669247e-01 0.0000000e+00 
5.6139982e-01 2.6632291e-01 0.0000000e+00 
1.6788280e+00 5.7307512e-02 0.0000000e+00 
5.1920211e-01 3.7999329e-01 0.0000000e+00 
5.3287011e-01 2.3837809e-01 0.0000000e+00 
4.9314889e-01 3.6956069e-01 0.0000000e+00 
5.4427528e-01 3.7591609e-01 0.0000000e+00 
7.8244883e-01 3.9527819e-01 0.0000000e+00 
3.6446571e-01 4.0250320e-02 0.0000000e+00 
4.4162789e-01 3.5938531e-01 0.0000000e+00 
6.3632941e-01 2.8842619e-01 0.0000000e+00 
4.9067271e-01 2.1312010e-01 0.0000000e+00 
9.0754151e-01 5.5067050e-01 0.0000000e+00 
9.6624529e-01 5.4957891e-01 0.0000000e+00 
9.9525559e-01 4.9868581e-01 0.0000000e+00 
1.0540251e+00 4.9801311e-01 0.0000000e+00 
1.0243800e+00 4.4818369e-01 0.0000000e+00 
1.0813180e+00 4.4429299e-01 0.0000000e+00 
9.6050638e-01 4.4521841e-01 0.0000000e+00 
9.9237692e-01 4.0150511e-01 0.0000000e+00 
9.3534291e-01 5.0050128e-01 0.0000000e+00 
1.1123620e+00 4.9683940e-01 0.0000000e+00 
1.1383430e+00 4.4216970e-01 0.0000000e+00 
5.4218680e-01 5.2327639e-01 0.0000000e+00 
4.9454380e-02 4.5007420e-01 0.0000000e+00 
1.0217610e-01 4.7936839e-01 0.0000000e+00 
2.2542991e-01 2.8165141e-01 0.0000000e+00 
3.9299640e-01 1.2565491e-01 0.0000000e+00 
4.2287391e-01 1.0849530e-01 0.0000000e+00 
4.1702661e-01 7.4225321e-02 0.0000000e+00 
4.2317891e-01 4.9126241e-01 0.0000000e+00 
3.6435950e-01 3.1840631e-01 0.0000000e+00 
5.9271669e-01 4.9394491e-01 0.0000000e+00 
4.5279789e-01 2.1705380e-01 0.0000000e+00 
1.1707489e+00 4.9572700e-01 0.0000000e+00 
1.1967220e+00 4.4262701e-01 0.0000000e+00 
1.2286400e+00 4.9457431e-01 0.0000000e+00 
1.2569320e+00 4.4329810e-01 0.0000000e+00 
1.2887410e+00 4.9415389e-01 0.0000000e+00 
4.9704749e-02 9.0376601e-02 0.0000000e+00 
1.1661880e+00 3.8667339e-01 0.0000000e+00 
1.0448740e+00 3.9727730e-01 0.0000000e+00 
1.3219531e+00 5.4748261e-01 0.0000000e+00 
1.3566051e+00 4.9475339e-01 0.0000000e+00 
1.4128619e+00 5.0170678e-01 0.0000000e+00 
1.3878731e+00 4.4357020e-01 0.0000000e+00 
2.6875430e-01 4.3074101e-01 0.0000000e+00 
4.1746351e-01 3.0108821e-01 0.0000000e+00 
4.7450441e-01 4.2571831e-01 0.0000000e+00 
4.0593800e-01 2.0075510e-01 0.0000000e+00 
4.4167551e-01 4.0079829e-01 0.0000000e+00 
1.9512080e+00 4.5117629e-01 0.0000000e+00 
1.0262311e+00 5.1109631e-02 0.0000000e+00 
9.9738371e-01 1.0181700e-01 0.0000000e+00 
1.0553030e+00 1.0176790e-01 0.0000000e+00 
1.0273110e+00 1.4739220e-01 0.0000000e+00 
1.0855290e+00 1.4977370e-01 0.0000000e+00 
9.7062862e-01 1.4721170e-01 0.0000000e+00 
9.3508059e-01 1.0148260e-01 0.0000000e+00 
1.1133560e+00 1.0215650e-01 0.0000000e+00 
1.1446090e+00 1.4514109e-01 0.0000000e+00 
1.1160710e+00 1.9391710e-01 0.0000000e+00 
1.2018321e+00 5.4771107e-01 0.0000000e+00 
1.9480680e+00 2.1005040e-01 0.0000000e+00 
1.0842860e+00 5.4868227e-01 0.0000000e+00 
1.9480680e+00 3.2994959e-01 0.0000000e+00 
1.5904510e+00 1.0452840e-01 0.0000000e+00 
1.5598950e+00 1.5443350e-01 0.0000000e+00 
1.5304790e+00 1.0186320e-01 0.0000000e+00 
1.5007280e+00 1.5119410e-01 0.0000000e+00 
1.5273950e+00 2.0345390e-01 0.0000000e+00 
1.4685169e+00 1.9967620e-01 0.0000000e+00 
1.4425830e+00 1.4740349e-01 0.0000000e+00 
1.4098901e+00 1.9577309e-01 0.0000000e+00 
1.3839140e+00 1.4338671e-01 0.0000000e+00 
1.3511680e+00 1.9153769e-01 0.0000000e+00 
1.3252350e+00 1.3926670e-01 0.0000000e+00 
1.2926320e+00 1.8772170e-01 0.0000000e+00 
1.2666039e+00 1.3634580e-01 0.0000000e+00 
1.2355460e+00 1.8558609e-01 0.0000000e+00 
1.2059170e+00 1.3905290e-01 0.0000000e+00 
1.2347410e+00 9.3928657e-02 0.0000000e+00 
1.3187660e+00 2.4091680e-01 0.0000000e+00 
1.4945120e+00 2.5244480e-01 0.0000000e+00 
1.5862570e+00 2.0772290e-01 0.0000000e+00 
5.5948251e-01 2.4233980e-01 0.0000000e+00 
1.5573130e+00 5.4926682e-01 0.0000000e+00 
1.5215520e+00 5.0207931e-01 0.0000000e+00 
1.5906490e+00 4.9784341e-01 0.0000000e+00 
1.3832541e+00 4.9608339e-02 0.0000000e+00 
1.5002331e+00 5.0511628e-02 0.0000000e+00 
1.7345819e+00 5.5134553e-01 0.0000000e+00 
1.6170100e+00 5.5189037e-01 0.0000000e+00 
1.6308481e+00 4.1378099e-01 0.0000000e+00 
1.7733830e+00 4.6653220e-01 0.0000000e+00 
1.8566350e+00 5.4165798e-01 0.0000000e+00 
1.5124860e+00 4.0674630e-01 0.0000000e+00 
1.4853560e+00 4.5626420e-01 0.0000000e+00 
1.6452560e+00 2.1187560e-01 0.0000000e+00 
1.7967290e+00 1.6947480e-01 0.0000000e+00 
1.8955210e+00 4.8443690e-01 0.0000000e+00 
2.4952111e-01 3.7534630e-01 0.0000000e+00 
2.4015559e-01 3.3920720e-01 0.0000000e+00 
1.6122910e+00 2.6095319e-01 0.0000000e+00 
1.8537400e+00 5.5921540e-02 0.0000000e+00 
1.8819669e+00 1.0242500e-01 0.0000000e+00 
9.5119797e-02 1.2153590e-01 0.0000000e+00 
1.0847340e+00 5.0935078e-02 0.0000000e+00 
1.7562060e+00 3.2229191e-01 0.0000000e+00 
1.4358770e+00 2.4863569e-01 0.0000000e+00 
4.3159389e-01 2.5088599e-01 0.0000000e+00 
4.7994119e-01 3.8120639e-01 0.0000000e+00 
1.8123610e+00 3.2570100e-01 0.0000000e+00 
6.1470199e-01 2.3820160e-01 0.0000000e+00 
6.2837660e-01 2.5279269e-01 0.0000000e+00 
5.6644672e-01 3.2120070e-01 0.0000000e+00 
4.0343639e-01 3.8359720e-01 0.0000000e+00 
1.2608960e+00 2.3755901e-01 0.0000000e+00 
9.7383392e-01 2.2759880e-01 0.0000000e+00 
1.8966711e+00 3.6694610e-01 0.0000000e+00 
1.2852859e+00 3.9278471e-01 0.0000000e+00 
4.4754091e-01 4.1694289e-01 0.0000000e+00 
5.1814729e-01 1.1434720e-01 0.0000000e+00 
9.8089732e-02 2.9848260e-01 0.0000000e+00 
8.7650722e-01 5.0584209e-01 0.0000000e+00 
7.2722268e-01 5.5884892e-01 0.0000000e+00 
9.1900879e-01 4.0950510e-01 0.0000000e+00 
6.0669678e-01 3.3687809e-01 0.0000000e+00 
9.2257088e-01 2.2499460e-01 0.0000000e+00 
1.8270659e+00 1.1701130e-01 0.0000000e+00 
3.9101499e-01 2.5043941e-01 0.0000000e+00 
3.0026230e-01 2.1632680e-01 0.0000000e+00 
5.8418620e-01 3.3934349e-01 0.0000000e+00 
1.5593460e+00 5.1838879e-02 0.0000000e+00 
4.5547140e-01 5.6772357e-01 0.0000000e+00 
9.7268373e-02 1.8144910e-01 0.0000000e+00 
9.3618453e-02 5.9398320e-02 0.0000000e+00 
9.5946752e-02 4.1991970e-01 0.0000000e+00 
1.5493150e-01 4.8253620e-01 0.0000000e+00 
5.3141659e-01 2.2366489e-01 0.0000000e+00 
4.6951711e-01 1.7694290e-01 0.0000000e+00 
1.3219830e+00 4.4809279e-01 0.0000000e+00 
6.1860532e-01 2.8225860e-01 0.0000000e+00 
9.2647932e-02 5.4469162e-01 0.0000000e+00 
3.6105269e-01 4.8700431e-01 0.0000000e+00 
1.4393450e+00 5.5213040e-01 0.0000000e+00 
1.9442101e+00 9.5342271e-02 0.0000000e+00 
9.0059137e-01 1.7995150e-01 0.0000000e+00 
8.2735151e-01 2.0720319e-01 0.0000000e+00 
6.6251612e-01 1.0677520e-01 0.0000000e+00 
6.7604911e-01 4.1622579e-01 0.0000000e+00 
6.8501538e-01 3.8669550e-01 0.0000000e+00 
3.6920869e-01 2.9070961e-01 0.0000000e+00 
4.5409241e-01 2.3146330e-01 0.0000000e+00 
6.1867392e-01 3.1358370e-01 0.0000000e+00 
1.9131620e+00 5.4997718e-01 0.0000000e+00 
4.2027211e-01 1.8849210e-01 0.0000000e+00 
1.9003210e+00 2.9999799e-01 0.0000000e+00 
5.5434358e-01 1.3134070e-01 0.0000000e+00 
1.4729370e+00 1.0059040e-01 0.0000000e+00 
4.4868380e-01 4.7589070e-01 0.0000000e+00 
1.7371070e+00 5.7924490e-02 0.0000000e+00 
1.6196249e-01 1.9384970e-01 0.0000000e+00 
2.7876011e-01 3.4925121e-01 0.0000000e+00 
5.6304562e-01 4.5950639e-01 0.0000000e+00 
6.0384172e-01 3.5119170e-01 0.0000000e+00 
5.7530987e-01 5.2873927e-01 0.0000000e+00 
1.3667960e-01 3.8707560e-01 0.0000000e+00 
4.9747679e-01 1.2821840e-01 0.0000000e+00 
1.1983300e+00 4.8251878e-02 0.0000000e+00 
7.5970978e-01 3.2726541e-01 0.0000000e+00 
8.1999791e-01 5.1075947e-01 0.0000000e+00 
1.3957340e+00 3.8871399e-01 0.0000000e+00 
3.8881221e-01 2.3447470e-01 0.0000000e+00 
5.2596432e-01 2.0954940e-01 0.0000000e+00 
1.4149910e+00 9.8922051e-02 0.0000000e+00 
3.1656411e-01 1.9587231e-01 0.0000000e+00 
4.3203679e-01 3.4525600e-01 0.0000000e+00 
5.0832897e-01 3.8785461e-01 0.0000000e+00 
5.0716370e-01 4.6868089e-01 0.0000000e+00 
7.2506380e-01 3.1459489e-01 0.0000000e+00 
5.7067949e-01 1.5282580e-01 0.0000000e+00 
6.7973870e-01 1.6684531e-01 0.0000000e+00 
5.3255141e-01 1.4827640e-01 0.0000000e+00 
5.8382958e-01 2.0679601e-01 0.0000000e+00 
3.6833951e-01 3.3595169e-01 0.0000000e+00 
6.6081917e-01 3.9089271e-01 0.0000000e+00 
3.5859609e-01 1.6498099e-01 0.0000000e+00 
5.4474670e-01 2.4635740e-01 0.0000000e+00 
8.5039961e-01 4.4130251e-02 0.0000000e+00 
7.0378470e-01 2.1493910e-01 0.0000000e+00 
3.8111559e-01 3.6489099e-01 0.0000000e+00 
3.8378549e-01 3.8103321e-01 0.0000000e+00 
1.1733290e+00 9.6517898e-02 0.0000000e+00 
6.1236829e-01 3.6486840e-01 0.0000000e+00 
4.2817801e-01 4.6774849e-01 0.0000000e+00 
3.9298210e-01 4.8933309e-01 0.0000000e+00 
5.1858139e-01 5.3958851e-01 0.0000000e+00 
1.1778920e+00 1.8819040e-01 0.0000000e+00 
6.3357651e-01 4.2729640e-01 0.0000000e+00 
2.1912169e-01 8.9860998e-02 0.0000000e+00 
4.4828820e-01 3.3391532e-02 0.0000000e+00 
7.1727687e-01 2.3730519e-01 0.0000000e+00 
9.8337471e-02 2.5592181e-01 0.0000000e+00 
4.8688981e-01 5.3696889e-01 0.0000000e+00 
9.1024607e-01 4.6742149e-02 0.0000000e+00 
4.2072469e-01 3.1704551e-01 0.0000000e+00 
2.5881660e-01 2.8481191e-01 0.0000000e+00 
1.3556740e+00 9.6588373e-02 0.0000000e+00 
3.8170820e-01 4.6353251e-01 0.0000000e+00 
6.1133659e-01 4.6789679e-01 0.0000000e+00 
4.4266859e-01 2.4074350e-01 0.0000000e+00 
1.4653840e+00 5.0395852e-01 0.0000000e+00 
1.1433500e+00 2.3560201e-01 0.0000000e+00 
5.5341142e-01 3.6430839e-01 0.0000000e+00 
5.7990170e-01 2.7820900e-01 0.0000000e+00 
4.4887719e-01 2.0151231e-01 0.0000000e+00 
4.6245420e-01 4.1756010e-01 0.0000000e+00 
4.1210291e-01 2.1662711e-01 0.0000000e+00 
5.1736373e-01 5.6347691e-02 0.0000000e+00 
7.0604849e-01 3.3807889e-01 0.0000000e+00 
4.3653390e-01 1.2656429e-01 0.0000000e+00 
4.2773649e-01 3.9727569e-01 0.0000000e+00 
4.2305809e-01 2.7508900e-01 0.0000000e+00 
1.9111360e+00 1.7995431e-01 0.0000000e+00 
1.2975690e+00 9.4644032e-02 0.0000000e+00 
7.4613649e-01 2.3963641e-01 0.0000000e+00 
2.9362991e-01 4.1433749e-01 0.0000000e+00 
5.8357382e-01 3.0761179e-01 0.0000000e+00 
5.3191912e-01 3.7253350e-01 0.0000000e+00 
4.4445190e-01 8.4593862e-02 0.0000000e+00 
1.5468830e+00 4.5422599e-01 0.0000000e+00 
6.2926418e-01 2.7103639e-01 0.0000000e+00 
3.5220909e-01 2.8729489e-01 0.0000000e+00 
8.3805579e-01 3.3710629e-01 0.0000000e+00 
5.2616048e-01 4.0003020e-01 0.0000000e+00 
1.8064611e-01 5.2023911e-01 0.0000000e+00 
4.2505819e-01 3.3176431e-01 0.0000000e+00 
7.7968621e-01 5.0346297e-01 0.0000000e+00 
1.2679260e+00 4.6381779e-02 0.0000000e+00 
5.8107018e-01 2.9473820e-01 0.0000000e+00 
6.1925322e-01 3.3036381e-01 0.0000000e+00 
5.6537521e-01 2.5524691e-01 0.0000000e+00 
3.8967860e-01 6.5405212e-02 0.0000000e+00 
1.0865080e+00 2.3449360e-01 0.0000000e+00 
1.4042149e-01 9.9993236e-02 0.0000000e+00 
1.0030100e+00 3.5783571e-01 0.0000000e+00 
3.6067769e-01 3.0184039e-01 0.0000000e+00 
5.7885981e-01 3.8880101e-01 0.0000000e+00 
1.5990330e+00 4.4926330e-01 0.0000000e+00 
9.1439813e-02 3.7532219e-01 0.0000000e+00 
5.7995051e-01 1.7130360e-01 0.0000000e+00 
6.1258352e-01 2.5273019e-01 0.0000000e+00 
4.0172791e-01 2.2754180e-01 0.0000000e+00 
5.4750210e-01 9.9742994e-02 0.0000000e+00 
6.1311978e-01 2.0313910e-01 0.0000000e+00 
6.1223829e-01 2.2002740e-01 0.0000000e+00 
1.8586820e+00 3.2957241e-01 0.0000000e+00 
5.8738971e-01 3.7580970e-01 0.0000000e+00 
4.5219980e-02 4.4195049e-02 0.0000000e+00 
4.8124549e-01 2.2123460e-01 0.0000000e+00 
4.3828961e-02 5.5591398e-01 0.0000000e+00 
1.0568640e+00 1.9004630e-01 0.0000000e+00 
3.3193341e-01 4.4711831e-01 0.0000000e+00 
3.0378929e-01 4.4286191e-01 0.0000000e+00 
5.3415012e-01 1.2728420e-01 0.0000000e+00 
5.0386423e-01 2.1636350e-01 0.0000000e+00 
1.9116580e+00 4.2358989e-01 0.0000000e+00 
4.5517069e-01 3.6521810e-01 0.0000000e+00 
3.6732909e-01 3.6239621e-01 0.0000000e+00 
6.3041377e-01 3.0585691e-01 0.0000000e+00 
1.9569679e+00 4.3301821e-02 0.0000000e+00 
5.7146299e-01 4.8058590e-01 0.0000000e+00 
1.6484860e+00 5.1718348e-01 0.0000000e+00 
9.4670999e-01 1.8556410e-01 0.0000000e+00 
6.3752991e-01 4.6584189e-01 0.0000000e+00 
1.9572541e+00 5.5697870e-01 0.0000000e+00 
6.4813697e-01 2.4830820e-01 0.0000000e+00 
6.0179752e-01 3.7555191e-01 0.0000000e+00 
1.4364240e+00 4.6111640e-01 0.0000000e+00 
5.6217611e-01 3.5223660e-01 0.0000000e+00 
6.6050959e-01 4.3027630e-01 0.0000000e+00 
4.0468970e-01 5.1149738e-01 0.0000000e+00 
5.1506358e-01 2.0555650e-01 0.0000000e+00 
4.3334481e-01 1.8108650e-01 0.0000000e+00 
9.9962813e-01 1.8700930e-01 0.0000000e+00 
6.9131333e-01 1.1763480e-01 0.0000000e+00 
4.4599831e-01 1.8538959e-01 0.0000000e+00 
5.1551181e-01 4.8891029e-01 0.0000000e+00 
4.3754059e-01 5.8743980e-02 0.0000000e+00 
5.9589100e-01 3.4163511e-01 0.0000000e+00 
2.3624770e-01 5.2814358e-01 0.0000000e+00 
6.6953379e-01 3.7169310e-01 0.0000000e+00 
3.6865169e-01 3.9570969e-01 0.0000000e+00 
5.9758049e-01 1.9620110e-01 0.0000000e+00 
1.3329040e-01 5.1544452e-01 0.0000000e+00 
1.0515270e+00 3.5504949e-01 0.0000000e+00 
3.3392131e-01 6.8202123e-02 0.0000000e+00 
1.7869949e-01 8.1389397e-02 0.0000000e+00 
9.2706198e-01 1.4882250e-01 0.0000000e+00 
1.7000279e+00 5.1305068e-01 0.0000000e+00 
3.4774879e-01 2.6959679e-01 0.0000000e+00 
5.7002652e-01 3.3917850e-01 0.0000000e+00 
4.5571360e-01 1.7617980e-01 0.0000000e+00 
8.2389021e-01 8.1237279e-02 0.0000000e+00 
5.6977302e-01 4.0162051e-01 0.0000000e+00 
5.7622939e-01 9.1579817e-02 0.0000000e+00 
7.9520959e-01 1.9354109e-01 0.0000000e+00 
7.1731091e-01 1.9555099e-01 0.0000000e+00 
9.5533073e-01 4.0679529e-01 0.0000000e+00 
5.1722008e-01 4.1250920e-01 0.0000000e+00 
4.3116611e-01 5.4470932e-01 0.0000000e+00 
6.9998658e-01 1.5358570e-01 0.0000000e+00 
3.7607810e-01 2.2627370e-01 0.0000000e+00 
5.1978278e-01 3.9113960e-01 0.0000000e+00 
5.3689402e-01 2.1312129e-01 0.0000000e+00 
9.0401761e-02 2.1924180e-01 0.0000000e+00 
7.8513551e-01 3.6338761e-01 0.0000000e+00 
2.8628290e-01 5.2971011e-01 0.0000000e+00 
1.9101239e+00 1.3962340e-01 0.0000000e+00 
3.3938929e-01 1.5675519e-01 0.0000000e+00 
3.5365051e-01 1.4366330e-01 0.0000000e+00 
5.9640652e-01 1.7787141e-01 0.0000000e+00 
2.3996450e-01 3.0955619e-01 0.0000000e+00 
4.0130991e-01 5.3756779e-01 0.0000000e+00 
2.6203820e-01 3.9843059e-01 0.0000000e+00 
1.7610559e+00 5.1254529e-01 0.0000000e+00 
5.3923780e-01 6.9367118e-02 0.0000000e+00 
6.6389477e-01 2.7387929e-01 0.0000000e+00 
5.6400359e-01 1.6758190e-01 0.0000000e+00 
6.3302028e-01 3.3655259e-01 0.0000000e+00 
5.4254562e-01 3.6452681e-01 0.0000000e+00 
5.1293671e-01 2.8587131e-02 0.0000000e+00 
5.1246679e-01 1.8971939e-01 0.0000000e+00 

CELLS 1766 7064
3 0 870 123
3 1 882 70
3 2 887 79
3 3 872 114
3 4 193 35
3 4 516 193
3 5 516 4
3 6 184 5
3 6 612 184
3 7 612 6
3 8 183 7
3 8 799 183
3 9 799 8
3 10 615 9
3 11 335 10
3 11 521 335
3 12 521 11
3 13 311 12
3 13 515 311
3 14 515 13
3 15 312 14
3 15 511 312
3 16 511 15
3 17 308 16
3 17 510 308
3 18 510 17
3 19 301 18
3 19 529 301
3 20 529 19
3 21 124 20
3 21 517 124
3 22 517 21
3 23 277 22
3 23 503 277
3 24 503 23
3 25 266 24
3 25 533 266
3 26 533 25
3 27 269 26
3 27 616 269
3 28 616 27
3 29 513 28
3 30 241 29
3 30 512 241
3 31 512 30
3 32 214 31
3 32 514 214
3 33 514 32
3 34 215 33
3 34 726 215
3 35 726 34
3 36 870 0
3 37 747 36
3 38 155 37
3 38 603 155
3 39 603 38
3 40 130 39
3 40 547 130
3 41 547 40
3 41 619 547
3 42 619 41
3 43 142 42
3 43 812 142
3 44 812 43
3 44 943 597
3 45 943 44
3 46 145 45
3 46 159 145
3 47 159 46
3 48 140 47
3 48 555 140
3 49 555 48
3 49 557 555
3 50 557 49
3 51 126 50
3 51 800 126
3 52 800 51
3 52 816 800
3 53 816 52
3 54 131 53
3 54 663 131
3 55 663 54
3 55 718 663
3 56 718 55
3 57 127 56
3 57 780 127
3 58 780 57
3 58 850 780
3 59 850 58
3 60 148 59
3 60 700 148
3 61 700 60
3 62 128 61
3 62 701 128
3 63 701 62
3 63 744 701
3 64 744 63
3 65 136 64
3 65 613 136
3 66 613 65
3 66 772 613
3 67 772 66
3 68 144 67
3 68 715 144
3 69 715 68
3 70 157 69
3 70 882 157
3 71 882 1
3 72 757 71
3 73 154 72
3 73 674 154
3 74 674 73
3 75 139 74
3 75 676 139
3 76 676 75
3 77 147 76
3 77 662 147
3 78 662 77
3 79 156 78
3 79 887 156
3 80 887 2
3 81 766 80
3 82 706 81
3 83 151 82
3 83 702 151
3 84 702 83
3 85 129 84
3 85 703 129
3 86 703 85
3 87 697 86
3 88 137 87
3 88 756 137
3 89 756 88
3 90 149 89
3 90 653 149
3 91 653 90
3 92 134 91
3 92 673 134
3 93 673 92
3 94 150 93
3 94 675 150
3 95 675 94
3 96 135 95
3 96 624 135
3 97 624 96
3 98 623 97
3 99 125 98
3 99 607 125
3 100 607 99
3 100 736 607
3 101 736 100
3 102 138 101
3 102 566 138
3 103 566 102
3 103 583 566
3 104 583 103
3 105 143 104
3 105 611 143
3 106 611 105
3 106 745 611
3 107 745 106
3 108 141 107
3 108 544 141
3 109 544 108
3 110 543 109
3 111 132 110
3 111 605 132
3 112 605 111
3 113 153 112
3 113 754 153
3 114 754 113
3 114 872 754
3 115 872 3
3 116 158 115
3 116 635 158
3 117 635 116
3 118 146 117
3 118 604 146
3 119 604 118
3 120 133 119
3 120 609 133
3 121 609 120
3 122 152 121
3 122 650 152
3 123 650 122
3 123 870 650
3 124 529 20
3 124 658 529
3 124 817 658
3 125 623 98
3 125 735 623
3 125 782 735
3 126 557 50
3 126 558 557
3 126 559 558
3 126 915 559
3 127 718 56
3 127 804 670
3 128 700 61
3 128 786 700
3 129 702 84
3 129 911 702
3 130 603 39
3 130 610 525
3 130 811 603
3 131 816 53
3 132 543 110
3 132 929 543
3 133 604 119
3 133 734 604
3 133 814 734
3 133 927 814
3 134 653 91
3 134 673 647
3 135 675 95
3 136 613 545
3 136 744 64
3 137 697 87
3 137 698 697
3 137 823 698
3 138 736 101
3 139 674 74
3 139 768 454
3 140 159 47
3 140 160 159
3 140 161 160
3 140 555 161
3 141 745 107
3 141 922 745
3 141 935 922
3 142 619 42
3 142 854 619
3 142 900 640
3 143 583 104
3 143 777 583
3 143 808 634
3 144 740 532
3 144 772 67
3 145 938 830
3 145 943 45
3 146 635 117
3 146 748 635
3 146 861 748
3 147 676 76
3 147 730 676
3 147 878 730
3 148 850 59
3 149 756 89
3 150 673 93
3 150 675 632
3 151 706 82
3 151 937 504
3 152 609 121
3 152 746 609
3 153 605 112
3 153 847 605
3 153 906 847
3 154 757 72
3 154 930 757
3 155 747 37
3 155 856 747
3 155 909 856
3 156 662 78
3 156 711 662
3 156 766 711
3 156 887 766
3 157 715 69
3 157 716 715
3 157 757 716
3 157 882 757
3 158 872 115
3 159 542 145
3 160 542 159
3 160 917 542
3 161 162 160
3 161 760 162
3 162 163 160
3 162 164 163
3 162 165 164
3 162 760 165
3 163 917 160
3 164 187 163
3 164 506 187
3 165 166 164
3 165 167 166
3 165 253 167
3 165 760 253
3 166 506 164
3 166 933 506
3 167 168 166
3 167 169 168
3 167 793 169
3 168 227 166
3 168 866 227
3 169 170 168
3 169 171 170
3 169 188 171
3 169 793 188
3 170 508 168
3 171 172 170
3 171 173 172
3 171 801 173
3 172 244 170
3 172 888 244
3 173 174 172
3 173 175 174
3 173 813 175
3 174 888 172
3 174 939 524
3 175 176 174
3 175 177 176
3 175 178 177
3 175 813 178
3 176 939 174
3 177 180 176
3 177 791 180
3 178 179 177
3 178 181 179
3 178 837 181
3 179 791 177
3 180 191 176
3 180 192 191
3 180 831 192
3 181 182 179
3 181 185 182
3 181 245 185
3 181 837 245
3 182 781 179
3 183 612 7
3 183 799 696
3 183 853 612
3 184 516 5
3 184 612 501
3 184 826 516
3 185 186 182
3 185 189 186
3 185 759 189
3 186 222 182
3 186 845 222
3 187 361 163
3 187 769 361
3 187 792 769
3 188 801 171
3 188 919 801
3 188 923 599
3 189 190 186
3 189 194 190
3 189 243 194
3 189 759 243
3 190 845 186
3 191 523 176
3 192 201 191
3 192 202 201
3 192 203 202
3 192 831 203
3 193 726 35
3 193 839 456
3 193 851 839
3 194 195 190
3 194 196 195
3 194 739 196
3 195 588 190
3 196 197 195
3 196 198 197
3 196 729 198
3 196 739 729
3 197 242 195
3 197 857 242
3 198 199 197
3 198 200 199
3 198 259 200
3 198 729 259
3 199 857 197
3 199 907 857
3 200 216 199
3 200 217 216
3 200 855 217
3 201 232 191
3 201 460 232
3 201 941 460
3 202 204 201
3 202 205 204
3 202 903 205
3 203 831 589
3 203 903 202
3 204 941 201
3 205 206 204
3 205 207 206
3 205 797 207
3 205 903 797
3 206 341 204
3 206 805 341
3 207 208 206
3 207 209 208
3 207 211 209
3 207 797 211
3 208 805 206
3 208 889 805
3 209 210 208
3 209 212 210
3 209 810 212
3 210 344 208
3 210 530 344
3 211 797 761
3 211 810 209
3 211 892 810
3 212 213 210
3 212 220 213
3 212 257 220
3 212 810 257
3 213 530 210
3 214 512 31
3 214 891 825
3 214 942 512
3 215 514 33
3 215 913 514
3 216 907 199
3 217 218 216
3 217 219 218
3 217 824 219
3 217 855 824
3 218 345 216
3 218 651 345
3 219 223 218
3 219 224 223
3 219 258 224
3 219 824 258
3 220 221 213
3 220 254 221
3 220 821 254
3 221 239 213
3 221 240 239
3 221 775 240
3 222 781 182
3 222 845 586
3 222 928 781
3 223 651 218
3 224 225 223
3 224 226 225
3 224 728 226
3 225 352 223
3 225 731 352
3 226 228 225
3 226 229 228
3 226 693 229
3 226 728 693
3 227 933 166
3 228 731 225
3 229 230 228
3 229 231 230
3 229 256 231
3 229 693 256
3 230 356 228
3 230 783 356
3 231 233 230
3 231 234 233
3 231 720 234
3 232 523 191
3 232 621 523
3 232 881 621
3 233 783 230
3 234 235 233
3 234 236 235
3 234 694 236
3 234 720 694
3 235 366 233
3 235 707 366
3 236 237 235
3 236 238 237
3 236 252 238
3 236 694 252
3 237 707 235
3 238 246 237
3 238 247 246
3 238 714 247
3 239 530 213
3 239 916 530
3 240 260 239
3 240 261 260
3 240 262 261
3 240 775 262
3 241 513 29
3 241 614 513
3 241 840 614
3 242 588 195
3 242 737 588
3 242 857 630
3 242 920 737
3 243 739 194
3 243 758 739
3 243 759 563
3 244 508 170
3 244 725 724
3 244 867 508
3 244 888 725
3 245 601 600
3 245 759 185
3 245 837 601
3 245 918 759
3 246 360 237
3 246 704 360
3 247 248 246
3 247 249 248
3 247 250 249
3 247 714 250
3 248 704 246
3 249 255 248
3 249 719 255
3 250 251 249
3 250 342 251
3 250 709 342
3 250 714 709
3 251 719 249
3 252 694 681
3 252 714 238
3 253 793 167
3 253 923 793
3 254 775 221
3 254 821 643
3 254 883 775
3 255 377 248
3 255 378 377
3 255 382 378
3 255 719 382
3 256 686 684
3 256 693 686
3 256 720 231
3 257 810 587
3 257 821 220
3 257 886 821
3 258 728 224
3 258 809 690
3 258 824 809
3 259 855 200
3 259 873 855
3 259 896 873
3 260 346 239
3 260 438 346
3 260 459 438
3 261 459 260
3 262 263 261
3 262 435 263
3 262 436 435
3 262 775 436
3 263 264 261
3 263 265 264
3 263 790 265
3 264 459 261
3 264 921 459
3 265 267 264
3 265 268 267
3 265 270 268
3 265 790 270
3 266 503 24
3 266 620 503
3 266 879 620
3 267 354 264
3 267 355 354
3 267 659 355
3 268 659 267
3 269 533 26
3 269 722 502
3 270 271 268
3 270 326 271
3 270 327 326
3 270 790 327
3 271 272 268
3 271 273 272
3 271 771 273
3 272 659 268
3 272 828 659
3 273 274 272
3 273 275 274
3 273 806 275
3 274 732 272
3 275 276 274
3 275 278 276
3 275 339 278
3 275 806 339
3 276 340 274
3 276 528 340
3 277 517 22
3 277 848 517
3 278 279 276
3 278 280 279
3 278 820 280
3 279 528 276
3 280 281 279
3 280 282 281
3 280 316 282
3 280 820 316
3 281 314 279
3 281 904 314
3 282 283 281
3 282 284 283
3 282 874 284
3 283 904 281
3 284 285 283
3 284 838 285
3 284 875 838
3 285 286 283
3 285 287 286
3 285 296 287
3 285 838 296
3 286 540 283
3 287 288 286
3 287 289 288
3 287 774 289
3 288 539 286
3 289 290 288
3 289 291 290
3 289 774 291
3 290 317 288
3 290 535 317
3 291 292 290
3 291 293 292
3 291 304 293
3 291 774 304
3 292 535 290
3 292 536 535
3 293 294 292
3 293 295 294
3 293 818 295
3 294 536 292
3 295 297 294
3 295 305 297
3 295 322 305
3 295 818 322
3 296 774 287
3 296 936 712
3 297 298 294
3 297 299 298
3 297 742 299
3 298 536 294
3 298 912 536
3 299 300 298
3 299 302 300
3 299 787 302
3 300 315 298
3 300 467 315
3 300 924 467
3 301 510 18
3 301 834 510
3 302 303 300
3 302 306 303
3 302 313 306
3 302 787 313
3 303 924 300
3 304 774 713
3 304 818 293
3 304 934 818
3 305 742 297
3 306 307 303
3 306 309 307
3 306 798 309
3 307 321 303
3 307 660 321
3 308 511 16
3 308 822 511
3 309 310 307
3 309 318 310
3 309 320 318
3 309 798 320
3 310 660 307
3 310 767 660
3 311 521 12
3 311 871 622
3 311 877 521
3 312 515 14
3 312 531 515
3 312 764 531
3 313 787 548
3 313 798 306
3 313 931 798
3 314 528 279
3 314 727 528
3 314 803 727
3 314 904 803
3 315 912 298
3 316 755 602
3 316 820 755
3 316 874 282
3 317 539 288
3 317 796 539
3 318 319 310
3 318 328 319
3 318 638 328
3 319 767 310
3 319 895 767
3 320 638 318
3 320 932 552
3 321 864 784
3 321 924 303
3 322 323 305
3 322 324 323
3 322 637 324
3 322 818 637
3 323 551 305
3 324 325 323
3 324 367 325
3 324 368 367
3 324 637 368
3 325 350 323
3 325 371 350
3 325 773 371
3 326 771 271
3 327 359 326
3 327 402 359
3 327 899 402
3 328 329 319
3 328 832 329
3 329 330 319
3 329 331 330
3 329 332 331
3 329 832 332
3 330 895 319
3 330 898 895
3 330 914 898
3 331 914 330
3 332 333 331
3 332 336 333
3 332 369 336
3 332 832 369
3 333 334 331
3 333 337 334
3 333 779 337
3 334 751 331
3 335 615 10
3 335 750 615
3 336 779 333
3 337 338 334
3 337 347 338
3 337 348 347
3 337 779 348
3 338 351 334
3 338 461 351
3 338 944 461
3 339 806 641
3 339 820 278
3 340 732 274
3 340 833 661
3 341 776 738
3 341 805 776
3 341 941 204
3 342 343 251
3 342 375 343
3 342 376 375
3 342 709 376
3 343 353 251
3 343 373 353
3 343 710 373
3 344 889 208
3 345 633 628
3 345 651 633
3 345 907 216
3 346 916 239
3 347 349 338
3 347 362 349
3 347 794 362
3 348 779 733
3 348 794 347
3 348 876 794
3 349 944 338
3 350 551 323
3 351 751 334
3 352 648 646
3 352 651 223
3 352 731 648
3 353 719 251
3 353 723 719
3 354 921 264
3 355 357 354
3 355 379 357
3 355 380 379
3 355 659 380
3 356 731 228
3 356 752 731
3 356 783 656
3 357 358 354
3 357 789 358
3 358 921 354
3 358 925 846
3 359 372 326
3 359 401 372
3 359 815 401
3 360 707 237
3 360 842 707
3 360 860 842
3 361 917 163
3 362 363 349
3 362 364 363
3 362 431 364
3 362 794 431
3 363 374 349
3 363 527 374
3 364 365 363
3 364 384 365
3 364 940 384
3 365 527 363
3 366 783 233
3 366 890 656
3 367 773 325
3 368 406 367
3 368 407 406
3 368 409 407
3 368 637 409
3 369 370 336
3 369 832 639
3 369 841 370
3 370 403 336
3 370 405 403
3 370 424 405
3 370 841 424
3 371 392 350
3 371 457 392
3 371 458 457
3 371 773 458
3 372 771 326
3 373 422 353
3 373 454 422
3 373 455 454
3 373 710 455
3 374 944 349
3 375 710 343
3 376 394 375
3 376 545 394
3 376 546 545
3 376 709 546
3 377 704 248
3 378 445 377
3 378 705 445
3 379 430 357
3 379 722 430
3 380 381 379
3 380 432 381
3 380 828 432
3 381 722 379
3 382 383 378
3 382 399 383
3 382 723 399
3 383 705 378
3 384 385 365
3 384 541 385
3 384 862 541
3 384 940 862
3 385 386 365
3 385 387 386
3 385 795 387
3 386 527 365
3 386 926 527
3 387 388 386
3 387 389 388
3 387 390 389
3 387 795 390
3 388 400 386
3 388 444 400
3 388 696 444
3 389 696 388
3 390 391 389
3 390 395 391
3 390 447 395
3 390 795 447
3 391 608 389
3 392 393 350
3 392 525 393
3 392 811 525
3 393 551 350
3 394 532 375
3 394 772 532
3 395 396 391
3 395 724 396
3 395 867 724
3 396 397 391
3 396 398 397
3 396 863 398
3 397 608 391
3 398 417 397
3 398 418 417
3 398 419 418
3 398 863 419
3 399 404 383
3 399 730 404
3 399 868 730
3 400 926 386
3 401 534 372
3 401 815 745
3 401 922 534
3 402 815 359
3 402 899 537
3 403 779 336
3 404 504 383
3 404 711 504
3 404 878 711
3 405 434 403
3 405 830 434
3 406 408 367
3 406 814 408
3 407 734 406
3 408 773 367
3 408 927 746
3 409 410 407
3 409 411 410
3 409 713 411
3 409 934 713
3 410 437 407
3 410 778 437
3 411 412 410
3 411 413 412
3 411 712 413
3 411 713 712
3 412 778 410
3 413 414 412
3 413 415 414
3 413 657 415
3 413 936 657
3 414 416 412
3 414 749 416
3 415 423 414
3 415 518 423
3 415 519 518
3 415 657 519
3 416 749 636
3 416 778 412
3 417 501 397
3 417 826 501
3 418 420 417
3 418 421 420
3 418 753 421
3 419 753 418
3 419 843 753
3 419 863 725
3 420 826 417
3 420 851 826
3 421 425 420
3 421 426 425
3 421 443 426
3 421 753 443
3 422 723 353
3 422 868 723
3 423 749 414
3 423 847 749
3 423 902 847
3 424 597 405
3 424 812 597
3 424 900 812
3 425 851 420
3 426 427 425
3 426 428 427
3 426 765 428
3 427 839 425
3 428 429 427
3 428 738 429
3 428 852 738
3 429 456 427
3 429 743 456
3 429 901 743
3 430 616 513
3 430 722 616
3 430 789 357
3 431 794 769
3 431 940 364
3 432 433 381
3 432 661 433
3 432 732 661
3 432 828 732
3 433 502 381
3 433 509 502
3 433 592 509
3 433 661 592
3 434 733 403
3 434 865 733
3 434 938 865
3 435 790 263
3 435 899 790
3 436 537 435
3 436 538 537
3 436 883 538
3 437 734 407
3 437 861 604
3 438 439 346
3 438 442 439
3 438 846 442
3 439 440 346
3 439 441 440
3 439 617 441
3 440 916 346
3 441 448 440
3 441 449 448
3 441 825 449
3 442 617 439
3 442 840 617
3 442 925 614
3 443 753 621
3 443 765 426
3 443 881 765
3 444 750 400
3 444 799 615
3 445 446 377
3 445 911 446
3 445 937 911
3 446 704 377
3 446 860 704
3 446 884 699
3 446 911 884
3 447 867 395
3 447 905 866
3 448 859 440
3 448 869 859
3 449 450 448
3 449 451 450
3 449 891 451
3 450 869 448
3 451 452 450
3 451 743 452
3 451 913 743
3 452 453 450
3 452 776 453
3 452 901 776
3 453 869 450
3 453 889 869
3 454 674 139
3 454 768 422
3 454 835 674
3 455 740 716
3 455 835 454
3 455 930 835
3 456 726 193
3 456 839 427
3 456 913 726
3 457 811 392
3 457 909 811
3 458 746 717
3 458 773 746
3 458 856 457
3 459 846 438
3 459 921 846
3 460 852 765
3 460 881 232
3 460 941 852
3 461 462 351
3 461 466 462
3 461 944 466
3 462 463 351
3 462 464 463
3 462 622 464
3 463 751 351
3 464 465 463
3 464 531 465
3 464 871 531
3 465 507 463
3 465 827 507
3 466 622 462
3 466 877 622
3 466 894 877
3 466 944 894
3 467 468 315
3 467 741 468
3 467 784 741
3 467 924 784
3 468 469 315
3 468 470 469
3 468 471 470
3 468 741 471
3 469 912 315
3 470 763 469
3 471 472 470
3 471 485 472
3 471 486 485
3 471 741 486
3 472 473 470
3 472 474 473
3 472 606 474
3 473 763 470
3 474 475 473
3 474 596 475
3 474 658 596
3 475 476 473
3 475 477 476
3 475 478 477
3 475 596 478
3 476 763 473
3 476 858 763
3 477 642 476
3 477 796 642
3 478 479 477
3 478 480 479
3 478 484 480
3 478 596 484
3 479 796 477
3 480 481 479
3 480 482 481
3 480 595 482
3 481 483 479
3 481 802 483
3 482 489 481
3 482 490 489
3 482 491 490
3 482 595 491
3 483 796 479
3 483 880 539
3 484 595 480
3 484 848 595
3 485 606 472
3 485 834 606
3 486 487 485
3 486 488 487
3 486 494 488
3 486 741 494
3 487 721 510
3 487 834 485
3 488 721 487
3 489 802 481
3 489 803 802
3 490 727 489
3 491 492 490
3 491 620 492
3 491 788 620
3 492 493 490
3 492 592 493
3 492 620 509
3 493 727 490
3 493 833 528
3 494 495 488
3 494 864 495
3 495 496 488
3 495 497 496
3 495 829 497
3 495 864 829
3 496 721 488
3 496 822 721
3 497 498 496
3 497 499 498
3 497 500 499
3 497 829 500
3 498 822 496
3 499 644 498
3 499 827 644
3 500 505 499
3 500 767 505
3 500 829 660
3 501 608 397
3 501 826 184
3 501 853 608
3 502 533 269
3 502 722 381
3 502 879 533
3 503 788 277
3 504 705 383
3 504 706 151
3 504 711 706
3 504 937 705
3 505 827 499
3 505 898 827
3 506 792 187
3 506 862 792
3 506 933 862
3 507 751 463
3 507 914 751
3 508 866 168
3 508 867 866
3 509 592 492
3 509 879 502
3 510 721 308
3 510 834 487
3 511 764 312
3 511 822 764
3 512 840 241
3 512 942 840
3 513 616 28
3 513 789 430
3 514 891 214
3 514 913 891
3 515 871 311
3 516 851 193
3 517 817 124
3 517 848 817
3 518 902 423
3 518 929 902
3 519 520 518
3 519 602 520
3 519 875 602
3 520 602 593
3 520 929 518
3 521 522 335
3 521 877 522
3 522 750 335
3 522 785 750
3 522 894 785
3 523 621 524
3 523 939 176
3 524 843 725
3 524 888 174
3 524 939 523
3 525 526 393
3 525 610 526
3 525 811 130
3 526 548 393
3 526 549 548
3 526 550 549
3 526 610 550
3 527 785 374
3 527 926 785
3 528 727 493
3 528 833 340
3 529 658 606
3 529 834 301
3 530 859 344
3 530 916 859
3 531 644 465
3 531 764 644
3 531 871 515
3 532 710 375
3 532 740 710
3 532 772 144
3 533 879 266
3 534 641 372
3 534 893 641
3 534 935 893
3 535 642 317
3 535 858 642
3 536 844 535
3 536 912 844
3 537 634 402
3 537 899 435
3 538 634 537
3 538 777 634
3 538 883 643
3 539 540 286
3 539 796 483
3 539 880 540
3 540 880 802
3 540 904 283
3 541 795 385
3 541 905 795
3 541 933 905
3 542 917 865
3 542 938 145
3 543 544 109
3 543 593 544
3 543 929 593
3 544 935 141
3 545 613 394
3 545 677 136
3 546 677 545
3 546 678 677
3 546 695 678
3 546 709 695
3 547 610 130
3 547 908 610
3 548 551 393
3 548 787 551
3 548 931 313
3 549 931 548
3 549 932 931
3 550 552 549
3 550 553 552
3 550 908 553
3 551 742 305
3 551 787 742
3 552 638 320
3 552 932 549
3 553 554 552
3 553 854 554
3 553 908 619
3 554 638 552
3 554 639 638
3 554 640 639
3 554 854 640
3 555 556 161
3 555 557 556
3 556 760 161
3 556 897 760
3 557 558 556
3 558 897 556
3 559 560 558
3 559 561 560
3 559 562 561
3 559 915 562
3 560 598 558
3 560 599 598
3 560 600 599
3 561 600 560
3 561 918 600
3 562 563 561
3 562 564 563
3 562 565 564
3 562 915 565
3 563 758 243
3 563 759 561
3 564 758 563
3 564 910 758
3 565 669 564
3 565 816 669
3 565 915 800
3 566 567 138
3 566 582 567
3 566 583 582
3 567 568 138
3 567 569 568
3 567 585 569
3 568 736 138
3 569 570 568
3 569 584 570
3 569 587 584
3 569 886 587
3 570 571 568
3 570 572 571
3 570 573 572
3 570 584 573
3 571 736 568
3 571 849 607
3 572 849 571
3 573 574 572
3 573 575 574
3 573 579 575
3 573 584 579
3 574 576 572
3 574 577 576
3 574 618 577
3 575 618 574
3 576 849 572
3 577 578 576
3 577 580 578
3 577 586 580
3 577 618 586
3 578 782 576
3 579 589 575
3 579 762 589
3 580 581 578
3 580 737 581
3 581 735 578
3 581 737 629
3 582 585 567
3 582 643 585
3 582 777 643
3 583 777 582
3 584 761 579
3 584 892 761
3 585 886 569
3 586 588 580
3 586 845 588
3 586 928 222
3 587 886 257
3 587 892 584
3 588 737 580
3 588 845 190
3 589 590 575
3 589 591 590
3 589 762 203
3 589 831 591
3 590 618 575
3 590 928 618
3 591 781 590
3 591 791 781
3 591 831 791
3 592 833 493
3 593 594 544
3 593 755 594
3 593 929 520
3 594 935 544
3 595 788 491
3 595 848 788
3 596 817 484
3 597 812 44
3 597 830 405
3 597 943 830
3 598 897 558
3 598 923 897
3 599 919 188
3 599 923 598
3 600 601 599
3 600 918 245
3 601 813 801
3 601 837 813
3 601 919 599
3 602 755 593
3 602 874 316
3 602 875 874
3 603 909 155
3 604 734 437
3 604 861 146
3 605 902 132
3 606 658 474
3 606 834 529
3 607 736 571
3 607 782 125
3 607 849 782
3 608 696 389
3 608 853 696
3 609 927 133
3 610 908 550
3 611 808 143
3 611 815 808
3 612 853 501
3 613 772 394
3 614 789 513
3 614 840 442
3 614 925 789
3 615 750 444
3 615 799 9
3 616 722 269
3 617 825 441
3 617 942 825
3 618 928 586
3 619 854 553
3 619 908 547
3 620 788 503
3 620 879 509
3 621 843 524
3 621 881 443
3 622 871 464
3 622 877 311
3 623 624 97
3 623 631 624
3 623 735 631
3 624 625 135
3 624 631 625
3 625 626 135
3 625 627 626
3 625 629 627
3 625 631 629
3 626 675 135
3 627 628 626
3 627 652 628
3 628 632 626
3 628 633 632
3 628 652 345
3 629 630 627
3 629 631 581
3 629 920 630
3 630 652 627
3 630 857 652
3 630 920 242
3 631 735 581
3 632 645 150
3 632 675 626
3 633 645 632
3 633 646 645
3 633 651 646
3 634 777 143
3 634 808 402
3 635 636 158
3 635 748 636
3 636 748 416
3 636 754 158
3 636 906 754
3 637 934 409
3 638 639 328
3 639 832 328
3 639 841 369
3 640 841 639
3 640 854 142
3 640 900 841
3 641 771 372
3 641 806 771
3 641 807 339
3 641 893 807
3 642 796 317
3 642 858 476
3 643 777 538
3 643 821 585
3 643 883 254
3 644 764 498
3 644 827 465
3 645 673 150
3 646 647 645
3 646 648 647
3 646 651 352
3 647 649 134
3 647 673 645
3 648 649 647
3 648 752 649
3 649 653 134
3 649 654 653
3 649 752 654
3 650 717 152
3 650 747 717
3 650 870 747
3 652 907 345
3 653 654 149
3 654 655 149
3 654 656 655
3 654 752 656
3 655 756 149
3 655 823 756
3 655 890 823
3 656 752 356
3 656 783 366
3 656 890 655
3 657 875 519
3 657 936 838
3 658 817 596
3 659 828 380
3 660 767 500
3 660 829 321
3 661 732 340
3 661 833 592
3 662 878 147
3 663 664 131
3 663 665 664
3 663 718 665
3 664 669 131
3 665 666 664
3 665 667 666
3 665 670 667
3 665 718 670
3 666 668 664
3 666 896 668
3 667 873 666
3 668 669 664
3 668 896 885
3 668 910 669
3 669 816 131
3 669 910 564
3 670 671 667
3 670 718 127
3 670 804 671
3 671 672 667
3 671 804 691
3 671 809 672
3 672 873 667
3 674 835 154
3 676 768 139
3 677 744 136
3 678 679 677
3 678 680 679
3 678 681 680
3 678 695 681
3 679 744 677
3 679 770 701
3 680 770 679
3 681 682 680
3 681 694 682
3 681 695 252
3 682 683 680
3 682 684 683
3 682 720 684
3 683 770 680
3 683 786 770
3 684 685 683
3 684 686 685
3 684 720 256
3 685 786 683
3 685 819 786
3 686 687 685
3 686 688 687
3 686 693 688
3 687 819 685
3 687 836 819
3 688 689 687
3 688 690 689
3 688 728 690
3 689 836 687
3 690 691 689
3 690 728 258
3 690 809 691
3 691 692 689
3 691 804 692
3 691 809 671
3 692 804 780
3 692 836 689
3 692 850 836
3 693 728 688
3 694 720 682
3 695 714 252
3 696 799 444
3 696 853 183
3 697 703 86
3 698 699 697
3 698 823 708
3 698 842 699
3 699 703 697
3 699 860 446
3 699 884 703
3 700 819 148
3 701 744 679
3 701 770 128
3 702 937 151
3 703 884 129
3 704 860 360
3 705 937 445
3 706 766 81
3 707 708 366
3 707 842 708
3 708 842 698
3 708 890 366
3 709 714 695
3 710 740 455
3 711 766 706
3 711 878 662
3 712 774 296
3 712 936 413
3 713 774 712
3 713 934 304
3 715 740 144
3 716 740 715
3 716 930 455
3 717 746 152
3 717 856 458
3 719 723 382
3 721 822 308
3 723 868 399
3 724 863 396
3 724 867 244
3 725 843 419
3 725 863 724
3 725 888 524
3 726 913 215
3 727 803 489
3 729 896 259
3 730 768 676
3 730 868 768
3 730 878 404
3 731 752 648
3 732 828 272
3 733 779 403
3 733 876 348
3 734 814 406
3 735 782 578
3 737 920 629
3 738 852 341
3 738 901 429
3 739 885 729
3 741 784 494
3 742 787 299
3 743 901 452
3 743 913 456
3 745 815 611
3 745 922 401
3 746 773 408
3 746 927 609
3 747 856 717
3 747 870 36
3 748 778 416
3 748 861 778
3 749 906 636
3 750 926 400
3 751 914 331
3 753 843 621
3 754 872 158
3 754 906 153
3 755 807 594
3 755 820 807
3 756 823 137
3 757 882 71
3 757 930 716
3 758 885 739
3 758 910 885
3 759 918 561
3 760 897 253
3 761 762 579
3 761 797 762
3 761 892 211
3 762 903 203
3 763 844 469
3 763 858 844
3 764 822 498
3 765 852 428
3 765 881 460
3 766 887 80
3 767 895 505
3 768 868 422
3 769 792 431
3 769 865 361
3 769 876 865
3 770 786 128
3 771 806 273
3 775 883 436
3 776 805 453
3 776 901 738
3 778 861 437
3 780 804 127
3 780 850 692
3 781 791 179
3 781 928 590
3 782 849 576
3 784 864 494
3 784 924 321
3 785 894 374
3 785 926 750
3 786 819 700
3 788 848 277
3 789 925 358
3 790 899 327
3 791 831 180
3 792 940 431
3 793 923 188
3 794 876 769
3 795 905 447
3 797 903 762
3 798 932 320
3 800 816 565
3 800 915 126
3 801 813 173
3 801 919 601
3 802 803 540
3 802 880 483
3 803 904 540
3 805 889 453
3 807 820 339
3 807 893 594
3 808 815 402
3 809 824 672
3 810 892 587
3 811 909 603
3 812 900 142
3 813 837 178
3 814 927 408
3 817 848 484
3 818 934 637
3 819 836 148
3 821 886 585
3 823 890 708
3 824 855 672
3 825 891 449
3 825 942 214
3 826 851 516
3 827 898 507
3 829 864 321
3 830 938 434
3 830 943 145
3 835 930 154
3 836 850 148
3 838 875 657
3 838 936 296
3 839 851 425
3 840 942 617
3 841 900 424
3 842 860 699
3 844 858 535
3 844 912 469
3 846 921 358
3 846 925 442
3 847 902 605
3 847 906 749
3 852 941 341
3 855 873 672
3 856 909 457
3 857 907 652
3 859 869 344
3 859 916 440
3 862 933 541
3 862 940 792
3 865 876 733
3 865 917 361
3 865 938 542
3 866 867 447
3 866 905 227
3 869 889 344
3 873 896 666
3 874 875 284
3 877 894 522
3 884 911 129
3 885 896 729
3 885 910 668
3 891 913 451
3 893 935 594
3 894 944 374
3 895 898 505
3 897 923 253
3 898 914 507
3 902 929 132
3 905 933 227
3 911 937 702
3 922 935 534
3 931 932 798

CELL_TYPES 1766
5
5
5
5
5
5
5
5
5
5
5
5
5
5
5
5
5
5
5
5
5
5
5
5
5
5
5
5
5
5
5
5
5
5
5
5
5
5
5
5
5
5
5
5
5
5
5
5
5
5
5
5
5
5
5
5
5
5
5
5
5
5
5
5
5
5
5
5
5
5
5
5
5
5
5
5
5
5
5
5
5
5
5
5
5
5
5
5
5
5
5
5
5
5
5
5
5
5
5
5
5
5
5
5
5
5
5
5
5
5
5
5
5
5
5
5
5
5
5
5
5
5
5
5
5
5
5
5
5
5
5
5
5
5
5
5
5
5
5
5
5
5
5
5
5
5
5
5
5
5
5
5
5
5
5
5
5
5
5
5
5
5
5
5
5
5
5
5
5
5
5
5
5
5
5
5
5
5
5
5
5
5
5
5
5
5
5
5
5
5
5
5
5
5
5
5
5
5
5
5
5
5
5
5
5
5
5
5
5
5
5
5
5
5
5
5
5
5
5
5
5
5
5
5
5
5
5
5
5
5
5
5
5
5
5
5
5
5
5
5
5
5
5
5
5
5
5
5
5
5
5
5
5
5
5
5
5
5
5
5
5
5
5
5
5
5
5
5
5
5
5
5
5
5
5
5
5
5
5
5
5
5
5
5
5
5
5
5
5
5
5
5
5
5
5
5
5
5
5
5
5
5
5
5
5
5
5
5
5
5
5
5
5
5
5
5
5
5
5
5
5
5
5
5
5
5
5
5
5
5
5
5
5
5
5
5
5
5
5
5
5
5
5
5
5
5
5
5
5
5
5
5
5
5
5
5
5
5
5
5
5
5
5
5
5
5
5
5
5
5
5
5
5
5
5
5
5
5
5
5
5
5
5
5
5
5
5
5
5
5
5
5
5
5
5
5
5
5
5
5
5
5
5
5
5
5
5
5
5
5
5
5
5
5
5
5
5
5
5
5
5
5
5
5
5
5
5
5
5
5
5
5
5
5
5
5
5
5
5
5
5
5
5
5
5
5
5
5
5
5
5
5
5
5
5
5
5
5
5
5
5
5
5
5
5
5
5
5
5
5
5
5
5
5
5
5
5
5
5
5
5
5
5
5
5
5
5
5
5
5
5
5
5
5
5
5
5
5
5
5
5
5
5
5
5
5
5
5
5
5
5
5
5
5
5
5
5
5
5
5
5
5
5
5
5
5
5
5
5
5
5
5
5
5
5
5
5
5
5
5
5
5
5
5
5
5
5
5
5
5
5
5
5
5
5
5
5
5
5
5
5
5
5
5
5
5
5
5
5
5
5
5
5
5
5
5
5
5
5
5
5
5
5
5
5
5
5
5
5
5
5
5
5
5
5
5
5
5
5
5
5
5
5
5
5
5
5
5
5
5
5
5
5
5
5
5
5
5
5
5
5
5
5
5
5
5
5
5
5
5
5
5
5
5
5
5
5
5
5
5
5
5
5
5
5
5
5
5
5
5
5
5
5
5
5
5
5
5
5
5
5
5
5
5
5
5
5
5
5
5
5
5
5
5
5
5
5
5
5
5
5
5
5
5
5
5
5
5
5
5
5
5
5
5
5
5
5
5
5
5
5
5
5
5
5
5
5
5
5
5
5
5
5
5
5
5
5
5
5
5
5
5
5
5
5
5
5
5
5
5
5
5
5
5
5
5
5
5
5
5
5
5
5
5
5
5
5
5
5
5
5
5
5
5
5
5
5
5
5
5
5
5
5
5
5
5
5
5
5
5
5
5
5
5
5
5
5
5
5
5
5
5
5
5
5
5
5
5
5
5
5
5
5
5
5
5
5
5
5
5
5
5
5
5
5
5
5
5
5
5
5
5
5
5
5
5
5
5
5
5
5
5
5
5
5
5
5
5
5
5
5
5
5
5
5
5
5
5
5
5
5
5
5
5
5
5
5
5
5
5
5
5
5
5
5
5
5
5
5
5
5
5
5
5
5
5
5
5
5
5
5
5
5
5
5
5
5
5
5
5
5
5
5
5
5
5
5
5
5
5
5
5
5
5
5
5
5
5
5
5
5
5
5
5
5
5
5
5
5
5
5
5
5
5
5
5
5
5
5
5
5
5
5
5
5
5
5
5
5
5
5
5
5
5
5
5
5
5
5
5
5
5
5
5
5
5
5
5
5
5
5
5
5
5
5
5
5
5
5
5
5
5
5
5
5
5
5
5
5
5
5
5
5
5
5
5
5
5
5
5
5
5
5
5
5
5
5
5
5
5
5
5
5
5
5
5
5
5
5
5
5
5
5
5
5
5
5
5
5
5
5
5
5
5
5
5
5
5
5
5
5
5
5
5
5
5
5
5
5
5
5
5
5
5
5
5
5
5
5
5
5
5
5
5
5
5
5
5
5
5
5
5
5
5
5
5
5
5
5
5
5
5
5
5
5
5
5
5
5
5
5
5
5
5
5
5
5
5
5
5
5
5
5
5
5
5
5
5
5
5
5
5
5
5
5
5
5
5
5
5
5
5
5
5
5
5
5
5
5
5
5
5
5
5
5
5
5
5
5
5
5
5
5
5
5
5
5
5
5
5
5
5
5
5
5
5
5
5
5
5
5
5
5
5
5
5
5
5
5
5
5
5
5
5
5
5
5
5
5
5
5
5
5
5
5
5
5
5
5
5
5
5
5
5
5
5
5
5
5
5
5
5
5
5
5
5
5
5
5
5
5
5
5
5
5
5
5
5
5
5
5
5
5
5
5
5
5
5
5
5
5
5
5
5
5
5
5
5
5
5
5
5
5
5
5
5
5
5
5
5
5
5
5
5
5
5
5
5
5
5
5
5
5
5
5
5
5
5
5
5
5
5
5
5
5
5
5
5
5
5
5
5
5
5
5
5
5
5
5
5
5
5
5
5
5
5
5
5
5
5
5
5
5
5
5
5
5
5
5
5
5
5
5
5
5
5
5
5
5
5
5
5
5
5
5
5
5
5
5
5
5
5
5
5
5
5
5
5
5
5
5
5
5
5
5
5
5
5
5
5
5
5
5
5
5
5
5
5
5
5
5
5
5
5
5
5
5
5
5
5
5
5
5
5
5
5
5
5
5
5
5
5
5
5
5
5
5
5
5
5
5
5
5
5
5
5
5
5
5
5
5
5
5
5
5
5
5
5
5
5
5
5
5
5
5
5
5
5
5
5
5
5
5
5
5
5
5
5
5
5
5
5
5
5
5
5
5
5
5
5
5
5
5
5
5
5
5
5
5
5
5
5
5
5
5
5
5
5
5
5
5
5
5
5
5
5
5
5
5
5
5
5
5
5
5
5
5
5
5
5
5
5
5
5
5
5
5
5
5
5
5
5
5
5
5
5
5
5
5
5
5
5
5
5
5
5
5
5
5
5
5
5
5
5
5
5
5
5
5
5
5
5
5
5
5
5
5
5
5
5
5
5
5
5
5
5
5
5
5
5
5
5
5
5
5
5
5
5
5
5
5
5
5
5
5
5
5
5
5
5
5
5
5
5
5
5
5
5
5
5
5
5
5
5
5
5
5
5
5
5
5
5
5
5
5
5
5
5
5
5
5
5
5
5
5
5
5
5
5
5
5
5
5
5
5
5
5
5
5
5
5
5
5
5
5
5
5
5
5
5
5
5
5
5
5
5
5
5
5
5
5
5
5
5
5
5
5
5
5
5
5
5
5
5
5
5
5
5
5
5
5
5
5
5
5
5
5
5
5
5
5
5
5
5
5
5
5
5
5
5
5
5
5
5
5
5
5
5
5
5
5
5
5
5
5
5
5
5
5
5
5
5
5
5
5
5
5
5
5
5
5
5
5
5
5
5
5
5
5
5
5
5
5
5
5
5
5
5
5
5
5
5
5
5
5
5
5
5
5
5
5
5
5
5
5
5
5
5
5
5
5
5
5
5
5
5
5
5
5
5
5
5
5
5
5
5
5
5
5
5
5
5
5
5
5
5
5
5
5
5
5
5
5
5
5
5
5
5
5
5
5
5
5
5
5
5
POINT_DATA 945
FIELD FieldData 2
VELOCITY 3 945  float
1.0000000e-01 0.0000000e+00 0.0000000e+00 
1.0000050e-01 0.0000000e+00 0.0000000e+00 
1.0000016e-01 0.0000000e+00 0.0000000e+00 
1.0000000e-01 0.0000000e+00 0.0000000e+00 
0.0000000e+00 0.0000000e+00 0.0000000e+00 
0.0000000e+00 0.0000000e+00 0.0000000e+00 
0.0000000e+00 0.0000000e+00 0.0000000e+00 
0.0000000e+00 0.0000000e+00 0.0000000e+00 
0.0000000e+00 0.0000000e+00 0.0000000e+00 
0.0000000e+00 0.0000000e+00 0.0000000e+00 
0.0000000e+00 0.0000000e+00 0.0000000e+00 
0.0000000e+00 0.0000000e+00 0.0000000e+00 
0.0000000e+00 0.0000000e+00 0.0000000e+00 
0.0000000e+00 0.0000000e+00 0.0000000e+00 
0.0000000e+00 0.0000000e+00 0.0000000e+00 
0.0000000e+00 0.0000000e+00 0.0000000e+00 
0.0000000e+00 0.0000000e+00 0.0000000e+00 
0.0000000e+00 0.0000000e+00 0.0000000e+00 
0.0000000e+00 0.0000000e+00 0.0000000e+00 
0.0000000e+00 0.0000000e+00 0.0000000e+00 
0.0000000e+00 0.0000000e+00 0.0000000e+00 
0.0000000e+00 0.0000000e+00 0.0000000e+00 
0.0000000e+00 0.0000000e+00 0.0000000e+00 
0.0000000e+00 0.0000000e+00 0.0000000e+00 
0.0000000e+00 0.0000000e+00 0.0000000e+00 
0.0000000e+00 0.0000000e+00 0.0000000e+00 
0.0000000e+00 0.0000000e+00 0.0000000e+00 
0.0000000e+00 0.0000000e+00 0.0000000e+00 
0.0000000e+00 0.0000000e+00 0.0000000e+00 
0.0000000e+00 0.0000000e+00 0.0000000e+00 
0.0000000e+00 0.0000000e+00 0.0000000e+00 
0.0000000e+00 0.0000000e+00 0.0000000e+00 
0.0000000e+00 0.0000000e+00 0.0000000e+00 
0.0000000e+00 0.0000000e+00 0.0000000e+00 
0.0000000e+00 0.0000000e+00 0.0000000e+00 
0.0000000e+00 0.0000000e+00 0.0000000e+00 
1.0018227e-01 -6.0584518e-28 0.0000000e+00 
1.0075113e-01 9.0472879e-26 0.0000000e+00 
1.0188530e-01 9.0472879e-26 0.0000000e+00 
1.0385488e-01 9.0472879e-26 0.0000000e+00 
1.0689372e-01 -1.0856746e-24 0.0000000e+00 
1.1098050e-01 -1.0856746e-24 0.0000000e+00 
1.1605351e-01 -1.0856746e-24 0.0000000e+00 
1.2156441e-01 -1.2407709e-24 0.0000000e+00 
1.2689658e-01 7.2378304e-25 0.0000000e+00 
1.3114034e-01 -1.2407709e-24 0.0000000e+00 
1.3376497e-01 0.0000000e+00 0.0000000e+00 
1.3441353e-01 0.0000000e+00 0.0000000e+00 
1.3298170e-01 0.0000000e+00 0.0000000e+00 
1.2950398e-01 2.4815418e-24 0.0000000e+00 
1.2414150e-01 2.4815418e-24 0.0000000e+00 
1.1797187e-01 2.4815418e-24 0.0000000e+00 
1.1236543e-01 0.0000000e+00 0.0000000e+00 
1.0793841e-01 0.0000000e+00 0.0000000e+00 
1.0473756e-01 0.0000000e+00 0.0000000e+00 
1.0273134e-01 -1.0339758e-25 0.0000000e+00 
1.0155012e-01 -1.0339758e-25 0.0000000e+00 
1.0087818e-01 -1.0339758e-25 0.0000000e+00 
1.0049239e-01 -5.1698788e-26 0.0000000e+00 
1.0027783e-01 -5.1698788e-26 0.0000000e+00 
1.0015965e-01 -5.1698788e-26 0.0000000e+00 
1.0009056e-01 -2.5849394e-26 0.0000000e+00 
1.0005165e-01 -2.5849394e-26 0.0000000e+00 
1.0002932e-01 -2.5849394e-26 0.0000000e+00 
1.0001663e-01 -3.2311743e-27 0.0000000e+00 
1.0000946e-01 -3.2311743e-27 0.0000000e+00 
1.0000545e-01 -3.2311743e-27 0.0000000e+00 
1.0000316e-01 -3.6603146e-28 0.0000000e+00 
1.0000188e-01 -3.6603146e-28 0.0000000e+00 
1.0000114e-01 -3.6603146e-28 0.0000000e+00 
1.0000072e-01 -1.2116904e-27 0.0000000e+00 
1.0000040e-01 2.0605484e-07 0.0000000e+00 
1.0000024e-01 3.3158540e-07 0.0000000e+00 
1.0000000e-01 3.6075264e-07 0.0000000e+00 
9.9999815e-02 2.8076519e-07 0.0000000e+00 
9.9999703e-02 1.1333964e-07 0.0000000e+00 
9.9999681e-02 -6.6294568e-08 0.0000000e+00 
9.9999800e-02 -2.0696410e-07 0.0000000e+00 
9.9999949e-02 -2.0894571e-07 0.0000000e+00 
1.0000008e-01 -1.4264745e-07 0.0000000e+00 
1.0000031e-01 -6.0584518e-28 0.0000000e+00 
1.0000064e-01 3.5340969e-28 0.0000000e+00 
1.0000126e-01 3.5340969e-28 0.0000000e+00 
1.0000243e-01 3.5340969e-28 0.0000000e+00 
1.0000461e-01 8.1789099e-27 0.0000000e+00 
1.0000825e-01 8.1789099e-27 0.0000000e+00 
1.0001508e-01 8.1789099e-27 0.0000000e+00 
1.0002745e-01 2.5849394e-26 0.0000000e+00 
1.0004856e-01 2.5849394e-26 0.0000000e+00 
1.0008574e-01 2.5849394e-26 0.0000000e+00 
1.0015246e-01 0.0000000e+00 0.0000000e+00 
1.0027341e-01 0.0000000e+00 0.0000000e+00 
1.0048765e-01 0.0000000e+00 0.0000000e+00 
1.0086827e-01 -6.2038546e-25 0.0000000e+00 
1.0153978e-01 -6.2038546e-25 0.0000000e+00 
1.0270575e-01 -6.2038546e-25 0.0000000e+00 
1.0468250e-01 0.0000000e+00 0.0000000e+00 
1.0784656e-01 0.0000000e+00 0.0000000e+00 
1.1231703e-01 0.0000000e+00 0.0000000e+00 
1.1801446e-01 1.8611564e-24 0.0000000e+00 
1.2425645e-01 1.8611564e-24 0.0000000e+00 
1.2951969e-01 1.8611564e-24 0.0000000e+00 
1.3306370e-01 0.0000000e+00 0.0000000e+00 
1.3459601e-01 0.0000000e+00 0.0000000e+00 
1.3389334e-01 0.0000000e+00 0.0000000e+00 
1.3112666e-01 5.1698788e-26 0.0000000e+00 
1.2681006e-01 5.1698788e-26 0.0000000e+00 
1.2154996e-01 5.1698788e-26 0.0000000e+00 
1.1607878e-01 -3.1019273e-25 0.0000000e+00 
1.1098064e-01 -3.1019273e-25 0.0000000e+00 
1.0686162e-01 -3.1019273e-25 0.0000000e+00 
1.0378893e-01 0.0000000e+00 0.0000000e+00 
1.0181944e-01 0.0000000e+00 0.0000000e+00 
1.0071539e-01 0.0000000e+00 0.0000000e+00 
1.0015682e-01 -3.2311743e-27 0.0000000e+00 
1.0000000e-01 0.0000000e+00 0.0000000e+00 
1.0000000e-01 0.0000000e+00 0.0000000e+00 
1.0000000e-01 0.0000000e+00 0.0000000e+00 
1.0000000e-01 0.0000000e+00 0.0000000e+00 
1.0000000e-01 0.0000000e+00 0.0000000e+00 
1.0000000e-01 0.0000000e+00 0.0000000e+00 
1.0000000e-01 0.0000000e+00 0.0000000e+00 
1.0000000e-01 0.0000000e+00 0.0000000e+00 
1.0000000e-01 0.0000000e+00 0.0000000e+00 
1.0352842e-02 8.6359940e-03 0.0000000e+00 
1.1461569e-01 -4.6513579e-03 0.0000000e+00 
1.2122482e-01 5.5600246e-03 0.0000000e+00 
1.0103433e-01 5.5651454e-04 0.0000000e+00 
1.0005801e-01 3.1255800e-05 0.0000000e+00 
1.0000535e-01 -2.9276509e-06 0.0000000e+00 
1.0453935e-01 -2.8304968e-03 0.0000000e+00 
1.0554124e-01 2.6814330e-03 0.0000000e+00 
1.0479058e-01 2.4077129e-03 0.0000000e+00 
9.9874184e-02 -1.8273221e-04 0.0000000e+00 
1.0031656e-01 -1.8037534e-04 0.0000000e+00 
1.0322101e-01 -1.6637570e-03 0.0000000e+00 
1.0001034e-01 6.0248954e-06 0.0000000e+00 
1.0003196e-01 -1.6757427e-05 0.0000000e+00 
1.3214669e-01 -2.8971115e-03 0.0000000e+00 
9.9999599e-02 2.8115181e-07 0.0000000e+00 
1.3471214e-01 1.2004910e-03 0.0000000e+00 
1.1893187e-01 4.0000682e-03 0.0000000e+00 
1.1886679e-01 -4.8547639e-03 0.0000000e+00 
1.3365200e-01 2.5315064e-03 0.0000000e+00 
1.0000198e-01 1.1931944e-06 0.0000000e+00 
1.3355632e-01 -2.2568938e-03 0.0000000e+00 
9.9946544e-02 3.8840660e-04 0.0000000e+00 
9.9999614e-02 -2.0449772e-07 0.0000000e+00 
1.0018225e-01 9.5203817e-05 0.0000000e+00 
1.0009775e-01 -5.4375043e-05 0.0000000e+00 
1.0101823e-01 -5.6476775e-04 0.0000000e+00 
1.0000138e-01 -9.3042757e-07 0.0000000e+00 
1.0000744e-01 -4.8589305e-04 0.0000000e+00 
1.0108328e-01 8.1101514e-04 0.0000000e+00 
1.0000013e-01 4.6599567e-07 0.0000000e+00 
1.0103279e-01 -9.4151124e-04 0.0000000e+00 
1.0000008e-01 -2.5689673e-07 0.0000000e+00 
1.0000079e-01 3.4915777e-07 0.0000000e+00 
1.0003944e-01 3.6471116e-04 0.0000000e+00 
1.3512690e-01 -4.9593835e-04 0.0000000e+00 
1.3752319e-01 5.0820748e-04 0.0000000e+00 
1.3560125e-01 3.9172950e-03 0.0000000e+00 
1.3936719e-01 3.9584911e-03 0.0000000e+00 
1.4084129e-01 -1.9734450e-04 0.0000000e+00 
1.4139870e-01 3.6387036e-03 0.0000000e+00 
1.3787793e-01 8.5128201e-03 0.0000000e+00 
1.3335104e-01 9.0326946e-03 0.0000000e+00 
1.2813416e-01 1.4076328e-02 0.0000000e+00 
1.1036765e-01 1.4637143e-02 0.0000000e+00 
1.0786656e-01 1.8185467e-02 0.0000000e+00 
8.2652509e-02 1.7110858e-02 0.0000000e+00 
8.1771694e-02 2.0031301e-02 0.0000000e+00 
5.3835440e-02 1.5960258e-02 0.0000000e+00 
5.4262403e-02 1.8372763e-02 0.0000000e+00 
2.6744131e-02 1.1936639e-02 0.0000000e+00 
3.1513523e-02 1.3422671e-02 0.0000000e+00 
1.0621048e-02 5.5805501e-03 0.0000000e+00 
2.0617370e-02 5.2262670e-03 0.0000000e+00 
3.9536770e-02 1.4271699e-02 0.0000000e+00 
3.2750096e-02 3.6423418e-03 0.0000000e+00 
1.3674941e-02 -3.1271626e-03 0.0000000e+00 
5.1377412e-02 1.4220075e-02 0.0000000e+00 
4.7353618e-02 9.9819305e-04 0.0000000e+00 
2.9989227e-03 1.0385876e-04 0.0000000e+00 
-1.3059245e-03 -2.7217048e-03 0.0000000e+00 
6.3679911e-02 1.2973990e-02 0.0000000e+00 
6.2531397e-02 -2.2950533e-04 0.0000000e+00 
1.4325793e-01 -1.6739516e-03 0.0000000e+00 
1.0857955e-01 2.1045018e-02 0.0000000e+00 
7.5140871e-02 1.0091626e-02 0.0000000e+00 
7.5868830e-02 -1.6034163e-03 0.0000000e+00 
4.7304109e-03 -2.2667400e-03 0.0000000e+00 
2.0821815e-02 -9.7975451e-03 0.0000000e+00 
-1.5795439e-03 1.3226641e-03 0.0000000e+00 
8.3469324e-02 6.1387145e-03 0.0000000e+00 
8.5813284e-02 -2.4582217e-03 0.0000000e+00 
9.0251319e-02 3.2040919e-03 0.0000000e+00 
9.1819011e-02 -1.3468793e-03 0.0000000e+00 
9.4426855e-02 1.7806378e-03 0.0000000e+00 
9.5380858e-02 -9.4650622e-04 0.0000000e+00 
9.6788414e-02 8.9825143e-04 0.0000000e+00 
1.2232870e-02 -7.1163857e-03 0.0000000e+00 
3.6626309e-02 -1.3527142e-02 0.0000000e+00 
4.9805436e-02 -1.7519332e-02 0.0000000e+00 
3.1737566e-02 -1.0444695e-02 0.0000000e+00 
5.8410220e-02 -1.5276030e-02 0.0000000e+00 
5.2363109e-02 -1.2183595e-02 0.0000000e+00 
8.3233431e-02 -1.5378282e-02 0.0000000e+00 
7.6073021e-02 -1.2515536e-02 0.0000000e+00 
1.0708074e-01 -1.3409672e-02 0.0000000e+00 
1.0587166e-01 -1.0452198e-02 0.0000000e+00 
1.0915997e-01 -1.6354643e-02 0.0000000e+00 
1.2718439e-01 -9.1990931e-03 0.0000000e+00 
1.2877662e-01 -5.2120448e-03 0.0000000e+00 
9.8181525e-03 -3.0383484e-03 0.0000000e+00 
-6.9448943e-05 1.7750348e-03 0.0000000e+00 
9.7490706e-02 -5.8042171e-04 0.0000000e+00 
9.8195232e-02 4.1664671e-04 0.0000000e+00 
9.8670669e-02 -4.7024467e-04 0.0000000e+00 
9.9025451e-02 1.7934015e-04 0.0000000e+00 
1.3919128e-01 -3.9587994e-03 0.0000000e+00 
1.4119771e-01 6.8710872e-04 0.0000000e+00 
6.1183572e-02 -1.2028610e-02 0.0000000e+00 
9.9282324e-02 -2.7250216e-04 0.0000000e+00 
9.9455118e-02 8.4364547e-05 0.0000000e+00 
9.9604540e-02 -1.5973116e-04 0.0000000e+00 
9.9695414e-02 3.6634792e-05 0.0000000e+00 
1.1588532e-01 1.1003224e-02 0.0000000e+00 
9.9781990e-02 -9.4009200e-05 0.0000000e+00 
9.9830039e-02 1.5055221e-05 0.0000000e+00 
9.9877730e-02 -5.4064760e-05 0.0000000e+00 
9.9904530e-02 6.0970970e-06 0.0000000e+00 
-9.7366708e-04 -1.4748398e-03 0.0000000e+00 
9.9932291e-02 -3.1255830e-05 0.0000000e+00 
9.9945411e-02 2.2913425e-06 0.0000000e+00 
9.9962875e-02 -2.0256868e-05 0.0000000e+00 
9.9969439e-02 -1.1066585e-07 0.0000000e+00 
9.9979892e-02 -1.1691368e-05 0.0000000e+00 
9.9982902e-02 -4.1413793e-07 0.0000000e+00 
1.2907065e-01 -1.1717074e-03 0.0000000e+00 
1.4268428e-01 6.2664179e-03 0.0000000e+00 
3.1658374e-02 -3.9178557e-03 0.0000000e+00 
9.3062952e-02 -6.2298793e-03 0.0000000e+00 
9.0335451e-02 1.3758659e-02 0.0000000e+00 
5.4510869e-02 1.2832536e-02 0.0000000e+00 
7.8185268e-02 2.2418082e-02 0.0000000e+00 
9.9988833e-02 -6.6623938e-06 0.0000000e+00 
9.9990368e-02 -3.8551974e-07 0.0000000e+00 
9.9993818e-02 -3.8270555e-06 0.0000000e+00 
9.9994577e-02 -2.9160159e-07 0.0000000e+00 
9.9993765e-02 3.0741510e-06 0.0000000e+00 
9.9996448e-02 1.6986056e-06 0.0000000e+00 
9.9980883e-02 1.0363337e-05 0.0000000e+00 
1.3281144e-01 1.2929649e-02 0.0000000e+00 
1.4282399e-01 3.4957845e-04 0.0000000e+00 
9.9996634e-02 -2.2218485e-06 0.0000000e+00 
9.9900872e-02 6.7317596e-05 0.0000000e+00 
1.3666892e-01 -7.8619877e-03 0.0000000e+00 
9.9485815e-02 4.4144501e-04 0.0000000e+00 
9.7208552e-02 2.8800964e-03 0.0000000e+00 
1.3412869e-01 5.3632176e-03 0.0000000e+00 
1.4365166e-01 1.2481424e-02 0.0000000e+00 
1.4389510e-01 1.0326969e-02 0.0000000e+00 
1.4269194e-01 1.5824456e-02 0.0000000e+00 
1.4284052e-01 1.9974200e-02 0.0000000e+00 
1.3982490e-01 2.1722307e-02 0.0000000e+00 
5.1705103e-02 4.0841408e-02 0.0000000e+00 
1.3997838e-01 2.7471159e-02 0.0000000e+00 
1.3488416e-01 2.6603058e-02 0.0000000e+00 
6.0908064e-02 2.2098171e-02 0.0000000e+00 
1.3443053e-01 2.0016721e-02 0.0000000e+00 
1.2914440e-01 2.3172669e-02 0.0000000e+00 
1.2787491e-01 3.1391587e-02 0.0000000e+00 
1.2282731e-01 2.5213730e-02 0.0000000e+00 
1.1928199e-01 3.1996436e-02 0.0000000e+00 
1.1629818e-01 2.5225423e-02 0.0000000e+00 
1.1144802e-01 3.0382799e-02 0.0000000e+00 
2.8644277e-02 3.8222052e-02 0.0000000e+00 
1.1035656e-01 2.3327002e-02 0.0000000e+00 
1.0456420e-01 2.6486028e-02 0.0000000e+00 
1.0556955e-01 2.0364268e-02 0.0000000e+00 
1.0021307e-01 2.1798581e-02 0.0000000e+00 
1.0202208e-01 1.6817050e-02 0.0000000e+00 
9.6733026e-02 1.7434461e-02 0.0000000e+00 
9.9760398e-02 1.2972540e-02 0.0000000e+00 
9.5979773e-02 1.1964835e-02 0.0000000e+00 
9.1669053e-02 1.4420013e-02 0.0000000e+00 
9.2793517e-02 9.5429271e-03 0.0000000e+00 
8.7886311e-02 1.0166934e-02 0.0000000e+00 
9.0179689e-02 6.2283985e-03 0.0000000e+00 
8.5897036e-02 4.8396396e-03 0.0000000e+00 
8.9797080e-02 2.2512970e-03 0.0000000e+00 
8.6198151e-02 -5.9635856e-04 0.0000000e+00 
9.0498522e-02 -1.3718380e-03 0.0000000e+00 
8.8481806e-02 -5.0828517e-03 0.0000000e+00 
9.2466854e-02 -4.2488049e-03 0.0000000e+00 
9.5847867e-02 7.9598855e-03 0.0000000e+00 
9.1801725e-02 -8.0519635e-03 0.0000000e+00 
8.6643837e-02 -1.0368369e-02 0.0000000e+00 
9.2490502e-02 -1.2400742e-02 0.0000000e+00 
8.8466801e-02 -1.7868653e-02 0.0000000e+00 
1.3674708e-02 -2.2768274e-02 0.0000000e+00 
9.4984129e-02 -1.7098796e-02 0.0000000e+00 
9.3370333e-02 -2.3297966e-02 0.0000000e+00 
9.2970818e-02 1.4240330e-03 0.0000000e+00 
9.4871588e-02 -6.0808342e-03 0.0000000e+00 
9.9116452e-02 -2.0763438e-02 0.0000000e+00 
9.9256232e-02 -2.7330246e-02 0.0000000e+00 
4.3664299e-02 -4.4755824e-02 0.0000000e+00 
1.0451400e-01 -2.2948300e-02 0.0000000e+00 
1.0653386e-01 -2.9306741e-02 0.0000000e+00 
6.7757182e-02 -1.3788704e-02 0.0000000e+00 
6.1506845e-02 -3.4633461e-02 0.0000000e+00 
9.9451110e-02 -1.5528226e-02 0.0000000e+00 
9.7501010e-02 2.8677188e-02 0.0000000e+00 
8.1620753e-02 -1.5010229e-02 0.0000000e+00 
1.0618070e-01 1.5202289e-02 0.0000000e+00 
8.1039280e-02 9.6213054e-03 0.0000000e+00 
1.1062660e-01 -2.2941062e-02 0.0000000e+00 
1.1478178e-01 -2.9474249e-02 0.0000000e+00 
1.0801243e-01 -1.8113378e-02 0.0000000e+00 
9.2353284e-02 -3.1621568e-02 0.0000000e+00 
9.5198408e-02 -3.2840690e-03 0.0000000e+00 
9.7224541e-02 -4.6560168e-03 0.0000000e+00 
9.7206101e-02 -2.3629232e-03 0.0000000e+00 
9.8539136e-02 -3.1208333e-03 0.0000000e+00 
1.2934367e-01 1.7194510e-02 0.0000000e+00 
1.3357142e-01 1.4333899e-02 0.0000000e+00 
1.1683952e-01 -2.1570928e-02 0.0000000e+00 
1.2187557e-01 -2.5705466e-02 0.0000000e+00 
1.2162387e-01 -3.2841995e-02 0.0000000e+00 
1.2870301e-01 -2.9203136e-02 0.0000000e+00 
1.2679043e-01 -2.1645073e-02 0.0000000e+00 
1.3312195e-01 -2.2662712e-02 0.0000000e+00 
1.3636567e-01 -2.8492780e-02 0.0000000e+00 
3.4001045e-02 3.7789322e-03 0.0000000e+00 
1.3034949e-01 -1.7052781e-02 0.0000000e+00 
1.3928021e-01 -2.1423323e-02 0.0000000e+00 
1.4167354e-01 -2.4758626e-02 0.0000000e+00 
1.1468212e-01 1.9403320e-02 0.0000000e+00 
1.1308882e-01 3.8219463e-02 0.0000000e+00 
2.3611300e-02 -6.7563467e-03 0.0000000e+00 
9.9997215e-02 4.1459484e-06 0.0000000e+00 
9.9998400e-02 2.3554824e-06 0.0000000e+00 
8.1013270e-02 -1.0357707e-02 0.0000000e+00 
9.8859280e-02 -1.4560692e-03 0.0000000e+00 
1.1236320e-01 -1.9059806e-03 0.0000000e+00 
1.4334069e-01 -1.8123696e-02 0.0000000e+00 
1.4087270e-01 -1.5198679e-02 0.0000000e+00 
1.4051896e-01 -1.6701480e-02 0.0000000e+00 
9.9174991e-02 -4.9913432e-03 0.0000000e+00 
1.3763481e-01 -3.2758787e-02 0.0000000e+00 
9.9665552e-02 -4.3951112e-04 0.0000000e+00 
9.9997990e-02 9.5090610e-07 0.0000000e+00 
1.3833775e-01 2.4364317e-02 0.0000000e+00 
1.3689998e-01 3.3078413e-02 0.0000000e+00 
9.9902719e-02 -1.3620587e-04 0.0000000e+00 
1.2773106e-01 2.5756028e-02 0.0000000e+00 
1.2453648e-01 1.5815362e-02 0.0000000e+00 
1.2924266e-01 1.2064544e-02 0.0000000e+00 
9.9991851e-02 -1.4690878e-05 0.0000000e+00 
1.4128864e-01 -3.7011662e-03 0.0000000e+00 
1.4308475e-01 -1.2143848e-02 0.0000000e+00 
1.3277884e-01 -8.1850095e-03 0.0000000e+00 
1.3749856e-01 -5.1246546e-03 0.0000000e+00 
1.1948850e-01 1.1335040e-04 0.0000000e+00 
9.9974245e-02 -5.1853327e-05 0.0000000e+00 
9.8561212e-02 -1.6730960e-03 0.0000000e+00 
9.7791635e-02 -6.9159316e-04 0.0000000e+00 
1.2498786e-01 -1.6310621e-02 0.0000000e+00 
1.2837006e-01 -1.2119393e-02 0.0000000e+00 
9.9828750e-02 -3.1475914e-03 0.0000000e+00 
1.2471765e-01 1.3931555e-02 0.0000000e+00 
9.9999100e-02 1.3367930e-06 0.0000000e+00 
1.2559311e-01 -1.0727383e-02 0.0000000e+00 
9.9999785e-02 3.6814167e-06 0.0000000e+00 
9.9999718e-02 6.4241531e-06 0.0000000e+00 
9.9997774e-02 -4.8124821e-06 0.0000000e+00 
9.9998772e-02 -2.5920831e-06 0.0000000e+00 
1.2739804e-01 3.6770366e-02 0.0000000e+00 
1.3189964e-01 4.0705554e-02 0.0000000e+00 
1.2339605e-01 4.6978116e-02 0.0000000e+00 
9.9998131e-02 -1.1984044e-06 0.0000000e+00 
9.9999368e-02 -1.4092357e-06 0.0000000e+00 
1.2736422e-01 1.4625058e-03 0.0000000e+00 
1.0378086e-01 5.8009159e-03 0.0000000e+00 
8.7578773e-02 5.0648241e-03 0.0000000e+00 
7.1385488e-02 8.2657486e-03 0.0000000e+00 
5.1203404e-02 7.1976813e-03 0.0000000e+00 
4.0842738e-02 6.7524845e-03 0.0000000e+00 
5.9835192e-02 8.8837957e-03 0.0000000e+00 
3.3059590e-02 5.9591783e-03 0.0000000e+00 
1.0094990e-01 -4.3744734e-03 0.0000000e+00 
1.0102946e-01 -6.8294811e-03 0.0000000e+00 
1.0000227e-01 4.3692648e-06 0.0000000e+00 
5.0503079e-02 9.0623144e-03 0.0000000e+00 
2.6941117e-02 5.6971535e-03 0.0000000e+00 
1.3463939e-02 1.8832971e-03 0.0000000e+00 
9.9790618e-03 2.2517066e-03 0.0000000e+00 
9.9998876e-02 -6.2589947e-07 0.0000000e+00 
6.3351832e-02 5.8657401e-03 0.0000000e+00 
1.2524730e-01 9.1823330e-03 0.0000000e+00 
1.3381311e-01 9.1177821e-03 0.0000000e+00 
1.3340665e-01 -1.2081256e-02 0.0000000e+00 
9.9999547e-02 -7.9876253e-07 0.0000000e+00 
1.3076010e-01 -8.2037505e-03 0.0000000e+00 
9.8951124e-02 -6.2590954e-04 0.0000000e+00 
9.8647878e-02 2.2124781e-04 0.0000000e+00 
9.9387750e-02 -1.1175962e-03 0.0000000e+00 
9.7086824e-02 8.8063680e-04 0.0000000e+00 
9.8566592e-02 1.3968302e-03 0.0000000e+00 
9.7605497e-02 2.7058860e-03 0.0000000e+00 
9.9032916e-02 2.4243144e-03 0.0000000e+00 
9.8583296e-02 4.4709304e-03 0.0000000e+00 
9.9948294e-02 3.2131567e-03 0.0000000e+00 
1.0045066e-01 5.0830101e-03 0.0000000e+00 
9.9841900e-02 1.8643562e-03 0.0000000e+00 
1.9957172e-03 -8.3138217e-04 0.0000000e+00 
-1.6000636e-04 2.6406109e-04 0.0000000e+00 
8.2239294e-03 3.3077688e-03 0.0000000e+00 
-3.3510816e-03 -1.1913719e-03 0.0000000e+00 
-5.0085089e-03 -1.3600498e-04 0.0000000e+00 
9.9998832e-02 5.4334441e-07 0.0000000e+00 
1.0121833e-01 3.3358980e-03 0.0000000e+00 
1.2623492e-01 -8.0064749e-03 0.0000000e+00 
-4.9749897e-03 3.1712618e-05 0.0000000e+00 
-5.2561364e-03 8.4531552e-05 0.0000000e+00 
-3.4370935e-03 1.0927746e-03 0.0000000e+00 
-7.4774068e-04 -4.6769623e-04 0.0000000e+00 
2.1730845e-03 4.6028258e-04 0.0000000e+00 
1.0555480e-01 2.3564836e-02 0.0000000e+00 
1.4385785e-01 -7.5448500e-03 0.0000000e+00 
1.2461028e-01 4.5682833e-02 0.0000000e+00 
1.1612400e-01 5.2977096e-02 0.0000000e+00 
1.3471282e-01 -7.8211706e-03 0.0000000e+00 
1.4069603e-01 1.1622456e-02 0.0000000e+00 
1.4181380e-01 7.2818054e-03 0.0000000e+00 
9.9356391e-02 5.9021980e-04 0.0000000e+00 
1.1598791e-01 2.6092120e-03 0.0000000e+00 
8.6188175e-02 -4.5998953e-03 0.0000000e+00 
8.3633140e-02 -6.7456560e-03 0.0000000e+00 
5.5099845e-02 -7.2258329e-03 0.0000000e+00 
8.8433124e-02 -9.4064989e-04 0.0000000e+00 
-5.3596306e-03 1.1644309e-04 0.0000000e+00 
3.1550385e-02 6.4439084e-03 0.0000000e+00 
1.0000051e-01 -3.5274836e-06 0.0000000e+00 
1.0000101e-01 -7.1209156e-06 0.0000000e+00 
7.7381581e-02 1.0606050e-02 0.0000000e+00 
5.6347802e-02 -7.7303941e-03 0.0000000e+00 
3.0645955e-02 -5.4121744e-03 0.0000000e+00 
3.4024175e-02 -5.7113227e-03 0.0000000e+00 
1.4410316e-02 -1.7919721e-03 0.0000000e+00 
1.9434858e-02 -3.2936085e-03 0.0000000e+00 
3.8060524e-02 -7.1120695e-03 0.0000000e+00 
9.9999472e-02 7.0342435e-07 0.0000000e+00 
1.0000002e-01 1.1830484e-06 0.0000000e+00 
-1.2969216e-03 2.6546894e-03 0.0000000e+00 
1.0074475e-01 -2.6125358e-03 0.0000000e+00 
1.0009366e-01 -1.8633208e-03 0.0000000e+00 
1.3584155e-01 1.1706126e-02 0.0000000e+00 
2.1242602e-03 -3.1094502e-03 0.0000000e+00 
1.3610733e-01 -2.6870944e-02 0.0000000e+00 
1.3054320e-01 -3.2989156e-02 0.0000000e+00 
1.3172381e-01 -4.0779188e-02 0.0000000e+00 
1.2122244e-01 -4.1387897e-02 0.0000000e+00 
1.2306526e-01 -4.8569120e-02 0.0000000e+00 
1.2407780e-01 -2.2422118e-02 0.0000000e+00 
8.1862263e-02 -2.2955395e-02 0.0000000e+00 
7.4439406e-02 -1.9588508e-02 0.0000000e+00 
7.5142667e-02 -1.0979158e-02 0.0000000e+00 
6.6179238e-02 -1.3363961e-02 0.0000000e+00 
6.4393818e-02 -2.4610974e-02 0.0000000e+00 
5.3792462e-02 -1.6046152e-02 0.0000000e+00 
5.9520029e-02 -4.3722456e-03 0.0000000e+00 
4.5377485e-02 -2.7779553e-03 0.0000000e+00 
5.5943299e-02 7.6149232e-03 0.0000000e+00 
6.6708580e-02 3.5705047e-03 0.0000000e+00 
6.6284642e-02 1.3218790e-02 0.0000000e+00 
5.7486173e-02 2.0980787e-02 0.0000000e+00 
6.9296911e-02 2.2748863e-02 0.0000000e+00 
6.3860364e-02 3.3240870e-02 0.0000000e+00 
7.5495437e-02 3.0760644e-02 0.0000000e+00 
7.4494272e-02 4.1908804e-02 0.0000000e+00 
7.8939341e-02 2.2007834e-02 0.0000000e+00 
4.8247032e-02 3.1658698e-02 0.0000000e+00 
5.2092846e-02 -3.0816466e-02 0.0000000e+00 
6.6193029e-02 -3.7162159e-02 0.0000000e+00 
5.4598484e-02 -4.5539666e-02 0.0000000e+00 
7.2583310e-02 -4.8606575e-02 0.0000000e+00 
8.4253676e-02 3.6023289e-02 0.0000000e+00 
8.6791590e-02 4.5969717e-02 0.0000000e+00 
7.6172441e-02 5.3508881e-02 0.0000000e+00 
9.2065282e-02 5.5063982e-02 0.0000000e+00 
9.8242313e-02 4.6075240e-02 0.0000000e+00 
7.8313723e-02 -3.8517736e-02 0.0000000e+00 
8.6058810e-02 -4.6567693e-02 0.0000000e+00 
8.3889723e-02 -5.6144331e-02 0.0000000e+00 
9.6870102e-02 -5.0999135e-02 0.0000000e+00 
9.7321309e-02 -5.8184005e-02 0.0000000e+00 
1.0826976e-01 -5.1478229e-02 0.0000000e+00 
1.0417342e-01 -4.3731146e-02 0.0000000e+00 
2.8819304e-03 -1.6533087e-03 0.0000000e+00 
1.0286534e-01 4.9983822e-02 0.0000000e+00 
4.2445701e-02 4.3496370e-02 0.0000000e+00 
1.0000032e-01 -1.1958970e-06 0.0000000e+00 
1.1370205e-01 -4.3145746e-02 0.0000000e+00 
1.3958718e-01 3.0802381e-03 0.0000000e+00 
1.2663358e-01 -4.2311069e-02 0.0000000e+00 
8.2970910e-02 1.4148246e-02 0.0000000e+00 
9.9987611e-02 5.8363017e-02 0.0000000e+00 
3.0815186e-02 -4.0898677e-02 0.0000000e+00 
5.4198351e-02 -4.1930377e-02 0.0000000e+00 
1.7296162e-02 -4.3950453e-03 0.0000000e+00 
5.4770835e-02 2.4468161e-03 0.0000000e+00 
2.3750227e-03 1.1702713e-04 0.0000000e+00 
6.3086823e-02 -2.4041865e-02 0.0000000e+00 
-1.5166053e-03 -1.5491518e-03 0.0000000e+00 
1.8264461e-02 2.7130108e-02 0.0000000e+00 
1.0270059e-01 5.1167798e-03 0.0000000e+00 
1.0210822e-01 7.4883462e-03 0.0000000e+00 
1.0471167e-01 7.0260800e-03 0.0000000e+00 
4.9252857e-02 -1.5668365e-03 0.0000000e+00 
7.8174621e-02 -2.4964579e-03 0.0000000e+00 
2.9792378e-03 3.4350378e-03 0.0000000e+00 
1.4418277e-02 7.5450991e-03 0.0000000e+00 
1.0303178e-01 -5.1757270e-03 0.0000000e+00 
1.0386877e-01 -8.2140937e-03 0.0000000e+00 
1.1056165e-01 -2.0179544e-03 0.0000000e+00 
1.0387035e-01 3.6035407e-02 0.0000000e+00 
1.3311865e-02 -1.2725256e-02 0.0000000e+00 
1.0781015e-01 -7.7740038e-03 0.0000000e+00 
1.0521352e-01 -4.7827344e-02 0.0000000e+00 
1.0000131e-01 2.5463019e-06 0.0000000e+00 
5.9515331e-02 3.2444637e-02 0.0000000e+00 
1.2094768e-01 1.0796062e-02 0.0000000e+00 
8.0044210e-02 1.7333884e-03 0.0000000e+00 
8.3125025e-02 -4.8703402e-03 0.0000000e+00 
1.3805792e-01 8.0323853e-03 0.0000000e+00 
1.3936318e-01 4.3112789e-03 0.0000000e+00 
8.5155167e-02 1.5989825e-02 0.0000000e+00 
9.0024203e-02 2.1027675e-02 0.0000000e+00 
1.1602980e-01 6.2565929e-03 0.0000000e+00 
1.3642162e-01 -2.5305497e-03 0.0000000e+00 
1.0828803e-01 3.1600273e-03 0.0000000e+00 
1.1337080e-01 4.6528098e-03 0.0000000e+00 
1.0000414e-01 7.5093972e-06 0.0000000e+00 
9.9999771e-02 1.1280119e-05 0.0000000e+00 
1.0830498e-01 -3.2366938e-03 0.0000000e+00 
1.0103100e-01 -1.1053304e-02 0.0000000e+00 
1.0499261e-01 -1.1863093e-02 0.0000000e+00 
1.0729298e-01 -8.9770984e-03 0.0000000e+00 
9.7957902e-02 -7.9980744e-03 0.0000000e+00 
1.0924833e-01 -1.3040374e-02 0.0000000e+00 
1.1173372e-01 -8.6967014e-03 0.0000000e+00 
1.1476595e-01 -1.1861746e-02 0.0000000e+00 
1.3227767e-01 2.7365694e-03 0.0000000e+00 
1.3223079e-01 6.7948462e-03 0.0000000e+00 
1.2789728e-01 4.3976158e-03 0.0000000e+00 
1.2713781e-01 1.0494268e-02 0.0000000e+00 
1.1933725e-01 1.2363151e-02 0.0000000e+00 
1.2013713e-01 1.7320326e-02 0.0000000e+00 
1.0920005e-01 1.8830506e-02 0.0000000e+00 
1.1167082e-01 1.2683602e-02 0.0000000e+00 
1.0266537e-01 1.6175918e-02 0.0000000e+00 
1.0591497e-01 1.0755831e-02 0.0000000e+00 
1.1067227e-01 7.7523245e-03 0.0000000e+00 
1.3473494e-01 -1.3659501e-03 0.0000000e+00 
1.3549818e-01 -4.5859735e-03 0.0000000e+00 
1.3163556e-01 -7.1491371e-03 0.0000000e+00 
1.3559511e-01 -9.5694112e-03 0.0000000e+00 
1.2931967e-01 -1.3224089e-02 0.0000000e+00 
1.2682307e-01 -9.3239360e-03 0.0000000e+00 
1.2260801e-01 -1.5333550e-02 0.0000000e+00 
1.1917568e-01 -1.9928759e-02 0.0000000e+00 
1.1150136e-01 -2.1192320e-02 0.0000000e+00 
9.8343752e-02 -2.4141831e-02 0.0000000e+00 
1.1537670e-01 -1.5763106e-02 0.0000000e+00 
1.0370736e-01 -1.9654736e-02 0.0000000e+00 
1.0908816e-01 -1.3962698e-02 0.0000000e+00 
1.0587201e-01 -2.2371702e-02 0.0000000e+00 
9.8715350e-02 -1.5460017e-02 0.0000000e+00 
1.0409568e-01 -1.0796867e-02 0.0000000e+00 
1.3736378e-01 -1.2950220e-03 0.0000000e+00 
1.3526560e-01 4.4774107e-04 0.0000000e+00 
1.2727007e-01 -1.6632261e-02 0.0000000e+00 
1.3889445e-01 -4.5661144e-03 0.0000000e+00 
8.5539453e-02 -1.9169759e-02 0.0000000e+00 
1.3341042e-01 -1.2495192e-02 0.0000000e+00 
8.7039337e-02 -1.1426504e-02 0.0000000e+00 
6.9644667e-02 -2.2453031e-02 0.0000000e+00 
6.8941697e-02 -2.1841923e-02 0.0000000e+00 
4.4964842e-02 -1.6246323e-02 0.0000000e+00 
1.0606049e-01 5.2104801e-02 0.0000000e+00 
1.0848055e-01 7.4063586e-03 0.0000000e+00 
1.1342353e-01 9.5660444e-03 0.0000000e+00 
6.0217198e-02 4.5259088e-02 0.0000000e+00 
4.2891357e-02 1.4211285e-02 0.0000000e+00 
1.2837097e-01 -4.7736652e-03 0.0000000e+00 
1.2670776e-01 1.5509902e-02 0.0000000e+00 
1.1444781e-01 2.1759810e-02 0.0000000e+00 
1.0509583e-01 2.2696069e-02 0.0000000e+00 
8.9393154e-02 2.4397343e-02 0.0000000e+00 
1.0504871e-01 1.0366598e-02 0.0000000e+00 
1.0233730e-01 -1.3916597e-03 0.0000000e+00 
9.9855259e-02 1.9228853e-04 0.0000000e+00 
1.0243458e-01 1.3871823e-03 0.0000000e+00 
3.7102431e-02 -1.8011438e-02 0.0000000e+00 
1.2151473e-01 -5.5153705e-03 0.0000000e+00 
1.7308138e-02 2.5733765e-03 0.0000000e+00 
9.9941634e-02 -3.9162813e-04 0.0000000e+00 
1.0580380e-01 -5.6659812e-03 0.0000000e+00 
1.2973401e-01 3.4489699e-03 0.0000000e+00 
1.3630251e-04 -1.9613379e-03 0.0000000e+00 
1.0000584e-01 3.5799196e-06 0.0000000e+00 
7.3830791e-02 8.5766846e-04 0.0000000e+00 
1.9210765e-02 4.6904613e-03 0.0000000e+00 
5.5645786e-02 1.0958740e-02 0.0000000e+00 
5.5006549e-02 -6.6388971e-03 0.0000000e+00 
9.2507213e-02 -2.3589656e-02 0.0000000e+00 
1.1310067e-01 -4.3489151e-03 0.0000000e+00 
7.7354960e-02 5.9895653e-02 0.0000000e+00 
-1.7880395e-03 1.8959569e-03 0.0000000e+00 
1.1209235e-01 -2.7368715e-02 0.0000000e+00 
1.0936780e-01 -3.7603588e-03 0.0000000e+00 
1.0561591e-01 -2.6666140e-03 0.0000000e+00 
1.0295749e-01 -3.9596190e-03 0.0000000e+00 
1.0157236e-01 -2.3393051e-03 0.0000000e+00 
1.0041921e-01 -3.8603384e-03 0.0000000e+00 
1.0002375e-01 -2.2188509e-03 0.0000000e+00 
1.0109218e-01 -6.8913428e-03 0.0000000e+00 
9.8008856e-02 -5.3085852e-03 0.0000000e+00 
1.0545336e-01 -6.2614987e-03 0.0000000e+00 
1.0083875e-01 -1.3523144e-03 0.0000000e+00 
9.9977516e-02 -1.2450587e-03 0.0000000e+00 
1.3579173e-01 5.0385720e-03 0.0000000e+00 
1.0001359e-01 4.7200557e-04 0.0000000e+00 
1.0019857e-01 1.0390020e-03 0.0000000e+00 
9.5991232e-02 -1.0001241e-03 0.0000000e+00 
1.1298256e-01 -1.6961591e-02 0.0000000e+00 
1.1938605e-01 -1.5696755e-02 0.0000000e+00 
1.1908627e-01 -9.7532049e-03 0.0000000e+00 
1.1935516e-01 1.5685409e-02 0.0000000e+00 
7.3610693e-02 7.8085409e-03 0.0000000e+00 
1.4060397e-01 3.4518394e-04 0.0000000e+00 
1.1030518e-01 -5.5121128e-02 0.0000000e+00 
1.0045028e-01 -7.6647638e-04 0.0000000e+00 
9.9972941e-02 -6.8759039e-04 0.0000000e+00 
1.0024641e-01 -4.3386096e-04 0.0000000e+00 
9.9983923e-02 -3.7389933e-04 0.0000000e+00 
1.0013486e-01 -2.3697024e-04 0.0000000e+00 
1.0005134e-01 -3.9361962e-04 0.0000000e+00 
9.9419527e-02 -7.8657723e-04 0.0000000e+00 
9.8630294e-02 -2.9751230e-03 0.0000000e+00 
1.0017514e-01 -1.0096178e-04 0.0000000e+00 
1.0006797e-01 -1.2400460e-04 0.0000000e+00 
1.0004458e-01 -6.7587061e-05 0.0000000e+00 
9.9993490e-02 -1.0382516e-04 0.0000000e+00 
9.9581391e-02 7.1607679e-03 0.0000000e+00 
2.7118828e-02 1.7629407e-03 0.0000000e+00 
1.3440353e-01 3.3574056e-02 0.0000000e+00 
1.0104938e-01 -3.5214007e-02 0.0000000e+00 
1.1554421e-01 4.6030518e-02 0.0000000e+00 
9.9999875e-02 -3.0875876e-07 0.0000000e+00 
1.0320574e-01 1.6774330e-03 0.0000000e+00 
1.0280412e-01 3.9281389e-03 0.0000000e+00 
1.0153402e-01 2.3140928e-03 0.0000000e+00 
1.0054907e-01 3.6775798e-03 0.0000000e+00 
1.0019327e-01 2.0808382e-03 0.0000000e+00 
1.0124287e-01 6.2775700e-03 0.0000000e+00 
1.0531537e-01 6.4509814e-03 0.0000000e+00 
1.0084350e-01 1.3152228e-03 0.0000000e+00 
1.0014010e-01 1.1395818e-03 0.0000000e+00 
9.9438921e-02 1.4561705e-03 0.0000000e+00 
1.0057068e-01 -3.2244541e-04 0.0000000e+00 
9.9999838e-02 4.6310163e-07 0.0000000e+00 
1.0182528e-01 -9.7641250e-04 0.0000000e+00 
9.9999517e-02 1.4990343e-08 0.0000000e+00 
1.0000771e-01 1.3100261e-05 0.0000000e+00 
1.0000019e-01 1.9917743e-05 0.0000000e+00 
1.0001407e-01 2.2954200e-05 0.0000000e+00 
1.0000116e-01 3.5086101e-05 0.0000000e+00 
9.9986367e-02 2.3696202e-05 0.0000000e+00 
9.9977270e-02 4.2320924e-05 0.0000000e+00 
1.0000367e-01 6.1402796e-05 0.0000000e+00 
9.9962451e-02 7.6034637e-05 0.0000000e+00 
1.0001004e-01 1.0789974e-04 0.0000000e+00 
9.9939294e-02 1.3720275e-04 0.0000000e+00 
1.0002544e-01 1.8973148e-04 0.0000000e+00 
9.9903420e-02 2.4902754e-04 0.0000000e+00 
1.0005686e-01 3.3581755e-04 0.0000000e+00 
9.9845052e-02 4.4704950e-04 0.0000000e+00 
1.0009938e-01 6.1155821e-04 0.0000000e+00 
1.0028075e-01 3.7754313e-04 0.0000000e+00 
9.9827915e-02 1.2603040e-04 0.0000000e+00 
9.9966772e-02 1.9576413e-05 0.0000000e+00 
9.9991880e-02 1.3175303e-05 0.0000000e+00 
1.9149343e-02 4.0195915e-03 0.0000000e+00 
1.0001729e-01 -1.0067148e-05 0.0000000e+00 
1.0001411e-01 -2.3366714e-05 0.0000000e+00 
1.0000643e-01 -1.2161596e-05 0.0000000e+00 
1.0010215e-01 5.3764408e-05 0.0000000e+00 
1.0003302e-01 1.7777749e-05 0.0000000e+00 
1.0000285e-01 -1.6882016e-06 0.0000000e+00 
1.0000978e-01 -5.1368297e-06 0.0000000e+00 
9.9995650e-02 -8.2054075e-06 0.0000000e+00 
1.0000011e-01 -2.1453627e-06 0.0000000e+00 
1.0000064e-01 -5.6144341e-07 0.0000000e+00 
9.9985413e-02 -2.6207557e-05 0.0000000e+00 
1.0000072e-01 -3.8647271e-05 0.0000000e+00 
9.9995226e-02 7.3681099e-06 0.0000000e+00 
9.9999882e-02 2.0922623e-06 0.0000000e+00 
1.0000008e-01 -5.6516421e-07 0.0000000e+00 
9.6696459e-02 4.7140843e-03 0.0000000e+00 
9.5653221e-02 2.4594441e-03 0.0000000e+00 
9.9989086e-02 5.6168665e-06 0.0000000e+00 
1.0000124e-01 6.4622316e-07 0.0000000e+00 
1.0000065e-01 7.9830056e-07 0.0000000e+00 
1.0014877e-01 -9.3634572e-04 0.0000000e+00 
1.0181880e-01 9.7880710e-04 0.0000000e+00 
9.9996977e-02 -1.9876180e-07 0.0000000e+00 
9.9942729e-02 3.6116304e-05 0.0000000e+00 
6.2843360e-02 -5.5646695e-02 0.0000000e+00 
1.0632024e-01 3.5874166e-02 0.0000000e+00 
9.9998236e-02 -9.4950835e-08 0.0000000e+00 
3.9823931e-02 8.9671165e-03 0.0000000e+00 
2.3644632e-02 7.6486091e-03 0.0000000e+00 
-1.3204328e-03 2.6367260e-03 0.0000000e+00 
9.3833141e-02 3.7266020e-02 0.0000000e+00 
9.9702790e-02 2.3637526e-04 0.0000000e+00 
9.5371507e-02 5.1678447e-03 0.0000000e+00 
9.9999301e-02 -2.6921572e-07 0.0000000e+00 
9.9827752e-02 -2.4137489e-04 0.0000000e+00 
1.2205174e-01 3.8856644e-02 0.0000000e+00 
1.3752124e-01 -1.1372316e-02 0.0000000e+00 
9.9523731e-02 -9.4678089e-06 0.0000000e+00 
1.1006338e-01 -8.4649911e-03 0.0000000e+00 
1.2782390e-01 -4.0465030e-03 0.0000000e+00 
9.7642869e-02 -1.0608466e-02 0.0000000e+00 
8.9573665e-03 -2.3993908e-03 0.0000000e+00 
9.2761539e-02 8.7971864e-03 0.0000000e+00 
1.0000081e-01 1.4682867e-06 0.0000000e+00 
7.4542105e-02 -2.9040027e-02 0.0000000e+00 
9.4821505e-02 -9.4785634e-03 0.0000000e+00 
6.4752079e-03 2.6027591e-04 0.0000000e+00 
1.0001864e-01 1.0345926e-05 0.0000000e+00 
1.2437387e-01 3.9863735e-03 0.0000000e+00 
9.9866897e-02 -9.7214320e-04 0.0000000e+00 
1.0034665e-01 -5.5049238e-04 0.0000000e+00 
9.9863790e-02 9.6623739e-04 0.0000000e+00 
1.0050717e-01 1.8594861e-03 0.0000000e+00 
5.8688603e-02 4.8598973e-03 0.0000000e+00 
1.3234466e-01 -3.5182461e-02 0.0000000e+00 
9.9997528e-02 -1.9631944e-04 0.0000000e+00 
-1.5278889e-03 1.4359303e-03 0.0000000e+00 
1.0034980e-01 5.1702478e-04 0.0000000e+00 
1.0941718e-01 1.2464787e-02 0.0000000e+00 
1.0005692e-01 -2.8584514e-05 0.0000000e+00 
1.0000042e-01 4.1801653e-07 0.0000000e+00 
9.9120423e-02 1.2005900e-02 0.0000000e+00 
9.1492705e-02 2.0009015e-02 0.0000000e+00 
1.3642563e-01 7.6092039e-03 0.0000000e+00 
1.1229167e-01 -1.9224806e-02 0.0000000e+00 
8.2670219e-02 -2.1067359e-02 0.0000000e+00 
6.9938548e-02 -4.4836886e-03 0.0000000e+00 
9.0989657e-02 -5.6022730e-02 0.0000000e+00 
-3.0896990e-03 -9.6096628e-04 0.0000000e+00 
1.0000034e-01 -2.5677724e-07 0.0000000e+00 
1.0962573e-01 -3.6109902e-02 0.0000000e+00 
9.9999242e-02 2.0713988e-07 0.0000000e+00 
1.4328285e-01 -6.9371434e-03 0.0000000e+00 
1.0002481e-01 3.9786955e-05 0.0000000e+00 
1.2453025e-01 1.9276831e-02 0.0000000e+00 
1.0000340e-01 2.0562256e-06 0.0000000e+00 
9.9373795e-02 -2.0714079e-03 0.0000000e+00 
9.3426071e-02 5.0015827e-03 0.0000000e+00 
1.4383204e-01 5.0253901e-03 0.0000000e+00 
2.2868043e-02 -5.0318912e-03 0.0000000e+00 
1.3703266e-01 2.0116949e-03 0.0000000e+00 
9.9386759e-02 1.3910648e-03 0.0000000e+00 
1.3592598e-01 -1.6684324e-02 0.0000000e+00 
1.0060645e-01 3.0427772e-04 0.0000000e+00 
4.4922434e-02 -1.1871091e-02 0.0000000e+00 
1.1630081e-01 -9.7482614e-03 0.0000000e+00 
9.9934444e-02 -7.5315787e-05 0.0000000e+00 
8.3678983e-02 -3.0446487e-02 0.0000000e+00 
9.9037416e-02 -3.4275553e-03 0.0000000e+00 
1.0004457e-01 6.8734953e-05 0.0000000e+00 
9.6938714e-02 -1.2054409e-02 0.0000000e+00 
5.6007165e-02 5.3746108e-02 0.0000000e+00 
1.0386656e-01 1.2711058e-02 0.0000000e+00 
1.3830513e-01 1.5917711e-02 0.0000000e+00 
2.6670711e-02 -6.3641598e-03 0.0000000e+00 
1.4296161e-01 -2.5844956e-03 0.0000000e+00 
1.2240818e-01 1.7512621e-02 0.0000000e+00 
1.4384624e-01 -1.2538391e-02 0.0000000e+00 
8.9270905e-02 8.9175152e-03 0.0000000e+00 
7.6091073e-02 1.5254447e-02 0.0000000e+00 
8.6781107e-02 -1.8597960e-02 0.0000000e+00 
1.0325145e-01 -1.7816432e-02 0.0000000e+00 
9.0469951e-03 3.0728437e-03 0.0000000e+00 
1.1468640e-01 4.2581684e-03 0.0000000e+00 
8.1168510e-02 2.1934396e-02 0.0000000e+00 
8.4383957e-02 2.6787190e-02 0.0000000e+00 
9.1070682e-02 2.8574111e-02 0.0000000e+00 
1.0050049e-01 7.0036371e-04 0.0000000e+00 
4.3557085e-02 -9.2005534e-03 0.0000000e+00 
1.1948103e-01 2.0855878e-02 0.0000000e+00 
1.1398657e-01 1.4554110e-02 0.0000000e+00 
1.3272046e-01 5.3859339e-03 0.0000000e+00 
9.9720366e-02 7.9794694e-04 0.0000000e+00 
1.2555800e-01 -1.2545735e-02 0.0000000e+00 
1.0204305e-01 -3.1568145e-03 0.0000000e+00 
1.2356649e-01 -4.2011500e-03 0.0000000e+00 
5.9793774e-02 2.0414641e-02 0.0000000e+00 
9.9522106e-02 -4.7846648e-04 0.0000000e+00 
1.2915739e-01 7.2803390e-03 0.0000000e+00 
1.0935558e-01 3.5366963e-03 0.0000000e+00 
2.9588407e-02 2.3521131e-02 0.0000000e+00 
9.3682438e-02 -1.2460093e-03 0.0000000e+00 
1.0008201e-01 1.1993264e-04 0.0000000e+00 
1.1008526e-01 1.7537119e-02 0.0000000e+00 
1.4112082e-01 -3.7287902e-03 0.0000000e+00 
7.6564007e-02 -5.9028707e-02 0.0000000e+00 
1.0002648e-01 -3.9944989e-05 0.0000000e+00 
9.9053554e-02 8.3059195e-04 0.0000000e+00 
2.9184420e-02 -5.9316480e-03 0.0000000e+00 
-1.4506681e-03 -2.3407454e-03 0.0000000e+00 
1.1842025e-01 -4.8161473e-02 0.0000000e+00 
1.2893677e-01 3.8686499e-02 0.0000000e+00 
9.5407516e-02 -4.1703269e-02 0.0000000e+00 
1.3228028e-01 -4.9836910e-03 0.0000000e+00 
3.3931330e-02 -1.3635771e-02 0.0000000e+00 
1.2169712e-01 -1.9790335e-02 0.0000000e+00 
1.0757410e-01 4.3938339e-02 0.0000000e+00 
3.4145921e-02 -3.3294663e-02 0.0000000e+00 
9.9999987e-02 7.1680722e-07 0.0000000e+00 
1.0014956e-01 2.0660889e-04 0.0000000e+00 
6.2740467e-02 2.0791031e-02 0.0000000e+00 
9.8230198e-02 9.3934955e-03 0.0000000e+00 
-3.4725086e-03 1.0671711e-03 0.0000000e+00 
4.7522977e-02 -5.3547868e-03 0.0000000e+00 
1.2343667e-01 -1.1631856e-02 0.0000000e+00 
9.9999569e-02 -2.1133628e-05 0.0000000e+00 
6.7992960e-03 4.3996377e-03 0.0000000e+00 
7.7243440e-02 -4.5349677e-03 0.0000000e+00 
7.2599441e-02 -1.0962336e-02 0.0000000e+00 
1.1841739e-01 8.1117423e-03 0.0000000e+00 
1.0134625e-01 1.8972856e-03 0.0000000e+00 
4.0592879e-02 4.1612737e-02 0.0000000e+00 
1.2108028e-01 -1.1178000e-02 0.0000000e+00 
1.0031691e-01 1.5335577e-04 0.0000000e+00 
-3.4705882e-03 -7.2401733e-04 0.0000000e+00 
5.8172056e-03 -3.0506002e-03 0.0000000e+00 
6.5526920e-03 1.1326306e-04 0.0000000e+00 
1.1550318e-01 -7.9023903e-03 0.0000000e+00 
9.8336950e-02 1.5120298e-03 0.0000000e+00 
1.0054945e-01 -1.4700184e-03 0.0000000e+00 
9.5639214e-02 -3.2978237e-03 0.0000000e+00 
7.3390923e-02 8.6589821e-04 0.0000000e+00 
8.1706256e-02 -8.5687507e-03 0.0000000e+00 
9.9998869e-02 -1.2373785e-05 0.0000000e+00 
9.9702395e-02 6.7120045e-04 0.0000000e+00 
1.3437127e-01 2.1855929e-03 0.0000000e+00 
2.0673824e-02 5.4878630e-03 0.0000000e+00 
8.7297477e-02 -3.7739523e-02 0.0000000e+00 
1.3860680e-01 -6.0709734e-03 0.0000000e+00 
9.3740411e-02 1.2473362e-02 0.0000000e+00 
6.7431882e-02 1.1631902e-02 0.0000000e+00 
9.9998876e-02 -4.7923070e-08 0.0000000e+00 
5.7183679e-02 -8.6881407e-03 0.0000000e+00 
1.0007410e-01 -1.8192650e-04 0.0000000e+00 
9.8751582e-02 -3.2136947e-02 0.0000000e+00 
1.0007387e-01 1.6068100e-04 0.0000000e+00 
9.9144310e-02 2.7117678e-03 0.0000000e+00 
1.0294078e-01 1.3135142e-02 0.0000000e+00 
1.0109837e-01 1.0131921e-02 0.0000000e+00 
1.4125790e-01 -1.0435931e-02 0.0000000e+00 
9.5381148e-02 -1.3281670e-02 0.0000000e+00 
9.9999666e-02 -4.4025720e-07 0.0000000e+00 
8.2754701e-02 5.3179380e-02 0.0000000e+00 
8.5242346e-02 2.1135623e-02 0.0000000e+00 
-3.6413555e-03 -7.8055041e-04 0.0000000e+00 
1.0000058e-01 1.8495439e-07 0.0000000e+00 
1.4203164e-01 3.4392225e-03 0.0000000e+00 
1.0000470e-01 -5.8051028e-06 0.0000000e+00 
9.8441407e-02 8.1079183e-03 0.0000000e+00 
1.3824029e-01 -7.8518372e-03 0.0000000e+00 
1.0000020e-01 -1.2917205e-07 0.0000000e+00 
3.3488069e-02 1.1566946e-02 0.0000000e+00 
5.8821004e-02 -1.0018508e-02 0.0000000e+00 
1.0000513e-01 -6.2516236e-05 0.0000000e+00 
1.2591826e-02 -2.2066697e-03 0.0000000e+00 
1.2344516e-01 -1.5707353e-02 0.0000000e+00 
1.1687980e-01 1.1625579e-02 0.0000000e+00 
1.1359683e-01 -1.1725766e-02 0.0000000e+00 
1.1612029e-01 -3.6319289e-02 0.0000000e+00 
9.8798126e-02 4.8564402e-03 0.0000000e+00 
1.3277203e-01 1.1387012e-02 0.0000000e+00 
1.2099437e-01 -3.9965127e-02 0.0000000e+00 
1.3671727e-01 1.1495397e-02 0.0000000e+00 
1.2219243e-01 -7.6719993e-03 0.0000000e+00 
1.1039505e-02 -1.8284717e-03 0.0000000e+00 
1.0300245e-01 3.0350024e-03 0.0000000e+00 
6.2692307e-02 -1.7829189e-02 0.0000000e+00 
9.5295683e-02 2.2757996e-02 0.0000000e+00 
1.0492074e-01 9.7340522e-03 0.0000000e+00 
1.0060094e-01 1.1863147e-03 0.0000000e+00 
9.7246096e-02 -1.9149266e-03 0.0000000e+00 
1.0917885e-01 -6.2827626e-03 0.0000000e+00 
1.0126008e-01 -1.8821175e-03 0.0000000e+00 
1.0229658e-01 9.1002369e-03 0.0000000e+00 
1.0000251e-01 -3.7218222e-06 0.0000000e+00 
8.0833025e-02 -9.3647381e-03 0.0000000e+00 
3.3549864e-03 1.5113589e-03 0.0000000e+00 
1.2650768e-01 -3.6022075e-02 0.0000000e+00 
1.1636388e-01 8.5819708e-03 0.0000000e+00 
1.0622618e-01 -5.3922087e-03 0.0000000e+00 
1.3902237e-01 -2.1749330e-03 0.0000000e+00 
9.8161399e-02 2.2256497e-02 0.0000000e+00 
9.9659614e-02 2.3437211e-02 0.0000000e+00 
9.7905241e-02 -7.1680327e-03 0.0000000e+00 
1.3575031e-01 1.6913833e-02 0.0000000e+00 
1.2127423e-01 7.1607754e-03 0.0000000e+00 
1.2556469e-01 1.7502384e-02 0.0000000e+00 
8.8147022e-02 -2.5439456e-02 0.0000000e+00 
1.0407606e-01 7.0253210e-03 0.0000000e+00 
8.5247308e-02 2.4341901e-03 0.0000000e+00 
9.9691719e-02 -7.0680678e-04 0.0000000e+00 
7.2382987e-02 -1.9960752e-02 0.0000000e+00 
1.0536041e-01 4.4866833e-03 0.0000000e+00 
1.0000023e-01 7.3093491e-07 0.0000000e+00 
1.0298894e-01 -1.4281733e-02 0.0000000e+00 
1.0582019e-01 -1.4994810e-02 0.0000000e+00 
1.2643747e-01 6.7939297e-03 0.0000000e+00 
9.5003746e-02 6.4987893e-04 0.0000000e+00 
1.1704138e-01 7.8017418e-03 0.0000000e+00 
9.7432248e-02 6.3339924e-03 0.0000000e+00 
1.0000125e-01 -2.0196387e-06 0.0000000e+00 
1.3494588e-01 -4.7177346e-03 0.0000000e+00 
1.2716294e-02 7.0279003e-03 0.0000000e+00 
1.3892116e-01 -2.4717979e-03 0.0000000e+00 
1.3731256e-02 -5.9298221e-03 0.0000000e+00 
2.7723562e-02 -5.8604218e-03 0.0000000e+00 
1.3085379e-01 -2.6441838e-03 0.0000000e+00 
1.3522303e-01 -1.9503471e-02 0.0000000e+00 
PRESSURE 1 945  float
3.0090451e+00
0.0000000e+00
0.0000000e+00
3.0087860e+00
-4.1276073e+00
-4.2585254e+00
-4.6538424e+00
-5.2214403e+00
-5.8222351e+00
-6.4737267e+00
-7.0550032e+00
-7.3294182e+00
-7.1280251e+00
-6.0412903e+00
-4.1998830e+00
-1.5300046e+00
1.5385169e+00
4.5038686e+00
6.9906406e+00
8.7609625e+00
9.2994909e+00
8.7570896e+00
7.1053381e+00
4.5487399e+00
1.4995530e+00
-1.5215433e+00
-4.1131024e+00
-6.0527139e+00
-7.0318179e+00
-7.4042110e+00
-7.0484219e+00
-6.4416714e+00
-5.8299999e+00
-5.2425313e+00
-4.6288438e+00
-4.2431521e+00
3.0035431e+00
2.9455531e+00
2.8332615e+00
2.6399612e+00
2.3074434e+00
1.8765014e+00
1.2958837e+00
6.3829768e-01
-4.3884471e-02
-6.7170900e-01
-1.0850238e+00
-1.3087420e+00
-1.3060138e+00
-1.1234620e+00
-8.0799574e-01
-5.2144778e-01
-2.9624262e-01
-1.6625319e-01
-9.1161095e-02
-4.6447229e-02
-2.3956802e-02
-1.1269136e-02
-6.6372724e-03
-1.9933055e-03
-1.3326302e-03
-4.9414422e-04
-2.2971975e-04
-6.8586378e-05
-1.3840954e-05
1.6814103e-05
1.9302750e-05
1.7613493e-05
1.2186823e-05
7.8404819e-06
1.8243833e-06
0.0000000e+00
0.0000000e+00
0.0000000e+00
0.0000000e+00
0.0000000e+00
0.0000000e+00
0.0000000e+00
0.0000000e+00
0.0000000e+00
-3.5501550e-06
-9.6528656e-06
-1.2046929e-05
-1.8773064e-05
-3.0915377e-05
-3.6161680e-05
-1.3892702e-04
-1.9778578e-04
-3.1712343e-04
-6.7834207e-04
-1.6072505e-03
-3.2167702e-03
-6.2437369e-03
-1.2332690e-02
-2.4053492e-02
-4.7057033e-02
-9.0885751e-02
-1.6831301e-01
-2.9954779e-01
-5.2024144e-01
-8.1483519e-01
-1.1164463e+00
-1.3004130e+00
-1.3147032e+00
-1.0720804e+00
-6.4740264e-01
-4.2402267e-02
6.4273721e-01
1.2980813e+00
1.8760475e+00
2.3187666e+00
2.6408684e+00
2.8411303e+00
2.9485574e+00
3.0046093e+00
3.0273893e+00
3.0737133e+00
3.1289873e+00
3.1819413e+00
3.2015853e+00
3.1831069e+00
3.1319892e+00
3.0739560e+00
3.0275991e+00
8.5529356e+00
-3.8609084e-01
-6.6966087e-01
-1.3999461e-02
-3.2851833e-04
-4.1110696e-05
2.5779090e+00
-1.1528032e-01
2.5471289e+00
3.1994178e+00
-3.6494937e-03
-5.6976728e-02
-4.4992557e-06
-2.4583755e-04
-1.2796521e+00
2.5806951e-06
-1.3919305e+00
9.5212793e-01
9.7454387e-01
-1.0071207e+00
1.0944486e-05
-9.9190211e-01
3.1559463e+00
-2.2198394e-06
-1.6076459e-03
-8.9282502e-04
-1.4825291e-02
-1.4182518e-05
3.1024466e+00
2.9222488e+00
1.4742823e-06
2.9278276e+00
-4.6211062e-06
5.3746717e-06
3.0459979e+00
-1.3127568e+00
-1.6206074e+00
-1.5665118e+00
-1.9350675e+00
-2.0068562e+00
-2.4513714e+00
-2.2445560e+00
-2.9119627e+00
-2.4940710e+00
-3.1938899e+00
-2.6465919e+00
-3.1092098e+00
-2.5568550e+00
-2.9238009e+00
-2.3176062e+00
-2.6292405e+00
-1.9461709e+00
-2.2821150e+00
-1.5536833e+00
-1.2853005e+00
-9.1253781e-01
-1.9470285e+00
-7.3496568e-01
-3.6541101e-01
-5.3239665e+00
-4.4554167e+00
-2.5081149e-01
6.3379626e-03
-2.4978106e+00
-2.0282478e+00
-1.6610865e-02
3.7665591e-02
-2.5655622e+00
-2.4011042e+00
-4.2141061e+00
8.3812833e-02
1.1752650e-01
9.7360425e-02
5.4125749e-02
5.2337185e-02
4.2121734e-02
3.3656422e-02
-3.0256970e+00
-2.8405612e+00
-2.3349445e+00
-3.3467376e+00
-3.1749735e+00
-3.5830081e+00
-3.3585815e+00
-3.7865367e+00
-3.3778045e+00
-3.7624204e+00
-2.9375076e+00
-3.2530663e+00
-3.5424638e+00
-5.7244353e+00
-4.8540583e+00
1.8680772e-02
1.8059071e-02
1.6327934e-02
1.1841152e-02
-2.9469142e+00
-3.1509662e+00
-3.0905968e-01
5.7673487e-03
5.3971754e-03
3.5428409e-03
2.8958705e-03
-3.4678640e+00
1.5868440e-03
1.3614855e-03
7.3335698e-04
5.6236476e-04
-3.0828817e+00
1.3206396e-04
3.0555340e-04
2.2206503e-04
1.6617433e-04
1.8792740e-05
6.0716477e-05
-3.8930664e+00
-3.2665710e+00
-6.7425752e+00
4.3453824e-02
-9.7311409e-03
-3.4938056e+00
-5.9453243e-01
-6.5487205e-07
2.2336682e-05
-1.2044733e-06
6.9098132e-06
2.3052549e-05
9.8224800e-06
1.1582856e-04
-2.0031831e+00
-2.5471990e+00
-3.8240864e-06
8.5916498e-04
-2.7094746e+00
6.6784304e-03
3.4193013e-02
-4.0176001e+00
-3.2434313e+00
-2.6038489e+00
-2.3904297e+00
-3.1588979e+00
-1.9767733e+00
-1.0587607e-01
-2.4972239e+00
-1.3584131e+00
-4.8610826e+00
-1.1133281e+00
-4.7336814e-01
-5.4816335e-01
2.5845489e-01
5.2492231e-01
1.0394744e+00
1.4917713e+00
5.2871680e+00
1.7558714e+00
2.3218851e+00
2.3582220e+00
2.8932114e+00
2.7962203e+00
3.3240201e+00
3.0670652e+00
3.4711645e+00
3.8629687e+00
3.8391702e+00
4.2627554e+00
4.0839105e+00
4.4788637e+00
4.1562562e+00
4.4654307e+00
4.0784822e+00
4.2471352e+00
3.8898792e+00
3.5190609e+00
3.9054191e+00
4.3472924e+00
3.8139544e+00
4.0926647e+00
7.4128337e+00
3.5131552e+00
3.5080810e+00
3.8497036e+00
3.6439180e+00
3.0129013e+00
2.8324099e+00
2.7710183e+00
2.4072046e+00
2.0321836e+00
-6.0408950e+00
-2.6393931e+00
3.0547047e+00
2.9792793e+00
4.7202382e+00
2.3637176e+00
4.8266401e+00
1.7426203e+00
1.1185386e+00
2.1121583e+00
3.3819892e+00
3.6384950e+00
3.4229038e+00
3.4456704e+00
3.2912600e+00
-4.1717559e-01
-9.3735504e-01
1.0749912e+00
3.6527780e-01
1.9892882e-01
-5.9115982e-01
-1.7198189e-01
-1.0170161e+00
-1.7044544e+00
-6.7049332e+00
-5.6551886e-01
-1.9005685e+00
-2.9392393e+00
1.3308989e+00
9.9050301e-01
-3.7623062e+00
1.9718464e-05
1.0495614e-05
-4.1174898e+00
1.8846519e-02
-4.5043130e+00
-2.7163594e+00
-2.0081131e+00
-3.7160213e+00
3.1892216e+00
-2.6765504e+00
3.3419642e-03
4.3091422e-06
-3.7260010e+00
-3.0550072e+00
7.3253107e-04
-4.4849381e+00
-4.8059173e+00
-3.7739208e-01
1.9792597e-05
-2.0010242e+00
-3.3537343e+00
-4.2171297e+00
-3.7462418e+00
-4.3992119e+00
3.9433141e-04
3.3089449e+00
3.4017811e+00
1.3813229e-01
-2.4989043e-01
3.1237640e+00
1.8734258e-01
6.7851279e-06
-4.6684132e+00
1.7311282e-05
2.4488934e-05
-6.5151858e-07
-1.6146132e-05
-3.7324605e+00
-2.2089930e+00
-2.4433599e+00
-1.0319909e-05
-1.0750874e-05
-3.9355478e+00
-4.3821211e+00
-4.9360981e+00
-4.6305246e+00
-5.1071978e+00
-4.7217879e+00
-4.3886638e+00
-4.4145460e+00
2.9803743e+00
2.9761248e+00
1.4293886e-05
-4.1445589e+00
-4.1376014e+00
-4.3590155e+00
-4.0790181e+00
-3.2389107e-06
-5.4111805e+00
1.4953925e-01
-9.5668650e-01
-9.1832137e-01
-5.7085576e-06
-5.6362319e-01
3.2882605e+00
3.3224227e+00
3.2226822e+00
3.4685175e+00
3.3166571e+00
3.3959608e+00
3.2435174e+00
3.2694273e+00
3.1142097e+00
3.0428629e+00
3.1362033e+00
-4.2406907e+00
-3.9794216e+00
-3.8060703e+00
-4.1074252e+00
-3.9006264e+00
2.6895557e-06
2.9454236e+00
3.7024900e-02
-4.0405335e+00
-3.8820627e+00
-4.0875859e+00
-3.9160991e+00
-4.1584625e+00
-5.2784467e+00
-3.0521495e+00
-1.0363269e+00
-7.9091567e-01
-1.0897453e+00
-1.9260951e+00
-2.0873260e+00
3.2440562e+00
-4.7679038e+00
-5.0613670e+00
-4.7399263e+00
-5.1033702e+00
-5.5255890e+00
-3.6607029e+00
-5.6227055e+00
-1.5161155e-05
3.8000976e-06
-4.0735478e+00
-4.6958308e+00
-4.9169192e+00
-4.5538211e+00
-4.6715174e+00
-4.3779440e+00
-4.2408004e+00
2.8965183e-06
7.3389911e-06
-4.3145094e+00
2.9989882e+00
3.0943542e+00
-4.1337543e+00
-3.4126208e+00
-3.7342205e+00
-3.8154964e+00
-2.3507361e+00
-3.4946976e+00
-1.7386413e+00
-4.7257228e+00
4.5367374e+00
5.2129440e+00
5.3160620e+00
5.9030623e+00
5.7907376e+00
6.6104426e+00
6.3944736e+00
7.1809072e+00
6.6029353e+00
5.9597359e+00
5.9314265e+00
6.3428974e+00
5.5380726e+00
5.5888405e+00
4.8344703e+00
4.4831004e+00
4.7935958e+00
6.5029073e+00
6.3248711e+00
5.2614760e+00
5.4302187e+00
4.2139201e+00
3.9783599e+00
3.2953484e+00
3.5180149e+00
2.1199448e+00
2.2416151e+00
4.3368287e+00
3.3283145e+00
2.6484241e+00
2.0450261e+00
8.6063188e-01
7.3035967e-01
1.7572007e+00
-4.5270009e+00
-2.5655918e+00
2.6436720e+00
-1.2389866e-05
6.9917852e-01
-3.0078170e+00
-1.0871139e+00
-3.5068953e+00
4.6329964e-02
5.4877348e+00
-1.1429079e-01
-6.3942857e+00
-6.6948094e+00
-5.2299638e+00
-4.7006545e+00
-4.2308221e+00
7.3626752e+00
2.7790756e+00
2.8600814e+00
2.5578382e+00
-6.6918426e+00
-6.1564870e+00
-2.8614311e+00
-3.1602404e+00
2.7496107e+00
2.6700275e+00
-4.9294047e+00
2.1269524e+00
8.3713284e+00
-4.0575714e+00
-2.9036078e+00
1.1803398e-05
-2.7442470e+00
6.9302452e-01
4.9640570e+00
4.6987295e+00
-1.5368534e+00
-1.7521952e+00
4.4101515e+00
3.8993497e+00
-3.9795706e+00
-1.3786230e+00
2.1808426e+00
1.6029490e+00
1.1657091e-05
3.4072731e-05
2.1829736e+00
2.9478428e+00
2.5006149e+00
2.2707899e+00
3.3044128e+00
2.0206072e+00
1.7893217e+00
1.4026617e+00
-1.2978235e+00
-1.3610762e+00
-1.0431219e+00
-1.0667447e+00
-6.5922928e-01
-9.9078369e-01
-5.1808828e-01
-3.8964611e-01
-2.4096675e-01
-1.9324081e-01
-2.8063005e-01
-1.4029350e+00
-1.5637302e+00
-1.3060722e+00
-1.7909522e+00
-1.3760399e+00
-1.0385147e+00
-9.8784196e-01
-1.3464332e+00
-8.5543066e-01
-1.2381761e+00
-5.8847702e-01
-3.8811156e-01
-3.2409292e-01
-1.8509389e+00
-1.3953525e-01
-1.4525838e-01
-1.6260327e+00
-1.3345953e+00
-1.9332826e+00
-1.9574970e+00
-1.9661702e-01
-2.2225666e+00
5.3786911e-02
-1.7215087e+00
-9.9410659e-01
-1.2755541e+00
9.5831358e-01
2.1385753e+00
1.5979583e+00
5.1705484e+00
7.2155452e+00
-2.5610930e-01
-1.3589410e+00
-1.4090745e+00
-9.0348125e-01
-1.3222289e+00
2.5279701e+00
2.7986522e+00
3.2003493e+00
2.7835803e+00
7.3963962e+00
-6.8895710e-01
-4.6922345e+00
3.1575809e+00
2.4412341e+00
-4.4045180e-01
-4.8211389e+00
9.8347182e-06
-6.1733155e+00
-6.3565745e+00
-6.1882057e+00
-5.5552807e+00
-6.9225878e-01
1.6523805e+00
1.6138335e+00
-3.3200097e+00
-4.9739428e+00
-2.1237172e-01
-1.1620157e-01
-5.5571582e-02
-2.2953803e-02
-1.2022896e-02
1.1586536e-03
-2.4495492e-02
2.1582246e-02
-1.1744774e-01
-1.2955306e-02
1.0090227e-03
-1.2707174e+00
3.0996525e+00
3.0573189e+00
3.5785220e+00
1.5777416e+00
8.3385354e-01
9.1431445e-01
8.3221948e-01
5.4520583e+00
-1.9858967e+00
-8.3043760e-01
-5.2598445e-03
1.6093936e-03
-2.8334067e-03
5.2648905e-04
-1.3261242e-03
3.0459521e+00
5.3512831e-03
2.2051200e-02
-1.8957719e-03
-7.5604528e-04
-2.8857050e-04
6.4281194e-05
3.1424351e+00
8.0001745e+00
-1.6143305e+00
2.4021847e+00
2.7424014e-01
-3.0339416e-07
-5.5713691e-02
-5.1354550e-02
-2.5399884e-02
-1.2584016e-02
-3.6236048e-03
-4.0597647e-02
-1.2504725e-01
-1.2060622e-02
-9.7907661e-04
9.9909650e-03
-7.4223867e-03
9.1478444e-07
-2.9609736e-02
1.2201978e-06
-2.4290350e-07
4.6017518e-05
-3.5878453e-05
7.4347685e-05
1.2248479e-04
2.2503645e-04
9.7326389e-05
4.2298142e-04
9.8538600e-05
7.5807591e-04
-6.7236448e-05
1.3147609e-03
-4.4274720e-04
2.4781567e-03
-1.0681421e-03
-3.4091990e-03
1.7797013e-03
1.9994023e-04
7.0605063e-05
-5.1505518e+00
-1.5924781e-04
-1.5902330e-04
-6.4521606e-05
-7.2922977e-04
-1.2708387e-04
-3.0686937e-05
-6.6440261e-05
-1.6040685e-05
-9.8148512e-06
-1.2822621e-05
2.8943556e-05
-1.9962135e-04
3.7337220e-05
1.1873128e-05
-4.4022236e-06
3.4873035e+00
3.6061044e+00
5.0139752e-05
8.7077215e-06
6.7472506e-06
3.0612824e+00
-2.8552847e-02
1.3309793e-06
4.2786455e-04
3.7047477e+00
-4.2750826e+00
-2.0878967e-06
-3.8712173e+00
-3.5920448e+00
-4.4415417e+00
3.0777376e+00
3.4049379e-03
5.8954798e-02
-2.3837151e-06
1.4696139e-03
-1.3614076e-01
-1.4816705e+00
3.2428491e+00
-2.6100731e-01
-1.0299842e+00
-1.2603508e-02
-3.9740534e+00
5.3652573e-02
8.8069064e-06
4.9662981e+00
3.6163259e+00
-4.4222898e+00
-4.3956505e-05
2.7453643e-01
3.1457539e+00
2.9944148e+00
3.1436450e+00
3.0232902e+00
-6.0145197e+00
-1.4313045e+00
1.5064784e-04
-3.6827095e+00
2.9932942e+00
2.0115933e+00
-4.0206168e-04
1.4791509e-06
-5.7852246e-02
-2.3864020e-01
-1.7456768e+00
-2.3768265e+00
-2.4061284e+00
5.6971831e+00
-9.1117358e-01
-3.6771498e+00
-4.8812158e-06
1.4847958e+00
-8.3787995e-07
-2.3147037e+00
-1.0636169e-04
1.6868955e-01
1.3976120e-05
3.1983366e+00
3.8129699e+00
-2.6299667e+00
-4.0813422e+00
-1.4883059e+00
3.2143009e+00
-1.3023323e+00
-7.1631479e-03
-7.2984791e-01
-5.0661904e-01
2.8408505e-04
4.2180634e+00
-5.4730897e+00
-3.0888023e-04
3.3801334e+00
4.0960636e+00
-5.5514336e+00
-1.5874573e+00
-1.2833506e+00
-2.9829004e+00
-2.1432188e+00
-2.5952022e+00
-4.2714238e+00
5.1691480e+00
-2.8730922e+00
2.6426663e+00
-5.7798395e+00
-3.8083115e-01
-1.9998386e+00
4.2707028e+00
3.6409335e+00
-6.4434246e-03
-3.9365005e+00
7.4074739e-01
1.4782465e+00
-8.1913459e-01
4.8571262e-03
-2.9022741e+00
2.8387396e+00
3.8562828e-01
-1.6719962e+00
3.2248001e+00
-3.3610892e-01
-2.0305778e-01
7.5274391e+00
3.7843177e+00
-6.9560419e-04
1.8851286e+00
-2.3935022e+00
1.4074123e+00
-2.6130053e-04
1.2526114e-02
-5.3543062e+00
-4.2937770e+00
-3.5838217e-01
-1.1202768e+00
2.7662101e+00
-7.8763705e-01
-1.8396857e+00
4.8790529e-01
1.3627350e+00
6.8555994e+00
8.5154470e-06
-1.5560853e-03
-1.0886540e+00
3.2642615e+00
-4.1496844e+00
-6.1154351e+00
3.7753680e-01
-7.2762073e-06
-3.5159910e+00
5.1798573e+00
-1.2023008e-02
-4.9103584e+00
2.9091423e+00
6.1390657e+00
-7.4491435e-01
-3.1471599e-03
-4.1581073e+00
-3.7248244e+00
-4.8765321e+00
1.3552383e+00
2.1271067e-02
3.0021827e+00
6.1210211e-02
5.4514980e+00
-4.4107504e+00
-3.9006070e-05
3.1945181e+00
-3.5039916e+00
-3.8975935e+00
3.6246696e+00
-1.6353821e+00
-3.6867609e+00
-3.8696434e+00
-1.3207573e-06
-4.3722548e+00
3.0168910e+00
-4.6260233e+00
3.0162125e+00
1.3283069e-02
2.7410092e+00
2.9500675e+00
-2.0131800e+00
-5.8280826e+00
-3.9369811e-06
-9.1431266e-01
4.3804145e+00
-3.4233115e+00
1.4033482e-06
-2.1668961e+00
-6.6163542e-05
1.3053968e-02
-2.2591262e+00
-3.0592155e-06
-3.1848421e+00
-4.0888348e+00
-2.5488445e-04
-5.0575175e+00
-2.4825394e+00
1.1719760e+00
-5.2500005e+00
6.9784898e-01
2.0936713e-02
-1.5986935e+00
-6.0818024e-02
-1.3606488e+00
5.4513437e-01
-4.2105460e+00
2.7381227e+00
-2.7467606e+00
3.3249161e+00
-3.8739810e+00
2.9862764e+00
3.0330878e-02
2.0706487e+00
2.9166484e+00
-8.2282409e-02
-5.8296995e-05
4.8644075e+00
-4.6805763e+00
-5.7667637e-01
-4.9317777e-01
-4.3280969e+00
-1.7241201e+00
-5.4508150e-01
-1.6624876e+00
3.5795599e-02
-4.1187272e+00
6.5668494e-01
-1.7336475e+00
3.9721203e+00
-5.4394250e+00
-5.4428434e+00
3.1914413e+00
-5.3804457e-01
2.4819229e+00
1.1826486e-06
2.7293904e+00
2.4046497e+00
-3.5172696e+00
3.6612885e+00
1.1675713e+00
3.3707056e+00
-1.6915756e-05
-1.1690121e+00
-2.7406621e+00
-3.4601715e+00
-3.4620836e+00
-5.8175945e+00
-5.9652579e-01
-4.1450109e+00
CELL_DATA 1766
FIELD FieldData 0
