# vtk DataFile Version 4.0
vtk output
ASCII
DATASET UNSTRUCTURED_GRID
POINTS 945 float
0.0000000e+00 0.0000000e+00 0.0000000e+00 
2.0000000e+00 0.0000000e+00 0.0000000e+00 
2.0000000e+00 6.0000002e-01 0.0000000e+00 
0.0000000e+00 6.0000002e-01 0.0000000e+00 
5.6000000e-01 3.0000001e-01 0.0000000e+00 
5.5884713e-01 2.8829461e-01 0.0000000e+00 
5.5543280e-01 2.7703899e-01 0.0000000e+00 
5.4988819e-01 2.6666579e-01 0.0000000e+00 
5.4242641e-01 2.5757360e-01 0.0000000e+00 
5.3333420e-01 2.5011179e-01 0.0000000e+00 
5.2296102e-01 2.4456720e-01 0.0000000e+00 
5.1170540e-01 2.4115290e-01 0.0000000e+00 
5.0000000e-01 2.3999999e-01 0.0000000e+00 
4.8829460e-01 2.4115290e-01 0.0000000e+00 
4.7703901e-01 2.4456720e-01 0.0000000e+00 
4.6666580e-01 2.5011179e-01 0.0000000e+00 
4.5757359e-01 2.5757360e-01 0.0000000e+00 
4.5011181e-01 2.6666579e-01 0.0000000e+00 
4.4456720e-01 2.7703899e-01 0.0000000e+00 
4.4115290e-01 2.8829461e-01 0.0000000e+00 
4.4000000e-01 3.0000001e-01 0.0000000e+00 
4.4115290e-01 3.1170541e-01 0.0000000e+00 
4.4456720e-01 3.2296100e-01 0.0000000e+00 
4.5011181e-01 3.3333421e-01 0.0000000e+00 
4.5757359e-01 3.4242639e-01 0.0000000e+00 
4.6666580e-01 3.4988821e-01 0.0000000e+00 
4.7703901e-01 3.5543281e-01 0.0000000e+00 
4.8829460e-01 3.5884711e-01 0.0000000e+00 
5.0000000e-01 3.6000001e-01 0.0000000e+00 
5.1170540e-01 3.5884711e-01 0.0000000e+00 
5.2296102e-01 3.5543281e-01 0.0000000e+00 
5.3333420e-01 3.4988821e-01 0.0000000e+00 
5.4242641e-01 3.4242639e-01 0.0000000e+00 
5.4988819e-01 3.3333421e-01 0.0000000e+00 
5.5543280e-01 3.2296100e-01 0.0000000e+00 
5.5884713e-01 3.1170541e-01 0.0000000e+00 
5.9016321e-02 0.0000000e+00 0.0000000e+00 
1.1803260e-01 0.0000000e+00 0.0000000e+00 
1.7704900e-01 0.0000000e+00 0.0000000e+00 
2.3587100e-01 0.0000000e+00 0.0000000e+00 
2.9085249e-01 0.0000000e+00 0.0000000e+00 
3.4144861e-01 0.0000000e+00 0.0000000e+00 
3.8872591e-01 0.0000000e+00 0.0000000e+00 
4.3368599e-01 0.0000000e+00 0.0000000e+00 
4.7725680e-01 0.0000000e+00 0.0000000e+00 
5.2034539e-01 0.0000000e+00 0.0000000e+00 
5.6386721e-01 0.0000000e+00 0.0000000e+00 
6.0872579e-01 0.0000000e+00 0.0000000e+00 
6.5584701e-01 0.0000000e+00 0.0000000e+00 
7.0623368e-01 0.0000000e+00 0.0000000e+00 
7.6094180e-01 0.0000000e+00 0.0000000e+00 
8.1967372e-01 0.0000000e+00 0.0000000e+00 
8.7868989e-01 0.0000000e+00 0.0000000e+00 
9.3770629e-01 0.0000000e+00 0.0000000e+00 
9.9672258e-01 0.0000000e+00 0.0000000e+00 
1.0557390e+00 0.0000000e+00 0.0000000e+00 
1.1147550e+00 0.0000000e+00 0.0000000e+00 
1.1737720e+00 0.0000000e+00 0.0000000e+00 
1.2327880e+00 0.0000000e+00 0.0000000e+00 
1.2918040e+00 0.0000000e+00 0.0000000e+00 
1.3508210e+00 0.0000000e+00 0.0000000e+00 
1.4098370e+00 0.0000000e+00 0.0000000e+00 
1.4688530e+00 0.0000000e+00 0.0000000e+00 
1.5278690e+00 0.0000000e+00 0.0000000e+00 
1.5868860e+00 0.0000000e+00 0.0000000e+00 
1.6459020e+00 0.0000000e+00 0.0000000e+00 
1.7049180e+00 0.0000000e+00 0.0000000e+00 
1.7639350e+00 0.0000000e+00 0.0000000e+00 
1.8229510e+00 0.0000000e+00 0.0000000e+00 
1.8819669e+00 0.0000000e+00 0.0000000e+00 
1.9409840e+00 0.0000000e+00 0.0000000e+00 
2.0000000e+00 5.9999999e-02 0.0000000e+00 
2.0000000e+00 1.2000000e-01 0.0000000e+00 
2.0000000e+00 1.8000001e-01 0.0000000e+00 
2.0000000e+00 2.3999999e-01 0.0000000e+00 
2.0000000e+00 3.0000001e-01 0.0000000e+00 
2.0000000e+00 3.6000001e-01 0.0000000e+00 
2.0000000e+00 4.1999999e-01 0.0000000e+00 
2.0000000e+00 4.7999999e-01 0.0000000e+00 
2.0000000e+00 5.4000002e-01 0.0000000e+00 
1.9409840e+00 6.0000002e-01 0.0000000e+00 
1.8819669e+00 6.0000002e-01 0.0000000e+00 
1.8229510e+00 6.0000002e-01 0.0000000e+00 
1.7639350e+00 6.0000002e-01 0.0000000e+00 
1.7049180e+00 6.0000002e-01 0.0000000e+00 
1.6459020e+00 6.0000002e-01 0.0000000e+00 
1.5868860e+00 6.0000002e-01 0.0000000e+00 
1.5278690e+00 6.0000002e-01 0.0000000e+00 
1.4688530e+00 6.0000002e-01 0.0000000e+00 
1.4098370e+00 6.0000002e-01 0.0000000e+00 
1.3508210e+00 6.0000002e-01 0.0000000e+00 
1.2918040e+00 6.0000002e-01 0.0000000e+00 
1.2327880e+00 6.0000002e-01 0.0000000e+00 
1.1737720e+00 6.0000002e-01 0.0000000e+00 
1.1147550e+00 6.0000002e-01 0.0000000e+00 
1.0557390e+00 6.0000002e-01 0.0000000e+00 
9.9672258e-01 6.0000002e-01 0.0000000e+00 
9.3770629e-01 6.0000002e-01 0.0000000e+00 
8.7868989e-01 6.0000002e-01 0.0000000e+00 
8.1967372e-01 6.0000002e-01 0.0000000e+00 
7.6094180e-01 6.0000002e-01 0.0000000e+00 
7.0623368e-01 6.0000002e-01 0.0000000e+00 
6.5584701e-01 6.0000002e-01 0.0000000e+00 
6.0872579e-01 6.0000002e-01 0.0000000e+00 
5.6386721e-01 6.0000002e-01 0.0000000e+00 
5.2034539e-01 6.0000002e-01 0.0000000e+00 
4.7725680e-01 6.0000002e-01 0.0000000e+00 
4.3368599e-01 6.0000002e-01 0.0000000e+00 
3.8872591e-01 6.0000002e-01 0.0000000e+00 
3.4144861e-01 6.0000002e-01 0.0000000e+00 
2.9085249e-01 6.0000002e-01 0.0000000e+00 
2.3587100e-01 6.0000002e-01 0.0000000e+00 
1.7704900e-01 6.0000002e-01 0.0000000e+00 
1.1803260e-01 6.0000002e-01 0.0000000e+00 
5.9016321e-02 6.0000002e-01 0.0000000e+00 
0.0000000e+00 5.4000002e-01 0.0000000e+00 
0.0000000e+00 4.7999999e-01 0.0000000e+00 
0.0000000e+00 4.1999999e-01 0.0000000e+00 
0.0000000e+00 3.6000001e-01 0.0000000e+00 
0.0000000e+00 3.0000001e-01 0.0000000e+00 
0.0000000e+00 2.3999999e-01 0.0000000e+00 
0.0000000e+00 1.8000001e-01 0.0000000e+00 
0.0000000e+00 1.2000000e-01 0.0000000e+00 
0.0000000e+00 5.9999999e-02 0.0000000e+00 
4.3026751e-01 3.0683401e-01 0.0000000e+00 
8.4908241e-01 5.5269438e-01 0.0000000e+00 
7.8790653e-01 5.1802918e-02 0.0000000e+00 
1.1430219e+00 5.0576471e-02 0.0000000e+00 
1.4415160e+00 5.0573289e-02 0.0000000e+00 
1.6754100e+00 5.5038619e-01 0.0000000e+00 
2.6041579e-01 5.2875768e-02 0.0000000e+00 
9.6895182e-01 5.0380111e-02 0.0000000e+00 
2.6302171e-01 5.5612308e-01 0.0000000e+00 
5.5065349e-02 2.6500449e-01 0.0000000e+00 
1.2615570e+00 5.4759312e-01 0.0000000e+00 
1.0253479e+00 5.4886931e-01 0.0000000e+00 
1.6201590e+00 5.4130111e-02 0.0000000e+00 
1.4979730e+00 5.5115038e-01 0.0000000e+00 
6.7900127e-01 5.5979192e-01 0.0000000e+00 
1.9463980e+00 2.6800990e-01 0.0000000e+00 
6.3145077e-01 3.8099781e-02 0.0000000e+00 
4.1331020e-01 5.6811810e-01 0.0000000e+00 
4.1231820e-01 3.8809739e-02 0.0000000e+00 
5.4410732e-01 5.6000441e-01 0.0000000e+00 
1.7962800e+00 5.9606131e-02 0.0000000e+00 
5.4468262e-01 3.7558820e-02 0.0000000e+00 
4.9130220e-02 3.9247900e-01 0.0000000e+00 
1.9509200e+00 3.8997239e-01 0.0000000e+00 
1.3233820e+00 4.9667731e-02 0.0000000e+00 
1.3821890e+00 5.4839480e-01 0.0000000e+00 
1.1434870e+00 5.4837209e-01 0.0000000e+00 
1.7959980e+00 5.4855859e-01 0.0000000e+00 
4.9401909e-02 1.5067521e-01 0.0000000e+00 
1.4989950e-01 5.5529898e-01 0.0000000e+00 
1.9519399e+00 1.5339760e-01 0.0000000e+00 
1.4754079e-01 5.1025499e-02 0.0000000e+00 
1.9506550e+00 5.1069498e-01 0.0000000e+00 
1.9114760e+00 5.1109631e-02 0.0000000e+00 
4.9216151e-02 5.0927132e-01 0.0000000e+00 
5.8710063e-01 3.6655251e-02 0.0000000e+00 
6.0428280e-01 7.4787550e-02 0.0000000e+00 
6.4929068e-01 7.4443869e-02 0.0000000e+00 
6.2715179e-01 1.0633790e-01 0.0000000e+00 
5.9329480e-01 1.0799770e-01 0.0000000e+00 
6.0949302e-01 1.3488390e-01 0.0000000e+00 
6.4123279e-01 1.3555969e-01 0.0000000e+00 
6.2006623e-01 1.6328260e-01 0.0000000e+00 
6.5316749e-01 1.6381399e-01 0.0000000e+00 
6.3351321e-01 1.8958050e-01 0.0000000e+00 
6.6427898e-01 1.8941709e-01 0.0000000e+00 
6.4933020e-01 2.1180780e-01 0.0000000e+00 
6.7645937e-01 2.1359310e-01 0.0000000e+00 
6.6097301e-01 2.3410480e-01 0.0000000e+00 
6.8796802e-01 2.3757669e-01 0.0000000e+00 
6.7103261e-01 2.5876111e-01 0.0000000e+00 
6.9990993e-01 2.6214910e-01 0.0000000e+00 
6.8101048e-01 2.8387409e-01 0.0000000e+00 
7.1248281e-01 2.8716281e-01 0.0000000e+00 
7.2971261e-01 2.6349890e-01 0.0000000e+00 
7.4486363e-01 2.9076719e-01 0.0000000e+00 
6.9556361e-01 3.0985960e-01 0.0000000e+00 
7.6406652e-01 2.6318431e-01 0.0000000e+00 
7.8114778e-01 2.9619500e-01 0.0000000e+00 
5.5403137e-01 2.5565761e-01 0.0000000e+00 
5.6691158e-01 2.7902979e-01 0.0000000e+00 
8.0246252e-01 2.6402649e-01 0.0000000e+00 
8.2167560e-01 3.0103979e-01 0.0000000e+00 
5.7978672e-01 1.3316999e-01 0.0000000e+00 
6.9627529e-01 1.8651520e-01 0.0000000e+00 
8.4832448e-01 2.6130950e-01 0.0000000e+00 
8.6857778e-01 3.0716091e-01 0.0000000e+00 
6.6883779e-01 3.0851370e-01 0.0000000e+00 
6.8001598e-01 3.3176759e-01 0.0000000e+00 
5.6956083e-01 3.0685109e-01 0.0000000e+00 
8.9643359e-01 2.6652190e-01 0.0000000e+00 
9.1803229e-01 3.1445420e-01 0.0000000e+00 
9.4838840e-01 2.6944679e-01 0.0000000e+00 
9.7196358e-01 3.1528941e-01 0.0000000e+00 
1.0020620e+00 2.7188951e-01 0.0000000e+00 
1.0263140e+00 3.1974381e-01 0.0000000e+00 
1.0557370e+00 2.7577680e-01 0.0000000e+00 
6.5179992e-01 3.3081001e-01 0.0000000e+00 
6.6418201e-01 3.5163379e-01 0.0000000e+00 
6.8745148e-01 3.5866591e-01 0.0000000e+00 
6.4083183e-01 3.5175639e-01 0.0000000e+00 
6.5020132e-01 3.7057751e-01 0.0000000e+00 
6.2925631e-01 3.6861771e-01 0.0000000e+00 
6.3750827e-01 3.8906679e-01 0.0000000e+00 
6.1479098e-01 3.8505989e-01 0.0000000e+00 
6.2451601e-01 4.0700281e-01 0.0000000e+00 
6.0271370e-01 4.0461549e-01 0.0000000e+00 
6.4791143e-01 4.1049060e-01 0.0000000e+00 
6.1149168e-01 4.2533240e-01 0.0000000e+00 
5.8940130e-01 4.2314041e-01 0.0000000e+00 
5.4590571e-01 3.5405469e-01 0.0000000e+00 
5.5933821e-01 3.3214769e-01 0.0000000e+00 
1.0820900e+00 3.2265610e-01 0.0000000e+00 
1.1129040e+00 2.7988619e-01 0.0000000e+00 
1.1385900e+00 3.3131590e-01 0.0000000e+00 
1.1718310e+00 2.8342861e-01 0.0000000e+00 
5.9854919e-01 4.4447681e-01 0.0000000e+00 
5.7566178e-01 4.4153079e-01 0.0000000e+00 
8.0048358e-01 3.3398119e-01 0.0000000e+00 
1.1962050e+00 3.3624330e-01 0.0000000e+00 
1.2286429e+00 2.8668931e-01 0.0000000e+00 
1.2540359e+00 3.3862561e-01 0.0000000e+00 
1.2863950e+00 2.8994620e-01 0.0000000e+00 
6.1140192e-01 1.8628950e-01 0.0000000e+00 
1.3121480e+00 3.4238011e-01 0.0000000e+00 
1.3446890e+00 2.9366851e-01 0.0000000e+00 
1.3705840e+00 3.4558439e-01 0.0000000e+00 
1.4032860e+00 2.9774809e-01 0.0000000e+00 
6.4617378e-01 3.0788270e-01 0.0000000e+00 
1.4291511e+00 3.4956750e-01 0.0000000e+00 
1.4618640e+00 3.0163100e-01 0.0000000e+00 
1.4877310e+00 3.5457411e-01 0.0000000e+00 
1.5206050e+00 3.0603161e-01 0.0000000e+00 
1.5464530e+00 3.5889450e-01 0.0000000e+00 
1.5793800e+00 3.1008351e-01 0.0000000e+00 
5.6763572e-01 4.1851109e-01 0.0000000e+00 
5.5408603e-01 4.3793961e-01 0.0000000e+00 
5.2029008e-01 3.6688760e-01 0.0000000e+00 
9.4794089e-01 3.6647639e-01 0.0000000e+00 
8.7384099e-01 2.2074890e-01 0.0000000e+00 
6.3348472e-01 2.3041780e-01 0.0000000e+00 
7.8118002e-01 2.2578520e-01 0.0000000e+00 
1.6052290e+00 3.6304700e-01 0.0000000e+00 
1.6382140e+00 3.1413361e-01 0.0000000e+00 
1.6641290e+00 3.6722910e-01 0.0000000e+00 
1.6971480e+00 3.1819481e-01 0.0000000e+00 
1.6712240e+00 2.6505721e-01 0.0000000e+00 
1.7302210e+00 2.6912081e-01 0.0000000e+00 
1.5534170e+00 2.5684619e-01 0.0000000e+00 
6.7181969e-01 1.4093800e-01 0.0000000e+00 
5.8596748e-01 4.6394360e-01 0.0000000e+00 
1.7230920e+00 3.7133509e-01 0.0000000e+00 
1.3771909e+00 2.4454120e-01 0.0000000e+00 
6.2249678e-01 4.4700289e-01 0.0000000e+00 
1.2033920e+00 2.3449400e-01 0.0000000e+00 
1.0287880e+00 2.3015590e-01 0.0000000e+00 
5.4669750e-01 4.1895449e-01 0.0000000e+00 
5.3373671e-01 4.3515179e-01 0.0000000e+00 
5.4073101e-01 4.5481020e-01 0.0000000e+00 
5.1996583e-01 4.5137540e-01 0.0000000e+00 
5.1387292e-01 4.2921981e-01 0.0000000e+00 
4.9935541e-01 4.4742331e-01 0.0000000e+00 
4.5565760e-01 3.5403141e-01 0.0000000e+00 
4.9349809e-01 4.2846820e-01 0.0000000e+00 
4.7935709e-01 4.4358870e-01 0.0000000e+00 
4.7970989e-01 3.6688760e-01 0.0000000e+00 
4.8592600e-01 4.6396780e-01 0.0000000e+00 
4.6443069e-01 4.5930001e-01 0.0000000e+00 
4.5825541e-01 4.3536639e-01 0.0000000e+00 
4.4286779e-01 4.5335940e-01 0.0000000e+00 
4.3592349e-01 4.3169260e-01 0.0000000e+00 
4.2123440e-01 4.4813421e-01 0.0000000e+00 
4.1462469e-01 4.2622849e-01 0.0000000e+00 
4.3825611e-01 3.3387709e-01 0.0000000e+00 
3.9864141e-01 4.4291711e-01 0.0000000e+00 
3.9200109e-01 4.1997111e-01 0.0000000e+00 
3.7504819e-01 4.3754801e-01 0.0000000e+00 
3.6926591e-01 4.1456231e-01 0.0000000e+00 
3.5052001e-01 4.3156540e-01 0.0000000e+00 
3.4640020e-01 4.0321410e-01 0.0000000e+00 
3.2338160e-01 4.2558259e-01 0.0000000e+00 
3.1625420e-01 3.9745620e-01 0.0000000e+00 
3.3599329e-01 3.7658459e-01 0.0000000e+00 
3.0888751e-01 3.6996761e-01 0.0000000e+00 
3.2846531e-01 3.5015899e-01 0.0000000e+00 
3.0453789e-01 3.4228960e-01 0.0000000e+00 
3.2241219e-01 3.2376000e-01 0.0000000e+00 
2.9612821e-01 3.1610900e-01 0.0000000e+00 
3.1577420e-01 2.9729351e-01 0.0000000e+00 
2.8885421e-01 2.8886101e-01 0.0000000e+00 
3.0968001e-01 2.6928011e-01 0.0000000e+00 
2.8137040e-01 2.6060769e-01 0.0000000e+00 
2.8570160e-01 3.8790971e-01 0.0000000e+00 
3.0315241e-01 2.4067999e-01 0.0000000e+00 
3.3230671e-01 2.5245121e-01 0.0000000e+00 
3.2487640e-01 2.2290690e-01 0.0000000e+00 
3.5372531e-01 2.3027760e-01 0.0000000e+00 
4.3461740e-01 2.7961159e-01 0.0000000e+00 
3.4512779e-01 2.0528039e-01 0.0000000e+00 
3.6950600e-01 2.1069451e-01 0.0000000e+00 
2.6638910e-01 3.1392881e-01 0.0000000e+00 
2.7405229e-01 2.3109850e-01 0.0000000e+00 
3.6342499e-01 1.8842390e-01 0.0000000e+00 
3.8558939e-01 1.9589300e-01 0.0000000e+00 
4.4520050e-01 2.5469631e-01 0.0000000e+00 
3.8103029e-01 1.7263541e-01 0.0000000e+00 
4.0200421e-01 1.8057050e-01 0.0000000e+00 
4.9249741e-01 2.2787590e-01 0.0000000e+00 
4.6605590e-01 2.3826469e-01 0.0000000e+00 
3.3931601e-01 1.7988220e-01 0.0000000e+00 
3.8745371e-01 3.9799151e-01 0.0000000e+00 
3.5741779e-01 2.5419459e-01 0.0000000e+00 
3.5627639e-01 4.5751181e-01 0.0000000e+00 
3.4765261e-01 3.3191890e-01 0.0000000e+00 
3.9811629e-01 1.5518570e-01 0.0000000e+00 
4.2193061e-01 1.6662900e-01 0.0000000e+00 
3.7476501e-01 1.4610679e-01 0.0000000e+00 
3.9139041e-01 2.1633980e-01 0.0000000e+00 
2.5018540e-01 2.5338060e-01 0.0000000e+00 
2.4227400e-01 2.1673180e-01 0.0000000e+00 
2.1296521e-01 2.4632980e-01 0.0000000e+00 
2.0310380e-01 2.0643540e-01 0.0000000e+00 
4.7074649e-01 4.8204380e-01 0.0000000e+00 
4.9385741e-01 4.8678511e-01 0.0000000e+00 
4.1766569e-01 1.3875820e-01 0.0000000e+00 
4.3951231e-01 1.4885530e-01 0.0000000e+00 
4.4284999e-01 1.6929220e-01 0.0000000e+00 
4.6074921e-01 1.5907930e-01 0.0000000e+00 
4.5701310e-01 1.3411739e-01 0.0000000e+00 
4.7804150e-01 1.4308280e-01 0.0000000e+00 
4.8207700e-01 1.6432039e-01 0.0000000e+00 
5.2000839e-01 2.3249920e-01 0.0000000e+00 
4.7522539e-01 1.1890660e-01 0.0000000e+00 
4.9824399e-01 1.5124670e-01 0.0000000e+00 
5.0239080e-01 1.7379840e-01 0.0000000e+00 
4.0624869e-01 4.6688080e-01 0.0000000e+00 
4.2919409e-01 4.1243970e-01 0.0000000e+00 
6.2043011e-01 3.4884781e-01 0.0000000e+00 
1.7042540e+00 2.1590130e-01 0.0000000e+00 
1.7632940e+00 2.2000070e-01 0.0000000e+00 
5.9477502e-01 3.8850871e-01 0.0000000e+00 
1.1047130e+00 3.7971979e-01 0.0000000e+00 
5.5632508e-01 4.0331629e-01 0.0000000e+00 
5.1673311e-01 1.5979400e-01 0.0000000e+00 
5.1686460e-01 1.3875850e-01 0.0000000e+00 
5.2089018e-01 1.7866670e-01 0.0000000e+00 
2.3531640e-01 1.7608330e-01 0.0000000e+00 
4.8605490e-01 1.8340071e-01 0.0000000e+00 
1.2225550e+00 3.8796490e-01 0.0000000e+00 
1.7893510e+00 2.7321759e-01 0.0000000e+00 
5.0436419e-01 4.1349870e-01 0.0000000e+00 
4.8793069e-01 4.1161671e-01 0.0000000e+00 
1.3432890e+00 3.9487341e-01 0.0000000e+00 
4.9844569e-01 3.9902619e-01 0.0000000e+00 
5.1288861e-01 4.0051869e-01 0.0000000e+00 
4.7826111e-01 5.0721961e-01 0.0000000e+00 
1.5723439e+00 4.1086179e-01 0.0000000e+00 
5.6928509e-01 1.1216540e-01 0.0000000e+00 
5.3438342e-01 1.6713411e-01 0.0000000e+00 
5.3660733e-01 1.8530799e-01 0.0000000e+00 
5.5097228e-01 1.7492341e-01 0.0000000e+00 
5.5329382e-01 1.9238080e-01 0.0000000e+00 
1.4477730e+00 4.0997440e-01 0.0000000e+00 
1.7183121e-01 2.3577370e-01 0.0000000e+00 
1.8385801e-01 2.7833050e-01 0.0000000e+00 
4.5149651e-01 1.1040960e-01 0.0000000e+00 
4.7247219e-01 9.1955133e-02 0.0000000e+00 
1.9255680e-01 1.6331930e-01 0.0000000e+00 
4.5135620e-01 5.0161749e-01 0.0000000e+00 
1.8225530e+00 2.2401039e-01 0.0000000e+00 
5.2494282e-01 1.9506520e-01 0.0000000e+00 
1.7372680e+00 1.6678140e-01 0.0000000e+00 
1.6782570e+00 1.6271511e-01 0.0000000e+00 
1.6900350e+00 4.2038351e-01 0.0000000e+00 
1.7490560e+00 4.2454061e-01 0.0000000e+00 
4.8329440e-01 3.9614201e-01 0.0000000e+00 
4.7259709e-01 4.0761891e-01 0.0000000e+00 
4.6829471e-01 3.9267531e-01 0.0000000e+00 
1.7821480e+00 3.7544200e-01 0.0000000e+00 
1.8081650e+00 4.2873210e-01 0.0000000e+00 
5.6767190e-01 1.8248910e-01 0.0000000e+00 
5.6965590e-01 1.9964610e-01 0.0000000e+00 
5.5310482e-01 2.0997940e-01 0.0000000e+00 
5.7153863e-01 2.1648981e-01 0.0000000e+00 
5.5832732e-01 2.2570750e-01 0.0000000e+00 
5.7294083e-01 2.3188220e-01 0.0000000e+00 
5.8571517e-01 2.2277141e-01 0.0000000e+00 
5.8722973e-01 2.3849240e-01 0.0000000e+00 
2.2661661e-01 1.3415439e-01 0.0000000e+00 
2.6798990e-01 1.4730521e-01 0.0000000e+00 
1.7105891e+00 1.1396340e-01 0.0000000e+00 
5.9993339e-01 2.2935030e-01 0.0000000e+00 
6.0129720e-01 2.4530940e-01 0.0000000e+00 
5.8868867e-01 2.5420901e-01 0.0000000e+00 
6.0235012e-01 2.6110700e-01 0.0000000e+00 
1.8387530e+00 3.7525591e-01 0.0000000e+00 
5.4489303e-01 2.2099259e-01 0.0000000e+00 
4.5784310e-01 5.2955812e-01 0.0000000e+00 
5.1062381e-01 5.1103139e-01 0.0000000e+00 
4.9833831e-01 1.0296860e-01 0.0000000e+00 
1.8639690e+00 4.2541769e-01 0.0000000e+00 
4.9523690e-01 7.3985048e-02 0.0000000e+00 
1.3844220e-01 2.6736441e-01 0.0000000e+00 
1.5088230e-01 3.1097111e-01 0.0000000e+00 
1.2641050e-01 2.2494370e-01 0.0000000e+00 
2.0287590e-01 3.2045639e-01 0.0000000e+00 
1.6756350e-01 3.5410741e-01 0.0000000e+00 
2.1099889e-01 3.6507410e-01 0.0000000e+00 
1.8053800e-01 3.9719370e-01 0.0000000e+00 
2.2913329e-01 4.0715241e-01 0.0000000e+00 
1.9421770e-01 4.3993911e-01 0.0000000e+00 
2.3865750e-01 4.5007020e-01 0.0000000e+00 
1.4811151e-01 4.3034700e-01 0.0000000e+00 
5.9036589e-01 2.6973200e-01 0.0000000e+00 
6.0372931e-01 2.7649191e-01 0.0000000e+00 
6.1619169e-01 2.6624000e-01 0.0000000e+00 
5.9138829e-01 2.8492469e-01 0.0000000e+00 
6.0468042e-01 2.9163459e-01 0.0000000e+00 
1.8453060e+00 2.7996099e-01 0.0000000e+00 
2.0954210e-01 4.8537201e-01 0.0000000e+00 
4.6530190e-01 6.3733928e-02 0.0000000e+00 
5.9247959e-01 2.9992181e-01 0.0000000e+00 
6.0560697e-01 3.0666059e-01 0.0000000e+00 
5.9351093e-01 3.1494951e-01 0.0000000e+00 
6.0633099e-01 3.2174519e-01 0.0000000e+00 
5.9430778e-01 3.2937449e-01 0.0000000e+00 
4.9347320e-01 3.8454881e-01 0.0000000e+00 
5.5062449e-01 1.5674770e-01 0.0000000e+00 
4.5774269e-01 4.0380031e-01 0.0000000e+00 
4.5300320e-01 3.8926181e-01 0.0000000e+00 
5.2078158e-01 8.5589677e-02 0.0000000e+00 
5.2809721e-01 4.7261381e-01 0.0000000e+00 
5.4998982e-01 4.7740239e-01 0.0000000e+00 
1.1647230e-01 3.4303319e-01 0.0000000e+00 
5.4025501e-01 4.0216339e-01 0.0000000e+00 
5.4931629e-01 3.8893181e-01 0.0000000e+00 
5.6429678e-01 3.8917771e-01 0.0000000e+00 
5.5815691e-01 3.7613159e-01 0.0000000e+00 
5.3233409e-01 3.8730109e-01 0.0000000e+00 
6.1810511e-01 2.9840681e-01 0.0000000e+00 
5.4633558e-01 2.3408321e-01 0.0000000e+00 
1.7233150e+00 4.7115931e-01 0.0000000e+00 
1.6544410e+00 4.6960419e-01 0.0000000e+00 
5.9817278e-01 2.1342160e-01 0.0000000e+00 
5.7312608e-01 3.7630349e-01 0.0000000e+00 
5.6664068e-01 3.6344349e-01 0.0000000e+00 
5.8089459e-01 3.6333910e-01 0.0000000e+00 
5.7436389e-01 3.5058859e-01 0.0000000e+00 
5.8890998e-01 3.5140380e-01 0.0000000e+00 
5.9597099e-01 3.6360300e-01 0.0000000e+00 
1.8871840e+00 2.3216370e-01 0.0000000e+00 
1.8613670e+00 1.6699770e-01 0.0000000e+00 
5.8043772e-01 3.2325599e-01 0.0000000e+00 
1.8341640e-01 1.2044960e-01 0.0000000e+00 
1.4539170e-01 1.4803199e-01 0.0000000e+00 
5.2981251e-01 4.1606659e-01 0.0000000e+00 
6.3278657e-01 3.2098520e-01 0.0000000e+00 
4.9883649e-01 1.9035070e-01 0.0000000e+00 
4.8866749e-01 1.9995619e-01 0.0000000e+00 
4.7372600e-01 1.9428051e-01 0.0000000e+00 
4.7687241e-01 2.0988560e-01 0.0000000e+00 
4.6230760e-01 2.0519090e-01 0.0000000e+00 
5.0175709e-01 2.0284539e-01 0.0000000e+00 
3.7420979e-01 2.4249861e-01 0.0000000e+00 
3.7680081e-01 2.5999850e-01 0.0000000e+00 
3.6377189e-01 2.7359021e-01 0.0000000e+00 
3.8147151e-01 2.7786380e-01 0.0000000e+00 
3.9390230e-01 2.6630861e-01 0.0000000e+00 
3.9790910e-01 2.8215069e-01 0.0000000e+00 
3.8660839e-01 2.9399589e-01 0.0000000e+00 
4.0266559e-01 2.9749459e-01 0.0000000e+00 
3.9230630e-01 3.0959940e-01 0.0000000e+00 
3.7539089e-01 3.0645579e-01 0.0000000e+00 
3.8165531e-01 3.2178041e-01 0.0000000e+00 
3.9764741e-01 3.2483751e-01 0.0000000e+00 
3.8738471e-01 3.3702531e-01 0.0000000e+00 
4.0318671e-01 3.3988059e-01 0.0000000e+00 
3.9298999e-01 3.5206911e-01 0.0000000e+00 
4.0884519e-01 3.5489669e-01 0.0000000e+00 
3.7592891e-01 3.5095471e-01 0.0000000e+00 
4.1221961e-01 3.2815641e-01 0.0000000e+00 
4.0885890e-01 2.7070051e-01 0.0000000e+00 
4.0606499e-01 2.5576550e-01 0.0000000e+00 
4.2036530e-01 2.6073930e-01 0.0000000e+00 
4.1758421e-01 2.4588020e-01 0.0000000e+00 
3.9879280e-01 3.6719501e-01 0.0000000e+00 
4.1457930e-01 3.6959961e-01 0.0000000e+00 
4.2435291e-01 3.5784501e-01 0.0000000e+00 
4.3005049e-01 3.7181091e-01 0.0000000e+00 
4.2064139e-01 3.8399899e-01 0.0000000e+00 
4.0332180e-01 2.4100940e-01 0.0000000e+00 
4.1523230e-01 2.3128320e-01 0.0000000e+00 
4.2901969e-01 2.3581611e-01 0.0000000e+00 
4.2680249e-01 2.2116630e-01 0.0000000e+00 
4.4072181e-01 2.2622180e-01 0.0000000e+00 
4.3834931e-01 2.1132030e-01 0.0000000e+00 
4.2324290e-01 2.0628519e-01 0.0000000e+00 
5.7600939e-01 2.6372889e-01 0.0000000e+00 
4.6461701e-01 3.7602729e-01 0.0000000e+00 
4.4586849e-01 3.4520641e-01 0.0000000e+00 
1.8224460e+00 4.8960349e-01 0.0000000e+00 
4.3567330e-01 1.9562960e-01 0.0000000e+00 
5.9315038e-01 1.5660501e-01 0.0000000e+00 
4.5945361e-01 1.9019520e-01 0.0000000e+00 
6.2804931e-01 2.1075760e-01 0.0000000e+00 
4.4690049e-01 3.7500271e-01 0.0000000e+00 
4.3590689e-01 2.6693821e-01 0.0000000e+00 
4.5538360e-01 2.4537770e-01 0.0000000e+00 
5.3253782e-01 3.6093631e-01 0.0000000e+00 
5.0687999e-01 3.7203360e-01 0.0000000e+00 
5.5479759e-01 3.4289679e-01 0.0000000e+00 
4.7859880e-01 2.3292100e-01 0.0000000e+00 
5.6951690e-01 2.9091081e-01 0.0000000e+00 
4.3251589e-01 3.2153201e-01 0.0000000e+00 
2.5864059e-01 4.9322551e-01 0.0000000e+00 
2.8119770e-01 4.6436489e-01 0.0000000e+00 
2.9712620e-01 4.9769270e-01 0.0000000e+00 
5.0679362e-01 2.2942559e-01 0.0000000e+00 
5.1640040e-01 2.1935740e-01 0.0000000e+00 
6.5671778e-01 2.8741741e-01 0.0000000e+00 
6.4681822e-01 2.6546481e-01 0.0000000e+00 
2.6161829e-01 1.0442510e-01 0.0000000e+00 
2.9914159e-01 1.2133270e-01 0.0000000e+00 
5.3835911e-01 2.0090669e-01 0.0000000e+00 
4.1076070e-01 4.0288219e-01 0.0000000e+00 
4.2847160e-01 2.9058349e-01 0.0000000e+00 
5.8385968e-01 4.0419951e-01 0.0000000e+00 
4.6758640e-01 2.2237021e-01 0.0000000e+00 
1.7680900e+00 1.1666990e-01 0.0000000e+00 
4.6705061e-01 3.6164391e-01 0.0000000e+00 
4.2953780e-01 5.2015013e-01 0.0000000e+00 
3.4222049e-01 3.0633521e-01 0.0000000e+00 
3.3303869e-01 2.8045291e-01 0.0000000e+00 
5.3547281e-01 4.9663380e-01 0.0000000e+00 
5.6233060e-01 5.0093198e-01 0.0000000e+00 
3.5305610e-01 3.5562491e-01 0.0000000e+00 
3.6326250e-01 3.7681499e-01 0.0000000e+00 
5.8255208e-01 1.8968870e-01 0.0000000e+00 
5.6585908e-01 6.7596443e-02 0.0000000e+00 
3.1423870e-01 5.6071562e-01 0.0000000e+00 
3.6825681e-01 5.5769640e-01 0.0000000e+00 
1.6511329e+00 1.0926090e-01 0.0000000e+00 
1.6192470e+00 1.5863900e-01 0.0000000e+00 
3.1425080e-01 3.9930049e-02 0.0000000e+00 
3.1129351e-01 1.6085930e-01 0.0000000e+00 
3.3299991e-01 1.3328290e-01 0.0000000e+00 
3.3072019e-01 1.0009960e-01 0.0000000e+00 
2.7850899e-01 1.8997809e-01 0.0000000e+00 
3.6250210e-01 1.1719080e-01 0.0000000e+00 
3.6242679e-01 7.9823360e-02 0.0000000e+00 
3.9215559e-01 9.3917303e-02 0.0000000e+00 
6.7704421e-01 3.9422091e-02 0.0000000e+00 
6.9158012e-01 7.9496212e-02 0.0000000e+00 
7.2696608e-01 4.4044841e-02 0.0000000e+00 
7.3696113e-01 9.5335990e-02 0.0000000e+00 
7.9171729e-01 1.0606610e-01 0.0000000e+00 
7.5707722e-01 1.3865989e-01 0.0000000e+00 
8.0465728e-01 1.5881000e-01 0.0000000e+00 
8.4009641e-01 1.2030350e-01 0.0000000e+00 
8.5441029e-01 1.6780110e-01 0.0000000e+00 
8.9020813e-01 1.3047090e-01 0.0000000e+00 
8.7580758e-01 8.5384279e-02 0.0000000e+00 
6.3392729e-01 5.6027758e-01 0.0000000e+00 
6.5490252e-01 5.2222651e-01 0.0000000e+00 
6.9785458e-01 5.2009457e-01 0.0000000e+00 
6.6947389e-01 4.8214740e-01 0.0000000e+00 
7.1400052e-01 4.7928271e-01 0.0000000e+00 
7.3890662e-01 5.1415598e-01 0.0000000e+00 
7.5538421e-01 4.7427329e-01 0.0000000e+00 
7.3060858e-01 4.4053549e-01 0.0000000e+00 
7.7131832e-01 4.3481070e-01 0.0000000e+00 
7.4432129e-01 4.0371630e-01 0.0000000e+00 
7.9942912e-01 4.6868020e-01 0.0000000e+00 
8.1664360e-01 4.2528069e-01 0.0000000e+00 
8.4675127e-01 4.6303490e-01 0.0000000e+00 
7.0795268e-01 4.1132101e-01 0.0000000e+00 
8.6556101e-01 4.1526449e-01 0.0000000e+00 
9.0177119e-01 4.5578691e-01 0.0000000e+00 
6.1436248e-01 5.2457899e-01 0.0000000e+00 
5.9010911e-01 5.6233871e-01 0.0000000e+00 
6.8740159e-01 4.4485721e-01 0.0000000e+00 
6.3075930e-01 4.9217081e-01 0.0000000e+00 
8.2390177e-01 3.7696400e-01 0.0000000e+00 
6.5760958e-01 4.5251140e-01 0.0000000e+00 
8.8201141e-01 3.6469159e-01 0.0000000e+00 
7.1646827e-01 3.7200019e-01 0.0000000e+00 
7.5293612e-01 3.6630341e-01 0.0000000e+00 
7.3172802e-01 3.4158540e-01 0.0000000e+00 
4.3641081e-01 3.8625911e-01 0.0000000e+00 
3.3307719e-01 5.1888418e-01 0.0000000e+00 
3.7808201e-01 5.1874483e-01 0.0000000e+00 
4.1757399e-01 3.4319299e-01 0.0000000e+00 
4.0734050e-01 3.1263331e-01 0.0000000e+00 
4.8661929e-01 4.2812102e-02 0.0000000e+00 
7.2056448e-01 1.3380709e-01 0.0000000e+00 
7.2885102e-01 1.7120270e-01 0.0000000e+00 
7.6764971e-01 1.8236589e-01 0.0000000e+00 
7.3844647e-01 2.0840840e-01 0.0000000e+00 
3.2383901e-01 4.7502699e-01 0.0000000e+00 
2.0299730e-01 4.5617640e-02 0.0000000e+00 
5.8970161e-02 3.3410329e-01 0.0000000e+00 
2.0689000e-01 5.5709481e-01 0.0000000e+00 
4.1305149e-01 2.8573561e-01 0.0000000e+00 
7.8471351e-01 5.4944623e-01 0.0000000e+00 
5.7445318e-01 2.4704580e-01 0.0000000e+00 
4.8197981e-02 2.0613991e-01 0.0000000e+00 
2.9774281e-01 8.0907270e-02 0.0000000e+00 
5.0055778e-01 5.6669247e-01 0.0000000e+00 
5.6139982e-01 2.6632291e-01 0.0000000e+00 
1.6788280e+00 5.7307512e-02 0.0000000e+00 
5.1920211e-01 3.7999329e-01 0.0000000e+00 
5.3287011e-01 2.3837809e-01 0.0000000e+00 
4.9314889e-01 3.6956069e-01 0.0000000e+00 
5.4427528e-01 3.7591609e-01 0.0000000e+00 
7.8244883e-01 3.9527819e-01 0.0000000e+00 
3.6446571e-01 4.0250320e-02 0.0000000e+00 
4.4162789e-01 3.5938531e-01 0.0000000e+00 
6.3632941e-01 2.8842619e-01 0.0000000e+00 
4.9067271e-01 2.1312010e-01 0.0000000e+00 
9.0754151e-01 5.5067050e-01 0.0000000e+00 
9.6624529e-01 5.4957891e-01 0.0000000e+00 
9.9525559e-01 4.9868581e-01 0.0000000e+00 
1.0540251e+00 4.9801311e-01 0.0000000e+00 
1.0243800e+00 4.4818369e-01 0.0000000e+00 
1.0813180e+00 4.4429299e-01 0.0000000e+00 
9.6050638e-01 4.4521841e-01 0.0000000e+00 
9.9237692e-01 4.0150511e-01 0.0000000e+00 
9.3534291e-01 5.0050128e-01 0.0000000e+00 
1.1123620e+00 4.9683940e-01 0.0000000e+00 
1.1383430e+00 4.4216970e-01 0.0000000e+00 
5.4218680e-01 5.2327639e-01 0.0000000e+00 
4.9454380e-02 4.5007420e-01 0.0000000e+00 
1.0217610e-01 4.7936839e-01 0.0000000e+00 
2.2542991e-01 2.8165141e-01 0.0000000e+00 
3.9299640e-01 1.2565491e-01 0.0000000e+00 
4.2287391e-01 1.0849530e-01 0.0000000e+00 
4.1702661e-01 7.4225321e-02 0.0000000e+00 
4.2317891e-01 4.9126241e-01 0.0000000e+00 
3.6435950e-01 3.1840631e-01 0.0000000e+00 
5.9271669e-01 4.9394491e-01 0.0000000e+00 
4.5279789e-01 2.1705380e-01 0.0000000e+00 
1.1707489e+00 4.9572700e-01 0.0000000e+00 
1.1967220e+00 4.4262701e-01 0.0000000e+00 
1.2286400e+00 4.9457431e-01 0.0000000e+00 
1.2569320e+00 4.4329810e-01 0.0000000e+00 
1.2887410e+00 4.9415389e-01 0.0000000e+00 
4.9704749e-02 9.0376601e-02 0.0000000e+00 
1.1661880e+00 3.8667339e-01 0.0000000e+00 
1.0448740e+00 3.9727730e-01 0.0000000e+00 
1.3219531e+00 5.4748261e-01 0.0000000e+00 
1.3566051e+00 4.9475339e-01 0.0000000e+00 
1.4128619e+00 5.0170678e-01 0.0000000e+00 
1.3878731e+00 4.4357020e-01 0.0000000e+00 
2.6875430e-01 4.3074101e-01 0.0000000e+00 
4.1746351e-01 3.0108821e-01 0.0000000e+00 
4.7450441e-01 4.2571831e-01 0.0000000e+00 
4.0593800e-01 2.0075510e-01 0.0000000e+00 
4.4167551e-01 4.0079829e-01 0.0000000e+00 
1.9512080e+00 4.5117629e-01 0.0000000e+00 
1.0262311e+00 5.1109631e-02 0.0000000e+00 
9.9738371e-01 1.0181700e-01 0.0000000e+00 
1.0553030e+00 1.0176790e-01 0.0000000e+00 
1.0273110e+00 1.4739220e-01 0.0000000e+00 
1.0855290e+00 1.4977370e-01 0.0000000e+00 
9.7062862e-01 1.4721170e-01 0.0000000e+00 
9.3508059e-01 1.0148260e-01 0.0000000e+00 
1.1133560e+00 1.0215650e-01 0.0000000e+00 
1.1446090e+00 1.4514109e-01 0.0000000e+00 
1.1160710e+00 1.9391710e-01 0.0000000e+00 
1.2018321e+00 5.4771107e-01 0.0000000e+00 
1.9480680e+00 2.1005040e-01 0.0000000e+00 
1.0842860e+00 5.4868227e-01 0.0000000e+00 
1.9480680e+00 3.2994959e-01 0.0000000e+00 
1.5904510e+00 1.0452840e-01 0.0000000e+00 
1.5598950e+00 1.5443350e-01 0.0000000e+00 
1.5304790e+00 1.0186320e-01 0.0000000e+00 
1.5007280e+00 1.5119410e-01 0.0000000e+00 
1.5273950e+00 2.0345390e-01 0.0000000e+00 
1.4685169e+00 1.9967620e-01 0.0000000e+00 
1.4425830e+00 1.4740349e-01 0.0000000e+00 
1.4098901e+00 1.9577309e-01 0.0000000e+00 
1.3839140e+00 1.4338671e-01 0.0000000e+00 
1.3511680e+00 1.9153769e-01 0.0000000e+00 
1.3252350e+00 1.3926670e-01 0.0000000e+00 
1.2926320e+00 1.8772170e-01 0.0000000e+00 
1.2666039e+00 1.3634580e-01 0.0000000e+00 
1.2355460e+00 1.8558609e-01 0.0000000e+00 
1.2059170e+00 1.3905290e-01 0.0000000e+00 
1.2347410e+00 9.3928657e-02 0.0000000e+00 
1.3187660e+00 2.4091680e-01 0.0000000e+00 
1.4945120e+00 2.5244480e-01 0.0000000e+00 
1.5862570e+00 2.0772290e-01 0.0000000e+00 
5.5948251e-01 2.4233980e-01 0.0000000e+00 
1.5573130e+00 5.4926682e-01 0.0000000e+00 
1.5215520e+00 5.0207931e-01 0.0000000e+00 
1.5906490e+00 4.9784341e-01 0.0000000e+00 
1.3832541e+00 4.9608339e-02 0.0000000e+00 
1.5002331e+00 5.0511628e-02 0.0000000e+00 
1.7345819e+00 5.5134553e-01 0.0000000e+00 
1.6170100e+00 5.5189037e-01 0.0000000e+00 
1.6308481e+00 4.1378099e-01 0.0000000e+00 
1.7733830e+00 4.6653220e-01 0.0000000e+00 
1.8566350e+00 5.4165798e-01 0.0000000e+00 
1.5124860e+00 4.0674630e-01 0.0000000e+00 
1.4853560e+00 4.5626420e-01 0.0000000e+00 
1.6452560e+00 2.1187560e-01 0.0000000e+00 
1.7967290e+00 1.6947480e-01 0.0000000e+00 
1.8955210e+00 4.8443690e-01 0.0000000e+00 
2.4952111e-01 3.7534630e-01 0.0000000e+00 
2.4015559e-01 3.3920720e-01 0.0000000e+00 
1.6122910e+00 2.6095319e-01 0.0000000e+00 
1.8537400e+00 5.5921540e-02 0.0000000e+00 
1.8819669e+00 1.0242500e-01 0.0000000e+00 
9.5119797e-02 1.2153590e-01 0.0000000e+00 
1.0847340e+00 5.0935078e-02 0.0000000e+00 
1.7562060e+00 3.2229191e-01 0.0000000e+00 
1.4358770e+00 2.4863569e-01 0.0000000e+00 
4.3159389e-01 2.5088599e-01 0.0000000e+00 
4.7994119e-01 3.8120639e-01 0.0000000e+00 
1.8123610e+00 3.2570100e-01 0.0000000e+00 
6.1470199e-01 2.3820160e-01 0.0000000e+00 
6.2837660e-01 2.5279269e-01 0.0000000e+00 
5.6644672e-01 3.2120070e-01 0.0000000e+00 
4.0343639e-01 3.8359720e-01 0.0000000e+00 
1.2608960e+00 2.3755901e-01 0.0000000e+00 
9.7383392e-01 2.2759880e-01 0.0000000e+00 
1.8966711e+00 3.6694610e-01 0.0000000e+00 
1.2852859e+00 3.9278471e-01 0.0000000e+00 
4.4754091e-01 4.1694289e-01 0.0000000e+00 
5.1814729e-01 1.1434720e-01 0.0000000e+00 
9.8089732e-02 2.9848260e-01 0.0000000e+00 
8.7650722e-01 5.0584209e-01 0.0000000e+00 
7.2722268e-01 5.5884892e-01 0.0000000e+00 
9.1900879e-01 4.0950510e-01 0.0000000e+00 
6.0669678e-01 3.3687809e-01 0.0000000e+00 
9.2257088e-01 2.2499460e-01 0.0000000e+00 
1.8270659e+00 1.1701130e-01 0.0000000e+00 
3.9101499e-01 2.5043941e-01 0.0000000e+00 
3.0026230e-01 2.1632680e-01 0.0000000e+00 
5.8418620e-01 3.3934349e-01 0.0000000e+00 
1.5593460e+00 5.1838879e-02 0.0000000e+00 
4.5547140e-01 5.6772357e-01 0.0000000e+00 
9.7268373e-02 1.8144910e-01 0.0000000e+00 
9.3618453e-02 5.9398320e-02 0.0000000e+00 
9.5946752e-02 4.1991970e-01 0.0000000e+00 
1.5493150e-01 4.8253620e-01 0.0000000e+00 
5.3141659e-01 2.2366489e-01 0.0000000e+00 
4.6951711e-01 1.7694290e-01 0.0000000e+00 
1.3219830e+00 4.4809279e-01 0.0000000e+00 
6.1860532e-01 2.8225860e-01 0.0000000e+00 
9.2647932e-02 5.4469162e-01 0.0000000e+00 
3.6105269e-01 4.8700431e-01 0.0000000e+00 
1.4393450e+00 5.5213040e-01 0.0000000e+00 
1.9442101e+00 9.5342271e-02 0.0000000e+00 
9.0059137e-01 1.7995150e-01 0.0000000e+00 
8.2735151e-01 2.0720319e-01 0.0000000e+00 
6.6251612e-01 1.0677520e-01 0.0000000e+00 
6.7604911e-01 4.1622579e-01 0.0000000e+00 
6.8501538e-01 3.8669550e-01 0.0000000e+00 
3.6920869e-01 2.9070961e-01 0.0000000e+00 
4.5409241e-01 2.3146330e-01 0.0000000e+00 
6.1867392e-01 3.1358370e-01 0.0000000e+00 
1.9131620e+00 5.4997718e-01 0.0000000e+00 
4.2027211e-01 1.8849210e-01 0.0000000e+00 
1.9003210e+00 2.9999799e-01 0.0000000e+00 
5.5434358e-01 1.3134070e-01 0.0000000e+00 
1.4729370e+00 1.0059040e-01 0.0000000e+00 
4.4868380e-01 4.7589070e-01 0.0000000e+00 
1.7371070e+00 5.7924490e-02 0.0000000e+00 
1.6196249e-01 1.9384970e-01 0.0000000e+00 
2.7876011e-01 3.4925121e-01 0.0000000e+00 
5.6304562e-01 4.5950639e-01 0.0000000e+00 
6.0384172e-01 3.5119170e-01 0.0000000e+00 
5.7530987e-01 5.2873927e-01 0.0000000e+00 
1.3667960e-01 3.8707560e-01 0.0000000e+00 
4.9747679e-01 1.2821840e-01 0.0000000e+00 
1.1983300e+00 4.8251878e-02 0.0000000e+00 
7.5970978e-01 3.2726541e-01 0.0000000e+00 
8.1999791e-01 5.1075947e-01 0.0000000e+00 
1.3957340e+00 3.8871399e-01 0.0000000e+00 
3.8881221e-01 2.3447470e-01 0.0000000e+00 
5.2596432e-01 2.0954940e-01 0.0000000e+00 
1.4149910e+00 9.8922051e-02 0.0000000e+00 
3.1656411e-01 1.9587231e-01 0.0000000e+00 
4.3203679e-01 3.4525600e-01 0.0000000e+00 
5.0832897e-01 3.8785461e-01 0.0000000e+00 
5.0716370e-01 4.6868089e-01 0.0000000e+00 
7.2506380e-01 3.1459489e-01 0.0000000e+00 
5.7067949e-01 1.5282580e-01 0.0000000e+00 
6.7973870e-01 1.6684531e-01 0.0000000e+00 
5.3255141e-01 1.4827640e-01 0.0000000e+00 
5.8382958e-01 2.0679601e-01 0.0000000e+00 
3.6833951e-01 3.3595169e-01 0.0000000e+00 
6.6081917e-01 3.9089271e-01 0.0000000e+00 
3.5859609e-01 1.6498099e-01 0.0000000e+00 
5.4474670e-01 2.4635740e-01 0.0000000e+00 
8.5039961e-01 4.4130251e-02 0.0000000e+00 
7.0378470e-01 2.1493910e-01 0.0000000e+00 
3.8111559e-01 3.6489099e-01 0.0000000e+00 
3.8378549e-01 3.8103321e-01 0.0000000e+00 
1.1733290e+00 9.6517898e-02 0.0000000e+00 
6.1236829e-01 3.6486840e-01 0.0000000e+00 
4.2817801e-01 4.6774849e-01 0.0000000e+00 
3.9298210e-01 4.8933309e-01 0.0000000e+00 
5.1858139e-01 5.3958851e-01 0.0000000e+00 
1.1778920e+00 1.8819040e-01 0.0000000e+00 
6.3357651e-01 4.2729640e-01 0.0000000e+00 
2.1912169e-01 8.9860998e-02 0.0000000e+00 
4.4828820e-01 3.3391532e-02 0.0000000e+00 
7.1727687e-01 2.3730519e-01 0.0000000e+00 
9.8337471e-02 2.5592181e-01 0.0000000e+00 
4.8688981e-01 5.3696889e-01 0.0000000e+00 
9.1024607e-01 4.6742149e-02 0.0000000e+00 
4.2072469e-01 3.1704551e-01 0.0000000e+00 
2.5881660e-01 2.8481191e-01 0.0000000e+00 
1.3556740e+00 9.6588373e-02 0.0000000e+00 
3.8170820e-01 4.6353251e-01 0.0000000e+00 
6.1133659e-01 4.6789679e-01 0.0000000e+00 
4.4266859e-01 2.4074350e-01 0.0000000e+00 
1.4653840e+00 5.0395852e-01 0.0000000e+00 
1.1433500e+00 2.3560201e-01 0.0000000e+00 
5.5341142e-01 3.6430839e-01 0.0000000e+00 
5.7990170e-01 2.7820900e-01 0.0000000e+00 
4.4887719e-01 2.0151231e-01 0.0000000e+00 
4.6245420e-01 4.1756010e-01 0.0000000e+00 
4.1210291e-01 2.1662711e-01 0.0000000e+00 
5.1736373e-01 5.6347691e-02 0.0000000e+00 
7.0604849e-01 3.3807889e-01 0.0000000e+00 
4.3653390e-01 1.2656429e-01 0.0000000e+00 
4.2773649e-01 3.9727569e-01 0.0000000e+00 
4.2305809e-01 2.7508900e-01 0.0000000e+00 
1.9111360e+00 1.7995431e-01 0.0000000e+00 
1.2975690e+00 9.4644032e-02 0.0000000e+00 
7.4613649e-01 2.3963641e-01 0.0000000e+00 
2.9362991e-01 4.1433749e-01 0.0000000e+00 
5.8357382e-01 3.0761179e-01 0.0000000e+00 
5.3191912e-01 3.7253350e-01 0.0000000e+00 
4.4445190e-01 8.4593862e-02 0.0000000e+00 
1.5468830e+00 4.5422599e-01 0.0000000e+00 
6.2926418e-01 2.7103639e-01 0.0000000e+00 
3.5220909e-01 2.8729489e-01 0.0000000e+00 
8.3805579e-01 3.3710629e-01 0.0000000e+00 
5.2616048e-01 4.0003020e-01 0.0000000e+00 
1.8064611e-01 5.2023911e-01 0.0000000e+00 
4.2505819e-01 3.3176431e-01 0.0000000e+00 
7.7968621e-01 5.0346297e-01 0.0000000e+00 
1.2679260e+00 4.6381779e-02 0.0000000e+00 
5.8107018e-01 2.9473820e-01 0.0000000e+00 
6.1925322e-01 3.3036381e-01 0.0000000e+00 
5.6537521e-01 2.5524691e-01 0.0000000e+00 
3.8967860e-01 6.5405212e-02 0.0000000e+00 
1.0865080e+00 2.3449360e-01 0.0000000e+00 
1.4042149e-01 9.9993236e-02 0.0000000e+00 
1.0030100e+00 3.5783571e-01 0.0000000e+00 
3.6067769e-01 3.0184039e-01 0.0000000e+00 
5.7885981e-01 3.8880101e-01 0.0000000e+00 
1.5990330e+00 4.4926330e-01 0.0000000e+00 
9.1439813e-02 3.7532219e-01 0.0000000e+00 
5.7995051e-01 1.7130360e-01 0.0000000e+00 
6.1258352e-01 2.5273019e-01 0.0000000e+00 
4.0172791e-01 2.2754180e-01 0.0000000e+00 
5.4750210e-01 9.9742994e-02 0.0000000e+00 
6.1311978e-01 2.0313910e-01 0.0000000e+00 
6.1223829e-01 2.2002740e-01 0.0000000e+00 
1.8586820e+00 3.2957241e-01 0.0000000e+00 
5.8738971e-01 3.7580970e-01 0.0000000e+00 
4.5219980e-02 4.4195049e-02 0.0000000e+00 
4.8124549e-01 2.2123460e-01 0.0000000e+00 
4.3828961e-02 5.5591398e-01 0.0000000e+00 
1.0568640e+00 1.9004630e-01 0.0000000e+00 
3.3193341e-01 4.4711831e-01 0.0000000e+00 
3.0378929e-01 4.4286191e-01 0.0000000e+00 
5.3415012e-01 1.2728420e-01 0.0000000e+00 
5.0386423e-01 2.1636350e-01 0.0000000e+00 
1.9116580e+00 4.2358989e-01 0.0000000e+00 
4.5517069e-01 3.6521810e-01 0.0000000e+00 
3.6732909e-01 3.6239621e-01 0.0000000e+00 
6.3041377e-01 3.0585691e-01 0.0000000e+00 
1.9569679e+00 4.3301821e-02 0.0000000e+00 
5.7146299e-01 4.8058590e-01 0.0000000e+00 
1.6484860e+00 5.1718348e-01 0.0000000e+00 
9.4670999e-01 1.8556410e-01 0.0000000e+00 
6.3752991e-01 4.6584189e-01 0.0000000e+00 
1.9572541e+00 5.5697870e-01 0.0000000e+00 
6.4813697e-01 2.4830820e-01 0.0000000e+00 
6.0179752e-01 3.7555191e-01 0.0000000e+00 
1.4364240e+00 4.6111640e-01 0.0000000e+00 
5.6217611e-01 3.5223660e-01 0.0000000e+00 
6.6050959e-01 4.3027630e-01 0.0000000e+00 
4.0468970e-01 5.1149738e-01 0.0000000e+00 
5.1506358e-01 2.0555650e-01 0.0000000e+00 
4.3334481e-01 1.8108650e-01 0.0000000e+00 
9.9962813e-01 1.8700930e-01 0.0000000e+00 
6.9131333e-01 1.1763480e-01 0.0000000e+00 
4.4599831e-01 1.8538959e-01 0.0000000e+00 
5.1551181e-01 4.8891029e-01 0.0000000e+00 
4.3754059e-01 5.8743980e-02 0.0000000e+00 
5.9589100e-01 3.4163511e-01 0.0000000e+00 
2.3624770e-01 5.2814358e-01 0.0000000e+00 
6.6953379e-01 3.7169310e-01 0.0000000e+00 
3.6865169e-01 3.9570969e-01 0.0000000e+00 
5.9758049e-01 1.9620110e-01 0.0000000e+00 
1.3329040e-01 5.1544452e-01 0.0000000e+00 
1.0515270e+00 3.5504949e-01 0.0000000e+00 
3.3392131e-01 6.8202123e-02 0.0000000e+00 
1.7869949e-01 8.1389397e-02 0.0000000e+00 
9.2706198e-01 1.4882250e-01 0.0000000e+00 
1.7000279e+00 5.1305068e-01 0.0000000e+00 
3.4774879e-01 2.6959679e-01 0.0000000e+00 
5.7002652e-01 3.3917850e-01 0.0000000e+00 
4.5571360e-01 1.7617980e-01 0.0000000e+00 
8.2389021e-01 8.1237279e-02 0.0000000e+00 
5.6977302e-01 4.0162051e-01 0.0000000e+00 
5.7622939e-01 9.1579817e-02 0.0000000e+00 
7.9520959e-01 1.9354109e-01 0.0000000e+00 
7.1731091e-01 1.9555099e-01 0.0000000e+00 
9.5533073e-01 4.0679529e-01 0.0000000e+00 
5.1722008e-01 4.1250920e-01 0.0000000e+00 
4.3116611e-01 5.4470932e-01 0.0000000e+00 
6.9998658e-01 1.5358570e-01 0.0000000e+00 
3.7607810e-01 2.2627370e-01 0.0000000e+00 
5.1978278e-01 3.9113960e-01 0.0000000e+00 
5.3689402e-01 2.1312129e-01 0.0000000e+00 
9.0401761e-02 2.1924180e-01 0.0000000e+00 
7.8513551e-01 3.6338761e-01 0.0000000e+00 
2.8628290e-01 5.2971011e-01 0.0000000e+00 
1.9101239e+00 1.3962340e-01 0.0000000e+00 
3.3938929e-01 1.5675519e-01 0.0000000e+00 
3.5365051e-01 1.4366330e-01 0.0000000e+00 
5.9640652e-01 1.7787141e-01 0.0000000e+00 
2.3996450e-01 3.0955619e-01 0.0000000e+00 
4.0130991e-01 5.3756779e-01 0.0000000e+00 
2.6203820e-01 3.9843059e-01 0.0000000e+00 
1.7610559e+00 5.1254529e-01 0.0000000e+00 
5.3923780e-01 6.9367118e-02 0.0000000e+00 
6.6389477e-01 2.7387929e-01 0.0000000e+00 
5.6400359e-01 1.6758190e-01 0.0000000e+00 
6.3302028e-01 3.3655259e-01 0.0000000e+00 
5.4254562e-01 3.6452681e-01 0.0000000e+00 
5.1293671e-01 2.8587131e-02 0.0000000e+00 
5.1246679e-01 1.8971939e-01 0.0000000e+00 

CELLS 1766 7064
3 0 870 123
3 1 882 70
3 2 887 79
3 3 872 114
3 4 193 35
3 4 516 193
3 5 516 4
3 6 184 5
3 6 612 184
3 7 612 6
3 8 183 7
3 8 799 183
3 9 799 8
3 10 615 9
3 11 335 10
3 11 521 335
3 12 521 11
3 13 311 12
3 13 515 311
3 14 515 13
3 15 312 14
3 15 511 312
3 16 511 15
3 17 308 16
3 17 510 308
3 18 510 17
3 19 301 18
3 19 529 301
3 20 529 19
3 21 124 20
3 21 517 124
3 22 517 21
3 23 277 22
3 23 503 277
3 24 503 23
3 25 266 24
3 25 533 266
3 26 533 25
3 27 269 26
3 27 616 269
3 28 616 27
3 29 513 28
3 30 241 29
3 30 512 241
3 31 512 30
3 32 214 31
3 32 514 214
3 33 514 32
3 34 215 33
3 34 726 215
3 35 726 34
3 36 870 0
3 37 747 36
3 38 155 37
3 38 603 155
3 39 603 38
3 40 130 39
3 40 547 130
3 41 547 40
3 41 619 547
3 42 619 41
3 43 142 42
3 43 812 142
3 44 812 43
3 44 943 597
3 45 943 44
3 46 145 45
3 46 159 145
3 47 159 46
3 48 140 47
3 48 555 140
3 49 555 48
3 49 557 555
3 50 557 49
3 51 126 50
3 51 800 126
3 52 800 51
3 52 816 800
3 53 816 52
3 54 131 53
3 54 663 131
3 55 663 54
3 55 718 663
3 56 718 55
3 57 127 56
3 57 780 127
3 58 780 57
3 58 850 780
3 59 850 58
3 60 148 59
3 60 700 148
3 61 700 60
3 62 128 61
3 62 701 128
3 63 701 62
3 63 744 701
3 64 744 63
3 65 136 64
3 65 613 136
3 66 613 65
3 66 772 613
3 67 772 66
3 68 144 67
3 68 715 144
3 69 715 68
3 70 157 69
3 70 882 157
3 71 882 1
3 72 757 71
3 73 154 72
3 73 674 154
3 74 674 73
3 75 139 74
3 75 676 139
3 76 676 75
3 77 147 76
3 77 662 147
3 78 662 77
3 79 156 78
3 79 887 156
3 80 887 2
3 81 766 80
3 82 706 81
3 83 151 82
3 83 702 151
3 84 702 83
3 85 129 84
3 85 703 129
3 86 703 85
3 87 697 86
3 88 137 87
3 88 756 137
3 89 756 88
3 90 149 89
3 90 653 149
3 91 653 90
3 92 134 91
3 92 673 134
3 93 673 92
3 94 150 93
3 94 675 150
3 95 675 94
3 96 135 95
3 96 624 135
3 97 624 96
3 98 623 97
3 99 125 98
3 99 607 125
3 100 607 99
3 100 736 607
3 101 736 100
3 102 138 101
3 102 566 138
3 103 566 102
3 103 583 566
3 104 583 103
3 105 143 104
3 105 611 143
3 106 611 105
3 106 745 611
3 107 745 106
3 108 141 107
3 108 544 141
3 109 544 108
3 110 543 109
3 111 132 110
3 111 605 132
3 112 605 111
3 113 153 112
3 113 754 153
3 114 754 113
3 114 872 754
3 115 872 3
3 116 158 115
3 116 635 158
3 117 635 116
3 118 146 117
3 118 604 146
3 119 604 118
3 120 133 119
3 120 609 133
3 121 609 120
3 122 152 121
3 122 650 152
3 123 650 122
3 123 870 650
3 124 529 20
3 124 658 529
3 124 817 658
3 125 623 98
3 125 735 623
3 125 782 735
3 126 557 50
3 126 558 557
3 126 559 558
3 126 915 559
3 127 718 56
3 127 804 670
3 128 700 61
3 128 786 700
3 129 702 84
3 129 911 702
3 130 603 39
3 130 610 525
3 130 811 603
3 131 816 53
3 132 543 110
3 132 929 543
3 133 604 119
3 133 734 604
3 133 814 734
3 133 927 814
3 134 653 91
3 134 673 647
3 135 675 95
3 136 613 545
3 136 744 64
3 137 697 87
3 137 698 697
3 137 823 698
3 138 736 101
3 139 674 74
3 139 768 454
3 140 159 47
3 140 160 159
3 140 161 160
3 140 555 161
3 141 745 107
3 141 922 745
3 141 935 922
3 142 619 42
3 142 854 619
3 142 900 640
3 143 583 104
3 143 777 583
3 143 808 634
3 144 740 532
3 144 772 67
3 145 938 830
3 145 943 45
3 146 635 117
3 146 748 635
3 146 861 748
3 147 676 76
3 147 730 676
3 147 878 730
3 148 850 59
3 149 756 89
3 150 673 93
3 150 675 632
3 151 706 82
3 151 937 504
3 152 609 121
3 152 746 609
3 153 605 112
3 153 847 605
3 153 906 847
3 154 757 72
3 154 930 757
3 155 747 37
3 155 856 747
3 155 909 856
3 156 662 78
3 156 711 662
3 156 766 711
3 156 887 766
3 157 715 69
3 157 716 715
3 157 757 716
3 157 882 757
3 158 872 115
3 159 542 145
3 160 542 159
3 160 917 542
3 161 162 160
3 161 760 162
3 162 163 160
3 162 164 163
3 162 165 164
3 162 760 165
3 163 917 160
3 164 187 163
3 164 506 187
3 165 166 164
3 165 167 166
3 165 253 167
3 165 760 253
3 166 506 164
3 166 933 506
3 167 168 166
3 167 169 168
3 167 793 169
3 168 227 166
3 168 866 227
3 169 170 168
3 169 171 170
3 169 188 171
3 169 793 188
3 170 508 168
3 171 172 170
3 171 173 172
3 171 801 173
3 172 244 170
3 172 888 244
3 173 174 172
3 173 175 174
3 173 813 175
3 174 888 172
3 174 939 524
3 175 176 174
3 175 177 176
3 175 178 177
3 175 813 178
3 176 939 174
3 177 180 176
3 177 791 180
3 178 179 177
3 178 181 179
3 178 837 181
3 179 791 177
3 180 191 176
3 180 192 191
3 180 831 192
3 181 182 179
3 181 185 182
3 181 245 185
3 181 837 245
3 182 781 179
3 183 612 7
3 183 799 696
3 183 853 612
3 184 516 5
3 184 612 501
3 184 826 516
3 185 186 182
3 185 189 186
3 185 759 189
3 186 222 182
3 186 845 222
3 187 361 163
3 187 769 361
3 187 792 769
3 188 801 171
3 188 919 801
3 188 923 599
3 189 190 186
3 189 194 190
3 189 243 194
3 189 759 243
3 190 845 186
3 191 523 176
3 192 201 191
3 192 202 201
3 192 203 202
3 192 831 203
3 193 726 35
3 193 839 456
3 193 851 839
3 194 195 190
3 194 196 195
3 194 739 196
3 195 588 190
3 196 197 195
3 196 198 197
3 196 729 198
3 196 739 729
3 197 242 195
3 197 857 242
3 198 199 197
3 198 200 199
3 198 259 200
3 198 729 259
3 199 857 197
3 199 907 857
3 200 216 199
3 200 217 216
3 200 855 217
3 201 232 191
3 201 460 232
3 201 941 460
3 202 204 201
3 202 205 204
3 202 903 205
3 203 831 589
3 203 903 202
3 204 941 201
3 205 206 204
3 205 207 206
3 205 797 207
3 205 903 797
3 206 341 204
3 206 805 341
3 207 208 206
3 207 209 208
3 207 211 209
3 207 797 211
3 208 805 206
3 208 889 805
3 209 210 208
3 209 212 210
3 209 810 212
3 210 344 208
3 210 530 344
3 211 797 761
3 211 810 209
3 211 892 810
3 212 213 210
3 212 220 213
3 212 257 220
3 212 810 257
3 213 530 210
3 214 512 31
3 214 891 825
3 214 942 512
3 215 514 33
3 215 913 514
3 216 907 199
3 217 218 216
3 217 219 218
3 217 824 219
3 217 855 824
3 218 345 216
3 218 651 345
3 219 223 218
3 219 224 223
3 219 258 224
3 219 824 258
3 220 221 213
3 220 254 221
3 220 821 254
3 221 239 213
3 221 240 239
3 221 775 240
3 222 781 182
3 222 845 586
3 222 928 781
3 223 651 218
3 224 225 223
3 224 226 225
3 224 728 226
3 225 352 223
3 225 731 352
3 226 228 225
3 226 229 228
3 226 693 229
3 226 728 693
3 227 933 166
3 228 731 225
3 229 230 228
3 229 231 230
3 229 256 231
3 229 693 256
3 230 356 228
3 230 783 356
3 231 233 230
3 231 234 233
3 231 720 234
3 232 523 191
3 232 621 523
3 232 881 621
3 233 783 230
3 234 235 233
3 234 236 235
3 234 694 236
3 234 720 694
3 235 366 233
3 235 707 366
3 236 237 235
3 236 238 237
3 236 252 238
3 236 694 252
3 237 707 235
3 238 246 237
3 238 247 246
3 238 714 247
3 239 530 213
3 239 916 530
3 240 260 239
3 240 261 260
3 240 262 261
3 240 775 262
3 241 513 29
3 241 614 513
3 241 840 614
3 242 588 195
3 242 737 588
3 242 857 630
3 242 920 737
3 243 739 194
3 243 758 739
3 243 759 563
3 244 508 170
3 244 725 724
3 244 867 508
3 244 888 725
3 245 601 600
3 245 759 185
3 245 837 601
3 245 918 759
3 246 360 237
3 246 704 360
3 247 248 246
3 247 249 248
3 247 250 249
3 247 714 250
3 248 704 246
3 249 255 248
3 249 719 255
3 250 251 249
3 250 342 251
3 250 709 342
3 250 714 709
3 251 719 249
3 252 694 681
3 252 714 238
3 253 793 167
3 253 923 793
3 254 775 221
3 254 821 643
3 254 883 775
3 255 377 248
3 255 378 377
3 255 382 378
3 255 719 382
3 256 686 684
3 256 693 686
3 256 720 231
3 257 810 587
3 257 821 220
3 257 886 821
3 258 728 224
3 258 809 690
3 258 824 809
3 259 855 200
3 259 873 855
3 259 896 873
3 260 346 239
3 260 438 346
3 260 459 438
3 261 459 260
3 262 263 261
3 262 435 263
3 262 436 435
3 262 775 436
3 263 264 261
3 263 265 264
3 263 790 265
3 264 459 261
3 264 921 459
3 265 267 264
3 265 268 267
3 265 270 268
3 265 790 270
3 266 503 24
3 266 620 503
3 266 879 620
3 267 354 264
3 267 355 354
3 267 659 355
3 268 659 267
3 269 533 26
3 269 722 502
3 270 271 268
3 270 326 271
3 270 327 326
3 270 790 327
3 271 272 268
3 271 273 272
3 271 771 273
3 272 659 268
3 272 828 659
3 273 274 272
3 273 275 274
3 273 806 275
3 274 732 272
3 275 276 274
3 275 278 276
3 275 339 278
3 275 806 339
3 276 340 274
3 276 528 340
3 277 517 22
3 277 848 517
3 278 279 276
3 278 280 279
3 278 820 280
3 279 528 276
3 280 281 279
3 280 282 281
3 280 316 282
3 280 820 316
3 281 314 279
3 281 904 314
3 282 283 281
3 282 284 283
3 282 874 284
3 283 904 281
3 284 285 283
3 284 838 285
3 284 875 838
3 285 286 283
3 285 287 286
3 285 296 287
3 285 838 296
3 286 540 283
3 287 288 286
3 287 289 288
3 287 774 289
3 288 539 286
3 289 290 288
3 289 291 290
3 289 774 291
3 290 317 288
3 290 535 317
3 291 292 290
3 291 293 292
3 291 304 293
3 291 774 304
3 292 535 290
3 292 536 535
3 293 294 292
3 293 295 294
3 293 818 295
3 294 536 292
3 295 297 294
3 295 305 297
3 295 322 305
3 295 818 322
3 296 774 287
3 296 936 712
3 297 298 294
3 297 299 298
3 297 742 299
3 298 536 294
3 298 912 536
3 299 300 298
3 299 302 300
3 299 787 302
3 300 315 298
3 300 467 315
3 300 924 467
3 301 510 18
3 301 834 510
3 302 303 300
3 302 306 303
3 302 313 306
3 302 787 313
3 303 924 300
3 304 774 713
3 304 818 293
3 304 934 818
3 305 742 297
3 306 307 303
3 306 309 307
3 306 798 309
3 307 321 303
3 307 660 321
3 308 511 16
3 308 822 511
3 309 310 307
3 309 318 310
3 309 320 318
3 309 798 320
3 310 660 307
3 310 767 660
3 311 521 12
3 311 871 622
3 311 877 521
3 312 515 14
3 312 531 515
3 312 764 531
3 313 787 548
3 313 798 306
3 313 931 798
3 314 528 279
3 314 727 528
3 314 803 727
3 314 904 803
3 315 912 298
3 316 755 602
3 316 820 755
3 316 874 282
3 317 539 288
3 317 796 539
3 318 319 310
3 318 328 319
3 318 638 328
3 319 767 310
3 319 895 767
3 320 638 318
3 320 932 552
3 321 864 784
3 321 924 303
3 322 323 305
3 322 324 323
3 322 637 324
3 322 818 637
3 323 551 305
3 324 325 323
3 324 367 325
3 324 368 367
3 324 637 368
3 325 350 323
3 325 371 350
3 325 773 371
3 326 771 271
3 327 359 326
3 327 402 359
3 327 899 402
3 328 329 319
3 328 832 329
3 329 330 319
3 329 331 330
3 329 332 331
3 329 832 332
3 330 895 319
3 330 898 895
3 330 914 898
3 331 914 330
3 332 333 331
3 332 336 333
3 332 369 336
3 332 832 369
3 333 334 331
3 333 337 334
3 333 779 337
3 334 751 331
3 335 615 10
3 335 750 615
3 336 779 333
3 337 338 334
3 337 347 338
3 337 348 347
3 337 779 348
3 338 351 334
3 338 461 351
3 338 944 461
3 339 806 641
3 339 820 278
3 340 732 274
3 340 833 661
3 341 776 738
3 341 805 776
3 341 941 204
3 342 343 251
3 342 375 343
3 342 376 375
3 342 709 376
3 343 353 251
3 343 373 353
3 343 710 373
3 344 889 208
3 345 633 628
3 345 651 633
3 345 907 216
3 346 916 239
3 347 349 338
3 347 362 349
3 347 794 362
3 348 779 733
3 348 794 347
3 348 876 794
3 349 944 338
3 350 551 323
3 351 751 334
3 352 648 646
3 352 651 223
3 352 731 648
3 353 719 251
3 353 723 719
3 354 921 264
3 355 357 354
3 355 379 357
3 355 380 379
3 355 659 380
3 356 731 228
3 356 752 731
3 356 783 656
3 357 358 354
3 357 789 358
3 358 921 354
3 358 925 846
3 359 372 326
3 359 401 372
3 359 815 401
3 360 707 237
3 360 842 707
3 360 860 842
3 361 917 163
3 362 363 349
3 362 364 363
3 362 431 364
3 362 794 431
3 363 374 349
3 363 527 374
3 364 365 363
3 364 384 365
3 364 940 384
3 365 527 363
3 366 783 233
3 366 890 656
3 367 773 325
3 368 406 367
3 368 407 406
3 368 409 407
3 368 637 409
3 369 370 336
3 369 832 639
3 369 841 370
3 370 403 336
3 370 405 403
3 370 424 405
3 370 841 424
3 371 392 350
3 371 457 392
3 371 458 457
3 371 773 458
3 372 771 326
3 373 422 353
3 373 454 422
3 373 455 454
3 373 710 455
3 374 944 349
3 375 710 343
3 376 394 375
3 376 545 394
3 376 546 545
3 376 709 546
3 377 704 248
3 378 445 377
3 378 705 445
3 379 430 357
3 379 722 430
3 380 381 379
3 380 432 381
3 380 828 432
3 381 722 379
3 382 383 378
3 382 399 383
3 382 723 399
3 383 705 378
3 384 385 365
3 384 541 385
3 384 862 541
3 384 940 862
3 385 386 365
3 385 387 386
3 385 795 387
3 386 527 365
3 386 926 527
3 387 388 386
3 387 389 388
3 387 390 389
3 387 795 390
3 388 400 386
3 388 444 400
3 388 696 444
3 389 696 388
3 390 391 389
3 390 395 391
3 390 447 395
3 390 795 447
3 391 608 389
3 392 393 350
3 392 525 393
3 392 811 525
3 393 551 350
3 394 532 375
3 394 772 532
3 395 396 391
3 395 724 396
3 395 867 724
3 396 397 391
3 396 398 397
3 396 863 398
3 397 608 391
3 398 417 397
3 398 418 417
3 398 419 418
3 398 863 419
3 399 404 383
3 399 730 404
3 399 868 730
3 400 926 386
3 401 534 372
3 401 815 745
3 401 922 534
3 402 815 359
3 402 899 537
3 403 779 336
3 404 504 383
3 404 711 504
3 404 878 711
3 405 434 403
3 405 830 434
3 406 408 367
3 406 814 408
3 407 734 406
3 408 773 367
3 408 927 746
3 409 410 407
3 409 411 410
3 409 713 411
3 409 934 713
3 410 437 407
3 410 778 437
3 411 412 410
3 411 413 412
3 411 712 413
3 411 713 712
3 412 778 410
3 413 414 412
3 413 415 414
3 413 657 415
3 413 936 657
3 414 416 412
3 414 749 416
3 415 423 414
3 415 518 423
3 415 519 518
3 415 657 519
3 416 749 636
3 416 778 412
3 417 501 397
3 417 826 501
3 418 420 417
3 418 421 420
3 418 753 421
3 419 753 418
3 419 843 753
3 419 863 725
3 420 826 417
3 420 851 826
3 421 425 420
3 421 426 425
3 421 443 426
3 421 753 443
3 422 723 353
3 422 868 723
3 423 749 414
3 423 847 749
3 423 902 847
3 424 597 405
3 424 812 597
3 424 900 812
3 425 851 420
3 426 427 425
3 426 428 427
3 426 765 428
3 427 839 425
3 428 429 427
3 428 738 429
3 428 852 738
3 429 456 427
3 429 743 456
3 429 901 743
3 430 616 513
3 430 722 616
3 430 789 357
3 431 794 769
3 431 940 364
3 432 433 381
3 432 661 433
3 432 732 661
3 432 828 732
3 433 502 381
3 433 509 502
3 433 592 509
3 433 661 592
3 434 733 403
3 434 865 733
3 434 938 865
3 435 790 263
3 435 899 790
3 436 537 435
3 436 538 537
3 436 883 538
3 437 734 407
3 437 861 604
3 438 439 346
3 438 442 439
3 438 846 442
3 439 440 346
3 439 441 440
3 439 617 441
3 440 916 346
3 441 448 440
3 441 449 448
3 441 825 449
3 442 617 439
3 442 840 617
3 442 925 614
3 443 753 621
3 443 765 426
3 443 881 765
3 444 750 400
3 444 799 615
3 445 446 377
3 445 911 446
3 445 937 911
3 446 704 377
3 446 860 704
3 446 884 699
3 446 911 884
3 447 867 395
3 447 905 866
3 448 859 440
3 448 869 859
3 449 450 448
3 449 451 450
3 449 891 451
3 450 869 448
3 451 452 450
3 451 743 452
3 451 913 743
3 452 453 450
3 452 776 453
3 452 901 776
3 453 869 450
3 453 889 869
3 454 674 139
3 454 768 422
3 454 835 674
3 455 740 716
3 455 835 454
3 455 930 835
3 456 726 193
3 456 839 427
3 456 913 726
3 457 811 392
3 457 909 811
3 458 746 717
3 458 773 746
3 458 856 457
3 459 846 438
3 459 921 846
3 460 852 765
3 460 881 232
3 460 941 852
3 461 462 351
3 461 466 462
3 461 944 466
3 462 463 351
3 462 464 463
3 462 622 464
3 463 751 351
3 464 465 463
3 464 531 465
3 464 871 531
3 465 507 463
3 465 827 507
3 466 622 462
3 466 877 622
3 466 894 877
3 466 944 894
3 467 468 315
3 467 741 468
3 467 784 741
3 467 924 784
3 468 469 315
3 468 470 469
3 468 471 470
3 468 741 471
3 469 912 315
3 470 763 469
3 471 472 470
3 471 485 472
3 471 486 485
3 471 741 486
3 472 473 470
3 472 474 473
3 472 606 474
3 473 763 470
3 474 475 473
3 474 596 475
3 474 658 596
3 475 476 473
3 475 477 476
3 475 478 477
3 475 596 478
3 476 763 473
3 476 858 763
3 477 642 476
3 477 796 642
3 478 479 477
3 478 480 479
3 478 484 480
3 478 596 484
3 479 796 477
3 480 481 479
3 480 482 481
3 480 595 482
3 481 483 479
3 481 802 483
3 482 489 481
3 482 490 489
3 482 491 490
3 482 595 491
3 483 796 479
3 483 880 539
3 484 595 480
3 484 848 595
3 485 606 472
3 485 834 606
3 486 487 485
3 486 488 487
3 486 494 488
3 486 741 494
3 487 721 510
3 487 834 485
3 488 721 487
3 489 802 481
3 489 803 802
3 490 727 489
3 491 492 490
3 491 620 492
3 491 788 620
3 492 493 490
3 492 592 493
3 492 620 509
3 493 727 490
3 493 833 528
3 494 495 488
3 494 864 495
3 495 496 488
3 495 497 496
3 495 829 497
3 495 864 829
3 496 721 488
3 496 822 721
3 497 498 496
3 497 499 498
3 497 500 499
3 497 829 500
3 498 822 496
3 499 644 498
3 499 827 644
3 500 505 499
3 500 767 505
3 500 829 660
3 501 608 397
3 501 826 184
3 501 853 608
3 502 533 269
3 502 722 381
3 502 879 533
3 503 788 277
3 504 705 383
3 504 706 151
3 504 711 706
3 504 937 705
3 505 827 499
3 505 898 827
3 506 792 187
3 506 862 792
3 506 933 862
3 507 751 463
3 507 914 751
3 508 866 168
3 508 867 866
3 509 592 492
3 509 879 502
3 510 721 308
3 510 834 487
3 511 764 312
3 511 822 764
3 512 840 241
3 512 942 840
3 513 616 28
3 513 789 430
3 514 891 214
3 514 913 891
3 515 871 311
3 516 851 193
3 517 817 124
3 517 848 817
3 518 902 423
3 518 929 902
3 519 520 518
3 519 602 520
3 519 875 602
3 520 602 593
3 520 929 518
3 521 522 335
3 521 877 522
3 522 750 335
3 522 785 750
3 522 894 785
3 523 621 524
3 523 939 176
3 524 843 725
3 524 888 174
3 524 939 523
3 525 526 393
3 525 610 526
3 525 811 130
3 526 548 393
3 526 549 548
3 526 550 549
3 526 610 550
3 527 785 374
3 527 926 785
3 528 727 493
3 528 833 340
3 529 658 606
3 529 834 301
3 530 859 344
3 530 916 859
3 531 644 465
3 531 764 644
3 531 871 515
3 532 710 375
3 532 740 710
3 532 772 144
3 533 879 266
3 534 641 372
3 534 893 641
3 534 935 893
3 535 642 317
3 535 858 642
3 536 844 535
3 536 912 844
3 537 634 402
3 537 899 435
3 538 634 537
3 538 777 634
3 538 883 643
3 539 540 286
3 539 796 483
3 539 880 540
3 540 880 802
3 540 904 283
3 541 795 385
3 541 905 795
3 541 933 905
3 542 917 865
3 542 938 145
3 543 544 109
3 543 593 544
3 543 929 593
3 544 935 141
3 545 613 394
3 545 677 136
3 546 677 545
3 546 678 677
3 546 695 678
3 546 709 695
3 547 610 130
3 547 908 610
3 548 551 393
3 548 787 551
3 548 931 313
3 549 931 548
3 549 932 931
3 550 552 549
3 550 553 552
3 550 908 553
3 551 742 305
3 551 787 742
3 552 638 320
3 552 932 549
3 553 554 552
3 553 854 554
3 553 908 619
3 554 638 552
3 554 639 638
3 554 640 639
3 554 854 640
3 555 556 161
3 555 557 556
3 556 760 161
3 556 897 760
3 557 558 556
3 558 897 556
3 559 560 558
3 559 561 560
3 559 562 561
3 559 915 562
3 560 598 558
3 560 599 598
3 560 600 599
3 561 600 560
3 561 918 600
3 562 563 561
3 562 564 563
3 562 565 564
3 562 915 565
3 563 758 243
3 563 759 561
3 564 758 563
3 564 910 758
3 565 669 564
3 565 816 669
3 565 915 800
3 566 567 138
3 566 582 567
3 566 583 582
3 567 568 138
3 567 569 568
3 567 585 569
3 568 736 138
3 569 570 568
3 569 584 570
3 569 587 584
3 569 886 587
3 570 571 568
3 570 572 571
3 570 573 572
3 570 584 573
3 571 736 568
3 571 849 607
3 572 849 571
3 573 574 572
3 573 575 574
3 573 579 575
3 573 584 579
3 574 576 572
3 574 577 576
3 574 618 577
3 575 618 574
3 576 849 572
3 577 578 576
3 577 580 578
3 577 586 580
3 577 618 586
3 578 782 576
3 579 589 575
3 579 762 589
3 580 581 578
3 580 737 581
3 581 735 578
3 581 737 629
3 582 585 567
3 582 643 585
3 582 777 643
3 583 777 582
3 584 761 579
3 584 892 761
3 585 886 569
3 586 588 580
3 586 845 588
3 586 928 222
3 587 886 257
3 587 892 584
3 588 737 580
3 588 845 190
3 589 590 575
3 589 591 590
3 589 762 203
3 589 831 591
3 590 618 575
3 590 928 618
3 591 781 590
3 591 791 781
3 591 831 791
3 592 833 493
3 593 594 544
3 593 755 594
3 593 929 520
3 594 935 544
3 595 788 491
3 595 848 788
3 596 817 484
3 597 812 44
3 597 830 405
3 597 943 830
3 598 897 558
3 598 923 897
3 599 919 188
3 599 923 598
3 600 601 599
3 600 918 245
3 601 813 801
3 601 837 813
3 601 919 599
3 602 755 593
3 602 874 316
3 602 875 874
3 603 909 155
3 604 734 437
3 604 861 146
3 605 902 132
3 606 658 474
3 606 834 529
3 607 736 571
3 607 782 125
3 607 849 782
3 608 696 389
3 608 853 696
3 609 927 133
3 610 908 550
3 611 808 143
3 611 815 808
3 612 853 501
3 613 772 394
3 614 789 513
3 614 840 442
3 614 925 789
3 615 750 444
3 615 799 9
3 616 722 269
3 617 825 441
3 617 942 825
3 618 928 586
3 619 854 553
3 619 908 547
3 620 788 503
3 620 879 509
3 621 843 524
3 621 881 443
3 622 871 464
3 622 877 311
3 623 624 97
3 623 631 624
3 623 735 631
3 624 625 135
3 624 631 625
3 625 626 135
3 625 627 626
3 625 629 627
3 625 631 629
3 626 675 135
3 627 628 626
3 627 652 628
3 628 632 626
3 628 633 632
3 628 652 345
3 629 630 627
3 629 631 581
3 629 920 630
3 630 652 627
3 630 857 652
3 630 920 242
3 631 735 581
3 632 645 150
3 632 675 626
3 633 645 632
3 633 646 645
3 633 651 646
3 634 777 143
3 634 808 402
3 635 636 158
3 635 748 636
3 636 748 416
3 636 754 158
3 636 906 754
3 637 934 409
3 638 639 328
3 639 832 328
3 639 841 369
3 640 841 639
3 640 854 142
3 640 900 841
3 641 771 372
3 641 806 771
3 641 807 339
3 641 893 807
3 642 796 317
3 642 858 476
3 643 777 538
3 643 821 585
3 643 883 254
3 644 764 498
3 644 827 465
3 645 673 150
3 646 647 645
3 646 648 647
3 646 651 352
3 647 649 134
3 647 673 645
3 648 649 647
3 648 752 649
3 649 653 134
3 649 654 653
3 649 752 654
3 650 717 152
3 650 747 717
3 650 870 747
3 652 907 345
3 653 654 149
3 654 655 149
3 654 656 655
3 654 752 656
3 655 756 149
3 655 823 756
3 655 890 823
3 656 752 356
3 656 783 366
3 656 890 655
3 657 875 519
3 657 936 838
3 658 817 596
3 659 828 380
3 660 767 500
3 660 829 321
3 661 732 340
3 661 833 592
3 662 878 147
3 663 664 131
3 663 665 664
3 663 718 665
3 664 669 131
3 665 666 664
3 665 667 666
3 665 670 667
3 665 718 670
3 666 668 664
3 666 896 668
3 667 873 666
3 668 669 664
3 668 896 885
3 668 910 669
3 669 816 131
3 669 910 564
3 670 671 667
3 670 718 127
3 670 804 671
3 671 672 667
3 671 804 691
3 671 809 672
3 672 873 667
3 674 835 154
3 676 768 139
3 677 744 136
3 678 679 677
3 678 680 679
3 678 681 680
3 678 695 681
3 679 744 677
3 679 770 701
3 680 770 679
3 681 682 680
3 681 694 682
3 681 695 252
3 682 683 680
3 682 684 683
3 682 720 684
3 683 770 680
3 683 786 770
3 684 685 683
3 684 686 685
3 684 720 256
3 685 786 683
3 685 819 786
3 686 687 685
3 686 688 687
3 686 693 688
3 687 819 685
3 687 836 819
3 688 689 687
3 688 690 689
3 688 728 690
3 689 836 687
3 690 691 689
3 690 728 258
3 690 809 691
3 691 692 689
3 691 804 692
3 691 809 671
3 692 804 780
3 692 836 689
3 692 850 836
3 693 728 688
3 694 720 682
3 695 714 252
3 696 799 444
3 696 853 183
3 697 703 86
3 698 699 697
3 698 823 708
3 698 842 699
3 699 703 697
3 699 860 446
3 699 884 703
3 700 819 148
3 701 744 679
3 701 770 128
3 702 937 151
3 703 884 129
3 704 860 360
3 705 937 445
3 706 766 81
3 707 708 366
3 707 842 708
3 708 842 698
3 708 890 366
3 709 714 695
3 710 740 455
3 711 766 706
3 711 878 662
3 712 774 296
3 712 936 413
3 713 774 712
3 713 934 304
3 715 740 144
3 716 740 715
3 716 930 455
3 717 746 152
3 717 856 458
3 719 723 382
3 721 822 308
3 723 868 399
3 724 863 396
3 724 867 244
3 725 843 419
3 725 863 724
3 725 888 524
3 726 913 215
3 727 803 489
3 729 896 259
3 730 768 676
3 730 868 768
3 730 878 404
3 731 752 648
3 732 828 272
3 733 779 403
3 733 876 348
3 734 814 406
3 735 782 578
3 737 920 629
3 738 852 341
3 738 901 429
3 739 885 729
3 741 784 494
3 742 787 299
3 743 901 452
3 743 913 456
3 745 815 611
3 745 922 401
3 746 773 408
3 746 927 609
3 747 856 717
3 747 870 36
3 748 778 416
3 748 861 778
3 749 906 636
3 750 926 400
3 751 914 331
3 753 843 621
3 754 872 158
3 754 906 153
3 755 807 594
3 755 820 807
3 756 823 137
3 757 882 71
3 757 930 716
3 758 885 739
3 758 910 885
3 759 918 561
3 760 897 253
3 761 762 579
3 761 797 762
3 761 892 211
3 762 903 203
3 763 844 469
3 763 858 844
3 764 822 498
3 765 852 428
3 765 881 460
3 766 887 80
3 767 895 505
3 768 868 422
3 769 792 431
3 769 865 361
3 769 876 865
3 770 786 128
3 771 806 273
3 775 883 436
3 776 805 453
3 776 901 738
3 778 861 437
3 780 804 127
3 780 850 692
3 781 791 179
3 781 928 590
3 782 849 576
3 784 864 494
3 784 924 321
3 785 894 374
3 785 926 750
3 786 819 700
3 788 848 277
3 789 925 358
3 790 899 327
3 791 831 180
3 792 940 431
3 793 923 188
3 794 876 769
3 795 905 447
3 797 903 762
3 798 932 320
3 800 816 565
3 800 915 126
3 801 813 173
3 801 919 601
3 802 803 540
3 802 880 483
3 803 904 540
3 805 889 453
3 807 820 339
3 807 893 594
3 808 815 402
3 809 824 672
3 810 892 587
3 811 909 603
3 812 900 142
3 813 837 178
3 814 927 408
3 817 848 484
3 818 934 637
3 819 836 148
3 821 886 585
3 823 890 708
3 824 855 672
3 825 891 449
3 825 942 214
3 826 851 516
3 827 898 507
3 829 864 321
3 830 938 434
3 830 943 145
3 835 930 154
3 836 850 148
3 838 875 657
3 838 936 296
3 839 851 425
3 840 942 617
3 841 900 424
3 842 860 699
3 844 858 535
3 844 912 469
3 846 921 358
3 846 925 442
3 847 902 605
3 847 906 749
3 852 941 341
3 855 873 672
3 856 909 457
3 857 907 652
3 859 869 344
3 859 916 440
3 862 933 541
3 862 940 792
3 865 876 733
3 865 917 361
3 865 938 542
3 866 867 447
3 866 905 227
3 869 889 344
3 873 896 666
3 874 875 284
3 877 894 522
3 884 911 129
3 885 896 729
3 885 910 668
3 891 913 451
3 893 935 594
3 894 944 374
3 895 898 505
3 897 923 253
3 898 914 507
3 902 929 132
3 905 933 227
3 911 937 702
3 922 935 534
3 931 932 798

CELL_TYPES 1766
5
5
5
5
5
5
5
5
5
5
5
5
5
5
5
5
5
5
5
5
5
5
5
5
5
5
5
5
5
5
5
5
5
5
5
5
5
5
5
5
5
5
5
5
5
5
5
5
5
5
5
5
5
5
5
5
5
5
5
5
5
5
5
5
5
5
5
5
5
5
5
5
5
5
5
5
5
5
5
5
5
5
5
5
5
5
5
5
5
5
5
5
5
5
5
5
5
5
5
5
5
5
5
5
5
5
5
5
5
5
5
5
5
5
5
5
5
5
5
5
5
5
5
5
5
5
5
5
5
5
5
5
5
5
5
5
5
5
5
5
5
5
5
5
5
5
5
5
5
5
5
5
5
5
5
5
5
5
5
5
5
5
5
5
5
5
5
5
5
5
5
5
5
5
5
5
5
5
5
5
5
5
5
5
5
5
5
5
5
5
5
5
5
5
5
5
5
5
5
5
5
5
5
5
5
5
5
5
5
5
5
5
5
5
5
5
5
5
5
5
5
5
5
5
5
5
5
5
5
5
5
5
5
5
5
5
5
5
5
5
5
5
5
5
5
5
5
5
5
5
5
5
5
5
5
5
5
5
5
5
5
5
5
5
5
5
5
5
5
5
5
5
5
5
5
5
5
5
5
5
5
5
5
5
5
5
5
5
5
5
5
5
5
5
5
5
5
5
5
5
5
5
5
5
5
5
5
5
5
5
5
5
5
5
5
5
5
5
5
5
5
5
5
5
5
5
5
5
5
5
5
5
5
5
5
5
5
5
5
5
5
5
5
5
5
5
5
5
5
5
5
5
5
5
5
5
5
5
5
5
5
5
5
5
5
5
5
5
5
5
5
5
5
5
5
5
5
5
5
5
5
5
5
5
5
5
5
5
5
5
5
5
5
5
5
5
5
5
5
5
5
5
5
5
5
5
5
5
5
5
5
5
5
5
5
5
5
5
5
5
5
5
5
5
5
5
5
5
5
5
5
5
5
5
5
5
5
5
5
5
5
5
5
5
5
5
5
5
5
5
5
5
5
5
5
5
5
5
5
5
5
5
5
5
5
5
5
5
5
5
5
5
5
5
5
5
5
5
5
5
5
5
5
5
5
5
5
5
5
5
5
5
5
5
5
5
5
5
5
5
5
5
5
5
5
5
5
5
5
5
5
5
5
5
5
5
5
5
5
5
5
5
5
5
5
5
5
5
5
5
5
5
5
5
5
5
5
5
5
5
5
5
5
5
5
5
5
5
5
5
5
5
5
5
5
5
5
5
5
5
5
5
5
5
5
5
5
5
5
5
5
5
5
5
5
5
5
5
5
5
5
5
5
5
5
5
5
5
5
5
5
5
5
5
5
5
5
5
5
5
5
5
5
5
5
5
5
5
5
5
5
5
5
5
5
5
5
5
5
5
5
5
5
5
5
5
5
5
5
5
5
5
5
5
5
5
5
5
5
5
5
5
5
5
5
5
5
5
5
5
5
5
5
5
5
5
5
5
5
5
5
5
5
5
5
5
5
5
5
5
5
5
5
5
5
5
5
5
5
5
5
5
5
5
5
5
5
5
5
5
5
5
5
5
5
5
5
5
5
5
5
5
5
5
5
5
5
5
5
5
5
5
5
5
5
5
5
5
5
5
5
5
5
5
5
5
5
5
5
5
5
5
5
5
5
5
5
5
5
5
5
5
5
5
5
5
5
5
5
5
5
5
5
5
5
5
5
5
5
5
5
5
5
5
5
5
5
5
5
5
5
5
5
5
5
5
5
5
5
5
5
5
5
5
5
5
5
5
5
5
5
5
5
5
5
5
5
5
5
5
5
5
5
5
5
5
5
5
5
5
5
5
5
5
5
5
5
5
5
5
5
5
5
5
5
5
5
5
5
5
5
5
5
5
5
5
5
5
5
5
5
5
5
5
5
5
5
5
5
5
5
5
5
5
5
5
5
5
5
5
5
5
5
5
5
5
5
5
5
5
5
5
5
5
5
5
5
5
5
5
5
5
5
5
5
5
5
5
5
5
5
5
5
5
5
5
5
5
5
5
5
5
5
5
5
5
5
5
5
5
5
5
5
5
5
5
5
5
5
5
5
5
5
5
5
5
5
5
5
5
5
5
5
5
5
5
5
5
5
5
5
5
5
5
5
5
5
5
5
5
5
5
5
5
5
5
5
5
5
5
5
5
5
5
5
5
5
5
5
5
5
5
5
5
5
5
5
5
5
5
5
5
5
5
5
5
5
5
5
5
5
5
5
5
5
5
5
5
5
5
5
5
5
5
5
5
5
5
5
5
5
5
5
5
5
5
5
5
5
5
5
5
5
5
5
5
5
5
5
5
5
5
5
5
5
5
5
5
5
5
5
5
5
5
5
5
5
5
5
5
5
5
5
5
5
5
5
5
5
5
5
5
5
5
5
5
5
5
5
5
5
5
5
5
5
5
5
5
5
5
5
5
5
5
5
5
5
5
5
5
5
5
5
5
5
5
5
5
5
5
5
5
5
5
5
5
5
5
5
5
5
5
5
5
5
5
5
5
5
5
5
5
5
5
5
5
5
5
5
5
5
5
5
5
5
5
5
5
5
5
5
5
5
5
5
5
5
5
5
5
5
5
5
5
5
5
5
5
5
5
5
5
5
5
5
5
5
5
5
5
5
5
5
5
5
5
5
5
5
5
5
5
5
5
5
5
5
5
5
5
5
5
5
5
5
5
5
5
5
5
5
5
5
5
5
5
5
5
5
5
5
5
5
5
5
5
5
5
5
5
5
5
5
5
5
5
5
5
5
5
5
5
5
5
5
5
5
5
5
5
5
5
5
5
5
5
5
5
5
5
5
5
5
5
5
5
5
5
5
5
5
5
5
5
5
5
5
5
5
5
5
5
5
5
5
5
5
5
5
5
5
5
5
5
5
5
5
5
5
5
5
5
5
5
5
5
5
5
5
5
5
5
5
5
5
5
5
5
5
5
5
5
5
5
5
5
5
5
5
5
5
5
5
5
5
5
5
5
5
5
5
5
5
5
5
5
5
5
5
5
5
5
5
5
5
5
5
5
5
5
5
5
5
5
5
5
5
5
5
5
5
5
5
5
5
5
5
5
5
5
5
5
5
5
5
5
5
5
5
5
5
5
5
5
5
5
5
5
5
5
5
5
5
5
5
5
5
5
5
5
5
5
5
5
5
5
5
5
5
5
5
5
5
5
5
5
5
5
5
5
5
5
5
5
5
5
5
5
5
5
5
5
5
5
5
5
5
5
5
5
5
5
5
5
5
5
5
5
5
5
5
5
5
5
5
5
5
5
5
5
5
5
5
5
5
5
5
5
5
5
5
5
5
5
5
5
5
5
5
5
5
5
5
5
5
5
5
5
5
5
5
5
5
5
5
5
5
5
5
5
5
5
5
5
5
5
5
5
5
5
5
5
5
5
5
5
5
5
5
5
5
5
5
5
5
5
5
5
5
5
5
5
5
5
5
5
5
5
5
5
5
5
5
5
5
5
5
5
5
5
5
5
5
5
5
5
5
5
5
5
5
5
5
5
5
5
5
5
5
5
5
5
5
5
5
5
5
5
5
5
5
5
5
5
5
5
5
5
5
5
5
5
5
5
5
5
5
5
5
5
5
5
5
5
5
5
5
5
5
5
5
5
5
5
5
5
5
5
5
5
5
5
5
5
5
5
5
5
5
5
5
5
5
5
5
5
5
5
5
5
5
5
5
5
5
5
5
5
5
5
5
5
5
5
5
5
5
5
5
5
5
5
5
5
5
5
5
5
5
5
5
5
5
5
5
5
5
5
5
5
5
5
5
5
5
5
5
5
5
5
5
5
5
5
5
5
5
5
5
5
5
5
5
5
5
5
5
5
5
5
5
5
5
5
5
5
5
5
5
5
5
5
5
5
5
5
5
5
5
5
5
5
5
5
5
5
5
5
5
5
5
5
5
5
5
5
5
5
5
5
5
5
5
5
5
5
5
5
5
5
5
5
5
5
5
5
POINT_DATA 945
FIELD FieldData 2
VELOCITY 3 945  float
1.0000000e-01 0.0000000e+00 0.0000000e+00 
1.0000136e-01 0.0000000e+00 0.0000000e+00 
1.0000062e-01 0.0000000e+00 0.0000000e+00 
1.0000000e-01 0.0000000e+00 0.0000000e+00 
0.0000000e+00 0.0000000e+00 0.0000000e+00 
0.0000000e+00 0.0000000e+00 0.0000000e+00 
0.0000000e+00 0.0000000e+00 0.0000000e+00 
0.0000000e+00 0.0000000e+00 0.0000000e+00 
0.0000000e+00 0.0000000e+00 0.0000000e+00 
0.0000000e+00 0.0000000e+00 0.0000000e+00 
0.0000000e+00 0.0000000e+00 0.0000000e+00 
0.0000000e+00 0.0000000e+00 0.0000000e+00 
0.0000000e+00 0.0000000e+00 0.0000000e+00 
0.0000000e+00 0.0000000e+00 0.0000000e+00 
0.0000000e+00 0.0000000e+00 0.0000000e+00 
0.0000000e+00 0.0000000e+00 0.0000000e+00 
0.0000000e+00 0.0000000e+00 0.0000000e+00 
0.0000000e+00 0.0000000e+00 0.0000000e+00 
0.0000000e+00 0.0000000e+00 0.0000000e+00 
0.0000000e+00 0.0000000e+00 0.0000000e+00 
0.0000000e+00 0.0000000e+00 0.0000000e+00 
0.0000000e+00 0.0000000e+00 0.0000000e+00 
0.0000000e+00 0.0000000e+00 0.0000000e+00 
0.0000000e+00 0.0000000e+00 0.0000000e+00 
0.0000000e+00 0.0000000e+00 0.0000000e+00 
0.0000000e+00 0.0000000e+00 0.0000000e+00 
0.0000000e+00 0.0000000e+00 0.0000000e+00 
0.0000000e+00 0.0000000e+00 0.0000000e+00 
0.0000000e+00 0.0000000e+00 0.0000000e+00 
0.0000000e+00 0.0000000e+00 0.0000000e+00 
0.0000000e+00 0.0000000e+00 0.0000000e+00 
0.0000000e+00 0.0000000e+00 0.0000000e+00 
0.0000000e+00 0.0000000e+00 0.0000000e+00 
0.0000000e+00 0.0000000e+00 0.0000000e+00 
0.0000000e+00 0.0000000e+00 0.0000000e+00 
0.0000000e+00 0.0000000e+00 0.0000000e+00 
1.0018424e-01 2.6253291e-27 0.0000000e+00 
1.0076360e-01 -1.2924697e-26 0.0000000e+00 
1.0190908e-01 -1.2924697e-26 0.0000000e+00 
1.0387187e-01 -1.2924697e-26 0.0000000e+00 
1.0689676e-01 1.5509636e-25 0.0000000e+00 
1.1099813e-01 1.5509636e-25 0.0000000e+00 
1.1615088e-01 1.5509636e-25 0.0000000e+00 
1.2185666e-01 -4.1359031e-25 0.0000000e+00 
1.2749612e-01 7.2378304e-25 0.0000000e+00 
1.3224582e-01 -4.1359031e-25 0.0000000e+00 
1.3560404e-01 0.0000000e+00 0.0000000e+00 
1.3724640e-01 0.0000000e+00 0.0000000e+00 
1.3705732e-01 0.0000000e+00 0.0000000e+00 
1.3496694e-01 -8.2718061e-25 0.0000000e+00 
1.3107751e-01 -8.2718061e-25 0.0000000e+00 
1.2575869e-01 -8.2718061e-25 0.0000000e+00 
1.2005763e-01 0.0000000e+00 0.0000000e+00 
1.1467404e-01 0.0000000e+00 0.0000000e+00 
1.0988209e-01 0.0000000e+00 0.0000000e+00 
1.0622048e-01 3.1019273e-25 0.0000000e+00 
1.0373485e-01 3.1019273e-25 0.0000000e+00 
1.0218405e-01 3.1019273e-25 0.0000000e+00 
1.0124666e-01 -5.1698788e-26 0.0000000e+00 
1.0071158e-01 -5.1698788e-26 0.0000000e+00 
1.0041250e-01 -5.1698788e-26 0.0000000e+00 
1.0023648e-01 -2.5849394e-26 0.0000000e+00 
1.0013647e-01 -2.5849394e-26 0.0000000e+00 
1.0007848e-01 -2.5849394e-26 0.0000000e+00 
1.0004504e-01 -3.2311743e-27 0.0000000e+00 
1.0002588e-01 -3.2311743e-27 0.0000000e+00 
1.0001502e-01 -3.2311743e-27 0.0000000e+00 
1.0000876e-01 -1.9816186e-27 0.0000000e+00 
1.0000519e-01 -1.9816186e-27 0.0000000e+00 
1.0000315e-01 -1.9816186e-27 0.0000000e+00 
1.0000198e-01 -9.0876776e-28 0.0000000e+00 
1.0000107e-01 5.8189323e-07 0.0000000e+00 
1.0000059e-01 9.3168541e-07 0.0000000e+00 
9.9999927e-02 1.0054983e-06 0.0000000e+00 
9.9999405e-02 7.6477107e-07 0.0000000e+00 
9.9999107e-02 2.7357069e-07 0.0000000e+00 
9.9999085e-02 -2.4982540e-07 0.0000000e+00 
9.9999487e-02 -6.5519038e-07 0.0000000e+00 
9.9999972e-02 -6.4849598e-07 0.0000000e+00 
1.0000037e-01 -4.3784519e-07 0.0000000e+00 
1.0000109e-01 -1.5146129e-27 0.0000000e+00 
1.0000209e-01 -2.0699710e-27 0.0000000e+00 
1.0000392e-01 -2.0699710e-27 0.0000000e+00 
1.0000729e-01 -2.0699710e-27 0.0000000e+00 
1.0001341e-01 -4.7457872e-27 0.0000000e+00 
1.0002347e-01 -4.7457872e-27 0.0000000e+00 
1.0004205e-01 -4.7457872e-27 0.0000000e+00 
1.0007515e-01 -2.5849394e-26 0.0000000e+00 
1.0013082e-01 -2.5849394e-26 0.0000000e+00 
1.0022758e-01 -2.5849394e-26 0.0000000e+00 
1.0039870e-01 2.0679515e-25 0.0000000e+00 
1.0070421e-01 2.0679515e-25 0.0000000e+00 
1.0123640e-01 2.0679515e-25 0.0000000e+00 
1.0215822e-01 -6.2038546e-25 0.0000000e+00 
1.0370370e-01 -6.2038546e-25 0.0000000e+00 
1.0615762e-01 -6.2038546e-25 0.0000000e+00 
1.0977876e-01 0.0000000e+00 0.0000000e+00 
1.1457450e-01 0.0000000e+00 0.0000000e+00 
1.2008491e-01 0.0000000e+00 0.0000000e+00 
1.2584415e-01 -1.4475661e-24 0.0000000e+00 
1.3118415e-01 -1.4475661e-24 0.0000000e+00 
1.3499649e-01 -1.4475661e-24 0.0000000e+00 
1.3710904e-01 4.6528909e-25 0.0000000e+00 
1.3736476e-01 4.6528909e-25 0.0000000e+00 
1.3568093e-01 4.6528909e-25 0.0000000e+00 
1.3219795e-01 -7.7548182e-25 0.0000000e+00 
1.2738816e-01 -7.7548182e-25 0.0000000e+00 
1.2181475e-01 -7.7548182e-25 0.0000000e+00 
1.1615995e-01 1.0339758e-25 0.0000000e+00 
1.1098146e-01 1.0339758e-25 0.0000000e+00 
1.0685935e-01 1.0339758e-25 0.0000000e+00 
1.0379964e-01 0.0000000e+00 0.0000000e+00 
1.0183990e-01 0.0000000e+00 0.0000000e+00 
1.0072628e-01 0.0000000e+00 0.0000000e+00 
1.0015854e-01 -3.2311743e-27 0.0000000e+00 
1.0000000e-01 0.0000000e+00 0.0000000e+00 
1.0000000e-01 0.0000000e+00 0.0000000e+00 
1.0000000e-01 0.0000000e+00 0.0000000e+00 
1.0000000e-01 0.0000000e+00 0.0000000e+00 
1.0000000e-01 0.0000000e+00 0.0000000e+00 
1.0000000e-01 0.0000000e+00 0.0000000e+00 
1.0000000e-01 0.0000000e+00 0.0000000e+00 
1.0000000e-01 0.0000000e+00 0.0000000e+00 
1.0000000e-01 0.0000000e+00 0.0000000e+00 
1.0341197e-02 8.6191855e-03 0.0000000e+00 
1.2277207e-01 -4.7433302e-03 0.0000000e+00 
1.2893696e-01 4.7888653e-03 0.0000000e+00 
1.0258792e-01 1.2993062e-03 0.0000000e+00 
1.0015313e-01 8.0529462e-05 0.0000000e+00 
1.0001548e-01 -8.0977397e-06 0.0000000e+00 
1.0454319e-01 -2.8150151e-03 0.0000000e+00 
1.1134874e-01 4.1213678e-03 0.0000000e+00 
1.0479469e-01 2.3962669e-03 0.0000000e+00 
9.9873208e-02 -1.8504917e-04 0.0000000e+00 
1.0082054e-01 -4.5110472e-04 0.0000000e+00 
1.0725245e-01 -3.1074595e-03 0.0000000e+00 
1.0002817e-01 1.6133888e-05 0.0000000e+00 
1.0008737e-01 -4.4313947e-05 0.0000000e+00 
1.3690378e-01 -1.7137616e-03 0.0000000e+00 
9.9998780e-02 7.3614643e-07 0.0000000e+00 
1.3808772e-01 1.7264050e-04 0.0000000e+00 
1.1908352e-01 4.1292156e-03 0.0000000e+00 
1.1902534e-01 -5.0159320e-03 0.0000000e+00 
1.3501592e-01 3.1947002e-03 0.0000000e+00 
1.0000546e-01 3.3015408e-06 0.0000000e+00 
1.3497743e-01 -2.8930220e-03 0.0000000e+00 
9.9946290e-02 3.9133406e-04 0.0000000e+00 
9.9998921e-02 -6.6797435e-07 0.0000000e+00 
1.0047265e-01 2.4171083e-04 0.0000000e+00 
1.0025993e-01 -1.4003321e-04 0.0000000e+00 
1.0254779e-01 -1.3163108e-03 0.0000000e+00 
1.0000426e-01 -2.6894770e-06 0.0000000e+00 
1.0000724e-01 -4.9016741e-04 0.0000000e+00 
1.0109764e-01 8.1873930e-04 0.0000000e+00 
1.0000028e-01 1.2966227e-06 0.0000000e+00 
1.0104620e-01 -9.5101655e-04 0.0000000e+00 
1.0000037e-01 -7.8699611e-07 0.0000000e+00 
1.0000215e-01 9.7783868e-07 0.0000000e+00 
1.0003954e-01 3.6840746e-04 0.0000000e+00 
1.3738224e-01 -1.3195350e-03 0.0000000e+00 
1.3998581e-01 -1.3682644e-03 0.0000000e+00 
1.3943011e-01 1.7213147e-03 0.0000000e+00 
1.4200707e-01 9.2943083e-04 0.0000000e+00 
1.4257269e-01 -2.7463713e-03 0.0000000e+00 
1.4248732e-01 2.3640474e-04 0.0000000e+00 
1.3960153e-01 4.4627101e-03 0.0000000e+00 
1.3226385e-01 4.9958793e-03 0.0000000e+00 
1.2745182e-01 9.1252448e-03 0.0000000e+00 
1.0648029e-01 1.0052105e-02 0.0000000e+00 
1.0423318e-01 1.2504629e-02 0.0000000e+00 
7.7035718e-02 1.1981747e-02 0.0000000e+00 
7.5799026e-02 1.3749227e-02 0.0000000e+00 
4.7882151e-02 1.0818253e-02 0.0000000e+00 
4.7229234e-02 1.2236953e-02 0.0000000e+00 
2.1454712e-02 7.7282120e-03 0.0000000e+00 
2.3794731e-02 8.6959833e-03 0.0000000e+00 
5.6563993e-03 3.5623179e-03 0.0000000e+00 
1.1577840e-02 3.4483452e-03 0.0000000e+00 
2.8916042e-02 9.7069042e-03 0.0000000e+00 
1.9132344e-02 2.5778948e-03 0.0000000e+00 
6.9813761e-03 -1.7778045e-03 0.0000000e+00 
3.7493106e-02 1.0697709e-02 0.0000000e+00 
2.9485336e-02 9.2267653e-04 0.0000000e+00 
2.8365084e-03 1.4832526e-04 0.0000000e+00 
-1.1692184e-03 -2.4005908e-03 0.0000000e+00 
4.7229178e-02 1.1403311e-02 0.0000000e+00 
4.2634040e-02 -4.6336759e-04 0.0000000e+00 
1.4396250e-01 -4.4022999e-03 0.0000000e+00 
1.0594114e-01 1.4657035e-02 0.0000000e+00 
5.9019487e-02 1.1188306e-02 0.0000000e+00 
5.7181980e-02 -1.9934154e-03 0.0000000e+00 
1.3553090e-03 -1.2970784e-03 0.0000000e+00 
1.5230714e-02 -6.1105010e-03 0.0000000e+00 
-1.3918948e-03 1.1592027e-03 0.0000000e+00 
6.8581633e-02 8.5444646e-03 0.0000000e+00 
7.1065851e-02 -3.8184761e-03 0.0000000e+00 
7.8795634e-02 5.5177324e-03 0.0000000e+00 
8.1243560e-02 -2.5758627e-03 0.0000000e+00 
8.6567625e-02 3.6549699e-03 0.0000000e+00 
8.8542849e-02 -2.1212141e-03 0.0000000e+00 
9.1735177e-02 2.0897042e-03 0.0000000e+00 
9.2685008e-03 -4.4960231e-03 0.0000000e+00 
3.1240495e-02 -8.8732019e-03 0.0000000e+00 
4.2807102e-02 -1.1465073e-02 0.0000000e+00 
2.7609726e-02 -7.1393643e-03 0.0000000e+00 
5.2684747e-02 -1.0579259e-02 0.0000000e+00 
4.7490284e-02 -8.7891445e-03 0.0000000e+00 
7.7853642e-02 -1.0907038e-02 0.0000000e+00 
7.1215868e-02 -9.3178740e-03 0.0000000e+00 
1.0304726e-01 -9.2754122e-03 0.0000000e+00 
1.0202923e-01 -7.2966432e-03 0.0000000e+00 
1.0535277e-01 -1.1159772e-02 0.0000000e+00 
1.2499168e-01 -5.4370086e-03 0.0000000e+00 
1.2658432e-01 -2.2150532e-03 0.0000000e+00 
9.3470747e-03 -2.8677511e-03 0.0000000e+00 
-5.3686377e-05 1.5664781e-03 0.0000000e+00 
9.3442969e-02 -1.4446940e-03 0.0000000e+00 
9.5176086e-02 1.0522661e-03 0.0000000e+00 
9.6448094e-02 -1.2471910e-03 0.0000000e+00 
9.7356834e-02 4.7038237e-04 0.0000000e+00 
1.3877593e-01 -6.0442887e-04 0.0000000e+00 
1.4054476e-01 3.4529753e-03 0.0000000e+00 
4.4868495e-02 -1.0430770e-02 0.0000000e+00 
9.8065011e-02 -7.4218243e-04 0.0000000e+00 
9.8516017e-02 2.2299038e-04 0.0000000e+00 
9.8930910e-02 -4.3906824e-04 0.0000000e+00 
9.9169597e-02 9.5522184e-05 0.0000000e+00 
1.1250515e-01 7.3602162e-03 0.0000000e+00 
9.9409454e-02 -2.5867551e-04 0.0000000e+00 
9.9535652e-02 3.8072441e-05 0.0000000e+00 
9.9667273e-02 -1.4902830e-04 0.0000000e+00 
9.9737935e-02 1.4735499e-05 0.0000000e+00 
-2.2521699e-03 -8.4711972e-04 0.0000000e+00 
9.9815376e-02 -8.6869470e-05 0.0000000e+00 
9.9849485e-02 4.8220463e-06 0.0000000e+00 
9.9898189e-02 -5.6449000e-05 0.0000000e+00 
9.9915221e-02 -1.2152685e-06 0.0000000e+00 
9.9944457e-02 -3.2830667e-05 0.0000000e+00 
9.9952228e-02 -1.7725063e-06 0.0000000e+00 
1.2686709e-01 1.1307354e-03 0.0000000e+00 
1.4193024e-01 8.4992629e-03 0.0000000e+00 
3.0774690e-02 -3.7003094e-03 0.0000000e+00 
8.5577451e-02 -1.0641889e-02 0.0000000e+00 
8.3495602e-02 1.6943276e-02 0.0000000e+00 
4.9459148e-02 9.1368444e-03 0.0000000e+00 
7.0161209e-02 1.8349841e-02 0.0000000e+00 
9.9968918e-02 -1.8896704e-05 0.0000000e+00 
9.9972881e-02 -1.5109987e-06 0.0000000e+00 
9.9982657e-02 -1.1012929e-05 0.0000000e+00 
9.9984594e-02 -1.1403350e-06 0.0000000e+00 
9.9982359e-02 8.1763019e-06 0.0000000e+00 
9.9989817e-02 4.4924000e-06 0.0000000e+00 
9.9947117e-02 2.7649465e-05 0.0000000e+00 
1.3501863e-01 8.3123129e-03 0.0000000e+00 
1.4349972e-01 3.2395320e-03 0.0000000e+00 
9.9990480e-02 -6.5086533e-06 0.0000000e+00 
9.9733911e-02 1.7943956e-04 0.0000000e+00 
1.3667172e-01 -3.8017377e-03 0.0000000e+00 
9.8645121e-02 1.1760539e-03 0.0000000e+00 
9.3314618e-02 6.3095991e-03 0.0000000e+00 
1.3235678e-01 7.1589290e-03 0.0000000e+00 
1.4292845e-01 1.4263898e-02 0.0000000e+00 
1.4389855e-01 1.2315127e-02 0.0000000e+00 
1.4257784e-01 1.7430792e-02 0.0000000e+00 
1.4210244e-01 2.1345383e-02 0.0000000e+00 
1.3966188e-01 2.2990108e-02 0.0000000e+00 
5.1439375e-02 4.0698599e-02 0.0000000e+00 
1.3943951e-01 2.8526517e-02 0.0000000e+00 
1.3471065e-01 2.7580541e-02 0.0000000e+00 
6.0267590e-02 2.1984765e-02 0.0000000e+00 
1.3448642e-01 2.1083467e-02 0.0000000e+00 
1.2912974e-01 2.3979340e-02 0.0000000e+00 
1.2767769e-01 3.2095212e-02 0.0000000e+00 
1.2278149e-01 2.5807358e-02 0.0000000e+00 
1.1913608e-01 3.2487433e-02 0.0000000e+00 
1.1625025e-01 2.5647143e-02 0.0000000e+00 
1.1134639e-01 3.0720862e-02 0.0000000e+00 
2.8569989e-02 3.8150609e-02 0.0000000e+00 
1.1031865e-01 2.3607438e-02 0.0000000e+00 
1.0450439e-01 2.6701244e-02 0.0000000e+00 
1.0554590e-01 2.0529615e-02 0.0000000e+00 
1.0018215e-01 2.1922128e-02 0.0000000e+00 
1.0200919e-01 1.6896361e-02 0.0000000e+00 
9.6716881e-02 1.7489759e-02 0.0000000e+00 
9.9754833e-02 1.2990821e-02 0.0000000e+00 
9.5974773e-02 1.1966607e-02 0.0000000e+00 
9.1660939e-02 1.4442386e-02 0.0000000e+00 
9.2792898e-02 9.5358035e-03 0.0000000e+00 
8.7886706e-02 1.0171996e-02 0.0000000e+00 
9.0182662e-02 6.2204823e-03 0.0000000e+00 
8.5902683e-02 4.8377491e-03 0.0000000e+00 
8.9800559e-02 2.2456676e-03 0.0000000e+00 
8.6204760e-02 -5.9868064e-04 0.0000000e+00 
9.0499885e-02 -1.3703128e-03 0.0000000e+00 
8.8486321e-02 -5.0810925e-03 0.0000000e+00 
9.2465818e-02 -4.2391275e-03 0.0000000e+00 
9.5843725e-02 7.9392539e-03 0.0000000e+00 
9.1804422e-02 -8.0449525e-03 0.0000000e+00 
8.6645827e-02 -1.0378615e-02 0.0000000e+00 
9.2490129e-02 -1.2412122e-02 0.0000000e+00 
8.8452697e-02 -1.7915605e-02 0.0000000e+00 
1.3653925e-02 -2.2744128e-02 0.0000000e+00 
9.4972059e-02 -1.7149746e-02 0.0000000e+00 
9.3335219e-02 -2.3396188e-02 0.0000000e+00 
9.2965551e-02 1.4182753e-03 0.0000000e+00 
9.4868690e-02 -6.0628909e-03 0.0000000e+00 
9.9090911e-02 -2.0872150e-02 0.0000000e+00 
9.9196389e-02 -2.7496871e-02 0.0000000e+00 
4.3512236e-02 -4.4658985e-02 0.0000000e+00 
1.0447690e-01 -2.3135414e-02 0.0000000e+00 
1.0645278e-01 -2.9569285e-02 0.0000000e+00 
6.6798180e-02 -1.3762124e-02 0.0000000e+00 
6.1067704e-02 -3.4489069e-02 0.0000000e+00 
9.9443205e-02 -1.5580237e-02 0.0000000e+00 
9.7429618e-02 2.8829388e-02 0.0000000e+00 
8.1608631e-02 -1.5041893e-02 0.0000000e+00 
1.0617704e-01 1.5308155e-02 0.0000000e+00 
8.1036337e-02 9.6309343e-03 0.0000000e+00 
1.1059102e-01 -2.3226647e-02 0.0000000e+00 
1.1468312e-01 -2.9880773e-02 0.0000000e+00 
1.0800143e-01 -1.8295221e-02 0.0000000e+00 
9.2275850e-02 -3.1757649e-02 0.0000000e+00 
9.5188424e-02 -3.2733383e-03 0.0000000e+00 
9.7217016e-02 -4.6391021e-03 0.0000000e+00 
9.7190104e-02 -2.3612985e-03 0.0000000e+00 
9.8528549e-02 -3.1209381e-03 0.0000000e+00 
1.2950177e-01 1.8022738e-02 0.0000000e+00 
1.3387501e-01 1.5408779e-02 0.0000000e+00 
1.1682726e-01 -2.1982567e-02 0.0000000e+00 
1.2181176e-01 -2.6277117e-02 0.0000000e+00 
1.2145411e-01 -3.3391181e-02 0.0000000e+00 
1.2853707e-01 -2.9954957e-02 0.0000000e+00 
1.2680872e-01 -2.2380669e-02 0.0000000e+00 
1.3307819e-01 -2.3641644e-02 0.0000000e+00 
1.3605221e-01 -2.9471366e-02 0.0000000e+00 
3.3079170e-02 3.5598022e-03 0.0000000e+00 
1.3051414e-01 -1.7947514e-02 0.0000000e+00 
1.3911979e-01 -2.2677835e-02 0.0000000e+00 
1.4098333e-01 -2.5918210e-02 0.0000000e+00 
1.1468171e-01 1.9735914e-02 0.0000000e+00 
1.1289714e-01 3.8587328e-02 0.0000000e+00 
2.0751942e-02 -4.7924779e-03 0.0000000e+00 
9.9992022e-02 1.1246134e-05 0.0000000e+00 
9.9995323e-02 6.4083124e-06 0.0000000e+00 
7.6878302e-02 -7.9560224e-03 0.0000000e+00 
9.7181484e-02 -3.6407539e-03 0.0000000e+00 
1.0964188e-01 -2.4112618e-04 0.0000000e+00 
1.4290477e-01 -1.9638749e-02 0.0000000e+00 
1.4093962e-01 -1.6753994e-02 0.0000000e+00 
1.3937476e-01 -1.8050767e-02 0.0000000e+00 
9.9171236e-02 -4.9714171e-03 0.0000000e+00 
1.3695110e-01 -3.3584688e-02 0.0000000e+00 
9.9148557e-02 -1.1745709e-03 0.0000000e+00 
9.9994175e-02 2.4873077e-06 0.0000000e+00 
1.3723050e-01 2.5348026e-02 0.0000000e+00 
1.3606177e-01 3.3832449e-02 0.0000000e+00 
9.9748440e-02 -3.6679680e-04 0.0000000e+00 
1.2638637e-01 2.6334506e-02 0.0000000e+00 
1.2286054e-01 1.6597193e-02 0.0000000e+00 
1.2959276e-01 1.2837914e-02 0.0000000e+00 
9.9978141e-02 -4.0662275e-05 0.0000000e+00 
1.4243707e-01 -5.9274407e-03 0.0000000e+00 
1.4221273e-01 -1.3916718e-02 0.0000000e+00 
1.3102874e-01 -9.6748592e-03 0.0000000e+00 
1.3598147e-01 -7.1097449e-03 0.0000000e+00 
1.1703303e-01 -1.5526545e-03 0.0000000e+00 
9.9933073e-02 -1.4078262e-04 0.0000000e+00 
9.8547168e-02 -1.6820499e-03 0.0000000e+00 
9.7773686e-02 -6.9523882e-04 0.0000000e+00 
1.2512363e-01 -1.6944354e-02 0.0000000e+00 
1.2868482e-01 -1.2857945e-02 0.0000000e+00 
9.9825114e-02 -3.1519597e-03 0.0000000e+00 
1.2490521e-01 1.4514356e-02 0.0000000e+00 
9.9997319e-02 3.6384024e-06 0.0000000e+00 
1.2376799e-01 -1.1777735e-02 0.0000000e+00 
9.9999219e-02 1.0065200e-05 0.0000000e+00 
9.9999011e-02 1.7432954e-05 0.0000000e+00 
9.9993967e-02 -1.3657559e-05 0.0000000e+00 
9.9996671e-02 -7.5093621e-06 0.0000000e+00 
1.2637088e-01 3.7161727e-02 0.0000000e+00 
1.3125566e-01 4.1272685e-02 0.0000000e+00 
1.2265108e-01 4.7265291e-02 0.0000000e+00 
9.9994682e-02 -3.6097517e-06 0.0000000e+00 
9.9998325e-02 -4.1748849e-06 0.0000000e+00 
1.2508255e-01 -7.9062203e-04 0.0000000e+00 
1.0065241e-01 3.9160862e-03 0.0000000e+00 
8.4843308e-02 3.8834189e-03 0.0000000e+00 
6.8230398e-02 6.8493146e-03 0.0000000e+00 
4.8950668e-02 6.3835704e-03 0.0000000e+00 
3.8500380e-02 5.8771390e-03 0.0000000e+00 
5.6410242e-02 7.2776740e-03 0.0000000e+00 
3.0614620e-02 4.9618576e-03 0.0000000e+00 
1.0095435e-01 -4.3573491e-03 0.0000000e+00 
1.0103108e-01 -6.7989379e-03 0.0000000e+00 
1.0000615e-01 1.1921194e-05 0.0000000e+00 
4.6856523e-02 7.1713352e-03 0.0000000e+00 
2.4437804e-02 4.4440725e-03 0.0000000e+00 
1.2209635e-02 1.4816058e-03 0.0000000e+00 
8.7893242e-03 1.5792993e-03 0.0000000e+00 
9.9996798e-02 -1.9538452e-06 0.0000000e+00 
6.1212316e-02 5.1063602e-03 0.0000000e+00 
1.2556133e-01 9.6731139e-03 0.0000000e+00 
1.3444525e-01 1.0190219e-02 0.0000000e+00 
1.3381672e-01 -1.3158816e-02 0.0000000e+00 
9.9998794e-02 -2.4220374e-06 0.0000000e+00 
1.3135092e-01 -8.9989454e-03 0.0000000e+00 
9.8939739e-02 -6.3269481e-04 0.0000000e+00 
9.8633602e-02 2.2185898e-04 0.0000000e+00 
9.9379867e-02 -1.1305431e-03 0.0000000e+00 
9.7069338e-02 8.7733887e-04 0.0000000e+00 
9.8552525e-02 1.4008946e-03 0.0000000e+00 
9.7591214e-02 2.6989924e-03 0.0000000e+00 
9.9022485e-02 2.4289973e-03 0.0000000e+00 
9.8575443e-02 4.4527729e-03 0.0000000e+00 
9.9944584e-02 3.2124778e-03 0.0000000e+00 
1.0045049e-01 5.0586713e-03 0.0000000e+00 
9.9838361e-02 1.8797157e-03 0.0000000e+00 
1.7351410e-03 -8.5246278e-04 0.0000000e+00 
-2.8730516e-04 -2.3636265e-05 0.0000000e+00 
6.9649890e-03 2.2441919e-03 0.0000000e+00 
-2.9857233e-03 -1.1063993e-03 0.0000000e+00 
-4.5297509e-03 -2.0275789e-04 0.0000000e+00 
9.9996567e-02 1.3947254e-06 0.0000000e+00 
1.0122441e-01 3.3246400e-03 0.0000000e+00 
1.2662649e-01 -8.5086748e-03 0.0000000e+00 
-4.4025481e-03 2.9390101e-05 0.0000000e+00 
-4.7651469e-03 1.6633971e-04 0.0000000e+00 
-3.0862084e-03 1.0437373e-03 0.0000000e+00 
-8.4371259e-04 -1.2956560e-04 0.0000000e+00 
1.8607237e-03 5.7802472e-04 0.0000000e+00 
1.0423651e-01 2.3748931e-02 0.0000000e+00 
1.4332207e-01 -9.7293109e-03 0.0000000e+00 
1.2414118e-01 4.6133939e-02 0.0000000e+00 
1.1562435e-01 5.3219609e-02 0.0000000e+00 
1.3549352e-01 -8.9656264e-03 0.0000000e+00 
1.4106025e-01 1.3292169e-02 0.0000000e+00 
1.4246415e-01 9.2868386e-03 0.0000000e+00 
9.9349022e-02 5.9724262e-04 0.0000000e+00 
1.1364824e-01 3.8769662e-03 0.0000000e+00 
8.3541259e-02 -3.4904757e-03 0.0000000e+00 
8.0539741e-02 -5.3059189e-03 0.0000000e+00 
5.2725006e-02 -6.3257497e-03 0.0000000e+00 
8.6229697e-02 -1.8935720e-04 0.0000000e+00 
-5.0568827e-03 9.9828620e-05 0.0000000e+00 
3.0243969e-02 5.9871753e-03 0.0000000e+00 
1.0000175e-01 -1.0028424e-05 0.0000000e+00 
1.0000332e-01 -1.9815154e-05 0.0000000e+00 
7.3212095e-02 8.1630992e-03 0.0000000e+00 
5.3438671e-02 -6.5210066e-03 0.0000000e+00 
2.8874155e-02 -4.8223515e-03 0.0000000e+00 
3.1683683e-02 -4.8291297e-03 0.0000000e+00 
1.3312790e-02 -1.5793876e-03 0.0000000e+00 
1.7712232e-02 -2.6646261e-03 0.0000000e+00 
3.5035688e-02 -5.6837704e-03 0.0000000e+00 
9.9998392e-02 1.9052933e-06 0.0000000e+00 
9.9999927e-02 3.2700302e-06 0.0000000e+00 
-1.1685853e-03 2.3603402e-03 0.0000000e+00 
1.0074974e-01 -2.6195049e-03 0.0000000e+00 
1.0009239e-01 -1.8814709e-03 0.0000000e+00 
1.3428804e-01 1.3112098e-02 0.0000000e+00 
1.0985312e-03 -1.9371889e-03 0.0000000e+00 
1.3501686e-01 -2.7689826e-02 0.0000000e+00 
1.2947203e-01 -3.3513382e-02 0.0000000e+00 
1.3104880e-01 -4.1336868e-02 0.0000000e+00 
1.2030873e-01 -4.1636866e-02 0.0000000e+00 
1.2246940e-01 -4.8903994e-02 0.0000000e+00 
1.2264065e-01 -2.2983784e-02 0.0000000e+00 
8.1828840e-02 -2.3015283e-02 0.0000000e+00 
7.4411236e-02 -1.9627986e-02 0.0000000e+00 
7.5134017e-02 -1.0999472e-02 0.0000000e+00 
6.6157103e-02 -1.3385467e-02 0.0000000e+00 
6.4348929e-02 -2.4644148e-02 0.0000000e+00 
5.3759273e-02 -1.6061319e-02 0.0000000e+00 
5.9499644e-02 -4.3816883e-03 0.0000000e+00 
4.5350373e-02 -2.7859272e-03 0.0000000e+00 
5.5918060e-02 7.6138596e-03 0.0000000e+00 
6.6695221e-02 3.5698728e-03 0.0000000e+00 
6.6260949e-02 1.3229077e-02 0.0000000e+00 
5.7445314e-02 2.0988230e-02 0.0000000e+00 
6.9255166e-02 2.2775235e-02 0.0000000e+00 
6.3790746e-02 3.3262808e-02 0.0000000e+00 
7.5428069e-02 3.0812243e-02 0.0000000e+00 
7.4381277e-02 4.1960835e-02 0.0000000e+00 
7.8902580e-02 2.2050632e-02 0.0000000e+00 
4.8188291e-02 3.1650599e-02 0.0000000e+00 
5.2035548e-02 -3.0830385e-02 0.0000000e+00 
6.6113792e-02 -3.7203923e-02 0.0000000e+00 
5.4501817e-02 -4.5537781e-02 0.0000000e+00 
7.2451226e-02 -4.8654579e-02 0.0000000e+00 
8.4155485e-02 3.6115848e-02 0.0000000e+00 
8.6631171e-02 4.6075448e-02 0.0000000e+00 
7.5990736e-02 5.3540558e-02 0.0000000e+00 
9.1810957e-02 5.5159803e-02 0.0000000e+00 
9.8043501e-02 4.6257418e-02 0.0000000e+00 
7.8219876e-02 -3.8599286e-02 0.0000000e+00 
8.5909277e-02 -4.6680484e-02 0.0000000e+00 
8.3674148e-02 -5.6205258e-02 0.0000000e+00 
9.6646756e-02 -5.1163435e-02 0.0000000e+00 
9.6987396e-02 -5.8274657e-02 0.0000000e+00 
1.0795664e-01 -5.1723041e-02 0.0000000e+00 
1.0397685e-01 -4.3983627e-02 0.0000000e+00 
2.6207322e-03 -1.4539767e-03 0.0000000e+00 
1.0216752e-01 4.9964603e-02 0.0000000e+00 
4.2287339e-02 4.3390937e-02 0.0000000e+00 
1.0000113e-01 -3.5215505e-06 0.0000000e+00 
1.1344887e-01 -4.3509398e-02 0.0000000e+00 
1.3894416e-01 -1.4222844e-04 0.0000000e+00 
1.2620045e-01 -4.2842474e-02 0.0000000e+00 
7.7883169e-02 1.0175136e-02 0.0000000e+00 
9.9563688e-02 5.8429752e-02 0.0000000e+00 
3.0744903e-02 -4.0842406e-02 0.0000000e+00 
5.3923715e-02 -4.1796681e-02 0.0000000e+00 
1.6655285e-02 -4.1631204e-03 0.0000000e+00 
5.3661160e-02 2.5635851e-03 0.0000000e+00 
2.2380687e-03 5.9703598e-05 0.0000000e+00 
6.2446695e-02 -2.3914831e-02 0.0000000e+00 
-1.3375502e-03 -1.3642389e-03 0.0000000e+00 
1.8231003e-02 2.7088694e-02 0.0000000e+00 
1.0270502e-01 5.0893845e-03 0.0000000e+00 
1.0210932e-01 7.4627460e-03 0.0000000e+00 
1.0471287e-01 7.0145610e-03 0.0000000e+00 
4.8269358e-02 -1.6827093e-03 0.0000000e+00 
7.6525182e-02 -2.8767451e-03 0.0000000e+00 
6.7967252e-04 2.2622556e-03 0.0000000e+00 
1.1472023e-02 4.9514519e-03 0.0000000e+00 
1.0304000e-01 -5.1485971e-03 0.0000000e+00 
1.0387226e-01 -8.2040541e-03 0.0000000e+00 
1.0827129e-01 -3.1551421e-03 0.0000000e+00 
1.0373558e-01 3.6280915e-02 0.0000000e+00 
1.3297434e-02 -1.2721860e-02 0.0000000e+00 
1.0437602e-01 -5.3060139e-03 0.0000000e+00 
1.0447744e-01 -4.7831655e-02 0.0000000e+00 
1.0000353e-01 7.0067904e-06 0.0000000e+00 
5.9075966e-02 3.2300524e-02 0.0000000e+00 
1.2110570e-01 1.1165314e-02 0.0000000e+00 
8.0047905e-02 1.7313786e-03 0.0000000e+00 
8.3129697e-02 -4.8767314e-03 0.0000000e+00 
1.3884427e-01 9.5792999e-03 0.0000000e+00 
1.4058670e-01 6.1679571e-03 0.0000000e+00 
8.5141361e-02 1.6018990e-02 0.0000000e+00 
8.9994416e-02 2.1090938e-02 0.0000000e+00 
1.1298954e-01 3.7044964e-03 0.0000000e+00 
1.3805777e-01 -3.8561060e-03 0.0000000e+00 
1.0828257e-01 3.1583076e-03 0.0000000e+00 
1.1340145e-01 4.7250572e-03 0.0000000e+00 
1.0001125e-01 2.0276391e-05 0.0000000e+00 
9.9999197e-02 3.0349258e-05 0.0000000e+00 
1.0830216e-01 -3.2440946e-03 0.0000000e+00 
1.0103127e-01 -1.1058200e-02 0.0000000e+00 
1.0499430e-01 -1.1911976e-02 0.0000000e+00 
1.0729238e-01 -9.0199430e-03 0.0000000e+00 
9.7958684e-02 -7.9725329e-03 0.0000000e+00 
1.0925304e-01 -1.3172251e-02 0.0000000e+00 
1.1175397e-01 -8.8043408e-03 0.0000000e+00 
1.1480875e-01 -1.2093428e-02 0.0000000e+00 
1.3697742e-01 1.6143519e-03 0.0000000e+00 
1.3755123e-01 4.3613748e-03 0.0000000e+00 
1.3411586e-01 3.1305887e-03 0.0000000e+00 
1.3397075e-01 7.8703649e-03 0.0000000e+00 
1.2736574e-01 1.0703095e-02 0.0000000e+00 
1.2584142e-01 1.3764196e-02 0.0000000e+00 
1.1422192e-01 1.7116286e-02 0.0000000e+00 
1.1945209e-01 1.2908311e-02 0.0000000e+00 
1.0611324e-01 1.7868610e-02 0.0000000e+00 
1.1217656e-01 1.3273682e-02 0.0000000e+00 
1.1872052e-01 8.7479288e-03 0.0000000e+00 
1.3813733e-01 -2.6566355e-04 0.0000000e+00 
1.3942470e-01 -2.2244561e-03 0.0000000e+00 
1.3707320e-01 -4.6565421e-03 0.0000000e+00 
1.3930652e-01 -5.7120230e-03 0.0000000e+00 
1.3457324e-01 -9.3454681e-03 0.0000000e+00 
1.3360123e-01 -6.9851810e-03 0.0000000e+00 
1.2907577e-01 -1.2065085e-02 0.0000000e+00 
1.2190982e-01 -1.4813796e-02 0.0000000e+00 
1.1493059e-01 -1.7372712e-02 0.0000000e+00 
9.5783517e-02 -1.8146522e-02 0.0000000e+00 
1.2258094e-01 -1.4066748e-02 0.0000000e+00 
1.0647209e-01 -1.8772421e-02 0.0000000e+00 
1.1595635e-01 -1.4737966e-02 0.0000000e+00 
1.0341265e-01 -1.5843574e-02 0.0000000e+00 
9.9356346e-02 -1.8124884e-02 0.0000000e+00 
1.0912614e-01 -1.4369390e-02 0.0000000e+00 
1.4007844e-01 6.7546696e-04 0.0000000e+00 
1.3754886e-01 1.2954463e-03 0.0000000e+00 
1.2879686e-01 -1.1329261e-02 0.0000000e+00 
1.4157315e-01 -1.4994263e-03 0.0000000e+00 
7.8012362e-02 -1.9005392e-02 0.0000000e+00 
1.3466719e-01 -7.8812828e-03 0.0000000e+00 
7.6878816e-02 -1.5091524e-02 0.0000000e+00 
6.1971758e-02 -1.5282725e-02 0.0000000e+00 
5.9999399e-02 -1.6145611e-02 0.0000000e+00 
3.4256235e-02 -1.0979384e-02 0.0000000e+00 
1.0574651e-01 5.2314632e-02 0.0000000e+00 
1.0847656e-01 7.4413624e-03 0.0000000e+00 
1.1346057e-01 9.7159371e-03 0.0000000e+00 
6.0111705e-02 4.5260690e-02 0.0000000e+00 
4.2857915e-02 1.4202964e-02 0.0000000e+00 
1.2902434e-01 -5.2047879e-03 0.0000000e+00 
1.3135482e-01 1.1291614e-02 0.0000000e+00 
1.1532909e-01 1.6183410e-02 0.0000000e+00 
1.0564100e-01 1.8202009e-02 0.0000000e+00 
8.4440373e-02 1.7825020e-02 0.0000000e+00 
1.0505006e-01 1.0386542e-02 0.0000000e+00 
1.0235505e-01 -1.3866372e-03 0.0000000e+00 
9.9854015e-02 1.9391261e-04 0.0000000e+00 
1.0245135e-01 1.3800085e-03 0.0000000e+00 
3.7068341e-02 -1.8015418e-02 0.0000000e+00 
1.2922418e-01 -4.6803956e-03 0.0000000e+00 
1.6056107e-02 2.2686415e-03 0.0000000e+00 
9.9941574e-02 -3.9470068e-04 0.0000000e+00 
1.0580178e-01 -5.6592925e-03 0.0000000e+00 
1.3051422e-01 3.8269828e-03 0.0000000e+00 
1.3881098e-04 -1.7224671e-03 0.0000000e+00 
1.0001604e-01 9.7099373e-06 0.0000000e+00 
7.2163813e-02 1.2540813e-03 0.0000000e+00 
1.8511442e-02 4.4416660e-03 0.0000000e+00 
5.4816145e-02 1.0924815e-02 0.0000000e+00 
5.3039238e-02 -5.9495731e-03 0.0000000e+00 
8.8987507e-02 -1.9647069e-02 0.0000000e+00 
1.1313542e-01 -4.4112881e-03 0.0000000e+00 
7.7066645e-02 5.9841838e-02 0.0000000e+00 
-2.4956516e-03 1.2327909e-03 0.0000000e+00 
1.1084516e-01 -2.7594527e-02 0.0000000e+00 
1.1678159e-01 -4.6948902e-03 0.0000000e+00 
1.1144109e-01 -4.1202190e-03 0.0000000e+00 
1.0700651e-01 -7.0360475e-03 0.0000000e+00 
1.0403579e-01 -4.8527527e-03 0.0000000e+00 
1.0167047e-01 -7.8334156e-03 0.0000000e+00 
1.0043222e-01 -5.1042377e-03 0.0000000e+00 
1.0350685e-01 -1.1645072e-02 0.0000000e+00 
9.6149735e-02 -1.0243664e-02 0.0000000e+00 
1.1152247e-01 -9.0328539e-03 0.0000000e+00 
1.0224866e-01 -3.1199653e-03 0.0000000e+00 
1.0012639e-01 -3.0890594e-03 0.0000000e+00 
1.3693701e-01 6.3010626e-03 0.0000000e+00 
1.0001349e-01 4.7585656e-04 0.0000000e+00 
1.0019928e-01 1.0539016e-03 0.0000000e+00 
9.5975317e-02 -9.9981902e-04 0.0000000e+00 
1.1299288e-01 -1.7226705e-02 0.0000000e+00 
1.1945486e-01 -1.6117163e-02 0.0000000e+00 
1.1921930e-01 -1.0052656e-02 0.0000000e+00 
1.1942890e-01 1.6094673e-02 0.0000000e+00 
7.3601633e-02 7.8152465e-03 0.0000000e+00 
1.4233966e-01 2.8396661e-03 0.0000000e+00 
1.0981644e-01 -5.5283859e-02 0.0000000e+00 
1.0122729e-01 -1.8789360e-03 0.0000000e+00 
1.0001846e-01 -1.7677618e-03 0.0000000e+00 
1.0067556e-01 -1.0943437e-03 0.0000000e+00 
9.9999771e-02 -9.7560388e-04 0.0000000e+00 
1.0037050e-01 -6.0692953e-04 0.0000000e+00 
1.0005166e-01 -3.9751860e-04 0.0000000e+00 
9.8539330e-02 -2.0620183e-03 0.0000000e+00 
9.7000591e-02 -6.6536716e-03 0.0000000e+00 
1.0045972e-01 -2.5636348e-04 0.0000000e+00 
1.0018819e-01 -3.2121313e-04 0.0000000e+00 
1.0012311e-01 -1.7696126e-04 0.0000000e+00 
9.9990621e-02 -2.7580070e-04 0.0000000e+00 
9.9578895e-02 7.1322694e-03 0.0000000e+00 
2.7095743e-02 1.7516727e-03 0.0000000e+00 
1.3400494e-01 3.4392133e-02 0.0000000e+00 
1.0093423e-01 -3.5434909e-02 0.0000000e+00 
1.1522564e-01 4.6386510e-02 0.0000000e+00 
9.9999748e-02 -9.5841688e-07 0.0000000e+00 
1.0725954e-01 3.1300085e-03 0.0000000e+00 
1.0679822e-01 7.0519610e-03 0.0000000e+00 
1.0397555e-01 4.8508570e-03 0.0000000e+00 
1.0189342e-01 7.5598978e-03 0.0000000e+00 
1.0077591e-01 4.8274728e-03 0.0000000e+00 
1.0378437e-01 1.0846538e-02 0.0000000e+00 
1.1143868e-01 9.2789764e-03 0.0000000e+00 
1.0225760e-01 3.0559569e-03 0.0000000e+00 
1.0049041e-01 2.8252476e-03 0.0000000e+00 
9.8703206e-02 3.6266330e-03 0.0000000e+00 
1.0145860e-01 -7.8768894e-04 0.0000000e+00 
9.9999450e-02 1.2712399e-06 0.0000000e+00 
1.0439166e-01 -2.0857044e-03 0.0000000e+00 
9.9998586e-02 -3.7111310e-08 0.0000000e+00 
1.0002095e-01 3.4948895e-05 0.0000000e+00 
1.0000055e-01 5.3085874e-05 0.0000000e+00 
1.0003807e-01 6.0479095e-05 0.0000000e+00 
1.0000377e-01 9.2643415e-05 0.0000000e+00 
9.9963091e-02 6.3262611e-05 0.0000000e+00 
9.9939749e-02 1.1234455e-04 0.0000000e+00 
1.0001179e-01 1.6088483e-04 0.0000000e+00 
9.9902600e-02 2.0097548e-04 0.0000000e+00 
1.0003140e-01 2.8139708e-04 0.0000000e+00 
9.9845774e-02 3.6230366e-04 0.0000000e+00 
1.0007748e-01 4.9385842e-04 0.0000000e+00 
9.9759892e-02 6.5774843e-04 0.0000000e+00 
1.0017229e-01 8.6994970e-04 0.0000000e+00 
9.9624589e-02 1.1769749e-03 0.0000000e+00 
1.0031421e-01 1.5654060e-03 0.0000000e+00 
1.0075001e-01 9.5383631e-04 0.0000000e+00 
9.9541292e-02 3.3689028e-04 0.0000000e+00 
9.9909030e-02 5.2200376e-05 0.0000000e+00 
9.9977583e-02 3.5384404e-05 0.0000000e+00 
1.8089125e-02 3.7309630e-03 0.0000000e+00 
1.0004806e-01 -2.7011267e-05 0.0000000e+00 
1.0003991e-01 -6.2687970e-05 0.0000000e+00 
1.0001860e-01 -3.3132968e-05 0.0000000e+00 
1.0026707e-01 1.3749444e-04 0.0000000e+00 
1.0008813e-01 4.6298373e-05 0.0000000e+00 
1.0000847e-01 -4.7640137e-06 0.0000000e+00 
1.0002767e-01 -1.4005343e-05 0.0000000e+00 
9.9988230e-02 -2.2985245e-05 0.0000000e+00 
1.0000053e-01 -6.2133277e-06 0.0000000e+00 
1.0000208e-01 -1.6615195e-06 0.0000000e+00 
9.9961303e-02 -7.1873190e-05 0.0000000e+00 
1.0000446e-01 -1.0402747e-04 0.0000000e+00 
9.9986561e-02 1.9894051e-05 0.0000000e+00 
9.9999510e-02 5.7539764e-06 0.0000000e+00 
1.0000038e-01 -1.7104477e-06 0.0000000e+00 
9.6688092e-02 4.6924194e-03 0.0000000e+00 
9.5640764e-02 2.4479516e-03 0.0000000e+00 
9.9969469e-02 1.4973002e-05 0.0000000e+00 
1.0000340e-01 1.7999828e-06 0.0000000e+00 
1.0000173e-01 2.2245029e-06 0.0000000e+00 
1.0014999e-01 -9.5152418e-04 0.0000000e+00 
1.0439195e-01 2.0958567e-03 0.0000000e+00 
9.9991322e-02 -8.0499814e-07 0.0000000e+00 
9.9844754e-02 9.6271287e-05 0.0000000e+00 
6.2677458e-02 -5.5618063e-02 0.0000000e+00 
1.0530768e-01 3.5924919e-02 0.0000000e+00 
9.9994905e-02 -4.6143805e-07 0.0000000e+00 
3.6149237e-02 6.7537222e-03 0.0000000e+00 
2.0578347e-02 5.3294636e-03 0.0000000e+00 
-1.1879953e-03 2.3271583e-03 0.0000000e+00 
9.3711443e-02 3.7420202e-02 0.0000000e+00 
9.9212103e-02 6.3345005e-04 0.0000000e+00 
8.9862145e-02 9.6701477e-03 0.0000000e+00 
9.9997997e-02 -8.9642941e-07 0.0000000e+00 
9.9558800e-02 -6.4795348e-04 0.0000000e+00 
1.2177419e-01 3.9373446e-02 0.0000000e+00 
1.3798273e-01 -1.2806919e-02 0.0000000e+00 
9.9518649e-02 -9.8460814e-06 0.0000000e+00 
1.1798105e-01 -9.7412104e-03 0.0000000e+00 
1.3407323e-01 -2.8638667e-03 0.0000000e+00 
9.6623063e-02 -1.5685072e-02 0.0000000e+00 
7.7813216e-03 -1.6278519e-03 0.0000000e+00 
8.5884608e-02 1.3462598e-02 0.0000000e+00 
1.0000214e-01 4.0685259e-06 0.0000000e+00 
7.4486449e-02 -2.9098881e-02 0.0000000e+00 
9.4823100e-02 -9.4684931e-03 0.0000000e+00 
5.8212718e-03 3.2182486e-04 0.0000000e+00 
1.0005030e-01 2.7308259e-05 0.0000000e+00 
1.2474611e-01 4.2115026e-03 0.0000000e+00 
9.9864446e-02 -9.8769169e-04 0.0000000e+00 
1.0035054e-01 -5.6072319e-04 0.0000000e+00 
9.9862009e-02 9.7878103e-04 0.0000000e+00 
1.0050935e-01 1.8750712e-03 0.0000000e+00 
5.6969531e-02 4.3470995e-03 0.0000000e+00 
1.3195556e-01 -3.5930365e-02 0.0000000e+00 
1.0001217e-01 -5.1525043e-04 0.0000000e+00 
-1.7339749e-03 8.6964224e-04 0.0000000e+00 
1.0035373e-01 5.2547985e-04 0.0000000e+00 
1.0942243e-01 1.2586712e-02 0.0000000e+00 
1.0015325e-01 -7.4639116e-05 0.0000000e+00 
1.0000111e-01 1.1709585e-06 0.0000000e+00 
9.9859081e-02 1.6212011e-02 0.0000000e+00 
8.7547615e-02 1.9990357e-02 0.0000000e+00 
1.4020678e-01 4.2226925e-03 0.0000000e+00 
1.0959549e-01 -1.3249530e-02 0.0000000e+00 
7.6575130e-02 -1.4326844e-02 0.0000000e+00 
6.9929332e-02 -4.4937143e-03 0.0000000e+00 
9.0527475e-02 -5.5971351e-02 0.0000000e+00 
-3.0993491e-03 -5.1022193e-04 0.0000000e+00 
1.0000118e-01 -7.7503267e-07 0.0000000e+00 
1.0947223e-01 -3.6437765e-02 0.0000000e+00 
9.9997766e-02 4.7994212e-07 0.0000000e+00 
1.4379573e-01 -9.1534182e-03 0.0000000e+00 
1.0006689e-01 1.0371453e-04 0.0000000e+00 
1.2459868e-01 1.9909736e-02 0.0000000e+00 
1.0000936e-01 5.6385120e-06 0.0000000e+00 
9.9366188e-02 -2.0851386e-03 0.0000000e+00 
9.3424790e-02 4.9850633e-03 0.0000000e+00 
1.4410567e-01 7.4622985e-03 0.0000000e+00 
2.0533049e-02 -3.8099375e-03 0.0000000e+00 
1.3882452e-01 3.4920264e-03 0.0000000e+00 
9.9379785e-02 1.4036291e-03 0.0000000e+00 
1.3608657e-01 -1.7895099e-02 0.0000000e+00 
1.0154370e-01 7.4467849e-04 0.0000000e+00 
3.0310877e-02 -8.6368602e-03 0.0000000e+00 
1.2473594e-01 -9.1296239e-03 0.0000000e+00 
9.9827386e-02 -2.0449472e-04 0.0000000e+00 
8.3614737e-02 -3.0536305e-02 0.0000000e+00 
9.6967258e-02 -4.1361130e-03 0.0000000e+00 
1.0011959e-01 1.7782120e-04 0.0000000e+00 
9.6937306e-02 -1.2061676e-02 0.0000000e+00 
5.5859253e-02 5.3690366e-02 0.0000000e+00 
1.0219044e-01 1.3125446e-02 0.0000000e+00 
1.3848825e-01 1.7279161e-02 0.0000000e+00 
1.5900178e-02 -4.1439757e-03 0.0000000e+00 
1.4257835e-01 -5.2374494e-03 0.0000000e+00 
1.2200131e-01 1.1953165e-02 0.0000000e+00 
1.4368898e-01 -1.4400312e-02 0.0000000e+00 
8.5587397e-02 6.8033524e-03 0.0000000e+00 
7.6071694e-02 1.5275998e-02 0.0000000e+00 
8.1062526e-02 -1.2866649e-02 0.0000000e+00 
1.0323713e-01 -1.7927937e-02 0.0000000e+00 
8.6214673e-03 2.9159603e-03 0.0000000e+00 
1.2278002e-01 4.3659629e-03 0.0000000e+00 
7.5153731e-02 1.5120191e-02 0.0000000e+00 
8.4329344e-02 2.6857195e-02 0.0000000e+00 
9.1005474e-02 2.8680511e-02 0.0000000e+00 
1.0134025e-01 1.7213969e-03 0.0000000e+00 
3.9678790e-02 -6.9533568e-03 0.0000000e+00 
1.1949606e-01 2.1330420e-02 0.0000000e+00 
1.1401646e-01 1.4798013e-02 0.0000000e+00 
1.3361205e-01 6.1960393e-03 0.0000000e+00 
9.9337645e-02 2.0703203e-03 0.0000000e+00 
1.2354388e-01 -7.9664467e-03 0.0000000e+00 
1.0205704e-01 -3.1420481e-03 0.0000000e+00 
1.2391062e-01 -4.4199149e-03 0.0000000e+00 
5.1508088e-02 1.3873867e-02 0.0000000e+00 
9.9517182e-02 -4.8445378e-04 0.0000000e+00 
1.2969917e-01 7.8933276e-03 0.0000000e+00 
1.1677972e-01 4.3697031e-03 0.0000000e+00 
2.9551489e-02 2.3496328e-02 0.0000000e+00 
9.3674928e-02 -1.2434464e-03 0.0000000e+00 
1.0021929e-01 3.0869897e-04 0.0000000e+00 
1.1007855e-01 1.7743390e-02 0.0000000e+00 
1.4235948e-01 -3.2737036e-04 0.0000000e+00 
7.6278999e-02 -5.8978222e-02 0.0000000e+00 
1.0007387e-01 -1.0564534e-04 0.0000000e+00 
9.7530723e-02 2.1598635e-03 0.0000000e+00 
2.7791534e-02 -5.4559698e-03 0.0000000e+00 
-1.2934924e-03 -2.0723743e-03 0.0000000e+00 
1.1802851e-01 -4.8520230e-02 0.0000000e+00 
1.2855126e-01 3.9316464e-02 0.0000000e+00 
9.5261522e-02 -4.1880134e-02 0.0000000e+00 
1.3321918e-01 -5.7421187e-03 0.0000000e+00 
2.5457747e-02 -8.6777750e-03 0.0000000e+00 
1.2173239e-01 -2.0337017e-02 0.0000000e+00 
1.0734613e-01 4.4215791e-02 0.0000000e+00 
3.4094993e-02 -3.3281878e-02 0.0000000e+00 
9.9999860e-02 1.9785384e-06 0.0000000e+00 
1.0039948e-01 5.2932301e-04 0.0000000e+00 
5.3189408e-02 1.5052624e-02 0.0000000e+00 
9.8227650e-02 9.3759382e-03 0.0000000e+00 
-3.0686874e-03 9.4926771e-04 0.0000000e+00 
4.6031721e-02 -4.9071708e-03 0.0000000e+00 
1.2363935e-01 -1.2116661e-02 0.0000000e+00 
1.0000013e-01 -5.7533307e-05 0.0000000e+00 
5.3371363e-03 2.9807175e-03 0.0000000e+00 
7.7243224e-02 -4.5441804e-03 0.0000000e+00 
5.6480475e-02 -1.1761268e-02 0.0000000e+00 
1.1639415e-01 9.0591880e-03 0.0000000e+00 
1.0135867e-01 1.8991893e-03 0.0000000e+00 
4.0516842e-02 4.1573156e-02 0.0000000e+00 
1.2882294e-01 -9.3451915e-03 0.0000000e+00 
1.0081597e-01 3.8546973e-04 0.0000000e+00 
-3.0546940e-03 -6.4014149e-04 0.0000000e+00 
4.7184085e-03 -1.9656757e-03 0.0000000e+00 
6.1090374e-03 1.7059485e-04 0.0000000e+00 
1.1557049e-01 -8.0744969e-03 0.0000000e+00 
9.5776409e-02 3.6969604e-03 0.0000000e+00 
1.0055558e-01 -1.4867166e-03 0.0000000e+00 
8.9865163e-02 -6.7509771e-03 0.0000000e+00 
7.3386602e-02 8.6303276e-04 0.0000000e+00 
7.8132480e-02 -6.7398213e-03 0.0000000e+00 
9.9997632e-02 -3.4092911e-05 0.0000000e+00 
9.9699341e-02 6.7942118e-04 0.0000000e+00 
1.3264716e-01 -6.0886407e-04 0.0000000e+00 
1.8335929e-02 4.0230481e-03 0.0000000e+00 
8.7195836e-02 -3.7860967e-02 0.0000000e+00 
1.3960885e-01 -7.7479398e-03 0.0000000e+00 
8.9278743e-02 9.0335533e-03 0.0000000e+00 
6.2855467e-02 8.7713907e-03 0.0000000e+00 
9.9996746e-02 -2.8893555e-07 0.0000000e+00 
5.3732399e-02 -7.0600314e-03 0.0000000e+00 
1.0007466e-01 -1.8364603e-04 0.0000000e+00 
9.7786367e-02 -3.2161124e-02 0.0000000e+00 
1.0007447e-01 1.6229082e-04 0.0000000e+00 
9.8199464e-02 6.1807390e-03 0.0000000e+00 
1.0293850e-01 1.3173165e-02 0.0000000e+00 
1.0109606e-01 1.0125283e-02 0.0000000e+00 
1.4164278e-01 -1.2212420e-02 0.0000000e+00 
9.3884200e-02 -1.3545846e-02 0.0000000e+00 
9.9999122e-02 -1.3676747e-06 0.0000000e+00 
8.2313426e-02 5.3081308e-02 0.0000000e+00 
8.5210092e-02 2.1184966e-02 0.0000000e+00 
-3.9283214e-03 -4.5837762e-04 0.0000000e+00 
1.0000157e-01 5.1969016e-07 0.0000000e+00 
1.4303440e-01 5.8129467e-03 0.0000000e+00 
1.0001371e-01 -1.5994065e-05 0.0000000e+00 
9.7805105e-02 1.3366291e-02 0.0000000e+00 
1.3996789e-01 -3.8802160e-03 0.0000000e+00 
1.0000075e-01 -3.9400499e-07 0.0000000e+00 
2.8987842e-02 7.8200139e-03 0.0000000e+00 
5.4814391e-02 -7.8151375e-03 0.0000000e+00 
1.0001834e-01 -1.6605745e-04 0.0000000e+00 
1.1803114e-02 -2.0516040e-03 0.0000000e+00 
1.2225150e-01 -1.0414651e-02 0.0000000e+00 
1.1695726e-01 1.1893325e-02 0.0000000e+00 
1.1179058e-01 -1.2378879e-02 0.0000000e+00 
1.1593459e-01 -3.6752660e-02 0.0000000e+00 
9.7859696e-02 9.6045351e-03 0.0000000e+00 
1.3720095e-01 7.4986629e-03 0.0000000e+00 
1.2071482e-01 -4.0452592e-02 0.0000000e+00 
1.3720994e-01 1.2843070e-02 0.0000000e+00 
1.2243400e-01 -7.9958681e-03 0.0000000e+00 
9.8439083e-03 -1.3103862e-03 0.0000000e+00 
1.0301204e-01 3.0174062e-03 0.0000000e+00 
5.6382947e-02 -1.2026567e-02 0.0000000e+00 
9.5255680e-02 2.2857092e-02 0.0000000e+00 
1.0114389e-01 6.7975777e-03 0.0000000e+00 
1.0060684e-01 1.2011945e-03 0.0000000e+00 
9.3163908e-02 -4.4346028e-03 0.0000000e+00 
1.0917974e-01 -6.3247578e-03 0.0000000e+00 
1.0127313e-01 -1.8880221e-03 0.0000000e+00 
1.0594030e-01 1.3312424e-02 0.0000000e+00 
1.0000753e-01 -1.0428062e-05 0.0000000e+00 
8.0832697e-02 -9.3797194e-03 0.0000000e+00 
3.0680730e-03 1.3182778e-03 0.0000000e+00 
1.2622280e-01 -3.6641959e-02 0.0000000e+00 
1.2475054e-01 8.1267525e-03 0.0000000e+00 
1.0309742e-01 -3.4470626e-03 0.0000000e+00 
1.4062729e-01 -4.1228095e-03 0.0000000e+00 
9.6843012e-02 1.9579206e-02 0.0000000e+00 
9.6235506e-02 1.6923150e-02 0.0000000e+00 
9.6459970e-02 -1.2111485e-02 0.0000000e+00 
1.3434502e-01 1.8027371e-02 0.0000000e+00 
1.2146693e-01 7.4389796e-03 0.0000000e+00 
1.2756349e-01 1.2320437e-02 0.0000000e+00 
8.8103294e-02 -2.5525467e-02 0.0000000e+00 
1.0213429e-01 7.6721087e-03 0.0000000e+00 
8.3005175e-02 1.6167550e-03 0.0000000e+00 
9.9689066e-02 -7.1610283e-04 0.0000000e+00 
6.2154323e-02 -1.6361680e-02 0.0000000e+00 
1.0535453e-01 4.4690943e-03 0.0000000e+00 
1.0000055e-01 2.0334869e-06 0.0000000e+00 
1.0298400e-01 -1.4341950e-02 0.0000000e+00 
1.0581460e-01 -1.5097895e-02 0.0000000e+00 
1.2399799e-01 3.5271842e-03 0.0000000e+00 
9.4991490e-02 6.4478285e-04 0.0000000e+00 
1.1712699e-01 7.9909144e-03 0.0000000e+00 
9.7426325e-02 6.3087558e-03 0.0000000e+00 
1.0000389e-01 -5.7874768e-06 0.0000000e+00 
1.3612171e-01 -5.8275298e-03 0.0000000e+00 
8.9401472e-03 4.4158958e-03 0.0000000e+00 
1.3764338e-01 -4.8656077e-03 0.0000000e+00 
1.1405546e-02 -3.8826391e-03 0.0000000e+00 
2.6593411e-02 -5.4624011e-03 0.0000000e+00 
1.3182876e-01 -3.0108234e-03 0.0000000e+00 
1.3385910e-01 -2.0511765e-02 0.0000000e+00 
PRESSURE 1 945  float
2.9889302e+00
0.0000000e+00
0.0000000e+00
2.9889657e+00
-4.1794262e+00
-4.2952733e+00
-4.6484947e+00
-5.1688175e+00
-5.7335854e+00
-6.3589454e+00
-6.9262657e+00
-7.2031617e+00
-7.0179443e+00
-5.9594264e+00
-4.1488695e+00
-1.5068389e+00
1.5427624e+00
4.4972143e+00
6.9786105e+00
8.7474890e+00
9.2857294e+00
8.7442360e+00
7.0951219e+00
4.5442910e+00
1.5071781e+00
-1.4943314e+00
-4.0598421e+00
-5.9675226e+00
-6.9186749e+00
-7.2721648e+00
-6.9168077e+00
-6.3250399e+00
-5.7393675e+00
-5.1859574e+00
-4.6236668e+00
-4.2805281e+00
2.9834328e+00
2.9249992e+00
2.8117971e+00
2.6169956e+00
2.2818828e+00
1.8468117e+00
1.2588799e+00
5.8776784e-01
-1.1798875e-01
-7.8002042e-01
-1.2505474e+00
-1.5436840e+00
-1.6155941e+00
-1.4916176e+00
-1.2033731e+00
-8.6690056e-01
-5.5813360e-01
-3.2637763e-01
-1.8712625e-01
-9.8608650e-02
-5.1566735e-02
-2.4282863e-02
-1.4267681e-02
-3.8181494e-03
-2.6315697e-03
-8.5040694e-04
-3.6005373e-04
-5.4281110e-05
2.8584156e-05
7.6776421e-05
6.6777277e-05
5.3910571e-05
3.5221256e-05
2.1861886e-05
4.8580027e-06
0.0000000e+00
0.0000000e+00
0.0000000e+00
0.0000000e+00
0.0000000e+00
0.0000000e+00
0.0000000e+00
0.0000000e+00
0.0000000e+00
-6.8798422e-06
-1.9965468e-05
-1.9779856e-05
-2.8680637e-05
-4.5839970e-05
-3.6253630e-05
-2.6711001e-04
-3.4164885e-04
-5.3201307e-04
-1.2558267e-03
-3.2570006e-03
-6.6785198e-03
-1.3119925e-02
-2.6174845e-02
-5.0620377e-02
-9.8602533e-02
-1.8430458e-01
-3.2948881e-01
-5.5542099e-01
-8.6315423e-01
-1.2104206e+00
-1.4872686e+00
-1.6111588e+00
-1.5477854e+00
-1.2376797e+00
-7.5636601e-01
-1.1556513e-01
5.9382850e-01
1.2619396e+00
1.8475193e+00
2.2937760e+00
2.6184475e+00
2.8201547e+00
2.9283018e+00
2.9847982e+00
3.0076983e+00
3.0542278e+00
3.1097593e+00
3.1629918e+00
3.1826389e+00
3.1640339e+00
3.1125610e+00
3.0542409e+00
3.0076225e+00
8.5404501e+00
-6.9966745e-01
-1.0623378e+00
-3.0845450e-02
-5.7164370e-04
-6.6943125e-05
2.5548134e+00
-2.3829679e-01
2.5241649e+00
3.1804423e+00
-7.5529339e-03
-1.2357932e-01
2.4977660e-05
-4.3327815e-04
-1.6290832e+00
5.8140863e-06
-1.6663606e+00
9.1132170e-01
9.3357497e-01
-1.1421112e+00
3.1903459e-05
-1.1307396e+00
3.1368611e+00
-6.4293017e-06
-3.2018148e-03
-1.7217319e-03
-3.2012798e-02
-2.3215523e-05
3.0828986e+00
2.9018266e+00
3.2366290e-06
2.9071453e+00
-1.1203338e-05
1.4597543e-05
3.0263677e+00
-1.5117894e+00
-1.8444434e+00
-1.8756707e+00
-2.1938701e+00
-2.1961904e+00
-2.6426895e+00
-2.5148993e+00
-3.0710044e+00
-2.7604871e+00
-3.3315461e+00
-2.9169137e+00
-3.2797909e+00
-2.8774662e+00
-3.1667600e+00
-2.7298267e+00
-2.9829342e+00
-2.4937458e+00
-2.7626648e+00
-2.2200320e+00
-1.9776416e+00
-1.6759104e+00
-2.5244117e+00
-1.4739572e+00
-1.1136687e+00
-5.2624826e+00
-4.4689760e+00
-9.0487969e-01
-5.7111871e-01
-2.6327231e+00
-2.4537408e+00
-4.5164108e-01
-2.8732556e-01
-2.9742894e+00
-2.8329973e+00
-4.2556806e+00
-1.3472614e-01
-1.6874777e-02
3.3486780e-02
1.6506903e-02
4.2154580e-02
4.7538903e-02
4.3485016e-02
-3.2869632e+00
-3.1224332e+00
-2.7462564e+00
-3.4999721e+00
-3.3450382e+00
-3.6587358e+00
-3.4667363e+00
-3.8088539e+00
-3.4707906e+00
-3.7865984e+00
-3.1332822e+00
-3.3559768e+00
-3.5892761e+00
-5.6341977e+00
-4.8266826e+00
2.1973278e-02
2.8188936e-02
2.9358193e-02
2.1977946e-02
-3.0713389e+00
-3.2276392e+00
-9.7075510e-01
8.7914215e-03
9.4794538e-03
6.1297137e-03
5.1706759e-03
-3.5387201e+00
2.4925815e-03
2.2671183e-03
1.0409707e-03
7.6165237e-04
-3.3527377e+00
-8.2545390e-05
4.4099707e-04
3.5499097e-04
2.4234444e-04
-6.6554334e-05
5.5670684e-05
-3.8933504e+00
-3.3079197e+00
-6.6135216e+00
-5.1053043e-02
-3.5380301e-01
-3.5839317e+00
-1.2805252e+00
-6.1913343e-05
3.0977924e-06
-3.1770476e-05
-1.0839512e-05
2.3434408e-05
5.2255155e-06
1.8492226e-04
-2.3569489e+00
-2.6854730e+00
-2.4279547e-05
1.5391667e-03
-2.9004931e+00
1.2482789e-02
2.6461340e-02
-4.0009751e+00
-3.2635689e+00
-2.6672156e+00
-2.4340434e+00
-3.1619236e+00
-2.0063329e+00
-8.5965410e-02
-2.5006375e+00
-1.3796492e+00
-4.7889733e+00
-1.1532985e+00
-5.0345683e-01
-5.6282687e-01
2.3547447e-01
5.1107532e-01
1.0197356e+00
1.4782357e+00
5.2817097e+00
1.7381674e+00
2.3085530e+00
2.3415022e+00
2.8794799e+00
2.7798588e+00
3.3101130e+00
3.0504858e+00
3.4560459e+00
3.8499467e+00
3.8247707e+00
4.2499413e+00
4.0697718e+00
4.4658437e+00
4.1419001e+00
4.4520388e+00
4.0636778e+00
4.2331686e+00
3.8744235e+00
3.5030520e+00
3.8904958e+00
4.3343291e+00
3.7996635e+00
4.0804257e+00
7.4010639e+00
3.4989619e+00
3.4958100e+00
3.8340204e+00
3.6276636e+00
2.9983094e+00
2.8197927e+00
2.7715786e+00
2.3912303e+00
2.0184357e+00
-5.9446325e+00
-2.6011772e+00
3.0383525e+00
2.9685912e+00
4.7087283e+00
2.3440711e+00
4.8151808e+00
1.7237012e+00
1.1021206e+00
2.0919898e+00
3.3716321e+00
3.6219051e+00
3.4054031e+00
3.4280460e+00
3.2729149e+00
-4.6115309e-01
-9.9655849e-01
1.0506551e+00
3.4174490e-01
1.8397190e-01
-6.1116141e-01
-2.0510119e-01
-1.0504034e+00
-1.7197679e+00
-6.5801997e+00
-6.1228979e-01
-1.9324358e+00
-2.9383326e+00
1.3076910e+00
9.8268390e-01
-3.8316820e+00
3.2510652e-05
1.6024036e-05
-4.0937457e+00
2.8286815e-02
-4.4525266e+00
-2.7410543e+00
-2.0618136e+00
-3.7014573e+00
3.1705637e+00
-2.6660492e+00
5.6212060e-03
1.6868602e-10
-3.6965451e+00
-3.0331681e+00
1.3583557e-03
-4.4248495e+00
-4.7357035e+00
-4.3530744e-01
2.8358176e-05
-2.1458955e+00
-3.3699880e+00
-4.1842046e+00
-3.7485487e+00
-4.3551021e+00
9.2759385e-04
3.2906296e+00
3.3839343e+00
9.7641096e-02
-3.0699316e-01
3.1044970e+00
1.4442660e-01
1.1280832e-05
-4.6092215e+00
3.8464514e-05
5.4609729e-05
-2.9991913e-06
-4.2523163e-05
-3.6864984e+00
-2.1927097e+00
-2.4136720e+00
-3.4802964e-05
-2.7698405e-05
-3.9335573e+00
-4.3382359e+00
-4.8561764e+00
-4.5701733e+00
-5.0267191e+00
-4.6680655e+00
-4.3476186e+00
-4.3880806e+00
2.9604239e+00
2.9565744e+00
3.9757160e-05
-4.1322885e+00
-4.1456585e+00
-4.3576527e+00
-4.1160216e+00
-1.1748829e-05
-5.3166771e+00
9.6361898e-02
-1.0414132e+00
-9.8707759e-01
-1.4608775e-05
-6.4154601e-01
3.2698095e+00
3.3041775e+00
3.2038825e+00
3.4510660e+00
3.2984748e+00
3.3783858e+00
3.2250745e+00
3.2514107e+00
3.0951242e+00
3.0238018e+00
3.1170816e+00
-4.2680469e+00
-4.0469809e+00
-3.8928835e+00
-4.1607318e+00
-3.9891906e+00
1.0834849e-06
2.9253497e+00
-2.4492757e-02
-4.1058216e+00
-3.9732633e+00
-4.1429019e+00
-3.9929392e+00
-4.1949992e+00
-5.1923637e+00
-3.1013827e+00
-1.0284947e+00
-7.7772194e-01
-1.1872312e+00
-2.0000789e+00
-2.1899657e+00
3.2254395e+00
-4.7006335e+00
-4.9763789e+00
-4.6695862e+00
-5.0204992e+00
-5.4217563e+00
-3.7957556e+00
-5.5296092e+00
-2.6614958e-05
3.0756572e-05
-4.0572691e+00
-4.6340976e+00
-4.8566451e+00
-4.5137949e+00
-4.6407461e+00
-4.3654904e+00
-4.2236748e+00
4.1945273e-06
1.6831627e-05
-4.3387299e+00
2.9788587e+00
3.0747285e+00
-4.1042361e+00
-3.5944421e+00
-3.7017169e+00
-3.7717552e+00
-2.3341017e+00
-3.4510412e+00
-1.7222340e+00
-4.6610279e+00
4.5262132e+00
5.2025628e+00
5.3051744e+00
5.8928123e+00
5.7808819e+00
6.6001654e+00
6.3842506e+00
7.1702647e+00
6.5928564e+00
5.9494686e+00
5.9215827e+00
6.3333001e+00
5.5287795e+00
5.5802803e+00
4.8260174e+00
4.4762702e+00
4.7839637e+00
6.4935117e+00
6.3148661e+00
5.2524047e+00
5.4215765e+00
4.2068338e+00
3.9707472e+00
3.2903531e+00
3.5148163e+00
2.1199000e+00
2.2375534e+00
4.3281860e+00
3.3214931e+00
2.6455245e+00
2.0410476e+00
8.6464947e-01
7.3024505e-01
1.7504027e+00
-4.5235677e+00
-2.5265849e+00
2.6473742e+00
-2.6281547e-05
6.9351560e-01
-3.1198063e+00
-1.0853404e+00
-3.5826221e+00
5.9295136e-02
5.4795561e+00
-9.8047167e-02
-6.2759004e+00
-6.5723782e+00
-5.1716819e+00
-4.6339941e+00
-4.2706342e+00
7.3523917e+00
2.7583818e+00
2.8404672e+00
2.5360086e+00
-6.5741010e+00
-6.0420156e+00
-3.1878812e+00
-3.3842895e+00
2.7281468e+00
2.6489198e+00
-4.8550296e+00
2.1180480e+00
8.3585701e+00
-4.0425944e+00
-2.8638122e+00
3.0732306e-05
-2.7015276e+00
6.5235096e-01
4.9522033e+00
4.6861854e+00
-1.6389834e+00
-1.8918451e+00
4.3989573e+00
3.8883219e+00
-3.9781067e+00
-1.5409989e+00
2.1552124e+00
1.5719649e+00
3.9736064e-05
7.6809898e-05
2.1567218e+00
2.9294524e+00
2.4798441e+00
2.2469006e+00
3.2868962e+00
1.9969472e+00
1.7612720e+00
1.3724704e+00
-1.6416219e+00
-1.7448251e+00
-1.4378133e+00
-1.5102402e+00
-1.1030967e+00
-1.5099969e+00
-1.0407152e+00
-7.7331197e-01
-6.3834715e-01
-4.6440956e-01
-5.5611509e-01
-1.6799539e+00
-1.8811932e+00
-1.6998051e+00
-2.1399782e+00
-1.8206792e+00
-1.4718987e+00
-1.4789367e+00
-1.8659916e+00
-1.4229946e+00
-1.8450378e+00
-1.0685604e+00
-9.1510057e-01
-7.0833665e-01
-2.3287897e+00
-5.0927067e-01
-3.9451104e-01
-1.8683574e+00
-1.5370419e+00
-2.3332043e+00
-2.2212598e+00
-7.6937157e-01
-2.5280797e+00
-2.4199195e-01
-2.2806365e+00
-1.6955836e+00
-1.9607811e+00
9.6000355e-01
2.1136956e+00
1.5692691e+00
5.1634450e+00
7.2050586e+00
-3.3412874e-01
-1.8263028e+00
-1.9343828e+00
-1.5048820e+00
-1.9337255e+00
2.5073748e+00
2.7770679e+00
3.1814561e+00
2.7623508e+00
7.3851833e+00
-1.0889875e+00
-4.6592402e+00
3.1383104e+00
2.4176846e+00
-5.2882457e-01
-4.7971158e+00
4.3322212e-05
-6.0543461e+00
-6.2419395e+00
-6.0865493e+00
-5.4531813e+00
-1.3344761e+00
1.6210532e+00
1.6205879e+00
-3.5328922e+00
-4.9002981e+00
-4.2192674e-01
-2.4134935e-01
-1.4205213e-01
-5.8429286e-02
-5.3578168e-02
-8.4604127e-03
-1.3478713e-01
-3.5461426e-02
-2.8143448e-01
-3.1978048e-02
-1.7128105e-03
-1.3944477e+00
3.0802782e+00
3.0377283e+00
3.5614941e+00
1.5529827e+00
8.0095494e-01
8.7568533e-01
8.0067259e-01
5.4415216e+00
-2.1726499e+00
-8.1667584e-01
-1.2117768e-02
3.2550106e-03
-6.1270455e-03
1.1852467e-03
-2.6666764e-03
3.0260434e+00
7.4093048e-03
1.1980170e-02
-3.8565053e-03
-1.4760894e-03
-4.3942290e-04
2.0223127e-04
3.1244104e+00
7.9884195e+00
-1.6195461e+00
2.3919842e+00
2.7392906e-01
3.4853898e-07
-1.2359222e-01
-1.3315412e-01
-6.2983289e-02
-5.5530000e-02
-1.9476034e-02
-1.5486467e-01
-2.9298696e-01
-2.9044414e-02
-5.1431051e-03
1.3027271e-02
-1.5800897e-02
1.1752400e-06
-6.4213313e-02
2.5015661e-06
2.5066640e-05
1.0607886e-04
-3.4291781e-05
1.7911378e-04
2.3237665e-04
4.3720705e-04
2.4842605e-04
8.4653817e-04
2.7006073e-04
1.5338905e-03
-8.3752850e-05
2.5590486e-03
-1.0610758e-03
4.6443995e-03
-3.0332627e-03
-7.2434824e-03
3.3472783e-03
3.1093930e-04
1.3223171e-04
-5.0867457e+00
-3.0169557e-04
-3.0796509e-04
-1.1287174e-04
-1.3764118e-03
-1.8212870e-04
-5.7723028e-05
-1.0678592e-04
-5.0669016e-05
-1.8337514e-05
-2.7268130e-05
2.5972911e-05
-4.9419637e-04
6.6248591e-05
2.6643509e-05
-8.3065406e-06
3.4704490e+00
3.5894468e+00
6.5446322e-05
2.4210938e-05
1.7538405e-05
3.0414979e+00
-6.2987998e-02
-1.1794710e-05
7.2797498e-04
3.7007945e+00
-4.2105789e+00
-1.3820662e-05
-3.9029393e+00
-3.6964884e+00
-4.4551907e+00
3.0700431e+00
6.3778884e-03
8.9248680e-03
-8.0968803e-06
2.7061084e-03
-1.4153418e-01
-1.5602124e+00
3.2241697e+00
-5.4522318e-01
-1.4285426e+00
-2.2098337e-01
-4.0259476e+00
-1.0835607e-01
2.2318211e-05
4.9566569e+00
3.6006296e+00
-4.4233131e+00
-3.8638547e-05
2.1704128e-01
3.1264365e+00
2.9741695e+00
3.1245151e+00
3.0035253e+00
-5.9019470e+00
-1.4365653e+00
4.9286243e-04
-3.8064005e+00
2.9733782e+00
1.9879931e+00
-6.8964262e-04
3.4633147e-06
-3.1307054e-01
-7.7057987e-01
-2.0819726e+00
-2.7081742e+00
-2.7627990e+00
5.6865726e+00
-8.9119422e-01
-3.8058805e+00
-8.8564821e-06
1.4740542e+00
-5.5382857e-06
-2.4160771e+00
-1.5896458e-04
1.3505268e-01
4.4799875e-05
3.1793828e+00
3.7975378e+00
-2.7266042e+00
-4.0973301e+00
-1.6619816e+00
3.1956060e+00
-1.3548565e+00
-1.5356031e-02
-1.4846148e+00
-8.9216888e-01
4.1747116e-04
4.2081814e+00
-5.3778858e+00
-5.6519354e-04
3.3640220e+00
4.0931077e+00
-5.4540467e+00
-1.6425730e+00
-2.0059528e+00
-3.0651207e+00
-2.5040996e+00
-2.6478965e+00
-4.2344584e+00
5.1589885e+00
-3.0965621e+00
2.6253092e+00
-5.6894712e+00
-6.9445050e-01
-2.4701202e+00
4.2614174e+00
3.6312995e+00
-1.4162324e-02
-3.9553375e+00
7.1466756e-01
1.4520397e+00
-9.2138427e-01
8.0030980e-03
-3.0789094e+00
2.8176339e+00
3.3098900e-01
-2.2553780e+00
3.2059360e+00
-4.0914571e-01
-4.1106060e-01
7.5166473e+00
3.7683284e+00
-1.3607630e-03
1.8640592e+00
-2.5907736e+00
1.4127413e+00
-4.6269567e-04
2.1332135e-02
-5.2715883e+00
-4.3217216e+00
-3.5565239e-01
-1.1205360e+00
2.7581744e+00
-8.8982302e-01
-2.4149625e+00
4.5670992e-01
1.3581733e+00
6.8448319e+00
2.1634221e-05
-3.1227518e-03
-1.7768587e+00
3.2474072e+00
-4.1982555e+00
-5.9968452e+00
3.3196434e-01
1.2703465e-05
-3.6650796e+00
5.1684604e+00
-5.0103313e-01
-4.8349762e+00
2.8888199e+00
6.1308599e+00
-1.1915413e+00
-6.4987992e-03
-4.2062988e+00
-3.8291464e+00
-4.8412504e+00
1.3211386e+00
2.8695989e-02
2.9819326e+00
5.4852281e-02
5.4405985e+00
-4.3605628e+00
-8.7307395e-05
3.1756661e+00
-3.5522583e+00
-3.9462347e+00
3.6159170e+00
-1.7556669e+00
-3.7236781e+00
-3.8821785e+00
-8.0524869e-06
-4.3328958e+00
2.9968295e+00
-4.5591164e+00
2.9964404e+00
2.4902245e-03
2.7228875e+00
2.9318957e+00
-2.0958197e+00
-5.7290435e+00
-1.0064978e-05
-8.8967633e-01
4.3700809e+00
-3.6110687e+00
3.6774181e-06
-2.3038542e+00
-1.3114685e-04
-1.1021170e-01
-2.5231812e+00
-6.5414288e-06
-3.3744760e+00
-4.0767956e+00
-5.3873495e-04
-5.0033708e+00
-2.7660959e+00
1.1399162e+00
-5.1667490e+00
6.8690920e-01
-2.4192030e-02
-2.0035584e+00
-6.6988781e-02
-1.4372874e+00
4.9729180e-01
-4.2277451e+00
2.7168272e+00
-3.0265255e+00
3.3128955e+00
-3.8834147e+00
2.9663332e+00
3.4199215e-02
2.0441566e+00
2.8959398e+00
-2.7453598e-01
-1.3086735e-04
4.8526893e+00
-4.6624985e+00
-5.8614540e-01
-8.6267531e-01
-4.2855992e+00
-1.8917021e+00
-1.1397650e+00
-2.1729765e+00
-6.0394719e-02
-4.0794206e+00
6.1205339e-01
-2.1684361e+00
3.9610758e+00
-5.3426218e+00
-5.3437443e+00
3.1723354e+00
-1.2265617e+00
2.4592083e+00
1.5919642e-06
2.7109845e+00
2.3846633e+00
-3.5780010e+00
3.6447992e+00
1.1324638e+00
3.3536096e+00
-2.9862798e-05
-1.2926174e+00
-3.0867877e+00
-3.4963379e+00
-3.6104133e+00
-5.7157369e+00
-6.9933563e-01
-4.1052828e+00
CELL_DATA 1766
FIELD FieldData 0
