# vtk DataFile Version 4.0
vtk output
ASCII
DATASET UNSTRUCTURED_GRID
POINTS 945 float
0.0000000e+00 0.0000000e+00 0.0000000e+00 
2.0000000e+00 0.0000000e+00 0.0000000e+00 
2.0000000e+00 6.0000002e-01 0.0000000e+00 
0.0000000e+00 6.0000002e-01 0.0000000e+00 
5.6000000e-01 3.0000001e-01 0.0000000e+00 
5.5884713e-01 2.8829461e-01 0.0000000e+00 
5.5543280e-01 2.7703899e-01 0.0000000e+00 
5.4988819e-01 2.6666579e-01 0.0000000e+00 
5.4242641e-01 2.5757360e-01 0.0000000e+00 
5.3333420e-01 2.5011179e-01 0.0000000e+00 
5.2296102e-01 2.4456720e-01 0.0000000e+00 
5.1170540e-01 2.4115290e-01 0.0000000e+00 
5.0000000e-01 2.3999999e-01 0.0000000e+00 
4.8829460e-01 2.4115290e-01 0.0000000e+00 
4.7703901e-01 2.4456720e-01 0.0000000e+00 
4.6666580e-01 2.5011179e-01 0.0000000e+00 
4.5757359e-01 2.5757360e-01 0.0000000e+00 
4.5011181e-01 2.6666579e-01 0.0000000e+00 
4.4456720e-01 2.7703899e-01 0.0000000e+00 
4.4115290e-01 2.8829461e-01 0.0000000e+00 
4.4000000e-01 3.0000001e-01 0.0000000e+00 
4.4115290e-01 3.1170541e-01 0.0000000e+00 
4.4456720e-01 3.2296100e-01 0.0000000e+00 
4.5011181e-01 3.3333421e-01 0.0000000e+00 
4.5757359e-01 3.4242639e-01 0.0000000e+00 
4.6666580e-01 3.4988821e-01 0.0000000e+00 
4.7703901e-01 3.5543281e-01 0.0000000e+00 
4.8829460e-01 3.5884711e-01 0.0000000e+00 
5.0000000e-01 3.6000001e-01 0.0000000e+00 
5.1170540e-01 3.5884711e-01 0.0000000e+00 
5.2296102e-01 3.5543281e-01 0.0000000e+00 
5.3333420e-01 3.4988821e-01 0.0000000e+00 
5.4242641e-01 3.4242639e-01 0.0000000e+00 
5.4988819e-01 3.3333421e-01 0.0000000e+00 
5.5543280e-01 3.2296100e-01 0.0000000e+00 
5.5884713e-01 3.1170541e-01 0.0000000e+00 
5.9016321e-02 0.0000000e+00 0.0000000e+00 
1.1803260e-01 0.0000000e+00 0.0000000e+00 
1.7704900e-01 0.0000000e+00 0.0000000e+00 
2.3587100e-01 0.0000000e+00 0.0000000e+00 
2.9085249e-01 0.0000000e+00 0.0000000e+00 
3.4144861e-01 0.0000000e+00 0.0000000e+00 
3.8872591e-01 0.0000000e+00 0.0000000e+00 
4.3368599e-01 0.0000000e+00 0.0000000e+00 
4.7725680e-01 0.0000000e+00 0.0000000e+00 
5.2034539e-01 0.0000000e+00 0.0000000e+00 
5.6386721e-01 0.0000000e+00 0.0000000e+00 
6.0872579e-01 0.0000000e+00 0.0000000e+00 
6.5584701e-01 0.0000000e+00 0.0000000e+00 
7.0623368e-01 0.0000000e+00 0.0000000e+00 
7.6094180e-01 0.0000000e+00 0.0000000e+00 
8.1967372e-01 0.0000000e+00 0.0000000e+00 
8.7868989e-01 0.0000000e+00 0.0000000e+00 
9.3770629e-01 0.0000000e+00 0.0000000e+00 
9.9672258e-01 0.0000000e+00 0.0000000e+00 
1.0557390e+00 0.0000000e+00 0.0000000e+00 
1.1147550e+00 0.0000000e+00 0.0000000e+00 
1.1737720e+00 0.0000000e+00 0.0000000e+00 
1.2327880e+00 0.0000000e+00 0.0000000e+00 
1.2918040e+00 0.0000000e+00 0.0000000e+00 
1.3508210e+00 0.0000000e+00 0.0000000e+00 
1.4098370e+00 0.0000000e+00 0.0000000e+00 
1.4688530e+00 0.0000000e+00 0.0000000e+00 
1.5278690e+00 0.0000000e+00 0.0000000e+00 
1.5868860e+00 0.0000000e+00 0.0000000e+00 
1.6459020e+00 0.0000000e+00 0.0000000e+00 
1.7049180e+00 0.0000000e+00 0.0000000e+00 
1.7639350e+00 0.0000000e+00 0.0000000e+00 
1.8229510e+00 0.0000000e+00 0.0000000e+00 
1.8819669e+00 0.0000000e+00 0.0000000e+00 
1.9409840e+00 0.0000000e+00 0.0000000e+00 
2.0000000e+00 5.9999999e-02 0.0000000e+00 
2.0000000e+00 1.2000000e-01 0.0000000e+00 
2.0000000e+00 1.8000001e-01 0.0000000e+00 
2.0000000e+00 2.3999999e-01 0.0000000e+00 
2.0000000e+00 3.0000001e-01 0.0000000e+00 
2.0000000e+00 3.6000001e-01 0.0000000e+00 
2.0000000e+00 4.1999999e-01 0.0000000e+00 
2.0000000e+00 4.7999999e-01 0.0000000e+00 
2.0000000e+00 5.4000002e-01 0.0000000e+00 
1.9409840e+00 6.0000002e-01 0.0000000e+00 
1.8819669e+00 6.0000002e-01 0.0000000e+00 
1.8229510e+00 6.0000002e-01 0.0000000e+00 
1.7639350e+00 6.0000002e-01 0.0000000e+00 
1.7049180e+00 6.0000002e-01 0.0000000e+00 
1.6459020e+00 6.0000002e-01 0.0000000e+00 
1.5868860e+00 6.0000002e-01 0.0000000e+00 
1.5278690e+00 6.0000002e-01 0.0000000e+00 
1.4688530e+00 6.0000002e-01 0.0000000e+00 
1.4098370e+00 6.0000002e-01 0.0000000e+00 
1.3508210e+00 6.0000002e-01 0.0000000e+00 
1.2918040e+00 6.0000002e-01 0.0000000e+00 
1.2327880e+00 6.0000002e-01 0.0000000e+00 
1.1737720e+00 6.0000002e-01 0.0000000e+00 
1.1147550e+00 6.0000002e-01 0.0000000e+00 
1.0557390e+00 6.0000002e-01 0.0000000e+00 
9.9672258e-01 6.0000002e-01 0.0000000e+00 
9.3770629e-01 6.0000002e-01 0.0000000e+00 
8.7868989e-01 6.0000002e-01 0.0000000e+00 
8.1967372e-01 6.0000002e-01 0.0000000e+00 
7.6094180e-01 6.0000002e-01 0.0000000e+00 
7.0623368e-01 6.0000002e-01 0.0000000e+00 
6.5584701e-01 6.0000002e-01 0.0000000e+00 
6.0872579e-01 6.0000002e-01 0.0000000e+00 
5.6386721e-01 6.0000002e-01 0.0000000e+00 
5.2034539e-01 6.0000002e-01 0.0000000e+00 
4.7725680e-01 6.0000002e-01 0.0000000e+00 
4.3368599e-01 6.0000002e-01 0.0000000e+00 
3.8872591e-01 6.0000002e-01 0.0000000e+00 
3.4144861e-01 6.0000002e-01 0.0000000e+00 
2.9085249e-01 6.0000002e-01 0.0000000e+00 
2.3587100e-01 6.0000002e-01 0.0000000e+00 
1.7704900e-01 6.0000002e-01 0.0000000e+00 
1.1803260e-01 6.0000002e-01 0.0000000e+00 
5.9016321e-02 6.0000002e-01 0.0000000e+00 
0.0000000e+00 5.4000002e-01 0.0000000e+00 
0.0000000e+00 4.7999999e-01 0.0000000e+00 
0.0000000e+00 4.1999999e-01 0.0000000e+00 
0.0000000e+00 3.6000001e-01 0.0000000e+00 
0.0000000e+00 3.0000001e-01 0.0000000e+00 
0.0000000e+00 2.3999999e-01 0.0000000e+00 
0.0000000e+00 1.8000001e-01 0.0000000e+00 
0.0000000e+00 1.2000000e-01 0.0000000e+00 
0.0000000e+00 5.9999999e-02 0.0000000e+00 
4.3026751e-01 3.0683401e-01 0.0000000e+00 
8.4908241e-01 5.5269438e-01 0.0000000e+00 
7.8790653e-01 5.1802918e-02 0.0000000e+00 
1.1430219e+00 5.0576471e-02 0.0000000e+00 
1.4415160e+00 5.0573289e-02 0.0000000e+00 
1.6754100e+00 5.5038619e-01 0.0000000e+00 
2.6041579e-01 5.2875768e-02 0.0000000e+00 
9.6895182e-01 5.0380111e-02 0.0000000e+00 
2.6302171e-01 5.5612308e-01 0.0000000e+00 
5.5065349e-02 2.6500449e-01 0.0000000e+00 
1.2615570e+00 5.4759312e-01 0.0000000e+00 
1.0253479e+00 5.4886931e-01 0.0000000e+00 
1.6201590e+00 5.4130111e-02 0.0000000e+00 
1.4979730e+00 5.5115038e-01 0.0000000e+00 
6.7900127e-01 5.5979192e-01 0.0000000e+00 
1.9463980e+00 2.6800990e-01 0.0000000e+00 
6.3145077e-01 3.8099781e-02 0.0000000e+00 
4.1331020e-01 5.6811810e-01 0.0000000e+00 
4.1231820e-01 3.8809739e-02 0.0000000e+00 
5.4410732e-01 5.6000441e-01 0.0000000e+00 
1.7962800e+00 5.9606131e-02 0.0000000e+00 
5.4468262e-01 3.7558820e-02 0.0000000e+00 
4.9130220e-02 3.9247900e-01 0.0000000e+00 
1.9509200e+00 3.8997239e-01 0.0000000e+00 
1.3233820e+00 4.9667731e-02 0.0000000e+00 
1.3821890e+00 5.4839480e-01 0.0000000e+00 
1.1434870e+00 5.4837209e-01 0.0000000e+00 
1.7959980e+00 5.4855859e-01 0.0000000e+00 
4.9401909e-02 1.5067521e-01 0.0000000e+00 
1.4989950e-01 5.5529898e-01 0.0000000e+00 
1.9519399e+00 1.5339760e-01 0.0000000e+00 
1.4754079e-01 5.1025499e-02 0.0000000e+00 
1.9506550e+00 5.1069498e-01 0.0000000e+00 
1.9114760e+00 5.1109631e-02 0.0000000e+00 
4.9216151e-02 5.0927132e-01 0.0000000e+00 
5.8710063e-01 3.6655251e-02 0.0000000e+00 
6.0428280e-01 7.4787550e-02 0.0000000e+00 
6.4929068e-01 7.4443869e-02 0.0000000e+00 
6.2715179e-01 1.0633790e-01 0.0000000e+00 
5.9329480e-01 1.0799770e-01 0.0000000e+00 
6.0949302e-01 1.3488390e-01 0.0000000e+00 
6.4123279e-01 1.3555969e-01 0.0000000e+00 
6.2006623e-01 1.6328260e-01 0.0000000e+00 
6.5316749e-01 1.6381399e-01 0.0000000e+00 
6.3351321e-01 1.8958050e-01 0.0000000e+00 
6.6427898e-01 1.8941709e-01 0.0000000e+00 
6.4933020e-01 2.1180780e-01 0.0000000e+00 
6.7645937e-01 2.1359310e-01 0.0000000e+00 
6.6097301e-01 2.3410480e-01 0.0000000e+00 
6.8796802e-01 2.3757669e-01 0.0000000e+00 
6.7103261e-01 2.5876111e-01 0.0000000e+00 
6.9990993e-01 2.6214910e-01 0.0000000e+00 
6.8101048e-01 2.8387409e-01 0.0000000e+00 
7.1248281e-01 2.8716281e-01 0.0000000e+00 
7.2971261e-01 2.6349890e-01 0.0000000e+00 
7.4486363e-01 2.9076719e-01 0.0000000e+00 
6.9556361e-01 3.0985960e-01 0.0000000e+00 
7.6406652e-01 2.6318431e-01 0.0000000e+00 
7.8114778e-01 2.9619500e-01 0.0000000e+00 
5.5403137e-01 2.5565761e-01 0.0000000e+00 
5.6691158e-01 2.7902979e-01 0.0000000e+00 
8.0246252e-01 2.6402649e-01 0.0000000e+00 
8.2167560e-01 3.0103979e-01 0.0000000e+00 
5.7978672e-01 1.3316999e-01 0.0000000e+00 
6.9627529e-01 1.8651520e-01 0.0000000e+00 
8.4832448e-01 2.6130950e-01 0.0000000e+00 
8.6857778e-01 3.0716091e-01 0.0000000e+00 
6.6883779e-01 3.0851370e-01 0.0000000e+00 
6.8001598e-01 3.3176759e-01 0.0000000e+00 
5.6956083e-01 3.0685109e-01 0.0000000e+00 
8.9643359e-01 2.6652190e-01 0.0000000e+00 
9.1803229e-01 3.1445420e-01 0.0000000e+00 
9.4838840e-01 2.6944679e-01 0.0000000e+00 
9.7196358e-01 3.1528941e-01 0.0000000e+00 
1.0020620e+00 2.7188951e-01 0.0000000e+00 
1.0263140e+00 3.1974381e-01 0.0000000e+00 
1.0557370e+00 2.7577680e-01 0.0000000e+00 
6.5179992e-01 3.3081001e-01 0.0000000e+00 
6.6418201e-01 3.5163379e-01 0.0000000e+00 
6.8745148e-01 3.5866591e-01 0.0000000e+00 
6.4083183e-01 3.5175639e-01 0.0000000e+00 
6.5020132e-01 3.7057751e-01 0.0000000e+00 
6.2925631e-01 3.6861771e-01 0.0000000e+00 
6.3750827e-01 3.8906679e-01 0.0000000e+00 
6.1479098e-01 3.8505989e-01 0.0000000e+00 
6.2451601e-01 4.0700281e-01 0.0000000e+00 
6.0271370e-01 4.0461549e-01 0.0000000e+00 
6.4791143e-01 4.1049060e-01 0.0000000e+00 
6.1149168e-01 4.2533240e-01 0.0000000e+00 
5.8940130e-01 4.2314041e-01 0.0000000e+00 
5.4590571e-01 3.5405469e-01 0.0000000e+00 
5.5933821e-01 3.3214769e-01 0.0000000e+00 
1.0820900e+00 3.2265610e-01 0.0000000e+00 
1.1129040e+00 2.7988619e-01 0.0000000e+00 
1.1385900e+00 3.3131590e-01 0.0000000e+00 
1.1718310e+00 2.8342861e-01 0.0000000e+00 
5.9854919e-01 4.4447681e-01 0.0000000e+00 
5.7566178e-01 4.4153079e-01 0.0000000e+00 
8.0048358e-01 3.3398119e-01 0.0000000e+00 
1.1962050e+00 3.3624330e-01 0.0000000e+00 
1.2286429e+00 2.8668931e-01 0.0000000e+00 
1.2540359e+00 3.3862561e-01 0.0000000e+00 
1.2863950e+00 2.8994620e-01 0.0000000e+00 
6.1140192e-01 1.8628950e-01 0.0000000e+00 
1.3121480e+00 3.4238011e-01 0.0000000e+00 
1.3446890e+00 2.9366851e-01 0.0000000e+00 
1.3705840e+00 3.4558439e-01 0.0000000e+00 
1.4032860e+00 2.9774809e-01 0.0000000e+00 
6.4617378e-01 3.0788270e-01 0.0000000e+00 
1.4291511e+00 3.4956750e-01 0.0000000e+00 
1.4618640e+00 3.0163100e-01 0.0000000e+00 
1.4877310e+00 3.5457411e-01 0.0000000e+00 
1.5206050e+00 3.0603161e-01 0.0000000e+00 
1.5464530e+00 3.5889450e-01 0.0000000e+00 
1.5793800e+00 3.1008351e-01 0.0000000e+00 
5.6763572e-01 4.1851109e-01 0.0000000e+00 
5.5408603e-01 4.3793961e-01 0.0000000e+00 
5.2029008e-01 3.6688760e-01 0.0000000e+00 
9.4794089e-01 3.6647639e-01 0.0000000e+00 
8.7384099e-01 2.2074890e-01 0.0000000e+00 
6.3348472e-01 2.3041780e-01 0.0000000e+00 
7.8118002e-01 2.2578520e-01 0.0000000e+00 
1.6052290e+00 3.6304700e-01 0.0000000e+00 
1.6382140e+00 3.1413361e-01 0.0000000e+00 
1.6641290e+00 3.6722910e-01 0.0000000e+00 
1.6971480e+00 3.1819481e-01 0.0000000e+00 
1.6712240e+00 2.6505721e-01 0.0000000e+00 
1.7302210e+00 2.6912081e-01 0.0000000e+00 
1.5534170e+00 2.5684619e-01 0.0000000e+00 
6.7181969e-01 1.4093800e-01 0.0000000e+00 
5.8596748e-01 4.6394360e-01 0.0000000e+00 
1.7230920e+00 3.7133509e-01 0.0000000e+00 
1.3771909e+00 2.4454120e-01 0.0000000e+00 
6.2249678e-01 4.4700289e-01 0.0000000e+00 
1.2033920e+00 2.3449400e-01 0.0000000e+00 
1.0287880e+00 2.3015590e-01 0.0000000e+00 
5.4669750e-01 4.1895449e-01 0.0000000e+00 
5.3373671e-01 4.3515179e-01 0.0000000e+00 
5.4073101e-01 4.5481020e-01 0.0000000e+00 
5.1996583e-01 4.5137540e-01 0.0000000e+00 
5.1387292e-01 4.2921981e-01 0.0000000e+00 
4.9935541e-01 4.4742331e-01 0.0000000e+00 
4.5565760e-01 3.5403141e-01 0.0000000e+00 
4.9349809e-01 4.2846820e-01 0.0000000e+00 
4.7935709e-01 4.4358870e-01 0.0000000e+00 
4.7970989e-01 3.6688760e-01 0.0000000e+00 
4.8592600e-01 4.6396780e-01 0.0000000e+00 
4.6443069e-01 4.5930001e-01 0.0000000e+00 
4.5825541e-01 4.3536639e-01 0.0000000e+00 
4.4286779e-01 4.5335940e-01 0.0000000e+00 
4.3592349e-01 4.3169260e-01 0.0000000e+00 
4.2123440e-01 4.4813421e-01 0.0000000e+00 
4.1462469e-01 4.2622849e-01 0.0000000e+00 
4.3825611e-01 3.3387709e-01 0.0000000e+00 
3.9864141e-01 4.4291711e-01 0.0000000e+00 
3.9200109e-01 4.1997111e-01 0.0000000e+00 
3.7504819e-01 4.3754801e-01 0.0000000e+00 
3.6926591e-01 4.1456231e-01 0.0000000e+00 
3.5052001e-01 4.3156540e-01 0.0000000e+00 
3.4640020e-01 4.0321410e-01 0.0000000e+00 
3.2338160e-01 4.2558259e-01 0.0000000e+00 
3.1625420e-01 3.9745620e-01 0.0000000e+00 
3.3599329e-01 3.7658459e-01 0.0000000e+00 
3.0888751e-01 3.6996761e-01 0.0000000e+00 
3.2846531e-01 3.5015899e-01 0.0000000e+00 
3.0453789e-01 3.4228960e-01 0.0000000e+00 
3.2241219e-01 3.2376000e-01 0.0000000e+00 
2.9612821e-01 3.1610900e-01 0.0000000e+00 
3.1577420e-01 2.9729351e-01 0.0000000e+00 
2.8885421e-01 2.8886101e-01 0.0000000e+00 
3.0968001e-01 2.6928011e-01 0.0000000e+00 
2.8137040e-01 2.6060769e-01 0.0000000e+00 
2.8570160e-01 3.8790971e-01 0.0000000e+00 
3.0315241e-01 2.4067999e-01 0.0000000e+00 
3.3230671e-01 2.5245121e-01 0.0000000e+00 
3.2487640e-01 2.2290690e-01 0.0000000e+00 
3.5372531e-01 2.3027760e-01 0.0000000e+00 
4.3461740e-01 2.7961159e-01 0.0000000e+00 
3.4512779e-01 2.0528039e-01 0.0000000e+00 
3.6950600e-01 2.1069451e-01 0.0000000e+00 
2.6638910e-01 3.1392881e-01 0.0000000e+00 
2.7405229e-01 2.3109850e-01 0.0000000e+00 
3.6342499e-01 1.8842390e-01 0.0000000e+00 
3.8558939e-01 1.9589300e-01 0.0000000e+00 
4.4520050e-01 2.5469631e-01 0.0000000e+00 
3.8103029e-01 1.7263541e-01 0.0000000e+00 
4.0200421e-01 1.8057050e-01 0.0000000e+00 
4.9249741e-01 2.2787590e-01 0.0000000e+00 
4.6605590e-01 2.3826469e-01 0.0000000e+00 
3.3931601e-01 1.7988220e-01 0.0000000e+00 
3.8745371e-01 3.9799151e-01 0.0000000e+00 
3.5741779e-01 2.5419459e-01 0.0000000e+00 
3.5627639e-01 4.5751181e-01 0.0000000e+00 
3.4765261e-01 3.3191890e-01 0.0000000e+00 
3.9811629e-01 1.5518570e-01 0.0000000e+00 
4.2193061e-01 1.6662900e-01 0.0000000e+00 
3.7476501e-01 1.4610679e-01 0.0000000e+00 
3.9139041e-01 2.1633980e-01 0.0000000e+00 
2.5018540e-01 2.5338060e-01 0.0000000e+00 
2.4227400e-01 2.1673180e-01 0.0000000e+00 
2.1296521e-01 2.4632980e-01 0.0000000e+00 
2.0310380e-01 2.0643540e-01 0.0000000e+00 
4.7074649e-01 4.8204380e-01 0.0000000e+00 
4.9385741e-01 4.8678511e-01 0.0000000e+00 
4.1766569e-01 1.3875820e-01 0.0000000e+00 
4.3951231e-01 1.4885530e-01 0.0000000e+00 
4.4284999e-01 1.6929220e-01 0.0000000e+00 
4.6074921e-01 1.5907930e-01 0.0000000e+00 
4.5701310e-01 1.3411739e-01 0.0000000e+00 
4.7804150e-01 1.4308280e-01 0.0000000e+00 
4.8207700e-01 1.6432039e-01 0.0000000e+00 
5.2000839e-01 2.3249920e-01 0.0000000e+00 
4.7522539e-01 1.1890660e-01 0.0000000e+00 
4.9824399e-01 1.5124670e-01 0.0000000e+00 
5.0239080e-01 1.7379840e-01 0.0000000e+00 
4.0624869e-01 4.6688080e-01 0.0000000e+00 
4.2919409e-01 4.1243970e-01 0.0000000e+00 
6.2043011e-01 3.4884781e-01 0.0000000e+00 
1.7042540e+00 2.1590130e-01 0.0000000e+00 
1.7632940e+00 2.2000070e-01 0.0000000e+00 
5.9477502e-01 3.8850871e-01 0.0000000e+00 
1.1047130e+00 3.7971979e-01 0.0000000e+00 
5.5632508e-01 4.0331629e-01 0.0000000e+00 
5.1673311e-01 1.5979400e-01 0.0000000e+00 
5.1686460e-01 1.3875850e-01 0.0000000e+00 
5.2089018e-01 1.7866670e-01 0.0000000e+00 
2.3531640e-01 1.7608330e-01 0.0000000e+00 
4.8605490e-01 1.8340071e-01 0.0000000e+00 
1.2225550e+00 3.8796490e-01 0.0000000e+00 
1.7893510e+00 2.7321759e-01 0.0000000e+00 
5.0436419e-01 4.1349870e-01 0.0000000e+00 
4.8793069e-01 4.1161671e-01 0.0000000e+00 
1.3432890e+00 3.9487341e-01 0.0000000e+00 
4.9844569e-01 3.9902619e-01 0.0000000e+00 
5.1288861e-01 4.0051869e-01 0.0000000e+00 
4.7826111e-01 5.0721961e-01 0.0000000e+00 
1.5723439e+00 4.1086179e-01 0.0000000e+00 
5.6928509e-01 1.1216540e-01 0.0000000e+00 
5.3438342e-01 1.6713411e-01 0.0000000e+00 
5.3660733e-01 1.8530799e-01 0.0000000e+00 
5.5097228e-01 1.7492341e-01 0.0000000e+00 
5.5329382e-01 1.9238080e-01 0.0000000e+00 
1.4477730e+00 4.0997440e-01 0.0000000e+00 
1.7183121e-01 2.3577370e-01 0.0000000e+00 
1.8385801e-01 2.7833050e-01 0.0000000e+00 
4.5149651e-01 1.1040960e-01 0.0000000e+00 
4.7247219e-01 9.1955133e-02 0.0000000e+00 
1.9255680e-01 1.6331930e-01 0.0000000e+00 
4.5135620e-01 5.0161749e-01 0.0000000e+00 
1.8225530e+00 2.2401039e-01 0.0000000e+00 
5.2494282e-01 1.9506520e-01 0.0000000e+00 
1.7372680e+00 1.6678140e-01 0.0000000e+00 
1.6782570e+00 1.6271511e-01 0.0000000e+00 
1.6900350e+00 4.2038351e-01 0.0000000e+00 
1.7490560e+00 4.2454061e-01 0.0000000e+00 
4.8329440e-01 3.9614201e-01 0.0000000e+00 
4.7259709e-01 4.0761891e-01 0.0000000e+00 
4.6829471e-01 3.9267531e-01 0.0000000e+00 
1.7821480e+00 3.7544200e-01 0.0000000e+00 
1.8081650e+00 4.2873210e-01 0.0000000e+00 
5.6767190e-01 1.8248910e-01 0.0000000e+00 
5.6965590e-01 1.9964610e-01 0.0000000e+00 
5.5310482e-01 2.0997940e-01 0.0000000e+00 
5.7153863e-01 2.1648981e-01 0.0000000e+00 
5.5832732e-01 2.2570750e-01 0.0000000e+00 
5.7294083e-01 2.3188220e-01 0.0000000e+00 
5.8571517e-01 2.2277141e-01 0.0000000e+00 
5.8722973e-01 2.3849240e-01 0.0000000e+00 
2.2661661e-01 1.3415439e-01 0.0000000e+00 
2.6798990e-01 1.4730521e-01 0.0000000e+00 
1.7105891e+00 1.1396340e-01 0.0000000e+00 
5.9993339e-01 2.2935030e-01 0.0000000e+00 
6.0129720e-01 2.4530940e-01 0.0000000e+00 
5.8868867e-01 2.5420901e-01 0.0000000e+00 
6.0235012e-01 2.6110700e-01 0.0000000e+00 
1.8387530e+00 3.7525591e-01 0.0000000e+00 
5.4489303e-01 2.2099259e-01 0.0000000e+00 
4.5784310e-01 5.2955812e-01 0.0000000e+00 
5.1062381e-01 5.1103139e-01 0.0000000e+00 
4.9833831e-01 1.0296860e-01 0.0000000e+00 
1.8639690e+00 4.2541769e-01 0.0000000e+00 
4.9523690e-01 7.3985048e-02 0.0000000e+00 
1.3844220e-01 2.6736441e-01 0.0000000e+00 
1.5088230e-01 3.1097111e-01 0.0000000e+00 
1.2641050e-01 2.2494370e-01 0.0000000e+00 
2.0287590e-01 3.2045639e-01 0.0000000e+00 
1.6756350e-01 3.5410741e-01 0.0000000e+00 
2.1099889e-01 3.6507410e-01 0.0000000e+00 
1.8053800e-01 3.9719370e-01 0.0000000e+00 
2.2913329e-01 4.0715241e-01 0.0000000e+00 
1.9421770e-01 4.3993911e-01 0.0000000e+00 
2.3865750e-01 4.5007020e-01 0.0000000e+00 
1.4811151e-01 4.3034700e-01 0.0000000e+00 
5.9036589e-01 2.6973200e-01 0.0000000e+00 
6.0372931e-01 2.7649191e-01 0.0000000e+00 
6.1619169e-01 2.6624000e-01 0.0000000e+00 
5.9138829e-01 2.8492469e-01 0.0000000e+00 
6.0468042e-01 2.9163459e-01 0.0000000e+00 
1.8453060e+00 2.7996099e-01 0.0000000e+00 
2.0954210e-01 4.8537201e-01 0.0000000e+00 
4.6530190e-01 6.3733928e-02 0.0000000e+00 
5.9247959e-01 2.9992181e-01 0.0000000e+00 
6.0560697e-01 3.0666059e-01 0.0000000e+00 
5.9351093e-01 3.1494951e-01 0.0000000e+00 
6.0633099e-01 3.2174519e-01 0.0000000e+00 
5.9430778e-01 3.2937449e-01 0.0000000e+00 
4.9347320e-01 3.8454881e-01 0.0000000e+00 
5.5062449e-01 1.5674770e-01 0.0000000e+00 
4.5774269e-01 4.0380031e-01 0.0000000e+00 
4.5300320e-01 3.8926181e-01 0.0000000e+00 
5.2078158e-01 8.5589677e-02 0.0000000e+00 
5.2809721e-01 4.7261381e-01 0.0000000e+00 
5.4998982e-01 4.7740239e-01 0.0000000e+00 
1.1647230e-01 3.4303319e-01 0.0000000e+00 
5.4025501e-01 4.0216339e-01 0.0000000e+00 
5.4931629e-01 3.8893181e-01 0.0000000e+00 
5.6429678e-01 3.8917771e-01 0.0000000e+00 
5.5815691e-01 3.7613159e-01 0.0000000e+00 
5.3233409e-01 3.8730109e-01 0.0000000e+00 
6.1810511e-01 2.9840681e-01 0.0000000e+00 
5.4633558e-01 2.3408321e-01 0.0000000e+00 
1.7233150e+00 4.7115931e-01 0.0000000e+00 
1.6544410e+00 4.6960419e-01 0.0000000e+00 
5.9817278e-01 2.1342160e-01 0.0000000e+00 
5.7312608e-01 3.7630349e-01 0.0000000e+00 
5.6664068e-01 3.6344349e-01 0.0000000e+00 
5.8089459e-01 3.6333910e-01 0.0000000e+00 
5.7436389e-01 3.5058859e-01 0.0000000e+00 
5.8890998e-01 3.5140380e-01 0.0000000e+00 
5.9597099e-01 3.6360300e-01 0.0000000e+00 
1.8871840e+00 2.3216370e-01 0.0000000e+00 
1.8613670e+00 1.6699770e-01 0.0000000e+00 
5.8043772e-01 3.2325599e-01 0.0000000e+00 
1.8341640e-01 1.2044960e-01 0.0000000e+00 
1.4539170e-01 1.4803199e-01 0.0000000e+00 
5.2981251e-01 4.1606659e-01 0.0000000e+00 
6.3278657e-01 3.2098520e-01 0.0000000e+00 
4.9883649e-01 1.9035070e-01 0.0000000e+00 
4.8866749e-01 1.9995619e-01 0.0000000e+00 
4.7372600e-01 1.9428051e-01 0.0000000e+00 
4.7687241e-01 2.0988560e-01 0.0000000e+00 
4.6230760e-01 2.0519090e-01 0.0000000e+00 
5.0175709e-01 2.0284539e-01 0.0000000e+00 
3.7420979e-01 2.4249861e-01 0.0000000e+00 
3.7680081e-01 2.5999850e-01 0.0000000e+00 
3.6377189e-01 2.7359021e-01 0.0000000e+00 
3.8147151e-01 2.7786380e-01 0.0000000e+00 
3.9390230e-01 2.6630861e-01 0.0000000e+00 
3.9790910e-01 2.8215069e-01 0.0000000e+00 
3.8660839e-01 2.9399589e-01 0.0000000e+00 
4.0266559e-01 2.9749459e-01 0.0000000e+00 
3.9230630e-01 3.0959940e-01 0.0000000e+00 
3.7539089e-01 3.0645579e-01 0.0000000e+00 
3.8165531e-01 3.2178041e-01 0.0000000e+00 
3.9764741e-01 3.2483751e-01 0.0000000e+00 
3.8738471e-01 3.3702531e-01 0.0000000e+00 
4.0318671e-01 3.3988059e-01 0.0000000e+00 
3.9298999e-01 3.5206911e-01 0.0000000e+00 
4.0884519e-01 3.5489669e-01 0.0000000e+00 
3.7592891e-01 3.5095471e-01 0.0000000e+00 
4.1221961e-01 3.2815641e-01 0.0000000e+00 
4.0885890e-01 2.7070051e-01 0.0000000e+00 
4.0606499e-01 2.5576550e-01 0.0000000e+00 
4.2036530e-01 2.6073930e-01 0.0000000e+00 
4.1758421e-01 2.4588020e-01 0.0000000e+00 
3.9879280e-01 3.6719501e-01 0.0000000e+00 
4.1457930e-01 3.6959961e-01 0.0000000e+00 
4.2435291e-01 3.5784501e-01 0.0000000e+00 
4.3005049e-01 3.7181091e-01 0.0000000e+00 
4.2064139e-01 3.8399899e-01 0.0000000e+00 
4.0332180e-01 2.4100940e-01 0.0000000e+00 
4.1523230e-01 2.3128320e-01 0.0000000e+00 
4.2901969e-01 2.3581611e-01 0.0000000e+00 
4.2680249e-01 2.2116630e-01 0.0000000e+00 
4.4072181e-01 2.2622180e-01 0.0000000e+00 
4.3834931e-01 2.1132030e-01 0.0000000e+00 
4.2324290e-01 2.0628519e-01 0.0000000e+00 
5.7600939e-01 2.6372889e-01 0.0000000e+00 
4.6461701e-01 3.7602729e-01 0.0000000e+00 
4.4586849e-01 3.4520641e-01 0.0000000e+00 
1.8224460e+00 4.8960349e-01 0.0000000e+00 
4.3567330e-01 1.9562960e-01 0.0000000e+00 
5.9315038e-01 1.5660501e-01 0.0000000e+00 
4.5945361e-01 1.9019520e-01 0.0000000e+00 
6.2804931e-01 2.1075760e-01 0.0000000e+00 
4.4690049e-01 3.7500271e-01 0.0000000e+00 
4.3590689e-01 2.6693821e-01 0.0000000e+00 
4.5538360e-01 2.4537770e-01 0.0000000e+00 
5.3253782e-01 3.6093631e-01 0.0000000e+00 
5.0687999e-01 3.7203360e-01 0.0000000e+00 
5.5479759e-01 3.4289679e-01 0.0000000e+00 
4.7859880e-01 2.3292100e-01 0.0000000e+00 
5.6951690e-01 2.9091081e-01 0.0000000e+00 
4.3251589e-01 3.2153201e-01 0.0000000e+00 
2.5864059e-01 4.9322551e-01 0.0000000e+00 
2.8119770e-01 4.6436489e-01 0.0000000e+00 
2.9712620e-01 4.9769270e-01 0.0000000e+00 
5.0679362e-01 2.2942559e-01 0.0000000e+00 
5.1640040e-01 2.1935740e-01 0.0000000e+00 
6.5671778e-01 2.8741741e-01 0.0000000e+00 
6.4681822e-01 2.6546481e-01 0.0000000e+00 
2.6161829e-01 1.0442510e-01 0.0000000e+00 
2.9914159e-01 1.2133270e-01 0.0000000e+00 
5.3835911e-01 2.0090669e-01 0.0000000e+00 
4.1076070e-01 4.0288219e-01 0.0000000e+00 
4.2847160e-01 2.9058349e-01 0.0000000e+00 
5.8385968e-01 4.0419951e-01 0.0000000e+00 
4.6758640e-01 2.2237021e-01 0.0000000e+00 
1.7680900e+00 1.1666990e-01 0.0000000e+00 
4.6705061e-01 3.6164391e-01 0.0000000e+00 
4.2953780e-01 5.2015013e-01 0.0000000e+00 
3.4222049e-01 3.0633521e-01 0.0000000e+00 
3.3303869e-01 2.8045291e-01 0.0000000e+00 
5.3547281e-01 4.9663380e-01 0.0000000e+00 
5.6233060e-01 5.0093198e-01 0.0000000e+00 
3.5305610e-01 3.5562491e-01 0.0000000e+00 
3.6326250e-01 3.7681499e-01 0.0000000e+00 
5.8255208e-01 1.8968870e-01 0.0000000e+00 
5.6585908e-01 6.7596443e-02 0.0000000e+00 
3.1423870e-01 5.6071562e-01 0.0000000e+00 
3.6825681e-01 5.5769640e-01 0.0000000e+00 
1.6511329e+00 1.0926090e-01 0.0000000e+00 
1.6192470e+00 1.5863900e-01 0.0000000e+00 
3.1425080e-01 3.9930049e-02 0.0000000e+00 
3.1129351e-01 1.6085930e-01 0.0000000e+00 
3.3299991e-01 1.3328290e-01 0.0000000e+00 
3.3072019e-01 1.0009960e-01 0.0000000e+00 
2.7850899e-01 1.8997809e-01 0.0000000e+00 
3.6250210e-01 1.1719080e-01 0.0000000e+00 
3.6242679e-01 7.9823360e-02 0.0000000e+00 
3.9215559e-01 9.3917303e-02 0.0000000e+00 
6.7704421e-01 3.9422091e-02 0.0000000e+00 
6.9158012e-01 7.9496212e-02 0.0000000e+00 
7.2696608e-01 4.4044841e-02 0.0000000e+00 
7.3696113e-01 9.5335990e-02 0.0000000e+00 
7.9171729e-01 1.0606610e-01 0.0000000e+00 
7.5707722e-01 1.3865989e-01 0.0000000e+00 
8.0465728e-01 1.5881000e-01 0.0000000e+00 
8.4009641e-01 1.2030350e-01 0.0000000e+00 
8.5441029e-01 1.6780110e-01 0.0000000e+00 
8.9020813e-01 1.3047090e-01 0.0000000e+00 
8.7580758e-01 8.5384279e-02 0.0000000e+00 
6.3392729e-01 5.6027758e-01 0.0000000e+00 
6.5490252e-01 5.2222651e-01 0.0000000e+00 
6.9785458e-01 5.2009457e-01 0.0000000e+00 
6.6947389e-01 4.8214740e-01 0.0000000e+00 
7.1400052e-01 4.7928271e-01 0.0000000e+00 
7.3890662e-01 5.1415598e-01 0.0000000e+00 
7.5538421e-01 4.7427329e-01 0.0000000e+00 
7.3060858e-01 4.4053549e-01 0.0000000e+00 
7.7131832e-01 4.3481070e-01 0.0000000e+00 
7.4432129e-01 4.0371630e-01 0.0000000e+00 
7.9942912e-01 4.6868020e-01 0.0000000e+00 
8.1664360e-01 4.2528069e-01 0.0000000e+00 
8.4675127e-01 4.6303490e-01 0.0000000e+00 
7.0795268e-01 4.1132101e-01 0.0000000e+00 
8.6556101e-01 4.1526449e-01 0.0000000e+00 
9.0177119e-01 4.5578691e-01 0.0000000e+00 
6.1436248e-01 5.2457899e-01 0.0000000e+00 
5.9010911e-01 5.6233871e-01 0.0000000e+00 
6.8740159e-01 4.4485721e-01 0.0000000e+00 
6.3075930e-01 4.9217081e-01 0.0000000e+00 
8.2390177e-01 3.7696400e-01 0.0000000e+00 
6.5760958e-01 4.5251140e-01 0.0000000e+00 
8.8201141e-01 3.6469159e-01 0.0000000e+00 
7.1646827e-01 3.7200019e-01 0.0000000e+00 
7.5293612e-01 3.6630341e-01 0.0000000e+00 
7.3172802e-01 3.4158540e-01 0.0000000e+00 
4.3641081e-01 3.8625911e-01 0.0000000e+00 
3.3307719e-01 5.1888418e-01 0.0000000e+00 
3.7808201e-01 5.1874483e-01 0.0000000e+00 
4.1757399e-01 3.4319299e-01 0.0000000e+00 
4.0734050e-01 3.1263331e-01 0.0000000e+00 
4.8661929e-01 4.2812102e-02 0.0000000e+00 
7.2056448e-01 1.3380709e-01 0.0000000e+00 
7.2885102e-01 1.7120270e-01 0.0000000e+00 
7.6764971e-01 1.8236589e-01 0.0000000e+00 
7.3844647e-01 2.0840840e-01 0.0000000e+00 
3.2383901e-01 4.7502699e-01 0.0000000e+00 
2.0299730e-01 4.5617640e-02 0.0000000e+00 
5.8970161e-02 3.3410329e-01 0.0000000e+00 
2.0689000e-01 5.5709481e-01 0.0000000e+00 
4.1305149e-01 2.8573561e-01 0.0000000e+00 
7.8471351e-01 5.4944623e-01 0.0000000e+00 
5.7445318e-01 2.4704580e-01 0.0000000e+00 
4.8197981e-02 2.0613991e-01 0.0000000e+00 
2.9774281e-01 8.0907270e-02 0.0000000e+00 
5.0055778e-01 5.6669247e-01 0.0000000e+00 
5.6139982e-01 2.6632291e-01 0.0000000e+00 
1.6788280e+00 5.7307512e-02 0.0000000e+00 
5.1920211e-01 3.7999329e-01 0.0000000e+00 
5.3287011e-01 2.3837809e-01 0.0000000e+00 
4.9314889e-01 3.6956069e-01 0.0000000e+00 
5.4427528e-01 3.7591609e-01 0.0000000e+00 
7.8244883e-01 3.9527819e-01 0.0000000e+00 
3.6446571e-01 4.0250320e-02 0.0000000e+00 
4.4162789e-01 3.5938531e-01 0.0000000e+00 
6.3632941e-01 2.8842619e-01 0.0000000e+00 
4.9067271e-01 2.1312010e-01 0.0000000e+00 
9.0754151e-01 5.5067050e-01 0.0000000e+00 
9.6624529e-01 5.4957891e-01 0.0000000e+00 
9.9525559e-01 4.9868581e-01 0.0000000e+00 
1.0540251e+00 4.9801311e-01 0.0000000e+00 
1.0243800e+00 4.4818369e-01 0.0000000e+00 
1.0813180e+00 4.4429299e-01 0.0000000e+00 
9.6050638e-01 4.4521841e-01 0.0000000e+00 
9.9237692e-01 4.0150511e-01 0.0000000e+00 
9.3534291e-01 5.0050128e-01 0.0000000e+00 
1.1123620e+00 4.9683940e-01 0.0000000e+00 
1.1383430e+00 4.4216970e-01 0.0000000e+00 
5.4218680e-01 5.2327639e-01 0.0000000e+00 
4.9454380e-02 4.5007420e-01 0.0000000e+00 
1.0217610e-01 4.7936839e-01 0.0000000e+00 
2.2542991e-01 2.8165141e-01 0.0000000e+00 
3.9299640e-01 1.2565491e-01 0.0000000e+00 
4.2287391e-01 1.0849530e-01 0.0000000e+00 
4.1702661e-01 7.4225321e-02 0.0000000e+00 
4.2317891e-01 4.9126241e-01 0.0000000e+00 
3.6435950e-01 3.1840631e-01 0.0000000e+00 
5.9271669e-01 4.9394491e-01 0.0000000e+00 
4.5279789e-01 2.1705380e-01 0.0000000e+00 
1.1707489e+00 4.9572700e-01 0.0000000e+00 
1.1967220e+00 4.4262701e-01 0.0000000e+00 
1.2286400e+00 4.9457431e-01 0.0000000e+00 
1.2569320e+00 4.4329810e-01 0.0000000e+00 
1.2887410e+00 4.9415389e-01 0.0000000e+00 
4.9704749e-02 9.0376601e-02 0.0000000e+00 
1.1661880e+00 3.8667339e-01 0.0000000e+00 
1.0448740e+00 3.9727730e-01 0.0000000e+00 
1.3219531e+00 5.4748261e-01 0.0000000e+00 
1.3566051e+00 4.9475339e-01 0.0000000e+00 
1.4128619e+00 5.0170678e-01 0.0000000e+00 
1.3878731e+00 4.4357020e-01 0.0000000e+00 
2.6875430e-01 4.3074101e-01 0.0000000e+00 
4.1746351e-01 3.0108821e-01 0.0000000e+00 
4.7450441e-01 4.2571831e-01 0.0000000e+00 
4.0593800e-01 2.0075510e-01 0.0000000e+00 
4.4167551e-01 4.0079829e-01 0.0000000e+00 
1.9512080e+00 4.5117629e-01 0.0000000e+00 
1.0262311e+00 5.1109631e-02 0.0000000e+00 
9.9738371e-01 1.0181700e-01 0.0000000e+00 
1.0553030e+00 1.0176790e-01 0.0000000e+00 
1.0273110e+00 1.4739220e-01 0.0000000e+00 
1.0855290e+00 1.4977370e-01 0.0000000e+00 
9.7062862e-01 1.4721170e-01 0.0000000e+00 
9.3508059e-01 1.0148260e-01 0.0000000e+00 
1.1133560e+00 1.0215650e-01 0.0000000e+00 
1.1446090e+00 1.4514109e-01 0.0000000e+00 
1.1160710e+00 1.9391710e-01 0.0000000e+00 
1.2018321e+00 5.4771107e-01 0.0000000e+00 
1.9480680e+00 2.1005040e-01 0.0000000e+00 
1.0842860e+00 5.4868227e-01 0.0000000e+00 
1.9480680e+00 3.2994959e-01 0.0000000e+00 
1.5904510e+00 1.0452840e-01 0.0000000e+00 
1.5598950e+00 1.5443350e-01 0.0000000e+00 
1.5304790e+00 1.0186320e-01 0.0000000e+00 
1.5007280e+00 1.5119410e-01 0.0000000e+00 
1.5273950e+00 2.0345390e-01 0.0000000e+00 
1.4685169e+00 1.9967620e-01 0.0000000e+00 
1.4425830e+00 1.4740349e-01 0.0000000e+00 
1.4098901e+00 1.9577309e-01 0.0000000e+00 
1.3839140e+00 1.4338671e-01 0.0000000e+00 
1.3511680e+00 1.9153769e-01 0.0000000e+00 
1.3252350e+00 1.3926670e-01 0.0000000e+00 
1.2926320e+00 1.8772170e-01 0.0000000e+00 
1.2666039e+00 1.3634580e-01 0.0000000e+00 
1.2355460e+00 1.8558609e-01 0.0000000e+00 
1.2059170e+00 1.3905290e-01 0.0000000e+00 
1.2347410e+00 9.3928657e-02 0.0000000e+00 
1.3187660e+00 2.4091680e-01 0.0000000e+00 
1.4945120e+00 2.5244480e-01 0.0000000e+00 
1.5862570e+00 2.0772290e-01 0.0000000e+00 
5.5948251e-01 2.4233980e-01 0.0000000e+00 
1.5573130e+00 5.4926682e-01 0.0000000e+00 
1.5215520e+00 5.0207931e-01 0.0000000e+00 
1.5906490e+00 4.9784341e-01 0.0000000e+00 
1.3832541e+00 4.9608339e-02 0.0000000e+00 
1.5002331e+00 5.0511628e-02 0.0000000e+00 
1.7345819e+00 5.5134553e-01 0.0000000e+00 
1.6170100e+00 5.5189037e-01 0.0000000e+00 
1.6308481e+00 4.1378099e-01 0.0000000e+00 
1.7733830e+00 4.6653220e-01 0.0000000e+00 
1.8566350e+00 5.4165798e-01 0.0000000e+00 
1.5124860e+00 4.0674630e-01 0.0000000e+00 
1.4853560e+00 4.5626420e-01 0.0000000e+00 
1.6452560e+00 2.1187560e-01 0.0000000e+00 
1.7967290e+00 1.6947480e-01 0.0000000e+00 
1.8955210e+00 4.8443690e-01 0.0000000e+00 
2.4952111e-01 3.7534630e-01 0.0000000e+00 
2.4015559e-01 3.3920720e-01 0.0000000e+00 
1.6122910e+00 2.6095319e-01 0.0000000e+00 
1.8537400e+00 5.5921540e-02 0.0000000e+00 
1.8819669e+00 1.0242500e-01 0.0000000e+00 
9.5119797e-02 1.2153590e-01 0.0000000e+00 
1.0847340e+00 5.0935078e-02 0.0000000e+00 
1.7562060e+00 3.2229191e-01 0.0000000e+00 
1.4358770e+00 2.4863569e-01 0.0000000e+00 
4.3159389e-01 2.5088599e-01 0.0000000e+00 
4.7994119e-01 3.8120639e-01 0.0000000e+00 
1.8123610e+00 3.2570100e-01 0.0000000e+00 
6.1470199e-01 2.3820160e-01 0.0000000e+00 
6.2837660e-01 2.5279269e-01 0.0000000e+00 
5.6644672e-01 3.2120070e-01 0.0000000e+00 
4.0343639e-01 3.8359720e-01 0.0000000e+00 
1.2608960e+00 2.3755901e-01 0.0000000e+00 
9.7383392e-01 2.2759880e-01 0.0000000e+00 
1.8966711e+00 3.6694610e-01 0.0000000e+00 
1.2852859e+00 3.9278471e-01 0.0000000e+00 
4.4754091e-01 4.1694289e-01 0.0000000e+00 
5.1814729e-01 1.1434720e-01 0.0000000e+00 
9.8089732e-02 2.9848260e-01 0.0000000e+00 
8.7650722e-01 5.0584209e-01 0.0000000e+00 
7.2722268e-01 5.5884892e-01 0.0000000e+00 
9.1900879e-01 4.0950510e-01 0.0000000e+00 
6.0669678e-01 3.3687809e-01 0.0000000e+00 
9.2257088e-01 2.2499460e-01 0.0000000e+00 
1.8270659e+00 1.1701130e-01 0.0000000e+00 
3.9101499e-01 2.5043941e-01 0.0000000e+00 
3.0026230e-01 2.1632680e-01 0.0000000e+00 
5.8418620e-01 3.3934349e-01 0.0000000e+00 
1.5593460e+00 5.1838879e-02 0.0000000e+00 
4.5547140e-01 5.6772357e-01 0.0000000e+00 
9.7268373e-02 1.8144910e-01 0.0000000e+00 
9.3618453e-02 5.9398320e-02 0.0000000e+00 
9.5946752e-02 4.1991970e-01 0.0000000e+00 
1.5493150e-01 4.8253620e-01 0.0000000e+00 
5.3141659e-01 2.2366489e-01 0.0000000e+00 
4.6951711e-01 1.7694290e-01 0.0000000e+00 
1.3219830e+00 4.4809279e-01 0.0000000e+00 
6.1860532e-01 2.8225860e-01 0.0000000e+00 
9.2647932e-02 5.4469162e-01 0.0000000e+00 
3.6105269e-01 4.8700431e-01 0.0000000e+00 
1.4393450e+00 5.5213040e-01 0.0000000e+00 
1.9442101e+00 9.5342271e-02 0.0000000e+00 
9.0059137e-01 1.7995150e-01 0.0000000e+00 
8.2735151e-01 2.0720319e-01 0.0000000e+00 
6.6251612e-01 1.0677520e-01 0.0000000e+00 
6.7604911e-01 4.1622579e-01 0.0000000e+00 
6.8501538e-01 3.8669550e-01 0.0000000e+00 
3.6920869e-01 2.9070961e-01 0.0000000e+00 
4.5409241e-01 2.3146330e-01 0.0000000e+00 
6.1867392e-01 3.1358370e-01 0.0000000e+00 
1.9131620e+00 5.4997718e-01 0.0000000e+00 
4.2027211e-01 1.8849210e-01 0.0000000e+00 
1.9003210e+00 2.9999799e-01 0.0000000e+00 
5.5434358e-01 1.3134070e-01 0.0000000e+00 
1.4729370e+00 1.0059040e-01 0.0000000e+00 
4.4868380e-01 4.7589070e-01 0.0000000e+00 
1.7371070e+00 5.7924490e-02 0.0000000e+00 
1.6196249e-01 1.9384970e-01 0.0000000e+00 
2.7876011e-01 3.4925121e-01 0.0000000e+00 
5.6304562e-01 4.5950639e-01 0.0000000e+00 
6.0384172e-01 3.5119170e-01 0.0000000e+00 
5.7530987e-01 5.2873927e-01 0.0000000e+00 
1.3667960e-01 3.8707560e-01 0.0000000e+00 
4.9747679e-01 1.2821840e-01 0.0000000e+00 
1.1983300e+00 4.8251878e-02 0.0000000e+00 
7.5970978e-01 3.2726541e-01 0.0000000e+00 
8.1999791e-01 5.1075947e-01 0.0000000e+00 
1.3957340e+00 3.8871399e-01 0.0000000e+00 
3.8881221e-01 2.3447470e-01 0.0000000e+00 
5.2596432e-01 2.0954940e-01 0.0000000e+00 
1.4149910e+00 9.8922051e-02 0.0000000e+00 
3.1656411e-01 1.9587231e-01 0.0000000e+00 
4.3203679e-01 3.4525600e-01 0.0000000e+00 
5.0832897e-01 3.8785461e-01 0.0000000e+00 
5.0716370e-01 4.6868089e-01 0.0000000e+00 
7.2506380e-01 3.1459489e-01 0.0000000e+00 
5.7067949e-01 1.5282580e-01 0.0000000e+00 
6.7973870e-01 1.6684531e-01 0.0000000e+00 
5.3255141e-01 1.4827640e-01 0.0000000e+00 
5.8382958e-01 2.0679601e-01 0.0000000e+00 
3.6833951e-01 3.3595169e-01 0.0000000e+00 
6.6081917e-01 3.9089271e-01 0.0000000e+00 
3.5859609e-01 1.6498099e-01 0.0000000e+00 
5.4474670e-01 2.4635740e-01 0.0000000e+00 
8.5039961e-01 4.4130251e-02 0.0000000e+00 
7.0378470e-01 2.1493910e-01 0.0000000e+00 
3.8111559e-01 3.6489099e-01 0.0000000e+00 
3.8378549e-01 3.8103321e-01 0.0000000e+00 
1.1733290e+00 9.6517898e-02 0.0000000e+00 
6.1236829e-01 3.6486840e-01 0.0000000e+00 
4.2817801e-01 4.6774849e-01 0.0000000e+00 
3.9298210e-01 4.8933309e-01 0.0000000e+00 
5.1858139e-01 5.3958851e-01 0.0000000e+00 
1.1778920e+00 1.8819040e-01 0.0000000e+00 
6.3357651e-01 4.2729640e-01 0.0000000e+00 
2.1912169e-01 8.9860998e-02 0.0000000e+00 
4.4828820e-01 3.3391532e-02 0.0000000e+00 
7.1727687e-01 2.3730519e-01 0.0000000e+00 
9.8337471e-02 2.5592181e-01 0.0000000e+00 
4.8688981e-01 5.3696889e-01 0.0000000e+00 
9.1024607e-01 4.6742149e-02 0.0000000e+00 
4.2072469e-01 3.1704551e-01 0.0000000e+00 
2.5881660e-01 2.8481191e-01 0.0000000e+00 
1.3556740e+00 9.6588373e-02 0.0000000e+00 
3.8170820e-01 4.6353251e-01 0.0000000e+00 
6.1133659e-01 4.6789679e-01 0.0000000e+00 
4.4266859e-01 2.4074350e-01 0.0000000e+00 
1.4653840e+00 5.0395852e-01 0.0000000e+00 
1.1433500e+00 2.3560201e-01 0.0000000e+00 
5.5341142e-01 3.6430839e-01 0.0000000e+00 
5.7990170e-01 2.7820900e-01 0.0000000e+00 
4.4887719e-01 2.0151231e-01 0.0000000e+00 
4.6245420e-01 4.1756010e-01 0.0000000e+00 
4.1210291e-01 2.1662711e-01 0.0000000e+00 
5.1736373e-01 5.6347691e-02 0.0000000e+00 
7.0604849e-01 3.3807889e-01 0.0000000e+00 
4.3653390e-01 1.2656429e-01 0.0000000e+00 
4.2773649e-01 3.9727569e-01 0.0000000e+00 
4.2305809e-01 2.7508900e-01 0.0000000e+00 
1.9111360e+00 1.7995431e-01 0.0000000e+00 
1.2975690e+00 9.4644032e-02 0.0000000e+00 
7.4613649e-01 2.3963641e-01 0.0000000e+00 
2.9362991e-01 4.1433749e-01 0.0000000e+00 
5.8357382e-01 3.0761179e-01 0.0000000e+00 
5.3191912e-01 3.7253350e-01 0.0000000e+00 
4.4445190e-01 8.4593862e-02 0.0000000e+00 
1.5468830e+00 4.5422599e-01 0.0000000e+00 
6.2926418e-01 2.7103639e-01 0.0000000e+00 
3.5220909e-01 2.8729489e-01 0.0000000e+00 
8.3805579e-01 3.3710629e-01 0.0000000e+00 
5.2616048e-01 4.0003020e-01 0.0000000e+00 
1.8064611e-01 5.2023911e-01 0.0000000e+00 
4.2505819e-01 3.3176431e-01 0.0000000e+00 
7.7968621e-01 5.0346297e-01 0.0000000e+00 
1.2679260e+00 4.6381779e-02 0.0000000e+00 
5.8107018e-01 2.9473820e-01 0.0000000e+00 
6.1925322e-01 3.3036381e-01 0.0000000e+00 
5.6537521e-01 2.5524691e-01 0.0000000e+00 
3.8967860e-01 6.5405212e-02 0.0000000e+00 
1.0865080e+00 2.3449360e-01 0.0000000e+00 
1.4042149e-01 9.9993236e-02 0.0000000e+00 
1.0030100e+00 3.5783571e-01 0.0000000e+00 
3.6067769e-01 3.0184039e-01 0.0000000e+00 
5.7885981e-01 3.8880101e-01 0.0000000e+00 
1.5990330e+00 4.4926330e-01 0.0000000e+00 
9.1439813e-02 3.7532219e-01 0.0000000e+00 
5.7995051e-01 1.7130360e-01 0.0000000e+00 
6.1258352e-01 2.5273019e-01 0.0000000e+00 
4.0172791e-01 2.2754180e-01 0.0000000e+00 
5.4750210e-01 9.9742994e-02 0.0000000e+00 
6.1311978e-01 2.0313910e-01 0.0000000e+00 
6.1223829e-01 2.2002740e-01 0.0000000e+00 
1.8586820e+00 3.2957241e-01 0.0000000e+00 
5.8738971e-01 3.7580970e-01 0.0000000e+00 
4.5219980e-02 4.4195049e-02 0.0000000e+00 
4.8124549e-01 2.2123460e-01 0.0000000e+00 
4.3828961e-02 5.5591398e-01 0.0000000e+00 
1.0568640e+00 1.9004630e-01 0.0000000e+00 
3.3193341e-01 4.4711831e-01 0.0000000e+00 
3.0378929e-01 4.4286191e-01 0.0000000e+00 
5.3415012e-01 1.2728420e-01 0.0000000e+00 
5.0386423e-01 2.1636350e-01 0.0000000e+00 
1.9116580e+00 4.2358989e-01 0.0000000e+00 
4.5517069e-01 3.6521810e-01 0.0000000e+00 
3.6732909e-01 3.6239621e-01 0.0000000e+00 
6.3041377e-01 3.0585691e-01 0.0000000e+00 
1.9569679e+00 4.3301821e-02 0.0000000e+00 
5.7146299e-01 4.8058590e-01 0.0000000e+00 
1.6484860e+00 5.1718348e-01 0.0000000e+00 
9.4670999e-01 1.8556410e-01 0.0000000e+00 
6.3752991e-01 4.6584189e-01 0.0000000e+00 
1.9572541e+00 5.5697870e-01 0.0000000e+00 
6.4813697e-01 2.4830820e-01 0.0000000e+00 
6.0179752e-01 3.7555191e-01 0.0000000e+00 
1.4364240e+00 4.6111640e-01 0.0000000e+00 
5.6217611e-01 3.5223660e-01 0.0000000e+00 
6.6050959e-01 4.3027630e-01 0.0000000e+00 
4.0468970e-01 5.1149738e-01 0.0000000e+00 
5.1506358e-01 2.0555650e-01 0.0000000e+00 
4.3334481e-01 1.8108650e-01 0.0000000e+00 
9.9962813e-01 1.8700930e-01 0.0000000e+00 
6.9131333e-01 1.1763480e-01 0.0000000e+00 
4.4599831e-01 1.8538959e-01 0.0000000e+00 
5.1551181e-01 4.8891029e-01 0.0000000e+00 
4.3754059e-01 5.8743980e-02 0.0000000e+00 
5.9589100e-01 3.4163511e-01 0.0000000e+00 
2.3624770e-01 5.2814358e-01 0.0000000e+00 
6.6953379e-01 3.7169310e-01 0.0000000e+00 
3.6865169e-01 3.9570969e-01 0.0000000e+00 
5.9758049e-01 1.9620110e-01 0.0000000e+00 
1.3329040e-01 5.1544452e-01 0.0000000e+00 
1.0515270e+00 3.5504949e-01 0.0000000e+00 
3.3392131e-01 6.8202123e-02 0.0000000e+00 
1.7869949e-01 8.1389397e-02 0.0000000e+00 
9.2706198e-01 1.4882250e-01 0.0000000e+00 
1.7000279e+00 5.1305068e-01 0.0000000e+00 
3.4774879e-01 2.6959679e-01 0.0000000e+00 
5.7002652e-01 3.3917850e-01 0.0000000e+00 
4.5571360e-01 1.7617980e-01 0.0000000e+00 
8.2389021e-01 8.1237279e-02 0.0000000e+00 
5.6977302e-01 4.0162051e-01 0.0000000e+00 
5.7622939e-01 9.1579817e-02 0.0000000e+00 
7.9520959e-01 1.9354109e-01 0.0000000e+00 
7.1731091e-01 1.9555099e-01 0.0000000e+00 
9.5533073e-01 4.0679529e-01 0.0000000e+00 
5.1722008e-01 4.1250920e-01 0.0000000e+00 
4.3116611e-01 5.4470932e-01 0.0000000e+00 
6.9998658e-01 1.5358570e-01 0.0000000e+00 
3.7607810e-01 2.2627370e-01 0.0000000e+00 
5.1978278e-01 3.9113960e-01 0.0000000e+00 
5.3689402e-01 2.1312129e-01 0.0000000e+00 
9.0401761e-02 2.1924180e-01 0.0000000e+00 
7.8513551e-01 3.6338761e-01 0.0000000e+00 
2.8628290e-01 5.2971011e-01 0.0000000e+00 
1.9101239e+00 1.3962340e-01 0.0000000e+00 
3.3938929e-01 1.5675519e-01 0.0000000e+00 
3.5365051e-01 1.4366330e-01 0.0000000e+00 
5.9640652e-01 1.7787141e-01 0.0000000e+00 
2.3996450e-01 3.0955619e-01 0.0000000e+00 
4.0130991e-01 5.3756779e-01 0.0000000e+00 
2.6203820e-01 3.9843059e-01 0.0000000e+00 
1.7610559e+00 5.1254529e-01 0.0000000e+00 
5.3923780e-01 6.9367118e-02 0.0000000e+00 
6.6389477e-01 2.7387929e-01 0.0000000e+00 
5.6400359e-01 1.6758190e-01 0.0000000e+00 
6.3302028e-01 3.3655259e-01 0.0000000e+00 
5.4254562e-01 3.6452681e-01 0.0000000e+00 
5.1293671e-01 2.8587131e-02 0.0000000e+00 
5.1246679e-01 1.8971939e-01 0.0000000e+00 

CELLS 1766 7064
3 0 870 123
3 1 882 70
3 2 887 79
3 3 872 114
3 4 193 35
3 4 516 193
3 5 516 4
3 6 184 5
3 6 612 184
3 7 612 6
3 8 183 7
3 8 799 183
3 9 799 8
3 10 615 9
3 11 335 10
3 11 521 335
3 12 521 11
3 13 311 12
3 13 515 311
3 14 515 13
3 15 312 14
3 15 511 312
3 16 511 15
3 17 308 16
3 17 510 308
3 18 510 17
3 19 301 18
3 19 529 301
3 20 529 19
3 21 124 20
3 21 517 124
3 22 517 21
3 23 277 22
3 23 503 277
3 24 503 23
3 25 266 24
3 25 533 266
3 26 533 25
3 27 269 26
3 27 616 269
3 28 616 27
3 29 513 28
3 30 241 29
3 30 512 241
3 31 512 30
3 32 214 31
3 32 514 214
3 33 514 32
3 34 215 33
3 34 726 215
3 35 726 34
3 36 870 0
3 37 747 36
3 38 155 37
3 38 603 155
3 39 603 38
3 40 130 39
3 40 547 130
3 41 547 40
3 41 619 547
3 42 619 41
3 43 142 42
3 43 812 142
3 44 812 43
3 44 943 597
3 45 943 44
3 46 145 45
3 46 159 145
3 47 159 46
3 48 140 47
3 48 555 140
3 49 555 48
3 49 557 555
3 50 557 49
3 51 126 50
3 51 800 126
3 52 800 51
3 52 816 800
3 53 816 52
3 54 131 53
3 54 663 131
3 55 663 54
3 55 718 663
3 56 718 55
3 57 127 56
3 57 780 127
3 58 780 57
3 58 850 780
3 59 850 58
3 60 148 59
3 60 700 148
3 61 700 60
3 62 128 61
3 62 701 128
3 63 701 62
3 63 744 701
3 64 744 63
3 65 136 64
3 65 613 136
3 66 613 65
3 66 772 613
3 67 772 66
3 68 144 67
3 68 715 144
3 69 715 68
3 70 157 69
3 70 882 157
3 71 882 1
3 72 757 71
3 73 154 72
3 73 674 154
3 74 674 73
3 75 139 74
3 75 676 139
3 76 676 75
3 77 147 76
3 77 662 147
3 78 662 77
3 79 156 78
3 79 887 156
3 80 887 2
3 81 766 80
3 82 706 81
3 83 151 82
3 83 702 151
3 84 702 83
3 85 129 84
3 85 703 129
3 86 703 85
3 87 697 86
3 88 137 87
3 88 756 137
3 89 756 88
3 90 149 89
3 90 653 149
3 91 653 90
3 92 134 91
3 92 673 134
3 93 673 92
3 94 150 93
3 94 675 150
3 95 675 94
3 96 135 95
3 96 624 135
3 97 624 96
3 98 623 97
3 99 125 98
3 99 607 125
3 100 607 99
3 100 736 607
3 101 736 100
3 102 138 101
3 102 566 138
3 103 566 102
3 103 583 566
3 104 583 103
3 105 143 104
3 105 611 143
3 106 611 105
3 106 745 611
3 107 745 106
3 108 141 107
3 108 544 141
3 109 544 108
3 110 543 109
3 111 132 110
3 111 605 132
3 112 605 111
3 113 153 112
3 113 754 153
3 114 754 113
3 114 872 754
3 115 872 3
3 116 158 115
3 116 635 158
3 117 635 116
3 118 146 117
3 118 604 146
3 119 604 118
3 120 133 119
3 120 609 133
3 121 609 120
3 122 152 121
3 122 650 152
3 123 650 122
3 123 870 650
3 124 529 20
3 124 658 529
3 124 817 658
3 125 623 98
3 125 735 623
3 125 782 735
3 126 557 50
3 126 558 557
3 126 559 558
3 126 915 559
3 127 718 56
3 127 804 670
3 128 700 61
3 128 786 700
3 129 702 84
3 129 911 702
3 130 603 39
3 130 610 525
3 130 811 603
3 131 816 53
3 132 543 110
3 132 929 543
3 133 604 119
3 133 734 604
3 133 814 734
3 133 927 814
3 134 653 91
3 134 673 647
3 135 675 95
3 136 613 545
3 136 744 64
3 137 697 87
3 137 698 697
3 137 823 698
3 138 736 101
3 139 674 74
3 139 768 454
3 140 159 47
3 140 160 159
3 140 161 160
3 140 555 161
3 141 745 107
3 141 922 745
3 141 935 922
3 142 619 42
3 142 854 619
3 142 900 640
3 143 583 104
3 143 777 583
3 143 808 634
3 144 740 532
3 144 772 67
3 145 938 830
3 145 943 45
3 146 635 117
3 146 748 635
3 146 861 748
3 147 676 76
3 147 730 676
3 147 878 730
3 148 850 59
3 149 756 89
3 150 673 93
3 150 675 632
3 151 706 82
3 151 937 504
3 152 609 121
3 152 746 609
3 153 605 112
3 153 847 605
3 153 906 847
3 154 757 72
3 154 930 757
3 155 747 37
3 155 856 747
3 155 909 856
3 156 662 78
3 156 711 662
3 156 766 711
3 156 887 766
3 157 715 69
3 157 716 715
3 157 757 716
3 157 882 757
3 158 872 115
3 159 542 145
3 160 542 159
3 160 917 542
3 161 162 160
3 161 760 162
3 162 163 160
3 162 164 163
3 162 165 164
3 162 760 165
3 163 917 160
3 164 187 163
3 164 506 187
3 165 166 164
3 165 167 166
3 165 253 167
3 165 760 253
3 166 506 164
3 166 933 506
3 167 168 166
3 167 169 168
3 167 793 169
3 168 227 166
3 168 866 227
3 169 170 168
3 169 171 170
3 169 188 171
3 169 793 188
3 170 508 168
3 171 172 170
3 171 173 172
3 171 801 173
3 172 244 170
3 172 888 244
3 173 174 172
3 173 175 174
3 173 813 175
3 174 888 172
3 174 939 524
3 175 176 174
3 175 177 176
3 175 178 177
3 175 813 178
3 176 939 174
3 177 180 176
3 177 791 180
3 178 179 177
3 178 181 179
3 178 837 181
3 179 791 177
3 180 191 176
3 180 192 191
3 180 831 192
3 181 182 179
3 181 185 182
3 181 245 185
3 181 837 245
3 182 781 179
3 183 612 7
3 183 799 696
3 183 853 612
3 184 516 5
3 184 612 501
3 184 826 516
3 185 186 182
3 185 189 186
3 185 759 189
3 186 222 182
3 186 845 222
3 187 361 163
3 187 769 361
3 187 792 769
3 188 801 171
3 188 919 801
3 188 923 599
3 189 190 186
3 189 194 190
3 189 243 194
3 189 759 243
3 190 845 186
3 191 523 176
3 192 201 191
3 192 202 201
3 192 203 202
3 192 831 203
3 193 726 35
3 193 839 456
3 193 851 839
3 194 195 190
3 194 196 195
3 194 739 196
3 195 588 190
3 196 197 195
3 196 198 197
3 196 729 198
3 196 739 729
3 197 242 195
3 197 857 242
3 198 199 197
3 198 200 199
3 198 259 200
3 198 729 259
3 199 857 197
3 199 907 857
3 200 216 199
3 200 217 216
3 200 855 217
3 201 232 191
3 201 460 232
3 201 941 460
3 202 204 201
3 202 205 204
3 202 903 205
3 203 831 589
3 203 903 202
3 204 941 201
3 205 206 204
3 205 207 206
3 205 797 207
3 205 903 797
3 206 341 204
3 206 805 341
3 207 208 206
3 207 209 208
3 207 211 209
3 207 797 211
3 208 805 206
3 208 889 805
3 209 210 208
3 209 212 210
3 209 810 212
3 210 344 208
3 210 530 344
3 211 797 761
3 211 810 209
3 211 892 810
3 212 213 210
3 212 220 213
3 212 257 220
3 212 810 257
3 213 530 210
3 214 512 31
3 214 891 825
3 214 942 512
3 215 514 33
3 215 913 514
3 216 907 199
3 217 218 216
3 217 219 218
3 217 824 219
3 217 855 824
3 218 345 216
3 218 651 345
3 219 223 218
3 219 224 223
3 219 258 224
3 219 824 258
3 220 221 213
3 220 254 221
3 220 821 254
3 221 239 213
3 221 240 239
3 221 775 240
3 222 781 182
3 222 845 586
3 222 928 781
3 223 651 218
3 224 225 223
3 224 226 225
3 224 728 226
3 225 352 223
3 225 731 352
3 226 228 225
3 226 229 228
3 226 693 229
3 226 728 693
3 227 933 166
3 228 731 225
3 229 230 228
3 229 231 230
3 229 256 231
3 229 693 256
3 230 356 228
3 230 783 356
3 231 233 230
3 231 234 233
3 231 720 234
3 232 523 191
3 232 621 523
3 232 881 621
3 233 783 230
3 234 235 233
3 234 236 235
3 234 694 236
3 234 720 694
3 235 366 233
3 235 707 366
3 236 237 235
3 236 238 237
3 236 252 238
3 236 694 252
3 237 707 235
3 238 246 237
3 238 247 246
3 238 714 247
3 239 530 213
3 239 916 530
3 240 260 239
3 240 261 260
3 240 262 261
3 240 775 262
3 241 513 29
3 241 614 513
3 241 840 614
3 242 588 195
3 242 737 588
3 242 857 630
3 242 920 737
3 243 739 194
3 243 758 739
3 243 759 563
3 244 508 170
3 244 725 724
3 244 867 508
3 244 888 725
3 245 601 600
3 245 759 185
3 245 837 601
3 245 918 759
3 246 360 237
3 246 704 360
3 247 248 246
3 247 249 248
3 247 250 249
3 247 714 250
3 248 704 246
3 249 255 248
3 249 719 255
3 250 251 249
3 250 342 251
3 250 709 342
3 250 714 709
3 251 719 249
3 252 694 681
3 252 714 238
3 253 793 167
3 253 923 793
3 254 775 221
3 254 821 643
3 254 883 775
3 255 377 248
3 255 378 377
3 255 382 378
3 255 719 382
3 256 686 684
3 256 693 686
3 256 720 231
3 257 810 587
3 257 821 220
3 257 886 821
3 258 728 224
3 258 809 690
3 258 824 809
3 259 855 200
3 259 873 855
3 259 896 873
3 260 346 239
3 260 438 346
3 260 459 438
3 261 459 260
3 262 263 261
3 262 435 263
3 262 436 435
3 262 775 436
3 263 264 261
3 263 265 264
3 263 790 265
3 264 459 261
3 264 921 459
3 265 267 264
3 265 268 267
3 265 270 268
3 265 790 270
3 266 503 24
3 266 620 503
3 266 879 620
3 267 354 264
3 267 355 354
3 267 659 355
3 268 659 267
3 269 533 26
3 269 722 502
3 270 271 268
3 270 326 271
3 270 327 326
3 270 790 327
3 271 272 268
3 271 273 272
3 271 771 273
3 272 659 268
3 272 828 659
3 273 274 272
3 273 275 274
3 273 806 275
3 274 732 272
3 275 276 274
3 275 278 276
3 275 339 278
3 275 806 339
3 276 340 274
3 276 528 340
3 277 517 22
3 277 848 517
3 278 279 276
3 278 280 279
3 278 820 280
3 279 528 276
3 280 281 279
3 280 282 281
3 280 316 282
3 280 820 316
3 281 314 279
3 281 904 314
3 282 283 281
3 282 284 283
3 282 874 284
3 283 904 281
3 284 285 283
3 284 838 285
3 284 875 838
3 285 286 283
3 285 287 286
3 285 296 287
3 285 838 296
3 286 540 283
3 287 288 286
3 287 289 288
3 287 774 289
3 288 539 286
3 289 290 288
3 289 291 290
3 289 774 291
3 290 317 288
3 290 535 317
3 291 292 290
3 291 293 292
3 291 304 293
3 291 774 304
3 292 535 290
3 292 536 535
3 293 294 292
3 293 295 294
3 293 818 295
3 294 536 292
3 295 297 294
3 295 305 297
3 295 322 305
3 295 818 322
3 296 774 287
3 296 936 712
3 297 298 294
3 297 299 298
3 297 742 299
3 298 536 294
3 298 912 536
3 299 300 298
3 299 302 300
3 299 787 302
3 300 315 298
3 300 467 315
3 300 924 467
3 301 510 18
3 301 834 510
3 302 303 300
3 302 306 303
3 302 313 306
3 302 787 313
3 303 924 300
3 304 774 713
3 304 818 293
3 304 934 818
3 305 742 297
3 306 307 303
3 306 309 307
3 306 798 309
3 307 321 303
3 307 660 321
3 308 511 16
3 308 822 511
3 309 310 307
3 309 318 310
3 309 320 318
3 309 798 320
3 310 660 307
3 310 767 660
3 311 521 12
3 311 871 622
3 311 877 521
3 312 515 14
3 312 531 515
3 312 764 531
3 313 787 548
3 313 798 306
3 313 931 798
3 314 528 279
3 314 727 528
3 314 803 727
3 314 904 803
3 315 912 298
3 316 755 602
3 316 820 755
3 316 874 282
3 317 539 288
3 317 796 539
3 318 319 310
3 318 328 319
3 318 638 328
3 319 767 310
3 319 895 767
3 320 638 318
3 320 932 552
3 321 864 784
3 321 924 303
3 322 323 305
3 322 324 323
3 322 637 324
3 322 818 637
3 323 551 305
3 324 325 323
3 324 367 325
3 324 368 367
3 324 637 368
3 325 350 323
3 325 371 350
3 325 773 371
3 326 771 271
3 327 359 326
3 327 402 359
3 327 899 402
3 328 329 319
3 328 832 329
3 329 330 319
3 329 331 330
3 329 332 331
3 329 832 332
3 330 895 319
3 330 898 895
3 330 914 898
3 331 914 330
3 332 333 331
3 332 336 333
3 332 369 336
3 332 832 369
3 333 334 331
3 333 337 334
3 333 779 337
3 334 751 331
3 335 615 10
3 335 750 615
3 336 779 333
3 337 338 334
3 337 347 338
3 337 348 347
3 337 779 348
3 338 351 334
3 338 461 351
3 338 944 461
3 339 806 641
3 339 820 278
3 340 732 274
3 340 833 661
3 341 776 738
3 341 805 776
3 341 941 204
3 342 343 251
3 342 375 343
3 342 376 375
3 342 709 376
3 343 353 251
3 343 373 353
3 343 710 373
3 344 889 208
3 345 633 628
3 345 651 633
3 345 907 216
3 346 916 239
3 347 349 338
3 347 362 349
3 347 794 362
3 348 779 733
3 348 794 347
3 348 876 794
3 349 944 338
3 350 551 323
3 351 751 334
3 352 648 646
3 352 651 223
3 352 731 648
3 353 719 251
3 353 723 719
3 354 921 264
3 355 357 354
3 355 379 357
3 355 380 379
3 355 659 380
3 356 731 228
3 356 752 731
3 356 783 656
3 357 358 354
3 357 789 358
3 358 921 354
3 358 925 846
3 359 372 326
3 359 401 372
3 359 815 401
3 360 707 237
3 360 842 707
3 360 860 842
3 361 917 163
3 362 363 349
3 362 364 363
3 362 431 364
3 362 794 431
3 363 374 349
3 363 527 374
3 364 365 363
3 364 384 365
3 364 940 384
3 365 527 363
3 366 783 233
3 366 890 656
3 367 773 325
3 368 406 367
3 368 407 406
3 368 409 407
3 368 637 409
3 369 370 336
3 369 832 639
3 369 841 370
3 370 403 336
3 370 405 403
3 370 424 405
3 370 841 424
3 371 392 350
3 371 457 392
3 371 458 457
3 371 773 458
3 372 771 326
3 373 422 353
3 373 454 422
3 373 455 454
3 373 710 455
3 374 944 349
3 375 710 343
3 376 394 375
3 376 545 394
3 376 546 545
3 376 709 546
3 377 704 248
3 378 445 377
3 378 705 445
3 379 430 357
3 379 722 430
3 380 381 379
3 380 432 381
3 380 828 432
3 381 722 379
3 382 383 378
3 382 399 383
3 382 723 399
3 383 705 378
3 384 385 365
3 384 541 385
3 384 862 541
3 384 940 862
3 385 386 365
3 385 387 386
3 385 795 387
3 386 527 365
3 386 926 527
3 387 388 386
3 387 389 388
3 387 390 389
3 387 795 390
3 388 400 386
3 388 444 400
3 388 696 444
3 389 696 388
3 390 391 389
3 390 395 391
3 390 447 395
3 390 795 447
3 391 608 389
3 392 393 350
3 392 525 393
3 392 811 525
3 393 551 350
3 394 532 375
3 394 772 532
3 395 396 391
3 395 724 396
3 395 867 724
3 396 397 391
3 396 398 397
3 396 863 398
3 397 608 391
3 398 417 397
3 398 418 417
3 398 419 418
3 398 863 419
3 399 404 383
3 399 730 404
3 399 868 730
3 400 926 386
3 401 534 372
3 401 815 745
3 401 922 534
3 402 815 359
3 402 899 537
3 403 779 336
3 404 504 383
3 404 711 504
3 404 878 711
3 405 434 403
3 405 830 434
3 406 408 367
3 406 814 408
3 407 734 406
3 408 773 367
3 408 927 746
3 409 410 407
3 409 411 410
3 409 713 411
3 409 934 713
3 410 437 407
3 410 778 437
3 411 412 410
3 411 413 412
3 411 712 413
3 411 713 712
3 412 778 410
3 413 414 412
3 413 415 414
3 413 657 415
3 413 936 657
3 414 416 412
3 414 749 416
3 415 423 414
3 415 518 423
3 415 519 518
3 415 657 519
3 416 749 636
3 416 778 412
3 417 501 397
3 417 826 501
3 418 420 417
3 418 421 420
3 418 753 421
3 419 753 418
3 419 843 753
3 419 863 725
3 420 826 417
3 420 851 826
3 421 425 420
3 421 426 425
3 421 443 426
3 421 753 443
3 422 723 353
3 422 868 723
3 423 749 414
3 423 847 749
3 423 902 847
3 424 597 405
3 424 812 597
3 424 900 812
3 425 851 420
3 426 427 425
3 426 428 427
3 426 765 428
3 427 839 425
3 428 429 427
3 428 738 429
3 428 852 738
3 429 456 427
3 429 743 456
3 429 901 743
3 430 616 513
3 430 722 616
3 430 789 357
3 431 794 769
3 431 940 364
3 432 433 381
3 432 661 433
3 432 732 661
3 432 828 732
3 433 502 381
3 433 509 502
3 433 592 509
3 433 661 592
3 434 733 403
3 434 865 733
3 434 938 865
3 435 790 263
3 435 899 790
3 436 537 435
3 436 538 537
3 436 883 538
3 437 734 407
3 437 861 604
3 438 439 346
3 438 442 439
3 438 846 442
3 439 440 346
3 439 441 440
3 439 617 441
3 440 916 346
3 441 448 440
3 441 449 448
3 441 825 449
3 442 617 439
3 442 840 617
3 442 925 614
3 443 753 621
3 443 765 426
3 443 881 765
3 444 750 400
3 444 799 615
3 445 446 377
3 445 911 446
3 445 937 911
3 446 704 377
3 446 860 704
3 446 884 699
3 446 911 884
3 447 867 395
3 447 905 866
3 448 859 440
3 448 869 859
3 449 450 448
3 449 451 450
3 449 891 451
3 450 869 448
3 451 452 450
3 451 743 452
3 451 913 743
3 452 453 450
3 452 776 453
3 452 901 776
3 453 869 450
3 453 889 869
3 454 674 139
3 454 768 422
3 454 835 674
3 455 740 716
3 455 835 454
3 455 930 835
3 456 726 193
3 456 839 427
3 456 913 726
3 457 811 392
3 457 909 811
3 458 746 717
3 458 773 746
3 458 856 457
3 459 846 438
3 459 921 846
3 460 852 765
3 460 881 232
3 460 941 852
3 461 462 351
3 461 466 462
3 461 944 466
3 462 463 351
3 462 464 463
3 462 622 464
3 463 751 351
3 464 465 463
3 464 531 465
3 464 871 531
3 465 507 463
3 465 827 507
3 466 622 462
3 466 877 622
3 466 894 877
3 466 944 894
3 467 468 315
3 467 741 468
3 467 784 741
3 467 924 784
3 468 469 315
3 468 470 469
3 468 471 470
3 468 741 471
3 469 912 315
3 470 763 469
3 471 472 470
3 471 485 472
3 471 486 485
3 471 741 486
3 472 473 470
3 472 474 473
3 472 606 474
3 473 763 470
3 474 475 473
3 474 596 475
3 474 658 596
3 475 476 473
3 475 477 476
3 475 478 477
3 475 596 478
3 476 763 473
3 476 858 763
3 477 642 476
3 477 796 642
3 478 479 477
3 478 480 479
3 478 484 480
3 478 596 484
3 479 796 477
3 480 481 479
3 480 482 481
3 480 595 482
3 481 483 479
3 481 802 483
3 482 489 481
3 482 490 489
3 482 491 490
3 482 595 491
3 483 796 479
3 483 880 539
3 484 595 480
3 484 848 595
3 485 606 472
3 485 834 606
3 486 487 485
3 486 488 487
3 486 494 488
3 486 741 494
3 487 721 510
3 487 834 485
3 488 721 487
3 489 802 481
3 489 803 802
3 490 727 489
3 491 492 490
3 491 620 492
3 491 788 620
3 492 493 490
3 492 592 493
3 492 620 509
3 493 727 490
3 493 833 528
3 494 495 488
3 494 864 495
3 495 496 488
3 495 497 496
3 495 829 497
3 495 864 829
3 496 721 488
3 496 822 721
3 497 498 496
3 497 499 498
3 497 500 499
3 497 829 500
3 498 822 496
3 499 644 498
3 499 827 644
3 500 505 499
3 500 767 505
3 500 829 660
3 501 608 397
3 501 826 184
3 501 853 608
3 502 533 269
3 502 722 381
3 502 879 533
3 503 788 277
3 504 705 383
3 504 706 151
3 504 711 706
3 504 937 705
3 505 827 499
3 505 898 827
3 506 792 187
3 506 862 792
3 506 933 862
3 507 751 463
3 507 914 751
3 508 866 168
3 508 867 866
3 509 592 492
3 509 879 502
3 510 721 308
3 510 834 487
3 511 764 312
3 511 822 764
3 512 840 241
3 512 942 840
3 513 616 28
3 513 789 430
3 514 891 214
3 514 913 891
3 515 871 311
3 516 851 193
3 517 817 124
3 517 848 817
3 518 902 423
3 518 929 902
3 519 520 518
3 519 602 520
3 519 875 602
3 520 602 593
3 520 929 518
3 521 522 335
3 521 877 522
3 522 750 335
3 522 785 750
3 522 894 785
3 523 621 524
3 523 939 176
3 524 843 725
3 524 888 174
3 524 939 523
3 525 526 393
3 525 610 526
3 525 811 130
3 526 548 393
3 526 549 548
3 526 550 549
3 526 610 550
3 527 785 374
3 527 926 785
3 528 727 493
3 528 833 340
3 529 658 606
3 529 834 301
3 530 859 344
3 530 916 859
3 531 644 465
3 531 764 644
3 531 871 515
3 532 710 375
3 532 740 710
3 532 772 144
3 533 879 266
3 534 641 372
3 534 893 641
3 534 935 893
3 535 642 317
3 535 858 642
3 536 844 535
3 536 912 844
3 537 634 402
3 537 899 435
3 538 634 537
3 538 777 634
3 538 883 643
3 539 540 286
3 539 796 483
3 539 880 540
3 540 880 802
3 540 904 283
3 541 795 385
3 541 905 795
3 541 933 905
3 542 917 865
3 542 938 145
3 543 544 109
3 543 593 544
3 543 929 593
3 544 935 141
3 545 613 394
3 545 677 136
3 546 677 545
3 546 678 677
3 546 695 678
3 546 709 695
3 547 610 130
3 547 908 610
3 548 551 393
3 548 787 551
3 548 931 313
3 549 931 548
3 549 932 931
3 550 552 549
3 550 553 552
3 550 908 553
3 551 742 305
3 551 787 742
3 552 638 320
3 552 932 549
3 553 554 552
3 553 854 554
3 553 908 619
3 554 638 552
3 554 639 638
3 554 640 639
3 554 854 640
3 555 556 161
3 555 557 556
3 556 760 161
3 556 897 760
3 557 558 556
3 558 897 556
3 559 560 558
3 559 561 560
3 559 562 561
3 559 915 562
3 560 598 558
3 560 599 598
3 560 600 599
3 561 600 560
3 561 918 600
3 562 563 561
3 562 564 563
3 562 565 564
3 562 915 565
3 563 758 243
3 563 759 561
3 564 758 563
3 564 910 758
3 565 669 564
3 565 816 669
3 565 915 800
3 566 567 138
3 566 582 567
3 566 583 582
3 567 568 138
3 567 569 568
3 567 585 569
3 568 736 138
3 569 570 568
3 569 584 570
3 569 587 584
3 569 886 587
3 570 571 568
3 570 572 571
3 570 573 572
3 570 584 573
3 571 736 568
3 571 849 607
3 572 849 571
3 573 574 572
3 573 575 574
3 573 579 575
3 573 584 579
3 574 576 572
3 574 577 576
3 574 618 577
3 575 618 574
3 576 849 572
3 577 578 576
3 577 580 578
3 577 586 580
3 577 618 586
3 578 782 576
3 579 589 575
3 579 762 589
3 580 581 578
3 580 737 581
3 581 735 578
3 581 737 629
3 582 585 567
3 582 643 585
3 582 777 643
3 583 777 582
3 584 761 579
3 584 892 761
3 585 886 569
3 586 588 580
3 586 845 588
3 586 928 222
3 587 886 257
3 587 892 584
3 588 737 580
3 588 845 190
3 589 590 575
3 589 591 590
3 589 762 203
3 589 831 591
3 590 618 575
3 590 928 618
3 591 781 590
3 591 791 781
3 591 831 791
3 592 833 493
3 593 594 544
3 593 755 594
3 593 929 520
3 594 935 544
3 595 788 491
3 595 848 788
3 596 817 484
3 597 812 44
3 597 830 405
3 597 943 830
3 598 897 558
3 598 923 897
3 599 919 188
3 599 923 598
3 600 601 599
3 600 918 245
3 601 813 801
3 601 837 813
3 601 919 599
3 602 755 593
3 602 874 316
3 602 875 874
3 603 909 155
3 604 734 437
3 604 861 146
3 605 902 132
3 606 658 474
3 606 834 529
3 607 736 571
3 607 782 125
3 607 849 782
3 608 696 389
3 608 853 696
3 609 927 133
3 610 908 550
3 611 808 143
3 611 815 808
3 612 853 501
3 613 772 394
3 614 789 513
3 614 840 442
3 614 925 789
3 615 750 444
3 615 799 9
3 616 722 269
3 617 825 441
3 617 942 825
3 618 928 586
3 619 854 553
3 619 908 547
3 620 788 503
3 620 879 509
3 621 843 524
3 621 881 443
3 622 871 464
3 622 877 311
3 623 624 97
3 623 631 624
3 623 735 631
3 624 625 135
3 624 631 625
3 625 626 135
3 625 627 626
3 625 629 627
3 625 631 629
3 626 675 135
3 627 628 626
3 627 652 628
3 628 632 626
3 628 633 632
3 628 652 345
3 629 630 627
3 629 631 581
3 629 920 630
3 630 652 627
3 630 857 652
3 630 920 242
3 631 735 581
3 632 645 150
3 632 675 626
3 633 645 632
3 633 646 645
3 633 651 646
3 634 777 143
3 634 808 402
3 635 636 158
3 635 748 636
3 636 748 416
3 636 754 158
3 636 906 754
3 637 934 409
3 638 639 328
3 639 832 328
3 639 841 369
3 640 841 639
3 640 854 142
3 640 900 841
3 641 771 372
3 641 806 771
3 641 807 339
3 641 893 807
3 642 796 317
3 642 858 476
3 643 777 538
3 643 821 585
3 643 883 254
3 644 764 498
3 644 827 465
3 645 673 150
3 646 647 645
3 646 648 647
3 646 651 352
3 647 649 134
3 647 673 645
3 648 649 647
3 648 752 649
3 649 653 134
3 649 654 653
3 649 752 654
3 650 717 152
3 650 747 717
3 650 870 747
3 652 907 345
3 653 654 149
3 654 655 149
3 654 656 655
3 654 752 656
3 655 756 149
3 655 823 756
3 655 890 823
3 656 752 356
3 656 783 366
3 656 890 655
3 657 875 519
3 657 936 838
3 658 817 596
3 659 828 380
3 660 767 500
3 660 829 321
3 661 732 340
3 661 833 592
3 662 878 147
3 663 664 131
3 663 665 664
3 663 718 665
3 664 669 131
3 665 666 664
3 665 667 666
3 665 670 667
3 665 718 670
3 666 668 664
3 666 896 668
3 667 873 666
3 668 669 664
3 668 896 885
3 668 910 669
3 669 816 131
3 669 910 564
3 670 671 667
3 670 718 127
3 670 804 671
3 671 672 667
3 671 804 691
3 671 809 672
3 672 873 667
3 674 835 154
3 676 768 139
3 677 744 136
3 678 679 677
3 678 680 679
3 678 681 680
3 678 695 681
3 679 744 677
3 679 770 701
3 680 770 679
3 681 682 680
3 681 694 682
3 681 695 252
3 682 683 680
3 682 684 683
3 682 720 684
3 683 770 680
3 683 786 770
3 684 685 683
3 684 686 685
3 684 720 256
3 685 786 683
3 685 819 786
3 686 687 685
3 686 688 687
3 686 693 688
3 687 819 685
3 687 836 819
3 688 689 687
3 688 690 689
3 688 728 690
3 689 836 687
3 690 691 689
3 690 728 258
3 690 809 691
3 691 692 689
3 691 804 692
3 691 809 671
3 692 804 780
3 692 836 689
3 692 850 836
3 693 728 688
3 694 720 682
3 695 714 252
3 696 799 444
3 696 853 183
3 697 703 86
3 698 699 697
3 698 823 708
3 698 842 699
3 699 703 697
3 699 860 446
3 699 884 703
3 700 819 148
3 701 744 679
3 701 770 128
3 702 937 151
3 703 884 129
3 704 860 360
3 705 937 445
3 706 766 81
3 707 708 366
3 707 842 708
3 708 842 698
3 708 890 366
3 709 714 695
3 710 740 455
3 711 766 706
3 711 878 662
3 712 774 296
3 712 936 413
3 713 774 712
3 713 934 304
3 715 740 144
3 716 740 715
3 716 930 455
3 717 746 152
3 717 856 458
3 719 723 382
3 721 822 308
3 723 868 399
3 724 863 396
3 724 867 244
3 725 843 419
3 725 863 724
3 725 888 524
3 726 913 215
3 727 803 489
3 729 896 259
3 730 768 676
3 730 868 768
3 730 878 404
3 731 752 648
3 732 828 272
3 733 779 403
3 733 876 348
3 734 814 406
3 735 782 578
3 737 920 629
3 738 852 341
3 738 901 429
3 739 885 729
3 741 784 494
3 742 787 299
3 743 901 452
3 743 913 456
3 745 815 611
3 745 922 401
3 746 773 408
3 746 927 609
3 747 856 717
3 747 870 36
3 748 778 416
3 748 861 778
3 749 906 636
3 750 926 400
3 751 914 331
3 753 843 621
3 754 872 158
3 754 906 153
3 755 807 594
3 755 820 807
3 756 823 137
3 757 882 71
3 757 930 716
3 758 885 739
3 758 910 885
3 759 918 561
3 760 897 253
3 761 762 579
3 761 797 762
3 761 892 211
3 762 903 203
3 763 844 469
3 763 858 844
3 764 822 498
3 765 852 428
3 765 881 460
3 766 887 80
3 767 895 505
3 768 868 422
3 769 792 431
3 769 865 361
3 769 876 865
3 770 786 128
3 771 806 273
3 775 883 436
3 776 805 453
3 776 901 738
3 778 861 437
3 780 804 127
3 780 850 692
3 781 791 179
3 781 928 590
3 782 849 576
3 784 864 494
3 784 924 321
3 785 894 374
3 785 926 750
3 786 819 700
3 788 848 277
3 789 925 358
3 790 899 327
3 791 831 180
3 792 940 431
3 793 923 188
3 794 876 769
3 795 905 447
3 797 903 762
3 798 932 320
3 800 816 565
3 800 915 126
3 801 813 173
3 801 919 601
3 802 803 540
3 802 880 483
3 803 904 540
3 805 889 453
3 807 820 339
3 807 893 594
3 808 815 402
3 809 824 672
3 810 892 587
3 811 909 603
3 812 900 142
3 813 837 178
3 814 927 408
3 817 848 484
3 818 934 637
3 819 836 148
3 821 886 585
3 823 890 708
3 824 855 672
3 825 891 449
3 825 942 214
3 826 851 516
3 827 898 507
3 829 864 321
3 830 938 434
3 830 943 145
3 835 930 154
3 836 850 148
3 838 875 657
3 838 936 296
3 839 851 425
3 840 942 617
3 841 900 424
3 842 860 699
3 844 858 535
3 844 912 469
3 846 921 358
3 846 925 442
3 847 902 605
3 847 906 749
3 852 941 341
3 855 873 672
3 856 909 457
3 857 907 652
3 859 869 344
3 859 916 440
3 862 933 541
3 862 940 792
3 865 876 733
3 865 917 361
3 865 938 542
3 866 867 447
3 866 905 227
3 869 889 344
3 873 896 666
3 874 875 284
3 877 894 522
3 884 911 129
3 885 896 729
3 885 910 668
3 891 913 451
3 893 935 594
3 894 944 374
3 895 898 505
3 897 923 253
3 898 914 507
3 902 929 132
3 905 933 227
3 911 937 702
3 922 935 534
3 931 932 798

CELL_TYPES 1766
5
5
5
5
5
5
5
5
5
5
5
5
5
5
5
5
5
5
5
5
5
5
5
5
5
5
5
5
5
5
5
5
5
5
5
5
5
5
5
5
5
5
5
5
5
5
5
5
5
5
5
5
5
5
5
5
5
5
5
5
5
5
5
5
5
5
5
5
5
5
5
5
5
5
5
5
5
5
5
5
5
5
5
5
5
5
5
5
5
5
5
5
5
5
5
5
5
5
5
5
5
5
5
5
5
5
5
5
5
5
5
5
5
5
5
5
5
5
5
5
5
5
5
5
5
5
5
5
5
5
5
5
5
5
5
5
5
5
5
5
5
5
5
5
5
5
5
5
5
5
5
5
5
5
5
5
5
5
5
5
5
5
5
5
5
5
5
5
5
5
5
5
5
5
5
5
5
5
5
5
5
5
5
5
5
5
5
5
5
5
5
5
5
5
5
5
5
5
5
5
5
5
5
5
5
5
5
5
5
5
5
5
5
5
5
5
5
5
5
5
5
5
5
5
5
5
5
5
5
5
5
5
5
5
5
5
5
5
5
5
5
5
5
5
5
5
5
5
5
5
5
5
5
5
5
5
5
5
5
5
5
5
5
5
5
5
5
5
5
5
5
5
5
5
5
5
5
5
5
5
5
5
5
5
5
5
5
5
5
5
5
5
5
5
5
5
5
5
5
5
5
5
5
5
5
5
5
5
5
5
5
5
5
5
5
5
5
5
5
5
5
5
5
5
5
5
5
5
5
5
5
5
5
5
5
5
5
5
5
5
5
5
5
5
5
5
5
5
5
5
5
5
5
5
5
5
5
5
5
5
5
5
5
5
5
5
5
5
5
5
5
5
5
5
5
5
5
5
5
5
5
5
5
5
5
5
5
5
5
5
5
5
5
5
5
5
5
5
5
5
5
5
5
5
5
5
5
5
5
5
5
5
5
5
5
5
5
5
5
5
5
5
5
5
5
5
5
5
5
5
5
5
5
5
5
5
5
5
5
5
5
5
5
5
5
5
5
5
5
5
5
5
5
5
5
5
5
5
5
5
5
5
5
5
5
5
5
5
5
5
5
5
5
5
5
5
5
5
5
5
5
5
5
5
5
5
5
5
5
5
5
5
5
5
5
5
5
5
5
5
5
5
5
5
5
5
5
5
5
5
5
5
5
5
5
5
5
5
5
5
5
5
5
5
5
5
5
5
5
5
5
5
5
5
5
5
5
5
5
5
5
5
5
5
5
5
5
5
5
5
5
5
5
5
5
5
5
5
5
5
5
5
5
5
5
5
5
5
5
5
5
5
5
5
5
5
5
5
5
5
5
5
5
5
5
5
5
5
5
5
5
5
5
5
5
5
5
5
5
5
5
5
5
5
5
5
5
5
5
5
5
5
5
5
5
5
5
5
5
5
5
5
5
5
5
5
5
5
5
5
5
5
5
5
5
5
5
5
5
5
5
5
5
5
5
5
5
5
5
5
5
5
5
5
5
5
5
5
5
5
5
5
5
5
5
5
5
5
5
5
5
5
5
5
5
5
5
5
5
5
5
5
5
5
5
5
5
5
5
5
5
5
5
5
5
5
5
5
5
5
5
5
5
5
5
5
5
5
5
5
5
5
5
5
5
5
5
5
5
5
5
5
5
5
5
5
5
5
5
5
5
5
5
5
5
5
5
5
5
5
5
5
5
5
5
5
5
5
5
5
5
5
5
5
5
5
5
5
5
5
5
5
5
5
5
5
5
5
5
5
5
5
5
5
5
5
5
5
5
5
5
5
5
5
5
5
5
5
5
5
5
5
5
5
5
5
5
5
5
5
5
5
5
5
5
5
5
5
5
5
5
5
5
5
5
5
5
5
5
5
5
5
5
5
5
5
5
5
5
5
5
5
5
5
5
5
5
5
5
5
5
5
5
5
5
5
5
5
5
5
5
5
5
5
5
5
5
5
5
5
5
5
5
5
5
5
5
5
5
5
5
5
5
5
5
5
5
5
5
5
5
5
5
5
5
5
5
5
5
5
5
5
5
5
5
5
5
5
5
5
5
5
5
5
5
5
5
5
5
5
5
5
5
5
5
5
5
5
5
5
5
5
5
5
5
5
5
5
5
5
5
5
5
5
5
5
5
5
5
5
5
5
5
5
5
5
5
5
5
5
5
5
5
5
5
5
5
5
5
5
5
5
5
5
5
5
5
5
5
5
5
5
5
5
5
5
5
5
5
5
5
5
5
5
5
5
5
5
5
5
5
5
5
5
5
5
5
5
5
5
5
5
5
5
5
5
5
5
5
5
5
5
5
5
5
5
5
5
5
5
5
5
5
5
5
5
5
5
5
5
5
5
5
5
5
5
5
5
5
5
5
5
5
5
5
5
5
5
5
5
5
5
5
5
5
5
5
5
5
5
5
5
5
5
5
5
5
5
5
5
5
5
5
5
5
5
5
5
5
5
5
5
5
5
5
5
5
5
5
5
5
5
5
5
5
5
5
5
5
5
5
5
5
5
5
5
5
5
5
5
5
5
5
5
5
5
5
5
5
5
5
5
5
5
5
5
5
5
5
5
5
5
5
5
5
5
5
5
5
5
5
5
5
5
5
5
5
5
5
5
5
5
5
5
5
5
5
5
5
5
5
5
5
5
5
5
5
5
5
5
5
5
5
5
5
5
5
5
5
5
5
5
5
5
5
5
5
5
5
5
5
5
5
5
5
5
5
5
5
5
5
5
5
5
5
5
5
5
5
5
5
5
5
5
5
5
5
5
5
5
5
5
5
5
5
5
5
5
5
5
5
5
5
5
5
5
5
5
5
5
5
5
5
5
5
5
5
5
5
5
5
5
5
5
5
5
5
5
5
5
5
5
5
5
5
5
5
5
5
5
5
5
5
5
5
5
5
5
5
5
5
5
5
5
5
5
5
5
5
5
5
5
5
5
5
5
5
5
5
5
5
5
5
5
5
5
5
5
5
5
5
5
5
5
5
5
5
5
5
5
5
5
5
5
5
5
5
5
5
5
5
5
5
5
5
5
5
5
5
5
5
5
5
5
5
5
5
5
5
5
5
5
5
5
5
5
5
5
5
5
5
5
5
5
5
5
5
5
5
5
5
5
5
5
5
5
5
5
5
5
5
5
5
5
5
5
5
5
5
5
5
5
5
5
5
5
5
5
5
5
5
5
5
5
5
5
5
5
5
5
5
5
5
5
5
5
5
5
5
5
5
5
5
5
5
5
5
5
5
5
5
5
5
5
5
5
5
5
5
5
5
5
5
5
5
5
5
5
5
5
5
5
5
5
5
5
5
5
5
5
5
5
5
5
5
5
5
5
5
5
5
5
5
5
5
5
5
5
5
5
5
5
5
5
5
5
5
5
5
5
5
5
5
5
5
5
5
5
5
5
5
5
5
5
5
5
5
5
5
5
5
5
5
5
5
5
5
5
5
5
5
5
5
5
5
5
5
5
5
5
5
5
5
5
5
5
5
5
5
5
5
5
5
5
5
5
5
5
5
5
5
5
5
5
5
5
5
5
5
5
5
5
5
5
5
5
5
5
5
5
5
5
5
5
5
5
5
5
5
5
5
5
5
5
5
5
5
5
5
5
5
5
5
5
5
5
5
5
5
5
5
5
5
5
5
5
5
5
5
5
5
5
5
5
5
5
5
5
5
5
5
5
5
5
5
5
5
5
5
5
5
5
5
5
5
5
5
5
5
5
5
5
5
5
5
5
5
5
5
5
5
5
5
5
5
5
5
5
5
5
5
5
5
5
5
5
5
5
5
5
5
5
5
5
5
5
5
5
5
5
5
5
5
5
5
5
5
5
5
5
5
5
5
5
5
5
5
5
5
5
5
5
5
5
5
5
5
5
5
5
5
5
5
5
5
5
5
5
5
5
5
5
5
5
5
5
5
5
5
5
5
5
5
5
5
5
5
5
5
5
5
5
5
5
5
5
5
5
5
5
5
5
5
5
5
5
5
5
5
5
5
5
5
5
5
5
POINT_DATA 945
FIELD FieldData 2
VELOCITY 3 945  float
1.0000000e-01 0.0000000e+00 0.0000000e+00 
1.0000179e-01 0.0000000e+00 0.0000000e+00 
1.0000088e-01 0.0000000e+00 0.0000000e+00 
1.0000000e-01 0.0000000e+00 0.0000000e+00 
0.0000000e+00 0.0000000e+00 0.0000000e+00 
0.0000000e+00 0.0000000e+00 0.0000000e+00 
0.0000000e+00 0.0000000e+00 0.0000000e+00 
0.0000000e+00 0.0000000e+00 0.0000000e+00 
0.0000000e+00 0.0000000e+00 0.0000000e+00 
0.0000000e+00 0.0000000e+00 0.0000000e+00 
0.0000000e+00 0.0000000e+00 0.0000000e+00 
0.0000000e+00 0.0000000e+00 0.0000000e+00 
0.0000000e+00 0.0000000e+00 0.0000000e+00 
0.0000000e+00 0.0000000e+00 0.0000000e+00 
0.0000000e+00 0.0000000e+00 0.0000000e+00 
0.0000000e+00 0.0000000e+00 0.0000000e+00 
0.0000000e+00 0.0000000e+00 0.0000000e+00 
0.0000000e+00 0.0000000e+00 0.0000000e+00 
0.0000000e+00 0.0000000e+00 0.0000000e+00 
0.0000000e+00 0.0000000e+00 0.0000000e+00 
0.0000000e+00 0.0000000e+00 0.0000000e+00 
0.0000000e+00 0.0000000e+00 0.0000000e+00 
0.0000000e+00 0.0000000e+00 0.0000000e+00 
0.0000000e+00 0.0000000e+00 0.0000000e+00 
0.0000000e+00 0.0000000e+00 0.0000000e+00 
0.0000000e+00 0.0000000e+00 0.0000000e+00 
0.0000000e+00 0.0000000e+00 0.0000000e+00 
0.0000000e+00 0.0000000e+00 0.0000000e+00 
0.0000000e+00 0.0000000e+00 0.0000000e+00 
0.0000000e+00 0.0000000e+00 0.0000000e+00 
0.0000000e+00 0.0000000e+00 0.0000000e+00 
0.0000000e+00 0.0000000e+00 0.0000000e+00 
0.0000000e+00 0.0000000e+00 0.0000000e+00 
0.0000000e+00 0.0000000e+00 0.0000000e+00 
0.0000000e+00 0.0000000e+00 0.0000000e+00 
0.0000000e+00 0.0000000e+00 0.0000000e+00 
1.0018434e-01 -2.2214323e-27 0.0000000e+00 
1.0076505e-01 3.8774091e-26 0.0000000e+00 
1.0191420e-01 3.8774091e-26 0.0000000e+00 
1.0388172e-01 3.8774091e-26 0.0000000e+00 
1.0690861e-01 -5.1698788e-26 0.0000000e+00 
1.1101139e-01 -5.1698788e-26 0.0000000e+00 
1.1617053e-01 -5.1698788e-26 0.0000000e+00 
1.2189943e-01 4.1359031e-25 0.0000000e+00 
1.2758066e-01 -1.0339758e-25 0.0000000e+00 
1.3241163e-01 4.1359031e-25 0.0000000e+00 
1.3589926e-01 3.1019273e-25 0.0000000e+00 
1.3772836e-01 3.1019273e-25 0.0000000e+00 
1.3779782e-01 3.1019273e-25 0.0000000e+00 
1.3602540e-01 -8.2718061e-25 0.0000000e+00 
1.3252544e-01 -8.2718061e-25 0.0000000e+00 
1.2756526e-01 -8.2718061e-25 0.0000000e+00 
1.2207808e-01 -4.1359031e-25 0.0000000e+00 
1.1670425e-01 -4.1359031e-25 0.0000000e+00 
1.1167431e-01 -4.1359031e-25 0.0000000e+00 
1.0759716e-01 3.1019273e-25 0.0000000e+00 
1.0467955e-01 3.1019273e-25 0.0000000e+00 
1.0278261e-01 3.1019273e-25 0.0000000e+00 
1.0160408e-01 -5.1698788e-26 0.0000000e+00 
1.0092071e-01 -5.1698788e-26 0.0000000e+00 
1.0053518e-01 -5.1698788e-26 0.0000000e+00 
1.0030752e-01 -2.5849394e-26 0.0000000e+00 
1.0017789e-01 -2.5849394e-26 0.0000000e+00 
1.0010257e-01 -2.5849394e-26 0.0000000e+00 
1.0005905e-01 -3.2311743e-27 0.0000000e+00 
1.0003404e-01 -3.2311743e-27 0.0000000e+00 
1.0001980e-01 -3.2311743e-27 0.0000000e+00 
1.0001156e-01 -1.9816186e-27 0.0000000e+00 
1.0000686e-01 -1.9816186e-27 0.0000000e+00 
1.0000415e-01 -1.9816186e-27 0.0000000e+00 
1.0000260e-01 -1.7165613e-27 0.0000000e+00 
1.0000139e-01 7.7140578e-07 0.0000000e+00 
1.0000077e-01 1.2335287e-06 0.0000000e+00 
9.9999882e-02 1.3280260e-06 0.0000000e+00 
9.9999189e-02 1.0032174e-06 0.0000000e+00 
9.9998794e-02 3.4483250e-07 0.0000000e+00 
9.9998780e-02 -3.5528154e-07 0.0000000e+00 
9.9999323e-02 -8.9555101e-07 0.0000000e+00 
9.9999994e-02 -8.8167292e-07 0.0000000e+00 
1.0000054e-01 -5.9325640e-07 0.0000000e+00 
1.0000151e-01 -1.5146129e-27 0.0000000e+00 
1.0000286e-01 -4.5438388e-28 0.0000000e+00 
1.0000531e-01 -4.5438388e-28 0.0000000e+00 
1.0000978e-01 -4.5438388e-28 0.0000000e+00 
1.0001788e-01 -4.7457872e-27 0.0000000e+00 
1.0003113e-01 -4.7457872e-27 0.0000000e+00 
1.0005552e-01 -4.7457872e-27 0.0000000e+00 
1.0009878e-01 2.5849394e-26 0.0000000e+00 
1.0017127e-01 2.5849394e-26 0.0000000e+00 
1.0029686e-01 2.5849394e-26 0.0000000e+00 
1.0051826e-01 -2.0679515e-25 0.0000000e+00 
1.0091176e-01 -2.0679515e-25 0.0000000e+00 
1.0159162e-01 -2.0679515e-25 0.0000000e+00 
1.0275076e-01 -6.2038546e-25 0.0000000e+00 
1.0464088e-01 -6.2038546e-25 0.0000000e+00 
1.0752274e-01 -6.2038546e-25 0.0000000e+00 
1.1156248e-01 2.0679515e-25 0.0000000e+00 
1.1661011e-01 2.0679515e-25 0.0000000e+00 
1.2211799e-01 2.0679515e-25 0.0000000e+00 
1.2765019e-01 1.8611564e-24 0.0000000e+00 
1.3262376e-01 1.8611564e-24 0.0000000e+00 
1.3605008e-01 1.8611564e-24 0.0000000e+00 
1.3783877e-01 4.6528909e-25 0.0000000e+00 
1.3783447e-01 4.6528909e-25 0.0000000e+00 
1.3596572e-01 4.6528909e-25 0.0000000e+00 
1.3235761e-01 5.1698788e-26 0.0000000e+00 
1.2746961e-01 5.1698788e-26 0.0000000e+00 
1.2185316e-01 5.1698788e-26 0.0000000e+00 
1.1617734e-01 1.0339758e-25 0.0000000e+00 
1.1099220e-01 1.0339758e-25 0.0000000e+00 
1.0687031e-01 1.0339758e-25 0.0000000e+00 
1.0380845e-01 0.0000000e+00 0.0000000e+00 
1.0184470e-01 0.0000000e+00 0.0000000e+00 
1.0072745e-01 0.0000000e+00 0.0000000e+00 
1.0015859e-01 2.2618220e-26 0.0000000e+00 
1.0000000e-01 0.0000000e+00 0.0000000e+00 
1.0000000e-01 0.0000000e+00 0.0000000e+00 
1.0000000e-01 0.0000000e+00 0.0000000e+00 
1.0000000e-01 0.0000000e+00 0.0000000e+00 
1.0000000e-01 0.0000000e+00 0.0000000e+00 
1.0000000e-01 0.0000000e+00 0.0000000e+00 
1.0000000e-01 0.0000000e+00 0.0000000e+00 
1.0000000e-01 0.0000000e+00 0.0000000e+00 
1.0000000e-01 0.0000000e+00 0.0000000e+00 
1.0338511e-02 8.6155655e-03 0.0000000e+00 
1.2476502e-01 -4.5591150e-03 0.0000000e+00 
1.3060525e-01 4.4658990e-03 0.0000000e+00 
1.0329180e-01 1.5951049e-03 0.0000000e+00 
1.0019977e-01 1.0448628e-04 0.0000000e+00 
1.0002061e-01 -1.0671210e-05 0.0000000e+00 
1.0455209e-01 -2.8168107e-03 0.0000000e+00 
1.1327018e-01 4.3476694e-03 0.0000000e+00 
1.0480372e-01 2.3979528e-03 0.0000000e+00 
9.9873126e-02 -1.8534668e-04 0.0000000e+00 
1.0106437e-01 -5.7766685e-04 0.0000000e+00 
1.0878059e-01 -3.4825492e-03 0.0000000e+00 
1.0003702e-01 2.1084710e-05 0.0000000e+00 
1.0011487e-01 -5.7748784e-05 0.0000000e+00 
1.3777955e-01 -1.4498527e-03 0.0000000e+00 
9.9998347e-02 9.5718894e-07 0.0000000e+00 
1.3867460e-01 -3.8944134e-05 0.0000000e+00 
1.1910805e-01 4.1438807e-03 0.0000000e+00 
1.1905092e-01 -5.0346577e-03 0.0000000e+00 
1.3522722e-01 3.3104951e-03 0.0000000e+00 
1.0000721e-01 4.3542386e-06 0.0000000e+00 
1.3519877e-01 -3.0049118e-03 0.0000000e+00 
9.9946238e-02 3.9158165e-04 0.0000000e+00 
9.9998564e-02 -9.1769016e-07 0.0000000e+00 
1.0061444e-01 3.1196928e-04 0.0000000e+00 
1.0033952e-01 -1.8141126e-04 0.0000000e+00 
1.0324160e-01 -1.6161430e-03 0.0000000e+00 
1.0000576e-01 -3.5788737e-06 0.0000000e+00 
1.0000724e-01 -4.9056433e-04 0.0000000e+00 
1.0109988e-01 8.2149170e-04 0.0000000e+00 
1.0000034e-01 1.7134795e-06 0.0000000e+00 
1.0104834e-01 -9.5404440e-04 0.0000000e+00 
1.0000052e-01 -1.0646519e-06 0.0000000e+00 
1.0000283e-01 1.2943372e-06 0.0000000e+00 
1.0003953e-01 3.6858645e-04 0.0000000e+00 
1.3775368e-01 -1.4728308e-03 0.0000000e+00 
1.4038946e-01 -1.7230730e-03 0.0000000e+00 
1.4008605e-01 1.2648881e-03 0.0000000e+00 
1.4242439e-01 3.5241371e-04 0.0000000e+00 
1.4284396e-01 -3.2049336e-03 0.0000000e+00 
1.4262380e-01 -3.6495642e-04 0.0000000e+00 
1.3980925e-01 3.7076741e-03 0.0000000e+00 
1.3200347e-01 4.3177032e-03 0.0000000e+00 
1.2718849e-01 8.2429359e-03 0.0000000e+00 
1.0573228e-01 9.3322201e-03 0.0000000e+00 
1.0342962e-01 1.1549540e-02 0.0000000e+00 
7.6000586e-02 1.1222902e-02 0.0000000e+00 
7.4623153e-02 1.2731774e-02 0.0000000e+00 
4.6865806e-02 1.0092773e-02 0.0000000e+00 
4.6009108e-02 1.1259830e-02 0.0000000e+00 
2.0725092e-02 7.1474439e-03 0.0000000e+00 
2.2706224e-02 7.9181734e-03 0.0000000e+00 
5.1852614e-03 3.2697506e-03 0.0000000e+00 
1.0478325e-02 3.1293142e-03 0.0000000e+00 
2.7299356e-02 8.7926285e-03 0.0000000e+00 
1.7165214e-02 2.3432723e-03 0.0000000e+00 
6.2763547e-03 -1.5824506e-03 0.0000000e+00 
3.5097428e-02 9.7449766e-03 0.0000000e+00 
2.6418714e-02 8.9972845e-04 0.0000000e+00 
2.8147686e-03 1.6179706e-04 0.0000000e+00 
-1.1435635e-03 -2.3393221e-03 0.0000000e+00 
4.3938927e-02 1.0569978e-02 0.0000000e+00 
3.8534410e-02 -4.9319892e-04 0.0000000e+00 
1.4405724e-01 -4.8716958e-03 0.0000000e+00 
1.0519310e-01 1.3444411e-02 0.0000000e+00 
5.5295985e-02 1.0832587e-02 0.0000000e+00 
5.2533228e-02 -1.9575709e-03 0.0000000e+00 
1.1197834e-03 -1.1838189e-03 0.0000000e+00 
1.4530986e-02 -5.5992734e-03 0.0000000e+00 
-1.3582581e-03 1.1288218e-03 0.0000000e+00 
6.4520866e-02 8.6907139e-03 0.0000000e+00 
6.6696092e-02 -3.9923596e-03 0.0000000e+00 
7.5092919e-02 5.9172162e-03 0.0000000e+00 
7.7597089e-02 -2.8537447e-03 0.0000000e+00 
8.3628155e-02 4.1381214e-03 0.0000000e+00 
8.5872576e-02 -2.4823523e-03 0.0000000e+00 
8.9621693e-02 2.4808932e-03 0.0000000e+00 
8.9497603e-03 -4.1965167e-03 0.0000000e+00 
3.0406095e-02 -8.2482388e-03 0.0000000e+00 
4.1624382e-02 -1.0533038e-02 0.0000000e+00 
2.6983496e-02 -6.7515071e-03 0.0000000e+00 
5.1702701e-02 -9.9425502e-03 0.0000000e+00 
4.6691127e-02 -8.3711166e-03 0.0000000e+00 
7.6887265e-02 -1.0269553e-02 0.0000000e+00 
7.0401430e-02 -8.8917762e-03 0.0000000e+00 
1.0230121e-01 -8.6465040e-03 0.0000000e+00 
1.0136747e-01 -6.8299025e-03 0.0000000e+00 
1.0456860e-01 -1.0322095e-02 0.0000000e+00 
1.2456182e-01 -4.8298580e-03 0.0000000e+00 
1.2619399e-01 -1.7413053e-03 0.0000000e+00 
9.2780953e-03 -2.8455930e-03 0.0000000e+00 
-4.8206861e-05 1.5257562e-03 0.0000000e+00 
9.1687702e-02 -1.7616252e-03 0.0000000e+00 
9.3800813e-02 1.3027217e-03 0.0000000e+00 
9.5415443e-02 -1.5756427e-03 0.0000000e+00 
9.6552975e-02 5.9923076e-04 0.0000000e+00 
1.3866292e-01 -4.0273306e-05 0.0000000e+00 
1.4041622e-01 3.9080684e-03 0.0000000e+00 
4.1722901e-02 -9.6223205e-03 0.0000000e+00 
9.7474806e-02 -9.6007128e-04 0.0000000e+00 
9.8050304e-02 2.8791107e-04 0.0000000e+00 
9.8597772e-02 -5.7574286e-04 0.0000000e+00 
9.8905705e-02 1.2376430e-04 0.0000000e+00 
1.1189218e-01 6.7968480e-03 0.0000000e+00 
9.9223778e-02 -3.4126078e-04 0.0000000e+00 
9.9387430e-02 4.9071714e-05 0.0000000e+00 
9.9562094e-02 -1.9696132e-04 0.0000000e+00 
9.9653982e-02 1.8773575e-05 0.0000000e+00 
-2.2384238e-03 -7.8659988e-04 0.0000000e+00 
9.9756956e-02 -1.1504671e-04 0.0000000e+00 
9.9801131e-02 5.8416113e-06 0.0000000e+00 
9.9865824e-02 -7.4804229e-05 0.0000000e+00 
9.9887863e-02 -1.9418778e-06 0.0000000e+00 
9.9926688e-02 -4.3583495e-05 0.0000000e+00 
9.9936716e-02 -2.5683182e-06 0.0000000e+00 
1.2650211e-01 1.4901918e-03 0.0000000e+00 
1.4180133e-01 8.8614840e-03 0.0000000e+00 
3.0641410e-02 -3.6675504e-03 0.0000000e+00 
8.3191037e-02 -1.1419280e-02 0.0000000e+00 
8.1680983e-02 1.6769787e-02 0.0000000e+00 
4.8625004e-02 8.6718025e-03 0.0000000e+00 
6.8448298e-02 1.6932584e-02 0.0000000e+00 
9.9958904e-02 -2.5139048e-05 0.0000000e+00 
9.9964008e-02 -2.1498015e-06 0.0000000e+00 
9.9977031e-02 -1.4691728e-05 0.0000000e+00 
9.9979520e-02 -1.6161281e-06 0.0000000e+00 
9.9976569e-02 1.0694878e-05 0.0000000e+00 
9.9986441e-02 5.8684441e-06 0.0000000e+00 
9.9930137e-02 3.6200017e-05 0.0000000e+00 
1.3526168e-01 7.3961932e-03 0.0000000e+00 
1.4358452e-01 3.7368569e-03 0.0000000e+00 
9.9987373e-02 -8.7093313e-06 0.0000000e+00 
9.9650405e-02 2.3544565e-04 0.0000000e+00 
1.3659708e-01 -3.0989044e-03 0.0000000e+00 
9.8234907e-02 1.5182279e-03 0.0000000e+00 
9.1766536e-02 7.3306081e-03 0.0000000e+00 
1.3207407e-01 7.4415067e-03 0.0000000e+00 
1.4281319e-01 1.4549875e-02 0.0000000e+00 
1.4389513e-01 1.2641224e-02 0.0000000e+00 
1.4255990e-01 1.7688824e-02 0.0000000e+00 
1.4198987e-01 2.1562057e-02 0.0000000e+00 
1.3963832e-01 2.3188198e-02 0.0000000e+00 
5.1398829e-02 4.0675811e-02 0.0000000e+00 
1.3935912e-01 2.8689621e-02 0.0000000e+00 
1.3468572e-01 2.7727773e-02 0.0000000e+00 
6.0172010e-02 2.1967879e-02 0.0000000e+00 
1.3449597e-01 2.1246245e-02 0.0000000e+00 
1.2912838e-01 2.4096005e-02 0.0000000e+00 
1.2764865e-01 3.2195430e-02 0.0000000e+00 
1.2277494e-01 2.5887255e-02 0.0000000e+00 
1.1911370e-01 3.2551538e-02 0.0000000e+00 
1.1624273e-01 2.5698630e-02 0.0000000e+00 
1.1132941e-01 3.0760158e-02 0.0000000e+00 
2.8557403e-02 3.8137157e-02 0.0000000e+00 
1.1031181e-01 2.3637278e-02 0.0000000e+00 
1.0449217e-01 2.6722308e-02 0.0000000e+00 
1.0554022e-01 2.0544153e-02 0.0000000e+00 
1.0017299e-01 2.1931656e-02 0.0000000e+00 
1.0200416e-01 1.6901799e-02 0.0000000e+00 
9.6708372e-02 1.7492594e-02 0.0000000e+00 
9.9750102e-02 1.2992244e-02 0.0000000e+00 
9.5967405e-02 1.1966633e-02 0.0000000e+00 
9.1651529e-02 1.4442366e-02 0.0000000e+00 
9.2784211e-02 9.5351031e-03 0.0000000e+00 
8.7877207e-02 1.0170799e-02 0.0000000e+00 
9.0173364e-02 6.2195039e-03 0.0000000e+00 
8.5893221e-02 4.8364187e-03 0.0000000e+00 
8.9790963e-02 2.2447291e-03 0.0000000e+00 
8.6195253e-02 -5.9966126e-04 0.0000000e+00 
9.0490401e-02 -1.3714440e-03 0.0000000e+00 
8.8477023e-02 -5.0819325e-03 0.0000000e+00 
9.2456952e-02 -4.2409007e-03 0.0000000e+00 
9.5836617e-02 7.9400297e-03 0.0000000e+00 
9.1796041e-02 -8.0460403e-03 0.0000000e+00 
8.6636953e-02 -1.0379103e-02 0.0000000e+00 
9.2482366e-02 -1.2413017e-02 0.0000000e+00 
8.8443510e-02 -1.7918026e-02 0.0000000e+00 
1.3650084e-02 -2.2739276e-02 0.0000000e+00 
9.4964571e-02 -1.7152809e-02 0.0000000e+00 
9.3325064e-02 -2.3403360e-02 0.0000000e+00 
9.2956468e-02 1.4177336e-03 0.0000000e+00 
9.4861194e-02 -6.0656723e-03 0.0000000e+00 
9.9083498e-02 -2.0880429e-02 0.0000000e+00 
9.9184513e-02 -2.7512060e-02 0.0000000e+00 
4.3489046e-02 -4.4643041e-02 0.0000000e+00 
1.0446978e-01 -2.3152718e-02 0.0000000e+00 
1.0643968e-01 -2.9597454e-02 0.0000000e+00 
6.6655949e-02 -1.3758924e-02 0.0000000e+00 
6.1003219e-02 -3.4467630e-02 0.0000000e+00 
9.9438593e-02 -1.5583953e-02 0.0000000e+00 
9.7414218e-02 2.8842399e-02 0.0000000e+00 
8.1599072e-02 -1.5043342e-02 0.0000000e+00 
1.0617647e-01 1.5316434e-02 0.0000000e+00 
8.1026748e-02 9.6297050e-03 0.0000000e+00 
1.1058613e-01 -2.3256963e-02 0.0000000e+00 
1.1466926e-01 -2.9930700e-02 0.0000000e+00 
1.0800052e-01 -1.8311683e-02 0.0000000e+00 
9.2260808e-02 -3.1769671e-02 0.0000000e+00 
9.5180750e-02 -3.2765004e-03 0.0000000e+00 
9.7211339e-02 -4.6442715e-03 0.0000000e+00 
9.7184673e-02 -2.3654716e-03 0.0000000e+00 
9.8525047e-02 -3.1271705e-03 0.0000000e+00 
1.2952620e-01 1.8144207e-02 0.0000000e+00 
1.3392140e-01 1.5575843e-02 0.0000000e+00 
1.1682726e-01 -2.2031914e-02 0.0000000e+00 
1.2180431e-01 -2.6353402e-02 0.0000000e+00 
1.2143070e-01 -3.3465739e-02 0.0000000e+00 
1.2851518e-01 -3.0063426e-02 0.0000000e+00 
1.2681380e-01 -2.2485057e-02 0.0000000e+00 
1.3307464e-01 -2.3789134e-02 0.0000000e+00 
1.3600874e-01 -2.9620372e-02 0.0000000e+00 
3.2940283e-02 3.5266217e-03 0.0000000e+00 
1.3054079e-01 -1.8081091e-02 0.0000000e+00 
1.3909870e-01 -2.2874096e-02 0.0000000e+00 
1.4088245e-01 -2.6100019e-02 0.0000000e+00 
1.1468247e-01 1.9773340e-02 0.0000000e+00 
1.1286699e-01 3.8633183e-02 0.0000000e+00 
2.0336071e-02 -4.6042562e-03 0.0000000e+00 
9.9989384e-02 1.4778622e-05 0.0000000e+00 
9.9993750e-02 8.4282074e-06 0.0000000e+00 
7.6207511e-02 -7.6297852e-03 0.0000000e+00 
9.6441828e-02 -4.4885613e-03 0.0000000e+00 
1.0921259e-01 9.8519331e-06 0.0000000e+00 
1.4284040e-01 -1.9880483e-02 0.0000000e+00 
1.4095145e-01 -1.7004292e-02 0.0000000e+00 
1.3920180e-01 -1.8264100e-02 0.0000000e+00 
9.9168487e-02 -4.9780440e-03 0.0000000e+00 
1.3685215e-01 -3.3711530e-02 0.0000000e+00 
9.8901473e-02 -1.5221618e-03 0.0000000e+00 
9.9992216e-02 3.2415808e-06 0.0000000e+00 
1.3706347e-01 2.5501510e-02 0.0000000e+00 
1.3593677e-01 3.3948015e-02 0.0000000e+00 
9.9673651e-02 -4.8158347e-04 0.0000000e+00 
1.2618469e-01 2.6424343e-02 0.0000000e+00 
1.2260666e-01 1.6718632e-02 0.0000000e+00 
1.2964521e-01 1.2953225e-02 0.0000000e+00 
9.9971443e-02 -5.3732554e-05 0.0000000e+00 
1.4261538e-01 -6.3163703e-03 0.0000000e+00 
1.4207670e-01 -1.4200537e-02 0.0000000e+00 
1.3075861e-01 -9.9081649e-03 0.0000000e+00 
1.3573821e-01 -7.4248612e-03 0.0000000e+00 
1.1664809e-01 -1.8077369e-03 0.0000000e+00 
9.9913292e-02 -1.8521433e-04 0.0000000e+00 
9.8544322e-02 -1.6859372e-03 0.0000000e+00 
9.7769529e-02 -6.9699157e-04 0.0000000e+00 
1.2514561e-01 -1.7032051e-02 0.0000000e+00 
1.2873210e-01 -1.2967259e-02 0.0000000e+00 
9.9823989e-02 -3.1593253e-03 0.0000000e+00 
1.2493381e-01 1.4594511e-02 0.0000000e+00 
9.9996395e-02 4.7870058e-06 0.0000000e+00 
1.2349148e-01 -1.1941235e-02 0.0000000e+00 
9.9998921e-02 1.3244990e-05 0.0000000e+00 
9.9998660e-02 2.2894841e-05 0.0000000e+00 
9.9992089e-02 -1.8135348e-05 0.0000000e+00 
9.9995635e-02 -1.0012534e-05 0.0000000e+00 
1.2621793e-01 3.7221462e-02 0.0000000e+00 
1.3115998e-01 4.1356798e-02 0.0000000e+00 
1.2254040e-01 4.7307052e-02 0.0000000e+00 
9.9992931e-02 -4.8566312e-06 0.0000000e+00 
9.9997811e-02 -5.5939281e-06 0.0000000e+00 
1.2471027e-01 -1.1413211e-03 0.0000000e+00 
1.0015617e-01 3.6386731e-03 0.0000000e+00 
8.4423468e-02 3.7110082e-03 0.0000000e+00 
6.7742214e-02 6.6569382e-03 0.0000000e+00 
4.8610110e-02 6.2746266e-03 0.0000000e+00 
3.8146421e-02 5.7758735e-03 0.0000000e+00 
5.5876695e-02 7.0771715e-03 0.0000000e+00 
3.0244295e-02 4.8663854e-03 0.0000000e+00 
1.0095511e-01 -4.3645804e-03 0.0000000e+00 
1.0103086e-01 -6.8028551e-03 0.0000000e+00 
1.0000809e-01 1.5666772e-05 0.0000000e+00 
4.6283882e-02 6.9531659e-03 0.0000000e+00 
2.4061162e-02 4.3355688e-03 0.0000000e+00 
1.2031246e-02 1.4802739e-03 0.0000000e+00 
8.6360276e-03 1.5546967e-03 0.0000000e+00 
9.9995740e-02 -2.6486894e-06 0.0000000e+00 
6.0888816e-02 4.9964585e-03 0.0000000e+00 
1.2560752e-01 9.7418083e-03 0.0000000e+00 
1.3454108e-01 1.0363503e-02 0.0000000e+00 
1.3387938e-01 -1.3328810e-02 0.0000000e+00 
9.9998422e-02 -3.2639139e-06 0.0000000e+00 
1.3143849e-01 -9.1241756e-03 0.0000000e+00 
9.8938048e-02 -6.3417945e-04 0.0000000e+00 
9.8631263e-02 2.2225011e-04 0.0000000e+00 
9.9378884e-02 -1.1330639e-03 0.0000000e+00 
9.7063921e-02 8.7816501e-04 0.0000000e+00 
9.8549701e-02 1.4036468e-03 0.0000000e+00 
9.7586140e-02 2.7026166e-03 0.0000000e+00 
9.9020101e-02 2.4341925e-03 0.0000000e+00 
9.8571591e-02 4.4579045e-03 0.0000000e+00 
9.9943437e-02 3.2191800e-03 0.0000000e+00 
1.0044960e-01 5.0641098e-03 0.0000000e+00 
9.9837750e-02 1.8841740e-03 0.0000000e+00 
1.7193268e-03 -8.0441264e-04 0.0000000e+00 
-2.5621825e-04 -9.7314178e-06 0.0000000e+00 
6.8274080e-03 2.1712347e-03 0.0000000e+00 
-2.8970875e-03 -1.0638961e-03 0.0000000e+00 
-4.3903515e-03 -1.9076806e-04 0.0000000e+00 
9.9995397e-02 1.8093564e-06 0.0000000e+00 
1.0122595e-01 3.3310589e-03 0.0000000e+00 
1.2668324e-01 -8.5812928e-03 0.0000000e+00 
-4.2761331e-03 2.8829429e-05 0.0000000e+00 
-4.6196496e-03 1.5949883e-04 0.0000000e+00 
-2.9945378e-03 1.0039242e-03 0.0000000e+00 
-7.9882459e-04 -1.3570812e-04 0.0000000e+00 
1.8434633e-03 5.3895474e-04 0.0000000e+00 
1.0403942e-01 2.3777895e-02 0.0000000e+00 
1.4323026e-01 -1.0085548e-02 0.0000000e+00 
1.2407117e-01 4.6197664e-02 0.0000000e+00 
1.1554960e-01 5.3252101e-02 0.0000000e+00 
1.3561220e-01 -9.1546969e-03 0.0000000e+00 
1.4111574e-01 1.3565699e-02 0.0000000e+00 
1.4256206e-01 9.6252207e-03 0.0000000e+00 
9.9348031e-02 5.9827749e-04 0.0000000e+00 
1.1328583e-01 4.0709595e-03 0.0000000e+00 
8.3134256e-02 -3.3280302e-03 0.0000000e+00 
8.0058053e-02 -5.1020593e-03 0.0000000e+00 
5.2364081e-02 -6.2040458e-03 0.0000000e+00 
8.5894547e-02 -7.6357268e-05 0.0000000e+00 
-4.9003707e-03 1.0097108e-04 0.0000000e+00 
3.0048510e-02 5.9236949e-03 0.0000000e+00 
1.0000244e-01 -1.3306903e-05 0.0000000e+00 
1.0000458e-01 -2.6179339e-05 0.0000000e+00 
7.2537720e-02 7.8376932e-03 0.0000000e+00 
5.2991480e-02 -6.3671060e-03 0.0000000e+00 
2.8609658e-02 -4.7584013e-03 0.0000000e+00 
3.1329650e-02 -4.7417600e-03 0.0000000e+00 
1.3154819e-02 -1.5844575e-03 0.0000000e+00 
1.7460389e-02 -2.6317276e-03 0.0000000e+00 
3.4569066e-02 -5.5375649e-03 0.0000000e+00 
9.9997833e-02 2.5038901e-06 0.0000000e+00 
9.9999875e-02 4.3170667e-06 0.0000000e+00 
-1.1333076e-03 2.2842789e-03 0.0000000e+00 
1.0075068e-01 -2.6266449e-03 0.0000000e+00 
1.0009240e-01 -1.8864104e-03 0.0000000e+00 
1.3404678e-01 1.3333053e-02 0.0000000e+00 
1.0700255e-03 -1.8335235e-03 0.0000000e+00 
1.3485590e-01 -2.7817821e-02 0.0000000e+00 
1.2931488e-01 -3.3594839e-02 0.0000000e+00 
1.3095124e-01 -4.1420855e-02 0.0000000e+00 
1.2017543e-01 -4.1675273e-02 0.0000000e+00 
1.2238330e-01 -4.8952781e-02 0.0000000e+00 
1.2242731e-01 -2.3071889e-02 0.0000000e+00 
8.1817836e-02 -2.3018945e-02 0.0000000e+00 
7.4400872e-02 -1.9630183e-02 0.0000000e+00 
7.5124964e-02 -1.1000584e-02 0.0000000e+00 
6.6147834e-02 -1.3386851e-02 0.0000000e+00 
6.4337812e-02 -2.4645992e-02 0.0000000e+00 
5.3750154e-02 -1.6062269e-02 0.0000000e+00 
5.9491068e-02 -4.3830462e-03 0.0000000e+00 
4.5342524e-02 -2.7874981e-03 0.0000000e+00 
5.5909228e-02 7.6120240e-03 0.0000000e+00 
6.6686369e-02 3.5685156e-03 0.0000000e+00 
6.6251099e-02 1.3227695e-02 0.0000000e+00 
5.7434563e-02 2.0986032e-02 0.0000000e+00 
6.9243163e-02 2.2774629e-02 0.0000000e+00 
6.3776143e-02 3.3261314e-02 0.0000000e+00 
7.5412787e-02 3.0813901e-02 0.0000000e+00 
7.4360669e-02 4.1962575e-02 0.0000000e+00 
7.8890294e-02 2.2051429e-02 0.0000000e+00 
4.8176281e-02 3.1645887e-02 0.0000000e+00 
5.2024115e-02 -3.0830082e-02 0.0000000e+00 
6.6098988e-02 -3.7206184e-02 0.0000000e+00 
5.4485653e-02 -4.5534562e-02 0.0000000e+00 
7.2429828e-02 -4.8657384e-02 0.0000000e+00 
8.4136173e-02 3.6122248e-02 0.0000000e+00 
8.6603992e-02 4.6084173e-02 0.0000000e+00 
7.5961173e-02 5.3539883e-02 0.0000000e+00 
9.1771059e-02 5.5168211e-02 0.0000000e+00 
9.8011173e-02 4.6276778e-02 0.0000000e+00 
7.8202851e-02 -3.8605835e-02 0.0000000e+00 
8.5885361e-02 -4.6691354e-02 0.0000000e+00 
8.3641566e-02 -5.6210123e-02 0.0000000e+00 
9.6613184e-02 -5.1182121e-02 0.0000000e+00 
9.6938454e-02 -5.8284730e-02 0.0000000e+00 
1.0791089e-01 -5.1754460e-02 0.0000000e+00 
1.0394723e-01 -4.4013675e-02 0.0000000e+00 
2.5912719e-03 -1.3898544e-03 0.0000000e+00 
1.0206372e-01 4.9960610e-02 0.0000000e+00 
4.2262290e-02 4.3372773e-02 0.0000000e+00 
1.0000157e-01 -4.7098224e-06 0.0000000e+00 
1.1341204e-01 -4.3556783e-02 0.0000000e+00 
1.3879964e-01 -6.8122213e-04 0.0000000e+00 
1.2613846e-01 -4.2919204e-02 0.0000000e+00 
7.6994345e-02 9.6169841e-03 0.0000000e+00 
9.9499732e-02 5.8435924e-02 0.0000000e+00 
3.0733407e-02 -4.0832043e-02 0.0000000e+00 
5.3883020e-02 -4.1776106e-02 0.0000000e+00 
1.6559098e-02 -4.1289213e-03 0.0000000e+00 
5.3494137e-02 2.5815030e-03 0.0000000e+00 
2.2207145e-03 4.3418262e-05 0.0000000e+00 
6.2352519e-02 -2.3896398e-02 0.0000000e+00 
-1.3049849e-03 -1.3291507e-03 0.0000000e+00 
1.8224712e-02 2.7080091e-02 0.0000000e+00 
1.0270843e-01 5.0927927e-03 0.0000000e+00 
1.0211001e-01 7.4650166e-03 0.0000000e+00 
1.0471745e-01 7.0159789e-03 0.0000000e+00 
4.8122056e-02 -1.7006358e-03 0.0000000e+00 
7.6277427e-02 -2.9351104e-03 0.0000000e+00 
5.5872963e-04 2.1144117e-03 0.0000000e+00 
1.1128513e-02 4.6563381e-03 0.0000000e+00 
1.0304489e-01 -5.1523326e-03 0.0000000e+00 
1.0387584e-01 -8.2057985e-03 0.0000000e+00 
1.0792094e-01 -3.3283422e-03 0.0000000e+00 
1.0371242e-01 3.6307581e-02 0.0000000e+00 
1.3294244e-02 -1.2720877e-02 0.0000000e+00 
1.0380899e-01 -4.9403911e-03 0.0000000e+00 
1.0437020e-01 -4.7832541e-02 0.0000000e+00 
1.0000464e-01 9.2307300e-06 0.0000000e+00 
5.9010133e-02 3.2278396e-02 0.0000000e+00 
1.2113056e-01 1.1211318e-02 0.0000000e+00 
8.0038786e-02 1.7301572e-03 0.0000000e+00 
8.3120488e-02 -4.8774951e-03 0.0000000e+00 
1.3896446e-01 9.8387673e-03 0.0000000e+00 
1.4077465e-01 6.4923265e-03 0.0000000e+00 
8.5130863e-02 1.6018853e-02 0.0000000e+00 
8.9982800e-02 2.1093801e-02 0.0000000e+00 
1.1248597e-01 3.3181254e-03 0.0000000e+00 
1.3831533e-01 -4.0930505e-03 0.0000000e+00 
1.0829264e-01 3.1577495e-03 0.0000000e+00 
1.1341356e-01 4.7309161e-03 0.0000000e+00 
1.0001482e-01 2.6572950e-05 0.0000000e+00 
9.9998951e-02 3.9773338e-05 0.0000000e+00 
1.0831268e-01 -3.2447465e-03 0.0000000e+00 
1.0102960e-01 -1.1060258e-02 0.0000000e+00 
1.0499648e-01 -1.1915905e-02 0.0000000e+00 
1.0729865e-01 -9.0231653e-03 0.0000000e+00 
9.7954355e-02 -7.9754898e-03 0.0000000e+00 
1.0925783e-01 -1.3182879e-02 0.0000000e+00 
1.1176409e-01 -8.8130198e-03 0.0000000e+00 
1.1481944e-01 -1.2116809e-02 0.0000000e+00 
1.3784610e-01 1.3607313e-03 0.0000000e+00 
1.3850281e-01 3.8076695e-03 0.0000000e+00 
1.3534299e-01 2.8067201e-03 0.0000000e+00 
1.3524193e-01 7.1621225e-03 0.0000000e+00 
1.2899812e-01 1.0019257e-02 0.0000000e+00 
1.2673634e-01 1.2728169e-02 0.0000000e+00 
1.1504676e-01 1.6118785e-02 0.0000000e+00 
1.2121852e-01 1.2404627e-02 0.0000000e+00 
1.0685541e-01 1.7369295e-02 0.0000000e+00 
1.1387650e-01 1.3216147e-02 0.0000000e+00 
1.2080312e-01 8.5688839e-03 0.0000000e+00 
1.3873108e-01 -4.3159504e-05 0.0000000e+00 
1.4010523e-01 -1.7385206e-03 0.0000000e+00 
1.3805848e-01 -4.0841722e-03 0.0000000e+00 
1.3988681e-01 -4.9243374e-03 0.0000000e+00 
1.3543764e-01 -8.4410571e-03 0.0000000e+00 
1.3488956e-01 -6.3497405e-03 0.0000000e+00 
1.3020274e-01 -1.1120738e-02 0.0000000e+00 
1.2212531e-01 -1.3602459e-02 0.0000000e+00 
1.1529830e-01 -1.6136225e-02 0.0000000e+00 
9.4926201e-02 -1.6688842e-02 0.0000000e+00 
1.2397788e-01 -1.3225362e-02 0.0000000e+00 
1.0685390e-01 -1.7786795e-02 0.0000000e+00 
1.1752326e-01 -1.4212335e-02 0.0000000e+00 
1.0263722e-01 -1.4538975e-02 0.0000000e+00 
9.9461257e-02 -1.7784650e-02 0.0000000e+00 
1.1054830e-01 -1.4532386e-02 0.0000000e+00 
1.4053079e-01 1.0551692e-03 0.0000000e+00 
1.3792621e-01 1.4547671e-03 0.0000000e+00 
1.2885004e-01 -1.0263059e-02 0.0000000e+00 
1.4198844e-01 -9.1291207e-04 0.0000000e+00 
7.6199047e-02 -1.8000115e-02 0.0000000e+00 
1.3474083e-01 -7.0134401e-03 0.0000000e+00 
7.4195124e-02 -1.5159976e-02 0.0000000e+00 
6.0454793e-02 -1.3915858e-02 0.0000000e+00 
5.8228336e-02 -1.4728994e-02 0.0000000e+00 
3.2531668e-02 -9.8966630e-03 0.0000000e+00 
1.0569827e-01 5.2339736e-02 0.0000000e+00 
1.0848349e-01 7.4430131e-03 0.0000000e+00 
1.1347111e-01 9.7296722e-03 0.0000000e+00 
6.0092997e-02 4.5256261e-02 0.0000000e+00 
4.2849429e-02 1.4199723e-02 0.0000000e+00 
1.2911943e-01 -5.2712150e-03 0.0000000e+00 
1.3204338e-01 1.0292422e-02 0.0000000e+00 
1.1514708e-01 1.4900086e-02 0.0000000e+00 
1.0537294e-01 1.6834801e-02 0.0000000e+00 
8.3222717e-02 1.6342755e-02 0.0000000e+00 
1.0505235e-01 1.0388080e-02 0.0000000e+00 
1.0236105e-01 -1.3903461e-03 0.0000000e+00 
9.9853866e-02 1.9390743e-04 0.0000000e+00 
1.0245738e-01 1.3829360e-03 0.0000000e+00 
3.7060656e-02 -1.8015159e-02 0.0000000e+00 
1.3087073e-01 -4.3528900e-03 0.0000000e+00 
1.5872950e-02 2.2580477e-03 0.0000000e+00 
9.9941559e-02 -3.9505181e-04 0.0000000e+00 
1.0580964e-01 -5.6605381e-03 0.0000000e+00 
1.3062769e-01 3.8868098e-03 0.0000000e+00 
1.4294016e-04 -1.6749837e-03 0.0000000e+00 
1.0002112e-01 1.2731598e-05 0.0000000e+00 
7.1911938e-02 1.3142182e-03 0.0000000e+00 
1.8406210e-02 4.4046282e-03 0.0000000e+00 
5.4691907e-02 1.0920081e-02 0.0000000e+00 
5.2741662e-02 -5.8508376e-03 0.0000000e+00 
8.7959267e-02 -1.8208958e-02 0.0000000e+00 
1.1314867e-01 -4.4159382e-03 0.0000000e+00 
7.7022292e-02 5.9830222e-02 0.0000000e+00 
-2.4374586e-03 1.1708797e-03 0.0000000e+00 
1.1066117e-01 -2.7630508e-02 0.0000000e+00 
1.1888219e-01 -4.7007157e-03 0.0000000e+00 
1.1336671e-01 -4.3526567e-03 0.0000000e+00 
1.0849828e-01 -7.7284868e-03 0.0000000e+00 
1.0506745e-01 -5.6259334e-03 0.0000000e+00 
1.0221390e-01 -8.9439070e-03 0.0000000e+00 
1.0065187e-01 -6.1228857e-03 0.0000000e+00 
1.0437051e-01 -1.2527626e-02 0.0000000e+00 
9.5515683e-02 -1.1436192e-02 0.0000000e+00 
1.1343521e-01 -9.3435487e-03 0.0000000e+00 
1.0289438e-01 -3.7856470e-03 0.0000000e+00 
1.0021947e-01 -3.8482151e-03 0.0000000e+00 
1.3711506e-01 6.5187518e-03 0.0000000e+00 
1.0001354e-01 4.7615904e-04 0.0000000e+00 
1.0019955e-01 1.0557917e-03 0.0000000e+00 
9.5968410e-02 -1.0017545e-03 0.0000000e+00 
1.1299715e-01 -1.7253825e-02 0.0000000e+00 
1.1946765e-01 -1.6168579e-02 0.0000000e+00 
1.1924157e-01 -1.0087992e-02 0.0000000e+00 
1.1944143e-01 1.6144561e-02 0.0000000e+00 
7.3592298e-02 7.8139836e-03 0.0000000e+00 
1.4260800e-01 3.2912877e-03 0.0000000e+00 
1.0974558e-01 -5.5305980e-02 0.0000000e+00 
1.0160351e-01 -2.3553476e-03 0.0000000e+00 
1.0005467e-01 -2.2575813e-03 0.0000000e+00 
1.0088934e-01 -1.3993003e-03 0.0000000e+00 
1.0001524e-01 -1.2637366e-03 0.0000000e+00 
1.0048927e-01 -7.8436325e-04 0.0000000e+00 
1.0005171e-01 -3.9782070e-04 0.0000000e+00 
9.8129451e-02 -2.6230947e-03 0.0000000e+00 
9.6363209e-02 -7.8223925e-03 0.0000000e+00 
1.0059866e-01 -3.3079440e-04 0.0000000e+00 
1.0024910e-01 -4.1708726e-04 0.0000000e+00 
1.0016272e-01 -2.3031830e-04 0.0000000e+00 
9.9991098e-02 -3.6079349e-04 0.0000000e+00 
9.9575914e-02 7.1352450e-03 0.0000000e+00 
2.7090043e-02 1.7492513e-03 0.0000000e+00 
1.3394600e-01 3.4514144e-02 0.0000000e+00 
1.0091540e-01 -3.5458464e-02 0.0000000e+00 
1.1517715e-01 4.6433192e-02 0.0000000e+00 
9.9999689e-02 -1.3011984e-06 0.0000000e+00 
1.0879814e-01 3.5038304e-03 0.0000000e+00 
1.0829292e-01 7.7536656e-03 0.0000000e+00 
1.0501118e-01 5.6366827e-03 0.0000000e+00 
1.0249375e-01 8.6601563e-03 0.0000000e+00 
1.0107487e-01 5.8153295e-03 0.0000000e+00 
1.0474010e-01 1.1729576e-02 0.0000000e+00 
1.1336878e-01 9.5815416e-03 0.0000000e+00 
1.0291094e-01 3.7161596e-03 0.0000000e+00 
1.0067900e-01 3.5289160e-03 0.0000000e+00 
9.8383859e-02 4.4935909e-03 0.0000000e+00 
1.0187907e-01 -9.9341047e-04 0.0000000e+00 
9.9999242e-02 1.6742757e-06 0.0000000e+00 
1.0547313e-01 -2.4596569e-03 0.0000000e+00 
9.9998109e-02 -7.6620118e-08 0.0000000e+00 
1.0002757e-01 4.5669392e-05 0.0000000e+00 
1.0000084e-01 6.9431488e-05 0.0000000e+00 
1.0005007e-01 7.8841535e-05 0.0000000e+00 
1.0000534e-01 1.2100193e-04 0.0000000e+00 
9.9951610e-02 8.2859842e-05 0.0000000e+00 
9.9921361e-02 1.4710015e-04 0.0000000e+00 
1.0001640e-01 2.1000126e-04 0.0000000e+00 
9.9873438e-02 2.6318125e-04 0.0000000e+00 
1.0004324e-01 3.6715344e-04 0.0000000e+00 
9.9800482e-02 4.7436543e-04 0.0000000e+00 
1.0010598e-01 6.4328098e-04 0.0000000e+00 
9.9691249e-02 8.5890078e-04 0.0000000e+00 
1.0023522e-01 1.1264620e-03 0.0000000e+00 
9.9521726e-02 1.5253286e-03 0.0000000e+00 
1.0043122e-01 2.0016185e-03 0.0000000e+00 
1.0098315e-01 1.2201468e-03 0.0000000e+00 
9.9398039e-02 4.4172321e-04 0.0000000e+00 
9.9880084e-02 6.8379908e-05 0.0000000e+00 
9.9970460e-02 4.6390713e-05 0.0000000e+00 
1.7933413e-02 3.7024543e-03 0.0000000e+00 
1.0006345e-01 -3.5343117e-05 0.0000000e+00 
1.0005304e-01 -8.2065511e-05 0.0000000e+00 
1.0002483e-01 -4.3548720e-05 0.0000000e+00 
1.0034784e-01 1.7810434e-04 0.0000000e+00 
1.0011521e-01 6.0170536e-05 0.0000000e+00 
1.0001134e-01 -6.3051616e-06 0.0000000e+00 
1.0003667e-01 -1.8400739e-05 0.0000000e+00 
9.9984594e-02 -3.0452567e-05 0.0000000e+00 
1.0000078e-01 -8.2783599e-06 0.0000000e+00 
1.0000285e-01 -2.2248623e-06 0.0000000e+00 
9.9949583e-02 -9.4770010e-05 0.0000000e+00 
1.0000692e-01 -1.3640878e-04 0.0000000e+00 
9.9982217e-02 2.6113430e-05 0.0000000e+00 
9.9999309e-02 7.5846501e-06 0.0000000e+00 
1.0000055e-01 -2.3046307e-06 0.0000000e+00 
9.6681528e-02 4.6950439e-03 0.0000000e+00 
9.5633224e-02 2.4493304e-03 0.0000000e+00 
9.9959567e-02 1.9596469e-05 0.0000000e+00 
1.0000449e-01 2.3789351e-06 0.0000000e+00 
1.0000227e-01 2.9415501e-06 0.0000000e+00 
1.0015022e-01 -9.5340965e-04 0.0000000e+00 
1.0547850e-01 2.4721134e-03 0.0000000e+00 
9.9988438e-02 -1.1430074e-06 0.0000000e+00 
9.9795729e-02 1.2624575e-04 0.0000000e+00 
6.2651932e-02 -5.5610888e-02 0.0000000e+00 
1.0515704e-01 3.5932910e-02 0.0000000e+00 
9.9993192e-02 -6.7029788e-07 0.0000000e+00 
3.5573654e-02 6.5150959e-03 0.0000000e+00 
2.0138646e-02 5.0907442e-03 0.0000000e+00 
-1.1625482e-03 2.2677679e-03 0.0000000e+00 
9.3689218e-02 3.7434466e-02 0.0000000e+00 
9.8968297e-02 8.2695449e-04 0.0000000e+00 
8.7941125e-02 1.0639322e-02 0.0000000e+00 
9.9997327e-02 -1.2328721e-06 0.0000000e+00 
9.9428982e-02 -8.4770017e-04 0.0000000e+00 
1.2173238e-01 3.9444249e-02 0.0000000e+00 
1.3805440e-01 -1.3040579e-02 0.0000000e+00 
9.9518195e-02 -1.0050432e-05 0.0000000e+00 
1.2005102e-01 -9.5680216e-03 0.0000000e+00 
1.3529861e-01 -2.5624391e-03 0.0000000e+00 
9.6338548e-02 -1.6237503e-02 0.0000000e+00 
7.6401723e-03 -1.5947454e-03 0.0000000e+00 
8.3819523e-02 1.4008521e-02 0.0000000e+00 
1.0000280e-01 5.3711810e-06 0.0000000e+00 
7.4473634e-02 -2.9102812e-02 0.0000000e+00 
9.4816312e-02 -9.4700856e-03 0.0000000e+00 
5.7377922e-03 2.8054253e-04 0.0000000e+00 
1.0006592e-01 3.5574754e-05 0.0000000e+00 
1.2479834e-01 4.2421566e-03 0.0000000e+00 
9.9864349e-02 -9.8968542e-04 0.0000000e+00 
1.0035090e-01 -5.6193880e-04 0.0000000e+00 
9.9861793e-02 9.8026451e-04 0.0000000e+00 
1.0050982e-01 1.8804632e-03 0.0000000e+00 
5.6710359e-02 4.2704921e-03 0.0000000e+00 
1.3190061e-01 -3.6041386e-02 0.0000000e+00 
1.0002339e-01 -6.7143160e-04 0.0000000e+00 
-1.6701528e-03 8.3929166e-04 0.0000000e+00 
1.0035404e-01 5.2647101e-04 0.0000000e+00 
1.0942685e-01 1.2596572e-02 0.0000000e+00 
1.0020074e-01 -9.6981028e-05 0.0000000e+00 
1.0000145e-01 1.5501367e-06 0.0000000e+00 
1.0006446e-01 1.6403209e-02 0.0000000e+00 
8.6504251e-02 1.9033752e-02 0.0000000e+00 
1.4081532e-01 3.5239435e-03 0.0000000e+00 
1.0889121e-01 -1.2190174e-02 0.0000000e+00 
7.5337648e-02 -1.3206500e-02 0.0000000e+00 
6.9920585e-02 -4.4948645e-03 0.0000000e+00 
9.0460017e-02 -5.5962566e-02 0.0000000e+00 
-2.9980107e-03 -4.8664905e-04 0.0000000e+00 
1.0000163e-01 -1.0435406e-06 0.0000000e+00 
1.0944923e-01 -3.6477290e-02 0.0000000e+00 
9.9997006e-02 6.0406040e-07 0.0000000e+00 
1.4387199e-01 -9.5273973e-03 0.0000000e+00 
1.0008792e-01 1.3500024e-04 0.0000000e+00 
1.2460978e-01 1.9996453e-02 0.0000000e+00 
1.0001234e-01 7.4161135e-06 0.0000000e+00 
9.9364705e-02 -2.0902015e-03 0.0000000e+00 
9.3416050e-02 4.9851150e-03 0.0000000e+00 
1.4413759e-01 7.8715263e-03 0.0000000e+00 
2.0189088e-02 -3.7115579e-03 0.0000000e+00 
1.3911293e-01 3.7603285e-03 0.0000000e+00 
9.9378705e-02 1.4065481e-03 0.0000000e+00 
1.3611323e-01 -1.8085059e-02 0.0000000e+00 
1.0198615e-01 9.3836879e-04 0.0000000e+00 
2.7920900e-02 -7.7849980e-03 0.0000000e+00 
1.2661110e-01 -8.6381966e-03 0.0000000e+00 
9.9775016e-02 -2.6913823e-04 0.0000000e+00 
8.3600797e-02 -3.0543208e-02 0.0000000e+00 
9.6654303e-02 -4.2443722e-03 0.0000000e+00 
1.0015715e-01 2.3125463e-04 0.0000000e+00 
9.6931852e-02 -1.2063223e-02 0.0000000e+00 
5.5835146e-02 5.3678103e-02 0.0000000e+00 
1.0193808e-01 1.3189558e-02 0.0000000e+00 
1.3851683e-01 1.7495479e-02 0.0000000e+00 
1.4469912e-02 -3.7269567e-03 0.0000000e+00 
1.4249861e-01 -5.6768698e-03 0.0000000e+00 
1.2171946e-01 1.0894465e-02 0.0000000e+00 
1.4366442e-01 -1.4703414e-02 0.0000000e+00 
8.4998228e-02 6.5070176e-03 0.0000000e+00 
7.6061204e-02 1.5275258e-02 0.0000000e+00 
7.9957277e-02 -1.1980371e-02 0.0000000e+00 
1.0323346e-01 -1.7936712e-02 0.0000000e+00 
8.5585751e-03 2.8948842e-03 0.0000000e+00 
1.2476300e-01 4.2056455e-03 0.0000000e+00 
7.3894449e-02 1.3889611e-02 0.0000000e+00 
8.4314957e-02 2.6860645e-02 0.0000000e+00 
9.0990067e-02 2.8687991e-02 0.0000000e+00 
1.0174673e-01 2.1599953e-03 0.0000000e+00 
3.9065670e-02 -6.7040683e-03 0.0000000e+00 
1.1949905e-01 2.1390352e-02 0.0000000e+00 
1.1402360e-01 1.4823095e-02 0.0000000e+00 
1.3374589e-01 6.3302671e-03 0.0000000e+00 
9.9164523e-02 2.6404751e-03 0.0000000e+00 
1.2309351e-01 -7.2026630e-03 0.0000000e+00 
1.0206144e-01 -3.1479809e-03 0.0000000e+00 
1.2395948e-01 -4.4492246e-03 0.0000000e+00 
5.0016828e-02 1.2644672e-02 0.0000000e+00 
9.9516578e-02 -4.8545221e-04 0.0000000e+00 
1.2977804e-01 7.9867765e-03 0.0000000e+00 
1.1887919e-01 4.3720519e-03 0.0000000e+00 
2.9543757e-02 2.3490245e-02 0.0000000e+00 
9.3666270e-02 -1.2451175e-03 0.0000000e+00 
1.0028820e-01 4.0080518e-04 0.0000000e+00 
1.1007828e-01 1.7763056e-02 0.0000000e+00 
1.4252038e-01 2.7992413e-04 0.0000000e+00 
7.6236770e-02 -5.8968488e-02 0.0000000e+00 
1.0009784e-01 -1.3778142e-04 0.0000000e+00 
9.6815802e-02 2.7265009e-03 0.0000000e+00 
2.7584126e-02 -5.3954506e-03 0.0000000e+00 
-1.2547083e-03 -2.0037452e-03 0.0000000e+00 
1.1797200e-01 -4.8569694e-02 0.0000000e+00 
1.2849398e-01 3.9407384e-02 0.0000000e+00 
9.5238179e-02 -4.1898888e-02 0.0000000e+00 
1.3336064e-01 -5.8679488e-03 0.0000000e+00 
2.4224488e-02 -7.8466609e-03 0.0000000e+00 
1.2173970e-01 -2.0408774e-02 0.0000000e+00 
1.0731016e-01 4.4249061e-02 0.0000000e+00 
3.4085710e-02 -3.3278104e-02 0.0000000e+00 
9.9999785e-02 2.6112496e-06 0.0000000e+00 
1.0052493e-01 6.8447390e-04 0.0000000e+00 
5.1433761e-02 1.3725130e-02 0.0000000e+00 
9.8222636e-02 9.3771024e-03 0.0000000e+00 
-2.9846225e-03 9.1895816e-04 0.0000000e+00 
4.5806680e-02 -4.8408993e-03 0.0000000e+00 
1.2367028e-01 -1.2181552e-02 0.0000000e+00 
1.0000070e-01 -7.5655975e-05 0.0000000e+00 
5.2051120e-03 2.8509367e-03 0.0000000e+00 
7.7234305e-02 -4.5451471e-03 0.0000000e+00 
5.2887328e-02 -1.1302838e-02 0.0000000e+00 
1.1608473e-01 9.2054205e-03 0.0000000e+00 
1.0136119e-01 1.9044342e-03 0.0000000e+00 
4.0503245e-02 4.1563693e-02 0.0000000e+00 
1.3038257e-01 -8.6841434e-03 0.0000000e+00 
1.0105732e-01 4.9399753e-04 0.0000000e+00 
-2.9733379e-03 -6.2021246e-04 0.0000000e+00 
4.6224813e-03 -1.8882708e-03 0.0000000e+00 
6.0476684e-03 1.9992226e-04 0.0000000e+00 
1.1558587e-01 -8.0917459e-03 0.0000000e+00 
9.4651215e-02 4.5018406e-03 0.0000000e+00 
1.0055649e-01 -1.4909684e-03 0.0000000e+00 
8.7725438e-02 -7.6560793e-03 0.0000000e+00 
7.3377721e-02 8.6184870e-04 0.0000000e+00 
7.7566877e-02 -6.4877351e-03 0.0000000e+00 
9.9997185e-02 -4.4967441e-05 0.0000000e+00 
9.9698931e-02 6.8032776e-04 0.0000000e+00 
1.3234644e-01 -1.0563378e-03 0.0000000e+00 
1.7999941e-02 3.8964690e-03 0.0000000e+00 
8.7177806e-02 -3.7872061e-02 0.0000000e+00 
1.3976468e-01 -8.0346102e-03 0.0000000e+00 
8.8514723e-02 8.5424175e-03 0.0000000e+00 
6.2105909e-02 8.4051229e-03 0.0000000e+00 
9.9995650e-02 -4.3012125e-07 0.0000000e+00 
5.3192876e-02 -6.8603517e-03 0.0000000e+00 
1.0007474e-01 -1.8373159e-04 0.0000000e+00 
9.7644657e-02 -3.2165915e-02 0.0000000e+00 
1.0007454e-01 1.6232982e-04 0.0000000e+00 
9.7830653e-02 7.3329196e-03 0.0000000e+00 
1.0293688e-01 1.3175918e-02 0.0000000e+00 
1.0109393e-01 1.0126810e-02 0.0000000e+00 
1.4170139e-01 -1.2506328e-02 0.0000000e+00 
9.3661040e-02 -1.3587426e-02 0.0000000e+00 
9.9998854e-02 -1.8548603e-06 0.0000000e+00 
8.2247101e-02 5.3064674e-02 0.0000000e+00 
8.5197970e-02 2.1186404e-02 0.0000000e+00 
-3.8201178e-03 -4.3212209e-04 0.0000000e+00 
1.0000207e-01 6.8828820e-07 0.0000000e+00 
1.4318530e-01 6.2251966e-03 0.0000000e+00 
1.0001832e-01 -2.1068669e-05 0.0000000e+00 
9.7636215e-02 1.4204697e-02 0.0000000e+00 
1.4018497e-01 -3.1373589e-03 0.0000000e+00 
1.0000105e-01 -5.3251728e-07 0.0000000e+00 
2.8306471e-02 7.3548574e-03 0.0000000e+00 
5.4173335e-02 -7.5468901e-03 0.0000000e+00 
1.0002597e-01 -2.1703096e-04 0.0000000e+00 
1.1689743e-02 -2.0470093e-03 0.0000000e+00 
1.2187473e-01 -9.4705960e-03 0.0000000e+00 
1.1697177e-01 1.1922868e-02 0.0000000e+00 
1.1151940e-01 -1.2480451e-02 0.0000000e+00 
1.1590794e-01 -3.6809050e-02 0.0000000e+00 
9.7551160e-02 1.0797765e-02 0.0000000e+00 
1.3790350e-01 6.6421512e-03 0.0000000e+00 
1.2067492e-01 -4.0519539e-02 0.0000000e+00 
1.3728534e-01 1.3061353e-02 0.0000000e+00 
1.2246990e-01 -8.0377441e-03 0.0000000e+00 
9.6839024e-03 -1.3029781e-03 0.0000000e+00 
1.0301772e-01 3.0212691e-03 0.0000000e+00 
5.5255461e-02 -1.1165447e-02 0.0000000e+00 
9.5243886e-02 2.2863828e-02 0.0000000e+00 
1.0050775e-01 6.3666049e-03 0.0000000e+00 
1.0060754e-01 1.2045398e-03 0.0000000e+00 
9.1492854e-02 -5.2628987e-03 0.0000000e+00 
1.0918909e-01 -6.3278531e-03 0.0000000e+00 
1.0127589e-01 -1.8935514e-03 0.0000000e+00 
1.0708463e-01 1.3759919e-02 0.0000000e+00 
1.0001012e-01 -1.3786090e-05 0.0000000e+00 
8.0823682e-02 -9.3804933e-03 0.0000000e+00 
3.0327616e-03 1.2620074e-03 0.0000000e+00 
1.2618275e-01 -3.6730275e-02 0.0000000e+00 
1.2663947e-01 7.7132653e-03 0.0000000e+00 
1.0259543e-01 -3.1596923e-03 0.0000000e+00 
1.4088266e-01 -4.4719935e-03 0.0000000e+00 
9.6262135e-02 1.8338408e-02 0.0000000e+00 
9.5309392e-02 1.5584992e-02 0.0000000e+00 
9.6011654e-02 -1.2999074e-02 0.0000000e+00 
1.3413022e-01 1.8201672e-02 0.0000000e+00 
1.2149591e-01 7.4736564e-03 0.0000000e+00 
1.2769102e-01 1.1221441e-02 0.0000000e+00 
8.8091575e-02 -2.5531543e-02 0.0000000e+00 
1.0184006e-01 7.7713588e-03 0.0000000e+00 
8.2664974e-02 1.4944313e-03 0.0000000e+00 
9.9688739e-02 -7.1746710e-04 0.0000000e+00 
6.0071953e-02 -1.5059499e-02 0.0000000e+00 
1.0536136e-01 4.4700815e-03 0.0000000e+00 
1.0000071e-01 2.6884793e-06 0.0000000e+00 
1.0298236e-01 -1.4346583e-02 0.0000000e+00 
1.0581458e-01 -1.5106060e-02 0.0000000e+00 
1.2356261e-01 3.0121957e-03 0.0000000e+00 
9.4983742e-02 6.4438919e-04 0.0000000e+00 
1.1714344e-01 8.0107693e-03 0.0000000e+00 
9.7420789e-02 6.3114646e-03 0.0000000e+00 
1.0000528e-01 -7.6879378e-06 0.0000000e+00 
1.3630314e-01 -6.0177478e-03 0.0000000e+00 
8.5486434e-03 4.0770774e-03 0.0000000e+00 
1.3742721e-01 -5.2509736e-03 0.0000000e+00 
1.1126140e-02 -3.6779731e-03 0.0000000e+00 
2.6424307e-02 -5.4062861e-03 0.0000000e+00 
1.3197418e-01 -3.0708776e-03 0.0000000e+00 
1.3365507e-01 -2.0670023e-02 0.0000000e+00 
PRESSURE 1 945  float
2.9854710e+00
0.0000000e+00
0.0000000e+00
2.9855769e+00
-4.1852107e+00
-4.2987800e+00
-4.6455703e+00
-5.1589417e+00
-5.7187290e+00
-6.3405299e+00
-6.9059749e+00
-7.1833735e+00
-7.0006914e+00
-5.9464750e+00
-4.1405864e+00
-1.5027993e+00
1.5437958e+00
4.4963312e+00
6.9766159e+00
8.7449970e+00
9.2831249e+00
8.7418852e+00
7.0934572e+00
4.5438690e+00
1.5089053e+00
-1.4894341e+00
-4.0509195e+00
-5.9537463e+00
-6.9006319e+00
-7.2512188e+00
-6.8958364e+00
-6.3061433e+00
-5.7240996e+00
-5.1753860e+00
-4.6207438e+00
-4.2841039e+00
2.9799709e+00
2.9214694e+00
2.8081281e+00
2.6130190e+00
2.2773829e+00
1.8414410e+00
1.2521495e+00
5.7866704e-01
-1.3113861e-01
-7.9912120e-01
-1.2803328e+00
-1.5873220e+00
-1.6766082e+00
-1.5701141e+00
-1.2964908e+00
-9.6078271e-01
-6.4087820e-01
-3.8552439e-01
-2.2512920e-01
-1.2042732e-01
-6.3370258e-02
-3.0048596e-02
-1.7565981e-02
-4.6219090e-03
-3.1875109e-03
-9.8645082e-04
-3.9942146e-04
-3.2736043e-05
5.8310623e-05
1.1153340e-04
9.3340772e-05
7.3759358e-05
4.7751313e-05
2.9455061e-05
6.6188231e-06
0.0000000e+00
0.0000000e+00
0.0000000e+00
0.0000000e+00
0.0000000e+00
0.0000000e+00
0.0000000e+00
0.0000000e+00
0.0000000e+00
-8.6629152e-06
-2.5298034e-05
-2.3630697e-05
-3.3441684e-05
-5.2492007e-05
-3.4923378e-05
-3.2667839e-04
-4.0392246e-04
-6.2386470e-04
-1.5125200e-03
-4.0071891e-03
-8.2415696e-03
-1.6181067e-02
-3.2252993e-02
-6.2064420e-02
-1.2025580e-01
-2.2155507e-01
-3.8860905e-01
-6.3718569e-01
-9.5740217e-01
-1.3031905e+00
-1.5658922e+00
-1.6718805e+00
-1.5909395e+00
-1.2673306e+00
-7.7552330e-01
-1.2848094e-01
5.8507270e-01
1.2554153e+00
1.8424240e+00
2.2894106e+00
2.6146016e+00
2.8165843e+00
2.9248586e+00
2.9814119e+00
3.0043340e+00
3.0509069e+00
3.1064854e+00
3.1597643e+00
3.1794202e+00
3.1607854e+00
3.1092491e+00
3.0508645e+00
3.0041916e+00
8.5380869e+00
-7.9229969e-01
-1.1606815e+00
-3.8509581e-02
-6.6110690e-04
-7.8538716e-05
2.5508001e+00
-2.8615087e-01
2.5202124e+00
3.1772187e+00
-9.3459971e-03
-1.5214077e-01
4.5788958e-05
-5.1525544e-04
-1.6987309e+00
7.3987062e-06
-1.7180117e+00
9.0400189e-01
9.2617065e-01
-1.1658218e+00
4.3631357e-05
-1.1552885e+00
3.1336155e+00
-8.6821619e-06
-3.8970099e-03
-2.0972814e-03
-3.9785560e-02
-2.7626802e-05
3.0795536e+00
2.8983548e+00
4.2340521e-06
2.9035954e+00
-1.4630130e-05
1.9618261e-05
3.0230196e+00
-1.5477841e+00
-1.8838736e+00
-1.9325409e+00
-2.2376854e+00
-2.2273285e+00
-2.6718793e+00
-2.5569599e+00
-3.0914316e+00
-2.7973590e+00
-3.3452678e+00
-2.9499428e+00
-3.2960870e+00
-2.9161861e+00
-3.1930556e+00
-2.7829099e+00
-3.0264950e+00
-2.5719004e+00
-2.8279247e+00
-2.3237457e+00
-2.0915184e+00
-1.8155679e+00
-2.6079023e+00
-1.6187998e+00
-1.2813902e+00
-5.2516665e+00
-4.4687362e+00
-1.0680145e+00
-7.4021989e-01
-2.6531887e+00
-2.5146179e+00
-5.9544128e-01
-4.1395709e-01
-3.0274959e+00
-2.8895483e+00
-4.2595224e+00
-2.3755603e-01
-9.5054783e-02
-1.9038862e-02
-1.8427733e-02
2.1513844e-02
3.7697945e-02
3.9281450e-02
-3.3174205e+00
-3.1549375e+00
-2.7983820e+00
-3.5149138e+00
-3.3613179e+00
-3.6632209e+00
-3.4744897e+00
-3.8066020e+00
-3.4778717e+00
-3.7854185e+00
-3.1544311e+00
-3.3666101e+00
-3.5927396e+00
-5.6192861e+00
-4.8204551e+00
1.8761050e-02
2.9219877e-02
3.2693353e-02
2.5159620e-02
-3.0877721e+00
-3.2372022e+00
-1.1344482e+00
9.5519889e-03
1.0861338e-02
7.0422948e-03
6.0106213e-03
-3.5440824e+00
2.7938581e-03
2.5824707e-03
1.1102142e-03
7.8836665e-04
-3.3853791e+00
-2.2930349e-04
4.7281155e-04
3.9785021e-04
2.6065687e-04
-1.2118353e-04
4.2733776e-05
-3.8907843e+00
-3.3126802e+00
-6.5929861e+00
-1.1060853e-01
-4.7860506e-01
-3.5900431e+00
-1.4248692e+00
-9.8963748e-05
-1.2134387e-05
-5.0354760e-05
-2.2622957e-05
2.0653270e-05
1.3872150e-06
2.0851854e-04
-2.4138732e+00
-2.7059181e+00
-3.6435875e-05
1.7934131e-03
-2.9269316e+00
1.4255478e-02
1.1276430e-02
-3.9966245e+00
-3.2654943e+00
-2.6763289e+00
-2.4402592e+00
-3.1614702e+00
-2.0105121e+00
-8.2302324e-02
-2.5004969e+00
-1.3826172e+00
-4.7771854e+00
-1.1594990e+00
-5.0811064e-01
-5.6478512e-01
2.3191597e-01
5.0914150e-01
1.0166417e+00
1.4762491e+00
5.2809553e+00
1.7353261e+00
2.3064625e+00
2.3387299e+00
2.8772013e+00
2.7770743e+00
3.3077250e+00
3.0476255e+00
3.4534163e+00
3.8476505e+00
3.8222430e+00
4.2476411e+00
4.0672846e+00
4.4634900e+00
4.1393633e+00
4.4496193e+00
4.0610757e+00
4.2306714e+00
3.8717294e+00
3.5002806e+00
3.8878646e+00
4.3319731e+00
3.7971268e+00
4.0782313e+00
7.3989716e+00
3.4964755e+00
3.4937091e+00
3.8313122e+00
3.6248400e+00
2.9958143e+00
2.8177359e+00
2.7719045e+00
2.3885698e+00
2.0162771e+00
-5.9294381e+00
-2.5948663e+00
3.0355031e+00
2.9669211e+00
4.7066078e+00
2.3407211e+00
4.8130488e+00
1.7205719e+00
1.0995868e+00
2.0885468e+00
3.3699687e+00
3.6190381e+00
3.4023857e+00
3.4250288e+00
3.2697690e+00
-4.6831051e-01
-1.0061835e+00
1.0466180e+00
3.3801433e-01
1.8180597e-01
-6.1413592e-01
-2.1046521e-01
-1.0556060e+00
-1.7218320e+00
-6.5605679e+00
-6.1998445e-01
-1.9371369e+00
-2.9375794e+00
1.3038377e+00
9.8179197e-01
-3.8366230e+00
3.8170336e-05
1.8444111e-05
-4.0866013e+00
2.7407924e-02
-4.4426565e+00
-2.7442598e+00
-2.0700109e+00
-3.6982610e+00
3.1673434e+00
-2.6638880e+00
6.0546566e-03
-2.9767011e-06
-3.6910429e+00
-3.0290034e+00
1.5694594e-03
-4.4146905e+00
-4.7238426e+00
-4.4504294e-01
2.8811352e-05
-2.1694813e+00
-3.3713431e+00
-4.1778264e+00
-3.7471809e+00
-4.3466549e+00
1.1746582e-03
3.2875006e+00
3.3808920e+00
9.0803914e-02
-3.1671938e-01
3.1011779e+00
1.3716514e-01
1.3375568e-05
-4.5991273e+00
4.9539784e-05
7.0432419e-05
-5.4441389e-06
-5.6355857e-05
-3.6786153e+00
-2.1895010e+00
-2.4083631e+00
-4.8101178e-05
-3.6597517e-05
-3.9309096e+00
-4.3294511e+00
-4.8428111e+00
-4.5594926e+00
-5.0135765e+00
-4.6587114e+00
-4.3393235e+00
-4.3821020e+00
2.9569812e+00
2.9531837e+00
5.4336520e-05
-4.1273165e+00
-4.1435947e+00
-4.3550277e+00
-4.1179304e+00
-1.6580809e-05
-5.3014750e+00
8.7157682e-02
-1.0556307e+00
-9.9850947e-01
-1.9384364e-05
-6.5492320e-01
3.2666652e+00
3.3010759e+00
3.2006705e+00
3.4480910e+00
3.2953773e+00
3.3753850e+00
3.2219360e+00
3.2483263e+00
3.0918729e+00
3.0205305e+00
3.1138279e+00
-4.2691231e+00
-4.0529160e+00
-3.9005997e+00
-4.1653094e+00
-3.9979022e+00
-1.4890199e-07
2.9219217e+00
-3.5242997e-02
-4.1120110e+00
-3.9823062e+00
-4.1475968e+00
-3.9999816e+00
-4.1971569e+00
-5.1783385e+00
-3.1077039e+00
-1.0266712e+00
-7.7505010e-01
-1.2036933e+00
-2.0115750e+00
-2.2060277e+00
3.2222722e+00
-4.6888623e+00
-4.9621201e+00
-4.6571970e+00
-5.0068135e+00
-5.4048386e+00
-3.8102396e+00
-5.5146565e+00
-3.2427542e-05
4.3443750e-05
-4.0512481e+00
-4.6232262e+00
-4.8463149e+00
-4.5060382e+00
-4.6344671e+00
-4.3612857e+00
-4.2182331e+00
4.7758549e-06
2.1833286e-05
-4.3396769e+00
2.9754043e+00
3.0713756e+00
-4.0983248e+00
-3.6145184e+00
-3.6960316e+00
-3.7644131e+00
-2.3310120e+00
-3.4437852e+00
-1.7192047e+00
-4.6504068e+00
4.5243158e+00
5.2006197e+00
5.3030853e+00
5.8908110e+00
5.7790337e+00
6.5981569e+00
6.3822098e+00
7.1681561e+00
6.5908532e+00
5.9474339e+00
5.9196610e+00
6.3314676e+00
5.5270519e+00
5.5787754e+00
4.8245616e+00
4.4752269e+00
4.7822242e+00
6.4918075e+00
6.3130212e+00
5.2508340e+00
5.4201350e+00
4.2057672e+00
3.9695671e+00
3.2897639e+00
3.5145462e+00
2.1202836e+00
2.2372293e+00
4.3267798e+00
3.3205473e+00
2.6453025e+00
2.0406971e+00
8.6564595e-01
7.3059702e-01
1.7495811e+00
-4.5209036e+00
-2.5198793e+00
2.6483386e+00
-3.3410022e-05
6.9293785e-01
-3.1345084e+00
-1.0846467e+00
-3.5869305e+00
6.1878975e-02
5.4782515e+00
-9.5147662e-02
-6.2569175e+00
-6.5528641e+00
-5.1612005e+00
-4.6233325e+00
-4.2742701e+00
7.3505812e+00
2.7548244e+00
2.8371012e+00
2.5322456e+00
-6.5555940e+00
-6.0238838e+00
-3.2284937e+00
-3.4094276e+00
2.7244358e+00
2.6452227e+00
-4.8425207e+00
2.1168547e+00
8.3561668e+00
-4.0369906e+00
-2.8572063e+00
4.1320574e-05
-2.6942606e+00
6.4528829e-01
4.9499769e+00
4.6838717e+00
-1.6556649e+00
-1.9148296e+00
4.3969312e+00
3.8864081e+00
-3.9746766e+00
-1.5691918e+00
2.1506994e+00
1.5664384e+00
5.7025358e-05
9.9288838e-05
2.1520441e+00
2.9262307e+00
2.4762106e+00
2.2426977e+00
3.2838504e+00
1.9927962e+00
1.7562656e+00
1.3671395e+00
-1.7106686e+00
-1.8198422e+00
-1.5240339e+00
-1.6040685e+00
-1.2105039e+00
-1.6181973e+00
-1.1674911e+00
-8.8261414e-01
-7.5772947e-01
-5.5657649e-01
-6.4597154e-01
-1.7320426e+00
-1.9401690e+00
-1.7773318e+00
-2.2006137e+00
-1.9048911e+00
-1.5648146e+00
-1.5827879e+00
-1.9585317e+00
-1.5404359e+00
-1.9495602e+00
-1.1849991e+00
-1.0489701e+00
-8.2176918e-01
-2.3996744e+00
-6.3189638e-01
-4.8512375e-01
-1.9113650e+00
-1.5735213e+00
-2.3962927e+00
-2.2656171e+00
-9.2236364e-01
-2.5735741e+00
-3.6126870e-01
-2.3621593e+00
-1.8224856e+00
-2.0734215e+00
9.6075124e-01
2.1093497e+00
1.5641987e+00
5.1623311e+00
7.2030225e+00
-3.4783399e-01
-1.9135379e+00
-2.0241253e+00
-1.6253179e+00
-2.0363054e+00
2.5038216e+00
2.7733545e+00
3.1782451e+00
2.7587175e+00
7.3830371e+00
-1.1878207e+00
-4.6527486e+00
3.1350329e+00
2.4135556e+00
-5.4425591e-01
-4.7914972e+00
6.3612635e-05
-6.0352707e+00
-6.2237396e+00
-6.0702376e+00
-5.4366693e+00
-1.4679143e+00
1.6153831e+00
1.6220948e+00
-3.5573287e+00
-4.8884430e+00
-4.9478698e-01
-2.9010823e-01
-1.8079448e-01
-7.6697268e-02
-7.8002363e-02
-1.6889839e-02
-1.8923306e-01
-7.2566681e-02
-3.4624538e-01
-4.1751020e-02
-4.8537068e-03
-1.4154671e+00
3.0769782e+00
3.0343926e+00
3.5585804e+00
1.5487193e+00
7.9529136e-01
8.6883622e-01
7.9531854e-01
5.4394808e+00
-2.2033820e+00
-8.1409204e-01
-1.5858525e-02
3.2475856e-03
-7.8404276e-03
1.2753145e-03
-3.3497363e-03
3.0226321e+00
6.9821728e-03
-2.2718401e-03
-4.7550155e-03
-1.8129686e-03
-5.0316664e-04
2.5502525e-04
3.1213019e+00
7.9861469e+00
-1.6198084e+00
2.3904688e+00
2.7437875e-01
6.0798828e-07
-1.5257685e-01
-1.7092928e-01
-8.1811264e-02
-8.0117881e-02
-2.9655192e-02
-2.0678920e-01
-3.5835621e-01
-3.7915088e-02
-8.2990900e-03
1.1050905e-02
-1.9634839e-02
1.3403479e-06
-7.9544410e-02
3.0647857e-06
4.3541284e-05
1.3778717e-04
-2.3049508e-05
2.3347387e-04
2.8070435e-04
5.2893267e-04
3.2697173e-04
1.0263895e-03
3.5415438e-04
1.8463472e-03
-9.9955185e-05
2.9822967e-03
-1.4433226e-03
5.2057062e-03
-4.2699138e-03
-9.0252217e-03
3.9375336e-03
3.4579021e-04
1.5978933e-04
-5.0760250e+00
-3.6716164e-04
-3.7750733e-04
-1.3501529e-04
-1.6446954e-03
-1.9125910e-04
-7.0872695e-05
-1.2484567e-04
-6.9400878e-05
-2.2894259e-05
-3.4611625e-05
1.7798795e-05
-6.4524077e-04
7.9171026e-05
3.4374036e-05
-1.0376867e-05
3.4675498e+00
3.5865948e+00
6.7471185e-05
3.2703341e-05
2.3394918e-05
3.0381041e+00
-7.8303181e-02
-1.9963114e-05
8.3546934e-04
3.7003067e+00
-4.1999063e+00
-2.0567350e-05
-3.9029672e+00
-3.7058363e+00
-4.4549670e+00
3.0689650e+00
7.4177193e-03
-3.2092221e-02
-1.1270810e-05
3.0968804e-03
-1.4193380e-01
-1.5729493e+00
3.2209868e+00
-6.3740826e-01
-1.5149189e+00
-3.0995610e-01
-4.0295515e+00
-1.9032538e-01
2.9752411e-05
4.9549408e+00
3.5978689e+00
-4.4210420e+00
-2.5303641e-05
2.0689030e-01
3.1231389e+00
2.9707019e+00
3.1212649e+00
3.0001566e+00
-5.8841057e+00
-1.4370039e+00
6.0226728e-04
-3.8192990e+00
2.9699826e+00
1.9839309e+00
-8.1278704e-04
4.6528603e-06
-4.1168609e-01
-9.1494024e-01
-2.1412148e+00
-2.7509577e+00
-2.8059938e+00
5.6844940e+00
-8.8768822e-01
-3.8193667e+00
-1.0935675e-05
1.4725343e+00
-8.1697417e-06
-2.4316406e+00
-1.6800752e-04
1.2956627e-01
6.2310959e-05
3.1761360e+00
3.7948635e+00
-2.7406914e+00
-4.0961637e+00
-1.6921980e+00
3.1924183e+00
-1.3632381e+00
-1.9103397e-02
-1.6318874e+00
-9.9641538e-01
4.4002815e-04
4.2065110e+00
-5.3624907e+00
-6.6228752e-04
3.3612058e+00
4.0928392e+00
-5.4381971e+00
-1.6511295e+00
-2.1248066e+00
-3.0761397e+00
-2.5569093e+00
-2.6555018e+00
-4.2261567e+00
5.1570735e+00
-3.1196918e+00
2.6223240e+00
-5.6746855e+00
-7.8626668e-01
-2.5356026e+00
4.2598305e+00
3.6297376e+00
-1.7969262e-02
-3.9536219e+00
7.1041369e-01
1.4475147e+00
-9.3901235e-01
8.1798406e-03
-3.0997984e+00
2.8139973e+00
3.2124645e-01
-2.3433850e+00
3.2027237e+00
-4.2173612e-01
-4.8369041e-01
7.5146351e+00
3.7655673e+00
-1.6459713e-03
1.8605137e+00
-2.6210384e+00
1.4138851e+00
-5.4769061e-04
2.2895128e-02
-5.2580261e+00
-4.3232265e+00
-3.5481280e-01
-1.1200376e+00
2.7570546e+00
-9.0753633e-01
-2.4988372e+00
4.5151335e-01
1.3578413e+00
6.8428969e+00
2.8367745e-05
-3.8197206e-03
-1.8982217e+00
3.2444932e+00
-4.2025170e+00
-5.9778805e+00
3.2405135e-01
2.2328046e-05
-3.6806159e+00
5.1662846e+00
-6.5492553e-01
-4.8221974e+00
2.8853385e+00
6.1294875e+00
-1.2968316e+00
-7.9876911e-03
-4.2106800e+00
-3.8392761e+00
-4.8343158e+00
1.3150346e+00
2.6229069e-02
2.9784615e+00
3.3900466e-02
5.4384875e+00
-4.3506513e+00
-1.1199319e-04
3.1724601e+00
-3.5568182e+00
-3.9490223e+00
3.6145546e+00
-1.7756183e+00
-3.7236485e+00
-3.8792591e+00
-1.1929706e-05
-4.3246040e+00
2.9933839e+00
-4.5483642e+00
2.9930618e+00
-9.5484080e-03
2.7197723e+00
2.9287660e+00
-2.1087737e+00
-5.7132840e+00
-1.3317626e-05
-8.8525468e-01
4.3682485e+00
-3.6323390e+00
4.9934370e-06
-2.3254716e+00
-1.6170162e-04
-1.7406316e-01
-2.5641706e+00
-8.3800105e-06
-3.3942246e+00
-4.0712481e+00
-6.7544234e-04
-4.9937954e+00
-2.8038459e+00
1.1343160e+00
-5.1532025e+00
6.8540883e-01
-5.6154463e-02
-2.0773072e+00
-6.7638844e-02
-1.4496826e+00
4.8881343e-01
-4.2272339e+00
2.7131705e+00
-3.0580316e+00
3.3108966e+00
-3.8805685e+00
2.9629340e+00
2.6410947e-02
2.0394535e+00
2.8923657e+00
-3.5114136e-01
-1.6669869e-04
4.8504877e+00
-4.6578031e+00
-5.8732665e-01
-9.6402651e-01
-4.2766957e+00
-1.9200715e+00
-1.2734185e+00
-2.2517622e+00
-1.1768906e-01
-4.0722146e+00
6.0419118e-01
-2.2399266e+00
3.9591739e+00
-5.3267641e+00
-5.3277435e+00
3.1690896e+00
-1.3752245e+00
2.4552670e+00
2.0059920e-06
2.7077773e+00
2.3811948e+00
-3.5832160e+00
3.6419623e+00
1.1262405e+00
3.3506699e+00
-3.6314312e-05
-1.3138434e+00
-3.1300879e+00
-3.4999099e+00
-3.6257005e+00
-5.6992550e+00
-7.1742612e-01
-4.0983028e+00
CELL_DATA 1766
FIELD FieldData 0
