# vtk DataFile Version 4.0
vtk output
ASCII
DATASET UNSTRUCTURED_GRID
POINTS 945 float
0.0000000e+00 0.0000000e+00 0.0000000e+00 
2.0000000e+00 0.0000000e+00 0.0000000e+00 
2.0000000e+00 6.0000002e-01 0.0000000e+00 
0.0000000e+00 6.0000002e-01 0.0000000e+00 
5.6000000e-01 3.0000001e-01 0.0000000e+00 
5.5884713e-01 2.8829461e-01 0.0000000e+00 
5.5543280e-01 2.7703899e-01 0.0000000e+00 
5.4988819e-01 2.6666579e-01 0.0000000e+00 
5.4242641e-01 2.5757360e-01 0.0000000e+00 
5.3333420e-01 2.5011179e-01 0.0000000e+00 
5.2296102e-01 2.4456720e-01 0.0000000e+00 
5.1170540e-01 2.4115290e-01 0.0000000e+00 
5.0000000e-01 2.3999999e-01 0.0000000e+00 
4.8829460e-01 2.4115290e-01 0.0000000e+00 
4.7703901e-01 2.4456720e-01 0.0000000e+00 
4.6666580e-01 2.5011179e-01 0.0000000e+00 
4.5757359e-01 2.5757360e-01 0.0000000e+00 
4.5011181e-01 2.6666579e-01 0.0000000e+00 
4.4456720e-01 2.7703899e-01 0.0000000e+00 
4.4115290e-01 2.8829461e-01 0.0000000e+00 
4.4000000e-01 3.0000001e-01 0.0000000e+00 
4.4115290e-01 3.1170541e-01 0.0000000e+00 
4.4456720e-01 3.2296100e-01 0.0000000e+00 
4.5011181e-01 3.3333421e-01 0.0000000e+00 
4.5757359e-01 3.4242639e-01 0.0000000e+00 
4.6666580e-01 3.4988821e-01 0.0000000e+00 
4.7703901e-01 3.5543281e-01 0.0000000e+00 
4.8829460e-01 3.5884711e-01 0.0000000e+00 
5.0000000e-01 3.6000001e-01 0.0000000e+00 
5.1170540e-01 3.5884711e-01 0.0000000e+00 
5.2296102e-01 3.5543281e-01 0.0000000e+00 
5.3333420e-01 3.4988821e-01 0.0000000e+00 
5.4242641e-01 3.4242639e-01 0.0000000e+00 
5.4988819e-01 3.3333421e-01 0.0000000e+00 
5.5543280e-01 3.2296100e-01 0.0000000e+00 
5.5884713e-01 3.1170541e-01 0.0000000e+00 
5.9016321e-02 0.0000000e+00 0.0000000e+00 
1.1803260e-01 0.0000000e+00 0.0000000e+00 
1.7704900e-01 0.0000000e+00 0.0000000e+00 
2.3587100e-01 0.0000000e+00 0.0000000e+00 
2.9085249e-01 0.0000000e+00 0.0000000e+00 
3.4144861e-01 0.0000000e+00 0.0000000e+00 
3.8872591e-01 0.0000000e+00 0.0000000e+00 
4.3368599e-01 0.0000000e+00 0.0000000e+00 
4.7725680e-01 0.0000000e+00 0.0000000e+00 
5.2034539e-01 0.0000000e+00 0.0000000e+00 
5.6386721e-01 0.0000000e+00 0.0000000e+00 
6.0872579e-01 0.0000000e+00 0.0000000e+00 
6.5584701e-01 0.0000000e+00 0.0000000e+00 
7.0623368e-01 0.0000000e+00 0.0000000e+00 
7.6094180e-01 0.0000000e+00 0.0000000e+00 
8.1967372e-01 0.0000000e+00 0.0000000e+00 
8.7868989e-01 0.0000000e+00 0.0000000e+00 
9.3770629e-01 0.0000000e+00 0.0000000e+00 
9.9672258e-01 0.0000000e+00 0.0000000e+00 
1.0557390e+00 0.0000000e+00 0.0000000e+00 
1.1147550e+00 0.0000000e+00 0.0000000e+00 
1.1737720e+00 0.0000000e+00 0.0000000e+00 
1.2327880e+00 0.0000000e+00 0.0000000e+00 
1.2918040e+00 0.0000000e+00 0.0000000e+00 
1.3508210e+00 0.0000000e+00 0.0000000e+00 
1.4098370e+00 0.0000000e+00 0.0000000e+00 
1.4688530e+00 0.0000000e+00 0.0000000e+00 
1.5278690e+00 0.0000000e+00 0.0000000e+00 
1.5868860e+00 0.0000000e+00 0.0000000e+00 
1.6459020e+00 0.0000000e+00 0.0000000e+00 
1.7049180e+00 0.0000000e+00 0.0000000e+00 
1.7639350e+00 0.0000000e+00 0.0000000e+00 
1.8229510e+00 0.0000000e+00 0.0000000e+00 
1.8819669e+00 0.0000000e+00 0.0000000e+00 
1.9409840e+00 0.0000000e+00 0.0000000e+00 
2.0000000e+00 5.9999999e-02 0.0000000e+00 
2.0000000e+00 1.2000000e-01 0.0000000e+00 
2.0000000e+00 1.8000001e-01 0.0000000e+00 
2.0000000e+00 2.3999999e-01 0.0000000e+00 
2.0000000e+00 3.0000001e-01 0.0000000e+00 
2.0000000e+00 3.6000001e-01 0.0000000e+00 
2.0000000e+00 4.1999999e-01 0.0000000e+00 
2.0000000e+00 4.7999999e-01 0.0000000e+00 
2.0000000e+00 5.4000002e-01 0.0000000e+00 
1.9409840e+00 6.0000002e-01 0.0000000e+00 
1.8819669e+00 6.0000002e-01 0.0000000e+00 
1.8229510e+00 6.0000002e-01 0.0000000e+00 
1.7639350e+00 6.0000002e-01 0.0000000e+00 
1.7049180e+00 6.0000002e-01 0.0000000e+00 
1.6459020e+00 6.0000002e-01 0.0000000e+00 
1.5868860e+00 6.0000002e-01 0.0000000e+00 
1.5278690e+00 6.0000002e-01 0.0000000e+00 
1.4688530e+00 6.0000002e-01 0.0000000e+00 
1.4098370e+00 6.0000002e-01 0.0000000e+00 
1.3508210e+00 6.0000002e-01 0.0000000e+00 
1.2918040e+00 6.0000002e-01 0.0000000e+00 
1.2327880e+00 6.0000002e-01 0.0000000e+00 
1.1737720e+00 6.0000002e-01 0.0000000e+00 
1.1147550e+00 6.0000002e-01 0.0000000e+00 
1.0557390e+00 6.0000002e-01 0.0000000e+00 
9.9672258e-01 6.0000002e-01 0.0000000e+00 
9.3770629e-01 6.0000002e-01 0.0000000e+00 
8.7868989e-01 6.0000002e-01 0.0000000e+00 
8.1967372e-01 6.0000002e-01 0.0000000e+00 
7.6094180e-01 6.0000002e-01 0.0000000e+00 
7.0623368e-01 6.0000002e-01 0.0000000e+00 
6.5584701e-01 6.0000002e-01 0.0000000e+00 
6.0872579e-01 6.0000002e-01 0.0000000e+00 
5.6386721e-01 6.0000002e-01 0.0000000e+00 
5.2034539e-01 6.0000002e-01 0.0000000e+00 
4.7725680e-01 6.0000002e-01 0.0000000e+00 
4.3368599e-01 6.0000002e-01 0.0000000e+00 
3.8872591e-01 6.0000002e-01 0.0000000e+00 
3.4144861e-01 6.0000002e-01 0.0000000e+00 
2.9085249e-01 6.0000002e-01 0.0000000e+00 
2.3587100e-01 6.0000002e-01 0.0000000e+00 
1.7704900e-01 6.0000002e-01 0.0000000e+00 
1.1803260e-01 6.0000002e-01 0.0000000e+00 
5.9016321e-02 6.0000002e-01 0.0000000e+00 
0.0000000e+00 5.4000002e-01 0.0000000e+00 
0.0000000e+00 4.7999999e-01 0.0000000e+00 
0.0000000e+00 4.1999999e-01 0.0000000e+00 
0.0000000e+00 3.6000001e-01 0.0000000e+00 
0.0000000e+00 3.0000001e-01 0.0000000e+00 
0.0000000e+00 2.3999999e-01 0.0000000e+00 
0.0000000e+00 1.8000001e-01 0.0000000e+00 
0.0000000e+00 1.2000000e-01 0.0000000e+00 
0.0000000e+00 5.9999999e-02 0.0000000e+00 
4.3026751e-01 3.0683401e-01 0.0000000e+00 
8.4908241e-01 5.5269438e-01 0.0000000e+00 
7.8790653e-01 5.1802918e-02 0.0000000e+00 
1.1430219e+00 5.0576471e-02 0.0000000e+00 
1.4415160e+00 5.0573289e-02 0.0000000e+00 
1.6754100e+00 5.5038619e-01 0.0000000e+00 
2.6041579e-01 5.2875768e-02 0.0000000e+00 
9.6895182e-01 5.0380111e-02 0.0000000e+00 
2.6302171e-01 5.5612308e-01 0.0000000e+00 
5.5065349e-02 2.6500449e-01 0.0000000e+00 
1.2615570e+00 5.4759312e-01 0.0000000e+00 
1.0253479e+00 5.4886931e-01 0.0000000e+00 
1.6201590e+00 5.4130111e-02 0.0000000e+00 
1.4979730e+00 5.5115038e-01 0.0000000e+00 
6.7900127e-01 5.5979192e-01 0.0000000e+00 
1.9463980e+00 2.6800990e-01 0.0000000e+00 
6.3145077e-01 3.8099781e-02 0.0000000e+00 
4.1331020e-01 5.6811810e-01 0.0000000e+00 
4.1231820e-01 3.8809739e-02 0.0000000e+00 
5.4410732e-01 5.6000441e-01 0.0000000e+00 
1.7962800e+00 5.9606131e-02 0.0000000e+00 
5.4468262e-01 3.7558820e-02 0.0000000e+00 
4.9130220e-02 3.9247900e-01 0.0000000e+00 
1.9509200e+00 3.8997239e-01 0.0000000e+00 
1.3233820e+00 4.9667731e-02 0.0000000e+00 
1.3821890e+00 5.4839480e-01 0.0000000e+00 
1.1434870e+00 5.4837209e-01 0.0000000e+00 
1.7959980e+00 5.4855859e-01 0.0000000e+00 
4.9401909e-02 1.5067521e-01 0.0000000e+00 
1.4989950e-01 5.5529898e-01 0.0000000e+00 
1.9519399e+00 1.5339760e-01 0.0000000e+00 
1.4754079e-01 5.1025499e-02 0.0000000e+00 
1.9506550e+00 5.1069498e-01 0.0000000e+00 
1.9114760e+00 5.1109631e-02 0.0000000e+00 
4.9216151e-02 5.0927132e-01 0.0000000e+00 
5.8710063e-01 3.6655251e-02 0.0000000e+00 
6.0428280e-01 7.4787550e-02 0.0000000e+00 
6.4929068e-01 7.4443869e-02 0.0000000e+00 
6.2715179e-01 1.0633790e-01 0.0000000e+00 
5.9329480e-01 1.0799770e-01 0.0000000e+00 
6.0949302e-01 1.3488390e-01 0.0000000e+00 
6.4123279e-01 1.3555969e-01 0.0000000e+00 
6.2006623e-01 1.6328260e-01 0.0000000e+00 
6.5316749e-01 1.6381399e-01 0.0000000e+00 
6.3351321e-01 1.8958050e-01 0.0000000e+00 
6.6427898e-01 1.8941709e-01 0.0000000e+00 
6.4933020e-01 2.1180780e-01 0.0000000e+00 
6.7645937e-01 2.1359310e-01 0.0000000e+00 
6.6097301e-01 2.3410480e-01 0.0000000e+00 
6.8796802e-01 2.3757669e-01 0.0000000e+00 
6.7103261e-01 2.5876111e-01 0.0000000e+00 
6.9990993e-01 2.6214910e-01 0.0000000e+00 
6.8101048e-01 2.8387409e-01 0.0000000e+00 
7.1248281e-01 2.8716281e-01 0.0000000e+00 
7.2971261e-01 2.6349890e-01 0.0000000e+00 
7.4486363e-01 2.9076719e-01 0.0000000e+00 
6.9556361e-01 3.0985960e-01 0.0000000e+00 
7.6406652e-01 2.6318431e-01 0.0000000e+00 
7.8114778e-01 2.9619500e-01 0.0000000e+00 
5.5403137e-01 2.5565761e-01 0.0000000e+00 
5.6691158e-01 2.7902979e-01 0.0000000e+00 
8.0246252e-01 2.6402649e-01 0.0000000e+00 
8.2167560e-01 3.0103979e-01 0.0000000e+00 
5.7978672e-01 1.3316999e-01 0.0000000e+00 
6.9627529e-01 1.8651520e-01 0.0000000e+00 
8.4832448e-01 2.6130950e-01 0.0000000e+00 
8.6857778e-01 3.0716091e-01 0.0000000e+00 
6.6883779e-01 3.0851370e-01 0.0000000e+00 
6.8001598e-01 3.3176759e-01 0.0000000e+00 
5.6956083e-01 3.0685109e-01 0.0000000e+00 
8.9643359e-01 2.6652190e-01 0.0000000e+00 
9.1803229e-01 3.1445420e-01 0.0000000e+00 
9.4838840e-01 2.6944679e-01 0.0000000e+00 
9.7196358e-01 3.1528941e-01 0.0000000e+00 
1.0020620e+00 2.7188951e-01 0.0000000e+00 
1.0263140e+00 3.1974381e-01 0.0000000e+00 
1.0557370e+00 2.7577680e-01 0.0000000e+00 
6.5179992e-01 3.3081001e-01 0.0000000e+00 
6.6418201e-01 3.5163379e-01 0.0000000e+00 
6.8745148e-01 3.5866591e-01 0.0000000e+00 
6.4083183e-01 3.5175639e-01 0.0000000e+00 
6.5020132e-01 3.7057751e-01 0.0000000e+00 
6.2925631e-01 3.6861771e-01 0.0000000e+00 
6.3750827e-01 3.8906679e-01 0.0000000e+00 
6.1479098e-01 3.8505989e-01 0.0000000e+00 
6.2451601e-01 4.0700281e-01 0.0000000e+00 
6.0271370e-01 4.0461549e-01 0.0000000e+00 
6.4791143e-01 4.1049060e-01 0.0000000e+00 
6.1149168e-01 4.2533240e-01 0.0000000e+00 
5.8940130e-01 4.2314041e-01 0.0000000e+00 
5.4590571e-01 3.5405469e-01 0.0000000e+00 
5.5933821e-01 3.3214769e-01 0.0000000e+00 
1.0820900e+00 3.2265610e-01 0.0000000e+00 
1.1129040e+00 2.7988619e-01 0.0000000e+00 
1.1385900e+00 3.3131590e-01 0.0000000e+00 
1.1718310e+00 2.8342861e-01 0.0000000e+00 
5.9854919e-01 4.4447681e-01 0.0000000e+00 
5.7566178e-01 4.4153079e-01 0.0000000e+00 
8.0048358e-01 3.3398119e-01 0.0000000e+00 
1.1962050e+00 3.3624330e-01 0.0000000e+00 
1.2286429e+00 2.8668931e-01 0.0000000e+00 
1.2540359e+00 3.3862561e-01 0.0000000e+00 
1.2863950e+00 2.8994620e-01 0.0000000e+00 
6.1140192e-01 1.8628950e-01 0.0000000e+00 
1.3121480e+00 3.4238011e-01 0.0000000e+00 
1.3446890e+00 2.9366851e-01 0.0000000e+00 
1.3705840e+00 3.4558439e-01 0.0000000e+00 
1.4032860e+00 2.9774809e-01 0.0000000e+00 
6.4617378e-01 3.0788270e-01 0.0000000e+00 
1.4291511e+00 3.4956750e-01 0.0000000e+00 
1.4618640e+00 3.0163100e-01 0.0000000e+00 
1.4877310e+00 3.5457411e-01 0.0000000e+00 
1.5206050e+00 3.0603161e-01 0.0000000e+00 
1.5464530e+00 3.5889450e-01 0.0000000e+00 
1.5793800e+00 3.1008351e-01 0.0000000e+00 
5.6763572e-01 4.1851109e-01 0.0000000e+00 
5.5408603e-01 4.3793961e-01 0.0000000e+00 
5.2029008e-01 3.6688760e-01 0.0000000e+00 
9.4794089e-01 3.6647639e-01 0.0000000e+00 
8.7384099e-01 2.2074890e-01 0.0000000e+00 
6.3348472e-01 2.3041780e-01 0.0000000e+00 
7.8118002e-01 2.2578520e-01 0.0000000e+00 
1.6052290e+00 3.6304700e-01 0.0000000e+00 
1.6382140e+00 3.1413361e-01 0.0000000e+00 
1.6641290e+00 3.6722910e-01 0.0000000e+00 
1.6971480e+00 3.1819481e-01 0.0000000e+00 
1.6712240e+00 2.6505721e-01 0.0000000e+00 
1.7302210e+00 2.6912081e-01 0.0000000e+00 
1.5534170e+00 2.5684619e-01 0.0000000e+00 
6.7181969e-01 1.4093800e-01 0.0000000e+00 
5.8596748e-01 4.6394360e-01 0.0000000e+00 
1.7230920e+00 3.7133509e-01 0.0000000e+00 
1.3771909e+00 2.4454120e-01 0.0000000e+00 
6.2249678e-01 4.4700289e-01 0.0000000e+00 
1.2033920e+00 2.3449400e-01 0.0000000e+00 
1.0287880e+00 2.3015590e-01 0.0000000e+00 
5.4669750e-01 4.1895449e-01 0.0000000e+00 
5.3373671e-01 4.3515179e-01 0.0000000e+00 
5.4073101e-01 4.5481020e-01 0.0000000e+00 
5.1996583e-01 4.5137540e-01 0.0000000e+00 
5.1387292e-01 4.2921981e-01 0.0000000e+00 
4.9935541e-01 4.4742331e-01 0.0000000e+00 
4.5565760e-01 3.5403141e-01 0.0000000e+00 
4.9349809e-01 4.2846820e-01 0.0000000e+00 
4.7935709e-01 4.4358870e-01 0.0000000e+00 
4.7970989e-01 3.6688760e-01 0.0000000e+00 
4.8592600e-01 4.6396780e-01 0.0000000e+00 
4.6443069e-01 4.5930001e-01 0.0000000e+00 
4.5825541e-01 4.3536639e-01 0.0000000e+00 
4.4286779e-01 4.5335940e-01 0.0000000e+00 
4.3592349e-01 4.3169260e-01 0.0000000e+00 
4.2123440e-01 4.4813421e-01 0.0000000e+00 
4.1462469e-01 4.2622849e-01 0.0000000e+00 
4.3825611e-01 3.3387709e-01 0.0000000e+00 
3.9864141e-01 4.4291711e-01 0.0000000e+00 
3.9200109e-01 4.1997111e-01 0.0000000e+00 
3.7504819e-01 4.3754801e-01 0.0000000e+00 
3.6926591e-01 4.1456231e-01 0.0000000e+00 
3.5052001e-01 4.3156540e-01 0.0000000e+00 
3.4640020e-01 4.0321410e-01 0.0000000e+00 
3.2338160e-01 4.2558259e-01 0.0000000e+00 
3.1625420e-01 3.9745620e-01 0.0000000e+00 
3.3599329e-01 3.7658459e-01 0.0000000e+00 
3.0888751e-01 3.6996761e-01 0.0000000e+00 
3.2846531e-01 3.5015899e-01 0.0000000e+00 
3.0453789e-01 3.4228960e-01 0.0000000e+00 
3.2241219e-01 3.2376000e-01 0.0000000e+00 
2.9612821e-01 3.1610900e-01 0.0000000e+00 
3.1577420e-01 2.9729351e-01 0.0000000e+00 
2.8885421e-01 2.8886101e-01 0.0000000e+00 
3.0968001e-01 2.6928011e-01 0.0000000e+00 
2.8137040e-01 2.6060769e-01 0.0000000e+00 
2.8570160e-01 3.8790971e-01 0.0000000e+00 
3.0315241e-01 2.4067999e-01 0.0000000e+00 
3.3230671e-01 2.5245121e-01 0.0000000e+00 
3.2487640e-01 2.2290690e-01 0.0000000e+00 
3.5372531e-01 2.3027760e-01 0.0000000e+00 
4.3461740e-01 2.7961159e-01 0.0000000e+00 
3.4512779e-01 2.0528039e-01 0.0000000e+00 
3.6950600e-01 2.1069451e-01 0.0000000e+00 
2.6638910e-01 3.1392881e-01 0.0000000e+00 
2.7405229e-01 2.3109850e-01 0.0000000e+00 
3.6342499e-01 1.8842390e-01 0.0000000e+00 
3.8558939e-01 1.9589300e-01 0.0000000e+00 
4.4520050e-01 2.5469631e-01 0.0000000e+00 
3.8103029e-01 1.7263541e-01 0.0000000e+00 
4.0200421e-01 1.8057050e-01 0.0000000e+00 
4.9249741e-01 2.2787590e-01 0.0000000e+00 
4.6605590e-01 2.3826469e-01 0.0000000e+00 
3.3931601e-01 1.7988220e-01 0.0000000e+00 
3.8745371e-01 3.9799151e-01 0.0000000e+00 
3.5741779e-01 2.5419459e-01 0.0000000e+00 
3.5627639e-01 4.5751181e-01 0.0000000e+00 
3.4765261e-01 3.3191890e-01 0.0000000e+00 
3.9811629e-01 1.5518570e-01 0.0000000e+00 
4.2193061e-01 1.6662900e-01 0.0000000e+00 
3.7476501e-01 1.4610679e-01 0.0000000e+00 
3.9139041e-01 2.1633980e-01 0.0000000e+00 
2.5018540e-01 2.5338060e-01 0.0000000e+00 
2.4227400e-01 2.1673180e-01 0.0000000e+00 
2.1296521e-01 2.4632980e-01 0.0000000e+00 
2.0310380e-01 2.0643540e-01 0.0000000e+00 
4.7074649e-01 4.8204380e-01 0.0000000e+00 
4.9385741e-01 4.8678511e-01 0.0000000e+00 
4.1766569e-01 1.3875820e-01 0.0000000e+00 
4.3951231e-01 1.4885530e-01 0.0000000e+00 
4.4284999e-01 1.6929220e-01 0.0000000e+00 
4.6074921e-01 1.5907930e-01 0.0000000e+00 
4.5701310e-01 1.3411739e-01 0.0000000e+00 
4.7804150e-01 1.4308280e-01 0.0000000e+00 
4.8207700e-01 1.6432039e-01 0.0000000e+00 
5.2000839e-01 2.3249920e-01 0.0000000e+00 
4.7522539e-01 1.1890660e-01 0.0000000e+00 
4.9824399e-01 1.5124670e-01 0.0000000e+00 
5.0239080e-01 1.7379840e-01 0.0000000e+00 
4.0624869e-01 4.6688080e-01 0.0000000e+00 
4.2919409e-01 4.1243970e-01 0.0000000e+00 
6.2043011e-01 3.4884781e-01 0.0000000e+00 
1.7042540e+00 2.1590130e-01 0.0000000e+00 
1.7632940e+00 2.2000070e-01 0.0000000e+00 
5.9477502e-01 3.8850871e-01 0.0000000e+00 
1.1047130e+00 3.7971979e-01 0.0000000e+00 
5.5632508e-01 4.0331629e-01 0.0000000e+00 
5.1673311e-01 1.5979400e-01 0.0000000e+00 
5.1686460e-01 1.3875850e-01 0.0000000e+00 
5.2089018e-01 1.7866670e-01 0.0000000e+00 
2.3531640e-01 1.7608330e-01 0.0000000e+00 
4.8605490e-01 1.8340071e-01 0.0000000e+00 
1.2225550e+00 3.8796490e-01 0.0000000e+00 
1.7893510e+00 2.7321759e-01 0.0000000e+00 
5.0436419e-01 4.1349870e-01 0.0000000e+00 
4.8793069e-01 4.1161671e-01 0.0000000e+00 
1.3432890e+00 3.9487341e-01 0.0000000e+00 
4.9844569e-01 3.9902619e-01 0.0000000e+00 
5.1288861e-01 4.0051869e-01 0.0000000e+00 
4.7826111e-01 5.0721961e-01 0.0000000e+00 
1.5723439e+00 4.1086179e-01 0.0000000e+00 
5.6928509e-01 1.1216540e-01 0.0000000e+00 
5.3438342e-01 1.6713411e-01 0.0000000e+00 
5.3660733e-01 1.8530799e-01 0.0000000e+00 
5.5097228e-01 1.7492341e-01 0.0000000e+00 
5.5329382e-01 1.9238080e-01 0.0000000e+00 
1.4477730e+00 4.0997440e-01 0.0000000e+00 
1.7183121e-01 2.3577370e-01 0.0000000e+00 
1.8385801e-01 2.7833050e-01 0.0000000e+00 
4.5149651e-01 1.1040960e-01 0.0000000e+00 
4.7247219e-01 9.1955133e-02 0.0000000e+00 
1.9255680e-01 1.6331930e-01 0.0000000e+00 
4.5135620e-01 5.0161749e-01 0.0000000e+00 
1.8225530e+00 2.2401039e-01 0.0000000e+00 
5.2494282e-01 1.9506520e-01 0.0000000e+00 
1.7372680e+00 1.6678140e-01 0.0000000e+00 
1.6782570e+00 1.6271511e-01 0.0000000e+00 
1.6900350e+00 4.2038351e-01 0.0000000e+00 
1.7490560e+00 4.2454061e-01 0.0000000e+00 
4.8329440e-01 3.9614201e-01 0.0000000e+00 
4.7259709e-01 4.0761891e-01 0.0000000e+00 
4.6829471e-01 3.9267531e-01 0.0000000e+00 
1.7821480e+00 3.7544200e-01 0.0000000e+00 
1.8081650e+00 4.2873210e-01 0.0000000e+00 
5.6767190e-01 1.8248910e-01 0.0000000e+00 
5.6965590e-01 1.9964610e-01 0.0000000e+00 
5.5310482e-01 2.0997940e-01 0.0000000e+00 
5.7153863e-01 2.1648981e-01 0.0000000e+00 
5.5832732e-01 2.2570750e-01 0.0000000e+00 
5.7294083e-01 2.3188220e-01 0.0000000e+00 
5.8571517e-01 2.2277141e-01 0.0000000e+00 
5.8722973e-01 2.3849240e-01 0.0000000e+00 
2.2661661e-01 1.3415439e-01 0.0000000e+00 
2.6798990e-01 1.4730521e-01 0.0000000e+00 
1.7105891e+00 1.1396340e-01 0.0000000e+00 
5.9993339e-01 2.2935030e-01 0.0000000e+00 
6.0129720e-01 2.4530940e-01 0.0000000e+00 
5.8868867e-01 2.5420901e-01 0.0000000e+00 
6.0235012e-01 2.6110700e-01 0.0000000e+00 
1.8387530e+00 3.7525591e-01 0.0000000e+00 
5.4489303e-01 2.2099259e-01 0.0000000e+00 
4.5784310e-01 5.2955812e-01 0.0000000e+00 
5.1062381e-01 5.1103139e-01 0.0000000e+00 
4.9833831e-01 1.0296860e-01 0.0000000e+00 
1.8639690e+00 4.2541769e-01 0.0000000e+00 
4.9523690e-01 7.3985048e-02 0.0000000e+00 
1.3844220e-01 2.6736441e-01 0.0000000e+00 
1.5088230e-01 3.1097111e-01 0.0000000e+00 
1.2641050e-01 2.2494370e-01 0.0000000e+00 
2.0287590e-01 3.2045639e-01 0.0000000e+00 
1.6756350e-01 3.5410741e-01 0.0000000e+00 
2.1099889e-01 3.6507410e-01 0.0000000e+00 
1.8053800e-01 3.9719370e-01 0.0000000e+00 
2.2913329e-01 4.0715241e-01 0.0000000e+00 
1.9421770e-01 4.3993911e-01 0.0000000e+00 
2.3865750e-01 4.5007020e-01 0.0000000e+00 
1.4811151e-01 4.3034700e-01 0.0000000e+00 
5.9036589e-01 2.6973200e-01 0.0000000e+00 
6.0372931e-01 2.7649191e-01 0.0000000e+00 
6.1619169e-01 2.6624000e-01 0.0000000e+00 
5.9138829e-01 2.8492469e-01 0.0000000e+00 
6.0468042e-01 2.9163459e-01 0.0000000e+00 
1.8453060e+00 2.7996099e-01 0.0000000e+00 
2.0954210e-01 4.8537201e-01 0.0000000e+00 
4.6530190e-01 6.3733928e-02 0.0000000e+00 
5.9247959e-01 2.9992181e-01 0.0000000e+00 
6.0560697e-01 3.0666059e-01 0.0000000e+00 
5.9351093e-01 3.1494951e-01 0.0000000e+00 
6.0633099e-01 3.2174519e-01 0.0000000e+00 
5.9430778e-01 3.2937449e-01 0.0000000e+00 
4.9347320e-01 3.8454881e-01 0.0000000e+00 
5.5062449e-01 1.5674770e-01 0.0000000e+00 
4.5774269e-01 4.0380031e-01 0.0000000e+00 
4.5300320e-01 3.8926181e-01 0.0000000e+00 
5.2078158e-01 8.5589677e-02 0.0000000e+00 
5.2809721e-01 4.7261381e-01 0.0000000e+00 
5.4998982e-01 4.7740239e-01 0.0000000e+00 
1.1647230e-01 3.4303319e-01 0.0000000e+00 
5.4025501e-01 4.0216339e-01 0.0000000e+00 
5.4931629e-01 3.8893181e-01 0.0000000e+00 
5.6429678e-01 3.8917771e-01 0.0000000e+00 
5.5815691e-01 3.7613159e-01 0.0000000e+00 
5.3233409e-01 3.8730109e-01 0.0000000e+00 
6.1810511e-01 2.9840681e-01 0.0000000e+00 
5.4633558e-01 2.3408321e-01 0.0000000e+00 
1.7233150e+00 4.7115931e-01 0.0000000e+00 
1.6544410e+00 4.6960419e-01 0.0000000e+00 
5.9817278e-01 2.1342160e-01 0.0000000e+00 
5.7312608e-01 3.7630349e-01 0.0000000e+00 
5.6664068e-01 3.6344349e-01 0.0000000e+00 
5.8089459e-01 3.6333910e-01 0.0000000e+00 
5.7436389e-01 3.5058859e-01 0.0000000e+00 
5.8890998e-01 3.5140380e-01 0.0000000e+00 
5.9597099e-01 3.6360300e-01 0.0000000e+00 
1.8871840e+00 2.3216370e-01 0.0000000e+00 
1.8613670e+00 1.6699770e-01 0.0000000e+00 
5.8043772e-01 3.2325599e-01 0.0000000e+00 
1.8341640e-01 1.2044960e-01 0.0000000e+00 
1.4539170e-01 1.4803199e-01 0.0000000e+00 
5.2981251e-01 4.1606659e-01 0.0000000e+00 
6.3278657e-01 3.2098520e-01 0.0000000e+00 
4.9883649e-01 1.9035070e-01 0.0000000e+00 
4.8866749e-01 1.9995619e-01 0.0000000e+00 
4.7372600e-01 1.9428051e-01 0.0000000e+00 
4.7687241e-01 2.0988560e-01 0.0000000e+00 
4.6230760e-01 2.0519090e-01 0.0000000e+00 
5.0175709e-01 2.0284539e-01 0.0000000e+00 
3.7420979e-01 2.4249861e-01 0.0000000e+00 
3.7680081e-01 2.5999850e-01 0.0000000e+00 
3.6377189e-01 2.7359021e-01 0.0000000e+00 
3.8147151e-01 2.7786380e-01 0.0000000e+00 
3.9390230e-01 2.6630861e-01 0.0000000e+00 
3.9790910e-01 2.8215069e-01 0.0000000e+00 
3.8660839e-01 2.9399589e-01 0.0000000e+00 
4.0266559e-01 2.9749459e-01 0.0000000e+00 
3.9230630e-01 3.0959940e-01 0.0000000e+00 
3.7539089e-01 3.0645579e-01 0.0000000e+00 
3.8165531e-01 3.2178041e-01 0.0000000e+00 
3.9764741e-01 3.2483751e-01 0.0000000e+00 
3.8738471e-01 3.3702531e-01 0.0000000e+00 
4.0318671e-01 3.3988059e-01 0.0000000e+00 
3.9298999e-01 3.5206911e-01 0.0000000e+00 
4.0884519e-01 3.5489669e-01 0.0000000e+00 
3.7592891e-01 3.5095471e-01 0.0000000e+00 
4.1221961e-01 3.2815641e-01 0.0000000e+00 
4.0885890e-01 2.7070051e-01 0.0000000e+00 
4.0606499e-01 2.5576550e-01 0.0000000e+00 
4.2036530e-01 2.6073930e-01 0.0000000e+00 
4.1758421e-01 2.4588020e-01 0.0000000e+00 
3.9879280e-01 3.6719501e-01 0.0000000e+00 
4.1457930e-01 3.6959961e-01 0.0000000e+00 
4.2435291e-01 3.5784501e-01 0.0000000e+00 
4.3005049e-01 3.7181091e-01 0.0000000e+00 
4.2064139e-01 3.8399899e-01 0.0000000e+00 
4.0332180e-01 2.4100940e-01 0.0000000e+00 
4.1523230e-01 2.3128320e-01 0.0000000e+00 
4.2901969e-01 2.3581611e-01 0.0000000e+00 
4.2680249e-01 2.2116630e-01 0.0000000e+00 
4.4072181e-01 2.2622180e-01 0.0000000e+00 
4.3834931e-01 2.1132030e-01 0.0000000e+00 
4.2324290e-01 2.0628519e-01 0.0000000e+00 
5.7600939e-01 2.6372889e-01 0.0000000e+00 
4.6461701e-01 3.7602729e-01 0.0000000e+00 
4.4586849e-01 3.4520641e-01 0.0000000e+00 
1.8224460e+00 4.8960349e-01 0.0000000e+00 
4.3567330e-01 1.9562960e-01 0.0000000e+00 
5.9315038e-01 1.5660501e-01 0.0000000e+00 
4.5945361e-01 1.9019520e-01 0.0000000e+00 
6.2804931e-01 2.1075760e-01 0.0000000e+00 
4.4690049e-01 3.7500271e-01 0.0000000e+00 
4.3590689e-01 2.6693821e-01 0.0000000e+00 
4.5538360e-01 2.4537770e-01 0.0000000e+00 
5.3253782e-01 3.6093631e-01 0.0000000e+00 
5.0687999e-01 3.7203360e-01 0.0000000e+00 
5.5479759e-01 3.4289679e-01 0.0000000e+00 
4.7859880e-01 2.3292100e-01 0.0000000e+00 
5.6951690e-01 2.9091081e-01 0.0000000e+00 
4.3251589e-01 3.2153201e-01 0.0000000e+00 
2.5864059e-01 4.9322551e-01 0.0000000e+00 
2.8119770e-01 4.6436489e-01 0.0000000e+00 
2.9712620e-01 4.9769270e-01 0.0000000e+00 
5.0679362e-01 2.2942559e-01 0.0000000e+00 
5.1640040e-01 2.1935740e-01 0.0000000e+00 
6.5671778e-01 2.8741741e-01 0.0000000e+00 
6.4681822e-01 2.6546481e-01 0.0000000e+00 
2.6161829e-01 1.0442510e-01 0.0000000e+00 
2.9914159e-01 1.2133270e-01 0.0000000e+00 
5.3835911e-01 2.0090669e-01 0.0000000e+00 
4.1076070e-01 4.0288219e-01 0.0000000e+00 
4.2847160e-01 2.9058349e-01 0.0000000e+00 
5.8385968e-01 4.0419951e-01 0.0000000e+00 
4.6758640e-01 2.2237021e-01 0.0000000e+00 
1.7680900e+00 1.1666990e-01 0.0000000e+00 
4.6705061e-01 3.6164391e-01 0.0000000e+00 
4.2953780e-01 5.2015013e-01 0.0000000e+00 
3.4222049e-01 3.0633521e-01 0.0000000e+00 
3.3303869e-01 2.8045291e-01 0.0000000e+00 
5.3547281e-01 4.9663380e-01 0.0000000e+00 
5.6233060e-01 5.0093198e-01 0.0000000e+00 
3.5305610e-01 3.5562491e-01 0.0000000e+00 
3.6326250e-01 3.7681499e-01 0.0000000e+00 
5.8255208e-01 1.8968870e-01 0.0000000e+00 
5.6585908e-01 6.7596443e-02 0.0000000e+00 
3.1423870e-01 5.6071562e-01 0.0000000e+00 
3.6825681e-01 5.5769640e-01 0.0000000e+00 
1.6511329e+00 1.0926090e-01 0.0000000e+00 
1.6192470e+00 1.5863900e-01 0.0000000e+00 
3.1425080e-01 3.9930049e-02 0.0000000e+00 
3.1129351e-01 1.6085930e-01 0.0000000e+00 
3.3299991e-01 1.3328290e-01 0.0000000e+00 
3.3072019e-01 1.0009960e-01 0.0000000e+00 
2.7850899e-01 1.8997809e-01 0.0000000e+00 
3.6250210e-01 1.1719080e-01 0.0000000e+00 
3.6242679e-01 7.9823360e-02 0.0000000e+00 
3.9215559e-01 9.3917303e-02 0.0000000e+00 
6.7704421e-01 3.9422091e-02 0.0000000e+00 
6.9158012e-01 7.9496212e-02 0.0000000e+00 
7.2696608e-01 4.4044841e-02 0.0000000e+00 
7.3696113e-01 9.5335990e-02 0.0000000e+00 
7.9171729e-01 1.0606610e-01 0.0000000e+00 
7.5707722e-01 1.3865989e-01 0.0000000e+00 
8.0465728e-01 1.5881000e-01 0.0000000e+00 
8.4009641e-01 1.2030350e-01 0.0000000e+00 
8.5441029e-01 1.6780110e-01 0.0000000e+00 
8.9020813e-01 1.3047090e-01 0.0000000e+00 
8.7580758e-01 8.5384279e-02 0.0000000e+00 
6.3392729e-01 5.6027758e-01 0.0000000e+00 
6.5490252e-01 5.2222651e-01 0.0000000e+00 
6.9785458e-01 5.2009457e-01 0.0000000e+00 
6.6947389e-01 4.8214740e-01 0.0000000e+00 
7.1400052e-01 4.7928271e-01 0.0000000e+00 
7.3890662e-01 5.1415598e-01 0.0000000e+00 
7.5538421e-01 4.7427329e-01 0.0000000e+00 
7.3060858e-01 4.4053549e-01 0.0000000e+00 
7.7131832e-01 4.3481070e-01 0.0000000e+00 
7.4432129e-01 4.0371630e-01 0.0000000e+00 
7.9942912e-01 4.6868020e-01 0.0000000e+00 
8.1664360e-01 4.2528069e-01 0.0000000e+00 
8.4675127e-01 4.6303490e-01 0.0000000e+00 
7.0795268e-01 4.1132101e-01 0.0000000e+00 
8.6556101e-01 4.1526449e-01 0.0000000e+00 
9.0177119e-01 4.5578691e-01 0.0000000e+00 
6.1436248e-01 5.2457899e-01 0.0000000e+00 
5.9010911e-01 5.6233871e-01 0.0000000e+00 
6.8740159e-01 4.4485721e-01 0.0000000e+00 
6.3075930e-01 4.9217081e-01 0.0000000e+00 
8.2390177e-01 3.7696400e-01 0.0000000e+00 
6.5760958e-01 4.5251140e-01 0.0000000e+00 
8.8201141e-01 3.6469159e-01 0.0000000e+00 
7.1646827e-01 3.7200019e-01 0.0000000e+00 
7.5293612e-01 3.6630341e-01 0.0000000e+00 
7.3172802e-01 3.4158540e-01 0.0000000e+00 
4.3641081e-01 3.8625911e-01 0.0000000e+00 
3.3307719e-01 5.1888418e-01 0.0000000e+00 
3.7808201e-01 5.1874483e-01 0.0000000e+00 
4.1757399e-01 3.4319299e-01 0.0000000e+00 
4.0734050e-01 3.1263331e-01 0.0000000e+00 
4.8661929e-01 4.2812102e-02 0.0000000e+00 
7.2056448e-01 1.3380709e-01 0.0000000e+00 
7.2885102e-01 1.7120270e-01 0.0000000e+00 
7.6764971e-01 1.8236589e-01 0.0000000e+00 
7.3844647e-01 2.0840840e-01 0.0000000e+00 
3.2383901e-01 4.7502699e-01 0.0000000e+00 
2.0299730e-01 4.5617640e-02 0.0000000e+00 
5.8970161e-02 3.3410329e-01 0.0000000e+00 
2.0689000e-01 5.5709481e-01 0.0000000e+00 
4.1305149e-01 2.8573561e-01 0.0000000e+00 
7.8471351e-01 5.4944623e-01 0.0000000e+00 
5.7445318e-01 2.4704580e-01 0.0000000e+00 
4.8197981e-02 2.0613991e-01 0.0000000e+00 
2.9774281e-01 8.0907270e-02 0.0000000e+00 
5.0055778e-01 5.6669247e-01 0.0000000e+00 
5.6139982e-01 2.6632291e-01 0.0000000e+00 
1.6788280e+00 5.7307512e-02 0.0000000e+00 
5.1920211e-01 3.7999329e-01 0.0000000e+00 
5.3287011e-01 2.3837809e-01 0.0000000e+00 
4.9314889e-01 3.6956069e-01 0.0000000e+00 
5.4427528e-01 3.7591609e-01 0.0000000e+00 
7.8244883e-01 3.9527819e-01 0.0000000e+00 
3.6446571e-01 4.0250320e-02 0.0000000e+00 
4.4162789e-01 3.5938531e-01 0.0000000e+00 
6.3632941e-01 2.8842619e-01 0.0000000e+00 
4.9067271e-01 2.1312010e-01 0.0000000e+00 
9.0754151e-01 5.5067050e-01 0.0000000e+00 
9.6624529e-01 5.4957891e-01 0.0000000e+00 
9.9525559e-01 4.9868581e-01 0.0000000e+00 
1.0540251e+00 4.9801311e-01 0.0000000e+00 
1.0243800e+00 4.4818369e-01 0.0000000e+00 
1.0813180e+00 4.4429299e-01 0.0000000e+00 
9.6050638e-01 4.4521841e-01 0.0000000e+00 
9.9237692e-01 4.0150511e-01 0.0000000e+00 
9.3534291e-01 5.0050128e-01 0.0000000e+00 
1.1123620e+00 4.9683940e-01 0.0000000e+00 
1.1383430e+00 4.4216970e-01 0.0000000e+00 
5.4218680e-01 5.2327639e-01 0.0000000e+00 
4.9454380e-02 4.5007420e-01 0.0000000e+00 
1.0217610e-01 4.7936839e-01 0.0000000e+00 
2.2542991e-01 2.8165141e-01 0.0000000e+00 
3.9299640e-01 1.2565491e-01 0.0000000e+00 
4.2287391e-01 1.0849530e-01 0.0000000e+00 
4.1702661e-01 7.4225321e-02 0.0000000e+00 
4.2317891e-01 4.9126241e-01 0.0000000e+00 
3.6435950e-01 3.1840631e-01 0.0000000e+00 
5.9271669e-01 4.9394491e-01 0.0000000e+00 
4.5279789e-01 2.1705380e-01 0.0000000e+00 
1.1707489e+00 4.9572700e-01 0.0000000e+00 
1.1967220e+00 4.4262701e-01 0.0000000e+00 
1.2286400e+00 4.9457431e-01 0.0000000e+00 
1.2569320e+00 4.4329810e-01 0.0000000e+00 
1.2887410e+00 4.9415389e-01 0.0000000e+00 
4.9704749e-02 9.0376601e-02 0.0000000e+00 
1.1661880e+00 3.8667339e-01 0.0000000e+00 
1.0448740e+00 3.9727730e-01 0.0000000e+00 
1.3219531e+00 5.4748261e-01 0.0000000e+00 
1.3566051e+00 4.9475339e-01 0.0000000e+00 
1.4128619e+00 5.0170678e-01 0.0000000e+00 
1.3878731e+00 4.4357020e-01 0.0000000e+00 
2.6875430e-01 4.3074101e-01 0.0000000e+00 
4.1746351e-01 3.0108821e-01 0.0000000e+00 
4.7450441e-01 4.2571831e-01 0.0000000e+00 
4.0593800e-01 2.0075510e-01 0.0000000e+00 
4.4167551e-01 4.0079829e-01 0.0000000e+00 
1.9512080e+00 4.5117629e-01 0.0000000e+00 
1.0262311e+00 5.1109631e-02 0.0000000e+00 
9.9738371e-01 1.0181700e-01 0.0000000e+00 
1.0553030e+00 1.0176790e-01 0.0000000e+00 
1.0273110e+00 1.4739220e-01 0.0000000e+00 
1.0855290e+00 1.4977370e-01 0.0000000e+00 
9.7062862e-01 1.4721170e-01 0.0000000e+00 
9.3508059e-01 1.0148260e-01 0.0000000e+00 
1.1133560e+00 1.0215650e-01 0.0000000e+00 
1.1446090e+00 1.4514109e-01 0.0000000e+00 
1.1160710e+00 1.9391710e-01 0.0000000e+00 
1.2018321e+00 5.4771107e-01 0.0000000e+00 
1.9480680e+00 2.1005040e-01 0.0000000e+00 
1.0842860e+00 5.4868227e-01 0.0000000e+00 
1.9480680e+00 3.2994959e-01 0.0000000e+00 
1.5904510e+00 1.0452840e-01 0.0000000e+00 
1.5598950e+00 1.5443350e-01 0.0000000e+00 
1.5304790e+00 1.0186320e-01 0.0000000e+00 
1.5007280e+00 1.5119410e-01 0.0000000e+00 
1.5273950e+00 2.0345390e-01 0.0000000e+00 
1.4685169e+00 1.9967620e-01 0.0000000e+00 
1.4425830e+00 1.4740349e-01 0.0000000e+00 
1.4098901e+00 1.9577309e-01 0.0000000e+00 
1.3839140e+00 1.4338671e-01 0.0000000e+00 
1.3511680e+00 1.9153769e-01 0.0000000e+00 
1.3252350e+00 1.3926670e-01 0.0000000e+00 
1.2926320e+00 1.8772170e-01 0.0000000e+00 
1.2666039e+00 1.3634580e-01 0.0000000e+00 
1.2355460e+00 1.8558609e-01 0.0000000e+00 
1.2059170e+00 1.3905290e-01 0.0000000e+00 
1.2347410e+00 9.3928657e-02 0.0000000e+00 
1.3187660e+00 2.4091680e-01 0.0000000e+00 
1.4945120e+00 2.5244480e-01 0.0000000e+00 
1.5862570e+00 2.0772290e-01 0.0000000e+00 
5.5948251e-01 2.4233980e-01 0.0000000e+00 
1.5573130e+00 5.4926682e-01 0.0000000e+00 
1.5215520e+00 5.0207931e-01 0.0000000e+00 
1.5906490e+00 4.9784341e-01 0.0000000e+00 
1.3832541e+00 4.9608339e-02 0.0000000e+00 
1.5002331e+00 5.0511628e-02 0.0000000e+00 
1.7345819e+00 5.5134553e-01 0.0000000e+00 
1.6170100e+00 5.5189037e-01 0.0000000e+00 
1.6308481e+00 4.1378099e-01 0.0000000e+00 
1.7733830e+00 4.6653220e-01 0.0000000e+00 
1.8566350e+00 5.4165798e-01 0.0000000e+00 
1.5124860e+00 4.0674630e-01 0.0000000e+00 
1.4853560e+00 4.5626420e-01 0.0000000e+00 
1.6452560e+00 2.1187560e-01 0.0000000e+00 
1.7967290e+00 1.6947480e-01 0.0000000e+00 
1.8955210e+00 4.8443690e-01 0.0000000e+00 
2.4952111e-01 3.7534630e-01 0.0000000e+00 
2.4015559e-01 3.3920720e-01 0.0000000e+00 
1.6122910e+00 2.6095319e-01 0.0000000e+00 
1.8537400e+00 5.5921540e-02 0.0000000e+00 
1.8819669e+00 1.0242500e-01 0.0000000e+00 
9.5119797e-02 1.2153590e-01 0.0000000e+00 
1.0847340e+00 5.0935078e-02 0.0000000e+00 
1.7562060e+00 3.2229191e-01 0.0000000e+00 
1.4358770e+00 2.4863569e-01 0.0000000e+00 
4.3159389e-01 2.5088599e-01 0.0000000e+00 
4.7994119e-01 3.8120639e-01 0.0000000e+00 
1.8123610e+00 3.2570100e-01 0.0000000e+00 
6.1470199e-01 2.3820160e-01 0.0000000e+00 
6.2837660e-01 2.5279269e-01 0.0000000e+00 
5.6644672e-01 3.2120070e-01 0.0000000e+00 
4.0343639e-01 3.8359720e-01 0.0000000e+00 
1.2608960e+00 2.3755901e-01 0.0000000e+00 
9.7383392e-01 2.2759880e-01 0.0000000e+00 
1.8966711e+00 3.6694610e-01 0.0000000e+00 
1.2852859e+00 3.9278471e-01 0.0000000e+00 
4.4754091e-01 4.1694289e-01 0.0000000e+00 
5.1814729e-01 1.1434720e-01 0.0000000e+00 
9.8089732e-02 2.9848260e-01 0.0000000e+00 
8.7650722e-01 5.0584209e-01 0.0000000e+00 
7.2722268e-01 5.5884892e-01 0.0000000e+00 
9.1900879e-01 4.0950510e-01 0.0000000e+00 
6.0669678e-01 3.3687809e-01 0.0000000e+00 
9.2257088e-01 2.2499460e-01 0.0000000e+00 
1.8270659e+00 1.1701130e-01 0.0000000e+00 
3.9101499e-01 2.5043941e-01 0.0000000e+00 
3.0026230e-01 2.1632680e-01 0.0000000e+00 
5.8418620e-01 3.3934349e-01 0.0000000e+00 
1.5593460e+00 5.1838879e-02 0.0000000e+00 
4.5547140e-01 5.6772357e-01 0.0000000e+00 
9.7268373e-02 1.8144910e-01 0.0000000e+00 
9.3618453e-02 5.9398320e-02 0.0000000e+00 
9.5946752e-02 4.1991970e-01 0.0000000e+00 
1.5493150e-01 4.8253620e-01 0.0000000e+00 
5.3141659e-01 2.2366489e-01 0.0000000e+00 
4.6951711e-01 1.7694290e-01 0.0000000e+00 
1.3219830e+00 4.4809279e-01 0.0000000e+00 
6.1860532e-01 2.8225860e-01 0.0000000e+00 
9.2647932e-02 5.4469162e-01 0.0000000e+00 
3.6105269e-01 4.8700431e-01 0.0000000e+00 
1.4393450e+00 5.5213040e-01 0.0000000e+00 
1.9442101e+00 9.5342271e-02 0.0000000e+00 
9.0059137e-01 1.7995150e-01 0.0000000e+00 
8.2735151e-01 2.0720319e-01 0.0000000e+00 
6.6251612e-01 1.0677520e-01 0.0000000e+00 
6.7604911e-01 4.1622579e-01 0.0000000e+00 
6.8501538e-01 3.8669550e-01 0.0000000e+00 
3.6920869e-01 2.9070961e-01 0.0000000e+00 
4.5409241e-01 2.3146330e-01 0.0000000e+00 
6.1867392e-01 3.1358370e-01 0.0000000e+00 
1.9131620e+00 5.4997718e-01 0.0000000e+00 
4.2027211e-01 1.8849210e-01 0.0000000e+00 
1.9003210e+00 2.9999799e-01 0.0000000e+00 
5.5434358e-01 1.3134070e-01 0.0000000e+00 
1.4729370e+00 1.0059040e-01 0.0000000e+00 
4.4868380e-01 4.7589070e-01 0.0000000e+00 
1.7371070e+00 5.7924490e-02 0.0000000e+00 
1.6196249e-01 1.9384970e-01 0.0000000e+00 
2.7876011e-01 3.4925121e-01 0.0000000e+00 
5.6304562e-01 4.5950639e-01 0.0000000e+00 
6.0384172e-01 3.5119170e-01 0.0000000e+00 
5.7530987e-01 5.2873927e-01 0.0000000e+00 
1.3667960e-01 3.8707560e-01 0.0000000e+00 
4.9747679e-01 1.2821840e-01 0.0000000e+00 
1.1983300e+00 4.8251878e-02 0.0000000e+00 
7.5970978e-01 3.2726541e-01 0.0000000e+00 
8.1999791e-01 5.1075947e-01 0.0000000e+00 
1.3957340e+00 3.8871399e-01 0.0000000e+00 
3.8881221e-01 2.3447470e-01 0.0000000e+00 
5.2596432e-01 2.0954940e-01 0.0000000e+00 
1.4149910e+00 9.8922051e-02 0.0000000e+00 
3.1656411e-01 1.9587231e-01 0.0000000e+00 
4.3203679e-01 3.4525600e-01 0.0000000e+00 
5.0832897e-01 3.8785461e-01 0.0000000e+00 
5.0716370e-01 4.6868089e-01 0.0000000e+00 
7.2506380e-01 3.1459489e-01 0.0000000e+00 
5.7067949e-01 1.5282580e-01 0.0000000e+00 
6.7973870e-01 1.6684531e-01 0.0000000e+00 
5.3255141e-01 1.4827640e-01 0.0000000e+00 
5.8382958e-01 2.0679601e-01 0.0000000e+00 
3.6833951e-01 3.3595169e-01 0.0000000e+00 
6.6081917e-01 3.9089271e-01 0.0000000e+00 
3.5859609e-01 1.6498099e-01 0.0000000e+00 
5.4474670e-01 2.4635740e-01 0.0000000e+00 
8.5039961e-01 4.4130251e-02 0.0000000e+00 
7.0378470e-01 2.1493910e-01 0.0000000e+00 
3.8111559e-01 3.6489099e-01 0.0000000e+00 
3.8378549e-01 3.8103321e-01 0.0000000e+00 
1.1733290e+00 9.6517898e-02 0.0000000e+00 
6.1236829e-01 3.6486840e-01 0.0000000e+00 
4.2817801e-01 4.6774849e-01 0.0000000e+00 
3.9298210e-01 4.8933309e-01 0.0000000e+00 
5.1858139e-01 5.3958851e-01 0.0000000e+00 
1.1778920e+00 1.8819040e-01 0.0000000e+00 
6.3357651e-01 4.2729640e-01 0.0000000e+00 
2.1912169e-01 8.9860998e-02 0.0000000e+00 
4.4828820e-01 3.3391532e-02 0.0000000e+00 
7.1727687e-01 2.3730519e-01 0.0000000e+00 
9.8337471e-02 2.5592181e-01 0.0000000e+00 
4.8688981e-01 5.3696889e-01 0.0000000e+00 
9.1024607e-01 4.6742149e-02 0.0000000e+00 
4.2072469e-01 3.1704551e-01 0.0000000e+00 
2.5881660e-01 2.8481191e-01 0.0000000e+00 
1.3556740e+00 9.6588373e-02 0.0000000e+00 
3.8170820e-01 4.6353251e-01 0.0000000e+00 
6.1133659e-01 4.6789679e-01 0.0000000e+00 
4.4266859e-01 2.4074350e-01 0.0000000e+00 
1.4653840e+00 5.0395852e-01 0.0000000e+00 
1.1433500e+00 2.3560201e-01 0.0000000e+00 
5.5341142e-01 3.6430839e-01 0.0000000e+00 
5.7990170e-01 2.7820900e-01 0.0000000e+00 
4.4887719e-01 2.0151231e-01 0.0000000e+00 
4.6245420e-01 4.1756010e-01 0.0000000e+00 
4.1210291e-01 2.1662711e-01 0.0000000e+00 
5.1736373e-01 5.6347691e-02 0.0000000e+00 
7.0604849e-01 3.3807889e-01 0.0000000e+00 
4.3653390e-01 1.2656429e-01 0.0000000e+00 
4.2773649e-01 3.9727569e-01 0.0000000e+00 
4.2305809e-01 2.7508900e-01 0.0000000e+00 
1.9111360e+00 1.7995431e-01 0.0000000e+00 
1.2975690e+00 9.4644032e-02 0.0000000e+00 
7.4613649e-01 2.3963641e-01 0.0000000e+00 
2.9362991e-01 4.1433749e-01 0.0000000e+00 
5.8357382e-01 3.0761179e-01 0.0000000e+00 
5.3191912e-01 3.7253350e-01 0.0000000e+00 
4.4445190e-01 8.4593862e-02 0.0000000e+00 
1.5468830e+00 4.5422599e-01 0.0000000e+00 
6.2926418e-01 2.7103639e-01 0.0000000e+00 
3.5220909e-01 2.8729489e-01 0.0000000e+00 
8.3805579e-01 3.3710629e-01 0.0000000e+00 
5.2616048e-01 4.0003020e-01 0.0000000e+00 
1.8064611e-01 5.2023911e-01 0.0000000e+00 
4.2505819e-01 3.3176431e-01 0.0000000e+00 
7.7968621e-01 5.0346297e-01 0.0000000e+00 
1.2679260e+00 4.6381779e-02 0.0000000e+00 
5.8107018e-01 2.9473820e-01 0.0000000e+00 
6.1925322e-01 3.3036381e-01 0.0000000e+00 
5.6537521e-01 2.5524691e-01 0.0000000e+00 
3.8967860e-01 6.5405212e-02 0.0000000e+00 
1.0865080e+00 2.3449360e-01 0.0000000e+00 
1.4042149e-01 9.9993236e-02 0.0000000e+00 
1.0030100e+00 3.5783571e-01 0.0000000e+00 
3.6067769e-01 3.0184039e-01 0.0000000e+00 
5.7885981e-01 3.8880101e-01 0.0000000e+00 
1.5990330e+00 4.4926330e-01 0.0000000e+00 
9.1439813e-02 3.7532219e-01 0.0000000e+00 
5.7995051e-01 1.7130360e-01 0.0000000e+00 
6.1258352e-01 2.5273019e-01 0.0000000e+00 
4.0172791e-01 2.2754180e-01 0.0000000e+00 
5.4750210e-01 9.9742994e-02 0.0000000e+00 
6.1311978e-01 2.0313910e-01 0.0000000e+00 
6.1223829e-01 2.2002740e-01 0.0000000e+00 
1.8586820e+00 3.2957241e-01 0.0000000e+00 
5.8738971e-01 3.7580970e-01 0.0000000e+00 
4.5219980e-02 4.4195049e-02 0.0000000e+00 
4.8124549e-01 2.2123460e-01 0.0000000e+00 
4.3828961e-02 5.5591398e-01 0.0000000e+00 
1.0568640e+00 1.9004630e-01 0.0000000e+00 
3.3193341e-01 4.4711831e-01 0.0000000e+00 
3.0378929e-01 4.4286191e-01 0.0000000e+00 
5.3415012e-01 1.2728420e-01 0.0000000e+00 
5.0386423e-01 2.1636350e-01 0.0000000e+00 
1.9116580e+00 4.2358989e-01 0.0000000e+00 
4.5517069e-01 3.6521810e-01 0.0000000e+00 
3.6732909e-01 3.6239621e-01 0.0000000e+00 
6.3041377e-01 3.0585691e-01 0.0000000e+00 
1.9569679e+00 4.3301821e-02 0.0000000e+00 
5.7146299e-01 4.8058590e-01 0.0000000e+00 
1.6484860e+00 5.1718348e-01 0.0000000e+00 
9.4670999e-01 1.8556410e-01 0.0000000e+00 
6.3752991e-01 4.6584189e-01 0.0000000e+00 
1.9572541e+00 5.5697870e-01 0.0000000e+00 
6.4813697e-01 2.4830820e-01 0.0000000e+00 
6.0179752e-01 3.7555191e-01 0.0000000e+00 
1.4364240e+00 4.6111640e-01 0.0000000e+00 
5.6217611e-01 3.5223660e-01 0.0000000e+00 
6.6050959e-01 4.3027630e-01 0.0000000e+00 
4.0468970e-01 5.1149738e-01 0.0000000e+00 
5.1506358e-01 2.0555650e-01 0.0000000e+00 
4.3334481e-01 1.8108650e-01 0.0000000e+00 
9.9962813e-01 1.8700930e-01 0.0000000e+00 
6.9131333e-01 1.1763480e-01 0.0000000e+00 
4.4599831e-01 1.8538959e-01 0.0000000e+00 
5.1551181e-01 4.8891029e-01 0.0000000e+00 
4.3754059e-01 5.8743980e-02 0.0000000e+00 
5.9589100e-01 3.4163511e-01 0.0000000e+00 
2.3624770e-01 5.2814358e-01 0.0000000e+00 
6.6953379e-01 3.7169310e-01 0.0000000e+00 
3.6865169e-01 3.9570969e-01 0.0000000e+00 
5.9758049e-01 1.9620110e-01 0.0000000e+00 
1.3329040e-01 5.1544452e-01 0.0000000e+00 
1.0515270e+00 3.5504949e-01 0.0000000e+00 
3.3392131e-01 6.8202123e-02 0.0000000e+00 
1.7869949e-01 8.1389397e-02 0.0000000e+00 
9.2706198e-01 1.4882250e-01 0.0000000e+00 
1.7000279e+00 5.1305068e-01 0.0000000e+00 
3.4774879e-01 2.6959679e-01 0.0000000e+00 
5.7002652e-01 3.3917850e-01 0.0000000e+00 
4.5571360e-01 1.7617980e-01 0.0000000e+00 
8.2389021e-01 8.1237279e-02 0.0000000e+00 
5.6977302e-01 4.0162051e-01 0.0000000e+00 
5.7622939e-01 9.1579817e-02 0.0000000e+00 
7.9520959e-01 1.9354109e-01 0.0000000e+00 
7.1731091e-01 1.9555099e-01 0.0000000e+00 
9.5533073e-01 4.0679529e-01 0.0000000e+00 
5.1722008e-01 4.1250920e-01 0.0000000e+00 
4.3116611e-01 5.4470932e-01 0.0000000e+00 
6.9998658e-01 1.5358570e-01 0.0000000e+00 
3.7607810e-01 2.2627370e-01 0.0000000e+00 
5.1978278e-01 3.9113960e-01 0.0000000e+00 
5.3689402e-01 2.1312129e-01 0.0000000e+00 
9.0401761e-02 2.1924180e-01 0.0000000e+00 
7.8513551e-01 3.6338761e-01 0.0000000e+00 
2.8628290e-01 5.2971011e-01 0.0000000e+00 
1.9101239e+00 1.3962340e-01 0.0000000e+00 
3.3938929e-01 1.5675519e-01 0.0000000e+00 
3.5365051e-01 1.4366330e-01 0.0000000e+00 
5.9640652e-01 1.7787141e-01 0.0000000e+00 
2.3996450e-01 3.0955619e-01 0.0000000e+00 
4.0130991e-01 5.3756779e-01 0.0000000e+00 
2.6203820e-01 3.9843059e-01 0.0000000e+00 
1.7610559e+00 5.1254529e-01 0.0000000e+00 
5.3923780e-01 6.9367118e-02 0.0000000e+00 
6.6389477e-01 2.7387929e-01 0.0000000e+00 
5.6400359e-01 1.6758190e-01 0.0000000e+00 
6.3302028e-01 3.3655259e-01 0.0000000e+00 
5.4254562e-01 3.6452681e-01 0.0000000e+00 
5.1293671e-01 2.8587131e-02 0.0000000e+00 
5.1246679e-01 1.8971939e-01 0.0000000e+00 

CELLS 1766 7064
3 0 870 123
3 1 882 70
3 2 887 79
3 3 872 114
3 4 193 35
3 4 516 193
3 5 516 4
3 6 184 5
3 6 612 184
3 7 612 6
3 8 183 7
3 8 799 183
3 9 799 8
3 10 615 9
3 11 335 10
3 11 521 335
3 12 521 11
3 13 311 12
3 13 515 311
3 14 515 13
3 15 312 14
3 15 511 312
3 16 511 15
3 17 308 16
3 17 510 308
3 18 510 17
3 19 301 18
3 19 529 301
3 20 529 19
3 21 124 20
3 21 517 124
3 22 517 21
3 23 277 22
3 23 503 277
3 24 503 23
3 25 266 24
3 25 533 266
3 26 533 25
3 27 269 26
3 27 616 269
3 28 616 27
3 29 513 28
3 30 241 29
3 30 512 241
3 31 512 30
3 32 214 31
3 32 514 214
3 33 514 32
3 34 215 33
3 34 726 215
3 35 726 34
3 36 870 0
3 37 747 36
3 38 155 37
3 38 603 155
3 39 603 38
3 40 130 39
3 40 547 130
3 41 547 40
3 41 619 547
3 42 619 41
3 43 142 42
3 43 812 142
3 44 812 43
3 44 943 597
3 45 943 44
3 46 145 45
3 46 159 145
3 47 159 46
3 48 140 47
3 48 555 140
3 49 555 48
3 49 557 555
3 50 557 49
3 51 126 50
3 51 800 126
3 52 800 51
3 52 816 800
3 53 816 52
3 54 131 53
3 54 663 131
3 55 663 54
3 55 718 663
3 56 718 55
3 57 127 56
3 57 780 127
3 58 780 57
3 58 850 780
3 59 850 58
3 60 148 59
3 60 700 148
3 61 700 60
3 62 128 61
3 62 701 128
3 63 701 62
3 63 744 701
3 64 744 63
3 65 136 64
3 65 613 136
3 66 613 65
3 66 772 613
3 67 772 66
3 68 144 67
3 68 715 144
3 69 715 68
3 70 157 69
3 70 882 157
3 71 882 1
3 72 757 71
3 73 154 72
3 73 674 154
3 74 674 73
3 75 139 74
3 75 676 139
3 76 676 75
3 77 147 76
3 77 662 147
3 78 662 77
3 79 156 78
3 79 887 156
3 80 887 2
3 81 766 80
3 82 706 81
3 83 151 82
3 83 702 151
3 84 702 83
3 85 129 84
3 85 703 129
3 86 703 85
3 87 697 86
3 88 137 87
3 88 756 137
3 89 756 88
3 90 149 89
3 90 653 149
3 91 653 90
3 92 134 91
3 92 673 134
3 93 673 92
3 94 150 93
3 94 675 150
3 95 675 94
3 96 135 95
3 96 624 135
3 97 624 96
3 98 623 97
3 99 125 98
3 99 607 125
3 100 607 99
3 100 736 607
3 101 736 100
3 102 138 101
3 102 566 138
3 103 566 102
3 103 583 566
3 104 583 103
3 105 143 104
3 105 611 143
3 106 611 105
3 106 745 611
3 107 745 106
3 108 141 107
3 108 544 141
3 109 544 108
3 110 543 109
3 111 132 110
3 111 605 132
3 112 605 111
3 113 153 112
3 113 754 153
3 114 754 113
3 114 872 754
3 115 872 3
3 116 158 115
3 116 635 158
3 117 635 116
3 118 146 117
3 118 604 146
3 119 604 118
3 120 133 119
3 120 609 133
3 121 609 120
3 122 152 121
3 122 650 152
3 123 650 122
3 123 870 650
3 124 529 20
3 124 658 529
3 124 817 658
3 125 623 98
3 125 735 623
3 125 782 735
3 126 557 50
3 126 558 557
3 126 559 558
3 126 915 559
3 127 718 56
3 127 804 670
3 128 700 61
3 128 786 700
3 129 702 84
3 129 911 702
3 130 603 39
3 130 610 525
3 130 811 603
3 131 816 53
3 132 543 110
3 132 929 543
3 133 604 119
3 133 734 604
3 133 814 734
3 133 927 814
3 134 653 91
3 134 673 647
3 135 675 95
3 136 613 545
3 136 744 64
3 137 697 87
3 137 698 697
3 137 823 698
3 138 736 101
3 139 674 74
3 139 768 454
3 140 159 47
3 140 160 159
3 140 161 160
3 140 555 161
3 141 745 107
3 141 922 745
3 141 935 922
3 142 619 42
3 142 854 619
3 142 900 640
3 143 583 104
3 143 777 583
3 143 808 634
3 144 740 532
3 144 772 67
3 145 938 830
3 145 943 45
3 146 635 117
3 146 748 635
3 146 861 748
3 147 676 76
3 147 730 676
3 147 878 730
3 148 850 59
3 149 756 89
3 150 673 93
3 150 675 632
3 151 706 82
3 151 937 504
3 152 609 121
3 152 746 609
3 153 605 112
3 153 847 605
3 153 906 847
3 154 757 72
3 154 930 757
3 155 747 37
3 155 856 747
3 155 909 856
3 156 662 78
3 156 711 662
3 156 766 711
3 156 887 766
3 157 715 69
3 157 716 715
3 157 757 716
3 157 882 757
3 158 872 115
3 159 542 145
3 160 542 159
3 160 917 542
3 161 162 160
3 161 760 162
3 162 163 160
3 162 164 163
3 162 165 164
3 162 760 165
3 163 917 160
3 164 187 163
3 164 506 187
3 165 166 164
3 165 167 166
3 165 253 167
3 165 760 253
3 166 506 164
3 166 933 506
3 167 168 166
3 167 169 168
3 167 793 169
3 168 227 166
3 168 866 227
3 169 170 168
3 169 171 170
3 169 188 171
3 169 793 188
3 170 508 168
3 171 172 170
3 171 173 172
3 171 801 173
3 172 244 170
3 172 888 244
3 173 174 172
3 173 175 174
3 173 813 175
3 174 888 172
3 174 939 524
3 175 176 174
3 175 177 176
3 175 178 177
3 175 813 178
3 176 939 174
3 177 180 176
3 177 791 180
3 178 179 177
3 178 181 179
3 178 837 181
3 179 791 177
3 180 191 176
3 180 192 191
3 180 831 192
3 181 182 179
3 181 185 182
3 181 245 185
3 181 837 245
3 182 781 179
3 183 612 7
3 183 799 696
3 183 853 612
3 184 516 5
3 184 612 501
3 184 826 516
3 185 186 182
3 185 189 186
3 185 759 189
3 186 222 182
3 186 845 222
3 187 361 163
3 187 769 361
3 187 792 769
3 188 801 171
3 188 919 801
3 188 923 599
3 189 190 186
3 189 194 190
3 189 243 194
3 189 759 243
3 190 845 186
3 191 523 176
3 192 201 191
3 192 202 201
3 192 203 202
3 192 831 203
3 193 726 35
3 193 839 456
3 193 851 839
3 194 195 190
3 194 196 195
3 194 739 196
3 195 588 190
3 196 197 195
3 196 198 197
3 196 729 198
3 196 739 729
3 197 242 195
3 197 857 242
3 198 199 197
3 198 200 199
3 198 259 200
3 198 729 259
3 199 857 197
3 199 907 857
3 200 216 199
3 200 217 216
3 200 855 217
3 201 232 191
3 201 460 232
3 201 941 460
3 202 204 201
3 202 205 204
3 202 903 205
3 203 831 589
3 203 903 202
3 204 941 201
3 205 206 204
3 205 207 206
3 205 797 207
3 205 903 797
3 206 341 204
3 206 805 341
3 207 208 206
3 207 209 208
3 207 211 209
3 207 797 211
3 208 805 206
3 208 889 805
3 209 210 208
3 209 212 210
3 209 810 212
3 210 344 208
3 210 530 344
3 211 797 761
3 211 810 209
3 211 892 810
3 212 213 210
3 212 220 213
3 212 257 220
3 212 810 257
3 213 530 210
3 214 512 31
3 214 891 825
3 214 942 512
3 215 514 33
3 215 913 514
3 216 907 199
3 217 218 216
3 217 219 218
3 217 824 219
3 217 855 824
3 218 345 216
3 218 651 345
3 219 223 218
3 219 224 223
3 219 258 224
3 219 824 258
3 220 221 213
3 220 254 221
3 220 821 254
3 221 239 213
3 221 240 239
3 221 775 240
3 222 781 182
3 222 845 586
3 222 928 781
3 223 651 218
3 224 225 223
3 224 226 225
3 224 728 226
3 225 352 223
3 225 731 352
3 226 228 225
3 226 229 228
3 226 693 229
3 226 728 693
3 227 933 166
3 228 731 225
3 229 230 228
3 229 231 230
3 229 256 231
3 229 693 256
3 230 356 228
3 230 783 356
3 231 233 230
3 231 234 233
3 231 720 234
3 232 523 191
3 232 621 523
3 232 881 621
3 233 783 230
3 234 235 233
3 234 236 235
3 234 694 236
3 234 720 694
3 235 366 233
3 235 707 366
3 236 237 235
3 236 238 237
3 236 252 238
3 236 694 252
3 237 707 235
3 238 246 237
3 238 247 246
3 238 714 247
3 239 530 213
3 239 916 530
3 240 260 239
3 240 261 260
3 240 262 261
3 240 775 262
3 241 513 29
3 241 614 513
3 241 840 614
3 242 588 195
3 242 737 588
3 242 857 630
3 242 920 737
3 243 739 194
3 243 758 739
3 243 759 563
3 244 508 170
3 244 725 724
3 244 867 508
3 244 888 725
3 245 601 600
3 245 759 185
3 245 837 601
3 245 918 759
3 246 360 237
3 246 704 360
3 247 248 246
3 247 249 248
3 247 250 249
3 247 714 250
3 248 704 246
3 249 255 248
3 249 719 255
3 250 251 249
3 250 342 251
3 250 709 342
3 250 714 709
3 251 719 249
3 252 694 681
3 252 714 238
3 253 793 167
3 253 923 793
3 254 775 221
3 254 821 643
3 254 883 775
3 255 377 248
3 255 378 377
3 255 382 378
3 255 719 382
3 256 686 684
3 256 693 686
3 256 720 231
3 257 810 587
3 257 821 220
3 257 886 821
3 258 728 224
3 258 809 690
3 258 824 809
3 259 855 200
3 259 873 855
3 259 896 873
3 260 346 239
3 260 438 346
3 260 459 438
3 261 459 260
3 262 263 261
3 262 435 263
3 262 436 435
3 262 775 436
3 263 264 261
3 263 265 264
3 263 790 265
3 264 459 261
3 264 921 459
3 265 267 264
3 265 268 267
3 265 270 268
3 265 790 270
3 266 503 24
3 266 620 503
3 266 879 620
3 267 354 264
3 267 355 354
3 267 659 355
3 268 659 267
3 269 533 26
3 269 722 502
3 270 271 268
3 270 326 271
3 270 327 326
3 270 790 327
3 271 272 268
3 271 273 272
3 271 771 273
3 272 659 268
3 272 828 659
3 273 274 272
3 273 275 274
3 273 806 275
3 274 732 272
3 275 276 274
3 275 278 276
3 275 339 278
3 275 806 339
3 276 340 274
3 276 528 340
3 277 517 22
3 277 848 517
3 278 279 276
3 278 280 279
3 278 820 280
3 279 528 276
3 280 281 279
3 280 282 281
3 280 316 282
3 280 820 316
3 281 314 279
3 281 904 314
3 282 283 281
3 282 284 283
3 282 874 284
3 283 904 281
3 284 285 283
3 284 838 285
3 284 875 838
3 285 286 283
3 285 287 286
3 285 296 287
3 285 838 296
3 286 540 283
3 287 288 286
3 287 289 288
3 287 774 289
3 288 539 286
3 289 290 288
3 289 291 290
3 289 774 291
3 290 317 288
3 290 535 317
3 291 292 290
3 291 293 292
3 291 304 293
3 291 774 304
3 292 535 290
3 292 536 535
3 293 294 292
3 293 295 294
3 293 818 295
3 294 536 292
3 295 297 294
3 295 305 297
3 295 322 305
3 295 818 322
3 296 774 287
3 296 936 712
3 297 298 294
3 297 299 298
3 297 742 299
3 298 536 294
3 298 912 536
3 299 300 298
3 299 302 300
3 299 787 302
3 300 315 298
3 300 467 315
3 300 924 467
3 301 510 18
3 301 834 510
3 302 303 300
3 302 306 303
3 302 313 306
3 302 787 313
3 303 924 300
3 304 774 713
3 304 818 293
3 304 934 818
3 305 742 297
3 306 307 303
3 306 309 307
3 306 798 309
3 307 321 303
3 307 660 321
3 308 511 16
3 308 822 511
3 309 310 307
3 309 318 310
3 309 320 318
3 309 798 320
3 310 660 307
3 310 767 660
3 311 521 12
3 311 871 622
3 311 877 521
3 312 515 14
3 312 531 515
3 312 764 531
3 313 787 548
3 313 798 306
3 313 931 798
3 314 528 279
3 314 727 528
3 314 803 727
3 314 904 803
3 315 912 298
3 316 755 602
3 316 820 755
3 316 874 282
3 317 539 288
3 317 796 539
3 318 319 310
3 318 328 319
3 318 638 328
3 319 767 310
3 319 895 767
3 320 638 318
3 320 932 552
3 321 864 784
3 321 924 303
3 322 323 305
3 322 324 323
3 322 637 324
3 322 818 637
3 323 551 305
3 324 325 323
3 324 367 325
3 324 368 367
3 324 637 368
3 325 350 323
3 325 371 350
3 325 773 371
3 326 771 271
3 327 359 326
3 327 402 359
3 327 899 402
3 328 329 319
3 328 832 329
3 329 330 319
3 329 331 330
3 329 332 331
3 329 832 332
3 330 895 319
3 330 898 895
3 330 914 898
3 331 914 330
3 332 333 331
3 332 336 333
3 332 369 336
3 332 832 369
3 333 334 331
3 333 337 334
3 333 779 337
3 334 751 331
3 335 615 10
3 335 750 615
3 336 779 333
3 337 338 334
3 337 347 338
3 337 348 347
3 337 779 348
3 338 351 334
3 338 461 351
3 338 944 461
3 339 806 641
3 339 820 278
3 340 732 274
3 340 833 661
3 341 776 738
3 341 805 776
3 341 941 204
3 342 343 251
3 342 375 343
3 342 376 375
3 342 709 376
3 343 353 251
3 343 373 353
3 343 710 373
3 344 889 208
3 345 633 628
3 345 651 633
3 345 907 216
3 346 916 239
3 347 349 338
3 347 362 349
3 347 794 362
3 348 779 733
3 348 794 347
3 348 876 794
3 349 944 338
3 350 551 323
3 351 751 334
3 352 648 646
3 352 651 223
3 352 731 648
3 353 719 251
3 353 723 719
3 354 921 264
3 355 357 354
3 355 379 357
3 355 380 379
3 355 659 380
3 356 731 228
3 356 752 731
3 356 783 656
3 357 358 354
3 357 789 358
3 358 921 354
3 358 925 846
3 359 372 326
3 359 401 372
3 359 815 401
3 360 707 237
3 360 842 707
3 360 860 842
3 361 917 163
3 362 363 349
3 362 364 363
3 362 431 364
3 362 794 431
3 363 374 349
3 363 527 374
3 364 365 363
3 364 384 365
3 364 940 384
3 365 527 363
3 366 783 233
3 366 890 656
3 367 773 325
3 368 406 367
3 368 407 406
3 368 409 407
3 368 637 409
3 369 370 336
3 369 832 639
3 369 841 370
3 370 403 336
3 370 405 403
3 370 424 405
3 370 841 424
3 371 392 350
3 371 457 392
3 371 458 457
3 371 773 458
3 372 771 326
3 373 422 353
3 373 454 422
3 373 455 454
3 373 710 455
3 374 944 349
3 375 710 343
3 376 394 375
3 376 545 394
3 376 546 545
3 376 709 546
3 377 704 248
3 378 445 377
3 378 705 445
3 379 430 357
3 379 722 430
3 380 381 379
3 380 432 381
3 380 828 432
3 381 722 379
3 382 383 378
3 382 399 383
3 382 723 399
3 383 705 378
3 384 385 365
3 384 541 385
3 384 862 541
3 384 940 862
3 385 386 365
3 385 387 386
3 385 795 387
3 386 527 365
3 386 926 527
3 387 388 386
3 387 389 388
3 387 390 389
3 387 795 390
3 388 400 386
3 388 444 400
3 388 696 444
3 389 696 388
3 390 391 389
3 390 395 391
3 390 447 395
3 390 795 447
3 391 608 389
3 392 393 350
3 392 525 393
3 392 811 525
3 393 551 350
3 394 532 375
3 394 772 532
3 395 396 391
3 395 724 396
3 395 867 724
3 396 397 391
3 396 398 397
3 396 863 398
3 397 608 391
3 398 417 397
3 398 418 417
3 398 419 418
3 398 863 419
3 399 404 383
3 399 730 404
3 399 868 730
3 400 926 386
3 401 534 372
3 401 815 745
3 401 922 534
3 402 815 359
3 402 899 537
3 403 779 336
3 404 504 383
3 404 711 504
3 404 878 711
3 405 434 403
3 405 830 434
3 406 408 367
3 406 814 408
3 407 734 406
3 408 773 367
3 408 927 746
3 409 410 407
3 409 411 410
3 409 713 411
3 409 934 713
3 410 437 407
3 410 778 437
3 411 412 410
3 411 413 412
3 411 712 413
3 411 713 712
3 412 778 410
3 413 414 412
3 413 415 414
3 413 657 415
3 413 936 657
3 414 416 412
3 414 749 416
3 415 423 414
3 415 518 423
3 415 519 518
3 415 657 519
3 416 749 636
3 416 778 412
3 417 501 397
3 417 826 501
3 418 420 417
3 418 421 420
3 418 753 421
3 419 753 418
3 419 843 753
3 419 863 725
3 420 826 417
3 420 851 826
3 421 425 420
3 421 426 425
3 421 443 426
3 421 753 443
3 422 723 353
3 422 868 723
3 423 749 414
3 423 847 749
3 423 902 847
3 424 597 405
3 424 812 597
3 424 900 812
3 425 851 420
3 426 427 425
3 426 428 427
3 426 765 428
3 427 839 425
3 428 429 427
3 428 738 429
3 428 852 738
3 429 456 427
3 429 743 456
3 429 901 743
3 430 616 513
3 430 722 616
3 430 789 357
3 431 794 769
3 431 940 364
3 432 433 381
3 432 661 433
3 432 732 661
3 432 828 732
3 433 502 381
3 433 509 502
3 433 592 509
3 433 661 592
3 434 733 403
3 434 865 733
3 434 938 865
3 435 790 263
3 435 899 790
3 436 537 435
3 436 538 537
3 436 883 538
3 437 734 407
3 437 861 604
3 438 439 346
3 438 442 439
3 438 846 442
3 439 440 346
3 439 441 440
3 439 617 441
3 440 916 346
3 441 448 440
3 441 449 448
3 441 825 449
3 442 617 439
3 442 840 617
3 442 925 614
3 443 753 621
3 443 765 426
3 443 881 765
3 444 750 400
3 444 799 615
3 445 446 377
3 445 911 446
3 445 937 911
3 446 704 377
3 446 860 704
3 446 884 699
3 446 911 884
3 447 867 395
3 447 905 866
3 448 859 440
3 448 869 859
3 449 450 448
3 449 451 450
3 449 891 451
3 450 869 448
3 451 452 450
3 451 743 452
3 451 913 743
3 452 453 450
3 452 776 453
3 452 901 776
3 453 869 450
3 453 889 869
3 454 674 139
3 454 768 422
3 454 835 674
3 455 740 716
3 455 835 454
3 455 930 835
3 456 726 193
3 456 839 427
3 456 913 726
3 457 811 392
3 457 909 811
3 458 746 717
3 458 773 746
3 458 856 457
3 459 846 438
3 459 921 846
3 460 852 765
3 460 881 232
3 460 941 852
3 461 462 351
3 461 466 462
3 461 944 466
3 462 463 351
3 462 464 463
3 462 622 464
3 463 751 351
3 464 465 463
3 464 531 465
3 464 871 531
3 465 507 463
3 465 827 507
3 466 622 462
3 466 877 622
3 466 894 877
3 466 944 894
3 467 468 315
3 467 741 468
3 467 784 741
3 467 924 784
3 468 469 315
3 468 470 469
3 468 471 470
3 468 741 471
3 469 912 315
3 470 763 469
3 471 472 470
3 471 485 472
3 471 486 485
3 471 741 486
3 472 473 470
3 472 474 473
3 472 606 474
3 473 763 470
3 474 475 473
3 474 596 475
3 474 658 596
3 475 476 473
3 475 477 476
3 475 478 477
3 475 596 478
3 476 763 473
3 476 858 763
3 477 642 476
3 477 796 642
3 478 479 477
3 478 480 479
3 478 484 480
3 478 596 484
3 479 796 477
3 480 481 479
3 480 482 481
3 480 595 482
3 481 483 479
3 481 802 483
3 482 489 481
3 482 490 489
3 482 491 490
3 482 595 491
3 483 796 479
3 483 880 539
3 484 595 480
3 484 848 595
3 485 606 472
3 485 834 606
3 486 487 485
3 486 488 487
3 486 494 488
3 486 741 494
3 487 721 510
3 487 834 485
3 488 721 487
3 489 802 481
3 489 803 802
3 490 727 489
3 491 492 490
3 491 620 492
3 491 788 620
3 492 493 490
3 492 592 493
3 492 620 509
3 493 727 490
3 493 833 528
3 494 495 488
3 494 864 495
3 495 496 488
3 495 497 496
3 495 829 497
3 495 864 829
3 496 721 488
3 496 822 721
3 497 498 496
3 497 499 498
3 497 500 499
3 497 829 500
3 498 822 496
3 499 644 498
3 499 827 644
3 500 505 499
3 500 767 505
3 500 829 660
3 501 608 397
3 501 826 184
3 501 853 608
3 502 533 269
3 502 722 381
3 502 879 533
3 503 788 277
3 504 705 383
3 504 706 151
3 504 711 706
3 504 937 705
3 505 827 499
3 505 898 827
3 506 792 187
3 506 862 792
3 506 933 862
3 507 751 463
3 507 914 751
3 508 866 168
3 508 867 866
3 509 592 492
3 509 879 502
3 510 721 308
3 510 834 487
3 511 764 312
3 511 822 764
3 512 840 241
3 512 942 840
3 513 616 28
3 513 789 430
3 514 891 214
3 514 913 891
3 515 871 311
3 516 851 193
3 517 817 124
3 517 848 817
3 518 902 423
3 518 929 902
3 519 520 518
3 519 602 520
3 519 875 602
3 520 602 593
3 520 929 518
3 521 522 335
3 521 877 522
3 522 750 335
3 522 785 750
3 522 894 785
3 523 621 524
3 523 939 176
3 524 843 725
3 524 888 174
3 524 939 523
3 525 526 393
3 525 610 526
3 525 811 130
3 526 548 393
3 526 549 548
3 526 550 549
3 526 610 550
3 527 785 374
3 527 926 785
3 528 727 493
3 528 833 340
3 529 658 606
3 529 834 301
3 530 859 344
3 530 916 859
3 531 644 465
3 531 764 644
3 531 871 515
3 532 710 375
3 532 740 710
3 532 772 144
3 533 879 266
3 534 641 372
3 534 893 641
3 534 935 893
3 535 642 317
3 535 858 642
3 536 844 535
3 536 912 844
3 537 634 402
3 537 899 435
3 538 634 537
3 538 777 634
3 538 883 643
3 539 540 286
3 539 796 483
3 539 880 540
3 540 880 802
3 540 904 283
3 541 795 385
3 541 905 795
3 541 933 905
3 542 917 865
3 542 938 145
3 543 544 109
3 543 593 544
3 543 929 593
3 544 935 141
3 545 613 394
3 545 677 136
3 546 677 545
3 546 678 677
3 546 695 678
3 546 709 695
3 547 610 130
3 547 908 610
3 548 551 393
3 548 787 551
3 548 931 313
3 549 931 548
3 549 932 931
3 550 552 549
3 550 553 552
3 550 908 553
3 551 742 305
3 551 787 742
3 552 638 320
3 552 932 549
3 553 554 552
3 553 854 554
3 553 908 619
3 554 638 552
3 554 639 638
3 554 640 639
3 554 854 640
3 555 556 161
3 555 557 556
3 556 760 161
3 556 897 760
3 557 558 556
3 558 897 556
3 559 560 558
3 559 561 560
3 559 562 561
3 559 915 562
3 560 598 558
3 560 599 598
3 560 600 599
3 561 600 560
3 561 918 600
3 562 563 561
3 562 564 563
3 562 565 564
3 562 915 565
3 563 758 243
3 563 759 561
3 564 758 563
3 564 910 758
3 565 669 564
3 565 816 669
3 565 915 800
3 566 567 138
3 566 582 567
3 566 583 582
3 567 568 138
3 567 569 568
3 567 585 569
3 568 736 138
3 569 570 568
3 569 584 570
3 569 587 584
3 569 886 587
3 570 571 568
3 570 572 571
3 570 573 572
3 570 584 573
3 571 736 568
3 571 849 607
3 572 849 571
3 573 574 572
3 573 575 574
3 573 579 575
3 573 584 579
3 574 576 572
3 574 577 576
3 574 618 577
3 575 618 574
3 576 849 572
3 577 578 576
3 577 580 578
3 577 586 580
3 577 618 586
3 578 782 576
3 579 589 575
3 579 762 589
3 580 581 578
3 580 737 581
3 581 735 578
3 581 737 629
3 582 585 567
3 582 643 585
3 582 777 643
3 583 777 582
3 584 761 579
3 584 892 761
3 585 886 569
3 586 588 580
3 586 845 588
3 586 928 222
3 587 886 257
3 587 892 584
3 588 737 580
3 588 845 190
3 589 590 575
3 589 591 590
3 589 762 203
3 589 831 591
3 590 618 575
3 590 928 618
3 591 781 590
3 591 791 781
3 591 831 791
3 592 833 493
3 593 594 544
3 593 755 594
3 593 929 520
3 594 935 544
3 595 788 491
3 595 848 788
3 596 817 484
3 597 812 44
3 597 830 405
3 597 943 830
3 598 897 558
3 598 923 897
3 599 919 188
3 599 923 598
3 600 601 599
3 600 918 245
3 601 813 801
3 601 837 813
3 601 919 599
3 602 755 593
3 602 874 316
3 602 875 874
3 603 909 155
3 604 734 437
3 604 861 146
3 605 902 132
3 606 658 474
3 606 834 529
3 607 736 571
3 607 782 125
3 607 849 782
3 608 696 389
3 608 853 696
3 609 927 133
3 610 908 550
3 611 808 143
3 611 815 808
3 612 853 501
3 613 772 394
3 614 789 513
3 614 840 442
3 614 925 789
3 615 750 444
3 615 799 9
3 616 722 269
3 617 825 441
3 617 942 825
3 618 928 586
3 619 854 553
3 619 908 547
3 620 788 503
3 620 879 509
3 621 843 524
3 621 881 443
3 622 871 464
3 622 877 311
3 623 624 97
3 623 631 624
3 623 735 631
3 624 625 135
3 624 631 625
3 625 626 135
3 625 627 626
3 625 629 627
3 625 631 629
3 626 675 135
3 627 628 626
3 627 652 628
3 628 632 626
3 628 633 632
3 628 652 345
3 629 630 627
3 629 631 581
3 629 920 630
3 630 652 627
3 630 857 652
3 630 920 242
3 631 735 581
3 632 645 150
3 632 675 626
3 633 645 632
3 633 646 645
3 633 651 646
3 634 777 143
3 634 808 402
3 635 636 158
3 635 748 636
3 636 748 416
3 636 754 158
3 636 906 754
3 637 934 409
3 638 639 328
3 639 832 328
3 639 841 369
3 640 841 639
3 640 854 142
3 640 900 841
3 641 771 372
3 641 806 771
3 641 807 339
3 641 893 807
3 642 796 317
3 642 858 476
3 643 777 538
3 643 821 585
3 643 883 254
3 644 764 498
3 644 827 465
3 645 673 150
3 646 647 645
3 646 648 647
3 646 651 352
3 647 649 134
3 647 673 645
3 648 649 647
3 648 752 649
3 649 653 134
3 649 654 653
3 649 752 654
3 650 717 152
3 650 747 717
3 650 870 747
3 652 907 345
3 653 654 149
3 654 655 149
3 654 656 655
3 654 752 656
3 655 756 149
3 655 823 756
3 655 890 823
3 656 752 356
3 656 783 366
3 656 890 655
3 657 875 519
3 657 936 838
3 658 817 596
3 659 828 380
3 660 767 500
3 660 829 321
3 661 732 340
3 661 833 592
3 662 878 147
3 663 664 131
3 663 665 664
3 663 718 665
3 664 669 131
3 665 666 664
3 665 667 666
3 665 670 667
3 665 718 670
3 666 668 664
3 666 896 668
3 667 873 666
3 668 669 664
3 668 896 885
3 668 910 669
3 669 816 131
3 669 910 564
3 670 671 667
3 670 718 127
3 670 804 671
3 671 672 667
3 671 804 691
3 671 809 672
3 672 873 667
3 674 835 154
3 676 768 139
3 677 744 136
3 678 679 677
3 678 680 679
3 678 681 680
3 678 695 681
3 679 744 677
3 679 770 701
3 680 770 679
3 681 682 680
3 681 694 682
3 681 695 252
3 682 683 680
3 682 684 683
3 682 720 684
3 683 770 680
3 683 786 770
3 684 685 683
3 684 686 685
3 684 720 256
3 685 786 683
3 685 819 786
3 686 687 685
3 686 688 687
3 686 693 688
3 687 819 685
3 687 836 819
3 688 689 687
3 688 690 689
3 688 728 690
3 689 836 687
3 690 691 689
3 690 728 258
3 690 809 691
3 691 692 689
3 691 804 692
3 691 809 671
3 692 804 780
3 692 836 689
3 692 850 836
3 693 728 688
3 694 720 682
3 695 714 252
3 696 799 444
3 696 853 183
3 697 703 86
3 698 699 697
3 698 823 708
3 698 842 699
3 699 703 697
3 699 860 446
3 699 884 703
3 700 819 148
3 701 744 679
3 701 770 128
3 702 937 151
3 703 884 129
3 704 860 360
3 705 937 445
3 706 766 81
3 707 708 366
3 707 842 708
3 708 842 698
3 708 890 366
3 709 714 695
3 710 740 455
3 711 766 706
3 711 878 662
3 712 774 296
3 712 936 413
3 713 774 712
3 713 934 304
3 715 740 144
3 716 740 715
3 716 930 455
3 717 746 152
3 717 856 458
3 719 723 382
3 721 822 308
3 723 868 399
3 724 863 396
3 724 867 244
3 725 843 419
3 725 863 724
3 725 888 524
3 726 913 215
3 727 803 489
3 729 896 259
3 730 768 676
3 730 868 768
3 730 878 404
3 731 752 648
3 732 828 272
3 733 779 403
3 733 876 348
3 734 814 406
3 735 782 578
3 737 920 629
3 738 852 341
3 738 901 429
3 739 885 729
3 741 784 494
3 742 787 299
3 743 901 452
3 743 913 456
3 745 815 611
3 745 922 401
3 746 773 408
3 746 927 609
3 747 856 717
3 747 870 36
3 748 778 416
3 748 861 778
3 749 906 636
3 750 926 400
3 751 914 331
3 753 843 621
3 754 872 158
3 754 906 153
3 755 807 594
3 755 820 807
3 756 823 137
3 757 882 71
3 757 930 716
3 758 885 739
3 758 910 885
3 759 918 561
3 760 897 253
3 761 762 579
3 761 797 762
3 761 892 211
3 762 903 203
3 763 844 469
3 763 858 844
3 764 822 498
3 765 852 428
3 765 881 460
3 766 887 80
3 767 895 505
3 768 868 422
3 769 792 431
3 769 865 361
3 769 876 865
3 770 786 128
3 771 806 273
3 775 883 436
3 776 805 453
3 776 901 738
3 778 861 437
3 780 804 127
3 780 850 692
3 781 791 179
3 781 928 590
3 782 849 576
3 784 864 494
3 784 924 321
3 785 894 374
3 785 926 750
3 786 819 700
3 788 848 277
3 789 925 358
3 790 899 327
3 791 831 180
3 792 940 431
3 793 923 188
3 794 876 769
3 795 905 447
3 797 903 762
3 798 932 320
3 800 816 565
3 800 915 126
3 801 813 173
3 801 919 601
3 802 803 540
3 802 880 483
3 803 904 540
3 805 889 453
3 807 820 339
3 807 893 594
3 808 815 402
3 809 824 672
3 810 892 587
3 811 909 603
3 812 900 142
3 813 837 178
3 814 927 408
3 817 848 484
3 818 934 637
3 819 836 148
3 821 886 585
3 823 890 708
3 824 855 672
3 825 891 449
3 825 942 214
3 826 851 516
3 827 898 507
3 829 864 321
3 830 938 434
3 830 943 145
3 835 930 154
3 836 850 148
3 838 875 657
3 838 936 296
3 839 851 425
3 840 942 617
3 841 900 424
3 842 860 699
3 844 858 535
3 844 912 469
3 846 921 358
3 846 925 442
3 847 902 605
3 847 906 749
3 852 941 341
3 855 873 672
3 856 909 457
3 857 907 652
3 859 869 344
3 859 916 440
3 862 933 541
3 862 940 792
3 865 876 733
3 865 917 361
3 865 938 542
3 866 867 447
3 866 905 227
3 869 889 344
3 873 896 666
3 874 875 284
3 877 894 522
3 884 911 129
3 885 896 729
3 885 910 668
3 891 913 451
3 893 935 594
3 894 944 374
3 895 898 505
3 897 923 253
3 898 914 507
3 902 929 132
3 905 933 227
3 911 937 702
3 922 935 534
3 931 932 798

CELL_TYPES 1766
5
5
5
5
5
5
5
5
5
5
5
5
5
5
5
5
5
5
5
5
5
5
5
5
5
5
5
5
5
5
5
5
5
5
5
5
5
5
5
5
5
5
5
5
5
5
5
5
5
5
5
5
5
5
5
5
5
5
5
5
5
5
5
5
5
5
5
5
5
5
5
5
5
5
5
5
5
5
5
5
5
5
5
5
5
5
5
5
5
5
5
5
5
5
5
5
5
5
5
5
5
5
5
5
5
5
5
5
5
5
5
5
5
5
5
5
5
5
5
5
5
5
5
5
5
5
5
5
5
5
5
5
5
5
5
5
5
5
5
5
5
5
5
5
5
5
5
5
5
5
5
5
5
5
5
5
5
5
5
5
5
5
5
5
5
5
5
5
5
5
5
5
5
5
5
5
5
5
5
5
5
5
5
5
5
5
5
5
5
5
5
5
5
5
5
5
5
5
5
5
5
5
5
5
5
5
5
5
5
5
5
5
5
5
5
5
5
5
5
5
5
5
5
5
5
5
5
5
5
5
5
5
5
5
5
5
5
5
5
5
5
5
5
5
5
5
5
5
5
5
5
5
5
5
5
5
5
5
5
5
5
5
5
5
5
5
5
5
5
5
5
5
5
5
5
5
5
5
5
5
5
5
5
5
5
5
5
5
5
5
5
5
5
5
5
5
5
5
5
5
5
5
5
5
5
5
5
5
5
5
5
5
5
5
5
5
5
5
5
5
5
5
5
5
5
5
5
5
5
5
5
5
5
5
5
5
5
5
5
5
5
5
5
5
5
5
5
5
5
5
5
5
5
5
5
5
5
5
5
5
5
5
5
5
5
5
5
5
5
5
5
5
5
5
5
5
5
5
5
5
5
5
5
5
5
5
5
5
5
5
5
5
5
5
5
5
5
5
5
5
5
5
5
5
5
5
5
5
5
5
5
5
5
5
5
5
5
5
5
5
5
5
5
5
5
5
5
5
5
5
5
5
5
5
5
5
5
5
5
5
5
5
5
5
5
5
5
5
5
5
5
5
5
5
5
5
5
5
5
5
5
5
5
5
5
5
5
5
5
5
5
5
5
5
5
5
5
5
5
5
5
5
5
5
5
5
5
5
5
5
5
5
5
5
5
5
5
5
5
5
5
5
5
5
5
5
5
5
5
5
5
5
5
5
5
5
5
5
5
5
5
5
5
5
5
5
5
5
5
5
5
5
5
5
5
5
5
5
5
5
5
5
5
5
5
5
5
5
5
5
5
5
5
5
5
5
5
5
5
5
5
5
5
5
5
5
5
5
5
5
5
5
5
5
5
5
5
5
5
5
5
5
5
5
5
5
5
5
5
5
5
5
5
5
5
5
5
5
5
5
5
5
5
5
5
5
5
5
5
5
5
5
5
5
5
5
5
5
5
5
5
5
5
5
5
5
5
5
5
5
5
5
5
5
5
5
5
5
5
5
5
5
5
5
5
5
5
5
5
5
5
5
5
5
5
5
5
5
5
5
5
5
5
5
5
5
5
5
5
5
5
5
5
5
5
5
5
5
5
5
5
5
5
5
5
5
5
5
5
5
5
5
5
5
5
5
5
5
5
5
5
5
5
5
5
5
5
5
5
5
5
5
5
5
5
5
5
5
5
5
5
5
5
5
5
5
5
5
5
5
5
5
5
5
5
5
5
5
5
5
5
5
5
5
5
5
5
5
5
5
5
5
5
5
5
5
5
5
5
5
5
5
5
5
5
5
5
5
5
5
5
5
5
5
5
5
5
5
5
5
5
5
5
5
5
5
5
5
5
5
5
5
5
5
5
5
5
5
5
5
5
5
5
5
5
5
5
5
5
5
5
5
5
5
5
5
5
5
5
5
5
5
5
5
5
5
5
5
5
5
5
5
5
5
5
5
5
5
5
5
5
5
5
5
5
5
5
5
5
5
5
5
5
5
5
5
5
5
5
5
5
5
5
5
5
5
5
5
5
5
5
5
5
5
5
5
5
5
5
5
5
5
5
5
5
5
5
5
5
5
5
5
5
5
5
5
5
5
5
5
5
5
5
5
5
5
5
5
5
5
5
5
5
5
5
5
5
5
5
5
5
5
5
5
5
5
5
5
5
5
5
5
5
5
5
5
5
5
5
5
5
5
5
5
5
5
5
5
5
5
5
5
5
5
5
5
5
5
5
5
5
5
5
5
5
5
5
5
5
5
5
5
5
5
5
5
5
5
5
5
5
5
5
5
5
5
5
5
5
5
5
5
5
5
5
5
5
5
5
5
5
5
5
5
5
5
5
5
5
5
5
5
5
5
5
5
5
5
5
5
5
5
5
5
5
5
5
5
5
5
5
5
5
5
5
5
5
5
5
5
5
5
5
5
5
5
5
5
5
5
5
5
5
5
5
5
5
5
5
5
5
5
5
5
5
5
5
5
5
5
5
5
5
5
5
5
5
5
5
5
5
5
5
5
5
5
5
5
5
5
5
5
5
5
5
5
5
5
5
5
5
5
5
5
5
5
5
5
5
5
5
5
5
5
5
5
5
5
5
5
5
5
5
5
5
5
5
5
5
5
5
5
5
5
5
5
5
5
5
5
5
5
5
5
5
5
5
5
5
5
5
5
5
5
5
5
5
5
5
5
5
5
5
5
5
5
5
5
5
5
5
5
5
5
5
5
5
5
5
5
5
5
5
5
5
5
5
5
5
5
5
5
5
5
5
5
5
5
5
5
5
5
5
5
5
5
5
5
5
5
5
5
5
5
5
5
5
5
5
5
5
5
5
5
5
5
5
5
5
5
5
5
5
5
5
5
5
5
5
5
5
5
5
5
5
5
5
5
5
5
5
5
5
5
5
5
5
5
5
5
5
5
5
5
5
5
5
5
5
5
5
5
5
5
5
5
5
5
5
5
5
5
5
5
5
5
5
5
5
5
5
5
5
5
5
5
5
5
5
5
5
5
5
5
5
5
5
5
5
5
5
5
5
5
5
5
5
5
5
5
5
5
5
5
5
5
5
5
5
5
5
5
5
5
5
5
5
5
5
5
5
5
5
5
5
5
5
5
5
5
5
5
5
5
5
5
5
5
5
5
5
5
5
5
5
5
5
5
5
5
5
5
5
5
5
5
5
5
5
5
5
5
5
5
5
5
5
5
5
5
5
5
5
5
5
5
5
5
5
5
5
5
5
5
5
5
5
5
5
5
5
5
5
5
5
5
5
5
5
5
5
5
5
5
5
5
5
5
5
5
5
5
5
5
5
5
5
5
5
5
5
5
5
5
5
5
5
5
5
5
5
5
5
5
5
5
5
5
5
5
5
5
5
5
5
5
5
5
5
5
5
5
5
5
5
5
5
5
5
5
5
5
5
5
5
5
5
5
5
5
5
5
5
5
5
5
5
5
5
5
5
5
5
5
5
5
5
5
5
5
5
5
5
5
5
5
5
5
5
5
5
5
5
5
5
5
5
5
5
5
5
5
5
5
5
5
5
5
5
5
5
5
5
5
5
5
5
5
5
5
5
5
5
5
5
5
5
5
5
5
5
5
5
5
5
5
5
5
5
5
5
5
5
5
5
5
5
5
5
5
5
5
5
5
5
5
5
5
5
5
5
5
5
5
5
5
5
5
5
5
5
5
5
5
5
5
5
5
5
5
5
5
5
5
5
5
5
5
5
5
5
5
5
5
5
5
5
5
5
5
5
5
5
5
5
5
5
5
5
5
5
5
5
5
5
5
5
5
5
5
5
5
5
5
5
5
5
5
5
5
5
5
5
5
5
5
5
5
5
5
5
5
5
5
5
5
5
5
5
5
5
5
5
5
5
5
5
5
5
5
5
5
5
5
5
5
5
5
5
5
5
5
5
5
5
5
5
5
5
5
5
5
5
5
5
5
5
5
5
5
5
5
5
5
5
5
5
5
5
5
5
5
5
5
5
5
5
5
5
5
5
5
5
5
5
5
5
5
5
5
5
5
5
5
5
5
5
5
5
5
5
5
5
5
5
5
POINT_DATA 945
FIELD FieldData 2
VELOCITY 3 945  float
1.0000000e-01 0.0000000e+00 0.0000000e+00 
1.0000066e-01 0.0000000e+00 0.0000000e+00 
1.0000023e-01 0.0000000e+00 0.0000000e+00 
1.0000000e-01 0.0000000e+00 0.0000000e+00 
0.0000000e+00 0.0000000e+00 0.0000000e+00 
0.0000000e+00 0.0000000e+00 0.0000000e+00 
0.0000000e+00 0.0000000e+00 0.0000000e+00 
0.0000000e+00 0.0000000e+00 0.0000000e+00 
0.0000000e+00 0.0000000e+00 0.0000000e+00 
0.0000000e+00 0.0000000e+00 0.0000000e+00 
0.0000000e+00 0.0000000e+00 0.0000000e+00 
0.0000000e+00 0.0000000e+00 0.0000000e+00 
0.0000000e+00 0.0000000e+00 0.0000000e+00 
0.0000000e+00 0.0000000e+00 0.0000000e+00 
0.0000000e+00 0.0000000e+00 0.0000000e+00 
0.0000000e+00 0.0000000e+00 0.0000000e+00 
0.0000000e+00 0.0000000e+00 0.0000000e+00 
0.0000000e+00 0.0000000e+00 0.0000000e+00 
0.0000000e+00 0.0000000e+00 0.0000000e+00 
0.0000000e+00 0.0000000e+00 0.0000000e+00 
0.0000000e+00 0.0000000e+00 0.0000000e+00 
0.0000000e+00 0.0000000e+00 0.0000000e+00 
0.0000000e+00 0.0000000e+00 0.0000000e+00 
0.0000000e+00 0.0000000e+00 0.0000000e+00 
0.0000000e+00 0.0000000e+00 0.0000000e+00 
0.0000000e+00 0.0000000e+00 0.0000000e+00 
0.0000000e+00 0.0000000e+00 0.0000000e+00 
0.0000000e+00 0.0000000e+00 0.0000000e+00 
0.0000000e+00 0.0000000e+00 0.0000000e+00 
0.0000000e+00 0.0000000e+00 0.0000000e+00 
0.0000000e+00 0.0000000e+00 0.0000000e+00 
0.0000000e+00 0.0000000e+00 0.0000000e+00 
0.0000000e+00 0.0000000e+00 0.0000000e+00 
0.0000000e+00 0.0000000e+00 0.0000000e+00 
0.0000000e+00 0.0000000e+00 0.0000000e+00 
0.0000000e+00 0.0000000e+00 0.0000000e+00 
1.0018331e-01 5.8565034e-27 0.0000000e+00 
1.0075571e-01 -1.2924697e-26 0.0000000e+00 
1.0189090e-01 -1.2924697e-26 0.0000000e+00 
1.0385304e-01 -1.2924697e-26 0.0000000e+00 
1.0688630e-01 1.5509636e-25 0.0000000e+00 
1.1098322e-01 1.5509636e-25 0.0000000e+00 
1.1609265e-01 1.5509636e-25 0.0000000e+00 
1.2167934e-01 -1.2407709e-24 0.0000000e+00 
1.2712415e-01 7.2378304e-25 0.0000000e+00 
1.3154295e-01 -1.2407709e-24 0.0000000e+00 
1.3441297e-01 0.0000000e+00 0.0000000e+00 
1.3538481e-01 0.0000000e+00 0.0000000e+00 
1.3433637e-01 0.0000000e+00 0.0000000e+00 
1.3126567e-01 2.4815418e-24 0.0000000e+00 
1.2628084e-01 2.4815418e-24 0.0000000e+00 
1.2022047e-01 2.4815418e-24 0.0000000e+00 
1.1441763e-01 0.0000000e+00 0.0000000e+00 
1.0958239e-01 0.0000000e+00 0.0000000e+00 
1.0588302e-01 0.0000000e+00 0.0000000e+00 
1.0345210e-01 -1.0339758e-25 0.0000000e+00 
1.0197897e-01 -1.0339758e-25 0.0000000e+00 
1.0112711e-01 -1.0339758e-25 0.0000000e+00 
1.0063402e-01 -2.5849394e-25 0.0000000e+00 
1.0035868e-01 -2.5849394e-25 0.0000000e+00 
1.0020666e-01 -2.5849394e-25 0.0000000e+00 
1.0011763e-01 7.7548182e-26 0.0000000e+00 
1.0006734e-01 7.7548182e-26 0.0000000e+00 
1.0003837e-01 7.7548182e-26 0.0000000e+00 
1.0002183e-01 9.6935228e-27 0.0000000e+00 
1.0001245e-01 9.6935228e-27 0.0000000e+00 
1.0000718e-01 9.6935228e-27 0.0000000e+00 
1.0000417e-01 -1.9816186e-27 0.0000000e+00 
1.0000248e-01 -1.9816186e-27 0.0000000e+00 
1.0000150e-01 -1.9816186e-27 0.0000000e+00 
1.0000095e-01 -4.0389678e-28 0.0000000e+00 
1.0000052e-01 2.7386577e-07 0.0000000e+00 
1.0000030e-01 4.4018279e-07 0.0000000e+00 
9.9999994e-02 4.7808470e-07 0.0000000e+00 
9.9999748e-02 3.7015772e-07 0.0000000e+00 
9.9999599e-02 1.4560256e-07 0.0000000e+00 
9.9999577e-02 -9.5004893e-08 0.0000000e+00 
9.9999741e-02 -2.8299132e-07 0.0000000e+00 
9.9999949e-02 -2.8433888e-07 0.0000000e+00 
1.0000012e-01 -1.9364506e-07 0.0000000e+00 
1.0000044e-01 -1.5146129e-27 0.0000000e+00 
1.0000089e-01 1.1612033e-27 0.0000000e+00 
1.0000173e-01 1.1612033e-27 0.0000000e+00 
1.0000329e-01 1.1612033e-27 0.0000000e+00 
1.0000618e-01 8.1789099e-27 0.0000000e+00 
1.0001099e-01 8.1789099e-27 0.0000000e+00 
1.0001996e-01 8.1789099e-27 0.0000000e+00 
1.0003614e-01 2.5849394e-26 0.0000000e+00 
1.0006364e-01 2.5849394e-26 0.0000000e+00 
1.0011191e-01 2.5849394e-26 0.0000000e+00 
1.0019816e-01 2.0679515e-25 0.0000000e+00 
1.0035376e-01 2.0679515e-25 0.0000000e+00 
1.0062823e-01 2.0679515e-25 0.0000000e+00 
1.0111384e-01 2.0679515e-25 0.0000000e+00 
1.0196399e-01 2.0679515e-25 0.0000000e+00 
1.0341777e-01 2.0679515e-25 0.0000000e+00 
1.0581390e-01 -1.6543612e-24 0.0000000e+00 
1.0948266e-01 -1.6543612e-24 0.0000000e+00 
1.1438965e-01 -1.6543612e-24 0.0000000e+00 
1.2028176e-01 1.8611564e-24 0.0000000e+00 
1.2639917e-01 1.8611564e-24 0.0000000e+00 
1.3129236e-01 1.8611564e-24 0.0000000e+00 
1.3441557e-01 0.0000000e+00 0.0000000e+00 
1.3554728e-01 0.0000000e+00 0.0000000e+00 
1.3452463e-01 0.0000000e+00 0.0000000e+00 
1.3151757e-01 5.1698788e-26 0.0000000e+00 
1.2703006e-01 5.1698788e-26 0.0000000e+00 
1.2165552e-01 5.1698788e-26 0.0000000e+00 
1.1611181e-01 1.0339758e-25 0.0000000e+00 
1.1097715e-01 1.0339758e-25 0.0000000e+00 
1.0685209e-01 1.0339758e-25 0.0000000e+00 
1.0378486e-01 0.0000000e+00 0.0000000e+00 
1.0182364e-01 0.0000000e+00 0.0000000e+00 
1.0071936e-01 0.0000000e+00 0.0000000e+00 
1.0015774e-01 -3.2311743e-27 0.0000000e+00 
1.0000000e-01 0.0000000e+00 0.0000000e+00 
1.0000000e-01 0.0000000e+00 0.0000000e+00 
1.0000000e-01 0.0000000e+00 0.0000000e+00 
1.0000000e-01 0.0000000e+00 0.0000000e+00 
1.0000000e-01 0.0000000e+00 0.0000000e+00 
1.0000000e-01 0.0000000e+00 0.0000000e+00 
1.0000000e-01 0.0000000e+00 0.0000000e+00 
1.0000000e-01 0.0000000e+00 0.0000000e+00 
1.0000000e-01 0.0000000e+00 0.0000000e+00 
1.0348327e-02 8.6299330e-03 0.0000000e+00 
1.1688480e-01 -4.8295972e-03 0.0000000e+00 
1.2355027e-01 5.4608341e-03 0.0000000e+00 
1.0133072e-01 7.0740172e-04 0.0000000e+00 
1.0007556e-01 4.0419611e-05 0.0000000e+00 
1.0000716e-01 -3.8670596e-06 0.0000000e+00 
1.0453270e-01 -2.8240706e-03 0.0000000e+00 
1.0687149e-01 3.1246145e-03 0.0000000e+00 
1.0478391e-01 2.4027997e-03 0.0000000e+00 
9.9873729e-02 -1.8366023e-04 0.0000000e+00 
1.0041005e-01 -2.3144078e-04 0.0000000e+00 
1.0407051e-01 -2.0275931e-03 0.0000000e+00 
1.0001359e-01 7.8869107e-06 0.0000000e+00 
1.0004205e-01 -2.1846115e-05 0.0000000e+00 
1.3372102e-01 -2.5462741e-03 0.0000000e+00 
9.9999450e-02 3.6630664e-07 0.0000000e+00 
1.3585944e-01 8.8164309e-04 0.0000000e+00 
1.1899338e-01 4.0511414e-03 0.0000000e+00 
1.1893069e-01 -4.9178540e-03 0.0000000e+00 
1.3414098e-01 2.7542422e-03 0.0000000e+00 
1.0000261e-01 1.5754069e-06 0.0000000e+00 
1.3406484e-01 -2.4701499e-03 0.0000000e+00 
9.9946439e-02 3.8974208e-04 0.0000000e+00 
9.9999487e-02 -2.8252356e-07 0.0000000e+00 
1.0023597e-01 1.2254738e-04 0.0000000e+00 
1.0012759e-01 -7.0356706e-05 0.0000000e+00 
1.0130977e-01 -7.1714644e-04 0.0000000e+00 
1.0000189e-01 -1.2450319e-06 0.0000000e+00 
1.0000736e-01 -4.8787883e-04 0.0000000e+00 
1.0108758e-01 8.1134285e-04 0.0000000e+00 
1.0000016e-01 6.1656340e-07 0.0000000e+00 
1.0103684e-01 -9.4235811e-04 0.0000000e+00 
1.0000012e-01 -3.4881523e-07 0.0000000e+00 
1.0000103e-01 4.6253251e-07 0.0000000e+00 
1.0003953e-01 3.6655122e-04 0.0000000e+00 
1.3591301e-01 -7.6540530e-04 0.0000000e+00 
1.3838646e-01 -1.0193136e-04 0.0000000e+00 
1.3691397e-01 3.2393145e-03 0.0000000e+00 
1.4031245e-01 2.9763817e-03 0.0000000e+00 
1.4146474e-01 -1.0499336e-03 0.0000000e+00 
1.4183082e-01 2.4884345e-03 0.0000000e+00 
1.3856533e-01 7.1851686e-03 0.0000000e+00 
1.3306648e-01 7.6320977e-03 0.0000000e+00 
1.2806028e-01 1.2418054e-02 0.0000000e+00 
1.0913133e-01 1.2997638e-02 0.0000000e+00 
1.0681438e-01 1.6234506e-02 0.0000000e+00 
8.0809318e-02 1.5238260e-02 0.0000000e+00 
7.9883814e-02 1.7851193e-02 0.0000000e+00 
5.1789548e-02 1.4057610e-02 0.0000000e+00 
5.1866349e-02 1.6243290e-02 0.0000000e+00 
2.4742890e-02 1.0375827e-02 0.0000000e+00 
2.8640816e-02 1.1819819e-02 0.0000000e+00 
8.5301846e-03 4.8496500e-03 0.0000000e+00 
1.7106447e-02 4.6528210e-03 0.0000000e+00 
3.5733599e-02 1.2905627e-02 0.0000000e+00 
2.7825605e-02 3.3482849e-03 0.0000000e+00 
1.0947756e-02 -2.6463950e-03 0.0000000e+00 
4.6716090e-02 1.3413976e-02 0.0000000e+00 
4.1411534e-02 9.8566280e-04 0.0000000e+00 
2.9355504e-03 1.1103447e-04 0.0000000e+00 
-1.2624102e-03 -2.6205378e-03 0.0000000e+00 
5.8598682e-02 1.2965417e-02 0.0000000e+00 
5.6530397e-02 -3.0749253e-04 0.0000000e+00 
1.4353202e-01 -2.6087279e-03 0.0000000e+00 
1.0796766e-01 1.9009398e-02 0.0000000e+00 
7.0568927e-02 1.0847466e-02 0.0000000e+00 
7.0811532e-02 -1.7904032e-03 0.0000000e+00 
3.2123667e-03 -1.8888967e-03 0.0000000e+00 
1.8638657e-02 -8.4436685e-03 0.0000000e+00 
-1.5175466e-03 1.2698491e-03 0.0000000e+00 
7.9657249e-02 7.0504555e-03 0.0000000e+00 
8.2227729e-02 -2.9061034e-03 0.0000000e+00 
8.7615848e-02 3.8935828e-03 0.0000000e+00 
8.9483023e-02 -1.6763899e-03 0.0000000e+00 
9.2777878e-02 2.2510081e-03 0.0000000e+00 
9.3981959e-02 -1.2172953e-03 0.0000000e+00 
9.5797300e-02 1.1617173e-03 0.0000000e+00 
1.1006520e-02 -6.0741096e-03 0.0000000e+00 
3.4680806e-02 -1.1780507e-02 0.0000000e+00 
4.7385488e-02 -1.5391805e-02 0.0000000e+00 
3.0229680e-02 -9.1299647e-03 0.0000000e+00 
5.6448136e-02 -1.3504507e-02 0.0000000e+00 
5.0652869e-02 -1.0846485e-02 0.0000000e+00 
8.1440590e-02 -1.3715304e-02 0.0000000e+00 
7.4390769e-02 -1.1284734e-02 0.0000000e+00 
1.0576247e-01 -1.1907426e-02 0.0000000e+00 
1.0456297e-01 -9.2858197e-03 0.0000000e+00 
1.0799804e-01 -1.4528673e-02 0.0000000e+00 
1.2649807e-01 -7.8656161e-03 0.0000000e+00 
1.2804729e-01 -4.1370625e-03 0.0000000e+00 
9.6430657e-03 -2.9712110e-03 0.0000000e+00 
-6.7670830e-05 1.7103753e-03 0.0000000e+00 
9.6711829e-02 -7.6072360e-04 0.0000000e+00 
9.7630247e-02 5.4428703e-04 0.0000000e+00 
9.8257728e-02 -6.2009401e-04 0.0000000e+00 
9.8721087e-02 2.3460404e-04 0.0000000e+00 
1.3910027e-01 -2.7933230e-03 0.0000000e+00 
1.4099732e-01 1.6582268e-03 0.0000000e+00 
5.6048673e-02 -1.1981118e-02 0.0000000e+00 
9.9060111e-02 -3.5896624e-04 0.0000000e+00 
9.9285491e-02 1.1011544e-04 0.0000000e+00 
9.9482216e-02 -2.1012529e-04 0.0000000e+00 
9.9600591e-02 4.7509726e-05 0.0000000e+00 
1.1477130e-01 9.6855015e-03 0.0000000e+00 
9.9714376e-02 -1.2358613e-04 0.0000000e+00 
9.9776909e-02 1.9352281e-05 0.0000000e+00 
9.9839553e-02 -7.1134753e-05 0.0000000e+00 
9.9874467e-02 7.7594386e-06 0.0000000e+00 
-1.6689828e-03 -1.2140345e-03 0.0000000e+00 
9.9911079e-02 -4.1224128e-05 0.0000000e+00 
9.9928118e-02 2.8356969e-06 0.0000000e+00 
9.9951155e-02 -2.6739101e-05 0.0000000e+00 
9.9959679e-02 -2.5571686e-07 0.0000000e+00 
9.9973485e-02 -1.5468095e-05 0.0000000e+00 
9.9977389e-02 -6.2442678e-07 0.0000000e+00 
1.2830603e-01 -3.4074418e-04 0.0000000e+00 
1.4242913e-01 7.0542833e-03 0.0000000e+00 
3.1335402e-02 -3.8382234e-03 0.0000000e+00 
9.1320366e-02 -7.5376974e-03 0.0000000e+00 
8.8533297e-02 1.5253250e-02 0.0000000e+00 
5.2745033e-02 1.1387695e-02 0.0000000e+00 
7.5746909e-02 2.1770744e-02 0.0000000e+00 
9.9985242e-02 -8.8428160e-06 0.0000000e+00 
9.9987231e-02 -5.6545656e-07 0.0000000e+00 
9.9991806e-02 -5.1037878e-06 0.0000000e+00 
9.9992797e-02 -4.2866816e-07 0.0000000e+00 
9.9991724e-02 4.0112855e-06 0.0000000e+00 
9.9995263e-02 2.2131289e-06 0.0000000e+00 
9.9974789e-02 1.3530642e-05 0.0000000e+00 
1.3370711e-01 1.1473619e-02 0.0000000e+00 
1.4309341e-01 1.3406125e-03 0.0000000e+00 
9.9995531e-02 -2.9807516e-06 0.0000000e+00 
9.9870495e-02 8.7708613e-05 0.0000000e+00 
1.3675570e-01 -6.4740237e-03 0.0000000e+00 
9.9332124e-02 5.7728589e-04 0.0000000e+00 
9.6419185e-02 3.6789309e-03 0.0000000e+00 
1.3350119e-01 6.0072779e-03 0.0000000e+00 
1.4339592e-01 1.3111386e-02 0.0000000e+00 
1.4390261e-01 1.1021271e-02 0.0000000e+00 
1.4265147e-01 1.6388383e-02 0.0000000e+00 
1.4257190e-01 2.0459875e-02 0.0000000e+00 
1.3976315e-01 2.2170573e-02 0.0000000e+00 
5.1604431e-02 4.0786643e-02 0.0000000e+00 
1.3977841e-01 2.7845873e-02 0.0000000e+00 
1.3481723e-01 2.6952242e-02 0.0000000e+00 
6.0670439e-02 2.2054894e-02 0.0000000e+00 
1.3444908e-01 2.0395817e-02 0.0000000e+00 
1.2913688e-01 2.3464568e-02 0.0000000e+00 
1.2779880e-01 3.1647339e-02 0.0000000e+00 
1.2280834e-01 2.5434161e-02 0.0000000e+00 
1.1922533e-01 3.2180294e-02 0.0000000e+00 
1.1627879e-01 2.5387960e-02 0.0000000e+00 
1.1140858e-01 3.0514920e-02 0.0000000e+00 
2.8615657e-02 3.8194500e-02 0.0000000e+00 
1.1034148e-01 2.3441261e-02 0.0000000e+00 
1.0454156e-01 2.6575865e-02 0.0000000e+00 
1.0556065e-01 2.0437565e-02 0.0000000e+00 
1.0020263e-01 2.1855403e-02 0.0000000e+00 
1.0201827e-01 1.6857577e-02 0.0000000e+00 
9.6729860e-02 1.7464597e-02 0.0000000e+00 
9.9760577e-02 1.2987132e-02 0.0000000e+00 
9.5982358e-02 1.1971418e-02 0.0000000e+00 
9.1670625e-02 1.4435474e-02 0.0000000e+00 
9.2799649e-02 9.5442589e-03 0.0000000e+00 
8.7892264e-02 1.0173445e-02 0.0000000e+00 
9.0188213e-02 6.2278514e-03 0.0000000e+00 
8.5905798e-02 4.8412015e-03 0.0000000e+00 
8.9806654e-02 2.2501063e-03 0.0000000e+00 
8.6207874e-02 -5.9712940e-04 0.0000000e+00 
9.0507388e-02 -1.3709648e-03 0.0000000e+00 
8.8490725e-02 -5.0836308e-03 0.0000000e+00 
9.2474341e-02 -4.2446852e-03 0.0000000e+00 
9.5851928e-02 7.9533029e-03 0.0000000e+00 
9.1809332e-02 -8.0516813e-03 0.0000000e+00 
8.6649634e-02 -1.0376389e-02 0.0000000e+00 
9.2494823e-02 -1.2410915e-02 0.0000000e+00 
8.8463888e-02 -1.7893309e-02 0.0000000e+00 
1.3666378e-02 -2.2758173e-02 0.0000000e+00 
9.4981685e-02 -1.7126730e-02 0.0000000e+00 
9.3357541e-02 -2.3343328e-02 0.0000000e+00 
9.2977218e-02 1.4221998e-03 0.0000000e+00 
9.4877034e-02 -6.0727191e-03 0.0000000e+00 
9.9107079e-02 -2.0814607e-02 0.0000000e+00 
9.9232584e-02 -2.7401170e-02 0.0000000e+00 
4.3605205e-02 -4.4717327e-02 0.0000000e+00 
1.0449886e-01 -2.3028910e-02 0.0000000e+00 
1.0650104e-01 -2.9412171e-02 0.0000000e+00 
6.7403078e-02 -1.3777277e-02 0.0000000e+00 
6.1341103e-02 -3.4577563e-02 0.0000000e+00 
9.9449202e-02 -1.5557431e-02 0.0000000e+00 
9.7474582e-02 2.8742576e-02 0.0000000e+00 
8.1618786e-02 -1.5026701e-02 0.0000000e+00 
1.0617866e-01 1.5253552e-02 0.0000000e+00 
8.1042446e-02 9.6285790e-03 0.0000000e+00 
1.1061113e-01 -2.3057168e-02 0.0000000e+00 
1.1474146e-01 -2.9629720e-02 0.0000000e+00 
1.0800673e-01 -1.8193459e-02 0.0000000e+00 
9.2322797e-02 -3.1678669e-02 0.0000000e+00 
9.5201567e-02 -3.2769609e-03 0.0000000e+00 
9.7226836e-02 -4.6442333e-03 0.0000000e+00 
9.7204536e-02 -2.3577602e-03 0.0000000e+00 
9.8538049e-02 -3.1140880e-03 0.0000000e+00 
1.2940142e-01 1.7492400e-02 0.0000000e+00 
1.3368240e-01 1.4712568e-02 0.0000000e+00 
1.1683266e-01 -2.1730404e-02 0.0000000e+00 
1.2184837e-01 -2.5917895e-02 0.0000000e+00 
1.2155623e-01 -3.3044402e-02 0.0000000e+00 
1.2863687e-01 -2.9474989e-02 0.0000000e+00 
1.2679447e-01 -2.1912593e-02 0.0000000e+00 
1.3310210e-01 -2.3012025e-02 0.0000000e+00 
1.3624528e-01 -2.8841220e-02 0.0000000e+00 
3.3663884e-02 3.6988165e-03 0.0000000e+00 
1.3040869e-01 -1.7372392e-02 0.0000000e+00 
1.3921805e-01 -2.1866890e-02 0.0000000e+00 
1.4141726e-01 -2.5169738e-02 0.0000000e+00 
1.1468106e-01 1.9536143e-02 0.0000000e+00 
1.1301502e-01 3.8358606e-02 0.0000000e+00 
2.2545272e-02 -5.9211487e-03 0.0000000e+00 
9.9996291e-02 5.4402030e-06 0.0000000e+00 
9.9997856e-02 3.0933900e-06 0.0000000e+00 
7.9556264e-02 -9.4355643e-03 0.0000000e+00 
9.8535918e-02 -1.8984277e-03 0.0000000e+00 
1.1139197e-01 -1.2944835e-03 0.0000000e+00 
1.4318089e-01 -1.8658290e-02 0.0000000e+00 
1.4089647e-01 -1.5743773e-02 0.0000000e+00 
1.4010252e-01 -1.7181637e-02 0.0000000e+00 
9.9175997e-02 -4.9768169e-03 0.0000000e+00 
1.3737825e-01 -3.3052150e-02 0.0000000e+00 
9.9569105e-02 -5.7452946e-04 0.0000000e+00 
9.9997312e-02 1.2349461e-06 0.0000000e+00 
1.3793181e-01 2.4714094e-02 0.0000000e+00 
1.3658914e-01 3.3346206e-02 0.0000000e+00 
9.9874012e-02 -1.7806444e-04 0.0000000e+00 
1.2723653e-01 2.5961312e-02 0.0000000e+00 
1.2392474e-01 1.6095443e-02 0.0000000e+00 
1.2937298e-01 1.2340355e-02 0.0000000e+00 
9.9989325e-02 -1.9371806e-05 0.0000000e+00 
1.4170466e-01 -4.4558868e-03 0.0000000e+00 
1.4277378e-01 -1.2772163e-02 0.0000000e+00 
1.3214870e-01 -8.7206056e-03 0.0000000e+00 
1.3696443e-01 -5.8341613e-03 0.0000000e+00 
1.1861054e-01 -4.9430289e-04 0.0000000e+00 
9.9966548e-02 -6.7992471e-05 0.0000000e+00 
9.8557688e-02 -1.6727828e-03 0.0000000e+00 
9.7787738e-02 -6.9129647e-04 0.0000000e+00 
1.2503785e-01 -1.6542925e-02 0.0000000e+00 
1.2848772e-01 -1.2383416e-02 0.0000000e+00 
9.9828400e-02 -3.1414167e-03 0.0000000e+00 
1.2478836e-01 1.4145988e-02 0.0000000e+00 
9.9998787e-02 1.7556650e-06 0.0000000e+00 
1.2492874e-01 -1.1105547e-02 0.0000000e+00 
9.9999689e-02 4.8427178e-06 0.0000000e+00 
9.9999592e-02 8.4329968e-06 0.0000000e+00 
9.9997073e-02 -6.3984944e-06 0.0000000e+00 
9.9998385e-02 -3.4683762e-06 0.0000000e+00 
1.2701704e-01 3.6907885e-02 0.0000000e+00 
1.3165845e-01 4.0907718e-02 0.0000000e+00 
1.2311710e-01 4.7078833e-02 0.0000000e+00 
9.9997513e-02 -1.6217082e-06 0.0000000e+00 
9.9999174e-02 -1.8978212e-06 0.0000000e+00 
1.2656675e-01 6.4757362e-04 0.0000000e+00 
1.0266753e-01 5.0997245e-03 0.0000000e+00 
8.6587779e-02 4.6231006e-03 0.0000000e+00 
7.0245914e-02 7.7189864e-03 0.0000000e+00 
5.0379515e-02 6.8807839e-03 0.0000000e+00 
3.9985221e-02 6.3925474e-03 0.0000000e+00 
5.8601622e-02 8.2440302e-03 0.0000000e+00 
3.2165118e-02 5.5267387e-03 0.0000000e+00 
1.0095110e-01 -4.3603485e-03 0.0000000e+00 
1.0103010e-01 -6.8159979e-03 0.0000000e+00 
1.0000297e-01 5.7463258e-06 0.0000000e+00 
4.9194500e-02 8.2910266e-03 0.0000000e+00 
2.6021868e-02 5.1440028e-03 0.0000000e+00 
1.2990120e-02 1.6642185e-03 0.0000000e+00 
9.5105972e-03 1.9156788e-03 0.0000000e+00 
9.9998504e-02 -8.5594053e-07 0.0000000e+00 
6.2570237e-02 5.5806534e-03 0.0000000e+00 
1.2536725e-01 9.3612475e-03 0.0000000e+00 
1.3404442e-01 9.4894273e-03 0.0000000e+00 
1.3355687e-01 -1.2458821e-02 0.0000000e+00 
9.9999413e-02 -1.0824726e-06 0.0000000e+00 
1.3097912e-01 -8.4816674e-03 0.0000000e+00 
9.8947406e-02 -6.2751991e-04 0.0000000e+00 
9.8643541e-02 2.2092470e-04 0.0000000e+00 
9.9384986e-02 -1.1209869e-03 0.0000000e+00 
9.7084582e-02 8.7818399e-04 0.0000000e+00 
9.8562993e-02 1.3953636e-03 0.0000000e+00 
9.7604319e-02 2.6988878e-03 0.0000000e+00 
9.9030577e-02 2.4203570e-03 0.0000000e+00 
9.8583534e-02 4.4580312e-03 0.0000000e+00 
9.9947818e-02 3.2054416e-03 0.0000000e+00 
1.0045122e-01 5.0679380e-03 0.0000000e+00 
9.9840902e-02 1.8661658e-03 0.0000000e+00 
1.8706528e-03 -9.0102293e-04 0.0000000e+00 
-2.6779843e-04 9.1858645e-05 0.0000000e+00 
7.7000270e-03 2.8203088e-03 0.0000000e+00 
-3.2587845e-03 -1.1962624e-03 0.0000000e+00 
-4.9139727e-03 -1.8676967e-04 0.0000000e+00 
9.9998429e-02 7.0217988e-07 0.0000000e+00 
1.0121940e-01 3.3243513e-03 0.0000000e+00 
1.2638423e-01 -8.1871580e-03 0.0000000e+00 
-4.8143859e-03 3.0474337e-05 0.0000000e+00 
-5.1617869e-03 1.3528830e-04 0.0000000e+00 
-3.3559105e-03 1.1124403e-03 0.0000000e+00 
-8.5410569e-04 -2.7973289e-04 0.0000000e+00 
2.0220038e-03 5.6983944e-04 0.0000000e+00 
1.0506911e-01 2.3628535e-02 0.0000000e+00 
1.4367837e-01 -8.3132563e-03 0.0000000e+00 
1.2443287e-01 4.5845382e-02 0.0000000e+00 
1.1593496e-01 5.3063571e-02 0.0000000e+00 
1.3499743e-01 -8.2152244e-03 0.0000000e+00 
1.4082941e-01 1.2202774e-02 0.0000000e+00 
1.4205322e-01 7.9716146e-03 0.0000000e+00 
9.9353775e-02 5.9224520e-04 0.0000000e+00 
1.1514494e-01 3.0707095e-03 0.0000000e+00 
8.5229941e-02 -4.1864729e-03 0.0000000e+00 
8.2520083e-02 -6.2006530e-03 0.0000000e+00 
5.4234006e-02 -6.8778689e-03 0.0000000e+00 
8.7631270e-02 -6.6484598e-04 0.0000000e+00 
-5.3784130e-03 1.0476291e-04 0.0000000e+00 
3.1069912e-02 6.2690135e-03 0.0000000e+00 
1.0000072e-01 -4.6957903e-06 0.0000000e+00 
1.0000140e-01 -9.4157404e-06 0.0000000e+00 
7.5910233e-02 9.6605197e-03 0.0000000e+00 
5.5292945e-02 -7.2517050e-03 0.0000000e+00 
2.9993514e-02 -5.1646451e-03 0.0000000e+00 
3.3167828e-02 -5.3325286e-03 0.0000000e+00 
1.3998680e-02 -1.6683007e-03 0.0000000e+00 
1.8793685e-02 -2.9894321e-03 0.0000000e+00 
3.6964539e-02 -6.5080975e-03 0.0000000e+00 
9.9999286e-02 9.2290821e-07 0.0000000e+00 
1.0000001e-01 1.5607849e-06 0.0000000e+00 
-1.2698198e-03 2.5852779e-03 0.0000000e+00 
1.0074621e-01 -2.6076816e-03 0.0000000e+00 
1.0009316e-01 -1.8660643e-03 0.0000000e+00 
1.3528280e-01 1.2208996e-02 0.0000000e+00 
1.6040717e-03 -2.6068205e-03 0.0000000e+00 
1.3570389e-01 -2.7161386e-02 0.0000000e+00 
1.3014473e-01 -3.3173952e-02 0.0000000e+00 
1.3146903e-01 -4.0976897e-02 0.0000000e+00 
1.2088023e-01 -4.1473381e-02 0.0000000e+00 
1.2283885e-01 -4.8687052e-02 0.0000000e+00 
1.2354802e-01 -2.2621376e-02 0.0000000e+00 
8.1850365e-02 -2.2983037e-02 0.0000000e+00 
7.4429512e-02 -1.9606585e-02 0.0000000e+00 
7.5141683e-02 -1.0989151e-02 0.0000000e+00 
6.6171482e-02 -1.3373354e-02 0.0000000e+00 
6.4376287e-02 -2.4624871e-02 0.0000000e+00 
5.3779472e-02 -1.6052008e-02 0.0000000e+00 
5.9512753e-02 -4.3756249e-03 0.0000000e+00 
4.5366880e-02 -2.7803346e-03 0.0000000e+00 
5.5933952e-02 7.6157334e-03 0.0000000e+00 
6.6704981e-02 3.5713818e-03 0.0000000e+00 
6.6276684e-02 1.3225013e-02 0.0000000e+00 
5.7470653e-02 2.0985445e-02 0.0000000e+00 
6.9281742e-02 2.2762120e-02 0.0000000e+00 
6.3833654e-02 3.3251341e-02 0.0000000e+00 
7.5470224e-02 3.0784097e-02 0.0000000e+00 
7.4450858e-02 4.1930765e-02 0.0000000e+00 
7.8927055e-02 2.2029130e-02 0.0000000e+00 
4.8224214e-02 3.1656552e-02 0.0000000e+00 
5.2069966e-02 -3.0821534e-02 0.0000000e+00 
6.6161498e-02 -3.7178710e-02 0.0000000e+00 
5.4560017e-02 -4.5537867e-02 0.0000000e+00 
7.2530970e-02 -4.8624400e-02 0.0000000e+00 
8.4216468e-02 3.6062598e-02 0.0000000e+00 
8.6730018e-02 4.6011791e-02 0.0000000e+00 
7.6102488e-02 5.3521056e-02 0.0000000e+00 
9.1967814e-02 5.5099763e-02 0.0000000e+00 
9.8166078e-02 4.6145644e-02 0.0000000e+00 
7.8276493e-02 -3.8550604e-02 0.0000000e+00 
8.5999653e-02 -4.6611048e-02 0.0000000e+00 
8.3805233e-02 -5.6165643e-02 0.0000000e+00 
9.6782506e-02 -5.1060162e-02 0.0000000e+00 
9.7192027e-02 -5.8214854e-02 0.0000000e+00 
1.0814819e-01 -5.1567268e-02 0.0000000e+00 
1.0409602e-01 -4.3826673e-02 0.0000000e+00 
2.7731031e-03 -1.6230806e-03 0.0000000e+00 
1.0260367e-01 4.9973041e-02 0.0000000e+00 
4.2385191e-02 4.3455660e-02 0.0000000e+00 
1.0000046e-01 -1.6079330e-06 0.0000000e+00 
1.1360305e-01 -4.3280248e-02 0.0000000e+00 
1.3941157e-01 1.9580149e-03 0.0000000e+00 
1.2646751e-01 -4.2501811e-02 0.0000000e+00 
8.1249669e-02 1.2655262e-02 0.0000000e+00 
9.9826664e-02 5.8385301e-02 0.0000000e+00 
3.0787397e-02 -4.0875733e-02 0.0000000e+00 
5.4093298e-02 -4.1878119e-02 0.0000000e+00 
1.7061193e-02 -4.3091285e-03 0.0000000e+00 
5.4364678e-02 2.4889221e-03 0.0000000e+00 
2.3206265e-03 1.0581702e-04 0.0000000e+00 
6.2848143e-02 -2.3993064e-02 0.0000000e+00 
-1.4581082e-03 -1.4906380e-03 0.0000000e+00 
1.8251522e-02 2.7114321e-02 0.0000000e+00 
1.0269909e-01 5.1038139e-03 0.0000000e+00 
1.0210771e-01 7.4793007e-03 0.0000000e+00 
1.0470831e-01 7.0252800e-03 0.0000000e+00 
4.8892166e-02 -1.6085668e-03 0.0000000e+00 
7.7570759e-02 -2.6344396e-03 0.0000000e+00 
1.8948317e-03 2.9816362e-03 0.0000000e+00 
1.3228239e-02 6.5053231e-03 0.0000000e+00 
1.0303060e-01 -5.1632612e-03 0.0000000e+00 
1.0386709e-01 -8.2148295e-03 0.0000000e+00 
1.0973167e-01 -2.4334979e-03 0.0000000e+00 
1.0381866e-01 3.6132514e-02 0.0000000e+00 
1.3306107e-02 -1.2723152e-02 0.0000000e+00 
1.0661340e-01 -6.8603582e-03 0.0000000e+00 
1.0493616e-01 -4.7824182e-02 0.0000000e+00 
1.0000172e-01 3.3563329e-06 0.0000000e+00 
5.9350692e-02 3.2389645e-02 0.0000000e+00 
1.2100892e-01 1.0937091e-02 0.0000000e+00 
8.0050431e-02 1.7336360e-03 0.0000000e+00 
8.3132386e-02 -4.8743305e-03 0.0000000e+00 
1.3834409e-01 8.5633332e-03 0.0000000e+00 
1.3980673e-01 4.9392995e-03 0.0000000e+00 
8.5153610e-02 1.6006803e-02 0.0000000e+00 
9.0015568e-02 2.1059321e-02 0.0000000e+00 
1.1497401e-01 5.3210687e-03 0.0000000e+00 
1.3700546e-01 -2.9733637e-03 0.0000000e+00 
1.0827914e-01 3.1630103e-03 0.0000000e+00 
1.1338163e-01 4.6856874e-03 0.0000000e+00 
1.0000543e-01 9.8483633e-06 0.0000000e+00 
9.9999659e-02 1.4771575e-05 0.0000000e+00 
1.0829731e-01 -3.2431118e-03 0.0000000e+00 
1.0103166e-01 -1.1061488e-02 0.0000000e+00 
1.0499125e-01 -1.1891426e-02 0.0000000e+00 
1.0728865e-01 -9.0023903e-03 0.0000000e+00 
9.7961731e-02 -7.9880338e-03 0.0000000e+00 
1.0924773e-01 -1.3101989e-02 0.0000000e+00 
1.1173905e-01 -8.7468056e-03 0.0000000e+00 
1.1478171e-01 -1.1958024e-02 0.0000000e+00 
1.3382892e-01 2.4044923e-03 0.0000000e+00 
1.3401271e-01 6.0838936e-03 0.0000000e+00 
1.2987997e-01 4.0634423e-03 0.0000000e+00 
1.2937771e-01 9.8353028e-03 0.0000000e+00 
1.2182360e-01 1.2156762e-02 0.0000000e+00 
1.2212396e-01 1.6520273e-02 0.0000000e+00 
1.1085524e-01 1.8885262e-02 0.0000000e+00 
1.1389627e-01 1.3180889e-02 0.0000000e+00 
1.0364354e-01 1.7307088e-02 0.0000000e+00 
1.0750537e-01 1.1869073e-02 0.0000000e+00 
1.1281309e-01 8.3129834e-03 0.0000000e+00 
1.3589038e-01 -1.0194276e-03 0.0000000e+00 
1.3683838e-01 -3.8506889e-03 0.0000000e+00 
1.3344872e-01 -6.4299735e-03 0.0000000e+00 
1.3692516e-01 -8.3672712e-03 0.0000000e+00 
1.3115077e-01 -1.2125949e-02 0.0000000e+00 
1.2902400e-01 -8.7428661e-03 0.0000000e+00 
1.2478334e-01 -1.4588184e-02 0.0000000e+00 
1.2032356e-01 -1.8525852e-02 0.0000000e+00 
1.1280764e-01 -2.0475216e-02 0.0000000e+00 
9.7813003e-02 -2.2576632e-02 0.0000000e+00 
1.1763788e-01 -1.5688695e-02 0.0000000e+00 
1.0464422e-01 -2.0074354e-02 0.0000000e+00 
1.1103527e-01 -1.4711992e-02 0.0000000e+00 
1.0535660e-01 -2.0359490e-02 0.0000000e+00 
9.8893389e-02 -1.6861703e-02 0.0000000e+00 
1.0534064e-01 -1.2179624e-02 0.0000000e+00 
1.3830781e-01 -6.5820420e-04 0.0000000e+00 
1.3606003e-01 7.2476285e-04 0.0000000e+00 
1.2799554e-01 -1.4975882e-02 0.0000000e+00 
1.3986026e-01 -3.5708197e-03 0.0000000e+00 
8.3411895e-02 -1.9904818e-02 0.0000000e+00 
1.3398729e-01 -1.0991287e-02 0.0000000e+00 
8.4373929e-02 -1.2922741e-02 0.0000000e+00 
6.7205340e-02 -2.0221807e-02 0.0000000e+00 
6.6099025e-02 -2.0410864e-02 0.0000000e+00 
4.1222986e-02 -1.4702812e-02 0.0000000e+00 
1.0594063e-01 5.2182373e-02 0.0000000e+00 
1.0847481e-01 7.4281311e-03 0.0000000e+00 
1.1343674e-01 9.6315397e-03 0.0000000e+00 
6.0176346e-02 4.5260418e-02 0.0000000e+00 
4.2878330e-02 1.4209054e-02 0.0000000e+00 
1.2861530e-01 -4.9251751e-03 0.0000000e+00 
1.2838791e-01 1.4334333e-02 0.0000000e+00 
1.1504084e-01 2.0206725e-02 0.0000000e+00 
1.0555094e-01 2.1773722e-02 0.0000000e+00 
8.8028759e-02 2.2582937e-02 0.0000000e+00 
1.0504727e-01 1.0382482e-02 0.0000000e+00 
1.0233898e-01 -1.3856582e-03 0.0000000e+00 
9.9854738e-02 1.9315392e-04 0.0000000e+00 
1.0243572e-01 1.3809950e-03 0.0000000e+00 
3.7088782e-02 -1.8012227e-02 0.0000000e+00 
1.2385356e-01 -5.3926813e-03 0.0000000e+00 
1.6841615e-02 2.4170270e-03 0.0000000e+00 
9.9941552e-02 -3.9302022e-04 0.0000000e+00 
1.0579646e-01 -5.6672692e-03 0.0000000e+00 
1.3002399e-01 3.5801507e-03 0.0000000e+00 
1.3210955e-04 -1.8888131e-03 0.0000000e+00 
1.0000770e-01 4.7024555e-06 0.0000000e+00 
7.3222108e-02 1.0021840e-03 0.0000000e+00 
1.8954461e-02 4.5985216e-03 0.0000000e+00 
5.5340491e-02 1.0945214e-02 0.0000000e+00 
5.4287951e-02 -6.3793492e-03 0.0000000e+00 
9.1626726e-02 -2.3013476e-02 0.0000000e+00 
1.1311276e-01 -4.3779295e-03 0.0000000e+00 
7.7244729e-02 5.9873674e-02 0.0000000e+00 
-2.2334249e-03 1.6127012e-03 0.0000000e+00 
1.1163027e-01 -2.7446624e-02 0.0000000e+00 
1.1124185e-01 -4.1464558e-03 0.0000000e+00 
1.0695157e-01 -3.1104572e-03 0.0000000e+00 
1.0381573e-01 -4.7858250e-03 0.0000000e+00 
1.0205488e-01 -2.9205913e-03 0.0000000e+00 
1.0064814e-01 -4.8219073e-03 0.0000000e+00 
1.0008474e-01 -2.8364281e-03 0.0000000e+00 
1.0159898e-01 -8.2699880e-03 0.0000000e+00 
9.7586788e-02 -6.5906178e-03 0.0000000e+00 
1.0687288e-01 -7.1951034e-03 0.0000000e+00 
1.0110145e-01 -1.7199911e-03 0.0000000e+00 
9.9995829e-02 -1.6087379e-03 0.0000000e+00 
1.3620360e-01 5.4658335e-03 0.0000000e+00 
1.0001348e-01 4.7381059e-04 0.0000000e+00 
1.0019866e-01 1.0439717e-03 0.0000000e+00 
9.5991254e-02 -9.9805533e-04 0.0000000e+00 
1.1298469e-01 -1.7071325e-02 0.0000000e+00 
1.1941150e-01 -1.5858291e-02 0.0000000e+00 
1.1913845e-01 -9.8698149e-03 0.0000000e+00 
1.1938287e-01 1.5843363e-02 0.0000000e+00 
7.3609851e-02 7.8134071e-03 0.0000000e+00 
1.4123178e-01 1.1775240e-03 0.0000000e+00 
1.1011822e-01 -5.5176999e-02 0.0000000e+00 
1.0059139e-01 -9.8315650e-04 0.0000000e+00 
9.9976212e-02 -8.9092896e-04 0.0000000e+00 
1.0032363e-01 -5.5829168e-04 0.0000000e+00 
9.9984251e-02 -4.8487581e-04 0.0000000e+00 
1.0017721e-01 -3.0579217e-04 0.0000000e+00 
1.0005147e-01 -3.9546346e-04 0.0000000e+00 
9.9253900e-02 -1.0284834e-03 0.0000000e+00 
9.8290965e-02 -3.8062679e-03 0.0000000e+00 
1.0022772e-01 -1.3005680e-04 0.0000000e+00 
1.0008954e-01 -1.6058769e-04 0.0000000e+00 
1.0005873e-01 -8.7833338e-05 0.0000000e+00 
9.9992417e-02 -1.3533120e-04 0.0000000e+00 
9.9582650e-02 7.1482877e-03 0.0000000e+00 
2.7109690e-02 1.7593231e-03 0.0000000e+00 
1.3425316e-01 3.3866897e-02 0.0000000e+00 
1.0100354e-01 -3.5301730e-02 0.0000000e+00 
1.1542265e-01 4.6161659e-02 0.0000000e+00 
9.9999852e-02 -4.2060174e-07 0.0000000e+00 
1.0405837e-01 2.0446773e-03 0.0000000e+00 
1.0363831e-01 4.7650379e-03 0.0000000e+00 
1.0200739e-01 2.8971217e-03 0.0000000e+00 
1.0079098e-01 4.6064509e-03 0.0000000e+00 
1.0028825e-01 2.6617369e-03 0.0000000e+00 
1.0175693e-01 7.5768768e-03 0.0000000e+00 
1.0674091e-01 7.4144755e-03 0.0000000e+00 
1.0110553e-01 1.6756725e-03 0.0000000e+00 
1.0019702e-01 1.4701064e-03 0.0000000e+00 
9.9293873e-02 1.8889356e-03 0.0000000e+00 
1.0073671e-01 -4.1218338e-04 0.0000000e+00 
9.9999771e-02 6.1054385e-07 0.0000000e+00 
1.0233372e-01 -1.2219290e-03 0.0000000e+00 
9.9999353e-02 1.0283575e-08 0.0000000e+00 
1.0001012e-01 1.7123213e-05 0.0000000e+00 
1.0000023e-01 2.6011698e-05 0.0000000e+00 
1.0001843e-01 2.9890845e-05 0.0000000e+00 
1.0000157e-01 4.5683926e-05 0.0000000e+00 
9.9982105e-02 3.0944560e-05 0.0000000e+00 
9.9970341e-02 5.5151922e-05 0.0000000e+00 
1.0000500e-01 7.9713449e-05 0.0000000e+00 
9.9951334e-02 9.8875717e-05 0.0000000e+00 
1.0001363e-01 1.3975841e-04 0.0000000e+00 
9.9921830e-02 1.7820374e-04 0.0000000e+00 
1.0003427e-01 2.4551462e-04 0.0000000e+00 
9.9876411e-02 3.2348000e-04 0.0000000e+00 
1.0007637e-01 4.3442022e-04 0.0000000e+00 
9.9802986e-02 5.8121863e-04 0.0000000e+00 
1.0013505e-01 7.9095428e-04 0.0000000e+00 
1.0036572e-01 4.8619512e-04 0.0000000e+00 
9.9775776e-02 1.6425193e-04 0.0000000e+00 
9.9956311e-02 2.5551892e-05 0.0000000e+00 
9.9989288e-02 1.7236149e-05 0.0000000e+00 
1.8755181e-02 3.8939645e-03 0.0000000e+00 
1.0002285e-01 -1.3173917e-05 0.0000000e+00 
1.0001872e-01 -3.0567975e-05 0.0000000e+00 
1.0000859e-01 -1.5979278e-05 0.0000000e+00 
1.0013262e-01 6.9338457e-05 0.0000000e+00 
1.0004316e-01 2.3077000e-05 0.0000000e+00 
1.0000384e-01 -2.2435431e-06 0.0000000e+00 
1.0001300e-01 -6.7537640e-06 0.0000000e+00 
9.9994287e-02 -1.0861424e-05 0.0000000e+00 
1.0000017e-01 -2.8712911e-06 0.0000000e+00 
1.0000089e-01 -7.5588281e-07 0.0000000e+00 
9.9980950e-02 -3.4463072e-05 0.0000000e+00 
1.0000124e-01 -5.0586084e-05 0.0000000e+00 
9.9993668e-02 9.6544081e-06 0.0000000e+00 
9.9999823e-02 2.7565188e-06 0.0000000e+00 
1.0000012e-01 -7.6530455e-07 0.0000000e+00 
9.6699193e-02 4.7028274e-03 0.0000000e+00 
9.5655359e-02 2.4531886e-03 0.0000000e+00 
9.9985562e-02 7.3321967e-06 0.0000000e+00 
1.0000163e-01 8.5466485e-07 0.0000000e+00 
1.0000084e-01 1.0557892e-06 0.0000000e+00 
1.0014918e-01 -9.4164012e-04 0.0000000e+00 
1.0232786e-01 1.2260071e-03 0.0000000e+00 
9.9995963e-02 -2.9685435e-07 0.0000000e+00 
9.9924929e-02 4.7103887e-05 0.0000000e+00 
6.2778205e-02 -5.5633839e-02 0.0000000e+00 
1.0594442e-01 3.5888914e-02 0.0000000e+00 
9.9997647e-02 -1.5239968e-07 0.0000000e+00 
3.8502499e-02 8.0504213e-03 0.0000000e+00 
2.2494733e-02 6.6817575e-03 0.0000000e+00 
-1.2788196e-03 2.5392356e-03 0.0000000e+00 
9.3786821e-02 3.7328951e-02 0.0000000e+00 
9.9613510e-02 3.0859609e-04 0.0000000e+00 
9.4161026e-02 6.3939095e-03 0.0000000e+00 
9.9999070e-02 -3.7501349e-07 0.0000000e+00 
9.9777624e-02 -3.1524934e-04 0.0000000e+00 
1.2194555e-01 3.9046235e-02 0.0000000e+00 
1.3768876e-01 -1.1870936e-02 0.0000000e+00 
9.9521555e-02 -9.5460655e-06 0.0000000e+00 
1.1215173e-01 -9.1360155e-03 0.0000000e+00 
1.2982181e-01 -3.7345632e-03 0.0000000e+00 
9.7371757e-02 -1.2344277e-02 0.0000000e+00 
8.4827524e-03 -2.0228077e-03 0.0000000e+00 
9.1098905e-02 1.0361582e-02 0.0000000e+00 
1.0000104e-01 1.9388406e-06 0.0000000e+00 
7.4520417e-02 -2.9065119e-02 0.0000000e+00 
9.4827227e-02 -9.4774580e-03 0.0000000e+00 
6.2167393e-03 3.4365486e-04 0.0000000e+00 
1.0002445e-01 1.3487329e-05 0.0000000e+00 
1.2451914e-01 4.0689004e-03 0.0000000e+00 
9.9865764e-02 -9.7750057e-04 0.0000000e+00 
1.0034828e-01 -5.5403047e-04 0.0000000e+00 
9.9863105e-02 9.7064592e-04 0.0000000e+00 
1.0050777e-01 1.8602132e-03 0.0000000e+00 
5.8059979e-02 4.6706516e-03 0.0000000e+00 
1.3219540e-01 -3.5450190e-02 0.0000000e+00 
9.9998988e-02 -2.5491571e-04 0.0000000e+00 
-1.7149461e-03 1.1670149e-03 0.0000000e+00 
1.0035150e-01 5.1989028e-04 0.0000000e+00 
1.0941723e-01 1.2522032e-02 0.0000000e+00 
1.0007457e-01 -3.7138365e-05 0.0000000e+00 
1.0000055e-01 5.5393696e-07 0.0000000e+00 
9.9286474e-02 1.3642227e-02 0.0000000e+00 
9.0422392e-02 2.0778934e-02 0.0000000e+00 
1.3776366e-01 6.5620281e-03 0.0000000e+00 
1.1161031e-01 -1.7231733e-02 0.0000000e+00 
8.0777302e-02 -1.8765727e-02 0.0000000e+00 
6.9936983e-02 -4.4879159e-03 0.0000000e+00 
9.0813152e-02 -5.5999704e-02 0.0000000e+00 
-3.2135958e-03 -7.4896100e-04 0.0000000e+00 
1.0000048e-01 -3.4747646e-07 0.0000000e+00 
1.0956473e-01 -3.6235251e-02 0.0000000e+00 
9.9998981e-02 2.6129180e-07 0.0000000e+00 
1.4347436e-01 -7.7015962e-03 0.0000000e+00 
1.0003247e-01 5.1621992e-05 0.0000000e+00 
1.2455478e-01 1.9510344e-02 0.0000000e+00 
1.0000448e-01 2.7086944e-06 0.0000000e+00 
9.9371895e-02 -2.0719818e-03 0.0000000e+00 
9.3433462e-02 4.9957442e-03 0.0000000e+00 
1.4394552e-01 5.8695604e-03 0.0000000e+00 
2.2002300e-02 -4.4863294e-03 0.0000000e+00 
1.3766548e-01 2.5035867e-03 0.0000000e+00 
9.9384487e-02 1.3934353e-03 0.0000000e+00 
1.3598269e-01 -1.7110631e-02 0.0000000e+00 
1.0078201e-01 3.8955320e-04 0.0000000e+00 
3.9912976e-02 -1.1110240e-02 0.0000000e+00 
1.1877454e-01 -9.8603489e-03 0.0000000e+00 
9.9914663e-02 -9.8724602e-05 0.0000000e+00 
8.3653964e-02 -3.0484881e-02 0.0000000e+00 
9.8282300e-02 -3.6856798e-03 0.0000000e+00 
1.0005823e-01 8.8913759e-05 0.0000000e+00 
9.6941151e-02 -1.2063284e-02 0.0000000e+00 
5.5950098e-02 5.3724352e-02 0.0000000e+00 
1.0325280e-01 1.2859537e-02 0.0000000e+00 
1.3837111e-01 1.6395299e-02 0.0000000e+00 
2.2623682e-02 -5.6752395e-03 0.0000000e+00 
1.4285125e-01 -3.5121327e-03 0.0000000e+00 
1.2248681e-01 1.5727457e-02 0.0000000e+00 
1.4379202e-01 -1.3190749e-02 0.0000000e+00 
8.7964378e-02 8.1143053e-03 0.0000000e+00 
7.6086007e-02 1.5266581e-02 0.0000000e+00 
8.4956214e-02 -1.6556168e-02 0.0000000e+00 
1.0324563e-01 -1.7869769e-02 0.0000000e+00 
8.8892495e-03 3.0116776e-03 0.0000000e+00 
1.1693935e-01 4.4240043e-03 0.0000000e+00 
7.9330124e-02 1.9720435e-02 0.0000000e+00 
8.4364533e-02 2.6819622e-02 0.0000000e+00 
9.1047026e-02 2.8621377e-02 0.0000000e+00 
1.0065347e-01 8.9918124e-04 0.0000000e+00 
4.2169344e-02 -8.2787322e-03 0.0000000e+00 
1.1948555e-01 2.1036612e-02 0.0000000e+00 
1.1399711e-01 1.4655401e-02 0.0000000e+00 
1.3304655e-01 5.6633297e-03 0.0000000e+00 
9.9646248e-02 1.0379254e-03 0.0000000e+00 
1.2498611e-01 -1.0954858e-02 0.0000000e+00 
1.0204470e-01 -3.1448591e-03 0.0000000e+00 
1.2370101e-01 -4.2818338e-03 0.0000000e+00 
5.7028666e-02 1.8359466e-02 0.0000000e+00 
9.9520281e-02 -4.8040057e-04 0.0000000e+00 
1.2936051e-01 7.4965018e-03 0.0000000e+00 
1.1123542e-01 3.8847851e-03 0.0000000e+00 
2.9574003e-02 2.3512090e-02 0.0000000e+00 
9.3687572e-02 -1.2436823e-03 0.0000000e+00 
1.0010695e-01 1.5483471e-04 0.0000000e+00 
1.1008181e-01 1.7625839e-02 0.0000000e+00 
1.4160481e-01 -2.5838504e-03 0.0000000e+00 
7.6453686e-02 -5.9006754e-02 0.0000000e+00 
1.0003499e-01 -5.2062511e-05 0.0000000e+00 
9.8771118e-02 1.0865505e-03 0.0000000e+00 
2.8671077e-02 -5.7429476e-03 0.0000000e+00 
-1.4123336e-03 -2.2774602e-03 0.0000000e+00 
1.1826929e-01 -4.8290804e-02 0.0000000e+00 
1.2879062e-01 3.8913760e-02 0.0000000e+00 
9.5349729e-02 -4.1772187e-02 0.0000000e+00 
1.3262302e-01 -5.2435887e-03 0.0000000e+00 
3.0822998e-02 -1.1981403e-02 0.0000000e+00 
1.2170859e-01 -1.9994874e-02 0.0000000e+00 
1.0748674e-01 4.4043448e-02 0.0000000e+00 
3.4125563e-02 -3.3288658e-02 0.0000000e+00 
9.9999964e-02 9.4559005e-07 0.0000000e+00 
1.0019482e-01 2.6649557e-04 0.0000000e+00 
5.9598621e-02 1.9251142e-02 0.0000000e+00 
9.8232843e-02 9.3893912e-03 0.0000000e+00 
-3.3532805e-03 1.0387708e-03 0.0000000e+00 
4.6977870e-02 -5.1891864e-03 0.0000000e+00 
1.2351448e-01 -1.1811512e-02 0.0000000e+00 
9.9999584e-02 -2.7748374e-05 0.0000000e+00 
6.1612409e-03 3.7902619e-03 0.0000000e+00 
7.7247031e-02 -4.5394176e-03 0.0000000e+00 
6.7929603e-02 -1.1669825e-02 0.0000000e+00 
1.1768331e-01 8.4540499e-03 0.0000000e+00 
1.0134926e-01 1.8922531e-03 0.0000000e+00 
4.0563367e-02 4.1597694e-02 0.0000000e+00 
1.2350075e-01 -1.0868919e-02 0.0000000e+00 
1.0040952e-01 1.9710019e-04 0.0000000e+00 
-3.3415479e-03 -7.0259464e-04 0.0000000e+00 
5.3325542e-03 -2.5604900e-03 0.0000000e+00 
6.3825734e-03 1.0757743e-04 0.0000000e+00 
1.1552922e-01 -7.9741394e-03 0.0000000e+00 
9.7846560e-02 1.9660271e-03 0.0000000e+00 
1.0055155e-01 -1.4728424e-03 0.0000000e+00 
9.4416283e-02 -4.1596177e-03 0.0000000e+00 
7.3392168e-02 8.6543814e-04 0.0000000e+00 
8.0430776e-02 -7.8689456e-03 0.0000000e+00 
9.9998601e-02 -1.6304104e-05 0.0000000e+00 
9.9701256e-02 6.7417335e-04 0.0000000e+00 
1.3379300e-01 1.1898311e-03 0.0000000e+00 
1.9796720e-02 4.8448173e-03 0.0000000e+00 
8.7257192e-02 -3.7788633e-02 0.0000000e+00 
1.3896853e-01 -6.6432087e-03 0.0000000e+00 
9.2215739e-02 1.1184462e-02 0.0000000e+00 
6.5826863e-02 1.0511870e-02 0.0000000e+00 
9.9998504e-02 -8.4189431e-08 0.0000000e+00 
5.5942692e-02 -8.0366535e-03 0.0000000e+00 
1.0007432e-01 -1.8286041e-04 0.0000000e+00 
9.8392017e-02 -3.2141834e-02 0.0000000e+00 
1.0007412e-01 1.6156049e-04 0.0000000e+00 
9.8945946e-02 3.4743831e-03 0.0000000e+00 
1.0294016e-01 1.3158612e-02 0.0000000e+00 
1.0109837e-01 1.0133982e-02 0.0000000e+00 
1.4139983e-01 -1.1052028e-02 0.0000000e+00 
9.4830744e-02 -1.3375408e-02 0.0000000e+00 
9.9999569e-02 -6.0039139e-07 0.0000000e+00 
8.2587823e-02 5.3140372e-02 0.0000000e+00 
8.5232511e-02 2.1160642e-02 0.0000000e+00 
-3.9186995e-03 -6.4101204e-04 0.0000000e+00 
1.0000076e-01 2.4536331e-07 0.0000000e+00 
1.4240040e-01 4.2470195e-03 0.0000000e+00 
1.0000630e-01 -7.6561173e-06 0.0000000e+00 
9.8266639e-02 9.7124809e-03 0.0000000e+00 
1.3891910e-01 -6.5490687e-03 0.0000000e+00 
1.0000029e-01 -1.7516662e-07 0.0000000e+00 
3.1844992e-02 1.0106758e-02 0.0000000e+00 
5.7397321e-02 -9.1384696e-03 0.0000000e+00 
1.0000724e-01 -8.1537808e-05 0.0000000e+00 
1.2295813e-02 -2.1261023e-03 0.0000000e+00 
1.2321591e-01 -1.3938049e-02 0.0000000e+00 
1.1690944e-01 1.1733353e-02 0.0000000e+00 
1.1293564e-01 -1.1960535e-02 0.0000000e+00 
1.1604676e-01 -3.6480952e-02 0.0000000e+00 
9.8578170e-02 6.0591856e-03 0.0000000e+00 
1.3434413e-01 1.0234546e-02 0.0000000e+00 
1.2088545e-01 -4.0143244e-02 0.0000000e+00 
1.3689673e-01 1.1963890e-02 0.0000000e+00 
1.2228705e-01 -7.7934675e-03 0.0000000e+00 
1.0576492e-02 -1.5562451e-03 0.0000000e+00 
1.0300096e-01 3.0243739e-03 0.0000000e+00 
6.0577072e-02 -1.5736159e-02 0.0000000e+00 
9.5282376e-02 2.2804398e-02 0.0000000e+00 
1.0361961e-01 8.6437408e-03 0.0000000e+00 
1.0060314e-01 1.1892612e-03 0.0000000e+00 
9.6432701e-02 -2.4735495e-03 0.0000000e+00 
1.0917430e-01 -6.3058301e-03 0.0000000e+00 
1.0126322e-01 -1.8786375e-03 0.0000000e+00 
1.0313126e-01 1.0542644e-02 0.0000000e+00 
1.0000340e-01 -4.9344653e-06 0.0000000e+00 
8.0836847e-02 -9.3732476e-03 0.0000000e+00 
3.2397478e-03 1.4744607e-03 0.0000000e+00 
1.2639694e-01 -3.6246598e-02 0.0000000e+00 
1.1881161e-01 8.6999144e-03 0.0000000e+00 
1.0511892e-01 -4.6706409e-03 0.0000000e+00 
1.3959432e-01 -2.8262069e-03 0.0000000e+00 
9.7963631e-02 2.2084033e-02 0.0000000e+00 
9.8806769e-02 2.1478595e-02 0.0000000e+00 
9.7555168e-02 -8.6258538e-03 0.0000000e+00 
1.3523993e-01 1.7311385e-02 0.0000000e+00 
1.2135088e-01 7.2667641e-03 0.0000000e+00 
1.2645501e-01 1.5943697e-02 0.0000000e+00 
8.8130735e-02 -2.5478361e-02 0.0000000e+00 
1.0336791e-01 7.2594648e-03 0.0000000e+00 
8.4430501e-02 2.1326414e-03 0.0000000e+00 
9.9690676e-02 -7.0993375e-04 0.0000000e+00 
6.9202550e-02 -1.9429268e-02 0.0000000e+00 
1.0535166e-01 4.4816295e-03 0.0000000e+00 
1.0000029e-01 9.6633414e-07 0.0000000e+00 
1.0298673e-01 -1.4314628e-02 0.0000000e+00 
1.0581667e-01 -1.5045165e-02 0.0000000e+00 
1.2562788e-01 5.6216633e-03 0.0000000e+00 
9.5006123e-02 6.4805424e-04 0.0000000e+00 
1.1707554e-01 7.8791119e-03 0.0000000e+00 
9.7434618e-02 6.3222032e-03 0.0000000e+00 
1.0000171e-01 -2.6957136e-06 0.0000000e+00 
1.3536991e-01 -5.0944686e-03 0.0000000e+00 
1.1149157e-02 6.0344175e-03 0.0000000e+00 
1.3848567e-01 -3.3217580e-03 0.0000000e+00 
1.2797764e-02 -5.0755893e-03 0.0000000e+00 
2.7308315e-02 -5.7094893e-03 0.0000000e+00 
1.3121086e-01 -2.7702355e-03 0.0000000e+00 
1.3472301e-01 -1.9862980e-02 0.0000000e+00 
PRESSURE 1 945  float
3.0019314e+00
0.0000000e+00
0.0000000e+00
3.0017481e+00
-4.1486044e+00
-4.2740173e+00
-4.6540546e+00
-5.2041454e+00
-5.7911925e+00
-6.4326320e+00
-7.0085001e+00
-7.2836413e+00
-7.0880032e+00
-6.0115228e+00
-4.1814346e+00
-1.5218903e+00
1.5395353e+00
4.5007834e+00
6.9855351e+00
8.7553339e+00
9.2937441e+00
8.7516413e+00
7.1008143e+00
4.5463214e+00
1.5016156e+00
-1.5122075e+00
-4.0941434e+00
-6.0220561e+00
-6.9910336e+00
-7.3566136e+00
-7.0011439e+00
-6.4001470e+00
-5.7983866e+00
-5.2239399e+00
-4.6291757e+00
-4.2589254e+00
2.9964294e+00
2.9382823e+00
2.8256741e+00
2.6319404e+00
2.2986126e+00
1.8664029e+00
1.2833184e+00
6.2106872e-01
-6.9210976e-02
-7.0864695e-01
-1.1406873e+00
-1.3862364e+00
-1.4046966e+00
-1.2357243e+00
-9.2116004e-01
-6.1172324e-01
-3.5849178e-01
-2.0122673e-01
-1.1159608e-01
-5.7237893e-02
-2.9601427e-02
-1.3890003e-02
-8.1888465e-03
-2.3847895e-03
-1.6113496e-03
-5.8212370e-04
-2.6797023e-04
-7.4787633e-05
-1.1642484e-05
2.4286974e-05
2.5724217e-05
2.2778731e-05
1.5464408e-05
9.8487353e-06
2.1300502e-06
0.0000000e+00
0.0000000e+00
0.0000000e+00
0.0000000e+00
0.0000000e+00
0.0000000e+00
0.0000000e+00
0.0000000e+00
0.0000000e+00
-3.9814358e-06
-1.1182435e-05
-1.3007050e-05
-2.0004161e-05
-3.3034914e-05
-3.5577377e-05
-1.6228741e-04
-2.2548879e-04
-3.5979610e-04
-7.9252612e-04
-1.9302584e-03
-3.8974758e-03
-7.6082540e-03
-1.5105254e-02
-2.9461974e-02
-5.7687812e-02
-1.1066893e-01
-2.0367998e-01
-3.6006239e-01
-6.0902971e-01
-9.2839128e-01
-1.2296921e+00
-1.3998749e+00
-1.3916578e+00
-1.1278734e+00
-6.8460488e-01
-6.7470059e-02
6.2600803e-01
1.2857624e+00
1.8662745e+00
2.3101025e+00
2.6329947e+00
2.8336942e+00
2.9413545e+00
2.9975686e+00
3.0203874e+00
3.0667720e+00
3.1221290e+00
3.1751740e+00
3.1948106e+00
3.1762984e+00
3.1250682e+00
3.0669551e+00
3.0205226e+00
8.5476923e+00
-4.6354008e-01
-7.7749670e-01
-1.7326992e-02
-3.9005294e-04
-4.5240457e-05
2.5698524e+00
-1.4149699e-01
2.5390821e+00
3.1926279e+00
-4.4130785e-03
-7.0381507e-02
-3.1396219e-06
-2.8208972e-04
-1.3901142e+00
3.1667598e-06
-1.4817076e+00
9.3817103e-01
9.6057725e-01
-1.0531212e+00
1.3700484e-05
-1.0390743e+00
3.1491265e+00
-2.8718275e-06
-1.9460680e-03
-1.0554923e-03
-1.8210696e-02
-1.5334426e-05
3.0954969e+00
2.9149911e+00
1.6716608e-06
2.9205163e+00
-5.6635408e-06
6.6768143e-06
3.0390127e+00
-1.3793981e+00
-1.6964170e+00
-1.6686677e+00
-2.0242851e+00
-2.0731881e+00
-2.5206370e+00
-2.3412347e+00
-2.9736412e+00
-2.5939674e+00
-3.2517357e+00
-2.7526157e+00
-3.1818027e+00
-2.6830580e+00
-3.0237148e+00
-2.4759474e+00
-2.7682467e+00
-2.1472070e+00
-2.4633133e+00
-1.7879306e+00
-1.5210050e+00
-1.1571989e+00
-2.1579919e+00
-9.6177423e-01
-5.7613468e-01
-5.3029413e+00
-4.4627542e+00
-4.2256787e-01
-1.2693605e-01
-2.5468838e+00
-2.1840508e+00
-1.0874437e-01
-2.1817673e-02
-2.7227809e+00
-2.5664029e+00
-4.2318563e+00
5.1769059e-02
1.0399197e-01
9.6592143e-02
5.3878259e-02
5.6022402e-02
4.6899363e-02
3.8105145e-02
-3.1309140e+00
-2.9541049e+00
-2.4936910e+00
-3.4121435e+00
-3.2476881e+00
-3.6188750e+00
-3.4077837e+00
-3.8012683e+00
-3.4193923e+00
-3.7766411e+00
-3.0175178e+00
-3.2958522e+00
-3.5634229e+00
-5.6925774e+00
-4.8462276e+00
2.0634240e-02
2.0967457e-02
1.9484933e-02
1.4165772e-02
-2.9947040e+00
-3.1810441e+00
-4.8373541e-01
6.5568248e-03
6.3380422e-03
4.1390867e-03
3.4077726e-03
-3.4996226e+00
1.8152620e-03
1.5770382e-03
8.2531414e-04
6.2651502e-04
-3.1902168e+00
1.1047177e-04
3.4415771e-04
2.5666741e-04
1.8774992e-04
8.7573035e-06
6.3933971e-05
-3.8958995e+00
-3.2831800e+00
-6.6961465e+00
3.4013640e-02
-7.7338919e-02
-3.5355513e+00
-7.9643238e-01
-8.6581276e-06
2.1120262e-05
-4.9952509e-06
4.9239643e-06
2.4070830e-05
9.4675206e-06
1.3201791e-04
-2.1271989e+00
-2.5980325e+00
-6.4549090e-06
1.0099097e-03
-2.7813516e+00
8.0212522e-03
3.6595948e-02
-4.0133615e+00
-3.2518909e+00
-2.6274455e+00
-2.4067345e+00
-3.1608686e+00
-1.9878666e+00
-9.9266708e-02
-2.4990914e+00
-1.3664490e+00
-4.8352766e+00
-1.1278324e+00
-4.8435462e-01
-5.5386299e-01
2.4999477e-01
5.1953501e-01
1.0321683e+00
1.4865136e+00
5.2844186e+00
1.7493142e+00
2.3167691e+00
2.3520708e+00
2.8880529e+00
2.7902608e+00
3.3188789e+00
3.0610845e+00
3.4656792e+00
3.8581665e+00
3.8339434e+00
4.2580552e+00
4.0787678e+00
4.4741144e+00
4.1510644e+00
4.4605708e+00
4.0731382e+00
4.2420783e+00
3.8843045e+00
3.5132873e+00
3.9000320e+00
4.3425550e+00
3.8087656e+00
4.0881004e+00
7.4078641e+00
3.5079477e+00
3.5034263e+00
3.8440421e+00
3.6380751e+00
3.0075111e+00
2.8275797e+00
2.7706432e+00
2.4013093e+00
2.0269463e+00
-6.0060048e+00
-2.6257389e+00
3.0488048e+00
2.9750352e+00
4.7159181e+00
2.3566782e+00
4.8223834e+00
1.7357303e+00
1.1123840e+00
2.1049364e+00
3.3778601e+00
3.6325400e+00
3.4166443e+00
3.4393570e+00
3.2847099e+00
-4.3284687e-01
-9.5838439e-01
1.0662611e+00
3.5670814e-01
1.9324416e-01
-5.9858704e-01
-1.8384536e-01
-1.0291203e+00
-1.7102990e+00
-6.6598077e+00
-5.8209419e-01
-1.9123384e+00
-2.9394622e+00
1.3225557e+00
9.8714036e-01
-3.7942393e+00
2.1938837e-05
1.1376243e-05
-4.1128821e+00
2.2152517e-02
-4.4874244e+00
-2.7258890e+00
-2.0276709e+00
-3.7116194e+00
3.1825838e+00
-2.6732101e+00
3.9568017e-03
3.7754735e-06
-3.7161882e+00
-3.0478024e+00
8.8018365e-04
-4.4638805e+00
-4.7813416e+00
-3.9770117e-01
2.4081084e-05
-2.0520985e+00
-3.3607626e+00
-4.2064352e+00
-3.7488325e+00
-4.3848510e+00
4.9998239e-04
3.3023927e+00
3.3953784e+00
1.2389621e-01
-2.6980972e-01
3.1169274e+00
1.7227378e-01
7.4940581e-06
-4.6477742e+00
2.0451769e-05
2.8930748e-05
8.9115225e-08
-2.0176407e-05
-3.7164416e+00
-2.2037420e+00
-2.4332492e+00
-1.4102032e-05
-1.3309303e-05
-3.9372859e+00
-4.3683176e+00
-4.9080100e+00
-4.6100078e+00
-5.0785418e+00
-4.7033157e+00
-4.3759608e+00
-4.4070506e+00
2.9733114e+00
2.9692130e+00
1.7409220e-05
-4.1437283e+00
-4.1443748e+00
-4.3611951e+00
-4.0967832e+00
-4.3932864e-06
-5.3772836e+00
1.3110059e-01
-9.8630452e-01
-9.4249511e-01
-6.9810681e-06
-5.9062660e-01
3.2816575e+00
3.3158805e+00
3.2159708e+00
3.4622464e+00
3.3101451e+00
3.3896501e+00
3.2369146e+00
3.2629855e+00
3.1074021e+00
3.0360827e+00
3.1293819e+00
-4.2540894e+00
-4.0089650e+00
-3.8440349e+00
-4.1307545e+00
-3.9382486e+00
2.5316617e-06
2.9382987e+00
1.5817363e-02
-4.0684614e+00
-3.9207389e+00
-4.1118946e+00
-3.9493971e+00
-4.1756153e+00
-5.2477469e+00
-3.0712817e+00
-1.0341442e+00
-7.8682077e-01
-1.1236861e+00
-1.9528176e+00
-2.1242249e+00
3.2373946e+00
-4.7448111e+00
-5.0315552e+00
-4.7159429e+00
-5.0740662e+00
-5.4886279e+00
-3.7167568e+00
-5.5892849e+00
-1.6491194e-05
9.9225499e-06
-4.0716944e+00
-4.6748157e+00
-4.8960176e+00
-4.5410175e+00
-4.6619515e+00
-4.3760161e+00
-4.2378621e+00
3.0719430e-06
8.7443232e-06
-4.3263140e+00
2.9918563e+00
3.0873744e+00
-4.1243510e+00
-3.4873226e+00
-3.7229817e+00
-3.8000767e+00
-2.3451552e+00
-3.4792244e+00
-1.7331437e+00
-4.7027144e+00
4.5326648e+00
5.2089186e+00
5.3119569e+00
5.8990736e+00
5.7867689e+00
6.6063037e+00
6.3904648e+00
7.1765924e+00
6.5989170e+00
5.9557920e+00
5.9275661e+00
6.3389702e+00
5.5343270e+00
5.5851984e+00
4.8309484e+00
4.4800124e+00
4.7898021e+00
6.4988956e+00
6.3207154e+00
5.2576694e+00
5.4264665e+00
4.2107534e+00
3.9750791e+00
3.2928846e+00
3.5161333e+00
2.1191978e+00
2.2394857e+00
4.3331971e+00
3.3252735e+00
2.6467636e+00
2.0430052e+00
8.6153132e-01
7.2977376e-01
1.7542275e+00
-4.5280037e+00
-2.5520089e+00
2.6442895e+00
-1.4445404e-05
6.9665641e-01
-3.0509839e+00
-1.0869026e+00
-3.5427110e+00
5.0329849e-02
5.4841018e+00
-1.0879944e-01
-6.3518677e+00
-6.6507483e+00
-5.2103186e+00
-4.6765389e+00
-4.2478471e+00
7.3581924e+00
2.7717650e+00
2.8531120e+00
2.5501564e+00
-6.6491814e+00
-6.1151748e+00
-2.9896452e+00
-3.2517633e+00
2.7420671e+00
2.6626289e+00
-4.9033232e+00
2.1232169e+00
8.3660097e+00
-4.0557365e+00
-2.8894811e+00
1.4249625e-05
-2.7292190e+00
6.7889917e-01
4.9596996e+00
4.6941452e+00
-1.5729167e+00
-1.8012234e+00
4.4059386e+00
3.8951271e+00
-3.9825308e+00
-1.4341689e+00
2.1719918e+00
1.5923269e+00
1.4373480e-05
4.0352439e-05
2.1739748e+00
2.9413209e+00
2.4932988e+00
2.2624817e+00
3.2981670e+00
2.0123315e+00
1.7796751e+00
1.3922117e+00
-1.4062079e+00
-1.4833984e+00
-1.1614230e+00
-1.2013460e+00
-7.8283155e-01
-1.1475220e+00
-6.6028768e-01
-4.8530766e-01
-3.3455503e-01
-2.5340545e-01
-3.4401745e-01
-1.4935232e+00
-1.6679959e+00
-1.4309460e+00
-1.9091649e+00
-1.5192591e+00
-1.1690935e+00
-1.1358039e+00
-1.5175909e+00
-1.0262538e+00
-1.4393300e+00
-7.2042662e-01
-5.2627712e-01
-4.1668287e-01
-2.0225267e+00
-2.1930805e-01
-1.9743799e-01
-1.7077343e+00
-1.4024562e+00
-2.0740778e+00
-2.0486512e+00
-3.3976385e-01
-2.3334782e+00
1.7734152e-03
-1.9233230e+00
-1.2200595e+00
-1.5087302e+00
9.5822120e-01
2.1299188e+00
1.5880412e+00
5.1672964e+00
7.2112193e+00
-2.8288764e-01
-1.5099921e+00
-1.5855503e+00
-1.0873729e+00
-1.5283060e+00
2.5206852e+00
2.7910526e+00
3.1935897e+00
2.7760799e+00
7.3917665e+00
-7.9954386e-01
-4.6816721e+00
3.1507013e+00
2.4330451e+00
-4.7080952e-01
-4.8143830e+00
1.3378995e-05
-6.1306453e+00
-6.3152671e+00
-6.1516447e+00
-5.5187969e+00
-8.8266814e-01
1.6417172e+00
1.6155596e+00
-3.4062839e+00
-4.9474950e+00
-2.5928628e-01
-1.4270702e-01
-7.1901701e-02
-2.9143240e-02
-1.8054672e-02
4.5199046e-04
-4.2184118e-02
1.5597338e-02
-1.5054053e-01
-1.6330751e-02
9.5582689e-04
-1.3135878e+00
3.0927467e+00
3.0503433e+00
3.5724053e+00
1.5690037e+00
8.2233679e-01
9.0102017e-01
8.2109410e-01
5.4480753e+00
-2.0513115e+00
-8.2592732e-01
-6.4551323e-03
2.0819430e-03
-3.4303661e-03
6.9683243e-04
-1.5735374e-03
3.0388923e+00
6.1430717e-03
2.3375534e-02
-2.2782714e-03
-8.9439546e-04
-3.1860903e-04
9.5591313e-05
3.1360023e+00
7.9953003e+00
-1.6167690e+00
2.3980839e+00
2.7347755e-01
-7.5599878e-08
-6.9376834e-02
-6.6360742e-02
-3.2180239e-02
-1.9077944e-02
-5.8707818e-03
-6.1179701e-02
-1.5953913e-01
-1.5109886e-02
-1.5139946e-03
1.1460230e-02
-9.0630557e-03
8.9673142e-07
-3.6502879e-02
1.5088355e-06
4.9051221e-07
5.4752334e-05
-4.1930674e-05
9.0311667e-05
1.4358058e-04
2.6657572e-04
1.1999893e-04
5.0692796e-04
1.2327073e-04
9.1510534e-04
-8.0886173e-05
1.5844310e-03
-5.5844820e-04
2.9874993e-03
-1.3969991e-03
-4.1804356e-03
2.1209558e-03
2.2697930e-04
8.2167608e-05
-5.1281281e+00
-1.8547493e-04
-1.8591824e-04
-7.2547416e-05
-8.7522966e-04
-1.4764896e-04
-3.4976707e-05
-7.3252224e-05
-2.0754291e-05
-1.0737615e-05
-1.5059511e-05
3.2550648e-05
-2.4997580e-04
4.2600048e-05
1.4077552e-05
-4.8558331e-06
3.4812517e+00
3.6001058e+00
5.4755787e-05
1.0858491e-05
8.2721954e-06
3.0542653e+00
-3.5406426e-02
-3.4312330e-07
4.9638766e-04
3.7026920e+00
-4.2521987e+00
-3.8058895e-06
-3.8884933e+00
-3.6377966e+00
-4.4489355e+00
3.0744095e+00
4.0675276e-03
5.7454664e-02
-3.2093487e-06
1.7637046e-03
-1.3864087e-01
-1.5095328e+00
3.2361739e+00
-3.2629079e-01
-1.1497953e+00
-4.9118247e-02
-3.9979436e+00
3.1404048e-02
1.0621115e-05
4.9624114e+00
3.6106892e+00
-4.4253373e+00
-4.9501188e-05
2.5478265e-01
3.1388745e+00
2.9872406e+00
3.1368115e+00
3.0162625e+00
-5.9738860e+00
-1.4335824e+00
2.2607626e-04
-3.7345078e+00
2.9862092e+00
2.0032754e+00
-4.5959273e-04
1.6449453e-06
-1.0694470e-01
-3.7080264e-01
-1.8589625e+00
-2.5035095e+00
-2.5457723e+00
5.6931591e+00
-9.0433621e-01
-3.7309544e+00
-5.3749832e-06
1.4805160e+00
-1.5802457e-06
-2.3514514e+00
-1.2595880e-04
1.5665126e-01
1.7931894e-05
3.1915886e+00
3.8073967e+00
-2.6657414e+00
-4.0914197e+00
-1.5476129e+00
3.2076225e+00
-1.3211384e+00
-8.7973876e-03
-9.6231508e-01
-6.0669655e-01
3.2580097e-04
4.2140980e+00
-5.4390488e+00
-3.7243709e-04
3.3743339e+00
4.0942497e+00
-5.5167294e+00
-1.6074026e+00
-1.5295080e+00
-3.0143719e+00
-2.2747076e+00
-2.6148040e+00
-4.2609015e+00
5.1652455e+00
-2.9657586e+00
2.6363971e+00
-5.7477407e+00
-4.5878541e-01
-2.1738534e+00
4.2669735e+00
3.6370597e+00
-7.9308972e-03
-3.9488468e+00
7.3134917e-01
1.4690394e+00
-8.5438776e-01
5.7632388e-03
-2.9725275e+00
2.8312955e+00
3.6691675e-01
-1.8798523e+00
3.2180638e+00
-3.6138374e-01
-2.4921238e-01
7.5228634e+00
3.7785499e+00
-8.4321847e-04
1.8775629e+00
-2.4647193e+00
1.4088037e+00
-3.0097974e-04
1.4850796e-02
-5.3249350e+00
-4.3069172e+00
-3.5788119e-01
-1.1209457e+00
2.7627866e+00
-8.2278627e-01
-2.0484817e+00
4.7682750e-01
1.3604529e+00
6.8510556e+00
1.0709531e-05
-1.8893254e-03
-1.3139964e+00
3.2582119e+00
-4.1707888e+00
-6.0728536e+00
3.6172545e-01
-1.7877779e-06
-3.5784278e+00
5.1756330e+00
-1.1942609e-01
-4.8840404e+00
2.9019427e+00
6.1353741e+00
-8.7124759e-01
-3.8369747e-03
-4.1788416e+00
-3.7694654e+00
-4.8652072e+00
1.3435602e+00
2.4364157e-02
2.9950168e+00
6.6641957e-02
5.4474130e+00
-4.3949132e+00
-4.6239107e-05
3.1877766e+00
-3.5245347e+00
-3.9207458e+00
3.6210244e+00
-1.6774991e+00
-3.7066326e+00
-3.8799031e+00
-2.2865856e-06
-4.3605046e+00
3.0097883e+00
-4.6019325e+00
3.0091872e+00
1.3441061e-02
2.7345150e+00
2.9435728e+00
-2.0428953e+00
-5.7923827e+00
-4.8379984e-06
-9.0598387e-01
4.3764133e+00
-3.4998326e+00
1.6410753e-06
-2.2158773e+00
-7.7437115e-05
-4.5033996e-03
-2.3536341e+00
-3.5631826e-06
-3.2641981e+00
-4.0888166e+00
-3.0611438e-04
-5.0390520e+00
-2.5901158e+00
1.1608267e+00
-5.2203078e+00
6.9352406e-01
1.6936656e-02
-1.7321841e+00
-6.3457936e-02
-1.3878815e+00
5.2870089e-01
-4.2204041e+00
2.7306018e+00
-2.8599522e+00
3.3203125e+00
-3.8822174e+00
2.9791811e+00
3.4023214e-02
2.0615282e+00
2.9093504e+00
-1.1990023e-01
-7.0744551e-05
4.8600779e+00
-4.6760206e+00
-5.8044487e-01
-5.8844948e-01
-4.3151598e+00
-1.7821141e+00
-7.1363425e-01
-1.8425808e+00
2.5226278e-02
-4.1055331e+00
6.4130723e-01
-1.8834912e+00
3.9678392e+00
-5.4050512e+00
-5.4073911e+00
3.1846170e+00
-7.3716301e-01
2.4739740e+00
1.0140214e-06
2.7228279e+00
2.3975470e+00
-3.5437436e+00
3.6553550e+00
1.1554791e+00
3.3645687e+00
-1.8655301e-05
-1.2116264e+00
-2.8761351e+00
-3.4753530e+00
-3.5244913e+00
-5.7812257e+00
-6.3165408e-01
-4.1313357e+00
CELL_DATA 1766
FIELD FieldData 0
