# vtk DataFile Version 4.0
vtk output
ASCII
DATASET UNSTRUCTURED_GRID
POINTS 945 float
0.0000000e+00 0.0000000e+00 0.0000000e+00 
2.0000000e+00 0.0000000e+00 0.0000000e+00 
2.0000000e+00 6.0000002e-01 0.0000000e+00 
0.0000000e+00 6.0000002e-01 0.0000000e+00 
5.6000000e-01 3.0000001e-01 0.0000000e+00 
5.5884713e-01 2.8829461e-01 0.0000000e+00 
5.5543280e-01 2.7703899e-01 0.0000000e+00 
5.4988819e-01 2.6666579e-01 0.0000000e+00 
5.4242641e-01 2.5757360e-01 0.0000000e+00 
5.3333420e-01 2.5011179e-01 0.0000000e+00 
5.2296102e-01 2.4456720e-01 0.0000000e+00 
5.1170540e-01 2.4115290e-01 0.0000000e+00 
5.0000000e-01 2.3999999e-01 0.0000000e+00 
4.8829460e-01 2.4115290e-01 0.0000000e+00 
4.7703901e-01 2.4456720e-01 0.0000000e+00 
4.6666580e-01 2.5011179e-01 0.0000000e+00 
4.5757359e-01 2.5757360e-01 0.0000000e+00 
4.5011181e-01 2.6666579e-01 0.0000000e+00 
4.4456720e-01 2.7703899e-01 0.0000000e+00 
4.4115290e-01 2.8829461e-01 0.0000000e+00 
4.4000000e-01 3.0000001e-01 0.0000000e+00 
4.4115290e-01 3.1170541e-01 0.0000000e+00 
4.4456720e-01 3.2296100e-01 0.0000000e+00 
4.5011181e-01 3.3333421e-01 0.0000000e+00 
4.5757359e-01 3.4242639e-01 0.0000000e+00 
4.6666580e-01 3.4988821e-01 0.0000000e+00 
4.7703901e-01 3.5543281e-01 0.0000000e+00 
4.8829460e-01 3.5884711e-01 0.0000000e+00 
5.0000000e-01 3.6000001e-01 0.0000000e+00 
5.1170540e-01 3.5884711e-01 0.0000000e+00 
5.2296102e-01 3.5543281e-01 0.0000000e+00 
5.3333420e-01 3.4988821e-01 0.0000000e+00 
5.4242641e-01 3.4242639e-01 0.0000000e+00 
5.4988819e-01 3.3333421e-01 0.0000000e+00 
5.5543280e-01 3.2296100e-01 0.0000000e+00 
5.5884713e-01 3.1170541e-01 0.0000000e+00 
5.9016321e-02 0.0000000e+00 0.0000000e+00 
1.1803260e-01 0.0000000e+00 0.0000000e+00 
1.7704900e-01 0.0000000e+00 0.0000000e+00 
2.3587100e-01 0.0000000e+00 0.0000000e+00 
2.9085249e-01 0.0000000e+00 0.0000000e+00 
3.4144861e-01 0.0000000e+00 0.0000000e+00 
3.8872591e-01 0.0000000e+00 0.0000000e+00 
4.3368599e-01 0.0000000e+00 0.0000000e+00 
4.7725680e-01 0.0000000e+00 0.0000000e+00 
5.2034539e-01 0.0000000e+00 0.0000000e+00 
5.6386721e-01 0.0000000e+00 0.0000000e+00 
6.0872579e-01 0.0000000e+00 0.0000000e+00 
6.5584701e-01 0.0000000e+00 0.0000000e+00 
7.0623368e-01 0.0000000e+00 0.0000000e+00 
7.6094180e-01 0.0000000e+00 0.0000000e+00 
8.1967372e-01 0.0000000e+00 0.0000000e+00 
8.7868989e-01 0.0000000e+00 0.0000000e+00 
9.3770629e-01 0.0000000e+00 0.0000000e+00 
9.9672258e-01 0.0000000e+00 0.0000000e+00 
1.0557390e+00 0.0000000e+00 0.0000000e+00 
1.1147550e+00 0.0000000e+00 0.0000000e+00 
1.1737720e+00 0.0000000e+00 0.0000000e+00 
1.2327880e+00 0.0000000e+00 0.0000000e+00 
1.2918040e+00 0.0000000e+00 0.0000000e+00 
1.3508210e+00 0.0000000e+00 0.0000000e+00 
1.4098370e+00 0.0000000e+00 0.0000000e+00 
1.4688530e+00 0.0000000e+00 0.0000000e+00 
1.5278690e+00 0.0000000e+00 0.0000000e+00 
1.5868860e+00 0.0000000e+00 0.0000000e+00 
1.6459020e+00 0.0000000e+00 0.0000000e+00 
1.7049180e+00 0.0000000e+00 0.0000000e+00 
1.7639350e+00 0.0000000e+00 0.0000000e+00 
1.8229510e+00 0.0000000e+00 0.0000000e+00 
1.8819669e+00 0.0000000e+00 0.0000000e+00 
1.9409840e+00 0.0000000e+00 0.0000000e+00 
2.0000000e+00 5.9999999e-02 0.0000000e+00 
2.0000000e+00 1.2000000e-01 0.0000000e+00 
2.0000000e+00 1.8000001e-01 0.0000000e+00 
2.0000000e+00 2.3999999e-01 0.0000000e+00 
2.0000000e+00 3.0000001e-01 0.0000000e+00 
2.0000000e+00 3.6000001e-01 0.0000000e+00 
2.0000000e+00 4.1999999e-01 0.0000000e+00 
2.0000000e+00 4.7999999e-01 0.0000000e+00 
2.0000000e+00 5.4000002e-01 0.0000000e+00 
1.9409840e+00 6.0000002e-01 0.0000000e+00 
1.8819669e+00 6.0000002e-01 0.0000000e+00 
1.8229510e+00 6.0000002e-01 0.0000000e+00 
1.7639350e+00 6.0000002e-01 0.0000000e+00 
1.7049180e+00 6.0000002e-01 0.0000000e+00 
1.6459020e+00 6.0000002e-01 0.0000000e+00 
1.5868860e+00 6.0000002e-01 0.0000000e+00 
1.5278690e+00 6.0000002e-01 0.0000000e+00 
1.4688530e+00 6.0000002e-01 0.0000000e+00 
1.4098370e+00 6.0000002e-01 0.0000000e+00 
1.3508210e+00 6.0000002e-01 0.0000000e+00 
1.2918040e+00 6.0000002e-01 0.0000000e+00 
1.2327880e+00 6.0000002e-01 0.0000000e+00 
1.1737720e+00 6.0000002e-01 0.0000000e+00 
1.1147550e+00 6.0000002e-01 0.0000000e+00 
1.0557390e+00 6.0000002e-01 0.0000000e+00 
9.9672258e-01 6.0000002e-01 0.0000000e+00 
9.3770629e-01 6.0000002e-01 0.0000000e+00 
8.7868989e-01 6.0000002e-01 0.0000000e+00 
8.1967372e-01 6.0000002e-01 0.0000000e+00 
7.6094180e-01 6.0000002e-01 0.0000000e+00 
7.0623368e-01 6.0000002e-01 0.0000000e+00 
6.5584701e-01 6.0000002e-01 0.0000000e+00 
6.0872579e-01 6.0000002e-01 0.0000000e+00 
5.6386721e-01 6.0000002e-01 0.0000000e+00 
5.2034539e-01 6.0000002e-01 0.0000000e+00 
4.7725680e-01 6.0000002e-01 0.0000000e+00 
4.3368599e-01 6.0000002e-01 0.0000000e+00 
3.8872591e-01 6.0000002e-01 0.0000000e+00 
3.4144861e-01 6.0000002e-01 0.0000000e+00 
2.9085249e-01 6.0000002e-01 0.0000000e+00 
2.3587100e-01 6.0000002e-01 0.0000000e+00 
1.7704900e-01 6.0000002e-01 0.0000000e+00 
1.1803260e-01 6.0000002e-01 0.0000000e+00 
5.9016321e-02 6.0000002e-01 0.0000000e+00 
0.0000000e+00 5.4000002e-01 0.0000000e+00 
0.0000000e+00 4.7999999e-01 0.0000000e+00 
0.0000000e+00 4.1999999e-01 0.0000000e+00 
0.0000000e+00 3.6000001e-01 0.0000000e+00 
0.0000000e+00 3.0000001e-01 0.0000000e+00 
0.0000000e+00 2.3999999e-01 0.0000000e+00 
0.0000000e+00 1.8000001e-01 0.0000000e+00 
0.0000000e+00 1.2000000e-01 0.0000000e+00 
0.0000000e+00 5.9999999e-02 0.0000000e+00 
4.3026751e-01 3.0683401e-01 0.0000000e+00 
8.4908241e-01 5.5269438e-01 0.0000000e+00 
7.8790653e-01 5.1802918e-02 0.0000000e+00 
1.1430219e+00 5.0576471e-02 0.0000000e+00 
1.4415160e+00 5.0573289e-02 0.0000000e+00 
1.6754100e+00 5.5038619e-01 0.0000000e+00 
2.6041579e-01 5.2875768e-02 0.0000000e+00 
9.6895182e-01 5.0380111e-02 0.0000000e+00 
2.6302171e-01 5.5612308e-01 0.0000000e+00 
5.5065349e-02 2.6500449e-01 0.0000000e+00 
1.2615570e+00 5.4759312e-01 0.0000000e+00 
1.0253479e+00 5.4886931e-01 0.0000000e+00 
1.6201590e+00 5.4130111e-02 0.0000000e+00 
1.4979730e+00 5.5115038e-01 0.0000000e+00 
6.7900127e-01 5.5979192e-01 0.0000000e+00 
1.9463980e+00 2.6800990e-01 0.0000000e+00 
6.3145077e-01 3.8099781e-02 0.0000000e+00 
4.1331020e-01 5.6811810e-01 0.0000000e+00 
4.1231820e-01 3.8809739e-02 0.0000000e+00 
5.4410732e-01 5.6000441e-01 0.0000000e+00 
1.7962800e+00 5.9606131e-02 0.0000000e+00 
5.4468262e-01 3.7558820e-02 0.0000000e+00 
4.9130220e-02 3.9247900e-01 0.0000000e+00 
1.9509200e+00 3.8997239e-01 0.0000000e+00 
1.3233820e+00 4.9667731e-02 0.0000000e+00 
1.3821890e+00 5.4839480e-01 0.0000000e+00 
1.1434870e+00 5.4837209e-01 0.0000000e+00 
1.7959980e+00 5.4855859e-01 0.0000000e+00 
4.9401909e-02 1.5067521e-01 0.0000000e+00 
1.4989950e-01 5.5529898e-01 0.0000000e+00 
1.9519399e+00 1.5339760e-01 0.0000000e+00 
1.4754079e-01 5.1025499e-02 0.0000000e+00 
1.9506550e+00 5.1069498e-01 0.0000000e+00 
1.9114760e+00 5.1109631e-02 0.0000000e+00 
4.9216151e-02 5.0927132e-01 0.0000000e+00 
5.8710063e-01 3.6655251e-02 0.0000000e+00 
6.0428280e-01 7.4787550e-02 0.0000000e+00 
6.4929068e-01 7.4443869e-02 0.0000000e+00 
6.2715179e-01 1.0633790e-01 0.0000000e+00 
5.9329480e-01 1.0799770e-01 0.0000000e+00 
6.0949302e-01 1.3488390e-01 0.0000000e+00 
6.4123279e-01 1.3555969e-01 0.0000000e+00 
6.2006623e-01 1.6328260e-01 0.0000000e+00 
6.5316749e-01 1.6381399e-01 0.0000000e+00 
6.3351321e-01 1.8958050e-01 0.0000000e+00 
6.6427898e-01 1.8941709e-01 0.0000000e+00 
6.4933020e-01 2.1180780e-01 0.0000000e+00 
6.7645937e-01 2.1359310e-01 0.0000000e+00 
6.6097301e-01 2.3410480e-01 0.0000000e+00 
6.8796802e-01 2.3757669e-01 0.0000000e+00 
6.7103261e-01 2.5876111e-01 0.0000000e+00 
6.9990993e-01 2.6214910e-01 0.0000000e+00 
6.8101048e-01 2.8387409e-01 0.0000000e+00 
7.1248281e-01 2.8716281e-01 0.0000000e+00 
7.2971261e-01 2.6349890e-01 0.0000000e+00 
7.4486363e-01 2.9076719e-01 0.0000000e+00 
6.9556361e-01 3.0985960e-01 0.0000000e+00 
7.6406652e-01 2.6318431e-01 0.0000000e+00 
7.8114778e-01 2.9619500e-01 0.0000000e+00 
5.5403137e-01 2.5565761e-01 0.0000000e+00 
5.6691158e-01 2.7902979e-01 0.0000000e+00 
8.0246252e-01 2.6402649e-01 0.0000000e+00 
8.2167560e-01 3.0103979e-01 0.0000000e+00 
5.7978672e-01 1.3316999e-01 0.0000000e+00 
6.9627529e-01 1.8651520e-01 0.0000000e+00 
8.4832448e-01 2.6130950e-01 0.0000000e+00 
8.6857778e-01 3.0716091e-01 0.0000000e+00 
6.6883779e-01 3.0851370e-01 0.0000000e+00 
6.8001598e-01 3.3176759e-01 0.0000000e+00 
5.6956083e-01 3.0685109e-01 0.0000000e+00 
8.9643359e-01 2.6652190e-01 0.0000000e+00 
9.1803229e-01 3.1445420e-01 0.0000000e+00 
9.4838840e-01 2.6944679e-01 0.0000000e+00 
9.7196358e-01 3.1528941e-01 0.0000000e+00 
1.0020620e+00 2.7188951e-01 0.0000000e+00 
1.0263140e+00 3.1974381e-01 0.0000000e+00 
1.0557370e+00 2.7577680e-01 0.0000000e+00 
6.5179992e-01 3.3081001e-01 0.0000000e+00 
6.6418201e-01 3.5163379e-01 0.0000000e+00 
6.8745148e-01 3.5866591e-01 0.0000000e+00 
6.4083183e-01 3.5175639e-01 0.0000000e+00 
6.5020132e-01 3.7057751e-01 0.0000000e+00 
6.2925631e-01 3.6861771e-01 0.0000000e+00 
6.3750827e-01 3.8906679e-01 0.0000000e+00 
6.1479098e-01 3.8505989e-01 0.0000000e+00 
6.2451601e-01 4.0700281e-01 0.0000000e+00 
6.0271370e-01 4.0461549e-01 0.0000000e+00 
6.4791143e-01 4.1049060e-01 0.0000000e+00 
6.1149168e-01 4.2533240e-01 0.0000000e+00 
5.8940130e-01 4.2314041e-01 0.0000000e+00 
5.4590571e-01 3.5405469e-01 0.0000000e+00 
5.5933821e-01 3.3214769e-01 0.0000000e+00 
1.0820900e+00 3.2265610e-01 0.0000000e+00 
1.1129040e+00 2.7988619e-01 0.0000000e+00 
1.1385900e+00 3.3131590e-01 0.0000000e+00 
1.1718310e+00 2.8342861e-01 0.0000000e+00 
5.9854919e-01 4.4447681e-01 0.0000000e+00 
5.7566178e-01 4.4153079e-01 0.0000000e+00 
8.0048358e-01 3.3398119e-01 0.0000000e+00 
1.1962050e+00 3.3624330e-01 0.0000000e+00 
1.2286429e+00 2.8668931e-01 0.0000000e+00 
1.2540359e+00 3.3862561e-01 0.0000000e+00 
1.2863950e+00 2.8994620e-01 0.0000000e+00 
6.1140192e-01 1.8628950e-01 0.0000000e+00 
1.3121480e+00 3.4238011e-01 0.0000000e+00 
1.3446890e+00 2.9366851e-01 0.0000000e+00 
1.3705840e+00 3.4558439e-01 0.0000000e+00 
1.4032860e+00 2.9774809e-01 0.0000000e+00 
6.4617378e-01 3.0788270e-01 0.0000000e+00 
1.4291511e+00 3.4956750e-01 0.0000000e+00 
1.4618640e+00 3.0163100e-01 0.0000000e+00 
1.4877310e+00 3.5457411e-01 0.0000000e+00 
1.5206050e+00 3.0603161e-01 0.0000000e+00 
1.5464530e+00 3.5889450e-01 0.0000000e+00 
1.5793800e+00 3.1008351e-01 0.0000000e+00 
5.6763572e-01 4.1851109e-01 0.0000000e+00 
5.5408603e-01 4.3793961e-01 0.0000000e+00 
5.2029008e-01 3.6688760e-01 0.0000000e+00 
9.4794089e-01 3.6647639e-01 0.0000000e+00 
8.7384099e-01 2.2074890e-01 0.0000000e+00 
6.3348472e-01 2.3041780e-01 0.0000000e+00 
7.8118002e-01 2.2578520e-01 0.0000000e+00 
1.6052290e+00 3.6304700e-01 0.0000000e+00 
1.6382140e+00 3.1413361e-01 0.0000000e+00 
1.6641290e+00 3.6722910e-01 0.0000000e+00 
1.6971480e+00 3.1819481e-01 0.0000000e+00 
1.6712240e+00 2.6505721e-01 0.0000000e+00 
1.7302210e+00 2.6912081e-01 0.0000000e+00 
1.5534170e+00 2.5684619e-01 0.0000000e+00 
6.7181969e-01 1.4093800e-01 0.0000000e+00 
5.8596748e-01 4.6394360e-01 0.0000000e+00 
1.7230920e+00 3.7133509e-01 0.0000000e+00 
1.3771909e+00 2.4454120e-01 0.0000000e+00 
6.2249678e-01 4.4700289e-01 0.0000000e+00 
1.2033920e+00 2.3449400e-01 0.0000000e+00 
1.0287880e+00 2.3015590e-01 0.0000000e+00 
5.4669750e-01 4.1895449e-01 0.0000000e+00 
5.3373671e-01 4.3515179e-01 0.0000000e+00 
5.4073101e-01 4.5481020e-01 0.0000000e+00 
5.1996583e-01 4.5137540e-01 0.0000000e+00 
5.1387292e-01 4.2921981e-01 0.0000000e+00 
4.9935541e-01 4.4742331e-01 0.0000000e+00 
4.5565760e-01 3.5403141e-01 0.0000000e+00 
4.9349809e-01 4.2846820e-01 0.0000000e+00 
4.7935709e-01 4.4358870e-01 0.0000000e+00 
4.7970989e-01 3.6688760e-01 0.0000000e+00 
4.8592600e-01 4.6396780e-01 0.0000000e+00 
4.6443069e-01 4.5930001e-01 0.0000000e+00 
4.5825541e-01 4.3536639e-01 0.0000000e+00 
4.4286779e-01 4.5335940e-01 0.0000000e+00 
4.3592349e-01 4.3169260e-01 0.0000000e+00 
4.2123440e-01 4.4813421e-01 0.0000000e+00 
4.1462469e-01 4.2622849e-01 0.0000000e+00 
4.3825611e-01 3.3387709e-01 0.0000000e+00 
3.9864141e-01 4.4291711e-01 0.0000000e+00 
3.9200109e-01 4.1997111e-01 0.0000000e+00 
3.7504819e-01 4.3754801e-01 0.0000000e+00 
3.6926591e-01 4.1456231e-01 0.0000000e+00 
3.5052001e-01 4.3156540e-01 0.0000000e+00 
3.4640020e-01 4.0321410e-01 0.0000000e+00 
3.2338160e-01 4.2558259e-01 0.0000000e+00 
3.1625420e-01 3.9745620e-01 0.0000000e+00 
3.3599329e-01 3.7658459e-01 0.0000000e+00 
3.0888751e-01 3.6996761e-01 0.0000000e+00 
3.2846531e-01 3.5015899e-01 0.0000000e+00 
3.0453789e-01 3.4228960e-01 0.0000000e+00 
3.2241219e-01 3.2376000e-01 0.0000000e+00 
2.9612821e-01 3.1610900e-01 0.0000000e+00 
3.1577420e-01 2.9729351e-01 0.0000000e+00 
2.8885421e-01 2.8886101e-01 0.0000000e+00 
3.0968001e-01 2.6928011e-01 0.0000000e+00 
2.8137040e-01 2.6060769e-01 0.0000000e+00 
2.8570160e-01 3.8790971e-01 0.0000000e+00 
3.0315241e-01 2.4067999e-01 0.0000000e+00 
3.3230671e-01 2.5245121e-01 0.0000000e+00 
3.2487640e-01 2.2290690e-01 0.0000000e+00 
3.5372531e-01 2.3027760e-01 0.0000000e+00 
4.3461740e-01 2.7961159e-01 0.0000000e+00 
3.4512779e-01 2.0528039e-01 0.0000000e+00 
3.6950600e-01 2.1069451e-01 0.0000000e+00 
2.6638910e-01 3.1392881e-01 0.0000000e+00 
2.7405229e-01 2.3109850e-01 0.0000000e+00 
3.6342499e-01 1.8842390e-01 0.0000000e+00 
3.8558939e-01 1.9589300e-01 0.0000000e+00 
4.4520050e-01 2.5469631e-01 0.0000000e+00 
3.8103029e-01 1.7263541e-01 0.0000000e+00 
4.0200421e-01 1.8057050e-01 0.0000000e+00 
4.9249741e-01 2.2787590e-01 0.0000000e+00 
4.6605590e-01 2.3826469e-01 0.0000000e+00 
3.3931601e-01 1.7988220e-01 0.0000000e+00 
3.8745371e-01 3.9799151e-01 0.0000000e+00 
3.5741779e-01 2.5419459e-01 0.0000000e+00 
3.5627639e-01 4.5751181e-01 0.0000000e+00 
3.4765261e-01 3.3191890e-01 0.0000000e+00 
3.9811629e-01 1.5518570e-01 0.0000000e+00 
4.2193061e-01 1.6662900e-01 0.0000000e+00 
3.7476501e-01 1.4610679e-01 0.0000000e+00 
3.9139041e-01 2.1633980e-01 0.0000000e+00 
2.5018540e-01 2.5338060e-01 0.0000000e+00 
2.4227400e-01 2.1673180e-01 0.0000000e+00 
2.1296521e-01 2.4632980e-01 0.0000000e+00 
2.0310380e-01 2.0643540e-01 0.0000000e+00 
4.7074649e-01 4.8204380e-01 0.0000000e+00 
4.9385741e-01 4.8678511e-01 0.0000000e+00 
4.1766569e-01 1.3875820e-01 0.0000000e+00 
4.3951231e-01 1.4885530e-01 0.0000000e+00 
4.4284999e-01 1.6929220e-01 0.0000000e+00 
4.6074921e-01 1.5907930e-01 0.0000000e+00 
4.5701310e-01 1.3411739e-01 0.0000000e+00 
4.7804150e-01 1.4308280e-01 0.0000000e+00 
4.8207700e-01 1.6432039e-01 0.0000000e+00 
5.2000839e-01 2.3249920e-01 0.0000000e+00 
4.7522539e-01 1.1890660e-01 0.0000000e+00 
4.9824399e-01 1.5124670e-01 0.0000000e+00 
5.0239080e-01 1.7379840e-01 0.0000000e+00 
4.0624869e-01 4.6688080e-01 0.0000000e+00 
4.2919409e-01 4.1243970e-01 0.0000000e+00 
6.2043011e-01 3.4884781e-01 0.0000000e+00 
1.7042540e+00 2.1590130e-01 0.0000000e+00 
1.7632940e+00 2.2000070e-01 0.0000000e+00 
5.9477502e-01 3.8850871e-01 0.0000000e+00 
1.1047130e+00 3.7971979e-01 0.0000000e+00 
5.5632508e-01 4.0331629e-01 0.0000000e+00 
5.1673311e-01 1.5979400e-01 0.0000000e+00 
5.1686460e-01 1.3875850e-01 0.0000000e+00 
5.2089018e-01 1.7866670e-01 0.0000000e+00 
2.3531640e-01 1.7608330e-01 0.0000000e+00 
4.8605490e-01 1.8340071e-01 0.0000000e+00 
1.2225550e+00 3.8796490e-01 0.0000000e+00 
1.7893510e+00 2.7321759e-01 0.0000000e+00 
5.0436419e-01 4.1349870e-01 0.0000000e+00 
4.8793069e-01 4.1161671e-01 0.0000000e+00 
1.3432890e+00 3.9487341e-01 0.0000000e+00 
4.9844569e-01 3.9902619e-01 0.0000000e+00 
5.1288861e-01 4.0051869e-01 0.0000000e+00 
4.7826111e-01 5.0721961e-01 0.0000000e+00 
1.5723439e+00 4.1086179e-01 0.0000000e+00 
5.6928509e-01 1.1216540e-01 0.0000000e+00 
5.3438342e-01 1.6713411e-01 0.0000000e+00 
5.3660733e-01 1.8530799e-01 0.0000000e+00 
5.5097228e-01 1.7492341e-01 0.0000000e+00 
5.5329382e-01 1.9238080e-01 0.0000000e+00 
1.4477730e+00 4.0997440e-01 0.0000000e+00 
1.7183121e-01 2.3577370e-01 0.0000000e+00 
1.8385801e-01 2.7833050e-01 0.0000000e+00 
4.5149651e-01 1.1040960e-01 0.0000000e+00 
4.7247219e-01 9.1955133e-02 0.0000000e+00 
1.9255680e-01 1.6331930e-01 0.0000000e+00 
4.5135620e-01 5.0161749e-01 0.0000000e+00 
1.8225530e+00 2.2401039e-01 0.0000000e+00 
5.2494282e-01 1.9506520e-01 0.0000000e+00 
1.7372680e+00 1.6678140e-01 0.0000000e+00 
1.6782570e+00 1.6271511e-01 0.0000000e+00 
1.6900350e+00 4.2038351e-01 0.0000000e+00 
1.7490560e+00 4.2454061e-01 0.0000000e+00 
4.8329440e-01 3.9614201e-01 0.0000000e+00 
4.7259709e-01 4.0761891e-01 0.0000000e+00 
4.6829471e-01 3.9267531e-01 0.0000000e+00 
1.7821480e+00 3.7544200e-01 0.0000000e+00 
1.8081650e+00 4.2873210e-01 0.0000000e+00 
5.6767190e-01 1.8248910e-01 0.0000000e+00 
5.6965590e-01 1.9964610e-01 0.0000000e+00 
5.5310482e-01 2.0997940e-01 0.0000000e+00 
5.7153863e-01 2.1648981e-01 0.0000000e+00 
5.5832732e-01 2.2570750e-01 0.0000000e+00 
5.7294083e-01 2.3188220e-01 0.0000000e+00 
5.8571517e-01 2.2277141e-01 0.0000000e+00 
5.8722973e-01 2.3849240e-01 0.0000000e+00 
2.2661661e-01 1.3415439e-01 0.0000000e+00 
2.6798990e-01 1.4730521e-01 0.0000000e+00 
1.7105891e+00 1.1396340e-01 0.0000000e+00 
5.9993339e-01 2.2935030e-01 0.0000000e+00 
6.0129720e-01 2.4530940e-01 0.0000000e+00 
5.8868867e-01 2.5420901e-01 0.0000000e+00 
6.0235012e-01 2.6110700e-01 0.0000000e+00 
1.8387530e+00 3.7525591e-01 0.0000000e+00 
5.4489303e-01 2.2099259e-01 0.0000000e+00 
4.5784310e-01 5.2955812e-01 0.0000000e+00 
5.1062381e-01 5.1103139e-01 0.0000000e+00 
4.9833831e-01 1.0296860e-01 0.0000000e+00 
1.8639690e+00 4.2541769e-01 0.0000000e+00 
4.9523690e-01 7.3985048e-02 0.0000000e+00 
1.3844220e-01 2.6736441e-01 0.0000000e+00 
1.5088230e-01 3.1097111e-01 0.0000000e+00 
1.2641050e-01 2.2494370e-01 0.0000000e+00 
2.0287590e-01 3.2045639e-01 0.0000000e+00 
1.6756350e-01 3.5410741e-01 0.0000000e+00 
2.1099889e-01 3.6507410e-01 0.0000000e+00 
1.8053800e-01 3.9719370e-01 0.0000000e+00 
2.2913329e-01 4.0715241e-01 0.0000000e+00 
1.9421770e-01 4.3993911e-01 0.0000000e+00 
2.3865750e-01 4.5007020e-01 0.0000000e+00 
1.4811151e-01 4.3034700e-01 0.0000000e+00 
5.9036589e-01 2.6973200e-01 0.0000000e+00 
6.0372931e-01 2.7649191e-01 0.0000000e+00 
6.1619169e-01 2.6624000e-01 0.0000000e+00 
5.9138829e-01 2.8492469e-01 0.0000000e+00 
6.0468042e-01 2.9163459e-01 0.0000000e+00 
1.8453060e+00 2.7996099e-01 0.0000000e+00 
2.0954210e-01 4.8537201e-01 0.0000000e+00 
4.6530190e-01 6.3733928e-02 0.0000000e+00 
5.9247959e-01 2.9992181e-01 0.0000000e+00 
6.0560697e-01 3.0666059e-01 0.0000000e+00 
5.9351093e-01 3.1494951e-01 0.0000000e+00 
6.0633099e-01 3.2174519e-01 0.0000000e+00 
5.9430778e-01 3.2937449e-01 0.0000000e+00 
4.9347320e-01 3.8454881e-01 0.0000000e+00 
5.5062449e-01 1.5674770e-01 0.0000000e+00 
4.5774269e-01 4.0380031e-01 0.0000000e+00 
4.5300320e-01 3.8926181e-01 0.0000000e+00 
5.2078158e-01 8.5589677e-02 0.0000000e+00 
5.2809721e-01 4.7261381e-01 0.0000000e+00 
5.4998982e-01 4.7740239e-01 0.0000000e+00 
1.1647230e-01 3.4303319e-01 0.0000000e+00 
5.4025501e-01 4.0216339e-01 0.0000000e+00 
5.4931629e-01 3.8893181e-01 0.0000000e+00 
5.6429678e-01 3.8917771e-01 0.0000000e+00 
5.5815691e-01 3.7613159e-01 0.0000000e+00 
5.3233409e-01 3.8730109e-01 0.0000000e+00 
6.1810511e-01 2.9840681e-01 0.0000000e+00 
5.4633558e-01 2.3408321e-01 0.0000000e+00 
1.7233150e+00 4.7115931e-01 0.0000000e+00 
1.6544410e+00 4.6960419e-01 0.0000000e+00 
5.9817278e-01 2.1342160e-01 0.0000000e+00 
5.7312608e-01 3.7630349e-01 0.0000000e+00 
5.6664068e-01 3.6344349e-01 0.0000000e+00 
5.8089459e-01 3.6333910e-01 0.0000000e+00 
5.7436389e-01 3.5058859e-01 0.0000000e+00 
5.8890998e-01 3.5140380e-01 0.0000000e+00 
5.9597099e-01 3.6360300e-01 0.0000000e+00 
1.8871840e+00 2.3216370e-01 0.0000000e+00 
1.8613670e+00 1.6699770e-01 0.0000000e+00 
5.8043772e-01 3.2325599e-01 0.0000000e+00 
1.8341640e-01 1.2044960e-01 0.0000000e+00 
1.4539170e-01 1.4803199e-01 0.0000000e+00 
5.2981251e-01 4.1606659e-01 0.0000000e+00 
6.3278657e-01 3.2098520e-01 0.0000000e+00 
4.9883649e-01 1.9035070e-01 0.0000000e+00 
4.8866749e-01 1.9995619e-01 0.0000000e+00 
4.7372600e-01 1.9428051e-01 0.0000000e+00 
4.7687241e-01 2.0988560e-01 0.0000000e+00 
4.6230760e-01 2.0519090e-01 0.0000000e+00 
5.0175709e-01 2.0284539e-01 0.0000000e+00 
3.7420979e-01 2.4249861e-01 0.0000000e+00 
3.7680081e-01 2.5999850e-01 0.0000000e+00 
3.6377189e-01 2.7359021e-01 0.0000000e+00 
3.8147151e-01 2.7786380e-01 0.0000000e+00 
3.9390230e-01 2.6630861e-01 0.0000000e+00 
3.9790910e-01 2.8215069e-01 0.0000000e+00 
3.8660839e-01 2.9399589e-01 0.0000000e+00 
4.0266559e-01 2.9749459e-01 0.0000000e+00 
3.9230630e-01 3.0959940e-01 0.0000000e+00 
3.7539089e-01 3.0645579e-01 0.0000000e+00 
3.8165531e-01 3.2178041e-01 0.0000000e+00 
3.9764741e-01 3.2483751e-01 0.0000000e+00 
3.8738471e-01 3.3702531e-01 0.0000000e+00 
4.0318671e-01 3.3988059e-01 0.0000000e+00 
3.9298999e-01 3.5206911e-01 0.0000000e+00 
4.0884519e-01 3.5489669e-01 0.0000000e+00 
3.7592891e-01 3.5095471e-01 0.0000000e+00 
4.1221961e-01 3.2815641e-01 0.0000000e+00 
4.0885890e-01 2.7070051e-01 0.0000000e+00 
4.0606499e-01 2.5576550e-01 0.0000000e+00 
4.2036530e-01 2.6073930e-01 0.0000000e+00 
4.1758421e-01 2.4588020e-01 0.0000000e+00 
3.9879280e-01 3.6719501e-01 0.0000000e+00 
4.1457930e-01 3.6959961e-01 0.0000000e+00 
4.2435291e-01 3.5784501e-01 0.0000000e+00 
4.3005049e-01 3.7181091e-01 0.0000000e+00 
4.2064139e-01 3.8399899e-01 0.0000000e+00 
4.0332180e-01 2.4100940e-01 0.0000000e+00 
4.1523230e-01 2.3128320e-01 0.0000000e+00 
4.2901969e-01 2.3581611e-01 0.0000000e+00 
4.2680249e-01 2.2116630e-01 0.0000000e+00 
4.4072181e-01 2.2622180e-01 0.0000000e+00 
4.3834931e-01 2.1132030e-01 0.0000000e+00 
4.2324290e-01 2.0628519e-01 0.0000000e+00 
5.7600939e-01 2.6372889e-01 0.0000000e+00 
4.6461701e-01 3.7602729e-01 0.0000000e+00 
4.4586849e-01 3.4520641e-01 0.0000000e+00 
1.8224460e+00 4.8960349e-01 0.0000000e+00 
4.3567330e-01 1.9562960e-01 0.0000000e+00 
5.9315038e-01 1.5660501e-01 0.0000000e+00 
4.5945361e-01 1.9019520e-01 0.0000000e+00 
6.2804931e-01 2.1075760e-01 0.0000000e+00 
4.4690049e-01 3.7500271e-01 0.0000000e+00 
4.3590689e-01 2.6693821e-01 0.0000000e+00 
4.5538360e-01 2.4537770e-01 0.0000000e+00 
5.3253782e-01 3.6093631e-01 0.0000000e+00 
5.0687999e-01 3.7203360e-01 0.0000000e+00 
5.5479759e-01 3.4289679e-01 0.0000000e+00 
4.7859880e-01 2.3292100e-01 0.0000000e+00 
5.6951690e-01 2.9091081e-01 0.0000000e+00 
4.3251589e-01 3.2153201e-01 0.0000000e+00 
2.5864059e-01 4.9322551e-01 0.0000000e+00 
2.8119770e-01 4.6436489e-01 0.0000000e+00 
2.9712620e-01 4.9769270e-01 0.0000000e+00 
5.0679362e-01 2.2942559e-01 0.0000000e+00 
5.1640040e-01 2.1935740e-01 0.0000000e+00 
6.5671778e-01 2.8741741e-01 0.0000000e+00 
6.4681822e-01 2.6546481e-01 0.0000000e+00 
2.6161829e-01 1.0442510e-01 0.0000000e+00 
2.9914159e-01 1.2133270e-01 0.0000000e+00 
5.3835911e-01 2.0090669e-01 0.0000000e+00 
4.1076070e-01 4.0288219e-01 0.0000000e+00 
4.2847160e-01 2.9058349e-01 0.0000000e+00 
5.8385968e-01 4.0419951e-01 0.0000000e+00 
4.6758640e-01 2.2237021e-01 0.0000000e+00 
1.7680900e+00 1.1666990e-01 0.0000000e+00 
4.6705061e-01 3.6164391e-01 0.0000000e+00 
4.2953780e-01 5.2015013e-01 0.0000000e+00 
3.4222049e-01 3.0633521e-01 0.0000000e+00 
3.3303869e-01 2.8045291e-01 0.0000000e+00 
5.3547281e-01 4.9663380e-01 0.0000000e+00 
5.6233060e-01 5.0093198e-01 0.0000000e+00 
3.5305610e-01 3.5562491e-01 0.0000000e+00 
3.6326250e-01 3.7681499e-01 0.0000000e+00 
5.8255208e-01 1.8968870e-01 0.0000000e+00 
5.6585908e-01 6.7596443e-02 0.0000000e+00 
3.1423870e-01 5.6071562e-01 0.0000000e+00 
3.6825681e-01 5.5769640e-01 0.0000000e+00 
1.6511329e+00 1.0926090e-01 0.0000000e+00 
1.6192470e+00 1.5863900e-01 0.0000000e+00 
3.1425080e-01 3.9930049e-02 0.0000000e+00 
3.1129351e-01 1.6085930e-01 0.0000000e+00 
3.3299991e-01 1.3328290e-01 0.0000000e+00 
3.3072019e-01 1.0009960e-01 0.0000000e+00 
2.7850899e-01 1.8997809e-01 0.0000000e+00 
3.6250210e-01 1.1719080e-01 0.0000000e+00 
3.6242679e-01 7.9823360e-02 0.0000000e+00 
3.9215559e-01 9.3917303e-02 0.0000000e+00 
6.7704421e-01 3.9422091e-02 0.0000000e+00 
6.9158012e-01 7.9496212e-02 0.0000000e+00 
7.2696608e-01 4.4044841e-02 0.0000000e+00 
7.3696113e-01 9.5335990e-02 0.0000000e+00 
7.9171729e-01 1.0606610e-01 0.0000000e+00 
7.5707722e-01 1.3865989e-01 0.0000000e+00 
8.0465728e-01 1.5881000e-01 0.0000000e+00 
8.4009641e-01 1.2030350e-01 0.0000000e+00 
8.5441029e-01 1.6780110e-01 0.0000000e+00 
8.9020813e-01 1.3047090e-01 0.0000000e+00 
8.7580758e-01 8.5384279e-02 0.0000000e+00 
6.3392729e-01 5.6027758e-01 0.0000000e+00 
6.5490252e-01 5.2222651e-01 0.0000000e+00 
6.9785458e-01 5.2009457e-01 0.0000000e+00 
6.6947389e-01 4.8214740e-01 0.0000000e+00 
7.1400052e-01 4.7928271e-01 0.0000000e+00 
7.3890662e-01 5.1415598e-01 0.0000000e+00 
7.5538421e-01 4.7427329e-01 0.0000000e+00 
7.3060858e-01 4.4053549e-01 0.0000000e+00 
7.7131832e-01 4.3481070e-01 0.0000000e+00 
7.4432129e-01 4.0371630e-01 0.0000000e+00 
7.9942912e-01 4.6868020e-01 0.0000000e+00 
8.1664360e-01 4.2528069e-01 0.0000000e+00 
8.4675127e-01 4.6303490e-01 0.0000000e+00 
7.0795268e-01 4.1132101e-01 0.0000000e+00 
8.6556101e-01 4.1526449e-01 0.0000000e+00 
9.0177119e-01 4.5578691e-01 0.0000000e+00 
6.1436248e-01 5.2457899e-01 0.0000000e+00 
5.9010911e-01 5.6233871e-01 0.0000000e+00 
6.8740159e-01 4.4485721e-01 0.0000000e+00 
6.3075930e-01 4.9217081e-01 0.0000000e+00 
8.2390177e-01 3.7696400e-01 0.0000000e+00 
6.5760958e-01 4.5251140e-01 0.0000000e+00 
8.8201141e-01 3.6469159e-01 0.0000000e+00 
7.1646827e-01 3.7200019e-01 0.0000000e+00 
7.5293612e-01 3.6630341e-01 0.0000000e+00 
7.3172802e-01 3.4158540e-01 0.0000000e+00 
4.3641081e-01 3.8625911e-01 0.0000000e+00 
3.3307719e-01 5.1888418e-01 0.0000000e+00 
3.7808201e-01 5.1874483e-01 0.0000000e+00 
4.1757399e-01 3.4319299e-01 0.0000000e+00 
4.0734050e-01 3.1263331e-01 0.0000000e+00 
4.8661929e-01 4.2812102e-02 0.0000000e+00 
7.2056448e-01 1.3380709e-01 0.0000000e+00 
7.2885102e-01 1.7120270e-01 0.0000000e+00 
7.6764971e-01 1.8236589e-01 0.0000000e+00 
7.3844647e-01 2.0840840e-01 0.0000000e+00 
3.2383901e-01 4.7502699e-01 0.0000000e+00 
2.0299730e-01 4.5617640e-02 0.0000000e+00 
5.8970161e-02 3.3410329e-01 0.0000000e+00 
2.0689000e-01 5.5709481e-01 0.0000000e+00 
4.1305149e-01 2.8573561e-01 0.0000000e+00 
7.8471351e-01 5.4944623e-01 0.0000000e+00 
5.7445318e-01 2.4704580e-01 0.0000000e+00 
4.8197981e-02 2.0613991e-01 0.0000000e+00 
2.9774281e-01 8.0907270e-02 0.0000000e+00 
5.0055778e-01 5.6669247e-01 0.0000000e+00 
5.6139982e-01 2.6632291e-01 0.0000000e+00 
1.6788280e+00 5.7307512e-02 0.0000000e+00 
5.1920211e-01 3.7999329e-01 0.0000000e+00 
5.3287011e-01 2.3837809e-01 0.0000000e+00 
4.9314889e-01 3.6956069e-01 0.0000000e+00 
5.4427528e-01 3.7591609e-01 0.0000000e+00 
7.8244883e-01 3.9527819e-01 0.0000000e+00 
3.6446571e-01 4.0250320e-02 0.0000000e+00 
4.4162789e-01 3.5938531e-01 0.0000000e+00 
6.3632941e-01 2.8842619e-01 0.0000000e+00 
4.9067271e-01 2.1312010e-01 0.0000000e+00 
9.0754151e-01 5.5067050e-01 0.0000000e+00 
9.6624529e-01 5.4957891e-01 0.0000000e+00 
9.9525559e-01 4.9868581e-01 0.0000000e+00 
1.0540251e+00 4.9801311e-01 0.0000000e+00 
1.0243800e+00 4.4818369e-01 0.0000000e+00 
1.0813180e+00 4.4429299e-01 0.0000000e+00 
9.6050638e-01 4.4521841e-01 0.0000000e+00 
9.9237692e-01 4.0150511e-01 0.0000000e+00 
9.3534291e-01 5.0050128e-01 0.0000000e+00 
1.1123620e+00 4.9683940e-01 0.0000000e+00 
1.1383430e+00 4.4216970e-01 0.0000000e+00 
5.4218680e-01 5.2327639e-01 0.0000000e+00 
4.9454380e-02 4.5007420e-01 0.0000000e+00 
1.0217610e-01 4.7936839e-01 0.0000000e+00 
2.2542991e-01 2.8165141e-01 0.0000000e+00 
3.9299640e-01 1.2565491e-01 0.0000000e+00 
4.2287391e-01 1.0849530e-01 0.0000000e+00 
4.1702661e-01 7.4225321e-02 0.0000000e+00 
4.2317891e-01 4.9126241e-01 0.0000000e+00 
3.6435950e-01 3.1840631e-01 0.0000000e+00 
5.9271669e-01 4.9394491e-01 0.0000000e+00 
4.5279789e-01 2.1705380e-01 0.0000000e+00 
1.1707489e+00 4.9572700e-01 0.0000000e+00 
1.1967220e+00 4.4262701e-01 0.0000000e+00 
1.2286400e+00 4.9457431e-01 0.0000000e+00 
1.2569320e+00 4.4329810e-01 0.0000000e+00 
1.2887410e+00 4.9415389e-01 0.0000000e+00 
4.9704749e-02 9.0376601e-02 0.0000000e+00 
1.1661880e+00 3.8667339e-01 0.0000000e+00 
1.0448740e+00 3.9727730e-01 0.0000000e+00 
1.3219531e+00 5.4748261e-01 0.0000000e+00 
1.3566051e+00 4.9475339e-01 0.0000000e+00 
1.4128619e+00 5.0170678e-01 0.0000000e+00 
1.3878731e+00 4.4357020e-01 0.0000000e+00 
2.6875430e-01 4.3074101e-01 0.0000000e+00 
4.1746351e-01 3.0108821e-01 0.0000000e+00 
4.7450441e-01 4.2571831e-01 0.0000000e+00 
4.0593800e-01 2.0075510e-01 0.0000000e+00 
4.4167551e-01 4.0079829e-01 0.0000000e+00 
1.9512080e+00 4.5117629e-01 0.0000000e+00 
1.0262311e+00 5.1109631e-02 0.0000000e+00 
9.9738371e-01 1.0181700e-01 0.0000000e+00 
1.0553030e+00 1.0176790e-01 0.0000000e+00 
1.0273110e+00 1.4739220e-01 0.0000000e+00 
1.0855290e+00 1.4977370e-01 0.0000000e+00 
9.7062862e-01 1.4721170e-01 0.0000000e+00 
9.3508059e-01 1.0148260e-01 0.0000000e+00 
1.1133560e+00 1.0215650e-01 0.0000000e+00 
1.1446090e+00 1.4514109e-01 0.0000000e+00 
1.1160710e+00 1.9391710e-01 0.0000000e+00 
1.2018321e+00 5.4771107e-01 0.0000000e+00 
1.9480680e+00 2.1005040e-01 0.0000000e+00 
1.0842860e+00 5.4868227e-01 0.0000000e+00 
1.9480680e+00 3.2994959e-01 0.0000000e+00 
1.5904510e+00 1.0452840e-01 0.0000000e+00 
1.5598950e+00 1.5443350e-01 0.0000000e+00 
1.5304790e+00 1.0186320e-01 0.0000000e+00 
1.5007280e+00 1.5119410e-01 0.0000000e+00 
1.5273950e+00 2.0345390e-01 0.0000000e+00 
1.4685169e+00 1.9967620e-01 0.0000000e+00 
1.4425830e+00 1.4740349e-01 0.0000000e+00 
1.4098901e+00 1.9577309e-01 0.0000000e+00 
1.3839140e+00 1.4338671e-01 0.0000000e+00 
1.3511680e+00 1.9153769e-01 0.0000000e+00 
1.3252350e+00 1.3926670e-01 0.0000000e+00 
1.2926320e+00 1.8772170e-01 0.0000000e+00 
1.2666039e+00 1.3634580e-01 0.0000000e+00 
1.2355460e+00 1.8558609e-01 0.0000000e+00 
1.2059170e+00 1.3905290e-01 0.0000000e+00 
1.2347410e+00 9.3928657e-02 0.0000000e+00 
1.3187660e+00 2.4091680e-01 0.0000000e+00 
1.4945120e+00 2.5244480e-01 0.0000000e+00 
1.5862570e+00 2.0772290e-01 0.0000000e+00 
5.5948251e-01 2.4233980e-01 0.0000000e+00 
1.5573130e+00 5.4926682e-01 0.0000000e+00 
1.5215520e+00 5.0207931e-01 0.0000000e+00 
1.5906490e+00 4.9784341e-01 0.0000000e+00 
1.3832541e+00 4.9608339e-02 0.0000000e+00 
1.5002331e+00 5.0511628e-02 0.0000000e+00 
1.7345819e+00 5.5134553e-01 0.0000000e+00 
1.6170100e+00 5.5189037e-01 0.0000000e+00 
1.6308481e+00 4.1378099e-01 0.0000000e+00 
1.7733830e+00 4.6653220e-01 0.0000000e+00 
1.8566350e+00 5.4165798e-01 0.0000000e+00 
1.5124860e+00 4.0674630e-01 0.0000000e+00 
1.4853560e+00 4.5626420e-01 0.0000000e+00 
1.6452560e+00 2.1187560e-01 0.0000000e+00 
1.7967290e+00 1.6947480e-01 0.0000000e+00 
1.8955210e+00 4.8443690e-01 0.0000000e+00 
2.4952111e-01 3.7534630e-01 0.0000000e+00 
2.4015559e-01 3.3920720e-01 0.0000000e+00 
1.6122910e+00 2.6095319e-01 0.0000000e+00 
1.8537400e+00 5.5921540e-02 0.0000000e+00 
1.8819669e+00 1.0242500e-01 0.0000000e+00 
9.5119797e-02 1.2153590e-01 0.0000000e+00 
1.0847340e+00 5.0935078e-02 0.0000000e+00 
1.7562060e+00 3.2229191e-01 0.0000000e+00 
1.4358770e+00 2.4863569e-01 0.0000000e+00 
4.3159389e-01 2.5088599e-01 0.0000000e+00 
4.7994119e-01 3.8120639e-01 0.0000000e+00 
1.8123610e+00 3.2570100e-01 0.0000000e+00 
6.1470199e-01 2.3820160e-01 0.0000000e+00 
6.2837660e-01 2.5279269e-01 0.0000000e+00 
5.6644672e-01 3.2120070e-01 0.0000000e+00 
4.0343639e-01 3.8359720e-01 0.0000000e+00 
1.2608960e+00 2.3755901e-01 0.0000000e+00 
9.7383392e-01 2.2759880e-01 0.0000000e+00 
1.8966711e+00 3.6694610e-01 0.0000000e+00 
1.2852859e+00 3.9278471e-01 0.0000000e+00 
4.4754091e-01 4.1694289e-01 0.0000000e+00 
5.1814729e-01 1.1434720e-01 0.0000000e+00 
9.8089732e-02 2.9848260e-01 0.0000000e+00 
8.7650722e-01 5.0584209e-01 0.0000000e+00 
7.2722268e-01 5.5884892e-01 0.0000000e+00 
9.1900879e-01 4.0950510e-01 0.0000000e+00 
6.0669678e-01 3.3687809e-01 0.0000000e+00 
9.2257088e-01 2.2499460e-01 0.0000000e+00 
1.8270659e+00 1.1701130e-01 0.0000000e+00 
3.9101499e-01 2.5043941e-01 0.0000000e+00 
3.0026230e-01 2.1632680e-01 0.0000000e+00 
5.8418620e-01 3.3934349e-01 0.0000000e+00 
1.5593460e+00 5.1838879e-02 0.0000000e+00 
4.5547140e-01 5.6772357e-01 0.0000000e+00 
9.7268373e-02 1.8144910e-01 0.0000000e+00 
9.3618453e-02 5.9398320e-02 0.0000000e+00 
9.5946752e-02 4.1991970e-01 0.0000000e+00 
1.5493150e-01 4.8253620e-01 0.0000000e+00 
5.3141659e-01 2.2366489e-01 0.0000000e+00 
4.6951711e-01 1.7694290e-01 0.0000000e+00 
1.3219830e+00 4.4809279e-01 0.0000000e+00 
6.1860532e-01 2.8225860e-01 0.0000000e+00 
9.2647932e-02 5.4469162e-01 0.0000000e+00 
3.6105269e-01 4.8700431e-01 0.0000000e+00 
1.4393450e+00 5.5213040e-01 0.0000000e+00 
1.9442101e+00 9.5342271e-02 0.0000000e+00 
9.0059137e-01 1.7995150e-01 0.0000000e+00 
8.2735151e-01 2.0720319e-01 0.0000000e+00 
6.6251612e-01 1.0677520e-01 0.0000000e+00 
6.7604911e-01 4.1622579e-01 0.0000000e+00 
6.8501538e-01 3.8669550e-01 0.0000000e+00 
3.6920869e-01 2.9070961e-01 0.0000000e+00 
4.5409241e-01 2.3146330e-01 0.0000000e+00 
6.1867392e-01 3.1358370e-01 0.0000000e+00 
1.9131620e+00 5.4997718e-01 0.0000000e+00 
4.2027211e-01 1.8849210e-01 0.0000000e+00 
1.9003210e+00 2.9999799e-01 0.0000000e+00 
5.5434358e-01 1.3134070e-01 0.0000000e+00 
1.4729370e+00 1.0059040e-01 0.0000000e+00 
4.4868380e-01 4.7589070e-01 0.0000000e+00 
1.7371070e+00 5.7924490e-02 0.0000000e+00 
1.6196249e-01 1.9384970e-01 0.0000000e+00 
2.7876011e-01 3.4925121e-01 0.0000000e+00 
5.6304562e-01 4.5950639e-01 0.0000000e+00 
6.0384172e-01 3.5119170e-01 0.0000000e+00 
5.7530987e-01 5.2873927e-01 0.0000000e+00 
1.3667960e-01 3.8707560e-01 0.0000000e+00 
4.9747679e-01 1.2821840e-01 0.0000000e+00 
1.1983300e+00 4.8251878e-02 0.0000000e+00 
7.5970978e-01 3.2726541e-01 0.0000000e+00 
8.1999791e-01 5.1075947e-01 0.0000000e+00 
1.3957340e+00 3.8871399e-01 0.0000000e+00 
3.8881221e-01 2.3447470e-01 0.0000000e+00 
5.2596432e-01 2.0954940e-01 0.0000000e+00 
1.4149910e+00 9.8922051e-02 0.0000000e+00 
3.1656411e-01 1.9587231e-01 0.0000000e+00 
4.3203679e-01 3.4525600e-01 0.0000000e+00 
5.0832897e-01 3.8785461e-01 0.0000000e+00 
5.0716370e-01 4.6868089e-01 0.0000000e+00 
7.2506380e-01 3.1459489e-01 0.0000000e+00 
5.7067949e-01 1.5282580e-01 0.0000000e+00 
6.7973870e-01 1.6684531e-01 0.0000000e+00 
5.3255141e-01 1.4827640e-01 0.0000000e+00 
5.8382958e-01 2.0679601e-01 0.0000000e+00 
3.6833951e-01 3.3595169e-01 0.0000000e+00 
6.6081917e-01 3.9089271e-01 0.0000000e+00 
3.5859609e-01 1.6498099e-01 0.0000000e+00 
5.4474670e-01 2.4635740e-01 0.0000000e+00 
8.5039961e-01 4.4130251e-02 0.0000000e+00 
7.0378470e-01 2.1493910e-01 0.0000000e+00 
3.8111559e-01 3.6489099e-01 0.0000000e+00 
3.8378549e-01 3.8103321e-01 0.0000000e+00 
1.1733290e+00 9.6517898e-02 0.0000000e+00 
6.1236829e-01 3.6486840e-01 0.0000000e+00 
4.2817801e-01 4.6774849e-01 0.0000000e+00 
3.9298210e-01 4.8933309e-01 0.0000000e+00 
5.1858139e-01 5.3958851e-01 0.0000000e+00 
1.1778920e+00 1.8819040e-01 0.0000000e+00 
6.3357651e-01 4.2729640e-01 0.0000000e+00 
2.1912169e-01 8.9860998e-02 0.0000000e+00 
4.4828820e-01 3.3391532e-02 0.0000000e+00 
7.1727687e-01 2.3730519e-01 0.0000000e+00 
9.8337471e-02 2.5592181e-01 0.0000000e+00 
4.8688981e-01 5.3696889e-01 0.0000000e+00 
9.1024607e-01 4.6742149e-02 0.0000000e+00 
4.2072469e-01 3.1704551e-01 0.0000000e+00 
2.5881660e-01 2.8481191e-01 0.0000000e+00 
1.3556740e+00 9.6588373e-02 0.0000000e+00 
3.8170820e-01 4.6353251e-01 0.0000000e+00 
6.1133659e-01 4.6789679e-01 0.0000000e+00 
4.4266859e-01 2.4074350e-01 0.0000000e+00 
1.4653840e+00 5.0395852e-01 0.0000000e+00 
1.1433500e+00 2.3560201e-01 0.0000000e+00 
5.5341142e-01 3.6430839e-01 0.0000000e+00 
5.7990170e-01 2.7820900e-01 0.0000000e+00 
4.4887719e-01 2.0151231e-01 0.0000000e+00 
4.6245420e-01 4.1756010e-01 0.0000000e+00 
4.1210291e-01 2.1662711e-01 0.0000000e+00 
5.1736373e-01 5.6347691e-02 0.0000000e+00 
7.0604849e-01 3.3807889e-01 0.0000000e+00 
4.3653390e-01 1.2656429e-01 0.0000000e+00 
4.2773649e-01 3.9727569e-01 0.0000000e+00 
4.2305809e-01 2.7508900e-01 0.0000000e+00 
1.9111360e+00 1.7995431e-01 0.0000000e+00 
1.2975690e+00 9.4644032e-02 0.0000000e+00 
7.4613649e-01 2.3963641e-01 0.0000000e+00 
2.9362991e-01 4.1433749e-01 0.0000000e+00 
5.8357382e-01 3.0761179e-01 0.0000000e+00 
5.3191912e-01 3.7253350e-01 0.0000000e+00 
4.4445190e-01 8.4593862e-02 0.0000000e+00 
1.5468830e+00 4.5422599e-01 0.0000000e+00 
6.2926418e-01 2.7103639e-01 0.0000000e+00 
3.5220909e-01 2.8729489e-01 0.0000000e+00 
8.3805579e-01 3.3710629e-01 0.0000000e+00 
5.2616048e-01 4.0003020e-01 0.0000000e+00 
1.8064611e-01 5.2023911e-01 0.0000000e+00 
4.2505819e-01 3.3176431e-01 0.0000000e+00 
7.7968621e-01 5.0346297e-01 0.0000000e+00 
1.2679260e+00 4.6381779e-02 0.0000000e+00 
5.8107018e-01 2.9473820e-01 0.0000000e+00 
6.1925322e-01 3.3036381e-01 0.0000000e+00 
5.6537521e-01 2.5524691e-01 0.0000000e+00 
3.8967860e-01 6.5405212e-02 0.0000000e+00 
1.0865080e+00 2.3449360e-01 0.0000000e+00 
1.4042149e-01 9.9993236e-02 0.0000000e+00 
1.0030100e+00 3.5783571e-01 0.0000000e+00 
3.6067769e-01 3.0184039e-01 0.0000000e+00 
5.7885981e-01 3.8880101e-01 0.0000000e+00 
1.5990330e+00 4.4926330e-01 0.0000000e+00 
9.1439813e-02 3.7532219e-01 0.0000000e+00 
5.7995051e-01 1.7130360e-01 0.0000000e+00 
6.1258352e-01 2.5273019e-01 0.0000000e+00 
4.0172791e-01 2.2754180e-01 0.0000000e+00 
5.4750210e-01 9.9742994e-02 0.0000000e+00 
6.1311978e-01 2.0313910e-01 0.0000000e+00 
6.1223829e-01 2.2002740e-01 0.0000000e+00 
1.8586820e+00 3.2957241e-01 0.0000000e+00 
5.8738971e-01 3.7580970e-01 0.0000000e+00 
4.5219980e-02 4.4195049e-02 0.0000000e+00 
4.8124549e-01 2.2123460e-01 0.0000000e+00 
4.3828961e-02 5.5591398e-01 0.0000000e+00 
1.0568640e+00 1.9004630e-01 0.0000000e+00 
3.3193341e-01 4.4711831e-01 0.0000000e+00 
3.0378929e-01 4.4286191e-01 0.0000000e+00 
5.3415012e-01 1.2728420e-01 0.0000000e+00 
5.0386423e-01 2.1636350e-01 0.0000000e+00 
1.9116580e+00 4.2358989e-01 0.0000000e+00 
4.5517069e-01 3.6521810e-01 0.0000000e+00 
3.6732909e-01 3.6239621e-01 0.0000000e+00 
6.3041377e-01 3.0585691e-01 0.0000000e+00 
1.9569679e+00 4.3301821e-02 0.0000000e+00 
5.7146299e-01 4.8058590e-01 0.0000000e+00 
1.6484860e+00 5.1718348e-01 0.0000000e+00 
9.4670999e-01 1.8556410e-01 0.0000000e+00 
6.3752991e-01 4.6584189e-01 0.0000000e+00 
1.9572541e+00 5.5697870e-01 0.0000000e+00 
6.4813697e-01 2.4830820e-01 0.0000000e+00 
6.0179752e-01 3.7555191e-01 0.0000000e+00 
1.4364240e+00 4.6111640e-01 0.0000000e+00 
5.6217611e-01 3.5223660e-01 0.0000000e+00 
6.6050959e-01 4.3027630e-01 0.0000000e+00 
4.0468970e-01 5.1149738e-01 0.0000000e+00 
5.1506358e-01 2.0555650e-01 0.0000000e+00 
4.3334481e-01 1.8108650e-01 0.0000000e+00 
9.9962813e-01 1.8700930e-01 0.0000000e+00 
6.9131333e-01 1.1763480e-01 0.0000000e+00 
4.4599831e-01 1.8538959e-01 0.0000000e+00 
5.1551181e-01 4.8891029e-01 0.0000000e+00 
4.3754059e-01 5.8743980e-02 0.0000000e+00 
5.9589100e-01 3.4163511e-01 0.0000000e+00 
2.3624770e-01 5.2814358e-01 0.0000000e+00 
6.6953379e-01 3.7169310e-01 0.0000000e+00 
3.6865169e-01 3.9570969e-01 0.0000000e+00 
5.9758049e-01 1.9620110e-01 0.0000000e+00 
1.3329040e-01 5.1544452e-01 0.0000000e+00 
1.0515270e+00 3.5504949e-01 0.0000000e+00 
3.3392131e-01 6.8202123e-02 0.0000000e+00 
1.7869949e-01 8.1389397e-02 0.0000000e+00 
9.2706198e-01 1.4882250e-01 0.0000000e+00 
1.7000279e+00 5.1305068e-01 0.0000000e+00 
3.4774879e-01 2.6959679e-01 0.0000000e+00 
5.7002652e-01 3.3917850e-01 0.0000000e+00 
4.5571360e-01 1.7617980e-01 0.0000000e+00 
8.2389021e-01 8.1237279e-02 0.0000000e+00 
5.6977302e-01 4.0162051e-01 0.0000000e+00 
5.7622939e-01 9.1579817e-02 0.0000000e+00 
7.9520959e-01 1.9354109e-01 0.0000000e+00 
7.1731091e-01 1.9555099e-01 0.0000000e+00 
9.5533073e-01 4.0679529e-01 0.0000000e+00 
5.1722008e-01 4.1250920e-01 0.0000000e+00 
4.3116611e-01 5.4470932e-01 0.0000000e+00 
6.9998658e-01 1.5358570e-01 0.0000000e+00 
3.7607810e-01 2.2627370e-01 0.0000000e+00 
5.1978278e-01 3.9113960e-01 0.0000000e+00 
5.3689402e-01 2.1312129e-01 0.0000000e+00 
9.0401761e-02 2.1924180e-01 0.0000000e+00 
7.8513551e-01 3.6338761e-01 0.0000000e+00 
2.8628290e-01 5.2971011e-01 0.0000000e+00 
1.9101239e+00 1.3962340e-01 0.0000000e+00 
3.3938929e-01 1.5675519e-01 0.0000000e+00 
3.5365051e-01 1.4366330e-01 0.0000000e+00 
5.9640652e-01 1.7787141e-01 0.0000000e+00 
2.3996450e-01 3.0955619e-01 0.0000000e+00 
4.0130991e-01 5.3756779e-01 0.0000000e+00 
2.6203820e-01 3.9843059e-01 0.0000000e+00 
1.7610559e+00 5.1254529e-01 0.0000000e+00 
5.3923780e-01 6.9367118e-02 0.0000000e+00 
6.6389477e-01 2.7387929e-01 0.0000000e+00 
5.6400359e-01 1.6758190e-01 0.0000000e+00 
6.3302028e-01 3.3655259e-01 0.0000000e+00 
5.4254562e-01 3.6452681e-01 0.0000000e+00 
5.1293671e-01 2.8587131e-02 0.0000000e+00 
5.1246679e-01 1.8971939e-01 0.0000000e+00 

CELLS 1766 7064
3 0 870 123
3 1 882 70
3 2 887 79
3 3 872 114
3 4 193 35
3 4 516 193
3 5 516 4
3 6 184 5
3 6 612 184
3 7 612 6
3 8 183 7
3 8 799 183
3 9 799 8
3 10 615 9
3 11 335 10
3 11 521 335
3 12 521 11
3 13 311 12
3 13 515 311
3 14 515 13
3 15 312 14
3 15 511 312
3 16 511 15
3 17 308 16
3 17 510 308
3 18 510 17
3 19 301 18
3 19 529 301
3 20 529 19
3 21 124 20
3 21 517 124
3 22 517 21
3 23 277 22
3 23 503 277
3 24 503 23
3 25 266 24
3 25 533 266
3 26 533 25
3 27 269 26
3 27 616 269
3 28 616 27
3 29 513 28
3 30 241 29
3 30 512 241
3 31 512 30
3 32 214 31
3 32 514 214
3 33 514 32
3 34 215 33
3 34 726 215
3 35 726 34
3 36 870 0
3 37 747 36
3 38 155 37
3 38 603 155
3 39 603 38
3 40 130 39
3 40 547 130
3 41 547 40
3 41 619 547
3 42 619 41
3 43 142 42
3 43 812 142
3 44 812 43
3 44 943 597
3 45 943 44
3 46 145 45
3 46 159 145
3 47 159 46
3 48 140 47
3 48 555 140
3 49 555 48
3 49 557 555
3 50 557 49
3 51 126 50
3 51 800 126
3 52 800 51
3 52 816 800
3 53 816 52
3 54 131 53
3 54 663 131
3 55 663 54
3 55 718 663
3 56 718 55
3 57 127 56
3 57 780 127
3 58 780 57
3 58 850 780
3 59 850 58
3 60 148 59
3 60 700 148
3 61 700 60
3 62 128 61
3 62 701 128
3 63 701 62
3 63 744 701
3 64 744 63
3 65 136 64
3 65 613 136
3 66 613 65
3 66 772 613
3 67 772 66
3 68 144 67
3 68 715 144
3 69 715 68
3 70 157 69
3 70 882 157
3 71 882 1
3 72 757 71
3 73 154 72
3 73 674 154
3 74 674 73
3 75 139 74
3 75 676 139
3 76 676 75
3 77 147 76
3 77 662 147
3 78 662 77
3 79 156 78
3 79 887 156
3 80 887 2
3 81 766 80
3 82 706 81
3 83 151 82
3 83 702 151
3 84 702 83
3 85 129 84
3 85 703 129
3 86 703 85
3 87 697 86
3 88 137 87
3 88 756 137
3 89 756 88
3 90 149 89
3 90 653 149
3 91 653 90
3 92 134 91
3 92 673 134
3 93 673 92
3 94 150 93
3 94 675 150
3 95 675 94
3 96 135 95
3 96 624 135
3 97 624 96
3 98 623 97
3 99 125 98
3 99 607 125
3 100 607 99
3 100 736 607
3 101 736 100
3 102 138 101
3 102 566 138
3 103 566 102
3 103 583 566
3 104 583 103
3 105 143 104
3 105 611 143
3 106 611 105
3 106 745 611
3 107 745 106
3 108 141 107
3 108 544 141
3 109 544 108
3 110 543 109
3 111 132 110
3 111 605 132
3 112 605 111
3 113 153 112
3 113 754 153
3 114 754 113
3 114 872 754
3 115 872 3
3 116 158 115
3 116 635 158
3 117 635 116
3 118 146 117
3 118 604 146
3 119 604 118
3 120 133 119
3 120 609 133
3 121 609 120
3 122 152 121
3 122 650 152
3 123 650 122
3 123 870 650
3 124 529 20
3 124 658 529
3 124 817 658
3 125 623 98
3 125 735 623
3 125 782 735
3 126 557 50
3 126 558 557
3 126 559 558
3 126 915 559
3 127 718 56
3 127 804 670
3 128 700 61
3 128 786 700
3 129 702 84
3 129 911 702
3 130 603 39
3 130 610 525
3 130 811 603
3 131 816 53
3 132 543 110
3 132 929 543
3 133 604 119
3 133 734 604
3 133 814 734
3 133 927 814
3 134 653 91
3 134 673 647
3 135 675 95
3 136 613 545
3 136 744 64
3 137 697 87
3 137 698 697
3 137 823 698
3 138 736 101
3 139 674 74
3 139 768 454
3 140 159 47
3 140 160 159
3 140 161 160
3 140 555 161
3 141 745 107
3 141 922 745
3 141 935 922
3 142 619 42
3 142 854 619
3 142 900 640
3 143 583 104
3 143 777 583
3 143 808 634
3 144 740 532
3 144 772 67
3 145 938 830
3 145 943 45
3 146 635 117
3 146 748 635
3 146 861 748
3 147 676 76
3 147 730 676
3 147 878 730
3 148 850 59
3 149 756 89
3 150 673 93
3 150 675 632
3 151 706 82
3 151 937 504
3 152 609 121
3 152 746 609
3 153 605 112
3 153 847 605
3 153 906 847
3 154 757 72
3 154 930 757
3 155 747 37
3 155 856 747
3 155 909 856
3 156 662 78
3 156 711 662
3 156 766 711
3 156 887 766
3 157 715 69
3 157 716 715
3 157 757 716
3 157 882 757
3 158 872 115
3 159 542 145
3 160 542 159
3 160 917 542
3 161 162 160
3 161 760 162
3 162 163 160
3 162 164 163
3 162 165 164
3 162 760 165
3 163 917 160
3 164 187 163
3 164 506 187
3 165 166 164
3 165 167 166
3 165 253 167
3 165 760 253
3 166 506 164
3 166 933 506
3 167 168 166
3 167 169 168
3 167 793 169
3 168 227 166
3 168 866 227
3 169 170 168
3 169 171 170
3 169 188 171
3 169 793 188
3 170 508 168
3 171 172 170
3 171 173 172
3 171 801 173
3 172 244 170
3 172 888 244
3 173 174 172
3 173 175 174
3 173 813 175
3 174 888 172
3 174 939 524
3 175 176 174
3 175 177 176
3 175 178 177
3 175 813 178
3 176 939 174
3 177 180 176
3 177 791 180
3 178 179 177
3 178 181 179
3 178 837 181
3 179 791 177
3 180 191 176
3 180 192 191
3 180 831 192
3 181 182 179
3 181 185 182
3 181 245 185
3 181 837 245
3 182 781 179
3 183 612 7
3 183 799 696
3 183 853 612
3 184 516 5
3 184 612 501
3 184 826 516
3 185 186 182
3 185 189 186
3 185 759 189
3 186 222 182
3 186 845 222
3 187 361 163
3 187 769 361
3 187 792 769
3 188 801 171
3 188 919 801
3 188 923 599
3 189 190 186
3 189 194 190
3 189 243 194
3 189 759 243
3 190 845 186
3 191 523 176
3 192 201 191
3 192 202 201
3 192 203 202
3 192 831 203
3 193 726 35
3 193 839 456
3 193 851 839
3 194 195 190
3 194 196 195
3 194 739 196
3 195 588 190
3 196 197 195
3 196 198 197
3 196 729 198
3 196 739 729
3 197 242 195
3 197 857 242
3 198 199 197
3 198 200 199
3 198 259 200
3 198 729 259
3 199 857 197
3 199 907 857
3 200 216 199
3 200 217 216
3 200 855 217
3 201 232 191
3 201 460 232
3 201 941 460
3 202 204 201
3 202 205 204
3 202 903 205
3 203 831 589
3 203 903 202
3 204 941 201
3 205 206 204
3 205 207 206
3 205 797 207
3 205 903 797
3 206 341 204
3 206 805 341
3 207 208 206
3 207 209 208
3 207 211 209
3 207 797 211
3 208 805 206
3 208 889 805
3 209 210 208
3 209 212 210
3 209 810 212
3 210 344 208
3 210 530 344
3 211 797 761
3 211 810 209
3 211 892 810
3 212 213 210
3 212 220 213
3 212 257 220
3 212 810 257
3 213 530 210
3 214 512 31
3 214 891 825
3 214 942 512
3 215 514 33
3 215 913 514
3 216 907 199
3 217 218 216
3 217 219 218
3 217 824 219
3 217 855 824
3 218 345 216
3 218 651 345
3 219 223 218
3 219 224 223
3 219 258 224
3 219 824 258
3 220 221 213
3 220 254 221
3 220 821 254
3 221 239 213
3 221 240 239
3 221 775 240
3 222 781 182
3 222 845 586
3 222 928 781
3 223 651 218
3 224 225 223
3 224 226 225
3 224 728 226
3 225 352 223
3 225 731 352
3 226 228 225
3 226 229 228
3 226 693 229
3 226 728 693
3 227 933 166
3 228 731 225
3 229 230 228
3 229 231 230
3 229 256 231
3 229 693 256
3 230 356 228
3 230 783 356
3 231 233 230
3 231 234 233
3 231 720 234
3 232 523 191
3 232 621 523
3 232 881 621
3 233 783 230
3 234 235 233
3 234 236 235
3 234 694 236
3 234 720 694
3 235 366 233
3 235 707 366
3 236 237 235
3 236 238 237
3 236 252 238
3 236 694 252
3 237 707 235
3 238 246 237
3 238 247 246
3 238 714 247
3 239 530 213
3 239 916 530
3 240 260 239
3 240 261 260
3 240 262 261
3 240 775 262
3 241 513 29
3 241 614 513
3 241 840 614
3 242 588 195
3 242 737 588
3 242 857 630
3 242 920 737
3 243 739 194
3 243 758 739
3 243 759 563
3 244 508 170
3 244 725 724
3 244 867 508
3 244 888 725
3 245 601 600
3 245 759 185
3 245 837 601
3 245 918 759
3 246 360 237
3 246 704 360
3 247 248 246
3 247 249 248
3 247 250 249
3 247 714 250
3 248 704 246
3 249 255 248
3 249 719 255
3 250 251 249
3 250 342 251
3 250 709 342
3 250 714 709
3 251 719 249
3 252 694 681
3 252 714 238
3 253 793 167
3 253 923 793
3 254 775 221
3 254 821 643
3 254 883 775
3 255 377 248
3 255 378 377
3 255 382 378
3 255 719 382
3 256 686 684
3 256 693 686
3 256 720 231
3 257 810 587
3 257 821 220
3 257 886 821
3 258 728 224
3 258 809 690
3 258 824 809
3 259 855 200
3 259 873 855
3 259 896 873
3 260 346 239
3 260 438 346
3 260 459 438
3 261 459 260
3 262 263 261
3 262 435 263
3 262 436 435
3 262 775 436
3 263 264 261
3 263 265 264
3 263 790 265
3 264 459 261
3 264 921 459
3 265 267 264
3 265 268 267
3 265 270 268
3 265 790 270
3 266 503 24
3 266 620 503
3 266 879 620
3 267 354 264
3 267 355 354
3 267 659 355
3 268 659 267
3 269 533 26
3 269 722 502
3 270 271 268
3 270 326 271
3 270 327 326
3 270 790 327
3 271 272 268
3 271 273 272
3 271 771 273
3 272 659 268
3 272 828 659
3 273 274 272
3 273 275 274
3 273 806 275
3 274 732 272
3 275 276 274
3 275 278 276
3 275 339 278
3 275 806 339
3 276 340 274
3 276 528 340
3 277 517 22
3 277 848 517
3 278 279 276
3 278 280 279
3 278 820 280
3 279 528 276
3 280 281 279
3 280 282 281
3 280 316 282
3 280 820 316
3 281 314 279
3 281 904 314
3 282 283 281
3 282 284 283
3 282 874 284
3 283 904 281
3 284 285 283
3 284 838 285
3 284 875 838
3 285 286 283
3 285 287 286
3 285 296 287
3 285 838 296
3 286 540 283
3 287 288 286
3 287 289 288
3 287 774 289
3 288 539 286
3 289 290 288
3 289 291 290
3 289 774 291
3 290 317 288
3 290 535 317
3 291 292 290
3 291 293 292
3 291 304 293
3 291 774 304
3 292 535 290
3 292 536 535
3 293 294 292
3 293 295 294
3 293 818 295
3 294 536 292
3 295 297 294
3 295 305 297
3 295 322 305
3 295 818 322
3 296 774 287
3 296 936 712
3 297 298 294
3 297 299 298
3 297 742 299
3 298 536 294
3 298 912 536
3 299 300 298
3 299 302 300
3 299 787 302
3 300 315 298
3 300 467 315
3 300 924 467
3 301 510 18
3 301 834 510
3 302 303 300
3 302 306 303
3 302 313 306
3 302 787 313
3 303 924 300
3 304 774 713
3 304 818 293
3 304 934 818
3 305 742 297
3 306 307 303
3 306 309 307
3 306 798 309
3 307 321 303
3 307 660 321
3 308 511 16
3 308 822 511
3 309 310 307
3 309 318 310
3 309 320 318
3 309 798 320
3 310 660 307
3 310 767 660
3 311 521 12
3 311 871 622
3 311 877 521
3 312 515 14
3 312 531 515
3 312 764 531
3 313 787 548
3 313 798 306
3 313 931 798
3 314 528 279
3 314 727 528
3 314 803 727
3 314 904 803
3 315 912 298
3 316 755 602
3 316 820 755
3 316 874 282
3 317 539 288
3 317 796 539
3 318 319 310
3 318 328 319
3 318 638 328
3 319 767 310
3 319 895 767
3 320 638 318
3 320 932 552
3 321 864 784
3 321 924 303
3 322 323 305
3 322 324 323
3 322 637 324
3 322 818 637
3 323 551 305
3 324 325 323
3 324 367 325
3 324 368 367
3 324 637 368
3 325 350 323
3 325 371 350
3 325 773 371
3 326 771 271
3 327 359 326
3 327 402 359
3 327 899 402
3 328 329 319
3 328 832 329
3 329 330 319
3 329 331 330
3 329 332 331
3 329 832 332
3 330 895 319
3 330 898 895
3 330 914 898
3 331 914 330
3 332 333 331
3 332 336 333
3 332 369 336
3 332 832 369
3 333 334 331
3 333 337 334
3 333 779 337
3 334 751 331
3 335 615 10
3 335 750 615
3 336 779 333
3 337 338 334
3 337 347 338
3 337 348 347
3 337 779 348
3 338 351 334
3 338 461 351
3 338 944 461
3 339 806 641
3 339 820 278
3 340 732 274
3 340 833 661
3 341 776 738
3 341 805 776
3 341 941 204
3 342 343 251
3 342 375 343
3 342 376 375
3 342 709 376
3 343 353 251
3 343 373 353
3 343 710 373
3 344 889 208
3 345 633 628
3 345 651 633
3 345 907 216
3 346 916 239
3 347 349 338
3 347 362 349
3 347 794 362
3 348 779 733
3 348 794 347
3 348 876 794
3 349 944 338
3 350 551 323
3 351 751 334
3 352 648 646
3 352 651 223
3 352 731 648
3 353 719 251
3 353 723 719
3 354 921 264
3 355 357 354
3 355 379 357
3 355 380 379
3 355 659 380
3 356 731 228
3 356 752 731
3 356 783 656
3 357 358 354
3 357 789 358
3 358 921 354
3 358 925 846
3 359 372 326
3 359 401 372
3 359 815 401
3 360 707 237
3 360 842 707
3 360 860 842
3 361 917 163
3 362 363 349
3 362 364 363
3 362 431 364
3 362 794 431
3 363 374 349
3 363 527 374
3 364 365 363
3 364 384 365
3 364 940 384
3 365 527 363
3 366 783 233
3 366 890 656
3 367 773 325
3 368 406 367
3 368 407 406
3 368 409 407
3 368 637 409
3 369 370 336
3 369 832 639
3 369 841 370
3 370 403 336
3 370 405 403
3 370 424 405
3 370 841 424
3 371 392 350
3 371 457 392
3 371 458 457
3 371 773 458
3 372 771 326
3 373 422 353
3 373 454 422
3 373 455 454
3 373 710 455
3 374 944 349
3 375 710 343
3 376 394 375
3 376 545 394
3 376 546 545
3 376 709 546
3 377 704 248
3 378 445 377
3 378 705 445
3 379 430 357
3 379 722 430
3 380 381 379
3 380 432 381
3 380 828 432
3 381 722 379
3 382 383 378
3 382 399 383
3 382 723 399
3 383 705 378
3 384 385 365
3 384 541 385
3 384 862 541
3 384 940 862
3 385 386 365
3 385 387 386
3 385 795 387
3 386 527 365
3 386 926 527
3 387 388 386
3 387 389 388
3 387 390 389
3 387 795 390
3 388 400 386
3 388 444 400
3 388 696 444
3 389 696 388
3 390 391 389
3 390 395 391
3 390 447 395
3 390 795 447
3 391 608 389
3 392 393 350
3 392 525 393
3 392 811 525
3 393 551 350
3 394 532 375
3 394 772 532
3 395 396 391
3 395 724 396
3 395 867 724
3 396 397 391
3 396 398 397
3 396 863 398
3 397 608 391
3 398 417 397
3 398 418 417
3 398 419 418
3 398 863 419
3 399 404 383
3 399 730 404
3 399 868 730
3 400 926 386
3 401 534 372
3 401 815 745
3 401 922 534
3 402 815 359
3 402 899 537
3 403 779 336
3 404 504 383
3 404 711 504
3 404 878 711
3 405 434 403
3 405 830 434
3 406 408 367
3 406 814 408
3 407 734 406
3 408 773 367
3 408 927 746
3 409 410 407
3 409 411 410
3 409 713 411
3 409 934 713
3 410 437 407
3 410 778 437
3 411 412 410
3 411 413 412
3 411 712 413
3 411 713 712
3 412 778 410
3 413 414 412
3 413 415 414
3 413 657 415
3 413 936 657
3 414 416 412
3 414 749 416
3 415 423 414
3 415 518 423
3 415 519 518
3 415 657 519
3 416 749 636
3 416 778 412
3 417 501 397
3 417 826 501
3 418 420 417
3 418 421 420
3 418 753 421
3 419 753 418
3 419 843 753
3 419 863 725
3 420 826 417
3 420 851 826
3 421 425 420
3 421 426 425
3 421 443 426
3 421 753 443
3 422 723 353
3 422 868 723
3 423 749 414
3 423 847 749
3 423 902 847
3 424 597 405
3 424 812 597
3 424 900 812
3 425 851 420
3 426 427 425
3 426 428 427
3 426 765 428
3 427 839 425
3 428 429 427
3 428 738 429
3 428 852 738
3 429 456 427
3 429 743 456
3 429 901 743
3 430 616 513
3 430 722 616
3 430 789 357
3 431 794 769
3 431 940 364
3 432 433 381
3 432 661 433
3 432 732 661
3 432 828 732
3 433 502 381
3 433 509 502
3 433 592 509
3 433 661 592
3 434 733 403
3 434 865 733
3 434 938 865
3 435 790 263
3 435 899 790
3 436 537 435
3 436 538 537
3 436 883 538
3 437 734 407
3 437 861 604
3 438 439 346
3 438 442 439
3 438 846 442
3 439 440 346
3 439 441 440
3 439 617 441
3 440 916 346
3 441 448 440
3 441 449 448
3 441 825 449
3 442 617 439
3 442 840 617
3 442 925 614
3 443 753 621
3 443 765 426
3 443 881 765
3 444 750 400
3 444 799 615
3 445 446 377
3 445 911 446
3 445 937 911
3 446 704 377
3 446 860 704
3 446 884 699
3 446 911 884
3 447 867 395
3 447 905 866
3 448 859 440
3 448 869 859
3 449 450 448
3 449 451 450
3 449 891 451
3 450 869 448
3 451 452 450
3 451 743 452
3 451 913 743
3 452 453 450
3 452 776 453
3 452 901 776
3 453 869 450
3 453 889 869
3 454 674 139
3 454 768 422
3 454 835 674
3 455 740 716
3 455 835 454
3 455 930 835
3 456 726 193
3 456 839 427
3 456 913 726
3 457 811 392
3 457 909 811
3 458 746 717
3 458 773 746
3 458 856 457
3 459 846 438
3 459 921 846
3 460 852 765
3 460 881 232
3 460 941 852
3 461 462 351
3 461 466 462
3 461 944 466
3 462 463 351
3 462 464 463
3 462 622 464
3 463 751 351
3 464 465 463
3 464 531 465
3 464 871 531
3 465 507 463
3 465 827 507
3 466 622 462
3 466 877 622
3 466 894 877
3 466 944 894
3 467 468 315
3 467 741 468
3 467 784 741
3 467 924 784
3 468 469 315
3 468 470 469
3 468 471 470
3 468 741 471
3 469 912 315
3 470 763 469
3 471 472 470
3 471 485 472
3 471 486 485
3 471 741 486
3 472 473 470
3 472 474 473
3 472 606 474
3 473 763 470
3 474 475 473
3 474 596 475
3 474 658 596
3 475 476 473
3 475 477 476
3 475 478 477
3 475 596 478
3 476 763 473
3 476 858 763
3 477 642 476
3 477 796 642
3 478 479 477
3 478 480 479
3 478 484 480
3 478 596 484
3 479 796 477
3 480 481 479
3 480 482 481
3 480 595 482
3 481 483 479
3 481 802 483
3 482 489 481
3 482 490 489
3 482 491 490
3 482 595 491
3 483 796 479
3 483 880 539
3 484 595 480
3 484 848 595
3 485 606 472
3 485 834 606
3 486 487 485
3 486 488 487
3 486 494 488
3 486 741 494
3 487 721 510
3 487 834 485
3 488 721 487
3 489 802 481
3 489 803 802
3 490 727 489
3 491 492 490
3 491 620 492
3 491 788 620
3 492 493 490
3 492 592 493
3 492 620 509
3 493 727 490
3 493 833 528
3 494 495 488
3 494 864 495
3 495 496 488
3 495 497 496
3 495 829 497
3 495 864 829
3 496 721 488
3 496 822 721
3 497 498 496
3 497 499 498
3 497 500 499
3 497 829 500
3 498 822 496
3 499 644 498
3 499 827 644
3 500 505 499
3 500 767 505
3 500 829 660
3 501 608 397
3 501 826 184
3 501 853 608
3 502 533 269
3 502 722 381
3 502 879 533
3 503 788 277
3 504 705 383
3 504 706 151
3 504 711 706
3 504 937 705
3 505 827 499
3 505 898 827
3 506 792 187
3 506 862 792
3 506 933 862
3 507 751 463
3 507 914 751
3 508 866 168
3 508 867 866
3 509 592 492
3 509 879 502
3 510 721 308
3 510 834 487
3 511 764 312
3 511 822 764
3 512 840 241
3 512 942 840
3 513 616 28
3 513 789 430
3 514 891 214
3 514 913 891
3 515 871 311
3 516 851 193
3 517 817 124
3 517 848 817
3 518 902 423
3 518 929 902
3 519 520 518
3 519 602 520
3 519 875 602
3 520 602 593
3 520 929 518
3 521 522 335
3 521 877 522
3 522 750 335
3 522 785 750
3 522 894 785
3 523 621 524
3 523 939 176
3 524 843 725
3 524 888 174
3 524 939 523
3 525 526 393
3 525 610 526
3 525 811 130
3 526 548 393
3 526 549 548
3 526 550 549
3 526 610 550
3 527 785 374
3 527 926 785
3 528 727 493
3 528 833 340
3 529 658 606
3 529 834 301
3 530 859 344
3 530 916 859
3 531 644 465
3 531 764 644
3 531 871 515
3 532 710 375
3 532 740 710
3 532 772 144
3 533 879 266
3 534 641 372
3 534 893 641
3 534 935 893
3 535 642 317
3 535 858 642
3 536 844 535
3 536 912 844
3 537 634 402
3 537 899 435
3 538 634 537
3 538 777 634
3 538 883 643
3 539 540 286
3 539 796 483
3 539 880 540
3 540 880 802
3 540 904 283
3 541 795 385
3 541 905 795
3 541 933 905
3 542 917 865
3 542 938 145
3 543 544 109
3 543 593 544
3 543 929 593
3 544 935 141
3 545 613 394
3 545 677 136
3 546 677 545
3 546 678 677
3 546 695 678
3 546 709 695
3 547 610 130
3 547 908 610
3 548 551 393
3 548 787 551
3 548 931 313
3 549 931 548
3 549 932 931
3 550 552 549
3 550 553 552
3 550 908 553
3 551 742 305
3 551 787 742
3 552 638 320
3 552 932 549
3 553 554 552
3 553 854 554
3 553 908 619
3 554 638 552
3 554 639 638
3 554 640 639
3 554 854 640
3 555 556 161
3 555 557 556
3 556 760 161
3 556 897 760
3 557 558 556
3 558 897 556
3 559 560 558
3 559 561 560
3 559 562 561
3 559 915 562
3 560 598 558
3 560 599 598
3 560 600 599
3 561 600 560
3 561 918 600
3 562 563 561
3 562 564 563
3 562 565 564
3 562 915 565
3 563 758 243
3 563 759 561
3 564 758 563
3 564 910 758
3 565 669 564
3 565 816 669
3 565 915 800
3 566 567 138
3 566 582 567
3 566 583 582
3 567 568 138
3 567 569 568
3 567 585 569
3 568 736 138
3 569 570 568
3 569 584 570
3 569 587 584
3 569 886 587
3 570 571 568
3 570 572 571
3 570 573 572
3 570 584 573
3 571 736 568
3 571 849 607
3 572 849 571
3 573 574 572
3 573 575 574
3 573 579 575
3 573 584 579
3 574 576 572
3 574 577 576
3 574 618 577
3 575 618 574
3 576 849 572
3 577 578 576
3 577 580 578
3 577 586 580
3 577 618 586
3 578 782 576
3 579 589 575
3 579 762 589
3 580 581 578
3 580 737 581
3 581 735 578
3 581 737 629
3 582 585 567
3 582 643 585
3 582 777 643
3 583 777 582
3 584 761 579
3 584 892 761
3 585 886 569
3 586 588 580
3 586 845 588
3 586 928 222
3 587 886 257
3 587 892 584
3 588 737 580
3 588 845 190
3 589 590 575
3 589 591 590
3 589 762 203
3 589 831 591
3 590 618 575
3 590 928 618
3 591 781 590
3 591 791 781
3 591 831 791
3 592 833 493
3 593 594 544
3 593 755 594
3 593 929 520
3 594 935 544
3 595 788 491
3 595 848 788
3 596 817 484
3 597 812 44
3 597 830 405
3 597 943 830
3 598 897 558
3 598 923 897
3 599 919 188
3 599 923 598
3 600 601 599
3 600 918 245
3 601 813 801
3 601 837 813
3 601 919 599
3 602 755 593
3 602 874 316
3 602 875 874
3 603 909 155
3 604 734 437
3 604 861 146
3 605 902 132
3 606 658 474
3 606 834 529
3 607 736 571
3 607 782 125
3 607 849 782
3 608 696 389
3 608 853 696
3 609 927 133
3 610 908 550
3 611 808 143
3 611 815 808
3 612 853 501
3 613 772 394
3 614 789 513
3 614 840 442
3 614 925 789
3 615 750 444
3 615 799 9
3 616 722 269
3 617 825 441
3 617 942 825
3 618 928 586
3 619 854 553
3 619 908 547
3 620 788 503
3 620 879 509
3 621 843 524
3 621 881 443
3 622 871 464
3 622 877 311
3 623 624 97
3 623 631 624
3 623 735 631
3 624 625 135
3 624 631 625
3 625 626 135
3 625 627 626
3 625 629 627
3 625 631 629
3 626 675 135
3 627 628 626
3 627 652 628
3 628 632 626
3 628 633 632
3 628 652 345
3 629 630 627
3 629 631 581
3 629 920 630
3 630 652 627
3 630 857 652
3 630 920 242
3 631 735 581
3 632 645 150
3 632 675 626
3 633 645 632
3 633 646 645
3 633 651 646
3 634 777 143
3 634 808 402
3 635 636 158
3 635 748 636
3 636 748 416
3 636 754 158
3 636 906 754
3 637 934 409
3 638 639 328
3 639 832 328
3 639 841 369
3 640 841 639
3 640 854 142
3 640 900 841
3 641 771 372
3 641 806 771
3 641 807 339
3 641 893 807
3 642 796 317
3 642 858 476
3 643 777 538
3 643 821 585
3 643 883 254
3 644 764 498
3 644 827 465
3 645 673 150
3 646 647 645
3 646 648 647
3 646 651 352
3 647 649 134
3 647 673 645
3 648 649 647
3 648 752 649
3 649 653 134
3 649 654 653
3 649 752 654
3 650 717 152
3 650 747 717
3 650 870 747
3 652 907 345
3 653 654 149
3 654 655 149
3 654 656 655
3 654 752 656
3 655 756 149
3 655 823 756
3 655 890 823
3 656 752 356
3 656 783 366
3 656 890 655
3 657 875 519
3 657 936 838
3 658 817 596
3 659 828 380
3 660 767 500
3 660 829 321
3 661 732 340
3 661 833 592
3 662 878 147
3 663 664 131
3 663 665 664
3 663 718 665
3 664 669 131
3 665 666 664
3 665 667 666
3 665 670 667
3 665 718 670
3 666 668 664
3 666 896 668
3 667 873 666
3 668 669 664
3 668 896 885
3 668 910 669
3 669 816 131
3 669 910 564
3 670 671 667
3 670 718 127
3 670 804 671
3 671 672 667
3 671 804 691
3 671 809 672
3 672 873 667
3 674 835 154
3 676 768 139
3 677 744 136
3 678 679 677
3 678 680 679
3 678 681 680
3 678 695 681
3 679 744 677
3 679 770 701
3 680 770 679
3 681 682 680
3 681 694 682
3 681 695 252
3 682 683 680
3 682 684 683
3 682 720 684
3 683 770 680
3 683 786 770
3 684 685 683
3 684 686 685
3 684 720 256
3 685 786 683
3 685 819 786
3 686 687 685
3 686 688 687
3 686 693 688
3 687 819 685
3 687 836 819
3 688 689 687
3 688 690 689
3 688 728 690
3 689 836 687
3 690 691 689
3 690 728 258
3 690 809 691
3 691 692 689
3 691 804 692
3 691 809 671
3 692 804 780
3 692 836 689
3 692 850 836
3 693 728 688
3 694 720 682
3 695 714 252
3 696 799 444
3 696 853 183
3 697 703 86
3 698 699 697
3 698 823 708
3 698 842 699
3 699 703 697
3 699 860 446
3 699 884 703
3 700 819 148
3 701 744 679
3 701 770 128
3 702 937 151
3 703 884 129
3 704 860 360
3 705 937 445
3 706 766 81
3 707 708 366
3 707 842 708
3 708 842 698
3 708 890 366
3 709 714 695
3 710 740 455
3 711 766 706
3 711 878 662
3 712 774 296
3 712 936 413
3 713 774 712
3 713 934 304
3 715 740 144
3 716 740 715
3 716 930 455
3 717 746 152
3 717 856 458
3 719 723 382
3 721 822 308
3 723 868 399
3 724 863 396
3 724 867 244
3 725 843 419
3 725 863 724
3 725 888 524
3 726 913 215
3 727 803 489
3 729 896 259
3 730 768 676
3 730 868 768
3 730 878 404
3 731 752 648
3 732 828 272
3 733 779 403
3 733 876 348
3 734 814 406
3 735 782 578
3 737 920 629
3 738 852 341
3 738 901 429
3 739 885 729
3 741 784 494
3 742 787 299
3 743 901 452
3 743 913 456
3 745 815 611
3 745 922 401
3 746 773 408
3 746 927 609
3 747 856 717
3 747 870 36
3 748 778 416
3 748 861 778
3 749 906 636
3 750 926 400
3 751 914 331
3 753 843 621
3 754 872 158
3 754 906 153
3 755 807 594
3 755 820 807
3 756 823 137
3 757 882 71
3 757 930 716
3 758 885 739
3 758 910 885
3 759 918 561
3 760 897 253
3 761 762 579
3 761 797 762
3 761 892 211
3 762 903 203
3 763 844 469
3 763 858 844
3 764 822 498
3 765 852 428
3 765 881 460
3 766 887 80
3 767 895 505
3 768 868 422
3 769 792 431
3 769 865 361
3 769 876 865
3 770 786 128
3 771 806 273
3 775 883 436
3 776 805 453
3 776 901 738
3 778 861 437
3 780 804 127
3 780 850 692
3 781 791 179
3 781 928 590
3 782 849 576
3 784 864 494
3 784 924 321
3 785 894 374
3 785 926 750
3 786 819 700
3 788 848 277
3 789 925 358
3 790 899 327
3 791 831 180
3 792 940 431
3 793 923 188
3 794 876 769
3 795 905 447
3 797 903 762
3 798 932 320
3 800 816 565
3 800 915 126
3 801 813 173
3 801 919 601
3 802 803 540
3 802 880 483
3 803 904 540
3 805 889 453
3 807 820 339
3 807 893 594
3 808 815 402
3 809 824 672
3 810 892 587
3 811 909 603
3 812 900 142
3 813 837 178
3 814 927 408
3 817 848 484
3 818 934 637
3 819 836 148
3 821 886 585
3 823 890 708
3 824 855 672
3 825 891 449
3 825 942 214
3 826 851 516
3 827 898 507
3 829 864 321
3 830 938 434
3 830 943 145
3 835 930 154
3 836 850 148
3 838 875 657
3 838 936 296
3 839 851 425
3 840 942 617
3 841 900 424
3 842 860 699
3 844 858 535
3 844 912 469
3 846 921 358
3 846 925 442
3 847 902 605
3 847 906 749
3 852 941 341
3 855 873 672
3 856 909 457
3 857 907 652
3 859 869 344
3 859 916 440
3 862 933 541
3 862 940 792
3 865 876 733
3 865 917 361
3 865 938 542
3 866 867 447
3 866 905 227
3 869 889 344
3 873 896 666
3 874 875 284
3 877 894 522
3 884 911 129
3 885 896 729
3 885 910 668
3 891 913 451
3 893 935 594
3 894 944 374
3 895 898 505
3 897 923 253
3 898 914 507
3 902 929 132
3 905 933 227
3 911 937 702
3 922 935 534
3 931 932 798

CELL_TYPES 1766
5
5
5
5
5
5
5
5
5
5
5
5
5
5
5
5
5
5
5
5
5
5
5
5
5
5
5
5
5
5
5
5
5
5
5
5
5
5
5
5
5
5
5
5
5
5
5
5
5
5
5
5
5
5
5
5
5
5
5
5
5
5
5
5
5
5
5
5
5
5
5
5
5
5
5
5
5
5
5
5
5
5
5
5
5
5
5
5
5
5
5
5
5
5
5
5
5
5
5
5
5
5
5
5
5
5
5
5
5
5
5
5
5
5
5
5
5
5
5
5
5
5
5
5
5
5
5
5
5
5
5
5
5
5
5
5
5
5
5
5
5
5
5
5
5
5
5
5
5
5
5
5
5
5
5
5
5
5
5
5
5
5
5
5
5
5
5
5
5
5
5
5
5
5
5
5
5
5
5
5
5
5
5
5
5
5
5
5
5
5
5
5
5
5
5
5
5
5
5
5
5
5
5
5
5
5
5
5
5
5
5
5
5
5
5
5
5
5
5
5
5
5
5
5
5
5
5
5
5
5
5
5
5
5
5
5
5
5
5
5
5
5
5
5
5
5
5
5
5
5
5
5
5
5
5
5
5
5
5
5
5
5
5
5
5
5
5
5
5
5
5
5
5
5
5
5
5
5
5
5
5
5
5
5
5
5
5
5
5
5
5
5
5
5
5
5
5
5
5
5
5
5
5
5
5
5
5
5
5
5
5
5
5
5
5
5
5
5
5
5
5
5
5
5
5
5
5
5
5
5
5
5
5
5
5
5
5
5
5
5
5
5
5
5
5
5
5
5
5
5
5
5
5
5
5
5
5
5
5
5
5
5
5
5
5
5
5
5
5
5
5
5
5
5
5
5
5
5
5
5
5
5
5
5
5
5
5
5
5
5
5
5
5
5
5
5
5
5
5
5
5
5
5
5
5
5
5
5
5
5
5
5
5
5
5
5
5
5
5
5
5
5
5
5
5
5
5
5
5
5
5
5
5
5
5
5
5
5
5
5
5
5
5
5
5
5
5
5
5
5
5
5
5
5
5
5
5
5
5
5
5
5
5
5
5
5
5
5
5
5
5
5
5
5
5
5
5
5
5
5
5
5
5
5
5
5
5
5
5
5
5
5
5
5
5
5
5
5
5
5
5
5
5
5
5
5
5
5
5
5
5
5
5
5
5
5
5
5
5
5
5
5
5
5
5
5
5
5
5
5
5
5
5
5
5
5
5
5
5
5
5
5
5
5
5
5
5
5
5
5
5
5
5
5
5
5
5
5
5
5
5
5
5
5
5
5
5
5
5
5
5
5
5
5
5
5
5
5
5
5
5
5
5
5
5
5
5
5
5
5
5
5
5
5
5
5
5
5
5
5
5
5
5
5
5
5
5
5
5
5
5
5
5
5
5
5
5
5
5
5
5
5
5
5
5
5
5
5
5
5
5
5
5
5
5
5
5
5
5
5
5
5
5
5
5
5
5
5
5
5
5
5
5
5
5
5
5
5
5
5
5
5
5
5
5
5
5
5
5
5
5
5
5
5
5
5
5
5
5
5
5
5
5
5
5
5
5
5
5
5
5
5
5
5
5
5
5
5
5
5
5
5
5
5
5
5
5
5
5
5
5
5
5
5
5
5
5
5
5
5
5
5
5
5
5
5
5
5
5
5
5
5
5
5
5
5
5
5
5
5
5
5
5
5
5
5
5
5
5
5
5
5
5
5
5
5
5
5
5
5
5
5
5
5
5
5
5
5
5
5
5
5
5
5
5
5
5
5
5
5
5
5
5
5
5
5
5
5
5
5
5
5
5
5
5
5
5
5
5
5
5
5
5
5
5
5
5
5
5
5
5
5
5
5
5
5
5
5
5
5
5
5
5
5
5
5
5
5
5
5
5
5
5
5
5
5
5
5
5
5
5
5
5
5
5
5
5
5
5
5
5
5
5
5
5
5
5
5
5
5
5
5
5
5
5
5
5
5
5
5
5
5
5
5
5
5
5
5
5
5
5
5
5
5
5
5
5
5
5
5
5
5
5
5
5
5
5
5
5
5
5
5
5
5
5
5
5
5
5
5
5
5
5
5
5
5
5
5
5
5
5
5
5
5
5
5
5
5
5
5
5
5
5
5
5
5
5
5
5
5
5
5
5
5
5
5
5
5
5
5
5
5
5
5
5
5
5
5
5
5
5
5
5
5
5
5
5
5
5
5
5
5
5
5
5
5
5
5
5
5
5
5
5
5
5
5
5
5
5
5
5
5
5
5
5
5
5
5
5
5
5
5
5
5
5
5
5
5
5
5
5
5
5
5
5
5
5
5
5
5
5
5
5
5
5
5
5
5
5
5
5
5
5
5
5
5
5
5
5
5
5
5
5
5
5
5
5
5
5
5
5
5
5
5
5
5
5
5
5
5
5
5
5
5
5
5
5
5
5
5
5
5
5
5
5
5
5
5
5
5
5
5
5
5
5
5
5
5
5
5
5
5
5
5
5
5
5
5
5
5
5
5
5
5
5
5
5
5
5
5
5
5
5
5
5
5
5
5
5
5
5
5
5
5
5
5
5
5
5
5
5
5
5
5
5
5
5
5
5
5
5
5
5
5
5
5
5
5
5
5
5
5
5
5
5
5
5
5
5
5
5
5
5
5
5
5
5
5
5
5
5
5
5
5
5
5
5
5
5
5
5
5
5
5
5
5
5
5
5
5
5
5
5
5
5
5
5
5
5
5
5
5
5
5
5
5
5
5
5
5
5
5
5
5
5
5
5
5
5
5
5
5
5
5
5
5
5
5
5
5
5
5
5
5
5
5
5
5
5
5
5
5
5
5
5
5
5
5
5
5
5
5
5
5
5
5
5
5
5
5
5
5
5
5
5
5
5
5
5
5
5
5
5
5
5
5
5
5
5
5
5
5
5
5
5
5
5
5
5
5
5
5
5
5
5
5
5
5
5
5
5
5
5
5
5
5
5
5
5
5
5
5
5
5
5
5
5
5
5
5
5
5
5
5
5
5
5
5
5
5
5
5
5
5
5
5
5
5
5
5
5
5
5
5
5
5
5
5
5
5
5
5
5
5
5
5
5
5
5
5
5
5
5
5
5
5
5
5
5
5
5
5
5
5
5
5
5
5
5
5
5
5
5
5
5
5
5
5
5
5
5
5
5
5
5
5
5
5
5
5
5
5
5
5
5
5
5
5
5
5
5
5
5
5
5
5
5
5
5
5
5
5
5
5
5
5
5
5
5
5
5
5
5
5
5
5
5
5
5
5
5
5
5
5
5
5
5
5
5
5
5
5
5
5
5
5
5
5
5
5
5
5
5
5
5
5
5
5
5
5
5
5
5
5
5
5
5
5
5
5
5
5
5
5
5
5
5
5
5
5
5
5
5
5
5
5
5
5
5
5
5
5
5
5
5
5
5
5
5
5
5
5
5
5
5
5
5
5
5
5
5
5
5
5
5
5
5
5
5
5
5
5
5
5
5
5
5
5
5
5
5
5
5
5
5
5
5
5
5
5
5
5
5
5
5
5
5
5
5
5
5
5
5
5
5
5
5
5
5
5
5
5
5
5
5
5
5
5
5
5
5
5
5
5
5
5
5
5
5
5
5
5
5
5
5
5
5
5
5
5
5
5
5
5
5
5
5
5
5
5
5
5
5
5
5
5
5
5
5
5
5
5
5
5
5
5
5
5
5
5
5
5
5
5
5
5
5
5
5
5
5
5
5
5
5
5
5
5
5
5
5
5
5
5
5
5
5
5
5
5
5
5
5
5
5
5
5
5
5
5
5
5
5
5
5
5
5
5
5
5
5
5
5
5
5
5
5
5
5
5
5
5
5
5
5
5
5
5
5
5
5
5
5
5
5
5
5
5
5
5
5
5
5
5
5
5
5
5
5
5
5
5
5
5
5
5
5
5
5
5
5
5
5
5
5
5
5
5
5
5
5
5
5
5
5
5
5
5
5
5
5
5
5
5
5
5
5
5
5
5
5
5
5
5
5
5
POINT_DATA 945
FIELD FieldData 2
VELOCITY 3 945  float
1.0000000e-01 0.0000000e+00 0.0000000e+00 
1.0000005e-01 0.0000000e+00 0.0000000e+00 
1.0000002e-01 0.0000000e+00 0.0000000e+00 
1.0000000e-01 0.0000000e+00 0.0000000e+00 
0.0000000e+00 0.0000000e+00 0.0000000e+00 
0.0000000e+00 0.0000000e+00 0.0000000e+00 
0.0000000e+00 0.0000000e+00 0.0000000e+00 
0.0000000e+00 0.0000000e+00 0.0000000e+00 
0.0000000e+00 0.0000000e+00 0.0000000e+00 
0.0000000e+00 0.0000000e+00 0.0000000e+00 
0.0000000e+00 0.0000000e+00 0.0000000e+00 
0.0000000e+00 0.0000000e+00 0.0000000e+00 
0.0000000e+00 0.0000000e+00 0.0000000e+00 
0.0000000e+00 0.0000000e+00 0.0000000e+00 
0.0000000e+00 0.0000000e+00 0.0000000e+00 
0.0000000e+00 0.0000000e+00 0.0000000e+00 
0.0000000e+00 0.0000000e+00 0.0000000e+00 
0.0000000e+00 0.0000000e+00 0.0000000e+00 
0.0000000e+00 0.0000000e+00 0.0000000e+00 
0.0000000e+00 0.0000000e+00 0.0000000e+00 
0.0000000e+00 0.0000000e+00 0.0000000e+00 
0.0000000e+00 0.0000000e+00 0.0000000e+00 
0.0000000e+00 0.0000000e+00 0.0000000e+00 
0.0000000e+00 0.0000000e+00 0.0000000e+00 
0.0000000e+00 0.0000000e+00 0.0000000e+00 
0.0000000e+00 0.0000000e+00 0.0000000e+00 
0.0000000e+00 0.0000000e+00 0.0000000e+00 
0.0000000e+00 0.0000000e+00 0.0000000e+00 
0.0000000e+00 0.0000000e+00 0.0000000e+00 
0.0000000e+00 0.0000000e+00 0.0000000e+00 
0.0000000e+00 0.0000000e+00 0.0000000e+00 
0.0000000e+00 0.0000000e+00 0.0000000e+00 
0.0000000e+00 0.0000000e+00 0.0000000e+00 
0.0000000e+00 0.0000000e+00 0.0000000e+00 
0.0000000e+00 0.0000000e+00 0.0000000e+00 
0.0000000e+00 0.0000000e+00 0.0000000e+00 
1.0020970e-01 -2.5849394e-26 0.0000000e+00 
1.0089415e-01 0.0000000e+00 0.0000000e+00 
1.0201482e-01 0.0000000e+00 0.0000000e+00 
1.0380416e-01 0.0000000e+00 0.0000000e+00 
1.0636836e-01 1.5509636e-25 0.0000000e+00 
1.0966793e-01 1.5509636e-25 0.0000000e+00 
1.1353695e-01 1.5509636e-25 0.0000000e+00 
1.1723215e-01 0.0000000e+00 0.0000000e+00 
1.2016638e-01 0.0000000e+00 0.0000000e+00 
1.2131976e-01 0.0000000e+00 0.0000000e+00 
1.2042638e-01 0.0000000e+00 0.0000000e+00 
1.1777900e-01 0.0000000e+00 0.0000000e+00 
1.1404614e-01 0.0000000e+00 0.0000000e+00 
1.0999703e-01 -4.9630837e-24 0.0000000e+00 
1.0639577e-01 -4.9630837e-24 0.0000000e+00 
1.0378285e-01 -4.9630837e-24 0.0000000e+00 
1.0214367e-01 0.0000000e+00 0.0000000e+00 
1.0119262e-01 0.0000000e+00 0.0000000e+00 
1.0064739e-01 0.0000000e+00 0.0000000e+00 
1.0035498e-01 -1.0339758e-25 0.0000000e+00 
1.0019495e-01 -1.0339758e-25 0.0000000e+00 
1.0010765e-01 -1.0339758e-25 0.0000000e+00 
1.0005873e-01 -2.5849394e-25 0.0000000e+00 
1.0003188e-01 -2.5849394e-25 0.0000000e+00 
1.0001761e-01 -2.5849394e-25 0.0000000e+00 
1.0000958e-01 -2.5849394e-26 0.0000000e+00 
1.0000527e-01 -2.5849394e-26 0.0000000e+00 
1.0000289e-01 -2.5849394e-26 0.0000000e+00 
1.0000158e-01 -1.6155871e-26 0.0000000e+00 
1.0000087e-01 -1.6155871e-26 0.0000000e+00 
1.0000049e-01 -1.6155871e-26 0.0000000e+00 
1.0000028e-01 1.8554008e-27 0.0000000e+00 
1.0000016e-01 1.8554008e-27 0.0000000e+00 
1.0000010e-01 1.8554008e-27 0.0000000e+00 
1.0000006e-01 2.0194839e-28 0.0000000e+00 
1.0000004e-01 1.4034232e-08 0.0000000e+00 
1.0000002e-01 2.1867935e-08 0.0000000e+00 
1.0000000e-01 2.2665096e-08 0.0000000e+00 
9.9999979e-02 1.5694207e-08 0.0000000e+00 
9.9999972e-02 3.1000000e-09 0.0000000e+00 
9.9999972e-02 -9.6963388e-09 0.0000000e+00 
9.9999987e-02 -1.9296152e-08 0.0000000e+00 
9.9999994e-02 -1.8120721e-08 0.0000000e+00 
1.0000001e-01 -1.2040659e-08 0.0000000e+00 
1.0000003e-01 -1.6155871e-27 0.0000000e+00 
1.0000006e-01 1.6155871e-27 0.0000000e+00 
1.0000011e-01 1.6155871e-27 0.0000000e+00 
1.0000023e-01 1.6155871e-27 0.0000000e+00 
1.0000043e-01 3.2311743e-27 0.0000000e+00 
1.0000079e-01 3.2311743e-27 0.0000000e+00 
1.0000149e-01 3.2311743e-27 0.0000000e+00 
1.0000280e-01 1.2924697e-26 0.0000000e+00 
1.0000513e-01 1.2924697e-26 0.0000000e+00 
1.0000935e-01 1.2924697e-26 0.0000000e+00 
1.0001713e-01 -1.0339758e-25 0.0000000e+00 
1.0003163e-01 -1.0339758e-25 0.0000000e+00 
1.0005814e-01 -1.0339758e-25 0.0000000e+00 
1.0010672e-01 -2.0679515e-25 0.0000000e+00 
1.0019597e-01 -2.0679515e-25 0.0000000e+00 
1.0035860e-01 -2.0679515e-25 0.0000000e+00 
1.0065480e-01 -1.6543612e-24 0.0000000e+00 
1.0119656e-01 -1.6543612e-24 0.0000000e+00 
1.0213337e-01 -1.6543612e-24 0.0000000e+00 
1.0376261e-01 0.0000000e+00 0.0000000e+00 
1.0639311e-01 0.0000000e+00 0.0000000e+00 
1.0998902e-01 0.0000000e+00 0.0000000e+00 
1.1398755e-01 -2.6469780e-23 0.0000000e+00 
1.1782877e-01 -2.6469780e-23 0.0000000e+00 
1.2052284e-01 -2.6469780e-23 0.0000000e+00 
1.2137392e-01 6.6174449e-24 0.0000000e+00 
1.2014588e-01 6.6174449e-24 0.0000000e+00 
1.1728331e-01 6.6174449e-24 0.0000000e+00 
1.1361945e-01 0.0000000e+00 0.0000000e+00 
1.0975081e-01 0.0000000e+00 0.0000000e+00 
1.0638686e-01 0.0000000e+00 0.0000000e+00 
1.0381830e-01 0.0000000e+00 0.0000000e+00 
1.0199898e-01 0.0000000e+00 0.0000000e+00 
1.0086874e-01 0.0000000e+00 0.0000000e+00 
1.0019900e-01 0.0000000e+00 0.0000000e+00 
1.0000000e-01 0.0000000e+00 0.0000000e+00 
1.0000000e-01 0.0000000e+00 0.0000000e+00 
1.0000000e-01 0.0000000e+00 0.0000000e+00 
1.0000000e-01 0.0000000e+00 0.0000000e+00 
1.0000000e-01 0.0000000e+00 0.0000000e+00 
1.0000000e-01 0.0000000e+00 0.0000000e+00 
1.0000000e-01 0.0000000e+00 0.0000000e+00 
1.0000000e-01 0.0000000e+00 0.0000000e+00 
1.0000000e-01 0.0000000e+00 0.0000000e+00 
1.0781322e-02 9.0242261e-03 0.0000000e+00 
1.0256400e-01 -1.2488753e-03 0.0000000e+00 
1.0461714e-01 2.2712890e-03 0.0000000e+00 
1.0012716e-01 7.1957860e-05 0.0000000e+00 
1.0000603e-01 3.4557868e-06 0.0000000e+00 
1.0000052e-01 -2.8968242e-07 0.0000000e+00 
1.0442217e-01 -2.3994728e-03 0.0000000e+00 
1.0074942e-01 4.3591432e-04 0.0000000e+00 
1.0466628e-01 2.0206140e-03 0.0000000e+00 
9.9853799e-02 -2.2671367e-04 0.0000000e+00 
1.0003676e-01 -2.2150158e-05 0.0000000e+00 
1.0042199e-01 -2.4415893e-04 0.0000000e+00 
1.0000097e-01 5.9773481e-07 0.0000000e+00 
1.0000331e-01 -1.8415125e-06 0.0000000e+00 
1.1193778e-01 -3.2985730e-03 0.0000000e+00 
9.9999964e-02 1.6936621e-08 0.0000000e+00 
1.1622418e-01 3.1529951e-03 0.0000000e+00 
1.1573528e-01 2.7025880e-03 0.0000000e+00 
1.1567669e-01 -3.3117249e-03 0.0000000e+00 
1.2196650e-01 -8.5048954e-04 0.0000000e+00 
1.0000017e-01 1.0678944e-07 0.0000000e+00 
1.2186460e-01 8.5494609e-04 0.0000000e+00 
9.9939622e-02 4.6292672e-04 0.0000000e+00 
9.9999972e-02 -2.1347809e-08 0.0000000e+00 
1.0002043e-01 1.1462138e-05 0.0000000e+00 
1.0001077e-01 -6.3147249e-06 0.0000000e+00 
1.0012475e-01 -7.4189003e-05 0.0000000e+00 
1.0000013e-01 -8.7332687e-08 0.0000000e+00 
1.0000107e-01 -5.7201559e-04 0.0000000e+00 
1.0125289e-01 8.3596754e-04 0.0000000e+00 
1.0000001e-01 3.3530362e-08 0.0000000e+00 
1.0119803e-01 -9.4347424e-04 0.0000000e+00 
1.0000001e-01 -2.2848003e-08 0.0000000e+00 
1.0000007e-01 2.8460850e-08 0.0000000e+00 
1.0004941e-01 4.5803119e-04 0.0000000e+00 
1.1982113e-01 2.3292657e-03 0.0000000e+00 
1.1960907e-01 6.1407685e-03 0.0000000e+00 
1.1455128e-01 6.8687154e-03 0.0000000e+00 
1.1757672e-01 1.0888753e-02 0.0000000e+00 
1.2301385e-01 9.8793767e-03 0.0000000e+00 
1.2159546e-01 1.5999174e-02 0.0000000e+00 
1.1466692e-01 1.5847640e-02 0.0000000e+00 
1.1825280e-01 2.3619521e-02 0.0000000e+00 
1.0982993e-01 2.0652974e-02 0.0000000e+00 
1.0866246e-01 2.9941631e-02 0.0000000e+00 
1.0230922e-01 2.3262342e-02 0.0000000e+00 
9.6336409e-02 3.0450672e-02 0.0000000e+00 
9.3895286e-02 2.2347707e-02 0.0000000e+00 
8.4803961e-02 2.6570173e-02 0.0000000e+00 
8.6640008e-02 1.7925343e-02 0.0000000e+00 
7.5599715e-02 1.8197788e-02 0.0000000e+00 
8.2474723e-02 1.0824809e-02 0.0000000e+00 
7.2576046e-02 6.9806906e-03 0.0000000e+00 
8.2275450e-02 3.2202941e-03 0.0000000e+00 
8.7760426e-02 6.5316446e-03 0.0000000e+00 
8.8473402e-02 1.3123216e-03 0.0000000e+00 
7.7227145e-02 -3.1783381e-03 0.0000000e+00 
9.2078529e-02 3.9360910e-03 0.0000000e+00 
9.2680968e-02 2.4426921e-04 0.0000000e+00 
1.0328460e-02 7.4267322e-03 0.0000000e+00 
1.1303498e-03 1.7880674e-03 0.0000000e+00 
9.5020249e-02 2.3758272e-03 0.0000000e+00 
9.5472962e-02 -2.2792090e-06 0.0000000e+00 
1.2801766e-01 1.2899306e-02 0.0000000e+00 
1.0006462e-01 1.6536379e-02 0.0000000e+00 
9.6964970e-02 1.4168010e-03 0.0000000e+00 
9.7317003e-02 -1.8384300e-04 0.0000000e+00 
6.5719478e-02 -4.7730356e-03 0.0000000e+00 
7.5403802e-02 -1.2994231e-02 0.0000000e+00 
-6.9349923e-04 7.5371507e-05 0.0000000e+00 
9.8137490e-02 7.1988720e-04 0.0000000e+00 
9.8471709e-02 -2.6190665e-04 0.0000000e+00 
9.8924503e-02 3.4319522e-04 0.0000000e+00 
9.9125259e-02 -1.4549412e-04 0.0000000e+00 
9.9385291e-02 1.8376864e-04 0.0000000e+00 
9.9500142e-02 -1.0160496e-04 0.0000000e+00 
9.9644333e-02 9.5590563e-05 0.0000000e+00 
6.3169710e-02 -1.9567594e-02 0.0000000e+00 
7.8153394e-02 -2.3493877e-02 0.0000000e+00 
8.5364886e-02 -1.7646974e-02 0.0000000e+00 
7.1849838e-02 -3.1486966e-02 0.0000000e+00 
8.7026492e-02 -3.1297423e-02 0.0000000e+00 
8.4884331e-02 -3.8481131e-02 0.0000000e+00 
9.8949619e-02 -3.4098305e-02 0.0000000e+00 
1.0079420e-01 -4.1003615e-02 0.0000000e+00 
1.1054803e-01 -3.2862190e-02 0.0000000e+00 
1.1724541e-01 -3.6095545e-02 0.0000000e+00 
1.0531391e-01 -2.6982930e-02 0.0000000e+00 
1.1980288e-01 -2.7838381e-02 0.0000000e+00 
1.2812023e-01 -2.7791848e-02 0.0000000e+00 
2.1320244e-02 -1.1104762e-02 0.0000000e+00 
3.3141717e-03 -2.8138701e-03 0.0000000e+00 
9.9723518e-02 -6.2047315e-05 0.0000000e+00 
9.9799201e-02 4.5412515e-05 0.0000000e+00 
9.9852934e-02 -5.1839321e-05 0.0000000e+00 
9.9891648e-02 1.9261575e-05 0.0000000e+00 
1.2522464e-01 -2.0950440e-02 0.0000000e+00 
1.3271135e-01 -1.8703699e-02 0.0000000e+00 
9.4626427e-02 -2.2641465e-03 0.0000000e+00 
9.9921092e-02 -3.0751227e-05 0.0000000e+00 
9.9939920e-02 8.8387424e-06 0.0000000e+00 
9.9956959e-02 -1.8025930e-05 0.0000000e+00 
9.9966809e-02 3.7115315e-06 0.0000000e+00 
1.1705190e-01 3.2258701e-02 0.0000000e+00 
9.9976636e-02 -1.0629006e-05 0.0000000e+00 
9.9981755e-02 1.4117217e-06 0.0000000e+00 
9.9987149e-02 -6.0741004e-06 0.0000000e+00 
9.9989936e-02 5.1002684e-07 0.0000000e+00 
5.1342241e-02 -5.7550408e-03 0.0000000e+00 
9.9993072e-02 -3.5032317e-06 0.0000000e+00 
9.9994384e-02 1.1848131e-07 0.0000000e+00 
9.9996321e-02 -2.2531185e-06 0.0000000e+00 
9.9996954e-02 -1.1385202e-07 0.0000000e+00 
9.9998072e-02 -1.2771195e-06 0.0000000e+00 
9.9998347e-02 -1.0608552e-07 0.0000000e+00 
1.3664177e-01 -2.4916094e-02 0.0000000e+00 
1.3975944e-01 -1.3360957e-02 0.0000000e+00 
4.6192575e-02 -8.2466751e-03 0.0000000e+00 
9.9130891e-02 -7.1347674e-04 0.0000000e+00 
9.8444089e-02 1.8866336e-03 0.0000000e+00 
8.5879631e-02 3.7126463e-02 0.0000000e+00 
9.5577918e-02 5.4560108e-03 0.0000000e+00 
9.9998958e-02 -7.0934391e-07 0.0000000e+00 
9.9999093e-02 -7.6088632e-08 0.0000000e+00 
9.9999435e-02 -3.9978323e-07 0.0000000e+00 
9.9999502e-02 -5.3108423e-08 0.0000000e+00 
9.9999405e-02 2.7161744e-07 0.0000000e+00 
9.9999674e-02 1.4157165e-07 0.0000000e+00 
9.9998072e-02 1.0031501e-06 0.0000000e+00 
1.0918183e-01 1.4855605e-02 0.0000000e+00 
1.2696566e-01 -1.4410354e-02 0.0000000e+00 
9.9999703e-02 -2.2944708e-07 0.0000000e+00 
9.9989146e-02 7.2735461e-06 0.0000000e+00 
1.1822339e-01 -2.0654131e-02 0.0000000e+00 
9.9939078e-02 5.0160495e-05 0.0000000e+00 
9.9645652e-02 3.2149866e-04 0.0000000e+00 
1.4410815e-01 -1.5601667e-02 0.0000000e+00 
1.4453766e-01 -5.3333784e-03 0.0000000e+00 
1.3745701e-01 -5.8123544e-03 0.0000000e+00 
1.3956536e-01 1.3149129e-03 0.0000000e+00 
1.4727804e-01 4.9780738e-03 0.0000000e+00 
1.3913602e-01 9.3910694e-03 0.0000000e+00 
5.6398723e-02 4.3737646e-02 0.0000000e+00 
1.4425330e-01 1.5892541e-02 0.0000000e+00 
1.3558796e-01 1.6729154e-02 0.0000000e+00 
7.0791729e-02 2.4046775e-02 0.0000000e+00 
1.3225387e-01 1.0293000e-02 0.0000000e+00 
1.2843716e-01 1.5395208e-02 0.0000000e+00 
1.2978619e-01 2.3967663e-02 0.0000000e+00 
1.2300981e-01 1.9141959e-02 0.0000000e+00 
1.2108925e-01 2.6672965e-02 0.0000000e+00 
1.1680778e-01 2.0571759e-02 0.0000000e+00 
1.1300743e-01 2.6449708e-02 0.0000000e+00 
3.0327892e-02 4.0137939e-02 0.0000000e+00 
1.1093412e-01 1.9804982e-02 0.0000000e+00 
1.0576425e-01 2.3591714e-02 0.0000000e+00 
1.0607605e-01 1.7742839e-02 0.0000000e+00 
1.0108218e-01 1.9635912e-02 0.0000000e+00 
1.0243131e-01 1.4878483e-02 0.0000000e+00 
9.7436056e-02 1.5849456e-02 0.0000000e+00 
1.0004694e-01 1.1535550e-02 0.0000000e+00 
9.6387692e-02 1.0849224e-02 0.0000000e+00 
9.2398442e-02 1.3341950e-02 0.0000000e+00 
9.3201898e-02 8.7625105e-03 0.0000000e+00 
8.8594675e-02 9.5208520e-03 0.0000000e+00 
9.0619482e-02 5.7651191e-03 0.0000000e+00 
8.6584449e-02 4.5525809e-03 0.0000000e+00 
9.0206631e-02 2.0779020e-03 0.0000000e+00 
8.6840540e-02 -5.6849344e-04 0.0000000e+00 
9.0862930e-02 -1.2879535e-03 0.0000000e+00 
8.9057326e-02 -4.7467444e-03 0.0000000e+00 
9.2741109e-02 -3.9254595e-03 0.0000000e+00 
9.6036494e-02 7.2157215e-03 0.0000000e+00 
9.2259109e-02 -7.4181817e-03 0.0000000e+00 
8.7493248e-02 -9.7347414e-03 0.0000000e+00 
9.3147196e-02 -1.1406139e-02 0.0000000e+00 
8.9598328e-02 -1.6761463e-02 0.0000000e+00 
1.4321554e-02 -2.3771558e-02 0.0000000e+00 
9.5834009e-02 -1.5649637e-02 0.0000000e+00 
9.4711497e-02 -2.1646643e-02 0.0000000e+00 
9.3133897e-02 1.2972824e-03 0.0000000e+00 
9.5075451e-02 -5.5668089e-03 0.0000000e+00 
1.0006079e-01 -1.8767050e-02 0.0000000e+00 
1.0080735e-01 -2.5042463e-02 0.0000000e+00 
4.6793569e-02 -4.7270354e-02 0.0000000e+00 
1.0542447e-01 -2.0265514e-02 0.0000000e+00 
1.0812788e-01 -2.6110068e-02 0.0000000e+00 
8.2285255e-02 -1.4244388e-02 0.0000000e+00 
6.8752922e-02 -3.7414905e-02 0.0000000e+00 
9.9972725e-02 -1.3856202e-02 0.0000000e+00 
9.9138528e-02 2.6524056e-02 0.0000000e+00 
8.2871675e-02 -1.4324286e-02 0.0000000e+00 
1.0619342e-01 1.2998769e-02 0.0000000e+00 
8.2066260e-02 9.2098685e-03 0.0000000e+00 
1.1121240e-01 -1.9431857e-02 0.0000000e+00 
1.1624333e-01 -2.4967268e-02 0.0000000e+00 
1.0817137e-01 -1.5352344e-02 0.0000000e+00 
9.4390973e-02 -2.9898236e-02 0.0000000e+00 
9.5253706e-02 -3.0256880e-03 0.0000000e+00 
9.7240366e-02 -4.2653163e-03 0.0000000e+00 
9.7110607e-02 -2.2046748e-03 0.0000000e+00 
9.8477885e-02 -2.9368124e-03 0.0000000e+00 
1.2648404e-01 9.8849628e-03 0.0000000e+00 
1.2876581e-01 5.6902426e-03 0.0000000e+00 
1.1673622e-01 -1.7121030e-02 0.0000000e+00 
1.2235757e-01 -1.9847702e-02 0.0000000e+00 
1.2371992e-01 -2.6929768e-02 0.0000000e+00 
1.3005850e-01 -2.1442695e-02 0.0000000e+00 
1.2572046e-01 -1.4692827e-02 0.0000000e+00 
1.3214973e-01 -1.3410120e-02 0.0000000e+00 
1.3867414e-01 -1.8252000e-02 0.0000000e+00 
4.9074799e-02 8.1475992e-03 0.0000000e+00 
1.2718609e-01 -9.3986643e-03 0.0000000e+00 
1.3834445e-01 -9.3536563e-03 0.0000000e+00 
1.4716780e-01 -1.1688094e-02 0.0000000e+00 
1.1439287e-01 1.5524874e-02 0.0000000e+00 
1.1595003e-01 3.4108136e-02 0.0000000e+00 
6.2376704e-02 -3.6187228e-02 0.0000000e+00 
9.9999726e-02 3.8088393e-07 0.0000000e+00 
9.9999845e-02 2.0686586e-07 0.0000000e+00 
1.0856213e-01 -4.1705955e-02 0.0000000e+00 
9.9857934e-02 -1.6660722e-04 0.0000000e+00 
1.3514814e-01 -2.5956495e-02 0.0000000e+00 
1.4352050e-01 -3.1026192e-03 0.0000000e+00 
1.3615450e-01 -2.0948388e-03 0.0000000e+00 
1.4931808e-01 -7.0649642e-04 0.0000000e+00 
9.9205494e-02 -4.5318534e-03 0.0000000e+00 
1.4524250e-01 -2.3028543e-02 0.0000000e+00 
9.9960588e-02 -5.0529041e-05 0.0000000e+00 
9.9999823e-02 7.3814988e-08 0.0000000e+00 
1.4981191e-01 1.2143538e-02 0.0000000e+00 
1.4652306e-01 2.4040271e-02 0.0000000e+00 
9.9989302e-02 -1.5366528e-05 0.0000000e+00 
1.4500584e-01 1.7846828e-02 0.0000000e+00 
1.4481016e-01 4.3552076e-03 0.0000000e+00 
1.2434675e-01 5.8471193e-03 0.0000000e+00 
9.9999227e-02 -1.5378079e-06 0.0000000e+00 
1.2702355e-01 7.6668612e-03 0.0000000e+00 
1.4503621e-01 5.8925226e-03 0.0000000e+00 
1.4661531e-01 1.0879738e-02 0.0000000e+00 
1.4263363e-01 1.5678672e-02 0.0000000e+00 
1.3867088e-01 2.2929661e-02 0.0000000e+00 
9.9997394e-02 -5.6913495e-06 0.0000000e+00 
9.8424710e-02 -1.6580006e-03 0.0000000e+00 
9.7606875e-02 -6.6772877e-04 0.0000000e+00 
1.2247720e-01 -1.0651533e-02 0.0000000e+00 
1.2379988e-01 -6.3148267e-03 0.0000000e+00 
9.9809818e-02 -2.9877811e-03 0.0000000e+00 
1.2163567e-01 8.7495605e-03 0.0000000e+00 
9.9999920e-02 1.1132891e-07 0.0000000e+00 
1.4568651e-01 4.7012898e-03 0.0000000e+00 
9.9999964e-02 3.3832444e-07 0.0000000e+00 
9.9999957e-02 6.1280224e-07 0.0000000e+00 
9.9999808e-02 -4.8424045e-07 0.0000000e+00 
9.9999897e-02 -2.5626980e-07 0.0000000e+00 
1.4134838e-01 3.2003175e-02 0.0000000e+00 
1.4002390e-01 3.4162544e-02 0.0000000e+00 
1.3409482e-01 4.3943863e-02 0.0000000e+00 
9.9999845e-02 -1.2323449e-07 0.0000000e+00 
9.9999949e-02 -1.3704900e-07 0.0000000e+00 
1.3613559e-01 2.5027690e-02 0.0000000e+00 
1.2731786e-01 3.2630950e-02 0.0000000e+00 
1.1964730e-01 2.8267322e-02 0.0000000e+00 
1.0564772e-01 3.7580978e-02 0.0000000e+00 
8.4738776e-02 3.0723808e-02 0.0000000e+00 
7.4988879e-02 3.5890076e-02 0.0000000e+00 
9.4749533e-02 4.1857105e-02 0.0000000e+00 
6.7251809e-02 3.8896155e-02 0.0000000e+00 
1.0096045e-01 -3.9447937e-03 0.0000000e+00 
1.0106272e-01 -6.0373293e-03 0.0000000e+00 
1.0000020e-01 4.1181138e-07 0.0000000e+00 
8.5374221e-02 4.3337967e-02 0.0000000e+00 
6.1780717e-02 3.9054919e-02 0.0000000e+00 
4.0301763e-02 3.0256273e-02 0.0000000e+00 
3.9844166e-02 2.9778363e-02 0.0000000e+00 
9.9999905e-02 -6.5332983e-08 0.0000000e+00 
9.5015638e-02 2.3884002e-02 0.0000000e+00 
1.2072916e-01 5.1672896e-03 0.0000000e+00 
1.2614377e-01 1.7497351e-03 0.0000000e+00 
1.2748118e-01 -4.0886784e-03 0.0000000e+00 
9.9999964e-02 -7.6743127e-08 0.0000000e+00 
1.2382880e-01 -2.7853479e-03 0.0000000e+00 
9.8797753e-02 -6.7520322e-04 0.0000000e+00 
9.8452933e-02 2.3929369e-04 0.0000000e+00 
9.9286675e-02 -1.2425195e-03 0.0000000e+00 
9.6944369e-02 8.1650080e-04 0.0000000e+00 
9.8401129e-02 1.3900931e-03 0.0000000e+00 
9.7480290e-02 2.5304339e-03 0.0000000e+00 
9.8939911e-02 2.3788661e-03 0.0000000e+00 
9.8560758e-02 4.1178968e-03 0.0000000e+00 
9.9934481e-02 3.0723116e-03 0.0000000e+00 
1.0048342e-01 4.5876880e-03 0.0000000e+00 
9.9817522e-02 1.9554996e-03 0.0000000e+00 
2.0793190e-02 1.9461418e-02 0.0000000e+00 
2.4692090e-02 1.8529909e-02 0.0000000e+00 
4.3727260e-02 2.7597234e-02 0.0000000e+00 
1.0141666e-02 9.3249381e-03 0.0000000e+00 
1.7229700e-02 6.6261687e-03 0.0000000e+00 
9.9999897e-02 3.8393019e-08 0.0000000e+00 
1.0126826e-01 3.0822987e-03 0.0000000e+00 
1.2104914e-01 -4.2052115e-03 0.0000000e+00 
7.2776163e-03 3.9586299e-05 0.0000000e+00 
1.7517563e-02 -5.4569505e-03 0.0000000e+00 
1.1602177e-02 -9.6876314e-03 0.0000000e+00 
2.5739418e-02 -1.7878536e-02 0.0000000e+00 
2.3347994e-02 -2.0461762e-02 0.0000000e+00 
1.2454200e-01 2.0984761e-02 0.0000000e+00 
1.3893841e-01 1.0788959e-02 0.0000000e+00 
1.3102585e-01 4.0674705e-02 0.0000000e+00 
1.2373458e-01 5.0682157e-02 0.0000000e+00 
1.2582892e-01 -5.6986592e-04 0.0000000e+00 
1.3338897e-01 -1.0993301e-03 0.0000000e+00 
1.3088045e-01 -5.7139308e-03 0.0000000e+00 
9.9227056e-02 6.7625655e-04 0.0000000e+00 
1.3965416e-01 -1.6914759e-02 0.0000000e+00 
1.1825485e-01 -2.6213469e-02 0.0000000e+00 
1.1590764e-01 -3.3853259e-02 0.0000000e+00 
8.8857025e-02 -3.1084407e-02 0.0000000e+00 
1.1840710e-01 -1.5505305e-02 0.0000000e+00 
2.7404774e-02 1.4214182e-03 0.0000000e+00 
5.5484220e-02 2.1020856e-02 0.0000000e+00 
1.0000006e-01 -3.4655358e-07 0.0000000e+00 
1.0000012e-01 -7.1627625e-07 0.0000000e+00 
1.0529478e-01 4.1984309e-02 0.0000000e+00 
9.1805518e-02 -3.7833326e-02 0.0000000e+00 
6.0704935e-02 -3.0317349e-02 0.0000000e+00 
6.7735657e-02 -3.7127230e-02 0.0000000e+00 
3.8205847e-02 -2.5819942e-02 0.0000000e+00 
4.9817331e-02 -3.4087300e-02 0.0000000e+00 
7.3599741e-02 -4.1628201e-02 0.0000000e+00 
9.9999949e-02 5.3864230e-08 0.0000000e+00 
9.9999994e-02 9.9113997e-08 0.0000000e+00 
8.0606872e-03 -9.3191052e-03 0.0000000e+00 
1.0079972e-01 -2.5156369e-03 0.0000000e+00 
1.0009292e-01 -1.9552619e-03 0.0000000e+00 
1.4818478e-01 -5.8910865e-03 0.0000000e+00 
4.6272997e-02 -1.7405296e-02 0.0000000e+00 
1.4875302e-01 -1.6566122e-02 0.0000000e+00 
1.4484370e-01 -2.6309509e-02 0.0000000e+00 
1.4070471e-01 -3.4309849e-02 0.0000000e+00 
1.3459484e-01 -3.8700264e-02 0.0000000e+00 
1.3191834e-01 -4.5086261e-02 0.0000000e+00 
1.4318116e-01 -1.4464072e-02 0.0000000e+00 
8.3437733e-02 -2.2041989e-02 0.0000000e+00 
7.6005377e-02 -1.9043850e-02 0.0000000e+00 
7.6424956e-02 -1.0606354e-02 0.0000000e+00 
6.7675956e-02 -1.3129314e-02 0.0000000e+00 
6.6192061e-02 -2.4404651e-02 0.0000000e+00 
5.5365749e-02 -1.6081460e-02 0.0000000e+00 
6.0966823e-02 -4.3040672e-03 0.0000000e+00 
4.6770401e-02 -2.7842319e-03 0.0000000e+00 
5.7428520e-02 7.6481029e-03 0.0000000e+00 
6.8077058e-02 3.5590287e-03 0.0000000e+00 
6.7788497e-02 1.3082284e-02 0.0000000e+00 
5.9174635e-02 2.1045392e-02 0.0000000e+00 
7.1019530e-02 2.2448577e-02 0.0000000e+00 
6.5942585e-02 3.3271953e-02 0.0000000e+00 
7.7521257e-02 3.0186683e-02 0.0000000e+00 
7.7167094e-02 4.1652471e-02 0.0000000e+00 
8.0505155e-02 2.1297392e-02 0.0000000e+00 
5.0061725e-02 3.2235786e-02 0.0000000e+00 
5.3980652e-02 -3.1189585e-02 0.0000000e+00 
6.8471730e-02 -3.7116278e-02 0.0000000e+00 
5.7081487e-02 -4.6538383e-02 0.0000000e+00 
7.5641118e-02 -4.8784185e-02 0.0000000e+00 
8.6621277e-02 3.4960974e-02 0.0000000e+00 
9.0045229e-02 4.5047693e-02 0.0000000e+00 
7.9864331e-02 5.3944245e-02 0.0000000e+00 
9.6695840e-02 5.4633513e-02 0.0000000e+00 
1.0182142e-01 4.4182014e-02 0.0000000e+00 
8.0773734e-02 -3.7829049e-02 0.0000000e+00 
8.9276604e-02 -4.5695417e-02 0.0000000e+00 
8.8173002e-02 -5.6387499e-02 0.0000000e+00 
1.0104648e-01 -4.9625803e-02 0.0000000e+00 
1.0324696e-01 -5.8139019e-02 0.0000000e+00 
1.1352386e-01 -4.9157627e-02 0.0000000e+00 
1.0770488e-01 -4.1046035e-02 0.0000000e+00 
1.6655700e-02 1.5634725e-02 0.0000000e+00 
1.1384097e-01 5.1221043e-02 0.0000000e+00 
4.5546655e-02 4.5983672e-02 0.0000000e+00 
1.0000003e-01 -1.1239560e-07 0.0000000e+00 
1.1771072e-01 -3.9195534e-02 0.0000000e+00 
1.2692137e-01 2.0807236e-02 0.0000000e+00 
1.3257618e-01 -3.6452726e-02 0.0000000e+00 
1.0053847e-01 3.6588907e-02 0.0000000e+00 
1.0707673e-01 5.8576662e-02 0.0000000e+00 
3.2562178e-02 -4.2801749e-02 0.0000000e+00 
5.9154131e-02 -4.4816054e-02 0.0000000e+00 
2.9423365e-02 -1.0121929e-02 0.0000000e+00 
7.1715966e-02 2.3753749e-04 0.0000000e+00 
9.0902671e-03 -6.8973438e-03 0.0000000e+00 
7.3018782e-02 -2.6283760e-02 0.0000000e+00 
-1.8864567e-04 4.8743171e-04 0.0000000e+00 
1.9171482e-02 2.8343655e-02 0.0000000e+00 
1.0266960e-01 4.4796490e-03 0.0000000e+00 
1.0210784e-01 6.5634549e-03 0.0000000e+00 
1.0450511e-01 5.9942077e-03 0.0000000e+00 
6.4420514e-02 5.4456166e-04 0.0000000e+00 
1.0270300e-01 4.6105930e-03 0.0000000e+00 
5.9119295e-02 7.9327701e-03 0.0000000e+00 
6.2564723e-02 2.3018887e-02 0.0000000e+00 
1.0298589e-01 -4.4894577e-03 0.0000000e+00 
1.0376097e-01 -7.0624542e-03 0.0000000e+00 
1.3617124e-01 1.6785024e-02 0.0000000e+00 
1.0626573e-01 3.3106968e-02 0.0000000e+00 
1.3868717e-02 -1.3189478e-02 0.0000000e+00 
1.2483790e-01 -3.5133250e-02 0.0000000e+00 
1.1679480e-01 -4.8767474e-02 0.0000000e+00 
1.0000011e-01 2.3163314e-07 0.0000000e+00 
6.6648141e-02 3.5118788e-02 0.0000000e+00 
1.1806938e-01 7.2857155e-03 0.0000000e+00 
8.1008509e-02 1.6784061e-03 0.0000000e+00 
8.3990172e-02 -4.6060937e-03 0.0000000e+00 
1.2810189e-01 -1.8424861e-03 0.0000000e+00 
1.2567534e-01 -5.4209498e-03 0.0000000e+00 
8.6247973e-02 1.5166554e-02 0.0000000e+00 
9.1236368e-02 1.9725045e-02 0.0000000e+00 
1.2790303e-01 3.1991642e-02 0.0000000e+00 
1.2247098e-01 3.4179867e-03 0.0000000e+00 
1.0759846e-01 2.6101042e-03 0.0000000e+00 
1.1169148e-01 3.5441131e-03 0.0000000e+00 
1.0000037e-01 7.3260253e-07 0.0000000e+00 
9.9999949e-02 1.1145457e-06 0.0000000e+00 
1.0757532e-01 -2.6359393e-03 0.0000000e+00 
1.0118611e-01 -9.6972091e-03 0.0000000e+00 
1.0490876e-01 -1.0119973e-02 0.0000000e+00 
1.0687941e-01 -7.4292030e-03 0.0000000e+00 
9.8131858e-02 -7.1888678e-03 0.0000000e+00 
1.0883198e-01 -1.0711078e-02 0.0000000e+00 
1.1058562e-01 -6.8681235e-03 0.0000000e+00 
1.1339172e-01 -9.0853442e-03 0.0000000e+00 
1.1215559e-01 3.2905778e-03 0.0000000e+00 
1.1005228e-01 6.7206165e-03 0.0000000e+00 
1.0814320e-01 3.0199313e-03 0.0000000e+00 
1.0582981e-01 6.0365736e-03 0.0000000e+00 
1.0286550e-01 4.3721930e-03 0.0000000e+00 
1.0229555e-01 7.2629945e-03 0.0000000e+00 
1.0006728e-01 4.8148031e-03 0.0000000e+00 
1.0125257e-01 3.0213047e-03 0.0000000e+00 
9.9632643e-02 2.9068056e-03 0.0000000e+00 
1.0048884e-01 1.9179527e-03 0.0000000e+00 
1.0143385e-01 1.6822221e-03 0.0000000e+00 
1.1600159e-01 -3.3655169e-03 0.0000000e+00 
1.1397871e-01 -7.2125965e-03 0.0000000e+00 
1.0950889e-01 -6.4791571e-03 0.0000000e+00 
1.1097152e-01 -1.1658006e-02 0.0000000e+00 
1.0620467e-01 -9.2674391e-03 0.0000000e+00 
1.0614482e-01 -5.4129264e-03 0.0000000e+00 
1.0331959e-01 -6.8417918e-03 0.0000000e+00 
1.0178857e-01 -1.0353577e-02 0.0000000e+00 
1.0012712e-01 -6.9851270e-03 0.0000000e+00 
9.7402059e-02 -9.6509075e-03 0.0000000e+00 
1.0161062e-01 -4.7258087e-03 0.0000000e+00 
9.9320516e-02 -4.3226960e-03 0.0000000e+00 
1.0068458e-01 -2.9898249e-03 0.0000000e+00 
9.8842017e-02 -1.4549158e-02 0.0000000e+00 
9.9214777e-02 -2.5006535e-03 0.0000000e+00 
1.0020795e-01 -1.7420318e-03 0.0000000e+00 
1.1858051e-01 -6.5988796e-03 0.0000000e+00 
1.1963047e-01 -2.4903172e-03 0.0000000e+00 
1.0548855e-01 -1.4785906e-02 0.0000000e+00 
1.1680122e-01 -1.1387065e-02 0.0000000e+00 
9.7366259e-02 -3.2767004e-03 0.0000000e+00 
1.1071689e-01 -1.7188141e-02 0.0000000e+00 
9.8272368e-02 -1.4463031e-03 0.0000000e+00 
9.1819428e-02 -1.2639591e-02 0.0000000e+00 
9.3348913e-02 -7.3157935e-03 0.0000000e+00 
8.8689409e-02 -7.1530193e-03 0.0000000e+00 
1.1120724e-01 5.0129436e-02 0.0000000e+00 
1.0788669e-01 6.0642818e-03 0.0000000e+00 
1.1204711e-01 7.4237031e-03 0.0000000e+00 
6.2770657e-02 4.5952346e-02 0.0000000e+00 
4.4320837e-02 1.4476014e-02 0.0000000e+00 
1.2126839e-01 -1.8715156e-03 0.0000000e+00 
1.0472129e-01 9.8297363e-03 0.0000000e+00 
1.0058645e-01 1.1090157e-02 0.0000000e+00 
9.8814502e-02 7.4373623e-03 0.0000000e+00 
9.5924959e-02 1.0160092e-02 0.0000000e+00 
1.0489829e-01 8.8881571e-03 0.0000000e+00 
1.0247190e-01 -1.2899364e-03 0.0000000e+00 
9.9830948e-02 2.3700390e-04 0.0000000e+00 
1.0258070e-01 1.2925899e-03 0.0000000e+00 
3.8455345e-02 -1.8396126e-02 0.0000000e+00 
1.0470024e-01 -2.2802195e-03 0.0000000e+00 
4.2626809e-02 2.7538784e-02 0.0000000e+00 
9.9941686e-02 -4.5501793e-04 0.0000000e+00 
1.0551251e-01 -4.7456603e-03 0.0000000e+00 
1.2156656e-01 9.9092477e-04 0.0000000e+00 
4.9696602e-03 4.6583246e-03 0.0000000e+00 
1.0000053e-01 3.4326584e-07 0.0000000e+00 
9.8511286e-02 -6.8562897e-03 0.0000000e+00 
3.2335956e-02 1.0838446e-02 0.0000000e+00 
6.8210617e-02 1.1521934e-02 0.0000000e+00 
8.5339688e-02 -2.3661323e-02 0.0000000e+00 
9.7294033e-02 -6.0438723e-03 0.0000000e+00 
1.1140836e-01 -3.3483296e-03 0.0000000e+00 
8.2679227e-02 6.1887838e-02 0.0000000e+00 
4.4667196e-02 9.5267091e-03 0.0000000e+00 
1.3018531e-01 -2.4346398e-02 0.0000000e+00 
1.0141835e-01 -7.6197821e-04 0.0000000e+00 
1.0077579e-01 -4.4054491e-04 0.0000000e+00 
1.0033687e-01 -5.7336956e-04 0.0000000e+00 
1.0017861e-01 -3.1680783e-04 0.0000000e+00 
9.9999093e-02 -4.9686746e-04 0.0000000e+00 
9.9980891e-02 -2.7707146e-04 0.0000000e+00 
9.9997617e-02 -9.3972316e-04 0.0000000e+00 
9.9679798e-02 -6.3509395e-04 0.0000000e+00 
1.0062873e-01 -1.0370184e-03 0.0000000e+00 
1.0009445e-01 -1.7557423e-04 0.0000000e+00 
9.9987946e-02 -1.5199523e-04 0.0000000e+00 
1.2454341e-01 -1.8630326e-03 0.0000000e+00 
1.0000608e-01 5.7510805e-04 0.0000000e+00 
1.0022010e-01 1.2144855e-03 0.0000000e+00 
9.5921762e-02 -9.3528471e-04 0.0000000e+00 
1.1251377e-01 -1.3656029e-02 0.0000000e+00 
1.1777155e-01 -1.1486235e-02 0.0000000e+00 
1.1641052e-01 -6.8315882e-03 0.0000000e+00 
1.1776780e-01 1.1468389e-02 0.0000000e+00 
7.4877121e-02 7.6239915e-03 0.0000000e+00 
1.2276122e-01 -9.4348947e-03 0.0000000e+00 
1.1823314e-01 -5.4061837e-02 0.0000000e+00 
1.0005061e-01 -9.6415672e-05 0.0000000e+00 
9.9992998e-02 -8.2710168e-05 0.0000000e+00 
1.0002745e-01 -5.3222509e-05 0.0000000e+00 
9.9996582e-02 -4.4183991e-05 0.0000000e+00 
1.0001491e-01 -2.8271023e-05 0.0000000e+00 
1.0005940e-01 -4.7147248e-04 0.0000000e+00 
9.9929310e-02 -9.0993970e-05 0.0000000e+00 
9.9804439e-02 -3.4869672e-04 0.0000000e+00 
1.0001982e-01 -1.2045371e-05 0.0000000e+00 
1.0000738e-01 -1.4452927e-05 0.0000000e+00 
1.0000478e-01 -7.7169880e-06 0.0000000e+00 
9.9999122e-02 -1.1773666e-05 0.0000000e+00 
9.9658243e-02 6.4032171e-03 0.0000000e+00 
2.8119728e-02 1.8615675e-03 0.0000000e+00 
1.3834964e-01 2.4621829e-02 0.0000000e+00 
1.0341159e-01 -3.2618873e-02 0.0000000e+00 
1.2027307e-01 4.2168543e-02 0.0000000e+00 
9.9999994e-02 -2.8539967e-08 0.0000000e+00 
1.0041365e-01 2.3965439e-04 0.0000000e+00 
1.0032274e-01 5.5190362e-04 0.0000000e+00 
1.0017868e-01 3.0602611e-04 0.0000000e+00 
1.0003064e-01 4.7031228e-04 0.0000000e+00 
1.0000718e-01 2.6010204e-04 0.0000000e+00 
1.0006179e-01 8.5276004e-04 0.0000000e+00 
1.0060585e-01 1.0491593e-03 0.0000000e+00 
1.0009870e-01 1.6864049e-04 0.0000000e+00 
1.0000956e-01 1.4155479e-04 0.0000000e+00 
9.9919319e-02 1.7392571e-04 0.0000000e+00 
1.0006802e-01 -4.0880805e-05 0.0000000e+00 
9.9999987e-02 3.2399083e-08 0.0000000e+00 
1.0023036e-01 -1.3423346e-04 0.0000000e+00 
9.9999957e-02 -4.6349848e-09 0.0000000e+00 
1.0000072e-01 1.3225612e-06 0.0000000e+00 
9.9999972e-02 2.0406335e-06 0.0000000e+00 
1.0000138e-01 2.4015299e-06 0.0000000e+00 
1.0000005e-01 3.7255743e-06 0.0000000e+00 
9.9998556e-02 2.4422116e-06 0.0000000e+00 
9.9997520e-02 4.5178608e-06 0.0000000e+00 
1.0000026e-01 6.7426167e-06 0.0000000e+00 
9.9995762e-02 8.3479090e-06 0.0000000e+00 
1.0000081e-01 1.2253566e-05 0.0000000e+00 
9.9992812e-02 1.5469275e-05 0.0000000e+00 
1.0000215e-01 2.2269376e-05 0.0000000e+00 
9.9987850e-02 2.8765935e-05 0.0000000e+00 
1.0000493e-01 4.0522555e-05 0.0000000e+00 
9.9979244e-02 5.2802505e-05 0.0000000e+00 
1.0000839e-01 7.5273434e-05 0.0000000e+00 
1.0003215e-01 4.6825593e-05 0.0000000e+00 
9.9980682e-02 1.3891226e-05 0.0000000e+00 
9.9996544e-02 1.9891690e-06 0.0000000e+00 
9.9999167e-02 1.3066694e-06 0.0000000e+00 
4.1749936e-02 2.2394096e-02 0.0000000e+00 
1.0000174e-01 -1.0578400e-06 0.0000000e+00 
1.0000145e-01 -2.5030674e-06 0.0000000e+00 
1.0000066e-01 -1.2534109e-06 0.0000000e+00 
1.0001101e-01 6.2060240e-06 0.0000000e+00 
1.0000331e-01 1.8920286e-06 0.0000000e+00 
1.0000027e-01 -1.6244417e-07 0.0000000e+00 
1.0000096e-01 -5.2354005e-07 0.0000000e+00 
9.9999607e-02 -8.4132665e-07 0.0000000e+00 
1.0000002e-01 -2.0771496e-07 0.0000000e+00 
1.0000006e-01 -5.1182720e-08 0.0000000e+00 
9.9998586e-02 -2.8123513e-06 0.0000000e+00 
1.0000009e-01 -4.1940657e-06 0.0000000e+00 
9.9999525e-02 7.0365491e-07 0.0000000e+00 
9.9999979e-02 1.8447651e-07 0.0000000e+00 
1.0000001e-01 -5.2037134e-08 0.0000000e+00 
9.6675567e-02 4.3094154e-03 0.0000000e+00 
9.5620222e-02 2.2527883e-03 0.0000000e+00 
9.9998936e-02 5.1995687e-07 0.0000000e+00 
1.0000011e-01 5.5555319e-08 0.0000000e+00 
1.0000005e-01 6.6743752e-08 0.0000000e+00 
1.0016631e-01 -1.1313937e-03 0.0000000e+00 
1.0022842e-01 1.3093355e-04 0.0000000e+00 
9.9999733e-02 -3.5757704e-08 0.0000000e+00 
9.9993877e-02 3.8134212e-06 0.0000000e+00 
6.6423349e-02 -5.7326216e-02 0.0000000e+00 
1.2138312e-01 3.5686173e-02 0.0000000e+00 
9.9999845e-02 -2.0850159e-08 0.0000000e+00 
7.5796396e-02 4.1151319e-02 0.0000000e+00 
6.4418107e-02 3.3877186e-02 0.0000000e+00 
1.0635256e-03 -1.6434275e-03 0.0000000e+00 
9.6355319e-02 3.5412576e-02 0.0000000e+00 
9.9965744e-02 2.6495352e-05 0.0000000e+00 
9.9387139e-02 5.8312574e-04 0.0000000e+00 
9.9999942e-02 -3.0232460e-08 0.0000000e+00 
9.9980332e-02 -2.7567023e-05 0.0000000e+00 
1.2567440e-01 3.3170469e-02 0.0000000e+00 
1.3027677e-01 -1.0020919e-03 0.0000000e+00 
9.9422552e-02 -2.0435315e-05 0.0000000e+00 
1.0128862e-01 -1.7776504e-03 0.0000000e+00 
1.0812175e-01 -2.8327792e-03 0.0000000e+00 
9.9438988e-02 -1.4057837e-03 0.0000000e+00 
4.0705279e-02 -2.9518938e-02 0.0000000e+00 
9.8982275e-02 1.0509981e-03 0.0000000e+00 
1.0000006e-01 1.2815698e-07 0.0000000e+00 
7.6486215e-02 -2.8431803e-02 0.0000000e+00 
9.5199734e-02 -8.6370707e-03 0.0000000e+00 
2.7169811e-02 -2.3018563e-02 0.0000000e+00 
1.0000180e-01 1.0619126e-06 0.0000000e+00 
1.1919467e-01 2.2134578e-03 0.0000000e+00 
9.9830359e-02 -1.1790536e-03 0.0000000e+00 
1.0042330e-01 -6.7561708e-04 0.0000000e+00 
9.9834576e-02 1.1491678e-03 0.0000000e+00 
1.0055387e-01 1.9330871e-03 0.0000000e+00 
8.5629515e-02 1.6169295e-02 0.0000000e+00 
1.3673742e-01 -2.6974527e-02 0.0000000e+00 
9.9999122e-02 -2.2782391e-05 0.0000000e+00 
3.2762114e-02 1.5165893e-02 0.0000000e+00 
1.0042625e-01 6.2316906e-04 0.0000000e+00 
1.0892235e-01 1.0224243e-02 0.0000000e+00 
1.0000609e-01 -3.2436890e-06 0.0000000e+00 
1.0000003e-01 3.1881161e-08 0.0000000e+00 
9.9521659e-02 1.7249254e-03 0.0000000e+00 
9.7975515e-02 3.5505251e-03 0.0000000e+00 
1.1242163e-01 1.0534176e-02 0.0000000e+00 
1.0237151e-01 -2.0172169e-02 0.0000000e+00 
9.4194934e-02 -2.0131353e-02 0.0000000e+00 
7.1244292e-02 -4.3353839e-03 0.0000000e+00 
9.8883241e-02 -5.8018420e-02 0.0000000e+00 
3.0943664e-02 -1.1838849e-02 0.0000000e+00 
1.0000003e-01 -2.2923198e-08 0.0000000e+00 
1.1222906e-01 -3.2426238e-02 0.0000000e+00 
9.9999934e-02 1.0036949e-08 0.0000000e+00 
1.3215300e-01 7.4428129e-03 0.0000000e+00 
1.0000253e-01 4.3122700e-06 0.0000000e+00 
1.2301020e-01 1.3246579e-02 0.0000000e+00 
1.0000030e-01 1.9075667e-07 0.0000000e+00 
9.9306673e-02 -2.0894334e-03 0.0000000e+00 
9.3605325e-02 4.5854128e-03 0.0000000e+00 
1.3275045e-01 -1.1191344e-02 0.0000000e+00 
5.7701163e-02 -3.7556905e-02 0.0000000e+00 
1.2228011e-01 -4.2612720e-03 0.0000000e+00 
9.9295951e-02 1.4957696e-03 0.0000000e+00 
1.3195647e-01 -6.5624472e-03 0.0000000e+00 
1.0007277e-01 3.8497245e-05 0.0000000e+00 
9.1078393e-02 -3.3560570e-03 0.0000000e+00 
1.0249639e-01 -2.9131379e-03 0.0000000e+00 
9.9993080e-02 -8.4063577e-06 0.0000000e+00 
8.5672304e-02 -2.9348049e-02 0.0000000e+00 
1.2665124e-01 9.4913654e-03 0.0000000e+00 
1.0000469e-01 7.7343630e-06 0.0000000e+00 
9.7397409e-02 -1.0856470e-02 0.0000000e+00 
5.9147596e-02 5.5644158e-02 0.0000000e+00 
1.2735325e-01 5.8876150e-03 0.0000000e+00 
1.3383852e-01 4.4794939e-03 0.0000000e+00 
8.5264556e-02 -3.1119054e-03 0.0000000e+00 
1.3337883e-01 1.5750805e-02 0.0000000e+00 
1.0495348e-01 1.7524760e-02 0.0000000e+00 
1.3920519e-01 3.1954250e-03 0.0000000e+00 
1.1582518e-01 3.8888738e-02 0.0000000e+00 
7.7464350e-02 1.4814427e-02 0.0000000e+00 
9.6816733e-02 -2.6791215e-02 0.0000000e+00 
1.0372125e-01 -1.5631950e-02 0.0000000e+00 
1.9399099e-02 1.0381199e-02 0.0000000e+00 
1.0258043e-01 1.1612215e-03 0.0000000e+00 
9.3564674e-02 1.5611487e-02 0.0000000e+00 
8.6121082e-02 2.5729511e-02 0.0000000e+00 
9.2807993e-02 2.7008515e-02 0.0000000e+00 
1.0005854e-01 8.8533001e-05 0.0000000e+00 
7.9149492e-02 -4.1809089e-02 0.0000000e+00 
1.1888594e-01 1.5898189e-02 0.0000000e+00 
1.1303873e-01 1.1466984e-02 0.0000000e+00 
1.2349219e-01 4.8142165e-04 0.0000000e+00 
9.9960811e-02 9.5329015e-05 0.0000000e+00 
1.1287027e-01 -2.5151026e-02 0.0000000e+00 
1.0213149e-01 -2.8468024e-03 0.0000000e+00 
1.1872154e-01 -2.4402093e-03 0.0000000e+00 
9.0066604e-02 1.1692918e-02 0.0000000e+00 
9.9446073e-02 -5.6391722e-04 0.0000000e+00 
1.2260208e-01 2.8973857e-03 0.0000000e+00 
1.0139053e-01 7.2562788e-04 0.0000000e+00 
3.0805385e-02 2.4296978e-02 0.0000000e+00 
9.3800098e-02 -1.1660033e-03 0.0000000e+00 
1.0000890e-01 1.4039681e-05 0.0000000e+00 
1.0999828e-01 1.4580050e-02 0.0000000e+00 
1.2094624e-01 -1.5330555e-02 0.0000000e+00 
8.1953488e-02 -6.1106548e-02 0.0000000e+00 
1.0000277e-01 -4.4517101e-06 0.0000000e+00 
9.9885650e-02 9.4438772e-05 0.0000000e+00 
5.4835312e-02 -2.3759164e-02 0.0000000e+00 
7.2817029e-03 8.8336701e-03 0.0000000e+00 
1.2442064e-01 -4.4397786e-02 0.0000000e+00 
1.3354932e-01 3.1673111e-02 0.0000000e+00 
9.8405823e-02 -3.9832540e-02 0.0000000e+00 
1.2308281e-01 -5.1416905e-04 0.0000000e+00 
8.3868831e-02 -9.8412670e-03 0.0000000e+00 
1.2065758e-01 -1.4440957e-02 0.0000000e+00 
1.1126393e-01 4.0905405e-02 0.0000000e+00 
3.5676647e-02 -3.4311943e-02 0.0000000e+00 
9.9999994e-02 5.5782746e-08 0.0000000e+00 
1.0001667e-01 2.5030573e-05 0.0000000e+00 
9.2223130e-02 7.6017235e-03 0.0000000e+00 
9.8417640e-02 8.4158322e-03 0.0000000e+00 
4.0356223e-03 -3.1550671e-03 0.0000000e+00 
7.1742252e-02 -1.5535015e-02 0.0000000e+00 
1.2007193e-01 -7.4418643e-03 0.0000000e+00 
9.9999994e-02 -2.2269446e-06 0.0000000e+00 
4.8203256e-02 2.3278708e-02 0.0000000e+00 
7.8348637e-02 -4.3363501e-03 0.0000000e+00 
9.6538275e-02 -1.5739097e-03 0.0000000e+00 
1.4164092e-01 -6.6486825e-03 0.0000000e+00 
1.0147811e-01 1.8488443e-03 0.0000000e+00 
4.2521197e-02 4.3004636e-02 0.0000000e+00 
1.0370002e-01 -4.4565527e-03 0.0000000e+00 
1.0003681e-01 1.9034189e-05 0.0000000e+00 
1.7989661e-03 1.9570524e-03 0.0000000e+00 
4.2749796e-02 -2.5158929e-02 0.0000000e+00 
2.0685827e-02 1.5300998e-02 0.0000000e+00 
1.1351070e-01 -5.8657601e-03 0.0000000e+00 
9.9795498e-02 1.7036909e-04 0.0000000e+00 
1.0063320e-01 -1.5602857e-03 0.0000000e+00 
9.9475741e-02 -3.6467015e-04 0.0000000e+00 
7.4591897e-02 8.8600878e-04 0.0000000e+00 
1.1263388e-01 -3.9165299e-02 0.0000000e+00 
9.9999920e-02 -1.2750769e-06 0.0000000e+00 
9.9646181e-02 8.0693315e-04 0.0000000e+00 
1.3211523e-01 2.3826037e-02 0.0000000e+00 
5.7040039e-02 3.5630148e-02 0.0000000e+00 
8.9781061e-02 -3.6437403e-02 0.0000000e+00 
1.2704262e-01 3.5514035e-03 0.0000000e+00 
1.0901061e-01 3.7996802e-02 0.0000000e+00 
9.6042171e-02 4.2260237e-02 0.0000000e+00 
9.9999905e-02 -1.3752484e-08 0.0000000e+00 
9.2334069e-02 -4.2269647e-02 0.0000000e+00 
1.0008325e-01 -2.1517702e-04 0.0000000e+00 
1.1331187e-01 -3.2281071e-02 0.0000000e+00 
1.0008159e-01 2.0346379e-04 0.0000000e+00 
9.9865556e-02 3.2360526e-04 0.0000000e+00 
1.0304493e-01 1.1483131e-02 0.0000000e+00 
1.0122194e-01 8.9185676e-03 0.0000000e+00 
1.3282625e-01 2.4038758e-03 0.0000000e+00 
1.1718663e-01 -8.8720964e-03 0.0000000e+00 
9.9999972e-02 -4.2503466e-08 0.0000000e+00 
9.0191558e-02 5.5648752e-02 0.0000000e+00 
8.6625032e-02 2.0166911e-02 0.0000000e+00 
3.8507514e-02 -5.2824840e-03 0.0000000e+00 
1.0000005e-01 1.3812546e-08 0.0000000e+00 
1.2765542e-01 -9.0811271e-03 0.0000000e+00 
1.0000046e-01 -5.8363702e-07 0.0000000e+00 
9.9635378e-02 1.0375472e-03 0.0000000e+00 
1.1539135e-01 -1.5743421e-02 0.0000000e+00 
1.0000002e-01 -1.1257782e-08 0.0000000e+00 
7.4417703e-02 2.9023698e-02 0.0000000e+00 
9.1802612e-02 -4.3367401e-02 0.0000000e+00 
1.0000048e-01 -7.0232932e-06 0.0000000e+00 
3.1499948e-02 -1.9363634e-02 0.0000000e+00 
1.0737894e-01 -2.0829327e-02 0.0000000e+00 
1.1505404e-01 8.6052315e-03 0.0000000e+00 
1.3734846e-01 -1.2523966e-03 0.0000000e+00 
1.1887880e-01 -3.1539261e-02 0.0000000e+00 
9.9779449e-02 5.9295387e-04 0.0000000e+00 
1.0841096e-01 1.0407193e-02 0.0000000e+00 
1.2492799e-01 -3.4618869e-02 0.0000000e+00 
1.2965071e-01 1.5699371e-03 0.0000000e+00 
1.1831687e-01 -4.8817173e-03 0.0000000e+00 
3.9290022e-02 -3.0011881e-02 0.0000000e+00 
1.0301507e-01 2.6839715e-03 0.0000000e+00 
8.8492908e-02 -2.4419334e-02 0.0000000e+00 
9.6487641e-02 2.0974236e-02 0.0000000e+00 
1.1857086e-01 3.6344878e-02 0.0000000e+00 
1.0069063e-01 1.2902720e-03 0.0000000e+00 
9.9675685e-02 -2.1141108e-04 0.0000000e+00 
1.0838307e-01 -5.0623165e-03 0.0000000e+00 
1.0140663e-01 -1.8140677e-03 0.0000000e+00 
1.0009725e-01 1.3453043e-03 0.0000000e+00 
1.0000025e-01 -3.6470087e-07 0.0000000e+00 
8.1895605e-02 -8.9354347e-03 0.0000000e+00 
1.5776681e-02 -1.3574326e-02 0.0000000e+00 
1.2996837e-01 -2.9316289e-02 0.0000000e+00 
1.0258975e-01 2.6028913e-03 0.0000000e+00 
1.2859227e-01 -3.2286618e-02 0.0000000e+00 
1.2388561e-01 6.2518101e-03 0.0000000e+00 
9.8356731e-02 5.3108609e-03 0.0000000e+00 
9.7786926e-02 1.3612350e-02 0.0000000e+00 
9.9589221e-02 -8.9462585e-04 0.0000000e+00 
1.4930172e-01 2.4267680e-03 0.0000000e+00 
1.1776856e-01 4.6280334e-03 0.0000000e+00 
1.0460760e-01 1.3514856e-02 0.0000000e+00 
8.9761220e-02 -2.4137286e-02 0.0000000e+00 
1.2999603e-01 -3.9850879e-03 0.0000000e+00 
1.1553628e-01 1.8790832e-02 0.0000000e+00 
9.9651545e-02 -8.3835871e-04 0.0000000e+00 
9.5075242e-02 -4.6655387e-03 0.0000000e+00 
1.0515572e-01 3.7913655e-03 0.0000000e+00 
1.0000002e-01 5.8468387e-08 0.0000000e+00 
1.0320561e-01 -1.2462563e-02 0.0000000e+00 
1.0589906e-01 -1.2830524e-02 0.0000000e+00 
1.2508170e-01 2.8665004e-02 0.0000000e+00 
9.5012456e-02 5.8059726e-04 0.0000000e+00 
1.1476328e-01 5.6507122e-03 0.0000000e+00 
9.7502567e-02 5.7431282e-03 0.0000000e+00 
1.0000012e-01 -1.9357849e-07 0.0000000e+00 
1.2385857e-01 1.3422088e-03 0.0000000e+00 
6.7928195e-02 1.3854611e-02 0.0000000e+00 
1.3745797e-01 1.8243458e-02 0.0000000e+00 
5.7041414e-02 -2.7188405e-02 0.0000000e+00 
4.8572179e-02 -1.7703919e-02 0.0000000e+00 
1.2171048e-01 -4.6095526e-04 0.0000000e+00 
1.4994018e-01 -6.1682342e-03 0.0000000e+00 
PRESSURE 1 945  float
3.4307249e+00
0.0000000e+00
0.0000000e+00
3.4309528e+00
-2.9992852e+00
-3.2859266e+00
-4.0604134e+00
-5.2058096e+00
-6.4104085e+00
-7.5800848e+00
-8.4612703e+00
-8.7405071e+00
-8.3620062e+00
-6.9133320e+00
-4.6620865e+00
-1.5902474e+00
1.7873658e+00
4.9695916e+00
7.5963874e+00
9.4404669e+00
1.0002581e+01
9.4364357e+00
7.7068100e+00
5.0087795e+00
1.7308823e+00
-1.6030166e+00
-4.5616145e+00
-6.9264297e+00
-8.2508392e+00
-8.8678608e+00
-8.4565954e+00
-7.5413814e+00
-6.4407701e+00
-5.2524371e+00
-4.0294771e+00
-3.2300792e+00
3.4232104e+00
3.3608532e+00
3.2465465e+00
3.0510428e+00
2.7251856e+00
2.3089828e+00
1.7692672e+00
1.1874141e+00
6.2682056e-01
1.5146327e-01
-8.2846582e-02
-1.8488017e-01
-1.7749159e-01
-1.1813575e-01
-5.3856421e-02
-1.3592820e-02
2.0511061e-02
2.9981466e-02
3.7600756e-02
3.9871741e-02
3.9621241e-02
3.8235430e-02
3.5888601e-02
3.3624049e-02
3.0856157e-02
2.8127149e-02
2.5331829e-02
2.2527950e-02
1.9713895e-02
1.6898792e-02
1.4081614e-02
1.1264686e-02
8.4480057e-03
5.6317961e-03
2.8156487e-03
0.0000000e+00
0.0000000e+00
0.0000000e+00
0.0000000e+00
0.0000000e+00
0.0000000e+00
0.0000000e+00
0.0000000e+00
0.0000000e+00
2.8123632e-03
5.6244023e-03
8.4364181e-03
1.1247488e-02
1.4057388e-02
1.6866878e-02
1.9664800e-02
2.2464581e-02
2.5255153e-02
2.8016193e-02
3.0703727e-02
3.3309724e-02
3.5735980e-02
3.7817210e-02
3.9208081e-02
3.9276626e-02
3.6741331e-02
2.9179344e-02
1.7340863e-02
-1.8448543e-02
-5.4467052e-02
-1.2330837e-01
-1.7721283e-01
-1.9080311e-01
-7.0339411e-02
1.7841814e-01
6.2900752e-01
1.1849891e+00
1.7692362e+00
2.3042073e+00
2.7354577e+00
3.0514836e+00
3.2534766e+00
3.3636761e+00
3.4241307e+00
3.4486833e+00
3.4928670e+00
3.5462353e+00
3.5985713e+00
3.6167550e+00
3.5991001e+00
3.5485656e+00
3.4930520e+00
3.4483182e+00
9.2177792e+00
8.1656687e-03
-3.3814773e-02
3.9407969e-02
2.6626548e-02
1.5461957e-02
2.9887166e+00
3.5853781e-02
2.9586830e+00
3.6110997e+00
3.4684964e-02
3.9649725e-02
1.8125273e-02
2.3880677e-02
-1.6780443e-01
2.5563817e-03
-2.1569733e-01
1.4535503e+00
1.4751143e+00
-6.7004830e-02
9.7203190e-03
-4.3494180e-02
3.5692043e+00
2.3395875e-03
3.2136887e-02
2.9301256e-02
3.8935374e-02
9.7206887e-03
3.5182977e+00
3.3352211e+00
2.2926065e-03
3.3401799e+00
2.3514840e-03
4.2236582e-03
3.4636359e+00
-2.1195149e-01
-3.7878796e-01
-2.7668694e-01
-4.8945728e-01
-6.5417123e-01
-8.5248756e-01
-5.5259246e-01
-9.8399931e-01
-5.2012259e-01
-9.1965997e-01
-3.7797362e-01
-5.8753914e-01
-1.7069890e-01
-2.1637079e-01
2.6078856e-02
5.7048973e-02
1.8488060e-01
2.4676841e-01
2.3551828e-01
1.9155541e-01
1.9507509e-01
2.6286250e-01
1.5010209e-01
1.6266368e-01
-5.5200138e+00
-3.5209334e+00
1.2731725e-01
1.2982258e-01
-1.1186190e+00
-1.2874420e-01
9.9374793e-02
8.7950908e-02
2.1437508e-01
1.3617620e-01
-2.9639435e+00
7.9738371e-02
7.7356555e-02
6.7820154e-02
6.0138728e-02
5.6449063e-02
5.3130154e-02
5.0170507e-02
-6.5337457e-02
-9.8960981e-02
3.2573238e-02
-5.0523013e-01
-4.7974035e-01
-1.0124521e+00
-8.4520537e-01
-1.6228712e+00
-1.1570970e+00
-1.9109175e+00
-6.2918681e-01
-1.3023702e+00
-1.9325296e+00
-6.4727283e+00
-4.4620919e+00
4.6754163e-02
4.4884007e-02
4.3274209e-02
4.1072153e-02
-1.2846615e+00
-1.7399702e+00
1.1569764e-01
3.9154060e-02
3.7521459e-02
3.6039270e-02
3.4414008e-02
-1.4540582e+00
3.3004604e-02
3.1431485e-02
3.0102694e-02
2.8530626e-02
-2.3639906e-02
2.7233114e-02
2.5701016e-02
2.4447704e-02
2.2880098e-02
2.1624519e-02
2.0064030e-02
-2.7802522e+00
-2.1993520e+00
-8.1752453e+00
5.9909455e-02
7.7727385e-02
-8.5836661e-01
1.1401745e-01
1.8820209e-02
1.7253615e-02
1.6012106e-02
1.4441418e-02
1.5682325e-02
1.2866740e-02
2.1313971e-02
-3.4036890e-01
-1.0918083e+00
1.3200882e-02
2.9820856e-02
-8.8198799e-01
3.8861483e-02
5.1745605e-02
-3.3271692e+00
-2.4690602e+00
-1.6188580e+00
-1.6036545e+00
-2.6485951e+00
-1.3706251e+00
-6.4130694e-02
-2.0875888e+00
-8.6187249e-01
-5.5522928e+00
-5.0198781e-01
4.9885061e-02
-1.2355573e-01
7.1723115e-01
9.3139637e-01
1.4729729e+00
1.8970723e+00
5.7780452e+00
2.1733851e+00
2.7256927e+00
2.7680504e+00
3.2970495e+00
3.2016056e+00
3.7279406e+00
3.4708023e+00
3.8747990e+00
4.2701268e+00
4.2437458e+00
4.6743026e+00
4.4917312e+00
4.8936191e+00
4.5633030e+00
4.8788915e+00
4.4849586e+00
4.6574144e+00
4.2958126e+00
3.9232113e+00
4.3127255e+00
4.7627668e+00
4.2209592e+00
4.5093317e+00
8.0289536e+00
3.9209116e+00
3.9191153e+00
4.2544503e+00
4.0484991e+00
3.4182010e+00
3.2382004e+00
3.1005085e+00
2.8139243e+00
2.4330602e+00
-7.0841508e+00
-2.9057658e+00
3.4594903e+00
3.3840477e+00
5.1527491e+00
2.7779639e+00
5.2539773e+00
2.1581953e+00
1.5286088e+00
2.5286748e+00
3.7978692e+00
4.0427127e+00
3.8281360e+00
3.8509839e+00
3.6981654e+00
1.7847824e-01
-2.3234187e-01
1.5203197e+00
8.2092851e-01
6.0681200e-01
-1.3582751e-01
3.5420695e-01
-4.4929376e-01
-1.2468706e+00
-8.1137934e+00
4.8277091e-02
-1.2774774e+00
-2.5350528e+00
1.7685298e+00
1.3626432e+00
-1.2102050e+00
1.4108647e-02
1.1290988e-02
-2.5893211e+00
4.4938821e-02
-4.0307093e+00
-2.0357852e+00
-1.2081748e+00
-3.3114443e+00
3.5946777e+00
-2.4353511e+00
3.7412196e-02
1.0045940e-02
-3.5834167e+00
-2.9142892e+00
3.1367697e-02
-4.7922621e+00
-5.1292090e+00
2.7549601e-01
2.0384181e-02
-7.9683846e-01
-2.5632455e+00
-3.8163238e+00
-2.8594861e+00
-3.8924451e+00
2.6356908e-02
3.7173131e+00
3.8090875e+00
6.8147099e-01
3.8843536e-01
3.5321796e+00
7.4227202e-01
8.4638670e-03
-4.7545371e+00
1.2534894e-02
1.5351756e-02
1.4774185e-02
1.1959863e-02
-3.9300327e+00
-2.0563266e+00
-2.4701631e+00
1.0384864e-02
9.1432193e-03
-2.8411345e+00
-3.5858581e+00
-5.0550299e+00
-4.1743646e+00
-5.4528580e+00
-4.4080987e+00
-3.3619585e+00
-3.3471968e+00
3.3888574e+00
3.3815944e+00
1.3809131e-02
-2.4792395e+00
-2.3282199e+00
-3.0606613e+00
-2.0606635e+00
7.6870755e-03
-6.1209478e+00
7.4427938e-01
-1.4478126e-01
-1.7550494e-01
6.4838915e-03
1.7461149e-01
3.6974463e+00
3.7306454e+00
3.6332295e+00
3.8744407e+00
3.7245612e+00
3.8026121e+00
3.6513999e+00
3.6748796e+00
3.5222335e+00
3.4495256e+00
3.5458338e+00
-2.6016006e+00
-1.6870724e+00
-1.2056466e+00
-2.1963348e+00
-1.4344130e+00
7.3771449e-03
3.3539159e+00
6.7063248e-01
-1.9898260e+00
-1.3716928e+00
-2.0911674e+00
-1.4951881e+00
-2.3338783e+00
-6.0498800e+00
-1.9747829e+00
-8.0385548e-01
-6.2268800e-01
-2.2177921e-01
-1.0147792e+00
-9.9459475e-01
3.6547682e+00
-4.7551832e+00
-5.3377852e+00
-4.4722829e+00
-5.4412336e+00
-6.3320003e+00
-7.9167277e-01
-6.4796014e+00
1.3185046e-02
1.6468044e-02
-2.4438941e+00
-4.3206830e+00
-4.9264488e+00
-3.8477731e+00
-4.1563869e+00
-3.1622701e+00
-2.7649353e+00
5.3807441e-03
6.6134711e-03
-2.9630795e+00
3.4085324e+00
3.5044875e+00
-3.7718620e+00
-3.9890540e-01
-3.6963778e+00
-3.9891038e+00
-2.2208114e+00
-3.7362182e+00
-1.6329038e+00
-5.1283388e+00
4.9721370e+00
5.6708760e+00
5.7660446e+00
6.3865738e+00
6.2856474e+00
7.1416826e+00
6.9001160e+00
7.7427540e+00
7.1234555e+00
6.4368076e+00
6.4130955e+00
6.8613505e+00
6.0123072e+00
6.0849328e+00
5.2886863e+00
4.9375310e+00
5.2327318e+00
7.0512958e+00
6.8623328e+00
5.7515202e+00
5.9418621e+00
4.6677761e+00
4.4066639e+00
3.7035613e+00
3.9300914e+00
2.4666917e+00
2.6160467e+00
4.7883601e+00
3.7473524e+00
3.0251033e+00
2.4119897e+00
1.1246825e+00
1.0343416e+00
2.1314602e+00
-3.6248739e+00
-2.7629123e+00
2.9532306e+00
8.4613329e-03
1.0468606e+00
-1.3776414e+00
-8.1664574e-01
-1.1142741e+00
2.1162207e-01
6.0018315e+00
-5.3278405e-02
-7.6385150e+00
-8.0417833e+00
-5.3541617e+00
-5.3604603e+00
-3.0241024e+00
7.9692407e+00
3.1862445e+00
3.2663667e+00
2.9683003e+00
-8.0132952e+00
-7.3522863e+00
9.4065867e-02
-1.5387647e-01
3.1586747e+00
3.0775919e+00
-5.1009374e+00
2.5199444e+00
9.0302238e+00
-2.7497401e+00
-3.1413119e+00
1.1064836e-02
-3.0372581e+00
1.2141248e+00
5.3932562e+00
5.1205916e+00
-5.6760395e-01
-6.0847861e-01
4.8290949e+00
4.3106666e+00
-2.5983610e+00
-2.9745540e-01
2.5992944e+00
2.0488145e+00
1.6647005e-02
1.8169578e-02
2.6016643e+00
3.3516233e+00
2.9107571e+00
2.6877005e+00
3.7084725e+00
2.4421594e+00
2.2241440e+00
1.8570099e+00
-1.7237267e-01
-1.7255212e-01
-9.3718156e-02
-8.1031457e-02
-6.1706186e-04
-4.3380547e-02
4.2657260e-02
2.8520484e-02
5.2885622e-02
4.1909065e-02
2.0072559e-02
-2.2474593e-01
-2.7645633e-01
-1.6246247e-01
-2.9816848e-01
-1.3541220e-01
-8.5898772e-02
-4.4615060e-02
-4.8267089e-02
1.8279174e-02
3.3373892e-02
1.8429883e-02
6.0789678e-02
3.3519559e-02
-7.4661031e-02
6.2096171e-02
4.4039987e-02
-3.6048147e-01
-2.2073266e-01
-2.3854715e-01
-4.8349473e-01
1.0013869e-01
-4.2741328e-01
8.1482835e-02
8.7059058e-02
1.2453835e-01
1.7732050e-01
1.2643404e+00
2.5594244e+00
2.0389190e+00
5.6638036e+00
7.7869058e+00
4.4868016e-01
-1.0139550e-01
-3.0948879e-02
3.1622227e-02
6.0229722e-02
2.9361634e+00
3.2085490e+00
3.6120985e+00
3.1940637e+00
7.9887509e+00
-3.5115808e-02
-4.2033806e+00
3.5705571e+00
2.8532386e+00
3.1539956e-01
-4.3932276e+00
1.5325696e-02
-7.3943706e+00
-7.5924158e+00
-7.2696943e+00
-6.4103837e+00
7.5785346e-02
2.0975447e+00
1.8740699e+00
-2.6018783e-01
-5.6090274e+00
2.6438622e-02
3.5385877e-02
4.2154819e-02
4.2292859e-02
4.5439847e-02
4.3843865e-02
4.9763065e-02
5.3332254e-02
3.8889527e-02
4.0647790e-02
4.1140273e-02
-2.8723788e-01
3.5151539e+00
3.4711897e+00
3.9833248e+00
2.0140891e+00
1.3186352e+00
1.4139143e+00
1.3123562e+00
5.9036765e+00
-6.5103477e-01
-7.0354158e-01
3.8772378e-02
3.8357455e-02
3.6339648e-02
3.5416882e-02
3.3677295e-02
3.4632626e+00
4.0333819e-02
4.8627041e-02
3.2038070e-02
3.0534040e-02
2.7921889e-02
2.9159693e-02
3.5470548e+00
8.6256962e+00
-1.2367476e+00
2.7992313e+00
5.9028405e-01
2.3257306e-03
4.0377300e-02
4.2484488e-02
4.2374197e-02
4.5965802e-02
4.3671016e-02
4.9126919e-02
3.8735438e-02
4.1029494e-02
4.0861692e-02
4.3605629e-02
3.7067913e-02
2.4769700e-03
4.0025070e-02
2.4762393e-03
1.9543206e-02
2.1004861e-02
2.2404468e-02
2.3834683e-02
2.2561822e-02
2.5385963e-02
2.6616367e-02
2.8210510e-02
2.9424351e-02
3.1058397e-02
3.2216094e-02
3.3926770e-02
3.4985878e-02
3.6805864e-02
3.7838098e-02
3.6172312e-02
3.2726977e-02
2.4136102e-02
1.9745504e-02
-5.4259777e+00
2.1069819e-02
2.2773517e-02
1.9496553e-02
2.9369552e-02
2.3841605e-02
1.2644944e-02
1.8239519e-02
1.7593086e-02
1.0800075e-02
6.8314709e-03
2.3236319e-02
2.4495723e-02
1.6925769e-02
9.6973768e-03
4.9794591e-03
3.8916907e+00
4.0102444e+00
1.8496981e-02
6.9784988e-03
5.6313439e-03
3.4757292e+00
4.0548276e-02
1.1624627e-02
2.6963651e-02
4.1199145e+00
-4.7912927e+00
8.9466181e-03
-1.6120313e+00
-8.6455882e-01
-3.5044918e+00
3.4844546e+00
3.5701338e-02
5.9211537e-02
4.9260901e-03
3.4209043e-02
2.1430011e-01
-6.2783676e-01
3.6545596e+00
2.6113374e-02
-9.6349955e-02
6.1916195e-02
-1.7423613e+00
6.6809647e-02
8.2506249e-03
5.4291220e+00
4.0204849e+00
-3.2489481e+00
2.1025602e-02
8.7236673e-01
3.5581644e+00
3.4090326e+00
3.5565259e+00
3.4332678e+00
-7.1784806e+00
-1.0765303e+00
3.2287579e-02
-8.7946010e-01
3.4086552e+00
2.4360552e+00
2.6647920e-02
2.6615632e-03
5.9467398e-02
8.4941603e-02
-3.0687314e-01
-2.5528291e-01
-1.0594091e-01
6.1618009e+00
-8.8721561e-01
-8.3792913e-01
4.1382690e-03
1.8716072e+00
4.7530308e-03
-1.1624603e+00
2.5146548e-02
6.8666846e-01
1.2544414e-02
3.6079845e+00
4.2169385e+00
-1.3884890e+00
-2.1695273e+00
-3.6456308e-01
3.6239979e+00
-5.9953988e-01
3.7510052e-02
1.6312078e-01
5.4190778e-06
2.8826404e-02
4.6552672e+00
-6.1919923e+00
2.7895551e-02
3.7847266e+00
4.5260410e+00
-6.4011483e+00
-8.3465517e-01
2.3242198e-01
-1.6291320e+00
-2.8117633e-01
-1.6877496e+00
-3.1127594e+00
5.6145086e+00
-3.8663137e-01
3.0487428e+00
-6.5431719e+00
1.0095701e-02
-8.2377875e-03
4.6978016e+00
4.0540943e+00
3.8771730e-02
-1.7944334e+00
1.2042456e+00
1.9181491e+00
2.4243888e-02
3.9895788e-02
-8.1881928e-01
3.2491622e+00
9.6381766e-01
1.1458974e-01
3.6356590e+00
3.6738554e-01
2.7765620e-02
8.1344929e+00
4.1895247e+00
3.0690305e-02
2.3074784e+00
-8.1296527e-01
1.6560844e+00
2.5430148e-02
4.2523898e-02
-5.9648829e+00
-2.9142261e+00
-9.7468346e-02
-8.0721873e-01
3.1705310e+00
4.3593831e-02
1.7442670e-01
9.7900474e-01
1.7251961e+00
7.4370327e+00
4.2394046e-03
3.3374716e-02
1.3530403e-01
3.6685891e+00
-2.4670000e+00
-7.3585382e+00
9.3074393e-01
2.1588236e-02
-6.0834384e-01
5.6191115e+00
1.0765110e-01
-5.2018337e+00
3.3202410e+00
6.6814475e+00
-2.3196997e-02
3.4618523e-02
-2.5766873e+00
-1.0396883e+00
-4.6039906e+00
1.8226478e+00
4.6527036e-02
3.4144268e+00
5.6352861e-02
5.9025245e+00
-3.5350070e+00
1.9103419e-02
3.6072502e+00
-2.0316985e+00
-1.5916291e+00
4.0502133e+00
-6.0081100e-01
-1.6012989e+00
-1.7916811e+00
6.7379847e-03
-3.2726908e+00
3.4359493e+00
-5.2334242e+00
3.4360664e+00
4.7278307e-02
3.1458106e+00
3.3546052e+00
-1.0507206e+00
-6.8067274e+00
4.2108302e-03
-9.2907864e-01
4.8038354e+00
-3.9842391e-01
2.0530520e-03
-9.0572113e-01
1.6742179e-02
5.7989985e-02
-5.8085555e-01
2.0370251e-03
-3.4944019e-01
-2.3503919e+00
2.6809847e-02
-5.1282535e+00
-4.2409015e-01
1.6388928e+00
-5.8356771e+00
1.0809815e+00
5.2631069e-02
-2.1166314e-01
2.8096792e-01
-5.2291882e-01
1.0948063e+00
-2.5268075e+00
3.1483047e+00
-1.8380786e-01
3.7325933e+00
-2.1418002e+00
3.3999393e+00
4.9485821e-02
2.4946952e+00
3.3272557e+00
5.0306920e-02
1.4288657e-02
5.2943320e+00
-4.0886011e+00
-2.0563471e-01
-2.4612714e-03
-3.4994619e+00
-5.3213561e-01
7.8089699e-02
-1.1795261e-02
5.6983881e-02
-3.9847038e+00
1.1895663e+00
-1.7241812e-01
4.3956442e+00
-6.1799316e+00
-6.1518030e+00
3.6029823e+00
1.2025763e-01
2.8920393e+00
4.2873425e-03
3.1344948e+00
2.8163931e+00
-1.7636569e+00
4.0663290e+00
1.6430594e+00
3.7752411e+00
1.1385742e-02
-2.1656115e-01
1.0678677e-01
-2.2646980e+00
-5.5980295e-01
-6.7887015e+00
2.1155010e-01
-4.0813594e+00
CELL_DATA 1766
FIELD FieldData 0
