# vtk DataFile Version 4.0
vtk output
ASCII
DATASET UNSTRUCTURED_GRID
POINTS 945 float
0.0000000e+00 0.0000000e+00 0.0000000e+00 
2.0000000e+00 0.0000000e+00 0.0000000e+00 
2.0000000e+00 6.0000002e-01 0.0000000e+00 
0.0000000e+00 6.0000002e-01 0.0000000e+00 
5.6000000e-01 3.0000001e-01 0.0000000e+00 
5.5884713e-01 2.8829461e-01 0.0000000e+00 
5.5543280e-01 2.7703899e-01 0.0000000e+00 
5.4988819e-01 2.6666579e-01 0.0000000e+00 
5.4242641e-01 2.5757360e-01 0.0000000e+00 
5.3333420e-01 2.5011179e-01 0.0000000e+00 
5.2296102e-01 2.4456720e-01 0.0000000e+00 
5.1170540e-01 2.4115290e-01 0.0000000e+00 
5.0000000e-01 2.3999999e-01 0.0000000e+00 
4.8829460e-01 2.4115290e-01 0.0000000e+00 
4.7703901e-01 2.4456720e-01 0.0000000e+00 
4.6666580e-01 2.5011179e-01 0.0000000e+00 
4.5757359e-01 2.5757360e-01 0.0000000e+00 
4.5011181e-01 2.6666579e-01 0.0000000e+00 
4.4456720e-01 2.7703899e-01 0.0000000e+00 
4.4115290e-01 2.8829461e-01 0.0000000e+00 
4.4000000e-01 3.0000001e-01 0.0000000e+00 
4.4115290e-01 3.1170541e-01 0.0000000e+00 
4.4456720e-01 3.2296100e-01 0.0000000e+00 
4.5011181e-01 3.3333421e-01 0.0000000e+00 
4.5757359e-01 3.4242639e-01 0.0000000e+00 
4.6666580e-01 3.4988821e-01 0.0000000e+00 
4.7703901e-01 3.5543281e-01 0.0000000e+00 
4.8829460e-01 3.5884711e-01 0.0000000e+00 
5.0000000e-01 3.6000001e-01 0.0000000e+00 
5.1170540e-01 3.5884711e-01 0.0000000e+00 
5.2296102e-01 3.5543281e-01 0.0000000e+00 
5.3333420e-01 3.4988821e-01 0.0000000e+00 
5.4242641e-01 3.4242639e-01 0.0000000e+00 
5.4988819e-01 3.3333421e-01 0.0000000e+00 
5.5543280e-01 3.2296100e-01 0.0000000e+00 
5.5884713e-01 3.1170541e-01 0.0000000e+00 
5.9016321e-02 0.0000000e+00 0.0000000e+00 
1.1803260e-01 0.0000000e+00 0.0000000e+00 
1.7704900e-01 0.0000000e+00 0.0000000e+00 
2.3587100e-01 0.0000000e+00 0.0000000e+00 
2.9085249e-01 0.0000000e+00 0.0000000e+00 
3.4144861e-01 0.0000000e+00 0.0000000e+00 
3.8872591e-01 0.0000000e+00 0.0000000e+00 
4.3368599e-01 0.0000000e+00 0.0000000e+00 
4.7725680e-01 0.0000000e+00 0.0000000e+00 
5.2034539e-01 0.0000000e+00 0.0000000e+00 
5.6386721e-01 0.0000000e+00 0.0000000e+00 
6.0872579e-01 0.0000000e+00 0.0000000e+00 
6.5584701e-01 0.0000000e+00 0.0000000e+00 
7.0623368e-01 0.0000000e+00 0.0000000e+00 
7.6094180e-01 0.0000000e+00 0.0000000e+00 
8.1967372e-01 0.0000000e+00 0.0000000e+00 
8.7868989e-01 0.0000000e+00 0.0000000e+00 
9.3770629e-01 0.0000000e+00 0.0000000e+00 
9.9672258e-01 0.0000000e+00 0.0000000e+00 
1.0557390e+00 0.0000000e+00 0.0000000e+00 
1.1147550e+00 0.0000000e+00 0.0000000e+00 
1.1737720e+00 0.0000000e+00 0.0000000e+00 
1.2327880e+00 0.0000000e+00 0.0000000e+00 
1.2918040e+00 0.0000000e+00 0.0000000e+00 
1.3508210e+00 0.0000000e+00 0.0000000e+00 
1.4098370e+00 0.0000000e+00 0.0000000e+00 
1.4688530e+00 0.0000000e+00 0.0000000e+00 
1.5278690e+00 0.0000000e+00 0.0000000e+00 
1.5868860e+00 0.0000000e+00 0.0000000e+00 
1.6459020e+00 0.0000000e+00 0.0000000e+00 
1.7049180e+00 0.0000000e+00 0.0000000e+00 
1.7639350e+00 0.0000000e+00 0.0000000e+00 
1.8229510e+00 0.0000000e+00 0.0000000e+00 
1.8819669e+00 0.0000000e+00 0.0000000e+00 
1.9409840e+00 0.0000000e+00 0.0000000e+00 
2.0000000e+00 5.9999999e-02 0.0000000e+00 
2.0000000e+00 1.2000000e-01 0.0000000e+00 
2.0000000e+00 1.8000001e-01 0.0000000e+00 
2.0000000e+00 2.3999999e-01 0.0000000e+00 
2.0000000e+00 3.0000001e-01 0.0000000e+00 
2.0000000e+00 3.6000001e-01 0.0000000e+00 
2.0000000e+00 4.1999999e-01 0.0000000e+00 
2.0000000e+00 4.7999999e-01 0.0000000e+00 
2.0000000e+00 5.4000002e-01 0.0000000e+00 
1.9409840e+00 6.0000002e-01 0.0000000e+00 
1.8819669e+00 6.0000002e-01 0.0000000e+00 
1.8229510e+00 6.0000002e-01 0.0000000e+00 
1.7639350e+00 6.0000002e-01 0.0000000e+00 
1.7049180e+00 6.0000002e-01 0.0000000e+00 
1.6459020e+00 6.0000002e-01 0.0000000e+00 
1.5868860e+00 6.0000002e-01 0.0000000e+00 
1.5278690e+00 6.0000002e-01 0.0000000e+00 
1.4688530e+00 6.0000002e-01 0.0000000e+00 
1.4098370e+00 6.0000002e-01 0.0000000e+00 
1.3508210e+00 6.0000002e-01 0.0000000e+00 
1.2918040e+00 6.0000002e-01 0.0000000e+00 
1.2327880e+00 6.0000002e-01 0.0000000e+00 
1.1737720e+00 6.0000002e-01 0.0000000e+00 
1.1147550e+00 6.0000002e-01 0.0000000e+00 
1.0557390e+00 6.0000002e-01 0.0000000e+00 
9.9672258e-01 6.0000002e-01 0.0000000e+00 
9.3770629e-01 6.0000002e-01 0.0000000e+00 
8.7868989e-01 6.0000002e-01 0.0000000e+00 
8.1967372e-01 6.0000002e-01 0.0000000e+00 
7.6094180e-01 6.0000002e-01 0.0000000e+00 
7.0623368e-01 6.0000002e-01 0.0000000e+00 
6.5584701e-01 6.0000002e-01 0.0000000e+00 
6.0872579e-01 6.0000002e-01 0.0000000e+00 
5.6386721e-01 6.0000002e-01 0.0000000e+00 
5.2034539e-01 6.0000002e-01 0.0000000e+00 
4.7725680e-01 6.0000002e-01 0.0000000e+00 
4.3368599e-01 6.0000002e-01 0.0000000e+00 
3.8872591e-01 6.0000002e-01 0.0000000e+00 
3.4144861e-01 6.0000002e-01 0.0000000e+00 
2.9085249e-01 6.0000002e-01 0.0000000e+00 
2.3587100e-01 6.0000002e-01 0.0000000e+00 
1.7704900e-01 6.0000002e-01 0.0000000e+00 
1.1803260e-01 6.0000002e-01 0.0000000e+00 
5.9016321e-02 6.0000002e-01 0.0000000e+00 
0.0000000e+00 5.4000002e-01 0.0000000e+00 
0.0000000e+00 4.7999999e-01 0.0000000e+00 
0.0000000e+00 4.1999999e-01 0.0000000e+00 
0.0000000e+00 3.6000001e-01 0.0000000e+00 
0.0000000e+00 3.0000001e-01 0.0000000e+00 
0.0000000e+00 2.3999999e-01 0.0000000e+00 
0.0000000e+00 1.8000001e-01 0.0000000e+00 
0.0000000e+00 1.2000000e-01 0.0000000e+00 
0.0000000e+00 5.9999999e-02 0.0000000e+00 
4.3026751e-01 3.0683401e-01 0.0000000e+00 
8.4908241e-01 5.5269438e-01 0.0000000e+00 
7.8790653e-01 5.1802918e-02 0.0000000e+00 
1.1430219e+00 5.0576471e-02 0.0000000e+00 
1.4415160e+00 5.0573289e-02 0.0000000e+00 
1.6754100e+00 5.5038619e-01 0.0000000e+00 
2.6041579e-01 5.2875768e-02 0.0000000e+00 
9.6895182e-01 5.0380111e-02 0.0000000e+00 
2.6302171e-01 5.5612308e-01 0.0000000e+00 
5.5065349e-02 2.6500449e-01 0.0000000e+00 
1.2615570e+00 5.4759312e-01 0.0000000e+00 
1.0253479e+00 5.4886931e-01 0.0000000e+00 
1.6201590e+00 5.4130111e-02 0.0000000e+00 
1.4979730e+00 5.5115038e-01 0.0000000e+00 
6.7900127e-01 5.5979192e-01 0.0000000e+00 
1.9463980e+00 2.6800990e-01 0.0000000e+00 
6.3145077e-01 3.8099781e-02 0.0000000e+00 
4.1331020e-01 5.6811810e-01 0.0000000e+00 
4.1231820e-01 3.8809739e-02 0.0000000e+00 
5.4410732e-01 5.6000441e-01 0.0000000e+00 
1.7962800e+00 5.9606131e-02 0.0000000e+00 
5.4468262e-01 3.7558820e-02 0.0000000e+00 
4.9130220e-02 3.9247900e-01 0.0000000e+00 
1.9509200e+00 3.8997239e-01 0.0000000e+00 
1.3233820e+00 4.9667731e-02 0.0000000e+00 
1.3821890e+00 5.4839480e-01 0.0000000e+00 
1.1434870e+00 5.4837209e-01 0.0000000e+00 
1.7959980e+00 5.4855859e-01 0.0000000e+00 
4.9401909e-02 1.5067521e-01 0.0000000e+00 
1.4989950e-01 5.5529898e-01 0.0000000e+00 
1.9519399e+00 1.5339760e-01 0.0000000e+00 
1.4754079e-01 5.1025499e-02 0.0000000e+00 
1.9506550e+00 5.1069498e-01 0.0000000e+00 
1.9114760e+00 5.1109631e-02 0.0000000e+00 
4.9216151e-02 5.0927132e-01 0.0000000e+00 
5.8710063e-01 3.6655251e-02 0.0000000e+00 
6.0428280e-01 7.4787550e-02 0.0000000e+00 
6.4929068e-01 7.4443869e-02 0.0000000e+00 
6.2715179e-01 1.0633790e-01 0.0000000e+00 
5.9329480e-01 1.0799770e-01 0.0000000e+00 
6.0949302e-01 1.3488390e-01 0.0000000e+00 
6.4123279e-01 1.3555969e-01 0.0000000e+00 
6.2006623e-01 1.6328260e-01 0.0000000e+00 
6.5316749e-01 1.6381399e-01 0.0000000e+00 
6.3351321e-01 1.8958050e-01 0.0000000e+00 
6.6427898e-01 1.8941709e-01 0.0000000e+00 
6.4933020e-01 2.1180780e-01 0.0000000e+00 
6.7645937e-01 2.1359310e-01 0.0000000e+00 
6.6097301e-01 2.3410480e-01 0.0000000e+00 
6.8796802e-01 2.3757669e-01 0.0000000e+00 
6.7103261e-01 2.5876111e-01 0.0000000e+00 
6.9990993e-01 2.6214910e-01 0.0000000e+00 
6.8101048e-01 2.8387409e-01 0.0000000e+00 
7.1248281e-01 2.8716281e-01 0.0000000e+00 
7.2971261e-01 2.6349890e-01 0.0000000e+00 
7.4486363e-01 2.9076719e-01 0.0000000e+00 
6.9556361e-01 3.0985960e-01 0.0000000e+00 
7.6406652e-01 2.6318431e-01 0.0000000e+00 
7.8114778e-01 2.9619500e-01 0.0000000e+00 
5.5403137e-01 2.5565761e-01 0.0000000e+00 
5.6691158e-01 2.7902979e-01 0.0000000e+00 
8.0246252e-01 2.6402649e-01 0.0000000e+00 
8.2167560e-01 3.0103979e-01 0.0000000e+00 
5.7978672e-01 1.3316999e-01 0.0000000e+00 
6.9627529e-01 1.8651520e-01 0.0000000e+00 
8.4832448e-01 2.6130950e-01 0.0000000e+00 
8.6857778e-01 3.0716091e-01 0.0000000e+00 
6.6883779e-01 3.0851370e-01 0.0000000e+00 
6.8001598e-01 3.3176759e-01 0.0000000e+00 
5.6956083e-01 3.0685109e-01 0.0000000e+00 
8.9643359e-01 2.6652190e-01 0.0000000e+00 
9.1803229e-01 3.1445420e-01 0.0000000e+00 
9.4838840e-01 2.6944679e-01 0.0000000e+00 
9.7196358e-01 3.1528941e-01 0.0000000e+00 
1.0020620e+00 2.7188951e-01 0.0000000e+00 
1.0263140e+00 3.1974381e-01 0.0000000e+00 
1.0557370e+00 2.7577680e-01 0.0000000e+00 
6.5179992e-01 3.3081001e-01 0.0000000e+00 
6.6418201e-01 3.5163379e-01 0.0000000e+00 
6.8745148e-01 3.5866591e-01 0.0000000e+00 
6.4083183e-01 3.5175639e-01 0.0000000e+00 
6.5020132e-01 3.7057751e-01 0.0000000e+00 
6.2925631e-01 3.6861771e-01 0.0000000e+00 
6.3750827e-01 3.8906679e-01 0.0000000e+00 
6.1479098e-01 3.8505989e-01 0.0000000e+00 
6.2451601e-01 4.0700281e-01 0.0000000e+00 
6.0271370e-01 4.0461549e-01 0.0000000e+00 
6.4791143e-01 4.1049060e-01 0.0000000e+00 
6.1149168e-01 4.2533240e-01 0.0000000e+00 
5.8940130e-01 4.2314041e-01 0.0000000e+00 
5.4590571e-01 3.5405469e-01 0.0000000e+00 
5.5933821e-01 3.3214769e-01 0.0000000e+00 
1.0820900e+00 3.2265610e-01 0.0000000e+00 
1.1129040e+00 2.7988619e-01 0.0000000e+00 
1.1385900e+00 3.3131590e-01 0.0000000e+00 
1.1718310e+00 2.8342861e-01 0.0000000e+00 
5.9854919e-01 4.4447681e-01 0.0000000e+00 
5.7566178e-01 4.4153079e-01 0.0000000e+00 
8.0048358e-01 3.3398119e-01 0.0000000e+00 
1.1962050e+00 3.3624330e-01 0.0000000e+00 
1.2286429e+00 2.8668931e-01 0.0000000e+00 
1.2540359e+00 3.3862561e-01 0.0000000e+00 
1.2863950e+00 2.8994620e-01 0.0000000e+00 
6.1140192e-01 1.8628950e-01 0.0000000e+00 
1.3121480e+00 3.4238011e-01 0.0000000e+00 
1.3446890e+00 2.9366851e-01 0.0000000e+00 
1.3705840e+00 3.4558439e-01 0.0000000e+00 
1.4032860e+00 2.9774809e-01 0.0000000e+00 
6.4617378e-01 3.0788270e-01 0.0000000e+00 
1.4291511e+00 3.4956750e-01 0.0000000e+00 
1.4618640e+00 3.0163100e-01 0.0000000e+00 
1.4877310e+00 3.5457411e-01 0.0000000e+00 
1.5206050e+00 3.0603161e-01 0.0000000e+00 
1.5464530e+00 3.5889450e-01 0.0000000e+00 
1.5793800e+00 3.1008351e-01 0.0000000e+00 
5.6763572e-01 4.1851109e-01 0.0000000e+00 
5.5408603e-01 4.3793961e-01 0.0000000e+00 
5.2029008e-01 3.6688760e-01 0.0000000e+00 
9.4794089e-01 3.6647639e-01 0.0000000e+00 
8.7384099e-01 2.2074890e-01 0.0000000e+00 
6.3348472e-01 2.3041780e-01 0.0000000e+00 
7.8118002e-01 2.2578520e-01 0.0000000e+00 
1.6052290e+00 3.6304700e-01 0.0000000e+00 
1.6382140e+00 3.1413361e-01 0.0000000e+00 
1.6641290e+00 3.6722910e-01 0.0000000e+00 
1.6971480e+00 3.1819481e-01 0.0000000e+00 
1.6712240e+00 2.6505721e-01 0.0000000e+00 
1.7302210e+00 2.6912081e-01 0.0000000e+00 
1.5534170e+00 2.5684619e-01 0.0000000e+00 
6.7181969e-01 1.4093800e-01 0.0000000e+00 
5.8596748e-01 4.6394360e-01 0.0000000e+00 
1.7230920e+00 3.7133509e-01 0.0000000e+00 
1.3771909e+00 2.4454120e-01 0.0000000e+00 
6.2249678e-01 4.4700289e-01 0.0000000e+00 
1.2033920e+00 2.3449400e-01 0.0000000e+00 
1.0287880e+00 2.3015590e-01 0.0000000e+00 
5.4669750e-01 4.1895449e-01 0.0000000e+00 
5.3373671e-01 4.3515179e-01 0.0000000e+00 
5.4073101e-01 4.5481020e-01 0.0000000e+00 
5.1996583e-01 4.5137540e-01 0.0000000e+00 
5.1387292e-01 4.2921981e-01 0.0000000e+00 
4.9935541e-01 4.4742331e-01 0.0000000e+00 
4.5565760e-01 3.5403141e-01 0.0000000e+00 
4.9349809e-01 4.2846820e-01 0.0000000e+00 
4.7935709e-01 4.4358870e-01 0.0000000e+00 
4.7970989e-01 3.6688760e-01 0.0000000e+00 
4.8592600e-01 4.6396780e-01 0.0000000e+00 
4.6443069e-01 4.5930001e-01 0.0000000e+00 
4.5825541e-01 4.3536639e-01 0.0000000e+00 
4.4286779e-01 4.5335940e-01 0.0000000e+00 
4.3592349e-01 4.3169260e-01 0.0000000e+00 
4.2123440e-01 4.4813421e-01 0.0000000e+00 
4.1462469e-01 4.2622849e-01 0.0000000e+00 
4.3825611e-01 3.3387709e-01 0.0000000e+00 
3.9864141e-01 4.4291711e-01 0.0000000e+00 
3.9200109e-01 4.1997111e-01 0.0000000e+00 
3.7504819e-01 4.3754801e-01 0.0000000e+00 
3.6926591e-01 4.1456231e-01 0.0000000e+00 
3.5052001e-01 4.3156540e-01 0.0000000e+00 
3.4640020e-01 4.0321410e-01 0.0000000e+00 
3.2338160e-01 4.2558259e-01 0.0000000e+00 
3.1625420e-01 3.9745620e-01 0.0000000e+00 
3.3599329e-01 3.7658459e-01 0.0000000e+00 
3.0888751e-01 3.6996761e-01 0.0000000e+00 
3.2846531e-01 3.5015899e-01 0.0000000e+00 
3.0453789e-01 3.4228960e-01 0.0000000e+00 
3.2241219e-01 3.2376000e-01 0.0000000e+00 
2.9612821e-01 3.1610900e-01 0.0000000e+00 
3.1577420e-01 2.9729351e-01 0.0000000e+00 
2.8885421e-01 2.8886101e-01 0.0000000e+00 
3.0968001e-01 2.6928011e-01 0.0000000e+00 
2.8137040e-01 2.6060769e-01 0.0000000e+00 
2.8570160e-01 3.8790971e-01 0.0000000e+00 
3.0315241e-01 2.4067999e-01 0.0000000e+00 
3.3230671e-01 2.5245121e-01 0.0000000e+00 
3.2487640e-01 2.2290690e-01 0.0000000e+00 
3.5372531e-01 2.3027760e-01 0.0000000e+00 
4.3461740e-01 2.7961159e-01 0.0000000e+00 
3.4512779e-01 2.0528039e-01 0.0000000e+00 
3.6950600e-01 2.1069451e-01 0.0000000e+00 
2.6638910e-01 3.1392881e-01 0.0000000e+00 
2.7405229e-01 2.3109850e-01 0.0000000e+00 
3.6342499e-01 1.8842390e-01 0.0000000e+00 
3.8558939e-01 1.9589300e-01 0.0000000e+00 
4.4520050e-01 2.5469631e-01 0.0000000e+00 
3.8103029e-01 1.7263541e-01 0.0000000e+00 
4.0200421e-01 1.8057050e-01 0.0000000e+00 
4.9249741e-01 2.2787590e-01 0.0000000e+00 
4.6605590e-01 2.3826469e-01 0.0000000e+00 
3.3931601e-01 1.7988220e-01 0.0000000e+00 
3.8745371e-01 3.9799151e-01 0.0000000e+00 
3.5741779e-01 2.5419459e-01 0.0000000e+00 
3.5627639e-01 4.5751181e-01 0.0000000e+00 
3.4765261e-01 3.3191890e-01 0.0000000e+00 
3.9811629e-01 1.5518570e-01 0.0000000e+00 
4.2193061e-01 1.6662900e-01 0.0000000e+00 
3.7476501e-01 1.4610679e-01 0.0000000e+00 
3.9139041e-01 2.1633980e-01 0.0000000e+00 
2.5018540e-01 2.5338060e-01 0.0000000e+00 
2.4227400e-01 2.1673180e-01 0.0000000e+00 
2.1296521e-01 2.4632980e-01 0.0000000e+00 
2.0310380e-01 2.0643540e-01 0.0000000e+00 
4.7074649e-01 4.8204380e-01 0.0000000e+00 
4.9385741e-01 4.8678511e-01 0.0000000e+00 
4.1766569e-01 1.3875820e-01 0.0000000e+00 
4.3951231e-01 1.4885530e-01 0.0000000e+00 
4.4284999e-01 1.6929220e-01 0.0000000e+00 
4.6074921e-01 1.5907930e-01 0.0000000e+00 
4.5701310e-01 1.3411739e-01 0.0000000e+00 
4.7804150e-01 1.4308280e-01 0.0000000e+00 
4.8207700e-01 1.6432039e-01 0.0000000e+00 
5.2000839e-01 2.3249920e-01 0.0000000e+00 
4.7522539e-01 1.1890660e-01 0.0000000e+00 
4.9824399e-01 1.5124670e-01 0.0000000e+00 
5.0239080e-01 1.7379840e-01 0.0000000e+00 
4.0624869e-01 4.6688080e-01 0.0000000e+00 
4.2919409e-01 4.1243970e-01 0.0000000e+00 
6.2043011e-01 3.4884781e-01 0.0000000e+00 
1.7042540e+00 2.1590130e-01 0.0000000e+00 
1.7632940e+00 2.2000070e-01 0.0000000e+00 
5.9477502e-01 3.8850871e-01 0.0000000e+00 
1.1047130e+00 3.7971979e-01 0.0000000e+00 
5.5632508e-01 4.0331629e-01 0.0000000e+00 
5.1673311e-01 1.5979400e-01 0.0000000e+00 
5.1686460e-01 1.3875850e-01 0.0000000e+00 
5.2089018e-01 1.7866670e-01 0.0000000e+00 
2.3531640e-01 1.7608330e-01 0.0000000e+00 
4.8605490e-01 1.8340071e-01 0.0000000e+00 
1.2225550e+00 3.8796490e-01 0.0000000e+00 
1.7893510e+00 2.7321759e-01 0.0000000e+00 
5.0436419e-01 4.1349870e-01 0.0000000e+00 
4.8793069e-01 4.1161671e-01 0.0000000e+00 
1.3432890e+00 3.9487341e-01 0.0000000e+00 
4.9844569e-01 3.9902619e-01 0.0000000e+00 
5.1288861e-01 4.0051869e-01 0.0000000e+00 
4.7826111e-01 5.0721961e-01 0.0000000e+00 
1.5723439e+00 4.1086179e-01 0.0000000e+00 
5.6928509e-01 1.1216540e-01 0.0000000e+00 
5.3438342e-01 1.6713411e-01 0.0000000e+00 
5.3660733e-01 1.8530799e-01 0.0000000e+00 
5.5097228e-01 1.7492341e-01 0.0000000e+00 
5.5329382e-01 1.9238080e-01 0.0000000e+00 
1.4477730e+00 4.0997440e-01 0.0000000e+00 
1.7183121e-01 2.3577370e-01 0.0000000e+00 
1.8385801e-01 2.7833050e-01 0.0000000e+00 
4.5149651e-01 1.1040960e-01 0.0000000e+00 
4.7247219e-01 9.1955133e-02 0.0000000e+00 
1.9255680e-01 1.6331930e-01 0.0000000e+00 
4.5135620e-01 5.0161749e-01 0.0000000e+00 
1.8225530e+00 2.2401039e-01 0.0000000e+00 
5.2494282e-01 1.9506520e-01 0.0000000e+00 
1.7372680e+00 1.6678140e-01 0.0000000e+00 
1.6782570e+00 1.6271511e-01 0.0000000e+00 
1.6900350e+00 4.2038351e-01 0.0000000e+00 
1.7490560e+00 4.2454061e-01 0.0000000e+00 
4.8329440e-01 3.9614201e-01 0.0000000e+00 
4.7259709e-01 4.0761891e-01 0.0000000e+00 
4.6829471e-01 3.9267531e-01 0.0000000e+00 
1.7821480e+00 3.7544200e-01 0.0000000e+00 
1.8081650e+00 4.2873210e-01 0.0000000e+00 
5.6767190e-01 1.8248910e-01 0.0000000e+00 
5.6965590e-01 1.9964610e-01 0.0000000e+00 
5.5310482e-01 2.0997940e-01 0.0000000e+00 
5.7153863e-01 2.1648981e-01 0.0000000e+00 
5.5832732e-01 2.2570750e-01 0.0000000e+00 
5.7294083e-01 2.3188220e-01 0.0000000e+00 
5.8571517e-01 2.2277141e-01 0.0000000e+00 
5.8722973e-01 2.3849240e-01 0.0000000e+00 
2.2661661e-01 1.3415439e-01 0.0000000e+00 
2.6798990e-01 1.4730521e-01 0.0000000e+00 
1.7105891e+00 1.1396340e-01 0.0000000e+00 
5.9993339e-01 2.2935030e-01 0.0000000e+00 
6.0129720e-01 2.4530940e-01 0.0000000e+00 
5.8868867e-01 2.5420901e-01 0.0000000e+00 
6.0235012e-01 2.6110700e-01 0.0000000e+00 
1.8387530e+00 3.7525591e-01 0.0000000e+00 
5.4489303e-01 2.2099259e-01 0.0000000e+00 
4.5784310e-01 5.2955812e-01 0.0000000e+00 
5.1062381e-01 5.1103139e-01 0.0000000e+00 
4.9833831e-01 1.0296860e-01 0.0000000e+00 
1.8639690e+00 4.2541769e-01 0.0000000e+00 
4.9523690e-01 7.3985048e-02 0.0000000e+00 
1.3844220e-01 2.6736441e-01 0.0000000e+00 
1.5088230e-01 3.1097111e-01 0.0000000e+00 
1.2641050e-01 2.2494370e-01 0.0000000e+00 
2.0287590e-01 3.2045639e-01 0.0000000e+00 
1.6756350e-01 3.5410741e-01 0.0000000e+00 
2.1099889e-01 3.6507410e-01 0.0000000e+00 
1.8053800e-01 3.9719370e-01 0.0000000e+00 
2.2913329e-01 4.0715241e-01 0.0000000e+00 
1.9421770e-01 4.3993911e-01 0.0000000e+00 
2.3865750e-01 4.5007020e-01 0.0000000e+00 
1.4811151e-01 4.3034700e-01 0.0000000e+00 
5.9036589e-01 2.6973200e-01 0.0000000e+00 
6.0372931e-01 2.7649191e-01 0.0000000e+00 
6.1619169e-01 2.6624000e-01 0.0000000e+00 
5.9138829e-01 2.8492469e-01 0.0000000e+00 
6.0468042e-01 2.9163459e-01 0.0000000e+00 
1.8453060e+00 2.7996099e-01 0.0000000e+00 
2.0954210e-01 4.8537201e-01 0.0000000e+00 
4.6530190e-01 6.3733928e-02 0.0000000e+00 
5.9247959e-01 2.9992181e-01 0.0000000e+00 
6.0560697e-01 3.0666059e-01 0.0000000e+00 
5.9351093e-01 3.1494951e-01 0.0000000e+00 
6.0633099e-01 3.2174519e-01 0.0000000e+00 
5.9430778e-01 3.2937449e-01 0.0000000e+00 
4.9347320e-01 3.8454881e-01 0.0000000e+00 
5.5062449e-01 1.5674770e-01 0.0000000e+00 
4.5774269e-01 4.0380031e-01 0.0000000e+00 
4.5300320e-01 3.8926181e-01 0.0000000e+00 
5.2078158e-01 8.5589677e-02 0.0000000e+00 
5.2809721e-01 4.7261381e-01 0.0000000e+00 
5.4998982e-01 4.7740239e-01 0.0000000e+00 
1.1647230e-01 3.4303319e-01 0.0000000e+00 
5.4025501e-01 4.0216339e-01 0.0000000e+00 
5.4931629e-01 3.8893181e-01 0.0000000e+00 
5.6429678e-01 3.8917771e-01 0.0000000e+00 
5.5815691e-01 3.7613159e-01 0.0000000e+00 
5.3233409e-01 3.8730109e-01 0.0000000e+00 
6.1810511e-01 2.9840681e-01 0.0000000e+00 
5.4633558e-01 2.3408321e-01 0.0000000e+00 
1.7233150e+00 4.7115931e-01 0.0000000e+00 
1.6544410e+00 4.6960419e-01 0.0000000e+00 
5.9817278e-01 2.1342160e-01 0.0000000e+00 
5.7312608e-01 3.7630349e-01 0.0000000e+00 
5.6664068e-01 3.6344349e-01 0.0000000e+00 
5.8089459e-01 3.6333910e-01 0.0000000e+00 
5.7436389e-01 3.5058859e-01 0.0000000e+00 
5.8890998e-01 3.5140380e-01 0.0000000e+00 
5.9597099e-01 3.6360300e-01 0.0000000e+00 
1.8871840e+00 2.3216370e-01 0.0000000e+00 
1.8613670e+00 1.6699770e-01 0.0000000e+00 
5.8043772e-01 3.2325599e-01 0.0000000e+00 
1.8341640e-01 1.2044960e-01 0.0000000e+00 
1.4539170e-01 1.4803199e-01 0.0000000e+00 
5.2981251e-01 4.1606659e-01 0.0000000e+00 
6.3278657e-01 3.2098520e-01 0.0000000e+00 
4.9883649e-01 1.9035070e-01 0.0000000e+00 
4.8866749e-01 1.9995619e-01 0.0000000e+00 
4.7372600e-01 1.9428051e-01 0.0000000e+00 
4.7687241e-01 2.0988560e-01 0.0000000e+00 
4.6230760e-01 2.0519090e-01 0.0000000e+00 
5.0175709e-01 2.0284539e-01 0.0000000e+00 
3.7420979e-01 2.4249861e-01 0.0000000e+00 
3.7680081e-01 2.5999850e-01 0.0000000e+00 
3.6377189e-01 2.7359021e-01 0.0000000e+00 
3.8147151e-01 2.7786380e-01 0.0000000e+00 
3.9390230e-01 2.6630861e-01 0.0000000e+00 
3.9790910e-01 2.8215069e-01 0.0000000e+00 
3.8660839e-01 2.9399589e-01 0.0000000e+00 
4.0266559e-01 2.9749459e-01 0.0000000e+00 
3.9230630e-01 3.0959940e-01 0.0000000e+00 
3.7539089e-01 3.0645579e-01 0.0000000e+00 
3.8165531e-01 3.2178041e-01 0.0000000e+00 
3.9764741e-01 3.2483751e-01 0.0000000e+00 
3.8738471e-01 3.3702531e-01 0.0000000e+00 
4.0318671e-01 3.3988059e-01 0.0000000e+00 
3.9298999e-01 3.5206911e-01 0.0000000e+00 
4.0884519e-01 3.5489669e-01 0.0000000e+00 
3.7592891e-01 3.5095471e-01 0.0000000e+00 
4.1221961e-01 3.2815641e-01 0.0000000e+00 
4.0885890e-01 2.7070051e-01 0.0000000e+00 
4.0606499e-01 2.5576550e-01 0.0000000e+00 
4.2036530e-01 2.6073930e-01 0.0000000e+00 
4.1758421e-01 2.4588020e-01 0.0000000e+00 
3.9879280e-01 3.6719501e-01 0.0000000e+00 
4.1457930e-01 3.6959961e-01 0.0000000e+00 
4.2435291e-01 3.5784501e-01 0.0000000e+00 
4.3005049e-01 3.7181091e-01 0.0000000e+00 
4.2064139e-01 3.8399899e-01 0.0000000e+00 
4.0332180e-01 2.4100940e-01 0.0000000e+00 
4.1523230e-01 2.3128320e-01 0.0000000e+00 
4.2901969e-01 2.3581611e-01 0.0000000e+00 
4.2680249e-01 2.2116630e-01 0.0000000e+00 
4.4072181e-01 2.2622180e-01 0.0000000e+00 
4.3834931e-01 2.1132030e-01 0.0000000e+00 
4.2324290e-01 2.0628519e-01 0.0000000e+00 
5.7600939e-01 2.6372889e-01 0.0000000e+00 
4.6461701e-01 3.7602729e-01 0.0000000e+00 
4.4586849e-01 3.4520641e-01 0.0000000e+00 
1.8224460e+00 4.8960349e-01 0.0000000e+00 
4.3567330e-01 1.9562960e-01 0.0000000e+00 
5.9315038e-01 1.5660501e-01 0.0000000e+00 
4.5945361e-01 1.9019520e-01 0.0000000e+00 
6.2804931e-01 2.1075760e-01 0.0000000e+00 
4.4690049e-01 3.7500271e-01 0.0000000e+00 
4.3590689e-01 2.6693821e-01 0.0000000e+00 
4.5538360e-01 2.4537770e-01 0.0000000e+00 
5.3253782e-01 3.6093631e-01 0.0000000e+00 
5.0687999e-01 3.7203360e-01 0.0000000e+00 
5.5479759e-01 3.4289679e-01 0.0000000e+00 
4.7859880e-01 2.3292100e-01 0.0000000e+00 
5.6951690e-01 2.9091081e-01 0.0000000e+00 
4.3251589e-01 3.2153201e-01 0.0000000e+00 
2.5864059e-01 4.9322551e-01 0.0000000e+00 
2.8119770e-01 4.6436489e-01 0.0000000e+00 
2.9712620e-01 4.9769270e-01 0.0000000e+00 
5.0679362e-01 2.2942559e-01 0.0000000e+00 
5.1640040e-01 2.1935740e-01 0.0000000e+00 
6.5671778e-01 2.8741741e-01 0.0000000e+00 
6.4681822e-01 2.6546481e-01 0.0000000e+00 
2.6161829e-01 1.0442510e-01 0.0000000e+00 
2.9914159e-01 1.2133270e-01 0.0000000e+00 
5.3835911e-01 2.0090669e-01 0.0000000e+00 
4.1076070e-01 4.0288219e-01 0.0000000e+00 
4.2847160e-01 2.9058349e-01 0.0000000e+00 
5.8385968e-01 4.0419951e-01 0.0000000e+00 
4.6758640e-01 2.2237021e-01 0.0000000e+00 
1.7680900e+00 1.1666990e-01 0.0000000e+00 
4.6705061e-01 3.6164391e-01 0.0000000e+00 
4.2953780e-01 5.2015013e-01 0.0000000e+00 
3.4222049e-01 3.0633521e-01 0.0000000e+00 
3.3303869e-01 2.8045291e-01 0.0000000e+00 
5.3547281e-01 4.9663380e-01 0.0000000e+00 
5.6233060e-01 5.0093198e-01 0.0000000e+00 
3.5305610e-01 3.5562491e-01 0.0000000e+00 
3.6326250e-01 3.7681499e-01 0.0000000e+00 
5.8255208e-01 1.8968870e-01 0.0000000e+00 
5.6585908e-01 6.7596443e-02 0.0000000e+00 
3.1423870e-01 5.6071562e-01 0.0000000e+00 
3.6825681e-01 5.5769640e-01 0.0000000e+00 
1.6511329e+00 1.0926090e-01 0.0000000e+00 
1.6192470e+00 1.5863900e-01 0.0000000e+00 
3.1425080e-01 3.9930049e-02 0.0000000e+00 
3.1129351e-01 1.6085930e-01 0.0000000e+00 
3.3299991e-01 1.3328290e-01 0.0000000e+00 
3.3072019e-01 1.0009960e-01 0.0000000e+00 
2.7850899e-01 1.8997809e-01 0.0000000e+00 
3.6250210e-01 1.1719080e-01 0.0000000e+00 
3.6242679e-01 7.9823360e-02 0.0000000e+00 
3.9215559e-01 9.3917303e-02 0.0000000e+00 
6.7704421e-01 3.9422091e-02 0.0000000e+00 
6.9158012e-01 7.9496212e-02 0.0000000e+00 
7.2696608e-01 4.4044841e-02 0.0000000e+00 
7.3696113e-01 9.5335990e-02 0.0000000e+00 
7.9171729e-01 1.0606610e-01 0.0000000e+00 
7.5707722e-01 1.3865989e-01 0.0000000e+00 
8.0465728e-01 1.5881000e-01 0.0000000e+00 
8.4009641e-01 1.2030350e-01 0.0000000e+00 
8.5441029e-01 1.6780110e-01 0.0000000e+00 
8.9020813e-01 1.3047090e-01 0.0000000e+00 
8.7580758e-01 8.5384279e-02 0.0000000e+00 
6.3392729e-01 5.6027758e-01 0.0000000e+00 
6.5490252e-01 5.2222651e-01 0.0000000e+00 
6.9785458e-01 5.2009457e-01 0.0000000e+00 
6.6947389e-01 4.8214740e-01 0.0000000e+00 
7.1400052e-01 4.7928271e-01 0.0000000e+00 
7.3890662e-01 5.1415598e-01 0.0000000e+00 
7.5538421e-01 4.7427329e-01 0.0000000e+00 
7.3060858e-01 4.4053549e-01 0.0000000e+00 
7.7131832e-01 4.3481070e-01 0.0000000e+00 
7.4432129e-01 4.0371630e-01 0.0000000e+00 
7.9942912e-01 4.6868020e-01 0.0000000e+00 
8.1664360e-01 4.2528069e-01 0.0000000e+00 
8.4675127e-01 4.6303490e-01 0.0000000e+00 
7.0795268e-01 4.1132101e-01 0.0000000e+00 
8.6556101e-01 4.1526449e-01 0.0000000e+00 
9.0177119e-01 4.5578691e-01 0.0000000e+00 
6.1436248e-01 5.2457899e-01 0.0000000e+00 
5.9010911e-01 5.6233871e-01 0.0000000e+00 
6.8740159e-01 4.4485721e-01 0.0000000e+00 
6.3075930e-01 4.9217081e-01 0.0000000e+00 
8.2390177e-01 3.7696400e-01 0.0000000e+00 
6.5760958e-01 4.5251140e-01 0.0000000e+00 
8.8201141e-01 3.6469159e-01 0.0000000e+00 
7.1646827e-01 3.7200019e-01 0.0000000e+00 
7.5293612e-01 3.6630341e-01 0.0000000e+00 
7.3172802e-01 3.4158540e-01 0.0000000e+00 
4.3641081e-01 3.8625911e-01 0.0000000e+00 
3.3307719e-01 5.1888418e-01 0.0000000e+00 
3.7808201e-01 5.1874483e-01 0.0000000e+00 
4.1757399e-01 3.4319299e-01 0.0000000e+00 
4.0734050e-01 3.1263331e-01 0.0000000e+00 
4.8661929e-01 4.2812102e-02 0.0000000e+00 
7.2056448e-01 1.3380709e-01 0.0000000e+00 
7.2885102e-01 1.7120270e-01 0.0000000e+00 
7.6764971e-01 1.8236589e-01 0.0000000e+00 
7.3844647e-01 2.0840840e-01 0.0000000e+00 
3.2383901e-01 4.7502699e-01 0.0000000e+00 
2.0299730e-01 4.5617640e-02 0.0000000e+00 
5.8970161e-02 3.3410329e-01 0.0000000e+00 
2.0689000e-01 5.5709481e-01 0.0000000e+00 
4.1305149e-01 2.8573561e-01 0.0000000e+00 
7.8471351e-01 5.4944623e-01 0.0000000e+00 
5.7445318e-01 2.4704580e-01 0.0000000e+00 
4.8197981e-02 2.0613991e-01 0.0000000e+00 
2.9774281e-01 8.0907270e-02 0.0000000e+00 
5.0055778e-01 5.6669247e-01 0.0000000e+00 
5.6139982e-01 2.6632291e-01 0.0000000e+00 
1.6788280e+00 5.7307512e-02 0.0000000e+00 
5.1920211e-01 3.7999329e-01 0.0000000e+00 
5.3287011e-01 2.3837809e-01 0.0000000e+00 
4.9314889e-01 3.6956069e-01 0.0000000e+00 
5.4427528e-01 3.7591609e-01 0.0000000e+00 
7.8244883e-01 3.9527819e-01 0.0000000e+00 
3.6446571e-01 4.0250320e-02 0.0000000e+00 
4.4162789e-01 3.5938531e-01 0.0000000e+00 
6.3632941e-01 2.8842619e-01 0.0000000e+00 
4.9067271e-01 2.1312010e-01 0.0000000e+00 
9.0754151e-01 5.5067050e-01 0.0000000e+00 
9.6624529e-01 5.4957891e-01 0.0000000e+00 
9.9525559e-01 4.9868581e-01 0.0000000e+00 
1.0540251e+00 4.9801311e-01 0.0000000e+00 
1.0243800e+00 4.4818369e-01 0.0000000e+00 
1.0813180e+00 4.4429299e-01 0.0000000e+00 
9.6050638e-01 4.4521841e-01 0.0000000e+00 
9.9237692e-01 4.0150511e-01 0.0000000e+00 
9.3534291e-01 5.0050128e-01 0.0000000e+00 
1.1123620e+00 4.9683940e-01 0.0000000e+00 
1.1383430e+00 4.4216970e-01 0.0000000e+00 
5.4218680e-01 5.2327639e-01 0.0000000e+00 
4.9454380e-02 4.5007420e-01 0.0000000e+00 
1.0217610e-01 4.7936839e-01 0.0000000e+00 
2.2542991e-01 2.8165141e-01 0.0000000e+00 
3.9299640e-01 1.2565491e-01 0.0000000e+00 
4.2287391e-01 1.0849530e-01 0.0000000e+00 
4.1702661e-01 7.4225321e-02 0.0000000e+00 
4.2317891e-01 4.9126241e-01 0.0000000e+00 
3.6435950e-01 3.1840631e-01 0.0000000e+00 
5.9271669e-01 4.9394491e-01 0.0000000e+00 
4.5279789e-01 2.1705380e-01 0.0000000e+00 
1.1707489e+00 4.9572700e-01 0.0000000e+00 
1.1967220e+00 4.4262701e-01 0.0000000e+00 
1.2286400e+00 4.9457431e-01 0.0000000e+00 
1.2569320e+00 4.4329810e-01 0.0000000e+00 
1.2887410e+00 4.9415389e-01 0.0000000e+00 
4.9704749e-02 9.0376601e-02 0.0000000e+00 
1.1661880e+00 3.8667339e-01 0.0000000e+00 
1.0448740e+00 3.9727730e-01 0.0000000e+00 
1.3219531e+00 5.4748261e-01 0.0000000e+00 
1.3566051e+00 4.9475339e-01 0.0000000e+00 
1.4128619e+00 5.0170678e-01 0.0000000e+00 
1.3878731e+00 4.4357020e-01 0.0000000e+00 
2.6875430e-01 4.3074101e-01 0.0000000e+00 
4.1746351e-01 3.0108821e-01 0.0000000e+00 
4.7450441e-01 4.2571831e-01 0.0000000e+00 
4.0593800e-01 2.0075510e-01 0.0000000e+00 
4.4167551e-01 4.0079829e-01 0.0000000e+00 
1.9512080e+00 4.5117629e-01 0.0000000e+00 
1.0262311e+00 5.1109631e-02 0.0000000e+00 
9.9738371e-01 1.0181700e-01 0.0000000e+00 
1.0553030e+00 1.0176790e-01 0.0000000e+00 
1.0273110e+00 1.4739220e-01 0.0000000e+00 
1.0855290e+00 1.4977370e-01 0.0000000e+00 
9.7062862e-01 1.4721170e-01 0.0000000e+00 
9.3508059e-01 1.0148260e-01 0.0000000e+00 
1.1133560e+00 1.0215650e-01 0.0000000e+00 
1.1446090e+00 1.4514109e-01 0.0000000e+00 
1.1160710e+00 1.9391710e-01 0.0000000e+00 
1.2018321e+00 5.4771107e-01 0.0000000e+00 
1.9480680e+00 2.1005040e-01 0.0000000e+00 
1.0842860e+00 5.4868227e-01 0.0000000e+00 
1.9480680e+00 3.2994959e-01 0.0000000e+00 
1.5904510e+00 1.0452840e-01 0.0000000e+00 
1.5598950e+00 1.5443350e-01 0.0000000e+00 
1.5304790e+00 1.0186320e-01 0.0000000e+00 
1.5007280e+00 1.5119410e-01 0.0000000e+00 
1.5273950e+00 2.0345390e-01 0.0000000e+00 
1.4685169e+00 1.9967620e-01 0.0000000e+00 
1.4425830e+00 1.4740349e-01 0.0000000e+00 
1.4098901e+00 1.9577309e-01 0.0000000e+00 
1.3839140e+00 1.4338671e-01 0.0000000e+00 
1.3511680e+00 1.9153769e-01 0.0000000e+00 
1.3252350e+00 1.3926670e-01 0.0000000e+00 
1.2926320e+00 1.8772170e-01 0.0000000e+00 
1.2666039e+00 1.3634580e-01 0.0000000e+00 
1.2355460e+00 1.8558609e-01 0.0000000e+00 
1.2059170e+00 1.3905290e-01 0.0000000e+00 
1.2347410e+00 9.3928657e-02 0.0000000e+00 
1.3187660e+00 2.4091680e-01 0.0000000e+00 
1.4945120e+00 2.5244480e-01 0.0000000e+00 
1.5862570e+00 2.0772290e-01 0.0000000e+00 
5.5948251e-01 2.4233980e-01 0.0000000e+00 
1.5573130e+00 5.4926682e-01 0.0000000e+00 
1.5215520e+00 5.0207931e-01 0.0000000e+00 
1.5906490e+00 4.9784341e-01 0.0000000e+00 
1.3832541e+00 4.9608339e-02 0.0000000e+00 
1.5002331e+00 5.0511628e-02 0.0000000e+00 
1.7345819e+00 5.5134553e-01 0.0000000e+00 
1.6170100e+00 5.5189037e-01 0.0000000e+00 
1.6308481e+00 4.1378099e-01 0.0000000e+00 
1.7733830e+00 4.6653220e-01 0.0000000e+00 
1.8566350e+00 5.4165798e-01 0.0000000e+00 
1.5124860e+00 4.0674630e-01 0.0000000e+00 
1.4853560e+00 4.5626420e-01 0.0000000e+00 
1.6452560e+00 2.1187560e-01 0.0000000e+00 
1.7967290e+00 1.6947480e-01 0.0000000e+00 
1.8955210e+00 4.8443690e-01 0.0000000e+00 
2.4952111e-01 3.7534630e-01 0.0000000e+00 
2.4015559e-01 3.3920720e-01 0.0000000e+00 
1.6122910e+00 2.6095319e-01 0.0000000e+00 
1.8537400e+00 5.5921540e-02 0.0000000e+00 
1.8819669e+00 1.0242500e-01 0.0000000e+00 
9.5119797e-02 1.2153590e-01 0.0000000e+00 
1.0847340e+00 5.0935078e-02 0.0000000e+00 
1.7562060e+00 3.2229191e-01 0.0000000e+00 
1.4358770e+00 2.4863569e-01 0.0000000e+00 
4.3159389e-01 2.5088599e-01 0.0000000e+00 
4.7994119e-01 3.8120639e-01 0.0000000e+00 
1.8123610e+00 3.2570100e-01 0.0000000e+00 
6.1470199e-01 2.3820160e-01 0.0000000e+00 
6.2837660e-01 2.5279269e-01 0.0000000e+00 
5.6644672e-01 3.2120070e-01 0.0000000e+00 
4.0343639e-01 3.8359720e-01 0.0000000e+00 
1.2608960e+00 2.3755901e-01 0.0000000e+00 
9.7383392e-01 2.2759880e-01 0.0000000e+00 
1.8966711e+00 3.6694610e-01 0.0000000e+00 
1.2852859e+00 3.9278471e-01 0.0000000e+00 
4.4754091e-01 4.1694289e-01 0.0000000e+00 
5.1814729e-01 1.1434720e-01 0.0000000e+00 
9.8089732e-02 2.9848260e-01 0.0000000e+00 
8.7650722e-01 5.0584209e-01 0.0000000e+00 
7.2722268e-01 5.5884892e-01 0.0000000e+00 
9.1900879e-01 4.0950510e-01 0.0000000e+00 
6.0669678e-01 3.3687809e-01 0.0000000e+00 
9.2257088e-01 2.2499460e-01 0.0000000e+00 
1.8270659e+00 1.1701130e-01 0.0000000e+00 
3.9101499e-01 2.5043941e-01 0.0000000e+00 
3.0026230e-01 2.1632680e-01 0.0000000e+00 
5.8418620e-01 3.3934349e-01 0.0000000e+00 
1.5593460e+00 5.1838879e-02 0.0000000e+00 
4.5547140e-01 5.6772357e-01 0.0000000e+00 
9.7268373e-02 1.8144910e-01 0.0000000e+00 
9.3618453e-02 5.9398320e-02 0.0000000e+00 
9.5946752e-02 4.1991970e-01 0.0000000e+00 
1.5493150e-01 4.8253620e-01 0.0000000e+00 
5.3141659e-01 2.2366489e-01 0.0000000e+00 
4.6951711e-01 1.7694290e-01 0.0000000e+00 
1.3219830e+00 4.4809279e-01 0.0000000e+00 
6.1860532e-01 2.8225860e-01 0.0000000e+00 
9.2647932e-02 5.4469162e-01 0.0000000e+00 
3.6105269e-01 4.8700431e-01 0.0000000e+00 
1.4393450e+00 5.5213040e-01 0.0000000e+00 
1.9442101e+00 9.5342271e-02 0.0000000e+00 
9.0059137e-01 1.7995150e-01 0.0000000e+00 
8.2735151e-01 2.0720319e-01 0.0000000e+00 
6.6251612e-01 1.0677520e-01 0.0000000e+00 
6.7604911e-01 4.1622579e-01 0.0000000e+00 
6.8501538e-01 3.8669550e-01 0.0000000e+00 
3.6920869e-01 2.9070961e-01 0.0000000e+00 
4.5409241e-01 2.3146330e-01 0.0000000e+00 
6.1867392e-01 3.1358370e-01 0.0000000e+00 
1.9131620e+00 5.4997718e-01 0.0000000e+00 
4.2027211e-01 1.8849210e-01 0.0000000e+00 
1.9003210e+00 2.9999799e-01 0.0000000e+00 
5.5434358e-01 1.3134070e-01 0.0000000e+00 
1.4729370e+00 1.0059040e-01 0.0000000e+00 
4.4868380e-01 4.7589070e-01 0.0000000e+00 
1.7371070e+00 5.7924490e-02 0.0000000e+00 
1.6196249e-01 1.9384970e-01 0.0000000e+00 
2.7876011e-01 3.4925121e-01 0.0000000e+00 
5.6304562e-01 4.5950639e-01 0.0000000e+00 
6.0384172e-01 3.5119170e-01 0.0000000e+00 
5.7530987e-01 5.2873927e-01 0.0000000e+00 
1.3667960e-01 3.8707560e-01 0.0000000e+00 
4.9747679e-01 1.2821840e-01 0.0000000e+00 
1.1983300e+00 4.8251878e-02 0.0000000e+00 
7.5970978e-01 3.2726541e-01 0.0000000e+00 
8.1999791e-01 5.1075947e-01 0.0000000e+00 
1.3957340e+00 3.8871399e-01 0.0000000e+00 
3.8881221e-01 2.3447470e-01 0.0000000e+00 
5.2596432e-01 2.0954940e-01 0.0000000e+00 
1.4149910e+00 9.8922051e-02 0.0000000e+00 
3.1656411e-01 1.9587231e-01 0.0000000e+00 
4.3203679e-01 3.4525600e-01 0.0000000e+00 
5.0832897e-01 3.8785461e-01 0.0000000e+00 
5.0716370e-01 4.6868089e-01 0.0000000e+00 
7.2506380e-01 3.1459489e-01 0.0000000e+00 
5.7067949e-01 1.5282580e-01 0.0000000e+00 
6.7973870e-01 1.6684531e-01 0.0000000e+00 
5.3255141e-01 1.4827640e-01 0.0000000e+00 
5.8382958e-01 2.0679601e-01 0.0000000e+00 
3.6833951e-01 3.3595169e-01 0.0000000e+00 
6.6081917e-01 3.9089271e-01 0.0000000e+00 
3.5859609e-01 1.6498099e-01 0.0000000e+00 
5.4474670e-01 2.4635740e-01 0.0000000e+00 
8.5039961e-01 4.4130251e-02 0.0000000e+00 
7.0378470e-01 2.1493910e-01 0.0000000e+00 
3.8111559e-01 3.6489099e-01 0.0000000e+00 
3.8378549e-01 3.8103321e-01 0.0000000e+00 
1.1733290e+00 9.6517898e-02 0.0000000e+00 
6.1236829e-01 3.6486840e-01 0.0000000e+00 
4.2817801e-01 4.6774849e-01 0.0000000e+00 
3.9298210e-01 4.8933309e-01 0.0000000e+00 
5.1858139e-01 5.3958851e-01 0.0000000e+00 
1.1778920e+00 1.8819040e-01 0.0000000e+00 
6.3357651e-01 4.2729640e-01 0.0000000e+00 
2.1912169e-01 8.9860998e-02 0.0000000e+00 
4.4828820e-01 3.3391532e-02 0.0000000e+00 
7.1727687e-01 2.3730519e-01 0.0000000e+00 
9.8337471e-02 2.5592181e-01 0.0000000e+00 
4.8688981e-01 5.3696889e-01 0.0000000e+00 
9.1024607e-01 4.6742149e-02 0.0000000e+00 
4.2072469e-01 3.1704551e-01 0.0000000e+00 
2.5881660e-01 2.8481191e-01 0.0000000e+00 
1.3556740e+00 9.6588373e-02 0.0000000e+00 
3.8170820e-01 4.6353251e-01 0.0000000e+00 
6.1133659e-01 4.6789679e-01 0.0000000e+00 
4.4266859e-01 2.4074350e-01 0.0000000e+00 
1.4653840e+00 5.0395852e-01 0.0000000e+00 
1.1433500e+00 2.3560201e-01 0.0000000e+00 
5.5341142e-01 3.6430839e-01 0.0000000e+00 
5.7990170e-01 2.7820900e-01 0.0000000e+00 
4.4887719e-01 2.0151231e-01 0.0000000e+00 
4.6245420e-01 4.1756010e-01 0.0000000e+00 
4.1210291e-01 2.1662711e-01 0.0000000e+00 
5.1736373e-01 5.6347691e-02 0.0000000e+00 
7.0604849e-01 3.3807889e-01 0.0000000e+00 
4.3653390e-01 1.2656429e-01 0.0000000e+00 
4.2773649e-01 3.9727569e-01 0.0000000e+00 
4.2305809e-01 2.7508900e-01 0.0000000e+00 
1.9111360e+00 1.7995431e-01 0.0000000e+00 
1.2975690e+00 9.4644032e-02 0.0000000e+00 
7.4613649e-01 2.3963641e-01 0.0000000e+00 
2.9362991e-01 4.1433749e-01 0.0000000e+00 
5.8357382e-01 3.0761179e-01 0.0000000e+00 
5.3191912e-01 3.7253350e-01 0.0000000e+00 
4.4445190e-01 8.4593862e-02 0.0000000e+00 
1.5468830e+00 4.5422599e-01 0.0000000e+00 
6.2926418e-01 2.7103639e-01 0.0000000e+00 
3.5220909e-01 2.8729489e-01 0.0000000e+00 
8.3805579e-01 3.3710629e-01 0.0000000e+00 
5.2616048e-01 4.0003020e-01 0.0000000e+00 
1.8064611e-01 5.2023911e-01 0.0000000e+00 
4.2505819e-01 3.3176431e-01 0.0000000e+00 
7.7968621e-01 5.0346297e-01 0.0000000e+00 
1.2679260e+00 4.6381779e-02 0.0000000e+00 
5.8107018e-01 2.9473820e-01 0.0000000e+00 
6.1925322e-01 3.3036381e-01 0.0000000e+00 
5.6537521e-01 2.5524691e-01 0.0000000e+00 
3.8967860e-01 6.5405212e-02 0.0000000e+00 
1.0865080e+00 2.3449360e-01 0.0000000e+00 
1.4042149e-01 9.9993236e-02 0.0000000e+00 
1.0030100e+00 3.5783571e-01 0.0000000e+00 
3.6067769e-01 3.0184039e-01 0.0000000e+00 
5.7885981e-01 3.8880101e-01 0.0000000e+00 
1.5990330e+00 4.4926330e-01 0.0000000e+00 
9.1439813e-02 3.7532219e-01 0.0000000e+00 
5.7995051e-01 1.7130360e-01 0.0000000e+00 
6.1258352e-01 2.5273019e-01 0.0000000e+00 
4.0172791e-01 2.2754180e-01 0.0000000e+00 
5.4750210e-01 9.9742994e-02 0.0000000e+00 
6.1311978e-01 2.0313910e-01 0.0000000e+00 
6.1223829e-01 2.2002740e-01 0.0000000e+00 
1.8586820e+00 3.2957241e-01 0.0000000e+00 
5.8738971e-01 3.7580970e-01 0.0000000e+00 
4.5219980e-02 4.4195049e-02 0.0000000e+00 
4.8124549e-01 2.2123460e-01 0.0000000e+00 
4.3828961e-02 5.5591398e-01 0.0000000e+00 
1.0568640e+00 1.9004630e-01 0.0000000e+00 
3.3193341e-01 4.4711831e-01 0.0000000e+00 
3.0378929e-01 4.4286191e-01 0.0000000e+00 
5.3415012e-01 1.2728420e-01 0.0000000e+00 
5.0386423e-01 2.1636350e-01 0.0000000e+00 
1.9116580e+00 4.2358989e-01 0.0000000e+00 
4.5517069e-01 3.6521810e-01 0.0000000e+00 
3.6732909e-01 3.6239621e-01 0.0000000e+00 
6.3041377e-01 3.0585691e-01 0.0000000e+00 
1.9569679e+00 4.3301821e-02 0.0000000e+00 
5.7146299e-01 4.8058590e-01 0.0000000e+00 
1.6484860e+00 5.1718348e-01 0.0000000e+00 
9.4670999e-01 1.8556410e-01 0.0000000e+00 
6.3752991e-01 4.6584189e-01 0.0000000e+00 
1.9572541e+00 5.5697870e-01 0.0000000e+00 
6.4813697e-01 2.4830820e-01 0.0000000e+00 
6.0179752e-01 3.7555191e-01 0.0000000e+00 
1.4364240e+00 4.6111640e-01 0.0000000e+00 
5.6217611e-01 3.5223660e-01 0.0000000e+00 
6.6050959e-01 4.3027630e-01 0.0000000e+00 
4.0468970e-01 5.1149738e-01 0.0000000e+00 
5.1506358e-01 2.0555650e-01 0.0000000e+00 
4.3334481e-01 1.8108650e-01 0.0000000e+00 
9.9962813e-01 1.8700930e-01 0.0000000e+00 
6.9131333e-01 1.1763480e-01 0.0000000e+00 
4.4599831e-01 1.8538959e-01 0.0000000e+00 
5.1551181e-01 4.8891029e-01 0.0000000e+00 
4.3754059e-01 5.8743980e-02 0.0000000e+00 
5.9589100e-01 3.4163511e-01 0.0000000e+00 
2.3624770e-01 5.2814358e-01 0.0000000e+00 
6.6953379e-01 3.7169310e-01 0.0000000e+00 
3.6865169e-01 3.9570969e-01 0.0000000e+00 
5.9758049e-01 1.9620110e-01 0.0000000e+00 
1.3329040e-01 5.1544452e-01 0.0000000e+00 
1.0515270e+00 3.5504949e-01 0.0000000e+00 
3.3392131e-01 6.8202123e-02 0.0000000e+00 
1.7869949e-01 8.1389397e-02 0.0000000e+00 
9.2706198e-01 1.4882250e-01 0.0000000e+00 
1.7000279e+00 5.1305068e-01 0.0000000e+00 
3.4774879e-01 2.6959679e-01 0.0000000e+00 
5.7002652e-01 3.3917850e-01 0.0000000e+00 
4.5571360e-01 1.7617980e-01 0.0000000e+00 
8.2389021e-01 8.1237279e-02 0.0000000e+00 
5.6977302e-01 4.0162051e-01 0.0000000e+00 
5.7622939e-01 9.1579817e-02 0.0000000e+00 
7.9520959e-01 1.9354109e-01 0.0000000e+00 
7.1731091e-01 1.9555099e-01 0.0000000e+00 
9.5533073e-01 4.0679529e-01 0.0000000e+00 
5.1722008e-01 4.1250920e-01 0.0000000e+00 
4.3116611e-01 5.4470932e-01 0.0000000e+00 
6.9998658e-01 1.5358570e-01 0.0000000e+00 
3.7607810e-01 2.2627370e-01 0.0000000e+00 
5.1978278e-01 3.9113960e-01 0.0000000e+00 
5.3689402e-01 2.1312129e-01 0.0000000e+00 
9.0401761e-02 2.1924180e-01 0.0000000e+00 
7.8513551e-01 3.6338761e-01 0.0000000e+00 
2.8628290e-01 5.2971011e-01 0.0000000e+00 
1.9101239e+00 1.3962340e-01 0.0000000e+00 
3.3938929e-01 1.5675519e-01 0.0000000e+00 
3.5365051e-01 1.4366330e-01 0.0000000e+00 
5.9640652e-01 1.7787141e-01 0.0000000e+00 
2.3996450e-01 3.0955619e-01 0.0000000e+00 
4.0130991e-01 5.3756779e-01 0.0000000e+00 
2.6203820e-01 3.9843059e-01 0.0000000e+00 
1.7610559e+00 5.1254529e-01 0.0000000e+00 
5.3923780e-01 6.9367118e-02 0.0000000e+00 
6.6389477e-01 2.7387929e-01 0.0000000e+00 
5.6400359e-01 1.6758190e-01 0.0000000e+00 
6.3302028e-01 3.3655259e-01 0.0000000e+00 
5.4254562e-01 3.6452681e-01 0.0000000e+00 
5.1293671e-01 2.8587131e-02 0.0000000e+00 
5.1246679e-01 1.8971939e-01 0.0000000e+00 

CELLS 1766 7064
3 0 870 123
3 1 882 70
3 2 887 79
3 3 872 114
3 4 193 35
3 4 516 193
3 5 516 4
3 6 184 5
3 6 612 184
3 7 612 6
3 8 183 7
3 8 799 183
3 9 799 8
3 10 615 9
3 11 335 10
3 11 521 335
3 12 521 11
3 13 311 12
3 13 515 311
3 14 515 13
3 15 312 14
3 15 511 312
3 16 511 15
3 17 308 16
3 17 510 308
3 18 510 17
3 19 301 18
3 19 529 301
3 20 529 19
3 21 124 20
3 21 517 124
3 22 517 21
3 23 277 22
3 23 503 277
3 24 503 23
3 25 266 24
3 25 533 266
3 26 533 25
3 27 269 26
3 27 616 269
3 28 616 27
3 29 513 28
3 30 241 29
3 30 512 241
3 31 512 30
3 32 214 31
3 32 514 214
3 33 514 32
3 34 215 33
3 34 726 215
3 35 726 34
3 36 870 0
3 37 747 36
3 38 155 37
3 38 603 155
3 39 603 38
3 40 130 39
3 40 547 130
3 41 547 40
3 41 619 547
3 42 619 41
3 43 142 42
3 43 812 142
3 44 812 43
3 44 943 597
3 45 943 44
3 46 145 45
3 46 159 145
3 47 159 46
3 48 140 47
3 48 555 140
3 49 555 48
3 49 557 555
3 50 557 49
3 51 126 50
3 51 800 126
3 52 800 51
3 52 816 800
3 53 816 52
3 54 131 53
3 54 663 131
3 55 663 54
3 55 718 663
3 56 718 55
3 57 127 56
3 57 780 127
3 58 780 57
3 58 850 780
3 59 850 58
3 60 148 59
3 60 700 148
3 61 700 60
3 62 128 61
3 62 701 128
3 63 701 62
3 63 744 701
3 64 744 63
3 65 136 64
3 65 613 136
3 66 613 65
3 66 772 613
3 67 772 66
3 68 144 67
3 68 715 144
3 69 715 68
3 70 157 69
3 70 882 157
3 71 882 1
3 72 757 71
3 73 154 72
3 73 674 154
3 74 674 73
3 75 139 74
3 75 676 139
3 76 676 75
3 77 147 76
3 77 662 147
3 78 662 77
3 79 156 78
3 79 887 156
3 80 887 2
3 81 766 80
3 82 706 81
3 83 151 82
3 83 702 151
3 84 702 83
3 85 129 84
3 85 703 129
3 86 703 85
3 87 697 86
3 88 137 87
3 88 756 137
3 89 756 88
3 90 149 89
3 90 653 149
3 91 653 90
3 92 134 91
3 92 673 134
3 93 673 92
3 94 150 93
3 94 675 150
3 95 675 94
3 96 135 95
3 96 624 135
3 97 624 96
3 98 623 97
3 99 125 98
3 99 607 125
3 100 607 99
3 100 736 607
3 101 736 100
3 102 138 101
3 102 566 138
3 103 566 102
3 103 583 566
3 104 583 103
3 105 143 104
3 105 611 143
3 106 611 105
3 106 745 611
3 107 745 106
3 108 141 107
3 108 544 141
3 109 544 108
3 110 543 109
3 111 132 110
3 111 605 132
3 112 605 111
3 113 153 112
3 113 754 153
3 114 754 113
3 114 872 754
3 115 872 3
3 116 158 115
3 116 635 158
3 117 635 116
3 118 146 117
3 118 604 146
3 119 604 118
3 120 133 119
3 120 609 133
3 121 609 120
3 122 152 121
3 122 650 152
3 123 650 122
3 123 870 650
3 124 529 20
3 124 658 529
3 124 817 658
3 125 623 98
3 125 735 623
3 125 782 735
3 126 557 50
3 126 558 557
3 126 559 558
3 126 915 559
3 127 718 56
3 127 804 670
3 128 700 61
3 128 786 700
3 129 702 84
3 129 911 702
3 130 603 39
3 130 610 525
3 130 811 603
3 131 816 53
3 132 543 110
3 132 929 543
3 133 604 119
3 133 734 604
3 133 814 734
3 133 927 814
3 134 653 91
3 134 673 647
3 135 675 95
3 136 613 545
3 136 744 64
3 137 697 87
3 137 698 697
3 137 823 698
3 138 736 101
3 139 674 74
3 139 768 454
3 140 159 47
3 140 160 159
3 140 161 160
3 140 555 161
3 141 745 107
3 141 922 745
3 141 935 922
3 142 619 42
3 142 854 619
3 142 900 640
3 143 583 104
3 143 777 583
3 143 808 634
3 144 740 532
3 144 772 67
3 145 938 830
3 145 943 45
3 146 635 117
3 146 748 635
3 146 861 748
3 147 676 76
3 147 730 676
3 147 878 730
3 148 850 59
3 149 756 89
3 150 673 93
3 150 675 632
3 151 706 82
3 151 937 504
3 152 609 121
3 152 746 609
3 153 605 112
3 153 847 605
3 153 906 847
3 154 757 72
3 154 930 757
3 155 747 37
3 155 856 747
3 155 909 856
3 156 662 78
3 156 711 662
3 156 766 711
3 156 887 766
3 157 715 69
3 157 716 715
3 157 757 716
3 157 882 757
3 158 872 115
3 159 542 145
3 160 542 159
3 160 917 542
3 161 162 160
3 161 760 162
3 162 163 160
3 162 164 163
3 162 165 164
3 162 760 165
3 163 917 160
3 164 187 163
3 164 506 187
3 165 166 164
3 165 167 166
3 165 253 167
3 165 760 253
3 166 506 164
3 166 933 506
3 167 168 166
3 167 169 168
3 167 793 169
3 168 227 166
3 168 866 227
3 169 170 168
3 169 171 170
3 169 188 171
3 169 793 188
3 170 508 168
3 171 172 170
3 171 173 172
3 171 801 173
3 172 244 170
3 172 888 244
3 173 174 172
3 173 175 174
3 173 813 175
3 174 888 172
3 174 939 524
3 175 176 174
3 175 177 176
3 175 178 177
3 175 813 178
3 176 939 174
3 177 180 176
3 177 791 180
3 178 179 177
3 178 181 179
3 178 837 181
3 179 791 177
3 180 191 176
3 180 192 191
3 180 831 192
3 181 182 179
3 181 185 182
3 181 245 185
3 181 837 245
3 182 781 179
3 183 612 7
3 183 799 696
3 183 853 612
3 184 516 5
3 184 612 501
3 184 826 516
3 185 186 182
3 185 189 186
3 185 759 189
3 186 222 182
3 186 845 222
3 187 361 163
3 187 769 361
3 187 792 769
3 188 801 171
3 188 919 801
3 188 923 599
3 189 190 186
3 189 194 190
3 189 243 194
3 189 759 243
3 190 845 186
3 191 523 176
3 192 201 191
3 192 202 201
3 192 203 202
3 192 831 203
3 193 726 35
3 193 839 456
3 193 851 839
3 194 195 190
3 194 196 195
3 194 739 196
3 195 588 190
3 196 197 195
3 196 198 197
3 196 729 198
3 196 739 729
3 197 242 195
3 197 857 242
3 198 199 197
3 198 200 199
3 198 259 200
3 198 729 259
3 199 857 197
3 199 907 857
3 200 216 199
3 200 217 216
3 200 855 217
3 201 232 191
3 201 460 232
3 201 941 460
3 202 204 201
3 202 205 204
3 202 903 205
3 203 831 589
3 203 903 202
3 204 941 201
3 205 206 204
3 205 207 206
3 205 797 207
3 205 903 797
3 206 341 204
3 206 805 341
3 207 208 206
3 207 209 208
3 207 211 209
3 207 797 211
3 208 805 206
3 208 889 805
3 209 210 208
3 209 212 210
3 209 810 212
3 210 344 208
3 210 530 344
3 211 797 761
3 211 810 209
3 211 892 810
3 212 213 210
3 212 220 213
3 212 257 220
3 212 810 257
3 213 530 210
3 214 512 31
3 214 891 825
3 214 942 512
3 215 514 33
3 215 913 514
3 216 907 199
3 217 218 216
3 217 219 218
3 217 824 219
3 217 855 824
3 218 345 216
3 218 651 345
3 219 223 218
3 219 224 223
3 219 258 224
3 219 824 258
3 220 221 213
3 220 254 221
3 220 821 254
3 221 239 213
3 221 240 239
3 221 775 240
3 222 781 182
3 222 845 586
3 222 928 781
3 223 651 218
3 224 225 223
3 224 226 225
3 224 728 226
3 225 352 223
3 225 731 352
3 226 228 225
3 226 229 228
3 226 693 229
3 226 728 693
3 227 933 166
3 228 731 225
3 229 230 228
3 229 231 230
3 229 256 231
3 229 693 256
3 230 356 228
3 230 783 356
3 231 233 230
3 231 234 233
3 231 720 234
3 232 523 191
3 232 621 523
3 232 881 621
3 233 783 230
3 234 235 233
3 234 236 235
3 234 694 236
3 234 720 694
3 235 366 233
3 235 707 366
3 236 237 235
3 236 238 237
3 236 252 238
3 236 694 252
3 237 707 235
3 238 246 237
3 238 247 246
3 238 714 247
3 239 530 213
3 239 916 530
3 240 260 239
3 240 261 260
3 240 262 261
3 240 775 262
3 241 513 29
3 241 614 513
3 241 840 614
3 242 588 195
3 242 737 588
3 242 857 630
3 242 920 737
3 243 739 194
3 243 758 739
3 243 759 563
3 244 508 170
3 244 725 724
3 244 867 508
3 244 888 725
3 245 601 600
3 245 759 185
3 245 837 601
3 245 918 759
3 246 360 237
3 246 704 360
3 247 248 246
3 247 249 248
3 247 250 249
3 247 714 250
3 248 704 246
3 249 255 248
3 249 719 255
3 250 251 249
3 250 342 251
3 250 709 342
3 250 714 709
3 251 719 249
3 252 694 681
3 252 714 238
3 253 793 167
3 253 923 793
3 254 775 221
3 254 821 643
3 254 883 775
3 255 377 248
3 255 378 377
3 255 382 378
3 255 719 382
3 256 686 684
3 256 693 686
3 256 720 231
3 257 810 587
3 257 821 220
3 257 886 821
3 258 728 224
3 258 809 690
3 258 824 809
3 259 855 200
3 259 873 855
3 259 896 873
3 260 346 239
3 260 438 346
3 260 459 438
3 261 459 260
3 262 263 261
3 262 435 263
3 262 436 435
3 262 775 436
3 263 264 261
3 263 265 264
3 263 790 265
3 264 459 261
3 264 921 459
3 265 267 264
3 265 268 267
3 265 270 268
3 265 790 270
3 266 503 24
3 266 620 503
3 266 879 620
3 267 354 264
3 267 355 354
3 267 659 355
3 268 659 267
3 269 533 26
3 269 722 502
3 270 271 268
3 270 326 271
3 270 327 326
3 270 790 327
3 271 272 268
3 271 273 272
3 271 771 273
3 272 659 268
3 272 828 659
3 273 274 272
3 273 275 274
3 273 806 275
3 274 732 272
3 275 276 274
3 275 278 276
3 275 339 278
3 275 806 339
3 276 340 274
3 276 528 340
3 277 517 22
3 277 848 517
3 278 279 276
3 278 280 279
3 278 820 280
3 279 528 276
3 280 281 279
3 280 282 281
3 280 316 282
3 280 820 316
3 281 314 279
3 281 904 314
3 282 283 281
3 282 284 283
3 282 874 284
3 283 904 281
3 284 285 283
3 284 838 285
3 284 875 838
3 285 286 283
3 285 287 286
3 285 296 287
3 285 838 296
3 286 540 283
3 287 288 286
3 287 289 288
3 287 774 289
3 288 539 286
3 289 290 288
3 289 291 290
3 289 774 291
3 290 317 288
3 290 535 317
3 291 292 290
3 291 293 292
3 291 304 293
3 291 774 304
3 292 535 290
3 292 536 535
3 293 294 292
3 293 295 294
3 293 818 295
3 294 536 292
3 295 297 294
3 295 305 297
3 295 322 305
3 295 818 322
3 296 774 287
3 296 936 712
3 297 298 294
3 297 299 298
3 297 742 299
3 298 536 294
3 298 912 536
3 299 300 298
3 299 302 300
3 299 787 302
3 300 315 298
3 300 467 315
3 300 924 467
3 301 510 18
3 301 834 510
3 302 303 300
3 302 306 303
3 302 313 306
3 302 787 313
3 303 924 300
3 304 774 713
3 304 818 293
3 304 934 818
3 305 742 297
3 306 307 303
3 306 309 307
3 306 798 309
3 307 321 303
3 307 660 321
3 308 511 16
3 308 822 511
3 309 310 307
3 309 318 310
3 309 320 318
3 309 798 320
3 310 660 307
3 310 767 660
3 311 521 12
3 311 871 622
3 311 877 521
3 312 515 14
3 312 531 515
3 312 764 531
3 313 787 548
3 313 798 306
3 313 931 798
3 314 528 279
3 314 727 528
3 314 803 727
3 314 904 803
3 315 912 298
3 316 755 602
3 316 820 755
3 316 874 282
3 317 539 288
3 317 796 539
3 318 319 310
3 318 328 319
3 318 638 328
3 319 767 310
3 319 895 767
3 320 638 318
3 320 932 552
3 321 864 784
3 321 924 303
3 322 323 305
3 322 324 323
3 322 637 324
3 322 818 637
3 323 551 305
3 324 325 323
3 324 367 325
3 324 368 367
3 324 637 368
3 325 350 323
3 325 371 350
3 325 773 371
3 326 771 271
3 327 359 326
3 327 402 359
3 327 899 402
3 328 329 319
3 328 832 329
3 329 330 319
3 329 331 330
3 329 332 331
3 329 832 332
3 330 895 319
3 330 898 895
3 330 914 898
3 331 914 330
3 332 333 331
3 332 336 333
3 332 369 336
3 332 832 369
3 333 334 331
3 333 337 334
3 333 779 337
3 334 751 331
3 335 615 10
3 335 750 615
3 336 779 333
3 337 338 334
3 337 347 338
3 337 348 347
3 337 779 348
3 338 351 334
3 338 461 351
3 338 944 461
3 339 806 641
3 339 820 278
3 340 732 274
3 340 833 661
3 341 776 738
3 341 805 776
3 341 941 204
3 342 343 251
3 342 375 343
3 342 376 375
3 342 709 376
3 343 353 251
3 343 373 353
3 343 710 373
3 344 889 208
3 345 633 628
3 345 651 633
3 345 907 216
3 346 916 239
3 347 349 338
3 347 362 349
3 347 794 362
3 348 779 733
3 348 794 347
3 348 876 794
3 349 944 338
3 350 551 323
3 351 751 334
3 352 648 646
3 352 651 223
3 352 731 648
3 353 719 251
3 353 723 719
3 354 921 264
3 355 357 354
3 355 379 357
3 355 380 379
3 355 659 380
3 356 731 228
3 356 752 731
3 356 783 656
3 357 358 354
3 357 789 358
3 358 921 354
3 358 925 846
3 359 372 326
3 359 401 372
3 359 815 401
3 360 707 237
3 360 842 707
3 360 860 842
3 361 917 163
3 362 363 349
3 362 364 363
3 362 431 364
3 362 794 431
3 363 374 349
3 363 527 374
3 364 365 363
3 364 384 365
3 364 940 384
3 365 527 363
3 366 783 233
3 366 890 656
3 367 773 325
3 368 406 367
3 368 407 406
3 368 409 407
3 368 637 409
3 369 370 336
3 369 832 639
3 369 841 370
3 370 403 336
3 370 405 403
3 370 424 405
3 370 841 424
3 371 392 350
3 371 457 392
3 371 458 457
3 371 773 458
3 372 771 326
3 373 422 353
3 373 454 422
3 373 455 454
3 373 710 455
3 374 944 349
3 375 710 343
3 376 394 375
3 376 545 394
3 376 546 545
3 376 709 546
3 377 704 248
3 378 445 377
3 378 705 445
3 379 430 357
3 379 722 430
3 380 381 379
3 380 432 381
3 380 828 432
3 381 722 379
3 382 383 378
3 382 399 383
3 382 723 399
3 383 705 378
3 384 385 365
3 384 541 385
3 384 862 541
3 384 940 862
3 385 386 365
3 385 387 386
3 385 795 387
3 386 527 365
3 386 926 527
3 387 388 386
3 387 389 388
3 387 390 389
3 387 795 390
3 388 400 386
3 388 444 400
3 388 696 444
3 389 696 388
3 390 391 389
3 390 395 391
3 390 447 395
3 390 795 447
3 391 608 389
3 392 393 350
3 392 525 393
3 392 811 525
3 393 551 350
3 394 532 375
3 394 772 532
3 395 396 391
3 395 724 396
3 395 867 724
3 396 397 391
3 396 398 397
3 396 863 398
3 397 608 391
3 398 417 397
3 398 418 417
3 398 419 418
3 398 863 419
3 399 404 383
3 399 730 404
3 399 868 730
3 400 926 386
3 401 534 372
3 401 815 745
3 401 922 534
3 402 815 359
3 402 899 537
3 403 779 336
3 404 504 383
3 404 711 504
3 404 878 711
3 405 434 403
3 405 830 434
3 406 408 367
3 406 814 408
3 407 734 406
3 408 773 367
3 408 927 746
3 409 410 407
3 409 411 410
3 409 713 411
3 409 934 713
3 410 437 407
3 410 778 437
3 411 412 410
3 411 413 412
3 411 712 413
3 411 713 712
3 412 778 410
3 413 414 412
3 413 415 414
3 413 657 415
3 413 936 657
3 414 416 412
3 414 749 416
3 415 423 414
3 415 518 423
3 415 519 518
3 415 657 519
3 416 749 636
3 416 778 412
3 417 501 397
3 417 826 501
3 418 420 417
3 418 421 420
3 418 753 421
3 419 753 418
3 419 843 753
3 419 863 725
3 420 826 417
3 420 851 826
3 421 425 420
3 421 426 425
3 421 443 426
3 421 753 443
3 422 723 353
3 422 868 723
3 423 749 414
3 423 847 749
3 423 902 847
3 424 597 405
3 424 812 597
3 424 900 812
3 425 851 420
3 426 427 425
3 426 428 427
3 426 765 428
3 427 839 425
3 428 429 427
3 428 738 429
3 428 852 738
3 429 456 427
3 429 743 456
3 429 901 743
3 430 616 513
3 430 722 616
3 430 789 357
3 431 794 769
3 431 940 364
3 432 433 381
3 432 661 433
3 432 732 661
3 432 828 732
3 433 502 381
3 433 509 502
3 433 592 509
3 433 661 592
3 434 733 403
3 434 865 733
3 434 938 865
3 435 790 263
3 435 899 790
3 436 537 435
3 436 538 537
3 436 883 538
3 437 734 407
3 437 861 604
3 438 439 346
3 438 442 439
3 438 846 442
3 439 440 346
3 439 441 440
3 439 617 441
3 440 916 346
3 441 448 440
3 441 449 448
3 441 825 449
3 442 617 439
3 442 840 617
3 442 925 614
3 443 753 621
3 443 765 426
3 443 881 765
3 444 750 400
3 444 799 615
3 445 446 377
3 445 911 446
3 445 937 911
3 446 704 377
3 446 860 704
3 446 884 699
3 446 911 884
3 447 867 395
3 447 905 866
3 448 859 440
3 448 869 859
3 449 450 448
3 449 451 450
3 449 891 451
3 450 869 448
3 451 452 450
3 451 743 452
3 451 913 743
3 452 453 450
3 452 776 453
3 452 901 776
3 453 869 450
3 453 889 869
3 454 674 139
3 454 768 422
3 454 835 674
3 455 740 716
3 455 835 454
3 455 930 835
3 456 726 193
3 456 839 427
3 456 913 726
3 457 811 392
3 457 909 811
3 458 746 717
3 458 773 746
3 458 856 457
3 459 846 438
3 459 921 846
3 460 852 765
3 460 881 232
3 460 941 852
3 461 462 351
3 461 466 462
3 461 944 466
3 462 463 351
3 462 464 463
3 462 622 464
3 463 751 351
3 464 465 463
3 464 531 465
3 464 871 531
3 465 507 463
3 465 827 507
3 466 622 462
3 466 877 622
3 466 894 877
3 466 944 894
3 467 468 315
3 467 741 468
3 467 784 741
3 467 924 784
3 468 469 315
3 468 470 469
3 468 471 470
3 468 741 471
3 469 912 315
3 470 763 469
3 471 472 470
3 471 485 472
3 471 486 485
3 471 741 486
3 472 473 470
3 472 474 473
3 472 606 474
3 473 763 470
3 474 475 473
3 474 596 475
3 474 658 596
3 475 476 473
3 475 477 476
3 475 478 477
3 475 596 478
3 476 763 473
3 476 858 763
3 477 642 476
3 477 796 642
3 478 479 477
3 478 480 479
3 478 484 480
3 478 596 484
3 479 796 477
3 480 481 479
3 480 482 481
3 480 595 482
3 481 483 479
3 481 802 483
3 482 489 481
3 482 490 489
3 482 491 490
3 482 595 491
3 483 796 479
3 483 880 539
3 484 595 480
3 484 848 595
3 485 606 472
3 485 834 606
3 486 487 485
3 486 488 487
3 486 494 488
3 486 741 494
3 487 721 510
3 487 834 485
3 488 721 487
3 489 802 481
3 489 803 802
3 490 727 489
3 491 492 490
3 491 620 492
3 491 788 620
3 492 493 490
3 492 592 493
3 492 620 509
3 493 727 490
3 493 833 528
3 494 495 488
3 494 864 495
3 495 496 488
3 495 497 496
3 495 829 497
3 495 864 829
3 496 721 488
3 496 822 721
3 497 498 496
3 497 499 498
3 497 500 499
3 497 829 500
3 498 822 496
3 499 644 498
3 499 827 644
3 500 505 499
3 500 767 505
3 500 829 660
3 501 608 397
3 501 826 184
3 501 853 608
3 502 533 269
3 502 722 381
3 502 879 533
3 503 788 277
3 504 705 383
3 504 706 151
3 504 711 706
3 504 937 705
3 505 827 499
3 505 898 827
3 506 792 187
3 506 862 792
3 506 933 862
3 507 751 463
3 507 914 751
3 508 866 168
3 508 867 866
3 509 592 492
3 509 879 502
3 510 721 308
3 510 834 487
3 511 764 312
3 511 822 764
3 512 840 241
3 512 942 840
3 513 616 28
3 513 789 430
3 514 891 214
3 514 913 891
3 515 871 311
3 516 851 193
3 517 817 124
3 517 848 817
3 518 902 423
3 518 929 902
3 519 520 518
3 519 602 520
3 519 875 602
3 520 602 593
3 520 929 518
3 521 522 335
3 521 877 522
3 522 750 335
3 522 785 750
3 522 894 785
3 523 621 524
3 523 939 176
3 524 843 725
3 524 888 174
3 524 939 523
3 525 526 393
3 525 610 526
3 525 811 130
3 526 548 393
3 526 549 548
3 526 550 549
3 526 610 550
3 527 785 374
3 527 926 785
3 528 727 493
3 528 833 340
3 529 658 606
3 529 834 301
3 530 859 344
3 530 916 859
3 531 644 465
3 531 764 644
3 531 871 515
3 532 710 375
3 532 740 710
3 532 772 144
3 533 879 266
3 534 641 372
3 534 893 641
3 534 935 893
3 535 642 317
3 535 858 642
3 536 844 535
3 536 912 844
3 537 634 402
3 537 899 435
3 538 634 537
3 538 777 634
3 538 883 643
3 539 540 286
3 539 796 483
3 539 880 540
3 540 880 802
3 540 904 283
3 541 795 385
3 541 905 795
3 541 933 905
3 542 917 865
3 542 938 145
3 543 544 109
3 543 593 544
3 543 929 593
3 544 935 141
3 545 613 394
3 545 677 136
3 546 677 545
3 546 678 677
3 546 695 678
3 546 709 695
3 547 610 130
3 547 908 610
3 548 551 393
3 548 787 551
3 548 931 313
3 549 931 548
3 549 932 931
3 550 552 549
3 550 553 552
3 550 908 553
3 551 742 305
3 551 787 742
3 552 638 320
3 552 932 549
3 553 554 552
3 553 854 554
3 553 908 619
3 554 638 552
3 554 639 638
3 554 640 639
3 554 854 640
3 555 556 161
3 555 557 556
3 556 760 161
3 556 897 760
3 557 558 556
3 558 897 556
3 559 560 558
3 559 561 560
3 559 562 561
3 559 915 562
3 560 598 558
3 560 599 598
3 560 600 599
3 561 600 560
3 561 918 600
3 562 563 561
3 562 564 563
3 562 565 564
3 562 915 565
3 563 758 243
3 563 759 561
3 564 758 563
3 564 910 758
3 565 669 564
3 565 816 669
3 565 915 800
3 566 567 138
3 566 582 567
3 566 583 582
3 567 568 138
3 567 569 568
3 567 585 569
3 568 736 138
3 569 570 568
3 569 584 570
3 569 587 584
3 569 886 587
3 570 571 568
3 570 572 571
3 570 573 572
3 570 584 573
3 571 736 568
3 571 849 607
3 572 849 571
3 573 574 572
3 573 575 574
3 573 579 575
3 573 584 579
3 574 576 572
3 574 577 576
3 574 618 577
3 575 618 574
3 576 849 572
3 577 578 576
3 577 580 578
3 577 586 580
3 577 618 586
3 578 782 576
3 579 589 575
3 579 762 589
3 580 581 578
3 580 737 581
3 581 735 578
3 581 737 629
3 582 585 567
3 582 643 585
3 582 777 643
3 583 777 582
3 584 761 579
3 584 892 761
3 585 886 569
3 586 588 580
3 586 845 588
3 586 928 222
3 587 886 257
3 587 892 584
3 588 737 580
3 588 845 190
3 589 590 575
3 589 591 590
3 589 762 203
3 589 831 591
3 590 618 575
3 590 928 618
3 591 781 590
3 591 791 781
3 591 831 791
3 592 833 493
3 593 594 544
3 593 755 594
3 593 929 520
3 594 935 544
3 595 788 491
3 595 848 788
3 596 817 484
3 597 812 44
3 597 830 405
3 597 943 830
3 598 897 558
3 598 923 897
3 599 919 188
3 599 923 598
3 600 601 599
3 600 918 245
3 601 813 801
3 601 837 813
3 601 919 599
3 602 755 593
3 602 874 316
3 602 875 874
3 603 909 155
3 604 734 437
3 604 861 146
3 605 902 132
3 606 658 474
3 606 834 529
3 607 736 571
3 607 782 125
3 607 849 782
3 608 696 389
3 608 853 696
3 609 927 133
3 610 908 550
3 611 808 143
3 611 815 808
3 612 853 501
3 613 772 394
3 614 789 513
3 614 840 442
3 614 925 789
3 615 750 444
3 615 799 9
3 616 722 269
3 617 825 441
3 617 942 825
3 618 928 586
3 619 854 553
3 619 908 547
3 620 788 503
3 620 879 509
3 621 843 524
3 621 881 443
3 622 871 464
3 622 877 311
3 623 624 97
3 623 631 624
3 623 735 631
3 624 625 135
3 624 631 625
3 625 626 135
3 625 627 626
3 625 629 627
3 625 631 629
3 626 675 135
3 627 628 626
3 627 652 628
3 628 632 626
3 628 633 632
3 628 652 345
3 629 630 627
3 629 631 581
3 629 920 630
3 630 652 627
3 630 857 652
3 630 920 242
3 631 735 581
3 632 645 150
3 632 675 626
3 633 645 632
3 633 646 645
3 633 651 646
3 634 777 143
3 634 808 402
3 635 636 158
3 635 748 636
3 636 748 416
3 636 754 158
3 636 906 754
3 637 934 409
3 638 639 328
3 639 832 328
3 639 841 369
3 640 841 639
3 640 854 142
3 640 900 841
3 641 771 372
3 641 806 771
3 641 807 339
3 641 893 807
3 642 796 317
3 642 858 476
3 643 777 538
3 643 821 585
3 643 883 254
3 644 764 498
3 644 827 465
3 645 673 150
3 646 647 645
3 646 648 647
3 646 651 352
3 647 649 134
3 647 673 645
3 648 649 647
3 648 752 649
3 649 653 134
3 649 654 653
3 649 752 654
3 650 717 152
3 650 747 717
3 650 870 747
3 652 907 345
3 653 654 149
3 654 655 149
3 654 656 655
3 654 752 656
3 655 756 149
3 655 823 756
3 655 890 823
3 656 752 356
3 656 783 366
3 656 890 655
3 657 875 519
3 657 936 838
3 658 817 596
3 659 828 380
3 660 767 500
3 660 829 321
3 661 732 340
3 661 833 592
3 662 878 147
3 663 664 131
3 663 665 664
3 663 718 665
3 664 669 131
3 665 666 664
3 665 667 666
3 665 670 667
3 665 718 670
3 666 668 664
3 666 896 668
3 667 873 666
3 668 669 664
3 668 896 885
3 668 910 669
3 669 816 131
3 669 910 564
3 670 671 667
3 670 718 127
3 670 804 671
3 671 672 667
3 671 804 691
3 671 809 672
3 672 873 667
3 674 835 154
3 676 768 139
3 677 744 136
3 678 679 677
3 678 680 679
3 678 681 680
3 678 695 681
3 679 744 677
3 679 770 701
3 680 770 679
3 681 682 680
3 681 694 682
3 681 695 252
3 682 683 680
3 682 684 683
3 682 720 684
3 683 770 680
3 683 786 770
3 684 685 683
3 684 686 685
3 684 720 256
3 685 786 683
3 685 819 786
3 686 687 685
3 686 688 687
3 686 693 688
3 687 819 685
3 687 836 819
3 688 689 687
3 688 690 689
3 688 728 690
3 689 836 687
3 690 691 689
3 690 728 258
3 690 809 691
3 691 692 689
3 691 804 692
3 691 809 671
3 692 804 780
3 692 836 689
3 692 850 836
3 693 728 688
3 694 720 682
3 695 714 252
3 696 799 444
3 696 853 183
3 697 703 86
3 698 699 697
3 698 823 708
3 698 842 699
3 699 703 697
3 699 860 446
3 699 884 703
3 700 819 148
3 701 744 679
3 701 770 128
3 702 937 151
3 703 884 129
3 704 860 360
3 705 937 445
3 706 766 81
3 707 708 366
3 707 842 708
3 708 842 698
3 708 890 366
3 709 714 695
3 710 740 455
3 711 766 706
3 711 878 662
3 712 774 296
3 712 936 413
3 713 774 712
3 713 934 304
3 715 740 144
3 716 740 715
3 716 930 455
3 717 746 152
3 717 856 458
3 719 723 382
3 721 822 308
3 723 868 399
3 724 863 396
3 724 867 244
3 725 843 419
3 725 863 724
3 725 888 524
3 726 913 215
3 727 803 489
3 729 896 259
3 730 768 676
3 730 868 768
3 730 878 404
3 731 752 648
3 732 828 272
3 733 779 403
3 733 876 348
3 734 814 406
3 735 782 578
3 737 920 629
3 738 852 341
3 738 901 429
3 739 885 729
3 741 784 494
3 742 787 299
3 743 901 452
3 743 913 456
3 745 815 611
3 745 922 401
3 746 773 408
3 746 927 609
3 747 856 717
3 747 870 36
3 748 778 416
3 748 861 778
3 749 906 636
3 750 926 400
3 751 914 331
3 753 843 621
3 754 872 158
3 754 906 153
3 755 807 594
3 755 820 807
3 756 823 137
3 757 882 71
3 757 930 716
3 758 885 739
3 758 910 885
3 759 918 561
3 760 897 253
3 761 762 579
3 761 797 762
3 761 892 211
3 762 903 203
3 763 844 469
3 763 858 844
3 764 822 498
3 765 852 428
3 765 881 460
3 766 887 80
3 767 895 505
3 768 868 422
3 769 792 431
3 769 865 361
3 769 876 865
3 770 786 128
3 771 806 273
3 775 883 436
3 776 805 453
3 776 901 738
3 778 861 437
3 780 804 127
3 780 850 692
3 781 791 179
3 781 928 590
3 782 849 576
3 784 864 494
3 784 924 321
3 785 894 374
3 785 926 750
3 786 819 700
3 788 848 277
3 789 925 358
3 790 899 327
3 791 831 180
3 792 940 431
3 793 923 188
3 794 876 769
3 795 905 447
3 797 903 762
3 798 932 320
3 800 816 565
3 800 915 126
3 801 813 173
3 801 919 601
3 802 803 540
3 802 880 483
3 803 904 540
3 805 889 453
3 807 820 339
3 807 893 594
3 808 815 402
3 809 824 672
3 810 892 587
3 811 909 603
3 812 900 142
3 813 837 178
3 814 927 408
3 817 848 484
3 818 934 637
3 819 836 148
3 821 886 585
3 823 890 708
3 824 855 672
3 825 891 449
3 825 942 214
3 826 851 516
3 827 898 507
3 829 864 321
3 830 938 434
3 830 943 145
3 835 930 154
3 836 850 148
3 838 875 657
3 838 936 296
3 839 851 425
3 840 942 617
3 841 900 424
3 842 860 699
3 844 858 535
3 844 912 469
3 846 921 358
3 846 925 442
3 847 902 605
3 847 906 749
3 852 941 341
3 855 873 672
3 856 909 457
3 857 907 652
3 859 869 344
3 859 916 440
3 862 933 541
3 862 940 792
3 865 876 733
3 865 917 361
3 865 938 542
3 866 867 447
3 866 905 227
3 869 889 344
3 873 896 666
3 874 875 284
3 877 894 522
3 884 911 129
3 885 896 729
3 885 910 668
3 891 913 451
3 893 935 594
3 894 944 374
3 895 898 505
3 897 923 253
3 898 914 507
3 902 929 132
3 905 933 227
3 911 937 702
3 922 935 534
3 931 932 798

CELL_TYPES 1766
5
5
5
5
5
5
5
5
5
5
5
5
5
5
5
5
5
5
5
5
5
5
5
5
5
5
5
5
5
5
5
5
5
5
5
5
5
5
5
5
5
5
5
5
5
5
5
5
5
5
5
5
5
5
5
5
5
5
5
5
5
5
5
5
5
5
5
5
5
5
5
5
5
5
5
5
5
5
5
5
5
5
5
5
5
5
5
5
5
5
5
5
5
5
5
5
5
5
5
5
5
5
5
5
5
5
5
5
5
5
5
5
5
5
5
5
5
5
5
5
5
5
5
5
5
5
5
5
5
5
5
5
5
5
5
5
5
5
5
5
5
5
5
5
5
5
5
5
5
5
5
5
5
5
5
5
5
5
5
5
5
5
5
5
5
5
5
5
5
5
5
5
5
5
5
5
5
5
5
5
5
5
5
5
5
5
5
5
5
5
5
5
5
5
5
5
5
5
5
5
5
5
5
5
5
5
5
5
5
5
5
5
5
5
5
5
5
5
5
5
5
5
5
5
5
5
5
5
5
5
5
5
5
5
5
5
5
5
5
5
5
5
5
5
5
5
5
5
5
5
5
5
5
5
5
5
5
5
5
5
5
5
5
5
5
5
5
5
5
5
5
5
5
5
5
5
5
5
5
5
5
5
5
5
5
5
5
5
5
5
5
5
5
5
5
5
5
5
5
5
5
5
5
5
5
5
5
5
5
5
5
5
5
5
5
5
5
5
5
5
5
5
5
5
5
5
5
5
5
5
5
5
5
5
5
5
5
5
5
5
5
5
5
5
5
5
5
5
5
5
5
5
5
5
5
5
5
5
5
5
5
5
5
5
5
5
5
5
5
5
5
5
5
5
5
5
5
5
5
5
5
5
5
5
5
5
5
5
5
5
5
5
5
5
5
5
5
5
5
5
5
5
5
5
5
5
5
5
5
5
5
5
5
5
5
5
5
5
5
5
5
5
5
5
5
5
5
5
5
5
5
5
5
5
5
5
5
5
5
5
5
5
5
5
5
5
5
5
5
5
5
5
5
5
5
5
5
5
5
5
5
5
5
5
5
5
5
5
5
5
5
5
5
5
5
5
5
5
5
5
5
5
5
5
5
5
5
5
5
5
5
5
5
5
5
5
5
5
5
5
5
5
5
5
5
5
5
5
5
5
5
5
5
5
5
5
5
5
5
5
5
5
5
5
5
5
5
5
5
5
5
5
5
5
5
5
5
5
5
5
5
5
5
5
5
5
5
5
5
5
5
5
5
5
5
5
5
5
5
5
5
5
5
5
5
5
5
5
5
5
5
5
5
5
5
5
5
5
5
5
5
5
5
5
5
5
5
5
5
5
5
5
5
5
5
5
5
5
5
5
5
5
5
5
5
5
5
5
5
5
5
5
5
5
5
5
5
5
5
5
5
5
5
5
5
5
5
5
5
5
5
5
5
5
5
5
5
5
5
5
5
5
5
5
5
5
5
5
5
5
5
5
5
5
5
5
5
5
5
5
5
5
5
5
5
5
5
5
5
5
5
5
5
5
5
5
5
5
5
5
5
5
5
5
5
5
5
5
5
5
5
5
5
5
5
5
5
5
5
5
5
5
5
5
5
5
5
5
5
5
5
5
5
5
5
5
5
5
5
5
5
5
5
5
5
5
5
5
5
5
5
5
5
5
5
5
5
5
5
5
5
5
5
5
5
5
5
5
5
5
5
5
5
5
5
5
5
5
5
5
5
5
5
5
5
5
5
5
5
5
5
5
5
5
5
5
5
5
5
5
5
5
5
5
5
5
5
5
5
5
5
5
5
5
5
5
5
5
5
5
5
5
5
5
5
5
5
5
5
5
5
5
5
5
5
5
5
5
5
5
5
5
5
5
5
5
5
5
5
5
5
5
5
5
5
5
5
5
5
5
5
5
5
5
5
5
5
5
5
5
5
5
5
5
5
5
5
5
5
5
5
5
5
5
5
5
5
5
5
5
5
5
5
5
5
5
5
5
5
5
5
5
5
5
5
5
5
5
5
5
5
5
5
5
5
5
5
5
5
5
5
5
5
5
5
5
5
5
5
5
5
5
5
5
5
5
5
5
5
5
5
5
5
5
5
5
5
5
5
5
5
5
5
5
5
5
5
5
5
5
5
5
5
5
5
5
5
5
5
5
5
5
5
5
5
5
5
5
5
5
5
5
5
5
5
5
5
5
5
5
5
5
5
5
5
5
5
5
5
5
5
5
5
5
5
5
5
5
5
5
5
5
5
5
5
5
5
5
5
5
5
5
5
5
5
5
5
5
5
5
5
5
5
5
5
5
5
5
5
5
5
5
5
5
5
5
5
5
5
5
5
5
5
5
5
5
5
5
5
5
5
5
5
5
5
5
5
5
5
5
5
5
5
5
5
5
5
5
5
5
5
5
5
5
5
5
5
5
5
5
5
5
5
5
5
5
5
5
5
5
5
5
5
5
5
5
5
5
5
5
5
5
5
5
5
5
5
5
5
5
5
5
5
5
5
5
5
5
5
5
5
5
5
5
5
5
5
5
5
5
5
5
5
5
5
5
5
5
5
5
5
5
5
5
5
5
5
5
5
5
5
5
5
5
5
5
5
5
5
5
5
5
5
5
5
5
5
5
5
5
5
5
5
5
5
5
5
5
5
5
5
5
5
5
5
5
5
5
5
5
5
5
5
5
5
5
5
5
5
5
5
5
5
5
5
5
5
5
5
5
5
5
5
5
5
5
5
5
5
5
5
5
5
5
5
5
5
5
5
5
5
5
5
5
5
5
5
5
5
5
5
5
5
5
5
5
5
5
5
5
5
5
5
5
5
5
5
5
5
5
5
5
5
5
5
5
5
5
5
5
5
5
5
5
5
5
5
5
5
5
5
5
5
5
5
5
5
5
5
5
5
5
5
5
5
5
5
5
5
5
5
5
5
5
5
5
5
5
5
5
5
5
5
5
5
5
5
5
5
5
5
5
5
5
5
5
5
5
5
5
5
5
5
5
5
5
5
5
5
5
5
5
5
5
5
5
5
5
5
5
5
5
5
5
5
5
5
5
5
5
5
5
5
5
5
5
5
5
5
5
5
5
5
5
5
5
5
5
5
5
5
5
5
5
5
5
5
5
5
5
5
5
5
5
5
5
5
5
5
5
5
5
5
5
5
5
5
5
5
5
5
5
5
5
5
5
5
5
5
5
5
5
5
5
5
5
5
5
5
5
5
5
5
5
5
5
5
5
5
5
5
5
5
5
5
5
5
5
5
5
5
5
5
5
5
5
5
5
5
5
5
5
5
5
5
5
5
5
5
5
5
5
5
5
5
5
5
5
5
5
5
5
5
5
5
5
5
5
5
5
5
5
5
5
5
5
5
5
5
5
5
5
5
5
5
5
5
5
5
5
5
5
5
5
5
5
5
5
5
5
5
5
5
5
5
5
5
5
5
5
5
5
5
5
5
5
5
5
5
5
5
5
5
5
5
5
5
5
5
5
5
5
5
5
5
5
5
5
5
5
5
5
5
5
5
5
5
5
5
5
5
5
5
5
5
5
5
5
5
5
5
5
5
5
5
5
5
5
5
5
5
5
5
5
5
5
5
5
5
5
5
5
5
5
5
5
5
5
5
5
5
5
5
5
5
5
5
5
5
5
5
5
5
5
5
5
5
5
5
5
5
5
5
5
5
5
5
5
5
5
5
5
5
5
5
5
5
5
5
5
5
5
5
5
5
5
5
5
5
5
5
5
5
5
5
5
5
5
5
5
5
5
5
5
5
5
5
5
5
5
5
5
5
5
5
5
5
5
5
5
5
5
5
5
5
5
5
5
5
5
5
5
5
5
5
5
5
5
5
5
5
5
5
5
5
5
5
5
5
5
5
5
5
5
5
5
5
5
5
5
5
5
5
5
5
5
5
5
5
5
5
5
5
5
5
5
5
5
5
5
5
5
5
5
5
5
5
5
5
5
5
5
5
5
5
5
5
5
5
5
5
5
5
5
5
5
POINT_DATA 945
FIELD FieldData 2
VELOCITY 3 945  float
1.0000000e-01 0.0000000e+00 0.0000000e+00 
1.0000002e-01 0.0000000e+00 0.0000000e+00 
1.0000002e-01 0.0000000e+00 0.0000000e+00 
1.0000000e-01 0.0000000e+00 0.0000000e+00 
0.0000000e+00 0.0000000e+00 0.0000000e+00 
0.0000000e+00 0.0000000e+00 0.0000000e+00 
0.0000000e+00 0.0000000e+00 0.0000000e+00 
0.0000000e+00 0.0000000e+00 0.0000000e+00 
0.0000000e+00 0.0000000e+00 0.0000000e+00 
0.0000000e+00 0.0000000e+00 0.0000000e+00 
0.0000000e+00 0.0000000e+00 0.0000000e+00 
0.0000000e+00 0.0000000e+00 0.0000000e+00 
0.0000000e+00 0.0000000e+00 0.0000000e+00 
0.0000000e+00 0.0000000e+00 0.0000000e+00 
0.0000000e+00 0.0000000e+00 0.0000000e+00 
0.0000000e+00 0.0000000e+00 0.0000000e+00 
0.0000000e+00 0.0000000e+00 0.0000000e+00 
0.0000000e+00 0.0000000e+00 0.0000000e+00 
0.0000000e+00 0.0000000e+00 0.0000000e+00 
0.0000000e+00 0.0000000e+00 0.0000000e+00 
0.0000000e+00 0.0000000e+00 0.0000000e+00 
0.0000000e+00 0.0000000e+00 0.0000000e+00 
0.0000000e+00 0.0000000e+00 0.0000000e+00 
0.0000000e+00 0.0000000e+00 0.0000000e+00 
0.0000000e+00 0.0000000e+00 0.0000000e+00 
0.0000000e+00 0.0000000e+00 0.0000000e+00 
0.0000000e+00 0.0000000e+00 0.0000000e+00 
0.0000000e+00 0.0000000e+00 0.0000000e+00 
0.0000000e+00 0.0000000e+00 0.0000000e+00 
0.0000000e+00 0.0000000e+00 0.0000000e+00 
0.0000000e+00 0.0000000e+00 0.0000000e+00 
0.0000000e+00 0.0000000e+00 0.0000000e+00 
0.0000000e+00 0.0000000e+00 0.0000000e+00 
0.0000000e+00 0.0000000e+00 0.0000000e+00 
0.0000000e+00 0.0000000e+00 0.0000000e+00 
0.0000000e+00 0.0000000e+00 0.0000000e+00 
1.0026869e-01 -6.6174449e-24 0.0000000e+00 
1.0090908e-01 0.0000000e+00 0.0000000e+00 
1.0185165e-01 0.0000000e+00 0.0000000e+00 
1.0339789e-01 0.0000000e+00 0.0000000e+00 
1.0560089e-01 0.0000000e+00 0.0000000e+00 
1.0841337e-01 0.0000000e+00 0.0000000e+00 
1.1160871e-01 0.0000000e+00 0.0000000e+00 
1.1444265e-01 -8.4703295e-22 0.0000000e+00 
1.1639314e-01 -4.2351647e-22 0.0000000e+00 
1.1675128e-01 -8.4703295e-22 0.0000000e+00 
1.1546724e-01 4.2351647e-22 0.0000000e+00 
1.1296725e-01 4.2351647e-22 0.0000000e+00 
1.0984657e-01 4.2351647e-22 0.0000000e+00 
1.0679974e-01 -3.1763736e-22 0.0000000e+00 
1.0424526e-01 -3.1763736e-22 0.0000000e+00 
1.0245037e-01 -3.1763736e-22 0.0000000e+00 
1.0136802e-01 0.0000000e+00 0.0000000e+00 
1.0075879e-01 0.0000000e+00 0.0000000e+00 
1.0040947e-01 0.0000000e+00 0.0000000e+00 
1.0022336e-01 6.6174449e-24 0.0000000e+00 
1.0012235e-01 6.6174449e-24 0.0000000e+00 
1.0006729e-01 6.6174449e-24 0.0000000e+00 
1.0003641e-01 -1.3234890e-23 0.0000000e+00 
1.0001935e-01 -1.3234890e-23 0.0000000e+00 
1.0001065e-01 -1.3234890e-23 0.0000000e+00 
1.0000576e-01 0.0000000e+00 0.0000000e+00 
1.0000314e-01 0.0000000e+00 0.0000000e+00 
1.0000170e-01 0.0000000e+00 0.0000000e+00 
1.0000092e-01 3.3087225e-24 0.0000000e+00 
1.0000050e-01 3.3087225e-24 0.0000000e+00 
1.0000027e-01 3.3087225e-24 0.0000000e+00 
1.0000015e-01 1.0339758e-25 0.0000000e+00 
1.0000008e-01 1.0339758e-25 0.0000000e+00 
1.0000005e-01 1.0339758e-25 0.0000000e+00 
1.0000003e-01 0.0000000e+00 0.0000000e+00 
1.0000002e-01 5.7123204e-09 0.0000000e+00 
1.0000001e-01 8.6963237e-09 0.0000000e+00 
9.9999994e-02 8.7352809e-09 0.0000000e+00 
9.9999987e-02 5.3961418e-09 0.0000000e+00 
9.9999979e-02 -1.5359573e-10 0.0000000e+00 
9.9999979e-02 -5.5779754e-09 0.0000000e+00 
9.9999994e-02 -9.6215897e-09 0.0000000e+00 
1.0000000e-01 -8.6450385e-09 0.0000000e+00 
1.0000002e-01 -5.6511729e-09 0.0000000e+00 
1.0000002e-01 1.7771458e-26 0.0000000e+00 
1.0000005e-01 0.0000000e+00 0.0000000e+00 
1.0000008e-01 0.0000000e+00 0.0000000e+00 
1.0000014e-01 0.0000000e+00 0.0000000e+00 
1.0000027e-01 3.3087225e-24 0.0000000e+00 
1.0000049e-01 3.3087225e-24 0.0000000e+00 
1.0000093e-01 3.3087225e-24 0.0000000e+00 
1.0000172e-01 -7.7548182e-26 0.0000000e+00 
1.0000315e-01 -7.7548182e-26 0.0000000e+00 
1.0000578e-01 -7.7548182e-26 0.0000000e+00 
1.0001061e-01 -1.1994119e-23 0.0000000e+00 
1.0001969e-01 -1.1994119e-23 0.0000000e+00 
1.0003632e-01 -1.1994119e-23 0.0000000e+00 
1.0006686e-01 1.3234890e-23 0.0000000e+00 
1.0012332e-01 1.3234890e-23 0.0000000e+00 
1.0022607e-01 1.3234890e-23 0.0000000e+00 
1.0041614e-01 1.5881868e-22 0.0000000e+00 
1.0076609e-01 1.5881868e-22 0.0000000e+00 
1.0137595e-01 1.5881868e-22 0.0000000e+00 
1.0245571e-01 0.0000000e+00 0.0000000e+00 
1.0423759e-01 0.0000000e+00 0.0000000e+00 
1.0679999e-01 0.0000000e+00 0.0000000e+00 
1.0981324e-01 4.2351647e-22 0.0000000e+00 
1.1293347e-01 4.2351647e-22 0.0000000e+00 
1.1550345e-01 4.2351647e-22 0.0000000e+00 
1.1681958e-01 4.2351647e-22 0.0000000e+00 
1.1640125e-01 4.2351647e-22 0.0000000e+00 
1.1445501e-01 4.2351647e-22 0.0000000e+00 
1.1166832e-01 0.0000000e+00 0.0000000e+00 
1.0848876e-01 0.0000000e+00 0.0000000e+00 
1.0559679e-01 0.0000000e+00 0.0000000e+00 
1.0343643e-01 -1.0587912e-22 0.0000000e+00 
1.0187288e-01 -1.0587912e-22 0.0000000e+00 
1.0089602e-01 -1.0587912e-22 0.0000000e+00 
1.0026067e-01 0.0000000e+00 0.0000000e+00 
1.0000000e-01 0.0000000e+00 0.0000000e+00 
1.0000000e-01 0.0000000e+00 0.0000000e+00 
1.0000000e-01 0.0000000e+00 0.0000000e+00 
1.0000000e-01 0.0000000e+00 0.0000000e+00 
1.0000000e-01 0.0000000e+00 0.0000000e+00 
1.0000000e-01 0.0000000e+00 0.0000000e+00 
1.0000000e-01 0.0000000e+00 0.0000000e+00 
1.0000000e-01 0.0000000e+00 0.0000000e+00 
1.0000000e-01 0.0000000e+00 0.0000000e+00 
1.1634828e-02 9.7349500e-03 0.0000000e+00 
1.0166322e-01 -8.2480552e-04 0.0000000e+00 
1.0300947e-01 1.5481487e-03 0.0000000e+00 
1.0007951e-01 4.5586236e-05 0.0000000e+00 
1.0000359e-01 2.0913303e-06 0.0000000e+00 
1.0000033e-01 -1.7558909e-07 0.0000000e+00 
1.0394925e-01 -2.0466887e-03 0.0000000e+00 
1.0047600e-01 2.7896970e-04 0.0000000e+00 
1.0417467e-01 1.7046859e-03 0.0000000e+00 
9.9818394e-02 -2.7579869e-04 0.0000000e+00 
1.0002295e-01 -1.3917799e-05 0.0000000e+00 
1.0026657e-01 -1.5584996e-04 0.0000000e+00 
1.0000056e-01 3.5429207e-07 0.0000000e+00 
1.0000204e-01 -1.1295750e-06 0.0000000e+00 
1.0816552e-01 -2.4734964e-03 0.0000000e+00 
9.9999979e-02 6.2696350e-09 0.0000000e+00 
1.1150346e-01 2.6283241e-03 0.0000000e+00 
1.1334381e-01 2.0747965e-03 0.0000000e+00 
1.1331517e-01 -2.5648337e-03 0.0000000e+00 
1.1689024e-01 -1.2731110e-03 0.0000000e+00 
1.0000009e-01 6.0466050e-08 0.0000000e+00 
1.1681984e-01 1.2043476e-03 0.0000000e+00 
9.9922150e-02 5.7793286e-04 0.0000000e+00 
9.9999987e-02 -1.3313558e-08 0.0000000e+00 
1.0001234e-01 6.9858488e-06 0.0000000e+00 
1.0000666e-01 -3.9261945e-06 0.0000000e+00 
1.0007840e-01 -4.6773235e-05 0.0000000e+00 
1.0000008e-01 -5.3860049e-08 0.0000000e+00 
9.9997446e-02 -7.0719968e-04 0.0000000e+00 
1.0122656e-01 7.1912643e-04 0.0000000e+00 
1.0000000e-01 1.5630075e-08 0.0000000e+00 
1.0117691e-01 -7.9052674e-04 0.0000000e+00 
1.0000001e-01 -1.3153311e-08 0.0000000e+00 
1.0000003e-01 1.5080959e-08 0.0000000e+00 
1.0007311e-01 5.7938934e-04 0.0000000e+00 
1.1464621e-01 2.1753206e-03 0.0000000e+00 
1.1390711e-01 5.3915731e-03 0.0000000e+00 
1.0988975e-01 5.4080640e-03 0.0000000e+00 
1.1158508e-01 8.7672072e-03 0.0000000e+00 
1.1592393e-01 8.9829005e-03 0.0000000e+00 
1.1369645e-01 1.3232754e-02 0.0000000e+00 
1.0875890e-01 1.1960581e-02 0.0000000e+00 
1.0993881e-01 1.8078707e-02 0.0000000e+00 
1.0474466e-01 1.4475345e-02 0.0000000e+00 
1.0289890e-01 2.0974727e-02 0.0000000e+00 
9.9656075e-02 1.5155013e-02 0.0000000e+00 
9.5533378e-02 1.9635838e-02 0.0000000e+00 
9.4921649e-02 1.3602682e-02 0.0000000e+00 
8.9561254e-02 1.5967073e-02 0.0000000e+00 
9.1306098e-02 1.0321833e-02 0.0000000e+00 
8.5312791e-02 1.0303079e-02 0.0000000e+00 
8.9522719e-02 5.9868488e-03 0.0000000e+00 
8.4333971e-02 3.7907953e-03 0.0000000e+00 
8.9682706e-02 1.7611008e-03 0.0000000e+00 
9.2633002e-02 3.6785686e-03 0.0000000e+00 
9.3135096e-02 7.3267758e-04 0.0000000e+00 
8.6949557e-02 -1.7346324e-03 0.0000000e+00 
9.5155708e-02 2.2728967e-03 0.0000000e+00 
9.5558465e-02 1.3516314e-04 0.0000000e+00 
2.5403064e-02 2.3348751e-02 0.0000000e+00 
7.3144040e-03 1.2304402e-02 0.0000000e+00 
9.6939437e-02 1.4375101e-03 0.0000000e+00 
9.7211428e-02 1.7481938e-05 0.0000000e+00 
1.1922713e-01 1.2546295e-02 0.0000000e+00 
9.9053852e-02 1.0470905e-02 0.0000000e+00 
9.8111957e-02 8.7082706e-04 0.0000000e+00 
9.8333634e-02 -1.1888917e-04 0.0000000e+00 
8.0662966e-02 -2.6727002e-03 0.0000000e+00 
8.5599639e-02 -7.1981363e-03 0.0000000e+00 
2.4262280e-03 -3.5460882e-03 0.0000000e+00 
9.8831899e-02 4.3398928e-04 0.0000000e+00 
9.9050581e-02 -1.7293920e-04 0.0000000e+00 
9.9325933e-02 2.1225931e-04 0.0000000e+00 
9.9453844e-02 -9.3185627e-05 0.0000000e+00 
9.9615403e-02 1.1518395e-04 0.0000000e+00 
9.9688187e-02 -6.0467348e-05 0.0000000e+00 
9.9777296e-02 6.0451956e-05 0.0000000e+00 
7.8421794e-02 -1.1889548e-02 0.0000000e+00 
8.6351439e-02 -1.3748715e-02 0.0000000e+00 
9.0656266e-02 -1.0034524e-02 0.0000000e+00 
8.2203507e-02 -2.0776870e-02 0.0000000e+00 
9.0486117e-02 -1.9728992e-02 0.0000000e+00 
8.9290045e-02 -2.7398897e-02 0.0000000e+00 
9.6935801e-02 -2.3027699e-02 0.0000000e+00 
9.8820493e-02 -3.1754397e-02 0.0000000e+00 
1.0398103e-01 -2.3933161e-02 0.0000000e+00 
1.0924843e-01 -2.9875873e-02 0.0000000e+00 
1.0102043e-01 -1.8155424e-02 0.0000000e+00 
1.1069436e-01 -2.1995680e-02 0.0000000e+00 
1.1745009e-01 -2.4931857e-02 0.0000000e+00 
4.2137533e-02 -2.7560581e-02 0.0000000e+00 
1.1055968e-02 -1.3894032e-02 0.0000000e+00 
9.9828728e-02 -3.9670071e-05 0.0000000e+00 
9.9874817e-02 2.7130425e-05 0.0000000e+00 
9.9909209e-02 -3.2874774e-05 0.0000000e+00 
9.9932693e-02 1.1392642e-05 0.0000000e+00 
1.1556357e-01 -1.7980777e-02 0.0000000e+00 
1.2202339e-01 -1.8405573e-02 0.0000000e+00 
9.6691146e-02 -1.3332681e-03 0.0000000e+00 
9.9951237e-02 -1.9400070e-05 0.0000000e+00 
9.9962711e-02 5.2701030e-06 0.0000000e+00 
9.9973403e-02 -1.1405114e-05 0.0000000e+00 
9.9979401e-02 2.1462204e-06 0.0000000e+00 
1.0872713e-01 2.5269143e-02 0.0000000e+00 
9.9985689e-02 -6.7531014e-06 0.0000000e+00 
9.9988751e-02 7.7269641e-07 0.0000000e+00 
9.9992171e-02 -3.8488433e-06 0.0000000e+00 
9.9993832e-02 2.2828007e-07 0.0000000e+00 
7.2074987e-02 -3.6291045e-03 0.0000000e+00 
9.9995837e-02 -2.2478739e-06 0.0000000e+00 
9.9996589e-02 -1.3369594e-08 0.0000000e+00 
9.9997804e-02 -1.4471710e-06 0.0000000e+00 
9.9998161e-02 -1.1767341e-07 0.0000000e+00 
9.9998854e-02 -8.0646424e-07 0.0000000e+00 
9.9999011e-02 -9.4354355e-08 0.0000000e+00 
1.2666298e-01 -2.6611125e-02 0.0000000e+00 
1.2950875e-01 -1.6258242e-02 0.0000000e+00 
6.9154121e-02 -1.5755801e-02 0.0000000e+00 
9.9445395e-02 -4.5091851e-04 0.0000000e+00 
9.8990224e-02 1.1770622e-03 0.0000000e+00 
8.9587726e-02 2.5349826e-02 0.0000000e+00 
9.7165667e-02 3.2968966e-03 0.0000000e+00 
9.9999391e-02 -4.5224840e-07 0.0000000e+00 
9.9999465e-02 -6.8664569e-08 0.0000000e+00 
9.9999674e-02 -2.5988948e-07 0.0000000e+00 
9.9999711e-02 -4.9602171e-08 0.0000000e+00 
9.9999644e-02 1.4360732e-07 0.0000000e+00 
9.9999800e-02 7.0002670e-08 0.0000000e+00 
9.9998832e-02 5.7170399e-07 0.0000000e+00 
1.0516436e-01 1.0502792e-02 0.0000000e+00 
1.1822974e-01 -1.3391073e-02 0.0000000e+00 
9.9999830e-02 -1.5075433e-07 0.0000000e+00 
9.9993289e-02 4.4252311e-06 0.0000000e+00 
1.1041196e-01 -1.5896859e-02 0.0000000e+00 
9.9962100e-02 3.0943647e-05 0.0000000e+00 
9.9775195e-02 2.0291153e-04 0.0000000e+00 
1.3673401e-01 -2.1647006e-02 0.0000000e+00 
1.3615987e-01 -1.1047832e-02 0.0000000e+00 
1.2878156e-01 -9.1400985e-03 0.0000000e+00 
1.3238366e-01 -3.7208842e-03 0.0000000e+00 
1.4192128e-01 -2.7724071e-03 0.0000000e+00 
1.3399638e-01 3.3650147e-03 0.0000000e+00 
6.4085752e-02 4.8753716e-02 0.0000000e+00 
1.4111744e-01 8.1114313e-03 0.0000000e+00 
1.3234419e-01 1.0645167e-02 0.0000000e+00 
8.6257264e-02 2.7147386e-02 0.0000000e+00 
1.2798522e-01 5.6545888e-03 0.0000000e+00 
1.2563898e-01 1.0834483e-02 0.0000000e+00 
1.2837148e-01 1.8248446e-02 0.0000000e+00 
1.2150917e-01 1.5026945e-02 0.0000000e+00 
1.2074648e-01 2.2165211e-02 0.0000000e+00 
1.1612651e-01 1.7178306e-02 0.0000000e+00 
1.1328568e-01 2.3010537e-02 0.0000000e+00 
3.3308160e-02 4.3697216e-02 0.0000000e+00 
1.1072996e-01 1.7077330e-02 0.0000000e+00 
1.0632184e-01 2.1010971e-02 0.0000000e+00 
1.0611854e-01 1.5548876e-02 0.0000000e+00 
1.0165732e-01 1.7621512e-02 0.0000000e+00 
1.0261659e-01 1.3204101e-02 0.0000000e+00 
9.8088682e-02 1.4349717e-02 0.0000000e+00 
1.0027371e-01 1.0316308e-02 0.0000000e+00 
9.6906014e-02 9.8317489e-03 0.0000000e+00 
9.3316786e-02 1.2284606e-02 0.0000000e+00 
9.3890414e-02 8.0136731e-03 0.0000000e+00 
8.9680374e-02 8.8526178e-03 0.0000000e+00 
9.1479607e-02 5.3187935e-03 0.0000000e+00 
8.7734222e-02 4.2764493e-03 0.0000000e+00 
9.1065422e-02 1.9293090e-03 0.0000000e+00 
8.7968022e-02 -4.9388956e-04 0.0000000e+00 
9.1693342e-02 -1.1739031e-03 0.0000000e+00 
9.0072572e-02 -4.3544867e-03 0.0000000e+00 
9.3416683e-02 -3.5733124e-03 0.0000000e+00 
9.6450396e-02 6.4957612e-03 0.0000000e+00 
9.3042523e-02 -6.7176870e-03 0.0000000e+00 
8.8718407e-02 -9.0438761e-03 0.0000000e+00 
9.3943141e-02 -1.0434085e-02 0.0000000e+00 
9.0827145e-02 -1.5594386e-02 0.0000000e+00 
1.5644832e-02 -2.5838630e-02 0.0000000e+00 
9.6620560e-02 -1.4287894e-02 0.0000000e+00 
9.5880538e-02 -1.9899212e-02 0.0000000e+00 
9.3742639e-02 1.1779935e-03 0.0000000e+00 
9.5592223e-02 -5.0522359e-03 0.0000000e+00 
1.0070488e-01 -1.6937850e-02 0.0000000e+00 
1.0180044e-01 -2.2691596e-02 0.0000000e+00 
5.2227672e-02 -5.1993918e-02 0.0000000e+00 
1.0569742e-01 -1.7971955e-02 0.0000000e+00 
1.0863520e-01 -2.3053238e-02 0.0000000e+00 
1.0405358e-01 -1.4883202e-02 0.0000000e+00 
8.0241688e-02 -4.2095505e-02 0.0000000e+00 
1.0036136e-01 -1.2426496e-02 0.0000000e+00 
1.0034201e-01 2.4280714e-02 0.0000000e+00 
8.4465623e-02 -1.3514056e-02 0.0000000e+00 
1.0589427e-01 1.1266855e-02 0.0000000e+00 
8.3601780e-02 8.6641600e-03 0.0000000e+00 
1.1089858e-01 -1.6715482e-02 0.0000000e+00 
1.1597383e-01 -2.1158442e-02 0.0000000e+00 
1.0781751e-01 -1.3309233e-02 0.0000000e+00 
9.6123844e-02 -2.7736248e-02 0.0000000e+00 
9.5698148e-02 -2.7409748e-03 0.0000000e+00 
9.7509690e-02 -3.8237812e-03 0.0000000e+00 
9.7354628e-02 -1.9607272e-03 0.0000000e+00 
9.8614819e-02 -2.5902686e-03 0.0000000e+00 
1.2292010e-01 6.4319349e-03 0.0000000e+00 
1.2404069e-01 2.4629063e-03 0.0000000e+00 
1.1557434e-01 -1.4107159e-02 0.0000000e+00 
1.2091348e-01 -1.5856870e-02 0.0000000e+00 
1.2303159e-01 -2.2028117e-02 0.0000000e+00 
1.2802839e-01 -1.6077269e-02 0.0000000e+00 
1.2311032e-01 -1.0750704e-02 0.0000000e+00 
1.2854044e-01 -8.4187910e-03 0.0000000e+00 
1.3558866e-01 -1.1588361e-02 0.0000000e+00 
7.2259344e-02 1.5698088e-02 0.0000000e+00 
1.2345992e-01 -5.8506024e-03 0.0000000e+00 
1.3323013e-01 -3.5009230e-03 0.0000000e+00 
1.4330781e-01 -3.5771215e-03 0.0000000e+00 
1.1340149e-01 1.2916113e-02 0.0000000e+00 
1.1688405e-01 2.9791281e-02 0.0000000e+00 
7.6884307e-02 -2.9738484e-02 0.0000000e+00 
9.9999830e-02 2.1351480e-07 0.0000000e+00 
9.9999905e-02 1.1224157e-07 0.0000000e+00 
1.0684102e-01 -3.8675252e-02 0.0000000e+00 
9.9911995e-02 -1.0459992e-04 0.0000000e+00 
1.3405275e-01 -3.3157911e-02 0.0000000e+00 
1.3673119e-01 3.2464261e-03 0.0000000e+00 
1.2955460e-01 2.2440937e-03 0.0000000e+00 
1.4492846e-01 7.5267376e-03 0.0000000e+00 
9.9333934e-02 -4.0165037e-03 0.0000000e+00 
1.4509752e-01 -1.4750552e-02 0.0000000e+00 
9.9975780e-02 -3.1574684e-05 0.0000000e+00 
9.9999890e-02 3.3752968e-08 0.0000000e+00 
1.5080200e-01 2.9806015e-03 0.0000000e+00 
1.4859876e-01 1.5801698e-02 0.0000000e+00 
9.9993609e-02 -9.5887935e-06 0.0000000e+00 
1.5656933e-01 9.5727574e-03 0.0000000e+00 
1.5570623e-01 -5.8632544e-03 0.0000000e+00 
1.2041043e-01 3.3909376e-03 0.0000000e+00 
9.9999540e-02 -9.5828807e-07 0.0000000e+00 
1.1954239e-01 8.0941012e-03 0.0000000e+00 
1.3673627e-01 1.1792970e-02 0.0000000e+00 
1.4302382e-01 1.8887676e-02 0.0000000e+00 
1.3362586e-01 2.0332910e-02 0.0000000e+00 
1.3571844e-01 2.9977331e-02 0.0000000e+00 
9.9998474e-02 -3.5176949e-06 0.0000000e+00 
9.8508842e-02 -1.4331054e-03 0.0000000e+00 
9.7756796e-02 -5.8779010e-04 0.0000000e+00 
1.1963259e-01 -7.7555003e-03 0.0000000e+00 
1.2007274e-01 -3.9079320e-03 0.0000000e+00 
9.9832863e-02 -2.5965855e-03 0.0000000e+00 
1.1868694e-01 6.3027460e-03 0.0000000e+00 
9.9999949e-02 5.8074580e-08 0.0000000e+00 
1.5155646e-01 1.5063169e-02 0.0000000e+00 
9.9999972e-02 1.9189015e-07 0.0000000e+00 
9.9999957e-02 3.5478848e-07 0.0000000e+00 
9.9999897e-02 -3.0567472e-07 0.0000000e+00 
9.9999949e-02 -1.6193188e-07 0.0000000e+00 
1.5209636e-01 2.6334532e-02 0.0000000e+00 
1.4283012e-01 2.7194833e-02 0.0000000e+00 
1.4281133e-01 3.9814476e-02 0.0000000e+00 
9.9999912e-02 -8.2584535e-08 0.0000000e+00 
9.9999979e-02 -8.6975263e-08 0.0000000e+00 
1.2696588e-01 2.7118498e-02 0.0000000e+00 
1.2479242e-01 3.6927037e-02 0.0000000e+00 
1.3237856e-01 4.1681208e-02 0.0000000e+00 
1.1551390e-01 4.7788978e-02 0.0000000e+00 
1.1048799e-01 5.1177021e-02 0.0000000e+00 
9.6685655e-02 5.3972963e-02 0.0000000e+00 
1.0301650e-01 4.7003258e-02 0.0000000e+00 
8.5502267e-02 5.0256722e-02 0.0000000e+00 
1.0088553e-01 -3.4319938e-03 0.0000000e+00 
1.0102636e-01 -5.3496175e-03 0.0000000e+00 
1.0000011e-01 2.3854255e-07 0.0000000e+00 
9.2964858e-02 4.2278294e-02 0.0000000e+00 
7.8146294e-02 4.2222854e-02 0.0000000e+00 
6.3334182e-02 4.6100553e-02 0.0000000e+00 
6.1657719e-02 3.6033105e-02 0.0000000e+00 
9.9999949e-02 -4.4896343e-08 0.0000000e+00 
1.2297903e-01 4.2757299e-02 0.0000000e+00 
1.1743438e-01 3.5209090e-03 0.0000000e+00 
1.2103080e-01 -2.1281531e-04 0.0000000e+00 
1.2265193e-01 -1.4152129e-03 0.0000000e+00 
9.9999987e-02 -4.9354909e-08 0.0000000e+00 
1.1946264e-01 -1.1034195e-03 0.0000000e+00 
9.8799787e-02 -5.8009254e-04 0.0000000e+00 
9.8483883e-02 2.1339639e-04 0.0000000e+00 
9.9268958e-02 -1.1063353e-03 0.0000000e+00 
9.7192265e-02 6.9419073e-04 0.0000000e+00 
9.8468244e-02 1.1986402e-03 0.0000000e+00 
9.7646594e-02 2.2352645e-03 0.0000000e+00 
9.8989286e-02 2.0957575e-03 0.0000000e+00 
9.8723747e-02 3.6403330e-03 0.0000000e+00 
9.9952184e-02 2.6731594e-03 0.0000000e+00 
1.0049291e-01 4.0276330e-03 0.0000000e+00 
9.9836409e-02 1.6995259e-03 0.0000000e+00 
4.2664003e-02 3.4060635e-02 0.0000000e+00 
4.8356608e-02 2.4153886e-02 0.0000000e+00 
6.4931422e-02 2.6263131e-02 0.0000000e+00 
2.9573202e-02 1.7938655e-02 0.0000000e+00 
4.1403510e-02 9.0583181e-03 0.0000000e+00 
9.9999934e-02 1.5580380e-08 0.0000000e+00 
1.0119011e-01 2.6560717e-03 0.0000000e+00 
1.1760088e-01 -2.7070984e-03 0.0000000e+00 
2.5761699e-02 -2.0868557e-04 0.0000000e+00 
4.1727878e-02 -7.2548622e-03 0.0000000e+00 
3.1985112e-02 -1.7662516e-02 0.0000000e+00 
4.9638443e-02 -2.1986304e-02 0.0000000e+00 
4.5638382e-02 -3.2742701e-02 0.0000000e+00 
1.4700018e-01 1.7509438e-02 0.0000000e+00 
1.2907813e-01 1.4018900e-02 0.0000000e+00 
1.3369383e-01 3.4690998e-02 0.0000000e+00 
1.2967211e-01 4.6976216e-02 0.0000000e+00 
1.2051553e-01 1.1274657e-03 0.0000000e+00 
1.2641327e-01 -4.1851015e-03 0.0000000e+00 
1.2319961e-01 -7.3711546e-03 0.0000000e+00 
9.9187739e-02 6.1643583e-04 0.0000000e+00 
1.4425078e-01 -2.7509024e-02 0.0000000e+00 
1.3457163e-01 -4.0769547e-02 0.0000000e+00 
1.2451807e-01 -4.4405233e-02 0.0000000e+00 
1.1361612e-01 -5.0820563e-02 0.0000000e+00 
1.4309433e-01 -3.0361377e-02 0.0000000e+00 
5.3314745e-02 1.6007964e-03 0.0000000e+00 
8.7151229e-02 4.3126013e-02 0.0000000e+00 
1.0000005e-01 -2.1657405e-07 0.0000000e+00 
1.0000009e-01 -4.4555878e-07 0.0000000e+00 
1.0416934e-01 3.8134430e-02 0.0000000e+00 
1.0767878e-01 -5.1238090e-02 0.0000000e+00 
8.8518970e-02 -5.3974621e-02 0.0000000e+00 
8.8433273e-02 -5.2627213e-02 0.0000000e+00 
6.4420544e-02 -5.0513554e-02 0.0000000e+00 
7.1796454e-02 -4.8140746e-02 0.0000000e+00 
8.7242074e-02 -4.5355078e-02 0.0000000e+00 
9.9999972e-02 2.6248797e-08 0.0000000e+00 
9.9999994e-02 5.3070934e-08 0.0000000e+00 
2.3932092e-02 -2.5888782e-02 0.0000000e+00 
1.0075198e-01 -2.1750946e-03 0.0000000e+00 
1.0009145e-01 -1.6762968e-03 0.0000000e+00 
1.4477324e-01 -1.4521414e-02 0.0000000e+00 
6.7856483e-02 -1.3014793e-02 0.0000000e+00 
1.5204999e-01 -7.8872070e-03 0.0000000e+00 
1.5405479e-01 -1.9095324e-02 0.0000000e+00 
1.4438495e-01 -2.7356792e-02 0.0000000e+00 
1.4803930e-01 -3.5117008e-02 0.0000000e+00 
1.3848454e-01 -4.0421449e-02 0.0000000e+00 
1.5733591e-01 -6.4022727e-03 0.0000000e+00 
8.5232683e-02 -2.0840259e-02 0.0000000e+00 
7.7988088e-02 -1.8215666e-02 0.0000000e+00 
7.8175232e-02 -1.0097784e-02 0.0000000e+00 
6.9803707e-02 -1.2720436e-02 0.0000000e+00 
6.8641603e-02 -2.3755761e-02 0.0000000e+00 
5.7850048e-02 -1.5921168e-02 0.0000000e+00 
6.3250951e-02 -4.2313836e-03 0.0000000e+00 
4.9246941e-02 -2.8447513e-03 0.0000000e+00 
5.9862409e-02 7.4843625e-03 0.0000000e+00 
7.0207044e-02 3.4332010e-03 0.0000000e+00 
7.0059419e-02 1.2662797e-02 0.0000000e+00 
6.1770283e-02 2.0738630e-02 0.0000000e+00 
7.3375940e-02 2.1699306e-02 0.0000000e+00 
6.8791255e-02 3.2761380e-02 0.0000000e+00 
7.9928443e-02 2.8998887e-02 0.0000000e+00 
8.0337413e-02 4.0574647e-02 0.0000000e+00 
8.2417898e-02 2.0202508e-02 0.0000000e+00 
5.2969836e-02 3.2793380e-02 0.0000000e+00 
5.6911498e-02 -3.1351503e-02 0.0000000e+00 
7.1372747e-02 -3.6404956e-02 0.0000000e+00 
6.0881920e-02 -4.7812872e-02 0.0000000e+00 
7.9349183e-02 -4.8249558e-02 0.0000000e+00 
8.8939704e-02 3.3146981e-02 0.0000000e+00 
9.3148567e-02 4.2983811e-02 0.0000000e+00 
8.4585488e-02 5.3852752e-02 0.0000000e+00 
1.0141094e-01 5.3067617e-02 0.0000000e+00 
1.0439543e-01 4.1095659e-02 0.0000000e+00 
8.3443865e-02 -3.6314022e-02 0.0000000e+00 
9.2454851e-02 -4.3732595e-02 0.0000000e+00 
9.3166769e-02 -5.6001704e-02 0.0000000e+00 
1.0470684e-01 -4.6980072e-02 0.0000000e+00 
1.0980931e-01 -5.7500321e-02 0.0000000e+00 
1.1752757e-01 -4.5481183e-02 0.0000000e+00 
1.0999849e-01 -3.7382852e-02 0.0000000e+00 
3.7651971e-02 3.8656525e-02 0.0000000e+00 
1.2872769e-01 5.3163432e-02 0.0000000e+00 
5.0835479e-02 5.0455898e-02 0.0000000e+00 
1.0000003e-01 -6.9724649e-08 0.0000000e+00 
1.1947531e-01 -3.4522511e-02 0.0000000e+00 
1.1690240e-01 1.8373068e-02 0.0000000e+00 
1.3431688e-01 -3.0375442e-02 0.0000000e+00 
9.7930834e-02 2.5920145e-02 0.0000000e+00 
1.1553167e-01 5.8530789e-02 0.0000000e+00 
3.5826184e-02 -4.6668202e-02 0.0000000e+00 
6.7336112e-02 -4.9938433e-02 0.0000000e+00 
4.9874194e-02 -2.0765398e-02 0.0000000e+00 
9.7421393e-02 -3.3990161e-03 0.0000000e+00 
2.2876134e-02 -2.2232434e-02 0.0000000e+00 
8.8070765e-02 -2.9993454e-02 0.0000000e+00 
3.7788276e-03 5.3173946e-03 0.0000000e+00 
2.0885788e-02 3.0634351e-02 0.0000000e+00 
1.0244826e-01 3.8945919e-03 0.0000000e+00 
1.0198475e-01 5.7924367e-03 0.0000000e+00 
1.0410334e-01 5.2237362e-03 0.0000000e+00 
8.7225445e-02 3.9342619e-03 0.0000000e+00 
1.3277201e-01 1.4117296e-02 0.0000000e+00 
7.6704450e-02 4.6990532e-03 0.0000000e+00 
7.7782206e-02 1.4577831e-02 0.0000000e+00 
1.0271697e-01 -3.8987247e-03 0.0000000e+00 
1.0346548e-01 -6.1776536e-03 0.0000000e+00 
1.4511763e-01 2.8374948e-02 0.0000000e+00 
1.0758612e-01 2.9871499e-02 0.0000000e+00 
1.4977259e-02 -1.4248637e-02 0.0000000e+00 
1.1742743e-01 -3.3813719e-02 0.0000000e+00 
1.3207120e-01 -5.0319016e-02 0.0000000e+00 
1.0000005e-01 1.3166317e-07 0.0000000e+00 
7.8041598e-02 3.9629720e-02 0.0000000e+00 
1.1556910e-01 5.5816136e-03 0.0000000e+00 
8.2516894e-02 1.6489577e-03 0.0000000e+00 
8.5325077e-02 -4.2707017e-03 0.0000000e+00 
1.2183607e-01 -3.5976882e-03 0.0000000e+00 
1.1903560e-01 -6.0654837e-03 0.0000000e+00 
8.7609343e-02 1.4154101e-02 0.0000000e+00 
9.2508636e-02 1.8239377e-02 0.0000000e+00 
1.1932763e-01 3.0881714e-02 0.0000000e+00 
1.1679468e-01 3.6417884e-03 0.0000000e+00 
1.0669412e-01 2.2435372e-03 0.0000000e+00 
1.1010779e-01 2.8931662e-03 0.0000000e+00 
1.0000020e-01 4.3108346e-07 0.0000000e+00 
9.9999949e-02 6.5575108e-07 0.0000000e+00 
1.0664509e-01 -2.2506269e-03 0.0000000e+00 
1.0119324e-01 -8.5480716e-03 0.0000000e+00 
1.0456294e-01 -8.7996358e-03 0.0000000e+00 
1.0622977e-01 -6.3451640e-03 0.0000000e+00 
9.8414607e-02 -6.3970131e-03 0.0000000e+00 
1.0811058e-01 -9.1051683e-03 0.0000000e+00 
1.0931890e-01 -5.7268543e-03 0.0000000e+00 
1.1188408e-01 -7.5211972e-03 0.0000000e+00 
1.0828752e-01 2.4786883e-03 0.0000000e+00 
1.0656513e-01 4.8626880e-03 0.0000000e+00 
1.0538783e-01 2.1129416e-03 0.0000000e+00 
1.0367531e-01 4.0746708e-03 0.0000000e+00 
1.0176818e-01 2.8824364e-03 0.0000000e+00 
1.0123553e-01 4.7096568e-03 0.0000000e+00 
9.9960111e-02 3.0679833e-03 0.0000000e+00 
1.0075901e-01 1.9623130e-03 0.0000000e+00 
9.9739909e-02 1.8443723e-03 0.0000000e+00 
1.0030060e-01 1.2256611e-03 0.0000000e+00 
1.0090765e-01 1.0891104e-03 0.0000000e+00 
1.1130168e-01 -2.7222389e-03 0.0000000e+00 
1.0938551e-01 -5.5116881e-03 0.0000000e+00 
1.0622071e-01 -4.6908194e-03 0.0000000e+00 
1.0672672e-01 -8.4093977e-03 0.0000000e+00 
1.0372403e-01 -6.3502630e-03 0.0000000e+00 
1.0393481e-01 -3.7124220e-03 0.0000000e+00 
1.0194881e-01 -4.5354986e-03 0.0000000e+00 
1.0071994e-01 -6.7123184e-03 0.0000000e+00 
9.9883057e-02 -4.4526672e-03 0.0000000e+00 
9.8008819e-02 -5.9524756e-03 0.0000000e+00 
1.0092618e-01 -3.0567662e-03 0.0000000e+00 
9.9486828e-02 -2.7174782e-03 0.0000000e+00 
1.0039121e-01 -1.9101605e-03 0.0000000e+00 
9.8453164e-02 -9.0531614e-03 0.0000000e+00 
9.9467181e-02 -1.5676077e-03 0.0000000e+00 
1.0011827e-01 -1.1097512e-03 0.0000000e+00 
1.1302005e-01 -5.6015532e-03 0.0000000e+00 
1.1443987e-01 -2.3262573e-03 0.0000000e+00 
1.0266008e-01 -9.8986905e-03 0.0000000e+00 
1.1103836e-01 -9.0207914e-03 0.0000000e+00 
9.8320104e-02 -2.0017212e-03 0.0000000e+00 
1.0590038e-01 -1.2224012e-02 0.0000000e+00 
9.8913036e-02 -8.9404744e-04 0.0000000e+00 
9.4581522e-02 -7.3655942e-03 0.0000000e+00 
9.5761545e-02 -4.3452843e-03 0.0000000e+00 
9.3112260e-02 -4.0850765e-03 0.0000000e+00 
1.1495699e-01 4.6680350e-02 0.0000000e+00 
1.0705540e-01 5.1439125e-03 0.0000000e+00 
1.1057265e-01 6.0847728e-03 0.0000000e+00 
6.6448227e-02 4.6500415e-02 0.0000000e+00 
4.6858359e-02 1.4658561e-02 0.0000000e+00 
1.1730542e-01 -9.4449060e-04 0.0000000e+00 
1.0264708e-01 6.5116272e-03 0.0000000e+00 
9.9901885e-02 6.9874199e-03 0.0000000e+00 
9.9020764e-02 4.6285740e-03 0.0000000e+00 
9.7112477e-02 6.0873237e-03 0.0000000e+00 
1.0452913e-01 7.7359374e-03 0.0000000e+00 
1.0227482e-01 -1.1230470e-03 0.0000000e+00 
9.9790573e-02 2.7726695e-04 0.0000000e+00 
1.0237799e-01 1.1218328e-03 0.0000000e+00 
4.0968489e-02 -1.9011477e-02 0.0000000e+00 
1.0305963e-01 -1.5275057e-03 0.0000000e+00 
6.8755209e-02 5.1137038e-02 0.0000000e+00 
9.9931344e-02 -5.7342899e-04 0.0000000e+00 
1.0495397e-01 -4.0880428e-03 0.0000000e+00 
1.1727496e-01 3.1291618e-04 0.0000000e+00 
1.5433281e-02 1.9651424e-02 0.0000000e+00 
1.0000030e-01 2.0017252e-07 0.0000000e+00 
1.2886544e-01 -1.7630447e-02 0.0000000e+00 
5.4120343e-02 2.2314593e-02 0.0000000e+00 
8.7629795e-02 1.2546288e-02 0.0000000e+00 
1.1627880e-01 -4.3598596e-02 0.0000000e+00 
9.8166026e-02 -3.7155547e-03 0.0000000e+00 
1.0987053e-01 -2.7636914e-03 0.0000000e+00 
9.0752177e-02 6.5203182e-02 0.0000000e+00 
6.7510687e-02 6.9660852e-03 0.0000000e+00 
1.5081841e-01 -2.0351969e-02 0.0000000e+00 
1.0090757e-01 -4.9836509e-04 0.0000000e+00 
1.0049412e-01 -2.8311595e-04 0.0000000e+00 
1.0021119e-01 -3.6852842e-04 0.0000000e+00 
1.0011215e-01 -2.0055352e-04 0.0000000e+00 
9.9998049e-02 -3.1734706e-04 0.0000000e+00 
9.9987932e-02 -1.7377394e-04 0.0000000e+00 
9.9996835e-02 -6.0083886e-04 0.0000000e+00 
9.9794067e-02 -4.0376969e-04 0.0000000e+00 
1.0039763e-01 -6.6890341e-04 0.0000000e+00 
1.0005895e-01 -1.1070615e-04 0.0000000e+00 
9.9991821e-02 -9.5406613e-05 0.0000000e+00 
1.1892717e-01 -2.8049368e-03 0.0000000e+00 
1.0000376e-01 7.1086426e-04 0.0000000e+00 
1.0022464e-01 1.1228736e-03 0.0000000e+00 
9.6272908e-02 -8.4021897e-04 0.0000000e+00 
1.1152679e-01 -1.1478705e-02 0.0000000e+00 
1.1575283e-01 -9.1186129e-03 0.0000000e+00 
1.1422200e-01 -5.3796074e-03 0.0000000e+00 
1.1582857e-01 9.0885879e-03 0.0000000e+00 
7.6809414e-02 7.2934567e-03 0.0000000e+00 
1.1586892e-01 -8.6040823e-03 0.0000000e+00 
1.2641963e-01 -5.2148812e-02 0.0000000e+00 
1.0003187e-01 -6.0850383e-05 0.0000000e+00 
9.9995635e-02 -5.1951825e-05 0.0000000e+00 
1.0001716e-01 -3.3427987e-05 0.0000000e+00 
9.9997833e-02 -2.7767195e-05 0.0000000e+00 
1.0000935e-01 -1.7680279e-05 0.0000000e+00 
1.0007940e-01 -5.8654160e-04 0.0000000e+00 
9.9955745e-02 -5.7059508e-05 0.0000000e+00 
9.9875279e-02 -2.2141809e-04 0.0000000e+00 
1.0001231e-01 -7.5560897e-06 0.0000000e+00 
1.0000465e-01 -9.0440953e-06 0.0000000e+00 
1.0000294e-01 -4.8203988e-06 0.0000000e+00 
9.9999495e-02 -7.3424694e-06 0.0000000e+00 
9.9760771e-02 5.6830491e-03 0.0000000e+00 
3.0103551e-02 1.9721407e-03 0.0000000e+00 
1.3693330e-01 1.7499827e-02 0.0000000e+00 
1.0488381e-01 -2.9564753e-02 0.0000000e+00 
1.2246274e-01 3.7247237e-02 0.0000000e+00 
1.0000000e-01 -1.6626803e-08 0.0000000e+00 
1.0026192e-01 1.5132732e-04 0.0000000e+00 
1.0020657e-01 3.5191292e-04 0.0000000e+00 
1.0011351e-01 1.9498070e-04 0.0000000e+00 
1.0001717e-01 3.0116309e-04 0.0000000e+00 
1.0000329e-01 1.6558413e-04 0.0000000e+00 
1.0003390e-01 5.4022582e-04 0.0000000e+00 
1.0038463e-01 6.6824997e-04 0.0000000e+00 
1.0006154e-01 1.0697768e-04 0.0000000e+00 
1.0000472e-01 8.9340414e-05 0.0000000e+00 
9.9947892e-02 1.0943494e-04 0.0000000e+00 
1.0004251e-01 -2.5718862e-05 0.0000000e+00 
9.9999987e-02 1.4642850e-08 0.0000000e+00 
1.0014454e-01 -8.5148728e-05 0.0000000e+00 
9.9999972e-02 -4.9916298e-09 0.0000000e+00 
1.0000041e-01 7.8656575e-07 0.0000000e+00 
9.9999957e-02 1.2146111e-06 0.0000000e+00 
1.0000080e-01 1.4411576e-06 0.0000000e+00 
9.9999987e-02 2.2415575e-06 0.0000000e+00 
9.9999100e-02 1.4473146e-06 0.0000000e+00 
9.9998452e-02 2.7208450e-06 0.0000000e+00 
1.0000011e-01 4.0969121e-06 0.0000000e+00 
9.9997364e-02 5.0879457e-06 0.0000000e+00 
1.0000044e-01 7.4995937e-06 0.0000000e+00 
9.9995539e-02 9.5074693e-06 0.0000000e+00 
1.0000128e-01 1.3761971e-05 0.0000000e+00 
9.9992424e-02 1.7758361e-05 0.0000000e+00 
1.0000283e-01 2.5203011e-05 0.0000000e+00 
9.9987023e-02 3.2684580e-05 0.0000000e+00 
1.0000494e-01 4.7142814e-05 0.0000000e+00 
1.0001986e-01 2.9257544e-05 0.0000000e+00 
9.9988006e-02 8.5275769e-06 0.0000000e+00 
9.9997886e-02 1.1547035e-06 0.0000000e+00 
9.9999480e-02 7.6482445e-07 0.0000000e+00 
7.1783543e-02 4.8771769e-02 0.0000000e+00 
1.0000108e-01 -6.4536169e-07 0.0000000e+00 
1.0000092e-01 -1.5367017e-06 0.0000000e+00 
1.0000043e-01 -7.7303775e-07 0.0000000e+00 
1.0000668e-01 3.7873897e-06 0.0000000e+00 
1.0000196e-01 1.1411547e-06 0.0000000e+00 
1.0000017e-01 -1.0042548e-07 0.0000000e+00 
1.0000060e-01 -3.2508194e-07 0.0000000e+00 
9.9999778e-02 -5.2953078e-07 0.0000000e+00 
1.0000002e-01 -1.2899855e-07 0.0000000e+00 
1.0000005e-01 -3.1256558e-08 0.0000000e+00 
9.9999152e-02 -1.7467430e-06 0.0000000e+00 
1.0000011e-01 -2.5734996e-06 0.0000000e+00 
9.9999703e-02 4.0435012e-07 0.0000000e+00 
9.9999979e-02 1.0223138e-07 0.0000000e+00 
1.0000001e-01 -3.2435938e-08 0.0000000e+00 
9.6941337e-02 3.8748528e-03 0.0000000e+00 
9.5984317e-02 2.0314259e-03 0.0000000e+00 
9.9999353e-02 2.8849215e-07 0.0000000e+00 
1.0000005e-01 3.0838979e-08 0.0000000e+00 
1.0000002e-01 3.6169240e-08 0.0000000e+00 
1.0018332e-01 -1.0808572e-03 0.0000000e+00 
1.0014363e-01 8.3228144e-05 0.0000000e+00 
9.9999845e-02 -3.3426129e-08 0.0000000e+00 
9.9996224e-02 2.2801535e-06 0.0000000e+00 
7.1915969e-02 -6.0052034e-02 0.0000000e+00 
1.4050677e-01 3.5472956e-02 0.0000000e+00 
9.9999912e-02 -2.0886636e-08 0.0000000e+00 
8.4843099e-02 3.4580573e-02 0.0000000e+00 
7.8061402e-02 2.5273858e-02 0.0000000e+00 
6.8728877e-03 -1.1749668e-02 0.0000000e+00 
9.8316677e-02 3.2887112e-02 0.0000000e+00 
9.9978723e-02 1.6303413e-05 0.0000000e+00 
9.9611938e-02 3.6525491e-04 0.0000000e+00 
9.9999972e-02 -2.1355632e-08 0.0000000e+00 
9.9987932e-02 -1.7318505e-05 0.0000000e+00 
1.2619817e-01 2.7564982e-02 0.0000000e+00 
1.2433164e-01 1.7625787e-03 0.0000000e+00 
9.9335186e-02 -2.0116642e-05 0.0000000e+00 
1.0081252e-01 -1.1558471e-03 0.0000000e+00 
1.0538576e-01 -2.0076120e-03 0.0000000e+00 
9.9632747e-02 -8.8783808e-04 0.0000000e+00 
6.2114991e-02 -3.2938905e-02 0.0000000e+00 
9.9346869e-02 6.5394019e-04 0.0000000e+00 
1.0000003e-01 7.1101759e-08 0.0000000e+00 
7.8786053e-02 -2.7278902e-02 0.0000000e+00 
9.5787391e-02 -7.7923979e-03 0.0000000e+00 
5.0316203e-02 -4.2831089e-02 0.0000000e+00 
1.0000106e-01 6.3475738e-07 0.0000000e+00 
1.1593528e-01 1.5141703e-03 0.0000000e+00 
9.9812619e-02 -1.1265853e-03 0.0000000e+00 
1.0048304e-01 -6.3577131e-04 0.0000000e+00 
9.9825218e-02 1.1070365e-03 0.0000000e+00 
1.0053425e-01 1.6916727e-03 0.0000000e+00 
1.1810477e-01 3.2117043e-02 0.0000000e+00 
1.3585807e-01 -2.0240203e-02 0.0000000e+00 
9.9999472e-02 -1.4289732e-05 0.0000000e+00 
5.7343602e-02 1.4420130e-02 0.0000000e+00 
1.0048666e-01 5.8917573e-04 0.0000000e+00 
1.0813881e-01 8.6175511e-03 0.0000000e+00 
1.0000374e-01 -2.0094333e-06 0.0000000e+00 
1.0000002e-01 1.5714408e-08 0.0000000e+00 
9.9682525e-02 1.0975862e-03 0.0000000e+00 
9.8638587e-02 2.1804757e-03 0.0000000e+00 
1.0784206e-01 7.9104658e-03 0.0000000e+00 
9.9999465e-02 -1.2956041e-02 0.0000000e+00 
9.5305845e-02 -1.2026671e-02 0.0000000e+00 
7.3187485e-02 -4.1504214e-03 0.0000000e+00 
1.1006349e-01 -6.1352175e-02 0.0000000e+00 
5.5878751e-02 -1.1433661e-02 0.0000000e+00 
1.0000002e-01 -1.4001364e-08 0.0000000e+00 
1.1315577e-01 -2.8534334e-02 0.0000000e+00 
9.9999964e-02 1.2153734e-09 0.0000000e+00 
1.2379438e-01 9.2309415e-03 0.0000000e+00 
1.0000149e-01 2.6096511e-06 0.0000000e+00 
1.2054093e-01 9.8931659e-03 0.0000000e+00 
1.0000017e-01 1.1003513e-07 0.0000000e+00 
9.9355184e-02 -1.7857994e-03 0.0000000e+00 
9.4190270e-02 4.1651102e-03 0.0000000e+00 
1.2352079e-01 -1.2274114e-02 0.0000000e+00 
7.5017162e-02 -3.9758142e-02 0.0000000e+00 
1.1645912e-01 -4.3009310e-03 0.0000000e+00 
9.9292219e-02 1.3052174e-03 0.0000000e+00 
1.2695524e-01 -2.4972418e-03 0.0000000e+00 
1.0004479e-01 2.4140511e-05 0.0000000e+00 
9.4608434e-02 -1.9557122e-03 0.0000000e+00 
1.0156049e-01 -1.9082443e-03 0.0000000e+00 
9.9995904e-02 -5.2712589e-06 0.0000000e+00 
8.7731719e-02 -2.7742775e-02 0.0000000e+00 
1.4849065e-01 2.2322433e-02 0.0000000e+00 
1.0000281e-01 4.7100839e-06 0.0000000e+00 
9.7884655e-02 -9.7864941e-03 0.0000000e+00 
6.4220920e-02 5.8914624e-02 0.0000000e+00 
1.5183413e-01 -2.5871480e-03 0.0000000e+00 
1.2808058e-01 3.7958898e-04 0.0000000e+00 
9.1317408e-02 -1.7237848e-03 0.0000000e+00 
1.2309629e-01 1.6338801e-02 0.0000000e+00 
1.0204522e-01 1.1717796e-02 0.0000000e+00 
1.3094708e-01 7.4364664e-03 0.0000000e+00 
1.1394514e-01 3.9658803e-02 0.0000000e+00 
7.9377599e-02 1.4099780e-02 0.0000000e+00 
9.6160583e-02 -1.6820775e-02 0.0000000e+00 
1.0382887e-01 -1.3875945e-02 0.0000000e+00 
3.8237598e-02 2.5478760e-02 0.0000000e+00 
1.0166474e-01 7.5675099e-04 0.0000000e+00 
9.5349073e-02 9.3142604e-03 0.0000000e+00 
8.7943129e-02 2.4240760e-02 0.0000000e+00 
9.4349615e-02 2.5128288e-02 0.0000000e+00 
1.0003631e-01 5.6042907e-05 0.0000000e+00 
8.7407105e-02 -3.5693377e-02 0.0000000e+00 
1.1736544e-01 1.2743440e-02 0.0000000e+00 
1.1176850e-01 9.4758207e-03 0.0000000e+00 
1.1858422e-01 -5.9553247e-04 0.0000000e+00 
9.9974856e-02 5.9495851e-05 0.0000000e+00 
1.0608917e-01 -1.8154042e-02 0.0000000e+00 
1.0196222e-01 -2.4635075e-03 0.0000000e+00 
1.1562213e-01 -1.6945938e-03 0.0000000e+00 
9.3668804e-02 6.7290496e-03 0.0000000e+00 
9.9406756e-02 -5.4375868e-04 0.0000000e+00 
1.1848690e-01 1.4650319e-03 0.0000000e+00 
1.0088632e-01 4.7246634e-04 0.0000000e+00 
3.3074386e-02 2.5653791e-02 0.0000000e+00 
9.4368011e-02 -1.0766060e-03 0.0000000e+00 
1.0000546e-01 8.6079008e-06 0.0000000e+00 
1.0941011e-01 1.2406300e-02 0.0000000e+00 
1.1338628e-01 -1.2666278e-02 0.0000000e+00 
9.0007454e-02 -6.4619884e-02 0.0000000e+00 
1.0000174e-01 -2.7239066e-06 0.0000000e+00 
9.9928521e-02 5.7985359e-05 0.0000000e+00 
8.6289883e-02 -4.8043489e-02 0.0000000e+00 
2.2061288e-02 2.4089707e-02 0.0000000e+00 
1.2783687e-01 -3.9507814e-02 0.0000000e+00 
1.3383548e-01 2.5005519e-02 0.0000000e+00 
1.0080264e-01 -3.7027083e-02 0.0000000e+00 
1.1833125e-01 4.8726544e-04 0.0000000e+00 
9.0300150e-02 -5.4355017e-03 0.0000000e+00 
1.1864651e-01 -1.1288501e-02 0.0000000e+00 
1.1327059e-01 3.6949299e-02 0.0000000e+00 
3.8572848e-02 -3.6178734e-02 0.0000000e+00 
9.9999994e-02 2.7988902e-08 0.0000000e+00 
1.0001020e-01 1.5544289e-05 0.0000000e+00 
9.5109537e-02 4.4200802e-03 0.0000000e+00 
9.8709196e-02 7.5406483e-03 0.0000000e+00 
1.7294621e-02 -8.9335600e-03 0.0000000e+00 
1.0418563e-01 -3.1048296e-02 0.0000000e+00 
1.1725714e-01 -5.4467171e-03 0.0000000e+00 
1.0000004e-01 -1.3820115e-06 0.0000000e+00 
6.8647556e-02 1.8134214e-02 0.0000000e+00 
7.9984985e-02 -4.0436476e-03 0.0000000e+00 
9.7860374e-02 -9.4805373e-04 0.0000000e+00 
1.5183337e-01 -1.8207794e-02 0.0000000e+00 
1.0140225e-01 1.5903887e-03 0.0000000e+00 
4.5819826e-02 4.5417607e-02 0.0000000e+00 
1.0232243e-01 -2.9538949e-03 0.0000000e+00 
1.0002273e-01 1.2093239e-05 0.0000000e+00 
1.2762950e-02 5.7165963e-03 0.0000000e+00 
6.4269111e-02 -2.2765646e-02 0.0000000e+00 
4.2856839e-02 3.9470058e-02 0.0000000e+00 
1.1173373e-01 -4.7555738e-03 0.0000000e+00 
9.9870488e-02 1.0723287e-04 0.0000000e+00 
1.0064328e-01 -1.3360318e-03 0.0000000e+00 
9.9669017e-02 -2.2840482e-04 0.0000000e+00 
7.6432936e-02 8.9612318e-04 0.0000000e+00 
1.1511531e-01 -4.3435693e-02 0.0000000e+00 
9.9999979e-02 -7.9320887e-07 0.0000000e+00 
9.9596009e-02 8.0209272e-04 0.0000000e+00 
1.2122206e-01 2.2932300e-02 0.0000000e+00 
7.3813632e-02 3.3544265e-02 0.0000000e+00 
9.2122957e-02 -3.4353808e-02 0.0000000e+00 
1.2064669e-01 4.7653420e-03 0.0000000e+00 
1.0355846e-01 2.9463895e-02 0.0000000e+00 
9.6520759e-02 3.4163047e-02 0.0000000e+00 
9.9999942e-02 -1.4210527e-08 0.0000000e+00 
1.0129562e-01 -4.7004700e-02 0.0000000e+00 
1.0009546e-01 -2.7824697e-04 0.0000000e+00 
1.3263841e-01 -3.2443427e-02 0.0000000e+00 
1.0009082e-01 2.6743498e-04 0.0000000e+00 
9.9911831e-02 2.0514488e-04 0.0000000e+00 
1.0297703e-01 1.0127153e-02 0.0000000e+00 
1.0124891e-01 7.9117315e-03 0.0000000e+00 
1.2555978e-01 5.2172728e-03 0.0000000e+00 
1.4364463e-01 -3.0659630e-03 0.0000000e+00 
9.9999987e-02 -2.6841409e-08 0.0000000e+00 
1.0131402e-01 5.9743159e-02 0.0000000e+00 
8.8168778e-02 1.8906347e-02 0.0000000e+00 
6.2845193e-02 -4.1541993e-03 0.0000000e+00 
1.0000002e-01 6.6312573e-09 0.0000000e+00 
1.1982171e-01 -9.3486346e-03 0.0000000e+00 
1.0000030e-01 -3.6022251e-07 0.0000000e+00 
9.9759512e-02 6.5108552e-04 0.0000000e+00 
1.0931195e-01 -1.1958120e-02 0.0000000e+00 
1.0000002e-01 -6.1940204e-09 0.0000000e+00 
8.3781920e-02 1.8177874e-02 0.0000000e+00 
9.6308060e-02 -3.9955691e-02 0.0000000e+00 
1.0000036e-01 -4.3247951e-06 0.0000000e+00 
5.8264606e-02 -4.4819381e-02 0.0000000e+00 
1.0309239e-01 -1.4164963e-02 0.0000000e+00 
1.1320756e-01 6.9001508e-03 0.0000000e+00 
1.5536965e-01 8.9372592e-03 0.0000000e+00 
1.1927690e-01 -2.6908124e-02 0.0000000e+00 
9.9853553e-02 3.7566532e-04 0.0000000e+00 
1.0504602e-01 7.2889822e-03 0.0000000e+00 
1.2561958e-01 -2.9229907e-02 0.0000000e+00 
1.2393335e-01 -1.1434954e-03 0.0000000e+00 
1.1556133e-01 -3.6173819e-03 0.0000000e+00 
6.1336059e-02 -4.0736221e-02 0.0000000e+00 
1.0271017e-01 2.3063887e-03 0.0000000e+00 
9.1809601e-02 -1.4542228e-02 0.0000000e+00 
9.7509854e-02 1.9143252e-02 0.0000000e+00 
1.1112907e-01 3.1499200e-02 0.0000000e+00 
1.0070676e-01 1.1272858e-03 0.0000000e+00 
9.9797882e-02 -1.3225901e-04 0.0000000e+00 
1.0740370e-01 -4.2824014e-03 0.0000000e+00 
1.0133477e-01 -1.5612526e-03 0.0000000e+00 
1.0004970e-01 8.5150055e-04 0.0000000e+00 
1.0000017e-01 -2.2485170e-07 0.0000000e+00 
8.3394833e-02 -8.3974665e-03 0.0000000e+00 
3.5776548e-02 -3.7247073e-02 0.0000000e+00 
1.2944572e-01 -2.3527665e-02 0.0000000e+00 
1.0164279e-01 1.7196186e-03 0.0000000e+00 
1.2517641e-01 -3.6326002e-02 0.0000000e+00 
1.1741909e-01 6.2083472e-03 0.0000000e+00 
9.8823577e-02 3.2827856e-03 0.0000000e+00 
9.8017916e-02 8.3217844e-03 0.0000000e+00 
9.9733211e-02 -5.6718400e-04 0.0000000e+00 
1.4992085e-01 -7.2780363e-03 0.0000000e+00 
1.1508241e-01 3.4838915e-03 0.0000000e+00 
1.0227477e-01 8.9787506e-03 0.0000000e+00 
9.1341041e-02 -2.2554701e-02 0.0000000e+00 
1.5161179e-01 -1.5344176e-02 0.0000000e+00 
1.3852198e-01 3.4523871e-02 0.0000000e+00 
9.9616364e-02 -8.2868157e-04 0.0000000e+00 
9.6882276e-02 -2.7916415e-03 0.0000000e+00 
1.0462373e-01 3.2786212e-03 0.0000000e+00 
1.0000000e-01 3.0284095e-08 0.0000000e+00 
1.0314240e-01 -1.0995446e-02 0.0000000e+00 
1.0559726e-01 -1.1199788e-02 0.0000000e+00 
1.1486664e-01 2.4508448e-02 0.0000000e+00 
9.5470019e-02 5.1150919e-04 0.0000000e+00 
1.1273948e-01 4.4817035e-03 0.0000000e+00 
9.7812749e-02 5.1522003e-03 0.0000000e+00 
1.0000008e-01 -1.2001485e-07 0.0000000e+00 
1.1850040e-01 2.2453351e-03 0.0000000e+00 
8.1466243e-02 8.0303382e-03 0.0000000e+00 
1.2692638e-01 2.0141203e-02 0.0000000e+00 
7.3974401e-02 -1.9883882e-02 0.0000000e+00 
7.8366108e-02 -3.6978405e-02 0.0000000e+00 
1.1721373e-01 5.2461291e-05 0.0000000e+00 
1.5242556e-01 3.3619236e-03 0.0000000e+00 
PRESSURE 1 945  float
-9.3264870e+01
0.0000000e+00
0.0000000e+00
-9.3264229e+01
-7.3080994e+01
-7.3525322e+01
-7.4613701e+01
-7.6340050e+01
-7.8235603e+01
-8.0183533e+01
-8.1754784e+01
-8.2451553e+01
-8.2380432e+01
-8.1004822e+01
-7.8794830e+01
-7.5738266e+01
-7.2404610e+01
-6.9244987e+01
-6.6643692e+01
-6.4859665e+01
-6.4294388e+01
-6.4855820e+01
-6.6581169e+01
-6.9252251e+01
-7.2504364e+01
-7.5783829e+01
-7.8623695e+01
-8.0926308e+01
-8.2097687e+01
-8.2598503e+01
-8.1701485e+01
-8.0122833e+01
-7.8321480e+01
-7.6437233e+01
-7.4567101e+01
-7.3403229e+01
-9.0392082e+01
-8.7580566e+01
-8.4821304e+01
-8.2163689e+01
-7.9836235e+01
-7.7829247e+01
-7.6116447e+01
-7.4563911e+01
-7.3059883e+01
-7.1500443e+01
-6.9711365e+01
-6.7742729e+01
-6.5559448e+01
-6.3147579e+01
-6.0492413e+01
-5.7632915e+01
-5.4748508e+01
-5.1872162e+01
-4.8987423e+01
-4.6104794e+01
-4.3223572e+01
-4.0342098e+01
-3.7460918e+01
-3.4579361e+01
-3.1697916e+01
-2.8816353e+01
-2.5934774e+01
-2.3053179e+01
-2.0171520e+01
-1.7289900e+01
-1.4408273e+01
-1.1526592e+01
-8.6449585e+00
-5.7633228e+00
-2.8816371e+00
0.0000000e+00
0.0000000e+00
0.0000000e+00
0.0000000e+00
0.0000000e+00
0.0000000e+00
0.0000000e+00
0.0000000e+00
0.0000000e+00
-2.8816431e+00
-5.7633352e+00
-8.6449785e+00
-1.1526622e+01
-1.4408314e+01
-1.7289955e+01
-2.0171600e+01
-2.3053286e+01
-2.5934917e+01
-2.8816530e+01
-3.1698128e+01
-3.4579723e+01
-3.7461185e+01
-4.0342522e+01
-4.3223866e+01
-4.6104794e+01
-4.8986351e+01
-5.1869568e+01
-5.4748669e+01
-5.7632854e+01
-6.0485596e+01
-6.3138908e+01
-6.5548439e+01
-6.7734627e+01
-6.9689835e+01
-7.1465485e+01
-7.3044052e+01
-7.4553932e+01
-7.6106956e+01
-7.7825706e+01
-7.9818329e+01
-8.2155746e+01
-8.4812279e+01
-8.7577499e+01
-9.0391830e+01
-9.3246513e+01
-9.3197868e+01
-9.3135399e+01
-9.3077927e+01
-9.3055496e+01
-9.3078278e+01
-9.3133682e+01
-9.3196983e+01
-9.3246826e+01
-6.5366592e+01
-5.6197189e+01
-5.9191658e+01
-4.1843540e+01
-2.7269579e+01
-1.5849136e+01
-8.1028717e+01
-5.0344845e+01
-8.0928604e+01
-9.0370857e+01
-3.6056576e+01
-4.7588966e+01
-1.8546879e+01
-2.4513054e+01
-6.4470634e+01
-2.6172853e+00
-6.6734329e+01
-7.5245766e+01
-7.5281250e+01
-7.0596725e+01
-9.9472523e+00
-7.0559860e+01
-9.0708405e+01
-2.3964858e+00
-3.3037663e+01
-3.0166529e+01
-4.1821274e+01
-9.9610434e+00
-9.0752251e+01
-8.6051277e+01
-2.3466780e+00
-8.6160553e+01
-2.4094260e+00
-4.3224559e+00
-9.0823715e+01
-6.8764496e+01
-6.8145393e+01
-6.5984673e+01
-6.7225517e+01
-6.8912262e+01
-6.8359619e+01
-6.6668007e+01
-6.8007774e+01
-6.6131828e+01
-6.7365341e+01
-6.5549774e+01
-6.6425766e+01
-6.4865555e+01
-6.5655067e+01
-6.4210960e+01
-6.5038025e+01
-6.3556797e+01
-6.4456932e+01
-6.2918018e+01
-6.2077091e+01
-6.1329872e+01
-6.3741146e+01
-6.0395031e+01
-5.9544476e+01
-7.6629028e+01
-7.3390060e+01
-5.8505085e+01
-5.7553932e+01
-6.9934044e+01
-6.3836777e+01
-5.6254162e+01
-5.5264488e+01
-6.5055901e+01
-6.4565819e+01
-7.2536926e+01
-5.3896420e+01
-5.2839401e+01
-5.1354244e+01
-5.0203003e+01
-4.8731701e+01
-4.7546349e+01
-4.6109085e+01
-6.6001503e+01
-6.5437302e+01
-6.4238914e+01
-6.6757095e+01
-6.6306374e+01
-6.7595871e+01
-6.7119400e+01
-6.8676651e+01
-6.7938072e+01
-6.9479828e+01
-6.6481133e+01
-6.8645546e+01
-7.0139587e+01
-7.8319160e+01
-7.5003571e+01
-4.4822231e+01
-4.3316841e+01
-4.2062088e+01
-4.0438797e+01
-6.9220459e+01
-7.0642090e+01
-5.8607105e+01
-3.9248596e+01
-3.7664433e+01
-3.6424423e+01
-3.4844284e+01
-6.8765350e+01
-3.3586800e+01
-3.1997799e+01
-3.0733372e+01
-2.9136549e+01
-6.6215683e+01
-2.7873602e+01
-2.6276241e+01
-2.5013195e+01
-2.3408001e+01
-2.2145893e+01
-2.0538113e+01
-7.1861115e+01
-7.2021599e+01
-8.1506775e+01
-5.1377266e+01
-5.5004623e+01
-6.7316460e+01
-5.9552036e+01
-1.9275955e+01
-1.7665348e+01
-1.6399967e+01
-1.4787705e+01
-1.6053520e+01
-1.3172806e+01
-2.1805828e+01
-6.5076729e+01
-6.9630287e+01
-1.3520910e+01
-3.0410692e+01
-6.7804276e+01
-3.8897339e+01
-4.7425217e+01
-7.3357025e+01
-7.3216049e+01
-7.2146019e+01
-7.3085159e+01
-7.4328766e+01
-7.3824615e+01
-7.4471283e+01
-7.4749474e+01
-7.4256111e+01
-7.9669380e+01
-7.3643356e+01
-7.4095520e+01
-7.4488014e+01
-7.4431023e+01
-7.4470604e+01
-7.4677849e+01
-7.4489769e+01
-6.8768829e+01
-7.5035141e+01
-7.4726006e+01
-7.5559143e+01
-7.5244324e+01
-7.6299522e+01
-7.5904724e+01
-7.7342995e+01
-7.7235657e+01
-7.5810616e+01
-7.7185814e+01
-7.5727295e+01
-7.7117432e+01
-7.5777885e+01
-7.7454201e+01
-7.6123344e+01
-7.7900749e+01
-7.6670937e+01
-7.8482384e+01
-7.8688438e+01
-7.7384491e+01
-7.5422256e+01
-7.6410133e+01
-7.4632210e+01
-6.6458794e+01
-7.5740051e+01
-7.4499756e+01
-7.9267303e+01
-7.9125099e+01
-7.5392677e+01
-7.4448456e+01
-7.1353035e+01
-7.5193504e+01
-7.4527985e+01
-8.1110512e+01
-7.7195480e+01
-7.6562660e+01
-7.4198296e+01
-7.3715790e+01
-7.6500130e+01
-7.4111069e+01
-7.5086761e+01
-7.4540611e+01
-7.5859138e+01
-7.3488960e+01
-8.0307465e+01
-8.0937836e+01
-8.2353683e+01
-8.3012871e+01
-7.3711029e+01
-7.3043648e+01
-7.4842506e+01
-7.4477402e+01
-7.4464226e+01
-7.4401955e+01
-7.4162079e+01
-7.3950356e+01
-7.4498596e+01
-8.1506645e+01
-7.3644157e+01
-7.3806686e+01
-7.4794724e+01
-7.5142036e+01
-7.4269508e+01
-6.8092644e+01
-1.4440719e+01
-1.1557907e+01
-7.0348633e+01
-4.3716354e+01
-7.3578949e+01
-7.3656799e+01
-7.2896805e+01
-7.4680527e+01
-8.1551117e+01
-7.5453331e+01
-3.7961636e+01
-1.0285597e+01
-7.5735710e+01
-7.5823212e+01
-3.2066143e+01
-7.7416420e+01
-7.7040466e+01
-7.3296738e+01
-2.0881672e+01
-7.0134888e+01
-7.3314049e+01
-7.4387360e+01
-7.2774734e+01
-7.3627548e+01
-2.6964264e+01
-8.4524071e+01
-8.3827728e+01
-7.4144135e+01
-7.3473045e+01
-8.3723259e+01
-7.4093109e+01
-8.6644020e+00
-7.5996567e+01
-1.2828701e+01
-1.5710093e+01
-1.5135025e+01
-1.2253137e+01
-7.7188972e+01
-7.5667511e+01
-7.6296936e+01
-1.0637313e+01
-9.3669510e+00
-7.1929214e+01
-7.2455391e+01
-7.4954315e+01
-7.3008980e+01
-7.5474442e+01
-7.3329033e+01
-7.1454491e+01
-7.1408821e+01
-8.2216743e+01
-8.0190071e+01
-1.4131377e+01
-6.9987206e+01
-6.9787643e+01
-7.1157440e+01
-6.9516205e+01
-7.8733935e+00
-7.7048164e+01
-7.3816803e+01
-7.2204018e+01
-7.2804436e+01
-6.6421437e+00
-7.2635239e+01
-8.6182938e+01
-8.5534714e+01
-8.6846947e+01
-8.2820854e+01
-8.4723114e+01
-8.2501831e+01
-8.4171295e+01
-8.1758392e+01
-8.3650826e+01
-8.1547951e+01
-8.5885910e+01
-7.0667686e+01
-6.9136894e+01
-6.8230103e+01
-7.0215714e+01
-6.8874107e+01
-7.5534191e+00
-8.3095848e+01
-7.3558922e+01
-6.9941742e+01
-6.8775375e+01
-6.9961426e+01
-6.8850700e+01
-7.0157761e+01
-7.9402779e+01
-7.2022446e+01
-7.5064156e+01
-7.5039810e+01
-7.1822983e+01
-7.2187065e+01
-7.1174858e+01
-8.7307251e+01
-7.5149567e+01
-7.5512497e+01
-7.3639633e+01
-7.5411148e+01
-7.7754662e+01
-6.7849617e+01
-7.8000603e+01
-1.3510023e+01
-1.6873014e+01
-7.0073494e+01
-7.3103470e+01
-7.4544800e+01
-7.2302330e+01
-7.3331352e+01
-7.1213165e+01
-7.0407135e+01
-5.5085926e+00
-6.7691851e+00
-7.1700310e+01
-8.4317856e+01
-8.6069839e+01
-7.4634766e+01
-6.7015228e+01
-7.6163773e+01
-7.7026573e+01
-7.5805824e+01
-7.7388618e+01
-7.5707588e+01
-7.7737877e+01
-7.3056770e+01
-7.2134552e+01
-7.2705307e+01
-7.1092270e+01
-7.0539986e+01
-6.9368706e+01
-7.0251274e+01
-6.8439171e+01
-6.9704613e+01
-7.1364113e+01
-7.1071976e+01
-6.9715042e+01
-7.1225090e+01
-7.0284569e+01
-7.1741875e+01
-7.1266701e+01
-7.2704361e+01
-6.8688675e+01
-6.9072182e+01
-7.0467171e+01
-6.9434158e+01
-7.1033089e+01
-7.2426567e+01
-7.2341202e+01
-7.1517395e+01
-7.2851608e+01
-7.3243080e+01
-7.1707001e+01
-7.2222206e+01
-7.2235443e+01
-7.3090881e+01
-7.3732399e+01
-7.4030502e+01
-7.3662407e+01
-7.2781502e+01
-7.6944916e+01
-7.1530525e+01
-8.6696358e+00
-7.4232719e+01
-6.9548859e+01
-7.5040886e+01
-6.7747589e+01
-7.4448967e+01
-6.8556358e+01
-7.4432251e+01
-8.0394707e+01
-8.1721786e+01
-7.6401405e+01
-7.9551613e+01
-7.2642883e+01
-6.6619568e+01
-8.0873901e+01
-7.9664383e+01
-7.9227669e+01
-8.1797890e+01
-8.0313499e+01
-6.5684540e+01
-6.6252220e+01
-8.0767036e+01
-7.9008919e+01
-7.5726097e+01
-7.3941528e+01
-6.5618500e+01
-7.1049400e+01
-7.7234657e+01
-1.1323717e+01
-7.7312202e+01
-7.4677704e+01
-7.4222672e+01
-7.4985062e+01
-7.1455673e+01
-7.0268509e+01
-7.4322716e+01
-7.4396484e+01
-7.0990829e+01
-6.9827675e+01
-7.8823586e+01
-7.6787117e+01
-1.7034492e+01
-1.8591434e+01
-7.8827759e+01
-7.8082924e+01
-7.7515862e+01
-7.7900146e+01
-7.9292313e+01
-7.6595825e+01
-7.6870667e+01
-7.5801544e+01
-6.4575050e+01
-6.3927277e+01
-6.2157032e+01
-6.1710438e+01
-5.9016598e+01
-6.0756046e+01
-5.8395771e+01
-5.6648849e+01
-5.5954941e+01
-5.4197845e+01
-5.4903164e+01
-6.6615356e+01
-6.5715057e+01
-6.3613232e+01
-6.5107750e+01
-6.2872913e+01
-6.1600330e+01
-6.0817348e+01
-6.2066437e+01
-6.0040264e+01
-6.1389862e+01
-5.8638123e+01
-5.7799419e+01
-5.6323994e+01
-6.3231812e+01
-5.5403740e+01
-5.3631245e+01
-6.7661797e+01
-6.8624336e+01
-6.4280373e+01
-6.7043953e+01
-5.7444027e+01
-6.5818634e+01
-5.4599766e+01
-6.2769459e+01
-6.0947784e+01
-6.1983944e+01
-7.3870674e+01
-7.7927933e+01
-7.6297539e+01
-6.9944000e+01
-6.8135178e+01
-7.2787865e+01
-6.2558060e+01
-6.2161537e+01
-6.0234657e+01
-6.1678505e+01
-7.7939133e+01
-8.3593674e+01
-9.0178391e+01
-8.3416420e+01
-6.7573135e+01
-5.9340488e+01
-7.3298683e+01
-9.0753258e+01
-7.9346016e+01
-7.2252998e+01
-7.4776764e+01
-1.5682197e+01
-8.0158508e+01
-8.0367783e+01
-8.1226105e+01
-7.7618187e+01
-5.9493073e+01
-7.6932755e+01
-7.2875565e+01
-6.6786736e+01
-7.9027565e+01
-5.3342072e+01
-5.0475651e+01
-4.9059338e+01
-4.6189789e+01
-4.7638836e+01
-4.4858227e+01
-5.0758221e+01
-4.9202255e+01
-5.1985661e+01
-4.3341293e+01
-4.2073261e+01
-7.0889244e+01
-9.0752319e+01
-8.8225281e+01
-8.1591515e+01
-7.5550064e+01
-7.4858994e+01
-7.5090767e+01
-7.4841614e+01
-7.2535271e+01
-6.8929321e+01
-7.5160950e+01
-4.0490486e+01
-3.9222664e+01
-3.7663910e+01
-3.6282688e+01
-3.4729408e+01
-9.0800621e+01
-4.0714283e+01
-4.6638340e+01
-3.3107677e+01
-3.1415796e+01
-2.8668858e+01
-2.9889080e+01
-7.9955505e+01
-6.6627968e+01
-7.4790855e+01
-7.3864334e+01
-7.4385872e+01
-2.3824236e+00
-4.7546280e+01
-4.8956787e+01
-4.6127937e+01
-4.7496372e+01
-4.4652458e+01
-5.0264675e+01
-5.2000774e+01
-4.3292591e+01
-4.1767010e+01
-4.3161320e+01
-3.8972618e+01
-2.5357413e+00
-4.4711460e+01
-2.5357430e+00
-1.9997467e+01
-2.1489473e+01
-2.2925768e+01
-2.4378475e+01
-2.3076412e+01
-2.5951319e+01
-2.7217567e+01
-2.8813971e+01
-3.0082243e+01
-3.1681265e+01
-3.2947395e+01
-3.4539474e+01
-3.5810154e+01
-3.7326954e+01
-3.8773445e+01
-3.7365761e+01
-3.3263527e+01
-2.4682064e+01
-2.0202290e+01
-7.5878151e+01
-2.1615597e+01
-2.3361746e+01
-1.9987864e+01
-3.0114353e+01
-2.4402586e+01
-1.2959876e+01
-1.8700701e+01
-1.8025023e+01
-1.1065292e+01
-7.0002503e+00
-2.3804443e+01
-2.5129152e+01
-1.7321480e+01
-9.9253349e+00
-5.1015177e+00
-8.0508003e+01
-8.0835968e+01
-1.8931112e+01
-7.1415925e+00
-5.7633243e+00
-8.8566246e+01
-4.4689472e+01
-1.1904010e+01
-2.7545124e+01
-7.0857613e+01
-7.8534241e+01
-9.1620646e+00
-6.8659225e+01
-6.7529144e+01
-7.3388344e+01
-7.3221039e+01
-3.6089314e+01
-5.0110970e+01
-5.0453639e+00
-3.4898392e+01
-7.4583710e+01
-7.2313004e+01
-8.8210258e+01
-5.4862511e+01
-6.2135082e+01
-5.2787529e+01
-6.9079330e+01
-5.2617298e+01
-8.4440346e+00
-7.1654869e+01
-7.7862206e+01
-7.1691124e+01
-2.1516241e+01
-7.3825531e+01
-8.8362747e+01
-8.8718727e+01
-8.8428818e+01
-8.5686531e+01
-7.9442940e+01
-7.4868195e+01
-3.3106392e+01
-6.7898338e+01
-8.8767159e+01
-7.6667610e+01
-2.7375736e+01
-2.7241185e+00
-5.3690960e+01
-5.7281525e+01
-6.5434151e+01
-6.4889404e+01
-6.4406143e+01
-7.1983017e+01
-7.5342979e+01
-6.7862350e+01
-4.2401404e+00
-7.4174767e+01
-4.8671398e+00
-7.1136917e+01
-2.5735411e+01
-7.4234528e+01
-1.2836552e+01
-8.5134972e+01
-7.8702744e+01
-7.0925682e+01
-6.9543167e+01
-6.9445618e+01
-8.6353851e+01
-7.3226135e+01
-3.9143234e+01
-6.0605648e+01
-5.7625561e+01
-2.9505299e+01
-7.2649780e+01
-7.7906097e+01
-2.8564766e+01
-7.7324234e+01
-7.0425552e+01
-7.9075829e+01
-7.2980484e+01
-6.2294712e+01
-7.0793953e+01
-6.4703140e+01
-7.2609894e+01
-7.1338341e+01
-7.2662209e+01
-6.5737869e+01
-7.6072189e+01
-7.8426010e+01
-5.6134506e+01
-6.3433937e+01
-7.3041039e+01
-7.3630836e+01
-4.0364250e+01
-6.8865402e+01
-7.4669228e+01
-7.5665939e+01
-7.1688988e+01
-4.0142231e+01
-6.7266518e+01
-8.2752785e+01
-7.4089149e+01
-6.2720280e+01
-8.8218483e+01
-7.2827759e+01
-5.3212158e+01
-6.7006775e+01
-7.9714348e+01
-3.1461069e+01
-7.5763031e+01
-6.8240570e+01
-7.3050476e+01
-2.6104328e+01
-4.1829533e+01
-7.6887665e+01
-7.1706818e+01
-7.4749031e+01
-7.4906731e+01
-7.3079376e+01
-7.1739616e+01
-6.3262314e+01
-7.4517960e+01
-7.3879745e+01
-6.7637459e+01
-4.3390598e+00
-3.4298096e+01
-6.1280422e+01
-7.8588150e+01
-7.0935669e+01
-7.9764214e+01
-7.4261658e+01
-2.2124884e+01
-6.7306946e+01
-7.3461807e+01
-5.6753326e+01
-7.6461739e+01
-8.4557198e+01
-6.8393692e+01
-5.9599236e+01
-3.5745312e+01
-7.1278549e+01
-6.8014618e+01
-7.4643402e+01
-7.5988785e+01
-4.4605762e+01
-8.6420776e+01
-4.8683315e+01
-7.2714142e+01
-7.1926086e+01
-1.9578491e+01
-8.8591042e+01
-7.0681908e+01
-6.8710098e+01
-7.2636482e+01
-7.0941780e+01
-6.8777534e+01
-6.8920830e+01
-6.9002957e+00
-7.1281616e+01
-9.1049820e+01
-7.9135788e+01
-9.1117554e+01
-4.6053230e+01
-7.7291512e+01
-7.8447052e+01
-7.1965675e+01
-8.0032516e+01
-4.3135772e+00
-7.5382690e+01
-7.3636101e+01
-6.7118034e+01
-2.1011696e+00
-7.0122002e+01
-1.7163788e+01
-5.1434330e+01
-6.6849335e+01
-2.0872087e+00
-6.6339577e+01
-6.9800941e+01
-2.7518425e+01
-7.5476730e+01
-6.5715157e+01
-7.5422668e+01
-7.7933693e+01
-7.4379913e+01
-4.8848667e+01
-6.4016228e+01
-7.4574020e+01
-7.2321220e+01
-7.4450653e+01
-7.0261604e+01
-8.2024704e+01
-6.5214493e+01
-7.4771408e+01
-6.9909454e+01
-8.6787399e+01
-4.6314213e+01
-7.7974228e+01
-8.4646431e+01
-5.2393997e+01
-1.4647087e+01
-7.4049423e+01
-7.3794701e+01
-7.4649208e+01
-5.7440689e+01
-7.2369041e+01
-6.9566780e+01
-5.8859447e+01
-6.2745998e+01
-5.1012650e+01
-7.5515259e+01
-7.4646767e+01
-6.3630951e+01
-7.3614731e+01
-7.8104050e+01
-7.7323372e+01
-8.8646942e+01
-5.9353687e+01
-7.9858147e+01
-4.3884735e+00
-7.6939270e+01
-7.6594696e+01
-6.9695343e+01
-8.0781425e+01
-7.5607750e+01
-8.0023788e+01
-1.1667198e+01
-7.0969055e+01
-6.5329254e+01
-7.1632515e+01
-6.7113060e+01
-7.8671494e+01
-7.1789696e+01
-7.5862900e+01
CELL_DATA 1766
FIELD FieldData 0
