# vtk DataFile Version 4.0
vtk output
ASCII
DATASET UNSTRUCTURED_GRID
POINTS 945 float
0.0000000e+00 0.0000000e+00 0.0000000e+00 
2.0000000e+00 0.0000000e+00 0.0000000e+00 
2.0000000e+00 6.0000002e-01 0.0000000e+00 
0.0000000e+00 6.0000002e-01 0.0000000e+00 
5.6000000e-01 3.0000001e-01 0.0000000e+00 
5.5884713e-01 2.8829461e-01 0.0000000e+00 
5.5543280e-01 2.7703899e-01 0.0000000e+00 
5.4988819e-01 2.6666579e-01 0.0000000e+00 
5.4242641e-01 2.5757360e-01 0.0000000e+00 
5.3333420e-01 2.5011179e-01 0.0000000e+00 
5.2296102e-01 2.4456720e-01 0.0000000e+00 
5.1170540e-01 2.4115290e-01 0.0000000e+00 
5.0000000e-01 2.3999999e-01 0.0000000e+00 
4.8829460e-01 2.4115290e-01 0.0000000e+00 
4.7703901e-01 2.4456720e-01 0.0000000e+00 
4.6666580e-01 2.5011179e-01 0.0000000e+00 
4.5757359e-01 2.5757360e-01 0.0000000e+00 
4.5011181e-01 2.6666579e-01 0.0000000e+00 
4.4456720e-01 2.7703899e-01 0.0000000e+00 
4.4115290e-01 2.8829461e-01 0.0000000e+00 
4.4000000e-01 3.0000001e-01 0.0000000e+00 
4.4115290e-01 3.1170541e-01 0.0000000e+00 
4.4456720e-01 3.2296100e-01 0.0000000e+00 
4.5011181e-01 3.3333421e-01 0.0000000e+00 
4.5757359e-01 3.4242639e-01 0.0000000e+00 
4.6666580e-01 3.4988821e-01 0.0000000e+00 
4.7703901e-01 3.5543281e-01 0.0000000e+00 
4.8829460e-01 3.5884711e-01 0.0000000e+00 
5.0000000e-01 3.6000001e-01 0.0000000e+00 
5.1170540e-01 3.5884711e-01 0.0000000e+00 
5.2296102e-01 3.5543281e-01 0.0000000e+00 
5.3333420e-01 3.4988821e-01 0.0000000e+00 
5.4242641e-01 3.4242639e-01 0.0000000e+00 
5.4988819e-01 3.3333421e-01 0.0000000e+00 
5.5543280e-01 3.2296100e-01 0.0000000e+00 
5.5884713e-01 3.1170541e-01 0.0000000e+00 
5.9016321e-02 0.0000000e+00 0.0000000e+00 
1.1803260e-01 0.0000000e+00 0.0000000e+00 
1.7704900e-01 0.0000000e+00 0.0000000e+00 
2.3587100e-01 0.0000000e+00 0.0000000e+00 
2.9085249e-01 0.0000000e+00 0.0000000e+00 
3.4144861e-01 0.0000000e+00 0.0000000e+00 
3.8872591e-01 0.0000000e+00 0.0000000e+00 
4.3368599e-01 0.0000000e+00 0.0000000e+00 
4.7725680e-01 0.0000000e+00 0.0000000e+00 
5.2034539e-01 0.0000000e+00 0.0000000e+00 
5.6386721e-01 0.0000000e+00 0.0000000e+00 
6.0872579e-01 0.0000000e+00 0.0000000e+00 
6.5584701e-01 0.0000000e+00 0.0000000e+00 
7.0623368e-01 0.0000000e+00 0.0000000e+00 
7.6094180e-01 0.0000000e+00 0.0000000e+00 
8.1967372e-01 0.0000000e+00 0.0000000e+00 
8.7868989e-01 0.0000000e+00 0.0000000e+00 
9.3770629e-01 0.0000000e+00 0.0000000e+00 
9.9672258e-01 0.0000000e+00 0.0000000e+00 
1.0557390e+00 0.0000000e+00 0.0000000e+00 
1.1147550e+00 0.0000000e+00 0.0000000e+00 
1.1737720e+00 0.0000000e+00 0.0000000e+00 
1.2327880e+00 0.0000000e+00 0.0000000e+00 
1.2918040e+00 0.0000000e+00 0.0000000e+00 
1.3508210e+00 0.0000000e+00 0.0000000e+00 
1.4098370e+00 0.0000000e+00 0.0000000e+00 
1.4688530e+00 0.0000000e+00 0.0000000e+00 
1.5278690e+00 0.0000000e+00 0.0000000e+00 
1.5868860e+00 0.0000000e+00 0.0000000e+00 
1.6459020e+00 0.0000000e+00 0.0000000e+00 
1.7049180e+00 0.0000000e+00 0.0000000e+00 
1.7639350e+00 0.0000000e+00 0.0000000e+00 
1.8229510e+00 0.0000000e+00 0.0000000e+00 
1.8819669e+00 0.0000000e+00 0.0000000e+00 
1.9409840e+00 0.0000000e+00 0.0000000e+00 
2.0000000e+00 5.9999999e-02 0.0000000e+00 
2.0000000e+00 1.2000000e-01 0.0000000e+00 
2.0000000e+00 1.8000001e-01 0.0000000e+00 
2.0000000e+00 2.3999999e-01 0.0000000e+00 
2.0000000e+00 3.0000001e-01 0.0000000e+00 
2.0000000e+00 3.6000001e-01 0.0000000e+00 
2.0000000e+00 4.1999999e-01 0.0000000e+00 
2.0000000e+00 4.7999999e-01 0.0000000e+00 
2.0000000e+00 5.4000002e-01 0.0000000e+00 
1.9409840e+00 6.0000002e-01 0.0000000e+00 
1.8819669e+00 6.0000002e-01 0.0000000e+00 
1.8229510e+00 6.0000002e-01 0.0000000e+00 
1.7639350e+00 6.0000002e-01 0.0000000e+00 
1.7049180e+00 6.0000002e-01 0.0000000e+00 
1.6459020e+00 6.0000002e-01 0.0000000e+00 
1.5868860e+00 6.0000002e-01 0.0000000e+00 
1.5278690e+00 6.0000002e-01 0.0000000e+00 
1.4688530e+00 6.0000002e-01 0.0000000e+00 
1.4098370e+00 6.0000002e-01 0.0000000e+00 
1.3508210e+00 6.0000002e-01 0.0000000e+00 
1.2918040e+00 6.0000002e-01 0.0000000e+00 
1.2327880e+00 6.0000002e-01 0.0000000e+00 
1.1737720e+00 6.0000002e-01 0.0000000e+00 
1.1147550e+00 6.0000002e-01 0.0000000e+00 
1.0557390e+00 6.0000002e-01 0.0000000e+00 
9.9672258e-01 6.0000002e-01 0.0000000e+00 
9.3770629e-01 6.0000002e-01 0.0000000e+00 
8.7868989e-01 6.0000002e-01 0.0000000e+00 
8.1967372e-01 6.0000002e-01 0.0000000e+00 
7.6094180e-01 6.0000002e-01 0.0000000e+00 
7.0623368e-01 6.0000002e-01 0.0000000e+00 
6.5584701e-01 6.0000002e-01 0.0000000e+00 
6.0872579e-01 6.0000002e-01 0.0000000e+00 
5.6386721e-01 6.0000002e-01 0.0000000e+00 
5.2034539e-01 6.0000002e-01 0.0000000e+00 
4.7725680e-01 6.0000002e-01 0.0000000e+00 
4.3368599e-01 6.0000002e-01 0.0000000e+00 
3.8872591e-01 6.0000002e-01 0.0000000e+00 
3.4144861e-01 6.0000002e-01 0.0000000e+00 
2.9085249e-01 6.0000002e-01 0.0000000e+00 
2.3587100e-01 6.0000002e-01 0.0000000e+00 
1.7704900e-01 6.0000002e-01 0.0000000e+00 
1.1803260e-01 6.0000002e-01 0.0000000e+00 
5.9016321e-02 6.0000002e-01 0.0000000e+00 
0.0000000e+00 5.4000002e-01 0.0000000e+00 
0.0000000e+00 4.7999999e-01 0.0000000e+00 
0.0000000e+00 4.1999999e-01 0.0000000e+00 
0.0000000e+00 3.6000001e-01 0.0000000e+00 
0.0000000e+00 3.0000001e-01 0.0000000e+00 
0.0000000e+00 2.3999999e-01 0.0000000e+00 
0.0000000e+00 1.8000001e-01 0.0000000e+00 
0.0000000e+00 1.2000000e-01 0.0000000e+00 
0.0000000e+00 5.9999999e-02 0.0000000e+00 
4.3026751e-01 3.0683401e-01 0.0000000e+00 
8.4908241e-01 5.5269438e-01 0.0000000e+00 
7.8790653e-01 5.1802918e-02 0.0000000e+00 
1.1430219e+00 5.0576471e-02 0.0000000e+00 
1.4415160e+00 5.0573289e-02 0.0000000e+00 
1.6754100e+00 5.5038619e-01 0.0000000e+00 
2.6041579e-01 5.2875768e-02 0.0000000e+00 
9.6895182e-01 5.0380111e-02 0.0000000e+00 
2.6302171e-01 5.5612308e-01 0.0000000e+00 
5.5065349e-02 2.6500449e-01 0.0000000e+00 
1.2615570e+00 5.4759312e-01 0.0000000e+00 
1.0253479e+00 5.4886931e-01 0.0000000e+00 
1.6201590e+00 5.4130111e-02 0.0000000e+00 
1.4979730e+00 5.5115038e-01 0.0000000e+00 
6.7900127e-01 5.5979192e-01 0.0000000e+00 
1.9463980e+00 2.6800990e-01 0.0000000e+00 
6.3145077e-01 3.8099781e-02 0.0000000e+00 
4.1331020e-01 5.6811810e-01 0.0000000e+00 
4.1231820e-01 3.8809739e-02 0.0000000e+00 
5.4410732e-01 5.6000441e-01 0.0000000e+00 
1.7962800e+00 5.9606131e-02 0.0000000e+00 
5.4468262e-01 3.7558820e-02 0.0000000e+00 
4.9130220e-02 3.9247900e-01 0.0000000e+00 
1.9509200e+00 3.8997239e-01 0.0000000e+00 
1.3233820e+00 4.9667731e-02 0.0000000e+00 
1.3821890e+00 5.4839480e-01 0.0000000e+00 
1.1434870e+00 5.4837209e-01 0.0000000e+00 
1.7959980e+00 5.4855859e-01 0.0000000e+00 
4.9401909e-02 1.5067521e-01 0.0000000e+00 
1.4989950e-01 5.5529898e-01 0.0000000e+00 
1.9519399e+00 1.5339760e-01 0.0000000e+00 
1.4754079e-01 5.1025499e-02 0.0000000e+00 
1.9506550e+00 5.1069498e-01 0.0000000e+00 
1.9114760e+00 5.1109631e-02 0.0000000e+00 
4.9216151e-02 5.0927132e-01 0.0000000e+00 
5.8710063e-01 3.6655251e-02 0.0000000e+00 
6.0428280e-01 7.4787550e-02 0.0000000e+00 
6.4929068e-01 7.4443869e-02 0.0000000e+00 
6.2715179e-01 1.0633790e-01 0.0000000e+00 
5.9329480e-01 1.0799770e-01 0.0000000e+00 
6.0949302e-01 1.3488390e-01 0.0000000e+00 
6.4123279e-01 1.3555969e-01 0.0000000e+00 
6.2006623e-01 1.6328260e-01 0.0000000e+00 
6.5316749e-01 1.6381399e-01 0.0000000e+00 
6.3351321e-01 1.8958050e-01 0.0000000e+00 
6.6427898e-01 1.8941709e-01 0.0000000e+00 
6.4933020e-01 2.1180780e-01 0.0000000e+00 
6.7645937e-01 2.1359310e-01 0.0000000e+00 
6.6097301e-01 2.3410480e-01 0.0000000e+00 
6.8796802e-01 2.3757669e-01 0.0000000e+00 
6.7103261e-01 2.5876111e-01 0.0000000e+00 
6.9990993e-01 2.6214910e-01 0.0000000e+00 
6.8101048e-01 2.8387409e-01 0.0000000e+00 
7.1248281e-01 2.8716281e-01 0.0000000e+00 
7.2971261e-01 2.6349890e-01 0.0000000e+00 
7.4486363e-01 2.9076719e-01 0.0000000e+00 
6.9556361e-01 3.0985960e-01 0.0000000e+00 
7.6406652e-01 2.6318431e-01 0.0000000e+00 
7.8114778e-01 2.9619500e-01 0.0000000e+00 
5.5403137e-01 2.5565761e-01 0.0000000e+00 
5.6691158e-01 2.7902979e-01 0.0000000e+00 
8.0246252e-01 2.6402649e-01 0.0000000e+00 
8.2167560e-01 3.0103979e-01 0.0000000e+00 
5.7978672e-01 1.3316999e-01 0.0000000e+00 
6.9627529e-01 1.8651520e-01 0.0000000e+00 
8.4832448e-01 2.6130950e-01 0.0000000e+00 
8.6857778e-01 3.0716091e-01 0.0000000e+00 
6.6883779e-01 3.0851370e-01 0.0000000e+00 
6.8001598e-01 3.3176759e-01 0.0000000e+00 
5.6956083e-01 3.0685109e-01 0.0000000e+00 
8.9643359e-01 2.6652190e-01 0.0000000e+00 
9.1803229e-01 3.1445420e-01 0.0000000e+00 
9.4838840e-01 2.6944679e-01 0.0000000e+00 
9.7196358e-01 3.1528941e-01 0.0000000e+00 
1.0020620e+00 2.7188951e-01 0.0000000e+00 
1.0263140e+00 3.1974381e-01 0.0000000e+00 
1.0557370e+00 2.7577680e-01 0.0000000e+00 
6.5179992e-01 3.3081001e-01 0.0000000e+00 
6.6418201e-01 3.5163379e-01 0.0000000e+00 
6.8745148e-01 3.5866591e-01 0.0000000e+00 
6.4083183e-01 3.5175639e-01 0.0000000e+00 
6.5020132e-01 3.7057751e-01 0.0000000e+00 
6.2925631e-01 3.6861771e-01 0.0000000e+00 
6.3750827e-01 3.8906679e-01 0.0000000e+00 
6.1479098e-01 3.8505989e-01 0.0000000e+00 
6.2451601e-01 4.0700281e-01 0.0000000e+00 
6.0271370e-01 4.0461549e-01 0.0000000e+00 
6.4791143e-01 4.1049060e-01 0.0000000e+00 
6.1149168e-01 4.2533240e-01 0.0000000e+00 
5.8940130e-01 4.2314041e-01 0.0000000e+00 
5.4590571e-01 3.5405469e-01 0.0000000e+00 
5.5933821e-01 3.3214769e-01 0.0000000e+00 
1.0820900e+00 3.2265610e-01 0.0000000e+00 
1.1129040e+00 2.7988619e-01 0.0000000e+00 
1.1385900e+00 3.3131590e-01 0.0000000e+00 
1.1718310e+00 2.8342861e-01 0.0000000e+00 
5.9854919e-01 4.4447681e-01 0.0000000e+00 
5.7566178e-01 4.4153079e-01 0.0000000e+00 
8.0048358e-01 3.3398119e-01 0.0000000e+00 
1.1962050e+00 3.3624330e-01 0.0000000e+00 
1.2286429e+00 2.8668931e-01 0.0000000e+00 
1.2540359e+00 3.3862561e-01 0.0000000e+00 
1.2863950e+00 2.8994620e-01 0.0000000e+00 
6.1140192e-01 1.8628950e-01 0.0000000e+00 
1.3121480e+00 3.4238011e-01 0.0000000e+00 
1.3446890e+00 2.9366851e-01 0.0000000e+00 
1.3705840e+00 3.4558439e-01 0.0000000e+00 
1.4032860e+00 2.9774809e-01 0.0000000e+00 
6.4617378e-01 3.0788270e-01 0.0000000e+00 
1.4291511e+00 3.4956750e-01 0.0000000e+00 
1.4618640e+00 3.0163100e-01 0.0000000e+00 
1.4877310e+00 3.5457411e-01 0.0000000e+00 
1.5206050e+00 3.0603161e-01 0.0000000e+00 
1.5464530e+00 3.5889450e-01 0.0000000e+00 
1.5793800e+00 3.1008351e-01 0.0000000e+00 
5.6763572e-01 4.1851109e-01 0.0000000e+00 
5.5408603e-01 4.3793961e-01 0.0000000e+00 
5.2029008e-01 3.6688760e-01 0.0000000e+00 
9.4794089e-01 3.6647639e-01 0.0000000e+00 
8.7384099e-01 2.2074890e-01 0.0000000e+00 
6.3348472e-01 2.3041780e-01 0.0000000e+00 
7.8118002e-01 2.2578520e-01 0.0000000e+00 
1.6052290e+00 3.6304700e-01 0.0000000e+00 
1.6382140e+00 3.1413361e-01 0.0000000e+00 
1.6641290e+00 3.6722910e-01 0.0000000e+00 
1.6971480e+00 3.1819481e-01 0.0000000e+00 
1.6712240e+00 2.6505721e-01 0.0000000e+00 
1.7302210e+00 2.6912081e-01 0.0000000e+00 
1.5534170e+00 2.5684619e-01 0.0000000e+00 
6.7181969e-01 1.4093800e-01 0.0000000e+00 
5.8596748e-01 4.6394360e-01 0.0000000e+00 
1.7230920e+00 3.7133509e-01 0.0000000e+00 
1.3771909e+00 2.4454120e-01 0.0000000e+00 
6.2249678e-01 4.4700289e-01 0.0000000e+00 
1.2033920e+00 2.3449400e-01 0.0000000e+00 
1.0287880e+00 2.3015590e-01 0.0000000e+00 
5.4669750e-01 4.1895449e-01 0.0000000e+00 
5.3373671e-01 4.3515179e-01 0.0000000e+00 
5.4073101e-01 4.5481020e-01 0.0000000e+00 
5.1996583e-01 4.5137540e-01 0.0000000e+00 
5.1387292e-01 4.2921981e-01 0.0000000e+00 
4.9935541e-01 4.4742331e-01 0.0000000e+00 
4.5565760e-01 3.5403141e-01 0.0000000e+00 
4.9349809e-01 4.2846820e-01 0.0000000e+00 
4.7935709e-01 4.4358870e-01 0.0000000e+00 
4.7970989e-01 3.6688760e-01 0.0000000e+00 
4.8592600e-01 4.6396780e-01 0.0000000e+00 
4.6443069e-01 4.5930001e-01 0.0000000e+00 
4.5825541e-01 4.3536639e-01 0.0000000e+00 
4.4286779e-01 4.5335940e-01 0.0000000e+00 
4.3592349e-01 4.3169260e-01 0.0000000e+00 
4.2123440e-01 4.4813421e-01 0.0000000e+00 
4.1462469e-01 4.2622849e-01 0.0000000e+00 
4.3825611e-01 3.3387709e-01 0.0000000e+00 
3.9864141e-01 4.4291711e-01 0.0000000e+00 
3.9200109e-01 4.1997111e-01 0.0000000e+00 
3.7504819e-01 4.3754801e-01 0.0000000e+00 
3.6926591e-01 4.1456231e-01 0.0000000e+00 
3.5052001e-01 4.3156540e-01 0.0000000e+00 
3.4640020e-01 4.0321410e-01 0.0000000e+00 
3.2338160e-01 4.2558259e-01 0.0000000e+00 
3.1625420e-01 3.9745620e-01 0.0000000e+00 
3.3599329e-01 3.7658459e-01 0.0000000e+00 
3.0888751e-01 3.6996761e-01 0.0000000e+00 
3.2846531e-01 3.5015899e-01 0.0000000e+00 
3.0453789e-01 3.4228960e-01 0.0000000e+00 
3.2241219e-01 3.2376000e-01 0.0000000e+00 
2.9612821e-01 3.1610900e-01 0.0000000e+00 
3.1577420e-01 2.9729351e-01 0.0000000e+00 
2.8885421e-01 2.8886101e-01 0.0000000e+00 
3.0968001e-01 2.6928011e-01 0.0000000e+00 
2.8137040e-01 2.6060769e-01 0.0000000e+00 
2.8570160e-01 3.8790971e-01 0.0000000e+00 
3.0315241e-01 2.4067999e-01 0.0000000e+00 
3.3230671e-01 2.5245121e-01 0.0000000e+00 
3.2487640e-01 2.2290690e-01 0.0000000e+00 
3.5372531e-01 2.3027760e-01 0.0000000e+00 
4.3461740e-01 2.7961159e-01 0.0000000e+00 
3.4512779e-01 2.0528039e-01 0.0000000e+00 
3.6950600e-01 2.1069451e-01 0.0000000e+00 
2.6638910e-01 3.1392881e-01 0.0000000e+00 
2.7405229e-01 2.3109850e-01 0.0000000e+00 
3.6342499e-01 1.8842390e-01 0.0000000e+00 
3.8558939e-01 1.9589300e-01 0.0000000e+00 
4.4520050e-01 2.5469631e-01 0.0000000e+00 
3.8103029e-01 1.7263541e-01 0.0000000e+00 
4.0200421e-01 1.8057050e-01 0.0000000e+00 
4.9249741e-01 2.2787590e-01 0.0000000e+00 
4.6605590e-01 2.3826469e-01 0.0000000e+00 
3.3931601e-01 1.7988220e-01 0.0000000e+00 
3.8745371e-01 3.9799151e-01 0.0000000e+00 
3.5741779e-01 2.5419459e-01 0.0000000e+00 
3.5627639e-01 4.5751181e-01 0.0000000e+00 
3.4765261e-01 3.3191890e-01 0.0000000e+00 
3.9811629e-01 1.5518570e-01 0.0000000e+00 
4.2193061e-01 1.6662900e-01 0.0000000e+00 
3.7476501e-01 1.4610679e-01 0.0000000e+00 
3.9139041e-01 2.1633980e-01 0.0000000e+00 
2.5018540e-01 2.5338060e-01 0.0000000e+00 
2.4227400e-01 2.1673180e-01 0.0000000e+00 
2.1296521e-01 2.4632980e-01 0.0000000e+00 
2.0310380e-01 2.0643540e-01 0.0000000e+00 
4.7074649e-01 4.8204380e-01 0.0000000e+00 
4.9385741e-01 4.8678511e-01 0.0000000e+00 
4.1766569e-01 1.3875820e-01 0.0000000e+00 
4.3951231e-01 1.4885530e-01 0.0000000e+00 
4.4284999e-01 1.6929220e-01 0.0000000e+00 
4.6074921e-01 1.5907930e-01 0.0000000e+00 
4.5701310e-01 1.3411739e-01 0.0000000e+00 
4.7804150e-01 1.4308280e-01 0.0000000e+00 
4.8207700e-01 1.6432039e-01 0.0000000e+00 
5.2000839e-01 2.3249920e-01 0.0000000e+00 
4.7522539e-01 1.1890660e-01 0.0000000e+00 
4.9824399e-01 1.5124670e-01 0.0000000e+00 
5.0239080e-01 1.7379840e-01 0.0000000e+00 
4.0624869e-01 4.6688080e-01 0.0000000e+00 
4.2919409e-01 4.1243970e-01 0.0000000e+00 
6.2043011e-01 3.4884781e-01 0.0000000e+00 
1.7042540e+00 2.1590130e-01 0.0000000e+00 
1.7632940e+00 2.2000070e-01 0.0000000e+00 
5.9477502e-01 3.8850871e-01 0.0000000e+00 
1.1047130e+00 3.7971979e-01 0.0000000e+00 
5.5632508e-01 4.0331629e-01 0.0000000e+00 
5.1673311e-01 1.5979400e-01 0.0000000e+00 
5.1686460e-01 1.3875850e-01 0.0000000e+00 
5.2089018e-01 1.7866670e-01 0.0000000e+00 
2.3531640e-01 1.7608330e-01 0.0000000e+00 
4.8605490e-01 1.8340071e-01 0.0000000e+00 
1.2225550e+00 3.8796490e-01 0.0000000e+00 
1.7893510e+00 2.7321759e-01 0.0000000e+00 
5.0436419e-01 4.1349870e-01 0.0000000e+00 
4.8793069e-01 4.1161671e-01 0.0000000e+00 
1.3432890e+00 3.9487341e-01 0.0000000e+00 
4.9844569e-01 3.9902619e-01 0.0000000e+00 
5.1288861e-01 4.0051869e-01 0.0000000e+00 
4.7826111e-01 5.0721961e-01 0.0000000e+00 
1.5723439e+00 4.1086179e-01 0.0000000e+00 
5.6928509e-01 1.1216540e-01 0.0000000e+00 
5.3438342e-01 1.6713411e-01 0.0000000e+00 
5.3660733e-01 1.8530799e-01 0.0000000e+00 
5.5097228e-01 1.7492341e-01 0.0000000e+00 
5.5329382e-01 1.9238080e-01 0.0000000e+00 
1.4477730e+00 4.0997440e-01 0.0000000e+00 
1.7183121e-01 2.3577370e-01 0.0000000e+00 
1.8385801e-01 2.7833050e-01 0.0000000e+00 
4.5149651e-01 1.1040960e-01 0.0000000e+00 
4.7247219e-01 9.1955133e-02 0.0000000e+00 
1.9255680e-01 1.6331930e-01 0.0000000e+00 
4.5135620e-01 5.0161749e-01 0.0000000e+00 
1.8225530e+00 2.2401039e-01 0.0000000e+00 
5.2494282e-01 1.9506520e-01 0.0000000e+00 
1.7372680e+00 1.6678140e-01 0.0000000e+00 
1.6782570e+00 1.6271511e-01 0.0000000e+00 
1.6900350e+00 4.2038351e-01 0.0000000e+00 
1.7490560e+00 4.2454061e-01 0.0000000e+00 
4.8329440e-01 3.9614201e-01 0.0000000e+00 
4.7259709e-01 4.0761891e-01 0.0000000e+00 
4.6829471e-01 3.9267531e-01 0.0000000e+00 
1.7821480e+00 3.7544200e-01 0.0000000e+00 
1.8081650e+00 4.2873210e-01 0.0000000e+00 
5.6767190e-01 1.8248910e-01 0.0000000e+00 
5.6965590e-01 1.9964610e-01 0.0000000e+00 
5.5310482e-01 2.0997940e-01 0.0000000e+00 
5.7153863e-01 2.1648981e-01 0.0000000e+00 
5.5832732e-01 2.2570750e-01 0.0000000e+00 
5.7294083e-01 2.3188220e-01 0.0000000e+00 
5.8571517e-01 2.2277141e-01 0.0000000e+00 
5.8722973e-01 2.3849240e-01 0.0000000e+00 
2.2661661e-01 1.3415439e-01 0.0000000e+00 
2.6798990e-01 1.4730521e-01 0.0000000e+00 
1.7105891e+00 1.1396340e-01 0.0000000e+00 
5.9993339e-01 2.2935030e-01 0.0000000e+00 
6.0129720e-01 2.4530940e-01 0.0000000e+00 
5.8868867e-01 2.5420901e-01 0.0000000e+00 
6.0235012e-01 2.6110700e-01 0.0000000e+00 
1.8387530e+00 3.7525591e-01 0.0000000e+00 
5.4489303e-01 2.2099259e-01 0.0000000e+00 
4.5784310e-01 5.2955812e-01 0.0000000e+00 
5.1062381e-01 5.1103139e-01 0.0000000e+00 
4.9833831e-01 1.0296860e-01 0.0000000e+00 
1.8639690e+00 4.2541769e-01 0.0000000e+00 
4.9523690e-01 7.3985048e-02 0.0000000e+00 
1.3844220e-01 2.6736441e-01 0.0000000e+00 
1.5088230e-01 3.1097111e-01 0.0000000e+00 
1.2641050e-01 2.2494370e-01 0.0000000e+00 
2.0287590e-01 3.2045639e-01 0.0000000e+00 
1.6756350e-01 3.5410741e-01 0.0000000e+00 
2.1099889e-01 3.6507410e-01 0.0000000e+00 
1.8053800e-01 3.9719370e-01 0.0000000e+00 
2.2913329e-01 4.0715241e-01 0.0000000e+00 
1.9421770e-01 4.3993911e-01 0.0000000e+00 
2.3865750e-01 4.5007020e-01 0.0000000e+00 
1.4811151e-01 4.3034700e-01 0.0000000e+00 
5.9036589e-01 2.6973200e-01 0.0000000e+00 
6.0372931e-01 2.7649191e-01 0.0000000e+00 
6.1619169e-01 2.6624000e-01 0.0000000e+00 
5.9138829e-01 2.8492469e-01 0.0000000e+00 
6.0468042e-01 2.9163459e-01 0.0000000e+00 
1.8453060e+00 2.7996099e-01 0.0000000e+00 
2.0954210e-01 4.8537201e-01 0.0000000e+00 
4.6530190e-01 6.3733928e-02 0.0000000e+00 
5.9247959e-01 2.9992181e-01 0.0000000e+00 
6.0560697e-01 3.0666059e-01 0.0000000e+00 
5.9351093e-01 3.1494951e-01 0.0000000e+00 
6.0633099e-01 3.2174519e-01 0.0000000e+00 
5.9430778e-01 3.2937449e-01 0.0000000e+00 
4.9347320e-01 3.8454881e-01 0.0000000e+00 
5.5062449e-01 1.5674770e-01 0.0000000e+00 
4.5774269e-01 4.0380031e-01 0.0000000e+00 
4.5300320e-01 3.8926181e-01 0.0000000e+00 
5.2078158e-01 8.5589677e-02 0.0000000e+00 
5.2809721e-01 4.7261381e-01 0.0000000e+00 
5.4998982e-01 4.7740239e-01 0.0000000e+00 
1.1647230e-01 3.4303319e-01 0.0000000e+00 
5.4025501e-01 4.0216339e-01 0.0000000e+00 
5.4931629e-01 3.8893181e-01 0.0000000e+00 
5.6429678e-01 3.8917771e-01 0.0000000e+00 
5.5815691e-01 3.7613159e-01 0.0000000e+00 
5.3233409e-01 3.8730109e-01 0.0000000e+00 
6.1810511e-01 2.9840681e-01 0.0000000e+00 
5.4633558e-01 2.3408321e-01 0.0000000e+00 
1.7233150e+00 4.7115931e-01 0.0000000e+00 
1.6544410e+00 4.6960419e-01 0.0000000e+00 
5.9817278e-01 2.1342160e-01 0.0000000e+00 
5.7312608e-01 3.7630349e-01 0.0000000e+00 
5.6664068e-01 3.6344349e-01 0.0000000e+00 
5.8089459e-01 3.6333910e-01 0.0000000e+00 
5.7436389e-01 3.5058859e-01 0.0000000e+00 
5.8890998e-01 3.5140380e-01 0.0000000e+00 
5.9597099e-01 3.6360300e-01 0.0000000e+00 
1.8871840e+00 2.3216370e-01 0.0000000e+00 
1.8613670e+00 1.6699770e-01 0.0000000e+00 
5.8043772e-01 3.2325599e-01 0.0000000e+00 
1.8341640e-01 1.2044960e-01 0.0000000e+00 
1.4539170e-01 1.4803199e-01 0.0000000e+00 
5.2981251e-01 4.1606659e-01 0.0000000e+00 
6.3278657e-01 3.2098520e-01 0.0000000e+00 
4.9883649e-01 1.9035070e-01 0.0000000e+00 
4.8866749e-01 1.9995619e-01 0.0000000e+00 
4.7372600e-01 1.9428051e-01 0.0000000e+00 
4.7687241e-01 2.0988560e-01 0.0000000e+00 
4.6230760e-01 2.0519090e-01 0.0000000e+00 
5.0175709e-01 2.0284539e-01 0.0000000e+00 
3.7420979e-01 2.4249861e-01 0.0000000e+00 
3.7680081e-01 2.5999850e-01 0.0000000e+00 
3.6377189e-01 2.7359021e-01 0.0000000e+00 
3.8147151e-01 2.7786380e-01 0.0000000e+00 
3.9390230e-01 2.6630861e-01 0.0000000e+00 
3.9790910e-01 2.8215069e-01 0.0000000e+00 
3.8660839e-01 2.9399589e-01 0.0000000e+00 
4.0266559e-01 2.9749459e-01 0.0000000e+00 
3.9230630e-01 3.0959940e-01 0.0000000e+00 
3.7539089e-01 3.0645579e-01 0.0000000e+00 
3.8165531e-01 3.2178041e-01 0.0000000e+00 
3.9764741e-01 3.2483751e-01 0.0000000e+00 
3.8738471e-01 3.3702531e-01 0.0000000e+00 
4.0318671e-01 3.3988059e-01 0.0000000e+00 
3.9298999e-01 3.5206911e-01 0.0000000e+00 
4.0884519e-01 3.5489669e-01 0.0000000e+00 
3.7592891e-01 3.5095471e-01 0.0000000e+00 
4.1221961e-01 3.2815641e-01 0.0000000e+00 
4.0885890e-01 2.7070051e-01 0.0000000e+00 
4.0606499e-01 2.5576550e-01 0.0000000e+00 
4.2036530e-01 2.6073930e-01 0.0000000e+00 
4.1758421e-01 2.4588020e-01 0.0000000e+00 
3.9879280e-01 3.6719501e-01 0.0000000e+00 
4.1457930e-01 3.6959961e-01 0.0000000e+00 
4.2435291e-01 3.5784501e-01 0.0000000e+00 
4.3005049e-01 3.7181091e-01 0.0000000e+00 
4.2064139e-01 3.8399899e-01 0.0000000e+00 
4.0332180e-01 2.4100940e-01 0.0000000e+00 
4.1523230e-01 2.3128320e-01 0.0000000e+00 
4.2901969e-01 2.3581611e-01 0.0000000e+00 
4.2680249e-01 2.2116630e-01 0.0000000e+00 
4.4072181e-01 2.2622180e-01 0.0000000e+00 
4.3834931e-01 2.1132030e-01 0.0000000e+00 
4.2324290e-01 2.0628519e-01 0.0000000e+00 
5.7600939e-01 2.6372889e-01 0.0000000e+00 
4.6461701e-01 3.7602729e-01 0.0000000e+00 
4.4586849e-01 3.4520641e-01 0.0000000e+00 
1.8224460e+00 4.8960349e-01 0.0000000e+00 
4.3567330e-01 1.9562960e-01 0.0000000e+00 
5.9315038e-01 1.5660501e-01 0.0000000e+00 
4.5945361e-01 1.9019520e-01 0.0000000e+00 
6.2804931e-01 2.1075760e-01 0.0000000e+00 
4.4690049e-01 3.7500271e-01 0.0000000e+00 
4.3590689e-01 2.6693821e-01 0.0000000e+00 
4.5538360e-01 2.4537770e-01 0.0000000e+00 
5.3253782e-01 3.6093631e-01 0.0000000e+00 
5.0687999e-01 3.7203360e-01 0.0000000e+00 
5.5479759e-01 3.4289679e-01 0.0000000e+00 
4.7859880e-01 2.3292100e-01 0.0000000e+00 
5.6951690e-01 2.9091081e-01 0.0000000e+00 
4.3251589e-01 3.2153201e-01 0.0000000e+00 
2.5864059e-01 4.9322551e-01 0.0000000e+00 
2.8119770e-01 4.6436489e-01 0.0000000e+00 
2.9712620e-01 4.9769270e-01 0.0000000e+00 
5.0679362e-01 2.2942559e-01 0.0000000e+00 
5.1640040e-01 2.1935740e-01 0.0000000e+00 
6.5671778e-01 2.8741741e-01 0.0000000e+00 
6.4681822e-01 2.6546481e-01 0.0000000e+00 
2.6161829e-01 1.0442510e-01 0.0000000e+00 
2.9914159e-01 1.2133270e-01 0.0000000e+00 
5.3835911e-01 2.0090669e-01 0.0000000e+00 
4.1076070e-01 4.0288219e-01 0.0000000e+00 
4.2847160e-01 2.9058349e-01 0.0000000e+00 
5.8385968e-01 4.0419951e-01 0.0000000e+00 
4.6758640e-01 2.2237021e-01 0.0000000e+00 
1.7680900e+00 1.1666990e-01 0.0000000e+00 
4.6705061e-01 3.6164391e-01 0.0000000e+00 
4.2953780e-01 5.2015013e-01 0.0000000e+00 
3.4222049e-01 3.0633521e-01 0.0000000e+00 
3.3303869e-01 2.8045291e-01 0.0000000e+00 
5.3547281e-01 4.9663380e-01 0.0000000e+00 
5.6233060e-01 5.0093198e-01 0.0000000e+00 
3.5305610e-01 3.5562491e-01 0.0000000e+00 
3.6326250e-01 3.7681499e-01 0.0000000e+00 
5.8255208e-01 1.8968870e-01 0.0000000e+00 
5.6585908e-01 6.7596443e-02 0.0000000e+00 
3.1423870e-01 5.6071562e-01 0.0000000e+00 
3.6825681e-01 5.5769640e-01 0.0000000e+00 
1.6511329e+00 1.0926090e-01 0.0000000e+00 
1.6192470e+00 1.5863900e-01 0.0000000e+00 
3.1425080e-01 3.9930049e-02 0.0000000e+00 
3.1129351e-01 1.6085930e-01 0.0000000e+00 
3.3299991e-01 1.3328290e-01 0.0000000e+00 
3.3072019e-01 1.0009960e-01 0.0000000e+00 
2.7850899e-01 1.8997809e-01 0.0000000e+00 
3.6250210e-01 1.1719080e-01 0.0000000e+00 
3.6242679e-01 7.9823360e-02 0.0000000e+00 
3.9215559e-01 9.3917303e-02 0.0000000e+00 
6.7704421e-01 3.9422091e-02 0.0000000e+00 
6.9158012e-01 7.9496212e-02 0.0000000e+00 
7.2696608e-01 4.4044841e-02 0.0000000e+00 
7.3696113e-01 9.5335990e-02 0.0000000e+00 
7.9171729e-01 1.0606610e-01 0.0000000e+00 
7.5707722e-01 1.3865989e-01 0.0000000e+00 
8.0465728e-01 1.5881000e-01 0.0000000e+00 
8.4009641e-01 1.2030350e-01 0.0000000e+00 
8.5441029e-01 1.6780110e-01 0.0000000e+00 
8.9020813e-01 1.3047090e-01 0.0000000e+00 
8.7580758e-01 8.5384279e-02 0.0000000e+00 
6.3392729e-01 5.6027758e-01 0.0000000e+00 
6.5490252e-01 5.2222651e-01 0.0000000e+00 
6.9785458e-01 5.2009457e-01 0.0000000e+00 
6.6947389e-01 4.8214740e-01 0.0000000e+00 
7.1400052e-01 4.7928271e-01 0.0000000e+00 
7.3890662e-01 5.1415598e-01 0.0000000e+00 
7.5538421e-01 4.7427329e-01 0.0000000e+00 
7.3060858e-01 4.4053549e-01 0.0000000e+00 
7.7131832e-01 4.3481070e-01 0.0000000e+00 
7.4432129e-01 4.0371630e-01 0.0000000e+00 
7.9942912e-01 4.6868020e-01 0.0000000e+00 
8.1664360e-01 4.2528069e-01 0.0000000e+00 
8.4675127e-01 4.6303490e-01 0.0000000e+00 
7.0795268e-01 4.1132101e-01 0.0000000e+00 
8.6556101e-01 4.1526449e-01 0.0000000e+00 
9.0177119e-01 4.5578691e-01 0.0000000e+00 
6.1436248e-01 5.2457899e-01 0.0000000e+00 
5.9010911e-01 5.6233871e-01 0.0000000e+00 
6.8740159e-01 4.4485721e-01 0.0000000e+00 
6.3075930e-01 4.9217081e-01 0.0000000e+00 
8.2390177e-01 3.7696400e-01 0.0000000e+00 
6.5760958e-01 4.5251140e-01 0.0000000e+00 
8.8201141e-01 3.6469159e-01 0.0000000e+00 
7.1646827e-01 3.7200019e-01 0.0000000e+00 
7.5293612e-01 3.6630341e-01 0.0000000e+00 
7.3172802e-01 3.4158540e-01 0.0000000e+00 
4.3641081e-01 3.8625911e-01 0.0000000e+00 
3.3307719e-01 5.1888418e-01 0.0000000e+00 
3.7808201e-01 5.1874483e-01 0.0000000e+00 
4.1757399e-01 3.4319299e-01 0.0000000e+00 
4.0734050e-01 3.1263331e-01 0.0000000e+00 
4.8661929e-01 4.2812102e-02 0.0000000e+00 
7.2056448e-01 1.3380709e-01 0.0000000e+00 
7.2885102e-01 1.7120270e-01 0.0000000e+00 
7.6764971e-01 1.8236589e-01 0.0000000e+00 
7.3844647e-01 2.0840840e-01 0.0000000e+00 
3.2383901e-01 4.7502699e-01 0.0000000e+00 
2.0299730e-01 4.5617640e-02 0.0000000e+00 
5.8970161e-02 3.3410329e-01 0.0000000e+00 
2.0689000e-01 5.5709481e-01 0.0000000e+00 
4.1305149e-01 2.8573561e-01 0.0000000e+00 
7.8471351e-01 5.4944623e-01 0.0000000e+00 
5.7445318e-01 2.4704580e-01 0.0000000e+00 
4.8197981e-02 2.0613991e-01 0.0000000e+00 
2.9774281e-01 8.0907270e-02 0.0000000e+00 
5.0055778e-01 5.6669247e-01 0.0000000e+00 
5.6139982e-01 2.6632291e-01 0.0000000e+00 
1.6788280e+00 5.7307512e-02 0.0000000e+00 
5.1920211e-01 3.7999329e-01 0.0000000e+00 
5.3287011e-01 2.3837809e-01 0.0000000e+00 
4.9314889e-01 3.6956069e-01 0.0000000e+00 
5.4427528e-01 3.7591609e-01 0.0000000e+00 
7.8244883e-01 3.9527819e-01 0.0000000e+00 
3.6446571e-01 4.0250320e-02 0.0000000e+00 
4.4162789e-01 3.5938531e-01 0.0000000e+00 
6.3632941e-01 2.8842619e-01 0.0000000e+00 
4.9067271e-01 2.1312010e-01 0.0000000e+00 
9.0754151e-01 5.5067050e-01 0.0000000e+00 
9.6624529e-01 5.4957891e-01 0.0000000e+00 
9.9525559e-01 4.9868581e-01 0.0000000e+00 
1.0540251e+00 4.9801311e-01 0.0000000e+00 
1.0243800e+00 4.4818369e-01 0.0000000e+00 
1.0813180e+00 4.4429299e-01 0.0000000e+00 
9.6050638e-01 4.4521841e-01 0.0000000e+00 
9.9237692e-01 4.0150511e-01 0.0000000e+00 
9.3534291e-01 5.0050128e-01 0.0000000e+00 
1.1123620e+00 4.9683940e-01 0.0000000e+00 
1.1383430e+00 4.4216970e-01 0.0000000e+00 
5.4218680e-01 5.2327639e-01 0.0000000e+00 
4.9454380e-02 4.5007420e-01 0.0000000e+00 
1.0217610e-01 4.7936839e-01 0.0000000e+00 
2.2542991e-01 2.8165141e-01 0.0000000e+00 
3.9299640e-01 1.2565491e-01 0.0000000e+00 
4.2287391e-01 1.0849530e-01 0.0000000e+00 
4.1702661e-01 7.4225321e-02 0.0000000e+00 
4.2317891e-01 4.9126241e-01 0.0000000e+00 
3.6435950e-01 3.1840631e-01 0.0000000e+00 
5.9271669e-01 4.9394491e-01 0.0000000e+00 
4.5279789e-01 2.1705380e-01 0.0000000e+00 
1.1707489e+00 4.9572700e-01 0.0000000e+00 
1.1967220e+00 4.4262701e-01 0.0000000e+00 
1.2286400e+00 4.9457431e-01 0.0000000e+00 
1.2569320e+00 4.4329810e-01 0.0000000e+00 
1.2887410e+00 4.9415389e-01 0.0000000e+00 
4.9704749e-02 9.0376601e-02 0.0000000e+00 
1.1661880e+00 3.8667339e-01 0.0000000e+00 
1.0448740e+00 3.9727730e-01 0.0000000e+00 
1.3219531e+00 5.4748261e-01 0.0000000e+00 
1.3566051e+00 4.9475339e-01 0.0000000e+00 
1.4128619e+00 5.0170678e-01 0.0000000e+00 
1.3878731e+00 4.4357020e-01 0.0000000e+00 
2.6875430e-01 4.3074101e-01 0.0000000e+00 
4.1746351e-01 3.0108821e-01 0.0000000e+00 
4.7450441e-01 4.2571831e-01 0.0000000e+00 
4.0593800e-01 2.0075510e-01 0.0000000e+00 
4.4167551e-01 4.0079829e-01 0.0000000e+00 
1.9512080e+00 4.5117629e-01 0.0000000e+00 
1.0262311e+00 5.1109631e-02 0.0000000e+00 
9.9738371e-01 1.0181700e-01 0.0000000e+00 
1.0553030e+00 1.0176790e-01 0.0000000e+00 
1.0273110e+00 1.4739220e-01 0.0000000e+00 
1.0855290e+00 1.4977370e-01 0.0000000e+00 
9.7062862e-01 1.4721170e-01 0.0000000e+00 
9.3508059e-01 1.0148260e-01 0.0000000e+00 
1.1133560e+00 1.0215650e-01 0.0000000e+00 
1.1446090e+00 1.4514109e-01 0.0000000e+00 
1.1160710e+00 1.9391710e-01 0.0000000e+00 
1.2018321e+00 5.4771107e-01 0.0000000e+00 
1.9480680e+00 2.1005040e-01 0.0000000e+00 
1.0842860e+00 5.4868227e-01 0.0000000e+00 
1.9480680e+00 3.2994959e-01 0.0000000e+00 
1.5904510e+00 1.0452840e-01 0.0000000e+00 
1.5598950e+00 1.5443350e-01 0.0000000e+00 
1.5304790e+00 1.0186320e-01 0.0000000e+00 
1.5007280e+00 1.5119410e-01 0.0000000e+00 
1.5273950e+00 2.0345390e-01 0.0000000e+00 
1.4685169e+00 1.9967620e-01 0.0000000e+00 
1.4425830e+00 1.4740349e-01 0.0000000e+00 
1.4098901e+00 1.9577309e-01 0.0000000e+00 
1.3839140e+00 1.4338671e-01 0.0000000e+00 
1.3511680e+00 1.9153769e-01 0.0000000e+00 
1.3252350e+00 1.3926670e-01 0.0000000e+00 
1.2926320e+00 1.8772170e-01 0.0000000e+00 
1.2666039e+00 1.3634580e-01 0.0000000e+00 
1.2355460e+00 1.8558609e-01 0.0000000e+00 
1.2059170e+00 1.3905290e-01 0.0000000e+00 
1.2347410e+00 9.3928657e-02 0.0000000e+00 
1.3187660e+00 2.4091680e-01 0.0000000e+00 
1.4945120e+00 2.5244480e-01 0.0000000e+00 
1.5862570e+00 2.0772290e-01 0.0000000e+00 
5.5948251e-01 2.4233980e-01 0.0000000e+00 
1.5573130e+00 5.4926682e-01 0.0000000e+00 
1.5215520e+00 5.0207931e-01 0.0000000e+00 
1.5906490e+00 4.9784341e-01 0.0000000e+00 
1.3832541e+00 4.9608339e-02 0.0000000e+00 
1.5002331e+00 5.0511628e-02 0.0000000e+00 
1.7345819e+00 5.5134553e-01 0.0000000e+00 
1.6170100e+00 5.5189037e-01 0.0000000e+00 
1.6308481e+00 4.1378099e-01 0.0000000e+00 
1.7733830e+00 4.6653220e-01 0.0000000e+00 
1.8566350e+00 5.4165798e-01 0.0000000e+00 
1.5124860e+00 4.0674630e-01 0.0000000e+00 
1.4853560e+00 4.5626420e-01 0.0000000e+00 
1.6452560e+00 2.1187560e-01 0.0000000e+00 
1.7967290e+00 1.6947480e-01 0.0000000e+00 
1.8955210e+00 4.8443690e-01 0.0000000e+00 
2.4952111e-01 3.7534630e-01 0.0000000e+00 
2.4015559e-01 3.3920720e-01 0.0000000e+00 
1.6122910e+00 2.6095319e-01 0.0000000e+00 
1.8537400e+00 5.5921540e-02 0.0000000e+00 
1.8819669e+00 1.0242500e-01 0.0000000e+00 
9.5119797e-02 1.2153590e-01 0.0000000e+00 
1.0847340e+00 5.0935078e-02 0.0000000e+00 
1.7562060e+00 3.2229191e-01 0.0000000e+00 
1.4358770e+00 2.4863569e-01 0.0000000e+00 
4.3159389e-01 2.5088599e-01 0.0000000e+00 
4.7994119e-01 3.8120639e-01 0.0000000e+00 
1.8123610e+00 3.2570100e-01 0.0000000e+00 
6.1470199e-01 2.3820160e-01 0.0000000e+00 
6.2837660e-01 2.5279269e-01 0.0000000e+00 
5.6644672e-01 3.2120070e-01 0.0000000e+00 
4.0343639e-01 3.8359720e-01 0.0000000e+00 
1.2608960e+00 2.3755901e-01 0.0000000e+00 
9.7383392e-01 2.2759880e-01 0.0000000e+00 
1.8966711e+00 3.6694610e-01 0.0000000e+00 
1.2852859e+00 3.9278471e-01 0.0000000e+00 
4.4754091e-01 4.1694289e-01 0.0000000e+00 
5.1814729e-01 1.1434720e-01 0.0000000e+00 
9.8089732e-02 2.9848260e-01 0.0000000e+00 
8.7650722e-01 5.0584209e-01 0.0000000e+00 
7.2722268e-01 5.5884892e-01 0.0000000e+00 
9.1900879e-01 4.0950510e-01 0.0000000e+00 
6.0669678e-01 3.3687809e-01 0.0000000e+00 
9.2257088e-01 2.2499460e-01 0.0000000e+00 
1.8270659e+00 1.1701130e-01 0.0000000e+00 
3.9101499e-01 2.5043941e-01 0.0000000e+00 
3.0026230e-01 2.1632680e-01 0.0000000e+00 
5.8418620e-01 3.3934349e-01 0.0000000e+00 
1.5593460e+00 5.1838879e-02 0.0000000e+00 
4.5547140e-01 5.6772357e-01 0.0000000e+00 
9.7268373e-02 1.8144910e-01 0.0000000e+00 
9.3618453e-02 5.9398320e-02 0.0000000e+00 
9.5946752e-02 4.1991970e-01 0.0000000e+00 
1.5493150e-01 4.8253620e-01 0.0000000e+00 
5.3141659e-01 2.2366489e-01 0.0000000e+00 
4.6951711e-01 1.7694290e-01 0.0000000e+00 
1.3219830e+00 4.4809279e-01 0.0000000e+00 
6.1860532e-01 2.8225860e-01 0.0000000e+00 
9.2647932e-02 5.4469162e-01 0.0000000e+00 
3.6105269e-01 4.8700431e-01 0.0000000e+00 
1.4393450e+00 5.5213040e-01 0.0000000e+00 
1.9442101e+00 9.5342271e-02 0.0000000e+00 
9.0059137e-01 1.7995150e-01 0.0000000e+00 
8.2735151e-01 2.0720319e-01 0.0000000e+00 
6.6251612e-01 1.0677520e-01 0.0000000e+00 
6.7604911e-01 4.1622579e-01 0.0000000e+00 
6.8501538e-01 3.8669550e-01 0.0000000e+00 
3.6920869e-01 2.9070961e-01 0.0000000e+00 
4.5409241e-01 2.3146330e-01 0.0000000e+00 
6.1867392e-01 3.1358370e-01 0.0000000e+00 
1.9131620e+00 5.4997718e-01 0.0000000e+00 
4.2027211e-01 1.8849210e-01 0.0000000e+00 
1.9003210e+00 2.9999799e-01 0.0000000e+00 
5.5434358e-01 1.3134070e-01 0.0000000e+00 
1.4729370e+00 1.0059040e-01 0.0000000e+00 
4.4868380e-01 4.7589070e-01 0.0000000e+00 
1.7371070e+00 5.7924490e-02 0.0000000e+00 
1.6196249e-01 1.9384970e-01 0.0000000e+00 
2.7876011e-01 3.4925121e-01 0.0000000e+00 
5.6304562e-01 4.5950639e-01 0.0000000e+00 
6.0384172e-01 3.5119170e-01 0.0000000e+00 
5.7530987e-01 5.2873927e-01 0.0000000e+00 
1.3667960e-01 3.8707560e-01 0.0000000e+00 
4.9747679e-01 1.2821840e-01 0.0000000e+00 
1.1983300e+00 4.8251878e-02 0.0000000e+00 
7.5970978e-01 3.2726541e-01 0.0000000e+00 
8.1999791e-01 5.1075947e-01 0.0000000e+00 
1.3957340e+00 3.8871399e-01 0.0000000e+00 
3.8881221e-01 2.3447470e-01 0.0000000e+00 
5.2596432e-01 2.0954940e-01 0.0000000e+00 
1.4149910e+00 9.8922051e-02 0.0000000e+00 
3.1656411e-01 1.9587231e-01 0.0000000e+00 
4.3203679e-01 3.4525600e-01 0.0000000e+00 
5.0832897e-01 3.8785461e-01 0.0000000e+00 
5.0716370e-01 4.6868089e-01 0.0000000e+00 
7.2506380e-01 3.1459489e-01 0.0000000e+00 
5.7067949e-01 1.5282580e-01 0.0000000e+00 
6.7973870e-01 1.6684531e-01 0.0000000e+00 
5.3255141e-01 1.4827640e-01 0.0000000e+00 
5.8382958e-01 2.0679601e-01 0.0000000e+00 
3.6833951e-01 3.3595169e-01 0.0000000e+00 
6.6081917e-01 3.9089271e-01 0.0000000e+00 
3.5859609e-01 1.6498099e-01 0.0000000e+00 
5.4474670e-01 2.4635740e-01 0.0000000e+00 
8.5039961e-01 4.4130251e-02 0.0000000e+00 
7.0378470e-01 2.1493910e-01 0.0000000e+00 
3.8111559e-01 3.6489099e-01 0.0000000e+00 
3.8378549e-01 3.8103321e-01 0.0000000e+00 
1.1733290e+00 9.6517898e-02 0.0000000e+00 
6.1236829e-01 3.6486840e-01 0.0000000e+00 
4.2817801e-01 4.6774849e-01 0.0000000e+00 
3.9298210e-01 4.8933309e-01 0.0000000e+00 
5.1858139e-01 5.3958851e-01 0.0000000e+00 
1.1778920e+00 1.8819040e-01 0.0000000e+00 
6.3357651e-01 4.2729640e-01 0.0000000e+00 
2.1912169e-01 8.9860998e-02 0.0000000e+00 
4.4828820e-01 3.3391532e-02 0.0000000e+00 
7.1727687e-01 2.3730519e-01 0.0000000e+00 
9.8337471e-02 2.5592181e-01 0.0000000e+00 
4.8688981e-01 5.3696889e-01 0.0000000e+00 
9.1024607e-01 4.6742149e-02 0.0000000e+00 
4.2072469e-01 3.1704551e-01 0.0000000e+00 
2.5881660e-01 2.8481191e-01 0.0000000e+00 
1.3556740e+00 9.6588373e-02 0.0000000e+00 
3.8170820e-01 4.6353251e-01 0.0000000e+00 
6.1133659e-01 4.6789679e-01 0.0000000e+00 
4.4266859e-01 2.4074350e-01 0.0000000e+00 
1.4653840e+00 5.0395852e-01 0.0000000e+00 
1.1433500e+00 2.3560201e-01 0.0000000e+00 
5.5341142e-01 3.6430839e-01 0.0000000e+00 
5.7990170e-01 2.7820900e-01 0.0000000e+00 
4.4887719e-01 2.0151231e-01 0.0000000e+00 
4.6245420e-01 4.1756010e-01 0.0000000e+00 
4.1210291e-01 2.1662711e-01 0.0000000e+00 
5.1736373e-01 5.6347691e-02 0.0000000e+00 
7.0604849e-01 3.3807889e-01 0.0000000e+00 
4.3653390e-01 1.2656429e-01 0.0000000e+00 
4.2773649e-01 3.9727569e-01 0.0000000e+00 
4.2305809e-01 2.7508900e-01 0.0000000e+00 
1.9111360e+00 1.7995431e-01 0.0000000e+00 
1.2975690e+00 9.4644032e-02 0.0000000e+00 
7.4613649e-01 2.3963641e-01 0.0000000e+00 
2.9362991e-01 4.1433749e-01 0.0000000e+00 
5.8357382e-01 3.0761179e-01 0.0000000e+00 
5.3191912e-01 3.7253350e-01 0.0000000e+00 
4.4445190e-01 8.4593862e-02 0.0000000e+00 
1.5468830e+00 4.5422599e-01 0.0000000e+00 
6.2926418e-01 2.7103639e-01 0.0000000e+00 
3.5220909e-01 2.8729489e-01 0.0000000e+00 
8.3805579e-01 3.3710629e-01 0.0000000e+00 
5.2616048e-01 4.0003020e-01 0.0000000e+00 
1.8064611e-01 5.2023911e-01 0.0000000e+00 
4.2505819e-01 3.3176431e-01 0.0000000e+00 
7.7968621e-01 5.0346297e-01 0.0000000e+00 
1.2679260e+00 4.6381779e-02 0.0000000e+00 
5.8107018e-01 2.9473820e-01 0.0000000e+00 
6.1925322e-01 3.3036381e-01 0.0000000e+00 
5.6537521e-01 2.5524691e-01 0.0000000e+00 
3.8967860e-01 6.5405212e-02 0.0000000e+00 
1.0865080e+00 2.3449360e-01 0.0000000e+00 
1.4042149e-01 9.9993236e-02 0.0000000e+00 
1.0030100e+00 3.5783571e-01 0.0000000e+00 
3.6067769e-01 3.0184039e-01 0.0000000e+00 
5.7885981e-01 3.8880101e-01 0.0000000e+00 
1.5990330e+00 4.4926330e-01 0.0000000e+00 
9.1439813e-02 3.7532219e-01 0.0000000e+00 
5.7995051e-01 1.7130360e-01 0.0000000e+00 
6.1258352e-01 2.5273019e-01 0.0000000e+00 
4.0172791e-01 2.2754180e-01 0.0000000e+00 
5.4750210e-01 9.9742994e-02 0.0000000e+00 
6.1311978e-01 2.0313910e-01 0.0000000e+00 
6.1223829e-01 2.2002740e-01 0.0000000e+00 
1.8586820e+00 3.2957241e-01 0.0000000e+00 
5.8738971e-01 3.7580970e-01 0.0000000e+00 
4.5219980e-02 4.4195049e-02 0.0000000e+00 
4.8124549e-01 2.2123460e-01 0.0000000e+00 
4.3828961e-02 5.5591398e-01 0.0000000e+00 
1.0568640e+00 1.9004630e-01 0.0000000e+00 
3.3193341e-01 4.4711831e-01 0.0000000e+00 
3.0378929e-01 4.4286191e-01 0.0000000e+00 
5.3415012e-01 1.2728420e-01 0.0000000e+00 
5.0386423e-01 2.1636350e-01 0.0000000e+00 
1.9116580e+00 4.2358989e-01 0.0000000e+00 
4.5517069e-01 3.6521810e-01 0.0000000e+00 
3.6732909e-01 3.6239621e-01 0.0000000e+00 
6.3041377e-01 3.0585691e-01 0.0000000e+00 
1.9569679e+00 4.3301821e-02 0.0000000e+00 
5.7146299e-01 4.8058590e-01 0.0000000e+00 
1.6484860e+00 5.1718348e-01 0.0000000e+00 
9.4670999e-01 1.8556410e-01 0.0000000e+00 
6.3752991e-01 4.6584189e-01 0.0000000e+00 
1.9572541e+00 5.5697870e-01 0.0000000e+00 
6.4813697e-01 2.4830820e-01 0.0000000e+00 
6.0179752e-01 3.7555191e-01 0.0000000e+00 
1.4364240e+00 4.6111640e-01 0.0000000e+00 
5.6217611e-01 3.5223660e-01 0.0000000e+00 
6.6050959e-01 4.3027630e-01 0.0000000e+00 
4.0468970e-01 5.1149738e-01 0.0000000e+00 
5.1506358e-01 2.0555650e-01 0.0000000e+00 
4.3334481e-01 1.8108650e-01 0.0000000e+00 
9.9962813e-01 1.8700930e-01 0.0000000e+00 
6.9131333e-01 1.1763480e-01 0.0000000e+00 
4.4599831e-01 1.8538959e-01 0.0000000e+00 
5.1551181e-01 4.8891029e-01 0.0000000e+00 
4.3754059e-01 5.8743980e-02 0.0000000e+00 
5.9589100e-01 3.4163511e-01 0.0000000e+00 
2.3624770e-01 5.2814358e-01 0.0000000e+00 
6.6953379e-01 3.7169310e-01 0.0000000e+00 
3.6865169e-01 3.9570969e-01 0.0000000e+00 
5.9758049e-01 1.9620110e-01 0.0000000e+00 
1.3329040e-01 5.1544452e-01 0.0000000e+00 
1.0515270e+00 3.5504949e-01 0.0000000e+00 
3.3392131e-01 6.8202123e-02 0.0000000e+00 
1.7869949e-01 8.1389397e-02 0.0000000e+00 
9.2706198e-01 1.4882250e-01 0.0000000e+00 
1.7000279e+00 5.1305068e-01 0.0000000e+00 
3.4774879e-01 2.6959679e-01 0.0000000e+00 
5.7002652e-01 3.3917850e-01 0.0000000e+00 
4.5571360e-01 1.7617980e-01 0.0000000e+00 
8.2389021e-01 8.1237279e-02 0.0000000e+00 
5.6977302e-01 4.0162051e-01 0.0000000e+00 
5.7622939e-01 9.1579817e-02 0.0000000e+00 
7.9520959e-01 1.9354109e-01 0.0000000e+00 
7.1731091e-01 1.9555099e-01 0.0000000e+00 
9.5533073e-01 4.0679529e-01 0.0000000e+00 
5.1722008e-01 4.1250920e-01 0.0000000e+00 
4.3116611e-01 5.4470932e-01 0.0000000e+00 
6.9998658e-01 1.5358570e-01 0.0000000e+00 
3.7607810e-01 2.2627370e-01 0.0000000e+00 
5.1978278e-01 3.9113960e-01 0.0000000e+00 
5.3689402e-01 2.1312129e-01 0.0000000e+00 
9.0401761e-02 2.1924180e-01 0.0000000e+00 
7.8513551e-01 3.6338761e-01 0.0000000e+00 
2.8628290e-01 5.2971011e-01 0.0000000e+00 
1.9101239e+00 1.3962340e-01 0.0000000e+00 
3.3938929e-01 1.5675519e-01 0.0000000e+00 
3.5365051e-01 1.4366330e-01 0.0000000e+00 
5.9640652e-01 1.7787141e-01 0.0000000e+00 
2.3996450e-01 3.0955619e-01 0.0000000e+00 
4.0130991e-01 5.3756779e-01 0.0000000e+00 
2.6203820e-01 3.9843059e-01 0.0000000e+00 
1.7610559e+00 5.1254529e-01 0.0000000e+00 
5.3923780e-01 6.9367118e-02 0.0000000e+00 
6.6389477e-01 2.7387929e-01 0.0000000e+00 
5.6400359e-01 1.6758190e-01 0.0000000e+00 
6.3302028e-01 3.3655259e-01 0.0000000e+00 
5.4254562e-01 3.6452681e-01 0.0000000e+00 
5.1293671e-01 2.8587131e-02 0.0000000e+00 
5.1246679e-01 1.8971939e-01 0.0000000e+00 

CELLS 1766 7064
3 0 870 123
3 1 882 70
3 2 887 79
3 3 872 114
3 4 193 35
3 4 516 193
3 5 516 4
3 6 184 5
3 6 612 184
3 7 612 6
3 8 183 7
3 8 799 183
3 9 799 8
3 10 615 9
3 11 335 10
3 11 521 335
3 12 521 11
3 13 311 12
3 13 515 311
3 14 515 13
3 15 312 14
3 15 511 312
3 16 511 15
3 17 308 16
3 17 510 308
3 18 510 17
3 19 301 18
3 19 529 301
3 20 529 19
3 21 124 20
3 21 517 124
3 22 517 21
3 23 277 22
3 23 503 277
3 24 503 23
3 25 266 24
3 25 533 266
3 26 533 25
3 27 269 26
3 27 616 269
3 28 616 27
3 29 513 28
3 30 241 29
3 30 512 241
3 31 512 30
3 32 214 31
3 32 514 214
3 33 514 32
3 34 215 33
3 34 726 215
3 35 726 34
3 36 870 0
3 37 747 36
3 38 155 37
3 38 603 155
3 39 603 38
3 40 130 39
3 40 547 130
3 41 547 40
3 41 619 547
3 42 619 41
3 43 142 42
3 43 812 142
3 44 812 43
3 44 943 597
3 45 943 44
3 46 145 45
3 46 159 145
3 47 159 46
3 48 140 47
3 48 555 140
3 49 555 48
3 49 557 555
3 50 557 49
3 51 126 50
3 51 800 126
3 52 800 51
3 52 816 800
3 53 816 52
3 54 131 53
3 54 663 131
3 55 663 54
3 55 718 663
3 56 718 55
3 57 127 56
3 57 780 127
3 58 780 57
3 58 850 780
3 59 850 58
3 60 148 59
3 60 700 148
3 61 700 60
3 62 128 61
3 62 701 128
3 63 701 62
3 63 744 701
3 64 744 63
3 65 136 64
3 65 613 136
3 66 613 65
3 66 772 613
3 67 772 66
3 68 144 67
3 68 715 144
3 69 715 68
3 70 157 69
3 70 882 157
3 71 882 1
3 72 757 71
3 73 154 72
3 73 674 154
3 74 674 73
3 75 139 74
3 75 676 139
3 76 676 75
3 77 147 76
3 77 662 147
3 78 662 77
3 79 156 78
3 79 887 156
3 80 887 2
3 81 766 80
3 82 706 81
3 83 151 82
3 83 702 151
3 84 702 83
3 85 129 84
3 85 703 129
3 86 703 85
3 87 697 86
3 88 137 87
3 88 756 137
3 89 756 88
3 90 149 89
3 90 653 149
3 91 653 90
3 92 134 91
3 92 673 134
3 93 673 92
3 94 150 93
3 94 675 150
3 95 675 94
3 96 135 95
3 96 624 135
3 97 624 96
3 98 623 97
3 99 125 98
3 99 607 125
3 100 607 99
3 100 736 607
3 101 736 100
3 102 138 101
3 102 566 138
3 103 566 102
3 103 583 566
3 104 583 103
3 105 143 104
3 105 611 143
3 106 611 105
3 106 745 611
3 107 745 106
3 108 141 107
3 108 544 141
3 109 544 108
3 110 543 109
3 111 132 110
3 111 605 132
3 112 605 111
3 113 153 112
3 113 754 153
3 114 754 113
3 114 872 754
3 115 872 3
3 116 158 115
3 116 635 158
3 117 635 116
3 118 146 117
3 118 604 146
3 119 604 118
3 120 133 119
3 120 609 133
3 121 609 120
3 122 152 121
3 122 650 152
3 123 650 122
3 123 870 650
3 124 529 20
3 124 658 529
3 124 817 658
3 125 623 98
3 125 735 623
3 125 782 735
3 126 557 50
3 126 558 557
3 126 559 558
3 126 915 559
3 127 718 56
3 127 804 670
3 128 700 61
3 128 786 700
3 129 702 84
3 129 911 702
3 130 603 39
3 130 610 525
3 130 811 603
3 131 816 53
3 132 543 110
3 132 929 543
3 133 604 119
3 133 734 604
3 133 814 734
3 133 927 814
3 134 653 91
3 134 673 647
3 135 675 95
3 136 613 545
3 136 744 64
3 137 697 87
3 137 698 697
3 137 823 698
3 138 736 101
3 139 674 74
3 139 768 454
3 140 159 47
3 140 160 159
3 140 161 160
3 140 555 161
3 141 745 107
3 141 922 745
3 141 935 922
3 142 619 42
3 142 854 619
3 142 900 640
3 143 583 104
3 143 777 583
3 143 808 634
3 144 740 532
3 144 772 67
3 145 938 830
3 145 943 45
3 146 635 117
3 146 748 635
3 146 861 748
3 147 676 76
3 147 730 676
3 147 878 730
3 148 850 59
3 149 756 89
3 150 673 93
3 150 675 632
3 151 706 82
3 151 937 504
3 152 609 121
3 152 746 609
3 153 605 112
3 153 847 605
3 153 906 847
3 154 757 72
3 154 930 757
3 155 747 37
3 155 856 747
3 155 909 856
3 156 662 78
3 156 711 662
3 156 766 711
3 156 887 766
3 157 715 69
3 157 716 715
3 157 757 716
3 157 882 757
3 158 872 115
3 159 542 145
3 160 542 159
3 160 917 542
3 161 162 160
3 161 760 162
3 162 163 160
3 162 164 163
3 162 165 164
3 162 760 165
3 163 917 160
3 164 187 163
3 164 506 187
3 165 166 164
3 165 167 166
3 165 253 167
3 165 760 253
3 166 506 164
3 166 933 506
3 167 168 166
3 167 169 168
3 167 793 169
3 168 227 166
3 168 866 227
3 169 170 168
3 169 171 170
3 169 188 171
3 169 793 188
3 170 508 168
3 171 172 170
3 171 173 172
3 171 801 173
3 172 244 170
3 172 888 244
3 173 174 172
3 173 175 174
3 173 813 175
3 174 888 172
3 174 939 524
3 175 176 174
3 175 177 176
3 175 178 177
3 175 813 178
3 176 939 174
3 177 180 176
3 177 791 180
3 178 179 177
3 178 181 179
3 178 837 181
3 179 791 177
3 180 191 176
3 180 192 191
3 180 831 192
3 181 182 179
3 181 185 182
3 181 245 185
3 181 837 245
3 182 781 179
3 183 612 7
3 183 799 696
3 183 853 612
3 184 516 5
3 184 612 501
3 184 826 516
3 185 186 182
3 185 189 186
3 185 759 189
3 186 222 182
3 186 845 222
3 187 361 163
3 187 769 361
3 187 792 769
3 188 801 171
3 188 919 801
3 188 923 599
3 189 190 186
3 189 194 190
3 189 243 194
3 189 759 243
3 190 845 186
3 191 523 176
3 192 201 191
3 192 202 201
3 192 203 202
3 192 831 203
3 193 726 35
3 193 839 456
3 193 851 839
3 194 195 190
3 194 196 195
3 194 739 196
3 195 588 190
3 196 197 195
3 196 198 197
3 196 729 198
3 196 739 729
3 197 242 195
3 197 857 242
3 198 199 197
3 198 200 199
3 198 259 200
3 198 729 259
3 199 857 197
3 199 907 857
3 200 216 199
3 200 217 216
3 200 855 217
3 201 232 191
3 201 460 232
3 201 941 460
3 202 204 201
3 202 205 204
3 202 903 205
3 203 831 589
3 203 903 202
3 204 941 201
3 205 206 204
3 205 207 206
3 205 797 207
3 205 903 797
3 206 341 204
3 206 805 341
3 207 208 206
3 207 209 208
3 207 211 209
3 207 797 211
3 208 805 206
3 208 889 805
3 209 210 208
3 209 212 210
3 209 810 212
3 210 344 208
3 210 530 344
3 211 797 761
3 211 810 209
3 211 892 810
3 212 213 210
3 212 220 213
3 212 257 220
3 212 810 257
3 213 530 210
3 214 512 31
3 214 891 825
3 214 942 512
3 215 514 33
3 215 913 514
3 216 907 199
3 217 218 216
3 217 219 218
3 217 824 219
3 217 855 824
3 218 345 216
3 218 651 345
3 219 223 218
3 219 224 223
3 219 258 224
3 219 824 258
3 220 221 213
3 220 254 221
3 220 821 254
3 221 239 213
3 221 240 239
3 221 775 240
3 222 781 182
3 222 845 586
3 222 928 781
3 223 651 218
3 224 225 223
3 224 226 225
3 224 728 226
3 225 352 223
3 225 731 352
3 226 228 225
3 226 229 228
3 226 693 229
3 226 728 693
3 227 933 166
3 228 731 225
3 229 230 228
3 229 231 230
3 229 256 231
3 229 693 256
3 230 356 228
3 230 783 356
3 231 233 230
3 231 234 233
3 231 720 234
3 232 523 191
3 232 621 523
3 232 881 621
3 233 783 230
3 234 235 233
3 234 236 235
3 234 694 236
3 234 720 694
3 235 366 233
3 235 707 366
3 236 237 235
3 236 238 237
3 236 252 238
3 236 694 252
3 237 707 235
3 238 246 237
3 238 247 246
3 238 714 247
3 239 530 213
3 239 916 530
3 240 260 239
3 240 261 260
3 240 262 261
3 240 775 262
3 241 513 29
3 241 614 513
3 241 840 614
3 242 588 195
3 242 737 588
3 242 857 630
3 242 920 737
3 243 739 194
3 243 758 739
3 243 759 563
3 244 508 170
3 244 725 724
3 244 867 508
3 244 888 725
3 245 601 600
3 245 759 185
3 245 837 601
3 245 918 759
3 246 360 237
3 246 704 360
3 247 248 246
3 247 249 248
3 247 250 249
3 247 714 250
3 248 704 246
3 249 255 248
3 249 719 255
3 250 251 249
3 250 342 251
3 250 709 342
3 250 714 709
3 251 719 249
3 252 694 681
3 252 714 238
3 253 793 167
3 253 923 793
3 254 775 221
3 254 821 643
3 254 883 775
3 255 377 248
3 255 378 377
3 255 382 378
3 255 719 382
3 256 686 684
3 256 693 686
3 256 720 231
3 257 810 587
3 257 821 220
3 257 886 821
3 258 728 224
3 258 809 690
3 258 824 809
3 259 855 200
3 259 873 855
3 259 896 873
3 260 346 239
3 260 438 346
3 260 459 438
3 261 459 260
3 262 263 261
3 262 435 263
3 262 436 435
3 262 775 436
3 263 264 261
3 263 265 264
3 263 790 265
3 264 459 261
3 264 921 459
3 265 267 264
3 265 268 267
3 265 270 268
3 265 790 270
3 266 503 24
3 266 620 503
3 266 879 620
3 267 354 264
3 267 355 354
3 267 659 355
3 268 659 267
3 269 533 26
3 269 722 502
3 270 271 268
3 270 326 271
3 270 327 326
3 270 790 327
3 271 272 268
3 271 273 272
3 271 771 273
3 272 659 268
3 272 828 659
3 273 274 272
3 273 275 274
3 273 806 275
3 274 732 272
3 275 276 274
3 275 278 276
3 275 339 278
3 275 806 339
3 276 340 274
3 276 528 340
3 277 517 22
3 277 848 517
3 278 279 276
3 278 280 279
3 278 820 280
3 279 528 276
3 280 281 279
3 280 282 281
3 280 316 282
3 280 820 316
3 281 314 279
3 281 904 314
3 282 283 281
3 282 284 283
3 282 874 284
3 283 904 281
3 284 285 283
3 284 838 285
3 284 875 838
3 285 286 283
3 285 287 286
3 285 296 287
3 285 838 296
3 286 540 283
3 287 288 286
3 287 289 288
3 287 774 289
3 288 539 286
3 289 290 288
3 289 291 290
3 289 774 291
3 290 317 288
3 290 535 317
3 291 292 290
3 291 293 292
3 291 304 293
3 291 774 304
3 292 535 290
3 292 536 535
3 293 294 292
3 293 295 294
3 293 818 295
3 294 536 292
3 295 297 294
3 295 305 297
3 295 322 305
3 295 818 322
3 296 774 287
3 296 936 712
3 297 298 294
3 297 299 298
3 297 742 299
3 298 536 294
3 298 912 536
3 299 300 298
3 299 302 300
3 299 787 302
3 300 315 298
3 300 467 315
3 300 924 467
3 301 510 18
3 301 834 510
3 302 303 300
3 302 306 303
3 302 313 306
3 302 787 313
3 303 924 300
3 304 774 713
3 304 818 293
3 304 934 818
3 305 742 297
3 306 307 303
3 306 309 307
3 306 798 309
3 307 321 303
3 307 660 321
3 308 511 16
3 308 822 511
3 309 310 307
3 309 318 310
3 309 320 318
3 309 798 320
3 310 660 307
3 310 767 660
3 311 521 12
3 311 871 622
3 311 877 521
3 312 515 14
3 312 531 515
3 312 764 531
3 313 787 548
3 313 798 306
3 313 931 798
3 314 528 279
3 314 727 528
3 314 803 727
3 314 904 803
3 315 912 298
3 316 755 602
3 316 820 755
3 316 874 282
3 317 539 288
3 317 796 539
3 318 319 310
3 318 328 319
3 318 638 328
3 319 767 310
3 319 895 767
3 320 638 318
3 320 932 552
3 321 864 784
3 321 924 303
3 322 323 305
3 322 324 323
3 322 637 324
3 322 818 637
3 323 551 305
3 324 325 323
3 324 367 325
3 324 368 367
3 324 637 368
3 325 350 323
3 325 371 350
3 325 773 371
3 326 771 271
3 327 359 326
3 327 402 359
3 327 899 402
3 328 329 319
3 328 832 329
3 329 330 319
3 329 331 330
3 329 332 331
3 329 832 332
3 330 895 319
3 330 898 895
3 330 914 898
3 331 914 330
3 332 333 331
3 332 336 333
3 332 369 336
3 332 832 369
3 333 334 331
3 333 337 334
3 333 779 337
3 334 751 331
3 335 615 10
3 335 750 615
3 336 779 333
3 337 338 334
3 337 347 338
3 337 348 347
3 337 779 348
3 338 351 334
3 338 461 351
3 338 944 461
3 339 806 641
3 339 820 278
3 340 732 274
3 340 833 661
3 341 776 738
3 341 805 776
3 341 941 204
3 342 343 251
3 342 375 343
3 342 376 375
3 342 709 376
3 343 353 251
3 343 373 353
3 343 710 373
3 344 889 208
3 345 633 628
3 345 651 633
3 345 907 216
3 346 916 239
3 347 349 338
3 347 362 349
3 347 794 362
3 348 779 733
3 348 794 347
3 348 876 794
3 349 944 338
3 350 551 323
3 351 751 334
3 352 648 646
3 352 651 223
3 352 731 648
3 353 719 251
3 353 723 719
3 354 921 264
3 355 357 354
3 355 379 357
3 355 380 379
3 355 659 380
3 356 731 228
3 356 752 731
3 356 783 656
3 357 358 354
3 357 789 358
3 358 921 354
3 358 925 846
3 359 372 326
3 359 401 372
3 359 815 401
3 360 707 237
3 360 842 707
3 360 860 842
3 361 917 163
3 362 363 349
3 362 364 363
3 362 431 364
3 362 794 431
3 363 374 349
3 363 527 374
3 364 365 363
3 364 384 365
3 364 940 384
3 365 527 363
3 366 783 233
3 366 890 656
3 367 773 325
3 368 406 367
3 368 407 406
3 368 409 407
3 368 637 409
3 369 370 336
3 369 832 639
3 369 841 370
3 370 403 336
3 370 405 403
3 370 424 405
3 370 841 424
3 371 392 350
3 371 457 392
3 371 458 457
3 371 773 458
3 372 771 326
3 373 422 353
3 373 454 422
3 373 455 454
3 373 710 455
3 374 944 349
3 375 710 343
3 376 394 375
3 376 545 394
3 376 546 545
3 376 709 546
3 377 704 248
3 378 445 377
3 378 705 445
3 379 430 357
3 379 722 430
3 380 381 379
3 380 432 381
3 380 828 432
3 381 722 379
3 382 383 378
3 382 399 383
3 382 723 399
3 383 705 378
3 384 385 365
3 384 541 385
3 384 862 541
3 384 940 862
3 385 386 365
3 385 387 386
3 385 795 387
3 386 527 365
3 386 926 527
3 387 388 386
3 387 389 388
3 387 390 389
3 387 795 390
3 388 400 386
3 388 444 400
3 388 696 444
3 389 696 388
3 390 391 389
3 390 395 391
3 390 447 395
3 390 795 447
3 391 608 389
3 392 393 350
3 392 525 393
3 392 811 525
3 393 551 350
3 394 532 375
3 394 772 532
3 395 396 391
3 395 724 396
3 395 867 724
3 396 397 391
3 396 398 397
3 396 863 398
3 397 608 391
3 398 417 397
3 398 418 417
3 398 419 418
3 398 863 419
3 399 404 383
3 399 730 404
3 399 868 730
3 400 926 386
3 401 534 372
3 401 815 745
3 401 922 534
3 402 815 359
3 402 899 537
3 403 779 336
3 404 504 383
3 404 711 504
3 404 878 711
3 405 434 403
3 405 830 434
3 406 408 367
3 406 814 408
3 407 734 406
3 408 773 367
3 408 927 746
3 409 410 407
3 409 411 410
3 409 713 411
3 409 934 713
3 410 437 407
3 410 778 437
3 411 412 410
3 411 413 412
3 411 712 413
3 411 713 712
3 412 778 410
3 413 414 412
3 413 415 414
3 413 657 415
3 413 936 657
3 414 416 412
3 414 749 416
3 415 423 414
3 415 518 423
3 415 519 518
3 415 657 519
3 416 749 636
3 416 778 412
3 417 501 397
3 417 826 501
3 418 420 417
3 418 421 420
3 418 753 421
3 419 753 418
3 419 843 753
3 419 863 725
3 420 826 417
3 420 851 826
3 421 425 420
3 421 426 425
3 421 443 426
3 421 753 443
3 422 723 353
3 422 868 723
3 423 749 414
3 423 847 749
3 423 902 847
3 424 597 405
3 424 812 597
3 424 900 812
3 425 851 420
3 426 427 425
3 426 428 427
3 426 765 428
3 427 839 425
3 428 429 427
3 428 738 429
3 428 852 738
3 429 456 427
3 429 743 456
3 429 901 743
3 430 616 513
3 430 722 616
3 430 789 357
3 431 794 769
3 431 940 364
3 432 433 381
3 432 661 433
3 432 732 661
3 432 828 732
3 433 502 381
3 433 509 502
3 433 592 509
3 433 661 592
3 434 733 403
3 434 865 733
3 434 938 865
3 435 790 263
3 435 899 790
3 436 537 435
3 436 538 537
3 436 883 538
3 437 734 407
3 437 861 604
3 438 439 346
3 438 442 439
3 438 846 442
3 439 440 346
3 439 441 440
3 439 617 441
3 440 916 346
3 441 448 440
3 441 449 448
3 441 825 449
3 442 617 439
3 442 840 617
3 442 925 614
3 443 753 621
3 443 765 426
3 443 881 765
3 444 750 400
3 444 799 615
3 445 446 377
3 445 911 446
3 445 937 911
3 446 704 377
3 446 860 704
3 446 884 699
3 446 911 884
3 447 867 395
3 447 905 866
3 448 859 440
3 448 869 859
3 449 450 448
3 449 451 450
3 449 891 451
3 450 869 448
3 451 452 450
3 451 743 452
3 451 913 743
3 452 453 450
3 452 776 453
3 452 901 776
3 453 869 450
3 453 889 869
3 454 674 139
3 454 768 422
3 454 835 674
3 455 740 716
3 455 835 454
3 455 930 835
3 456 726 193
3 456 839 427
3 456 913 726
3 457 811 392
3 457 909 811
3 458 746 717
3 458 773 746
3 458 856 457
3 459 846 438
3 459 921 846
3 460 852 765
3 460 881 232
3 460 941 852
3 461 462 351
3 461 466 462
3 461 944 466
3 462 463 351
3 462 464 463
3 462 622 464
3 463 751 351
3 464 465 463
3 464 531 465
3 464 871 531
3 465 507 463
3 465 827 507
3 466 622 462
3 466 877 622
3 466 894 877
3 466 944 894
3 467 468 315
3 467 741 468
3 467 784 741
3 467 924 784
3 468 469 315
3 468 470 469
3 468 471 470
3 468 741 471
3 469 912 315
3 470 763 469
3 471 472 470
3 471 485 472
3 471 486 485
3 471 741 486
3 472 473 470
3 472 474 473
3 472 606 474
3 473 763 470
3 474 475 473
3 474 596 475
3 474 658 596
3 475 476 473
3 475 477 476
3 475 478 477
3 475 596 478
3 476 763 473
3 476 858 763
3 477 642 476
3 477 796 642
3 478 479 477
3 478 480 479
3 478 484 480
3 478 596 484
3 479 796 477
3 480 481 479
3 480 482 481
3 480 595 482
3 481 483 479
3 481 802 483
3 482 489 481
3 482 490 489
3 482 491 490
3 482 595 491
3 483 796 479
3 483 880 539
3 484 595 480
3 484 848 595
3 485 606 472
3 485 834 606
3 486 487 485
3 486 488 487
3 486 494 488
3 486 741 494
3 487 721 510
3 487 834 485
3 488 721 487
3 489 802 481
3 489 803 802
3 490 727 489
3 491 492 490
3 491 620 492
3 491 788 620
3 492 493 490
3 492 592 493
3 492 620 509
3 493 727 490
3 493 833 528
3 494 495 488
3 494 864 495
3 495 496 488
3 495 497 496
3 495 829 497
3 495 864 829
3 496 721 488
3 496 822 721
3 497 498 496
3 497 499 498
3 497 500 499
3 497 829 500
3 498 822 496
3 499 644 498
3 499 827 644
3 500 505 499
3 500 767 505
3 500 829 660
3 501 608 397
3 501 826 184
3 501 853 608
3 502 533 269
3 502 722 381
3 502 879 533
3 503 788 277
3 504 705 383
3 504 706 151
3 504 711 706
3 504 937 705
3 505 827 499
3 505 898 827
3 506 792 187
3 506 862 792
3 506 933 862
3 507 751 463
3 507 914 751
3 508 866 168
3 508 867 866
3 509 592 492
3 509 879 502
3 510 721 308
3 510 834 487
3 511 764 312
3 511 822 764
3 512 840 241
3 512 942 840
3 513 616 28
3 513 789 430
3 514 891 214
3 514 913 891
3 515 871 311
3 516 851 193
3 517 817 124
3 517 848 817
3 518 902 423
3 518 929 902
3 519 520 518
3 519 602 520
3 519 875 602
3 520 602 593
3 520 929 518
3 521 522 335
3 521 877 522
3 522 750 335
3 522 785 750
3 522 894 785
3 523 621 524
3 523 939 176
3 524 843 725
3 524 888 174
3 524 939 523
3 525 526 393
3 525 610 526
3 525 811 130
3 526 548 393
3 526 549 548
3 526 550 549
3 526 610 550
3 527 785 374
3 527 926 785
3 528 727 493
3 528 833 340
3 529 658 606
3 529 834 301
3 530 859 344
3 530 916 859
3 531 644 465
3 531 764 644
3 531 871 515
3 532 710 375
3 532 740 710
3 532 772 144
3 533 879 266
3 534 641 372
3 534 893 641
3 534 935 893
3 535 642 317
3 535 858 642
3 536 844 535
3 536 912 844
3 537 634 402
3 537 899 435
3 538 634 537
3 538 777 634
3 538 883 643
3 539 540 286
3 539 796 483
3 539 880 540
3 540 880 802
3 540 904 283
3 541 795 385
3 541 905 795
3 541 933 905
3 542 917 865
3 542 938 145
3 543 544 109
3 543 593 544
3 543 929 593
3 544 935 141
3 545 613 394
3 545 677 136
3 546 677 545
3 546 678 677
3 546 695 678
3 546 709 695
3 547 610 130
3 547 908 610
3 548 551 393
3 548 787 551
3 548 931 313
3 549 931 548
3 549 932 931
3 550 552 549
3 550 553 552
3 550 908 553
3 551 742 305
3 551 787 742
3 552 638 320
3 552 932 549
3 553 554 552
3 553 854 554
3 553 908 619
3 554 638 552
3 554 639 638
3 554 640 639
3 554 854 640
3 555 556 161
3 555 557 556
3 556 760 161
3 556 897 760
3 557 558 556
3 558 897 556
3 559 560 558
3 559 561 560
3 559 562 561
3 559 915 562
3 560 598 558
3 560 599 598
3 560 600 599
3 561 600 560
3 561 918 600
3 562 563 561
3 562 564 563
3 562 565 564
3 562 915 565
3 563 758 243
3 563 759 561
3 564 758 563
3 564 910 758
3 565 669 564
3 565 816 669
3 565 915 800
3 566 567 138
3 566 582 567
3 566 583 582
3 567 568 138
3 567 569 568
3 567 585 569
3 568 736 138
3 569 570 568
3 569 584 570
3 569 587 584
3 569 886 587
3 570 571 568
3 570 572 571
3 570 573 572
3 570 584 573
3 571 736 568
3 571 849 607
3 572 849 571
3 573 574 572
3 573 575 574
3 573 579 575
3 573 584 579
3 574 576 572
3 574 577 576
3 574 618 577
3 575 618 574
3 576 849 572
3 577 578 576
3 577 580 578
3 577 586 580
3 577 618 586
3 578 782 576
3 579 589 575
3 579 762 589
3 580 581 578
3 580 737 581
3 581 735 578
3 581 737 629
3 582 585 567
3 582 643 585
3 582 777 643
3 583 777 582
3 584 761 579
3 584 892 761
3 585 886 569
3 586 588 580
3 586 845 588
3 586 928 222
3 587 886 257
3 587 892 584
3 588 737 580
3 588 845 190
3 589 590 575
3 589 591 590
3 589 762 203
3 589 831 591
3 590 618 575
3 590 928 618
3 591 781 590
3 591 791 781
3 591 831 791
3 592 833 493
3 593 594 544
3 593 755 594
3 593 929 520
3 594 935 544
3 595 788 491
3 595 848 788
3 596 817 484
3 597 812 44
3 597 830 405
3 597 943 830
3 598 897 558
3 598 923 897
3 599 919 188
3 599 923 598
3 600 601 599
3 600 918 245
3 601 813 801
3 601 837 813
3 601 919 599
3 602 755 593
3 602 874 316
3 602 875 874
3 603 909 155
3 604 734 437
3 604 861 146
3 605 902 132
3 606 658 474
3 606 834 529
3 607 736 571
3 607 782 125
3 607 849 782
3 608 696 389
3 608 853 696
3 609 927 133
3 610 908 550
3 611 808 143
3 611 815 808
3 612 853 501
3 613 772 394
3 614 789 513
3 614 840 442
3 614 925 789
3 615 750 444
3 615 799 9
3 616 722 269
3 617 825 441
3 617 942 825
3 618 928 586
3 619 854 553
3 619 908 547
3 620 788 503
3 620 879 509
3 621 843 524
3 621 881 443
3 622 871 464
3 622 877 311
3 623 624 97
3 623 631 624
3 623 735 631
3 624 625 135
3 624 631 625
3 625 626 135
3 625 627 626
3 625 629 627
3 625 631 629
3 626 675 135
3 627 628 626
3 627 652 628
3 628 632 626
3 628 633 632
3 628 652 345
3 629 630 627
3 629 631 581
3 629 920 630
3 630 652 627
3 630 857 652
3 630 920 242
3 631 735 581
3 632 645 150
3 632 675 626
3 633 645 632
3 633 646 645
3 633 651 646
3 634 777 143
3 634 808 402
3 635 636 158
3 635 748 636
3 636 748 416
3 636 754 158
3 636 906 754
3 637 934 409
3 638 639 328
3 639 832 328
3 639 841 369
3 640 841 639
3 640 854 142
3 640 900 841
3 641 771 372
3 641 806 771
3 641 807 339
3 641 893 807
3 642 796 317
3 642 858 476
3 643 777 538
3 643 821 585
3 643 883 254
3 644 764 498
3 644 827 465
3 645 673 150
3 646 647 645
3 646 648 647
3 646 651 352
3 647 649 134
3 647 673 645
3 648 649 647
3 648 752 649
3 649 653 134
3 649 654 653
3 649 752 654
3 650 717 152
3 650 747 717
3 650 870 747
3 652 907 345
3 653 654 149
3 654 655 149
3 654 656 655
3 654 752 656
3 655 756 149
3 655 823 756
3 655 890 823
3 656 752 356
3 656 783 366
3 656 890 655
3 657 875 519
3 657 936 838
3 658 817 596
3 659 828 380
3 660 767 500
3 660 829 321
3 661 732 340
3 661 833 592
3 662 878 147
3 663 664 131
3 663 665 664
3 663 718 665
3 664 669 131
3 665 666 664
3 665 667 666
3 665 670 667
3 665 718 670
3 666 668 664
3 666 896 668
3 667 873 666
3 668 669 664
3 668 896 885
3 668 910 669
3 669 816 131
3 669 910 564
3 670 671 667
3 670 718 127
3 670 804 671
3 671 672 667
3 671 804 691
3 671 809 672
3 672 873 667
3 674 835 154
3 676 768 139
3 677 744 136
3 678 679 677
3 678 680 679
3 678 681 680
3 678 695 681
3 679 744 677
3 679 770 701
3 680 770 679
3 681 682 680
3 681 694 682
3 681 695 252
3 682 683 680
3 682 684 683
3 682 720 684
3 683 770 680
3 683 786 770
3 684 685 683
3 684 686 685
3 684 720 256
3 685 786 683
3 685 819 786
3 686 687 685
3 686 688 687
3 686 693 688
3 687 819 685
3 687 836 819
3 688 689 687
3 688 690 689
3 688 728 690
3 689 836 687
3 690 691 689
3 690 728 258
3 690 809 691
3 691 692 689
3 691 804 692
3 691 809 671
3 692 804 780
3 692 836 689
3 692 850 836
3 693 728 688
3 694 720 682
3 695 714 252
3 696 799 444
3 696 853 183
3 697 703 86
3 698 699 697
3 698 823 708
3 698 842 699
3 699 703 697
3 699 860 446
3 699 884 703
3 700 819 148
3 701 744 679
3 701 770 128
3 702 937 151
3 703 884 129
3 704 860 360
3 705 937 445
3 706 766 81
3 707 708 366
3 707 842 708
3 708 842 698
3 708 890 366
3 709 714 695
3 710 740 455
3 711 766 706
3 711 878 662
3 712 774 296
3 712 936 413
3 713 774 712
3 713 934 304
3 715 740 144
3 716 740 715
3 716 930 455
3 717 746 152
3 717 856 458
3 719 723 382
3 721 822 308
3 723 868 399
3 724 863 396
3 724 867 244
3 725 843 419
3 725 863 724
3 725 888 524
3 726 913 215
3 727 803 489
3 729 896 259
3 730 768 676
3 730 868 768
3 730 878 404
3 731 752 648
3 732 828 272
3 733 779 403
3 733 876 348
3 734 814 406
3 735 782 578
3 737 920 629
3 738 852 341
3 738 901 429
3 739 885 729
3 741 784 494
3 742 787 299
3 743 901 452
3 743 913 456
3 745 815 611
3 745 922 401
3 746 773 408
3 746 927 609
3 747 856 717
3 747 870 36
3 748 778 416
3 748 861 778
3 749 906 636
3 750 926 400
3 751 914 331
3 753 843 621
3 754 872 158
3 754 906 153
3 755 807 594
3 755 820 807
3 756 823 137
3 757 882 71
3 757 930 716
3 758 885 739
3 758 910 885
3 759 918 561
3 760 897 253
3 761 762 579
3 761 797 762
3 761 892 211
3 762 903 203
3 763 844 469
3 763 858 844
3 764 822 498
3 765 852 428
3 765 881 460
3 766 887 80
3 767 895 505
3 768 868 422
3 769 792 431
3 769 865 361
3 769 876 865
3 770 786 128
3 771 806 273
3 775 883 436
3 776 805 453
3 776 901 738
3 778 861 437
3 780 804 127
3 780 850 692
3 781 791 179
3 781 928 590
3 782 849 576
3 784 864 494
3 784 924 321
3 785 894 374
3 785 926 750
3 786 819 700
3 788 848 277
3 789 925 358
3 790 899 327
3 791 831 180
3 792 940 431
3 793 923 188
3 794 876 769
3 795 905 447
3 797 903 762
3 798 932 320
3 800 816 565
3 800 915 126
3 801 813 173
3 801 919 601
3 802 803 540
3 802 880 483
3 803 904 540
3 805 889 453
3 807 820 339
3 807 893 594
3 808 815 402
3 809 824 672
3 810 892 587
3 811 909 603
3 812 900 142
3 813 837 178
3 814 927 408
3 817 848 484
3 818 934 637
3 819 836 148
3 821 886 585
3 823 890 708
3 824 855 672
3 825 891 449
3 825 942 214
3 826 851 516
3 827 898 507
3 829 864 321
3 830 938 434
3 830 943 145
3 835 930 154
3 836 850 148
3 838 875 657
3 838 936 296
3 839 851 425
3 840 942 617
3 841 900 424
3 842 860 699
3 844 858 535
3 844 912 469
3 846 921 358
3 846 925 442
3 847 902 605
3 847 906 749
3 852 941 341
3 855 873 672
3 856 909 457
3 857 907 652
3 859 869 344
3 859 916 440
3 862 933 541
3 862 940 792
3 865 876 733
3 865 917 361
3 865 938 542
3 866 867 447
3 866 905 227
3 869 889 344
3 873 896 666
3 874 875 284
3 877 894 522
3 884 911 129
3 885 896 729
3 885 910 668
3 891 913 451
3 893 935 594
3 894 944 374
3 895 898 505
3 897 923 253
3 898 914 507
3 902 929 132
3 905 933 227
3 911 937 702
3 922 935 534
3 931 932 798

CELL_TYPES 1766
5
5
5
5
5
5
5
5
5
5
5
5
5
5
5
5
5
5
5
5
5
5
5
5
5
5
5
5
5
5
5
5
5
5
5
5
5
5
5
5
5
5
5
5
5
5
5
5
5
5
5
5
5
5
5
5
5
5
5
5
5
5
5
5
5
5
5
5
5
5
5
5
5
5
5
5
5
5
5
5
5
5
5
5
5
5
5
5
5
5
5
5
5
5
5
5
5
5
5
5
5
5
5
5
5
5
5
5
5
5
5
5
5
5
5
5
5
5
5
5
5
5
5
5
5
5
5
5
5
5
5
5
5
5
5
5
5
5
5
5
5
5
5
5
5
5
5
5
5
5
5
5
5
5
5
5
5
5
5
5
5
5
5
5
5
5
5
5
5
5
5
5
5
5
5
5
5
5
5
5
5
5
5
5
5
5
5
5
5
5
5
5
5
5
5
5
5
5
5
5
5
5
5
5
5
5
5
5
5
5
5
5
5
5
5
5
5
5
5
5
5
5
5
5
5
5
5
5
5
5
5
5
5
5
5
5
5
5
5
5
5
5
5
5
5
5
5
5
5
5
5
5
5
5
5
5
5
5
5
5
5
5
5
5
5
5
5
5
5
5
5
5
5
5
5
5
5
5
5
5
5
5
5
5
5
5
5
5
5
5
5
5
5
5
5
5
5
5
5
5
5
5
5
5
5
5
5
5
5
5
5
5
5
5
5
5
5
5
5
5
5
5
5
5
5
5
5
5
5
5
5
5
5
5
5
5
5
5
5
5
5
5
5
5
5
5
5
5
5
5
5
5
5
5
5
5
5
5
5
5
5
5
5
5
5
5
5
5
5
5
5
5
5
5
5
5
5
5
5
5
5
5
5
5
5
5
5
5
5
5
5
5
5
5
5
5
5
5
5
5
5
5
5
5
5
5
5
5
5
5
5
5
5
5
5
5
5
5
5
5
5
5
5
5
5
5
5
5
5
5
5
5
5
5
5
5
5
5
5
5
5
5
5
5
5
5
5
5
5
5
5
5
5
5
5
5
5
5
5
5
5
5
5
5
5
5
5
5
5
5
5
5
5
5
5
5
5
5
5
5
5
5
5
5
5
5
5
5
5
5
5
5
5
5
5
5
5
5
5
5
5
5
5
5
5
5
5
5
5
5
5
5
5
5
5
5
5
5
5
5
5
5
5
5
5
5
5
5
5
5
5
5
5
5
5
5
5
5
5
5
5
5
5
5
5
5
5
5
5
5
5
5
5
5
5
5
5
5
5
5
5
5
5
5
5
5
5
5
5
5
5
5
5
5
5
5
5
5
5
5
5
5
5
5
5
5
5
5
5
5
5
5
5
5
5
5
5
5
5
5
5
5
5
5
5
5
5
5
5
5
5
5
5
5
5
5
5
5
5
5
5
5
5
5
5
5
5
5
5
5
5
5
5
5
5
5
5
5
5
5
5
5
5
5
5
5
5
5
5
5
5
5
5
5
5
5
5
5
5
5
5
5
5
5
5
5
5
5
5
5
5
5
5
5
5
5
5
5
5
5
5
5
5
5
5
5
5
5
5
5
5
5
5
5
5
5
5
5
5
5
5
5
5
5
5
5
5
5
5
5
5
5
5
5
5
5
5
5
5
5
5
5
5
5
5
5
5
5
5
5
5
5
5
5
5
5
5
5
5
5
5
5
5
5
5
5
5
5
5
5
5
5
5
5
5
5
5
5
5
5
5
5
5
5
5
5
5
5
5
5
5
5
5
5
5
5
5
5
5
5
5
5
5
5
5
5
5
5
5
5
5
5
5
5
5
5
5
5
5
5
5
5
5
5
5
5
5
5
5
5
5
5
5
5
5
5
5
5
5
5
5
5
5
5
5
5
5
5
5
5
5
5
5
5
5
5
5
5
5
5
5
5
5
5
5
5
5
5
5
5
5
5
5
5
5
5
5
5
5
5
5
5
5
5
5
5
5
5
5
5
5
5
5
5
5
5
5
5
5
5
5
5
5
5
5
5
5
5
5
5
5
5
5
5
5
5
5
5
5
5
5
5
5
5
5
5
5
5
5
5
5
5
5
5
5
5
5
5
5
5
5
5
5
5
5
5
5
5
5
5
5
5
5
5
5
5
5
5
5
5
5
5
5
5
5
5
5
5
5
5
5
5
5
5
5
5
5
5
5
5
5
5
5
5
5
5
5
5
5
5
5
5
5
5
5
5
5
5
5
5
5
5
5
5
5
5
5
5
5
5
5
5
5
5
5
5
5
5
5
5
5
5
5
5
5
5
5
5
5
5
5
5
5
5
5
5
5
5
5
5
5
5
5
5
5
5
5
5
5
5
5
5
5
5
5
5
5
5
5
5
5
5
5
5
5
5
5
5
5
5
5
5
5
5
5
5
5
5
5
5
5
5
5
5
5
5
5
5
5
5
5
5
5
5
5
5
5
5
5
5
5
5
5
5
5
5
5
5
5
5
5
5
5
5
5
5
5
5
5
5
5
5
5
5
5
5
5
5
5
5
5
5
5
5
5
5
5
5
5
5
5
5
5
5
5
5
5
5
5
5
5
5
5
5
5
5
5
5
5
5
5
5
5
5
5
5
5
5
5
5
5
5
5
5
5
5
5
5
5
5
5
5
5
5
5
5
5
5
5
5
5
5
5
5
5
5
5
5
5
5
5
5
5
5
5
5
5
5
5
5
5
5
5
5
5
5
5
5
5
5
5
5
5
5
5
5
5
5
5
5
5
5
5
5
5
5
5
5
5
5
5
5
5
5
5
5
5
5
5
5
5
5
5
5
5
5
5
5
5
5
5
5
5
5
5
5
5
5
5
5
5
5
5
5
5
5
5
5
5
5
5
5
5
5
5
5
5
5
5
5
5
5
5
5
5
5
5
5
5
5
5
5
5
5
5
5
5
5
5
5
5
5
5
5
5
5
5
5
5
5
5
5
5
5
5
5
5
5
5
5
5
5
5
5
5
5
5
5
5
5
5
5
5
5
5
5
5
5
5
5
5
5
5
5
5
5
5
5
5
5
5
5
5
5
5
5
5
5
5
5
5
5
5
5
5
5
5
5
5
5
5
5
5
5
5
5
5
5
5
5
5
5
5
5
5
5
5
5
5
5
5
5
5
5
5
5
5
5
5
5
5
5
5
5
5
5
5
5
5
5
5
5
5
5
5
5
5
5
5
5
5
5
5
5
5
5
5
5
5
5
5
5
5
5
5
5
5
5
5
5
5
5
5
5
5
5
5
5
5
5
5
5
5
5
5
5
5
5
5
5
5
5
5
5
5
5
5
5
5
5
5
5
5
5
5
5
5
5
5
5
5
5
5
5
5
5
5
5
5
5
5
5
5
5
5
5
5
5
5
5
5
5
5
5
5
5
5
5
5
5
5
5
5
5
5
5
5
5
5
5
5
5
5
5
5
5
5
5
5
5
5
5
5
5
5
5
5
5
5
5
5
5
5
5
5
5
5
5
5
5
5
5
5
5
5
5
5
5
5
5
5
5
5
5
5
5
5
5
5
5
5
5
5
5
5
5
5
5
5
5
5
5
5
5
5
5
5
5
5
5
5
5
5
5
5
5
5
5
5
5
5
5
5
5
5
5
5
5
5
5
5
5
5
5
5
5
5
5
5
5
5
5
5
5
5
5
5
5
5
5
5
5
5
5
5
5
5
5
5
5
5
5
5
5
5
5
5
5
5
5
5
5
5
5
5
5
5
5
5
5
5
5
5
5
5
5
5
5
5
5
5
5
5
5
5
5
5
5
5
5
5
5
5
5
5
5
5
5
5
5
5
5
5
5
5
5
5
5
5
5
5
5
5
5
5
5
5
5
5
5
5
5
5
5
5
5
5
5
5
5
5
5
5
5
5
5
5
5
5
5
5
5
5
5
5
5
5
5
5
5
5
5
5
5
5
5
5
5
5
5
5
5
5
5
5
5
5
5
5
5
5
5
5
5
5
5
5
5
5
5
5
5
5
5
5
5
POINT_DATA 945
FIELD FieldData 2
VELOCITY 3 945  float
1.0000000e-01 0.0000000e+00 0.0000000e+00 
1.0000113e-01 0.0000000e+00 0.0000000e+00 
1.0000049e-01 0.0000000e+00 0.0000000e+00 
1.0000000e-01 0.0000000e+00 0.0000000e+00 
0.0000000e+00 0.0000000e+00 0.0000000e+00 
0.0000000e+00 0.0000000e+00 0.0000000e+00 
0.0000000e+00 0.0000000e+00 0.0000000e+00 
0.0000000e+00 0.0000000e+00 0.0000000e+00 
0.0000000e+00 0.0000000e+00 0.0000000e+00 
0.0000000e+00 0.0000000e+00 0.0000000e+00 
0.0000000e+00 0.0000000e+00 0.0000000e+00 
0.0000000e+00 0.0000000e+00 0.0000000e+00 
0.0000000e+00 0.0000000e+00 0.0000000e+00 
0.0000000e+00 0.0000000e+00 0.0000000e+00 
0.0000000e+00 0.0000000e+00 0.0000000e+00 
0.0000000e+00 0.0000000e+00 0.0000000e+00 
0.0000000e+00 0.0000000e+00 0.0000000e+00 
0.0000000e+00 0.0000000e+00 0.0000000e+00 
0.0000000e+00 0.0000000e+00 0.0000000e+00 
0.0000000e+00 0.0000000e+00 0.0000000e+00 
0.0000000e+00 0.0000000e+00 0.0000000e+00 
0.0000000e+00 0.0000000e+00 0.0000000e+00 
0.0000000e+00 0.0000000e+00 0.0000000e+00 
0.0000000e+00 0.0000000e+00 0.0000000e+00 
0.0000000e+00 0.0000000e+00 0.0000000e+00 
0.0000000e+00 0.0000000e+00 0.0000000e+00 
0.0000000e+00 0.0000000e+00 0.0000000e+00 
0.0000000e+00 0.0000000e+00 0.0000000e+00 
0.0000000e+00 0.0000000e+00 0.0000000e+00 
0.0000000e+00 0.0000000e+00 0.0000000e+00 
0.0000000e+00 0.0000000e+00 0.0000000e+00 
0.0000000e+00 0.0000000e+00 0.0000000e+00 
0.0000000e+00 0.0000000e+00 0.0000000e+00 
0.0000000e+00 0.0000000e+00 0.0000000e+00 
0.0000000e+00 0.0000000e+00 0.0000000e+00 
0.0000000e+00 0.0000000e+00 0.0000000e+00 
1.0018414e-01 -3.8370194e-27 0.0000000e+00 
1.0076225e-01 -1.2924697e-26 0.0000000e+00 
1.0190495e-01 -1.2924697e-26 0.0000000e+00 
1.0386543e-01 -1.2924697e-26 0.0000000e+00 
1.0689056e-01 1.5509636e-25 0.0000000e+00 
1.1099167e-01 1.5509636e-25 0.0000000e+00 
1.1613842e-01 1.5509636e-25 0.0000000e+00 
1.2182359e-01 4.1359031e-25 0.0000000e+00 
1.2742700e-01 7.2378304e-25 0.0000000e+00 
1.3211063e-01 4.1359031e-25 0.0000000e+00 
1.3536736e-01 0.0000000e+00 0.0000000e+00 
1.3686663e-01 0.0000000e+00 0.0000000e+00 
1.3648579e-01 0.0000000e+00 0.0000000e+00 
1.3416755e-01 2.4815418e-24 0.0000000e+00 
1.3000745e-01 2.4815418e-24 0.0000000e+00 
1.2446386e-01 2.4815418e-24 0.0000000e+00 
1.1866377e-01 -8.2718061e-25 0.0000000e+00 
1.1333656e-01 -8.2718061e-25 0.0000000e+00 
1.0876361e-01 -8.2718061e-25 0.0000000e+00 
1.0540481e-01 -1.0339758e-25 0.0000000e+00 
1.0319815e-01 -1.0339758e-25 0.0000000e+00 
1.0185374e-01 -1.0339758e-25 0.0000000e+00 
1.0105290e-01 -5.1698788e-26 0.0000000e+00 
1.0059930e-01 -5.1698788e-26 0.0000000e+00 
1.0034688e-01 -5.1698788e-26 0.0000000e+00 
1.0019854e-01 -2.5849394e-26 0.0000000e+00 
1.0011438e-01 -2.5849394e-26 0.0000000e+00 
1.0006563e-01 -2.5849394e-26 0.0000000e+00 
1.0003759e-01 -3.2311743e-27 0.0000000e+00 
1.0002156e-01 -3.2311743e-27 0.0000000e+00 
1.0001250e-01 -3.2311743e-27 0.0000000e+00 
1.0000727e-01 -1.9816186e-27 0.0000000e+00 
1.0000432e-01 -1.9816186e-27 0.0000000e+00 
1.0000261e-01 -1.9816186e-27 0.0000000e+00 
1.0000164e-01 -9.0876776e-28 0.0000000e+00 
1.0000089e-01 4.8212189e-07 0.0000000e+00 
1.0000050e-01 7.7266810e-07 0.0000000e+00 
9.9999949e-02 8.3527590e-07 0.0000000e+00 
9.9999517e-02 6.3825286e-07 0.0000000e+00 
9.9999271e-02 2.3429733e-07 0.0000000e+00 
9.9999249e-02 -1.9675541e-07 0.0000000e+00 
9.9999569e-02 -5.3139189e-07 0.0000000e+00 
9.9999964e-02 -5.2793035e-07 0.0000000e+00 
1.0000028e-01 -3.5725546e-07 0.0000000e+00 
1.0000087e-01 -1.5146129e-27 0.0000000e+00 
1.0000169e-01 -4.5438388e-28 0.0000000e+00 
1.0000321e-01 -4.5438388e-28 0.0000000e+00 
1.0000598e-01 -4.5438388e-28 0.0000000e+00 
1.0001106e-01 -1.7670484e-26 0.0000000e+00 
1.0001943e-01 -1.7670484e-26 0.0000000e+00 
1.0003492e-01 -1.7670484e-26 0.0000000e+00 
1.0006260e-01 2.5849394e-26 0.0000000e+00 
1.0010928e-01 2.5849394e-26 0.0000000e+00 
1.0019060e-01 2.5849394e-26 0.0000000e+00 
1.0033476e-01 -2.0679515e-25 0.0000000e+00 
1.0059275e-01 -2.0679515e-25 0.0000000e+00 
1.0104396e-01 -2.0679515e-25 0.0000000e+00 
1.0183153e-01 -6.2038546e-25 0.0000000e+00 
1.0317159e-01 -6.2038546e-25 0.0000000e+00 
1.0534961e-01 -6.2038546e-25 0.0000000e+00 
1.0866762e-01 0.0000000e+00 0.0000000e+00 
1.1323445e-01 0.0000000e+00 0.0000000e+00 
1.1867933e-01 0.0000000e+00 0.0000000e+00 
1.2454706e-01 5.1698788e-24 0.0000000e+00 
1.3011900e-01 5.1698788e-24 0.0000000e+00 
1.3419920e-01 5.1698788e-24 0.0000000e+00 
1.3654509e-01 4.6528909e-25 0.0000000e+00 
1.3699429e-01 4.6528909e-25 0.0000000e+00 
1.3545185e-01 4.6528909e-25 0.0000000e+00 
1.3206749e-01 5.1698788e-26 0.0000000e+00 
1.2732169e-01 5.1698788e-26 0.0000000e+00 
1.2178525e-01 5.1698788e-26 0.0000000e+00 
1.1614933e-01 1.0339758e-25 0.0000000e+00 
1.1097703e-01 1.0339758e-25 0.0000000e+00 
1.0685379e-01 1.0339758e-25 0.0000000e+00 
1.0379403e-01 0.0000000e+00 0.0000000e+00 
1.0183607e-01 0.0000000e+00 0.0000000e+00 
1.0072513e-01 0.0000000e+00 0.0000000e+00 
1.0015847e-01 -3.2311743e-27 0.0000000e+00 
1.0000000e-01 0.0000000e+00 0.0000000e+00 
1.0000000e-01 0.0000000e+00 0.0000000e+00 
1.0000000e-01 0.0000000e+00 0.0000000e+00 
1.0000000e-01 0.0000000e+00 0.0000000e+00 
1.0000000e-01 0.0000000e+00 0.0000000e+00 
1.0000000e-01 0.0000000e+00 0.0000000e+00 
1.0000000e-01 0.0000000e+00 0.0000000e+00 
1.0000000e-01 0.0000000e+00 0.0000000e+00 
1.0000000e-01 0.0000000e+00 0.0000000e+00 
1.0342845e-02 8.6216014e-03 0.0000000e+00 
1.2136299e-01 -4.8296191e-03 0.0000000e+00 
1.2771630e-01 4.9918378e-03 0.0000000e+00 
1.0219641e-01 1.1236983e-03 0.0000000e+00 
1.0012830e-01 6.7735709e-05 0.0000000e+00 
1.0001277e-01 -6.7344995e-06 0.0000000e+00 
1.0453802e-01 -2.8153576e-03 0.0000000e+00 
1.1012350e-01 3.9177667e-03 0.0000000e+00 
1.0478943e-01 2.3963631e-03 0.0000000e+00 
9.9873275e-02 -1.8480266e-04 0.0000000e+00 
1.0068969e-01 -3.8190227e-04 0.0000000e+00 
1.0632997e-01 -2.8379273e-03 0.0000000e+00 
1.0002348e-01 1.3494533e-05 0.0000000e+00 
1.0007279e-01 -3.7137102e-05 0.0000000e+00 
1.3623156e-01 -1.9047871e-03 0.0000000e+00 
9.9998996e-02 6.1824818e-07 0.0000000e+00 
1.3762878e-01 3.3011715e-04 0.0000000e+00 
1.1906611e-01 4.1159904e-03 0.0000000e+00 
1.1900707e-01 -4.9991258e-03 0.0000000e+00 
1.3484494e-01 3.1034742e-03 0.0000000e+00 
1.0000454e-01 2.7445012e-06 0.0000000e+00 
1.3479866e-01 -2.8052311e-03 0.0000000e+00 
9.9946328e-02 3.9110426e-04 0.0000000e+00 
9.9999107e-02 -5.3950663e-07 0.0000000e+00 
1.0039699e-01 2.0385282e-04 0.0000000e+00 
1.0021754e-01 -1.1786264e-04 0.0000000e+00 
1.0216206e-01 -1.1384168e-03 0.0000000e+00 
1.0000348e-01 -2.2209301e-06 0.0000000e+00 
1.0000725e-01 -4.8982748e-04 0.0000000e+00 
1.0109565e-01 8.1667211e-04 0.0000000e+00 
1.0000024e-01 1.0767823e-06 0.0000000e+00 
1.0104434e-01 -9.4870589e-04 0.0000000e+00 
1.0000028e-01 -6.4269955e-07 0.0000000e+00 
1.0000179e-01 8.1098949e-07 0.0000000e+00 
1.0003955e-01 3.6820085e-04 0.0000000e+00 
1.3708685e-01 -1.2017931e-03 0.0000000e+00 
1.3966493e-01 -1.0974456e-03 0.0000000e+00 
1.3891539e-01 2.0596723e-03 0.0000000e+00 
1.4167261e-01 1.3683396e-03 0.0000000e+00 
1.4235483e-01 -2.3914715e-03 0.0000000e+00 
1.4237049e-01 7.0354820e-04 0.0000000e+00 
1.3942023e-01 5.0407010e-03 0.0000000e+00 
1.3245399e-01 5.5303080e-03 0.0000000e+00 
1.2762749e-01 9.8103629e-03 0.0000000e+00 
1.0705125e-01 1.0631496e-02 0.0000000e+00 
1.0482438e-01 1.3260948e-02 0.0000000e+00 
7.7833049e-02 1.2605808e-02 0.0000000e+00 
7.6687753e-02 1.4567636e-02 0.0000000e+00 
4.8680164e-02 1.1426474e-02 0.0000000e+00 
4.8183031e-02 1.3030603e-02 0.0000000e+00 
2.2065766e-02 8.2207732e-03 0.0000000e+00 
2.4704492e-02 9.3240105e-03 0.0000000e+00 
6.1120265e-03 3.8070045e-03 0.0000000e+00 
1.2552555e-02 3.6998626e-03 0.0000000e+00 
3.0240042e-02 1.0408160e-02 0.0000000e+00 
2.0784628e-02 2.7540736e-03 0.0000000e+00 
7.6388544e-03 -1.9432501e-03 0.0000000e+00 
3.9386734e-02 1.1377349e-02 0.0000000e+00 
3.1931698e-02 9.3905593e-04 0.0000000e+00 
2.8546848e-03 1.3869765e-04 0.0000000e+00 
-1.1890444e-03 -2.4477351e-03 0.0000000e+00 
4.9722761e-02 1.1922414e-02 0.0000000e+00 
4.5725480e-02 -4.3445529e-04 0.0000000e+00 
1.4388344e-01 -4.0343706e-03 0.0000000e+00 
1.0645881e-01 1.5588356e-02 0.0000000e+00 
6.1720468e-02 1.1305040e-02 0.0000000e+00 
6.0477514e-02 -1.9854945e-03 0.0000000e+00 
1.6157477e-03 -1.3998534e-03 0.0000000e+00 
1.5837856e-02 -6.5460047e-03 0.0000000e+00 
-1.4181075e-03 1.1826546e-03 0.0000000e+00 
7.1370110e-02 8.3223600e-03 0.0000000e+00 
7.3980011e-02 -3.6465726e-03 0.0000000e+00 
8.1187159e-02 5.1748101e-03 0.0000000e+00 
8.3540425e-02 -2.3641544e-03 0.0000000e+00 
8.8359922e-02 3.3060478e-03 0.0000000e+00 
9.0140849e-02 -1.8797599e-03 0.0000000e+00 
9.2963122e-02 1.8346516e-03 0.0000000e+00 
9.5581301e-03 -4.7668023e-03 0.0000000e+00 
3.1913392e-02 -9.4078910e-03 0.0000000e+00 
4.3737810e-02 -1.2231968e-02 0.0000000e+00 
2.8117470e-02 -7.4843215e-03 0.0000000e+00 
5.3455006e-02 -1.1119002e-02 0.0000000e+00 
4.8124880e-02 -9.1528976e-03 0.0000000e+00 
7.8603067e-02 -1.1436521e-02 0.0000000e+00 
7.1859285e-02 -9.6777119e-03 0.0000000e+00 
1.0362200e-01 -9.7859902e-03 0.0000000e+00 
1.0254886e-01 -7.6778126e-03 0.0000000e+00 
1.0593998e-01 -1.1830500e-02 0.0000000e+00 
1.2531884e-01 -5.9207613e-03 0.0000000e+00 
1.2688875e-01 -2.5945683e-03 0.0000000e+00 
9.4036004e-03 -2.8865025e-03 0.0000000e+00 
-5.7492194e-05 1.5976210e-03 0.0000000e+00 
9.4445385e-02 -1.2481674e-03 0.0000000e+00 
9.5943607e-02 9.0189889e-04 0.0000000e+00 
9.7018123e-02 -1.0564023e-03 0.0000000e+00 
9.7792536e-02 3.9736080e-04 0.0000000e+00 
1.3885686e-01 -1.0487407e-03 0.0000000e+00 
1.4064302e-01 3.0919712e-03 0.0000000e+00 
4.7281235e-02 -1.0936889e-02 0.0000000e+00 
9.8383367e-02 -6.2130747e-04 0.0000000e+00 
9.8764218e-02 1.8733504e-04 0.0000000e+00 
9.9108413e-02 -3.6545767e-04 0.0000000e+00 
9.9309094e-02 8.0240534e-05 0.0000000e+00 
1.1298060e-01 7.8145638e-03 0.0000000e+00 
9.9507831e-02 -2.1491590e-04 0.0000000e+00 
9.9613778e-02 3.2125470e-05 0.0000000e+00 
9.9722885e-02 -1.2377175e-04 0.0000000e+00 
9.9782147e-02 1.2541386e-05 0.0000000e+00 
-2.2139768e-03 -9.0587174e-04 0.0000000e+00 
9.9846259e-02 -7.2053001e-05 0.0000000e+00 
9.9874951e-02 4.2354513e-06 0.0000000e+00 
9.9915296e-02 -4.6801866e-05 0.0000000e+00 
9.9929631e-02 -8.6707581e-07 0.0000000e+00 
9.9953845e-02 -2.7185924e-05 0.0000000e+00 
9.9960387e-02 -1.3766974e-06 0.0000000e+00 
1.2715697e-01 8.4162131e-04 0.0000000e+00 
1.4203194e-01 8.2102502e-03 0.0000000e+00 
3.0883076e-02 -3.7269800e-03 0.0000000e+00 
8.7124899e-02 -9.9810418e-03 0.0000000e+00 
8.4746115e-02 1.6837606e-02 0.0000000e+00 
5.0120424e-02 9.5384503e-03 0.0000000e+00 
7.1419664e-02 1.9304674e-02 0.0000000e+00 
9.9974200e-02 -1.5624133e-05 0.0000000e+00 
9.9977538e-02 -1.1894863e-06 0.0000000e+00 
9.9985622e-02 -9.0869580e-06 0.0000000e+00 
9.9987261e-02 -8.9955358e-07 0.0000000e+00 
9.9985398e-02 6.8387658e-06 0.0000000e+00 
9.9991590e-02 3.7611360e-06 0.0000000e+00 
9.9956073e-02 2.3113093e-05 0.0000000e+00 
1.3479760e-01 9.0021547e-03 0.0000000e+00 
1.4342731e-01 2.8498678e-03 0.0000000e+00 
9.9992119e-02 -5.3574718e-06 0.0000000e+00 
9.9777989e-02 1.4982503e-04 0.0000000e+00 
1.3671519e-01 -4.3508387e-03 0.0000000e+00 
9.8865323e-02 9.8701043e-04 0.0000000e+00 
9.4233826e-02 5.6151710e-03 0.0000000e+00 
1.3258336e-01 6.9316775e-03 0.0000000e+00 
1.4302067e-01 1.4034361e-02 0.0000000e+00 
1.4390048e-01 1.2054901e-02 0.0000000e+00 
1.4259198e-01 1.7222967e-02 0.0000000e+00 
1.4219315e-01 2.1170089e-02 0.0000000e+00 
1.3968068e-01 2.2828650e-02 0.0000000e+00 
5.1471084e-02 4.0715773e-02 0.0000000e+00 
1.3950418e-01 2.8393013e-02 0.0000000e+00 
1.3473038e-01 2.7458742e-02 0.0000000e+00 
6.0344752e-02 2.1998078e-02 0.0000000e+00 
1.3447855e-01 2.0949423e-02 0.0000000e+00 
1.2913057e-01 2.3881404e-02 0.0000000e+00 
1.2770042e-01 3.2010540e-02 0.0000000e+00 
1.2278630e-01 2.5738686e-02 0.0000000e+00 
1.1915309e-01 3.2431651e-02 0.0000000e+00 
1.1625565e-01 2.5601625e-02 0.0000000e+00 
1.1135868e-01 3.0685475e-02 0.0000000e+00 
2.8579116e-02 3.8159799e-02 0.0000000e+00 
1.1032327e-01 2.3580214e-02 0.0000000e+00 
1.0451246e-01 2.6681494e-02 0.0000000e+00 
1.0554936e-01 2.0516096e-02 0.0000000e+00 
1.0018755e-01 2.1912979e-02 0.0000000e+00 
1.0201196e-01 1.6891755e-02 0.0000000e+00 
9.6721478e-02 1.7487327e-02 0.0000000e+00 
9.9757314e-02 1.2991033e-02 0.0000000e+00 
9.5978618e-02 1.1967962e-02 0.0000000e+00 
9.1665700e-02 1.4442602e-02 0.0000000e+00 
9.2797346e-02 9.5375301e-03 0.0000000e+00 
8.7891199e-02 1.0173184e-02 0.0000000e+00 
9.0187319e-02 6.2219561e-03 0.0000000e+00 
8.5907012e-02 4.8388741e-03 0.0000000e+00 
8.9805491e-02 2.2465945e-03 0.0000000e+00 
8.6209185e-02 -5.9818488e-04 0.0000000e+00 
9.0504952e-02 -1.3699667e-03 0.0000000e+00 
8.8490829e-02 -5.0813067e-03 0.0000000e+00 
9.2470728e-02 -4.2390800e-03 0.0000000e+00 
9.5847711e-02 7.9407208e-03 0.0000000e+00 
9.1808602e-02 -8.0456724e-03 0.0000000e+00 
8.6649828e-02 -1.0378822e-02 0.0000000e+00 
9.2493780e-02 -1.2412545e-02 0.0000000e+00 
8.8457249e-02 -1.7913351e-02 0.0000000e+00 
1.3656492e-02 -2.2747122e-02 0.0000000e+00 
9.4975844e-02 -1.7147450e-02 0.0000000e+00 
9.3341053e-02 -2.3389153e-02 0.0000000e+00 
9.2970945e-02 1.4189394e-03 0.0000000e+00 
9.4872959e-02 -6.0628569e-03 0.0000000e+00 
9.9095151e-02 -2.0864494e-02 0.0000000e+00 
9.9204130e-02 -2.7482357e-02 0.0000000e+00 
4.3529976e-02 -4.4670422e-02 0.0000000e+00 
1.0448149e-01 -2.3119291e-02 0.0000000e+00 
1.0646211e-01 -2.9543359e-02 0.0000000e+00 
6.6913962e-02 -1.3764641e-02 0.0000000e+00 
6.1119512e-02 -3.4505792e-02 0.0000000e+00 
9.9445499e-02 -1.5577870e-02 0.0000000e+00 
9.7439691e-02 2.8816501e-02 0.0000000e+00 
8.1613213e-02 -1.5040406e-02 0.0000000e+00 
1.0617728e-01 1.5300959e-02 0.0000000e+00 
8.1040710e-02 9.6315630e-03 0.0000000e+00 
1.1059455e-01 -2.3198936e-02 0.0000000e+00 
1.1469370e-01 -2.9836504e-02 0.0000000e+00 
1.0800207e-01 -1.8280126e-02 0.0000000e+00 
9.2285797e-02 -3.1745702e-02 0.0000000e+00 
9.5193319e-02 -3.2722577e-03 0.0000000e+00 
9.7220659e-02 -4.6372022e-03 0.0000000e+00 
9.7194068e-02 -2.3589183e-03 0.0000000e+00 
9.8531134e-02 -3.1172188e-03 0.0000000e+00 
1.2948215e-01 1.7921213e-02 0.0000000e+00 
1.3383754e-01 1.5271945e-02 0.0000000e+00 
1.1682753e-01 -2.1938695e-02 0.0000000e+00 
1.2181780e-01 -2.6211247e-02 0.0000000e+00 
1.2147265e-01 -3.3327017e-02 0.0000000e+00 
1.2855485e-01 -2.9863652e-02 0.0000000e+00 
1.2680499e-01 -2.2292349e-02 0.0000000e+00 
1.3308144e-01 -2.3519538e-02 0.0000000e+00 
1.3608769e-01 -2.9348539e-02 0.0000000e+00 
3.3192135e-02 3.5867491e-03 0.0000000e+00 
1.3049310e-01 -1.7836448e-02 0.0000000e+00 
1.3913731e-01 -2.2517933e-02 0.0000000e+00 
1.4106557e-01 -2.5770467e-02 0.0000000e+00 
1.1468121e-01 1.9702278e-02 0.0000000e+00 
1.1291992e-01 3.8546588e-02 0.0000000e+00 
2.1093093e-02 -4.9716872e-03 0.0000000e+00 
9.9993408e-02 9.3757162e-06 0.0000000e+00 
9.9996150e-02 5.3396025e-06 0.0000000e+00 
7.7413142e-02 -8.2290312e-03 0.0000000e+00 
9.7599193e-02 -3.1284017e-03 0.0000000e+00 
1.0998696e-01 -4.4492274e-04 0.0000000e+00 
1.4295727e-01 -1.9443836e-02 0.0000000e+00 
1.4093041e-01 -1.6552381e-02 0.0000000e+00 
1.3951521e-01 -1.7878724e-02 0.0000000e+00 
9.9172994e-02 -4.9688504e-03 0.0000000e+00 
1.3703161e-01 -3.3480417e-02 0.0000000e+00 
9.9282093e-02 -9.8409294e-04 0.0000000e+00 
9.9995196e-02 2.0860557e-06 0.0000000e+00 
1.3736556e-01 2.5223158e-02 0.0000000e+00 
1.3616262e-01 3.3737332e-02 0.0000000e+00 
9.9788450e-02 -3.0591304e-04 0.0000000e+00 
1.2654981e-01 2.6261047e-02 0.0000000e+00 
1.2306626e-01 1.6498581e-02 0.0000000e+00 
1.2955064e-01 1.2741925e-02 0.0000000e+00 
9.9981718e-02 -3.3770935e-05 0.0000000e+00 
1.4229362e-01 -5.6233159e-03 0.0000000e+00 
1.4232251e-01 -1.3689032e-02 0.0000000e+00 
1.3124725e-01 -9.4869444e-03 0.0000000e+00 
1.3617656e-01 -6.8571609e-03 0.0000000e+00 
1.1734321e-01 -1.3465072e-03 0.0000000e+00 
9.9943705e-02 -1.1729549e-04 0.0000000e+00 
9.8549493e-02 -1.6792797e-03 0.0000000e+00 
9.7776964e-02 -6.9401582e-04 0.0000000e+00 
1.2510663e-01 -1.6869497e-02 0.0000000e+00 
1.2864707e-01 -1.2766653e-02 0.0000000e+00 
9.9825986e-02 -3.1473236e-03 0.0000000e+00 
1.2488271e-01 1.4445918e-02 0.0000000e+00 
9.9997796e-02 3.0310850e-06 0.0000000e+00 
1.2399256e-01 -1.1645639e-02 0.0000000e+00 
9.9999376e-02 8.3818240e-06 0.0000000e+00 
9.9999197e-02 1.4536867e-05 0.0000000e+00 
9.9994965e-02 -1.1302405e-05 0.0000000e+00 
9.9997222e-02 -6.1952114e-06 0.0000000e+00 
1.2649447e-01 3.7112001e-02 0.0000000e+00 
1.3133238e-01 4.1202240e-02 0.0000000e+00 
1.2273991e-01 4.7229413e-02 0.0000000e+00 
9.9995606e-02 -2.9590033e-06 0.0000000e+00 
9.9998601e-02 -3.4317957e-06 0.0000000e+00 
1.2537962e-01 -5.0853594e-04 0.0000000e+00 
1.0105082e-01 4.1424688e-03 0.0000000e+00 
8.5183196e-02 4.0244148e-03 0.0000000e+00 
6.8624556e-02 7.0097721e-03 0.0000000e+00 
4.9227249e-02 6.4747357e-03 0.0000000e+00 
3.8787737e-02 5.9656817e-03 0.0000000e+00 
5.6840070e-02 7.4493727e-03 0.0000000e+00 
3.0914975e-02 5.0511849e-03 0.0000000e+00 
1.0095369e-01 -4.3542353e-03 0.0000000e+00 
1.0103105e-01 -6.7992602e-03 0.0000000e+00 
1.0000512e-01 9.9342506e-06 0.0000000e+00 
4.7316719e-02 7.3634866e-03 0.0000000e+00 
2.4743730e-02 4.5502321e-03 0.0000000e+00 
1.2356658e-02 1.4954836e-03 0.0000000e+00 
8.9193443e-03 1.6165152e-03 0.0000000e+00 
9.9997357e-02 -1.5925981e-06 0.0000000e+00 
6.1475158e-02 5.1964470e-03 0.0000000e+00 
1.2552467e-01 9.6146781e-03 0.0000000e+00 
1.3436779e-01 1.0050033e-02 0.0000000e+00 
1.3376632e-01 -1.3020257e-02 0.0000000e+00 
9.9998996e-02 -1.9828278e-06 0.0000000e+00 
1.3127998e-01 -8.8966088e-03 0.0000000e+00 
9.8941214e-02 -6.3152635e-04 0.0000000e+00 
9.8635592e-02 2.2154869e-04 0.0000000e+00 
9.9380776e-02 -1.1284818e-03 0.0000000e+00 
9.7073354e-02 8.7699422e-04 0.0000000e+00 
9.8554820e-02 1.3989832e-03 0.0000000e+00 
9.7594872e-02 2.6971891e-03 0.0000000e+00 
9.9024370e-02 2.4255714e-03 0.0000000e+00 
9.8578028e-02 4.4508311e-03 0.0000000e+00 
9.9945441e-02 3.2084871e-03 0.0000000e+00 
1.0045095e-01 5.0570932e-03 0.0000000e+00 
9.9838883e-02 1.8762422e-03 0.0000000e+00 
1.7528813e-03 -8.8038109e-04 0.0000000e+00 
-3.0167645e-04 -2.2069053e-05 0.0000000e+00 
7.0882118e-03 2.3238815e-03 0.0000000e+00 
-3.0506039e-03 -1.1345258e-03 0.0000000e+00 
-4.6282820e-03 -2.0769759e-04 0.0000000e+00 
9.9997178e-02 1.1736003e-06 0.0000000e+00 
1.0122320e-01 3.3214965e-03 0.0000000e+00 
1.2658104e-01 -8.4474627e-03 0.0000000e+00 
-4.4966233e-03 2.9640105e-05 0.0000000e+00 
-4.8676128e-03 1.6720494e-04 0.0000000e+00 
-3.1523160e-03 1.0686899e-03 0.0000000e+00 
-8.6713349e-04 -1.3800878e-04 0.0000000e+00 
1.8811673e-03 5.9693010e-04 0.0000000e+00 
1.0439638e-01 2.3724960e-02 0.0000000e+00 
1.4339472e-01 -9.4454503e-03 0.0000000e+00 
1.2419669e-01 4.6079393e-02 0.0000000e+00 
1.1568355e-01 5.3190582e-02 0.0000000e+00 
1.3539746e-01 -8.8140359e-03 0.0000000e+00 
1.4101525e-01 1.3073074e-02 0.0000000e+00 
1.4238463e-01 9.0189204e-03 0.0000000e+00 
9.9349894e-02 5.9627602e-04 0.0000000e+00 
1.1394086e-01 3.7198316e-03 0.0000000e+00 
8.3870545e-02 -3.6234092e-03 0.0000000e+00 
8.0928117e-02 -5.4742042e-03 0.0000000e+00 
5.3017814e-02 -6.4275037e-03 0.0000000e+00 
8.6501591e-02 -2.8132621e-04 0.0000000e+00 
-5.1590665e-03 9.9375589e-05 0.0000000e+00 
3.0403126e-02 6.0397484e-03 0.0000000e+00 
1.0000141e-01 -8.3009409e-06 0.0000000e+00 
1.0000268e-01 -1.6454431e-05 0.0000000e+00 
7.3750190e-02 8.4369201e-03 0.0000000e+00 
5.3800300e-02 -6.6520413e-03 0.0000000e+00 
2.9089669e-02 -4.8795636e-03 0.0000000e+00 
3.1971082e-02 -4.9099955e-03 0.0000000e+00 
1.3442739e-02 -1.5832224e-03 0.0000000e+00 
1.7918507e-02 -2.7050723e-03 0.0000000e+00 
3.5412431e-02 -5.8181360e-03 0.0000000e+00 
9.9998690e-02 1.5887028e-06 0.0000000e+00 
9.9999957e-02 2.7174278e-06 0.0000000e+00 
-1.1938752e-03 2.4152305e-03 0.0000000e+00 
1.0074899e-01 -2.6148460e-03 0.0000000e+00 
1.0009246e-01 -1.8776277e-03 0.0000000e+00 
1.3448250e-01 1.2933871e-02 0.0000000e+00 
1.1506845e-03 -2.0403410e-03 0.0000000e+00 
1.3514790e-01 -2.7585583e-02 0.0000000e+00 
1.2959991e-01 -3.3446468e-02 0.0000000e+00 
1.3112788e-01 -4.1266873e-02 0.0000000e+00 
1.2041696e-01 -4.1604545e-02 0.0000000e+00 
1.2253881e-01 -4.8862267e-02 0.0000000e+00 
1.2281437e-01 -2.2912145e-02 0.0000000e+00 
8.1834897e-02 -2.3011232e-02 0.0000000e+00 
7.4416719e-02 -1.9625360e-02 0.0000000e+00 
7.5138107e-02 -1.0998324e-02 0.0000000e+00 
6.6161767e-02 -1.3383872e-02 0.0000000e+00 
6.4355493e-02 -2.4641594e-02 0.0000000e+00 
5.3764399e-02 -1.6059995e-02 0.0000000e+00 
5.9503917e-02 -4.3805675e-03 0.0000000e+00 
4.5354687e-02 -2.7847132e-03 0.0000000e+00 
5.5922695e-02 7.6148123e-03 0.0000000e+00 
6.6699348e-02 3.5706093e-03 0.0000000e+00 
6.6266008e-02 1.3229371e-02 0.0000000e+00 
5.7451595e-02 2.0988863e-02 0.0000000e+00 
6.9262087e-02 2.2774396e-02 0.0000000e+00 
6.3800208e-02 3.3262275e-02 0.0000000e+00 
7.5437747e-02 3.0809069e-02 0.0000000e+00 
7.4395642e-02 4.1957166e-02 0.0000000e+00 
7.8909494e-02 2.2048661e-02 0.0000000e+00 
4.8196103e-02 3.1652898e-02 0.0000000e+00 
5.2042916e-02 -3.0829454e-02 0.0000000e+00 
6.6123694e-02 -3.7200455e-02 0.0000000e+00 
5.4513298e-02 -4.5538649e-02 0.0000000e+00 
7.2466753e-02 -4.8650194e-02 0.0000000e+00 
8.4168538e-02 3.6108356e-02 0.0000000e+00 
8.6650923e-02 4.6065688e-02 0.0000000e+00 
7.6012686e-02 5.3538542e-02 0.0000000e+00 
9.1841333e-02 5.5150162e-02 0.0000000e+00 
9.8067574e-02 4.6238687e-02 0.0000000e+00 
7.8231469e-02 -3.8591977e-02 0.0000000e+00 
8.5926786e-02 -4.6669211e-02 0.0000000e+00 
8.3699003e-02 -5.6198906e-02 0.0000000e+00 
9.6672438e-02 -5.1145516e-02 0.0000000e+00 
9.7025856e-02 -5.8264062e-02 0.0000000e+00 
1.0799257e-01 -5.1694673e-02 0.0000000e+00 
1.0399940e-01 -4.3956149e-02 0.0000000e+00 
2.6466290e-03 -1.4989554e-03 0.0000000e+00 
1.0225070e-01 4.9966253e-02 0.0000000e+00 
4.2306375e-02 4.3403957e-02 0.0000000e+00 
1.0000091e-01 -2.8980528e-06 0.0000000e+00 
1.1347765e-01 -4.3467660e-02 0.0000000e+00 
1.3905177e-01 2.8294872e-04 0.0000000e+00 
1.2625028e-01 -4.2777494e-02 0.0000000e+00 
7.8577839e-02 1.0639533e-02 0.0000000e+00 
9.9613942e-02 5.8422212e-02 0.0000000e+00 
3.0753218e-02 -4.0849242e-02 0.0000000e+00 
5.3955846e-02 -4.1812256e-02 0.0000000e+00 
1.6733622e-02 -4.1910945e-03 0.0000000e+00 
5.3796902e-02 2.5489826e-03 0.0000000e+00 
2.2528705e-03 7.1343005e-05 0.0000000e+00 
6.2523082e-02 -2.3929510e-02 0.0000000e+00 
-1.3628593e-03 -1.3912705e-03 0.0000000e+00 
1.8235294e-02 2.7094323e-02 0.0000000e+00 
1.0270282e-01 5.0895074e-03 0.0000000e+00 
1.0210879e-01 7.4639320e-03 0.0000000e+00 
1.0471034e-01 7.0158085e-03 0.0000000e+00 
4.8389271e-02 -1.6681667e-03 0.0000000e+00 
7.6726809e-02 -2.8294250e-03 0.0000000e+00 
8.3308044e-04 2.3907805e-03 0.0000000e+00 
1.1775104e-02 5.2171201e-03 0.0000000e+00 
1.0303678e-01 -5.1486855e-03 0.0000000e+00 
1.0387010e-01 -8.2053393e-03 0.0000000e+00 
1.0855528e-01 -3.0148311e-03 0.0000000e+00 
1.0375227e-01 3.6256108e-02 0.0000000e+00 
1.3299388e-02 -1.2722195e-02 0.0000000e+00 
1.0482634e-01 -5.6041768e-03 0.0000000e+00 
1.0456413e-01 -4.7829736e-02 0.0000000e+00 
1.0000294e-01 5.8295432e-06 0.0000000e+00 
5.9128527e-02 3.2317657e-02 0.0000000e+00 
1.2108698e-01 1.1124865e-02 0.0000000e+00 
8.0051802e-02 1.7321443e-03 0.0000000e+00 
8.3133757e-02 -4.8764627e-03 0.0000000e+00 
1.3874702e-01 9.3727801e-03 0.0000000e+00 
1.4043471e-01 5.9137791e-03 0.0000000e+00 
8.5146621e-02 1.6018497e-02 0.0000000e+00 
9.0000883e-02 2.1087546e-02 0.0000000e+00 
1.1338950e-01 4.0175235e-03 0.0000000e+00 
1.3785048e-01 -3.6717157e-03 0.0000000e+00 
1.0827800e-01 3.1595542e-03 0.0000000e+00 
1.1339526e-01 4.7195428e-03 0.0000000e+00 
1.0000937e-01 1.6929080e-05 0.0000000e+00 
9.9999338e-02 2.5345367e-05 0.0000000e+00 
1.0829731e-01 -3.2443125e-03 0.0000000e+00 
1.0103191e-01 -1.1058804e-02 0.0000000e+00 
1.0499296e-01 -1.1909840e-02 0.0000000e+00 
1.0728934e-01 -9.0182684e-03 0.0000000e+00 
9.7960919e-02 -7.9732100e-03 0.0000000e+00 
1.0925055e-01 -1.3162659e-02 0.0000000e+00 
1.1174872e-01 -8.7964619e-03 0.0000000e+00 
1.1480222e-01 -1.2071899e-02 0.0000000e+00 
1.3631122e-01 1.7969436e-03 0.0000000e+00 
1.3681349e-01 4.7604796e-03 0.0000000e+00 
1.3319373e-01 3.3576437e-03 0.0000000e+00 
1.3299675e-01 8.3602164e-03 0.0000000e+00 
1.2614340e-01 1.1138051e-02 0.0000000e+00 
1.2510869e-01 1.4474230e-02 0.0000000e+00 
1.1354104e-01 1.7724235e-02 0.0000000e+00 
1.1816303e-01 1.3151722e-02 0.0000000e+00 
1.0554979e-01 1.8024907e-02 0.0000000e+00 
1.1100200e-01 1.3147675e-02 0.0000000e+00 
1.1726905e-01 8.7772282e-03 0.0000000e+00 
1.3767365e-01 -4.3163530e-04 0.0000000e+00 
1.3889281e-01 -2.5850157e-03 0.0000000e+00 
1.3631319e-01 -5.0686835e-03 0.0000000e+00 
1.3883871e-01 -6.2986277e-03 0.0000000e+00 
1.3388550e-01 -9.9958684e-03 0.0000000e+00 
1.3262141e-01 -7.4247145e-03 0.0000000e+00 
1.2819129e-01 -1.2712783e-02 0.0000000e+00 
1.2167234e-01 -1.5687687e-02 0.0000000e+00 
1.1456984e-01 -1.8209837e-02 0.0000000e+00 
9.6342087e-02 -1.9202515e-02 0.0000000e+00 
1.2151196e-01 -1.4590490e-02 0.0000000e+00 
1.0612401e-01 -1.9331265e-02 0.0000000e+00 
1.1481094e-01 -1.4960323e-02 0.0000000e+00 
1.0393300e-01 -1.6831474e-02 0.0000000e+00 
9.9258125e-02 -1.8135544e-02 0.0000000e+00 
1.0815704e-01 -1.4063173e-02 0.0000000e+00 
1.3972053e-01 3.8781381e-04 0.0000000e+00 
1.3724896e-01 1.1735632e-03 0.0000000e+00 
1.2870528e-01 -1.2129244e-02 0.0000000e+00 
1.4123791e-01 -1.9443737e-03 0.0000000e+00 
7.9294853e-02 -1.9530743e-02 0.0000000e+00 
1.3457751e-01 -8.5440474e-03 0.0000000e+00 
7.8737959e-02 -1.4827636e-02 0.0000000e+00 
6.3112356e-02 -1.6342012e-02 0.0000000e+00 
6.1328791e-02 -1.7173959e-02 0.0000000e+00 
3.5643242e-02 -1.1805605e-02 0.0000000e+00 
1.0578381e-01 5.2291218e-02 0.0000000e+00 
1.0847354e-01 7.4405926e-03 0.0000000e+00 
1.1345439e-01 9.7032739e-03 0.0000000e+00 
6.0124867e-02 4.5262154e-02 0.0000000e+00 
4.2862870e-02 1.4204809e-02 0.0000000e+00 
1.2894708e-01 -5.1499913e-03 0.0000000e+00 
1.3078497e-01 1.2008654e-02 0.0000000e+00 
1.1538541e-01 1.7119452e-02 0.0000000e+00 
1.0574552e-01 1.9141048e-02 0.0000000e+00 
8.5302219e-02 1.8922867e-02 0.0000000e+00 
1.0504871e-01 1.0386796e-02 0.0000000e+00 
1.0235064e-01 -1.3847380e-03 0.0000000e+00 
9.9854134e-02 1.9386421e-04 0.0000000e+00 
1.0244696e-01 1.3786784e-03 0.0000000e+00 
3.7072990e-02 -1.8015036e-02 0.0000000e+00 
1.2801406e-01 -4.8896181e-03 0.0000000e+00 
1.6205957e-02 2.2845701e-03 0.0000000e+00 
9.9941567e-02 -3.9442425e-04 0.0000000e+00 
1.0579773e-01 -5.6603360e-03 0.0000000e+00 
1.3042149e-01 3.7780087e-03 0.0000000e+00 
1.3617703e-04 -1.7587413e-03 0.0000000e+00 
1.0001335e-01 8.1027356e-06 0.0000000e+00 
7.2368450e-02 1.2051454e-03 0.0000000e+00 
1.8597031e-02 4.4718380e-03 0.0000000e+00 
5.4916952e-02 1.0928527e-02 0.0000000e+00 
5.3281009e-02 -6.0308590e-03 0.0000000e+00 
8.9670636e-02 -2.0604493e-02 0.0000000e+00 
1.1312851e-01 -4.4068424e-03 0.0000000e+00 
7.7100888e-02 5.9848886e-02 0.0000000e+00 
-2.5045075e-03 1.2923824e-03 0.0000000e+00 
1.1099497e-01 -2.7564932e-02 0.0000000e+00 
1.1536486e-01 -4.6320413e-03 0.0000000e+00 
1.1021297e-01 -3.9123357e-03 0.0000000e+00 
1.0609160e-01 -6.5065203e-03 0.0000000e+00 
1.0343660e-01 -4.3359664e-03 0.0000000e+00 
1.0135553e-01 -7.0591960e-03 0.0000000e+00 
1.0031502e-01 -4.4624382e-03 0.0000000e+00 
1.0296560e-01 -1.0910622e-02 0.0000000e+00 
9.6547887e-02 -9.3598915e-03 0.0000000e+00 
1.1027566e-01 -8.7008122e-03 0.0000000e+00 
1.0188904e-01 -2.7134982e-03 0.0000000e+00 
1.0007942e-01 -2.6435077e-03 0.0000000e+00 
1.3679346e-01 6.1291396e-03 0.0000000e+00 
1.0001347e-01 4.7557475e-04 0.0000000e+00 
1.0019910e-01 1.0521167e-03 0.0000000e+00 
9.5980138e-02 -9.9871750e-04 0.0000000e+00 
1.1299032e-01 -1.7201835e-02 0.0000000e+00 
1.1944577e-01 -1.6071677e-02 0.0000000e+00 
1.1920332e-01 -1.0021090e-02 0.0000000e+00 
1.1941961e-01 1.6050614e-02 0.0000000e+00 
7.3605917e-02 7.8157512e-03 0.0000000e+00 
1.4212310e-01 2.4907421e-03 0.0000000e+00 
1.0987312e-01 -5.5263691e-02 0.0000000e+00 
1.0102375e-01 -1.6053995e-03 0.0000000e+00 
1.0000159e-01 -1.4938927e-03 0.0000000e+00 
1.0056182e-01 -9.2601910e-04 0.0000000e+00 
9.9992990e-02 -8.1934122e-04 0.0000000e+00 
1.0030783e-01 -5.1115447e-04 0.0000000e+00 
1.0005163e-01 -3.9723775e-04 0.0000000e+00 
9.8764256e-02 -1.7426624e-03 0.0000000e+00 
9.7379439e-02 -5.8820425e-03 0.0000000e+00 
1.0038555e-01 -2.1626677e-04 0.0000000e+00 
1.0015616e-01 -2.6994187e-04 0.0000000e+00 
1.0010226e-01 -1.4848958e-04 0.0000000e+00 
9.9990778e-02 -2.3066942e-04 0.0000000e+00 
9.9580586e-02 7.1328264e-03 0.0000000e+00 
2.7099075e-02 1.7534037e-03 0.0000000e+00 
1.3405195e-01 3.4290694e-02 0.0000000e+00 
1.0094776e-01 -3.5412878e-02 0.0000000e+00 
1.1526333e-01 4.6345387e-02 0.0000000e+00 
9.9999778e-02 -7.8076204e-07 0.0000000e+00 
1.0633083e-01 2.8601023e-03 0.0000000e+00 
1.0588554e-01 6.5139625e-03 0.0000000e+00 
1.0337681e-01 4.3265275e-03 0.0000000e+00 
1.0154951e-01 6.7954869e-03 0.0000000e+00 
1.0061484e-01 4.2095361e-03 0.0000000e+00 
1.0319611e-01 1.0122885e-02 0.0000000e+00 
1.1017825e-01 8.9478577e-03 0.0000000e+00 
1.0189510e-01 2.6539550e-03 0.0000000e+00 
1.0039190e-01 2.4150938e-03 0.0000000e+00 
9.8883934e-02 3.1093755e-03 0.0000000e+00 
1.0123011e-01 -6.7171745e-04 0.0000000e+00 
9.9999554e-02 1.0582389e-06 0.0000000e+00 
1.0376864e-01 -1.8459411e-03 0.0000000e+00 
9.9998839e-02 -1.8772711e-08 0.0000000e+00 
1.0001745e-01 2.9240447e-05 0.0000000e+00 
1.0000042e-01 4.4401586e-05 0.0000000e+00 
1.0003174e-01 5.0697239e-05 0.0000000e+00 
1.0000300e-01 7.7585733e-05 0.0000000e+00 
9.9969193e-02 5.2875839e-05 0.0000000e+00 
9.9949531e-02 9.3949377e-05 0.0000000e+00 
1.0000948e-01 1.3483307e-04 0.0000000e+00 
9.9918149e-02 1.6808277e-04 0.0000000e+00 
1.0002542e-01 2.3589004e-04 0.0000000e+00 
9.9869981e-02 3.0293662e-04 0.0000000e+00 
1.0006299e-01 4.1416188e-04 0.0000000e+00 
9.9796809e-02 5.5027357e-04 0.0000000e+00 
1.0014013e-01 7.3119218e-04 0.0000000e+00 
9.9680610e-02 9.8733988e-04 0.0000000e+00 
1.0025401e-01 1.3228396e-03 0.0000000e+00 
1.0062601e-01 8.0700481e-04 0.0000000e+00 
9.9616982e-02 2.8118578e-04 0.0000000e+00 
9.9924304e-02 4.3631062e-05 0.0000000e+00 
9.9981353e-02 2.9548675e-05 0.0000000e+00 
1.8216427e-02 3.7570870e-03 0.0000000e+00 
1.0003992e-01 -2.2574617e-05 0.0000000e+00 
1.0003302e-01 -5.2381478e-05 0.0000000e+00 
1.0001533e-01 -2.7610349e-05 0.0000000e+00 
1.0022406e-01 1.1576517e-04 0.0000000e+00 
1.0007372e-01 3.8891048e-05 0.0000000e+00 
1.0000696e-01 -3.9496349e-06 0.0000000e+00 
1.0002292e-01 -1.1672676e-05 0.0000000e+00 
9.9990167e-02 -1.9054823e-05 0.0000000e+00 
1.0000040e-01 -5.1276179e-06 0.0000000e+00 
1.0000169e-01 -1.3661228e-06 0.0000000e+00 
9.9967569e-02 -5.9783437e-05 0.0000000e+00 
1.0000329e-01 -8.6846536e-05 0.0000000e+00 
9.9988863e-02 1.6598191e-05 0.0000000e+00 
9.9999614e-02 4.7862900e-06 0.0000000e+00 
1.0000029e-01 -1.4004679e-06 0.0000000e+00 
9.6692264e-02 4.6922751e-03 0.0000000e+00 
9.5645756e-02 2.4478105e-03 0.0000000e+00 
9.9974684e-02 1.2518343e-05 0.0000000e+00 
1.0000283e-01 1.4942932e-06 0.0000000e+00 
1.0000144e-01 1.8462956e-06 0.0000000e+00 
1.0014982e-01 -9.4977132e-04 0.0000000e+00 
1.0376649e-01 1.8544373e-03 0.0000000e+00 
9.9992834e-02 -6.3341287e-07 0.0000000e+00 
9.9870637e-02 8.0426493e-05 0.0000000e+00 
6.2696695e-02 -5.5621825e-02 0.0000000e+00 
1.0542946e-01 3.5917521e-02 0.0000000e+00 
9.9995799e-02 -3.5607519e-07 0.0000000e+00 
3.6611889e-02 6.9698803e-03 0.0000000e+00 
2.0940593e-02 5.5506579e-03 0.0000000e+00 
-1.2075185e-03 2.3727266e-03 0.0000000e+00 
9.3727030e-02 3.7405919e-02 0.0000000e+00 
9.9341497e-02 5.2926457e-04 0.0000000e+00 
9.1066547e-02 8.9136669e-03 0.0000000e+00 
9.9998347e-02 -7.2300406e-07 0.0000000e+00 
9.9628463e-02 -5.4098555e-04 0.0000000e+00 
1.2180679e-01 3.9312597e-02 0.0000000e+00 
1.3792513e-01 -1.2619086e-02 0.0000000e+00 
9.9519089e-02 -9.7378133e-06 0.0000000e+00 
1.1654171e-01 -9.7491145e-03 0.0000000e+00 
1.3315049e-01 -3.0755256e-03 0.0000000e+00 
9.6812189e-02 -1.5090851e-02 0.0000000e+00 
7.9038851e-03 -1.6741666e-03 0.0000000e+00 
8.7253422e-02 1.2896855e-02 0.0000000e+00 
1.0000179e-01 3.3803472e-06 0.0000000e+00 
7.4494295e-02 -2.9094240e-02 0.0000000e+00 
9.4826467e-02 -9.4693406e-03 0.0000000e+00 
5.8923154e-03 3.4426639e-04 0.0000000e+00 
1.0004200e-01 2.2895185e-05 0.0000000e+00 
1.2470434e-01 4.1851033e-03 0.0000000e+00 
9.9864595e-02 -9.8586071e-04 0.0000000e+00 
1.0035019e-01 -5.5955577e-04 0.0000000e+00 
9.9862196e-02 9.7736635e-04 0.0000000e+00 
1.0050900e-01 1.8709798e-03 0.0000000e+00 
5.7180300e-02 4.4094496e-03 0.0000000e+00 
1.3200004e-01 -3.5837766e-02 0.0000000e+00 
1.0000703e-01 -4.3180698e-04 0.0000000e+00 
-1.7645614e-03 9.0715411e-04 0.0000000e+00 
1.0035341e-01 5.2450417e-04 0.0000000e+00 
1.0942013e-01 1.2577866e-02 0.0000000e+00 
1.0012800e-01 -6.2687985e-05 0.0000000e+00 
1.0000093e-01 9.7117982e-07 0.0000000e+00 
9.9711724e-02 1.5854931e-02 0.0000000e+00 
8.8258244e-02 2.0484187e-02 0.0000000e+00 
1.3972077e-01 4.7422103e-03 0.0000000e+00 
1.1009203e-01 -1.4076353e-02 0.0000000e+00 
7.7502109e-02 -1.5222904e-02 0.0000000e+00 
6.9933265e-02 -4.4927895e-03 0.0000000e+00 
9.0581305e-02 -5.5976801e-02 0.0000000e+00 
-3.1585509e-03 -5.4041529e-04 0.0000000e+00 
1.0000095e-01 -6.3488119e-07 0.0000000e+00 
1.0948963e-01 -3.6402281e-02 0.0000000e+00 
9.9998169e-02 4.1211766e-07 0.0000000e+00 
1.4373389e-01 -8.8578667e-03 0.0000000e+00 
1.0005579e-01 8.7056564e-05 0.0000000e+00 
1.2458987e-01 1.9835660e-02 0.0000000e+00 
1.0000778e-01 4.6954779e-06 0.0000000e+00 
9.9367432e-02 -2.0814340e-03 0.0000000e+00 
9.3429677e-02 4.9862787e-03 0.0000000e+00 
1.4407793e-01 7.1387836e-03 0.0000000e+00 
2.0814188e-02 -3.9096721e-03 0.0000000e+00 
1.3859390e-01 3.2842020e-03 0.0000000e+00 
9.9380702e-02 1.4012472e-03 0.0000000e+00 
1.3606548e-01 -1.7740220e-02 0.0000000e+00 
1.0130291e-01 6.3525414e-04 0.0000000e+00 
3.2237574e-02 -9.2490306e-03 0.0000000e+00 
1.2336800e-01 -9.4129983e-03 0.0000000e+00 
9.9855296e-02 -1.7033193e-04 0.0000000e+00 
8.3623528e-02 -3.0528948e-02 0.0000000e+00 
9.7221605e-02 -4.0483591e-03 0.0000000e+00 
1.0009979e-01 1.4937189e-04 0.0000000e+00 
9.6939906e-02 -1.2062229e-02 0.0000000e+00 
5.5877101e-02 5.3698014e-02 0.0000000e+00 
1.0239533e-01 1.3073228e-02 0.0000000e+00 
1.3846505e-01 1.7103748e-02 0.0000000e+00 
1.7131411e-02 -4.4705621e-03 0.0000000e+00 
1.4263897e-01 -4.8894342e-03 0.0000000e+00 
1.2217469e-01 1.2761874e-02 0.0000000e+00 
1.4370893e-01 -1.4157832e-02 0.0000000e+00 
8.6059123e-02 7.0486036e-03 0.0000000e+00 
7.6076977e-02 1.5275722e-02 0.0000000e+00 
8.1902862e-02 -1.3587976e-02 0.0000000e+00 
1.0323919e-01 -1.7920215e-02 0.0000000e+00 
8.6728046e-03 2.9335557e-03 0.0000000e+00 
1.2138076e-01 4.4388874e-03 0.0000000e+00 
7.6087624e-02 1.6083106e-02 0.0000000e+00 
8.4338091e-02 2.6852679e-02 0.0000000e+00 
9.1015235e-02 2.8672416e-02 0.0000000e+00 
1.0112051e-01 1.4700535e-03 0.0000000e+00 
4.0170506e-02 -7.1771643e-03 0.0000000e+00 
1.1949369e-01 2.1278003e-02 0.0000000e+00 
1.1401185e-01 1.4775137e-02 0.0000000e+00 
1.3350330e-01 6.0882382e-03 0.0000000e+00 
9.9433489e-02 1.7490786e-03 0.0000000e+00 
1.2387580e-01 -8.5703414e-03 0.0000000e+00 
1.0205376e-01 -3.1395222e-03 0.0000000e+00 
1.2387192e-01 -4.3945154e-03 0.0000000e+00 
5.2662112e-02 1.4829705e-02 0.0000000e+00 
9.9517725e-02 -4.8363992e-04 0.0000000e+00 
1.2963519e-01 7.8159617e-03 0.0000000e+00 
1.1536331e-01 4.3155644e-03 0.0000000e+00 
2.9556438e-02 2.3500098e-02 0.0000000e+00 
9.3680225e-02 -1.2427215e-03 0.0000000e+00 
1.0018297e-01 2.5950011e-04 0.0000000e+00 
1.1007883e-01 1.7725337e-02 0.0000000e+00 
1.4222302e-01 -7.9768267e-04 0.0000000e+00 
7.6311983e-02 -5.8984119e-02 0.0000000e+00 
1.0006126e-01 -8.8509223e-05 0.0000000e+00 
9.7922936e-02 1.8321000e-03 0.0000000e+00 
2.7960693e-02 -5.5074645e-03 0.0000000e+00 
-1.3218949e-03 -2.1221910e-03 0.0000000e+00 
1.1807352e-01 -4.8477255e-02 0.0000000e+00 
1.2859666e-01 3.9239775e-02 0.0000000e+00 
9.5278598e-02 -4.1862167e-02 0.0000000e+00 
1.3310432e-01 -5.6411903e-03 0.0000000e+00 
2.6479198e-02 -9.3478132e-03 0.0000000e+00 
1.2172706e-01 -2.0274799e-02 0.0000000e+00 
1.0737340e-01 4.4185512e-02 0.0000000e+00 
3.4101259e-02 -3.3283673e-02 0.0000000e+00 
9.9999897e-02 1.6446902e-06 0.0000000e+00 
1.0033327e-01 4.4566017e-04 0.0000000e+00 
5.4541372e-02 1.6033033e-02 0.0000000e+00 
9.8230347e-02 9.3774013e-03 0.0000000e+00 
-3.1320525e-03 9.7107078e-04 0.0000000e+00 
4.6214696e-02 -4.9613114e-03 0.0000000e+00 
1.2361547e-01 -1.2060633e-02 0.0000000e+00 
9.9999890e-02 -4.7935217e-05 0.0000000e+00 
5.4644882e-03 3.1067047e-03 0.0000000e+00 
7.7247038e-02 -4.5435056e-03 0.0000000e+00 
5.9116580e-02 -1.1947696e-02 0.0000000e+00 
1.1664465e-01 8.9407051e-03 0.0000000e+00 
1.0135659e-01 1.8959191e-03 0.0000000e+00 
4.0526349e-02 4.1578934e-02 0.0000000e+00 
1.2765428e-01 -9.7762216e-03 0.0000000e+00 
1.0068642e-01 3.2613412e-04 0.0000000e+00 
-3.1168652e-03 -6.5485621e-04 0.0000000e+00 
4.8119426e-03 -2.0495804e-03 0.0000000e+00 
6.1599500e-03 1.5097191e-04 0.0000000e+00 
1.1556102e-01 -8.0586011e-03 0.0000000e+00 
9.6414663e-02 3.1982118e-03 0.0000000e+00 
1.0055482e-01 -1.4833453e-03 0.0000000e+00 
9.1173179e-02 -6.1026188e-03 0.0000000e+00 
7.3390484e-02 8.6374197e-04 0.0000000e+00 
7.8586489e-02 -6.9495854e-03 0.0000000e+00 
9.9997908e-02 -2.8347029e-05 0.0000000e+00 
9.9699691e-02 6.7853444e-04 0.0000000e+00 
1.3288338e-01 -2.5166545e-04 0.0000000e+00 
1.8612342e-02 4.1477284e-03 0.0000000e+00 
8.7208278e-02 -3.7849687e-02 0.0000000e+00 
1.3948341e-01 -7.5215846e-03 0.0000000e+00 
8.9879468e-02 9.4391741e-03 0.0000000e+00 
6.3451350e-02 9.0841586e-03 0.0000000e+00 
9.9997319e-02 -2.1826153e-07 0.0000000e+00 
5.4166667e-02 -7.2322856e-03 0.0000000e+00 
1.0007460e-01 -1.8356547e-04 0.0000000e+00 
9.7901553e-02 -3.2156695e-02 0.0000000e+00 
1.0007441e-01 1.6223214e-04 0.0000000e+00 
9.8418348e-02 5.4330626e-03 0.0000000e+00 
1.0293923e-01 1.3171942e-02 0.0000000e+00 
1.0109712e-01 1.0126399e-02 0.0000000e+00 
1.4159550e-01 -1.1978073e-02 0.0000000e+00 
9.4065942e-02 -1.3512078e-02 0.0000000e+00 
9.9999264e-02 -1.1147068e-06 0.0000000e+00 
8.2365856e-02 5.3093020e-02 0.0000000e+00 
8.5216828e-02 2.1182656e-02 0.0000000e+00 
-3.9811600e-03 -4.8572692e-04 0.0000000e+00 
1.0000131e-01 4.3086368e-07 0.0000000e+00 
1.4291190e-01 5.4900646e-03 0.0000000e+00 
1.0001130e-01 -1.3306681e-05 0.0000000e+00 
9.7919151e-02 1.2617367e-02 0.0000000e+00 
1.3978097e-01 -4.4477149e-03 0.0000000e+00 
1.0000060e-01 -3.2198355e-07 0.0000000e+00 
2.9541081e-02 8.2259607e-03 0.0000000e+00 
5.5327103e-02 -8.0477903e-03 0.0000000e+00 
1.0001455e-01 -1.3895564e-04 0.0000000e+00 
1.1896420e-02 -2.0592788e-03 0.0000000e+00 
1.2250894e-01 -1.1148134e-02 0.0000000e+00 
1.1694724e-01 1.1866672e-02 0.0000000e+00 
1.1201120e-01 -1.2296640e-02 0.0000000e+00 
1.1595534e-01 -3.6703333e-02 0.0000000e+00 
9.8055631e-02 8.7314667e-03 0.0000000e+00 
1.3663615e-01 8.1236064e-03 0.0000000e+00 
1.2074646e-01 -4.0394954e-02 0.0000000e+00 
1.3714898e-01 1.2667081e-02 0.0000000e+00 
1.2240637e-01 -7.9593034e-03 0.0000000e+00 
9.9782590e-03 -1.3323998e-03 0.0000000e+00 
1.0300827e-01 3.0163601e-03 0.0000000e+00 
5.7257105e-02 -1.2739054e-02 0.0000000e+00 
9.5262714e-02 2.2850251e-02 0.0000000e+00 
1.0164659e-01 7.1500521e-03 0.0000000e+00 
1.0060620e-01 1.1984340e-03 0.0000000e+00 
9.4143160e-02 -3.8957275e-03 0.0000000e+00 
1.0917544e-01 -6.3226963e-03 0.0000000e+00 
1.0127091e-01 -1.8843971e-03 0.0000000e+00 
1.0518661e-01 1.2823462e-02 0.0000000e+00 
1.0000618e-01 -8.6536102e-06 0.0000000e+00 
8.0836624e-02 -9.3791839e-03 0.0000000e+00 
3.0984355e-03 1.3582299e-03 0.0000000e+00 
1.2625490e-01 -3.6567114e-02 0.0000000e+00 
1.2338012e-01 8.3596632e-03 0.0000000e+00 
1.0349912e-01 -3.6815763e-03 0.0000000e+00 
1.4042278e-01 -3.8517872e-03 0.0000000e+00 
9.7191364e-02 2.0365972e-02 0.0000000e+00 
9.6879527e-02 1.7932123e-02 0.0000000e+00 
9.6751034e-02 -1.1364209e-02 0.0000000e+00 
1.3451864e-01 1.7886231e-02 0.0000000e+00 
1.2144507e-01 7.4084345e-03 0.0000000e+00 
1.2741154e-01 1.3134424e-02 0.0000000e+00 
8.8110179e-02 -2.5519161e-02 0.0000000e+00 
1.0237303e-01 7.5914986e-03 0.0000000e+00 
8.3281413e-02 1.7162571e-03 0.0000000e+00 
9.9689350e-02 -7.1492966e-04 0.0000000e+00 
6.3709281e-02 -1.7232172e-02 0.0000000e+00 
1.0535110e-01 4.4704056e-03 0.0000000e+00 
1.0000047e-01 1.6881588e-06 0.0000000e+00 
1.0298477e-01 -1.4338868e-02 0.0000000e+00 
1.0581462e-01 -1.5091009e-02 0.0000000e+00 
1.2433753e-01 3.9400547e-03 0.0000000e+00 
9.4996572e-02 6.4529042e-04 0.0000000e+00 
1.1711618e-01 7.9727368e-03 0.0000000e+00 
9.7429678e-02 6.3090352e-03 0.0000000e+00 
1.0000318e-01 -4.7857338e-06 0.0000000e+00 
1.3597506e-01 -5.6770709e-03 0.0000000e+00 
9.3029989e-03 4.7089532e-03 0.0000000e+00 
1.3781460e-01 -4.5581125e-03 0.0000000e+00 
1.1648911e-02 -4.0757651e-03 0.0000000e+00 
2.6731197e-02 -5.5088107e-03 0.0000000e+00 
1.3171032e-01 -2.9623727e-03 0.0000000e+00 
1.3402508e-01 -2.0383684e-02 0.0000000e+00 
PRESSURE 1 945  float
2.9915817e+00
0.0000000e+00
0.0000000e+00
2.9915648e+00
-4.1741714e+00
-4.2918687e+00
-4.6503029e+00
-5.1763153e+00
-5.7452264e+00
-6.3735557e+00
-6.9424434e+00
-7.2189503e+00
-7.0316811e+00
-5.9696779e+00
-4.1553512e+00
-1.5099416e+00
1.5419734e+00
4.4978118e+00
6.9799447e+00
8.7490892e+00
9.2873840e+00
8.7457342e+00
7.0961967e+00
4.5445433e+00
1.5058695e+00
-1.4980729e+00
-4.0667734e+00
-5.9783669e+00
-6.9329815e+00
-7.2888284e+00
-6.9334869e+00
-6.3400044e+00
-5.7513280e+00
-5.1940098e+00
-4.6254778e+00
-4.2770677e+00
2.9860845e+00
2.9277067e+00
2.8146205e+00
2.6200585e+00
2.2853405e+00
1.8509159e+00
1.2640119e+00
5.9472686e-01
-1.0786475e-01
-7.6524794e-01
-1.2275944e+00
-1.5103188e+00
-1.5697032e+00
-1.4339608e+00
-1.1369488e+00
-8.0288273e-01
-5.0461096e-01
-2.9052091e-01
-1.6492268e-01
-8.6197786e-02
-4.4925645e-02
-2.1097612e-02
-1.2420347e-02
-3.3844693e-03
-2.3253907e-03
-7.7500817e-04
-3.3726424e-04
-6.4902670e-05
1.3171722e-05
5.8411064e-05
5.2651059e-05
4.3315937e-05
2.8508182e-05
1.7787714e-05
3.8915832e-06
0.0000000e+00
0.0000000e+00
0.0000000e+00
0.0000000e+00
0.0000000e+00
0.0000000e+00
0.0000000e+00
0.0000000e+00
0.0000000e+00
-5.8916771e-06
-1.7035954e-05
-1.7510385e-05
-2.5800129e-05
-4.1721407e-05
-3.6135669e-05
-2.3401908e-04
-3.0601316e-04
-4.7961532e-04
-1.1131942e-03
-2.8450906e-03
-5.8175060e-03
-1.1423854e-02
-2.2789078e-02
-4.4202901e-02
-8.6304404e-02
-1.6258909e-01
-2.9356277e-01
-5.0277680e-01
-7.9905599e-01
-1.1441597e+00
-1.4293817e+00
-1.5653607e+00
-1.5147458e+00
-1.2147902e+00
-7.4153370e-01
-1.0560641e-01
6.0053420e-01
1.2669243e+00
1.8514234e+00
2.2971380e+00
2.6214147e+00
2.8229036e+00
2.9309490e+00
2.9873943e+00
3.0102770e+00
3.0567737e+00
3.1122680e+00
3.1654623e+00
3.1851039e+00
3.1665211e+00
3.1150992e+00
3.0568280e+00
3.0102515e+00
8.5419436e+00
-6.3817239e-01
-9.9341685e-01
-2.6655484e-02
-5.2152202e-04
-6.0042887e-05
2.5579004e+00
-2.0999847e-01
2.5272126e+00
3.1829102e+00
-6.5752100e-03
-1.0740947e-01
1.4153798e-05
-3.8679689e-04
-1.5768263e+00
4.9645282e-06
-1.6269941e+00
9.1692233e-01
9.3922758e-01
-1.1237195e+00
2.5625464e-05
-1.1117376e+00
3.1393466e+00
-5.2358137e-06
-2.8220781e-03
-1.5152445e-03
-2.7741272e-02
-2.0594129e-05
3.0854607e+00
2.9044967e+00
2.6892858e-06
2.9098704e+00
-9.3640610e-06
1.1903603e-05
3.0289352e+00
-1.4840633e+00
-1.8137941e+00
-1.8319783e+00
-2.1593599e+00
-2.1714811e+00
-2.6189620e+00
-2.4808459e+00
-3.0534444e+00
-2.7294650e+00
-3.3186345e+00
-2.8879247e+00
-3.2642381e+00
-2.8433506e+00
-3.1428399e+00
-2.6840334e+00
-2.9449735e+00
-2.4283519e+00
-2.7074172e+00
-2.1353080e+00
-1.8858576e+00
-1.5665878e+00
-2.4548774e+00
-1.3625952e+00
-9.8955518e-01
-5.2708282e+00
-4.4685669e+00
-7.8805125e-01
-4.5550275e-01
-2.6160786e+00
-2.4027436e+00
-3.5742050e-01
-2.0883305e-01
-2.9287374e+00
-2.7845800e+00
-4.2519221e+00
-7.4802786e-02
2.5720535e-02
5.9389755e-02
3.2682367e-02
5.0397709e-02
5.0232962e-02
4.3811034e-02
-3.2600224e+00
-3.0935128e+00
-2.7010133e+00
-3.4859314e+00
-3.3295984e+00
-3.6535163e+00
-3.4584134e+00
-3.8093889e+00
-3.4633331e+00
-3.7863851e+00
-3.1138985e+00
-3.3460901e+00
-3.5855503e+00
-5.6459274e+00
-4.8311915e+00
2.2607541e-02
2.6728239e-02
2.6844183e-02
1.9853396e-02
-3.0573447e+00
-3.2193367e+00
-8.5320044e-01
8.2308147e-03
8.6076465e-03
5.5701733e-03
4.6675820e-03
-3.5330558e+00
2.3098672e-03
2.0761564e-03
9.9188043e-04
7.3522783e-04
-3.3241963e+00
-1.0495380e-05
4.1825700e-04
3.2909468e-04
2.2942080e-04
-3.9254603e-05
6.0821170e-05
-3.8947616e+00
-3.3036568e+00
-6.6298532e+00
-1.9990390e-02
-2.7463874e-01
-3.5772595e+00
-1.1718850e+00
-4.3084907e-05
1.0261043e-05
-2.2256669e-05
-5.0437225e-06
2.4300269e-05
6.9341663e-06
1.7031540e-04
-2.3112175e+00
-2.6687071e+00
-1.8006162e-05
1.3873463e-03
-2.8782899e+00
1.1281343e-02
3.2414157e-02
-4.0040174e+00
-3.2617037e+00
-2.6596832e+00
-2.4288943e+00
-3.1620429e+00
-2.0028675e+00
-8.8788144e-02
-2.5005763e+00
-1.3771909e+00
-4.7982311e+00
-1.1483231e+00
-4.9973586e-01
-5.6120050e-01
2.3829710e-01
5.1263297e-01
1.0221597e+00
1.4797890e+00
5.2821517e+00
1.7403600e+00
2.3101406e+00
2.3436112e+00
2.8811836e+00
2.7819607e+00
3.3118856e+00
3.0526428e+00
3.4580107e+00
3.8516281e+00
3.8266482e+00
4.2516150e+00
4.0716138e+00
4.4675560e+00
4.1437817e+00
4.4538064e+00
4.0656166e+00
4.2350073e+00
3.8764422e+00
3.5051377e+00
3.8924534e+00
4.3360357e+00
3.8015358e+00
4.0820036e+00
7.4024200e+00
3.5007968e+00
3.4973400e+00
3.8360596e+00
3.6297894e+00
3.0001671e+00
2.8213217e+00
2.7712748e+00
2.3932433e+00
2.0200830e+00
-5.9567084e+00
-2.6061122e+00
3.0404887e+00
2.9698236e+00
4.7102222e+00
2.3466284e+00
4.8166866e+00
1.7261039e+00
1.1041024e+00
2.0946174e+00
3.3728347e+00
3.6240723e+00
3.4076931e+00
3.4303429e+00
3.2753134e+00
-4.5550457e-01
-9.8893821e-01
1.0537864e+00
3.4468633e-01
1.8571386e-01
-6.0875738e-01
-2.0087151e-01
-1.0462366e+00
-1.7180296e+00
-6.5958519e+00
-6.0623229e-01
-1.9285902e+00
-2.9387667e+00
1.3106731e+00
9.8341447e-01
-3.8264139e+00
2.9195024e-05
1.4554133e-05
-4.0987000e+00
2.7557706e-02
-4.4599919e+00
-2.7383039e+00
-2.0551791e+00
-3.7037678e+00
3.1730163e+00
-2.6676385e+00
5.2371495e-03
1.3987494e-06
-3.7007174e+00
-3.0363097e+00
1.2268884e-03
-4.4327788e+00
-4.7449698e+00
-4.2769003e-01
2.8103921e-05
-2.1271389e+00
-3.3685863e+00
-4.1889901e+00
-3.7492018e+00
-4.3614721e+00
7.9428445e-04
3.2930174e+00
3.3862538e+00
1.0296705e-01
-2.9941604e-01
3.1070325e+00
1.5008047e-01
1.0061837e-05
-4.6170731e+00
3.2434349e-05
4.5999379e-05
-1.5745491e-06
-3.5061599e-05
-3.6926234e+00
-2.1951191e+00
-2.4177599e+00
-2.7823835e-05
-2.2886723e-05
-3.9350977e+00
-4.3447995e+00
-4.8666377e+00
-4.5784082e+00
-5.0370660e+00
-4.6752968e+00
-4.3538213e+00
-4.3924298e+00
2.9630554e+00
2.9591610e+00
3.1955184e-05
-4.1355920e+00
-4.1465607e+00
-4.3591766e+00
-4.1135955e+00
-9.2064338e-06
-5.3287039e+00
1.0349071e-01
-1.0302534e+00
-9.7808713e-01
-1.2028594e-05
-6.3113135e-01
3.2722120e+00
3.3065472e+00
3.2063372e+00
3.4533312e+00
3.3008404e+00
3.3806698e+00
3.2274737e+00
3.2537622e+00
3.0976148e+00
3.0263019e+00
3.1195753e+00
-4.2664170e+00
-4.0411353e+00
-3.8853517e+00
-4.1561546e+00
-3.9809878e+00
1.6456975e-06
2.9279814e+00
-1.6182221e-02
-4.0998883e+00
-3.9647791e+00
-4.1381941e+00
-3.9861333e+00
-4.1924324e+00
-5.2034278e+00
-3.0959494e+00
-1.0298332e+00
-7.7974308e-01
-1.1743256e+00
-1.9908241e+00
-2.1770480e+00
3.2278619e+00
-4.7097397e+00
-4.9875402e+00
-4.6791615e+00
-5.0312552e+00
-5.4351149e+00
-3.7825768e+00
-5.5414419e+00
-2.3189572e-05
2.4399324e-05
-4.0613098e+00
-4.6425028e+00
-4.8646755e+00
-4.5196486e+00
-4.6454082e+00
-4.3683352e+00
-4.2274194e+00
3.8310309e-06
1.4118522e-05
-4.3372774e+00
2.9815066e+00
3.0772979e+00
-4.1086369e+00
-3.5763586e+00
-3.7060986e+00
-3.7774878e+00
-2.3364484e+00
-3.4567223e+00
-1.7245485e+00
-4.6693792e+00
4.5275331e+00
5.2038851e+00
5.3066087e+00
5.8941402e+00
5.7820992e+00
6.6014605e+00
6.3855810e+00
7.1716075e+00
6.5941482e+00
5.9508224e+00
5.9228506e+00
6.3344798e+00
5.5299225e+00
5.5812545e+00
4.8269897e+00
4.4769492e+00
4.7851553e+00
6.4945936e+00
6.3160577e+00
5.2534423e+00
5.4225135e+00
4.2075410e+00
3.9715526e+00
3.2907400e+00
3.5149486e+00
2.1195862e+00
2.2377856e+00
4.3291445e+00
3.3221505e+00
2.6456466e+00
2.0413003e+00
8.6387980e-01
7.2999477e-01
1.7510359e+00
-4.5251675e+00
-2.5317955e+00
2.6465957e+00
-2.2342087e-05
6.9399822e-01
-3.1072724e+00
-1.0858064e+00
-3.5774496e+00
5.7313971e-02
5.4804025e+00
-1.0029856e-01
-6.2909670e+00
-6.5878787e+00
-5.1797347e+00
-4.6424127e+00
-4.2670536e+00
7.3535347e+00
2.7611113e+00
2.8430417e+00
2.5388989e+00
-6.5888515e+00
-6.0564418e+00
-3.1526639e+00
-3.3617821e+00
2.7309949e+00
2.6517410e+00
-4.8648043e+00
2.1189594e+00
8.3601017e+00
-4.0463123e+00
-2.8689849e+00
2.5039992e-05
-2.7071702e+00
6.5780544e-01
4.9537792e+00
4.6878476e+00
-1.6257590e+00
-1.8736395e+00
4.4003963e+00
3.8896945e+00
-3.9800887e+00
-1.5190272e+00
2.1586807e+00
1.5762011e+00
3.0565458e-05
6.4576030e-05
2.1603096e+00
2.9318905e+00
2.4826097e+00
2.2501171e+00
3.2892017e+00
2.0001173e+00
1.7651006e+00
1.3765563e+00
-1.5899674e+00
-1.6881423e+00
-1.3748626e+00
-1.4408513e+00
-1.0267191e+00
-1.4290708e+00
-9.4977343e-01
-6.9941080e-01
-5.5844951e-01
-4.0590131e-01
-4.9837390e-01
-1.6402258e+00
-1.8359989e+00
-1.6413187e+00
-2.0924594e+00
-1.7561996e+00
-1.4034871e+00
-1.4018536e+00
-1.7934210e+00
-1.3346553e+00
-1.7617393e+00
-9.8540288e-01
-8.2018298e-01
-6.3225329e-01
-2.2699273e+00
-4.2949688e-01
-3.3818349e-01
-1.8349912e+00
-1.5089024e+00
-2.2820470e+00
-2.1862369e+00
-6.6202527e-01
-2.4906292e+00
-1.6882163e-01
-2.2125232e+00
-1.5958251e+00
-1.8699343e+00
9.5945191e-01
2.1170344e+00
1.5731560e+00
5.1641493e+00
7.2063489e+00
-3.2354140e-01
-1.7590616e+00
-1.8630430e+00
-1.4132417e+00
-1.8514931e+00
2.5100930e+00
2.7799227e+00
3.1839137e+00
2.7651458e+00
7.3865519e+00
-1.0193676e+00
-4.6640897e+00
3.1408219e+00
2.4208508e+00
-5.1687008e-01
-4.8011417e+00
3.2597865e-05
-6.0694809e+00
-6.2564106e+00
-6.0994582e+00
-5.4662428e+00
-1.2336128e+00
1.6253831e+00
1.6194088e+00
-3.5111628e+00
-4.9096704e+00
-3.7647119e-01
-2.1247818e-01
-1.2024279e-01
-4.8805002e-02
-4.1154612e-02
-4.7604721e-03
-1.0456226e-01
-1.6667968e-02
-2.4271621e-01
-2.6859244e-02
-4.6681531e-04
-1.3779796e+00
3.0828075e+00
3.0402875e+00
3.5637083e+00
1.5562549e+00
8.0532813e-01
8.8094169e-01
8.0482036e-01
5.4429131e+00
-2.1482689e+00
-8.1865990e-01
-1.0225756e-02
3.0468293e-03
-5.2447529e-03
1.0756090e-03
-2.3122788e-03
3.0286586e+00
7.3174443e-03
1.7853258e-02
-3.3650561e-03
-1.2935287e-03
-4.0283677e-04
1.7135023e-04
3.1267734e+00
7.9898562e+00
-1.6192068e+00
2.3931210e+00
2.7363855e-01
2.4346542e-07
-1.0714266e-01
-1.1209287e-01
-5.2988146e-02
-4.2937595e-02
-1.4576095e-02
-1.2546532e-01
-2.5379044e-01
-2.4463784e-02
-3.7499189e-03
1.3283217e-02
-1.3706151e-02
1.0669598e-06
-5.5701688e-02
2.2041274e-06
1.5447138e-05
8.8815934e-05
-3.9674851e-05
1.4952214e-04
2.0498874e-04
3.8499173e-04
2.0550133e-04
7.4333290e-04
2.2156826e-04
1.3492359e-03
-8.3967112e-05
2.2849201e-03
-8.8791619e-04
4.2167013e-03
-2.4590115e-03
-6.2904414e-03
2.9933217e-03
2.8849553e-04
1.1666356e-04
-5.0951085e+00
-2.6518293e-04
-2.6935019e-04
-1.0004226e-04
-1.2289606e-03
-1.7599364e-04
-5.0320767e-05
-9.6198790e-05
-4.0490071e-05
-1.5716734e-05
-2.3234164e-05
2.9946346e-05
-4.1416459e-04
5.8861930e-05
2.2439443e-05
-7.1245686e-06
3.4726460e+00
3.5916092e+00
6.3255902e-05
1.9654479e-05
1.4389853e-05
3.0440979e+00
-5.4504104e-02
-7.7026825e-06
6.6279137e-04
3.7010763e+00
-4.2189517e+00
-1.0366798e-05
-3.9018335e+00
-3.6874311e+00
-4.4547768e+00
3.0708182e+00
5.7273530e-03
2.8785588e-02
-6.4275323e-06
2.4516426e-03
-1.4114401e-01
-1.5501008e+00
3.2266040e+00
-4.8576662e-01
-1.3652886e+00
-1.6819054e-01
-4.0220299e+00
-6.2022980e-02
1.8310238e-05
4.9578171e+00
3.6026947e+00
-4.4245515e+00
-4.5119639e-05
2.2485591e-01
3.1289623e+00
2.9768300e+00
3.1270058e+00
3.0061111e+00
-5.9161339e+00
-1.4361233e+00
4.1883119e-04
-3.7945509e+00
2.9759834e+00
1.9911135e+00
-6.1972410e-04
2.8073459e-06
-2.5245088e-01
-6.7000383e-01
-2.0357828e+00
-2.6711566e+00
-2.7246578e+00
5.6879778e+00
-8.9392090e-01
-3.7935066e+00
-7.6739107e-06
1.4752384e+00
-4.1943349e-06
-2.4034824e+00
-1.5304773e-04
1.3936169e-01
3.5474364e-05
3.1818650e+00
3.7995465e+00
-2.7150073e+00
-4.0974512e+00
-1.6384358e+00
3.1980438e+00
-1.3481793e+00
-1.3322284e-02
-1.3712937e+00
-8.2063681e-01
3.9830769e-04
4.2093472e+00
-5.3900561e+00
-5.1130512e-04
3.3661327e+00
4.0932155e+00
-5.4665642e+00
-1.6356924e+00
-1.9101896e+00
-3.0557942e+00
-2.4602964e+00
-2.6416168e+00
-4.2405195e+00
5.1602974e+00
-3.0750847e+00
2.6275628e+00
-5.7011204e+00
-6.3334793e-01
-2.4147804e+00
4.2625189e+00
3.6324146e+00
-1.2173065e-02
-3.9557016e+00
7.1799028e-01
1.4555181e+00
-9.0765291e-01
7.5752796e-03
-3.0603898e+00
2.8204236e+00
3.3846134e-01
-2.1827309e+00
3.2083950e+00
-3.9935955e-01
-3.6572340e-01
7.5179167e+00
3.7704086e+00
-1.2064843e-03
1.8667829e+00
-2.5662067e+00
1.4118297e+00
-4.1367687e-04
1.9847004e-02
-5.2822671e+00
-4.3198061e+00
-3.5625452e-01
-1.1208220e+00
2.7589941e+00
-8.7605131e-01
-2.3451507e+00
4.6076205e-01
1.3584543e+00
6.8460798e+00
1.8043787e-05
-2.7479576e-03
-1.6808667e+00
3.2496099e+00
-4.1940217e+00
-6.0119033e+00
3.3808005e-01
8.4319481e-06
-3.6508129e+00
5.1699781e+00
-3.9847896e-01
-4.8449526e+00
2.8914914e+00
6.1317182e+00
-1.1160415e+00
-5.6848964e-03
-4.2020020e+00
-3.8196058e+00
-4.8464308e+00
1.3258120e+00
2.8673304e-02
2.9845970e+00
6.2983952e-02
5.4420466e+00
-4.3680177e+00
-7.3675765e-05
3.1781199e+00
-3.5478559e+00
-3.9429188e+00
3.6168768e+00
-1.7399107e+00
-3.7223732e+00
-3.8834434e+00
-6.0595753e-06
-4.3390522e+00
2.9994705e+00
-4.5676107e+00
2.9990313e+00
7.5738262e-03
2.7252531e+00
2.9342742e+00
-2.0854132e+00
-5.7415571e+00
-8.3070945e-06
-8.9309323e-01
4.3713675e+00
-3.5920780e+00
2.9578966e-06
-2.2864990e+00
-1.1402751e-04
-7.4871622e-02
-2.4899619e+00
-5.5395317e-06
-3.3563440e+00
-4.0804367e+00
-4.6443127e-04
-5.0107498e+00
-2.7338443e+00
1.1442218e+00
-5.1774364e+00
6.8811089e-01
-8.4783277e-03
-1.9465117e+00
-6.6425599e-02
-1.4274434e+00
5.0380784e-01
-4.2274179e+00
2.7196357e+00
-2.9981885e+00
3.3143644e+00
-3.8846912e+00
2.9689415e+00
3.6383361e-02
2.0477614e+00
2.8986809e+00
-2.2856502e-01
-1.1139537e-04
4.8542418e+00
-4.6657953e+00
-5.8514559e-01
-7.9354262e-01
-4.2921853e+00
-1.8694098e+00
-1.0412498e+00
-2.1083930e+00
-2.9955713e-02
-4.0849180e+00
6.1810452e-01
-2.1111517e+00
3.9624314e+00
-5.3551254e+00
-5.3563986e+00
3.1748230e+00
-1.1154244e+00
2.4622357e+00
1.3250192e-06
2.7134099e+00
2.3872991e+00
-3.5727746e+00
3.6469452e+00
1.1372373e+00
3.3558383e+00
-2.6131491e-05
-1.2760444e+00
-3.0492833e+00
-3.4929399e+00
-3.5963416e+00
-5.7287750e+00
-6.8533921e-01
-4.1106596e+00
CELL_DATA 1766
FIELD FieldData 0
