# vtk DataFile Version 4.0
vtk output
ASCII
DATASET UNSTRUCTURED_GRID
POINTS 945 float
0.0000000e+00 0.0000000e+00 0.0000000e+00 
2.0000000e+00 0.0000000e+00 0.0000000e+00 
2.0000000e+00 6.0000002e-01 0.0000000e+00 
0.0000000e+00 6.0000002e-01 0.0000000e+00 
5.6000000e-01 3.0000001e-01 0.0000000e+00 
5.5884713e-01 2.8829461e-01 0.0000000e+00 
5.5543280e-01 2.7703899e-01 0.0000000e+00 
5.4988819e-01 2.6666579e-01 0.0000000e+00 
5.4242641e-01 2.5757360e-01 0.0000000e+00 
5.3333420e-01 2.5011179e-01 0.0000000e+00 
5.2296102e-01 2.4456720e-01 0.0000000e+00 
5.1170540e-01 2.4115290e-01 0.0000000e+00 
5.0000000e-01 2.3999999e-01 0.0000000e+00 
4.8829460e-01 2.4115290e-01 0.0000000e+00 
4.7703901e-01 2.4456720e-01 0.0000000e+00 
4.6666580e-01 2.5011179e-01 0.0000000e+00 
4.5757359e-01 2.5757360e-01 0.0000000e+00 
4.5011181e-01 2.6666579e-01 0.0000000e+00 
4.4456720e-01 2.7703899e-01 0.0000000e+00 
4.4115290e-01 2.8829461e-01 0.0000000e+00 
4.4000000e-01 3.0000001e-01 0.0000000e+00 
4.4115290e-01 3.1170541e-01 0.0000000e+00 
4.4456720e-01 3.2296100e-01 0.0000000e+00 
4.5011181e-01 3.3333421e-01 0.0000000e+00 
4.5757359e-01 3.4242639e-01 0.0000000e+00 
4.6666580e-01 3.4988821e-01 0.0000000e+00 
4.7703901e-01 3.5543281e-01 0.0000000e+00 
4.8829460e-01 3.5884711e-01 0.0000000e+00 
5.0000000e-01 3.6000001e-01 0.0000000e+00 
5.1170540e-01 3.5884711e-01 0.0000000e+00 
5.2296102e-01 3.5543281e-01 0.0000000e+00 
5.3333420e-01 3.4988821e-01 0.0000000e+00 
5.4242641e-01 3.4242639e-01 0.0000000e+00 
5.4988819e-01 3.3333421e-01 0.0000000e+00 
5.5543280e-01 3.2296100e-01 0.0000000e+00 
5.5884713e-01 3.1170541e-01 0.0000000e+00 
5.9016321e-02 0.0000000e+00 0.0000000e+00 
1.1803260e-01 0.0000000e+00 0.0000000e+00 
1.7704900e-01 0.0000000e+00 0.0000000e+00 
2.3587100e-01 0.0000000e+00 0.0000000e+00 
2.9085249e-01 0.0000000e+00 0.0000000e+00 
3.4144861e-01 0.0000000e+00 0.0000000e+00 
3.8872591e-01 0.0000000e+00 0.0000000e+00 
4.3368599e-01 0.0000000e+00 0.0000000e+00 
4.7725680e-01 0.0000000e+00 0.0000000e+00 
5.2034539e-01 0.0000000e+00 0.0000000e+00 
5.6386721e-01 0.0000000e+00 0.0000000e+00 
6.0872579e-01 0.0000000e+00 0.0000000e+00 
6.5584701e-01 0.0000000e+00 0.0000000e+00 
7.0623368e-01 0.0000000e+00 0.0000000e+00 
7.6094180e-01 0.0000000e+00 0.0000000e+00 
8.1967372e-01 0.0000000e+00 0.0000000e+00 
8.7868989e-01 0.0000000e+00 0.0000000e+00 
9.3770629e-01 0.0000000e+00 0.0000000e+00 
9.9672258e-01 0.0000000e+00 0.0000000e+00 
1.0557390e+00 0.0000000e+00 0.0000000e+00 
1.1147550e+00 0.0000000e+00 0.0000000e+00 
1.1737720e+00 0.0000000e+00 0.0000000e+00 
1.2327880e+00 0.0000000e+00 0.0000000e+00 
1.2918040e+00 0.0000000e+00 0.0000000e+00 
1.3508210e+00 0.0000000e+00 0.0000000e+00 
1.4098370e+00 0.0000000e+00 0.0000000e+00 
1.4688530e+00 0.0000000e+00 0.0000000e+00 
1.5278690e+00 0.0000000e+00 0.0000000e+00 
1.5868860e+00 0.0000000e+00 0.0000000e+00 
1.6459020e+00 0.0000000e+00 0.0000000e+00 
1.7049180e+00 0.0000000e+00 0.0000000e+00 
1.7639350e+00 0.0000000e+00 0.0000000e+00 
1.8229510e+00 0.0000000e+00 0.0000000e+00 
1.8819669e+00 0.0000000e+00 0.0000000e+00 
1.9409840e+00 0.0000000e+00 0.0000000e+00 
2.0000000e+00 5.9999999e-02 0.0000000e+00 
2.0000000e+00 1.2000000e-01 0.0000000e+00 
2.0000000e+00 1.8000001e-01 0.0000000e+00 
2.0000000e+00 2.3999999e-01 0.0000000e+00 
2.0000000e+00 3.0000001e-01 0.0000000e+00 
2.0000000e+00 3.6000001e-01 0.0000000e+00 
2.0000000e+00 4.1999999e-01 0.0000000e+00 
2.0000000e+00 4.7999999e-01 0.0000000e+00 
2.0000000e+00 5.4000002e-01 0.0000000e+00 
1.9409840e+00 6.0000002e-01 0.0000000e+00 
1.8819669e+00 6.0000002e-01 0.0000000e+00 
1.8229510e+00 6.0000002e-01 0.0000000e+00 
1.7639350e+00 6.0000002e-01 0.0000000e+00 
1.7049180e+00 6.0000002e-01 0.0000000e+00 
1.6459020e+00 6.0000002e-01 0.0000000e+00 
1.5868860e+00 6.0000002e-01 0.0000000e+00 
1.5278690e+00 6.0000002e-01 0.0000000e+00 
1.4688530e+00 6.0000002e-01 0.0000000e+00 
1.4098370e+00 6.0000002e-01 0.0000000e+00 
1.3508210e+00 6.0000002e-01 0.0000000e+00 
1.2918040e+00 6.0000002e-01 0.0000000e+00 
1.2327880e+00 6.0000002e-01 0.0000000e+00 
1.1737720e+00 6.0000002e-01 0.0000000e+00 
1.1147550e+00 6.0000002e-01 0.0000000e+00 
1.0557390e+00 6.0000002e-01 0.0000000e+00 
9.9672258e-01 6.0000002e-01 0.0000000e+00 
9.3770629e-01 6.0000002e-01 0.0000000e+00 
8.7868989e-01 6.0000002e-01 0.0000000e+00 
8.1967372e-01 6.0000002e-01 0.0000000e+00 
7.6094180e-01 6.0000002e-01 0.0000000e+00 
7.0623368e-01 6.0000002e-01 0.0000000e+00 
6.5584701e-01 6.0000002e-01 0.0000000e+00 
6.0872579e-01 6.0000002e-01 0.0000000e+00 
5.6386721e-01 6.0000002e-01 0.0000000e+00 
5.2034539e-01 6.0000002e-01 0.0000000e+00 
4.7725680e-01 6.0000002e-01 0.0000000e+00 
4.3368599e-01 6.0000002e-01 0.0000000e+00 
3.8872591e-01 6.0000002e-01 0.0000000e+00 
3.4144861e-01 6.0000002e-01 0.0000000e+00 
2.9085249e-01 6.0000002e-01 0.0000000e+00 
2.3587100e-01 6.0000002e-01 0.0000000e+00 
1.7704900e-01 6.0000002e-01 0.0000000e+00 
1.1803260e-01 6.0000002e-01 0.0000000e+00 
5.9016321e-02 6.0000002e-01 0.0000000e+00 
0.0000000e+00 5.4000002e-01 0.0000000e+00 
0.0000000e+00 4.7999999e-01 0.0000000e+00 
0.0000000e+00 4.1999999e-01 0.0000000e+00 
0.0000000e+00 3.6000001e-01 0.0000000e+00 
0.0000000e+00 3.0000001e-01 0.0000000e+00 
0.0000000e+00 2.3999999e-01 0.0000000e+00 
0.0000000e+00 1.8000001e-01 0.0000000e+00 
0.0000000e+00 1.2000000e-01 0.0000000e+00 
0.0000000e+00 5.9999999e-02 0.0000000e+00 
4.3026751e-01 3.0683401e-01 0.0000000e+00 
8.4908241e-01 5.5269438e-01 0.0000000e+00 
7.8790653e-01 5.1802918e-02 0.0000000e+00 
1.1430219e+00 5.0576471e-02 0.0000000e+00 
1.4415160e+00 5.0573289e-02 0.0000000e+00 
1.6754100e+00 5.5038619e-01 0.0000000e+00 
2.6041579e-01 5.2875768e-02 0.0000000e+00 
9.6895182e-01 5.0380111e-02 0.0000000e+00 
2.6302171e-01 5.5612308e-01 0.0000000e+00 
5.5065349e-02 2.6500449e-01 0.0000000e+00 
1.2615570e+00 5.4759312e-01 0.0000000e+00 
1.0253479e+00 5.4886931e-01 0.0000000e+00 
1.6201590e+00 5.4130111e-02 0.0000000e+00 
1.4979730e+00 5.5115038e-01 0.0000000e+00 
6.7900127e-01 5.5979192e-01 0.0000000e+00 
1.9463980e+00 2.6800990e-01 0.0000000e+00 
6.3145077e-01 3.8099781e-02 0.0000000e+00 
4.1331020e-01 5.6811810e-01 0.0000000e+00 
4.1231820e-01 3.8809739e-02 0.0000000e+00 
5.4410732e-01 5.6000441e-01 0.0000000e+00 
1.7962800e+00 5.9606131e-02 0.0000000e+00 
5.4468262e-01 3.7558820e-02 0.0000000e+00 
4.9130220e-02 3.9247900e-01 0.0000000e+00 
1.9509200e+00 3.8997239e-01 0.0000000e+00 
1.3233820e+00 4.9667731e-02 0.0000000e+00 
1.3821890e+00 5.4839480e-01 0.0000000e+00 
1.1434870e+00 5.4837209e-01 0.0000000e+00 
1.7959980e+00 5.4855859e-01 0.0000000e+00 
4.9401909e-02 1.5067521e-01 0.0000000e+00 
1.4989950e-01 5.5529898e-01 0.0000000e+00 
1.9519399e+00 1.5339760e-01 0.0000000e+00 
1.4754079e-01 5.1025499e-02 0.0000000e+00 
1.9506550e+00 5.1069498e-01 0.0000000e+00 
1.9114760e+00 5.1109631e-02 0.0000000e+00 
4.9216151e-02 5.0927132e-01 0.0000000e+00 
5.8710063e-01 3.6655251e-02 0.0000000e+00 
6.0428280e-01 7.4787550e-02 0.0000000e+00 
6.4929068e-01 7.4443869e-02 0.0000000e+00 
6.2715179e-01 1.0633790e-01 0.0000000e+00 
5.9329480e-01 1.0799770e-01 0.0000000e+00 
6.0949302e-01 1.3488390e-01 0.0000000e+00 
6.4123279e-01 1.3555969e-01 0.0000000e+00 
6.2006623e-01 1.6328260e-01 0.0000000e+00 
6.5316749e-01 1.6381399e-01 0.0000000e+00 
6.3351321e-01 1.8958050e-01 0.0000000e+00 
6.6427898e-01 1.8941709e-01 0.0000000e+00 
6.4933020e-01 2.1180780e-01 0.0000000e+00 
6.7645937e-01 2.1359310e-01 0.0000000e+00 
6.6097301e-01 2.3410480e-01 0.0000000e+00 
6.8796802e-01 2.3757669e-01 0.0000000e+00 
6.7103261e-01 2.5876111e-01 0.0000000e+00 
6.9990993e-01 2.6214910e-01 0.0000000e+00 
6.8101048e-01 2.8387409e-01 0.0000000e+00 
7.1248281e-01 2.8716281e-01 0.0000000e+00 
7.2971261e-01 2.6349890e-01 0.0000000e+00 
7.4486363e-01 2.9076719e-01 0.0000000e+00 
6.9556361e-01 3.0985960e-01 0.0000000e+00 
7.6406652e-01 2.6318431e-01 0.0000000e+00 
7.8114778e-01 2.9619500e-01 0.0000000e+00 
5.5403137e-01 2.5565761e-01 0.0000000e+00 
5.6691158e-01 2.7902979e-01 0.0000000e+00 
8.0246252e-01 2.6402649e-01 0.0000000e+00 
8.2167560e-01 3.0103979e-01 0.0000000e+00 
5.7978672e-01 1.3316999e-01 0.0000000e+00 
6.9627529e-01 1.8651520e-01 0.0000000e+00 
8.4832448e-01 2.6130950e-01 0.0000000e+00 
8.6857778e-01 3.0716091e-01 0.0000000e+00 
6.6883779e-01 3.0851370e-01 0.0000000e+00 
6.8001598e-01 3.3176759e-01 0.0000000e+00 
5.6956083e-01 3.0685109e-01 0.0000000e+00 
8.9643359e-01 2.6652190e-01 0.0000000e+00 
9.1803229e-01 3.1445420e-01 0.0000000e+00 
9.4838840e-01 2.6944679e-01 0.0000000e+00 
9.7196358e-01 3.1528941e-01 0.0000000e+00 
1.0020620e+00 2.7188951e-01 0.0000000e+00 
1.0263140e+00 3.1974381e-01 0.0000000e+00 
1.0557370e+00 2.7577680e-01 0.0000000e+00 
6.5179992e-01 3.3081001e-01 0.0000000e+00 
6.6418201e-01 3.5163379e-01 0.0000000e+00 
6.8745148e-01 3.5866591e-01 0.0000000e+00 
6.4083183e-01 3.5175639e-01 0.0000000e+00 
6.5020132e-01 3.7057751e-01 0.0000000e+00 
6.2925631e-01 3.6861771e-01 0.0000000e+00 
6.3750827e-01 3.8906679e-01 0.0000000e+00 
6.1479098e-01 3.8505989e-01 0.0000000e+00 
6.2451601e-01 4.0700281e-01 0.0000000e+00 
6.0271370e-01 4.0461549e-01 0.0000000e+00 
6.4791143e-01 4.1049060e-01 0.0000000e+00 
6.1149168e-01 4.2533240e-01 0.0000000e+00 
5.8940130e-01 4.2314041e-01 0.0000000e+00 
5.4590571e-01 3.5405469e-01 0.0000000e+00 
5.5933821e-01 3.3214769e-01 0.0000000e+00 
1.0820900e+00 3.2265610e-01 0.0000000e+00 
1.1129040e+00 2.7988619e-01 0.0000000e+00 
1.1385900e+00 3.3131590e-01 0.0000000e+00 
1.1718310e+00 2.8342861e-01 0.0000000e+00 
5.9854919e-01 4.4447681e-01 0.0000000e+00 
5.7566178e-01 4.4153079e-01 0.0000000e+00 
8.0048358e-01 3.3398119e-01 0.0000000e+00 
1.1962050e+00 3.3624330e-01 0.0000000e+00 
1.2286429e+00 2.8668931e-01 0.0000000e+00 
1.2540359e+00 3.3862561e-01 0.0000000e+00 
1.2863950e+00 2.8994620e-01 0.0000000e+00 
6.1140192e-01 1.8628950e-01 0.0000000e+00 
1.3121480e+00 3.4238011e-01 0.0000000e+00 
1.3446890e+00 2.9366851e-01 0.0000000e+00 
1.3705840e+00 3.4558439e-01 0.0000000e+00 
1.4032860e+00 2.9774809e-01 0.0000000e+00 
6.4617378e-01 3.0788270e-01 0.0000000e+00 
1.4291511e+00 3.4956750e-01 0.0000000e+00 
1.4618640e+00 3.0163100e-01 0.0000000e+00 
1.4877310e+00 3.5457411e-01 0.0000000e+00 
1.5206050e+00 3.0603161e-01 0.0000000e+00 
1.5464530e+00 3.5889450e-01 0.0000000e+00 
1.5793800e+00 3.1008351e-01 0.0000000e+00 
5.6763572e-01 4.1851109e-01 0.0000000e+00 
5.5408603e-01 4.3793961e-01 0.0000000e+00 
5.2029008e-01 3.6688760e-01 0.0000000e+00 
9.4794089e-01 3.6647639e-01 0.0000000e+00 
8.7384099e-01 2.2074890e-01 0.0000000e+00 
6.3348472e-01 2.3041780e-01 0.0000000e+00 
7.8118002e-01 2.2578520e-01 0.0000000e+00 
1.6052290e+00 3.6304700e-01 0.0000000e+00 
1.6382140e+00 3.1413361e-01 0.0000000e+00 
1.6641290e+00 3.6722910e-01 0.0000000e+00 
1.6971480e+00 3.1819481e-01 0.0000000e+00 
1.6712240e+00 2.6505721e-01 0.0000000e+00 
1.7302210e+00 2.6912081e-01 0.0000000e+00 
1.5534170e+00 2.5684619e-01 0.0000000e+00 
6.7181969e-01 1.4093800e-01 0.0000000e+00 
5.8596748e-01 4.6394360e-01 0.0000000e+00 
1.7230920e+00 3.7133509e-01 0.0000000e+00 
1.3771909e+00 2.4454120e-01 0.0000000e+00 
6.2249678e-01 4.4700289e-01 0.0000000e+00 
1.2033920e+00 2.3449400e-01 0.0000000e+00 
1.0287880e+00 2.3015590e-01 0.0000000e+00 
5.4669750e-01 4.1895449e-01 0.0000000e+00 
5.3373671e-01 4.3515179e-01 0.0000000e+00 
5.4073101e-01 4.5481020e-01 0.0000000e+00 
5.1996583e-01 4.5137540e-01 0.0000000e+00 
5.1387292e-01 4.2921981e-01 0.0000000e+00 
4.9935541e-01 4.4742331e-01 0.0000000e+00 
4.5565760e-01 3.5403141e-01 0.0000000e+00 
4.9349809e-01 4.2846820e-01 0.0000000e+00 
4.7935709e-01 4.4358870e-01 0.0000000e+00 
4.7970989e-01 3.6688760e-01 0.0000000e+00 
4.8592600e-01 4.6396780e-01 0.0000000e+00 
4.6443069e-01 4.5930001e-01 0.0000000e+00 
4.5825541e-01 4.3536639e-01 0.0000000e+00 
4.4286779e-01 4.5335940e-01 0.0000000e+00 
4.3592349e-01 4.3169260e-01 0.0000000e+00 
4.2123440e-01 4.4813421e-01 0.0000000e+00 
4.1462469e-01 4.2622849e-01 0.0000000e+00 
4.3825611e-01 3.3387709e-01 0.0000000e+00 
3.9864141e-01 4.4291711e-01 0.0000000e+00 
3.9200109e-01 4.1997111e-01 0.0000000e+00 
3.7504819e-01 4.3754801e-01 0.0000000e+00 
3.6926591e-01 4.1456231e-01 0.0000000e+00 
3.5052001e-01 4.3156540e-01 0.0000000e+00 
3.4640020e-01 4.0321410e-01 0.0000000e+00 
3.2338160e-01 4.2558259e-01 0.0000000e+00 
3.1625420e-01 3.9745620e-01 0.0000000e+00 
3.3599329e-01 3.7658459e-01 0.0000000e+00 
3.0888751e-01 3.6996761e-01 0.0000000e+00 
3.2846531e-01 3.5015899e-01 0.0000000e+00 
3.0453789e-01 3.4228960e-01 0.0000000e+00 
3.2241219e-01 3.2376000e-01 0.0000000e+00 
2.9612821e-01 3.1610900e-01 0.0000000e+00 
3.1577420e-01 2.9729351e-01 0.0000000e+00 
2.8885421e-01 2.8886101e-01 0.0000000e+00 
3.0968001e-01 2.6928011e-01 0.0000000e+00 
2.8137040e-01 2.6060769e-01 0.0000000e+00 
2.8570160e-01 3.8790971e-01 0.0000000e+00 
3.0315241e-01 2.4067999e-01 0.0000000e+00 
3.3230671e-01 2.5245121e-01 0.0000000e+00 
3.2487640e-01 2.2290690e-01 0.0000000e+00 
3.5372531e-01 2.3027760e-01 0.0000000e+00 
4.3461740e-01 2.7961159e-01 0.0000000e+00 
3.4512779e-01 2.0528039e-01 0.0000000e+00 
3.6950600e-01 2.1069451e-01 0.0000000e+00 
2.6638910e-01 3.1392881e-01 0.0000000e+00 
2.7405229e-01 2.3109850e-01 0.0000000e+00 
3.6342499e-01 1.8842390e-01 0.0000000e+00 
3.8558939e-01 1.9589300e-01 0.0000000e+00 
4.4520050e-01 2.5469631e-01 0.0000000e+00 
3.8103029e-01 1.7263541e-01 0.0000000e+00 
4.0200421e-01 1.8057050e-01 0.0000000e+00 
4.9249741e-01 2.2787590e-01 0.0000000e+00 
4.6605590e-01 2.3826469e-01 0.0000000e+00 
3.3931601e-01 1.7988220e-01 0.0000000e+00 
3.8745371e-01 3.9799151e-01 0.0000000e+00 
3.5741779e-01 2.5419459e-01 0.0000000e+00 
3.5627639e-01 4.5751181e-01 0.0000000e+00 
3.4765261e-01 3.3191890e-01 0.0000000e+00 
3.9811629e-01 1.5518570e-01 0.0000000e+00 
4.2193061e-01 1.6662900e-01 0.0000000e+00 
3.7476501e-01 1.4610679e-01 0.0000000e+00 
3.9139041e-01 2.1633980e-01 0.0000000e+00 
2.5018540e-01 2.5338060e-01 0.0000000e+00 
2.4227400e-01 2.1673180e-01 0.0000000e+00 
2.1296521e-01 2.4632980e-01 0.0000000e+00 
2.0310380e-01 2.0643540e-01 0.0000000e+00 
4.7074649e-01 4.8204380e-01 0.0000000e+00 
4.9385741e-01 4.8678511e-01 0.0000000e+00 
4.1766569e-01 1.3875820e-01 0.0000000e+00 
4.3951231e-01 1.4885530e-01 0.0000000e+00 
4.4284999e-01 1.6929220e-01 0.0000000e+00 
4.6074921e-01 1.5907930e-01 0.0000000e+00 
4.5701310e-01 1.3411739e-01 0.0000000e+00 
4.7804150e-01 1.4308280e-01 0.0000000e+00 
4.8207700e-01 1.6432039e-01 0.0000000e+00 
5.2000839e-01 2.3249920e-01 0.0000000e+00 
4.7522539e-01 1.1890660e-01 0.0000000e+00 
4.9824399e-01 1.5124670e-01 0.0000000e+00 
5.0239080e-01 1.7379840e-01 0.0000000e+00 
4.0624869e-01 4.6688080e-01 0.0000000e+00 
4.2919409e-01 4.1243970e-01 0.0000000e+00 
6.2043011e-01 3.4884781e-01 0.0000000e+00 
1.7042540e+00 2.1590130e-01 0.0000000e+00 
1.7632940e+00 2.2000070e-01 0.0000000e+00 
5.9477502e-01 3.8850871e-01 0.0000000e+00 
1.1047130e+00 3.7971979e-01 0.0000000e+00 
5.5632508e-01 4.0331629e-01 0.0000000e+00 
5.1673311e-01 1.5979400e-01 0.0000000e+00 
5.1686460e-01 1.3875850e-01 0.0000000e+00 
5.2089018e-01 1.7866670e-01 0.0000000e+00 
2.3531640e-01 1.7608330e-01 0.0000000e+00 
4.8605490e-01 1.8340071e-01 0.0000000e+00 
1.2225550e+00 3.8796490e-01 0.0000000e+00 
1.7893510e+00 2.7321759e-01 0.0000000e+00 
5.0436419e-01 4.1349870e-01 0.0000000e+00 
4.8793069e-01 4.1161671e-01 0.0000000e+00 
1.3432890e+00 3.9487341e-01 0.0000000e+00 
4.9844569e-01 3.9902619e-01 0.0000000e+00 
5.1288861e-01 4.0051869e-01 0.0000000e+00 
4.7826111e-01 5.0721961e-01 0.0000000e+00 
1.5723439e+00 4.1086179e-01 0.0000000e+00 
5.6928509e-01 1.1216540e-01 0.0000000e+00 
5.3438342e-01 1.6713411e-01 0.0000000e+00 
5.3660733e-01 1.8530799e-01 0.0000000e+00 
5.5097228e-01 1.7492341e-01 0.0000000e+00 
5.5329382e-01 1.9238080e-01 0.0000000e+00 
1.4477730e+00 4.0997440e-01 0.0000000e+00 
1.7183121e-01 2.3577370e-01 0.0000000e+00 
1.8385801e-01 2.7833050e-01 0.0000000e+00 
4.5149651e-01 1.1040960e-01 0.0000000e+00 
4.7247219e-01 9.1955133e-02 0.0000000e+00 
1.9255680e-01 1.6331930e-01 0.0000000e+00 
4.5135620e-01 5.0161749e-01 0.0000000e+00 
1.8225530e+00 2.2401039e-01 0.0000000e+00 
5.2494282e-01 1.9506520e-01 0.0000000e+00 
1.7372680e+00 1.6678140e-01 0.0000000e+00 
1.6782570e+00 1.6271511e-01 0.0000000e+00 
1.6900350e+00 4.2038351e-01 0.0000000e+00 
1.7490560e+00 4.2454061e-01 0.0000000e+00 
4.8329440e-01 3.9614201e-01 0.0000000e+00 
4.7259709e-01 4.0761891e-01 0.0000000e+00 
4.6829471e-01 3.9267531e-01 0.0000000e+00 
1.7821480e+00 3.7544200e-01 0.0000000e+00 
1.8081650e+00 4.2873210e-01 0.0000000e+00 
5.6767190e-01 1.8248910e-01 0.0000000e+00 
5.6965590e-01 1.9964610e-01 0.0000000e+00 
5.5310482e-01 2.0997940e-01 0.0000000e+00 
5.7153863e-01 2.1648981e-01 0.0000000e+00 
5.5832732e-01 2.2570750e-01 0.0000000e+00 
5.7294083e-01 2.3188220e-01 0.0000000e+00 
5.8571517e-01 2.2277141e-01 0.0000000e+00 
5.8722973e-01 2.3849240e-01 0.0000000e+00 
2.2661661e-01 1.3415439e-01 0.0000000e+00 
2.6798990e-01 1.4730521e-01 0.0000000e+00 
1.7105891e+00 1.1396340e-01 0.0000000e+00 
5.9993339e-01 2.2935030e-01 0.0000000e+00 
6.0129720e-01 2.4530940e-01 0.0000000e+00 
5.8868867e-01 2.5420901e-01 0.0000000e+00 
6.0235012e-01 2.6110700e-01 0.0000000e+00 
1.8387530e+00 3.7525591e-01 0.0000000e+00 
5.4489303e-01 2.2099259e-01 0.0000000e+00 
4.5784310e-01 5.2955812e-01 0.0000000e+00 
5.1062381e-01 5.1103139e-01 0.0000000e+00 
4.9833831e-01 1.0296860e-01 0.0000000e+00 
1.8639690e+00 4.2541769e-01 0.0000000e+00 
4.9523690e-01 7.3985048e-02 0.0000000e+00 
1.3844220e-01 2.6736441e-01 0.0000000e+00 
1.5088230e-01 3.1097111e-01 0.0000000e+00 
1.2641050e-01 2.2494370e-01 0.0000000e+00 
2.0287590e-01 3.2045639e-01 0.0000000e+00 
1.6756350e-01 3.5410741e-01 0.0000000e+00 
2.1099889e-01 3.6507410e-01 0.0000000e+00 
1.8053800e-01 3.9719370e-01 0.0000000e+00 
2.2913329e-01 4.0715241e-01 0.0000000e+00 
1.9421770e-01 4.3993911e-01 0.0000000e+00 
2.3865750e-01 4.5007020e-01 0.0000000e+00 
1.4811151e-01 4.3034700e-01 0.0000000e+00 
5.9036589e-01 2.6973200e-01 0.0000000e+00 
6.0372931e-01 2.7649191e-01 0.0000000e+00 
6.1619169e-01 2.6624000e-01 0.0000000e+00 
5.9138829e-01 2.8492469e-01 0.0000000e+00 
6.0468042e-01 2.9163459e-01 0.0000000e+00 
1.8453060e+00 2.7996099e-01 0.0000000e+00 
2.0954210e-01 4.8537201e-01 0.0000000e+00 
4.6530190e-01 6.3733928e-02 0.0000000e+00 
5.9247959e-01 2.9992181e-01 0.0000000e+00 
6.0560697e-01 3.0666059e-01 0.0000000e+00 
5.9351093e-01 3.1494951e-01 0.0000000e+00 
6.0633099e-01 3.2174519e-01 0.0000000e+00 
5.9430778e-01 3.2937449e-01 0.0000000e+00 
4.9347320e-01 3.8454881e-01 0.0000000e+00 
5.5062449e-01 1.5674770e-01 0.0000000e+00 
4.5774269e-01 4.0380031e-01 0.0000000e+00 
4.5300320e-01 3.8926181e-01 0.0000000e+00 
5.2078158e-01 8.5589677e-02 0.0000000e+00 
5.2809721e-01 4.7261381e-01 0.0000000e+00 
5.4998982e-01 4.7740239e-01 0.0000000e+00 
1.1647230e-01 3.4303319e-01 0.0000000e+00 
5.4025501e-01 4.0216339e-01 0.0000000e+00 
5.4931629e-01 3.8893181e-01 0.0000000e+00 
5.6429678e-01 3.8917771e-01 0.0000000e+00 
5.5815691e-01 3.7613159e-01 0.0000000e+00 
5.3233409e-01 3.8730109e-01 0.0000000e+00 
6.1810511e-01 2.9840681e-01 0.0000000e+00 
5.4633558e-01 2.3408321e-01 0.0000000e+00 
1.7233150e+00 4.7115931e-01 0.0000000e+00 
1.6544410e+00 4.6960419e-01 0.0000000e+00 
5.9817278e-01 2.1342160e-01 0.0000000e+00 
5.7312608e-01 3.7630349e-01 0.0000000e+00 
5.6664068e-01 3.6344349e-01 0.0000000e+00 
5.8089459e-01 3.6333910e-01 0.0000000e+00 
5.7436389e-01 3.5058859e-01 0.0000000e+00 
5.8890998e-01 3.5140380e-01 0.0000000e+00 
5.9597099e-01 3.6360300e-01 0.0000000e+00 
1.8871840e+00 2.3216370e-01 0.0000000e+00 
1.8613670e+00 1.6699770e-01 0.0000000e+00 
5.8043772e-01 3.2325599e-01 0.0000000e+00 
1.8341640e-01 1.2044960e-01 0.0000000e+00 
1.4539170e-01 1.4803199e-01 0.0000000e+00 
5.2981251e-01 4.1606659e-01 0.0000000e+00 
6.3278657e-01 3.2098520e-01 0.0000000e+00 
4.9883649e-01 1.9035070e-01 0.0000000e+00 
4.8866749e-01 1.9995619e-01 0.0000000e+00 
4.7372600e-01 1.9428051e-01 0.0000000e+00 
4.7687241e-01 2.0988560e-01 0.0000000e+00 
4.6230760e-01 2.0519090e-01 0.0000000e+00 
5.0175709e-01 2.0284539e-01 0.0000000e+00 
3.7420979e-01 2.4249861e-01 0.0000000e+00 
3.7680081e-01 2.5999850e-01 0.0000000e+00 
3.6377189e-01 2.7359021e-01 0.0000000e+00 
3.8147151e-01 2.7786380e-01 0.0000000e+00 
3.9390230e-01 2.6630861e-01 0.0000000e+00 
3.9790910e-01 2.8215069e-01 0.0000000e+00 
3.8660839e-01 2.9399589e-01 0.0000000e+00 
4.0266559e-01 2.9749459e-01 0.0000000e+00 
3.9230630e-01 3.0959940e-01 0.0000000e+00 
3.7539089e-01 3.0645579e-01 0.0000000e+00 
3.8165531e-01 3.2178041e-01 0.0000000e+00 
3.9764741e-01 3.2483751e-01 0.0000000e+00 
3.8738471e-01 3.3702531e-01 0.0000000e+00 
4.0318671e-01 3.3988059e-01 0.0000000e+00 
3.9298999e-01 3.5206911e-01 0.0000000e+00 
4.0884519e-01 3.5489669e-01 0.0000000e+00 
3.7592891e-01 3.5095471e-01 0.0000000e+00 
4.1221961e-01 3.2815641e-01 0.0000000e+00 
4.0885890e-01 2.7070051e-01 0.0000000e+00 
4.0606499e-01 2.5576550e-01 0.0000000e+00 
4.2036530e-01 2.6073930e-01 0.0000000e+00 
4.1758421e-01 2.4588020e-01 0.0000000e+00 
3.9879280e-01 3.6719501e-01 0.0000000e+00 
4.1457930e-01 3.6959961e-01 0.0000000e+00 
4.2435291e-01 3.5784501e-01 0.0000000e+00 
4.3005049e-01 3.7181091e-01 0.0000000e+00 
4.2064139e-01 3.8399899e-01 0.0000000e+00 
4.0332180e-01 2.4100940e-01 0.0000000e+00 
4.1523230e-01 2.3128320e-01 0.0000000e+00 
4.2901969e-01 2.3581611e-01 0.0000000e+00 
4.2680249e-01 2.2116630e-01 0.0000000e+00 
4.4072181e-01 2.2622180e-01 0.0000000e+00 
4.3834931e-01 2.1132030e-01 0.0000000e+00 
4.2324290e-01 2.0628519e-01 0.0000000e+00 
5.7600939e-01 2.6372889e-01 0.0000000e+00 
4.6461701e-01 3.7602729e-01 0.0000000e+00 
4.4586849e-01 3.4520641e-01 0.0000000e+00 
1.8224460e+00 4.8960349e-01 0.0000000e+00 
4.3567330e-01 1.9562960e-01 0.0000000e+00 
5.9315038e-01 1.5660501e-01 0.0000000e+00 
4.5945361e-01 1.9019520e-01 0.0000000e+00 
6.2804931e-01 2.1075760e-01 0.0000000e+00 
4.4690049e-01 3.7500271e-01 0.0000000e+00 
4.3590689e-01 2.6693821e-01 0.0000000e+00 
4.5538360e-01 2.4537770e-01 0.0000000e+00 
5.3253782e-01 3.6093631e-01 0.0000000e+00 
5.0687999e-01 3.7203360e-01 0.0000000e+00 
5.5479759e-01 3.4289679e-01 0.0000000e+00 
4.7859880e-01 2.3292100e-01 0.0000000e+00 
5.6951690e-01 2.9091081e-01 0.0000000e+00 
4.3251589e-01 3.2153201e-01 0.0000000e+00 
2.5864059e-01 4.9322551e-01 0.0000000e+00 
2.8119770e-01 4.6436489e-01 0.0000000e+00 
2.9712620e-01 4.9769270e-01 0.0000000e+00 
5.0679362e-01 2.2942559e-01 0.0000000e+00 
5.1640040e-01 2.1935740e-01 0.0000000e+00 
6.5671778e-01 2.8741741e-01 0.0000000e+00 
6.4681822e-01 2.6546481e-01 0.0000000e+00 
2.6161829e-01 1.0442510e-01 0.0000000e+00 
2.9914159e-01 1.2133270e-01 0.0000000e+00 
5.3835911e-01 2.0090669e-01 0.0000000e+00 
4.1076070e-01 4.0288219e-01 0.0000000e+00 
4.2847160e-01 2.9058349e-01 0.0000000e+00 
5.8385968e-01 4.0419951e-01 0.0000000e+00 
4.6758640e-01 2.2237021e-01 0.0000000e+00 
1.7680900e+00 1.1666990e-01 0.0000000e+00 
4.6705061e-01 3.6164391e-01 0.0000000e+00 
4.2953780e-01 5.2015013e-01 0.0000000e+00 
3.4222049e-01 3.0633521e-01 0.0000000e+00 
3.3303869e-01 2.8045291e-01 0.0000000e+00 
5.3547281e-01 4.9663380e-01 0.0000000e+00 
5.6233060e-01 5.0093198e-01 0.0000000e+00 
3.5305610e-01 3.5562491e-01 0.0000000e+00 
3.6326250e-01 3.7681499e-01 0.0000000e+00 
5.8255208e-01 1.8968870e-01 0.0000000e+00 
5.6585908e-01 6.7596443e-02 0.0000000e+00 
3.1423870e-01 5.6071562e-01 0.0000000e+00 
3.6825681e-01 5.5769640e-01 0.0000000e+00 
1.6511329e+00 1.0926090e-01 0.0000000e+00 
1.6192470e+00 1.5863900e-01 0.0000000e+00 
3.1425080e-01 3.9930049e-02 0.0000000e+00 
3.1129351e-01 1.6085930e-01 0.0000000e+00 
3.3299991e-01 1.3328290e-01 0.0000000e+00 
3.3072019e-01 1.0009960e-01 0.0000000e+00 
2.7850899e-01 1.8997809e-01 0.0000000e+00 
3.6250210e-01 1.1719080e-01 0.0000000e+00 
3.6242679e-01 7.9823360e-02 0.0000000e+00 
3.9215559e-01 9.3917303e-02 0.0000000e+00 
6.7704421e-01 3.9422091e-02 0.0000000e+00 
6.9158012e-01 7.9496212e-02 0.0000000e+00 
7.2696608e-01 4.4044841e-02 0.0000000e+00 
7.3696113e-01 9.5335990e-02 0.0000000e+00 
7.9171729e-01 1.0606610e-01 0.0000000e+00 
7.5707722e-01 1.3865989e-01 0.0000000e+00 
8.0465728e-01 1.5881000e-01 0.0000000e+00 
8.4009641e-01 1.2030350e-01 0.0000000e+00 
8.5441029e-01 1.6780110e-01 0.0000000e+00 
8.9020813e-01 1.3047090e-01 0.0000000e+00 
8.7580758e-01 8.5384279e-02 0.0000000e+00 
6.3392729e-01 5.6027758e-01 0.0000000e+00 
6.5490252e-01 5.2222651e-01 0.0000000e+00 
6.9785458e-01 5.2009457e-01 0.0000000e+00 
6.6947389e-01 4.8214740e-01 0.0000000e+00 
7.1400052e-01 4.7928271e-01 0.0000000e+00 
7.3890662e-01 5.1415598e-01 0.0000000e+00 
7.5538421e-01 4.7427329e-01 0.0000000e+00 
7.3060858e-01 4.4053549e-01 0.0000000e+00 
7.7131832e-01 4.3481070e-01 0.0000000e+00 
7.4432129e-01 4.0371630e-01 0.0000000e+00 
7.9942912e-01 4.6868020e-01 0.0000000e+00 
8.1664360e-01 4.2528069e-01 0.0000000e+00 
8.4675127e-01 4.6303490e-01 0.0000000e+00 
7.0795268e-01 4.1132101e-01 0.0000000e+00 
8.6556101e-01 4.1526449e-01 0.0000000e+00 
9.0177119e-01 4.5578691e-01 0.0000000e+00 
6.1436248e-01 5.2457899e-01 0.0000000e+00 
5.9010911e-01 5.6233871e-01 0.0000000e+00 
6.8740159e-01 4.4485721e-01 0.0000000e+00 
6.3075930e-01 4.9217081e-01 0.0000000e+00 
8.2390177e-01 3.7696400e-01 0.0000000e+00 
6.5760958e-01 4.5251140e-01 0.0000000e+00 
8.8201141e-01 3.6469159e-01 0.0000000e+00 
7.1646827e-01 3.7200019e-01 0.0000000e+00 
7.5293612e-01 3.6630341e-01 0.0000000e+00 
7.3172802e-01 3.4158540e-01 0.0000000e+00 
4.3641081e-01 3.8625911e-01 0.0000000e+00 
3.3307719e-01 5.1888418e-01 0.0000000e+00 
3.7808201e-01 5.1874483e-01 0.0000000e+00 
4.1757399e-01 3.4319299e-01 0.0000000e+00 
4.0734050e-01 3.1263331e-01 0.0000000e+00 
4.8661929e-01 4.2812102e-02 0.0000000e+00 
7.2056448e-01 1.3380709e-01 0.0000000e+00 
7.2885102e-01 1.7120270e-01 0.0000000e+00 
7.6764971e-01 1.8236589e-01 0.0000000e+00 
7.3844647e-01 2.0840840e-01 0.0000000e+00 
3.2383901e-01 4.7502699e-01 0.0000000e+00 
2.0299730e-01 4.5617640e-02 0.0000000e+00 
5.8970161e-02 3.3410329e-01 0.0000000e+00 
2.0689000e-01 5.5709481e-01 0.0000000e+00 
4.1305149e-01 2.8573561e-01 0.0000000e+00 
7.8471351e-01 5.4944623e-01 0.0000000e+00 
5.7445318e-01 2.4704580e-01 0.0000000e+00 
4.8197981e-02 2.0613991e-01 0.0000000e+00 
2.9774281e-01 8.0907270e-02 0.0000000e+00 
5.0055778e-01 5.6669247e-01 0.0000000e+00 
5.6139982e-01 2.6632291e-01 0.0000000e+00 
1.6788280e+00 5.7307512e-02 0.0000000e+00 
5.1920211e-01 3.7999329e-01 0.0000000e+00 
5.3287011e-01 2.3837809e-01 0.0000000e+00 
4.9314889e-01 3.6956069e-01 0.0000000e+00 
5.4427528e-01 3.7591609e-01 0.0000000e+00 
7.8244883e-01 3.9527819e-01 0.0000000e+00 
3.6446571e-01 4.0250320e-02 0.0000000e+00 
4.4162789e-01 3.5938531e-01 0.0000000e+00 
6.3632941e-01 2.8842619e-01 0.0000000e+00 
4.9067271e-01 2.1312010e-01 0.0000000e+00 
9.0754151e-01 5.5067050e-01 0.0000000e+00 
9.6624529e-01 5.4957891e-01 0.0000000e+00 
9.9525559e-01 4.9868581e-01 0.0000000e+00 
1.0540251e+00 4.9801311e-01 0.0000000e+00 
1.0243800e+00 4.4818369e-01 0.0000000e+00 
1.0813180e+00 4.4429299e-01 0.0000000e+00 
9.6050638e-01 4.4521841e-01 0.0000000e+00 
9.9237692e-01 4.0150511e-01 0.0000000e+00 
9.3534291e-01 5.0050128e-01 0.0000000e+00 
1.1123620e+00 4.9683940e-01 0.0000000e+00 
1.1383430e+00 4.4216970e-01 0.0000000e+00 
5.4218680e-01 5.2327639e-01 0.0000000e+00 
4.9454380e-02 4.5007420e-01 0.0000000e+00 
1.0217610e-01 4.7936839e-01 0.0000000e+00 
2.2542991e-01 2.8165141e-01 0.0000000e+00 
3.9299640e-01 1.2565491e-01 0.0000000e+00 
4.2287391e-01 1.0849530e-01 0.0000000e+00 
4.1702661e-01 7.4225321e-02 0.0000000e+00 
4.2317891e-01 4.9126241e-01 0.0000000e+00 
3.6435950e-01 3.1840631e-01 0.0000000e+00 
5.9271669e-01 4.9394491e-01 0.0000000e+00 
4.5279789e-01 2.1705380e-01 0.0000000e+00 
1.1707489e+00 4.9572700e-01 0.0000000e+00 
1.1967220e+00 4.4262701e-01 0.0000000e+00 
1.2286400e+00 4.9457431e-01 0.0000000e+00 
1.2569320e+00 4.4329810e-01 0.0000000e+00 
1.2887410e+00 4.9415389e-01 0.0000000e+00 
4.9704749e-02 9.0376601e-02 0.0000000e+00 
1.1661880e+00 3.8667339e-01 0.0000000e+00 
1.0448740e+00 3.9727730e-01 0.0000000e+00 
1.3219531e+00 5.4748261e-01 0.0000000e+00 
1.3566051e+00 4.9475339e-01 0.0000000e+00 
1.4128619e+00 5.0170678e-01 0.0000000e+00 
1.3878731e+00 4.4357020e-01 0.0000000e+00 
2.6875430e-01 4.3074101e-01 0.0000000e+00 
4.1746351e-01 3.0108821e-01 0.0000000e+00 
4.7450441e-01 4.2571831e-01 0.0000000e+00 
4.0593800e-01 2.0075510e-01 0.0000000e+00 
4.4167551e-01 4.0079829e-01 0.0000000e+00 
1.9512080e+00 4.5117629e-01 0.0000000e+00 
1.0262311e+00 5.1109631e-02 0.0000000e+00 
9.9738371e-01 1.0181700e-01 0.0000000e+00 
1.0553030e+00 1.0176790e-01 0.0000000e+00 
1.0273110e+00 1.4739220e-01 0.0000000e+00 
1.0855290e+00 1.4977370e-01 0.0000000e+00 
9.7062862e-01 1.4721170e-01 0.0000000e+00 
9.3508059e-01 1.0148260e-01 0.0000000e+00 
1.1133560e+00 1.0215650e-01 0.0000000e+00 
1.1446090e+00 1.4514109e-01 0.0000000e+00 
1.1160710e+00 1.9391710e-01 0.0000000e+00 
1.2018321e+00 5.4771107e-01 0.0000000e+00 
1.9480680e+00 2.1005040e-01 0.0000000e+00 
1.0842860e+00 5.4868227e-01 0.0000000e+00 
1.9480680e+00 3.2994959e-01 0.0000000e+00 
1.5904510e+00 1.0452840e-01 0.0000000e+00 
1.5598950e+00 1.5443350e-01 0.0000000e+00 
1.5304790e+00 1.0186320e-01 0.0000000e+00 
1.5007280e+00 1.5119410e-01 0.0000000e+00 
1.5273950e+00 2.0345390e-01 0.0000000e+00 
1.4685169e+00 1.9967620e-01 0.0000000e+00 
1.4425830e+00 1.4740349e-01 0.0000000e+00 
1.4098901e+00 1.9577309e-01 0.0000000e+00 
1.3839140e+00 1.4338671e-01 0.0000000e+00 
1.3511680e+00 1.9153769e-01 0.0000000e+00 
1.3252350e+00 1.3926670e-01 0.0000000e+00 
1.2926320e+00 1.8772170e-01 0.0000000e+00 
1.2666039e+00 1.3634580e-01 0.0000000e+00 
1.2355460e+00 1.8558609e-01 0.0000000e+00 
1.2059170e+00 1.3905290e-01 0.0000000e+00 
1.2347410e+00 9.3928657e-02 0.0000000e+00 
1.3187660e+00 2.4091680e-01 0.0000000e+00 
1.4945120e+00 2.5244480e-01 0.0000000e+00 
1.5862570e+00 2.0772290e-01 0.0000000e+00 
5.5948251e-01 2.4233980e-01 0.0000000e+00 
1.5573130e+00 5.4926682e-01 0.0000000e+00 
1.5215520e+00 5.0207931e-01 0.0000000e+00 
1.5906490e+00 4.9784341e-01 0.0000000e+00 
1.3832541e+00 4.9608339e-02 0.0000000e+00 
1.5002331e+00 5.0511628e-02 0.0000000e+00 
1.7345819e+00 5.5134553e-01 0.0000000e+00 
1.6170100e+00 5.5189037e-01 0.0000000e+00 
1.6308481e+00 4.1378099e-01 0.0000000e+00 
1.7733830e+00 4.6653220e-01 0.0000000e+00 
1.8566350e+00 5.4165798e-01 0.0000000e+00 
1.5124860e+00 4.0674630e-01 0.0000000e+00 
1.4853560e+00 4.5626420e-01 0.0000000e+00 
1.6452560e+00 2.1187560e-01 0.0000000e+00 
1.7967290e+00 1.6947480e-01 0.0000000e+00 
1.8955210e+00 4.8443690e-01 0.0000000e+00 
2.4952111e-01 3.7534630e-01 0.0000000e+00 
2.4015559e-01 3.3920720e-01 0.0000000e+00 
1.6122910e+00 2.6095319e-01 0.0000000e+00 
1.8537400e+00 5.5921540e-02 0.0000000e+00 
1.8819669e+00 1.0242500e-01 0.0000000e+00 
9.5119797e-02 1.2153590e-01 0.0000000e+00 
1.0847340e+00 5.0935078e-02 0.0000000e+00 
1.7562060e+00 3.2229191e-01 0.0000000e+00 
1.4358770e+00 2.4863569e-01 0.0000000e+00 
4.3159389e-01 2.5088599e-01 0.0000000e+00 
4.7994119e-01 3.8120639e-01 0.0000000e+00 
1.8123610e+00 3.2570100e-01 0.0000000e+00 
6.1470199e-01 2.3820160e-01 0.0000000e+00 
6.2837660e-01 2.5279269e-01 0.0000000e+00 
5.6644672e-01 3.2120070e-01 0.0000000e+00 
4.0343639e-01 3.8359720e-01 0.0000000e+00 
1.2608960e+00 2.3755901e-01 0.0000000e+00 
9.7383392e-01 2.2759880e-01 0.0000000e+00 
1.8966711e+00 3.6694610e-01 0.0000000e+00 
1.2852859e+00 3.9278471e-01 0.0000000e+00 
4.4754091e-01 4.1694289e-01 0.0000000e+00 
5.1814729e-01 1.1434720e-01 0.0000000e+00 
9.8089732e-02 2.9848260e-01 0.0000000e+00 
8.7650722e-01 5.0584209e-01 0.0000000e+00 
7.2722268e-01 5.5884892e-01 0.0000000e+00 
9.1900879e-01 4.0950510e-01 0.0000000e+00 
6.0669678e-01 3.3687809e-01 0.0000000e+00 
9.2257088e-01 2.2499460e-01 0.0000000e+00 
1.8270659e+00 1.1701130e-01 0.0000000e+00 
3.9101499e-01 2.5043941e-01 0.0000000e+00 
3.0026230e-01 2.1632680e-01 0.0000000e+00 
5.8418620e-01 3.3934349e-01 0.0000000e+00 
1.5593460e+00 5.1838879e-02 0.0000000e+00 
4.5547140e-01 5.6772357e-01 0.0000000e+00 
9.7268373e-02 1.8144910e-01 0.0000000e+00 
9.3618453e-02 5.9398320e-02 0.0000000e+00 
9.5946752e-02 4.1991970e-01 0.0000000e+00 
1.5493150e-01 4.8253620e-01 0.0000000e+00 
5.3141659e-01 2.2366489e-01 0.0000000e+00 
4.6951711e-01 1.7694290e-01 0.0000000e+00 
1.3219830e+00 4.4809279e-01 0.0000000e+00 
6.1860532e-01 2.8225860e-01 0.0000000e+00 
9.2647932e-02 5.4469162e-01 0.0000000e+00 
3.6105269e-01 4.8700431e-01 0.0000000e+00 
1.4393450e+00 5.5213040e-01 0.0000000e+00 
1.9442101e+00 9.5342271e-02 0.0000000e+00 
9.0059137e-01 1.7995150e-01 0.0000000e+00 
8.2735151e-01 2.0720319e-01 0.0000000e+00 
6.6251612e-01 1.0677520e-01 0.0000000e+00 
6.7604911e-01 4.1622579e-01 0.0000000e+00 
6.8501538e-01 3.8669550e-01 0.0000000e+00 
3.6920869e-01 2.9070961e-01 0.0000000e+00 
4.5409241e-01 2.3146330e-01 0.0000000e+00 
6.1867392e-01 3.1358370e-01 0.0000000e+00 
1.9131620e+00 5.4997718e-01 0.0000000e+00 
4.2027211e-01 1.8849210e-01 0.0000000e+00 
1.9003210e+00 2.9999799e-01 0.0000000e+00 
5.5434358e-01 1.3134070e-01 0.0000000e+00 
1.4729370e+00 1.0059040e-01 0.0000000e+00 
4.4868380e-01 4.7589070e-01 0.0000000e+00 
1.7371070e+00 5.7924490e-02 0.0000000e+00 
1.6196249e-01 1.9384970e-01 0.0000000e+00 
2.7876011e-01 3.4925121e-01 0.0000000e+00 
5.6304562e-01 4.5950639e-01 0.0000000e+00 
6.0384172e-01 3.5119170e-01 0.0000000e+00 
5.7530987e-01 5.2873927e-01 0.0000000e+00 
1.3667960e-01 3.8707560e-01 0.0000000e+00 
4.9747679e-01 1.2821840e-01 0.0000000e+00 
1.1983300e+00 4.8251878e-02 0.0000000e+00 
7.5970978e-01 3.2726541e-01 0.0000000e+00 
8.1999791e-01 5.1075947e-01 0.0000000e+00 
1.3957340e+00 3.8871399e-01 0.0000000e+00 
3.8881221e-01 2.3447470e-01 0.0000000e+00 
5.2596432e-01 2.0954940e-01 0.0000000e+00 
1.4149910e+00 9.8922051e-02 0.0000000e+00 
3.1656411e-01 1.9587231e-01 0.0000000e+00 
4.3203679e-01 3.4525600e-01 0.0000000e+00 
5.0832897e-01 3.8785461e-01 0.0000000e+00 
5.0716370e-01 4.6868089e-01 0.0000000e+00 
7.2506380e-01 3.1459489e-01 0.0000000e+00 
5.7067949e-01 1.5282580e-01 0.0000000e+00 
6.7973870e-01 1.6684531e-01 0.0000000e+00 
5.3255141e-01 1.4827640e-01 0.0000000e+00 
5.8382958e-01 2.0679601e-01 0.0000000e+00 
3.6833951e-01 3.3595169e-01 0.0000000e+00 
6.6081917e-01 3.9089271e-01 0.0000000e+00 
3.5859609e-01 1.6498099e-01 0.0000000e+00 
5.4474670e-01 2.4635740e-01 0.0000000e+00 
8.5039961e-01 4.4130251e-02 0.0000000e+00 
7.0378470e-01 2.1493910e-01 0.0000000e+00 
3.8111559e-01 3.6489099e-01 0.0000000e+00 
3.8378549e-01 3.8103321e-01 0.0000000e+00 
1.1733290e+00 9.6517898e-02 0.0000000e+00 
6.1236829e-01 3.6486840e-01 0.0000000e+00 
4.2817801e-01 4.6774849e-01 0.0000000e+00 
3.9298210e-01 4.8933309e-01 0.0000000e+00 
5.1858139e-01 5.3958851e-01 0.0000000e+00 
1.1778920e+00 1.8819040e-01 0.0000000e+00 
6.3357651e-01 4.2729640e-01 0.0000000e+00 
2.1912169e-01 8.9860998e-02 0.0000000e+00 
4.4828820e-01 3.3391532e-02 0.0000000e+00 
7.1727687e-01 2.3730519e-01 0.0000000e+00 
9.8337471e-02 2.5592181e-01 0.0000000e+00 
4.8688981e-01 5.3696889e-01 0.0000000e+00 
9.1024607e-01 4.6742149e-02 0.0000000e+00 
4.2072469e-01 3.1704551e-01 0.0000000e+00 
2.5881660e-01 2.8481191e-01 0.0000000e+00 
1.3556740e+00 9.6588373e-02 0.0000000e+00 
3.8170820e-01 4.6353251e-01 0.0000000e+00 
6.1133659e-01 4.6789679e-01 0.0000000e+00 
4.4266859e-01 2.4074350e-01 0.0000000e+00 
1.4653840e+00 5.0395852e-01 0.0000000e+00 
1.1433500e+00 2.3560201e-01 0.0000000e+00 
5.5341142e-01 3.6430839e-01 0.0000000e+00 
5.7990170e-01 2.7820900e-01 0.0000000e+00 
4.4887719e-01 2.0151231e-01 0.0000000e+00 
4.6245420e-01 4.1756010e-01 0.0000000e+00 
4.1210291e-01 2.1662711e-01 0.0000000e+00 
5.1736373e-01 5.6347691e-02 0.0000000e+00 
7.0604849e-01 3.3807889e-01 0.0000000e+00 
4.3653390e-01 1.2656429e-01 0.0000000e+00 
4.2773649e-01 3.9727569e-01 0.0000000e+00 
4.2305809e-01 2.7508900e-01 0.0000000e+00 
1.9111360e+00 1.7995431e-01 0.0000000e+00 
1.2975690e+00 9.4644032e-02 0.0000000e+00 
7.4613649e-01 2.3963641e-01 0.0000000e+00 
2.9362991e-01 4.1433749e-01 0.0000000e+00 
5.8357382e-01 3.0761179e-01 0.0000000e+00 
5.3191912e-01 3.7253350e-01 0.0000000e+00 
4.4445190e-01 8.4593862e-02 0.0000000e+00 
1.5468830e+00 4.5422599e-01 0.0000000e+00 
6.2926418e-01 2.7103639e-01 0.0000000e+00 
3.5220909e-01 2.8729489e-01 0.0000000e+00 
8.3805579e-01 3.3710629e-01 0.0000000e+00 
5.2616048e-01 4.0003020e-01 0.0000000e+00 
1.8064611e-01 5.2023911e-01 0.0000000e+00 
4.2505819e-01 3.3176431e-01 0.0000000e+00 
7.7968621e-01 5.0346297e-01 0.0000000e+00 
1.2679260e+00 4.6381779e-02 0.0000000e+00 
5.8107018e-01 2.9473820e-01 0.0000000e+00 
6.1925322e-01 3.3036381e-01 0.0000000e+00 
5.6537521e-01 2.5524691e-01 0.0000000e+00 
3.8967860e-01 6.5405212e-02 0.0000000e+00 
1.0865080e+00 2.3449360e-01 0.0000000e+00 
1.4042149e-01 9.9993236e-02 0.0000000e+00 
1.0030100e+00 3.5783571e-01 0.0000000e+00 
3.6067769e-01 3.0184039e-01 0.0000000e+00 
5.7885981e-01 3.8880101e-01 0.0000000e+00 
1.5990330e+00 4.4926330e-01 0.0000000e+00 
9.1439813e-02 3.7532219e-01 0.0000000e+00 
5.7995051e-01 1.7130360e-01 0.0000000e+00 
6.1258352e-01 2.5273019e-01 0.0000000e+00 
4.0172791e-01 2.2754180e-01 0.0000000e+00 
5.4750210e-01 9.9742994e-02 0.0000000e+00 
6.1311978e-01 2.0313910e-01 0.0000000e+00 
6.1223829e-01 2.2002740e-01 0.0000000e+00 
1.8586820e+00 3.2957241e-01 0.0000000e+00 
5.8738971e-01 3.7580970e-01 0.0000000e+00 
4.5219980e-02 4.4195049e-02 0.0000000e+00 
4.8124549e-01 2.2123460e-01 0.0000000e+00 
4.3828961e-02 5.5591398e-01 0.0000000e+00 
1.0568640e+00 1.9004630e-01 0.0000000e+00 
3.3193341e-01 4.4711831e-01 0.0000000e+00 
3.0378929e-01 4.4286191e-01 0.0000000e+00 
5.3415012e-01 1.2728420e-01 0.0000000e+00 
5.0386423e-01 2.1636350e-01 0.0000000e+00 
1.9116580e+00 4.2358989e-01 0.0000000e+00 
4.5517069e-01 3.6521810e-01 0.0000000e+00 
3.6732909e-01 3.6239621e-01 0.0000000e+00 
6.3041377e-01 3.0585691e-01 0.0000000e+00 
1.9569679e+00 4.3301821e-02 0.0000000e+00 
5.7146299e-01 4.8058590e-01 0.0000000e+00 
1.6484860e+00 5.1718348e-01 0.0000000e+00 
9.4670999e-01 1.8556410e-01 0.0000000e+00 
6.3752991e-01 4.6584189e-01 0.0000000e+00 
1.9572541e+00 5.5697870e-01 0.0000000e+00 
6.4813697e-01 2.4830820e-01 0.0000000e+00 
6.0179752e-01 3.7555191e-01 0.0000000e+00 
1.4364240e+00 4.6111640e-01 0.0000000e+00 
5.6217611e-01 3.5223660e-01 0.0000000e+00 
6.6050959e-01 4.3027630e-01 0.0000000e+00 
4.0468970e-01 5.1149738e-01 0.0000000e+00 
5.1506358e-01 2.0555650e-01 0.0000000e+00 
4.3334481e-01 1.8108650e-01 0.0000000e+00 
9.9962813e-01 1.8700930e-01 0.0000000e+00 
6.9131333e-01 1.1763480e-01 0.0000000e+00 
4.4599831e-01 1.8538959e-01 0.0000000e+00 
5.1551181e-01 4.8891029e-01 0.0000000e+00 
4.3754059e-01 5.8743980e-02 0.0000000e+00 
5.9589100e-01 3.4163511e-01 0.0000000e+00 
2.3624770e-01 5.2814358e-01 0.0000000e+00 
6.6953379e-01 3.7169310e-01 0.0000000e+00 
3.6865169e-01 3.9570969e-01 0.0000000e+00 
5.9758049e-01 1.9620110e-01 0.0000000e+00 
1.3329040e-01 5.1544452e-01 0.0000000e+00 
1.0515270e+00 3.5504949e-01 0.0000000e+00 
3.3392131e-01 6.8202123e-02 0.0000000e+00 
1.7869949e-01 8.1389397e-02 0.0000000e+00 
9.2706198e-01 1.4882250e-01 0.0000000e+00 
1.7000279e+00 5.1305068e-01 0.0000000e+00 
3.4774879e-01 2.6959679e-01 0.0000000e+00 
5.7002652e-01 3.3917850e-01 0.0000000e+00 
4.5571360e-01 1.7617980e-01 0.0000000e+00 
8.2389021e-01 8.1237279e-02 0.0000000e+00 
5.6977302e-01 4.0162051e-01 0.0000000e+00 
5.7622939e-01 9.1579817e-02 0.0000000e+00 
7.9520959e-01 1.9354109e-01 0.0000000e+00 
7.1731091e-01 1.9555099e-01 0.0000000e+00 
9.5533073e-01 4.0679529e-01 0.0000000e+00 
5.1722008e-01 4.1250920e-01 0.0000000e+00 
4.3116611e-01 5.4470932e-01 0.0000000e+00 
6.9998658e-01 1.5358570e-01 0.0000000e+00 
3.7607810e-01 2.2627370e-01 0.0000000e+00 
5.1978278e-01 3.9113960e-01 0.0000000e+00 
5.3689402e-01 2.1312129e-01 0.0000000e+00 
9.0401761e-02 2.1924180e-01 0.0000000e+00 
7.8513551e-01 3.6338761e-01 0.0000000e+00 
2.8628290e-01 5.2971011e-01 0.0000000e+00 
1.9101239e+00 1.3962340e-01 0.0000000e+00 
3.3938929e-01 1.5675519e-01 0.0000000e+00 
3.5365051e-01 1.4366330e-01 0.0000000e+00 
5.9640652e-01 1.7787141e-01 0.0000000e+00 
2.3996450e-01 3.0955619e-01 0.0000000e+00 
4.0130991e-01 5.3756779e-01 0.0000000e+00 
2.6203820e-01 3.9843059e-01 0.0000000e+00 
1.7610559e+00 5.1254529e-01 0.0000000e+00 
5.3923780e-01 6.9367118e-02 0.0000000e+00 
6.6389477e-01 2.7387929e-01 0.0000000e+00 
5.6400359e-01 1.6758190e-01 0.0000000e+00 
6.3302028e-01 3.3655259e-01 0.0000000e+00 
5.4254562e-01 3.6452681e-01 0.0000000e+00 
5.1293671e-01 2.8587131e-02 0.0000000e+00 
5.1246679e-01 1.8971939e-01 0.0000000e+00 

CELLS 1766 7064
3 0 870 123
3 1 882 70
3 2 887 79
3 3 872 114
3 4 193 35
3 4 516 193
3 5 516 4
3 6 184 5
3 6 612 184
3 7 612 6
3 8 183 7
3 8 799 183
3 9 799 8
3 10 615 9
3 11 335 10
3 11 521 335
3 12 521 11
3 13 311 12
3 13 515 311
3 14 515 13
3 15 312 14
3 15 511 312
3 16 511 15
3 17 308 16
3 17 510 308
3 18 510 17
3 19 301 18
3 19 529 301
3 20 529 19
3 21 124 20
3 21 517 124
3 22 517 21
3 23 277 22
3 23 503 277
3 24 503 23
3 25 266 24
3 25 533 266
3 26 533 25
3 27 269 26
3 27 616 269
3 28 616 27
3 29 513 28
3 30 241 29
3 30 512 241
3 31 512 30
3 32 214 31
3 32 514 214
3 33 514 32
3 34 215 33
3 34 726 215
3 35 726 34
3 36 870 0
3 37 747 36
3 38 155 37
3 38 603 155
3 39 603 38
3 40 130 39
3 40 547 130
3 41 547 40
3 41 619 547
3 42 619 41
3 43 142 42
3 43 812 142
3 44 812 43
3 44 943 597
3 45 943 44
3 46 145 45
3 46 159 145
3 47 159 46
3 48 140 47
3 48 555 140
3 49 555 48
3 49 557 555
3 50 557 49
3 51 126 50
3 51 800 126
3 52 800 51
3 52 816 800
3 53 816 52
3 54 131 53
3 54 663 131
3 55 663 54
3 55 718 663
3 56 718 55
3 57 127 56
3 57 780 127
3 58 780 57
3 58 850 780
3 59 850 58
3 60 148 59
3 60 700 148
3 61 700 60
3 62 128 61
3 62 701 128
3 63 701 62
3 63 744 701
3 64 744 63
3 65 136 64
3 65 613 136
3 66 613 65
3 66 772 613
3 67 772 66
3 68 144 67
3 68 715 144
3 69 715 68
3 70 157 69
3 70 882 157
3 71 882 1
3 72 757 71
3 73 154 72
3 73 674 154
3 74 674 73
3 75 139 74
3 75 676 139
3 76 676 75
3 77 147 76
3 77 662 147
3 78 662 77
3 79 156 78
3 79 887 156
3 80 887 2
3 81 766 80
3 82 706 81
3 83 151 82
3 83 702 151
3 84 702 83
3 85 129 84
3 85 703 129
3 86 703 85
3 87 697 86
3 88 137 87
3 88 756 137
3 89 756 88
3 90 149 89
3 90 653 149
3 91 653 90
3 92 134 91
3 92 673 134
3 93 673 92
3 94 150 93
3 94 675 150
3 95 675 94
3 96 135 95
3 96 624 135
3 97 624 96
3 98 623 97
3 99 125 98
3 99 607 125
3 100 607 99
3 100 736 607
3 101 736 100
3 102 138 101
3 102 566 138
3 103 566 102
3 103 583 566
3 104 583 103
3 105 143 104
3 105 611 143
3 106 611 105
3 106 745 611
3 107 745 106
3 108 141 107
3 108 544 141
3 109 544 108
3 110 543 109
3 111 132 110
3 111 605 132
3 112 605 111
3 113 153 112
3 113 754 153
3 114 754 113
3 114 872 754
3 115 872 3
3 116 158 115
3 116 635 158
3 117 635 116
3 118 146 117
3 118 604 146
3 119 604 118
3 120 133 119
3 120 609 133
3 121 609 120
3 122 152 121
3 122 650 152
3 123 650 122
3 123 870 650
3 124 529 20
3 124 658 529
3 124 817 658
3 125 623 98
3 125 735 623
3 125 782 735
3 126 557 50
3 126 558 557
3 126 559 558
3 126 915 559
3 127 718 56
3 127 804 670
3 128 700 61
3 128 786 700
3 129 702 84
3 129 911 702
3 130 603 39
3 130 610 525
3 130 811 603
3 131 816 53
3 132 543 110
3 132 929 543
3 133 604 119
3 133 734 604
3 133 814 734
3 133 927 814
3 134 653 91
3 134 673 647
3 135 675 95
3 136 613 545
3 136 744 64
3 137 697 87
3 137 698 697
3 137 823 698
3 138 736 101
3 139 674 74
3 139 768 454
3 140 159 47
3 140 160 159
3 140 161 160
3 140 555 161
3 141 745 107
3 141 922 745
3 141 935 922
3 142 619 42
3 142 854 619
3 142 900 640
3 143 583 104
3 143 777 583
3 143 808 634
3 144 740 532
3 144 772 67
3 145 938 830
3 145 943 45
3 146 635 117
3 146 748 635
3 146 861 748
3 147 676 76
3 147 730 676
3 147 878 730
3 148 850 59
3 149 756 89
3 150 673 93
3 150 675 632
3 151 706 82
3 151 937 504
3 152 609 121
3 152 746 609
3 153 605 112
3 153 847 605
3 153 906 847
3 154 757 72
3 154 930 757
3 155 747 37
3 155 856 747
3 155 909 856
3 156 662 78
3 156 711 662
3 156 766 711
3 156 887 766
3 157 715 69
3 157 716 715
3 157 757 716
3 157 882 757
3 158 872 115
3 159 542 145
3 160 542 159
3 160 917 542
3 161 162 160
3 161 760 162
3 162 163 160
3 162 164 163
3 162 165 164
3 162 760 165
3 163 917 160
3 164 187 163
3 164 506 187
3 165 166 164
3 165 167 166
3 165 253 167
3 165 760 253
3 166 506 164
3 166 933 506
3 167 168 166
3 167 169 168
3 167 793 169
3 168 227 166
3 168 866 227
3 169 170 168
3 169 171 170
3 169 188 171
3 169 793 188
3 170 508 168
3 171 172 170
3 171 173 172
3 171 801 173
3 172 244 170
3 172 888 244
3 173 174 172
3 173 175 174
3 173 813 175
3 174 888 172
3 174 939 524
3 175 176 174
3 175 177 176
3 175 178 177
3 175 813 178
3 176 939 174
3 177 180 176
3 177 791 180
3 178 179 177
3 178 181 179
3 178 837 181
3 179 791 177
3 180 191 176
3 180 192 191
3 180 831 192
3 181 182 179
3 181 185 182
3 181 245 185
3 181 837 245
3 182 781 179
3 183 612 7
3 183 799 696
3 183 853 612
3 184 516 5
3 184 612 501
3 184 826 516
3 185 186 182
3 185 189 186
3 185 759 189
3 186 222 182
3 186 845 222
3 187 361 163
3 187 769 361
3 187 792 769
3 188 801 171
3 188 919 801
3 188 923 599
3 189 190 186
3 189 194 190
3 189 243 194
3 189 759 243
3 190 845 186
3 191 523 176
3 192 201 191
3 192 202 201
3 192 203 202
3 192 831 203
3 193 726 35
3 193 839 456
3 193 851 839
3 194 195 190
3 194 196 195
3 194 739 196
3 195 588 190
3 196 197 195
3 196 198 197
3 196 729 198
3 196 739 729
3 197 242 195
3 197 857 242
3 198 199 197
3 198 200 199
3 198 259 200
3 198 729 259
3 199 857 197
3 199 907 857
3 200 216 199
3 200 217 216
3 200 855 217
3 201 232 191
3 201 460 232
3 201 941 460
3 202 204 201
3 202 205 204
3 202 903 205
3 203 831 589
3 203 903 202
3 204 941 201
3 205 206 204
3 205 207 206
3 205 797 207
3 205 903 797
3 206 341 204
3 206 805 341
3 207 208 206
3 207 209 208
3 207 211 209
3 207 797 211
3 208 805 206
3 208 889 805
3 209 210 208
3 209 212 210
3 209 810 212
3 210 344 208
3 210 530 344
3 211 797 761
3 211 810 209
3 211 892 810
3 212 213 210
3 212 220 213
3 212 257 220
3 212 810 257
3 213 530 210
3 214 512 31
3 214 891 825
3 214 942 512
3 215 514 33
3 215 913 514
3 216 907 199
3 217 218 216
3 217 219 218
3 217 824 219
3 217 855 824
3 218 345 216
3 218 651 345
3 219 223 218
3 219 224 223
3 219 258 224
3 219 824 258
3 220 221 213
3 220 254 221
3 220 821 254
3 221 239 213
3 221 240 239
3 221 775 240
3 222 781 182
3 222 845 586
3 222 928 781
3 223 651 218
3 224 225 223
3 224 226 225
3 224 728 226
3 225 352 223
3 225 731 352
3 226 228 225
3 226 229 228
3 226 693 229
3 226 728 693
3 227 933 166
3 228 731 225
3 229 230 228
3 229 231 230
3 229 256 231
3 229 693 256
3 230 356 228
3 230 783 356
3 231 233 230
3 231 234 233
3 231 720 234
3 232 523 191
3 232 621 523
3 232 881 621
3 233 783 230
3 234 235 233
3 234 236 235
3 234 694 236
3 234 720 694
3 235 366 233
3 235 707 366
3 236 237 235
3 236 238 237
3 236 252 238
3 236 694 252
3 237 707 235
3 238 246 237
3 238 247 246
3 238 714 247
3 239 530 213
3 239 916 530
3 240 260 239
3 240 261 260
3 240 262 261
3 240 775 262
3 241 513 29
3 241 614 513
3 241 840 614
3 242 588 195
3 242 737 588
3 242 857 630
3 242 920 737
3 243 739 194
3 243 758 739
3 243 759 563
3 244 508 170
3 244 725 724
3 244 867 508
3 244 888 725
3 245 601 600
3 245 759 185
3 245 837 601
3 245 918 759
3 246 360 237
3 246 704 360
3 247 248 246
3 247 249 248
3 247 250 249
3 247 714 250
3 248 704 246
3 249 255 248
3 249 719 255
3 250 251 249
3 250 342 251
3 250 709 342
3 250 714 709
3 251 719 249
3 252 694 681
3 252 714 238
3 253 793 167
3 253 923 793
3 254 775 221
3 254 821 643
3 254 883 775
3 255 377 248
3 255 378 377
3 255 382 378
3 255 719 382
3 256 686 684
3 256 693 686
3 256 720 231
3 257 810 587
3 257 821 220
3 257 886 821
3 258 728 224
3 258 809 690
3 258 824 809
3 259 855 200
3 259 873 855
3 259 896 873
3 260 346 239
3 260 438 346
3 260 459 438
3 261 459 260
3 262 263 261
3 262 435 263
3 262 436 435
3 262 775 436
3 263 264 261
3 263 265 264
3 263 790 265
3 264 459 261
3 264 921 459
3 265 267 264
3 265 268 267
3 265 270 268
3 265 790 270
3 266 503 24
3 266 620 503
3 266 879 620
3 267 354 264
3 267 355 354
3 267 659 355
3 268 659 267
3 269 533 26
3 269 722 502
3 270 271 268
3 270 326 271
3 270 327 326
3 270 790 327
3 271 272 268
3 271 273 272
3 271 771 273
3 272 659 268
3 272 828 659
3 273 274 272
3 273 275 274
3 273 806 275
3 274 732 272
3 275 276 274
3 275 278 276
3 275 339 278
3 275 806 339
3 276 340 274
3 276 528 340
3 277 517 22
3 277 848 517
3 278 279 276
3 278 280 279
3 278 820 280
3 279 528 276
3 280 281 279
3 280 282 281
3 280 316 282
3 280 820 316
3 281 314 279
3 281 904 314
3 282 283 281
3 282 284 283
3 282 874 284
3 283 904 281
3 284 285 283
3 284 838 285
3 284 875 838
3 285 286 283
3 285 287 286
3 285 296 287
3 285 838 296
3 286 540 283
3 287 288 286
3 287 289 288
3 287 774 289
3 288 539 286
3 289 290 288
3 289 291 290
3 289 774 291
3 290 317 288
3 290 535 317
3 291 292 290
3 291 293 292
3 291 304 293
3 291 774 304
3 292 535 290
3 292 536 535
3 293 294 292
3 293 295 294
3 293 818 295
3 294 536 292
3 295 297 294
3 295 305 297
3 295 322 305
3 295 818 322
3 296 774 287
3 296 936 712
3 297 298 294
3 297 299 298
3 297 742 299
3 298 536 294
3 298 912 536
3 299 300 298
3 299 302 300
3 299 787 302
3 300 315 298
3 300 467 315
3 300 924 467
3 301 510 18
3 301 834 510
3 302 303 300
3 302 306 303
3 302 313 306
3 302 787 313
3 303 924 300
3 304 774 713
3 304 818 293
3 304 934 818
3 305 742 297
3 306 307 303
3 306 309 307
3 306 798 309
3 307 321 303
3 307 660 321
3 308 511 16
3 308 822 511
3 309 310 307
3 309 318 310
3 309 320 318
3 309 798 320
3 310 660 307
3 310 767 660
3 311 521 12
3 311 871 622
3 311 877 521
3 312 515 14
3 312 531 515
3 312 764 531
3 313 787 548
3 313 798 306
3 313 931 798
3 314 528 279
3 314 727 528
3 314 803 727
3 314 904 803
3 315 912 298
3 316 755 602
3 316 820 755
3 316 874 282
3 317 539 288
3 317 796 539
3 318 319 310
3 318 328 319
3 318 638 328
3 319 767 310
3 319 895 767
3 320 638 318
3 320 932 552
3 321 864 784
3 321 924 303
3 322 323 305
3 322 324 323
3 322 637 324
3 322 818 637
3 323 551 305
3 324 325 323
3 324 367 325
3 324 368 367
3 324 637 368
3 325 350 323
3 325 371 350
3 325 773 371
3 326 771 271
3 327 359 326
3 327 402 359
3 327 899 402
3 328 329 319
3 328 832 329
3 329 330 319
3 329 331 330
3 329 332 331
3 329 832 332
3 330 895 319
3 330 898 895
3 330 914 898
3 331 914 330
3 332 333 331
3 332 336 333
3 332 369 336
3 332 832 369
3 333 334 331
3 333 337 334
3 333 779 337
3 334 751 331
3 335 615 10
3 335 750 615
3 336 779 333
3 337 338 334
3 337 347 338
3 337 348 347
3 337 779 348
3 338 351 334
3 338 461 351
3 338 944 461
3 339 806 641
3 339 820 278
3 340 732 274
3 340 833 661
3 341 776 738
3 341 805 776
3 341 941 204
3 342 343 251
3 342 375 343
3 342 376 375
3 342 709 376
3 343 353 251
3 343 373 353
3 343 710 373
3 344 889 208
3 345 633 628
3 345 651 633
3 345 907 216
3 346 916 239
3 347 349 338
3 347 362 349
3 347 794 362
3 348 779 733
3 348 794 347
3 348 876 794
3 349 944 338
3 350 551 323
3 351 751 334
3 352 648 646
3 352 651 223
3 352 731 648
3 353 719 251
3 353 723 719
3 354 921 264
3 355 357 354
3 355 379 357
3 355 380 379
3 355 659 380
3 356 731 228
3 356 752 731
3 356 783 656
3 357 358 354
3 357 789 358
3 358 921 354
3 358 925 846
3 359 372 326
3 359 401 372
3 359 815 401
3 360 707 237
3 360 842 707
3 360 860 842
3 361 917 163
3 362 363 349
3 362 364 363
3 362 431 364
3 362 794 431
3 363 374 349
3 363 527 374
3 364 365 363
3 364 384 365
3 364 940 384
3 365 527 363
3 366 783 233
3 366 890 656
3 367 773 325
3 368 406 367
3 368 407 406
3 368 409 407
3 368 637 409
3 369 370 336
3 369 832 639
3 369 841 370
3 370 403 336
3 370 405 403
3 370 424 405
3 370 841 424
3 371 392 350
3 371 457 392
3 371 458 457
3 371 773 458
3 372 771 326
3 373 422 353
3 373 454 422
3 373 455 454
3 373 710 455
3 374 944 349
3 375 710 343
3 376 394 375
3 376 545 394
3 376 546 545
3 376 709 546
3 377 704 248
3 378 445 377
3 378 705 445
3 379 430 357
3 379 722 430
3 380 381 379
3 380 432 381
3 380 828 432
3 381 722 379
3 382 383 378
3 382 399 383
3 382 723 399
3 383 705 378
3 384 385 365
3 384 541 385
3 384 862 541
3 384 940 862
3 385 386 365
3 385 387 386
3 385 795 387
3 386 527 365
3 386 926 527
3 387 388 386
3 387 389 388
3 387 390 389
3 387 795 390
3 388 400 386
3 388 444 400
3 388 696 444
3 389 696 388
3 390 391 389
3 390 395 391
3 390 447 395
3 390 795 447
3 391 608 389
3 392 393 350
3 392 525 393
3 392 811 525
3 393 551 350
3 394 532 375
3 394 772 532
3 395 396 391
3 395 724 396
3 395 867 724
3 396 397 391
3 396 398 397
3 396 863 398
3 397 608 391
3 398 417 397
3 398 418 417
3 398 419 418
3 398 863 419
3 399 404 383
3 399 730 404
3 399 868 730
3 400 926 386
3 401 534 372
3 401 815 745
3 401 922 534
3 402 815 359
3 402 899 537
3 403 779 336
3 404 504 383
3 404 711 504
3 404 878 711
3 405 434 403
3 405 830 434
3 406 408 367
3 406 814 408
3 407 734 406
3 408 773 367
3 408 927 746
3 409 410 407
3 409 411 410
3 409 713 411
3 409 934 713
3 410 437 407
3 410 778 437
3 411 412 410
3 411 413 412
3 411 712 413
3 411 713 712
3 412 778 410
3 413 414 412
3 413 415 414
3 413 657 415
3 413 936 657
3 414 416 412
3 414 749 416
3 415 423 414
3 415 518 423
3 415 519 518
3 415 657 519
3 416 749 636
3 416 778 412
3 417 501 397
3 417 826 501
3 418 420 417
3 418 421 420
3 418 753 421
3 419 753 418
3 419 843 753
3 419 863 725
3 420 826 417
3 420 851 826
3 421 425 420
3 421 426 425
3 421 443 426
3 421 753 443
3 422 723 353
3 422 868 723
3 423 749 414
3 423 847 749
3 423 902 847
3 424 597 405
3 424 812 597
3 424 900 812
3 425 851 420
3 426 427 425
3 426 428 427
3 426 765 428
3 427 839 425
3 428 429 427
3 428 738 429
3 428 852 738
3 429 456 427
3 429 743 456
3 429 901 743
3 430 616 513
3 430 722 616
3 430 789 357
3 431 794 769
3 431 940 364
3 432 433 381
3 432 661 433
3 432 732 661
3 432 828 732
3 433 502 381
3 433 509 502
3 433 592 509
3 433 661 592
3 434 733 403
3 434 865 733
3 434 938 865
3 435 790 263
3 435 899 790
3 436 537 435
3 436 538 537
3 436 883 538
3 437 734 407
3 437 861 604
3 438 439 346
3 438 442 439
3 438 846 442
3 439 440 346
3 439 441 440
3 439 617 441
3 440 916 346
3 441 448 440
3 441 449 448
3 441 825 449
3 442 617 439
3 442 840 617
3 442 925 614
3 443 753 621
3 443 765 426
3 443 881 765
3 444 750 400
3 444 799 615
3 445 446 377
3 445 911 446
3 445 937 911
3 446 704 377
3 446 860 704
3 446 884 699
3 446 911 884
3 447 867 395
3 447 905 866
3 448 859 440
3 448 869 859
3 449 450 448
3 449 451 450
3 449 891 451
3 450 869 448
3 451 452 450
3 451 743 452
3 451 913 743
3 452 453 450
3 452 776 453
3 452 901 776
3 453 869 450
3 453 889 869
3 454 674 139
3 454 768 422
3 454 835 674
3 455 740 716
3 455 835 454
3 455 930 835
3 456 726 193
3 456 839 427
3 456 913 726
3 457 811 392
3 457 909 811
3 458 746 717
3 458 773 746
3 458 856 457
3 459 846 438
3 459 921 846
3 460 852 765
3 460 881 232
3 460 941 852
3 461 462 351
3 461 466 462
3 461 944 466
3 462 463 351
3 462 464 463
3 462 622 464
3 463 751 351
3 464 465 463
3 464 531 465
3 464 871 531
3 465 507 463
3 465 827 507
3 466 622 462
3 466 877 622
3 466 894 877
3 466 944 894
3 467 468 315
3 467 741 468
3 467 784 741
3 467 924 784
3 468 469 315
3 468 470 469
3 468 471 470
3 468 741 471
3 469 912 315
3 470 763 469
3 471 472 470
3 471 485 472
3 471 486 485
3 471 741 486
3 472 473 470
3 472 474 473
3 472 606 474
3 473 763 470
3 474 475 473
3 474 596 475
3 474 658 596
3 475 476 473
3 475 477 476
3 475 478 477
3 475 596 478
3 476 763 473
3 476 858 763
3 477 642 476
3 477 796 642
3 478 479 477
3 478 480 479
3 478 484 480
3 478 596 484
3 479 796 477
3 480 481 479
3 480 482 481
3 480 595 482
3 481 483 479
3 481 802 483
3 482 489 481
3 482 490 489
3 482 491 490
3 482 595 491
3 483 796 479
3 483 880 539
3 484 595 480
3 484 848 595
3 485 606 472
3 485 834 606
3 486 487 485
3 486 488 487
3 486 494 488
3 486 741 494
3 487 721 510
3 487 834 485
3 488 721 487
3 489 802 481
3 489 803 802
3 490 727 489
3 491 492 490
3 491 620 492
3 491 788 620
3 492 493 490
3 492 592 493
3 492 620 509
3 493 727 490
3 493 833 528
3 494 495 488
3 494 864 495
3 495 496 488
3 495 497 496
3 495 829 497
3 495 864 829
3 496 721 488
3 496 822 721
3 497 498 496
3 497 499 498
3 497 500 499
3 497 829 500
3 498 822 496
3 499 644 498
3 499 827 644
3 500 505 499
3 500 767 505
3 500 829 660
3 501 608 397
3 501 826 184
3 501 853 608
3 502 533 269
3 502 722 381
3 502 879 533
3 503 788 277
3 504 705 383
3 504 706 151
3 504 711 706
3 504 937 705
3 505 827 499
3 505 898 827
3 506 792 187
3 506 862 792
3 506 933 862
3 507 751 463
3 507 914 751
3 508 866 168
3 508 867 866
3 509 592 492
3 509 879 502
3 510 721 308
3 510 834 487
3 511 764 312
3 511 822 764
3 512 840 241
3 512 942 840
3 513 616 28
3 513 789 430
3 514 891 214
3 514 913 891
3 515 871 311
3 516 851 193
3 517 817 124
3 517 848 817
3 518 902 423
3 518 929 902
3 519 520 518
3 519 602 520
3 519 875 602
3 520 602 593
3 520 929 518
3 521 522 335
3 521 877 522
3 522 750 335
3 522 785 750
3 522 894 785
3 523 621 524
3 523 939 176
3 524 843 725
3 524 888 174
3 524 939 523
3 525 526 393
3 525 610 526
3 525 811 130
3 526 548 393
3 526 549 548
3 526 550 549
3 526 610 550
3 527 785 374
3 527 926 785
3 528 727 493
3 528 833 340
3 529 658 606
3 529 834 301
3 530 859 344
3 530 916 859
3 531 644 465
3 531 764 644
3 531 871 515
3 532 710 375
3 532 740 710
3 532 772 144
3 533 879 266
3 534 641 372
3 534 893 641
3 534 935 893
3 535 642 317
3 535 858 642
3 536 844 535
3 536 912 844
3 537 634 402
3 537 899 435
3 538 634 537
3 538 777 634
3 538 883 643
3 539 540 286
3 539 796 483
3 539 880 540
3 540 880 802
3 540 904 283
3 541 795 385
3 541 905 795
3 541 933 905
3 542 917 865
3 542 938 145
3 543 544 109
3 543 593 544
3 543 929 593
3 544 935 141
3 545 613 394
3 545 677 136
3 546 677 545
3 546 678 677
3 546 695 678
3 546 709 695
3 547 610 130
3 547 908 610
3 548 551 393
3 548 787 551
3 548 931 313
3 549 931 548
3 549 932 931
3 550 552 549
3 550 553 552
3 550 908 553
3 551 742 305
3 551 787 742
3 552 638 320
3 552 932 549
3 553 554 552
3 553 854 554
3 553 908 619
3 554 638 552
3 554 639 638
3 554 640 639
3 554 854 640
3 555 556 161
3 555 557 556
3 556 760 161
3 556 897 760
3 557 558 556
3 558 897 556
3 559 560 558
3 559 561 560
3 559 562 561
3 559 915 562
3 560 598 558
3 560 599 598
3 560 600 599
3 561 600 560
3 561 918 600
3 562 563 561
3 562 564 563
3 562 565 564
3 562 915 565
3 563 758 243
3 563 759 561
3 564 758 563
3 564 910 758
3 565 669 564
3 565 816 669
3 565 915 800
3 566 567 138
3 566 582 567
3 566 583 582
3 567 568 138
3 567 569 568
3 567 585 569
3 568 736 138
3 569 570 568
3 569 584 570
3 569 587 584
3 569 886 587
3 570 571 568
3 570 572 571
3 570 573 572
3 570 584 573
3 571 736 568
3 571 849 607
3 572 849 571
3 573 574 572
3 573 575 574
3 573 579 575
3 573 584 579
3 574 576 572
3 574 577 576
3 574 618 577
3 575 618 574
3 576 849 572
3 577 578 576
3 577 580 578
3 577 586 580
3 577 618 586
3 578 782 576
3 579 589 575
3 579 762 589
3 580 581 578
3 580 737 581
3 581 735 578
3 581 737 629
3 582 585 567
3 582 643 585
3 582 777 643
3 583 777 582
3 584 761 579
3 584 892 761
3 585 886 569
3 586 588 580
3 586 845 588
3 586 928 222
3 587 886 257
3 587 892 584
3 588 737 580
3 588 845 190
3 589 590 575
3 589 591 590
3 589 762 203
3 589 831 591
3 590 618 575
3 590 928 618
3 591 781 590
3 591 791 781
3 591 831 791
3 592 833 493
3 593 594 544
3 593 755 594
3 593 929 520
3 594 935 544
3 595 788 491
3 595 848 788
3 596 817 484
3 597 812 44
3 597 830 405
3 597 943 830
3 598 897 558
3 598 923 897
3 599 919 188
3 599 923 598
3 600 601 599
3 600 918 245
3 601 813 801
3 601 837 813
3 601 919 599
3 602 755 593
3 602 874 316
3 602 875 874
3 603 909 155
3 604 734 437
3 604 861 146
3 605 902 132
3 606 658 474
3 606 834 529
3 607 736 571
3 607 782 125
3 607 849 782
3 608 696 389
3 608 853 696
3 609 927 133
3 610 908 550
3 611 808 143
3 611 815 808
3 612 853 501
3 613 772 394
3 614 789 513
3 614 840 442
3 614 925 789
3 615 750 444
3 615 799 9
3 616 722 269
3 617 825 441
3 617 942 825
3 618 928 586
3 619 854 553
3 619 908 547
3 620 788 503
3 620 879 509
3 621 843 524
3 621 881 443
3 622 871 464
3 622 877 311
3 623 624 97
3 623 631 624
3 623 735 631
3 624 625 135
3 624 631 625
3 625 626 135
3 625 627 626
3 625 629 627
3 625 631 629
3 626 675 135
3 627 628 626
3 627 652 628
3 628 632 626
3 628 633 632
3 628 652 345
3 629 630 627
3 629 631 581
3 629 920 630
3 630 652 627
3 630 857 652
3 630 920 242
3 631 735 581
3 632 645 150
3 632 675 626
3 633 645 632
3 633 646 645
3 633 651 646
3 634 777 143
3 634 808 402
3 635 636 158
3 635 748 636
3 636 748 416
3 636 754 158
3 636 906 754
3 637 934 409
3 638 639 328
3 639 832 328
3 639 841 369
3 640 841 639
3 640 854 142
3 640 900 841
3 641 771 372
3 641 806 771
3 641 807 339
3 641 893 807
3 642 796 317
3 642 858 476
3 643 777 538
3 643 821 585
3 643 883 254
3 644 764 498
3 644 827 465
3 645 673 150
3 646 647 645
3 646 648 647
3 646 651 352
3 647 649 134
3 647 673 645
3 648 649 647
3 648 752 649
3 649 653 134
3 649 654 653
3 649 752 654
3 650 717 152
3 650 747 717
3 650 870 747
3 652 907 345
3 653 654 149
3 654 655 149
3 654 656 655
3 654 752 656
3 655 756 149
3 655 823 756
3 655 890 823
3 656 752 356
3 656 783 366
3 656 890 655
3 657 875 519
3 657 936 838
3 658 817 596
3 659 828 380
3 660 767 500
3 660 829 321
3 661 732 340
3 661 833 592
3 662 878 147
3 663 664 131
3 663 665 664
3 663 718 665
3 664 669 131
3 665 666 664
3 665 667 666
3 665 670 667
3 665 718 670
3 666 668 664
3 666 896 668
3 667 873 666
3 668 669 664
3 668 896 885
3 668 910 669
3 669 816 131
3 669 910 564
3 670 671 667
3 670 718 127
3 670 804 671
3 671 672 667
3 671 804 691
3 671 809 672
3 672 873 667
3 674 835 154
3 676 768 139
3 677 744 136
3 678 679 677
3 678 680 679
3 678 681 680
3 678 695 681
3 679 744 677
3 679 770 701
3 680 770 679
3 681 682 680
3 681 694 682
3 681 695 252
3 682 683 680
3 682 684 683
3 682 720 684
3 683 770 680
3 683 786 770
3 684 685 683
3 684 686 685
3 684 720 256
3 685 786 683
3 685 819 786
3 686 687 685
3 686 688 687
3 686 693 688
3 687 819 685
3 687 836 819
3 688 689 687
3 688 690 689
3 688 728 690
3 689 836 687
3 690 691 689
3 690 728 258
3 690 809 691
3 691 692 689
3 691 804 692
3 691 809 671
3 692 804 780
3 692 836 689
3 692 850 836
3 693 728 688
3 694 720 682
3 695 714 252
3 696 799 444
3 696 853 183
3 697 703 86
3 698 699 697
3 698 823 708
3 698 842 699
3 699 703 697
3 699 860 446
3 699 884 703
3 700 819 148
3 701 744 679
3 701 770 128
3 702 937 151
3 703 884 129
3 704 860 360
3 705 937 445
3 706 766 81
3 707 708 366
3 707 842 708
3 708 842 698
3 708 890 366
3 709 714 695
3 710 740 455
3 711 766 706
3 711 878 662
3 712 774 296
3 712 936 413
3 713 774 712
3 713 934 304
3 715 740 144
3 716 740 715
3 716 930 455
3 717 746 152
3 717 856 458
3 719 723 382
3 721 822 308
3 723 868 399
3 724 863 396
3 724 867 244
3 725 843 419
3 725 863 724
3 725 888 524
3 726 913 215
3 727 803 489
3 729 896 259
3 730 768 676
3 730 868 768
3 730 878 404
3 731 752 648
3 732 828 272
3 733 779 403
3 733 876 348
3 734 814 406
3 735 782 578
3 737 920 629
3 738 852 341
3 738 901 429
3 739 885 729
3 741 784 494
3 742 787 299
3 743 901 452
3 743 913 456
3 745 815 611
3 745 922 401
3 746 773 408
3 746 927 609
3 747 856 717
3 747 870 36
3 748 778 416
3 748 861 778
3 749 906 636
3 750 926 400
3 751 914 331
3 753 843 621
3 754 872 158
3 754 906 153
3 755 807 594
3 755 820 807
3 756 823 137
3 757 882 71
3 757 930 716
3 758 885 739
3 758 910 885
3 759 918 561
3 760 897 253
3 761 762 579
3 761 797 762
3 761 892 211
3 762 903 203
3 763 844 469
3 763 858 844
3 764 822 498
3 765 852 428
3 765 881 460
3 766 887 80
3 767 895 505
3 768 868 422
3 769 792 431
3 769 865 361
3 769 876 865
3 770 786 128
3 771 806 273
3 775 883 436
3 776 805 453
3 776 901 738
3 778 861 437
3 780 804 127
3 780 850 692
3 781 791 179
3 781 928 590
3 782 849 576
3 784 864 494
3 784 924 321
3 785 894 374
3 785 926 750
3 786 819 700
3 788 848 277
3 789 925 358
3 790 899 327
3 791 831 180
3 792 940 431
3 793 923 188
3 794 876 769
3 795 905 447
3 797 903 762
3 798 932 320
3 800 816 565
3 800 915 126
3 801 813 173
3 801 919 601
3 802 803 540
3 802 880 483
3 803 904 540
3 805 889 453
3 807 820 339
3 807 893 594
3 808 815 402
3 809 824 672
3 810 892 587
3 811 909 603
3 812 900 142
3 813 837 178
3 814 927 408
3 817 848 484
3 818 934 637
3 819 836 148
3 821 886 585
3 823 890 708
3 824 855 672
3 825 891 449
3 825 942 214
3 826 851 516
3 827 898 507
3 829 864 321
3 830 938 434
3 830 943 145
3 835 930 154
3 836 850 148
3 838 875 657
3 838 936 296
3 839 851 425
3 840 942 617
3 841 900 424
3 842 860 699
3 844 858 535
3 844 912 469
3 846 921 358
3 846 925 442
3 847 902 605
3 847 906 749
3 852 941 341
3 855 873 672
3 856 909 457
3 857 907 652
3 859 869 344
3 859 916 440
3 862 933 541
3 862 940 792
3 865 876 733
3 865 917 361
3 865 938 542
3 866 867 447
3 866 905 227
3 869 889 344
3 873 896 666
3 874 875 284
3 877 894 522
3 884 911 129
3 885 896 729
3 885 910 668
3 891 913 451
3 893 935 594
3 894 944 374
3 895 898 505
3 897 923 253
3 898 914 507
3 902 929 132
3 905 933 227
3 911 937 702
3 922 935 534
3 931 932 798

CELL_TYPES 1766
5
5
5
5
5
5
5
5
5
5
5
5
5
5
5
5
5
5
5
5
5
5
5
5
5
5
5
5
5
5
5
5
5
5
5
5
5
5
5
5
5
5
5
5
5
5
5
5
5
5
5
5
5
5
5
5
5
5
5
5
5
5
5
5
5
5
5
5
5
5
5
5
5
5
5
5
5
5
5
5
5
5
5
5
5
5
5
5
5
5
5
5
5
5
5
5
5
5
5
5
5
5
5
5
5
5
5
5
5
5
5
5
5
5
5
5
5
5
5
5
5
5
5
5
5
5
5
5
5
5
5
5
5
5
5
5
5
5
5
5
5
5
5
5
5
5
5
5
5
5
5
5
5
5
5
5
5
5
5
5
5
5
5
5
5
5
5
5
5
5
5
5
5
5
5
5
5
5
5
5
5
5
5
5
5
5
5
5
5
5
5
5
5
5
5
5
5
5
5
5
5
5
5
5
5
5
5
5
5
5
5
5
5
5
5
5
5
5
5
5
5
5
5
5
5
5
5
5
5
5
5
5
5
5
5
5
5
5
5
5
5
5
5
5
5
5
5
5
5
5
5
5
5
5
5
5
5
5
5
5
5
5
5
5
5
5
5
5
5
5
5
5
5
5
5
5
5
5
5
5
5
5
5
5
5
5
5
5
5
5
5
5
5
5
5
5
5
5
5
5
5
5
5
5
5
5
5
5
5
5
5
5
5
5
5
5
5
5
5
5
5
5
5
5
5
5
5
5
5
5
5
5
5
5
5
5
5
5
5
5
5
5
5
5
5
5
5
5
5
5
5
5
5
5
5
5
5
5
5
5
5
5
5
5
5
5
5
5
5
5
5
5
5
5
5
5
5
5
5
5
5
5
5
5
5
5
5
5
5
5
5
5
5
5
5
5
5
5
5
5
5
5
5
5
5
5
5
5
5
5
5
5
5
5
5
5
5
5
5
5
5
5
5
5
5
5
5
5
5
5
5
5
5
5
5
5
5
5
5
5
5
5
5
5
5
5
5
5
5
5
5
5
5
5
5
5
5
5
5
5
5
5
5
5
5
5
5
5
5
5
5
5
5
5
5
5
5
5
5
5
5
5
5
5
5
5
5
5
5
5
5
5
5
5
5
5
5
5
5
5
5
5
5
5
5
5
5
5
5
5
5
5
5
5
5
5
5
5
5
5
5
5
5
5
5
5
5
5
5
5
5
5
5
5
5
5
5
5
5
5
5
5
5
5
5
5
5
5
5
5
5
5
5
5
5
5
5
5
5
5
5
5
5
5
5
5
5
5
5
5
5
5
5
5
5
5
5
5
5
5
5
5
5
5
5
5
5
5
5
5
5
5
5
5
5
5
5
5
5
5
5
5
5
5
5
5
5
5
5
5
5
5
5
5
5
5
5
5
5
5
5
5
5
5
5
5
5
5
5
5
5
5
5
5
5
5
5
5
5
5
5
5
5
5
5
5
5
5
5
5
5
5
5
5
5
5
5
5
5
5
5
5
5
5
5
5
5
5
5
5
5
5
5
5
5
5
5
5
5
5
5
5
5
5
5
5
5
5
5
5
5
5
5
5
5
5
5
5
5
5
5
5
5
5
5
5
5
5
5
5
5
5
5
5
5
5
5
5
5
5
5
5
5
5
5
5
5
5
5
5
5
5
5
5
5
5
5
5
5
5
5
5
5
5
5
5
5
5
5
5
5
5
5
5
5
5
5
5
5
5
5
5
5
5
5
5
5
5
5
5
5
5
5
5
5
5
5
5
5
5
5
5
5
5
5
5
5
5
5
5
5
5
5
5
5
5
5
5
5
5
5
5
5
5
5
5
5
5
5
5
5
5
5
5
5
5
5
5
5
5
5
5
5
5
5
5
5
5
5
5
5
5
5
5
5
5
5
5
5
5
5
5
5
5
5
5
5
5
5
5
5
5
5
5
5
5
5
5
5
5
5
5
5
5
5
5
5
5
5
5
5
5
5
5
5
5
5
5
5
5
5
5
5
5
5
5
5
5
5
5
5
5
5
5
5
5
5
5
5
5
5
5
5
5
5
5
5
5
5
5
5
5
5
5
5
5
5
5
5
5
5
5
5
5
5
5
5
5
5
5
5
5
5
5
5
5
5
5
5
5
5
5
5
5
5
5
5
5
5
5
5
5
5
5
5
5
5
5
5
5
5
5
5
5
5
5
5
5
5
5
5
5
5
5
5
5
5
5
5
5
5
5
5
5
5
5
5
5
5
5
5
5
5
5
5
5
5
5
5
5
5
5
5
5
5
5
5
5
5
5
5
5
5
5
5
5
5
5
5
5
5
5
5
5
5
5
5
5
5
5
5
5
5
5
5
5
5
5
5
5
5
5
5
5
5
5
5
5
5
5
5
5
5
5
5
5
5
5
5
5
5
5
5
5
5
5
5
5
5
5
5
5
5
5
5
5
5
5
5
5
5
5
5
5
5
5
5
5
5
5
5
5
5
5
5
5
5
5
5
5
5
5
5
5
5
5
5
5
5
5
5
5
5
5
5
5
5
5
5
5
5
5
5
5
5
5
5
5
5
5
5
5
5
5
5
5
5
5
5
5
5
5
5
5
5
5
5
5
5
5
5
5
5
5
5
5
5
5
5
5
5
5
5
5
5
5
5
5
5
5
5
5
5
5
5
5
5
5
5
5
5
5
5
5
5
5
5
5
5
5
5
5
5
5
5
5
5
5
5
5
5
5
5
5
5
5
5
5
5
5
5
5
5
5
5
5
5
5
5
5
5
5
5
5
5
5
5
5
5
5
5
5
5
5
5
5
5
5
5
5
5
5
5
5
5
5
5
5
5
5
5
5
5
5
5
5
5
5
5
5
5
5
5
5
5
5
5
5
5
5
5
5
5
5
5
5
5
5
5
5
5
5
5
5
5
5
5
5
5
5
5
5
5
5
5
5
5
5
5
5
5
5
5
5
5
5
5
5
5
5
5
5
5
5
5
5
5
5
5
5
5
5
5
5
5
5
5
5
5
5
5
5
5
5
5
5
5
5
5
5
5
5
5
5
5
5
5
5
5
5
5
5
5
5
5
5
5
5
5
5
5
5
5
5
5
5
5
5
5
5
5
5
5
5
5
5
5
5
5
5
5
5
5
5
5
5
5
5
5
5
5
5
5
5
5
5
5
5
5
5
5
5
5
5
5
5
5
5
5
5
5
5
5
5
5
5
5
5
5
5
5
5
5
5
5
5
5
5
5
5
5
5
5
5
5
5
5
5
5
5
5
5
5
5
5
5
5
5
5
5
5
5
5
5
5
5
5
5
5
5
5
5
5
5
5
5
5
5
5
5
5
5
5
5
5
5
5
5
5
5
5
5
5
5
5
5
5
5
5
5
5
5
5
5
5
5
5
5
5
5
5
5
5
5
5
5
5
5
5
5
5
5
5
5
5
5
5
5
5
5
5
5
5
5
5
5
5
5
5
5
5
5
5
5
5
5
5
5
5
5
5
5
5
5
5
5
5
5
5
5
5
5
5
5
5
5
5
5
5
5
5
5
5
5
5
5
5
5
5
5
5
5
5
5
5
5
5
5
5
5
5
5
5
5
5
5
5
5
5
5
5
5
5
5
5
5
5
5
5
5
5
5
5
5
5
5
5
5
5
5
5
5
5
5
5
5
5
5
5
5
5
5
5
5
5
5
5
5
5
5
5
5
5
5
5
5
5
5
5
5
5
5
5
5
5
5
5
5
5
5
5
5
5
5
5
5
5
5
5
5
5
5
5
5
5
5
5
5
5
5
5
5
5
5
5
5
5
5
5
5
5
5
5
5
5
5
5
5
5
5
5
5
5
5
5
5
5
5
5
5
5
5
5
5
5
5
5
5
5
5
5
5
5
5
5
5
5
5
5
5
5
5
5
5
5
5
5
5
5
5
5
5
5
5
5
5
5
5
5
5
5
5
5
5
5
5
5
5
5
5
5
5
5
5
5
5
5
5
5
5
5
5
5
5
5
5
POINT_DATA 945
FIELD FieldData 2
VELOCITY 3 945  float
1.0000000e-01 0.0000000e+00 0.0000000e+00 
1.0000027e-01 0.0000000e+00 0.0000000e+00 
1.0000005e-01 0.0000000e+00 0.0000000e+00 
1.0000000e-01 0.0000000e+00 0.0000000e+00 
0.0000000e+00 0.0000000e+00 0.0000000e+00 
0.0000000e+00 0.0000000e+00 0.0000000e+00 
0.0000000e+00 0.0000000e+00 0.0000000e+00 
0.0000000e+00 0.0000000e+00 0.0000000e+00 
0.0000000e+00 0.0000000e+00 0.0000000e+00 
0.0000000e+00 0.0000000e+00 0.0000000e+00 
0.0000000e+00 0.0000000e+00 0.0000000e+00 
0.0000000e+00 0.0000000e+00 0.0000000e+00 
0.0000000e+00 0.0000000e+00 0.0000000e+00 
0.0000000e+00 0.0000000e+00 0.0000000e+00 
0.0000000e+00 0.0000000e+00 0.0000000e+00 
0.0000000e+00 0.0000000e+00 0.0000000e+00 
0.0000000e+00 0.0000000e+00 0.0000000e+00 
0.0000000e+00 0.0000000e+00 0.0000000e+00 
0.0000000e+00 0.0000000e+00 0.0000000e+00 
0.0000000e+00 0.0000000e+00 0.0000000e+00 
0.0000000e+00 0.0000000e+00 0.0000000e+00 
0.0000000e+00 0.0000000e+00 0.0000000e+00 
0.0000000e+00 0.0000000e+00 0.0000000e+00 
0.0000000e+00 0.0000000e+00 0.0000000e+00 
0.0000000e+00 0.0000000e+00 0.0000000e+00 
0.0000000e+00 0.0000000e+00 0.0000000e+00 
0.0000000e+00 0.0000000e+00 0.0000000e+00 
0.0000000e+00 0.0000000e+00 0.0000000e+00 
0.0000000e+00 0.0000000e+00 0.0000000e+00 
0.0000000e+00 0.0000000e+00 0.0000000e+00 
0.0000000e+00 0.0000000e+00 0.0000000e+00 
0.0000000e+00 0.0000000e+00 0.0000000e+00 
0.0000000e+00 0.0000000e+00 0.0000000e+00 
0.0000000e+00 0.0000000e+00 0.0000000e+00 
0.0000000e+00 0.0000000e+00 0.0000000e+00 
0.0000000e+00 0.0000000e+00 0.0000000e+00 
1.0017700e-01 5.8565034e-27 0.0000000e+00 
1.0074263e-01 -2.1971985e-25 0.0000000e+00 
1.0189153e-01 -2.1971985e-25 0.0000000e+00 
1.0389010e-01 -2.1971985e-25 0.0000000e+00 
1.0692170e-01 -2.5849394e-25 0.0000000e+00 
1.1093576e-01 -2.5849394e-25 0.0000000e+00 
1.1585608e-01 -2.5849394e-25 0.0000000e+00 
1.2110436e-01 -1.2407709e-24 0.0000000e+00 
1.2606935e-01 7.2378304e-25 0.0000000e+00 
1.2976913e-01 -1.2407709e-24 0.0000000e+00 
1.3166212e-01 3.3087225e-24 0.0000000e+00 
1.3139354e-01 3.3087225e-24 0.0000000e+00 
1.2896456e-01 3.3087225e-24 0.0000000e+00 
1.2455567e-01 0.0000000e+00 0.0000000e+00 
1.1866292e-01 0.0000000e+00 0.0000000e+00 
1.1280942e-01 0.0000000e+00 0.0000000e+00 
1.0814294e-01 0.0000000e+00 0.0000000e+00 
1.0488725e-01 0.0000000e+00 0.0000000e+00 
1.0278269e-01 0.0000000e+00 0.0000000e+00 
1.0156374e-01 -1.0339758e-25 0.0000000e+00 
1.0087457e-01 -1.0339758e-25 0.0000000e+00 
1.0049127e-01 -1.0339758e-25 0.0000000e+00 
1.0027365e-01 -2.5849394e-25 0.0000000e+00 
1.0015336e-01 -2.5849394e-25 0.0000000e+00 
1.0008743e-01 -2.5849394e-25 0.0000000e+00 
1.0004912e-01 2.5849394e-26 0.0000000e+00 
1.0002774e-01 2.5849394e-26 0.0000000e+00 
1.0001560e-01 2.5849394e-26 0.0000000e+00 
1.0000879e-01 9.6935228e-27 0.0000000e+00 
1.0000497e-01 9.6935228e-27 0.0000000e+00 
1.0000285e-01 9.6935228e-27 0.0000000e+00 
1.0000166e-01 1.0476073e-27 0.0000000e+00 
1.0000098e-01 1.0476073e-27 0.0000000e+00 
1.0000060e-01 1.0476073e-27 0.0000000e+00 
1.0000038e-01 -3.6350711e-27 0.0000000e+00 
1.0000022e-01 1.0490248e-07 0.0000000e+00 
1.0000014e-01 1.6891377e-07 0.0000000e+00 
1.0000002e-01 1.8381743e-07 0.0000000e+00 
9.9999912e-02 1.4359721e-07 0.0000000e+00 
9.9999852e-02 5.9205767e-08 0.0000000e+00 
9.9999838e-02 -3.1170742e-08 0.0000000e+00 
9.9999890e-02 -1.0195661e-07 0.0000000e+00 
9.9999957e-02 -1.0328477e-07 0.0000000e+00 
1.0000002e-01 -7.0598382e-08 0.0000000e+00 
1.0000013e-01 1.6155871e-27 0.0000000e+00 
1.0000030e-01 2.8272775e-27 0.0000000e+00 
1.0000061e-01 2.8272775e-27 0.0000000e+00 
1.0000120e-01 2.8272775e-27 0.0000000e+00 
1.0000233e-01 -1.1208136e-26 0.0000000e+00 
1.0000423e-01 -1.1208136e-26 0.0000000e+00 
1.0000784e-01 -1.1208136e-26 0.0000000e+00 
1.0001446e-01 2.5849394e-26 0.0000000e+00 
1.0002588e-01 2.5849394e-26 0.0000000e+00 
1.0004612e-01 2.5849394e-26 0.0000000e+00 
1.0008278e-01 0.0000000e+00 0.0000000e+00 
1.0014997e-01 0.0000000e+00 0.0000000e+00 
1.0027038e-01 0.0000000e+00 0.0000000e+00 
1.0048646e-01 -6.2038546e-25 0.0000000e+00 
1.0087202e-01 -6.2038546e-25 0.0000000e+00 
1.0155409e-01 -6.2038546e-25 0.0000000e+00 
1.0275619e-01 0.0000000e+00 0.0000000e+00 
1.0482553e-01 0.0000000e+00 0.0000000e+00 
1.0807057e-01 0.0000000e+00 0.0000000e+00 
1.1280184e-01 -1.4475661e-24 0.0000000e+00 
1.1874811e-01 -1.4475661e-24 0.0000000e+00 
1.2453546e-01 -1.4475661e-24 0.0000000e+00 
1.2901600e-01 -6.6174449e-24 0.0000000e+00 
1.3160647e-01 -6.6174449e-24 0.0000000e+00 
1.3182941e-01 -6.6174449e-24 0.0000000e+00 
1.2979260e-01 5.1698788e-26 0.0000000e+00 
1.2600814e-01 5.1698788e-26 0.0000000e+00 
1.2111680e-01 5.1698788e-26 0.0000000e+00 
1.1590035e-01 -3.1019273e-25 0.0000000e+00 
1.1095648e-01 -3.1019273e-25 0.0000000e+00 
1.0689911e-01 -3.1019273e-25 0.0000000e+00 
1.0383270e-01 0.0000000e+00 0.0000000e+00 
1.0183053e-01 0.0000000e+00 0.0000000e+00 
1.0070915e-01 0.0000000e+00 0.0000000e+00 
1.0015270e-01 -4.2005265e-26 0.0000000e+00 
1.0000000e-01 0.0000000e+00 0.0000000e+00 
1.0000000e-01 0.0000000e+00 0.0000000e+00 
1.0000000e-01 0.0000000e+00 0.0000000e+00 
1.0000000e-01 0.0000000e+00 0.0000000e+00 
1.0000000e-01 0.0000000e+00 0.0000000e+00 
1.0000000e-01 0.0000000e+00 0.0000000e+00 
1.0000000e-01 0.0000000e+00 0.0000000e+00 
1.0000000e-01 0.0000000e+00 0.0000000e+00 
1.0000000e-01 0.0000000e+00 0.0000000e+00 
1.0377111e-02 8.6641619e-03 0.0000000e+00 
1.0974042e-01 -3.8029726e-03 0.0000000e+00 
1.1553329e-01 5.2601346e-03 0.0000000e+00 
1.0057639e-01 3.1604047e-04 0.0000000e+00 
1.0003126e-01 1.7150614e-05 0.0000000e+00 
1.0000271e-01 -1.5272205e-06 0.0000000e+00 
1.0458262e-01 -2.8282960e-03 0.0000000e+00 
1.0323869e-01 1.7291759e-03 0.0000000e+00 
1.0483456e-01 2.4051440e-03 0.0000000e+00 
9.9876039e-02 -1.7953510e-04 0.0000000e+00 
1.0017355e-01 -1.0108022e-04 0.0000000e+00 
1.0183872e-01 -1.0010086e-03 0.0000000e+00 
1.0000545e-01 3.2044479e-06 0.0000000e+00 
1.0001690e-01 -9.0499852e-06 0.0000000e+00 
1.2752111e-01 -3.6904993e-03 0.0000000e+00 
9.9999800e-02 1.4775175e-07 0.0000000e+00 
1.3118152e-01 2.0374793e-03 0.0000000e+00 
1.1865319e-01 3.8205239e-03 0.0000000e+00 
1.1858248e-01 -4.6349359e-03 0.0000000e+00 
1.3201278e-01 1.8537337e-03 0.0000000e+00 
1.0000104e-01 6.2225570e-07 0.0000000e+00 
1.3186121e-01 -1.6179567e-03 0.0000000e+00 
9.9947147e-02 3.8308828e-04 0.0000000e+00 
9.9999800e-02 -9.8654070e-08 0.0000000e+00 
1.0009997e-01 5.3064250e-05 0.0000000e+00 
1.0005262e-01 -2.9815901e-05 0.0000000e+00 
1.0056785e-01 -3.2259629e-04 0.0000000e+00 
1.0000067e-01 -4.7199151e-07 0.0000000e+00 
1.0000735e-01 -4.7722185e-04 0.0000000e+00 
1.0108216e-01 8.2447648e-04 0.0000000e+00 
1.0000008e-01 2.3976108e-07 0.0000000e+00 
1.0103124e-01 -9.5493981e-04 0.0000000e+00 
1.0000002e-01 -1.2686324e-07 0.0000000e+00 
1.0000042e-01 1.8020478e-07 0.0000000e+00 
1.0003879e-01 3.5720383e-04 0.0000000e+00 
1.3260919e-01 2.7633112e-04 0.0000000e+00 
1.3470072e-01 2.2400063e-03 0.0000000e+00 
1.3150559e-01 5.6538819e-03 0.0000000e+00 
1.3613278e-01 6.7101484e-03 0.0000000e+00 
1.3866390e-01 2.3599928e-03 0.0000000e+00 
1.3961248e-01 7.1488097e-03 0.0000000e+00 
1.3510545e-01 1.2267859e-02 0.0000000e+00 
1.3357425e-01 1.3491072e-02 0.0000000e+00 
1.2733282e-01 1.8872067e-02 0.0000000e+00 
1.1349966e-01 2.0070082e-02 0.0000000e+00 
1.0994422e-01 2.3956327e-02 0.0000000e+00 
8.7820075e-02 2.3375653e-02 0.0000000e+00 
8.6695753e-02 2.6392650e-02 0.0000000e+00 
6.0255818e-02 2.2308074e-02 0.0000000e+00 
6.1628304e-02 2.4379641e-02 0.0000000e+00 
3.4129307e-02 1.7032109e-02 0.0000000e+00 
4.1519068e-02 1.7622454e-02 0.0000000e+00 
1.9308496e-02 7.8273434e-03 0.0000000e+00 
3.3222929e-02 6.5416750e-03 0.0000000e+00 
5.1655170e-02 1.6743246e-02 0.0000000e+00 
4.8161447e-02 4.0228735e-03 0.0000000e+00 
2.4311390e-02 -4.4954098e-03 0.0000000e+00 
6.4451985e-02 1.4395092e-02 0.0000000e+00 
6.3327238e-02 9.4108924e-04 0.0000000e+00 
3.2721530e-03 1.6974076e-04 0.0000000e+00 
-1.4020801e-03 -2.9413840e-03 0.0000000e+00 
7.5980291e-02 1.1058319e-02 0.0000000e+00 
7.6368526e-02 -6.6969253e-05 0.0000000e+00 
1.4212985e-01 1.2745968e-03 0.0000000e+00 
1.0896967e-01 2.5932670e-02 0.0000000e+00 
8.4875144e-02 7.2172494e-03 0.0000000e+00 
8.5977800e-02 -1.0498770e-03 0.0000000e+00 
1.1634097e-02 -3.5845086e-03 0.0000000e+00 
2.9139452e-02 -1.4037637e-02 0.0000000e+00 
-1.7448828e-03 1.4540603e-03 0.0000000e+00 
9.0626985e-02 3.8222468e-03 0.0000000e+00 
9.2188343e-02 -1.4506584e-03 0.0000000e+00 
9.4701611e-02 1.8139494e-03 0.0000000e+00 
9.5629796e-02 -7.3517935e-04 0.0000000e+00 
9.7022213e-02 9.6043089e-04 0.0000000e+00 
9.7549915e-02 -5.0032203e-04 0.0000000e+00 
9.8290481e-02 4.7653847e-04 0.0000000e+00 
1.7484585e-02 -1.1027899e-02 0.0000000e+00 
4.3354787e-02 -1.9417407e-02 0.0000000e+00 
5.7464261e-02 -2.3628315e-02 0.0000000e+00 
3.7109300e-02 -1.5519040e-02 0.0000000e+00 
6.4524062e-02 -2.1497536e-02 0.0000000e+00 
5.7974171e-02 -1.7385095e-02 0.0000000e+00 
8.8446960e-02 -2.1221938e-02 0.0000000e+00 
8.1410110e-02 -1.7234569e-02 0.0000000e+00 
1.1070941e-01 -1.8575748e-02 0.0000000e+00 
1.0984462e-01 -1.4678698e-02 0.0000000e+00 
1.1184762e-01 -2.2117667e-02 0.0000000e+00 
1.2882528e-01 -1.3643174e-02 0.0000000e+00 
1.3083804e-01 -8.9304978e-03 0.0000000e+00 
1.0482508e-02 -3.3312084e-03 0.0000000e+00 
-3.6521284e-05 1.9029948e-03 0.0000000e+00 
9.8663464e-02 -3.0336235e-04 0.0000000e+00 
9.9036746e-02 2.2117500e-04 0.0000000e+00 
9.9287301e-02 -2.4788533e-04 0.0000000e+00 
9.9477500e-02 9.6050317e-05 0.0000000e+00 
1.3907312e-01 -7.7332123e-03 0.0000000e+00 
1.4160174e-01 -2.5521400e-03 0.0000000e+00 
7.3948443e-02 -1.0338649e-02 0.0000000e+00 
9.9614203e-02 -1.4518632e-04 0.0000000e+00 
9.9707603e-02 4.5673463e-05 0.0000000e+00 
9.9787690e-02 -8.5297790e-05 0.0000000e+00 
9.9836916e-02 2.0088484e-05 0.0000000e+00 
1.1896348e-01 1.5561884e-02 0.0000000e+00 
9.9883340e-02 -5.0173301e-05 0.0000000e+00 
9.9909350e-02 8.3114674e-06 0.0000000e+00 
9.9934869e-02 -2.8784905e-05 0.0000000e+00 
9.9949315e-02 3.3766551e-06 0.0000000e+00 
2.9233615e-03 -2.5139980e-03 0.0000000e+00 
9.9964038e-02 -1.6561708e-05 0.0000000e+00 
9.9971138e-02 1.3156224e-06 0.0000000e+00 
9.9980384e-02 -1.0706241e-05 0.0000000e+00 
9.9983923e-02 6.7651542e-09 0.0000000e+00 
9.9989451e-02 -6.1438391e-06 0.0000000e+00 
9.9991068e-02 -1.7108849e-07 0.0000000e+00 
1.3146812e-01 -4.1120024e-03 0.0000000e+00 
1.4340098e-01 3.6004025e-03 0.0000000e+00 
3.2817248e-02 -4.2089596e-03 0.0000000e+00 
9.6065082e-02 -3.5821679e-03 0.0000000e+00 
9.3907006e-02 9.2482222e-03 0.0000000e+00 
6.0246125e-02 1.8361401e-02 0.0000000e+00 
8.4219992e-02 2.0920273e-02 0.0000000e+00 
9.9994183e-02 -3.4715565e-06 0.0000000e+00 
9.9995010e-02 -1.6749229e-07 0.0000000e+00 
9.9996798e-02 -1.9689967e-06 0.0000000e+00 
9.9997208e-02 -1.2284805e-07 0.0000000e+00 
9.9996775e-02 1.6418351e-06 0.0000000e+00 
9.9998184e-02 9.0873181e-07 0.0000000e+00 
9.9989951e-02 5.5599453e-06 0.0000000e+00 
1.2924653e-01 1.6645391e-02 0.0000000e+00 
1.4168343e-01 -2.7966264e-03 0.0000000e+00 
9.9998266e-02 -1.1260979e-06 0.0000000e+00 
9.9946633e-02 3.6432815e-05 0.0000000e+00 
1.3579887e-01 -1.2159887e-02 0.0000000e+00 
9.9717632e-02 2.3877817e-04 0.0000000e+00 
9.8442353e-02 1.5575400e-03 0.0000000e+00 
1.3618086e-01 3.1009449e-03 0.0000000e+00 
1.4445560e-01 1.0346068e-02 0.0000000e+00 
1.4378372e-01 8.0353031e-03 0.0000000e+00 
1.4279053e-01 1.3958232e-02 0.0000000e+00 
1.4374904e-01 1.8331198e-02 0.0000000e+00 
1.4003065e-01 2.0238750e-02 0.0000000e+00 
5.2094121e-02 4.1064981e-02 0.0000000e+00 
1.4068200e-01 2.6218956e-02 0.0000000e+00 
1.3512719e-01 2.5448238e-02 0.0000000e+00 
6.1773378e-02 2.2264833e-02 0.0000000e+00 
1.3436015e-01 1.8774563e-02 0.0000000e+00 
1.2917422e-01 2.2208568e-02 0.0000000e+00 
1.2816361e-01 3.0542294e-02 0.0000000e+00 
1.2290429e-01 2.4473600e-02 0.0000000e+00 
1.1950648e-01 3.1376410e-02 0.0000000e+00 
1.1637982e-01 2.4661873e-02 0.0000000e+00 
1.1161316e-01 2.9920604e-02 0.0000000e+00 
2.8766936e-02 3.8349472e-02 0.0000000e+00 
1.1042422e-01 2.2906136e-02 0.0000000e+00 
1.0466842e-01 2.6148094e-02 0.0000000e+00 
1.0561448e-01 2.0063369e-02 0.0000000e+00 
1.0026956e-01 2.1556497e-02 0.0000000e+00 
1.0204597e-01 1.6615044e-02 0.0000000e+00 
9.6758477e-02 1.7275400e-02 0.0000000e+00 
9.9764526e-02 1.2855438e-02 0.0000000e+00 
9.5973760e-02 1.1885121e-02 0.0000000e+00 
9.1676459e-02 1.4320588e-02 0.0000000e+00 
9.2771292e-02 9.4951717e-03 0.0000000e+00 
8.7877035e-02 1.0112109e-02 0.0000000e+00 
9.0147793e-02 6.2034652e-03 0.0000000e+00 
8.5876152e-02 4.8176721e-03 0.0000000e+00 
8.9756534e-02 2.2455340e-03 0.0000000e+00 
8.6170092e-02 -5.9252861e-04 0.0000000e+00 
9.0456396e-02 -1.3682914e-03 0.0000000e+00 
8.8452980e-02 -5.0601172e-03 0.0000000e+00 
9.2426680e-02 -4.2427764e-03 0.0000000e+00 
9.5824592e-02 7.9405317e-03 0.0000000e+00 
9.1774672e-02 -8.0155088e-03 0.0000000e+00 
8.6640909e-02 -1.0311699e-02 0.0000000e+00 
9.2487536e-02 -1.2317641e-02 0.0000000e+00 
8.8505097e-02 -1.7750999e-02 0.0000000e+00 
1.3715141e-02 -2.2822874e-02 0.0000000e+00 
9.5013544e-02 -1.6952354e-02 0.0000000e+00 
9.3447760e-02 -2.3110410e-02 0.0000000e+00 
9.2925720e-02 1.4242869e-03 0.0000000e+00 
9.4839603e-02 -6.0790349e-03 0.0000000e+00 
9.9173807e-02 -2.0541351e-02 0.0000000e+00 
9.9374145e-02 -2.7062390e-02 0.0000000e+00 
4.3905906e-02 -4.4927940e-02 0.0000000e+00 
1.0459120e-01 -2.2634372e-02 0.0000000e+00 
1.0668258e-01 -2.8930420e-02 0.0000000e+00 
6.9032960e-02 -1.3837746e-02 0.0000000e+00 
6.2129341e-02 -3.4856550e-02 0.0000000e+00 
9.9472009e-02 -1.5364995e-02 0.0000000e+00 
9.7624734e-02 2.8427340e-02 0.0000000e+00 
8.1658542e-02 -1.4935343e-02 0.0000000e+00 
1.0619210e-01 1.4962365e-02 0.0000000e+00 
8.1051797e-02 9.5775826e-03 0.0000000e+00 
1.1069895e-01 -2.2517644e-02 0.0000000e+00 
1.1495260e-01 -2.8941467e-02 0.0000000e+00 
1.0804199e-01 -1.7789824e-02 0.0000000e+00 
9.2502221e-02 -3.1414993e-02 0.0000000e+00 
9.5162682e-02 -3.2997411e-03 0.0000000e+00 
9.7198516e-02 -4.6874238e-03 0.0000000e+00 
9.7186171e-02 -2.3907146e-03 0.0000000e+00 
9.8526821e-02 -3.1632758e-03 0.0000000e+00 
1.2913001e-01 1.6220339e-02 0.0000000e+00 
1.3316821e-01 1.3111583e-02 0.0000000e+00 
1.1687142e-01 -2.1016650e-02 0.0000000e+00 
1.2198786e-01 -2.4991468e-02 0.0000000e+00 
1.2189318e-01 -3.2165762e-02 0.0000000e+00 
1.2895748e-01 -2.8300870e-02 0.0000000e+00 
1.2677947e-01 -2.0758837e-02 0.0000000e+00 
1.3319610e-01 -2.1510903e-02 0.0000000e+00 
1.3680495e-01 -2.7334975e-02 0.0000000e+00 
3.5211213e-02 4.0714531e-03 0.0000000e+00 
1.3013262e-01 -1.6008349e-02 0.0000000e+00 
1.3949114e-01 -1.9953584e-02 0.0000000e+00 
1.4257266e-01 -2.3372466e-02 0.0000000e+00 
1.1468557e-01 1.8924629e-02 0.0000000e+00 
1.1338449e-01 3.7751127e-02 0.0000000e+00 
2.7589558e-02 -1.0419883e-02 0.0000000e+00 
9.9998578e-02 2.1927303e-06 0.0000000e+00 
9.9999189e-02 1.2422428e-06 0.0000000e+00 
8.5817263e-02 -1.3963809e-02 0.0000000e+00 
9.9360004e-02 -7.7984139e-04 0.0000000e+00 
1.1564168e-01 -4.1603888e-03 0.0000000e+00 
1.4386609e-01 -1.6333632e-02 0.0000000e+00 
1.4075646e-01 -1.3410079e-02 0.0000000e+00 
1.4194292e-01 -1.5050665e-02 0.0000000e+00 
9.9163964e-02 -5.0336188e-03 0.0000000e+00 
1.3856280e-01 -3.1777013e-02 0.0000000e+00 
9.9814244e-02 -2.3806728e-04 0.0000000e+00 
9.9998981e-02 5.1133259e-07 0.0000000e+00 
1.3975962e-01 2.3171011e-02 0.0000000e+00 
1.3801286e-01 3.2182861e-02 0.0000000e+00 
9.9946849e-02 -7.3398369e-05 0.0000000e+00 
1.2948968e-01 2.5056003e-02 0.0000000e+00 
1.2668629e-01 1.4832744e-02 0.0000000e+00 
1.2876505e-01 1.1174493e-02 0.0000000e+00 
9.9995695e-02 -7.7472714e-06 0.0000000e+00 
1.3980669e-01 -1.3722216e-03 0.0000000e+00 
1.4408280e-01 -1.0004925e-02 0.0000000e+00 
1.3491230e-01 -6.2950058e-03 0.0000000e+00 
1.3920057e-01 -2.6605173e-03 0.0000000e+00 
1.2244339e-01 2.3227499e-03 0.0000000e+00 
9.9986069e-02 -2.7735410e-05 0.0000000e+00 
9.8558083e-02 -1.6946492e-03 0.0000000e+00 
9.7782463e-02 -7.0104230e-04 0.0000000e+00 
1.2479793e-01 -1.5541658e-02 0.0000000e+00 
1.2793463e-01 -1.1264117e-02 0.0000000e+00 
9.9824421e-02 -3.1955428e-03 0.0000000e+00 
1.2444610e-01 1.3223308e-02 0.0000000e+00 
9.9999554e-02 7.0372886e-07 0.0000000e+00 
1.2790877e-01 -9.3844403e-03 0.0000000e+00 
9.9999912e-02 1.9367471e-06 0.0000000e+00 
9.9999875e-02 3.3983385e-06 0.0000000e+00 
9.9998832e-02 -2.4814876e-06 0.0000000e+00 
9.9999353e-02 -1.3177711e-06 0.0000000e+00 
1.2877415e-01 3.6321748e-02 0.0000000e+00 
1.3278276e-01 4.0041585e-02 0.0000000e+00 
1.2442390e-01 4.6665527e-02 0.0000000e+00 
9.9999040e-02 -5.9594618e-07 0.0000000e+00 
9.9999666e-02 -7.0737946e-07 0.0000000e+00 
1.2989402e-01 4.3553831e-03 0.0000000e+00 
1.0751005e-01 8.4406091e-03 0.0000000e+00 
9.1051966e-02 6.7636096e-03 0.0000000e+00 
7.5363159e-02 1.0482443e-02 0.0000000e+00 
5.4176241e-02 8.5219294e-03 0.0000000e+00 
4.3947265e-02 8.3881794e-03 0.0000000e+00 
6.4117990e-02 1.1587312e-02 0.0000000e+00 
3.6294363e-02 8.0374256e-03 0.0000000e+00 
1.0095122e-01 -4.4212588e-03 0.0000000e+00 
1.0103051e-01 -6.8304064e-03 0.0000000e+00 
1.0000120e-01 2.3002935e-06 0.0000000e+00 
5.5013034e-02 1.2381605e-02 0.0000000e+00 
3.0294312e-02 8.3434787e-03 0.0000000e+00 
1.5311895e-02 3.2257545e-03 0.0000000e+00 
1.1941990e-02 4.0852819e-03 0.0000000e+00 
9.9999420e-02 -3.0493518e-07 0.0000000e+00 
6.6155747e-02 6.9766850e-03 0.0000000e+00 
1.2479004e-01 8.5997581e-03 0.0000000e+00 
1.3299701e-01 7.9406081e-03 0.0000000e+00 
1.3286498e-01 -1.0868878e-02 0.0000000e+00 
9.9999756e-02 -3.9620241e-07 0.0000000e+00 
1.2997685e-01 -7.3230448e-03 0.0000000e+00 
9.8955370e-02 -6.2918646e-04 0.0000000e+00 
9.8649830e-02 2.2543159e-04 0.0000000e+00 
9.9391945e-02 -1.1208239e-03 0.0000000e+00 
9.7067110e-02 8.9091877e-04 0.0000000e+00 
9.8563291e-02 1.4168021e-03 0.0000000e+00 
9.7586118e-02 2.7372858e-03 0.0000000e+00 
9.9029161e-02 2.4618956e-03 0.0000000e+00 
9.8569214e-02 4.5136022e-03 0.0000000e+00 
9.9945210e-02 3.2620695e-03 0.0000000e+00 
1.0044920e-01 5.1224772e-03 0.0000000e+00 
9.9841878e-02 1.8855453e-03 0.0000000e+00 
2.7012476e-03 -1.1044518e-04 0.0000000e+00 
7.1040896e-04 1.3441418e-03 0.0000000e+00 
1.0589574e-02 5.6664674e-03 0.0000000e+00 
-3.3425367e-03 -9.0164138e-04 0.0000000e+00 
-4.7286791e-03 2.2974434e-04 0.0000000e+00 
9.9999413e-02 2.9374380e-07 0.0000000e+00 
1.0122367e-01 3.3853929e-03 0.0000000e+00 
1.2567478e-01 -7.4225711e-03 0.0000000e+00 
-5.1610749e-03 4.1057981e-05 0.0000000e+00 
-4.9469960e-03 -2.3367298e-04 0.0000000e+00 
-3.3504495e-03 7.4814586e-04 0.0000000e+00 
1.8143974e-04 -1.5707996e-03 0.0000000e+00 
3.0189299e-03 -4.1791852e-04 0.0000000e+00 
1.0729595e-01 2.3356561e-02 0.0000000e+00 
1.4432406e-01 -4.9736048e-03 0.0000000e+00 
1.2527657e-01 4.5154944e-02 0.0000000e+00 
1.1683959e-01 5.2715052e-02 0.0000000e+00 
1.3371344e-01 -6.5845889e-03 0.0000000e+00 
1.4019443e-01 9.7404262e-03 0.0000000e+00 
1.4092405e-01 5.0734743e-03 0.0000000e+00 
9.9360973e-02 5.9153512e-04 0.0000000e+00 
1.1888772e-01 9.3012024e-04 0.0000000e+00 
8.9549474e-02 -6.1782412e-03 0.0000000e+00 
8.7486945e-02 -8.8767968e-03 0.0000000e+00 
5.8203820e-02 -8.6537786e-03 0.0000000e+00 
9.1271229e-02 -1.9654366e-03 0.0000000e+00 
-4.3595433e-03 2.0204404e-04 0.0000000e+00 
3.3314165e-02 7.1583297e-03 0.0000000e+00 
1.0000023e-01 -1.8103426e-06 0.0000000e+00 
1.0000048e-01 -3.7127750e-06 0.0000000e+00 
8.2237802e-02 1.4347717e-02 0.0000000e+00 
6.0078979e-02 -9.7548533e-03 0.0000000e+00 
3.3047330e-02 -6.5794899e-03 0.0000000e+00 
3.7124116e-02 -7.5170090e-03 0.0000000e+00 
1.5991906e-02 -2.6170616e-03 0.0000000e+00 
2.1846266e-02 -4.9447273e-03 0.0000000e+00 
4.1934863e-02 -9.8577579e-03 0.0000000e+00 
9.9999741e-02 3.6944076e-07 0.0000000e+00 
1.0000002e-01 6.1691458e-07 0.0000000e+00 
-1.2228577e-03 2.5989593e-03 0.0000000e+00 
1.0074462e-01 -2.6577157e-03 0.0000000e+00 
1.0009419e-01 -1.8831263e-03 0.0000000e+00 
1.3772954e-01 9.9501666e-03 0.0000000e+00 
4.9767778e-03 -5.2669435e-03 0.0000000e+00 
1.3754286e-01 -2.5885861e-02 0.0000000e+00 
1.3198207e-01 -3.2373097e-02 0.0000000e+00 
1.3266300e-01 -4.0129852e-02 0.0000000e+00 
1.2247676e-01 -4.1124240e-02 0.0000000e+00 
1.2391516e-01 -4.8198782e-02 0.0000000e+00 
1.2596853e-01 -2.1738380e-02 0.0000000e+00 
8.1941746e-02 -2.2846978e-02 0.0000000e+00 
7.4512102e-02 -1.9520991e-02 0.0000000e+00 
7.5179681e-02 -1.0937937e-02 0.0000000e+00 
6.6243611e-02 -1.3332157e-02 0.0000000e+00 
6.4494766e-02 -2.4568927e-02 0.0000000e+00 
5.3873416e-02 -1.6032565e-02 0.0000000e+00 
5.9581000e-02 -4.3630130e-03 0.0000000e+00 
4.5445997e-02 -2.7721964e-03 0.0000000e+00 
5.6010675e-02 7.6117497e-03 0.0000000e+00 
6.6755764e-02 3.5639664e-03 0.0000000e+00 
6.6347979e-02 1.3193328e-02 0.0000000e+00 
5.7576034e-02 2.0968923e-02 0.0000000e+00 
6.9386676e-02 2.2699965e-02 0.0000000e+00 
6.3991912e-02 3.3214044e-02 0.0000000e+00 
7.5622045e-02 3.0677786e-02 0.0000000e+00 
7.4688025e-02 4.1845836e-02 0.0000000e+00 
7.9016156e-02 2.1919593e-02 0.0000000e+00 
4.8359722e-02 3.1682372e-02 0.0000000e+00 
5.2209288e-02 -3.0815011e-02 0.0000000e+00 
6.6345960e-02 -3.7119839e-02 0.0000000e+00 
5.4772411e-02 -4.5575045e-02 0.0000000e+00 
7.2813526e-02 -4.8570361e-02 0.0000000e+00 
8.4424116e-02 3.5886444e-02 0.0000000e+00 
8.7051988e-02 4.5838643e-02 0.0000000e+00 
7.6463163e-02 5.3496454e-02 0.0000000e+00 
9.2456721e-02 5.4970186e-02 0.0000000e+00 
9.8554686e-02 4.5846537e-02 0.0000000e+00 
7.8489862e-02 -3.8414061e-02 0.0000000e+00 
8.6315811e-02 -4.6436474e-02 0.0000000e+00 
8.4238544e-02 -5.6105118e-02 0.0000000e+00 
9.7230420e-02 -5.0814077e-02 0.0000000e+00 
9.7832389e-02 -5.8117166e-02 0.0000000e+00 
1.0875098e-01 -5.1201425e-02 0.0000000e+00 
1.0449417e-01 -4.3417562e-02 0.0000000e+00 
3.4015335e-03 -1.4030613e-03 0.0000000e+00 
1.0383726e-01 5.0059825e-02 0.0000000e+00 
4.2689446e-02 4.3673676e-02 0.0000000e+00 
1.0000014e-01 -6.0171641e-07 0.0000000e+00 
1.1409733e-01 -4.2703729e-02 0.0000000e+00 
1.3974763e-01 6.7280740e-03 0.0000000e+00 
1.2726250e-01 -4.1686371e-02 0.0000000e+00 
8.8129841e-02 1.9564768e-02 0.0000000e+00 
1.0060651e-01 5.8326963e-02 0.0000000e+00 
3.0937647e-02 -4.1012816e-02 0.0000000e+00 
5.4606844e-02 -4.2147793e-02 0.0000000e+00 
1.8152714e-02 -4.7195614e-03 0.0000000e+00 
5.6220572e-02 2.2956603e-03 0.0000000e+00 
2.6157880e-03 6.4353073e-05 0.0000000e+00 
6.3960440e-02 -2.4230735e-02 0.0000000e+00 
-1.6653624e-03 -1.6801469e-03 0.0000000e+00 
1.8324433e-02 2.7207298e-02 0.0000000e+00 
1.0271735e-01 5.1305387e-03 0.0000000e+00 
1.0211479e-01 7.4678026e-03 0.0000000e+00 
1.0472777e-01 6.9717648e-03 0.0000000e+00 
5.0544117e-02 -1.4179493e-03 0.0000000e+00 
8.0330506e-02 -1.9960213e-03 0.0000000e+00 
8.2665766e-03 5.0656507e-03 0.0000000e+00 
1.9373829e-02 1.1553505e-02 0.0000000e+00 
1.0305160e-01 -5.1815808e-03 0.0000000e+00 
1.0388072e-01 -8.1456220e-03 0.0000000e+00 
1.1344995e-01 -4.9329578e-04 0.0000000e+00 
1.0408859e-01 3.5697117e-02 0.0000000e+00 
1.3343043e-02 -1.2742989e-02 0.0000000e+00 
1.1164063e-01 -1.1144433e-02 0.0000000e+00 
1.0624526e-01 -4.7876995e-02 0.0000000e+00 
1.0000070e-01 1.3333231e-06 0.0000000e+00 
6.0129397e-02 3.2661241e-02 0.0000000e+00 
1.2069535e-01 1.0316071e-02 0.0000000e+00 
8.0044836e-02 1.7266943e-03 0.0000000e+00 
8.3116606e-02 -4.8459126e-03 0.0000000e+00 
1.3704358e-01 6.3517783e-03 0.0000000e+00 
1.3780600e-01 2.3641079e-03 0.0000000e+00 
8.5184909e-02 1.5902268e-02 0.0000000e+00 
9.0080336e-02 2.0884361e-02 0.0000000e+00 
1.1935211e-01 9.6448911e-03 0.0000000e+00 
1.3445967e-01 -1.2075552e-03 0.0000000e+00 
1.0830864e-01 3.1181504e-03 0.0000000e+00 
1.1328639e-01 4.5144814e-03 0.0000000e+00 
1.0000220e-01 3.9804754e-06 0.0000000e+00 
9.9999905e-02 6.0063330e-06 0.0000000e+00 
1.0831910e-01 -3.1842778e-03 0.0000000e+00 
1.0103472e-01 -1.0955549e-02 0.0000000e+00 
1.0500164e-01 -1.1694743e-02 0.0000000e+00 
1.0730179e-01 -8.8252043e-03 0.0000000e+00 
9.7941920e-02 -7.9849679e-03 0.0000000e+00 
1.0924397e-01 -1.2771563e-02 0.0000000e+00 
1.1168703e-01 -8.4790010e-03 0.0000000e+00 
1.1468302e-01 -1.1501932e-02 0.0000000e+00 
1.2773068e-01 3.5131087e-03 0.0000000e+00 
1.2695190e-01 8.3529903e-03 0.0000000e+00 
1.2247429e-01 4.9062814e-03 0.0000000e+00 
1.2085653e-01 1.1300698e-02 0.0000000e+00 
1.1317631e-01 1.1547798e-02 0.0000000e+00 
1.1433899e-01 1.7601874e-02 0.0000000e+00 
1.0508069e-01 1.6360098e-02 0.0000000e+00 
1.0692371e-01 1.0202033e-02 0.0000000e+00 
1.0075226e-01 1.1935299e-02 0.0000000e+00 
1.0304405e-01 7.5347647e-03 0.0000000e+00 
1.0643660e-01 5.8453223e-03 0.0000000e+00 
1.3116480e-01 -2.2874125e-03 0.0000000e+00 
1.3131659e-01 -6.4637586e-03 0.0000000e+00 
1.2627196e-01 -8.6289681e-03 0.0000000e+00 
1.3110006e-01 -1.2585136e-02 0.0000000e+00 
1.2357803e-01 -1.5252274e-02 0.0000000e+00 
1.2071678e-01 -1.0008089e-02 0.0000000e+00 
1.1642508e-01 -1.5696347e-02 0.0000000e+00 
1.1492702e-01 -2.2003073e-02 0.0000000e+00 
1.0750246e-01 -2.0477118e-02 0.0000000e+00 
9.8746561e-02 -2.5794126e-02 0.0000000e+00 
1.0982308e-01 -1.4095702e-02 0.0000000e+00 
1.0141341e-01 -1.6194995e-02 0.0000000e+00 
1.0503217e-01 -1.0796386e-02 0.0000000e+00 
1.0597835e-01 -2.6699448e-02 0.0000000e+00 
9.8473996e-02 -1.0898404e-02 0.0000000e+00 
1.0192271e-01 -7.2213248e-03 0.0000000e+00 
1.3431118e-01 -3.0935190e-03 0.0000000e+00 
1.3271351e-01 -3.5690857e-04 0.0000000e+00 
1.2397090e-01 -2.0620700e-02 0.0000000e+00 
1.3556263e-01 -7.3759314e-03 0.0000000e+00 
9.0228140e-02 -1.4932785e-02 0.0000000e+00 
1.3076158e-01 -1.6648760e-02 0.0000000e+00 
9.2228852e-02 -7.3819766e-03 0.0000000e+00 
7.6255076e-02 -2.7079701e-02 0.0000000e+00 
7.6572716e-02 -2.2983460e-02 0.0000000e+00 
5.6452952e-02 -1.8865310e-02 0.0000000e+00 
1.0653042e-01 5.1865228e-02 0.0000000e+00 
1.0848812e-01 7.2733806e-03 0.0000000e+00 
1.1334672e-01 9.3022455e-03 0.0000000e+00 
6.0398996e-02 4.5278814e-02 0.0000000e+00 
4.2967018e-02 1.4225174e-02 0.0000000e+00 
1.2749596e-01 -4.2945449e-03 0.0000000e+00 
1.2125246e-01 1.7550321e-02 0.0000000e+00 
1.1152349e-01 2.4145845e-02 0.0000000e+00 
1.0306432e-01 2.2349356e-02 0.0000000e+00 
9.2201218e-02 2.6839798e-02 0.0000000e+00 
1.0505573e-01 1.0241207e-02 0.0000000e+00 
1.0235972e-01 -1.4180009e-03 0.0000000e+00 
9.9857174e-02 1.8895083e-04 0.0000000e+00 
1.0245921e-01 1.4125073e-03 0.0000000e+00 
3.7177932e-02 -1.8020140e-02 0.0000000e+00 
1.1576065e-01 -5.2682864e-03 0.0000000e+00 
1.9077471e-02 3.5174233e-03 0.0000000e+00 
9.9942647e-02 -3.8519781e-04 0.0000000e+00 
1.0583455e-01 -5.6099007e-03 0.0000000e+00 
1.2871188e-01 3.0381854e-03 0.0000000e+00 
2.0438814e-04 -2.0836145e-03 0.0000000e+00 
1.0000307e-01 1.8892732e-06 0.0000000e+00 
7.5998016e-02 3.2857931e-04 0.0000000e+00 
2.0144258e-02 5.0368458e-03 0.0000000e+00 
5.6741767e-02 1.1012565e-02 0.0000000e+00 
5.7591747e-02 -7.6548471e-03 0.0000000e+00 
9.4180003e-02 -2.1836977e-02 0.0000000e+00 
1.1301238e-01 -4.2252289e-03 0.0000000e+00 
7.7791207e-02 6.0015962e-02 0.0000000e+00 
1.0382732e-03 3.1171304e-03 0.0000000e+00 
1.1375985e-01 -2.7115902e-02 0.0000000e+00 
1.0579275e-01 -2.6958545e-03 0.0000000e+00 
1.0329860e-01 -1.7196164e-03 0.0000000e+00 
1.0159510e-01 -2.3903952e-03 0.0000000e+00 
1.0084159e-01 -1.3519085e-03 0.0000000e+00 
1.0012599e-01 -2.1957804e-03 0.0000000e+00 
9.9966109e-02 -1.2325449e-03 0.0000000e+00 
1.0036389e-01 -4.1344455e-03 0.0000000e+00 
9.8757200e-02 -2.9852721e-03 0.0000000e+00 
1.0301657e-01 -4.1078008e-03 0.0000000e+00 
1.0044868e-01 -7.6596555e-04 0.0000000e+00 
9.9967033e-02 -6.8687939e-04 0.0000000e+00 
1.3438703e-01 3.7201529e-03 0.0000000e+00 
1.0001417e-01 4.6474789e-04 0.0000000e+00 
1.0019901e-01 1.0351771e-03 0.0000000e+00 
9.5960990e-02 -1.0102367e-03 0.0000000e+00 
1.1297186e-01 -1.6552616e-02 0.0000000e+00 
1.1927889e-01 -1.5140925e-02 0.0000000e+00 
1.1885972e-01 -9.3480069e-03 0.0000000e+00 
1.1923995e-01 1.5139160e-02 0.0000000e+00 
7.3645242e-02 7.7828858e-03 0.0000000e+00 
1.3840397e-01 -2.1584530e-03 0.0000000e+00 
1.1102059e-01 -5.4968644e-02 0.0000000e+00 
1.0024138e-01 -4.3050357e-04 0.0000000e+00 
9.9976242e-02 -3.7923560e-04 0.0000000e+00 
1.0013189e-01 -2.4230666e-04 0.0000000e+00 
9.9987321e-02 -2.0554190e-04 0.0000000e+00 
1.0007197e-01 -1.3117689e-04 0.0000000e+00 
1.0005086e-01 -3.8590044e-04 0.0000000e+00 
9.9675074e-02 -4.2476939e-04 0.0000000e+00 
9.9189632e-02 -1.6184776e-03 0.0000000e+00 
1.0009513e-01 -5.5949236e-05 0.0000000e+00 
1.0003603e-01 -6.7959554e-05 0.0000000e+00 
1.0002360e-01 -3.6749330e-05 0.0000000e+00 
9.9995844e-02 -5.6190831e-05 0.0000000e+00 
9.9573918e-02 7.1650092e-03 0.0000000e+00 
2.7171828e-02 1.7763982e-03 0.0000000e+00 
1.3495299e-01 3.2602835e-02 0.0000000e+00 
1.0125308e-01 -3.4909450e-02 0.0000000e+00 
1.1601548e-01 4.5603529e-02 0.0000000e+00 
9.9999927e-02 -1.5200854e-07 0.0000000e+00 
1.0182194e-01 1.0077520e-03 0.0000000e+00 
1.0150280e-01 2.3517362e-03 0.0000000e+00 
1.0082244e-01 1.3304839e-03 0.0000000e+00 
1.0023122e-01 2.0893712e-03 0.0000000e+00 
1.0007596e-01 1.1581241e-03 0.0000000e+00 
1.0051624e-01 3.7377886e-03 0.0000000e+00 
1.0290085e-01 4.2149434e-03 0.0000000e+00 
1.0045476e-01 7.4135530e-04 0.0000000e+00 
1.0006537e-01 6.3078338e-04 0.0000000e+00 
9.9671677e-02 7.9327350e-04 0.0000000e+00 
1.0031571e-01 -1.8242493e-04 0.0000000e+00 
9.9999927e-02 2.3958631e-07 0.0000000e+00 
1.0102692e-01 -5.6731235e-04 0.0000000e+00 
9.9999756e-02 1.2815452e-08 0.0000000e+00 
1.0000410e-01 6.9994562e-06 0.0000000e+00 
1.0000012e-01 1.0680362e-05 0.0000000e+00 
1.0000750e-01 1.2376145e-05 0.0000000e+00 
1.0000060e-01 1.8955643e-05 0.0000000e+00 
9.9992774e-02 1.2725178e-05 0.0000000e+00 
9.9987783e-02 2.2845783e-05 0.0000000e+00 
1.0000181e-01 3.3445580e-05 0.0000000e+00 
9.9979490e-02 4.1310243e-05 0.0000000e+00 
1.0000496e-01 5.9248505e-05 0.0000000e+00 
9.9966273e-02 7.5020682e-05 0.0000000e+00 
1.0001279e-01 1.0480485e-04 0.0000000e+00 
9.9945456e-02 1.3668677e-04 0.0000000e+00 
1.0002901e-01 1.8601872e-04 0.0000000e+00 
9.9911213e-02 2.4529998e-04 0.0000000e+00 
1.0004990e-01 3.3854207e-04 0.0000000e+00 
1.0015325e-01 2.1059447e-04 0.0000000e+00 
9.9906608e-02 6.8487163e-05 0.0000000e+00 
9.9982396e-02 1.0520744e-05 0.0000000e+00 
9.9995747e-02 7.0396022e-06 0.0000000e+00 
2.0639330e-02 4.6632574e-03 0.0000000e+00 
1.0000902e-01 -5.3868694e-06 0.0000000e+00 
1.0000733e-01 -1.2531757e-05 0.0000000e+00 
1.0000329e-01 -6.4441715e-06 0.0000000e+00 
1.0005555e-01 2.9770310e-05 0.0000000e+00 
1.0001764e-01 9.6496406e-06 0.0000000e+00 
1.0000142e-01 -8.6851395e-07 0.0000000e+00 
1.0000504e-01 -2.7129993e-06 0.0000000e+00 
9.9997714e-02 -4.2808742e-06 0.0000000e+00 
1.0000003e-01 -1.0893576e-06 0.0000000e+00 
1.0000030e-01 -2.8148577e-07 0.0000000e+00 
9.9992216e-02 -1.3927684e-05 0.0000000e+00 
1.0000017e-01 -2.0725287e-05 0.0000000e+00 
9.9997528e-02 3.9155184e-06 0.0000000e+00 
9.9999957e-02 1.0961174e-06 0.0000000e+00 
1.0000002e-01 -2.8043073e-07 0.0000000e+00 
9.6666016e-02 4.7368421e-03 0.0000000e+00 
9.5617168e-02 2.4753152e-03 0.0000000e+00 
9.9994309e-02 3.0059368e-06 0.0000000e+00 
1.0000065e-01 3.3543461e-07 0.0000000e+00 
1.0000034e-01 4.1398309e-07 0.0000000e+00 
1.0014760e-01 -9.2945981e-04 0.0000000e+00 
1.0102015e-01 5.6656171e-04 0.0000000e+00 
9.9998452e-02 -7.8666950e-08 0.0000000e+00 
9.9969424e-02 1.9453175e-05 0.0000000e+00 
6.3116767e-02 -5.5731706e-02 0.0000000e+00 
1.0768509e-01 3.5849359e-02 0.0000000e+00 
9.9999100e-02 -2.9775700e-08 0.0000000e+00 
4.4411223e-02 1.2902370e-02 0.0000000e+00 
2.7975701e-02 1.1731506e-02 0.0000000e+00 
-1.4094539e-03 2.8515544e-03 0.0000000e+00 
9.4035320e-02 3.7045859e-02 0.0000000e+00 
9.9837564e-02 1.2842158e-04 0.0000000e+00 
9.7365566e-02 2.8830233e-03 0.0000000e+00 
9.9999644e-02 -1.2697028e-07 0.0000000e+00 
9.9905051e-02 -1.3065021e-04 0.0000000e+00 
1.2246012e-01 3.8227968e-02 0.0000000e+00 
1.3691577e-01 -9.7708553e-03 0.0000000e+00 
9.9530824e-02 -9.1049696e-06 0.0000000e+00 
1.0598496e-01 -6.2881452e-03 0.0000000e+00 
1.2236369e-01 -4.5252498e-03 0.0000000e+00 
9.8244466e-02 -6.5867058e-03 0.0000000e+00 
1.1012124e-02 -4.3788482e-03 0.0000000e+00 
9.5735177e-02 5.2710683e-03 0.0000000e+00 
1.0000043e-01 7.6522565e-07 0.0000000e+00 
7.4660189e-02 -2.8955113e-02 0.0000000e+00 
9.4802096e-02 -9.4340565e-03 0.0000000e+00 
7.5753410e-03 -5.1302242e-04 0.0000000e+00 
1.0000989e-01 5.5555111e-06 0.0000000e+00 
1.2381322e-01 3.7193571e-03 0.0000000e+00 
9.9870287e-02 -9.6581382e-04 0.0000000e+00 
1.0034171e-01 -5.4688146e-04 0.0000000e+00 
9.9865347e-02 9.6086593e-04 0.0000000e+00 
1.0050751e-01 1.8880054e-03 0.0000000e+00 
6.0945738e-02 5.5706291e-03 0.0000000e+00 
1.3290194e-01 -3.4294978e-02 0.0000000e+00 
9.9997029e-02 -1.0725303e-04 0.0000000e+00 
-4.4510361e-05 2.7760349e-03 0.0000000e+00 
1.0034459e-01 5.1469664e-04 0.0000000e+00 
1.0940792e-01 1.2209307e-02 0.0000000e+00 
1.0003040e-01 -1.5542091e-05 0.0000000e+00 
1.0000023e-01 2.1499082e-07 0.0000000e+00 
9.8954290e-02 7.7794977e-03 0.0000000e+00 
9.3822367e-02 1.5658079e-02 0.0000000e+00 
1.3200529e-01 1.0239140e-02 0.0000000e+00 
1.1307675e-01 -2.4726205e-02 0.0000000e+00 
8.7463647e-02 -2.7459158e-02 0.0000000e+00 
6.9977932e-02 -4.4691367e-03 0.0000000e+00 
9.1666773e-02 -5.6147479e-02 0.0000000e+00 
-1.7759023e-03 -1.9962150e-03 0.0000000e+00 
1.0000015e-01 -1.2737365e-07 0.0000000e+00 
1.0988127e-01 -3.5684731e-02 0.0000000e+00 
9.9999622e-02 1.1531553e-07 0.0000000e+00 
1.4253180e-01 -4.4898400e-03 0.0000000e+00 
1.0001327e-01 2.1660047e-05 0.0000000e+00 
1.2443772e-01 1.8499097e-02 0.0000000e+00 
1.0000178e-01 1.0781202e-06 0.0000000e+00 
9.9371791e-02 -2.0968134e-03 0.0000000e+00 
9.3384415e-02 4.9974499e-03 0.0000000e+00 
1.4329571e-01 2.2795845e-03 0.0000000e+00 
2.6082380e-02 -7.6544015e-03 0.0000000e+00 
1.3493501e-01 5.3869485e-04 0.0000000e+00 
9.9389598e-02 1.4025095e-03 0.0000000e+00 
1.3571501e-01 -1.5294775e-02 0.0000000e+00 
1.0033671e-01 1.7117217e-04 0.0000000e+00 
5.9326403e-02 -1.2197457e-02 0.0000000e+00 
1.1069723e-01 -8.4353061e-03 0.0000000e+00 
9.9964567e-02 -4.0336370e-05 0.0000000e+00 
8.3809212e-02 -3.0309174e-02 0.0000000e+00 
1.0170800e-01 -2.4834753e-03 0.0000000e+00 
1.0002396e-01 3.7771639e-05 0.0000000e+00 
9.6938774e-02 -1.1963184e-02 0.0000000e+00 
5.6245986e-02 5.3860378e-02 0.0000000e+00 
1.0604876e-01 1.2186836e-02 0.0000000e+00 
1.3805507e-01 1.4361532e-02 0.0000000e+00 
4.0356588e-02 -7.7334596e-03 0.0000000e+00 
1.4308968e-01 4.7340506e-04 0.0000000e+00 
1.2093531e-01 2.2096075e-02 0.0000000e+00 
1.4396746e-01 -1.0381925e-02 0.0000000e+00 
9.3626603e-02 1.2037107e-02 0.0000000e+00 
7.6141000e-02 1.5198999e-02 0.0000000e+00 
9.1602102e-02 -2.5030522e-02 0.0000000e+00 
1.0328703e-01 -1.7575879e-02 0.0000000e+00 
9.6435798e-03 3.3372436e-03 0.0000000e+00 
1.0982292e-01 3.4896417e-03 0.0000000e+00 
8.5736178e-02 2.7261645e-02 0.0000000e+00 
8.4486768e-02 2.6659295e-02 0.0000000e+00 
9.1187015e-02 2.8390568e-02 0.0000000e+00 
1.0027239e-01 3.9174536e-04 0.0000000e+00 
4.8317891e-02 -1.3108939e-02 0.0000000e+00 
1.1946484e-01 2.0236388e-02 0.0000000e+00 
1.1393407e-01 1.4171688e-02 0.0000000e+00 
1.3158868e-01 4.5233495e-03 0.0000000e+00 
9.9838138e-02 4.3618004e-04 0.0000000e+00 
1.2652622e-01 -1.7557362e-02 0.0000000e+00 
1.0205889e-01 -3.1974982e-03 0.0000000e+00 
1.2304220e-01 -3.9363508e-03 0.0000000e+00 
6.7878172e-02 2.4808541e-02 0.0000000e+00 
9.9526212e-02 -4.7605060e-04 0.0000000e+00 
1.2842286e-01 6.5935822e-03 0.0000000e+00 
1.0576578e-01 2.5588342e-03 0.0000000e+00 
2.9661326e-02 2.3568669e-02 0.0000000e+00 
9.3639627e-02 -1.2505511e-03 0.0000000e+00 
1.0004435e-01 6.6416178e-05 0.0000000e+00 
1.1009888e-01 1.7185923e-02 0.0000000e+00 
1.3918398e-01 -7.2021415e-03 0.0000000e+00 
7.7003606e-02 -5.9150569e-02 0.0000000e+00 
1.0001391e-01 -2.1595062e-05 0.0000000e+00 
9.9479608e-02 4.4570706e-04 0.0000000e+00 
3.1079857e-02 -6.7515364e-03 0.0000000e+00 
-1.4192273e-03 -2.2836779e-03 0.0000000e+00 
1.1900293e-01 -4.7747470e-02 0.0000000e+00 
1.2948279e-01 3.7935726e-02 0.0000000e+00 
9.5658451e-02 -4.1475307e-02 0.0000000e+00 
1.3109493e-01 -4.1799275e-03 0.0000000e+00 
4.4453129e-02 -1.7733958e-02 0.0000000e+00 
1.2165470e-01 -1.9100757e-02 0.0000000e+00 
1.0792370e-01 4.3591138e-02 0.0000000e+00 
3.4243729e-02 -3.3339553e-02 0.0000000e+00 
1.0000001e-01 3.7253940e-07 0.0000000e+00 
1.0008135e-01 1.1492301e-04 0.0000000e+00 
7.1540251e-02 2.2593368e-02 0.0000000e+00 
9.8218344e-02 9.3537234e-03 0.0000000e+00 
-3.6656372e-03 1.0551990e-03 0.0000000e+00 
4.9484581e-02 -5.9792199e-03 0.0000000e+00 
1.2312977e-01 -1.1035360e-02 0.0000000e+00 
9.9999666e-02 -1.1245226e-05 0.0000000e+00 
9.8113958e-03 7.0661032e-03 0.0000000e+00 
7.7258855e-02 -4.5160060e-03 0.0000000e+00 
8.2880102e-02 -8.0184732e-03 0.0000000e+00 
1.2097523e-01 6.8845125e-03 0.0000000e+00 
1.0135087e-01 1.9344984e-03 0.0000000e+00 
4.0725738e-02 4.1694168e-02 0.0000000e+00 
1.1493166e-01 -1.0778788e-02 0.0000000e+00 
1.0017496e-01 8.5789216e-05 0.0000000e+00 
-3.7402525e-03 -7.2481402e-04 0.0000000e+00 
8.1605865e-03 -5.3577065e-03 0.0000000e+00 
7.2474806e-03 3.7410384e-04 0.0000000e+00 
1.1536671e-01 -7.6328651e-03 0.0000000e+00 
9.9082924e-02 8.0873276e-04 0.0000000e+00 
1.0054600e-01 -1.4858405e-03 0.0000000e+00 
9.7597018e-02 -1.7924997e-03 0.0000000e+00 
7.3417254e-02 8.6443347e-04 0.0000000e+00 
8.6039998e-02 -1.1331688e-02 0.0000000e+00 
9.9999346e-02 -6.5205541e-06 0.0000000e+00 
9.9705391e-02 6.6695362e-04 0.0000000e+00 
1.3600284e-01 5.5930917e-03 0.0000000e+00 
2.4006398e-02 8.4747933e-03 0.0000000e+00 
8.7484844e-02 -3.7574172e-02 0.0000000e+00 
1.3733952e-01 -4.2869379e-03 0.0000000e+00 
9.8392889e-02 1.7211316e-02 0.0000000e+00 
7.2663732e-02 1.6073661e-02 0.0000000e+00 
9.9999428e-02 -1.0436420e-08 0.0000000e+00 
6.1485969e-02 -1.1447039e-02 0.0000000e+00 
1.0007343e-01 -1.7706593e-04 0.0000000e+00 
1.0006218e-01 -3.2144677e-02 0.0000000e+00 
1.0007310e-01 1.5660394e-04 0.0000000e+00 
9.9478394e-02 1.4872744e-03 0.0000000e+00 
1.0294814e-01 1.2984789e-02 0.0000000e+00 
1.0110183e-01 1.0061016e-02 0.0000000e+00 
1.4071116e-01 -8.4487423e-03 0.0000000e+00 
9.7350150e-02 -1.2955161e-02 0.0000000e+00 
9.9999823e-02 -2.1603904e-07 0.0000000e+00 
8.3390504e-02 5.3355910e-02 0.0000000e+00 
8.5306555e-02 2.1024650e-02 0.0000000e+00 
-1.4869513e-03 -1.3839827e-03 0.0000000e+00 
1.0000031e-01 9.4811185e-08 0.0000000e+00 
1.4067917e-01 9.0618466e-04 0.0000000e+00 
1.0000238e-01 -3.0421288e-06 0.0000000e+00 
9.8843545e-02 4.7989637e-03 0.0000000e+00 
1.3556142e-01 -1.1569635e-02 0.0000000e+00 
1.0000008e-01 -6.3928894e-08 0.0000000e+00 
3.9310291e-02 1.6961869e-02 0.0000000e+00 
6.3622765e-02 -1.3658474e-02 0.0000000e+00 
1.0000236e-01 -3.3768472e-05 0.0000000e+00 
1.3735616e-02 -2.7105305e-03 0.0000000e+00 
1.2308108e-01 -2.0771505e-02 0.0000000e+00 
1.1674489e-01 1.1234900e-02 0.0000000e+00 
1.1593819e-01 -1.0892275e-02 0.0000000e+00 
1.1641774e-01 -3.5777766e-02 0.0000000e+00 
9.9209800e-02 2.7325223e-03 0.0000000e+00 
1.2762061e-01 1.3926255e-02 0.0000000e+00 
1.2141974e-01 -3.9376870e-02 0.0000000e+00 
1.3607413e-01 9.9918349e-03 0.0000000e+00 
1.2181136e-01 -7.2659194e-03 0.0000000e+00 
1.2920207e-02 -3.4006280e-03 0.0000000e+00 
1.0302895e-01 3.0614156e-03 0.0000000e+00 
6.9001079e-02 -2.4408827e-02 0.0000000e+00 
9.5366858e-02 2.2559075e-02 0.0000000e+00 
1.0895269e-01 1.3736922e-02 0.0000000e+00 
1.0059663e-01 1.1973567e-03 0.0000000e+00 
9.8499723e-02 -1.0188675e-03 0.0000000e+00 
1.0917678e-01 -6.1559342e-03 0.0000000e+00 
1.0126451e-01 -1.9157180e-03 0.0000000e+00 
1.0097738e-01 5.7697608e-03 0.0000000e+00 
1.0000125e-01 -1.9252948e-06 0.0000000e+00 
8.0845885e-02 -9.3214596e-03 0.0000000e+00 
3.8680888e-03 1.3562285e-03 0.0000000e+00 
1.2693231e-01 -3.5278536e-02 0.0000000e+00 
1.1081948e-01 7.4234009e-03 0.0000000e+00 
1.0990079e-01 -8.0901235e-03 0.0000000e+00 
1.3707608e-01 -2.2286255e-04 0.0000000e+00 
9.8140351e-02 1.9784980e-02 0.0000000e+00 
1.0082510e-01 2.7304027e-02 0.0000000e+00 
9.8577447e-02 -4.2146840e-03 0.0000000e+00 
1.3751081e-01 1.5534411e-02 0.0000000e+00 
1.2095234e-01 6.8027228e-03 0.0000000e+00 
1.2183492e-01 2.0907545e-02 0.0000000e+00 
8.8241570e-02 -2.5286604e-02 0.0000000e+00 
1.0657883e-01 6.1809840e-03 0.0000000e+00 
8.8142686e-02 3.5658241e-03 0.0000000e+00 
9.9694930e-02 -7.0246577e-04 0.0000000e+00 
8.0427162e-02 -1.8431982e-02 0.0000000e+00 
1.0539995e-01 4.4629676e-03 0.0000000e+00 
1.0000013e-01 3.7862813e-07 0.0000000e+00 
1.0300601e-01 -1.4101375e-02 0.0000000e+00 
1.0583984e-01 -1.4758802e-02 0.0000000e+00 
1.2869039e-01 1.0824289e-02 0.0000000e+00 
9.4966784e-02 6.5266929e-04 0.0000000e+00 
1.1687309e-01 7.5177383e-03 0.0000000e+00 
9.7411431e-02 6.3462001e-03 0.0000000e+00 
1.0000060e-01 -1.0300033e-06 0.0000000e+00 
1.3349733e-01 -3.5613128e-03 0.0000000e+00 
1.9292826e-02 1.0438286e-02 0.0000000e+00 
1.4018834e-01 4.2895996e-04 0.0000000e+00 
1.7637312e-02 -9.4861062e-03 0.0000000e+00 
2.9245088e-02 -6.4625046e-03 0.0000000e+00 
1.2962291e-01 -2.2538598e-03 0.0000000e+00 
1.3697620e-01 -1.8259926e-02 0.0000000e+00 
PRESSURE 1 945  float
3.0338330e+00
0.0000000e+00
0.0000000e+00
3.0334563e+00
-4.0394559e+00
-4.1897268e+00
-4.6380472e+00
-5.2694860e+00
-5.9239297e+00
-6.6155038e+00
-7.2185774e+00
-7.4916129e+00
-7.2708015e+00
-6.1481180e+00
-4.2663565e+00
-1.5584799e+00
1.5374905e+00
4.5200009e+00
7.0162396e+00
8.7901239e+00
9.3296156e+00
8.7856865e+00
7.1291857e+00
4.5628662e+00
1.4953299e+00
-1.5535786e+00
-4.1803398e+00
-6.1615372e+00
-7.1757808e+00
-7.5716949e+00
-7.2134738e+00
-6.5837278e+00
-5.9330506e+00
-5.2943783e+00
-4.6123419e+00
-4.1729150e+00
3.0284064e+00
2.9708481e+00
2.8594522e+00
2.6670909e+00
2.3368583e+00
1.9095898e+00
1.3369455e+00
6.9440198e-01
3.7487563e-02
-5.5520207e-01
-9.1517597e-01
-1.0819387e+00
-1.0348940e+00
-8.3778805e-01
-5.5227315e-01
-3.3958068e-01
-1.8215927e-01
-1.0427734e-01
-5.5452302e-02
-2.8076187e-02
-1.4436684e-02
-6.8410607e-03
-4.0087602e-03
-1.2628755e-03
-8.2211650e-04
-3.1013167e-04
-1.4099828e-04
-4.0864761e-05
-5.9781905e-06
1.2412362e-05
1.3978925e-05
1.2608499e-05
8.9828727e-06
5.8326395e-06
1.8266165e-06
0.0000000e+00
0.0000000e+00
0.0000000e+00
0.0000000e+00
0.0000000e+00
0.0000000e+00
0.0000000e+00
0.0000000e+00
0.0000000e+00
-3.1615525e-06
-7.8651519e-06
-1.1200597e-05
-1.7565777e-05
-2.8156717e-05
-3.6952366e-05
-1.0193234e-04
-1.5023735e-04
-2.4040234e-04
-4.7980639e-04
-1.0628557e-03
-2.0753948e-03
-3.9586574e-03
-7.6913144e-03
-1.4890148e-02
-2.8924093e-02
-5.6302823e-02
-1.0563792e-01
-1.8783195e-01
-3.4305471e-01
-5.5669892e-01
-8.2978201e-01
-1.0267559e+00
-1.0894969e+00
-9.0182835e-01
-5.3011823e-01
3.8406316e-02
6.9745368e-01
1.3385217e+00
1.9082865e+00
2.3477280e+00
2.6676698e+00
2.8669429e+00
2.9737251e+00
3.0293629e+00
3.0520194e+00
3.0981762e+00
3.1531768e+00
3.2058959e+00
3.2255592e+00
3.2071698e+00
3.1563263e+00
3.0985258e+00
3.0523469e+00
8.5806236e+00
-2.4009512e-01
-4.4100574e-01
-8.4656477e-03
-1.9928177e-04
-3.5272813e-05
2.6051366e+00
-6.9871768e-02
2.5744331e+00
3.2235105e+00
-2.3659330e-03
-3.4648769e-02
1.2410142e-06
-1.8364153e-04
-9.8404849e-01
1.6772605e-06
-1.1338137e+00
9.9805349e-01
1.0203724e+00
-8.6321169e-01
8.7586959e-06
-8.4481525e-01
3.1800895e+00
-1.4528709e-06
-9.9148939e-04
-6.1433139e-04
-9.2132846e-03
-1.3104992e-05
3.1268845e+00
2.9475808e+00
1.3881605e-06
2.9532149e+00
-3.3074568e-06
4.1035096e-06
3.0705545e+00
-1.1118251e+00
-1.3884984e+00
-1.2704626e+00
-1.6551831e+00
-1.7907324e+00
-2.2133842e+00
-1.9248557e+00
-2.6741862e+00
-2.1393387e+00
-2.9426682e+00
-2.2452004e+00
-2.7905099e+00
-2.0811789e+00
-2.5091412e+00
-1.7524897e+00
-2.1003330e+00
-1.2934370e+00
-1.6505973e+00
-8.6303300e-01
-6.4040053e-01
-3.2073769e-01
-1.2653021e+00
-2.3034558e-01
3.2985087e-02
-5.3890591e+00
-4.4124408e+00
4.2079210e-02
1.7951129e-01
-2.3259535e+00
-1.5203254e+00
9.5538720e-02
9.4249107e-02
-1.9890999e+00
-1.8087101e+00
-4.1333165e+00
9.7539723e-02
1.0599953e-01
7.6661870e-02
4.4156592e-02
3.8608711e-02
2.9973771e-02
2.3389509e-02
-2.5979469e+00
-2.3861847e+00
-1.7654545e+00
-3.0505342e+00
-2.8503537e+00
-3.3943467e+00
-3.1192212e+00
-3.6832089e+00
-3.1804357e+00
-3.6723585e+00
-2.6112683e+00
-3.0685918e+00
-3.4413223e+00
-5.8316822e+00
-4.8667078e+00
1.3715541e-02
1.2205738e-02
1.0551125e-02
7.6410971e-03
-2.7640071e+00
-3.0307555e+00
-7.2910152e-03
4.0688398e-03
3.6094408e-03
2.3833641e-03
1.9293269e-03
-3.3144538e+00
1.0984472e-03
9.3033485e-04
5.1739323e-04
4.0769082e-04
-2.6528678e+00
1.2716340e-04
2.1794731e-04
1.4821364e-04
1.1753522e-04
2.2562388e-05
4.7177648e-05
-3.8635962e+00
-3.1975491e+00
-6.9056816e+00
4.1721076e-02
6.4503282e-02
-3.2799854e+00
-1.7565215e-01
4.9504465e-06
1.9384403e-05
9.1043802e-07
7.2896823e-06
1.9280760e-05
9.1807233e-06
8.3488478e-05
-1.6146770e+00
-2.3662059e+00
-1.9999522e-06
5.7902292e-04
-2.4474878e+00
4.2614788e-03
2.4979737e-02
-4.0203028e+00
-3.2062569e+00
-2.5171058e+00
-2.3301291e+00
-3.1468475e+00
-1.9357288e+00
-1.2707236e-01
-2.4874585e+00
-1.3285294e+00
-4.9522195e+00
-1.0622730e+00
-4.3429911e-01
-5.2635789e-01
2.8902015e-01
5.4576725e-01
1.0663165e+00
1.5124637e+00
5.3032374e+00
1.7803127e+00
2.3422234e+00
2.3812940e+00
2.9135282e+00
2.8184819e+00
3.3440611e+00
3.0891116e+00
3.4918227e+00
3.8819911e+00
3.8590214e+00
4.2814264e+00
4.1035571e+00
4.4975815e+00
4.1758904e+00
4.4843512e+00
4.0984979e+00
4.2665300e+00
3.9105563e+00
3.5403695e+00
3.9256790e+00
4.3661342e+00
3.8338749e+00
4.1114216e+00
7.4384356e+00
3.5334013e+00
3.5271924e+00
3.8705618e+00
3.6653404e+00
3.0337532e+00
2.8519435e+00
2.7761824e+00
2.4295044e+00
2.0526431e+00
-6.1650634e+00
-2.6877596e+00
3.0766442e+00
2.9973557e+00
4.7386341e+00
2.3889871e+00
4.8445582e+00
1.7677622e+00
1.1415644e+00
2.1380360e+00
3.3999519e+00
3.6601608e+00
3.4454153e+00
3.4683077e+00
3.3145895e+00
-3.6331365e-01
-8.6574727e-01
1.1058093e+00
3.9584485e-01
2.2026640e-01
-5.6413502e-01
-1.3070700e-01
-9.7427672e-01
-1.6823398e+00
-6.8645921e+00
-5.0896311e-01
-1.8577391e+00
-2.9351625e+00
1.3605208e+00
1.0050672e+00
-3.5972898e+00
1.6223563e-05
9.1809061e-06
-4.1007228e+00
1.1939576e-02
-4.5502005e+00
-2.6789901e+00
-1.9385499e+00
-3.7257450e+00
3.2127864e+00
-2.6859808e+00
2.1292465e-03
4.4947897e-06
-3.7559917e+00
-3.0771549e+00
4.5292836e-04
-4.5560088e+00
-4.8880467e+00
-3.0939448e-01
7.8178409e-06
-1.8317746e+00
-3.3211174e+00
-4.2460694e+00
-3.7244771e+00
-4.4375944e+00
2.1834817e-04
3.3323195e+00
3.4247363e+00
1.8641783e-01
-1.8357766e-01
3.1478341e+00
2.3830965e-01
5.7911011e-06
-4.7359762e+00
1.3704887e-05
1.9462072e-05
-3.9377524e-06
-1.1513857e-05
-3.7865391e+00
-2.2248516e+00
-2.4766748e+00
-5.9447361e-06
-7.8723506e-06
-3.9110386e+00
-4.4137712e+00
-5.0286021e+00
-4.6910200e+00
-5.2045336e+00
-4.7780333e+00
-4.4136291e+00
-4.4220309e+00
3.0050962e+00
3.0003624e+00
1.2330783e-05
-4.1154037e+00
-4.0808229e+00
-4.3291464e+00
-3.9815612e+00
-2.2554143e-06
-5.5290155e+00
2.1058677e-01
-8.5883623e-01
-8.3738083e-01
-4.4218896e-06
-4.7534114e-01
3.3117826e+00
3.3457897e+00
3.2465010e+00
3.4910934e+00
3.3398898e+00
3.4186745e+00
3.2670288e+00
3.2924254e+00
3.1382425e+00
3.0668004e+00
3.1602590e+00
-4.1665182e+00
-3.8373435e+00
-3.6237767e+00
-3.9957511e+00
-3.7282150e+00
2.5935058e-06
2.9702995e+00
1.0649012e-01
-3.9113398e+00
-3.7052343e+00
-3.9706137e+00
-3.7583582e+00
-4.0681610e+00
-5.3852854e+00
-2.9760499e+00
-1.0413043e+00
-8.0257314e-01
-9.7870076e-01
-1.8328335e+00
-1.9600737e+00
3.2677374e+00
-4.8409066e+00
-5.1600466e+00
-4.8127141e+00
-5.2017207e+00
-5.6528263e+00
-3.4138141e+00
-5.7392659e+00
-1.4350536e-05
-7.1820241e-06
-4.0458894e+00
-4.7583494e+00
-4.9834127e+00
-4.5841727e+00
-4.6926975e+00
-4.3629351e+00
-4.2229400e+00
2.6756911e-06
5.7467596e-06
-4.2506461e+00
3.0238631e+00
3.1188445e+00
-4.1586366e+00
-3.0928288e+00
-3.7709355e+00
-3.8680046e+00
-2.3685372e+00
-3.5482097e+00
-1.7563301e+00
-4.8048110e+00
4.5548363e+00
5.2314134e+00
5.3343024e+00
5.9220829e+00
5.8102112e+00
6.6313462e+00
6.4141698e+00
7.2031455e+00
6.6231527e+00
5.9783540e+00
5.9500980e+00
6.3629336e+00
5.5564036e+00
5.6076155e+00
4.8518171e+00
4.4993505e+00
4.8110785e+00
6.5240655e+00
6.3461046e+00
5.2804995e+00
5.4496536e+00
4.2302012e+00
3.9944937e+00
3.3086977e+00
3.5297468e+00
2.1267786e+00
2.2530897e+00
4.3543711e+00
3.3433254e+00
2.6583595e+00
2.0556653e+00
8.6032492e-01
7.3514754e-01
1.7706876e+00
-4.5063353e+00
-2.6119809e+00
2.6456585e+00
-1.0050387e-05
7.1043688e-01
-2.8407235e+00
-1.0860556e+00
-3.3210959e+00
3.5242740e-02
5.5068607e+00
-1.3220121e-01
-6.5419130e+00
-6.8499522e+00
-5.2888422e+00
-4.7868037e+00
-4.1531634e+00
7.3866568e+00
2.8044291e+00
2.8846078e+00
2.5842755e+00
-6.8432140e+00
-6.3021708e+00
-2.3651774e+00
-2.7760868e+00
2.7755399e+00
2.6956315e+00
-5.0154614e+00
2.1433325e+00
8.3990641e+00
-4.0366483e+00
-2.9528580e+00
9.8856917e-06
-2.7966745e+00
7.4028343e-01
4.9821429e+00
4.7172079e+00
-1.4162048e+00
-1.5907110e+00
4.4279656e+00
3.9172568e+00
-3.9424598e+00
-1.2042867e+00
2.2103345e+00
1.6380446e+00
1.1940034e-05
2.7047468e-05
2.2126937e+00
2.9711573e+00
2.5262532e+00
2.2990334e+00
3.3268876e+00
2.0491519e+00
1.8215622e+00
1.4378816e+00
-1.0069628e+00
-1.0324134e+00
-7.5273281e-01
-7.3717248e-01
-3.9727712e-01
-6.2666643e-01
-2.4434915e-01
-2.1389614e-01
-9.0482220e-02
-9.5117986e-02
-1.6975410e-01
-1.1434988e+00
-1.2652172e+00
-9.7474974e-01
-1.4376645e+00
-9.9278110e-01
-7.2238082e-01
-6.3874763e-01
-8.8707238e-01
-4.7013983e-01
-7.1356612e-01
-3.2299069e-01
-1.4136995e-01
-1.6488253e-01
-1.3182664e+00
-2.8339939e-02
-6.6483207e-02
-1.3788470e+00
-1.1301720e+00
-1.4963210e+00
-1.6709137e+00
3.0201223e-02
-1.8515358e+00
9.6851766e-02
-1.1012487e+00
-4.4213179e-01
-6.3931358e-01
9.6211398e-01
2.1678329e+00
1.6312902e+00
5.1881800e+00
7.2381244e+00
-1.6968127e-01
-9.5694780e-01
-9.2198300e-01
-4.8201218e-01
-7.6630735e-01
2.5534441e+00
2.8247564e+00
3.2243407e+00
2.8095038e+00
7.4204016e+00
-4.5324546e-01
-4.7180305e+00
3.1818578e+00
2.4689150e+00
-3.4295246e-01
-4.8307886e+00
9.3687395e-06
-6.3226681e+00
-6.5015864e+00
-6.3172612e+00
-5.6816540e+00
-2.8848252e-01
1.6874369e+00
1.6115252e+00
-2.9610164e+00
-5.0666862e+00
-1.3019098e-01
-7.0751071e-02
-3.0960765e-02
-1.3685294e-02
-5.1444187e-03
1.0794185e-03
-5.1961937e-03
2.1758551e-02
-6.5879442e-02
-7.8170672e-03
6.7813584e-04
-1.1323248e+00
3.1239841e+00
3.0818233e+00
3.6005955e+00
1.6081480e+00
8.7304109e-01
9.5844918e-01
8.7040889e-01
5.4700017e+00
-1.7727909e+00
-8.4443283e-01
-3.3772516e-03
7.9240149e-04
-1.8641728e-03
2.3373838e-04
-9.1181224e-04
3.0706270e+00
3.5567109e-03
1.5634531e-02
-1.2515510e-03
-5.2264862e-04
-2.3135323e-04
8.3874065e-06
3.1654665e+00
8.0257626e+00
-1.6032950e+00
2.4195366e+00
2.7991474e-01
-8.2997013e-07
-3.3191867e-02
-2.9098406e-02
-1.4886847e-02
-4.7954004e-03
-1.0306298e-03
-1.3423453e-02
-6.9972463e-02
-7.2201057e-03
-3.3325006e-04
6.6929404e-03
-4.6929833e-03
1.0343146e-06
-1.8148517e-02
6.6189699e-07
5.8833502e-06
3.6493675e-05
-1.4663655e-05
5.5614659e-05
8.7538319e-05
1.5562359e-04
7.1836934e-05
2.8300105e-04
7.5354008e-05
4.9623451e-04
-1.9811469e-05
8.5325114e-04
-2.3376243e-04
1.5834974e-03
-5.5585674e-04
-2.0696230e-03
1.1656001e-03
1.4452568e-04
5.1769079e-05
-5.2247148e+00
-1.1721950e-04
-1.1706150e-04
-5.2999399e-05
-4.4814654e-04
-7.4442185e-05
-2.4973378e-05
-5.5844310e-05
-1.2202648e-05
-9.4544512e-06
-1.0053410e-05
1.4953598e-05
-1.2834153e-04
2.8879162e-05
9.3243898e-06
-4.1341691e-06
3.5092511e+00
3.6279020e+00
3.9005161e-05
6.7093051e-06
5.2362125e-06
3.0858576e+00
-1.7183963e-02
2.3812261e-06
2.9617344e-04
3.7168660e+00
-4.3545794e+00
-3.5472178e-07
-3.7627227e+00
-3.3719394e+00
-4.3982639e+00
3.0934448e+00
2.2098953e-03
4.6891682e-02
-1.5500916e-06
9.1614859e-04
-1.2489440e-01
-1.3872890e+00
3.2665248e+00
-1.4958405e-01
-7.3762816e-01
2.4843624e-02
-3.8503647e+00
6.2075183e-02
7.2098710e-06
4.9847474e+00
3.6372142e+00
-4.3906050e+00
-2.2617878e-05
3.3905289e-01
3.1699703e+00
3.0194242e+00
3.1677964e+00
3.0479038e+00
-6.1579552e+00
-1.4215819e+00
2.9706773e-05
-3.4508655e+00
3.0181806e+00
2.0403819e+00
-2.9904998e-04
1.5784653e-06
1.8347724e-03
-2.5932739e-02
-1.4089673e+00
-1.9257197e+00
-1.8938409e+00
5.7155795e+00
-9.3384391e-01
-3.4379177e+00
-4.4794592e-06
1.5021929e+00
2.9010540e-08
-2.1859787e+00
-5.7103687e-05
2.1053937e-01
1.1138079e-05
3.2221615e+00
3.8336067e+00
-2.5001853e+00
-4.0102844e+00
-1.3030530e+00
3.2380030e+00
-1.2373252e+00
-4.3795547e-03
-2.0996352e-01
-3.1091416e-01
1.8756744e-04
4.2361002e+00
-5.5908313e+00
-1.7900566e-04
3.4016328e+00
4.1079869e+00
-5.6716461e+00
-1.5175338e+00
-6.0732585e-01
-2.8615582e+00
-1.7090311e+00
-2.5228519e+00
-4.2842541e+00
5.1868734e+00
-2.4890547e+00
2.6657577e+00
-5.8889370e+00
-2.3392439e-01
-1.4288408e+00
4.2878618e+00
3.6582141e+00
-3.9226748e-03
-3.8477066e+00
7.7395570e-01
1.5099721e+00
-7.0574939e-01
3.1308874e-03
-2.6247053e+00
2.8644848e+00
4.4669455e-01
-1.0440817e+00
3.2486074e+00
-2.5352174e-01
-1.2374999e-01
7.5517163e+00
3.8055367e+00
-4.1571722e-04
1.9121544e+00
-2.1502240e+00
1.4055488e+00
-1.9334386e-04
8.1044864e-03
-5.4544525e+00
-4.2253571e+00
-3.5802346e-01
-1.1154611e+00
2.7818830e+00
-6.7503500e-01
-1.1810478e+00
5.2618092e-01
1.3741168e+00
6.8790975e+00
5.5296960e-06
-9.4644696e-04
-5.1757467e-01
3.2863162e+00
-4.0502310e+00
-6.2646551e+00
4.3021324e-01
-1.8595481e-05
-3.2387695e+00
5.1979499e+00
1.2162290e-01
-4.9974332e+00
2.9342494e+00
6.1591706e+00
-4.7109717e-01
-1.9345059e-03
-4.0619025e+00
-3.5176859e+00
-4.9055152e+00
1.3938763e+00
1.4332702e-02
3.0270877e+00
4.2865183e-02
5.4695916e+00
-4.4468870e+00
-3.0837931e-05
3.2184424e+00
-3.4103673e+00
-3.7716708e+00
3.6415753e+00
-1.4969139e+00
-3.5683267e+00
-3.7865591e+00
-3.9153534e-07
-4.3915634e+00
3.0416853e+00
-4.7111783e+00
3.0408683e+00
1.0146633e-02
2.7644613e+00
2.9733827e+00
-1.9102998e+00
-5.9537625e+00
-2.9721443e-06
-9.4167727e-01
4.3980393e+00
-3.0999365e+00
1.3724527e-06
-2.0002985e+00
-4.9671573e-05
2.5102552e-02
-1.9457989e+00
-2.4984861e-06
-2.8383584e+00
-4.0523548e+00
-1.7609425e-04
-5.1144018e+00
-2.0972946e+00
1.2096561e+00
-5.3523002e+00
7.1498007e-01
1.9382376e-02
-1.2226564e+00
-4.9649891e-02
-1.2681159e+00
5.9919667e-01
-4.1466355e+00
2.7641563e+00
-2.2963226e+00
3.3438616e+00
-3.8080046e+00
3.0111852e+00
2.0820212e-02
2.1010394e+00
2.9419155e+00
-2.9792542e-02
-4.0567065e-05
4.8825731e+00
-4.6818609e+00
-5.6189591e-01
-3.0743822e-01
-4.3547316e+00
-1.5384614e+00
-2.0834948e-01
-1.1236172e+00
3.4940537e-02
-4.1590619e+00
7.0748490e-01
-1.2895063e+00
3.9905715e+00
-5.5574317e+00
-5.5653925e+00
3.2155075e+00
-1.3667539e-01
2.5089977e+00
1.8546089e-06
2.7530558e+00
2.4299634e+00
-3.3933713e+00
3.6829238e+00
1.2078025e+00
3.3929341e+00
-1.5184213e-05
-1.0326307e+00
-2.2240233e+00
-3.3921614e+00
-3.1827865e+00
-5.9433689e+00
-4.8507011e-01
-4.1888342e+00
CELL_DATA 1766
FIELD FieldData 0
