# vtk DataFile Version 4.0
vtk output
ASCII
DATASET UNSTRUCTURED_GRID
POINTS 945 float
0.0000000e+00 0.0000000e+00 0.0000000e+00 
2.0000000e+00 0.0000000e+00 0.0000000e+00 
2.0000000e+00 6.0000002e-01 0.0000000e+00 
0.0000000e+00 6.0000002e-01 0.0000000e+00 
5.6000000e-01 3.0000001e-01 0.0000000e+00 
5.5884713e-01 2.8829461e-01 0.0000000e+00 
5.5543280e-01 2.7703899e-01 0.0000000e+00 
5.4988819e-01 2.6666579e-01 0.0000000e+00 
5.4242641e-01 2.5757360e-01 0.0000000e+00 
5.3333420e-01 2.5011179e-01 0.0000000e+00 
5.2296102e-01 2.4456720e-01 0.0000000e+00 
5.1170540e-01 2.4115290e-01 0.0000000e+00 
5.0000000e-01 2.3999999e-01 0.0000000e+00 
4.8829460e-01 2.4115290e-01 0.0000000e+00 
4.7703901e-01 2.4456720e-01 0.0000000e+00 
4.6666580e-01 2.5011179e-01 0.0000000e+00 
4.5757359e-01 2.5757360e-01 0.0000000e+00 
4.5011181e-01 2.6666579e-01 0.0000000e+00 
4.4456720e-01 2.7703899e-01 0.0000000e+00 
4.4115290e-01 2.8829461e-01 0.0000000e+00 
4.4000000e-01 3.0000001e-01 0.0000000e+00 
4.4115290e-01 3.1170541e-01 0.0000000e+00 
4.4456720e-01 3.2296100e-01 0.0000000e+00 
4.5011181e-01 3.3333421e-01 0.0000000e+00 
4.5757359e-01 3.4242639e-01 0.0000000e+00 
4.6666580e-01 3.4988821e-01 0.0000000e+00 
4.7703901e-01 3.5543281e-01 0.0000000e+00 
4.8829460e-01 3.5884711e-01 0.0000000e+00 
5.0000000e-01 3.6000001e-01 0.0000000e+00 
5.1170540e-01 3.5884711e-01 0.0000000e+00 
5.2296102e-01 3.5543281e-01 0.0000000e+00 
5.3333420e-01 3.4988821e-01 0.0000000e+00 
5.4242641e-01 3.4242639e-01 0.0000000e+00 
5.4988819e-01 3.3333421e-01 0.0000000e+00 
5.5543280e-01 3.2296100e-01 0.0000000e+00 
5.5884713e-01 3.1170541e-01 0.0000000e+00 
5.9016321e-02 0.0000000e+00 0.0000000e+00 
1.1803260e-01 0.0000000e+00 0.0000000e+00 
1.7704900e-01 0.0000000e+00 0.0000000e+00 
2.3587100e-01 0.0000000e+00 0.0000000e+00 
2.9085249e-01 0.0000000e+00 0.0000000e+00 
3.4144861e-01 0.0000000e+00 0.0000000e+00 
3.8872591e-01 0.0000000e+00 0.0000000e+00 
4.3368599e-01 0.0000000e+00 0.0000000e+00 
4.7725680e-01 0.0000000e+00 0.0000000e+00 
5.2034539e-01 0.0000000e+00 0.0000000e+00 
5.6386721e-01 0.0000000e+00 0.0000000e+00 
6.0872579e-01 0.0000000e+00 0.0000000e+00 
6.5584701e-01 0.0000000e+00 0.0000000e+00 
7.0623368e-01 0.0000000e+00 0.0000000e+00 
7.6094180e-01 0.0000000e+00 0.0000000e+00 
8.1967372e-01 0.0000000e+00 0.0000000e+00 
8.7868989e-01 0.0000000e+00 0.0000000e+00 
9.3770629e-01 0.0000000e+00 0.0000000e+00 
9.9672258e-01 0.0000000e+00 0.0000000e+00 
1.0557390e+00 0.0000000e+00 0.0000000e+00 
1.1147550e+00 0.0000000e+00 0.0000000e+00 
1.1737720e+00 0.0000000e+00 0.0000000e+00 
1.2327880e+00 0.0000000e+00 0.0000000e+00 
1.2918040e+00 0.0000000e+00 0.0000000e+00 
1.3508210e+00 0.0000000e+00 0.0000000e+00 
1.4098370e+00 0.0000000e+00 0.0000000e+00 
1.4688530e+00 0.0000000e+00 0.0000000e+00 
1.5278690e+00 0.0000000e+00 0.0000000e+00 
1.5868860e+00 0.0000000e+00 0.0000000e+00 
1.6459020e+00 0.0000000e+00 0.0000000e+00 
1.7049180e+00 0.0000000e+00 0.0000000e+00 
1.7639350e+00 0.0000000e+00 0.0000000e+00 
1.8229510e+00 0.0000000e+00 0.0000000e+00 
1.8819669e+00 0.0000000e+00 0.0000000e+00 
1.9409840e+00 0.0000000e+00 0.0000000e+00 
2.0000000e+00 5.9999999e-02 0.0000000e+00 
2.0000000e+00 1.2000000e-01 0.0000000e+00 
2.0000000e+00 1.8000001e-01 0.0000000e+00 
2.0000000e+00 2.3999999e-01 0.0000000e+00 
2.0000000e+00 3.0000001e-01 0.0000000e+00 
2.0000000e+00 3.6000001e-01 0.0000000e+00 
2.0000000e+00 4.1999999e-01 0.0000000e+00 
2.0000000e+00 4.7999999e-01 0.0000000e+00 
2.0000000e+00 5.4000002e-01 0.0000000e+00 
1.9409840e+00 6.0000002e-01 0.0000000e+00 
1.8819669e+00 6.0000002e-01 0.0000000e+00 
1.8229510e+00 6.0000002e-01 0.0000000e+00 
1.7639350e+00 6.0000002e-01 0.0000000e+00 
1.7049180e+00 6.0000002e-01 0.0000000e+00 
1.6459020e+00 6.0000002e-01 0.0000000e+00 
1.5868860e+00 6.0000002e-01 0.0000000e+00 
1.5278690e+00 6.0000002e-01 0.0000000e+00 
1.4688530e+00 6.0000002e-01 0.0000000e+00 
1.4098370e+00 6.0000002e-01 0.0000000e+00 
1.3508210e+00 6.0000002e-01 0.0000000e+00 
1.2918040e+00 6.0000002e-01 0.0000000e+00 
1.2327880e+00 6.0000002e-01 0.0000000e+00 
1.1737720e+00 6.0000002e-01 0.0000000e+00 
1.1147550e+00 6.0000002e-01 0.0000000e+00 
1.0557390e+00 6.0000002e-01 0.0000000e+00 
9.9672258e-01 6.0000002e-01 0.0000000e+00 
9.3770629e-01 6.0000002e-01 0.0000000e+00 
8.7868989e-01 6.0000002e-01 0.0000000e+00 
8.1967372e-01 6.0000002e-01 0.0000000e+00 
7.6094180e-01 6.0000002e-01 0.0000000e+00 
7.0623368e-01 6.0000002e-01 0.0000000e+00 
6.5584701e-01 6.0000002e-01 0.0000000e+00 
6.0872579e-01 6.0000002e-01 0.0000000e+00 
5.6386721e-01 6.0000002e-01 0.0000000e+00 
5.2034539e-01 6.0000002e-01 0.0000000e+00 
4.7725680e-01 6.0000002e-01 0.0000000e+00 
4.3368599e-01 6.0000002e-01 0.0000000e+00 
3.8872591e-01 6.0000002e-01 0.0000000e+00 
3.4144861e-01 6.0000002e-01 0.0000000e+00 
2.9085249e-01 6.0000002e-01 0.0000000e+00 
2.3587100e-01 6.0000002e-01 0.0000000e+00 
1.7704900e-01 6.0000002e-01 0.0000000e+00 
1.1803260e-01 6.0000002e-01 0.0000000e+00 
5.9016321e-02 6.0000002e-01 0.0000000e+00 
0.0000000e+00 5.4000002e-01 0.0000000e+00 
0.0000000e+00 4.7999999e-01 0.0000000e+00 
0.0000000e+00 4.1999999e-01 0.0000000e+00 
0.0000000e+00 3.6000001e-01 0.0000000e+00 
0.0000000e+00 3.0000001e-01 0.0000000e+00 
0.0000000e+00 2.3999999e-01 0.0000000e+00 
0.0000000e+00 1.8000001e-01 0.0000000e+00 
0.0000000e+00 1.2000000e-01 0.0000000e+00 
0.0000000e+00 5.9999999e-02 0.0000000e+00 
4.3026751e-01 3.0683401e-01 0.0000000e+00 
8.4908241e-01 5.5269438e-01 0.0000000e+00 
7.8790653e-01 5.1802918e-02 0.0000000e+00 
1.1430219e+00 5.0576471e-02 0.0000000e+00 
1.4415160e+00 5.0573289e-02 0.0000000e+00 
1.6754100e+00 5.5038619e-01 0.0000000e+00 
2.6041579e-01 5.2875768e-02 0.0000000e+00 
9.6895182e-01 5.0380111e-02 0.0000000e+00 
2.6302171e-01 5.5612308e-01 0.0000000e+00 
5.5065349e-02 2.6500449e-01 0.0000000e+00 
1.2615570e+00 5.4759312e-01 0.0000000e+00 
1.0253479e+00 5.4886931e-01 0.0000000e+00 
1.6201590e+00 5.4130111e-02 0.0000000e+00 
1.4979730e+00 5.5115038e-01 0.0000000e+00 
6.7900127e-01 5.5979192e-01 0.0000000e+00 
1.9463980e+00 2.6800990e-01 0.0000000e+00 
6.3145077e-01 3.8099781e-02 0.0000000e+00 
4.1331020e-01 5.6811810e-01 0.0000000e+00 
4.1231820e-01 3.8809739e-02 0.0000000e+00 
5.4410732e-01 5.6000441e-01 0.0000000e+00 
1.7962800e+00 5.9606131e-02 0.0000000e+00 
5.4468262e-01 3.7558820e-02 0.0000000e+00 
4.9130220e-02 3.9247900e-01 0.0000000e+00 
1.9509200e+00 3.8997239e-01 0.0000000e+00 
1.3233820e+00 4.9667731e-02 0.0000000e+00 
1.3821890e+00 5.4839480e-01 0.0000000e+00 
1.1434870e+00 5.4837209e-01 0.0000000e+00 
1.7959980e+00 5.4855859e-01 0.0000000e+00 
4.9401909e-02 1.5067521e-01 0.0000000e+00 
1.4989950e-01 5.5529898e-01 0.0000000e+00 
1.9519399e+00 1.5339760e-01 0.0000000e+00 
1.4754079e-01 5.1025499e-02 0.0000000e+00 
1.9506550e+00 5.1069498e-01 0.0000000e+00 
1.9114760e+00 5.1109631e-02 0.0000000e+00 
4.9216151e-02 5.0927132e-01 0.0000000e+00 
5.8710063e-01 3.6655251e-02 0.0000000e+00 
6.0428280e-01 7.4787550e-02 0.0000000e+00 
6.4929068e-01 7.4443869e-02 0.0000000e+00 
6.2715179e-01 1.0633790e-01 0.0000000e+00 
5.9329480e-01 1.0799770e-01 0.0000000e+00 
6.0949302e-01 1.3488390e-01 0.0000000e+00 
6.4123279e-01 1.3555969e-01 0.0000000e+00 
6.2006623e-01 1.6328260e-01 0.0000000e+00 
6.5316749e-01 1.6381399e-01 0.0000000e+00 
6.3351321e-01 1.8958050e-01 0.0000000e+00 
6.6427898e-01 1.8941709e-01 0.0000000e+00 
6.4933020e-01 2.1180780e-01 0.0000000e+00 
6.7645937e-01 2.1359310e-01 0.0000000e+00 
6.6097301e-01 2.3410480e-01 0.0000000e+00 
6.8796802e-01 2.3757669e-01 0.0000000e+00 
6.7103261e-01 2.5876111e-01 0.0000000e+00 
6.9990993e-01 2.6214910e-01 0.0000000e+00 
6.8101048e-01 2.8387409e-01 0.0000000e+00 
7.1248281e-01 2.8716281e-01 0.0000000e+00 
7.2971261e-01 2.6349890e-01 0.0000000e+00 
7.4486363e-01 2.9076719e-01 0.0000000e+00 
6.9556361e-01 3.0985960e-01 0.0000000e+00 
7.6406652e-01 2.6318431e-01 0.0000000e+00 
7.8114778e-01 2.9619500e-01 0.0000000e+00 
5.5403137e-01 2.5565761e-01 0.0000000e+00 
5.6691158e-01 2.7902979e-01 0.0000000e+00 
8.0246252e-01 2.6402649e-01 0.0000000e+00 
8.2167560e-01 3.0103979e-01 0.0000000e+00 
5.7978672e-01 1.3316999e-01 0.0000000e+00 
6.9627529e-01 1.8651520e-01 0.0000000e+00 
8.4832448e-01 2.6130950e-01 0.0000000e+00 
8.6857778e-01 3.0716091e-01 0.0000000e+00 
6.6883779e-01 3.0851370e-01 0.0000000e+00 
6.8001598e-01 3.3176759e-01 0.0000000e+00 
5.6956083e-01 3.0685109e-01 0.0000000e+00 
8.9643359e-01 2.6652190e-01 0.0000000e+00 
9.1803229e-01 3.1445420e-01 0.0000000e+00 
9.4838840e-01 2.6944679e-01 0.0000000e+00 
9.7196358e-01 3.1528941e-01 0.0000000e+00 
1.0020620e+00 2.7188951e-01 0.0000000e+00 
1.0263140e+00 3.1974381e-01 0.0000000e+00 
1.0557370e+00 2.7577680e-01 0.0000000e+00 
6.5179992e-01 3.3081001e-01 0.0000000e+00 
6.6418201e-01 3.5163379e-01 0.0000000e+00 
6.8745148e-01 3.5866591e-01 0.0000000e+00 
6.4083183e-01 3.5175639e-01 0.0000000e+00 
6.5020132e-01 3.7057751e-01 0.0000000e+00 
6.2925631e-01 3.6861771e-01 0.0000000e+00 
6.3750827e-01 3.8906679e-01 0.0000000e+00 
6.1479098e-01 3.8505989e-01 0.0000000e+00 
6.2451601e-01 4.0700281e-01 0.0000000e+00 
6.0271370e-01 4.0461549e-01 0.0000000e+00 
6.4791143e-01 4.1049060e-01 0.0000000e+00 
6.1149168e-01 4.2533240e-01 0.0000000e+00 
5.8940130e-01 4.2314041e-01 0.0000000e+00 
5.4590571e-01 3.5405469e-01 0.0000000e+00 
5.5933821e-01 3.3214769e-01 0.0000000e+00 
1.0820900e+00 3.2265610e-01 0.0000000e+00 
1.1129040e+00 2.7988619e-01 0.0000000e+00 
1.1385900e+00 3.3131590e-01 0.0000000e+00 
1.1718310e+00 2.8342861e-01 0.0000000e+00 
5.9854919e-01 4.4447681e-01 0.0000000e+00 
5.7566178e-01 4.4153079e-01 0.0000000e+00 
8.0048358e-01 3.3398119e-01 0.0000000e+00 
1.1962050e+00 3.3624330e-01 0.0000000e+00 
1.2286429e+00 2.8668931e-01 0.0000000e+00 
1.2540359e+00 3.3862561e-01 0.0000000e+00 
1.2863950e+00 2.8994620e-01 0.0000000e+00 
6.1140192e-01 1.8628950e-01 0.0000000e+00 
1.3121480e+00 3.4238011e-01 0.0000000e+00 
1.3446890e+00 2.9366851e-01 0.0000000e+00 
1.3705840e+00 3.4558439e-01 0.0000000e+00 
1.4032860e+00 2.9774809e-01 0.0000000e+00 
6.4617378e-01 3.0788270e-01 0.0000000e+00 
1.4291511e+00 3.4956750e-01 0.0000000e+00 
1.4618640e+00 3.0163100e-01 0.0000000e+00 
1.4877310e+00 3.5457411e-01 0.0000000e+00 
1.5206050e+00 3.0603161e-01 0.0000000e+00 
1.5464530e+00 3.5889450e-01 0.0000000e+00 
1.5793800e+00 3.1008351e-01 0.0000000e+00 
5.6763572e-01 4.1851109e-01 0.0000000e+00 
5.5408603e-01 4.3793961e-01 0.0000000e+00 
5.2029008e-01 3.6688760e-01 0.0000000e+00 
9.4794089e-01 3.6647639e-01 0.0000000e+00 
8.7384099e-01 2.2074890e-01 0.0000000e+00 
6.3348472e-01 2.3041780e-01 0.0000000e+00 
7.8118002e-01 2.2578520e-01 0.0000000e+00 
1.6052290e+00 3.6304700e-01 0.0000000e+00 
1.6382140e+00 3.1413361e-01 0.0000000e+00 
1.6641290e+00 3.6722910e-01 0.0000000e+00 
1.6971480e+00 3.1819481e-01 0.0000000e+00 
1.6712240e+00 2.6505721e-01 0.0000000e+00 
1.7302210e+00 2.6912081e-01 0.0000000e+00 
1.5534170e+00 2.5684619e-01 0.0000000e+00 
6.7181969e-01 1.4093800e-01 0.0000000e+00 
5.8596748e-01 4.6394360e-01 0.0000000e+00 
1.7230920e+00 3.7133509e-01 0.0000000e+00 
1.3771909e+00 2.4454120e-01 0.0000000e+00 
6.2249678e-01 4.4700289e-01 0.0000000e+00 
1.2033920e+00 2.3449400e-01 0.0000000e+00 
1.0287880e+00 2.3015590e-01 0.0000000e+00 
5.4669750e-01 4.1895449e-01 0.0000000e+00 
5.3373671e-01 4.3515179e-01 0.0000000e+00 
5.4073101e-01 4.5481020e-01 0.0000000e+00 
5.1996583e-01 4.5137540e-01 0.0000000e+00 
5.1387292e-01 4.2921981e-01 0.0000000e+00 
4.9935541e-01 4.4742331e-01 0.0000000e+00 
4.5565760e-01 3.5403141e-01 0.0000000e+00 
4.9349809e-01 4.2846820e-01 0.0000000e+00 
4.7935709e-01 4.4358870e-01 0.0000000e+00 
4.7970989e-01 3.6688760e-01 0.0000000e+00 
4.8592600e-01 4.6396780e-01 0.0000000e+00 
4.6443069e-01 4.5930001e-01 0.0000000e+00 
4.5825541e-01 4.3536639e-01 0.0000000e+00 
4.4286779e-01 4.5335940e-01 0.0000000e+00 
4.3592349e-01 4.3169260e-01 0.0000000e+00 
4.2123440e-01 4.4813421e-01 0.0000000e+00 
4.1462469e-01 4.2622849e-01 0.0000000e+00 
4.3825611e-01 3.3387709e-01 0.0000000e+00 
3.9864141e-01 4.4291711e-01 0.0000000e+00 
3.9200109e-01 4.1997111e-01 0.0000000e+00 
3.7504819e-01 4.3754801e-01 0.0000000e+00 
3.6926591e-01 4.1456231e-01 0.0000000e+00 
3.5052001e-01 4.3156540e-01 0.0000000e+00 
3.4640020e-01 4.0321410e-01 0.0000000e+00 
3.2338160e-01 4.2558259e-01 0.0000000e+00 
3.1625420e-01 3.9745620e-01 0.0000000e+00 
3.3599329e-01 3.7658459e-01 0.0000000e+00 
3.0888751e-01 3.6996761e-01 0.0000000e+00 
3.2846531e-01 3.5015899e-01 0.0000000e+00 
3.0453789e-01 3.4228960e-01 0.0000000e+00 
3.2241219e-01 3.2376000e-01 0.0000000e+00 
2.9612821e-01 3.1610900e-01 0.0000000e+00 
3.1577420e-01 2.9729351e-01 0.0000000e+00 
2.8885421e-01 2.8886101e-01 0.0000000e+00 
3.0968001e-01 2.6928011e-01 0.0000000e+00 
2.8137040e-01 2.6060769e-01 0.0000000e+00 
2.8570160e-01 3.8790971e-01 0.0000000e+00 
3.0315241e-01 2.4067999e-01 0.0000000e+00 
3.3230671e-01 2.5245121e-01 0.0000000e+00 
3.2487640e-01 2.2290690e-01 0.0000000e+00 
3.5372531e-01 2.3027760e-01 0.0000000e+00 
4.3461740e-01 2.7961159e-01 0.0000000e+00 
3.4512779e-01 2.0528039e-01 0.0000000e+00 
3.6950600e-01 2.1069451e-01 0.0000000e+00 
2.6638910e-01 3.1392881e-01 0.0000000e+00 
2.7405229e-01 2.3109850e-01 0.0000000e+00 
3.6342499e-01 1.8842390e-01 0.0000000e+00 
3.8558939e-01 1.9589300e-01 0.0000000e+00 
4.4520050e-01 2.5469631e-01 0.0000000e+00 
3.8103029e-01 1.7263541e-01 0.0000000e+00 
4.0200421e-01 1.8057050e-01 0.0000000e+00 
4.9249741e-01 2.2787590e-01 0.0000000e+00 
4.6605590e-01 2.3826469e-01 0.0000000e+00 
3.3931601e-01 1.7988220e-01 0.0000000e+00 
3.8745371e-01 3.9799151e-01 0.0000000e+00 
3.5741779e-01 2.5419459e-01 0.0000000e+00 
3.5627639e-01 4.5751181e-01 0.0000000e+00 
3.4765261e-01 3.3191890e-01 0.0000000e+00 
3.9811629e-01 1.5518570e-01 0.0000000e+00 
4.2193061e-01 1.6662900e-01 0.0000000e+00 
3.7476501e-01 1.4610679e-01 0.0000000e+00 
3.9139041e-01 2.1633980e-01 0.0000000e+00 
2.5018540e-01 2.5338060e-01 0.0000000e+00 
2.4227400e-01 2.1673180e-01 0.0000000e+00 
2.1296521e-01 2.4632980e-01 0.0000000e+00 
2.0310380e-01 2.0643540e-01 0.0000000e+00 
4.7074649e-01 4.8204380e-01 0.0000000e+00 
4.9385741e-01 4.8678511e-01 0.0000000e+00 
4.1766569e-01 1.3875820e-01 0.0000000e+00 
4.3951231e-01 1.4885530e-01 0.0000000e+00 
4.4284999e-01 1.6929220e-01 0.0000000e+00 
4.6074921e-01 1.5907930e-01 0.0000000e+00 
4.5701310e-01 1.3411739e-01 0.0000000e+00 
4.7804150e-01 1.4308280e-01 0.0000000e+00 
4.8207700e-01 1.6432039e-01 0.0000000e+00 
5.2000839e-01 2.3249920e-01 0.0000000e+00 
4.7522539e-01 1.1890660e-01 0.0000000e+00 
4.9824399e-01 1.5124670e-01 0.0000000e+00 
5.0239080e-01 1.7379840e-01 0.0000000e+00 
4.0624869e-01 4.6688080e-01 0.0000000e+00 
4.2919409e-01 4.1243970e-01 0.0000000e+00 
6.2043011e-01 3.4884781e-01 0.0000000e+00 
1.7042540e+00 2.1590130e-01 0.0000000e+00 
1.7632940e+00 2.2000070e-01 0.0000000e+00 
5.9477502e-01 3.8850871e-01 0.0000000e+00 
1.1047130e+00 3.7971979e-01 0.0000000e+00 
5.5632508e-01 4.0331629e-01 0.0000000e+00 
5.1673311e-01 1.5979400e-01 0.0000000e+00 
5.1686460e-01 1.3875850e-01 0.0000000e+00 
5.2089018e-01 1.7866670e-01 0.0000000e+00 
2.3531640e-01 1.7608330e-01 0.0000000e+00 
4.8605490e-01 1.8340071e-01 0.0000000e+00 
1.2225550e+00 3.8796490e-01 0.0000000e+00 
1.7893510e+00 2.7321759e-01 0.0000000e+00 
5.0436419e-01 4.1349870e-01 0.0000000e+00 
4.8793069e-01 4.1161671e-01 0.0000000e+00 
1.3432890e+00 3.9487341e-01 0.0000000e+00 
4.9844569e-01 3.9902619e-01 0.0000000e+00 
5.1288861e-01 4.0051869e-01 0.0000000e+00 
4.7826111e-01 5.0721961e-01 0.0000000e+00 
1.5723439e+00 4.1086179e-01 0.0000000e+00 
5.6928509e-01 1.1216540e-01 0.0000000e+00 
5.3438342e-01 1.6713411e-01 0.0000000e+00 
5.3660733e-01 1.8530799e-01 0.0000000e+00 
5.5097228e-01 1.7492341e-01 0.0000000e+00 
5.5329382e-01 1.9238080e-01 0.0000000e+00 
1.4477730e+00 4.0997440e-01 0.0000000e+00 
1.7183121e-01 2.3577370e-01 0.0000000e+00 
1.8385801e-01 2.7833050e-01 0.0000000e+00 
4.5149651e-01 1.1040960e-01 0.0000000e+00 
4.7247219e-01 9.1955133e-02 0.0000000e+00 
1.9255680e-01 1.6331930e-01 0.0000000e+00 
4.5135620e-01 5.0161749e-01 0.0000000e+00 
1.8225530e+00 2.2401039e-01 0.0000000e+00 
5.2494282e-01 1.9506520e-01 0.0000000e+00 
1.7372680e+00 1.6678140e-01 0.0000000e+00 
1.6782570e+00 1.6271511e-01 0.0000000e+00 
1.6900350e+00 4.2038351e-01 0.0000000e+00 
1.7490560e+00 4.2454061e-01 0.0000000e+00 
4.8329440e-01 3.9614201e-01 0.0000000e+00 
4.7259709e-01 4.0761891e-01 0.0000000e+00 
4.6829471e-01 3.9267531e-01 0.0000000e+00 
1.7821480e+00 3.7544200e-01 0.0000000e+00 
1.8081650e+00 4.2873210e-01 0.0000000e+00 
5.6767190e-01 1.8248910e-01 0.0000000e+00 
5.6965590e-01 1.9964610e-01 0.0000000e+00 
5.5310482e-01 2.0997940e-01 0.0000000e+00 
5.7153863e-01 2.1648981e-01 0.0000000e+00 
5.5832732e-01 2.2570750e-01 0.0000000e+00 
5.7294083e-01 2.3188220e-01 0.0000000e+00 
5.8571517e-01 2.2277141e-01 0.0000000e+00 
5.8722973e-01 2.3849240e-01 0.0000000e+00 
2.2661661e-01 1.3415439e-01 0.0000000e+00 
2.6798990e-01 1.4730521e-01 0.0000000e+00 
1.7105891e+00 1.1396340e-01 0.0000000e+00 
5.9993339e-01 2.2935030e-01 0.0000000e+00 
6.0129720e-01 2.4530940e-01 0.0000000e+00 
5.8868867e-01 2.5420901e-01 0.0000000e+00 
6.0235012e-01 2.6110700e-01 0.0000000e+00 
1.8387530e+00 3.7525591e-01 0.0000000e+00 
5.4489303e-01 2.2099259e-01 0.0000000e+00 
4.5784310e-01 5.2955812e-01 0.0000000e+00 
5.1062381e-01 5.1103139e-01 0.0000000e+00 
4.9833831e-01 1.0296860e-01 0.0000000e+00 
1.8639690e+00 4.2541769e-01 0.0000000e+00 
4.9523690e-01 7.3985048e-02 0.0000000e+00 
1.3844220e-01 2.6736441e-01 0.0000000e+00 
1.5088230e-01 3.1097111e-01 0.0000000e+00 
1.2641050e-01 2.2494370e-01 0.0000000e+00 
2.0287590e-01 3.2045639e-01 0.0000000e+00 
1.6756350e-01 3.5410741e-01 0.0000000e+00 
2.1099889e-01 3.6507410e-01 0.0000000e+00 
1.8053800e-01 3.9719370e-01 0.0000000e+00 
2.2913329e-01 4.0715241e-01 0.0000000e+00 
1.9421770e-01 4.3993911e-01 0.0000000e+00 
2.3865750e-01 4.5007020e-01 0.0000000e+00 
1.4811151e-01 4.3034700e-01 0.0000000e+00 
5.9036589e-01 2.6973200e-01 0.0000000e+00 
6.0372931e-01 2.7649191e-01 0.0000000e+00 
6.1619169e-01 2.6624000e-01 0.0000000e+00 
5.9138829e-01 2.8492469e-01 0.0000000e+00 
6.0468042e-01 2.9163459e-01 0.0000000e+00 
1.8453060e+00 2.7996099e-01 0.0000000e+00 
2.0954210e-01 4.8537201e-01 0.0000000e+00 
4.6530190e-01 6.3733928e-02 0.0000000e+00 
5.9247959e-01 2.9992181e-01 0.0000000e+00 
6.0560697e-01 3.0666059e-01 0.0000000e+00 
5.9351093e-01 3.1494951e-01 0.0000000e+00 
6.0633099e-01 3.2174519e-01 0.0000000e+00 
5.9430778e-01 3.2937449e-01 0.0000000e+00 
4.9347320e-01 3.8454881e-01 0.0000000e+00 
5.5062449e-01 1.5674770e-01 0.0000000e+00 
4.5774269e-01 4.0380031e-01 0.0000000e+00 
4.5300320e-01 3.8926181e-01 0.0000000e+00 
5.2078158e-01 8.5589677e-02 0.0000000e+00 
5.2809721e-01 4.7261381e-01 0.0000000e+00 
5.4998982e-01 4.7740239e-01 0.0000000e+00 
1.1647230e-01 3.4303319e-01 0.0000000e+00 
5.4025501e-01 4.0216339e-01 0.0000000e+00 
5.4931629e-01 3.8893181e-01 0.0000000e+00 
5.6429678e-01 3.8917771e-01 0.0000000e+00 
5.5815691e-01 3.7613159e-01 0.0000000e+00 
5.3233409e-01 3.8730109e-01 0.0000000e+00 
6.1810511e-01 2.9840681e-01 0.0000000e+00 
5.4633558e-01 2.3408321e-01 0.0000000e+00 
1.7233150e+00 4.7115931e-01 0.0000000e+00 
1.6544410e+00 4.6960419e-01 0.0000000e+00 
5.9817278e-01 2.1342160e-01 0.0000000e+00 
5.7312608e-01 3.7630349e-01 0.0000000e+00 
5.6664068e-01 3.6344349e-01 0.0000000e+00 
5.8089459e-01 3.6333910e-01 0.0000000e+00 
5.7436389e-01 3.5058859e-01 0.0000000e+00 
5.8890998e-01 3.5140380e-01 0.0000000e+00 
5.9597099e-01 3.6360300e-01 0.0000000e+00 
1.8871840e+00 2.3216370e-01 0.0000000e+00 
1.8613670e+00 1.6699770e-01 0.0000000e+00 
5.8043772e-01 3.2325599e-01 0.0000000e+00 
1.8341640e-01 1.2044960e-01 0.0000000e+00 
1.4539170e-01 1.4803199e-01 0.0000000e+00 
5.2981251e-01 4.1606659e-01 0.0000000e+00 
6.3278657e-01 3.2098520e-01 0.0000000e+00 
4.9883649e-01 1.9035070e-01 0.0000000e+00 
4.8866749e-01 1.9995619e-01 0.0000000e+00 
4.7372600e-01 1.9428051e-01 0.0000000e+00 
4.7687241e-01 2.0988560e-01 0.0000000e+00 
4.6230760e-01 2.0519090e-01 0.0000000e+00 
5.0175709e-01 2.0284539e-01 0.0000000e+00 
3.7420979e-01 2.4249861e-01 0.0000000e+00 
3.7680081e-01 2.5999850e-01 0.0000000e+00 
3.6377189e-01 2.7359021e-01 0.0000000e+00 
3.8147151e-01 2.7786380e-01 0.0000000e+00 
3.9390230e-01 2.6630861e-01 0.0000000e+00 
3.9790910e-01 2.8215069e-01 0.0000000e+00 
3.8660839e-01 2.9399589e-01 0.0000000e+00 
4.0266559e-01 2.9749459e-01 0.0000000e+00 
3.9230630e-01 3.0959940e-01 0.0000000e+00 
3.7539089e-01 3.0645579e-01 0.0000000e+00 
3.8165531e-01 3.2178041e-01 0.0000000e+00 
3.9764741e-01 3.2483751e-01 0.0000000e+00 
3.8738471e-01 3.3702531e-01 0.0000000e+00 
4.0318671e-01 3.3988059e-01 0.0000000e+00 
3.9298999e-01 3.5206911e-01 0.0000000e+00 
4.0884519e-01 3.5489669e-01 0.0000000e+00 
3.7592891e-01 3.5095471e-01 0.0000000e+00 
4.1221961e-01 3.2815641e-01 0.0000000e+00 
4.0885890e-01 2.7070051e-01 0.0000000e+00 
4.0606499e-01 2.5576550e-01 0.0000000e+00 
4.2036530e-01 2.6073930e-01 0.0000000e+00 
4.1758421e-01 2.4588020e-01 0.0000000e+00 
3.9879280e-01 3.6719501e-01 0.0000000e+00 
4.1457930e-01 3.6959961e-01 0.0000000e+00 
4.2435291e-01 3.5784501e-01 0.0000000e+00 
4.3005049e-01 3.7181091e-01 0.0000000e+00 
4.2064139e-01 3.8399899e-01 0.0000000e+00 
4.0332180e-01 2.4100940e-01 0.0000000e+00 
4.1523230e-01 2.3128320e-01 0.0000000e+00 
4.2901969e-01 2.3581611e-01 0.0000000e+00 
4.2680249e-01 2.2116630e-01 0.0000000e+00 
4.4072181e-01 2.2622180e-01 0.0000000e+00 
4.3834931e-01 2.1132030e-01 0.0000000e+00 
4.2324290e-01 2.0628519e-01 0.0000000e+00 
5.7600939e-01 2.6372889e-01 0.0000000e+00 
4.6461701e-01 3.7602729e-01 0.0000000e+00 
4.4586849e-01 3.4520641e-01 0.0000000e+00 
1.8224460e+00 4.8960349e-01 0.0000000e+00 
4.3567330e-01 1.9562960e-01 0.0000000e+00 
5.9315038e-01 1.5660501e-01 0.0000000e+00 
4.5945361e-01 1.9019520e-01 0.0000000e+00 
6.2804931e-01 2.1075760e-01 0.0000000e+00 
4.4690049e-01 3.7500271e-01 0.0000000e+00 
4.3590689e-01 2.6693821e-01 0.0000000e+00 
4.5538360e-01 2.4537770e-01 0.0000000e+00 
5.3253782e-01 3.6093631e-01 0.0000000e+00 
5.0687999e-01 3.7203360e-01 0.0000000e+00 
5.5479759e-01 3.4289679e-01 0.0000000e+00 
4.7859880e-01 2.3292100e-01 0.0000000e+00 
5.6951690e-01 2.9091081e-01 0.0000000e+00 
4.3251589e-01 3.2153201e-01 0.0000000e+00 
2.5864059e-01 4.9322551e-01 0.0000000e+00 
2.8119770e-01 4.6436489e-01 0.0000000e+00 
2.9712620e-01 4.9769270e-01 0.0000000e+00 
5.0679362e-01 2.2942559e-01 0.0000000e+00 
5.1640040e-01 2.1935740e-01 0.0000000e+00 
6.5671778e-01 2.8741741e-01 0.0000000e+00 
6.4681822e-01 2.6546481e-01 0.0000000e+00 
2.6161829e-01 1.0442510e-01 0.0000000e+00 
2.9914159e-01 1.2133270e-01 0.0000000e+00 
5.3835911e-01 2.0090669e-01 0.0000000e+00 
4.1076070e-01 4.0288219e-01 0.0000000e+00 
4.2847160e-01 2.9058349e-01 0.0000000e+00 
5.8385968e-01 4.0419951e-01 0.0000000e+00 
4.6758640e-01 2.2237021e-01 0.0000000e+00 
1.7680900e+00 1.1666990e-01 0.0000000e+00 
4.6705061e-01 3.6164391e-01 0.0000000e+00 
4.2953780e-01 5.2015013e-01 0.0000000e+00 
3.4222049e-01 3.0633521e-01 0.0000000e+00 
3.3303869e-01 2.8045291e-01 0.0000000e+00 
5.3547281e-01 4.9663380e-01 0.0000000e+00 
5.6233060e-01 5.0093198e-01 0.0000000e+00 
3.5305610e-01 3.5562491e-01 0.0000000e+00 
3.6326250e-01 3.7681499e-01 0.0000000e+00 
5.8255208e-01 1.8968870e-01 0.0000000e+00 
5.6585908e-01 6.7596443e-02 0.0000000e+00 
3.1423870e-01 5.6071562e-01 0.0000000e+00 
3.6825681e-01 5.5769640e-01 0.0000000e+00 
1.6511329e+00 1.0926090e-01 0.0000000e+00 
1.6192470e+00 1.5863900e-01 0.0000000e+00 
3.1425080e-01 3.9930049e-02 0.0000000e+00 
3.1129351e-01 1.6085930e-01 0.0000000e+00 
3.3299991e-01 1.3328290e-01 0.0000000e+00 
3.3072019e-01 1.0009960e-01 0.0000000e+00 
2.7850899e-01 1.8997809e-01 0.0000000e+00 
3.6250210e-01 1.1719080e-01 0.0000000e+00 
3.6242679e-01 7.9823360e-02 0.0000000e+00 
3.9215559e-01 9.3917303e-02 0.0000000e+00 
6.7704421e-01 3.9422091e-02 0.0000000e+00 
6.9158012e-01 7.9496212e-02 0.0000000e+00 
7.2696608e-01 4.4044841e-02 0.0000000e+00 
7.3696113e-01 9.5335990e-02 0.0000000e+00 
7.9171729e-01 1.0606610e-01 0.0000000e+00 
7.5707722e-01 1.3865989e-01 0.0000000e+00 
8.0465728e-01 1.5881000e-01 0.0000000e+00 
8.4009641e-01 1.2030350e-01 0.0000000e+00 
8.5441029e-01 1.6780110e-01 0.0000000e+00 
8.9020813e-01 1.3047090e-01 0.0000000e+00 
8.7580758e-01 8.5384279e-02 0.0000000e+00 
6.3392729e-01 5.6027758e-01 0.0000000e+00 
6.5490252e-01 5.2222651e-01 0.0000000e+00 
6.9785458e-01 5.2009457e-01 0.0000000e+00 
6.6947389e-01 4.8214740e-01 0.0000000e+00 
7.1400052e-01 4.7928271e-01 0.0000000e+00 
7.3890662e-01 5.1415598e-01 0.0000000e+00 
7.5538421e-01 4.7427329e-01 0.0000000e+00 
7.3060858e-01 4.4053549e-01 0.0000000e+00 
7.7131832e-01 4.3481070e-01 0.0000000e+00 
7.4432129e-01 4.0371630e-01 0.0000000e+00 
7.9942912e-01 4.6868020e-01 0.0000000e+00 
8.1664360e-01 4.2528069e-01 0.0000000e+00 
8.4675127e-01 4.6303490e-01 0.0000000e+00 
7.0795268e-01 4.1132101e-01 0.0000000e+00 
8.6556101e-01 4.1526449e-01 0.0000000e+00 
9.0177119e-01 4.5578691e-01 0.0000000e+00 
6.1436248e-01 5.2457899e-01 0.0000000e+00 
5.9010911e-01 5.6233871e-01 0.0000000e+00 
6.8740159e-01 4.4485721e-01 0.0000000e+00 
6.3075930e-01 4.9217081e-01 0.0000000e+00 
8.2390177e-01 3.7696400e-01 0.0000000e+00 
6.5760958e-01 4.5251140e-01 0.0000000e+00 
8.8201141e-01 3.6469159e-01 0.0000000e+00 
7.1646827e-01 3.7200019e-01 0.0000000e+00 
7.5293612e-01 3.6630341e-01 0.0000000e+00 
7.3172802e-01 3.4158540e-01 0.0000000e+00 
4.3641081e-01 3.8625911e-01 0.0000000e+00 
3.3307719e-01 5.1888418e-01 0.0000000e+00 
3.7808201e-01 5.1874483e-01 0.0000000e+00 
4.1757399e-01 3.4319299e-01 0.0000000e+00 
4.0734050e-01 3.1263331e-01 0.0000000e+00 
4.8661929e-01 4.2812102e-02 0.0000000e+00 
7.2056448e-01 1.3380709e-01 0.0000000e+00 
7.2885102e-01 1.7120270e-01 0.0000000e+00 
7.6764971e-01 1.8236589e-01 0.0000000e+00 
7.3844647e-01 2.0840840e-01 0.0000000e+00 
3.2383901e-01 4.7502699e-01 0.0000000e+00 
2.0299730e-01 4.5617640e-02 0.0000000e+00 
5.8970161e-02 3.3410329e-01 0.0000000e+00 
2.0689000e-01 5.5709481e-01 0.0000000e+00 
4.1305149e-01 2.8573561e-01 0.0000000e+00 
7.8471351e-01 5.4944623e-01 0.0000000e+00 
5.7445318e-01 2.4704580e-01 0.0000000e+00 
4.8197981e-02 2.0613991e-01 0.0000000e+00 
2.9774281e-01 8.0907270e-02 0.0000000e+00 
5.0055778e-01 5.6669247e-01 0.0000000e+00 
5.6139982e-01 2.6632291e-01 0.0000000e+00 
1.6788280e+00 5.7307512e-02 0.0000000e+00 
5.1920211e-01 3.7999329e-01 0.0000000e+00 
5.3287011e-01 2.3837809e-01 0.0000000e+00 
4.9314889e-01 3.6956069e-01 0.0000000e+00 
5.4427528e-01 3.7591609e-01 0.0000000e+00 
7.8244883e-01 3.9527819e-01 0.0000000e+00 
3.6446571e-01 4.0250320e-02 0.0000000e+00 
4.4162789e-01 3.5938531e-01 0.0000000e+00 
6.3632941e-01 2.8842619e-01 0.0000000e+00 
4.9067271e-01 2.1312010e-01 0.0000000e+00 
9.0754151e-01 5.5067050e-01 0.0000000e+00 
9.6624529e-01 5.4957891e-01 0.0000000e+00 
9.9525559e-01 4.9868581e-01 0.0000000e+00 
1.0540251e+00 4.9801311e-01 0.0000000e+00 
1.0243800e+00 4.4818369e-01 0.0000000e+00 
1.0813180e+00 4.4429299e-01 0.0000000e+00 
9.6050638e-01 4.4521841e-01 0.0000000e+00 
9.9237692e-01 4.0150511e-01 0.0000000e+00 
9.3534291e-01 5.0050128e-01 0.0000000e+00 
1.1123620e+00 4.9683940e-01 0.0000000e+00 
1.1383430e+00 4.4216970e-01 0.0000000e+00 
5.4218680e-01 5.2327639e-01 0.0000000e+00 
4.9454380e-02 4.5007420e-01 0.0000000e+00 
1.0217610e-01 4.7936839e-01 0.0000000e+00 
2.2542991e-01 2.8165141e-01 0.0000000e+00 
3.9299640e-01 1.2565491e-01 0.0000000e+00 
4.2287391e-01 1.0849530e-01 0.0000000e+00 
4.1702661e-01 7.4225321e-02 0.0000000e+00 
4.2317891e-01 4.9126241e-01 0.0000000e+00 
3.6435950e-01 3.1840631e-01 0.0000000e+00 
5.9271669e-01 4.9394491e-01 0.0000000e+00 
4.5279789e-01 2.1705380e-01 0.0000000e+00 
1.1707489e+00 4.9572700e-01 0.0000000e+00 
1.1967220e+00 4.4262701e-01 0.0000000e+00 
1.2286400e+00 4.9457431e-01 0.0000000e+00 
1.2569320e+00 4.4329810e-01 0.0000000e+00 
1.2887410e+00 4.9415389e-01 0.0000000e+00 
4.9704749e-02 9.0376601e-02 0.0000000e+00 
1.1661880e+00 3.8667339e-01 0.0000000e+00 
1.0448740e+00 3.9727730e-01 0.0000000e+00 
1.3219531e+00 5.4748261e-01 0.0000000e+00 
1.3566051e+00 4.9475339e-01 0.0000000e+00 
1.4128619e+00 5.0170678e-01 0.0000000e+00 
1.3878731e+00 4.4357020e-01 0.0000000e+00 
2.6875430e-01 4.3074101e-01 0.0000000e+00 
4.1746351e-01 3.0108821e-01 0.0000000e+00 
4.7450441e-01 4.2571831e-01 0.0000000e+00 
4.0593800e-01 2.0075510e-01 0.0000000e+00 
4.4167551e-01 4.0079829e-01 0.0000000e+00 
1.9512080e+00 4.5117629e-01 0.0000000e+00 
1.0262311e+00 5.1109631e-02 0.0000000e+00 
9.9738371e-01 1.0181700e-01 0.0000000e+00 
1.0553030e+00 1.0176790e-01 0.0000000e+00 
1.0273110e+00 1.4739220e-01 0.0000000e+00 
1.0855290e+00 1.4977370e-01 0.0000000e+00 
9.7062862e-01 1.4721170e-01 0.0000000e+00 
9.3508059e-01 1.0148260e-01 0.0000000e+00 
1.1133560e+00 1.0215650e-01 0.0000000e+00 
1.1446090e+00 1.4514109e-01 0.0000000e+00 
1.1160710e+00 1.9391710e-01 0.0000000e+00 
1.2018321e+00 5.4771107e-01 0.0000000e+00 
1.9480680e+00 2.1005040e-01 0.0000000e+00 
1.0842860e+00 5.4868227e-01 0.0000000e+00 
1.9480680e+00 3.2994959e-01 0.0000000e+00 
1.5904510e+00 1.0452840e-01 0.0000000e+00 
1.5598950e+00 1.5443350e-01 0.0000000e+00 
1.5304790e+00 1.0186320e-01 0.0000000e+00 
1.5007280e+00 1.5119410e-01 0.0000000e+00 
1.5273950e+00 2.0345390e-01 0.0000000e+00 
1.4685169e+00 1.9967620e-01 0.0000000e+00 
1.4425830e+00 1.4740349e-01 0.0000000e+00 
1.4098901e+00 1.9577309e-01 0.0000000e+00 
1.3839140e+00 1.4338671e-01 0.0000000e+00 
1.3511680e+00 1.9153769e-01 0.0000000e+00 
1.3252350e+00 1.3926670e-01 0.0000000e+00 
1.2926320e+00 1.8772170e-01 0.0000000e+00 
1.2666039e+00 1.3634580e-01 0.0000000e+00 
1.2355460e+00 1.8558609e-01 0.0000000e+00 
1.2059170e+00 1.3905290e-01 0.0000000e+00 
1.2347410e+00 9.3928657e-02 0.0000000e+00 
1.3187660e+00 2.4091680e-01 0.0000000e+00 
1.4945120e+00 2.5244480e-01 0.0000000e+00 
1.5862570e+00 2.0772290e-01 0.0000000e+00 
5.5948251e-01 2.4233980e-01 0.0000000e+00 
1.5573130e+00 5.4926682e-01 0.0000000e+00 
1.5215520e+00 5.0207931e-01 0.0000000e+00 
1.5906490e+00 4.9784341e-01 0.0000000e+00 
1.3832541e+00 4.9608339e-02 0.0000000e+00 
1.5002331e+00 5.0511628e-02 0.0000000e+00 
1.7345819e+00 5.5134553e-01 0.0000000e+00 
1.6170100e+00 5.5189037e-01 0.0000000e+00 
1.6308481e+00 4.1378099e-01 0.0000000e+00 
1.7733830e+00 4.6653220e-01 0.0000000e+00 
1.8566350e+00 5.4165798e-01 0.0000000e+00 
1.5124860e+00 4.0674630e-01 0.0000000e+00 
1.4853560e+00 4.5626420e-01 0.0000000e+00 
1.6452560e+00 2.1187560e-01 0.0000000e+00 
1.7967290e+00 1.6947480e-01 0.0000000e+00 
1.8955210e+00 4.8443690e-01 0.0000000e+00 
2.4952111e-01 3.7534630e-01 0.0000000e+00 
2.4015559e-01 3.3920720e-01 0.0000000e+00 
1.6122910e+00 2.6095319e-01 0.0000000e+00 
1.8537400e+00 5.5921540e-02 0.0000000e+00 
1.8819669e+00 1.0242500e-01 0.0000000e+00 
9.5119797e-02 1.2153590e-01 0.0000000e+00 
1.0847340e+00 5.0935078e-02 0.0000000e+00 
1.7562060e+00 3.2229191e-01 0.0000000e+00 
1.4358770e+00 2.4863569e-01 0.0000000e+00 
4.3159389e-01 2.5088599e-01 0.0000000e+00 
4.7994119e-01 3.8120639e-01 0.0000000e+00 
1.8123610e+00 3.2570100e-01 0.0000000e+00 
6.1470199e-01 2.3820160e-01 0.0000000e+00 
6.2837660e-01 2.5279269e-01 0.0000000e+00 
5.6644672e-01 3.2120070e-01 0.0000000e+00 
4.0343639e-01 3.8359720e-01 0.0000000e+00 
1.2608960e+00 2.3755901e-01 0.0000000e+00 
9.7383392e-01 2.2759880e-01 0.0000000e+00 
1.8966711e+00 3.6694610e-01 0.0000000e+00 
1.2852859e+00 3.9278471e-01 0.0000000e+00 
4.4754091e-01 4.1694289e-01 0.0000000e+00 
5.1814729e-01 1.1434720e-01 0.0000000e+00 
9.8089732e-02 2.9848260e-01 0.0000000e+00 
8.7650722e-01 5.0584209e-01 0.0000000e+00 
7.2722268e-01 5.5884892e-01 0.0000000e+00 
9.1900879e-01 4.0950510e-01 0.0000000e+00 
6.0669678e-01 3.3687809e-01 0.0000000e+00 
9.2257088e-01 2.2499460e-01 0.0000000e+00 
1.8270659e+00 1.1701130e-01 0.0000000e+00 
3.9101499e-01 2.5043941e-01 0.0000000e+00 
3.0026230e-01 2.1632680e-01 0.0000000e+00 
5.8418620e-01 3.3934349e-01 0.0000000e+00 
1.5593460e+00 5.1838879e-02 0.0000000e+00 
4.5547140e-01 5.6772357e-01 0.0000000e+00 
9.7268373e-02 1.8144910e-01 0.0000000e+00 
9.3618453e-02 5.9398320e-02 0.0000000e+00 
9.5946752e-02 4.1991970e-01 0.0000000e+00 
1.5493150e-01 4.8253620e-01 0.0000000e+00 
5.3141659e-01 2.2366489e-01 0.0000000e+00 
4.6951711e-01 1.7694290e-01 0.0000000e+00 
1.3219830e+00 4.4809279e-01 0.0000000e+00 
6.1860532e-01 2.8225860e-01 0.0000000e+00 
9.2647932e-02 5.4469162e-01 0.0000000e+00 
3.6105269e-01 4.8700431e-01 0.0000000e+00 
1.4393450e+00 5.5213040e-01 0.0000000e+00 
1.9442101e+00 9.5342271e-02 0.0000000e+00 
9.0059137e-01 1.7995150e-01 0.0000000e+00 
8.2735151e-01 2.0720319e-01 0.0000000e+00 
6.6251612e-01 1.0677520e-01 0.0000000e+00 
6.7604911e-01 4.1622579e-01 0.0000000e+00 
6.8501538e-01 3.8669550e-01 0.0000000e+00 
3.6920869e-01 2.9070961e-01 0.0000000e+00 
4.5409241e-01 2.3146330e-01 0.0000000e+00 
6.1867392e-01 3.1358370e-01 0.0000000e+00 
1.9131620e+00 5.4997718e-01 0.0000000e+00 
4.2027211e-01 1.8849210e-01 0.0000000e+00 
1.9003210e+00 2.9999799e-01 0.0000000e+00 
5.5434358e-01 1.3134070e-01 0.0000000e+00 
1.4729370e+00 1.0059040e-01 0.0000000e+00 
4.4868380e-01 4.7589070e-01 0.0000000e+00 
1.7371070e+00 5.7924490e-02 0.0000000e+00 
1.6196249e-01 1.9384970e-01 0.0000000e+00 
2.7876011e-01 3.4925121e-01 0.0000000e+00 
5.6304562e-01 4.5950639e-01 0.0000000e+00 
6.0384172e-01 3.5119170e-01 0.0000000e+00 
5.7530987e-01 5.2873927e-01 0.0000000e+00 
1.3667960e-01 3.8707560e-01 0.0000000e+00 
4.9747679e-01 1.2821840e-01 0.0000000e+00 
1.1983300e+00 4.8251878e-02 0.0000000e+00 
7.5970978e-01 3.2726541e-01 0.0000000e+00 
8.1999791e-01 5.1075947e-01 0.0000000e+00 
1.3957340e+00 3.8871399e-01 0.0000000e+00 
3.8881221e-01 2.3447470e-01 0.0000000e+00 
5.2596432e-01 2.0954940e-01 0.0000000e+00 
1.4149910e+00 9.8922051e-02 0.0000000e+00 
3.1656411e-01 1.9587231e-01 0.0000000e+00 
4.3203679e-01 3.4525600e-01 0.0000000e+00 
5.0832897e-01 3.8785461e-01 0.0000000e+00 
5.0716370e-01 4.6868089e-01 0.0000000e+00 
7.2506380e-01 3.1459489e-01 0.0000000e+00 
5.7067949e-01 1.5282580e-01 0.0000000e+00 
6.7973870e-01 1.6684531e-01 0.0000000e+00 
5.3255141e-01 1.4827640e-01 0.0000000e+00 
5.8382958e-01 2.0679601e-01 0.0000000e+00 
3.6833951e-01 3.3595169e-01 0.0000000e+00 
6.6081917e-01 3.9089271e-01 0.0000000e+00 
3.5859609e-01 1.6498099e-01 0.0000000e+00 
5.4474670e-01 2.4635740e-01 0.0000000e+00 
8.5039961e-01 4.4130251e-02 0.0000000e+00 
7.0378470e-01 2.1493910e-01 0.0000000e+00 
3.8111559e-01 3.6489099e-01 0.0000000e+00 
3.8378549e-01 3.8103321e-01 0.0000000e+00 
1.1733290e+00 9.6517898e-02 0.0000000e+00 
6.1236829e-01 3.6486840e-01 0.0000000e+00 
4.2817801e-01 4.6774849e-01 0.0000000e+00 
3.9298210e-01 4.8933309e-01 0.0000000e+00 
5.1858139e-01 5.3958851e-01 0.0000000e+00 
1.1778920e+00 1.8819040e-01 0.0000000e+00 
6.3357651e-01 4.2729640e-01 0.0000000e+00 
2.1912169e-01 8.9860998e-02 0.0000000e+00 
4.4828820e-01 3.3391532e-02 0.0000000e+00 
7.1727687e-01 2.3730519e-01 0.0000000e+00 
9.8337471e-02 2.5592181e-01 0.0000000e+00 
4.8688981e-01 5.3696889e-01 0.0000000e+00 
9.1024607e-01 4.6742149e-02 0.0000000e+00 
4.2072469e-01 3.1704551e-01 0.0000000e+00 
2.5881660e-01 2.8481191e-01 0.0000000e+00 
1.3556740e+00 9.6588373e-02 0.0000000e+00 
3.8170820e-01 4.6353251e-01 0.0000000e+00 
6.1133659e-01 4.6789679e-01 0.0000000e+00 
4.4266859e-01 2.4074350e-01 0.0000000e+00 
1.4653840e+00 5.0395852e-01 0.0000000e+00 
1.1433500e+00 2.3560201e-01 0.0000000e+00 
5.5341142e-01 3.6430839e-01 0.0000000e+00 
5.7990170e-01 2.7820900e-01 0.0000000e+00 
4.4887719e-01 2.0151231e-01 0.0000000e+00 
4.6245420e-01 4.1756010e-01 0.0000000e+00 
4.1210291e-01 2.1662711e-01 0.0000000e+00 
5.1736373e-01 5.6347691e-02 0.0000000e+00 
7.0604849e-01 3.3807889e-01 0.0000000e+00 
4.3653390e-01 1.2656429e-01 0.0000000e+00 
4.2773649e-01 3.9727569e-01 0.0000000e+00 
4.2305809e-01 2.7508900e-01 0.0000000e+00 
1.9111360e+00 1.7995431e-01 0.0000000e+00 
1.2975690e+00 9.4644032e-02 0.0000000e+00 
7.4613649e-01 2.3963641e-01 0.0000000e+00 
2.9362991e-01 4.1433749e-01 0.0000000e+00 
5.8357382e-01 3.0761179e-01 0.0000000e+00 
5.3191912e-01 3.7253350e-01 0.0000000e+00 
4.4445190e-01 8.4593862e-02 0.0000000e+00 
1.5468830e+00 4.5422599e-01 0.0000000e+00 
6.2926418e-01 2.7103639e-01 0.0000000e+00 
3.5220909e-01 2.8729489e-01 0.0000000e+00 
8.3805579e-01 3.3710629e-01 0.0000000e+00 
5.2616048e-01 4.0003020e-01 0.0000000e+00 
1.8064611e-01 5.2023911e-01 0.0000000e+00 
4.2505819e-01 3.3176431e-01 0.0000000e+00 
7.7968621e-01 5.0346297e-01 0.0000000e+00 
1.2679260e+00 4.6381779e-02 0.0000000e+00 
5.8107018e-01 2.9473820e-01 0.0000000e+00 
6.1925322e-01 3.3036381e-01 0.0000000e+00 
5.6537521e-01 2.5524691e-01 0.0000000e+00 
3.8967860e-01 6.5405212e-02 0.0000000e+00 
1.0865080e+00 2.3449360e-01 0.0000000e+00 
1.4042149e-01 9.9993236e-02 0.0000000e+00 
1.0030100e+00 3.5783571e-01 0.0000000e+00 
3.6067769e-01 3.0184039e-01 0.0000000e+00 
5.7885981e-01 3.8880101e-01 0.0000000e+00 
1.5990330e+00 4.4926330e-01 0.0000000e+00 
9.1439813e-02 3.7532219e-01 0.0000000e+00 
5.7995051e-01 1.7130360e-01 0.0000000e+00 
6.1258352e-01 2.5273019e-01 0.0000000e+00 
4.0172791e-01 2.2754180e-01 0.0000000e+00 
5.4750210e-01 9.9742994e-02 0.0000000e+00 
6.1311978e-01 2.0313910e-01 0.0000000e+00 
6.1223829e-01 2.2002740e-01 0.0000000e+00 
1.8586820e+00 3.2957241e-01 0.0000000e+00 
5.8738971e-01 3.7580970e-01 0.0000000e+00 
4.5219980e-02 4.4195049e-02 0.0000000e+00 
4.8124549e-01 2.2123460e-01 0.0000000e+00 
4.3828961e-02 5.5591398e-01 0.0000000e+00 
1.0568640e+00 1.9004630e-01 0.0000000e+00 
3.3193341e-01 4.4711831e-01 0.0000000e+00 
3.0378929e-01 4.4286191e-01 0.0000000e+00 
5.3415012e-01 1.2728420e-01 0.0000000e+00 
5.0386423e-01 2.1636350e-01 0.0000000e+00 
1.9116580e+00 4.2358989e-01 0.0000000e+00 
4.5517069e-01 3.6521810e-01 0.0000000e+00 
3.6732909e-01 3.6239621e-01 0.0000000e+00 
6.3041377e-01 3.0585691e-01 0.0000000e+00 
1.9569679e+00 4.3301821e-02 0.0000000e+00 
5.7146299e-01 4.8058590e-01 0.0000000e+00 
1.6484860e+00 5.1718348e-01 0.0000000e+00 
9.4670999e-01 1.8556410e-01 0.0000000e+00 
6.3752991e-01 4.6584189e-01 0.0000000e+00 
1.9572541e+00 5.5697870e-01 0.0000000e+00 
6.4813697e-01 2.4830820e-01 0.0000000e+00 
6.0179752e-01 3.7555191e-01 0.0000000e+00 
1.4364240e+00 4.6111640e-01 0.0000000e+00 
5.6217611e-01 3.5223660e-01 0.0000000e+00 
6.6050959e-01 4.3027630e-01 0.0000000e+00 
4.0468970e-01 5.1149738e-01 0.0000000e+00 
5.1506358e-01 2.0555650e-01 0.0000000e+00 
4.3334481e-01 1.8108650e-01 0.0000000e+00 
9.9962813e-01 1.8700930e-01 0.0000000e+00 
6.9131333e-01 1.1763480e-01 0.0000000e+00 
4.4599831e-01 1.8538959e-01 0.0000000e+00 
5.1551181e-01 4.8891029e-01 0.0000000e+00 
4.3754059e-01 5.8743980e-02 0.0000000e+00 
5.9589100e-01 3.4163511e-01 0.0000000e+00 
2.3624770e-01 5.2814358e-01 0.0000000e+00 
6.6953379e-01 3.7169310e-01 0.0000000e+00 
3.6865169e-01 3.9570969e-01 0.0000000e+00 
5.9758049e-01 1.9620110e-01 0.0000000e+00 
1.3329040e-01 5.1544452e-01 0.0000000e+00 
1.0515270e+00 3.5504949e-01 0.0000000e+00 
3.3392131e-01 6.8202123e-02 0.0000000e+00 
1.7869949e-01 8.1389397e-02 0.0000000e+00 
9.2706198e-01 1.4882250e-01 0.0000000e+00 
1.7000279e+00 5.1305068e-01 0.0000000e+00 
3.4774879e-01 2.6959679e-01 0.0000000e+00 
5.7002652e-01 3.3917850e-01 0.0000000e+00 
4.5571360e-01 1.7617980e-01 0.0000000e+00 
8.2389021e-01 8.1237279e-02 0.0000000e+00 
5.6977302e-01 4.0162051e-01 0.0000000e+00 
5.7622939e-01 9.1579817e-02 0.0000000e+00 
7.9520959e-01 1.9354109e-01 0.0000000e+00 
7.1731091e-01 1.9555099e-01 0.0000000e+00 
9.5533073e-01 4.0679529e-01 0.0000000e+00 
5.1722008e-01 4.1250920e-01 0.0000000e+00 
4.3116611e-01 5.4470932e-01 0.0000000e+00 
6.9998658e-01 1.5358570e-01 0.0000000e+00 
3.7607810e-01 2.2627370e-01 0.0000000e+00 
5.1978278e-01 3.9113960e-01 0.0000000e+00 
5.3689402e-01 2.1312129e-01 0.0000000e+00 
9.0401761e-02 2.1924180e-01 0.0000000e+00 
7.8513551e-01 3.6338761e-01 0.0000000e+00 
2.8628290e-01 5.2971011e-01 0.0000000e+00 
1.9101239e+00 1.3962340e-01 0.0000000e+00 
3.3938929e-01 1.5675519e-01 0.0000000e+00 
3.5365051e-01 1.4366330e-01 0.0000000e+00 
5.9640652e-01 1.7787141e-01 0.0000000e+00 
2.3996450e-01 3.0955619e-01 0.0000000e+00 
4.0130991e-01 5.3756779e-01 0.0000000e+00 
2.6203820e-01 3.9843059e-01 0.0000000e+00 
1.7610559e+00 5.1254529e-01 0.0000000e+00 
5.3923780e-01 6.9367118e-02 0.0000000e+00 
6.6389477e-01 2.7387929e-01 0.0000000e+00 
5.6400359e-01 1.6758190e-01 0.0000000e+00 
6.3302028e-01 3.3655259e-01 0.0000000e+00 
5.4254562e-01 3.6452681e-01 0.0000000e+00 
5.1293671e-01 2.8587131e-02 0.0000000e+00 
5.1246679e-01 1.8971939e-01 0.0000000e+00 

CELLS 1766 7064
3 0 870 123
3 1 882 70
3 2 887 79
3 3 872 114
3 4 193 35
3 4 516 193
3 5 516 4
3 6 184 5
3 6 612 184
3 7 612 6
3 8 183 7
3 8 799 183
3 9 799 8
3 10 615 9
3 11 335 10
3 11 521 335
3 12 521 11
3 13 311 12
3 13 515 311
3 14 515 13
3 15 312 14
3 15 511 312
3 16 511 15
3 17 308 16
3 17 510 308
3 18 510 17
3 19 301 18
3 19 529 301
3 20 529 19
3 21 124 20
3 21 517 124
3 22 517 21
3 23 277 22
3 23 503 277
3 24 503 23
3 25 266 24
3 25 533 266
3 26 533 25
3 27 269 26
3 27 616 269
3 28 616 27
3 29 513 28
3 30 241 29
3 30 512 241
3 31 512 30
3 32 214 31
3 32 514 214
3 33 514 32
3 34 215 33
3 34 726 215
3 35 726 34
3 36 870 0
3 37 747 36
3 38 155 37
3 38 603 155
3 39 603 38
3 40 130 39
3 40 547 130
3 41 547 40
3 41 619 547
3 42 619 41
3 43 142 42
3 43 812 142
3 44 812 43
3 44 943 597
3 45 943 44
3 46 145 45
3 46 159 145
3 47 159 46
3 48 140 47
3 48 555 140
3 49 555 48
3 49 557 555
3 50 557 49
3 51 126 50
3 51 800 126
3 52 800 51
3 52 816 800
3 53 816 52
3 54 131 53
3 54 663 131
3 55 663 54
3 55 718 663
3 56 718 55
3 57 127 56
3 57 780 127
3 58 780 57
3 58 850 780
3 59 850 58
3 60 148 59
3 60 700 148
3 61 700 60
3 62 128 61
3 62 701 128
3 63 701 62
3 63 744 701
3 64 744 63
3 65 136 64
3 65 613 136
3 66 613 65
3 66 772 613
3 67 772 66
3 68 144 67
3 68 715 144
3 69 715 68
3 70 157 69
3 70 882 157
3 71 882 1
3 72 757 71
3 73 154 72
3 73 674 154
3 74 674 73
3 75 139 74
3 75 676 139
3 76 676 75
3 77 147 76
3 77 662 147
3 78 662 77
3 79 156 78
3 79 887 156
3 80 887 2
3 81 766 80
3 82 706 81
3 83 151 82
3 83 702 151
3 84 702 83
3 85 129 84
3 85 703 129
3 86 703 85
3 87 697 86
3 88 137 87
3 88 756 137
3 89 756 88
3 90 149 89
3 90 653 149
3 91 653 90
3 92 134 91
3 92 673 134
3 93 673 92
3 94 150 93
3 94 675 150
3 95 675 94
3 96 135 95
3 96 624 135
3 97 624 96
3 98 623 97
3 99 125 98
3 99 607 125
3 100 607 99
3 100 736 607
3 101 736 100
3 102 138 101
3 102 566 138
3 103 566 102
3 103 583 566
3 104 583 103
3 105 143 104
3 105 611 143
3 106 611 105
3 106 745 611
3 107 745 106
3 108 141 107
3 108 544 141
3 109 544 108
3 110 543 109
3 111 132 110
3 111 605 132
3 112 605 111
3 113 153 112
3 113 754 153
3 114 754 113
3 114 872 754
3 115 872 3
3 116 158 115
3 116 635 158
3 117 635 116
3 118 146 117
3 118 604 146
3 119 604 118
3 120 133 119
3 120 609 133
3 121 609 120
3 122 152 121
3 122 650 152
3 123 650 122
3 123 870 650
3 124 529 20
3 124 658 529
3 124 817 658
3 125 623 98
3 125 735 623
3 125 782 735
3 126 557 50
3 126 558 557
3 126 559 558
3 126 915 559
3 127 718 56
3 127 804 670
3 128 700 61
3 128 786 700
3 129 702 84
3 129 911 702
3 130 603 39
3 130 610 525
3 130 811 603
3 131 816 53
3 132 543 110
3 132 929 543
3 133 604 119
3 133 734 604
3 133 814 734
3 133 927 814
3 134 653 91
3 134 673 647
3 135 675 95
3 136 613 545
3 136 744 64
3 137 697 87
3 137 698 697
3 137 823 698
3 138 736 101
3 139 674 74
3 139 768 454
3 140 159 47
3 140 160 159
3 140 161 160
3 140 555 161
3 141 745 107
3 141 922 745
3 141 935 922
3 142 619 42
3 142 854 619
3 142 900 640
3 143 583 104
3 143 777 583
3 143 808 634
3 144 740 532
3 144 772 67
3 145 938 830
3 145 943 45
3 146 635 117
3 146 748 635
3 146 861 748
3 147 676 76
3 147 730 676
3 147 878 730
3 148 850 59
3 149 756 89
3 150 673 93
3 150 675 632
3 151 706 82
3 151 937 504
3 152 609 121
3 152 746 609
3 153 605 112
3 153 847 605
3 153 906 847
3 154 757 72
3 154 930 757
3 155 747 37
3 155 856 747
3 155 909 856
3 156 662 78
3 156 711 662
3 156 766 711
3 156 887 766
3 157 715 69
3 157 716 715
3 157 757 716
3 157 882 757
3 158 872 115
3 159 542 145
3 160 542 159
3 160 917 542
3 161 162 160
3 161 760 162
3 162 163 160
3 162 164 163
3 162 165 164
3 162 760 165
3 163 917 160
3 164 187 163
3 164 506 187
3 165 166 164
3 165 167 166
3 165 253 167
3 165 760 253
3 166 506 164
3 166 933 506
3 167 168 166
3 167 169 168
3 167 793 169
3 168 227 166
3 168 866 227
3 169 170 168
3 169 171 170
3 169 188 171
3 169 793 188
3 170 508 168
3 171 172 170
3 171 173 172
3 171 801 173
3 172 244 170
3 172 888 244
3 173 174 172
3 173 175 174
3 173 813 175
3 174 888 172
3 174 939 524
3 175 176 174
3 175 177 176
3 175 178 177
3 175 813 178
3 176 939 174
3 177 180 176
3 177 791 180
3 178 179 177
3 178 181 179
3 178 837 181
3 179 791 177
3 180 191 176
3 180 192 191
3 180 831 192
3 181 182 179
3 181 185 182
3 181 245 185
3 181 837 245
3 182 781 179
3 183 612 7
3 183 799 696
3 183 853 612
3 184 516 5
3 184 612 501
3 184 826 516
3 185 186 182
3 185 189 186
3 185 759 189
3 186 222 182
3 186 845 222
3 187 361 163
3 187 769 361
3 187 792 769
3 188 801 171
3 188 919 801
3 188 923 599
3 189 190 186
3 189 194 190
3 189 243 194
3 189 759 243
3 190 845 186
3 191 523 176
3 192 201 191
3 192 202 201
3 192 203 202
3 192 831 203
3 193 726 35
3 193 839 456
3 193 851 839
3 194 195 190
3 194 196 195
3 194 739 196
3 195 588 190
3 196 197 195
3 196 198 197
3 196 729 198
3 196 739 729
3 197 242 195
3 197 857 242
3 198 199 197
3 198 200 199
3 198 259 200
3 198 729 259
3 199 857 197
3 199 907 857
3 200 216 199
3 200 217 216
3 200 855 217
3 201 232 191
3 201 460 232
3 201 941 460
3 202 204 201
3 202 205 204
3 202 903 205
3 203 831 589
3 203 903 202
3 204 941 201
3 205 206 204
3 205 207 206
3 205 797 207
3 205 903 797
3 206 341 204
3 206 805 341
3 207 208 206
3 207 209 208
3 207 211 209
3 207 797 211
3 208 805 206
3 208 889 805
3 209 210 208
3 209 212 210
3 209 810 212
3 210 344 208
3 210 530 344
3 211 797 761
3 211 810 209
3 211 892 810
3 212 213 210
3 212 220 213
3 212 257 220
3 212 810 257
3 213 530 210
3 214 512 31
3 214 891 825
3 214 942 512
3 215 514 33
3 215 913 514
3 216 907 199
3 217 218 216
3 217 219 218
3 217 824 219
3 217 855 824
3 218 345 216
3 218 651 345
3 219 223 218
3 219 224 223
3 219 258 224
3 219 824 258
3 220 221 213
3 220 254 221
3 220 821 254
3 221 239 213
3 221 240 239
3 221 775 240
3 222 781 182
3 222 845 586
3 222 928 781
3 223 651 218
3 224 225 223
3 224 226 225
3 224 728 226
3 225 352 223
3 225 731 352
3 226 228 225
3 226 229 228
3 226 693 229
3 226 728 693
3 227 933 166
3 228 731 225
3 229 230 228
3 229 231 230
3 229 256 231
3 229 693 256
3 230 356 228
3 230 783 356
3 231 233 230
3 231 234 233
3 231 720 234
3 232 523 191
3 232 621 523
3 232 881 621
3 233 783 230
3 234 235 233
3 234 236 235
3 234 694 236
3 234 720 694
3 235 366 233
3 235 707 366
3 236 237 235
3 236 238 237
3 236 252 238
3 236 694 252
3 237 707 235
3 238 246 237
3 238 247 246
3 238 714 247
3 239 530 213
3 239 916 530
3 240 260 239
3 240 261 260
3 240 262 261
3 240 775 262
3 241 513 29
3 241 614 513
3 241 840 614
3 242 588 195
3 242 737 588
3 242 857 630
3 242 920 737
3 243 739 194
3 243 758 739
3 243 759 563
3 244 508 170
3 244 725 724
3 244 867 508
3 244 888 725
3 245 601 600
3 245 759 185
3 245 837 601
3 245 918 759
3 246 360 237
3 246 704 360
3 247 248 246
3 247 249 248
3 247 250 249
3 247 714 250
3 248 704 246
3 249 255 248
3 249 719 255
3 250 251 249
3 250 342 251
3 250 709 342
3 250 714 709
3 251 719 249
3 252 694 681
3 252 714 238
3 253 793 167
3 253 923 793
3 254 775 221
3 254 821 643
3 254 883 775
3 255 377 248
3 255 378 377
3 255 382 378
3 255 719 382
3 256 686 684
3 256 693 686
3 256 720 231
3 257 810 587
3 257 821 220
3 257 886 821
3 258 728 224
3 258 809 690
3 258 824 809
3 259 855 200
3 259 873 855
3 259 896 873
3 260 346 239
3 260 438 346
3 260 459 438
3 261 459 260
3 262 263 261
3 262 435 263
3 262 436 435
3 262 775 436
3 263 264 261
3 263 265 264
3 263 790 265
3 264 459 261
3 264 921 459
3 265 267 264
3 265 268 267
3 265 270 268
3 265 790 270
3 266 503 24
3 266 620 503
3 266 879 620
3 267 354 264
3 267 355 354
3 267 659 355
3 268 659 267
3 269 533 26
3 269 722 502
3 270 271 268
3 270 326 271
3 270 327 326
3 270 790 327
3 271 272 268
3 271 273 272
3 271 771 273
3 272 659 268
3 272 828 659
3 273 274 272
3 273 275 274
3 273 806 275
3 274 732 272
3 275 276 274
3 275 278 276
3 275 339 278
3 275 806 339
3 276 340 274
3 276 528 340
3 277 517 22
3 277 848 517
3 278 279 276
3 278 280 279
3 278 820 280
3 279 528 276
3 280 281 279
3 280 282 281
3 280 316 282
3 280 820 316
3 281 314 279
3 281 904 314
3 282 283 281
3 282 284 283
3 282 874 284
3 283 904 281
3 284 285 283
3 284 838 285
3 284 875 838
3 285 286 283
3 285 287 286
3 285 296 287
3 285 838 296
3 286 540 283
3 287 288 286
3 287 289 288
3 287 774 289
3 288 539 286
3 289 290 288
3 289 291 290
3 289 774 291
3 290 317 288
3 290 535 317
3 291 292 290
3 291 293 292
3 291 304 293
3 291 774 304
3 292 535 290
3 292 536 535
3 293 294 292
3 293 295 294
3 293 818 295
3 294 536 292
3 295 297 294
3 295 305 297
3 295 322 305
3 295 818 322
3 296 774 287
3 296 936 712
3 297 298 294
3 297 299 298
3 297 742 299
3 298 536 294
3 298 912 536
3 299 300 298
3 299 302 300
3 299 787 302
3 300 315 298
3 300 467 315
3 300 924 467
3 301 510 18
3 301 834 510
3 302 303 300
3 302 306 303
3 302 313 306
3 302 787 313
3 303 924 300
3 304 774 713
3 304 818 293
3 304 934 818
3 305 742 297
3 306 307 303
3 306 309 307
3 306 798 309
3 307 321 303
3 307 660 321
3 308 511 16
3 308 822 511
3 309 310 307
3 309 318 310
3 309 320 318
3 309 798 320
3 310 660 307
3 310 767 660
3 311 521 12
3 311 871 622
3 311 877 521
3 312 515 14
3 312 531 515
3 312 764 531
3 313 787 548
3 313 798 306
3 313 931 798
3 314 528 279
3 314 727 528
3 314 803 727
3 314 904 803
3 315 912 298
3 316 755 602
3 316 820 755
3 316 874 282
3 317 539 288
3 317 796 539
3 318 319 310
3 318 328 319
3 318 638 328
3 319 767 310
3 319 895 767
3 320 638 318
3 320 932 552
3 321 864 784
3 321 924 303
3 322 323 305
3 322 324 323
3 322 637 324
3 322 818 637
3 323 551 305
3 324 325 323
3 324 367 325
3 324 368 367
3 324 637 368
3 325 350 323
3 325 371 350
3 325 773 371
3 326 771 271
3 327 359 326
3 327 402 359
3 327 899 402
3 328 329 319
3 328 832 329
3 329 330 319
3 329 331 330
3 329 332 331
3 329 832 332
3 330 895 319
3 330 898 895
3 330 914 898
3 331 914 330
3 332 333 331
3 332 336 333
3 332 369 336
3 332 832 369
3 333 334 331
3 333 337 334
3 333 779 337
3 334 751 331
3 335 615 10
3 335 750 615
3 336 779 333
3 337 338 334
3 337 347 338
3 337 348 347
3 337 779 348
3 338 351 334
3 338 461 351
3 338 944 461
3 339 806 641
3 339 820 278
3 340 732 274
3 340 833 661
3 341 776 738
3 341 805 776
3 341 941 204
3 342 343 251
3 342 375 343
3 342 376 375
3 342 709 376
3 343 353 251
3 343 373 353
3 343 710 373
3 344 889 208
3 345 633 628
3 345 651 633
3 345 907 216
3 346 916 239
3 347 349 338
3 347 362 349
3 347 794 362
3 348 779 733
3 348 794 347
3 348 876 794
3 349 944 338
3 350 551 323
3 351 751 334
3 352 648 646
3 352 651 223
3 352 731 648
3 353 719 251
3 353 723 719
3 354 921 264
3 355 357 354
3 355 379 357
3 355 380 379
3 355 659 380
3 356 731 228
3 356 752 731
3 356 783 656
3 357 358 354
3 357 789 358
3 358 921 354
3 358 925 846
3 359 372 326
3 359 401 372
3 359 815 401
3 360 707 237
3 360 842 707
3 360 860 842
3 361 917 163
3 362 363 349
3 362 364 363
3 362 431 364
3 362 794 431
3 363 374 349
3 363 527 374
3 364 365 363
3 364 384 365
3 364 940 384
3 365 527 363
3 366 783 233
3 366 890 656
3 367 773 325
3 368 406 367
3 368 407 406
3 368 409 407
3 368 637 409
3 369 370 336
3 369 832 639
3 369 841 370
3 370 403 336
3 370 405 403
3 370 424 405
3 370 841 424
3 371 392 350
3 371 457 392
3 371 458 457
3 371 773 458
3 372 771 326
3 373 422 353
3 373 454 422
3 373 455 454
3 373 710 455
3 374 944 349
3 375 710 343
3 376 394 375
3 376 545 394
3 376 546 545
3 376 709 546
3 377 704 248
3 378 445 377
3 378 705 445
3 379 430 357
3 379 722 430
3 380 381 379
3 380 432 381
3 380 828 432
3 381 722 379
3 382 383 378
3 382 399 383
3 382 723 399
3 383 705 378
3 384 385 365
3 384 541 385
3 384 862 541
3 384 940 862
3 385 386 365
3 385 387 386
3 385 795 387
3 386 527 365
3 386 926 527
3 387 388 386
3 387 389 388
3 387 390 389
3 387 795 390
3 388 400 386
3 388 444 400
3 388 696 444
3 389 696 388
3 390 391 389
3 390 395 391
3 390 447 395
3 390 795 447
3 391 608 389
3 392 393 350
3 392 525 393
3 392 811 525
3 393 551 350
3 394 532 375
3 394 772 532
3 395 396 391
3 395 724 396
3 395 867 724
3 396 397 391
3 396 398 397
3 396 863 398
3 397 608 391
3 398 417 397
3 398 418 417
3 398 419 418
3 398 863 419
3 399 404 383
3 399 730 404
3 399 868 730
3 400 926 386
3 401 534 372
3 401 815 745
3 401 922 534
3 402 815 359
3 402 899 537
3 403 779 336
3 404 504 383
3 404 711 504
3 404 878 711
3 405 434 403
3 405 830 434
3 406 408 367
3 406 814 408
3 407 734 406
3 408 773 367
3 408 927 746
3 409 410 407
3 409 411 410
3 409 713 411
3 409 934 713
3 410 437 407
3 410 778 437
3 411 412 410
3 411 413 412
3 411 712 413
3 411 713 712
3 412 778 410
3 413 414 412
3 413 415 414
3 413 657 415
3 413 936 657
3 414 416 412
3 414 749 416
3 415 423 414
3 415 518 423
3 415 519 518
3 415 657 519
3 416 749 636
3 416 778 412
3 417 501 397
3 417 826 501
3 418 420 417
3 418 421 420
3 418 753 421
3 419 753 418
3 419 843 753
3 419 863 725
3 420 826 417
3 420 851 826
3 421 425 420
3 421 426 425
3 421 443 426
3 421 753 443
3 422 723 353
3 422 868 723
3 423 749 414
3 423 847 749
3 423 902 847
3 424 597 405
3 424 812 597
3 424 900 812
3 425 851 420
3 426 427 425
3 426 428 427
3 426 765 428
3 427 839 425
3 428 429 427
3 428 738 429
3 428 852 738
3 429 456 427
3 429 743 456
3 429 901 743
3 430 616 513
3 430 722 616
3 430 789 357
3 431 794 769
3 431 940 364
3 432 433 381
3 432 661 433
3 432 732 661
3 432 828 732
3 433 502 381
3 433 509 502
3 433 592 509
3 433 661 592
3 434 733 403
3 434 865 733
3 434 938 865
3 435 790 263
3 435 899 790
3 436 537 435
3 436 538 537
3 436 883 538
3 437 734 407
3 437 861 604
3 438 439 346
3 438 442 439
3 438 846 442
3 439 440 346
3 439 441 440
3 439 617 441
3 440 916 346
3 441 448 440
3 441 449 448
3 441 825 449
3 442 617 439
3 442 840 617
3 442 925 614
3 443 753 621
3 443 765 426
3 443 881 765
3 444 750 400
3 444 799 615
3 445 446 377
3 445 911 446
3 445 937 911
3 446 704 377
3 446 860 704
3 446 884 699
3 446 911 884
3 447 867 395
3 447 905 866
3 448 859 440
3 448 869 859
3 449 450 448
3 449 451 450
3 449 891 451
3 450 869 448
3 451 452 450
3 451 743 452
3 451 913 743
3 452 453 450
3 452 776 453
3 452 901 776
3 453 869 450
3 453 889 869
3 454 674 139
3 454 768 422
3 454 835 674
3 455 740 716
3 455 835 454
3 455 930 835
3 456 726 193
3 456 839 427
3 456 913 726
3 457 811 392
3 457 909 811
3 458 746 717
3 458 773 746
3 458 856 457
3 459 846 438
3 459 921 846
3 460 852 765
3 460 881 232
3 460 941 852
3 461 462 351
3 461 466 462
3 461 944 466
3 462 463 351
3 462 464 463
3 462 622 464
3 463 751 351
3 464 465 463
3 464 531 465
3 464 871 531
3 465 507 463
3 465 827 507
3 466 622 462
3 466 877 622
3 466 894 877
3 466 944 894
3 467 468 315
3 467 741 468
3 467 784 741
3 467 924 784
3 468 469 315
3 468 470 469
3 468 471 470
3 468 741 471
3 469 912 315
3 470 763 469
3 471 472 470
3 471 485 472
3 471 486 485
3 471 741 486
3 472 473 470
3 472 474 473
3 472 606 474
3 473 763 470
3 474 475 473
3 474 596 475
3 474 658 596
3 475 476 473
3 475 477 476
3 475 478 477
3 475 596 478
3 476 763 473
3 476 858 763
3 477 642 476
3 477 796 642
3 478 479 477
3 478 480 479
3 478 484 480
3 478 596 484
3 479 796 477
3 480 481 479
3 480 482 481
3 480 595 482
3 481 483 479
3 481 802 483
3 482 489 481
3 482 490 489
3 482 491 490
3 482 595 491
3 483 796 479
3 483 880 539
3 484 595 480
3 484 848 595
3 485 606 472
3 485 834 606
3 486 487 485
3 486 488 487
3 486 494 488
3 486 741 494
3 487 721 510
3 487 834 485
3 488 721 487
3 489 802 481
3 489 803 802
3 490 727 489
3 491 492 490
3 491 620 492
3 491 788 620
3 492 493 490
3 492 592 493
3 492 620 509
3 493 727 490
3 493 833 528
3 494 495 488
3 494 864 495
3 495 496 488
3 495 497 496
3 495 829 497
3 495 864 829
3 496 721 488
3 496 822 721
3 497 498 496
3 497 499 498
3 497 500 499
3 497 829 500
3 498 822 496
3 499 644 498
3 499 827 644
3 500 505 499
3 500 767 505
3 500 829 660
3 501 608 397
3 501 826 184
3 501 853 608
3 502 533 269
3 502 722 381
3 502 879 533
3 503 788 277
3 504 705 383
3 504 706 151
3 504 711 706
3 504 937 705
3 505 827 499
3 505 898 827
3 506 792 187
3 506 862 792
3 506 933 862
3 507 751 463
3 507 914 751
3 508 866 168
3 508 867 866
3 509 592 492
3 509 879 502
3 510 721 308
3 510 834 487
3 511 764 312
3 511 822 764
3 512 840 241
3 512 942 840
3 513 616 28
3 513 789 430
3 514 891 214
3 514 913 891
3 515 871 311
3 516 851 193
3 517 817 124
3 517 848 817
3 518 902 423
3 518 929 902
3 519 520 518
3 519 602 520
3 519 875 602
3 520 602 593
3 520 929 518
3 521 522 335
3 521 877 522
3 522 750 335
3 522 785 750
3 522 894 785
3 523 621 524
3 523 939 176
3 524 843 725
3 524 888 174
3 524 939 523
3 525 526 393
3 525 610 526
3 525 811 130
3 526 548 393
3 526 549 548
3 526 550 549
3 526 610 550
3 527 785 374
3 527 926 785
3 528 727 493
3 528 833 340
3 529 658 606
3 529 834 301
3 530 859 344
3 530 916 859
3 531 644 465
3 531 764 644
3 531 871 515
3 532 710 375
3 532 740 710
3 532 772 144
3 533 879 266
3 534 641 372
3 534 893 641
3 534 935 893
3 535 642 317
3 535 858 642
3 536 844 535
3 536 912 844
3 537 634 402
3 537 899 435
3 538 634 537
3 538 777 634
3 538 883 643
3 539 540 286
3 539 796 483
3 539 880 540
3 540 880 802
3 540 904 283
3 541 795 385
3 541 905 795
3 541 933 905
3 542 917 865
3 542 938 145
3 543 544 109
3 543 593 544
3 543 929 593
3 544 935 141
3 545 613 394
3 545 677 136
3 546 677 545
3 546 678 677
3 546 695 678
3 546 709 695
3 547 610 130
3 547 908 610
3 548 551 393
3 548 787 551
3 548 931 313
3 549 931 548
3 549 932 931
3 550 552 549
3 550 553 552
3 550 908 553
3 551 742 305
3 551 787 742
3 552 638 320
3 552 932 549
3 553 554 552
3 553 854 554
3 553 908 619
3 554 638 552
3 554 639 638
3 554 640 639
3 554 854 640
3 555 556 161
3 555 557 556
3 556 760 161
3 556 897 760
3 557 558 556
3 558 897 556
3 559 560 558
3 559 561 560
3 559 562 561
3 559 915 562
3 560 598 558
3 560 599 598
3 560 600 599
3 561 600 560
3 561 918 600
3 562 563 561
3 562 564 563
3 562 565 564
3 562 915 565
3 563 758 243
3 563 759 561
3 564 758 563
3 564 910 758
3 565 669 564
3 565 816 669
3 565 915 800
3 566 567 138
3 566 582 567
3 566 583 582
3 567 568 138
3 567 569 568
3 567 585 569
3 568 736 138
3 569 570 568
3 569 584 570
3 569 587 584
3 569 886 587
3 570 571 568
3 570 572 571
3 570 573 572
3 570 584 573
3 571 736 568
3 571 849 607
3 572 849 571
3 573 574 572
3 573 575 574
3 573 579 575
3 573 584 579
3 574 576 572
3 574 577 576
3 574 618 577
3 575 618 574
3 576 849 572
3 577 578 576
3 577 580 578
3 577 586 580
3 577 618 586
3 578 782 576
3 579 589 575
3 579 762 589
3 580 581 578
3 580 737 581
3 581 735 578
3 581 737 629
3 582 585 567
3 582 643 585
3 582 777 643
3 583 777 582
3 584 761 579
3 584 892 761
3 585 886 569
3 586 588 580
3 586 845 588
3 586 928 222
3 587 886 257
3 587 892 584
3 588 737 580
3 588 845 190
3 589 590 575
3 589 591 590
3 589 762 203
3 589 831 591
3 590 618 575
3 590 928 618
3 591 781 590
3 591 791 781
3 591 831 791
3 592 833 493
3 593 594 544
3 593 755 594
3 593 929 520
3 594 935 544
3 595 788 491
3 595 848 788
3 596 817 484
3 597 812 44
3 597 830 405
3 597 943 830
3 598 897 558
3 598 923 897
3 599 919 188
3 599 923 598
3 600 601 599
3 600 918 245
3 601 813 801
3 601 837 813
3 601 919 599
3 602 755 593
3 602 874 316
3 602 875 874
3 603 909 155
3 604 734 437
3 604 861 146
3 605 902 132
3 606 658 474
3 606 834 529
3 607 736 571
3 607 782 125
3 607 849 782
3 608 696 389
3 608 853 696
3 609 927 133
3 610 908 550
3 611 808 143
3 611 815 808
3 612 853 501
3 613 772 394
3 614 789 513
3 614 840 442
3 614 925 789
3 615 750 444
3 615 799 9
3 616 722 269
3 617 825 441
3 617 942 825
3 618 928 586
3 619 854 553
3 619 908 547
3 620 788 503
3 620 879 509
3 621 843 524
3 621 881 443
3 622 871 464
3 622 877 311
3 623 624 97
3 623 631 624
3 623 735 631
3 624 625 135
3 624 631 625
3 625 626 135
3 625 627 626
3 625 629 627
3 625 631 629
3 626 675 135
3 627 628 626
3 627 652 628
3 628 632 626
3 628 633 632
3 628 652 345
3 629 630 627
3 629 631 581
3 629 920 630
3 630 652 627
3 630 857 652
3 630 920 242
3 631 735 581
3 632 645 150
3 632 675 626
3 633 645 632
3 633 646 645
3 633 651 646
3 634 777 143
3 634 808 402
3 635 636 158
3 635 748 636
3 636 748 416
3 636 754 158
3 636 906 754
3 637 934 409
3 638 639 328
3 639 832 328
3 639 841 369
3 640 841 639
3 640 854 142
3 640 900 841
3 641 771 372
3 641 806 771
3 641 807 339
3 641 893 807
3 642 796 317
3 642 858 476
3 643 777 538
3 643 821 585
3 643 883 254
3 644 764 498
3 644 827 465
3 645 673 150
3 646 647 645
3 646 648 647
3 646 651 352
3 647 649 134
3 647 673 645
3 648 649 647
3 648 752 649
3 649 653 134
3 649 654 653
3 649 752 654
3 650 717 152
3 650 747 717
3 650 870 747
3 652 907 345
3 653 654 149
3 654 655 149
3 654 656 655
3 654 752 656
3 655 756 149
3 655 823 756
3 655 890 823
3 656 752 356
3 656 783 366
3 656 890 655
3 657 875 519
3 657 936 838
3 658 817 596
3 659 828 380
3 660 767 500
3 660 829 321
3 661 732 340
3 661 833 592
3 662 878 147
3 663 664 131
3 663 665 664
3 663 718 665
3 664 669 131
3 665 666 664
3 665 667 666
3 665 670 667
3 665 718 670
3 666 668 664
3 666 896 668
3 667 873 666
3 668 669 664
3 668 896 885
3 668 910 669
3 669 816 131
3 669 910 564
3 670 671 667
3 670 718 127
3 670 804 671
3 671 672 667
3 671 804 691
3 671 809 672
3 672 873 667
3 674 835 154
3 676 768 139
3 677 744 136
3 678 679 677
3 678 680 679
3 678 681 680
3 678 695 681
3 679 744 677
3 679 770 701
3 680 770 679
3 681 682 680
3 681 694 682
3 681 695 252
3 682 683 680
3 682 684 683
3 682 720 684
3 683 770 680
3 683 786 770
3 684 685 683
3 684 686 685
3 684 720 256
3 685 786 683
3 685 819 786
3 686 687 685
3 686 688 687
3 686 693 688
3 687 819 685
3 687 836 819
3 688 689 687
3 688 690 689
3 688 728 690
3 689 836 687
3 690 691 689
3 690 728 258
3 690 809 691
3 691 692 689
3 691 804 692
3 691 809 671
3 692 804 780
3 692 836 689
3 692 850 836
3 693 728 688
3 694 720 682
3 695 714 252
3 696 799 444
3 696 853 183
3 697 703 86
3 698 699 697
3 698 823 708
3 698 842 699
3 699 703 697
3 699 860 446
3 699 884 703
3 700 819 148
3 701 744 679
3 701 770 128
3 702 937 151
3 703 884 129
3 704 860 360
3 705 937 445
3 706 766 81
3 707 708 366
3 707 842 708
3 708 842 698
3 708 890 366
3 709 714 695
3 710 740 455
3 711 766 706
3 711 878 662
3 712 774 296
3 712 936 413
3 713 774 712
3 713 934 304
3 715 740 144
3 716 740 715
3 716 930 455
3 717 746 152
3 717 856 458
3 719 723 382
3 721 822 308
3 723 868 399
3 724 863 396
3 724 867 244
3 725 843 419
3 725 863 724
3 725 888 524
3 726 913 215
3 727 803 489
3 729 896 259
3 730 768 676
3 730 868 768
3 730 878 404
3 731 752 648
3 732 828 272
3 733 779 403
3 733 876 348
3 734 814 406
3 735 782 578
3 737 920 629
3 738 852 341
3 738 901 429
3 739 885 729
3 741 784 494
3 742 787 299
3 743 901 452
3 743 913 456
3 745 815 611
3 745 922 401
3 746 773 408
3 746 927 609
3 747 856 717
3 747 870 36
3 748 778 416
3 748 861 778
3 749 906 636
3 750 926 400
3 751 914 331
3 753 843 621
3 754 872 158
3 754 906 153
3 755 807 594
3 755 820 807
3 756 823 137
3 757 882 71
3 757 930 716
3 758 885 739
3 758 910 885
3 759 918 561
3 760 897 253
3 761 762 579
3 761 797 762
3 761 892 211
3 762 903 203
3 763 844 469
3 763 858 844
3 764 822 498
3 765 852 428
3 765 881 460
3 766 887 80
3 767 895 505
3 768 868 422
3 769 792 431
3 769 865 361
3 769 876 865
3 770 786 128
3 771 806 273
3 775 883 436
3 776 805 453
3 776 901 738
3 778 861 437
3 780 804 127
3 780 850 692
3 781 791 179
3 781 928 590
3 782 849 576
3 784 864 494
3 784 924 321
3 785 894 374
3 785 926 750
3 786 819 700
3 788 848 277
3 789 925 358
3 790 899 327
3 791 831 180
3 792 940 431
3 793 923 188
3 794 876 769
3 795 905 447
3 797 903 762
3 798 932 320
3 800 816 565
3 800 915 126
3 801 813 173
3 801 919 601
3 802 803 540
3 802 880 483
3 803 904 540
3 805 889 453
3 807 820 339
3 807 893 594
3 808 815 402
3 809 824 672
3 810 892 587
3 811 909 603
3 812 900 142
3 813 837 178
3 814 927 408
3 817 848 484
3 818 934 637
3 819 836 148
3 821 886 585
3 823 890 708
3 824 855 672
3 825 891 449
3 825 942 214
3 826 851 516
3 827 898 507
3 829 864 321
3 830 938 434
3 830 943 145
3 835 930 154
3 836 850 148
3 838 875 657
3 838 936 296
3 839 851 425
3 840 942 617
3 841 900 424
3 842 860 699
3 844 858 535
3 844 912 469
3 846 921 358
3 846 925 442
3 847 902 605
3 847 906 749
3 852 941 341
3 855 873 672
3 856 909 457
3 857 907 652
3 859 869 344
3 859 916 440
3 862 933 541
3 862 940 792
3 865 876 733
3 865 917 361
3 865 938 542
3 866 867 447
3 866 905 227
3 869 889 344
3 873 896 666
3 874 875 284
3 877 894 522
3 884 911 129
3 885 896 729
3 885 910 668
3 891 913 451
3 893 935 594
3 894 944 374
3 895 898 505
3 897 923 253
3 898 914 507
3 902 929 132
3 905 933 227
3 911 937 702
3 922 935 534
3 931 932 798

CELL_TYPES 1766
5
5
5
5
5
5
5
5
5
5
5
5
5
5
5
5
5
5
5
5
5
5
5
5
5
5
5
5
5
5
5
5
5
5
5
5
5
5
5
5
5
5
5
5
5
5
5
5
5
5
5
5
5
5
5
5
5
5
5
5
5
5
5
5
5
5
5
5
5
5
5
5
5
5
5
5
5
5
5
5
5
5
5
5
5
5
5
5
5
5
5
5
5
5
5
5
5
5
5
5
5
5
5
5
5
5
5
5
5
5
5
5
5
5
5
5
5
5
5
5
5
5
5
5
5
5
5
5
5
5
5
5
5
5
5
5
5
5
5
5
5
5
5
5
5
5
5
5
5
5
5
5
5
5
5
5
5
5
5
5
5
5
5
5
5
5
5
5
5
5
5
5
5
5
5
5
5
5
5
5
5
5
5
5
5
5
5
5
5
5
5
5
5
5
5
5
5
5
5
5
5
5
5
5
5
5
5
5
5
5
5
5
5
5
5
5
5
5
5
5
5
5
5
5
5
5
5
5
5
5
5
5
5
5
5
5
5
5
5
5
5
5
5
5
5
5
5
5
5
5
5
5
5
5
5
5
5
5
5
5
5
5
5
5
5
5
5
5
5
5
5
5
5
5
5
5
5
5
5
5
5
5
5
5
5
5
5
5
5
5
5
5
5
5
5
5
5
5
5
5
5
5
5
5
5
5
5
5
5
5
5
5
5
5
5
5
5
5
5
5
5
5
5
5
5
5
5
5
5
5
5
5
5
5
5
5
5
5
5
5
5
5
5
5
5
5
5
5
5
5
5
5
5
5
5
5
5
5
5
5
5
5
5
5
5
5
5
5
5
5
5
5
5
5
5
5
5
5
5
5
5
5
5
5
5
5
5
5
5
5
5
5
5
5
5
5
5
5
5
5
5
5
5
5
5
5
5
5
5
5
5
5
5
5
5
5
5
5
5
5
5
5
5
5
5
5
5
5
5
5
5
5
5
5
5
5
5
5
5
5
5
5
5
5
5
5
5
5
5
5
5
5
5
5
5
5
5
5
5
5
5
5
5
5
5
5
5
5
5
5
5
5
5
5
5
5
5
5
5
5
5
5
5
5
5
5
5
5
5
5
5
5
5
5
5
5
5
5
5
5
5
5
5
5
5
5
5
5
5
5
5
5
5
5
5
5
5
5
5
5
5
5
5
5
5
5
5
5
5
5
5
5
5
5
5
5
5
5
5
5
5
5
5
5
5
5
5
5
5
5
5
5
5
5
5
5
5
5
5
5
5
5
5
5
5
5
5
5
5
5
5
5
5
5
5
5
5
5
5
5
5
5
5
5
5
5
5
5
5
5
5
5
5
5
5
5
5
5
5
5
5
5
5
5
5
5
5
5
5
5
5
5
5
5
5
5
5
5
5
5
5
5
5
5
5
5
5
5
5
5
5
5
5
5
5
5
5
5
5
5
5
5
5
5
5
5
5
5
5
5
5
5
5
5
5
5
5
5
5
5
5
5
5
5
5
5
5
5
5
5
5
5
5
5
5
5
5
5
5
5
5
5
5
5
5
5
5
5
5
5
5
5
5
5
5
5
5
5
5
5
5
5
5
5
5
5
5
5
5
5
5
5
5
5
5
5
5
5
5
5
5
5
5
5
5
5
5
5
5
5
5
5
5
5
5
5
5
5
5
5
5
5
5
5
5
5
5
5
5
5
5
5
5
5
5
5
5
5
5
5
5
5
5
5
5
5
5
5
5
5
5
5
5
5
5
5
5
5
5
5
5
5
5
5
5
5
5
5
5
5
5
5
5
5
5
5
5
5
5
5
5
5
5
5
5
5
5
5
5
5
5
5
5
5
5
5
5
5
5
5
5
5
5
5
5
5
5
5
5
5
5
5
5
5
5
5
5
5
5
5
5
5
5
5
5
5
5
5
5
5
5
5
5
5
5
5
5
5
5
5
5
5
5
5
5
5
5
5
5
5
5
5
5
5
5
5
5
5
5
5
5
5
5
5
5
5
5
5
5
5
5
5
5
5
5
5
5
5
5
5
5
5
5
5
5
5
5
5
5
5
5
5
5
5
5
5
5
5
5
5
5
5
5
5
5
5
5
5
5
5
5
5
5
5
5
5
5
5
5
5
5
5
5
5
5
5
5
5
5
5
5
5
5
5
5
5
5
5
5
5
5
5
5
5
5
5
5
5
5
5
5
5
5
5
5
5
5
5
5
5
5
5
5
5
5
5
5
5
5
5
5
5
5
5
5
5
5
5
5
5
5
5
5
5
5
5
5
5
5
5
5
5
5
5
5
5
5
5
5
5
5
5
5
5
5
5
5
5
5
5
5
5
5
5
5
5
5
5
5
5
5
5
5
5
5
5
5
5
5
5
5
5
5
5
5
5
5
5
5
5
5
5
5
5
5
5
5
5
5
5
5
5
5
5
5
5
5
5
5
5
5
5
5
5
5
5
5
5
5
5
5
5
5
5
5
5
5
5
5
5
5
5
5
5
5
5
5
5
5
5
5
5
5
5
5
5
5
5
5
5
5
5
5
5
5
5
5
5
5
5
5
5
5
5
5
5
5
5
5
5
5
5
5
5
5
5
5
5
5
5
5
5
5
5
5
5
5
5
5
5
5
5
5
5
5
5
5
5
5
5
5
5
5
5
5
5
5
5
5
5
5
5
5
5
5
5
5
5
5
5
5
5
5
5
5
5
5
5
5
5
5
5
5
5
5
5
5
5
5
5
5
5
5
5
5
5
5
5
5
5
5
5
5
5
5
5
5
5
5
5
5
5
5
5
5
5
5
5
5
5
5
5
5
5
5
5
5
5
5
5
5
5
5
5
5
5
5
5
5
5
5
5
5
5
5
5
5
5
5
5
5
5
5
5
5
5
5
5
5
5
5
5
5
5
5
5
5
5
5
5
5
5
5
5
5
5
5
5
5
5
5
5
5
5
5
5
5
5
5
5
5
5
5
5
5
5
5
5
5
5
5
5
5
5
5
5
5
5
5
5
5
5
5
5
5
5
5
5
5
5
5
5
5
5
5
5
5
5
5
5
5
5
5
5
5
5
5
5
5
5
5
5
5
5
5
5
5
5
5
5
5
5
5
5
5
5
5
5
5
5
5
5
5
5
5
5
5
5
5
5
5
5
5
5
5
5
5
5
5
5
5
5
5
5
5
5
5
5
5
5
5
5
5
5
5
5
5
5
5
5
5
5
5
5
5
5
5
5
5
5
5
5
5
5
5
5
5
5
5
5
5
5
5
5
5
5
5
5
5
5
5
5
5
5
5
5
5
5
5
5
5
5
5
5
5
5
5
5
5
5
5
5
5
5
5
5
5
5
5
5
5
5
5
5
5
5
5
5
5
5
5
5
5
5
5
5
5
5
5
5
5
5
5
5
5
5
5
5
5
5
5
5
5
5
5
5
5
5
5
5
5
5
5
5
5
5
5
5
5
5
5
5
5
5
5
5
5
5
5
5
5
5
5
5
5
5
5
5
5
5
5
5
5
5
5
5
5
5
5
5
5
5
5
5
5
5
5
5
5
5
5
5
5
5
5
5
5
5
5
5
5
5
5
5
5
5
5
5
5
5
5
5
5
5
5
5
5
5
5
5
5
5
5
5
5
5
5
5
5
5
5
5
5
5
5
5
5
5
5
5
5
5
5
5
5
5
5
5
5
5
5
5
5
5
5
5
5
5
5
5
5
5
5
5
5
5
5
5
5
5
5
5
5
5
5
5
5
5
5
5
5
5
5
5
5
5
5
5
5
5
5
5
5
5
5
5
5
5
5
5
5
5
5
5
5
5
5
5
5
5
5
5
5
5
5
5
5
5
5
5
5
5
5
5
5
5
5
5
5
5
5
5
5
5
5
5
5
5
5
5
5
5
5
5
5
5
5
5
5
5
5
5
5
5
5
5
5
5
5
5
5
5
5
5
5
5
5
5
5
5
5
5
5
5
5
5
5
5
5
5
5
5
5
5
5
5
POINT_DATA 945
FIELD FieldData 2
VELOCITY 3 945  float
1.0000000e-01 0.0000000e+00 0.0000000e+00 
1.0000007e-01 0.0000000e+00 0.0000000e+00 
1.0000002e-01 0.0000000e+00 0.0000000e+00 
1.0000000e-01 0.0000000e+00 0.0000000e+00 
0.0000000e+00 0.0000000e+00 0.0000000e+00 
0.0000000e+00 0.0000000e+00 0.0000000e+00 
0.0000000e+00 0.0000000e+00 0.0000000e+00 
0.0000000e+00 0.0000000e+00 0.0000000e+00 
0.0000000e+00 0.0000000e+00 0.0000000e+00 
0.0000000e+00 0.0000000e+00 0.0000000e+00 
0.0000000e+00 0.0000000e+00 0.0000000e+00 
0.0000000e+00 0.0000000e+00 0.0000000e+00 
0.0000000e+00 0.0000000e+00 0.0000000e+00 
0.0000000e+00 0.0000000e+00 0.0000000e+00 
0.0000000e+00 0.0000000e+00 0.0000000e+00 
0.0000000e+00 0.0000000e+00 0.0000000e+00 
0.0000000e+00 0.0000000e+00 0.0000000e+00 
0.0000000e+00 0.0000000e+00 0.0000000e+00 
0.0000000e+00 0.0000000e+00 0.0000000e+00 
0.0000000e+00 0.0000000e+00 0.0000000e+00 
0.0000000e+00 0.0000000e+00 0.0000000e+00 
0.0000000e+00 0.0000000e+00 0.0000000e+00 
0.0000000e+00 0.0000000e+00 0.0000000e+00 
0.0000000e+00 0.0000000e+00 0.0000000e+00 
0.0000000e+00 0.0000000e+00 0.0000000e+00 
0.0000000e+00 0.0000000e+00 0.0000000e+00 
0.0000000e+00 0.0000000e+00 0.0000000e+00 
0.0000000e+00 0.0000000e+00 0.0000000e+00 
0.0000000e+00 0.0000000e+00 0.0000000e+00 
0.0000000e+00 0.0000000e+00 0.0000000e+00 
0.0000000e+00 0.0000000e+00 0.0000000e+00 
0.0000000e+00 0.0000000e+00 0.0000000e+00 
0.0000000e+00 0.0000000e+00 0.0000000e+00 
0.0000000e+00 0.0000000e+00 0.0000000e+00 
0.0000000e+00 0.0000000e+00 0.0000000e+00 
0.0000000e+00 0.0000000e+00 0.0000000e+00 
1.0018113e-01 -2.4233807e-26 0.0000000e+00 
1.0083549e-01 -1.2924697e-26 0.0000000e+00 
1.0201884e-01 -1.2924697e-26 0.0000000e+00 
1.0392372e-01 -1.2924697e-26 0.0000000e+00 
1.0667051e-01 -2.5849394e-25 0.0000000e+00 
1.1021771e-01 -2.5849394e-25 0.0000000e+00 
1.1444596e-01 -2.5849394e-25 0.0000000e+00 
1.1864893e-01 1.6543612e-24 0.0000000e+00 
1.2222281e-01 -4.9630837e-24 0.0000000e+00 
1.2408311e-01 1.6543612e-24 0.0000000e+00 
1.2380539e-01 0.0000000e+00 0.0000000e+00 
1.2142859e-01 0.0000000e+00 0.0000000e+00 
1.1755712e-01 0.0000000e+00 0.0000000e+00 
1.1294071e-01 -1.6543612e-24 0.0000000e+00 
1.0851225e-01 -1.6543612e-24 0.0000000e+00 
1.0514356e-01 -1.6543612e-24 0.0000000e+00 
1.0295923e-01 0.0000000e+00 0.0000000e+00 
1.0166215e-01 0.0000000e+00 0.0000000e+00 
1.0090822e-01 0.0000000e+00 0.0000000e+00 
1.0049928e-01 -1.0339758e-25 0.0000000e+00 
1.0027505e-01 -1.0339758e-25 0.0000000e+00 
1.0015251e-01 -1.0339758e-25 0.0000000e+00 
1.0008363e-01 1.5509636e-25 0.0000000e+00 
1.0004587e-01 1.5509636e-25 0.0000000e+00 
1.0002554e-01 1.5509636e-25 0.0000000e+00 
1.0001400e-01 2.5849394e-26 0.0000000e+00 
1.0000774e-01 2.5849394e-26 0.0000000e+00 
1.0000427e-01 2.5849394e-26 0.0000000e+00 
1.0000236e-01 3.2311743e-27 0.0000000e+00 
1.0000131e-01 3.2311743e-27 0.0000000e+00 
1.0000074e-01 3.2311743e-27 0.0000000e+00 
1.0000042e-01 1.0476073e-27 0.0000000e+00 
1.0000025e-01 1.0476073e-27 0.0000000e+00 
1.0000015e-01 1.0476073e-27 0.0000000e+00 
1.0000010e-01 -6.0584518e-28 0.0000000e+00 
1.0000006e-01 2.3693394e-08 0.0000000e+00 
1.0000004e-01 3.7419511e-08 0.0000000e+00 
1.0000000e-01 3.9530246e-08 0.0000000e+00 
9.9999979e-02 2.8935730e-08 0.0000000e+00 
9.9999964e-02 8.5938421e-09 0.0000000e+00 
9.9999957e-02 -1.2430005e-08 0.0000000e+00 
9.9999972e-02 -2.8378087e-08 0.0000000e+00 
9.9999987e-02 -2.7376615e-08 0.0000000e+00 
1.0000000e-01 -1.8310979e-08 0.0000000e+00 
1.0000003e-01 1.6155871e-27 0.0000000e+00 
1.0000008e-01 1.6155871e-27 0.0000000e+00 
1.0000016e-01 1.6155871e-27 0.0000000e+00 
1.0000031e-01 1.6155871e-27 0.0000000e+00 
1.0000062e-01 2.4233807e-27 0.0000000e+00 
1.0000114e-01 2.4233807e-27 0.0000000e+00 
1.0000215e-01 2.4233807e-27 0.0000000e+00 
1.0000404e-01 0.0000000e+00 0.0000000e+00 
1.0000739e-01 0.0000000e+00 0.0000000e+00 
1.0001341e-01 0.0000000e+00 0.0000000e+00 
1.0002447e-01 0.0000000e+00 0.0000000e+00 
1.0004500e-01 0.0000000e+00 0.0000000e+00 
1.0008243e-01 0.0000000e+00 0.0000000e+00 
1.0015096e-01 2.0679515e-25 0.0000000e+00 
1.0027621e-01 2.0679515e-25 0.0000000e+00 
1.0050288e-01 2.0679515e-25 0.0000000e+00 
1.0091314e-01 0.0000000e+00 0.0000000e+00 
1.0165728e-01 0.0000000e+00 0.0000000e+00 
1.0293099e-01 0.0000000e+00 0.0000000e+00 
1.0510970e-01 0.0000000e+00 0.0000000e+00 
1.0851653e-01 0.0000000e+00 0.0000000e+00 
1.1291591e-01 0.0000000e+00 0.0000000e+00 
1.1750906e-01 2.6469780e-23 0.0000000e+00 
1.2154010e-01 2.6469780e-23 0.0000000e+00 
1.2392746e-01 2.6469780e-23 0.0000000e+00 
1.2413216e-01 0.0000000e+00 0.0000000e+00 
1.2220100e-01 0.0000000e+00 0.0000000e+00 
1.1871308e-01 0.0000000e+00 0.0000000e+00 
1.1453123e-01 -3.1019273e-25 0.0000000e+00 
1.1029183e-01 -3.1019273e-25 0.0000000e+00 
1.0668492e-01 -3.1019273e-25 0.0000000e+00 
1.0391642e-01 0.0000000e+00 0.0000000e+00 
1.0198321e-01 0.0000000e+00 0.0000000e+00 
1.0080699e-01 0.0000000e+00 0.0000000e+00 
1.0016692e-01 0.0000000e+00 0.0000000e+00 
1.0000000e-01 0.0000000e+00 0.0000000e+00 
1.0000000e-01 0.0000000e+00 0.0000000e+00 
1.0000000e-01 0.0000000e+00 0.0000000e+00 
1.0000000e-01 0.0000000e+00 0.0000000e+00 
1.0000000e-01 0.0000000e+00 0.0000000e+00 
1.0000000e-01 0.0000000e+00 0.0000000e+00 
1.0000000e-01 0.0000000e+00 0.0000000e+00 
1.0000000e-01 0.0000000e+00 0.0000000e+00 
1.0000000e-01 0.0000000e+00 0.0000000e+00 
1.0590181e-02 8.8667031e-03 0.0000000e+00 
1.0353007e-01 -1.6827383e-03 0.0000000e+00 
1.0628916e-01 2.9539936e-03 0.0000000e+00 
1.0017973e-01 1.0090517e-04 0.0000000e+00 
1.0000882e-01 5.0127860e-06 0.0000000e+00 
1.0000073e-01 -4.1905420e-07 0.0000000e+00 
1.0457224e-01 -2.5705504e-03 0.0000000e+00 
1.0104828e-01 6.0466566e-04 0.0000000e+00 
1.0482390e-01 2.1759172e-03 0.0000000e+00 
9.9869244e-02 -1.9680792e-04 0.0000000e+00 
1.0005222e-01 -3.1318192e-05 0.0000000e+00 
1.0059117e-01 -3.3814277e-04 0.0000000e+00 
1.0000145e-01 8.8088058e-07 0.0000000e+00 
1.0000476e-01 -2.6486202e-06 0.0000000e+00 
1.1531718e-01 -3.8023563e-03 0.0000000e+00 
9.9999949e-02 3.0940388e-08 0.0000000e+00 
1.2002389e-01 3.2743036e-03 0.0000000e+00 
1.1687544e-01 3.0803448e-03 0.0000000e+00 
1.1680163e-01 -3.7486022e-03 0.0000000e+00 
1.2519215e-01 -2.4266556e-04 0.0000000e+00 
1.0000026e-01 1.6183891e-07 0.0000000e+00 
1.2505752e-01 3.0252535e-04 0.0000000e+00 
9.9946126e-02 4.0951118e-04 0.0000000e+00 
9.9999949e-02 -2.9082004e-08 0.0000000e+00 
1.0002951e-01 1.6337472e-05 0.0000000e+00 
1.0001540e-01 -8.9770438e-06 0.0000000e+00 
1.0017632e-01 -1.0426027e-04 0.0000000e+00 
1.0000018e-01 -1.2621062e-07 0.0000000e+00 
1.0000315e-01 -5.0400477e-04 0.0000000e+00 
1.0120434e-01 8.7110943e-04 0.0000000e+00 
1.0000002e-01 5.5348600e-08 0.0000000e+00 
1.0114926e-01 -9.9436613e-04 0.0000000e+00 
1.0000000e-01 -3.3289382e-08 0.0000000e+00 
1.0000011e-01 4.4474973e-08 0.0000000e+00 
1.0004111e-01 3.9298914e-04 0.0000000e+00 
1.2352263e-01 2.0956059e-03 0.0000000e+00 
1.2394404e-01 5.9235203e-03 0.0000000e+00 
1.1862931e-01 7.4903425e-03 0.0000000e+00 
1.2275469e-01 1.1373638e-02 0.0000000e+00 
1.2818627e-01 9.0427948e-03 0.0000000e+00 
1.2790480e-01 1.5791085e-02 0.0000000e+00 
1.2045337e-01 1.7501850e-02 0.0000000e+00 
1.2500066e-01 2.4479982e-02 0.0000000e+00 
1.1538915e-01 2.4118334e-02 0.0000000e+00 
1.1325213e-01 3.2698084e-02 0.0000000e+00 
1.0578427e-01 2.8644219e-02 0.0000000e+00 
9.6735045e-02 3.5259861e-02 0.0000000e+00 
9.3612179e-02 2.9082539e-02 0.0000000e+00 
7.9841346e-02 3.2257836e-02 0.0000000e+00 
8.1866704e-02 2.4568485e-02 0.0000000e+00 
6.5316811e-02 2.3184927e-02 0.0000000e+00 
7.4332424e-02 1.5609991e-02 0.0000000e+00 
5.9429772e-02 9.3480507e-03 0.0000000e+00 
7.3163331e-02 4.8293122e-03 0.0000000e+00 
8.1923753e-02 9.9515896e-03 0.0000000e+00 
8.2633056e-02 2.0285076e-03 0.0000000e+00 
6.5749139e-02 -4.5552803e-03 0.0000000e+00 
8.8396817e-02 6.0498603e-03 0.0000000e+00 
8.9140862e-02 3.8712166e-04 0.0000000e+00 
6.4456528e-03 3.1601284e-03 0.0000000e+00 
-5.0483108e-04 -1.1840946e-03 0.0000000e+00 
9.2789434e-02 3.5932881e-03 0.0000000e+00 
9.3395464e-02 -5.4227944e-06 0.0000000e+00 
1.3370107e-01 1.0812111e-02 0.0000000e+00 
1.0219126e-01 2.2032408e-02 0.0000000e+00 
9.5642187e-02 2.0779455e-03 0.0000000e+00 
9.6129417e-02 -2.7815631e-04 0.0000000e+00 
5.0408751e-02 -5.8537475e-03 0.0000000e+00 
6.4258814e-02 -1.7287925e-02 0.0000000e+00 
-1.5034054e-03 1.0221490e-03 0.0000000e+00 
9.7341843e-02 1.0470829e-03 0.0000000e+00 
9.7812437e-02 -3.7597702e-04 0.0000000e+00 
9.8471880e-02 4.9855077e-04 0.0000000e+00 
9.8753765e-02 -2.0238585e-04 0.0000000e+00 
9.9127144e-02 2.6512903e-04 0.0000000e+00 
9.9288702e-02 -1.4449524e-04 0.0000000e+00 
9.9495023e-02 1.3502777e-04 0.0000000e+00 
4.8952360e-02 -2.1643154e-02 0.0000000e+00 
6.9681488e-02 -2.8739111e-02 0.0000000e+00 
7.9858795e-02 -2.4233798e-02 0.0000000e+00 
6.1866224e-02 -3.2622445e-02 0.0000000e+00 
8.2826413e-02 -3.5608254e-02 0.0000000e+00 
7.8606747e-02 -3.7750714e-02 0.0000000e+00 
9.9165738e-02 -3.6930028e-02 0.0000000e+00 
9.7967379e-02 -3.8106415e-02 0.0000000e+00 
1.1431844e-01 -3.3963073e-02 0.0000000e+00 
1.1880575e-01 -3.2804850e-02 0.0000000e+00 
1.0960165e-01 -3.1337116e-02 0.0000000e+00 
1.2577720e-01 -2.7483422e-02 0.0000000e+00 
1.3243413e-01 -2.4231263e-02 0.0000000e+00 
1.5762372e-02 -6.8011042e-03 0.0000000e+00 
1.3232399e-03 1.4886202e-04 0.0000000e+00 
9.9605791e-02 -8.8526824e-05 0.0000000e+00 
9.9714361e-02 6.4793574e-05 0.0000000e+00 
9.9789545e-02 -7.3195188e-05 0.0000000e+00 
9.9845417e-02 2.8248587e-05 0.0000000e+00 
1.3181770e-01 -1.9636376e-02 0.0000000e+00 
1.3809654e-01 -1.5230399e-02 0.0000000e+00 
9.2179805e-02 -3.4186742e-03 0.0000000e+00 
9.9886887e-02 -4.3307497e-05 0.0000000e+00 
9.9914148e-02 1.3104749e-05 0.0000000e+00 
9.9938251e-02 -2.5442227e-05 0.0000000e+00 
9.9952504e-02 5.5610558e-06 0.0000000e+00 
1.2133326e-01 3.1288266e-02 0.0000000e+00 
9.9966362e-02 -1.4968064e-05 0.0000000e+00 
9.9973820e-02 2.1825738e-06 0.0000000e+00 
9.9981420e-02 -8.5631336e-06 0.0000000e+00 
9.9985503e-02 8.4076333e-07 0.0000000e+00 
3.4243468e-02 -5.9448830e-03 0.0000000e+00 
9.9989891e-02 -4.9130285e-06 0.0000000e+00 
9.9991858e-02 2.7888436e-07 0.0000000e+00 
9.9994600e-02 -3.1596473e-06 0.0000000e+00 
9.9995546e-02 -8.3692782e-08 0.0000000e+00 
9.9997148e-02 -1.7975919e-06 0.0000000e+00 
9.9997573e-02 -1.0650004e-07 0.0000000e+00 
1.3774531e-01 -1.8726224e-02 0.0000000e+00 
1.4312568e-01 -8.3581442e-03 0.0000000e+00 
3.9946917e-02 -6.2420117e-03 0.0000000e+00 
9.8779112e-02 -1.0141552e-03 0.0000000e+00 
9.7865231e-02 2.7176933e-03 0.0000000e+00 
8.0350682e-02 3.7833396e-02 0.0000000e+00 
9.3903922e-02 8.1155431e-03 0.0000000e+00 
9.9998452e-02 -1.0001203e-06 0.0000000e+00 
9.9998668e-02 -7.9571919e-08 0.0000000e+00 
9.9999160e-02 -5.5922533e-07 0.0000000e+00 
9.9999264e-02 -5.3513126e-08 0.0000000e+00 
9.9999137e-02 4.2433564e-07 0.0000000e+00 
9.9999517e-02 2.2841533e-07 0.0000000e+00 
9.9997200e-02 1.5128204e-06 0.0000000e+00 
1.1379150e-01 1.7801231e-02 0.0000000e+00 
1.3290933e-01 -1.2711395e-02 0.0000000e+00 
9.9999554e-02 -3.1782429e-07 0.0000000e+00 
9.9984452e-02 1.0517639e-05 0.0000000e+00 
1.2495185e-01 -2.1670595e-02 0.0000000e+00 
9.9913500e-02 7.1854854e-05 0.0000000e+00 
9.9503830e-02 4.5566403e-04 0.0000000e+00 
1.4317469e-01 -8.8891247e-03 0.0000000e+00 
1.4605060e-01 8.5749874e-05 0.0000000e+00 
1.4102602e-01 -1.6905211e-03 0.0000000e+00 
1.4178404e-01 5.5814586e-03 0.0000000e+00 
1.4697936e-01 1.0080303e-02 0.0000000e+00 
1.4018691e-01 1.3358026e-02 0.0000000e+00 
5.4460663e-02 4.2519249e-02 0.0000000e+00 
1.4354835e-01 2.0002674e-02 0.0000000e+00 
1.3587968e-01 2.0053044e-02 0.0000000e+00 
6.6748135e-02 2.3252053e-02 0.0000000e+00 
1.3348201e-01 1.3286554e-02 0.0000000e+00 
1.2900838e-01 1.7893193e-02 0.0000000e+00 
1.2944041e-01 2.6564971e-02 0.0000000e+00 
1.2314152e-01 2.1147074e-02 0.0000000e+00 
1.2062285e-01 2.8535653e-02 0.0000000e+00 
1.1674308e-01 2.2134859e-02 0.0000000e+00 
1.1253474e-01 2.7828462e-02 0.0000000e+00 
2.9611906e-02 3.9307017e-02 0.0000000e+00 
1.1079113e-01 2.1002395e-02 0.0000000e+00 
1.0535641e-01 2.4605786e-02 0.0000000e+00 
1.0592061e-01 1.8637778e-02 0.0000000e+00 
1.0075720e-01 2.0387450e-02 0.0000000e+00 
1.0228343e-01 1.5537108e-02 0.0000000e+00 
9.7138107e-02 1.6398400e-02 0.0000000e+00 
9.9921383e-02 1.2032739e-02 0.0000000e+00 
9.6177563e-02 1.1245522e-02 0.0000000e+00 
9.2049949e-02 1.3718760e-02 0.0000000e+00 
9.2959799e-02 9.0456102e-03 0.0000000e+00 
8.8225052e-02 9.7461576e-03 0.0000000e+00 
9.0343148e-02 5.9333090e-03 0.0000000e+00 
8.6206883e-02 4.6478026e-03 0.0000000e+00 
8.9928187e-02 2.1414682e-03 0.0000000e+00 
8.6473025e-02 -5.8539049e-04 0.0000000e+00 
9.0598635e-02 -1.3194301e-03 0.0000000e+00 
8.8720493e-02 -4.8746681e-03 0.0000000e+00 
9.2522599e-02 -4.0500192e-03 0.0000000e+00 
9.5893800e-02 7.5036306e-03 0.0000000e+00 
9.1985226e-02 -7.6561184e-03 0.0000000e+00 
8.7067068e-02 -9.9719334e-03 0.0000000e+00 
9.2823930e-02 -1.1767831e-02 0.0000000e+00 
8.9105628e-02 -1.7155785e-02 0.0000000e+00 
1.4038717e-02 -2.3314195e-02 0.0000000e+00 
9.5474251e-02 -1.6157312e-02 0.0000000e+00 
9.4181277e-02 -2.2222718e-02 0.0000000e+00 
9.2950180e-02 1.3508953e-03 0.0000000e+00 
9.4905838e-02 -5.7703238e-03 0.0000000e+00 
9.9703915e-02 -1.9451743e-02 0.0000000e+00 
1.0024084e-01 -2.5840990e-02 0.0000000e+00 
4.5480568e-02 -4.6184383e-02 0.0000000e+00 
1.0512385e-01 -2.1175861e-02 0.0000000e+00 
1.0760329e-01 -2.7232248e-02 0.0000000e+00 
7.6326564e-02 -1.4089043e-02 0.0000000e+00 
6.5783635e-02 -3.6257498e-02 0.0000000e+00 
9.9766225e-02 -1.4434194e-02 0.0000000e+00 
9.8528586e-02 2.7299948e-02 0.0000000e+00 
8.2307167e-02 -1.4574436e-02 0.0000000e+00 
1.0622565e-01 1.3734741e-02 0.0000000e+00 
8.1566282e-02 9.3494998e-03 0.0000000e+00 
1.1108179e-01 -2.0604137e-02 0.0000000e+00 
1.1585705e-01 -2.6538663e-02 0.0000000e+00 
1.0817365e-01 -1.6266571e-02 0.0000000e+00 
9.3612224e-02 -3.0514430e-02 0.0000000e+00 
9.5130086e-02 -3.1439743e-03 0.0000000e+00 
9.7165383e-02 -4.4579934e-03 0.0000000e+00 
9.7074002e-02 -2.3180791e-03 0.0000000e+00 
9.8457888e-02 -3.0971107e-03 0.0000000e+00 
1.2772985e-01 1.2055675e-02 0.0000000e+00 
1.3072674e-01 8.0796368e-03 0.0000000e+00 
1.1691396e-01 -1.8566579e-02 0.0000000e+00 
1.2242058e-01 -2.1801572e-02 0.0000000e+00 
1.2321933e-01 -2.9048802e-02 0.0000000e+00 
1.2999843e-01 -2.4127150e-02 0.0000000e+00 
1.2641111e-01 -1.6886016e-02 0.0000000e+00 
1.3303833e-01 -1.6353514e-02 0.0000000e+00 
1.3853207e-01 -2.1794476e-02 0.0000000e+00 
4.2613801e-02 6.1215563e-03 0.0000000e+00 
1.2860174e-01 -1.1639074e-02 0.0000000e+00 
1.3957368e-01 -1.3181820e-02 0.0000000e+00 
1.4624582e-01 -1.6309027e-02 0.0000000e+00 
1.1458899e-01 1.6799441e-02 0.0000000e+00 
1.1502811e-01 3.5613701e-02 0.0000000e+00 
5.0185710e-02 -3.0849801e-02 0.0000000e+00 
9.9999614e-02 5.7885154e-07 0.0000000e+00 
9.9999785e-02 3.2020932e-07 0.0000000e+00 
1.0356677e-01 -3.4237202e-02 0.0000000e+00 
9.9798687e-02 -2.3553283e-04 0.0000000e+00 
1.2952287e-01 -1.7712263e-02 0.0000000e+00 
1.4485526e-01 -7.8303972e-03 0.0000000e+00 
1.3872845e-01 -5.7588471e-03 0.0000000e+00 
1.4765698e-01 -6.2734219e-03 0.0000000e+00 
9.9162482e-02 -4.7692209e-03 0.0000000e+00 
1.4302179e-01 -2.6711078e-02 0.0000000e+00 
9.9943697e-02 -7.1682851e-05 0.0000000e+00 
9.9999733e-02 1.2371021e-07 0.0000000e+00 
1.4642066e-01 1.6729468e-02 0.0000000e+00 
1.4349197e-01 2.7502861e-02 0.0000000e+00 
9.9984482e-02 -2.1812364e-05 0.0000000e+00 
1.3872792e-01 2.1041617e-02 0.0000000e+00 
1.3769276e-01 8.9504840e-03 0.0000000e+00 
1.2614383e-01 7.5523192e-03 0.0000000e+00 
9.9998854e-02 -2.2005338e-06 0.0000000e+00 
1.3175651e-01 5.8828974e-03 0.0000000e+00 
1.4638530e-01 4.1692014e-04 0.0000000e+00 
1.4361958e-01 4.3037045e-03 0.0000000e+00 
1.4365396e-01 9.6546840e-03 0.0000000e+00 
1.3446021e-01 1.5288995e-02 0.0000000e+00 
9.9996127e-02 -8.1299977e-06 0.0000000e+00 
9.8447919e-02 -1.7388683e-03 0.0000000e+00 
9.7625397e-02 -7.0479466e-04 0.0000000e+00 
1.2354070e-01 -1.2328204e-02 0.0000000e+00 
1.2548068e-01 -7.9006059e-03 0.0000000e+00 
9.9805549e-02 -3.1619847e-03 0.0000000e+00 
1.2283078e-01 1.0260285e-02 0.0000000e+00 
9.9999882e-02 1.7598245e-07 0.0000000e+00 
1.3919625e-01 -1.2658307e-03 0.0000000e+00 
9.9999964e-02 5.1136533e-07 0.0000000e+00 
9.9999949e-02 9.1512214e-07 0.0000000e+00 
9.9999703e-02 -6.8842229e-07 0.0000000e+00 
9.9999838e-02 -3.6311982e-07 0.0000000e+00 
1.3616966e-01 3.3929184e-02 0.0000000e+00 
1.3733132e-01 3.6698610e-02 0.0000000e+00 
1.3007943e-01 4.5162763e-02 0.0000000e+00 
9.9999756e-02 -1.6848438e-07 0.0000000e+00 
9.9999920e-02 -1.9378999e-07 0.0000000e+00 
1.3680129e-01 1.8855907e-02 0.0000000e+00 
1.2237033e-01 2.4280345e-02 0.0000000e+00 
1.0889949e-01 1.9004041e-02 0.0000000e+00 
9.5034391e-02 2.6791167e-02 0.0000000e+00 
7.1811542e-02 2.0309400e-02 0.0000000e+00 
6.2255308e-02 2.3662206e-02 0.0000000e+00 
8.4596820e-02 3.0985579e-02 0.0000000e+00 
5.5017091e-02 2.6489750e-02 0.0000000e+00 
1.0097343e-01 -4.1852663e-03 0.0000000e+00 
1.0105520e-01 -6.3507459e-03 0.0000000e+00 
1.0000031e-01 6.1544500e-07 0.0000000e+00 
7.5836383e-02 3.4036364e-02 0.0000000e+00 
4.9764466e-02 2.8593395e-02 0.0000000e+00 
2.9084332e-02 1.8496849e-02 0.0000000e+00 
2.7722878e-02 2.0281248e-02 0.0000000e+00 
9.9999860e-02 -8.7525976e-08 0.0000000e+00 
8.2605176e-02 1.5848849e-02 0.0000000e+00 
1.2231117e-01 6.2630852e-03 0.0000000e+00 
1.2879394e-01 3.5209702e-03 0.0000000e+00 
1.2972163e-01 -6.1800010e-03 0.0000000e+00 
9.9999942e-02 -1.0794916e-07 0.0000000e+00 
1.2609461e-01 -4.1249073e-03 0.0000000e+00 
9.8854139e-02 -6.8606774e-04 0.0000000e+00 
9.8512657e-02 2.4251312e-04 0.0000000e+00 
9.9326938e-02 -1.2357350e-03 0.0000000e+00 
9.6920878e-02 8.6743344e-04 0.0000000e+00 
9.8435290e-02 1.4535527e-03 0.0000000e+00 
9.7468600e-02 2.6612831e-03 0.0000000e+00 
9.8953754e-02 2.4915128e-03 0.0000000e+00 
9.8527089e-02 4.3276213e-03 0.0000000e+00 
9.9930786e-02 3.2345480e-03 0.0000000e+00 
1.0046959e-01 4.8464844e-03 0.0000000e+00 
9.9820256e-02 2.0090370e-03 0.0000000e+00 
1.1795249e-02 1.0546000e-02 0.0000000e+00 
1.3316538e-02 1.1902552e-02 0.0000000e+00 
3.0123120e-02 2.1398913e-02 0.0000000e+00 
2.8746452e-03 4.5294533e-03 0.0000000e+00 
6.3047549e-03 4.0871464e-03 0.0000000e+00 
9.9999845e-02 6.7486937e-08 0.0000000e+00 
1.0127344e-01 3.2719991e-03 0.0000000e+00 
1.2277090e-01 -5.2058809e-03 0.0000000e+00 
4.6047627e-04 7.0830843e-05 0.0000000e+00 
6.4517865e-03 -3.4279679e-03 0.0000000e+00 
3.7244991e-03 -4.9247565e-03 0.0000000e+00 
1.3747691e-02 -1.1793283e-02 0.0000000e+00 
1.3450851e-02 -1.1699893e-02 0.0000000e+00 
1.1701286e-01 2.2097111e-02 0.0000000e+00 
1.4276245e-01 6.1809923e-03 0.0000000e+00 
1.2884222e-01 4.2615157e-02 0.0000000e+00 
1.2088069e-01 5.1588066e-02 0.0000000e+00 
1.2873781e-01 -2.2410057e-03 0.0000000e+00 
1.3657275e-01 2.1126049e-03 0.0000000e+00 
1.3514002e-01 -3.0367153e-03 0.0000000e+00 
9.9285372e-02 6.6265272e-04 0.0000000e+00 
1.3249189e-01 -9.4875190e-03 0.0000000e+00 
1.0711579e-01 -1.7386081e-02 0.0000000e+00 
1.0603902e-01 -2.3749446e-02 0.0000000e+00 
7.6087750e-02 -2.0690126e-02 0.0000000e+00 
1.0699940e-01 -9.1762058e-03 0.0000000e+00 
1.3072952e-02 9.8327012e-04 0.0000000e+00 
4.5085043e-02 1.3919283e-02 0.0000000e+00 
1.0000008e-01 -4.9583781e-07 0.0000000e+00 
1.0000015e-01 -1.0274698e-06 0.0000000e+00 
1.0023083e-01 3.4988429e-02 0.0000000e+00 
7.9810485e-02 -2.6066439e-02 0.0000000e+00 
4.8460793e-02 -1.8901322e-02 0.0000000e+00 
5.5273902e-02 -2.4449008e-02 0.0000000e+00 
2.7769102e-02 -1.4402539e-02 0.0000000e+00 
3.7821341e-02 -2.1801254e-02 0.0000000e+00 
6.2139831e-02 -3.0554650e-02 0.0000000e+00 
9.9999934e-02 8.8082061e-08 0.0000000e+00 
1.0000000e-01 1.5468446e-07 0.0000000e+00 
2.8992379e-03 -3.0215632e-03 0.0000000e+00 
1.0079054e-01 -2.6617707e-03 0.0000000e+00 
1.0009102e-01 -2.0143280e-03 0.0000000e+00 
1.4544748e-01 3.1958203e-04 0.0000000e+00 
3.0400895e-02 -1.5598233e-02 0.0000000e+00 
1.4463939e-01 -2.0523863e-02 0.0000000e+00 
1.3961327e-01 -2.8998569e-02 0.0000000e+00 
1.3759185e-01 -3.6845803e-02 0.0000000e+00 
1.2942024e-01 -3.9804790e-02 0.0000000e+00 
1.2861891e-01 -4.6472155e-02 0.0000000e+00 
1.3605903e-01 -1.7712286e-02 0.0000000e+00 
8.2776122e-02 -2.2368411e-02 0.0000000e+00 
7.5328432e-02 -1.9241093e-02 0.0000000e+00 
7.5838208e-02 -1.0748428e-02 0.0000000e+00 
6.7011215e-02 -1.3212290e-02 0.0000000e+00 
6.5423675e-02 -2.4464903e-02 0.0000000e+00 
5.4671008e-02 -1.6042456e-02 0.0000000e+00 
6.0310993e-02 -4.3219011e-03 0.0000000e+00 
4.6141461e-02 -2.7590245e-03 0.0000000e+00 
5.6753624e-02 7.6441481e-03 0.0000000e+00 
6.7444734e-02 3.5603300e-03 0.0000000e+00 
6.7105517e-02 1.3134656e-02 0.0000000e+00 
5.8425047e-02 2.1024242e-02 0.0000000e+00 
7.0264496e-02 2.2565139e-02 0.0000000e+00 
6.5054201e-02 3.3256628e-02 0.0000000e+00 
7.6672450e-02 3.0407328e-02 0.0000000e+00 
7.6073222e-02 4.1745692e-02 0.0000000e+00 
7.9825215e-02 2.1559749e-02 0.0000000e+00 
4.9271166e-02 3.1992901e-02 0.0000000e+00 
5.3169280e-02 -3.0996425e-02 0.0000000e+00 
6.7527451e-02 -3.7102509e-02 0.0000000e+00 
5.6034435e-02 -4.6072006e-02 0.0000000e+00 
7.4399419e-02 -4.8673082e-02 0.0000000e+00 
8.5675836e-02 3.5366774e-02 0.0000000e+00 
8.8767029e-02 4.5403574e-02 0.0000000e+00 
7.8362375e-02 5.3740550e-02 0.0000000e+00 
9.4874576e-02 5.4783776e-02 0.0000000e+00 
1.0048548e-01 4.4911683e-02 0.0000000e+00 
7.9790838e-02 -3.8074750e-02 0.0000000e+00 
8.8021480e-02 -4.6015840e-02 0.0000000e+00 
8.6459674e-02 -5.6249317e-02 0.0000000e+00 
9.9453159e-02 -5.0149545e-02 0.0000000e+00 
1.0091004e-01 -5.8122791e-02 0.0000000e+00 
1.1156411e-01 -5.0061323e-02 0.0000000e+00 
1.0642686e-01 -4.2065486e-02 0.0000000e+00 
9.7097559e-03 6.7093829e-03 0.0000000e+00 
1.0942985e-01 5.0700434e-02 0.0000000e+00 
4.4249695e-02 4.4919197e-02 0.0000000e+00 
1.0000004e-01 -1.6149093e-07 0.0000000e+00 
1.1633060e-01 -4.0701065e-02 0.0000000e+00 
1.3329838e-01 1.8850073e-02 0.0000000e+00 
1.3059229e-01 -3.8695421e-02 0.0000000e+00 
1.0022522e-01 3.7378781e-02 0.0000000e+00 
1.0426394e-01 5.8458153e-02 0.0000000e+00 
3.1814247e-02 -4.1954197e-02 0.0000000e+00 
5.7104915e-02 -4.3596551e-02 0.0000000e+00 
2.3931062e-02 -7.3186550e-03 0.0000000e+00 
6.4677738e-02 1.2485625e-03 0.0000000e+00 
5.5079386e-03 -2.7905323e-03 0.0000000e+00 
6.8966217e-02 -2.5361616e-02 0.0000000e+00 
-1.2246430e-03 -8.7694428e-04 0.0000000e+00 
1.8777188e-02 2.7816877e-02 0.0000000e+00 
1.0273011e-01 4.7554686e-03 0.0000000e+00 
1.0212868e-01 6.9161328e-03 0.0000000e+00 
1.0464039e-01 6.3569439e-03 0.0000000e+00 
5.8094285e-02 -4.1401148e-04 0.0000000e+00 
9.2756785e-02 1.4468534e-03 0.0000000e+00 
4.3000776e-02 8.9875488e-03 0.0000000e+00 
4.8799030e-02 2.4243183e-02 0.0000000e+00 
1.0306250e-01 -4.7692535e-03 0.0000000e+00 
1.0384302e-01 -7.4626189e-03 0.0000000e+00 
1.2776875e-01 9.4221532e-03 0.0000000e+00 
1.0543165e-01 3.4185119e-02 0.0000000e+00 
1.3620298e-02 -1.2960329e-02 0.0000000e+00 
1.2359311e-01 -2.8608000e-02 0.0000000e+00 
1.1215208e-01 -4.8372123e-02 0.0000000e+00 
1.0000017e-01 3.5000633e-07 0.0000000e+00 
6.3726187e-02 3.4006707e-02 0.0000000e+00 
1.1915017e-01 8.3198445e-03 0.0000000e+00 
8.0525137e-02 1.6846673e-03 0.0000000e+00 
8.3544977e-02 -4.7119157e-03 0.0000000e+00 
1.3157827e-01 2.8485403e-04 0.0000000e+00 
1.2995955e-01 -3.8197767e-03 0.0000000e+00 
8.5746109e-02 1.5458474e-02 0.0000000e+00 
9.0723231e-02 2.0190420e-02 0.0000000e+00 
1.2833478e-01 2.6222315e-02 0.0000000e+00 
1.2627605e-01 2.5649553e-03 0.0000000e+00 
1.0796093e-01 2.7907633e-03 0.0000000e+00 
1.1237040e-01 3.8827166e-03 0.0000000e+00 
1.0000058e-01 1.0848029e-06 0.0000000e+00 
9.9999949e-02 1.6494229e-06 0.0000000e+00 
1.0794708e-01 -2.8294981e-03 0.0000000e+00 
1.0113195e-01 -1.0176103e-02 0.0000000e+00 
1.0498314e-01 -1.0703293e-02 0.0000000e+00 
1.0709796e-01 -7.9331268e-03 0.0000000e+00 
9.8017842e-02 -7.5058248e-03 0.0000000e+00 
1.0904861e-01 -1.1469300e-02 0.0000000e+00 
1.1108006e-01 -7.4413987e-03 0.0000000e+00 
1.1396506e-01 -9.9330358e-03 0.0000000e+00 
1.1557975e-01 3.7508109e-03 0.0000000e+00 
1.1344170e-01 7.9521099e-03 0.0000000e+00 
1.1081087e-01 3.7282815e-03 0.0000000e+00 
1.0820103e-01 7.7158385e-03 0.0000000e+00 
1.0414730e-01 5.8683045e-03 0.0000000e+00 
1.0372788e-01 9.7954459e-03 0.0000000e+00 
1.0036561e-01 6.7363605e-03 0.0000000e+00 
1.0183549e-01 4.1442504e-03 0.0000000e+00 
9.9585347e-02 4.0927990e-03 0.0000000e+00 
1.0071846e-01 2.6609071e-03 0.0000000e+00 
1.0201664e-01 2.2996808e-03 0.0000000e+00 
1.1982986e-01 -3.5446465e-03 0.0000000e+00 
1.1809366e-01 -8.0444068e-03 0.0000000e+00 
1.1277194e-01 -7.7671250e-03 0.0000000e+00 
1.1541089e-01 -1.3698963e-02 0.0000000e+00 
1.0910577e-01 -1.1732129e-02 0.0000000e+00 
1.0849182e-01 -6.8604285e-03 0.0000000e+00 
1.0501976e-01 -9.0674497e-03 0.0000000e+00 
1.0355321e-01 -1.3966560e-02 0.0000000e+00 
1.0072517e-01 -9.7087845e-03 0.0000000e+00 
9.7259410e-02 -1.3798716e-02 0.0000000e+00 
1.0246936e-01 -6.4372718e-03 0.0000000e+00 
9.9280022e-02 -6.0982760e-03 0.0000000e+00 
1.0106865e-01 -4.1407854e-03 0.0000000e+00 
1.0019314e-01 -1.9918865e-02 0.0000000e+00 
9.8983109e-02 -3.5512240e-03 0.0000000e+00 
1.0033447e-01 -2.4359119e-03 0.0000000e+00 
1.2296062e-01 -6.5628076e-03 0.0000000e+00 
1.2338865e-01 -2.2444769e-03 0.0000000e+00 
1.0925751e-01 -1.8724518e-02 0.0000000e+00 
1.2187044e-01 -1.2017870e-02 0.0000000e+00 
9.6374482e-02 -4.7897496e-03 0.0000000e+00 
1.1598808e-01 -2.0116597e-02 0.0000000e+00 
9.7561732e-02 -2.0988476e-03 0.0000000e+00 
8.9232519e-02 -1.8425476e-02 0.0000000e+00 
9.0786725e-02 -1.0948439e-02 0.0000000e+00 
8.3499707e-02 -1.0880020e-02 0.0000000e+00 
1.0928498e-01 5.0894588e-02 0.0000000e+00 
1.0818733e-01 6.4948695e-03 0.0000000e+00 
1.1261714e-01 8.1017753e-03 0.0000000e+00 
6.1699122e-02 4.5648932e-02 0.0000000e+00 
4.3678045e-02 1.4378169e-02 0.0000000e+00 
1.2343829e-01 -2.5835901e-03 0.0000000e+00 
1.0731631e-01 1.2711002e-02 0.0000000e+00 
1.0200550e-01 1.5173717e-02 0.0000000e+00 
9.8952644e-02 1.0549464e-02 0.0000000e+00 
9.5121704e-02 1.4755205e-02 0.0000000e+00 
1.0499506e-01 9.3841199e-03 0.0000000e+00 
1.0249319e-01 -1.3696285e-03 0.0000000e+00 
9.9848807e-02 2.0844066e-04 0.0000000e+00 
1.0259977e-01 1.3707343e-03 0.0000000e+00 
3.7855480e-02 -1.8197248e-02 0.0000000e+00 
1.0639715e-01 -2.9724734e-03 0.0000000e+00 
3.1787384e-02 1.5935596e-02 0.0000000e+00 
9.9945948e-02 -4.0208577e-04 0.0000000e+00 
1.0570799e-01 -5.0629717e-03 0.0000000e+00 
1.2402309e-01 1.5656365e-03 0.0000000e+00 
2.1895936e-03 5.3639285e-04 0.0000000e+00 
1.0000081e-01 5.1010699e-07 0.0000000e+00 
8.8513367e-02 -3.3817743e-03 0.0000000e+00 
2.6412269e-02 7.8286035e-03 0.0000000e+00 
6.3042179e-02 1.1304474e-02 0.0000000e+00 
7.3122427e-02 -1.5883373e-02 0.0000000e+00 
9.6561700e-02 -8.7694721e-03 0.0000000e+00 
1.1208489e-01 -3.6526113e-03 0.0000000e+00 
8.0494776e-02 6.1024401e-02 0.0000000e+00 
2.7899871e-02 8.7594567e-03 0.0000000e+00 
1.2303878e-01 -2.5637589e-02 0.0000000e+00 
1.0196640e-01 -1.0384150e-03 0.0000000e+00 
1.0108094e-01 -6.0671882e-04 0.0000000e+00 
1.0047540e-01 -7.9469307e-04 0.0000000e+00 
1.0025270e-01 -4.4125636e-04 0.0000000e+00 
1.0000228e-01 -6.9280714e-04 0.0000000e+00 
9.9974543e-02 -3.8843759e-04 0.0000000e+00 
1.0000873e-01 -1.3135545e-03 0.0000000e+00 
9.9558450e-02 -8.9292548e-04 0.0000000e+00 
1.0088935e-01 -1.4327755e-03 0.0000000e+00 
1.0013413e-01 -2.4651797e-04 0.0000000e+00 
9.9983700e-02 -2.1456313e-04 0.0000000e+00 
1.2794887e-01 -5.5747648e-04 0.0000000e+00 
1.0001032e-01 5.0370005e-04 0.0000000e+00 
1.0021047e-01 1.1709856e-03 0.0000000e+00 
9.5849231e-02 -9.7405573e-04 0.0000000e+00 
1.1276979e-01 -1.4717978e-02 0.0000000e+00 
1.1847240e-01 -1.2766952e-02 0.0000000e+00 
1.1739919e-01 -7.6752407e-03 0.0000000e+00 
1.1843631e-01 1.2784314e-02 0.0000000e+00 
7.4282855e-02 7.6837018e-03 0.0000000e+00 
1.2783922e-01 -8.6278096e-03 0.0000000e+00 
1.1515102e-01 -5.4470044e-02 0.0000000e+00 
1.0007177e-01 -1.3597308e-04 0.0000000e+00 
9.9990301e-02 -1.1698143e-04 0.0000000e+00 
1.0003897e-01 -7.5184456e-05 0.0000000e+00 
9.9995196e-02 -6.2555104e-05 0.0000000e+00 
1.0002115e-01 -4.0043156e-05 0.0000000e+00 
1.0005257e-01 -4.1272651e-04 0.0000000e+00 
9.9899478e-02 -1.2884074e-04 0.0000000e+00 
9.9727593e-02 -4.8949139e-04 0.0000000e+00 
1.0002825e-01 -1.7061124e-05 0.0000000e+00 
1.0001048e-01 -2.0492935e-05 0.0000000e+00 
1.0000682e-01 -1.0972512e-05 0.0000000e+00 
9.9998690e-02 -1.6731115e-05 0.0000000e+00 
9.9606723e-02 6.7186365e-03 0.0000000e+00 
2.7668064e-02 1.8423034e-03 0.0000000e+00 
1.3744266e-01 2.7867261e-02 0.0000000e+00 
1.0256388e-01 -3.3564664e-02 0.0000000e+00 
1.1864075e-01 4.3645751e-02 0.0000000e+00 
9.9999979e-02 -4.1037854e-08 0.0000000e+00 
1.0057987e-01 3.3483410e-04 0.0000000e+00 
1.0045248e-01 7.7090389e-04 0.0000000e+00 
1.0025071e-01 4.2743768e-04 0.0000000e+00 
1.0004766e-01 6.5871119e-04 0.0000000e+00 
1.0001267e-01 3.6363202e-04 0.0000000e+00 
1.0009694e-01 1.1958404e-03 0.0000000e+00 
1.0085534e-01 1.4564944e-03 0.0000000e+00 
1.0013930e-01 2.3587659e-04 0.0000000e+00 
1.0001517e-01 1.9842094e-04 0.0000000e+00 
9.9888965e-02 2.4436484e-04 0.0000000e+00 
1.0009641e-01 -5.7633602e-05 0.0000000e+00 
9.9999979e-02 5.4395848e-08 0.0000000e+00 
1.0032458e-01 -1.8733580e-04 0.0000000e+00 
9.9999942e-02 -2.5115963e-09 0.0000000e+00 
1.0000110e-01 1.9442505e-06 0.0000000e+00 
9.9999994e-02 2.9953926e-06 0.0000000e+00 
1.0000206e-01 3.5058520e-06 0.0000000e+00 
1.0000012e-01 5.4239108e-06 0.0000000e+00 
9.9997938e-02 3.5878900e-06 0.0000000e+00 
9.9996462e-02 6.5661452e-06 0.0000000e+00 
1.0000044e-01 9.7492366e-06 0.0000000e+00 
9.9993944e-02 1.2046463e-05 0.0000000e+00 
1.0000123e-01 1.7616609e-05 0.0000000e+00 
9.9989749e-02 2.2211701e-05 0.0000000e+00 
1.0000321e-01 3.1803891e-05 0.0000000e+00 
9.9982791e-02 4.1165375e-05 0.0000000e+00 
1.0000741e-01 5.7547160e-05 0.0000000e+00 
9.9970922e-02 7.5186421e-05 0.0000000e+00 
1.0001271e-01 1.0615082e-04 0.0000000e+00 
1.0004605e-01 6.6135726e-05 0.0000000e+00 
9.9972382e-02 2.0011628e-05 0.0000000e+00 
9.9995010e-02 2.9503196e-06 0.0000000e+00 
9.9998802e-02 1.9391500e-06 0.0000000e+00 
3.1616859e-02 1.3130131e-02 0.0000000e+00 
1.0000250e-01 -1.5320381e-06 0.0000000e+00 
1.0000207e-01 -3.6122340e-06 0.0000000e+00 
1.0000093e-01 -1.8081121e-06 0.0000000e+00 
1.0001601e-01 8.9378118e-06 0.0000000e+00 
1.0000488e-01 2.7553547e-06 0.0000000e+00 
1.0000038e-01 -2.3506369e-07 0.0000000e+00 
1.0000137e-01 -7.5506944e-07 0.0000000e+00 
9.9999405e-02 -1.1993135e-06 0.0000000e+00 
1.0000002e-01 -2.9690426e-07 0.0000000e+00 
1.0000008e-01 -7.4173251e-08 0.0000000e+00 
9.9997900e-02 -4.0247651e-06 0.0000000e+00 
1.0000007e-01 -6.0337702e-06 0.0000000e+00 
9.9999316e-02 1.0549670e-06 0.0000000e+00 
9.9999979e-02 2.8287164e-07 0.0000000e+00 
1.0000001e-01 -7.4446632e-08 0.0000000e+00 
9.6609496e-02 4.5013814e-03 0.0000000e+00 
9.5533900e-02 2.3585858e-03 0.0000000e+00 
9.9998444e-02 7.9508766e-07 0.0000000e+00 
1.0000017e-01 8.5260169e-08 0.0000000e+00 
1.0000008e-01 1.0361542e-07 0.0000000e+00 
1.0015506e-01 -1.0668405e-03 0.0000000e+00 
1.0032130e-01 1.8328740e-04 0.0000000e+00 
9.9999599e-02 -3.5033054e-08 0.0000000e+00 
9.9991210e-02 5.5594655e-06 0.0000000e+00 
6.4933799e-02 -5.6574091e-02 0.0000000e+00 
1.1537358e-01 3.5782434e-02 0.0000000e+00 
9.9999771e-02 -1.8223279e-08 0.0000000e+00 
6.6026039e-02 3.4974962e-02 0.0000000e+00 
5.2245986e-02 3.0978104e-02 0.0000000e+00 
-5.1466149e-04 1.2086297e-03 0.0000000e+00 
9.5399767e-02 3.6112387e-02 0.0000000e+00 
9.9951141e-02 3.8097671e-05 0.0000000e+00 
9.9145800e-02 8.3068648e-04 0.0000000e+00 
9.9999912e-02 -3.8786833e-08 0.0000000e+00 
9.9971734e-02 -3.9075865e-05 0.0000000e+00 
1.2458052e-01 3.5265397e-02 0.0000000e+00 
1.3311772e-01 -3.5984381e-03 0.0000000e+00 
9.9484831e-02 -1.5416617e-05 0.0000000e+00 
1.0182654e-01 -2.4370793e-03 0.0000000e+00 
1.1075231e-01 -3.4754968e-03 0.0000000e+00 
9.9241622e-02 -1.9958958e-03 0.0000000e+00 
2.7957987e-02 -2.0752149e-02 0.0000000e+00 
9.8590918e-02 1.5035579e-03 0.0000000e+00 
1.0000011e-01 1.9631922e-07 0.0000000e+00 
7.5682864e-02 -2.8646881e-02 0.0000000e+00 
9.4979547e-02 -8.9507103e-03 0.0000000e+00 
1.7688544e-02 -1.2376497e-02 0.0000000e+00 
1.0000268e-01 1.5554527e-06 0.0000000e+00 
1.2089332e-01 2.6831904e-03 0.0000000e+00 
9.9849917e-02 -1.1132095e-03 0.0000000e+00 
1.0037836e-01 -6.4001064e-04 0.0000000e+00 
9.9848308e-02 1.0876949e-03 0.0000000e+00 
1.0054077e-01 2.0006162e-03 0.0000000e+00 
7.4522756e-02 1.0956083e-02 0.0000000e+00 
1.3557912e-01 -2.9991060e-02 0.0000000e+00 
9.9998742e-02 -3.2293348e-05 0.0000000e+00 
1.8463280e-02 1.1715088e-02 0.0000000e+00 
1.0038140e-01 5.9303537e-04 0.0000000e+00 
1.0916528e-01 1.0955459e-02 0.0000000e+00 
1.0000875e-01 -4.6255782e-06 0.0000000e+00 
1.0000006e-01 5.1244591e-08 0.0000000e+00 
9.9371597e-02 2.4295349e-03 0.0000000e+00 
9.7297207e-02 5.1525356e-03 0.0000000e+00 
1.1692703e-01 1.1990018e-02 0.0000000e+00 
1.0579596e-01 -2.5757926e-02 0.0000000e+00 
9.3782835e-02 -2.7117234e-02 0.0000000e+00 
7.0640646e-02 -4.3962202e-03 0.0000000e+00 
9.5685564e-02 -5.7162423e-02 0.0000000e+00 
1.6535096e-02 -9.0040956e-03 0.0000000e+00 
1.0000004e-01 -3.3175006e-08 0.0000000e+00 
1.1136426e-01 -3.3772841e-02 0.0000000e+00 
9.9999905e-02 2.2269935e-08 0.0000000e+00 
1.3670255e-01 4.4444297e-03 0.0000000e+00 
1.0000372e-01 6.2581685e-06 0.0000000e+00 
1.2373322e-01 1.5117829e-02 0.0000000e+00 
1.0000046e-01 2.8597435e-07 0.0000000e+00 
9.9315621e-02 -2.1813230e-03 0.0000000e+00 
9.3431383e-02 4.7502592e-03 0.0000000e+00 
1.3775738e-01 -8.0420421e-03 0.0000000e+00 
4.5444831e-02 -2.7577778e-02 0.0000000e+00 
1.2625805e-01 -3.4764488e-03 0.0000000e+00 
9.9330567e-02 1.5176306e-03 0.0000000e+00 
1.3387880e-01 -9.4607659e-03 0.0000000e+00 
1.0010360e-01 5.4174987e-05 0.0000000e+00 
8.6785302e-02 -5.1787798e-03 0.0000000e+00 
1.0352526e-01 -3.9212732e-03 0.0000000e+00 
9.9989876e-02 -1.1923767e-05 0.0000000e+00 
8.4875643e-02 -2.9741080e-02 0.0000000e+00 
1.1624551e-01 3.9680917e-03 0.0000000e+00 
1.0000683e-01 1.1164193e-05 0.0000000e+00 
9.7178459e-02 -1.1285502e-02 0.0000000e+00 
5.7834353e-02 5.4817203e-02 0.0000000e+00 
1.1815874e-01 8.8169565e-03 0.0000000e+00 
1.3599268e-01 7.7274106e-03 0.0000000e+00 
7.7742644e-02 -4.8054247e-03 0.0000000e+00 
1.3867465e-01 1.2226013e-02 0.0000000e+00 
1.0887448e-01 2.1977358e-02 0.0000000e+00 
1.4227790e-01 -1.0642568e-03 0.0000000e+00 
1.1053573e-01 3.0552607e-02 0.0000000e+00 
7.6839045e-02 1.4972473e-02 0.0000000e+00 
9.7698599e-02 -3.2819532e-02 0.0000000e+00 
1.0357141e-01 -1.6369019e-02 0.0000000e+00 
1.4394784e-02 6.4824647e-03 0.0000000e+00 
1.0355922e-01 1.5612220e-03 0.0000000e+00 
9.2421927e-02 2.1888817e-02 0.0000000e+00 
8.5401960e-02 2.6121868e-02 0.0000000e+00 
9.2123367e-02 2.7582362e-02 0.0000000e+00 
1.0008318e-01 1.2415102e-04 0.0000000e+00 
6.9762036e-02 -3.5270870e-02 0.0000000e+00 
1.1923082e-01 1.7502641e-02 0.0000000e+00 
1.1345738e-01 1.2467044e-02 0.0000000e+00 
1.2632506e-01 1.5479260e-03 0.0000000e+00 
9.9945799e-02 1.3487723e-04 0.0000000e+00 
1.1909561e-01 -2.7613470e-02 0.0000000e+00 
1.0215452e-01 -3.0293658e-03 0.0000000e+00 
1.2030248e-01 -2.9154154e-03 0.0000000e+00 
8.6302772e-02 1.7197726e-02 0.0000000e+00 
9.9485099e-02 -5.3368346e-04 0.0000000e+00 
1.2475493e-01 3.9898939e-03 0.0000000e+00 
1.0193647e-01 9.9216646e-04 0.0000000e+00 
3.0266326e-02 2.3969335e-02 0.0000000e+00 
9.3635142e-02 -1.1994647e-03 0.0000000e+00 
1.0001285e-01 2.0113683e-05 0.0000000e+00 
1.1009239e-01 1.5564904e-02 0.0000000e+00 
1.2714848e-01 -1.5298631e-02 0.0000000e+00 
7.9741642e-02 -6.0199823e-02 0.0000000e+00 
1.0000396e-01 -6.3764237e-06 0.0000000e+00 
9.9838622e-02 1.3430000e-04 0.0000000e+00 
4.3793794e-02 -1.5114696e-02 0.0000000e+00 
2.4016083e-03 2.9669330e-03 0.0000000e+00 
1.2226019e-01 -4.5867164e-02 0.0000000e+00 
1.3220368e-01 3.4289766e-02 0.0000000e+00 
9.7282924e-02 -4.0534437e-02 0.0000000e+00 
1.2582161e-01 -1.5011032e-03 0.0000000e+00 
7.6405123e-02 -1.4441152e-02 0.0000000e+00 
1.2121496e-01 -1.6116729e-02 0.0000000e+00 
1.0996311e-01 4.2053040e-02 0.0000000e+00 
3.5012249e-02 -3.3834860e-02 0.0000000e+00 
1.0000000e-01 8.9681720e-08 0.0000000e+00 
1.0002396e-01 3.5539786e-05 0.0000000e+00 
8.9052655e-02 1.1436339e-02 0.0000000e+00 
9.8303147e-02 8.7802382e-03 0.0000000e+00 
-3.9964283e-04 -9.3677908e-04 0.0000000e+00 
6.1551776e-02 -1.0763966e-02 0.0000000e+00 
1.2131304e-01 -8.6255865e-03 0.0000000e+00 
9.9999942e-02 -3.2055393e-06 0.0000000e+00 
3.3556659e-02 2.0534245e-02 0.0000000e+00 
7.7817380e-02 -4.4210101e-03 0.0000000e+00 
9.5007412e-02 -2.3373137e-03 0.0000000e+00 
1.3377412e-01 -7.4828160e-04 0.0000000e+00 
1.0145830e-01 1.9499311e-03 0.0000000e+00 
4.1693918e-02 4.2399451e-02 0.0000000e+00 
1.0522538e-01 -5.8814543e-03 0.0000000e+00 
1.0005274e-01 2.6852555e-05 0.0000000e+00 
-1.5802161e-03 5.3383072e-04 0.0000000e+00 
2.8597446e-02 -2.0001946e-02 0.0000000e+00 
1.3784416e-02 7.1946238e-03 0.0000000e+00 
1.1428306e-01 -6.4732675e-03 0.0000000e+00 
9.9712834e-02 2.4028987e-04 0.0000000e+00 
1.0059889e-01 -1.6038610e-03 0.0000000e+00 
9.9262640e-02 -5.1512377e-04 0.0000000e+00 
7.4022330e-02 8.6833758e-04 0.0000000e+00 
1.0477505e-01 -2.9320484e-02 0.0000000e+00 
9.9999852e-02 -1.8297510e-06 0.0000000e+00 
9.9679343e-02 7.5513398e-04 0.0000000e+00 
1.3650650e-01 1.9763144e-02 0.0000000e+00 
4.4590089e-02 2.8037993e-02 0.0000000e+00 
8.8819169e-02 -3.6915664e-02 0.0000000e+00 
1.3082580e-01 1.6759782e-03 0.0000000e+00 
1.0952646e-01 3.6076680e-02 0.0000000e+00 
9.1157988e-02 3.7733998e-02 0.0000000e+00 
9.9999860e-02 -1.1093658e-08 0.0000000e+00 
8.2010277e-02 -3.1239307e-02 0.0000000e+00 
1.0007750e-01 -1.8426623e-04 0.0000000e+00 
1.0746505e-01 -3.2247834e-02 0.0000000e+00 
1.0007649e-01 1.7104718e-04 0.0000000e+00 
9.9816024e-02 4.5481461e-04 0.0000000e+00 
1.0302049e-01 1.2043889e-02 0.0000000e+00 
1.0117615e-01 9.3508065e-03 0.0000000e+00 
1.3641280e-01 -7.1595097e-04 0.0000000e+00 
1.0844889e-01 -1.0814307e-02 0.0000000e+00 
9.9999957e-02 -5.9383840e-08 0.0000000e+00 
8.7164775e-02 5.4604374e-02 0.0000000e+00 
8.6029746e-02 2.0516865e-02 0.0000000e+00 
2.2304974e-02 -4.5071174e-03 0.0000000e+00 
1.0000008e-01 2.2365770e-08 0.0000000e+00 
1.3268121e-01 -7.1983454e-03 0.0000000e+00 
1.0000066e-01 -8.4073162e-07 0.0000000e+00 
9.9507332e-02 1.4629411e-03 0.0000000e+00 
1.2123116e-01 -1.7177051e-02 0.0000000e+00 
1.0000002e-01 -1.6616012e-08 0.0000000e+00 
6.4935125e-02 3.1740896e-02 0.0000000e+00 
8.3818264e-02 -3.5352591e-02 0.0000000e+00 
1.0000063e-01 -1.0013388e-05 0.0000000e+00 
2.2757282e-02 -1.0561310e-02 0.0000000e+00 
1.1239857e-01 -2.5002487e-02 0.0000000e+00 
1.1577906e-01 9.5468629e-03 0.0000000e+00 
1.2847719e-01 -5.6081447e-03 0.0000000e+00 
1.1803042e-01 -3.3294853e-02 0.0000000e+00 
9.9700145e-02 8.3568430e-04 0.0000000e+00 
1.1212312e-01 1.2683195e-02 0.0000000e+00 
1.2368473e-01 -3.6632147e-02 0.0000000e+00 
1.3236529e-01 4.0684757e-03 0.0000000e+00 
1.1965288e-01 -5.6541981e-03 0.0000000e+00 
2.7602617e-02 -1.9248163e-02 0.0000000e+00 
1.0308930e-01 2.8643778e-03 0.0000000e+00 
8.5156165e-02 -3.0945085e-02 0.0000000e+00 
9.6016288e-02 2.1604540e-02 0.0000000e+00 
1.1914117e-01 3.1956077e-02 0.0000000e+00 
1.0065235e-01 1.3087008e-03 0.0000000e+00 
9.9541545e-02 -2.9924119e-04 0.0000000e+00 
1.0876312e-01 -5.4483209e-03 0.0000000e+00 
1.0138022e-01 -1.9215560e-03 0.0000000e+00 
1.0015754e-01 1.8804499e-03 0.0000000e+00 
1.0000034e-01 -5.2583317e-07 0.0000000e+00 
8.1385776e-02 -9.1000888e-03 0.0000000e+00 
9.5291566e-03 -5.4465672e-03 0.0000000e+00 
1.2903547e-01 -3.1774648e-02 0.0000000e+00 
1.0362972e-01 3.4886920e-03 0.0000000e+00 
1.2409902e-01 -2.3943169e-02 0.0000000e+00 
1.2826534e-01 5.2026096e-03 0.0000000e+00 
9.8027259e-02 7.6815900e-03 0.0000000e+00 
9.8328441e-02 1.9002449e-02 0.0000000e+00 
9.9439725e-02 -1.2631313e-03 0.0000000e+00 
1.4546947e-01 7.8351367e-03 0.0000000e+00 
1.1902934e-01 5.3493646e-03 0.0000000e+00 
1.0779133e-01 1.7358709e-02 0.0000000e+00 
8.9112088e-02 -2.4597149e-02 0.0000000e+00 
1.2018783e-01 6.6537340e-04 0.0000000e+00 
1.0414816e-01 1.1742774e-02 0.0000000e+00 
9.9677123e-02 -7.8812201e-04 0.0000000e+00 
9.3093075e-02 -6.9615082e-03 0.0000000e+00 
1.0533170e-01 4.0439218e-03 0.0000000e+00 
1.0000003e-01 9.2523166e-08 0.0000000e+00 
1.0314942e-01 -1.3081321e-02 0.0000000e+00 
1.0591882e-01 -1.3551160e-02 0.0000000e+00 
1.2978561e-01 2.6082885e-02 0.0000000e+00 
9.4898462e-02 6.1553810e-04 0.0000000e+00 
1.1563957e-01 6.3060904e-03 0.0000000e+00 
9.7415045e-02 5.9992806e-03 0.0000000e+00 
1.0000017e-01 -2.7852082e-07 0.0000000e+00 
1.2710850e-01 1.5123404e-04 0.0000000e+00 
5.4130185e-02 1.6524503e-02 0.0000000e+00 
1.4097048e-01 1.3330312e-02 0.0000000e+00 
4.3169040e-02 -2.5255574e-02 0.0000000e+00 
3.9409488e-02 -1.1895137e-02 0.0000000e+00 
1.2434836e-01 -9.4957592e-04 0.0000000e+00 
1.4536791e-01 -1.1231128e-02 0.0000000e+00 
PRESSURE 1 945  float
3.1825585e+00
0.0000000e+00
0.0000000e+00
3.1825657e+00
-3.4322007e+00
-3.6699035e+00
-4.3415155e+00
-5.3039827e+00
-6.2986360e+00
-7.2729311e+00
-8.0375614e+00
-8.3169994e+00
-8.0020084e+00
-6.6894937e+00
-4.5924635e+00
-1.6738684e+00
1.5848070e+00
4.6812778e+00
7.2505021e+00
9.0620899e+00
9.6129055e+00
9.0558653e+00
7.3586049e+00
4.7185946e+00
1.5317523e+00
-1.6809702e+00
-4.5012393e+00
-6.7052655e+00
-7.9016719e+00
-8.4234257e+00
-8.0352259e+00
-7.2389069e+00
-6.3202953e+00
-5.3456974e+00
-4.3147020e+00
-3.6364274e+00
3.1779394e+00
3.1196537e+00
3.0093236e+00
2.8181241e+00
2.4946184e+00
2.0796838e+00
1.5352964e+00
9.4315773e-01
3.6500847e-01
-1.2906002e-01
-3.6991078e-01
-4.5538834e-01
-4.0891203e-01
-2.9931417e-01
-1.8300775e-01
-1.1165434e-01
-5.4520924e-02
-3.2910824e-02
-1.6593566e-02
-8.3344765e-03
-4.1768011e-03
-1.8743849e-03
-1.0426835e-03
-2.0349414e-04
-9.1912254e-05
4.7396810e-05
8.0430036e-05
9.3875919e-05
8.8860070e-05
7.9821373e-05
6.6618646e-05
5.3082382e-05
3.9345239e-05
2.6029509e-05
1.2701163e-05
0.0000000e+00
0.0000000e+00
0.0000000e+00
0.0000000e+00
0.0000000e+00
0.0000000e+00
0.0000000e+00
0.0000000e+00
0.0000000e+00
8.8492598e-06
1.7153470e-05
2.5499048e-05
3.2515927e-05
3.7647766e-05
4.2214971e-05
2.9284105e-05
1.8074270e-05
-8.2256038e-06
-8.3389416e-05
-2.7029571e-04
-5.9742061e-04
-1.2041340e-03
-2.3922527e-03
-4.6672905e-03
-9.0456428e-03
-1.7659437e-02
-3.3970620e-02
-5.8562804e-02
-1.1752788e-01
-1.8434325e-01
-3.0243981e-01
-4.0627956e-01
-4.6370739e-01
-3.5634434e-01
-1.0177568e-01
3.6644214e-01
9.4217408e-01
1.5358424e+00
2.0758395e+00
2.5050645e+00
2.8184657e+00
3.0165720e+00
3.1224327e+00
3.1789019e+00
3.2008822e+00
3.2457855e+00
3.2991960e+00
3.3514020e+00
3.3699982e+00
3.3523517e+00
3.3019142e+00
3.2459495e+00
3.2008071e+00
8.8446808e+00
-7.4723832e-02
-1.4472169e-01
-2.3577344e-03
6.9871348e-05
3.9837956e-05
2.7566361e+00
-2.1244019e-02
2.7268021e+00
3.3680329e+00
-6.9587713e-04
-1.0807952e-02
8.2497339e-05
9.9140298e-06
-3.7569618e-01
1.0635795e-05
-4.7290188e-01
1.2155826e+00
1.2368118e+00
-3.6026704e-01
4.4841709e-05
-3.3649763e-01
3.3253975e+00
8.2945580e-06
-1.3581770e-04
-1.2618305e-04
-2.8884166e-03
2.9320432e-05
3.2736654e+00
3.0963483e+00
1.0040320e-05
3.1014965e+00
7.3533201e-06
1.9364199e-05
3.2184885e+00
-5.0158238e-01
-6.8318027e-01
-5.3541887e-01
-8.0716842e-01
-1.0146462e+00
-1.2717496e+00
-8.9832085e-01
-1.5028212e+00
-8.9913911e-01
-1.5122497e+00
-7.6963413e-01
-1.1384878e+00
-5.0637871e-01
-6.9629890e-01
-2.2238444e-01
-2.9170313e-01
4.4602692e-02
1.9206764e-02
1.7287867e-01
1.4339848e-01
1.7463265e-01
1.3386689e-01
1.2228972e-01
1.5267006e-01
-5.5525317e+00
-3.9392331e+00
1.0525229e-01
1.1195278e-01
-1.5491678e+00
-3.4753451e-01
6.7607239e-02
5.2955944e-02
-1.3056518e-01
-1.2526341e-01
-3.4797504e+00
4.2524461e-02
4.0751319e-02
2.7936710e-02
1.8055527e-02
1.4324625e-02
1.0997806e-02
8.4438156e-03
-6.3841879e-01
-5.4657465e-01
-2.1318361e-01
-1.2284811e+00
-1.0805315e+00
-1.8264062e+00
-1.5220213e+00
-2.4553096e+00
-1.8193064e+00
-2.6568222e+00
-1.1244376e+00
-1.9055787e+00
-2.5682092e+00
-6.2956653e+00
-4.6992025e+00
5.1583243e-03
4.3731974e-03
3.6993381e-03
2.7101156e-03
-1.7985017e+00
-2.2627707e+00
8.6659536e-02
1.5532137e-03
1.3671758e-03
9.3129335e-04
7.8002142e-04
-2.1263173e+00
4.9056078e-04
4.3578717e-04
2.8454894e-04
2.5090791e-04
-6.5374774e-01
1.4690170e-04
1.7377993e-04
1.3795495e-04
1.2794964e-04
8.8585570e-05
9.3849594e-05
-3.3492467e+00
-2.6705174e+00
-7.7396545e+00
1.6389867e-02
3.8182642e-02
-1.6358453e+00
7.7788338e-02
7.2222843e-05
7.3538897e-05
6.0192022e-05
5.8473626e-05
6.9565838e-05
5.4578850e-05
1.1485902e-04
-6.1558199e-01
-1.5321484e+00
4.8772465e-05
3.1850798e-04
-1.3379856e+00
1.5595012e-03
8.9116218e-03
-3.7642927e+00
-2.8639202e+00
-2.0185995e+00
-1.9585645e+00
-2.9612641e+00
-1.6715773e+00
-1.8888199e-01
-2.3519964e+00
-1.1284640e+00
-5.4000287e+00
-7.8501505e-01
-2.1148378e-01
-3.6939785e-01
4.7237572e-01
6.9323111e-01
1.2333018e+00
1.6589137e+00
5.4762392e+00
1.9369030e+00
2.4875929e+00
2.5324974e+00
3.0587249e+00
2.9661694e+00
3.4884329e+00
3.2348988e+00
3.6356983e+00
4.0261741e+00
4.0019011e+00
4.4266090e+00
4.2470937e+00
4.6436720e+00
4.3187089e+00
4.6297874e+00
4.2411895e+00
4.4109054e+00
4.0535126e+00
3.6840377e+00
4.0696344e+00
4.5130367e+00
3.9781904e+00
4.2594857e+00
7.6786394e+00
3.6791394e+00
3.6734977e+00
4.0127673e+00
3.8085220e+00
3.1796067e+00
2.9964681e+00
2.8668995e+00
2.5779727e+00
2.1963508e+00
-6.7968512e+00
-2.9106703e+00
3.2229261e+00
3.1400526e+00
4.8931289e+00
2.5440636e+00
4.9962854e+00
1.9238621e+00
1.2927315e+00
2.2947609e+00
3.5466635e+00
3.8028474e+00
3.5893152e+00
3.6116464e+00
3.4593577e+00
-9.1615789e-02
-5.2459586e-01
1.2821187e+00
5.7641238e-01
3.6790866e-01
-3.8832703e-01
9.4184965e-02
-7.2857708e-01
-1.5112338e+00
-7.6852646e+00
-2.2729398e-01
-1.5852417e+00
-2.8105264e+00
1.5325142e+00
1.1286875e+00
-2.1140380e+00
6.3800231e-05
4.9406284e-05
-3.3648758e+00
3.8542650e-03
-4.4478912e+00
-2.3847361e+00
-1.5516737e+00
-3.6146076e+00
3.3579690e+00
-2.6517844e+00
7.6766690e-04
4.1519568e-05
-3.7875221e+00
-3.1007323e+00
2.3870240e-04
-4.8299274e+00
-5.1848917e+00
1.8669461e-03
7.3449912e-05
-1.1629966e+00
-2.9748104e+00
-4.1585417e+00
-3.3381059e+00
-4.3090177e+00
1.5224775e-04
3.4770887e+00
3.5687244e+00
4.2647055e-01
1.1812783e-01
3.2940199e+00
4.8721913e-01
3.6408503e-05
-4.9165483e+00
5.7408284e-05
7.2064693e-05
5.1384141e-05
3.9614075e-05
-3.9924312e+00
-2.2352941e+00
-2.5851126e+00
3.7157253e-05
3.0781623e-05
-3.4087706e+00
-4.1346169e+00
-5.2583618e+00
-4.6160998e+00
-5.5292506e+00
-4.7592125e+00
-4.0095677e+00
-3.9780262e+00
3.1525695e+00
3.1470439e+00
6.3974090e-05
-3.2982204e+00
-3.1660542e+00
-3.7194293e+00
-2.9164016e+00
2.8166742e-05
-6.0328460e+00
4.8691282e-01
-4.4498020e-01
-4.7138032e-01
2.2329201e-05
-1.0733378e-01
3.4564140e+00
3.4900432e+00
3.3918958e+00
3.6344519e+00
3.4841766e+00
3.5627959e+00
3.4119394e+00
3.4369402e+00
3.2841880e+00
3.2132714e+00
3.3058844e+00
-3.3349328e+00
-2.5860720e+00
-2.1296017e+00
-2.9915988e+00
-2.3603930e+00
3.0059726e-05
3.1177180e+00
4.0775552e-01
-2.8220420e+00
-2.3102720e+00
-2.9182143e+00
-2.4220850e+00
-3.1276057e+00
-5.8895640e+00
-2.4342496e+00
-1.0043042e+00
-8.0200458e-01
-5.2785379e-01
-1.3686453e+00
-1.3734424e+00
3.4126720e+00
-4.9856014e+00
-5.4635758e+00
-4.8439879e+00
-5.5276790e+00
-6.2089968e+00
-1.7220290e+00
-6.2811670e+00
4.1361232e-05
5.3307642e-05
-3.2334657e+00
-4.7263594e+00
-5.1138062e+00
-4.3483887e+00
-4.5178781e+00
-3.8165891e+00
-3.5337393e+00
2.2669725e-05
2.9409433e-05
-3.5721276e+00
3.1708207e+00
3.2648029e+00
-4.0849481e+00
-1.2076519e+00
-3.8581367e+00
-4.0636325e+00
-2.3929310e+00
-3.7713404e+00
-1.7907934e+00
-5.1293473e+00
4.7105584e+00
5.3974175e+00
5.4965687e+00
6.1001334e+00
5.9933643e+00
6.8321218e+00
6.6027575e+00
7.4185448e+00
6.8186073e+00
6.1532640e+00
6.1270199e+00
6.5566778e+00
5.7293506e+00
5.7893491e+00
5.0145292e+00
4.6594472e+00
4.9680295e+00
6.7305942e+00
6.5490708e+00
5.4600391e+00
5.6377602e+00
4.3894238e+00
4.1443081e+00
3.4450722e+00
3.6644492e+00
2.2272778e+00
2.3726077e+00
4.5153804e+00
3.4861112e+00
2.7752378e+00
2.1696136e+00
9.1546571e-01
8.1431806e-01
1.8924600e+00
-4.0863719e+00
-2.8049254e+00
2.7238345e+00
2.6770518e-05
8.1772143e-01
-1.9046658e+00
-1.0254384e+00
-1.8519347e+00
3.6157448e-02
5.6944938e+00
-1.8272431e-01
-7.2729168e+00
-7.6418266e+00
-5.4140639e+00
-5.2161970e+00
-3.5216155e+00
7.6199474e+00
2.9530339e+00
3.0326195e+00
2.7365191e+00
-7.6206903e+00
-7.0290422e+00
-3.9895684e-01
-8.1790149e-01
2.9252024e+00
2.8457329e+00
-5.2578225e+00
2.2782898e+00
8.6609907e+00
-3.4168046e+00
-3.1671834e+00
5.0668172e-05
-3.0346937e+00
9.6904689e-01
5.1345401e+00
4.8664141e+00
-9.0194249e-01
-9.5743024e-01
4.5762649e+00
4.0626569e+00
-3.2609422e+00
-6.0830104e-01
2.3697844e+00
1.8175418e+00
7.7531222e-05
8.7935405e-05
2.3720124e+00
3.1176229e+00
2.6787019e+00
2.4568660e+00
3.4713180e+00
2.2107337e+00
1.9926651e+00
1.6220608e+00
-3.8653567e-01
-3.7528762e-01
-2.5418746e-01
-2.2672507e-01
-9.7656958e-02
-1.6328390e-01
-2.7963057e-02
-4.6352796e-02
-4.1115112e-03
-1.8444518e-02
-5.2347779e-02
-4.8267335e-01
-5.3288984e-01
-3.5235509e-01
-5.5896759e-01
-3.1196362e-01
-2.3267730e-01
-1.6834289e-01
-1.8546389e-01
-7.0528105e-02
-6.3032053e-02
-6.6141427e-02
3.4112160e-03
-3.4710705e-02
-2.5830597e-01
1.1572341e-02
-1.2951526e-02
-6.5693736e-01
-5.1110697e-01
-4.8036149e-01
-8.0389649e-01
6.7599438e-02
-7.4518746e-01
4.4751093e-02
-3.1118231e-02
7.8007989e-02
1.2689802e-01
1.0415519e+00
2.3288980e+00
1.8077289e+00
5.3655629e+00
7.4573746e+00
1.7907062e-01
-2.6602122e-01
-1.6531488e-01
-5.2797824e-02
-3.4929652e-02
2.7047131e+00
2.9734418e+00
3.3689568e+00
2.9590111e+00
7.6503100e+00
-1.4792399e-01
-4.5608816e+00
3.3268449e+00
2.6226907e+00
3.9178245e-02
-4.6457582e+00
7.1030416e-05
-7.0632501e+00
-7.2261424e+00
-6.9693804e+00
-6.2515154e+00
1.8698411e-02
1.8662660e+00
1.6634054e+00
-1.0152214e+00
-5.4996576e+00
-4.0863186e-02
-2.2030404e-02
-9.0388013e-03
-4.2964360e-03
-1.3001368e-03
3.4928773e-04
4.6945954e-04
8.6370036e-03
-1.8811481e-02
-2.4594988e-03
2.8368155e-04
-6.0412914e-01
3.2705204e+00
3.2289295e+00
3.7432749e+00
1.7792876e+00
1.0761559e+00
1.1730717e+00
1.0713879e+00
5.6328726e+00
-1.0064315e+00
-8.6458224e-01
-1.0513272e-03
2.8041931e-04
-5.4659607e-04
1.4264624e-04
-2.2716828e-04
3.2182028e+00
1.2203663e-03
5.2331449e-03
-3.3217578e-04
-9.3857583e-05
-7.6064254e-07
8.4892228e-05
3.3109376e+00
8.2714539e+00
-1.4815160e+00
2.5571611e+00
3.6633569e-01
8.1194021e-06
-9.8603247e-03
-8.4784031e-03
-4.2681135e-03
-5.8192911e-04
2.0593162e-04
-3.3536708e-04
-1.9263245e-02
-1.9715826e-03
1.9744484e-04
2.4524138e-03
-1.4415421e-03
1.0483903e-05
-5.6773634e-03
9.7068132e-06
9.0441536e-05
1.0524314e-04
9.9784433e-05
1.2638596e-04
1.2613815e-04
1.6239387e-04
1.4811452e-04
2.1858563e-04
1.6811716e-04
3.0334835e-04
1.6127889e-04
4.3702163e-04
1.1924693e-04
6.9294486e-04
5.0615399e-05
-4.3804891e-04
5.2306853e-04
1.4841353e-04
1.0084941e-04
-5.4626064e+00
2.7574211e-05
3.3166405e-05
4.6283218e-05
1.1744652e-05
9.0916132e-05
3.4979752e-05
4.0417577e-05
5.8684633e-05
3.5158180e-05
2.0768994e-05
8.4336694e-05
3.7957172e-05
8.0397156e-05
4.3603522e-05
1.6457032e-05
3.6525652e+00
3.7704175e+00
8.8026005e-05
3.2103486e-05
2.5585674e-05
3.2331524e+00
-5.0246445e-03
4.5816334e-05
2.1143205e-04
3.8533089e+00
-4.7199111e+00
3.4523549e-05
-2.5000980e+00
-1.7137176e+00
-3.9254341e+00
3.2332747e+00
8.8103907e-04
1.6631342e-02
1.8148719e-05
3.8456789e-04
-1.4889858e-02
-9.5314193e-01
3.4115047e+00
-4.3317150e-02
-2.5433090e-01
1.5984265e-02
-2.6385324e+00
2.5003806e-02
3.7422258e-05
5.1525712e+00
3.7806020e+00
-3.8378124e+00
9.0600741e-05
6.1904711e-01
3.3157518e+00
3.1670740e+00
3.3138480e+00
3.1945236e+00
-6.8705354e+00
-1.3128724e+00
8.5170919e-05
-1.8009768e+00
3.1665449e+00
2.2038040e+00
-2.5336125e-05
1.1844782e-05
1.0803074e-02
4.2362619e-02
-5.6877875e-01
-5.6591898e-01
-3.9024404e-01
5.8845596e+00
-1.0063995e+00
-1.7652811e+00
1.3098222e-05
1.6354321e+00
1.8666275e-05
-1.5649362e+00
1.0293601e-04
4.3337521e-01
5.8399910e-05
3.3678033e+00
3.9757941e+00
-1.8263792e+00
-3.0219061e+00
-6.7961723e-01
3.3832364e+00
-9.0401167e-01
-1.1303439e-03
1.3980851e-01
-9.0344347e-02
1.5575475e-04
4.3922391e+00
-6.0990677e+00
8.3380262e-05
3.5465233e+00
4.2500319e+00
-6.2287230e+00
-1.1532829e+00
2.0151706e-01
-2.1254847e+00
-5.5659813e-01
-2.0786195e+00
-3.7849100e+00
5.3468394e+00
-8.4132504e-01
2.8144295e+00
-6.3612304e+00
-7.1734451e-02
-1.9345997e-01
4.4391422e+00
3.8036096e+00
-9.8428642e-04
-2.6798317e+00
9.6212173e-01
1.6849062e+00
-2.6757020e-01
1.2260819e-03
-1.3196955e+00
3.0136619e+00
7.1397448e-01
5.3465655e-03
3.3930354e+00
9.2858531e-02
-3.8756404e-02
7.7869473e+00
3.9482546e+00
3.0343215e-05
2.0735478e+00
-1.2139764e+00
1.4531335e+00
1.1085460e-05
2.8419371e-03
-5.8755498e+00
-3.5269153e+00
-3.0292559e-01
-1.0300549e+00
2.9197099e+00
-2.4459986e-01
5.5369120e-02
7.3152882e-01
1.4883308e+00
7.1025400e+00
1.9172192e-05
-1.1167210e-04
8.0358125e-02
3.4313099e+00
-3.1770699e+00
-7.0112138e+00
6.7858994e-01
6.3791878e-05
-1.4478191e+00
5.3550682e+00
7.9418972e-02
-5.2879639e+00
3.0827506e+00
6.3603129e+00
-1.3235487e-01
-4.0783660e-04
-3.2387075e+00
-1.9438365e+00
-4.8305964e+00
1.5872403e+00
4.9746446e-03
3.1744273e+00
1.4279913e-02
5.6321025e+00
-4.1370511e+00
5.5073939e-05
3.3641582e+00
-2.6249294e+00
-2.4901409e+00
3.7906482e+00
-9.4050604e-01
-2.3632164e+00
-2.6353288e+00
2.5881936e-05
-3.9473991e+00
3.1902080e+00
-5.1203866e+00
3.1898654e+00
3.8172121e-03
2.9124861e+00
3.1201744e+00
-1.4114465e+00
-6.5676031e+00
1.4511555e-05
-1.0349532e+00
4.5484219e+00
-1.2166933e+00
9.2656664e-06
-1.2950501e+00
3.9840146e-05
1.1926285e-02
-9.3214458e-01
6.3891971e-06
-9.7881979e-01
-3.1788735e+00
2.2339762e-05
-5.2340679e+00
-7.9181266e-01
1.4034671e+00
-5.7841215e+00
8.4592444e-01
7.6921908e-03
-4.2974943e-01
5.5410866e-02
-8.4269917e-01
8.4669763e-01
-3.3012905e+00
2.9143085e+00
-5.8432859e-01
3.4888639e+00
-2.8818069e+00
3.1595306e+00
7.1360362e-03
2.2642057e+00
3.0899088e+00
-2.0068802e-03
3.6073434e-05
5.0355501e+00
-4.4274311e+00
-4.3911517e-01
-9.3346342e-02
-4.0535994e+00
-8.7350935e-01
2.3437282e-02
-1.6209176e-01
1.1987106e-02
-4.2070065e+00
9.4459724e-01
-3.7837228e-01
4.1414371e+00
-6.0717864e+00
-6.0791755e+00
3.3601456e+00
8.8235311e-02
2.6613812e+00
1.8690303e-05
2.9013615e+00
2.5834451e+00
-2.4045093e+00
3.8257864e+00
1.4076401e+00
3.5370486e+00
3.4501365e-05
-5.2399743e-01
-3.2788956e-01
-2.7920864e+00
-1.3765509e+00
-6.5397959e+00
-6.8856433e-02
-4.2748384e+00
CELL_DATA 1766
FIELD FieldData 0
