# vtk DataFile Version 4.0
vtk output
ASCII
DATASET UNSTRUCTURED_GRID
POINTS 945 float
0.0000000e+00 0.0000000e+00 0.0000000e+00 
2.0000000e+00 0.0000000e+00 0.0000000e+00 
2.0000000e+00 6.0000002e-01 0.0000000e+00 
0.0000000e+00 6.0000002e-01 0.0000000e+00 
5.6000000e-01 3.0000001e-01 0.0000000e+00 
5.5884713e-01 2.8829461e-01 0.0000000e+00 
5.5543280e-01 2.7703899e-01 0.0000000e+00 
5.4988819e-01 2.6666579e-01 0.0000000e+00 
5.4242641e-01 2.5757360e-01 0.0000000e+00 
5.3333420e-01 2.5011179e-01 0.0000000e+00 
5.2296102e-01 2.4456720e-01 0.0000000e+00 
5.1170540e-01 2.4115290e-01 0.0000000e+00 
5.0000000e-01 2.3999999e-01 0.0000000e+00 
4.8829460e-01 2.4115290e-01 0.0000000e+00 
4.7703901e-01 2.4456720e-01 0.0000000e+00 
4.6666580e-01 2.5011179e-01 0.0000000e+00 
4.5757359e-01 2.5757360e-01 0.0000000e+00 
4.5011181e-01 2.6666579e-01 0.0000000e+00 
4.4456720e-01 2.7703899e-01 0.0000000e+00 
4.4115290e-01 2.8829461e-01 0.0000000e+00 
4.4000000e-01 3.0000001e-01 0.0000000e+00 
4.4115290e-01 3.1170541e-01 0.0000000e+00 
4.4456720e-01 3.2296100e-01 0.0000000e+00 
4.5011181e-01 3.3333421e-01 0.0000000e+00 
4.5757359e-01 3.4242639e-01 0.0000000e+00 
4.6666580e-01 3.4988821e-01 0.0000000e+00 
4.7703901e-01 3.5543281e-01 0.0000000e+00 
4.8829460e-01 3.5884711e-01 0.0000000e+00 
5.0000000e-01 3.6000001e-01 0.0000000e+00 
5.1170540e-01 3.5884711e-01 0.0000000e+00 
5.2296102e-01 3.5543281e-01 0.0000000e+00 
5.3333420e-01 3.4988821e-01 0.0000000e+00 
5.4242641e-01 3.4242639e-01 0.0000000e+00 
5.4988819e-01 3.3333421e-01 0.0000000e+00 
5.5543280e-01 3.2296100e-01 0.0000000e+00 
5.5884713e-01 3.1170541e-01 0.0000000e+00 
5.9016321e-02 0.0000000e+00 0.0000000e+00 
1.1803260e-01 0.0000000e+00 0.0000000e+00 
1.7704900e-01 0.0000000e+00 0.0000000e+00 
2.3587100e-01 0.0000000e+00 0.0000000e+00 
2.9085249e-01 0.0000000e+00 0.0000000e+00 
3.4144861e-01 0.0000000e+00 0.0000000e+00 
3.8872591e-01 0.0000000e+00 0.0000000e+00 
4.3368599e-01 0.0000000e+00 0.0000000e+00 
4.7725680e-01 0.0000000e+00 0.0000000e+00 
5.2034539e-01 0.0000000e+00 0.0000000e+00 
5.6386721e-01 0.0000000e+00 0.0000000e+00 
6.0872579e-01 0.0000000e+00 0.0000000e+00 
6.5584701e-01 0.0000000e+00 0.0000000e+00 
7.0623368e-01 0.0000000e+00 0.0000000e+00 
7.6094180e-01 0.0000000e+00 0.0000000e+00 
8.1967372e-01 0.0000000e+00 0.0000000e+00 
8.7868989e-01 0.0000000e+00 0.0000000e+00 
9.3770629e-01 0.0000000e+00 0.0000000e+00 
9.9672258e-01 0.0000000e+00 0.0000000e+00 
1.0557390e+00 0.0000000e+00 0.0000000e+00 
1.1147550e+00 0.0000000e+00 0.0000000e+00 
1.1737720e+00 0.0000000e+00 0.0000000e+00 
1.2327880e+00 0.0000000e+00 0.0000000e+00 
1.2918040e+00 0.0000000e+00 0.0000000e+00 
1.3508210e+00 0.0000000e+00 0.0000000e+00 
1.4098370e+00 0.0000000e+00 0.0000000e+00 
1.4688530e+00 0.0000000e+00 0.0000000e+00 
1.5278690e+00 0.0000000e+00 0.0000000e+00 
1.5868860e+00 0.0000000e+00 0.0000000e+00 
1.6459020e+00 0.0000000e+00 0.0000000e+00 
1.7049180e+00 0.0000000e+00 0.0000000e+00 
1.7639350e+00 0.0000000e+00 0.0000000e+00 
1.8229510e+00 0.0000000e+00 0.0000000e+00 
1.8819669e+00 0.0000000e+00 0.0000000e+00 
1.9409840e+00 0.0000000e+00 0.0000000e+00 
2.0000000e+00 5.9999999e-02 0.0000000e+00 
2.0000000e+00 1.2000000e-01 0.0000000e+00 
2.0000000e+00 1.8000001e-01 0.0000000e+00 
2.0000000e+00 2.3999999e-01 0.0000000e+00 
2.0000000e+00 3.0000001e-01 0.0000000e+00 
2.0000000e+00 3.6000001e-01 0.0000000e+00 
2.0000000e+00 4.1999999e-01 0.0000000e+00 
2.0000000e+00 4.7999999e-01 0.0000000e+00 
2.0000000e+00 5.4000002e-01 0.0000000e+00 
1.9409840e+00 6.0000002e-01 0.0000000e+00 
1.8819669e+00 6.0000002e-01 0.0000000e+00 
1.8229510e+00 6.0000002e-01 0.0000000e+00 
1.7639350e+00 6.0000002e-01 0.0000000e+00 
1.7049180e+00 6.0000002e-01 0.0000000e+00 
1.6459020e+00 6.0000002e-01 0.0000000e+00 
1.5868860e+00 6.0000002e-01 0.0000000e+00 
1.5278690e+00 6.0000002e-01 0.0000000e+00 
1.4688530e+00 6.0000002e-01 0.0000000e+00 
1.4098370e+00 6.0000002e-01 0.0000000e+00 
1.3508210e+00 6.0000002e-01 0.0000000e+00 
1.2918040e+00 6.0000002e-01 0.0000000e+00 
1.2327880e+00 6.0000002e-01 0.0000000e+00 
1.1737720e+00 6.0000002e-01 0.0000000e+00 
1.1147550e+00 6.0000002e-01 0.0000000e+00 
1.0557390e+00 6.0000002e-01 0.0000000e+00 
9.9672258e-01 6.0000002e-01 0.0000000e+00 
9.3770629e-01 6.0000002e-01 0.0000000e+00 
8.7868989e-01 6.0000002e-01 0.0000000e+00 
8.1967372e-01 6.0000002e-01 0.0000000e+00 
7.6094180e-01 6.0000002e-01 0.0000000e+00 
7.0623368e-01 6.0000002e-01 0.0000000e+00 
6.5584701e-01 6.0000002e-01 0.0000000e+00 
6.0872579e-01 6.0000002e-01 0.0000000e+00 
5.6386721e-01 6.0000002e-01 0.0000000e+00 
5.2034539e-01 6.0000002e-01 0.0000000e+00 
4.7725680e-01 6.0000002e-01 0.0000000e+00 
4.3368599e-01 6.0000002e-01 0.0000000e+00 
3.8872591e-01 6.0000002e-01 0.0000000e+00 
3.4144861e-01 6.0000002e-01 0.0000000e+00 
2.9085249e-01 6.0000002e-01 0.0000000e+00 
2.3587100e-01 6.0000002e-01 0.0000000e+00 
1.7704900e-01 6.0000002e-01 0.0000000e+00 
1.1803260e-01 6.0000002e-01 0.0000000e+00 
5.9016321e-02 6.0000002e-01 0.0000000e+00 
0.0000000e+00 5.4000002e-01 0.0000000e+00 
0.0000000e+00 4.7999999e-01 0.0000000e+00 
0.0000000e+00 4.1999999e-01 0.0000000e+00 
0.0000000e+00 3.6000001e-01 0.0000000e+00 
0.0000000e+00 3.0000001e-01 0.0000000e+00 
0.0000000e+00 2.3999999e-01 0.0000000e+00 
0.0000000e+00 1.8000001e-01 0.0000000e+00 
0.0000000e+00 1.2000000e-01 0.0000000e+00 
0.0000000e+00 5.9999999e-02 0.0000000e+00 
4.3026751e-01 3.0683401e-01 0.0000000e+00 
8.4908241e-01 5.5269438e-01 0.0000000e+00 
7.8790653e-01 5.1802918e-02 0.0000000e+00 
1.1430219e+00 5.0576471e-02 0.0000000e+00 
1.4415160e+00 5.0573289e-02 0.0000000e+00 
1.6754100e+00 5.5038619e-01 0.0000000e+00 
2.6041579e-01 5.2875768e-02 0.0000000e+00 
9.6895182e-01 5.0380111e-02 0.0000000e+00 
2.6302171e-01 5.5612308e-01 0.0000000e+00 
5.5065349e-02 2.6500449e-01 0.0000000e+00 
1.2615570e+00 5.4759312e-01 0.0000000e+00 
1.0253479e+00 5.4886931e-01 0.0000000e+00 
1.6201590e+00 5.4130111e-02 0.0000000e+00 
1.4979730e+00 5.5115038e-01 0.0000000e+00 
6.7900127e-01 5.5979192e-01 0.0000000e+00 
1.9463980e+00 2.6800990e-01 0.0000000e+00 
6.3145077e-01 3.8099781e-02 0.0000000e+00 
4.1331020e-01 5.6811810e-01 0.0000000e+00 
4.1231820e-01 3.8809739e-02 0.0000000e+00 
5.4410732e-01 5.6000441e-01 0.0000000e+00 
1.7962800e+00 5.9606131e-02 0.0000000e+00 
5.4468262e-01 3.7558820e-02 0.0000000e+00 
4.9130220e-02 3.9247900e-01 0.0000000e+00 
1.9509200e+00 3.8997239e-01 0.0000000e+00 
1.3233820e+00 4.9667731e-02 0.0000000e+00 
1.3821890e+00 5.4839480e-01 0.0000000e+00 
1.1434870e+00 5.4837209e-01 0.0000000e+00 
1.7959980e+00 5.4855859e-01 0.0000000e+00 
4.9401909e-02 1.5067521e-01 0.0000000e+00 
1.4989950e-01 5.5529898e-01 0.0000000e+00 
1.9519399e+00 1.5339760e-01 0.0000000e+00 
1.4754079e-01 5.1025499e-02 0.0000000e+00 
1.9506550e+00 5.1069498e-01 0.0000000e+00 
1.9114760e+00 5.1109631e-02 0.0000000e+00 
4.9216151e-02 5.0927132e-01 0.0000000e+00 
5.8710063e-01 3.6655251e-02 0.0000000e+00 
6.0428280e-01 7.4787550e-02 0.0000000e+00 
6.4929068e-01 7.4443869e-02 0.0000000e+00 
6.2715179e-01 1.0633790e-01 0.0000000e+00 
5.9329480e-01 1.0799770e-01 0.0000000e+00 
6.0949302e-01 1.3488390e-01 0.0000000e+00 
6.4123279e-01 1.3555969e-01 0.0000000e+00 
6.2006623e-01 1.6328260e-01 0.0000000e+00 
6.5316749e-01 1.6381399e-01 0.0000000e+00 
6.3351321e-01 1.8958050e-01 0.0000000e+00 
6.6427898e-01 1.8941709e-01 0.0000000e+00 
6.4933020e-01 2.1180780e-01 0.0000000e+00 
6.7645937e-01 2.1359310e-01 0.0000000e+00 
6.6097301e-01 2.3410480e-01 0.0000000e+00 
6.8796802e-01 2.3757669e-01 0.0000000e+00 
6.7103261e-01 2.5876111e-01 0.0000000e+00 
6.9990993e-01 2.6214910e-01 0.0000000e+00 
6.8101048e-01 2.8387409e-01 0.0000000e+00 
7.1248281e-01 2.8716281e-01 0.0000000e+00 
7.2971261e-01 2.6349890e-01 0.0000000e+00 
7.4486363e-01 2.9076719e-01 0.0000000e+00 
6.9556361e-01 3.0985960e-01 0.0000000e+00 
7.6406652e-01 2.6318431e-01 0.0000000e+00 
7.8114778e-01 2.9619500e-01 0.0000000e+00 
5.5403137e-01 2.5565761e-01 0.0000000e+00 
5.6691158e-01 2.7902979e-01 0.0000000e+00 
8.0246252e-01 2.6402649e-01 0.0000000e+00 
8.2167560e-01 3.0103979e-01 0.0000000e+00 
5.7978672e-01 1.3316999e-01 0.0000000e+00 
6.9627529e-01 1.8651520e-01 0.0000000e+00 
8.4832448e-01 2.6130950e-01 0.0000000e+00 
8.6857778e-01 3.0716091e-01 0.0000000e+00 
6.6883779e-01 3.0851370e-01 0.0000000e+00 
6.8001598e-01 3.3176759e-01 0.0000000e+00 
5.6956083e-01 3.0685109e-01 0.0000000e+00 
8.9643359e-01 2.6652190e-01 0.0000000e+00 
9.1803229e-01 3.1445420e-01 0.0000000e+00 
9.4838840e-01 2.6944679e-01 0.0000000e+00 
9.7196358e-01 3.1528941e-01 0.0000000e+00 
1.0020620e+00 2.7188951e-01 0.0000000e+00 
1.0263140e+00 3.1974381e-01 0.0000000e+00 
1.0557370e+00 2.7577680e-01 0.0000000e+00 
6.5179992e-01 3.3081001e-01 0.0000000e+00 
6.6418201e-01 3.5163379e-01 0.0000000e+00 
6.8745148e-01 3.5866591e-01 0.0000000e+00 
6.4083183e-01 3.5175639e-01 0.0000000e+00 
6.5020132e-01 3.7057751e-01 0.0000000e+00 
6.2925631e-01 3.6861771e-01 0.0000000e+00 
6.3750827e-01 3.8906679e-01 0.0000000e+00 
6.1479098e-01 3.8505989e-01 0.0000000e+00 
6.2451601e-01 4.0700281e-01 0.0000000e+00 
6.0271370e-01 4.0461549e-01 0.0000000e+00 
6.4791143e-01 4.1049060e-01 0.0000000e+00 
6.1149168e-01 4.2533240e-01 0.0000000e+00 
5.8940130e-01 4.2314041e-01 0.0000000e+00 
5.4590571e-01 3.5405469e-01 0.0000000e+00 
5.5933821e-01 3.3214769e-01 0.0000000e+00 
1.0820900e+00 3.2265610e-01 0.0000000e+00 
1.1129040e+00 2.7988619e-01 0.0000000e+00 
1.1385900e+00 3.3131590e-01 0.0000000e+00 
1.1718310e+00 2.8342861e-01 0.0000000e+00 
5.9854919e-01 4.4447681e-01 0.0000000e+00 
5.7566178e-01 4.4153079e-01 0.0000000e+00 
8.0048358e-01 3.3398119e-01 0.0000000e+00 
1.1962050e+00 3.3624330e-01 0.0000000e+00 
1.2286429e+00 2.8668931e-01 0.0000000e+00 
1.2540359e+00 3.3862561e-01 0.0000000e+00 
1.2863950e+00 2.8994620e-01 0.0000000e+00 
6.1140192e-01 1.8628950e-01 0.0000000e+00 
1.3121480e+00 3.4238011e-01 0.0000000e+00 
1.3446890e+00 2.9366851e-01 0.0000000e+00 
1.3705840e+00 3.4558439e-01 0.0000000e+00 
1.4032860e+00 2.9774809e-01 0.0000000e+00 
6.4617378e-01 3.0788270e-01 0.0000000e+00 
1.4291511e+00 3.4956750e-01 0.0000000e+00 
1.4618640e+00 3.0163100e-01 0.0000000e+00 
1.4877310e+00 3.5457411e-01 0.0000000e+00 
1.5206050e+00 3.0603161e-01 0.0000000e+00 
1.5464530e+00 3.5889450e-01 0.0000000e+00 
1.5793800e+00 3.1008351e-01 0.0000000e+00 
5.6763572e-01 4.1851109e-01 0.0000000e+00 
5.5408603e-01 4.3793961e-01 0.0000000e+00 
5.2029008e-01 3.6688760e-01 0.0000000e+00 
9.4794089e-01 3.6647639e-01 0.0000000e+00 
8.7384099e-01 2.2074890e-01 0.0000000e+00 
6.3348472e-01 2.3041780e-01 0.0000000e+00 
7.8118002e-01 2.2578520e-01 0.0000000e+00 
1.6052290e+00 3.6304700e-01 0.0000000e+00 
1.6382140e+00 3.1413361e-01 0.0000000e+00 
1.6641290e+00 3.6722910e-01 0.0000000e+00 
1.6971480e+00 3.1819481e-01 0.0000000e+00 
1.6712240e+00 2.6505721e-01 0.0000000e+00 
1.7302210e+00 2.6912081e-01 0.0000000e+00 
1.5534170e+00 2.5684619e-01 0.0000000e+00 
6.7181969e-01 1.4093800e-01 0.0000000e+00 
5.8596748e-01 4.6394360e-01 0.0000000e+00 
1.7230920e+00 3.7133509e-01 0.0000000e+00 
1.3771909e+00 2.4454120e-01 0.0000000e+00 
6.2249678e-01 4.4700289e-01 0.0000000e+00 
1.2033920e+00 2.3449400e-01 0.0000000e+00 
1.0287880e+00 2.3015590e-01 0.0000000e+00 
5.4669750e-01 4.1895449e-01 0.0000000e+00 
5.3373671e-01 4.3515179e-01 0.0000000e+00 
5.4073101e-01 4.5481020e-01 0.0000000e+00 
5.1996583e-01 4.5137540e-01 0.0000000e+00 
5.1387292e-01 4.2921981e-01 0.0000000e+00 
4.9935541e-01 4.4742331e-01 0.0000000e+00 
4.5565760e-01 3.5403141e-01 0.0000000e+00 
4.9349809e-01 4.2846820e-01 0.0000000e+00 
4.7935709e-01 4.4358870e-01 0.0000000e+00 
4.7970989e-01 3.6688760e-01 0.0000000e+00 
4.8592600e-01 4.6396780e-01 0.0000000e+00 
4.6443069e-01 4.5930001e-01 0.0000000e+00 
4.5825541e-01 4.3536639e-01 0.0000000e+00 
4.4286779e-01 4.5335940e-01 0.0000000e+00 
4.3592349e-01 4.3169260e-01 0.0000000e+00 
4.2123440e-01 4.4813421e-01 0.0000000e+00 
4.1462469e-01 4.2622849e-01 0.0000000e+00 
4.3825611e-01 3.3387709e-01 0.0000000e+00 
3.9864141e-01 4.4291711e-01 0.0000000e+00 
3.9200109e-01 4.1997111e-01 0.0000000e+00 
3.7504819e-01 4.3754801e-01 0.0000000e+00 
3.6926591e-01 4.1456231e-01 0.0000000e+00 
3.5052001e-01 4.3156540e-01 0.0000000e+00 
3.4640020e-01 4.0321410e-01 0.0000000e+00 
3.2338160e-01 4.2558259e-01 0.0000000e+00 
3.1625420e-01 3.9745620e-01 0.0000000e+00 
3.3599329e-01 3.7658459e-01 0.0000000e+00 
3.0888751e-01 3.6996761e-01 0.0000000e+00 
3.2846531e-01 3.5015899e-01 0.0000000e+00 
3.0453789e-01 3.4228960e-01 0.0000000e+00 
3.2241219e-01 3.2376000e-01 0.0000000e+00 
2.9612821e-01 3.1610900e-01 0.0000000e+00 
3.1577420e-01 2.9729351e-01 0.0000000e+00 
2.8885421e-01 2.8886101e-01 0.0000000e+00 
3.0968001e-01 2.6928011e-01 0.0000000e+00 
2.8137040e-01 2.6060769e-01 0.0000000e+00 
2.8570160e-01 3.8790971e-01 0.0000000e+00 
3.0315241e-01 2.4067999e-01 0.0000000e+00 
3.3230671e-01 2.5245121e-01 0.0000000e+00 
3.2487640e-01 2.2290690e-01 0.0000000e+00 
3.5372531e-01 2.3027760e-01 0.0000000e+00 
4.3461740e-01 2.7961159e-01 0.0000000e+00 
3.4512779e-01 2.0528039e-01 0.0000000e+00 
3.6950600e-01 2.1069451e-01 0.0000000e+00 
2.6638910e-01 3.1392881e-01 0.0000000e+00 
2.7405229e-01 2.3109850e-01 0.0000000e+00 
3.6342499e-01 1.8842390e-01 0.0000000e+00 
3.8558939e-01 1.9589300e-01 0.0000000e+00 
4.4520050e-01 2.5469631e-01 0.0000000e+00 
3.8103029e-01 1.7263541e-01 0.0000000e+00 
4.0200421e-01 1.8057050e-01 0.0000000e+00 
4.9249741e-01 2.2787590e-01 0.0000000e+00 
4.6605590e-01 2.3826469e-01 0.0000000e+00 
3.3931601e-01 1.7988220e-01 0.0000000e+00 
3.8745371e-01 3.9799151e-01 0.0000000e+00 
3.5741779e-01 2.5419459e-01 0.0000000e+00 
3.5627639e-01 4.5751181e-01 0.0000000e+00 
3.4765261e-01 3.3191890e-01 0.0000000e+00 
3.9811629e-01 1.5518570e-01 0.0000000e+00 
4.2193061e-01 1.6662900e-01 0.0000000e+00 
3.7476501e-01 1.4610679e-01 0.0000000e+00 
3.9139041e-01 2.1633980e-01 0.0000000e+00 
2.5018540e-01 2.5338060e-01 0.0000000e+00 
2.4227400e-01 2.1673180e-01 0.0000000e+00 
2.1296521e-01 2.4632980e-01 0.0000000e+00 
2.0310380e-01 2.0643540e-01 0.0000000e+00 
4.7074649e-01 4.8204380e-01 0.0000000e+00 
4.9385741e-01 4.8678511e-01 0.0000000e+00 
4.1766569e-01 1.3875820e-01 0.0000000e+00 
4.3951231e-01 1.4885530e-01 0.0000000e+00 
4.4284999e-01 1.6929220e-01 0.0000000e+00 
4.6074921e-01 1.5907930e-01 0.0000000e+00 
4.5701310e-01 1.3411739e-01 0.0000000e+00 
4.7804150e-01 1.4308280e-01 0.0000000e+00 
4.8207700e-01 1.6432039e-01 0.0000000e+00 
5.2000839e-01 2.3249920e-01 0.0000000e+00 
4.7522539e-01 1.1890660e-01 0.0000000e+00 
4.9824399e-01 1.5124670e-01 0.0000000e+00 
5.0239080e-01 1.7379840e-01 0.0000000e+00 
4.0624869e-01 4.6688080e-01 0.0000000e+00 
4.2919409e-01 4.1243970e-01 0.0000000e+00 
6.2043011e-01 3.4884781e-01 0.0000000e+00 
1.7042540e+00 2.1590130e-01 0.0000000e+00 
1.7632940e+00 2.2000070e-01 0.0000000e+00 
5.9477502e-01 3.8850871e-01 0.0000000e+00 
1.1047130e+00 3.7971979e-01 0.0000000e+00 
5.5632508e-01 4.0331629e-01 0.0000000e+00 
5.1673311e-01 1.5979400e-01 0.0000000e+00 
5.1686460e-01 1.3875850e-01 0.0000000e+00 
5.2089018e-01 1.7866670e-01 0.0000000e+00 
2.3531640e-01 1.7608330e-01 0.0000000e+00 
4.8605490e-01 1.8340071e-01 0.0000000e+00 
1.2225550e+00 3.8796490e-01 0.0000000e+00 
1.7893510e+00 2.7321759e-01 0.0000000e+00 
5.0436419e-01 4.1349870e-01 0.0000000e+00 
4.8793069e-01 4.1161671e-01 0.0000000e+00 
1.3432890e+00 3.9487341e-01 0.0000000e+00 
4.9844569e-01 3.9902619e-01 0.0000000e+00 
5.1288861e-01 4.0051869e-01 0.0000000e+00 
4.7826111e-01 5.0721961e-01 0.0000000e+00 
1.5723439e+00 4.1086179e-01 0.0000000e+00 
5.6928509e-01 1.1216540e-01 0.0000000e+00 
5.3438342e-01 1.6713411e-01 0.0000000e+00 
5.3660733e-01 1.8530799e-01 0.0000000e+00 
5.5097228e-01 1.7492341e-01 0.0000000e+00 
5.5329382e-01 1.9238080e-01 0.0000000e+00 
1.4477730e+00 4.0997440e-01 0.0000000e+00 
1.7183121e-01 2.3577370e-01 0.0000000e+00 
1.8385801e-01 2.7833050e-01 0.0000000e+00 
4.5149651e-01 1.1040960e-01 0.0000000e+00 
4.7247219e-01 9.1955133e-02 0.0000000e+00 
1.9255680e-01 1.6331930e-01 0.0000000e+00 
4.5135620e-01 5.0161749e-01 0.0000000e+00 
1.8225530e+00 2.2401039e-01 0.0000000e+00 
5.2494282e-01 1.9506520e-01 0.0000000e+00 
1.7372680e+00 1.6678140e-01 0.0000000e+00 
1.6782570e+00 1.6271511e-01 0.0000000e+00 
1.6900350e+00 4.2038351e-01 0.0000000e+00 
1.7490560e+00 4.2454061e-01 0.0000000e+00 
4.8329440e-01 3.9614201e-01 0.0000000e+00 
4.7259709e-01 4.0761891e-01 0.0000000e+00 
4.6829471e-01 3.9267531e-01 0.0000000e+00 
1.7821480e+00 3.7544200e-01 0.0000000e+00 
1.8081650e+00 4.2873210e-01 0.0000000e+00 
5.6767190e-01 1.8248910e-01 0.0000000e+00 
5.6965590e-01 1.9964610e-01 0.0000000e+00 
5.5310482e-01 2.0997940e-01 0.0000000e+00 
5.7153863e-01 2.1648981e-01 0.0000000e+00 
5.5832732e-01 2.2570750e-01 0.0000000e+00 
5.7294083e-01 2.3188220e-01 0.0000000e+00 
5.8571517e-01 2.2277141e-01 0.0000000e+00 
5.8722973e-01 2.3849240e-01 0.0000000e+00 
2.2661661e-01 1.3415439e-01 0.0000000e+00 
2.6798990e-01 1.4730521e-01 0.0000000e+00 
1.7105891e+00 1.1396340e-01 0.0000000e+00 
5.9993339e-01 2.2935030e-01 0.0000000e+00 
6.0129720e-01 2.4530940e-01 0.0000000e+00 
5.8868867e-01 2.5420901e-01 0.0000000e+00 
6.0235012e-01 2.6110700e-01 0.0000000e+00 
1.8387530e+00 3.7525591e-01 0.0000000e+00 
5.4489303e-01 2.2099259e-01 0.0000000e+00 
4.5784310e-01 5.2955812e-01 0.0000000e+00 
5.1062381e-01 5.1103139e-01 0.0000000e+00 
4.9833831e-01 1.0296860e-01 0.0000000e+00 
1.8639690e+00 4.2541769e-01 0.0000000e+00 
4.9523690e-01 7.3985048e-02 0.0000000e+00 
1.3844220e-01 2.6736441e-01 0.0000000e+00 
1.5088230e-01 3.1097111e-01 0.0000000e+00 
1.2641050e-01 2.2494370e-01 0.0000000e+00 
2.0287590e-01 3.2045639e-01 0.0000000e+00 
1.6756350e-01 3.5410741e-01 0.0000000e+00 
2.1099889e-01 3.6507410e-01 0.0000000e+00 
1.8053800e-01 3.9719370e-01 0.0000000e+00 
2.2913329e-01 4.0715241e-01 0.0000000e+00 
1.9421770e-01 4.3993911e-01 0.0000000e+00 
2.3865750e-01 4.5007020e-01 0.0000000e+00 
1.4811151e-01 4.3034700e-01 0.0000000e+00 
5.9036589e-01 2.6973200e-01 0.0000000e+00 
6.0372931e-01 2.7649191e-01 0.0000000e+00 
6.1619169e-01 2.6624000e-01 0.0000000e+00 
5.9138829e-01 2.8492469e-01 0.0000000e+00 
6.0468042e-01 2.9163459e-01 0.0000000e+00 
1.8453060e+00 2.7996099e-01 0.0000000e+00 
2.0954210e-01 4.8537201e-01 0.0000000e+00 
4.6530190e-01 6.3733928e-02 0.0000000e+00 
5.9247959e-01 2.9992181e-01 0.0000000e+00 
6.0560697e-01 3.0666059e-01 0.0000000e+00 
5.9351093e-01 3.1494951e-01 0.0000000e+00 
6.0633099e-01 3.2174519e-01 0.0000000e+00 
5.9430778e-01 3.2937449e-01 0.0000000e+00 
4.9347320e-01 3.8454881e-01 0.0000000e+00 
5.5062449e-01 1.5674770e-01 0.0000000e+00 
4.5774269e-01 4.0380031e-01 0.0000000e+00 
4.5300320e-01 3.8926181e-01 0.0000000e+00 
5.2078158e-01 8.5589677e-02 0.0000000e+00 
5.2809721e-01 4.7261381e-01 0.0000000e+00 
5.4998982e-01 4.7740239e-01 0.0000000e+00 
1.1647230e-01 3.4303319e-01 0.0000000e+00 
5.4025501e-01 4.0216339e-01 0.0000000e+00 
5.4931629e-01 3.8893181e-01 0.0000000e+00 
5.6429678e-01 3.8917771e-01 0.0000000e+00 
5.5815691e-01 3.7613159e-01 0.0000000e+00 
5.3233409e-01 3.8730109e-01 0.0000000e+00 
6.1810511e-01 2.9840681e-01 0.0000000e+00 
5.4633558e-01 2.3408321e-01 0.0000000e+00 
1.7233150e+00 4.7115931e-01 0.0000000e+00 
1.6544410e+00 4.6960419e-01 0.0000000e+00 
5.9817278e-01 2.1342160e-01 0.0000000e+00 
5.7312608e-01 3.7630349e-01 0.0000000e+00 
5.6664068e-01 3.6344349e-01 0.0000000e+00 
5.8089459e-01 3.6333910e-01 0.0000000e+00 
5.7436389e-01 3.5058859e-01 0.0000000e+00 
5.8890998e-01 3.5140380e-01 0.0000000e+00 
5.9597099e-01 3.6360300e-01 0.0000000e+00 
1.8871840e+00 2.3216370e-01 0.0000000e+00 
1.8613670e+00 1.6699770e-01 0.0000000e+00 
5.8043772e-01 3.2325599e-01 0.0000000e+00 
1.8341640e-01 1.2044960e-01 0.0000000e+00 
1.4539170e-01 1.4803199e-01 0.0000000e+00 
5.2981251e-01 4.1606659e-01 0.0000000e+00 
6.3278657e-01 3.2098520e-01 0.0000000e+00 
4.9883649e-01 1.9035070e-01 0.0000000e+00 
4.8866749e-01 1.9995619e-01 0.0000000e+00 
4.7372600e-01 1.9428051e-01 0.0000000e+00 
4.7687241e-01 2.0988560e-01 0.0000000e+00 
4.6230760e-01 2.0519090e-01 0.0000000e+00 
5.0175709e-01 2.0284539e-01 0.0000000e+00 
3.7420979e-01 2.4249861e-01 0.0000000e+00 
3.7680081e-01 2.5999850e-01 0.0000000e+00 
3.6377189e-01 2.7359021e-01 0.0000000e+00 
3.8147151e-01 2.7786380e-01 0.0000000e+00 
3.9390230e-01 2.6630861e-01 0.0000000e+00 
3.9790910e-01 2.8215069e-01 0.0000000e+00 
3.8660839e-01 2.9399589e-01 0.0000000e+00 
4.0266559e-01 2.9749459e-01 0.0000000e+00 
3.9230630e-01 3.0959940e-01 0.0000000e+00 
3.7539089e-01 3.0645579e-01 0.0000000e+00 
3.8165531e-01 3.2178041e-01 0.0000000e+00 
3.9764741e-01 3.2483751e-01 0.0000000e+00 
3.8738471e-01 3.3702531e-01 0.0000000e+00 
4.0318671e-01 3.3988059e-01 0.0000000e+00 
3.9298999e-01 3.5206911e-01 0.0000000e+00 
4.0884519e-01 3.5489669e-01 0.0000000e+00 
3.7592891e-01 3.5095471e-01 0.0000000e+00 
4.1221961e-01 3.2815641e-01 0.0000000e+00 
4.0885890e-01 2.7070051e-01 0.0000000e+00 
4.0606499e-01 2.5576550e-01 0.0000000e+00 
4.2036530e-01 2.6073930e-01 0.0000000e+00 
4.1758421e-01 2.4588020e-01 0.0000000e+00 
3.9879280e-01 3.6719501e-01 0.0000000e+00 
4.1457930e-01 3.6959961e-01 0.0000000e+00 
4.2435291e-01 3.5784501e-01 0.0000000e+00 
4.3005049e-01 3.7181091e-01 0.0000000e+00 
4.2064139e-01 3.8399899e-01 0.0000000e+00 
4.0332180e-01 2.4100940e-01 0.0000000e+00 
4.1523230e-01 2.3128320e-01 0.0000000e+00 
4.2901969e-01 2.3581611e-01 0.0000000e+00 
4.2680249e-01 2.2116630e-01 0.0000000e+00 
4.4072181e-01 2.2622180e-01 0.0000000e+00 
4.3834931e-01 2.1132030e-01 0.0000000e+00 
4.2324290e-01 2.0628519e-01 0.0000000e+00 
5.7600939e-01 2.6372889e-01 0.0000000e+00 
4.6461701e-01 3.7602729e-01 0.0000000e+00 
4.4586849e-01 3.4520641e-01 0.0000000e+00 
1.8224460e+00 4.8960349e-01 0.0000000e+00 
4.3567330e-01 1.9562960e-01 0.0000000e+00 
5.9315038e-01 1.5660501e-01 0.0000000e+00 
4.5945361e-01 1.9019520e-01 0.0000000e+00 
6.2804931e-01 2.1075760e-01 0.0000000e+00 
4.4690049e-01 3.7500271e-01 0.0000000e+00 
4.3590689e-01 2.6693821e-01 0.0000000e+00 
4.5538360e-01 2.4537770e-01 0.0000000e+00 
5.3253782e-01 3.6093631e-01 0.0000000e+00 
5.0687999e-01 3.7203360e-01 0.0000000e+00 
5.5479759e-01 3.4289679e-01 0.0000000e+00 
4.7859880e-01 2.3292100e-01 0.0000000e+00 
5.6951690e-01 2.9091081e-01 0.0000000e+00 
4.3251589e-01 3.2153201e-01 0.0000000e+00 
2.5864059e-01 4.9322551e-01 0.0000000e+00 
2.8119770e-01 4.6436489e-01 0.0000000e+00 
2.9712620e-01 4.9769270e-01 0.0000000e+00 
5.0679362e-01 2.2942559e-01 0.0000000e+00 
5.1640040e-01 2.1935740e-01 0.0000000e+00 
6.5671778e-01 2.8741741e-01 0.0000000e+00 
6.4681822e-01 2.6546481e-01 0.0000000e+00 
2.6161829e-01 1.0442510e-01 0.0000000e+00 
2.9914159e-01 1.2133270e-01 0.0000000e+00 
5.3835911e-01 2.0090669e-01 0.0000000e+00 
4.1076070e-01 4.0288219e-01 0.0000000e+00 
4.2847160e-01 2.9058349e-01 0.0000000e+00 
5.8385968e-01 4.0419951e-01 0.0000000e+00 
4.6758640e-01 2.2237021e-01 0.0000000e+00 
1.7680900e+00 1.1666990e-01 0.0000000e+00 
4.6705061e-01 3.6164391e-01 0.0000000e+00 
4.2953780e-01 5.2015013e-01 0.0000000e+00 
3.4222049e-01 3.0633521e-01 0.0000000e+00 
3.3303869e-01 2.8045291e-01 0.0000000e+00 
5.3547281e-01 4.9663380e-01 0.0000000e+00 
5.6233060e-01 5.0093198e-01 0.0000000e+00 
3.5305610e-01 3.5562491e-01 0.0000000e+00 
3.6326250e-01 3.7681499e-01 0.0000000e+00 
5.8255208e-01 1.8968870e-01 0.0000000e+00 
5.6585908e-01 6.7596443e-02 0.0000000e+00 
3.1423870e-01 5.6071562e-01 0.0000000e+00 
3.6825681e-01 5.5769640e-01 0.0000000e+00 
1.6511329e+00 1.0926090e-01 0.0000000e+00 
1.6192470e+00 1.5863900e-01 0.0000000e+00 
3.1425080e-01 3.9930049e-02 0.0000000e+00 
3.1129351e-01 1.6085930e-01 0.0000000e+00 
3.3299991e-01 1.3328290e-01 0.0000000e+00 
3.3072019e-01 1.0009960e-01 0.0000000e+00 
2.7850899e-01 1.8997809e-01 0.0000000e+00 
3.6250210e-01 1.1719080e-01 0.0000000e+00 
3.6242679e-01 7.9823360e-02 0.0000000e+00 
3.9215559e-01 9.3917303e-02 0.0000000e+00 
6.7704421e-01 3.9422091e-02 0.0000000e+00 
6.9158012e-01 7.9496212e-02 0.0000000e+00 
7.2696608e-01 4.4044841e-02 0.0000000e+00 
7.3696113e-01 9.5335990e-02 0.0000000e+00 
7.9171729e-01 1.0606610e-01 0.0000000e+00 
7.5707722e-01 1.3865989e-01 0.0000000e+00 
8.0465728e-01 1.5881000e-01 0.0000000e+00 
8.4009641e-01 1.2030350e-01 0.0000000e+00 
8.5441029e-01 1.6780110e-01 0.0000000e+00 
8.9020813e-01 1.3047090e-01 0.0000000e+00 
8.7580758e-01 8.5384279e-02 0.0000000e+00 
6.3392729e-01 5.6027758e-01 0.0000000e+00 
6.5490252e-01 5.2222651e-01 0.0000000e+00 
6.9785458e-01 5.2009457e-01 0.0000000e+00 
6.6947389e-01 4.8214740e-01 0.0000000e+00 
7.1400052e-01 4.7928271e-01 0.0000000e+00 
7.3890662e-01 5.1415598e-01 0.0000000e+00 
7.5538421e-01 4.7427329e-01 0.0000000e+00 
7.3060858e-01 4.4053549e-01 0.0000000e+00 
7.7131832e-01 4.3481070e-01 0.0000000e+00 
7.4432129e-01 4.0371630e-01 0.0000000e+00 
7.9942912e-01 4.6868020e-01 0.0000000e+00 
8.1664360e-01 4.2528069e-01 0.0000000e+00 
8.4675127e-01 4.6303490e-01 0.0000000e+00 
7.0795268e-01 4.1132101e-01 0.0000000e+00 
8.6556101e-01 4.1526449e-01 0.0000000e+00 
9.0177119e-01 4.5578691e-01 0.0000000e+00 
6.1436248e-01 5.2457899e-01 0.0000000e+00 
5.9010911e-01 5.6233871e-01 0.0000000e+00 
6.8740159e-01 4.4485721e-01 0.0000000e+00 
6.3075930e-01 4.9217081e-01 0.0000000e+00 
8.2390177e-01 3.7696400e-01 0.0000000e+00 
6.5760958e-01 4.5251140e-01 0.0000000e+00 
8.8201141e-01 3.6469159e-01 0.0000000e+00 
7.1646827e-01 3.7200019e-01 0.0000000e+00 
7.5293612e-01 3.6630341e-01 0.0000000e+00 
7.3172802e-01 3.4158540e-01 0.0000000e+00 
4.3641081e-01 3.8625911e-01 0.0000000e+00 
3.3307719e-01 5.1888418e-01 0.0000000e+00 
3.7808201e-01 5.1874483e-01 0.0000000e+00 
4.1757399e-01 3.4319299e-01 0.0000000e+00 
4.0734050e-01 3.1263331e-01 0.0000000e+00 
4.8661929e-01 4.2812102e-02 0.0000000e+00 
7.2056448e-01 1.3380709e-01 0.0000000e+00 
7.2885102e-01 1.7120270e-01 0.0000000e+00 
7.6764971e-01 1.8236589e-01 0.0000000e+00 
7.3844647e-01 2.0840840e-01 0.0000000e+00 
3.2383901e-01 4.7502699e-01 0.0000000e+00 
2.0299730e-01 4.5617640e-02 0.0000000e+00 
5.8970161e-02 3.3410329e-01 0.0000000e+00 
2.0689000e-01 5.5709481e-01 0.0000000e+00 
4.1305149e-01 2.8573561e-01 0.0000000e+00 
7.8471351e-01 5.4944623e-01 0.0000000e+00 
5.7445318e-01 2.4704580e-01 0.0000000e+00 
4.8197981e-02 2.0613991e-01 0.0000000e+00 
2.9774281e-01 8.0907270e-02 0.0000000e+00 
5.0055778e-01 5.6669247e-01 0.0000000e+00 
5.6139982e-01 2.6632291e-01 0.0000000e+00 
1.6788280e+00 5.7307512e-02 0.0000000e+00 
5.1920211e-01 3.7999329e-01 0.0000000e+00 
5.3287011e-01 2.3837809e-01 0.0000000e+00 
4.9314889e-01 3.6956069e-01 0.0000000e+00 
5.4427528e-01 3.7591609e-01 0.0000000e+00 
7.8244883e-01 3.9527819e-01 0.0000000e+00 
3.6446571e-01 4.0250320e-02 0.0000000e+00 
4.4162789e-01 3.5938531e-01 0.0000000e+00 
6.3632941e-01 2.8842619e-01 0.0000000e+00 
4.9067271e-01 2.1312010e-01 0.0000000e+00 
9.0754151e-01 5.5067050e-01 0.0000000e+00 
9.6624529e-01 5.4957891e-01 0.0000000e+00 
9.9525559e-01 4.9868581e-01 0.0000000e+00 
1.0540251e+00 4.9801311e-01 0.0000000e+00 
1.0243800e+00 4.4818369e-01 0.0000000e+00 
1.0813180e+00 4.4429299e-01 0.0000000e+00 
9.6050638e-01 4.4521841e-01 0.0000000e+00 
9.9237692e-01 4.0150511e-01 0.0000000e+00 
9.3534291e-01 5.0050128e-01 0.0000000e+00 
1.1123620e+00 4.9683940e-01 0.0000000e+00 
1.1383430e+00 4.4216970e-01 0.0000000e+00 
5.4218680e-01 5.2327639e-01 0.0000000e+00 
4.9454380e-02 4.5007420e-01 0.0000000e+00 
1.0217610e-01 4.7936839e-01 0.0000000e+00 
2.2542991e-01 2.8165141e-01 0.0000000e+00 
3.9299640e-01 1.2565491e-01 0.0000000e+00 
4.2287391e-01 1.0849530e-01 0.0000000e+00 
4.1702661e-01 7.4225321e-02 0.0000000e+00 
4.2317891e-01 4.9126241e-01 0.0000000e+00 
3.6435950e-01 3.1840631e-01 0.0000000e+00 
5.9271669e-01 4.9394491e-01 0.0000000e+00 
4.5279789e-01 2.1705380e-01 0.0000000e+00 
1.1707489e+00 4.9572700e-01 0.0000000e+00 
1.1967220e+00 4.4262701e-01 0.0000000e+00 
1.2286400e+00 4.9457431e-01 0.0000000e+00 
1.2569320e+00 4.4329810e-01 0.0000000e+00 
1.2887410e+00 4.9415389e-01 0.0000000e+00 
4.9704749e-02 9.0376601e-02 0.0000000e+00 
1.1661880e+00 3.8667339e-01 0.0000000e+00 
1.0448740e+00 3.9727730e-01 0.0000000e+00 
1.3219531e+00 5.4748261e-01 0.0000000e+00 
1.3566051e+00 4.9475339e-01 0.0000000e+00 
1.4128619e+00 5.0170678e-01 0.0000000e+00 
1.3878731e+00 4.4357020e-01 0.0000000e+00 
2.6875430e-01 4.3074101e-01 0.0000000e+00 
4.1746351e-01 3.0108821e-01 0.0000000e+00 
4.7450441e-01 4.2571831e-01 0.0000000e+00 
4.0593800e-01 2.0075510e-01 0.0000000e+00 
4.4167551e-01 4.0079829e-01 0.0000000e+00 
1.9512080e+00 4.5117629e-01 0.0000000e+00 
1.0262311e+00 5.1109631e-02 0.0000000e+00 
9.9738371e-01 1.0181700e-01 0.0000000e+00 
1.0553030e+00 1.0176790e-01 0.0000000e+00 
1.0273110e+00 1.4739220e-01 0.0000000e+00 
1.0855290e+00 1.4977370e-01 0.0000000e+00 
9.7062862e-01 1.4721170e-01 0.0000000e+00 
9.3508059e-01 1.0148260e-01 0.0000000e+00 
1.1133560e+00 1.0215650e-01 0.0000000e+00 
1.1446090e+00 1.4514109e-01 0.0000000e+00 
1.1160710e+00 1.9391710e-01 0.0000000e+00 
1.2018321e+00 5.4771107e-01 0.0000000e+00 
1.9480680e+00 2.1005040e-01 0.0000000e+00 
1.0842860e+00 5.4868227e-01 0.0000000e+00 
1.9480680e+00 3.2994959e-01 0.0000000e+00 
1.5904510e+00 1.0452840e-01 0.0000000e+00 
1.5598950e+00 1.5443350e-01 0.0000000e+00 
1.5304790e+00 1.0186320e-01 0.0000000e+00 
1.5007280e+00 1.5119410e-01 0.0000000e+00 
1.5273950e+00 2.0345390e-01 0.0000000e+00 
1.4685169e+00 1.9967620e-01 0.0000000e+00 
1.4425830e+00 1.4740349e-01 0.0000000e+00 
1.4098901e+00 1.9577309e-01 0.0000000e+00 
1.3839140e+00 1.4338671e-01 0.0000000e+00 
1.3511680e+00 1.9153769e-01 0.0000000e+00 
1.3252350e+00 1.3926670e-01 0.0000000e+00 
1.2926320e+00 1.8772170e-01 0.0000000e+00 
1.2666039e+00 1.3634580e-01 0.0000000e+00 
1.2355460e+00 1.8558609e-01 0.0000000e+00 
1.2059170e+00 1.3905290e-01 0.0000000e+00 
1.2347410e+00 9.3928657e-02 0.0000000e+00 
1.3187660e+00 2.4091680e-01 0.0000000e+00 
1.4945120e+00 2.5244480e-01 0.0000000e+00 
1.5862570e+00 2.0772290e-01 0.0000000e+00 
5.5948251e-01 2.4233980e-01 0.0000000e+00 
1.5573130e+00 5.4926682e-01 0.0000000e+00 
1.5215520e+00 5.0207931e-01 0.0000000e+00 
1.5906490e+00 4.9784341e-01 0.0000000e+00 
1.3832541e+00 4.9608339e-02 0.0000000e+00 
1.5002331e+00 5.0511628e-02 0.0000000e+00 
1.7345819e+00 5.5134553e-01 0.0000000e+00 
1.6170100e+00 5.5189037e-01 0.0000000e+00 
1.6308481e+00 4.1378099e-01 0.0000000e+00 
1.7733830e+00 4.6653220e-01 0.0000000e+00 
1.8566350e+00 5.4165798e-01 0.0000000e+00 
1.5124860e+00 4.0674630e-01 0.0000000e+00 
1.4853560e+00 4.5626420e-01 0.0000000e+00 
1.6452560e+00 2.1187560e-01 0.0000000e+00 
1.7967290e+00 1.6947480e-01 0.0000000e+00 
1.8955210e+00 4.8443690e-01 0.0000000e+00 
2.4952111e-01 3.7534630e-01 0.0000000e+00 
2.4015559e-01 3.3920720e-01 0.0000000e+00 
1.6122910e+00 2.6095319e-01 0.0000000e+00 
1.8537400e+00 5.5921540e-02 0.0000000e+00 
1.8819669e+00 1.0242500e-01 0.0000000e+00 
9.5119797e-02 1.2153590e-01 0.0000000e+00 
1.0847340e+00 5.0935078e-02 0.0000000e+00 
1.7562060e+00 3.2229191e-01 0.0000000e+00 
1.4358770e+00 2.4863569e-01 0.0000000e+00 
4.3159389e-01 2.5088599e-01 0.0000000e+00 
4.7994119e-01 3.8120639e-01 0.0000000e+00 
1.8123610e+00 3.2570100e-01 0.0000000e+00 
6.1470199e-01 2.3820160e-01 0.0000000e+00 
6.2837660e-01 2.5279269e-01 0.0000000e+00 
5.6644672e-01 3.2120070e-01 0.0000000e+00 
4.0343639e-01 3.8359720e-01 0.0000000e+00 
1.2608960e+00 2.3755901e-01 0.0000000e+00 
9.7383392e-01 2.2759880e-01 0.0000000e+00 
1.8966711e+00 3.6694610e-01 0.0000000e+00 
1.2852859e+00 3.9278471e-01 0.0000000e+00 
4.4754091e-01 4.1694289e-01 0.0000000e+00 
5.1814729e-01 1.1434720e-01 0.0000000e+00 
9.8089732e-02 2.9848260e-01 0.0000000e+00 
8.7650722e-01 5.0584209e-01 0.0000000e+00 
7.2722268e-01 5.5884892e-01 0.0000000e+00 
9.1900879e-01 4.0950510e-01 0.0000000e+00 
6.0669678e-01 3.3687809e-01 0.0000000e+00 
9.2257088e-01 2.2499460e-01 0.0000000e+00 
1.8270659e+00 1.1701130e-01 0.0000000e+00 
3.9101499e-01 2.5043941e-01 0.0000000e+00 
3.0026230e-01 2.1632680e-01 0.0000000e+00 
5.8418620e-01 3.3934349e-01 0.0000000e+00 
1.5593460e+00 5.1838879e-02 0.0000000e+00 
4.5547140e-01 5.6772357e-01 0.0000000e+00 
9.7268373e-02 1.8144910e-01 0.0000000e+00 
9.3618453e-02 5.9398320e-02 0.0000000e+00 
9.5946752e-02 4.1991970e-01 0.0000000e+00 
1.5493150e-01 4.8253620e-01 0.0000000e+00 
5.3141659e-01 2.2366489e-01 0.0000000e+00 
4.6951711e-01 1.7694290e-01 0.0000000e+00 
1.3219830e+00 4.4809279e-01 0.0000000e+00 
6.1860532e-01 2.8225860e-01 0.0000000e+00 
9.2647932e-02 5.4469162e-01 0.0000000e+00 
3.6105269e-01 4.8700431e-01 0.0000000e+00 
1.4393450e+00 5.5213040e-01 0.0000000e+00 
1.9442101e+00 9.5342271e-02 0.0000000e+00 
9.0059137e-01 1.7995150e-01 0.0000000e+00 
8.2735151e-01 2.0720319e-01 0.0000000e+00 
6.6251612e-01 1.0677520e-01 0.0000000e+00 
6.7604911e-01 4.1622579e-01 0.0000000e+00 
6.8501538e-01 3.8669550e-01 0.0000000e+00 
3.6920869e-01 2.9070961e-01 0.0000000e+00 
4.5409241e-01 2.3146330e-01 0.0000000e+00 
6.1867392e-01 3.1358370e-01 0.0000000e+00 
1.9131620e+00 5.4997718e-01 0.0000000e+00 
4.2027211e-01 1.8849210e-01 0.0000000e+00 
1.9003210e+00 2.9999799e-01 0.0000000e+00 
5.5434358e-01 1.3134070e-01 0.0000000e+00 
1.4729370e+00 1.0059040e-01 0.0000000e+00 
4.4868380e-01 4.7589070e-01 0.0000000e+00 
1.7371070e+00 5.7924490e-02 0.0000000e+00 
1.6196249e-01 1.9384970e-01 0.0000000e+00 
2.7876011e-01 3.4925121e-01 0.0000000e+00 
5.6304562e-01 4.5950639e-01 0.0000000e+00 
6.0384172e-01 3.5119170e-01 0.0000000e+00 
5.7530987e-01 5.2873927e-01 0.0000000e+00 
1.3667960e-01 3.8707560e-01 0.0000000e+00 
4.9747679e-01 1.2821840e-01 0.0000000e+00 
1.1983300e+00 4.8251878e-02 0.0000000e+00 
7.5970978e-01 3.2726541e-01 0.0000000e+00 
8.1999791e-01 5.1075947e-01 0.0000000e+00 
1.3957340e+00 3.8871399e-01 0.0000000e+00 
3.8881221e-01 2.3447470e-01 0.0000000e+00 
5.2596432e-01 2.0954940e-01 0.0000000e+00 
1.4149910e+00 9.8922051e-02 0.0000000e+00 
3.1656411e-01 1.9587231e-01 0.0000000e+00 
4.3203679e-01 3.4525600e-01 0.0000000e+00 
5.0832897e-01 3.8785461e-01 0.0000000e+00 
5.0716370e-01 4.6868089e-01 0.0000000e+00 
7.2506380e-01 3.1459489e-01 0.0000000e+00 
5.7067949e-01 1.5282580e-01 0.0000000e+00 
6.7973870e-01 1.6684531e-01 0.0000000e+00 
5.3255141e-01 1.4827640e-01 0.0000000e+00 
5.8382958e-01 2.0679601e-01 0.0000000e+00 
3.6833951e-01 3.3595169e-01 0.0000000e+00 
6.6081917e-01 3.9089271e-01 0.0000000e+00 
3.5859609e-01 1.6498099e-01 0.0000000e+00 
5.4474670e-01 2.4635740e-01 0.0000000e+00 
8.5039961e-01 4.4130251e-02 0.0000000e+00 
7.0378470e-01 2.1493910e-01 0.0000000e+00 
3.8111559e-01 3.6489099e-01 0.0000000e+00 
3.8378549e-01 3.8103321e-01 0.0000000e+00 
1.1733290e+00 9.6517898e-02 0.0000000e+00 
6.1236829e-01 3.6486840e-01 0.0000000e+00 
4.2817801e-01 4.6774849e-01 0.0000000e+00 
3.9298210e-01 4.8933309e-01 0.0000000e+00 
5.1858139e-01 5.3958851e-01 0.0000000e+00 
1.1778920e+00 1.8819040e-01 0.0000000e+00 
6.3357651e-01 4.2729640e-01 0.0000000e+00 
2.1912169e-01 8.9860998e-02 0.0000000e+00 
4.4828820e-01 3.3391532e-02 0.0000000e+00 
7.1727687e-01 2.3730519e-01 0.0000000e+00 
9.8337471e-02 2.5592181e-01 0.0000000e+00 
4.8688981e-01 5.3696889e-01 0.0000000e+00 
9.1024607e-01 4.6742149e-02 0.0000000e+00 
4.2072469e-01 3.1704551e-01 0.0000000e+00 
2.5881660e-01 2.8481191e-01 0.0000000e+00 
1.3556740e+00 9.6588373e-02 0.0000000e+00 
3.8170820e-01 4.6353251e-01 0.0000000e+00 
6.1133659e-01 4.6789679e-01 0.0000000e+00 
4.4266859e-01 2.4074350e-01 0.0000000e+00 
1.4653840e+00 5.0395852e-01 0.0000000e+00 
1.1433500e+00 2.3560201e-01 0.0000000e+00 
5.5341142e-01 3.6430839e-01 0.0000000e+00 
5.7990170e-01 2.7820900e-01 0.0000000e+00 
4.4887719e-01 2.0151231e-01 0.0000000e+00 
4.6245420e-01 4.1756010e-01 0.0000000e+00 
4.1210291e-01 2.1662711e-01 0.0000000e+00 
5.1736373e-01 5.6347691e-02 0.0000000e+00 
7.0604849e-01 3.3807889e-01 0.0000000e+00 
4.3653390e-01 1.2656429e-01 0.0000000e+00 
4.2773649e-01 3.9727569e-01 0.0000000e+00 
4.2305809e-01 2.7508900e-01 0.0000000e+00 
1.9111360e+00 1.7995431e-01 0.0000000e+00 
1.2975690e+00 9.4644032e-02 0.0000000e+00 
7.4613649e-01 2.3963641e-01 0.0000000e+00 
2.9362991e-01 4.1433749e-01 0.0000000e+00 
5.8357382e-01 3.0761179e-01 0.0000000e+00 
5.3191912e-01 3.7253350e-01 0.0000000e+00 
4.4445190e-01 8.4593862e-02 0.0000000e+00 
1.5468830e+00 4.5422599e-01 0.0000000e+00 
6.2926418e-01 2.7103639e-01 0.0000000e+00 
3.5220909e-01 2.8729489e-01 0.0000000e+00 
8.3805579e-01 3.3710629e-01 0.0000000e+00 
5.2616048e-01 4.0003020e-01 0.0000000e+00 
1.8064611e-01 5.2023911e-01 0.0000000e+00 
4.2505819e-01 3.3176431e-01 0.0000000e+00 
7.7968621e-01 5.0346297e-01 0.0000000e+00 
1.2679260e+00 4.6381779e-02 0.0000000e+00 
5.8107018e-01 2.9473820e-01 0.0000000e+00 
6.1925322e-01 3.3036381e-01 0.0000000e+00 
5.6537521e-01 2.5524691e-01 0.0000000e+00 
3.8967860e-01 6.5405212e-02 0.0000000e+00 
1.0865080e+00 2.3449360e-01 0.0000000e+00 
1.4042149e-01 9.9993236e-02 0.0000000e+00 
1.0030100e+00 3.5783571e-01 0.0000000e+00 
3.6067769e-01 3.0184039e-01 0.0000000e+00 
5.7885981e-01 3.8880101e-01 0.0000000e+00 
1.5990330e+00 4.4926330e-01 0.0000000e+00 
9.1439813e-02 3.7532219e-01 0.0000000e+00 
5.7995051e-01 1.7130360e-01 0.0000000e+00 
6.1258352e-01 2.5273019e-01 0.0000000e+00 
4.0172791e-01 2.2754180e-01 0.0000000e+00 
5.4750210e-01 9.9742994e-02 0.0000000e+00 
6.1311978e-01 2.0313910e-01 0.0000000e+00 
6.1223829e-01 2.2002740e-01 0.0000000e+00 
1.8586820e+00 3.2957241e-01 0.0000000e+00 
5.8738971e-01 3.7580970e-01 0.0000000e+00 
4.5219980e-02 4.4195049e-02 0.0000000e+00 
4.8124549e-01 2.2123460e-01 0.0000000e+00 
4.3828961e-02 5.5591398e-01 0.0000000e+00 
1.0568640e+00 1.9004630e-01 0.0000000e+00 
3.3193341e-01 4.4711831e-01 0.0000000e+00 
3.0378929e-01 4.4286191e-01 0.0000000e+00 
5.3415012e-01 1.2728420e-01 0.0000000e+00 
5.0386423e-01 2.1636350e-01 0.0000000e+00 
1.9116580e+00 4.2358989e-01 0.0000000e+00 
4.5517069e-01 3.6521810e-01 0.0000000e+00 
3.6732909e-01 3.6239621e-01 0.0000000e+00 
6.3041377e-01 3.0585691e-01 0.0000000e+00 
1.9569679e+00 4.3301821e-02 0.0000000e+00 
5.7146299e-01 4.8058590e-01 0.0000000e+00 
1.6484860e+00 5.1718348e-01 0.0000000e+00 
9.4670999e-01 1.8556410e-01 0.0000000e+00 
6.3752991e-01 4.6584189e-01 0.0000000e+00 
1.9572541e+00 5.5697870e-01 0.0000000e+00 
6.4813697e-01 2.4830820e-01 0.0000000e+00 
6.0179752e-01 3.7555191e-01 0.0000000e+00 
1.4364240e+00 4.6111640e-01 0.0000000e+00 
5.6217611e-01 3.5223660e-01 0.0000000e+00 
6.6050959e-01 4.3027630e-01 0.0000000e+00 
4.0468970e-01 5.1149738e-01 0.0000000e+00 
5.1506358e-01 2.0555650e-01 0.0000000e+00 
4.3334481e-01 1.8108650e-01 0.0000000e+00 
9.9962813e-01 1.8700930e-01 0.0000000e+00 
6.9131333e-01 1.1763480e-01 0.0000000e+00 
4.4599831e-01 1.8538959e-01 0.0000000e+00 
5.1551181e-01 4.8891029e-01 0.0000000e+00 
4.3754059e-01 5.8743980e-02 0.0000000e+00 
5.9589100e-01 3.4163511e-01 0.0000000e+00 
2.3624770e-01 5.2814358e-01 0.0000000e+00 
6.6953379e-01 3.7169310e-01 0.0000000e+00 
3.6865169e-01 3.9570969e-01 0.0000000e+00 
5.9758049e-01 1.9620110e-01 0.0000000e+00 
1.3329040e-01 5.1544452e-01 0.0000000e+00 
1.0515270e+00 3.5504949e-01 0.0000000e+00 
3.3392131e-01 6.8202123e-02 0.0000000e+00 
1.7869949e-01 8.1389397e-02 0.0000000e+00 
9.2706198e-01 1.4882250e-01 0.0000000e+00 
1.7000279e+00 5.1305068e-01 0.0000000e+00 
3.4774879e-01 2.6959679e-01 0.0000000e+00 
5.7002652e-01 3.3917850e-01 0.0000000e+00 
4.5571360e-01 1.7617980e-01 0.0000000e+00 
8.2389021e-01 8.1237279e-02 0.0000000e+00 
5.6977302e-01 4.0162051e-01 0.0000000e+00 
5.7622939e-01 9.1579817e-02 0.0000000e+00 
7.9520959e-01 1.9354109e-01 0.0000000e+00 
7.1731091e-01 1.9555099e-01 0.0000000e+00 
9.5533073e-01 4.0679529e-01 0.0000000e+00 
5.1722008e-01 4.1250920e-01 0.0000000e+00 
4.3116611e-01 5.4470932e-01 0.0000000e+00 
6.9998658e-01 1.5358570e-01 0.0000000e+00 
3.7607810e-01 2.2627370e-01 0.0000000e+00 
5.1978278e-01 3.9113960e-01 0.0000000e+00 
5.3689402e-01 2.1312129e-01 0.0000000e+00 
9.0401761e-02 2.1924180e-01 0.0000000e+00 
7.8513551e-01 3.6338761e-01 0.0000000e+00 
2.8628290e-01 5.2971011e-01 0.0000000e+00 
1.9101239e+00 1.3962340e-01 0.0000000e+00 
3.3938929e-01 1.5675519e-01 0.0000000e+00 
3.5365051e-01 1.4366330e-01 0.0000000e+00 
5.9640652e-01 1.7787141e-01 0.0000000e+00 
2.3996450e-01 3.0955619e-01 0.0000000e+00 
4.0130991e-01 5.3756779e-01 0.0000000e+00 
2.6203820e-01 3.9843059e-01 0.0000000e+00 
1.7610559e+00 5.1254529e-01 0.0000000e+00 
5.3923780e-01 6.9367118e-02 0.0000000e+00 
6.6389477e-01 2.7387929e-01 0.0000000e+00 
5.6400359e-01 1.6758190e-01 0.0000000e+00 
6.3302028e-01 3.3655259e-01 0.0000000e+00 
5.4254562e-01 3.6452681e-01 0.0000000e+00 
5.1293671e-01 2.8587131e-02 0.0000000e+00 
5.1246679e-01 1.8971939e-01 0.0000000e+00 

CELLS 1766 7064
3 0 870 123
3 1 882 70
3 2 887 79
3 3 872 114
3 4 193 35
3 4 516 193
3 5 516 4
3 6 184 5
3 6 612 184
3 7 612 6
3 8 183 7
3 8 799 183
3 9 799 8
3 10 615 9
3 11 335 10
3 11 521 335
3 12 521 11
3 13 311 12
3 13 515 311
3 14 515 13
3 15 312 14
3 15 511 312
3 16 511 15
3 17 308 16
3 17 510 308
3 18 510 17
3 19 301 18
3 19 529 301
3 20 529 19
3 21 124 20
3 21 517 124
3 22 517 21
3 23 277 22
3 23 503 277
3 24 503 23
3 25 266 24
3 25 533 266
3 26 533 25
3 27 269 26
3 27 616 269
3 28 616 27
3 29 513 28
3 30 241 29
3 30 512 241
3 31 512 30
3 32 214 31
3 32 514 214
3 33 514 32
3 34 215 33
3 34 726 215
3 35 726 34
3 36 870 0
3 37 747 36
3 38 155 37
3 38 603 155
3 39 603 38
3 40 130 39
3 40 547 130
3 41 547 40
3 41 619 547
3 42 619 41
3 43 142 42
3 43 812 142
3 44 812 43
3 44 943 597
3 45 943 44
3 46 145 45
3 46 159 145
3 47 159 46
3 48 140 47
3 48 555 140
3 49 555 48
3 49 557 555
3 50 557 49
3 51 126 50
3 51 800 126
3 52 800 51
3 52 816 800
3 53 816 52
3 54 131 53
3 54 663 131
3 55 663 54
3 55 718 663
3 56 718 55
3 57 127 56
3 57 780 127
3 58 780 57
3 58 850 780
3 59 850 58
3 60 148 59
3 60 700 148
3 61 700 60
3 62 128 61
3 62 701 128
3 63 701 62
3 63 744 701
3 64 744 63
3 65 136 64
3 65 613 136
3 66 613 65
3 66 772 613
3 67 772 66
3 68 144 67
3 68 715 144
3 69 715 68
3 70 157 69
3 70 882 157
3 71 882 1
3 72 757 71
3 73 154 72
3 73 674 154
3 74 674 73
3 75 139 74
3 75 676 139
3 76 676 75
3 77 147 76
3 77 662 147
3 78 662 77
3 79 156 78
3 79 887 156
3 80 887 2
3 81 766 80
3 82 706 81
3 83 151 82
3 83 702 151
3 84 702 83
3 85 129 84
3 85 703 129
3 86 703 85
3 87 697 86
3 88 137 87
3 88 756 137
3 89 756 88
3 90 149 89
3 90 653 149
3 91 653 90
3 92 134 91
3 92 673 134
3 93 673 92
3 94 150 93
3 94 675 150
3 95 675 94
3 96 135 95
3 96 624 135
3 97 624 96
3 98 623 97
3 99 125 98
3 99 607 125
3 100 607 99
3 100 736 607
3 101 736 100
3 102 138 101
3 102 566 138
3 103 566 102
3 103 583 566
3 104 583 103
3 105 143 104
3 105 611 143
3 106 611 105
3 106 745 611
3 107 745 106
3 108 141 107
3 108 544 141
3 109 544 108
3 110 543 109
3 111 132 110
3 111 605 132
3 112 605 111
3 113 153 112
3 113 754 153
3 114 754 113
3 114 872 754
3 115 872 3
3 116 158 115
3 116 635 158
3 117 635 116
3 118 146 117
3 118 604 146
3 119 604 118
3 120 133 119
3 120 609 133
3 121 609 120
3 122 152 121
3 122 650 152
3 123 650 122
3 123 870 650
3 124 529 20
3 124 658 529
3 124 817 658
3 125 623 98
3 125 735 623
3 125 782 735
3 126 557 50
3 126 558 557
3 126 559 558
3 126 915 559
3 127 718 56
3 127 804 670
3 128 700 61
3 128 786 700
3 129 702 84
3 129 911 702
3 130 603 39
3 130 610 525
3 130 811 603
3 131 816 53
3 132 543 110
3 132 929 543
3 133 604 119
3 133 734 604
3 133 814 734
3 133 927 814
3 134 653 91
3 134 673 647
3 135 675 95
3 136 613 545
3 136 744 64
3 137 697 87
3 137 698 697
3 137 823 698
3 138 736 101
3 139 674 74
3 139 768 454
3 140 159 47
3 140 160 159
3 140 161 160
3 140 555 161
3 141 745 107
3 141 922 745
3 141 935 922
3 142 619 42
3 142 854 619
3 142 900 640
3 143 583 104
3 143 777 583
3 143 808 634
3 144 740 532
3 144 772 67
3 145 938 830
3 145 943 45
3 146 635 117
3 146 748 635
3 146 861 748
3 147 676 76
3 147 730 676
3 147 878 730
3 148 850 59
3 149 756 89
3 150 673 93
3 150 675 632
3 151 706 82
3 151 937 504
3 152 609 121
3 152 746 609
3 153 605 112
3 153 847 605
3 153 906 847
3 154 757 72
3 154 930 757
3 155 747 37
3 155 856 747
3 155 909 856
3 156 662 78
3 156 711 662
3 156 766 711
3 156 887 766
3 157 715 69
3 157 716 715
3 157 757 716
3 157 882 757
3 158 872 115
3 159 542 145
3 160 542 159
3 160 917 542
3 161 162 160
3 161 760 162
3 162 163 160
3 162 164 163
3 162 165 164
3 162 760 165
3 163 917 160
3 164 187 163
3 164 506 187
3 165 166 164
3 165 167 166
3 165 253 167
3 165 760 253
3 166 506 164
3 166 933 506
3 167 168 166
3 167 169 168
3 167 793 169
3 168 227 166
3 168 866 227
3 169 170 168
3 169 171 170
3 169 188 171
3 169 793 188
3 170 508 168
3 171 172 170
3 171 173 172
3 171 801 173
3 172 244 170
3 172 888 244
3 173 174 172
3 173 175 174
3 173 813 175
3 174 888 172
3 174 939 524
3 175 176 174
3 175 177 176
3 175 178 177
3 175 813 178
3 176 939 174
3 177 180 176
3 177 791 180
3 178 179 177
3 178 181 179
3 178 837 181
3 179 791 177
3 180 191 176
3 180 192 191
3 180 831 192
3 181 182 179
3 181 185 182
3 181 245 185
3 181 837 245
3 182 781 179
3 183 612 7
3 183 799 696
3 183 853 612
3 184 516 5
3 184 612 501
3 184 826 516
3 185 186 182
3 185 189 186
3 185 759 189
3 186 222 182
3 186 845 222
3 187 361 163
3 187 769 361
3 187 792 769
3 188 801 171
3 188 919 801
3 188 923 599
3 189 190 186
3 189 194 190
3 189 243 194
3 189 759 243
3 190 845 186
3 191 523 176
3 192 201 191
3 192 202 201
3 192 203 202
3 192 831 203
3 193 726 35
3 193 839 456
3 193 851 839
3 194 195 190
3 194 196 195
3 194 739 196
3 195 588 190
3 196 197 195
3 196 198 197
3 196 729 198
3 196 739 729
3 197 242 195
3 197 857 242
3 198 199 197
3 198 200 199
3 198 259 200
3 198 729 259
3 199 857 197
3 199 907 857
3 200 216 199
3 200 217 216
3 200 855 217
3 201 232 191
3 201 460 232
3 201 941 460
3 202 204 201
3 202 205 204
3 202 903 205
3 203 831 589
3 203 903 202
3 204 941 201
3 205 206 204
3 205 207 206
3 205 797 207
3 205 903 797
3 206 341 204
3 206 805 341
3 207 208 206
3 207 209 208
3 207 211 209
3 207 797 211
3 208 805 206
3 208 889 805
3 209 210 208
3 209 212 210
3 209 810 212
3 210 344 208
3 210 530 344
3 211 797 761
3 211 810 209
3 211 892 810
3 212 213 210
3 212 220 213
3 212 257 220
3 212 810 257
3 213 530 210
3 214 512 31
3 214 891 825
3 214 942 512
3 215 514 33
3 215 913 514
3 216 907 199
3 217 218 216
3 217 219 218
3 217 824 219
3 217 855 824
3 218 345 216
3 218 651 345
3 219 223 218
3 219 224 223
3 219 258 224
3 219 824 258
3 220 221 213
3 220 254 221
3 220 821 254
3 221 239 213
3 221 240 239
3 221 775 240
3 222 781 182
3 222 845 586
3 222 928 781
3 223 651 218
3 224 225 223
3 224 226 225
3 224 728 226
3 225 352 223
3 225 731 352
3 226 228 225
3 226 229 228
3 226 693 229
3 226 728 693
3 227 933 166
3 228 731 225
3 229 230 228
3 229 231 230
3 229 256 231
3 229 693 256
3 230 356 228
3 230 783 356
3 231 233 230
3 231 234 233
3 231 720 234
3 232 523 191
3 232 621 523
3 232 881 621
3 233 783 230
3 234 235 233
3 234 236 235
3 234 694 236
3 234 720 694
3 235 366 233
3 235 707 366
3 236 237 235
3 236 238 237
3 236 252 238
3 236 694 252
3 237 707 235
3 238 246 237
3 238 247 246
3 238 714 247
3 239 530 213
3 239 916 530
3 240 260 239
3 240 261 260
3 240 262 261
3 240 775 262
3 241 513 29
3 241 614 513
3 241 840 614
3 242 588 195
3 242 737 588
3 242 857 630
3 242 920 737
3 243 739 194
3 243 758 739
3 243 759 563
3 244 508 170
3 244 725 724
3 244 867 508
3 244 888 725
3 245 601 600
3 245 759 185
3 245 837 601
3 245 918 759
3 246 360 237
3 246 704 360
3 247 248 246
3 247 249 248
3 247 250 249
3 247 714 250
3 248 704 246
3 249 255 248
3 249 719 255
3 250 251 249
3 250 342 251
3 250 709 342
3 250 714 709
3 251 719 249
3 252 694 681
3 252 714 238
3 253 793 167
3 253 923 793
3 254 775 221
3 254 821 643
3 254 883 775
3 255 377 248
3 255 378 377
3 255 382 378
3 255 719 382
3 256 686 684
3 256 693 686
3 256 720 231
3 257 810 587
3 257 821 220
3 257 886 821
3 258 728 224
3 258 809 690
3 258 824 809
3 259 855 200
3 259 873 855
3 259 896 873
3 260 346 239
3 260 438 346
3 260 459 438
3 261 459 260
3 262 263 261
3 262 435 263
3 262 436 435
3 262 775 436
3 263 264 261
3 263 265 264
3 263 790 265
3 264 459 261
3 264 921 459
3 265 267 264
3 265 268 267
3 265 270 268
3 265 790 270
3 266 503 24
3 266 620 503
3 266 879 620
3 267 354 264
3 267 355 354
3 267 659 355
3 268 659 267
3 269 533 26
3 269 722 502
3 270 271 268
3 270 326 271
3 270 327 326
3 270 790 327
3 271 272 268
3 271 273 272
3 271 771 273
3 272 659 268
3 272 828 659
3 273 274 272
3 273 275 274
3 273 806 275
3 274 732 272
3 275 276 274
3 275 278 276
3 275 339 278
3 275 806 339
3 276 340 274
3 276 528 340
3 277 517 22
3 277 848 517
3 278 279 276
3 278 280 279
3 278 820 280
3 279 528 276
3 280 281 279
3 280 282 281
3 280 316 282
3 280 820 316
3 281 314 279
3 281 904 314
3 282 283 281
3 282 284 283
3 282 874 284
3 283 904 281
3 284 285 283
3 284 838 285
3 284 875 838
3 285 286 283
3 285 287 286
3 285 296 287
3 285 838 296
3 286 540 283
3 287 288 286
3 287 289 288
3 287 774 289
3 288 539 286
3 289 290 288
3 289 291 290
3 289 774 291
3 290 317 288
3 290 535 317
3 291 292 290
3 291 293 292
3 291 304 293
3 291 774 304
3 292 535 290
3 292 536 535
3 293 294 292
3 293 295 294
3 293 818 295
3 294 536 292
3 295 297 294
3 295 305 297
3 295 322 305
3 295 818 322
3 296 774 287
3 296 936 712
3 297 298 294
3 297 299 298
3 297 742 299
3 298 536 294
3 298 912 536
3 299 300 298
3 299 302 300
3 299 787 302
3 300 315 298
3 300 467 315
3 300 924 467
3 301 510 18
3 301 834 510
3 302 303 300
3 302 306 303
3 302 313 306
3 302 787 313
3 303 924 300
3 304 774 713
3 304 818 293
3 304 934 818
3 305 742 297
3 306 307 303
3 306 309 307
3 306 798 309
3 307 321 303
3 307 660 321
3 308 511 16
3 308 822 511
3 309 310 307
3 309 318 310
3 309 320 318
3 309 798 320
3 310 660 307
3 310 767 660
3 311 521 12
3 311 871 622
3 311 877 521
3 312 515 14
3 312 531 515
3 312 764 531
3 313 787 548
3 313 798 306
3 313 931 798
3 314 528 279
3 314 727 528
3 314 803 727
3 314 904 803
3 315 912 298
3 316 755 602
3 316 820 755
3 316 874 282
3 317 539 288
3 317 796 539
3 318 319 310
3 318 328 319
3 318 638 328
3 319 767 310
3 319 895 767
3 320 638 318
3 320 932 552
3 321 864 784
3 321 924 303
3 322 323 305
3 322 324 323
3 322 637 324
3 322 818 637
3 323 551 305
3 324 325 323
3 324 367 325
3 324 368 367
3 324 637 368
3 325 350 323
3 325 371 350
3 325 773 371
3 326 771 271
3 327 359 326
3 327 402 359
3 327 899 402
3 328 329 319
3 328 832 329
3 329 330 319
3 329 331 330
3 329 332 331
3 329 832 332
3 330 895 319
3 330 898 895
3 330 914 898
3 331 914 330
3 332 333 331
3 332 336 333
3 332 369 336
3 332 832 369
3 333 334 331
3 333 337 334
3 333 779 337
3 334 751 331
3 335 615 10
3 335 750 615
3 336 779 333
3 337 338 334
3 337 347 338
3 337 348 347
3 337 779 348
3 338 351 334
3 338 461 351
3 338 944 461
3 339 806 641
3 339 820 278
3 340 732 274
3 340 833 661
3 341 776 738
3 341 805 776
3 341 941 204
3 342 343 251
3 342 375 343
3 342 376 375
3 342 709 376
3 343 353 251
3 343 373 353
3 343 710 373
3 344 889 208
3 345 633 628
3 345 651 633
3 345 907 216
3 346 916 239
3 347 349 338
3 347 362 349
3 347 794 362
3 348 779 733
3 348 794 347
3 348 876 794
3 349 944 338
3 350 551 323
3 351 751 334
3 352 648 646
3 352 651 223
3 352 731 648
3 353 719 251
3 353 723 719
3 354 921 264
3 355 357 354
3 355 379 357
3 355 380 379
3 355 659 380
3 356 731 228
3 356 752 731
3 356 783 656
3 357 358 354
3 357 789 358
3 358 921 354
3 358 925 846
3 359 372 326
3 359 401 372
3 359 815 401
3 360 707 237
3 360 842 707
3 360 860 842
3 361 917 163
3 362 363 349
3 362 364 363
3 362 431 364
3 362 794 431
3 363 374 349
3 363 527 374
3 364 365 363
3 364 384 365
3 364 940 384
3 365 527 363
3 366 783 233
3 366 890 656
3 367 773 325
3 368 406 367
3 368 407 406
3 368 409 407
3 368 637 409
3 369 370 336
3 369 832 639
3 369 841 370
3 370 403 336
3 370 405 403
3 370 424 405
3 370 841 424
3 371 392 350
3 371 457 392
3 371 458 457
3 371 773 458
3 372 771 326
3 373 422 353
3 373 454 422
3 373 455 454
3 373 710 455
3 374 944 349
3 375 710 343
3 376 394 375
3 376 545 394
3 376 546 545
3 376 709 546
3 377 704 248
3 378 445 377
3 378 705 445
3 379 430 357
3 379 722 430
3 380 381 379
3 380 432 381
3 380 828 432
3 381 722 379
3 382 383 378
3 382 399 383
3 382 723 399
3 383 705 378
3 384 385 365
3 384 541 385
3 384 862 541
3 384 940 862
3 385 386 365
3 385 387 386
3 385 795 387
3 386 527 365
3 386 926 527
3 387 388 386
3 387 389 388
3 387 390 389
3 387 795 390
3 388 400 386
3 388 444 400
3 388 696 444
3 389 696 388
3 390 391 389
3 390 395 391
3 390 447 395
3 390 795 447
3 391 608 389
3 392 393 350
3 392 525 393
3 392 811 525
3 393 551 350
3 394 532 375
3 394 772 532
3 395 396 391
3 395 724 396
3 395 867 724
3 396 397 391
3 396 398 397
3 396 863 398
3 397 608 391
3 398 417 397
3 398 418 417
3 398 419 418
3 398 863 419
3 399 404 383
3 399 730 404
3 399 868 730
3 400 926 386
3 401 534 372
3 401 815 745
3 401 922 534
3 402 815 359
3 402 899 537
3 403 779 336
3 404 504 383
3 404 711 504
3 404 878 711
3 405 434 403
3 405 830 434
3 406 408 367
3 406 814 408
3 407 734 406
3 408 773 367
3 408 927 746
3 409 410 407
3 409 411 410
3 409 713 411
3 409 934 713
3 410 437 407
3 410 778 437
3 411 412 410
3 411 413 412
3 411 712 413
3 411 713 712
3 412 778 410
3 413 414 412
3 413 415 414
3 413 657 415
3 413 936 657
3 414 416 412
3 414 749 416
3 415 423 414
3 415 518 423
3 415 519 518
3 415 657 519
3 416 749 636
3 416 778 412
3 417 501 397
3 417 826 501
3 418 420 417
3 418 421 420
3 418 753 421
3 419 753 418
3 419 843 753
3 419 863 725
3 420 826 417
3 420 851 826
3 421 425 420
3 421 426 425
3 421 443 426
3 421 753 443
3 422 723 353
3 422 868 723
3 423 749 414
3 423 847 749
3 423 902 847
3 424 597 405
3 424 812 597
3 424 900 812
3 425 851 420
3 426 427 425
3 426 428 427
3 426 765 428
3 427 839 425
3 428 429 427
3 428 738 429
3 428 852 738
3 429 456 427
3 429 743 456
3 429 901 743
3 430 616 513
3 430 722 616
3 430 789 357
3 431 794 769
3 431 940 364
3 432 433 381
3 432 661 433
3 432 732 661
3 432 828 732
3 433 502 381
3 433 509 502
3 433 592 509
3 433 661 592
3 434 733 403
3 434 865 733
3 434 938 865
3 435 790 263
3 435 899 790
3 436 537 435
3 436 538 537
3 436 883 538
3 437 734 407
3 437 861 604
3 438 439 346
3 438 442 439
3 438 846 442
3 439 440 346
3 439 441 440
3 439 617 441
3 440 916 346
3 441 448 440
3 441 449 448
3 441 825 449
3 442 617 439
3 442 840 617
3 442 925 614
3 443 753 621
3 443 765 426
3 443 881 765
3 444 750 400
3 444 799 615
3 445 446 377
3 445 911 446
3 445 937 911
3 446 704 377
3 446 860 704
3 446 884 699
3 446 911 884
3 447 867 395
3 447 905 866
3 448 859 440
3 448 869 859
3 449 450 448
3 449 451 450
3 449 891 451
3 450 869 448
3 451 452 450
3 451 743 452
3 451 913 743
3 452 453 450
3 452 776 453
3 452 901 776
3 453 869 450
3 453 889 869
3 454 674 139
3 454 768 422
3 454 835 674
3 455 740 716
3 455 835 454
3 455 930 835
3 456 726 193
3 456 839 427
3 456 913 726
3 457 811 392
3 457 909 811
3 458 746 717
3 458 773 746
3 458 856 457
3 459 846 438
3 459 921 846
3 460 852 765
3 460 881 232
3 460 941 852
3 461 462 351
3 461 466 462
3 461 944 466
3 462 463 351
3 462 464 463
3 462 622 464
3 463 751 351
3 464 465 463
3 464 531 465
3 464 871 531
3 465 507 463
3 465 827 507
3 466 622 462
3 466 877 622
3 466 894 877
3 466 944 894
3 467 468 315
3 467 741 468
3 467 784 741
3 467 924 784
3 468 469 315
3 468 470 469
3 468 471 470
3 468 741 471
3 469 912 315
3 470 763 469
3 471 472 470
3 471 485 472
3 471 486 485
3 471 741 486
3 472 473 470
3 472 474 473
3 472 606 474
3 473 763 470
3 474 475 473
3 474 596 475
3 474 658 596
3 475 476 473
3 475 477 476
3 475 478 477
3 475 596 478
3 476 763 473
3 476 858 763
3 477 642 476
3 477 796 642
3 478 479 477
3 478 480 479
3 478 484 480
3 478 596 484
3 479 796 477
3 480 481 479
3 480 482 481
3 480 595 482
3 481 483 479
3 481 802 483
3 482 489 481
3 482 490 489
3 482 491 490
3 482 595 491
3 483 796 479
3 483 880 539
3 484 595 480
3 484 848 595
3 485 606 472
3 485 834 606
3 486 487 485
3 486 488 487
3 486 494 488
3 486 741 494
3 487 721 510
3 487 834 485
3 488 721 487
3 489 802 481
3 489 803 802
3 490 727 489
3 491 492 490
3 491 620 492
3 491 788 620
3 492 493 490
3 492 592 493
3 492 620 509
3 493 727 490
3 493 833 528
3 494 495 488
3 494 864 495
3 495 496 488
3 495 497 496
3 495 829 497
3 495 864 829
3 496 721 488
3 496 822 721
3 497 498 496
3 497 499 498
3 497 500 499
3 497 829 500
3 498 822 496
3 499 644 498
3 499 827 644
3 500 505 499
3 500 767 505
3 500 829 660
3 501 608 397
3 501 826 184
3 501 853 608
3 502 533 269
3 502 722 381
3 502 879 533
3 503 788 277
3 504 705 383
3 504 706 151
3 504 711 706
3 504 937 705
3 505 827 499
3 505 898 827
3 506 792 187
3 506 862 792
3 506 933 862
3 507 751 463
3 507 914 751
3 508 866 168
3 508 867 866
3 509 592 492
3 509 879 502
3 510 721 308
3 510 834 487
3 511 764 312
3 511 822 764
3 512 840 241
3 512 942 840
3 513 616 28
3 513 789 430
3 514 891 214
3 514 913 891
3 515 871 311
3 516 851 193
3 517 817 124
3 517 848 817
3 518 902 423
3 518 929 902
3 519 520 518
3 519 602 520
3 519 875 602
3 520 602 593
3 520 929 518
3 521 522 335
3 521 877 522
3 522 750 335
3 522 785 750
3 522 894 785
3 523 621 524
3 523 939 176
3 524 843 725
3 524 888 174
3 524 939 523
3 525 526 393
3 525 610 526
3 525 811 130
3 526 548 393
3 526 549 548
3 526 550 549
3 526 610 550
3 527 785 374
3 527 926 785
3 528 727 493
3 528 833 340
3 529 658 606
3 529 834 301
3 530 859 344
3 530 916 859
3 531 644 465
3 531 764 644
3 531 871 515
3 532 710 375
3 532 740 710
3 532 772 144
3 533 879 266
3 534 641 372
3 534 893 641
3 534 935 893
3 535 642 317
3 535 858 642
3 536 844 535
3 536 912 844
3 537 634 402
3 537 899 435
3 538 634 537
3 538 777 634
3 538 883 643
3 539 540 286
3 539 796 483
3 539 880 540
3 540 880 802
3 540 904 283
3 541 795 385
3 541 905 795
3 541 933 905
3 542 917 865
3 542 938 145
3 543 544 109
3 543 593 544
3 543 929 593
3 544 935 141
3 545 613 394
3 545 677 136
3 546 677 545
3 546 678 677
3 546 695 678
3 546 709 695
3 547 610 130
3 547 908 610
3 548 551 393
3 548 787 551
3 548 931 313
3 549 931 548
3 549 932 931
3 550 552 549
3 550 553 552
3 550 908 553
3 551 742 305
3 551 787 742
3 552 638 320
3 552 932 549
3 553 554 552
3 553 854 554
3 553 908 619
3 554 638 552
3 554 639 638
3 554 640 639
3 554 854 640
3 555 556 161
3 555 557 556
3 556 760 161
3 556 897 760
3 557 558 556
3 558 897 556
3 559 560 558
3 559 561 560
3 559 562 561
3 559 915 562
3 560 598 558
3 560 599 598
3 560 600 599
3 561 600 560
3 561 918 600
3 562 563 561
3 562 564 563
3 562 565 564
3 562 915 565
3 563 758 243
3 563 759 561
3 564 758 563
3 564 910 758
3 565 669 564
3 565 816 669
3 565 915 800
3 566 567 138
3 566 582 567
3 566 583 582
3 567 568 138
3 567 569 568
3 567 585 569
3 568 736 138
3 569 570 568
3 569 584 570
3 569 587 584
3 569 886 587
3 570 571 568
3 570 572 571
3 570 573 572
3 570 584 573
3 571 736 568
3 571 849 607
3 572 849 571
3 573 574 572
3 573 575 574
3 573 579 575
3 573 584 579
3 574 576 572
3 574 577 576
3 574 618 577
3 575 618 574
3 576 849 572
3 577 578 576
3 577 580 578
3 577 586 580
3 577 618 586
3 578 782 576
3 579 589 575
3 579 762 589
3 580 581 578
3 580 737 581
3 581 735 578
3 581 737 629
3 582 585 567
3 582 643 585
3 582 777 643
3 583 777 582
3 584 761 579
3 584 892 761
3 585 886 569
3 586 588 580
3 586 845 588
3 586 928 222
3 587 886 257
3 587 892 584
3 588 737 580
3 588 845 190
3 589 590 575
3 589 591 590
3 589 762 203
3 589 831 591
3 590 618 575
3 590 928 618
3 591 781 590
3 591 791 781
3 591 831 791
3 592 833 493
3 593 594 544
3 593 755 594
3 593 929 520
3 594 935 544
3 595 788 491
3 595 848 788
3 596 817 484
3 597 812 44
3 597 830 405
3 597 943 830
3 598 897 558
3 598 923 897
3 599 919 188
3 599 923 598
3 600 601 599
3 600 918 245
3 601 813 801
3 601 837 813
3 601 919 599
3 602 755 593
3 602 874 316
3 602 875 874
3 603 909 155
3 604 734 437
3 604 861 146
3 605 902 132
3 606 658 474
3 606 834 529
3 607 736 571
3 607 782 125
3 607 849 782
3 608 696 389
3 608 853 696
3 609 927 133
3 610 908 550
3 611 808 143
3 611 815 808
3 612 853 501
3 613 772 394
3 614 789 513
3 614 840 442
3 614 925 789
3 615 750 444
3 615 799 9
3 616 722 269
3 617 825 441
3 617 942 825
3 618 928 586
3 619 854 553
3 619 908 547
3 620 788 503
3 620 879 509
3 621 843 524
3 621 881 443
3 622 871 464
3 622 877 311
3 623 624 97
3 623 631 624
3 623 735 631
3 624 625 135
3 624 631 625
3 625 626 135
3 625 627 626
3 625 629 627
3 625 631 629
3 626 675 135
3 627 628 626
3 627 652 628
3 628 632 626
3 628 633 632
3 628 652 345
3 629 630 627
3 629 631 581
3 629 920 630
3 630 652 627
3 630 857 652
3 630 920 242
3 631 735 581
3 632 645 150
3 632 675 626
3 633 645 632
3 633 646 645
3 633 651 646
3 634 777 143
3 634 808 402
3 635 636 158
3 635 748 636
3 636 748 416
3 636 754 158
3 636 906 754
3 637 934 409
3 638 639 328
3 639 832 328
3 639 841 369
3 640 841 639
3 640 854 142
3 640 900 841
3 641 771 372
3 641 806 771
3 641 807 339
3 641 893 807
3 642 796 317
3 642 858 476
3 643 777 538
3 643 821 585
3 643 883 254
3 644 764 498
3 644 827 465
3 645 673 150
3 646 647 645
3 646 648 647
3 646 651 352
3 647 649 134
3 647 673 645
3 648 649 647
3 648 752 649
3 649 653 134
3 649 654 653
3 649 752 654
3 650 717 152
3 650 747 717
3 650 870 747
3 652 907 345
3 653 654 149
3 654 655 149
3 654 656 655
3 654 752 656
3 655 756 149
3 655 823 756
3 655 890 823
3 656 752 356
3 656 783 366
3 656 890 655
3 657 875 519
3 657 936 838
3 658 817 596
3 659 828 380
3 660 767 500
3 660 829 321
3 661 732 340
3 661 833 592
3 662 878 147
3 663 664 131
3 663 665 664
3 663 718 665
3 664 669 131
3 665 666 664
3 665 667 666
3 665 670 667
3 665 718 670
3 666 668 664
3 666 896 668
3 667 873 666
3 668 669 664
3 668 896 885
3 668 910 669
3 669 816 131
3 669 910 564
3 670 671 667
3 670 718 127
3 670 804 671
3 671 672 667
3 671 804 691
3 671 809 672
3 672 873 667
3 674 835 154
3 676 768 139
3 677 744 136
3 678 679 677
3 678 680 679
3 678 681 680
3 678 695 681
3 679 744 677
3 679 770 701
3 680 770 679
3 681 682 680
3 681 694 682
3 681 695 252
3 682 683 680
3 682 684 683
3 682 720 684
3 683 770 680
3 683 786 770
3 684 685 683
3 684 686 685
3 684 720 256
3 685 786 683
3 685 819 786
3 686 687 685
3 686 688 687
3 686 693 688
3 687 819 685
3 687 836 819
3 688 689 687
3 688 690 689
3 688 728 690
3 689 836 687
3 690 691 689
3 690 728 258
3 690 809 691
3 691 692 689
3 691 804 692
3 691 809 671
3 692 804 780
3 692 836 689
3 692 850 836
3 693 728 688
3 694 720 682
3 695 714 252
3 696 799 444
3 696 853 183
3 697 703 86
3 698 699 697
3 698 823 708
3 698 842 699
3 699 703 697
3 699 860 446
3 699 884 703
3 700 819 148
3 701 744 679
3 701 770 128
3 702 937 151
3 703 884 129
3 704 860 360
3 705 937 445
3 706 766 81
3 707 708 366
3 707 842 708
3 708 842 698
3 708 890 366
3 709 714 695
3 710 740 455
3 711 766 706
3 711 878 662
3 712 774 296
3 712 936 413
3 713 774 712
3 713 934 304
3 715 740 144
3 716 740 715
3 716 930 455
3 717 746 152
3 717 856 458
3 719 723 382
3 721 822 308
3 723 868 399
3 724 863 396
3 724 867 244
3 725 843 419
3 725 863 724
3 725 888 524
3 726 913 215
3 727 803 489
3 729 896 259
3 730 768 676
3 730 868 768
3 730 878 404
3 731 752 648
3 732 828 272
3 733 779 403
3 733 876 348
3 734 814 406
3 735 782 578
3 737 920 629
3 738 852 341
3 738 901 429
3 739 885 729
3 741 784 494
3 742 787 299
3 743 901 452
3 743 913 456
3 745 815 611
3 745 922 401
3 746 773 408
3 746 927 609
3 747 856 717
3 747 870 36
3 748 778 416
3 748 861 778
3 749 906 636
3 750 926 400
3 751 914 331
3 753 843 621
3 754 872 158
3 754 906 153
3 755 807 594
3 755 820 807
3 756 823 137
3 757 882 71
3 757 930 716
3 758 885 739
3 758 910 885
3 759 918 561
3 760 897 253
3 761 762 579
3 761 797 762
3 761 892 211
3 762 903 203
3 763 844 469
3 763 858 844
3 764 822 498
3 765 852 428
3 765 881 460
3 766 887 80
3 767 895 505
3 768 868 422
3 769 792 431
3 769 865 361
3 769 876 865
3 770 786 128
3 771 806 273
3 775 883 436
3 776 805 453
3 776 901 738
3 778 861 437
3 780 804 127
3 780 850 692
3 781 791 179
3 781 928 590
3 782 849 576
3 784 864 494
3 784 924 321
3 785 894 374
3 785 926 750
3 786 819 700
3 788 848 277
3 789 925 358
3 790 899 327
3 791 831 180
3 792 940 431
3 793 923 188
3 794 876 769
3 795 905 447
3 797 903 762
3 798 932 320
3 800 816 565
3 800 915 126
3 801 813 173
3 801 919 601
3 802 803 540
3 802 880 483
3 803 904 540
3 805 889 453
3 807 820 339
3 807 893 594
3 808 815 402
3 809 824 672
3 810 892 587
3 811 909 603
3 812 900 142
3 813 837 178
3 814 927 408
3 817 848 484
3 818 934 637
3 819 836 148
3 821 886 585
3 823 890 708
3 824 855 672
3 825 891 449
3 825 942 214
3 826 851 516
3 827 898 507
3 829 864 321
3 830 938 434
3 830 943 145
3 835 930 154
3 836 850 148
3 838 875 657
3 838 936 296
3 839 851 425
3 840 942 617
3 841 900 424
3 842 860 699
3 844 858 535
3 844 912 469
3 846 921 358
3 846 925 442
3 847 902 605
3 847 906 749
3 852 941 341
3 855 873 672
3 856 909 457
3 857 907 652
3 859 869 344
3 859 916 440
3 862 933 541
3 862 940 792
3 865 876 733
3 865 917 361
3 865 938 542
3 866 867 447
3 866 905 227
3 869 889 344
3 873 896 666
3 874 875 284
3 877 894 522
3 884 911 129
3 885 896 729
3 885 910 668
3 891 913 451
3 893 935 594
3 894 944 374
3 895 898 505
3 897 923 253
3 898 914 507
3 902 929 132
3 905 933 227
3 911 937 702
3 922 935 534
3 931 932 798

CELL_TYPES 1766
5
5
5
5
5
5
5
5
5
5
5
5
5
5
5
5
5
5
5
5
5
5
5
5
5
5
5
5
5
5
5
5
5
5
5
5
5
5
5
5
5
5
5
5
5
5
5
5
5
5
5
5
5
5
5
5
5
5
5
5
5
5
5
5
5
5
5
5
5
5
5
5
5
5
5
5
5
5
5
5
5
5
5
5
5
5
5
5
5
5
5
5
5
5
5
5
5
5
5
5
5
5
5
5
5
5
5
5
5
5
5
5
5
5
5
5
5
5
5
5
5
5
5
5
5
5
5
5
5
5
5
5
5
5
5
5
5
5
5
5
5
5
5
5
5
5
5
5
5
5
5
5
5
5
5
5
5
5
5
5
5
5
5
5
5
5
5
5
5
5
5
5
5
5
5
5
5
5
5
5
5
5
5
5
5
5
5
5
5
5
5
5
5
5
5
5
5
5
5
5
5
5
5
5
5
5
5
5
5
5
5
5
5
5
5
5
5
5
5
5
5
5
5
5
5
5
5
5
5
5
5
5
5
5
5
5
5
5
5
5
5
5
5
5
5
5
5
5
5
5
5
5
5
5
5
5
5
5
5
5
5
5
5
5
5
5
5
5
5
5
5
5
5
5
5
5
5
5
5
5
5
5
5
5
5
5
5
5
5
5
5
5
5
5
5
5
5
5
5
5
5
5
5
5
5
5
5
5
5
5
5
5
5
5
5
5
5
5
5
5
5
5
5
5
5
5
5
5
5
5
5
5
5
5
5
5
5
5
5
5
5
5
5
5
5
5
5
5
5
5
5
5
5
5
5
5
5
5
5
5
5
5
5
5
5
5
5
5
5
5
5
5
5
5
5
5
5
5
5
5
5
5
5
5
5
5
5
5
5
5
5
5
5
5
5
5
5
5
5
5
5
5
5
5
5
5
5
5
5
5
5
5
5
5
5
5
5
5
5
5
5
5
5
5
5
5
5
5
5
5
5
5
5
5
5
5
5
5
5
5
5
5
5
5
5
5
5
5
5
5
5
5
5
5
5
5
5
5
5
5
5
5
5
5
5
5
5
5
5
5
5
5
5
5
5
5
5
5
5
5
5
5
5
5
5
5
5
5
5
5
5
5
5
5
5
5
5
5
5
5
5
5
5
5
5
5
5
5
5
5
5
5
5
5
5
5
5
5
5
5
5
5
5
5
5
5
5
5
5
5
5
5
5
5
5
5
5
5
5
5
5
5
5
5
5
5
5
5
5
5
5
5
5
5
5
5
5
5
5
5
5
5
5
5
5
5
5
5
5
5
5
5
5
5
5
5
5
5
5
5
5
5
5
5
5
5
5
5
5
5
5
5
5
5
5
5
5
5
5
5
5
5
5
5
5
5
5
5
5
5
5
5
5
5
5
5
5
5
5
5
5
5
5
5
5
5
5
5
5
5
5
5
5
5
5
5
5
5
5
5
5
5
5
5
5
5
5
5
5
5
5
5
5
5
5
5
5
5
5
5
5
5
5
5
5
5
5
5
5
5
5
5
5
5
5
5
5
5
5
5
5
5
5
5
5
5
5
5
5
5
5
5
5
5
5
5
5
5
5
5
5
5
5
5
5
5
5
5
5
5
5
5
5
5
5
5
5
5
5
5
5
5
5
5
5
5
5
5
5
5
5
5
5
5
5
5
5
5
5
5
5
5
5
5
5
5
5
5
5
5
5
5
5
5
5
5
5
5
5
5
5
5
5
5
5
5
5
5
5
5
5
5
5
5
5
5
5
5
5
5
5
5
5
5
5
5
5
5
5
5
5
5
5
5
5
5
5
5
5
5
5
5
5
5
5
5
5
5
5
5
5
5
5
5
5
5
5
5
5
5
5
5
5
5
5
5
5
5
5
5
5
5
5
5
5
5
5
5
5
5
5
5
5
5
5
5
5
5
5
5
5
5
5
5
5
5
5
5
5
5
5
5
5
5
5
5
5
5
5
5
5
5
5
5
5
5
5
5
5
5
5
5
5
5
5
5
5
5
5
5
5
5
5
5
5
5
5
5
5
5
5
5
5
5
5
5
5
5
5
5
5
5
5
5
5
5
5
5
5
5
5
5
5
5
5
5
5
5
5
5
5
5
5
5
5
5
5
5
5
5
5
5
5
5
5
5
5
5
5
5
5
5
5
5
5
5
5
5
5
5
5
5
5
5
5
5
5
5
5
5
5
5
5
5
5
5
5
5
5
5
5
5
5
5
5
5
5
5
5
5
5
5
5
5
5
5
5
5
5
5
5
5
5
5
5
5
5
5
5
5
5
5
5
5
5
5
5
5
5
5
5
5
5
5
5
5
5
5
5
5
5
5
5
5
5
5
5
5
5
5
5
5
5
5
5
5
5
5
5
5
5
5
5
5
5
5
5
5
5
5
5
5
5
5
5
5
5
5
5
5
5
5
5
5
5
5
5
5
5
5
5
5
5
5
5
5
5
5
5
5
5
5
5
5
5
5
5
5
5
5
5
5
5
5
5
5
5
5
5
5
5
5
5
5
5
5
5
5
5
5
5
5
5
5
5
5
5
5
5
5
5
5
5
5
5
5
5
5
5
5
5
5
5
5
5
5
5
5
5
5
5
5
5
5
5
5
5
5
5
5
5
5
5
5
5
5
5
5
5
5
5
5
5
5
5
5
5
5
5
5
5
5
5
5
5
5
5
5
5
5
5
5
5
5
5
5
5
5
5
5
5
5
5
5
5
5
5
5
5
5
5
5
5
5
5
5
5
5
5
5
5
5
5
5
5
5
5
5
5
5
5
5
5
5
5
5
5
5
5
5
5
5
5
5
5
5
5
5
5
5
5
5
5
5
5
5
5
5
5
5
5
5
5
5
5
5
5
5
5
5
5
5
5
5
5
5
5
5
5
5
5
5
5
5
5
5
5
5
5
5
5
5
5
5
5
5
5
5
5
5
5
5
5
5
5
5
5
5
5
5
5
5
5
5
5
5
5
5
5
5
5
5
5
5
5
5
5
5
5
5
5
5
5
5
5
5
5
5
5
5
5
5
5
5
5
5
5
5
5
5
5
5
5
5
5
5
5
5
5
5
5
5
5
5
5
5
5
5
5
5
5
5
5
5
5
5
5
5
5
5
5
5
5
5
5
5
5
5
5
5
5
5
5
5
5
5
5
5
5
5
5
5
5
5
5
5
5
5
5
5
5
5
5
5
5
5
5
5
5
5
5
5
5
5
5
5
5
5
5
5
5
5
5
5
5
5
5
5
5
5
5
5
5
5
5
5
5
5
5
5
5
5
5
5
5
5
5
5
5
5
5
5
5
5
5
5
5
5
5
5
5
5
5
5
5
5
5
5
5
5
5
5
5
5
5
5
5
5
5
5
5
5
5
5
5
5
5
5
5
5
5
5
5
5
5
5
5
5
5
5
5
5
5
5
5
5
5
5
5
5
5
5
5
5
5
5
5
5
5
5
5
5
5
5
5
5
5
5
5
5
5
5
5
5
5
5
5
5
5
5
5
5
5
5
5
5
5
5
5
5
5
5
5
5
5
5
5
5
5
5
5
5
5
5
5
5
5
5
5
5
5
5
5
5
5
5
5
5
5
5
5
5
5
5
5
5
5
5
5
5
5
5
5
5
5
5
5
5
5
5
5
5
5
5
5
5
5
5
5
5
5
5
5
5
5
5
5
5
5
5
5
5
5
5
5
5
5
5
5
5
5
5
5
5
5
5
5
5
5
5
5
5
5
5
5
5
5
5
5
5
5
5
5
5
5
5
5
5
5
5
5
5
5
5
5
5
5
5
5
5
5
5
5
5
5
5
5
5
5
5
5
5
5
5
5
5
5
5
5
5
5
5
5
5
5
5
5
5
5
5
5
5
5
5
5
5
5
5
5
5
5
5
5
5
5
5
5
5
5
5
5
5
5
5
5
5
5
5
5
5
5
5
5
5
5
5
5
5
5
5
5
5
5
5
5
5
5
5
5
5
5
5
5
5
5
5
POINT_DATA 945
FIELD FieldData 2
VELOCITY 3 945  float
1.0000000e-01 0.0000000e+00 0.0000000e+00 
1.0000196e-01 0.0000000e+00 0.0000000e+00 
1.0000098e-01 0.0000000e+00 0.0000000e+00 
1.0000000e-01 0.0000000e+00 0.0000000e+00 
0.0000000e+00 0.0000000e+00 0.0000000e+00 
0.0000000e+00 0.0000000e+00 0.0000000e+00 
0.0000000e+00 0.0000000e+00 0.0000000e+00 
0.0000000e+00 0.0000000e+00 0.0000000e+00 
0.0000000e+00 0.0000000e+00 0.0000000e+00 
0.0000000e+00 0.0000000e+00 0.0000000e+00 
0.0000000e+00 0.0000000e+00 0.0000000e+00 
0.0000000e+00 0.0000000e+00 0.0000000e+00 
0.0000000e+00 0.0000000e+00 0.0000000e+00 
0.0000000e+00 0.0000000e+00 0.0000000e+00 
0.0000000e+00 0.0000000e+00 0.0000000e+00 
0.0000000e+00 0.0000000e+00 0.0000000e+00 
0.0000000e+00 0.0000000e+00 0.0000000e+00 
0.0000000e+00 0.0000000e+00 0.0000000e+00 
0.0000000e+00 0.0000000e+00 0.0000000e+00 
0.0000000e+00 0.0000000e+00 0.0000000e+00 
0.0000000e+00 0.0000000e+00 0.0000000e+00 
0.0000000e+00 0.0000000e+00 0.0000000e+00 
0.0000000e+00 0.0000000e+00 0.0000000e+00 
0.0000000e+00 0.0000000e+00 0.0000000e+00 
0.0000000e+00 0.0000000e+00 0.0000000e+00 
0.0000000e+00 0.0000000e+00 0.0000000e+00 
0.0000000e+00 0.0000000e+00 0.0000000e+00 
0.0000000e+00 0.0000000e+00 0.0000000e+00 
0.0000000e+00 0.0000000e+00 0.0000000e+00 
0.0000000e+00 0.0000000e+00 0.0000000e+00 
0.0000000e+00 0.0000000e+00 0.0000000e+00 
0.0000000e+00 0.0000000e+00 0.0000000e+00 
0.0000000e+00 0.0000000e+00 0.0000000e+00 
0.0000000e+00 0.0000000e+00 0.0000000e+00 
0.0000000e+00 0.0000000e+00 0.0000000e+00 
0.0000000e+00 0.0000000e+00 0.0000000e+00 
1.0018437e-01 -2.2214323e-27 0.0000000e+00 
1.0076541e-01 -1.2924697e-26 0.0000000e+00 
1.0191561e-01 -1.2924697e-26 0.0000000e+00 
1.0388487e-01 -1.2924697e-26 0.0000000e+00 
1.0691294e-01 -2.5849394e-25 0.0000000e+00 
1.1101659e-01 -2.5849394e-25 0.0000000e+00 
1.1617752e-01 -2.5849394e-25 0.0000000e+00 
1.2191257e-01 1.2407709e-24 0.0000000e+00 
1.2760499e-01 1.5509636e-24 0.0000000e+00 
1.3245881e-01 1.2407709e-24 0.0000000e+00 
1.3598391e-01 1.8740811e-25 0.0000000e+00 
1.3786826e-01 1.8740811e-25 0.0000000e+00 
1.3801619e-01 1.8740811e-25 0.0000000e+00 
1.3634315e-01 2.4815418e-24 0.0000000e+00 
1.3296765e-01 2.4815418e-24 0.0000000e+00 
1.2812978e-01 2.4815418e-24 0.0000000e+00 
1.2272733e-01 2.0679515e-25 0.0000000e+00 
1.1737922e-01 2.0679515e-25 0.0000000e+00 
1.1229546e-01 2.0679515e-25 0.0000000e+00 
1.0809465e-01 -1.0339758e-25 0.0000000e+00 
1.0503318e-01 -1.0339758e-25 0.0000000e+00 
1.0301249e-01 -1.0339758e-25 0.0000000e+00 
1.0174367e-01 -5.1698788e-26 0.0000000e+00 
1.0100318e-01 -5.1698788e-26 0.0000000e+00 
1.0058374e-01 -5.1698788e-26 0.0000000e+00 
1.0033569e-01 -1.2924697e-25 0.0000000e+00 
1.0019432e-01 -1.2924697e-25 0.0000000e+00 
1.0011215e-01 -1.2924697e-25 0.0000000e+00 
1.0006463e-01 2.2618220e-26 0.0000000e+00 
1.0003728e-01 2.2618220e-26 0.0000000e+00 
1.0002171e-01 2.2618220e-26 0.0000000e+00 
1.0001268e-01 1.2495557e-27 0.0000000e+00 
1.0000753e-01 1.2495557e-27 0.0000000e+00 
1.0000456e-01 1.2495557e-27 0.0000000e+00 
1.0000286e-01 2.3224065e-27 0.0000000e+00 
1.0000153e-01 8.4736121e-07 0.0000000e+00 
1.0000084e-01 1.3544628e-06 0.0000000e+00 
9.9999867e-02 1.4570967e-06 0.0000000e+00 
9.9999100e-02 1.0982914e-06 0.0000000e+00 
9.9998668e-02 3.7247096e-07 0.0000000e+00 
9.9998653e-02 -3.9886370e-07 0.0000000e+00 
9.9999264e-02 -9.9336557e-07 0.0000000e+00 
1.0000000e-01 -9.7630254e-07 0.0000000e+00 
1.0000060e-01 -6.5619406e-07 0.0000000e+00 
1.0000169e-01 1.0097420e-28 0.0000000e+00 
1.0000316e-01 -4.5438388e-28 0.0000000e+00 
1.0000587e-01 -4.5438388e-28 0.0000000e+00 
1.0001078e-01 -4.5438388e-28 0.0000000e+00 
1.0001966e-01 8.1789099e-27 0.0000000e+00 
1.0003419e-01 8.1789099e-27 0.0000000e+00 
1.0006089e-01 8.1789099e-27 0.0000000e+00 
1.0010819e-01 -2.5849394e-26 0.0000000e+00 
1.0018735e-01 -2.5849394e-26 0.0000000e+00 
1.0032435e-01 -2.5849394e-26 0.0000000e+00 
1.0056559e-01 2.0679515e-25 0.0000000e+00 
1.0099359e-01 2.0679515e-25 0.0000000e+00 
1.0173044e-01 2.0679515e-25 0.0000000e+00 
1.0297850e-01 2.0679515e-25 0.0000000e+00 
1.0499185e-01 2.0679515e-25 0.0000000e+00 
1.0801645e-01 2.0679515e-25 0.0000000e+00 
1.1218155e-01 -1.0339758e-25 0.0000000e+00 
1.1728700e-01 -1.0339758e-25 0.0000000e+00 
1.2277000e-01 -1.0339758e-25 0.0000000e+00 
1.2821370e-01 1.8611564e-24 0.0000000e+00 
1.3306314e-01 1.8611564e-24 0.0000000e+00 
1.3636597e-01 1.8611564e-24 0.0000000e+00 
1.3805377e-01 -3.6189152e-25 0.0000000e+00 
1.3797066e-01 -3.6189152e-25 0.0000000e+00 
1.3604715e-01 -3.6189152e-25 0.0000000e+00 
1.3240297e-01 5.1698788e-26 0.0000000e+00 
1.2749313e-01 5.1698788e-26 0.0000000e+00 
1.2186506e-01 5.1698788e-26 0.0000000e+00 
1.1618368e-01 1.0339758e-25 0.0000000e+00 
1.1099666e-01 1.0339758e-25 0.0000000e+00 
1.0687435e-01 1.0339758e-25 0.0000000e+00 
1.0381127e-01 0.0000000e+00 0.0000000e+00 
1.0184602e-01 0.0000000e+00 0.0000000e+00 
1.0072772e-01 0.0000000e+00 0.0000000e+00 
1.0015860e-01 9.6935228e-27 0.0000000e+00 
1.0000000e-01 0.0000000e+00 0.0000000e+00 
1.0000000e-01 0.0000000e+00 0.0000000e+00 
1.0000000e-01 0.0000000e+00 0.0000000e+00 
1.0000000e-01 0.0000000e+00 0.0000000e+00 
1.0000000e-01 0.0000000e+00 0.0000000e+00 
1.0000000e-01 0.0000000e+00 0.0000000e+00 
1.0000000e-01 0.0000000e+00 0.0000000e+00 
1.0000000e-01 0.0000000e+00 0.0000000e+00 
1.0000000e-01 0.0000000e+00 0.0000000e+00 
1.0337547e-02 8.6143445e-03 0.0000000e+00 
1.2539357e-01 -4.4869077e-03 0.0000000e+00 
1.3111863e-01 4.3559303e-03 0.0000000e+00 
1.0355996e-01 1.7012043e-03 0.0000000e+00 
1.0021832e-01 1.1398692e-04 0.0000000e+00 
1.0002267e-01 -1.1697651e-05 0.0000000e+00 
1.0455512e-01 -2.8179074e-03 0.0000000e+00 
1.1392465e-01 4.4005504e-03 0.0000000e+00 
1.0480678e-01 2.3989072e-03 0.0000000e+00 
9.9873103e-02 -1.8543114e-04 0.0000000e+00 
1.0116043e-01 -6.2661100e-04 0.0000000e+00 
1.0932417e-01 -3.5956709e-03 0.0000000e+00 
1.0004055e-01 2.3050234e-05 0.0000000e+00 
1.0012583e-01 -6.3074716e-05 0.0000000e+00 
1.3803908e-01 -1.3679584e-03 0.0000000e+00 
9.9998176e-02 1.0449586e-06 0.0000000e+00 
1.3884598e-01 -1.0302346e-04 0.0000000e+00 
1.1911617e-01 4.1477517e-03 0.0000000e+00 
1.1905935e-01 -5.0396100e-03 0.0000000e+00 
1.3528749e-01 3.3438855e-03 0.0000000e+00 
1.0000791e-01 4.7743179e-06 0.0000000e+00 
1.3526198e-01 -3.0373116e-03 0.0000000e+00 
9.9946216e-02 3.9164809e-04 0.0000000e+00 
9.9998422e-02 -1.0193945e-06 0.0000000e+00 
1.0067064e-01 3.3955075e-04 0.0000000e+00 
1.0037114e-01 -1.9776745e-04 0.0000000e+00 
1.0350601e-01 -1.7237506e-03 0.0000000e+00 
1.0000637e-01 -3.9350416e-06 0.0000000e+00 
1.0000724e-01 -4.9067975e-04 0.0000000e+00 
1.0110044e-01 8.2227512e-04 0.0000000e+00 
1.0000037e-01 1.8803348e-06 0.0000000e+00 
1.0104890e-01 -9.5490168e-04 0.0000000e+00 
1.0000060e-01 -1.1769170e-06 0.0000000e+00 
1.0000311e-01 1.4210073e-06 0.0000000e+00 
1.0003953e-01 3.6862851e-04 0.0000000e+00 
1.3786077e-01 -1.5180979e-03 0.0000000e+00 
1.4050585e-01 -1.8284664e-03 0.0000000e+00 
1.4027716e-01 1.1260943e-03 0.0000000e+00 
1.4254406e-01 1.8033589e-04 0.0000000e+00 
1.4292164e-01 -3.3397239e-03 0.0000000e+00 
1.4266096e-01 -5.4146006e-04 0.0000000e+00 
1.3986477e-01 3.4834708e-03 0.0000000e+00 
1.3192390e-01 4.1206777e-03 0.0000000e+00 
1.2710328e-01 7.9837795e-03 0.0000000e+00 
1.0551015e-01 9.1264900e-03 0.0000000e+00 
1.0318454e-01 1.1273448e-02 0.0000000e+00 
7.5694956e-02 1.1010028e-02 0.0000000e+00 
7.4270941e-02 1.2441804e-02 0.0000000e+00 
4.6569783e-02 9.8928744e-03 0.0000000e+00 
4.5652539e-02 1.0984049e-02 0.0000000e+00 
2.0523302e-02 6.9893068e-03 0.0000000e+00 
2.2405263e-02 7.6979334e-03 0.0000000e+00 
5.0724917e-03 3.1891628e-03 0.0000000e+00 
1.0191275e-02 3.0372536e-03 0.0000000e+00 
2.6845347e-02 8.5235890e-03 0.0000000e+00 
1.6626775e-02 2.2732061e-03 0.0000000e+00 
6.1012027e-03 -1.5296097e-03 0.0000000e+00 
3.4405906e-02 9.4500612e-03 0.0000000e+00 
2.5543354e-02 8.9261081e-04 0.0000000e+00 
2.8087317e-03 1.6595719e-04 0.0000000e+00 
-1.1360213e-03 -2.3212538e-03 0.0000000e+00 
4.2958658e-02 1.0289111e-02 0.0000000e+00 
3.7311111e-02 -4.9972720e-04 0.0000000e+00 
1.4408356e-01 -5.0083310e-03 0.0000000e+00 
1.0495514e-01 1.3086146e-02 0.0000000e+00 
5.4149244e-02 1.0677339e-02 0.0000000e+00 
5.1077429e-02 -1.9345934e-03 0.0000000e+00 
1.0725030e-03 -1.1550839e-03 0.0000000e+00 
1.4343622e-02 -5.4611093e-03 0.0000000e+00 
-1.3484223e-03 1.1198779e-03 0.0000000e+00 
6.3217066e-02 8.6937957e-03 0.0000000e+00 
6.5261118e-02 -4.0277080e-03 0.0000000e+00 
7.3846318e-02 6.0172714e-03 0.0000000e+00 
7.6344885e-02 -2.9331320e-03 0.0000000e+00 
8.2592562e-02 4.2835418e-03 0.0000000e+00 
8.4917292e-02 -2.5991148e-03 0.0000000e+00 
8.8847421e-02 2.6099542e-03 0.0000000e+00 
8.8677807e-03 -4.1197049e-03 0.0000000e+00 
3.0167935e-02 -8.0794590e-03 0.0000000e+00 
4.1280396e-02 -1.0273221e-02 0.0000000e+00 
2.6805483e-02 -6.6500930e-03 0.0000000e+00 
5.1416513e-02 -9.7687151e-03 0.0000000e+00 
4.6460412e-02 -8.2593262e-03 0.0000000e+00 
7.6603390e-02 -1.0092143e-02 0.0000000e+00 
7.0165470e-02 -8.7746438e-03 0.0000000e+00 
1.0208105e-01 -8.4680310e-03 0.0000000e+00 
1.0117491e-01 -6.6980058e-03 0.0000000e+00 
1.0433239e-01 -1.0082025e-02 0.0000000e+00 
1.2443393e-01 -4.6549947e-03 0.0000000e+00 
1.2607983e-01 -1.6054820e-03 0.0000000e+00 
9.2586633e-03 -2.8395110e-03 0.0000000e+00 
-4.6479363e-05 1.5136908e-03 0.0000000e+00 
9.1035217e-02 -1.8709827e-03 0.0000000e+00 
9.3279712e-02 1.3914976e-03 0.0000000e+00 
9.5020212e-02 -1.6955610e-03 0.0000000e+00 
9.6240409e-02 6.4727402e-04 0.0000000e+00 
1.3862790e-01 1.2354268e-04 0.0000000e+00 
1.4037801e-01 4.0393732e-03 0.0000000e+00 
4.0794704e-02 -9.3504861e-03 0.0000000e+00 
9.7244129e-02 -1.0428674e-03 0.0000000e+00 
9.7866282e-02 3.1285363e-04 0.0000000e+00 
9.8465964e-02 -6.2910694e-04 0.0000000e+00 
9.8800518e-02 1.3478599e-04 0.0000000e+00 
1.1171227e-01 6.6360189e-03 0.0000000e+00 
9.9149846e-02 -3.7404860e-04 0.0000000e+00 
9.9328116e-02 5.3372110e-05 0.0000000e+00 
9.9520102e-02 -2.1612889e-04 0.0000000e+00 
9.9620350e-02 2.0347205e-05 0.0000000e+00 
-2.2208912e-03 -7.7228673e-04 0.0000000e+00 
9.9733613e-02 -1.2634533e-04 0.0000000e+00 
9.9781752e-02 6.2214231e-06 0.0000000e+00 
9.9852882e-02 -8.2169550e-05 0.0000000e+00 
9.9876896e-02 -2.2527208e-06 0.0000000e+00 
9.9919580e-02 -4.7902457e-05 0.0000000e+00 
9.9930495e-02 -2.9009227e-06 0.0000000e+00 
1.2639672e-01 1.5928558e-03 0.0000000e+00 
1.4176378e-01 8.9654075e-03 0.0000000e+00 
3.0603591e-02 -3.6582814e-03 0.0000000e+00 
8.2389556e-02 -1.1616065e-02 0.0000000e+00 
8.1097618e-02 1.6637711e-02 0.0000000e+00 
4.8383862e-02 8.5465144e-03 0.0000000e+00 
6.7922905e-02 1.6476791e-02 0.0000000e+00 
9.9954896e-02 -2.7649074e-05 0.0000000e+00 
9.9960454e-02 -2.4147644e-06 0.0000000e+00 
9.9974774e-02 -1.6172686e-05 0.0000000e+00 
9.9977478e-02 -1.8127055e-06 0.0000000e+00 
9.9974252e-02 1.1697359e-05 0.0000000e+00 
9.9985085e-02 6.4158457e-06 0.0000000e+00 
9.9923335e-02 3.9608050e-05 0.0000000e+00 
1.3532397e-01 7.1208016e-03 0.0000000e+00 
1.4360759e-01 3.8816712e-03 0.0000000e+00 
9.9986121e-02 -9.5958121e-06 0.0000000e+00 
9.9616989e-02 2.5778468e-04 0.0000000e+00 
1.3657123e-01 -2.8934544e-03 0.0000000e+00 
9.8073818e-02 1.6487646e-03 0.0000000e+00 
9.1209434e-02 7.6549836e-03 0.0000000e+00 
1.3199286e-01 7.5221057e-03 0.0000000e+00 
1.4277986e-01 1.4631433e-02 0.0000000e+00 
1.4389375e-01 1.2734635e-02 0.0000000e+00 
1.4255446e-01 1.7762117e-02 0.0000000e+00 
1.4195742e-01 2.1623375e-02 0.0000000e+00 
1.3963126e-01 2.3243880e-02 0.0000000e+00 
5.1386714e-02 4.0668745e-02 0.0000000e+00 
1.3933575e-01 2.8735276e-02 0.0000000e+00 
1.3467823e-01 2.7768647e-02 0.0000000e+00 
6.0144495e-02 2.1962851e-02 0.0000000e+00 
1.3449851e-01 2.1291623e-02 0.0000000e+00 
1.2912774e-01 2.4128050e-02 0.0000000e+00 
1.2763986e-01 3.2222781e-02 0.0000000e+00 
1.2277278e-01 2.5908839e-02 0.0000000e+00 
1.1910674e-01 3.2568667e-02 0.0000000e+00 
1.1624023e-01 2.5712319e-02 0.0000000e+00 
1.1132392e-01 3.0770445e-02 0.0000000e+00 
2.8553372e-02 3.8132656e-02 0.0000000e+00 
1.1030945e-01 2.3645153e-02 0.0000000e+00 
1.0448799e-01 2.6727771e-02 0.0000000e+00 
1.0553815e-01 2.0548135e-02 0.0000000e+00 
1.0016967e-01 2.1934263e-02 0.0000000e+00 
1.0200227e-01 1.6903648e-02 0.0000000e+00 
9.6705206e-02 1.7493661e-02 0.0000000e+00 
9.9748328e-02 1.2993352e-02 0.0000000e+00 
9.5964678e-02 1.1967277e-02 0.0000000e+00 
9.1647975e-02 1.4442640e-02 0.0000000e+00 
9.2781007e-02 9.5354021e-03 0.0000000e+00 
8.7873548e-02 1.0170661e-02 0.0000000e+00 
9.0169914e-02 6.2195156e-03 0.0000000e+00 
8.5889556e-02 4.8361127e-03 0.0000000e+00 
8.9787468e-02 2.2445393e-03 0.0000000e+00 
8.6191624e-02 -6.0004386e-04 0.0000000e+00 
9.0487018e-02 -1.3719456e-03 0.0000000e+00 
8.8473529e-02 -5.0825132e-03 0.0000000e+00 
9.2453852e-02 -4.2418474e-03 0.0000000e+00 
9.5834129e-02 7.9409759e-03 0.0000000e+00 
9.1792934e-02 -8.0469493e-03 0.0000000e+00 
8.6633459e-02 -1.0379582e-02 0.0000000e+00 
9.2479363e-02 -1.2413845e-02 0.0000000e+00 
8.8439941e-02 -1.7918872e-02 0.0000000e+00 
1.3648768e-02 -2.2737520e-02 0.0000000e+00 
9.4961688e-02 -1.7154051e-02 0.0000000e+00 
9.3321323e-02 -2.3405319e-02 0.0000000e+00 
9.2953406e-02 1.4176622e-03 0.0000000e+00 
9.4858602e-02 -6.0671549e-03 0.0000000e+00 
9.9080749e-02 -2.0882864e-02 0.0000000e+00 
9.9180385e-02 -2.7516004e-02 0.0000000e+00 
4.3481927e-02 -4.4637851e-02 0.0000000e+00 
1.0446727e-01 -2.3157379e-02 0.0000000e+00 
1.0643537e-01 -2.9604783e-02 0.0000000e+00 
6.6615433e-02 -1.3757908e-02 0.0000000e+00 
6.0984455e-02 -3.4461163e-02 0.0000000e+00 
9.9436797e-02 -1.5585564e-02 0.0000000e+00 
9.7408935e-02 2.8845623e-02 0.0000000e+00 
8.1595317e-02 -1.5043820e-02 0.0000000e+00 
1.0617620e-01 1.5319044e-02 0.0000000e+00 
8.1022941e-02 9.6293297e-03 0.0000000e+00 
1.1058448e-01 -2.3264978e-02 0.0000000e+00 
1.1466491e-01 -2.9943908e-02 0.0000000e+00 
1.0800017e-01 -1.8316267e-02 0.0000000e+00 
9.2255645e-02 -3.1772621e-02 0.0000000e+00 
9.5178276e-02 -3.2778066e-03 0.0000000e+00 
9.7209521e-02 -4.6463558e-03 0.0000000e+00 
9.7183064e-02 -2.3668879e-03 0.0000000e+00 
9.8524034e-02 -3.1292341e-03 0.0000000e+00 
1.2953317e-01 1.8177686e-02 0.0000000e+00 
1.3393463e-01 1.5622607e-02 0.0000000e+00 
1.1682726e-01 -2.2045020e-02 0.0000000e+00 
1.2180203e-01 -2.6373930e-02 0.0000000e+00 
1.2142363e-01 -3.3485796e-02 0.0000000e+00 
1.2850869e-01 -3.0093109e-02 0.0000000e+00 
1.2681526e-01 -2.2513548e-02 0.0000000e+00 
1.3307355e-01 -2.3830045e-02 0.0000000e+00 
1.3599615e-01 -2.9661819e-02 0.0000000e+00 
3.2900877e-02 3.5172123e-03 0.0000000e+00 
1.3054854e-01 -1.8118018e-02 0.0000000e+00 
1.3909259e-01 -2.2929262e-02 0.0000000e+00 
1.4085357e-01 -2.6151229e-02 0.0000000e+00 
1.1468267e-01 1.9783286e-02 0.0000000e+00 
1.1285762e-01 3.8645186e-02 0.0000000e+00 
2.0218939e-02 -4.5581474e-03 0.0000000e+00 
9.9988334e-02 1.6188073e-05 0.0000000e+00 
9.9993117e-02 9.2345554e-06 0.0000000e+00 
7.6014519e-02 -7.5393533e-03 0.0000000e+00 
9.6164010e-02 -4.7875978e-03 0.0000000e+00 
1.0908973e-01 8.1008497e-05 0.0000000e+00 
1.4282195e-01 -1.9949084e-02 0.0000000e+00 
1.4095478e-01 -1.7075356e-02 0.0000000e+00 
1.3915244e-01 -1.8324671e-02 0.0000000e+00 
9.9167615e-02 -4.9806740e-03 0.0000000e+00 
1.3682368e-01 -3.3746850e-02 0.0000000e+00 
9.8804817e-02 -1.6557965e-03 0.0000000e+00 
9.9991426e-02 3.5413962e-06 0.0000000e+00 
1.3701554e-01 2.5544699e-02 0.0000000e+00 
1.3590066e-01 3.3980150e-02 0.0000000e+00 
9.9644057e-02 -5.2720204e-04 0.0000000e+00 
1.2612696e-01 2.6449446e-02 0.0000000e+00 
1.2253419e-01 1.6752886e-02 0.0000000e+00 
1.2966040e-01 1.2985085e-02 0.0000000e+00 
9.9968791e-02 -5.8964892e-05 0.0000000e+00 
1.4266637e-01 -6.4296462e-03 0.0000000e+00 
1.4203772e-01 -1.4281542e-02 0.0000000e+00 
1.3068154e-01 -9.9746101e-03 0.0000000e+00 
1.3566840e-01 -7.5150155e-03 0.0000000e+00 
1.1653811e-01 -1.8803362e-03 0.0000000e+00 
9.9905491e-02 -2.0296594e-04 0.0000000e+00 
9.8543547e-02 -1.6871042e-03 0.0000000e+00 
9.7768366e-02 -6.9752784e-04 0.0000000e+00 
1.2515219e-01 -1.7055845e-02 0.0000000e+00 
1.2874591e-01 -1.2997368e-02 0.0000000e+00 
9.9823684e-02 -3.1616907e-03 0.0000000e+00 
1.2494228e-01 1.4616285e-02 0.0000000e+00 
9.9996030e-02 5.2457499e-06 0.0000000e+00 
1.2341279e-01 -1.1987640e-02 0.0000000e+00 
9.9998802e-02 1.4513776e-05 0.0000000e+00 
9.9998526e-02 2.5071873e-05 0.0000000e+00 
9.9991351e-02 -1.9931445e-05 0.0000000e+00 
9.9995218e-02 -1.1017952e-05 0.0000000e+00 
1.2617390e-01 3.7237797e-02 0.0000000e+00 
1.3113210e-01 4.1379787e-02 0.0000000e+00 
1.2250821e-01 4.7318071e-02 0.0000000e+00 
9.9992231e-02 -5.3597028e-06 0.0000000e+00 
9.9997602e-02 -6.1648689e-06 0.0000000e+00 
1.2460319e-01 -1.2415401e-03 0.0000000e+00 
1.0001412e-01 3.5602059e-03 0.0000000e+00 
8.4303990e-02 3.6623380e-03 0.0000000e+00 
6.7603044e-02 6.6034081e-03 0.0000000e+00 
4.8513442e-02 6.2443898e-03 0.0000000e+00 
3.8045924e-02 5.7487502e-03 0.0000000e+00 
5.5724334e-02 7.0225601e-03 0.0000000e+00 
3.0139057e-02 4.8423675e-03 0.0000000e+00 
1.0095532e-01 -4.3673501e-03 0.0000000e+00 
1.0103073e-01 -6.8050721e-03 0.0000000e+00 
1.0000887e-01 1.7158933e-05 0.0000000e+00 
4.6120040e-02 6.8952017e-03 0.0000000e+00 
2.3954239e-02 4.3095690e-03 0.0000000e+00 
1.1981154e-02 1.4832562e-03 0.0000000e+00 
8.5939523e-03 1.5523052e-03 0.0000000e+00 
9.9995308e-02 -2.9297514e-06 0.0000000e+00 
6.0797002e-02 4.9654897e-03 0.0000000e+00 
1.2562121e-01 9.7604962e-03 0.0000000e+00 
1.3456851e-01 1.0412461e-02 0.0000000e+00 
1.3389739e-01 -1.3376547e-02 0.0000000e+00 
9.9998273e-02 -3.6034764e-06 0.0000000e+00 
1.3146368e-01 -9.1592483e-03 0.0000000e+00 
9.8937601e-02 -6.3460437e-04 0.0000000e+00 
9.8630637e-02 2.2234856e-04 0.0000000e+00 
9.9378638e-02 -1.1337590e-03 0.0000000e+00 
9.7062334e-02 8.7847502e-04 0.0000000e+00 
9.8548919e-02 1.4044719e-03 0.0000000e+00 
9.7584620e-02 2.7039151e-03 0.0000000e+00 
9.9019431e-02 2.4358048e-03 0.0000000e+00 
9.8570384e-02 4.4599418e-03 0.0000000e+00 
9.9943109e-02 3.2213905e-03 0.0000000e+00 
1.0044929e-01 5.0664400e-03 0.0000000e+00 
9.9837594e-02 1.8854173e-03 0.0000000e+00 
1.7161116e-03 -7.8785192e-04 0.0000000e+00 
-2.4452328e-04 -2.3611062e-06 0.0000000e+00 
6.7914003e-03 2.1560602e-03 0.0000000e+00 
-2.8700668e-03 -1.0501590e-03 0.0000000e+00 
-4.3468876e-03 -1.8611933e-04 0.0000000e+00 
9.9994928e-02 1.9738732e-06 0.0000000e+00 
1.0122638e-01 3.3333853e-03 0.0000000e+00 
1.2669991e-01 -8.6011458e-03 0.0000000e+00 
-4.2379862e-03 2.8585737e-05 0.0000000e+00 
-4.5741727e-03 1.5623275e-04 0.0000000e+00 
-2.9663111e-03 9.9061965e-04 0.0000000e+00 
-7.8261213e-04 -1.4114151e-04 0.0000000e+00 
1.8402698e-03 5.2440574e-04 0.0000000e+00 
1.0398308e-01 2.3785809e-02 0.0000000e+00 
1.4320359e-01 -1.0187848e-02 0.0000000e+00 
1.2405050e-01 4.6214730e-02 0.0000000e+00 
1.1552751e-01 5.3260326e-02 0.0000000e+00 
1.3564613e-01 -9.2084976e-03 0.0000000e+00 
1.4113139e-01 1.3643727e-02 0.0000000e+00 
1.4258978e-01 9.7227208e-03 0.0000000e+00 
9.9347770e-02 5.9852318e-04 0.0000000e+00 
1.1318238e-01 4.1259979e-03 0.0000000e+00 
8.3018363e-02 -3.2822408e-03 0.0000000e+00 
7.9920582e-02 -5.0449474e-03 0.0000000e+00 
5.2261569e-02 -6.1702873e-03 0.0000000e+00 
8.5799247e-02 -4.4413402e-05 0.0000000e+00 
-4.8492532e-03 1.0134655e-04 0.0000000e+00 
2.9993139e-02 5.9059369e-03 0.0000000e+00 
1.0000271e-01 -1.4620036e-05 0.0000000e+00 
1.0000510e-01 -2.8724056e-05 0.0000000e+00 
7.2343782e-02 7.7478341e-03 0.0000000e+00 
5.2864164e-02 -6.3250302e-03 0.0000000e+00 
2.8534792e-02 -4.7416468e-03 0.0000000e+00 
3.1229153e-02 -4.7195950e-03 0.0000000e+00 
1.3110436e-02 -1.5880020e-03 0.0000000e+00 
1.7389387e-02 -2.6260607e-03 0.0000000e+00 
3.4436051e-02 -5.5002696e-03 0.0000000e+00 
9.9997610e-02 2.7429483e-06 0.0000000e+00 
9.9999845e-02 4.7357967e-06 0.0000000e+00 
-1.1224069e-03 2.2608603e-03 0.0000000e+00 
1.0075096e-01 -2.6288852e-03 0.0000000e+00 
1.0009243e-01 -1.8878016e-03 0.0000000e+00 
1.3397765e-01 1.3395838e-02 0.0000000e+00 
1.0697783e-03 -1.8095159e-03 0.0000000e+00 
1.3480991e-01 -2.7853759e-02 0.0000000e+00 
1.2926993e-01 -3.3617456e-02 0.0000000e+00 
1.3092306e-01 -4.1443888e-02 0.0000000e+00 
1.2013713e-01 -4.1685574e-02 0.0000000e+00 
1.2235826e-01 -4.8965756e-02 0.0000000e+00 
1.2236654e-01 -2.3096640e-02 0.0000000e+00 
8.1813700e-02 -2.3019828e-02 0.0000000e+00 
7.4396908e-02 -1.9630661e-02 0.0000000e+00 
7.5121313e-02 -1.1000919e-02 0.0000000e+00 
6.6144206e-02 -1.3387154e-02 0.0000000e+00 
6.4333737e-02 -2.4646232e-02 0.0000000e+00 
5.3746719e-02 -1.6062379e-02 0.0000000e+00 
5.9487686e-02 -4.3834457e-03 0.0000000e+00 
4.5339536e-02 -2.7879658e-03 0.0000000e+00 
5.5905811e-02 7.6113339e-03 0.0000000e+00 
6.6682823e-02 3.5680179e-03 0.0000000e+00 
6.6247277e-02 1.3227076e-02 0.0000000e+00 
5.7430610e-02 2.0985052e-02 0.0000000e+00 
6.9238737e-02 2.2774097e-02 0.0000000e+00 
6.3771077e-02 3.3260345e-02 0.0000000e+00 
7.5407438e-02 3.0813877e-02 0.0000000e+00 
7.4353874e-02 4.1962367e-02 0.0000000e+00 
7.8885742e-02 2.2051366e-02 0.0000000e+00 
4.8172120e-02 3.1644020e-02 0.0000000e+00 
5.2020110e-02 -3.0829597e-02 0.0000000e+00 
6.6093929e-02 -3.7206322e-02 0.0000000e+00 
5.4480355e-02 -4.5533001e-02 0.0000000e+00 
7.2422937e-02 -4.8657469e-02 0.0000000e+00 
8.4129684e-02 3.6123447e-02 0.0000000e+00 
8.6595312e-02 4.6085827e-02 0.0000000e+00 
7.5951874e-02 5.3538799e-02 0.0000000e+00 
9.1758795e-02 5.5169638e-02 0.0000000e+00 
9.8001041e-02 4.6281364e-02 0.0000000e+00 
7.8197107e-02 -3.8607132e-02 0.0000000e+00 
8.5877717e-02 -4.6693690e-02 0.0000000e+00 
8.3631516e-02 -5.6210641e-02 0.0000000e+00 
9.6602842e-02 -5.1186532e-02 0.0000000e+00 
9.6923783e-02 -5.8286671e-02 0.0000000e+00 
1.0789715e-01 -5.1762398e-02 0.0000000e+00 
1.0393804e-01 -4.4021294e-02 0.0000000e+00 
2.5834139e-03 -1.3698090e-03 0.0000000e+00 
1.0203349e-01 4.9958758e-02 0.0000000e+00 
4.2254586e-02 4.3366902e-02 0.0000000e+00 
1.0000176e-01 -5.1870743e-06 0.0000000e+00 
1.1340090e-01 -4.3569218e-02 0.0000000e+00 
1.3875604e-01 -8.3757646e-04 0.0000000e+00 
1.2612031e-01 -4.2939987e-02 0.0000000e+00 
7.6734751e-02 9.4616562e-03 0.0000000e+00 
9.9480681e-02 5.8436699e-02 0.0000000e+00 
3.0729694e-02 -4.0828452e-02 0.0000000e+00 
5.3870928e-02 -4.1769721e-02 0.0000000e+00 
1.6531860e-02 -4.1192761e-03 0.0000000e+00 
5.3446639e-02 2.5865387e-03 0.0000000e+00 
2.2159833e-03 3.8375238e-05 0.0000000e+00 
6.2325496e-02 -2.3890954e-02 0.0000000e+00 
-1.2954462e-03 -1.3188114e-03 0.0000000e+00 
1.8222604e-02 2.7077129e-02 0.0000000e+00 
1.0270951e-01 5.0946521e-03 0.0000000e+00 
1.0211018e-01 7.4666915e-03 0.0000000e+00 
1.0471907e-01 7.0173005e-03 0.0000000e+00 
4.8080221e-02 -1.7057001e-03 0.0000000e+00 
7.6207094e-02 -2.9516348e-03 0.0000000e+00 
5.3977966e-04 2.0749078e-03 0.0000000e+00 
1.1037626e-02 4.5800465e-03 0.0000000e+00 
1.0304644e-01 -5.1543694e-03 0.0000000e+00 
1.0387703e-01 -8.2073417e-03 0.0000000e+00 
1.0782124e-01 -3.3775030e-03 0.0000000e+00 
1.0370497e-01 3.6314327e-02 0.0000000e+00 
1.3293093e-02 -1.2720411e-02 0.0000000e+00 
1.0364535e-01 -4.8369644e-03 0.0000000e+00 
1.0433920e-01 -4.7832180e-02 0.0000000e+00 
1.0000508e-01 1.0118049e-05 0.0000000e+00 
5.8990907e-02 3.2271706e-02 0.0000000e+00 
1.2113830e-01 1.1223602e-02 0.0000000e+00 
8.0035113e-02 1.7297486e-03 0.0000000e+00 
8.3116844e-02 -4.8778905e-03 0.0000000e+00 
1.3899869e-01 9.9131232e-03 0.0000000e+00 
1.4082818e-01 6.5865256e-03 0.0000000e+00 
8.5126832e-02 1.6018791e-02 0.0000000e+00 
8.9978501e-02 2.1094510e-02 0.0000000e+00 
1.1234067e-01 3.2082279e-03 0.0000000e+00 
1.3838899e-01 -4.1622296e-03 0.0000000e+00 
1.0829656e-01 3.1579796e-03 0.0000000e+00 
1.1341830e-01 4.7325506e-03 0.0000000e+00 
1.0001624e-01 2.9077857e-05 0.0000000e+00 
9.9998862e-02 4.3526721e-05 0.0000000e+00 
1.0831678e-01 -3.2453111e-03 0.0000000e+00 
1.0102890e-01 -1.1061808e-02 0.0000000e+00 
1.0499719e-01 -1.1917725e-02 0.0000000e+00 
1.0730103e-01 -9.0247234e-03 0.0000000e+00 
9.7952776e-02 -7.9773339e-03 0.0000000e+00 
1.0925960e-01 -1.3186049e-02 0.0000000e+00 
1.1176795e-01 -8.8155903e-03 0.0000000e+00 
1.1482325e-01 -1.2123034e-02 0.0000000e+00 
1.3810369e-01 1.2817737e-03 0.0000000e+00 
1.3878256e-01 3.6354985e-03 0.0000000e+00 
1.3571286e-01 2.7038744e-03 0.0000000e+00 
1.3561919e-01 6.9351462e-03 0.0000000e+00 
1.2949088e-01 9.7885327e-03 0.0000000e+00 
1.2698658e-01 1.2394931e-02 0.0000000e+00 
1.1527260e-01 1.5776213e-02 0.0000000e+00 
1.2176019e-01 1.2210549e-02 0.0000000e+00 
1.0707258e-01 1.7148975e-02 0.0000000e+00 
1.1441876e-01 1.3140557e-02 0.0000000e+00 
1.2146579e-01 8.4802080e-03 0.0000000e+00 
1.3890460e-01 2.4174660e-05 0.0000000e+00 
1.4030410e-01 -1.5907191e-03 0.0000000e+00 
1.3834938e-01 -3.9059431e-03 0.0000000e+00 
1.4005236e-01 -4.6853954e-03 0.0000000e+00 
1.3568659e-01 -8.1593739e-03 0.0000000e+00 
1.3527425e-01 -6.1461604e-03 0.0000000e+00 
1.3053049e-01 -1.0816966e-02 0.0000000e+00 
1.2216681e-01 -1.3226772e-02 0.0000000e+00 
1.1538095e-01 -1.5737060e-02 0.0000000e+00 
9.4640687e-02 -1.6240012e-02 0.0000000e+00 
1.2439108e-01 -1.2939204e-02 0.0000000e+00 
1.0694532e-01 -1.7435871e-02 0.0000000e+00 
1.1800206e-01 -1.3999808e-02 0.0000000e+00 
1.0238502e-01 -1.4149308e-02 0.0000000e+00 
9.9482678e-02 -1.7601077e-02 0.0000000e+00 
1.1100656e-01 -1.4514843e-02 0.0000000e+00 
1.4066173e-01 1.1686296e-03 0.0000000e+00 
1.3803503e-01 1.5019259e-03 0.0000000e+00 
1.2885095e-01 -9.9416645e-03 0.0000000e+00 
1.4210682e-01 -7.3762261e-04 0.0000000e+00 
7.5625852e-02 -1.7628044e-02 0.0000000e+00 
1.3475324e-01 -6.7552621e-03 0.0000000e+00 
7.3337920e-02 -1.5104674e-02 0.0000000e+00 
5.9998062e-02 -1.3516370e-02 0.0000000e+00 
5.7693809e-02 -1.4295221e-02 0.0000000e+00 
3.2040052e-02 -9.5773013e-03 0.0000000e+00 
1.0568364e-01 5.2345846e-02 0.0000000e+00 
1.0848624e-01 7.4439752e-03 0.0000000e+00 
1.1347494e-01 9.7334404e-03 0.0000000e+00 
6.0086861e-02 4.5254260e-02 0.0000000e+00 
4.2846296e-02 1.4198537e-02 0.0000000e+00 
1.2914680e-01 -5.2896673e-03 0.0000000e+00 
1.3223478e-01 9.9811228e-03 0.0000000e+00 
1.1506782e-01 1.4505938e-02 0.0000000e+00 
1.0526069e-01 1.6398232e-02 0.0000000e+00 
8.2839824e-02 1.5894189e-02 0.0000000e+00 
1.0505312e-01 1.0389299e-02 0.0000000e+00 
1.0236282e-01 -1.3916623e-03 0.0000000e+00 
9.9853829e-02 1.9389525e-04 0.0000000e+00 
1.0245915e-01 1.3840259e-03 0.0000000e+00 
3.7057865e-02 -1.8014867e-02 0.0000000e+00 
1.3137569e-01 -4.2425888e-03 0.0000000e+00 
1.5821239e-02 2.2569359e-03 0.0000000e+00 
9.9941552e-02 -3.9515906e-04 0.0000000e+00 
1.0581249e-01 -5.6617069e-03 0.0000000e+00 
1.3066012e-01 3.9035180e-03 0.0000000e+00 
1.4429579e-04 -1.6609160e-03 0.0000000e+00 
1.0002315e-01 1.3932951e-05 0.0000000e+00 
7.1840353e-02 1.3311991e-03 0.0000000e+00 
1.8376369e-02 4.3941424e-03 0.0000000e+00 
5.4656431e-02 1.0918637e-02 0.0000000e+00 
5.2657221e-02 -5.8231279e-03 0.0000000e+00 
8.7619178e-02 -1.7742036e-02 0.0000000e+00 
1.1315381e-01 -4.4172583e-03 0.0000000e+00 
7.7008836e-02 5.9825975e-02 0.0000000e+00 
-2.4104768e-03 1.1558384e-03 0.0000000e+00 
1.1060868e-01 -2.7640404e-02 0.0000000e+00 
1.1956775e-01 -4.6815327e-03 0.0000000e+00 
1.1402250e-01 -4.4072447e-03 0.0000000e+00 
1.0902155e-01 -7.9249796e-03 0.0000000e+00 
1.0544549e-01 -5.8754683e-03 0.0000000e+00 
1.0241250e-01 -9.2889732e-03 0.0000000e+00 
1.0073727e-01 -6.4693382e-03 0.0000000e+00 
1.0466729e-01 -1.2756341e-02 0.0000000e+00 
9.5296793e-02 -1.1786422e-02 0.0000000e+00 
1.1407479e-01 -9.3974741e-03 0.0000000e+00 
1.0313942e-01 -4.0184567e-03 0.0000000e+00 
1.0025712e-01 -4.1229082e-03 0.0000000e+00 
1.3716601e-01 6.5814834e-03 0.0000000e+00 
1.0001355e-01 4.7624196e-04 0.0000000e+00 
1.0019964e-01 1.0562489e-03 0.0000000e+00 
9.5966294e-02 -1.0024150e-03 0.0000000e+00 
1.1299862e-01 -1.7261053e-02 0.0000000e+00 
1.1947175e-01 -1.6182261e-02 0.0000000e+00 
1.1924880e-01 -1.0097358e-02 0.0000000e+00 
1.1944532e-01 1.6157867e-02 0.0000000e+00 
7.3588558e-02 7.8135030e-03 0.0000000e+00 
1.4268450e-01 3.4241306e-03 0.0000000e+00 
1.0972476e-01 -5.5311363e-02 0.0000000e+00 
1.0174997e-01 -2.5312700e-03 0.0000000e+00 
1.0007009e-01 -2.4426251e-03 0.0000000e+00 
1.0097390e-01 -1.5160374e-03 0.0000000e+00 
1.0002208e-01 -1.3757504e-03 0.0000000e+00 
1.0053667e-01 -8.5379125e-04 0.0000000e+00 
1.0005172e-01 -3.9790384e-04 0.0000000e+00 
9.7971499e-02 -2.8315657e-03 0.0000000e+00 
9.6133485e-02 -8.2040280e-03 0.0000000e+00 
1.0065372e-01 -3.6002597e-04 0.0000000e+00 
1.0027352e-01 -4.5500169e-04 0.0000000e+00 
1.0017859e-01 -2.5148486e-04 0.0000000e+00 
9.9991508e-02 -3.9460851e-04 0.0000000e+00 
9.9574879e-02 7.1370290e-03 0.0000000e+00 
2.7087938e-02 1.7484842e-03 0.0000000e+00 
1.3392866e-01 3.4547832e-02 0.0000000e+00 
1.0090928e-01 -3.5464436e-02 0.0000000e+00 
1.1516253e-01 4.6445388e-02 0.0000000e+00 
9.9999666e-02 -1.4400756e-06 0.0000000e+00 
1.0934535e-01 3.6160208e-03 0.0000000e+00 
1.0881849e-01 7.9521229e-03 0.0000000e+00 
1.0539182e-01 5.8904900e-03 0.0000000e+00 
1.0271484e-01 9.0025738e-03 0.0000000e+00 
1.0119046e-01 6.1530992e-03 0.0000000e+00 
1.0507268e-01 1.1962191e-02 0.0000000e+00 
1.1401271e-01 9.6316151e-03 0.0000000e+00 
1.0315954e-01 3.9475118e-03 0.0000000e+00 
1.0075398e-01 3.7849781e-03 0.0000000e+00 
9.8263882e-02 4.8024557e-03 0.0000000e+00 
1.0204268e-01 -1.0707087e-03 0.0000000e+00 
9.9999152e-02 1.8353653e-06 0.0000000e+00 
1.0587288e-01 -2.5849470e-03 0.0000000e+00 
9.9997908e-02 -9.3789374e-08 0.0000000e+00 
1.0003021e-01 4.9930488e-05 0.0000000e+00 
1.0000098e-01 7.5941047e-05 0.0000000e+00 
1.0005487e-01 8.6140164e-05 0.0000000e+00 
1.0000600e-01 1.3230329e-04 0.0000000e+00 
9.9947035e-02 9.0679408e-05 0.0000000e+00 
9.9914052e-02 1.6098229e-04 0.0000000e+00 
1.0001832e-01 2.2958477e-04 0.0000000e+00 
9.9861860e-02 2.8802548e-04 0.0000000e+00 
1.0004812e-01 4.0129255e-04 0.0000000e+00 
9.9782534e-02 5.1897462e-04 0.0000000e+00 
1.0011769e-01 7.0239336e-04 0.0000000e+00 
9.9664204e-02 9.3821017e-04 0.0000000e+00 
1.0026092e-01 1.2264771e-03 0.0000000e+00 
9.9481665e-02 1.6601337e-03 0.0000000e+00 
1.0047854e-01 2.1672652e-03 0.0000000e+00 
1.0107549e-01 1.3222381e-03 0.0000000e+00 
9.9340811e-02 4.8328098e-04 0.0000000e+00 
9.9868499e-02 7.4838012e-05 0.0000000e+00 
9.9967621e-02 5.0779607e-05 0.0000000e+00 
1.7889434e-02 3.6951220e-03 0.0000000e+00 
1.0006960e-01 -3.8653165e-05 0.0000000e+00 
1.0005831e-01 -8.9772024e-05 0.0000000e+00 
1.0002735e-01 -4.7700167e-05 0.0000000e+00 
1.0037993e-01 1.9416760e-04 0.0000000e+00 
1.0012598e-01 6.5674212e-05 0.0000000e+00 
1.0001250e-01 -6.9210241e-06 0.0000000e+00 
1.0004026e-01 -2.0151281e-05 0.0000000e+00 
9.9983148e-02 -3.3445958e-05 0.0000000e+00 
1.0000087e-01 -9.1067568e-06 0.0000000e+00 
1.0000315e-01 -2.4511826e-06 0.0000000e+00 
9.9944942e-02 -1.0392682e-04 0.0000000e+00 
1.0000798e-01 -1.4931275e-04 0.0000000e+00 
9.9980474e-02 2.8593709e-05 0.0000000e+00 
9.9999227e-02 8.3159157e-06 0.0000000e+00 
1.0000062e-01 -2.5442341e-06 0.0000000e+00 
9.6679404e-02 4.6963603e-03 0.0000000e+00 
9.5630839e-02 2.4499926e-03 0.0000000e+00 
9.9955596e-02 2.1437572e-05 0.0000000e+00 
1.0000493e-01 2.6103496e-06 0.0000000e+00 
1.0000248e-01 3.2284161e-06 0.0000000e+00 
1.0015029e-01 -9.5387793e-04 0.0000000e+00 
1.0588033e-01 2.5980519e-03 0.0000000e+00 
9.9987276e-02 -1.2822953e-06 0.0000000e+00 
9.9776104e-02 1.3822125e-04 0.0000000e+00 
6.2643968e-02 -5.5608034e-02 0.0000000e+00 
1.0511371e-01 3.5934698e-02 0.0000000e+00 
9.9992506e-02 -7.5670079e-07 0.0000000e+00 
3.5408970e-02 6.4534163e-03 0.0000000e+00 
2.0015199e-02 5.0305375e-03 0.0000000e+00 
-1.1550243e-03 2.2502118e-03 0.0000000e+00 
9.3681924e-02 3.7437800e-02 0.0000000e+00 
9.8871432e-02 9.0261432e-04 0.0000000e+00 
8.7279126e-02 1.0909120e-02 0.0000000e+00 
9.9997059e-02 -1.3697494e-06 0.0000000e+00 
9.9377789e-02 -9.2623557e-04 0.0000000e+00 
1.2171976e-01 3.9463263e-02 0.0000000e+00 
1.3807492e-01 -1.3106983e-02 0.0000000e+00 
9.9518076e-02 -1.0126528e-05 0.0000000e+00 
1.2071037e-01 -9.4750747e-03 0.0000000e+00 
1.3566740e-01 -2.4668081e-03 0.0000000e+00 
9.6243471e-02 -1.6333504e-02 0.0000000e+00 
7.6022227e-03 -1.5906553e-03 0.0000000e+00 
8.3137460e-02 1.4111040e-02 0.0000000e+00 
1.0000307e-01 5.8916967e-06 0.0000000e+00 
7.4469037e-02 -2.9103573e-02 0.0000000e+00 
9.4813786e-02 -9.4713271e-03 0.0000000e+00 
5.7149674e-03 2.6586998e-04 0.0000000e+00 
1.0007215e-01 3.8854425e-05 0.0000000e+00 
1.2481383e-01 4.2504091e-03 0.0000000e+00 
9.9864334e-02 -9.9018670e-04 0.0000000e+00 
1.0035100e-01 -5.6222943e-04 0.0000000e+00 
9.9861734e-02 9.8062272e-04 0.0000000e+00 
1.0050996e-01 1.8819873e-03 0.0000000e+00 
5.6636829e-02 4.2488035e-03 0.0000000e+00 
1.3188457e-01 -3.6071934e-02 0.0000000e+00 
1.0002828e-01 -7.3311722e-04 0.0000000e+00 
-1.6463452e-03 8.3414873e-04 0.0000000e+00 
1.0035411e-01 5.2669848e-04 0.0000000e+00 
1.0942848e-01 1.2599520e-02 0.0000000e+00 
1.0021963e-01 -1.0583013e-04 0.0000000e+00 
1.0000160e-01 1.7019900e-06 0.0000000e+00 
1.0012599e-01 1.6384110e-02 0.0000000e+00 
8.6163945e-02 1.8677363e-02 0.0000000e+00 
1.4099027e-01 3.3118697e-03 0.0000000e+00 
1.0866988e-01 -1.1880701e-02 0.0000000e+00 
7.4964568e-02 -1.2886127e-02 0.0000000e+00 
6.9917038e-02 -4.4952342e-03 0.0000000e+00 
9.0440176e-02 -5.5959310e-02 0.0000000e+00 
-2.9630475e-03 -4.8307690e-04 0.0000000e+00 
1.0000181e-01 -1.1517650e-06 0.0000000e+00 
1.0944204e-01 -3.6487591e-02 0.0000000e+00 
9.9996701e-02 6.5242068e-07 0.0000000e+00 
1.4389361e-01 -9.6353972e-03 0.0000000e+00 
1.0009633e-01 1.4744009e-04 0.0000000e+00 
1.2461296e-01 2.0020002e-02 0.0000000e+00 
1.0001353e-01 8.1241333e-06 0.0000000e+00 
9.9364311e-02 -2.0916925e-03 0.0000000e+00 
9.3413003e-02 4.9855509e-03 0.0000000e+00 
1.4414604e-01 7.9897437e-03 0.0000000e+00 
2.0091949e-02 -3.6890202e-03 0.0000000e+00 
1.3919578e-01 3.8389417e-03 0.0000000e+00 
9.9378407e-02 1.4073357e-03 0.0000000e+00 
1.3612086e-01 -1.8138411e-02 0.0000000e+00 
1.0215811e-01 1.0110240e-03 0.0000000e+00 
2.7243031e-02 -7.5229644e-03 0.0000000e+00 
1.2718852e-01 -8.4635867e-03 0.0000000e+00 
9.9754222e-02 -2.9494695e-04 0.0000000e+00 
8.3595872e-02 -3.0544782e-02 0.0000000e+00 
9.6565381e-02 -4.2750537e-03 0.0000000e+00 
1.0017218e-01 2.5248699e-04 0.0000000e+00 
9.6929744e-02 -1.2064461e-02 0.0000000e+00 
5.5827551e-02 5.3673737e-02 0.0000000e+00 
1.0186617e-01 1.3207568e-02 0.0000000e+00 
1.3852480e-01 1.7556544e-02 0.0000000e+00 
1.4086277e-02 -3.6064554e-03 0.0000000e+00 
1.4247485e-01 -5.8037979e-03 0.0000000e+00 
1.2162383e-01 1.0579866e-02 0.0000000e+00 
1.4365730e-01 -1.4790043e-02 0.0000000e+00 
8.4829234e-02 6.4240741e-03 0.0000000e+00 
7.6057144e-02 1.5274864e-02 0.0000000e+00 
7.9627834e-02 -1.1730044e-02 0.0000000e+00 
1.0323206e-01 -1.7939437e-02 0.0000000e+00 
8.5407924e-03 2.8890241e-03 0.0000000e+00 
1.2538968e-01 4.1418881e-03 0.0000000e+00 
7.3511750e-02 1.3531747e-02 0.0000000e+00 
8.4309824e-02 2.6861247e-02 0.0000000e+00 
9.0984687e-02 2.8689692e-02 0.0000000e+00 
1.0190513e-01 2.3222293e-03 0.0000000e+00 
3.8889989e-02 -6.6391686e-03 0.0000000e+00 
1.1949985e-01 2.1406407e-02 0.0000000e+00 
1.1402602e-01 1.4829808e-02 0.0000000e+00 
1.3378409e-01 6.3683828e-03 0.0000000e+00 
9.9098124e-02 2.8541840e-03 0.0000000e+00 
1.2295649e-01 -6.9814343e-03 0.0000000e+00 
1.0206272e-01 -3.1502605e-03 0.0000000e+00 
1.2397414e-01 -4.4570686e-03 0.0000000e+00 
4.9577683e-02 1.2286149e-02 0.0000000e+00 
9.9516414e-02 -4.8573324e-04 0.0000000e+00 
1.2980077e-01 8.0126785e-03 0.0000000e+00 
1.1956446e-01 4.3540429e-03 0.0000000e+00 
2.9541051e-02 2.3488088e-02 0.0000000e+00 
9.3663409e-02 -1.2457627e-03 0.0000000e+00 
1.0031580e-01 4.3725333e-04 0.0000000e+00 
1.1007818e-01 1.7768398e-02 0.0000000e+00 
1.4256446e-01 4.5851769e-04 0.0000000e+00 
7.6224051e-02 -5.8964882e-02 0.0000000e+00 
1.0010745e-01 -1.5054012e-04 0.0000000e+00 
9.6540712e-02 2.9339348e-03 0.0000000e+00 
2.7525464e-02 -5.3789001e-03 0.0000000e+00 
-1.2428978e-03 -1.9827224e-03 0.0000000e+00 
1.1795529e-01 -4.8582733e-02 0.0000000e+00 
1.2847701e-01 3.9432157e-02 0.0000000e+00 
9.5230706e-02 -4.1903447e-02 0.0000000e+00 
1.3340105e-01 -5.9037185e-03 0.0000000e+00 
2.3881065e-02 -7.6115555e-03 0.0000000e+00 
1.2174193e-01 -2.0428061e-02 0.0000000e+00 
1.0729904e-01 4.4257522e-02 0.0000000e+00 
3.4082554e-02 -3.3276543e-02 0.0000000e+00 
9.9999748e-02 2.8643674e-06 0.0000000e+00 
1.0057504e-01 7.4524921e-04 0.0000000e+00 
5.0914843e-02 1.3323382e-02 0.0000000e+00 
9.8220825e-02 9.3783084e-03 0.0000000e+00 
-2.9594717e-03 9.0959418e-04 0.0000000e+00 
4.5742840e-02 -4.8221992e-03 0.0000000e+00 
1.2367970e-01 -1.2199021e-02 0.0000000e+00 
1.0000097e-01 -8.2886509e-05 0.0000000e+00 
5.1730550e-03 2.8197733e-03 0.0000000e+00 
7.7230684e-02 -4.5455107e-03 0.0000000e+00 
5.1790535e-02 -1.1114911e-02 0.0000000e+00 
1.1599648e-01 9.2468299e-03 0.0000000e+00 
1.0136187e-01 1.9061167e-03 0.0000000e+00 
4.0498760e-02 4.1560292e-02 0.0000000e+00 
1.3085350e-01 -8.4643699e-03 0.0000000e+00 
1.0115241e-01 5.3598499e-04 0.0000000e+00 
-2.9492262e-03 -6.1418203e-04 0.0000000e+00 
4.5994422e-03 -1.8721580e-03 0.0000000e+00 
6.0305228e-03 2.0932833e-04 0.0000000e+00 
1.1559138e-01 -8.0963438e-03 0.0000000e+00 
9.4230659e-02 4.7793533e-03 0.0000000e+00 
1.0055673e-01 -1.4921454e-03 0.0000000e+00 
8.6972795e-02 -7.9306113e-03 0.0000000e+00 
7.3374115e-02 8.6142489e-04 0.0000000e+00 
7.7404954e-02 -6.4175338e-03 0.0000000e+00 
9.9997029e-02 -4.9313559e-05 0.0000000e+00 
9.9698812e-02 6.8054069e-04 0.0000000e+00 
1.3225897e-01 -1.1849732e-03 0.0000000e+00 
1.7905489e-02 3.8664434e-03 0.0000000e+00 
8.7171778e-02 -3.7874620e-02 0.0000000e+00 
1.3980927e-01 -8.1173247e-03 0.0000000e+00 
8.8292621e-02 8.4048109e-03 0.0000000e+00 
6.1889723e-02 8.3052749e-03 0.0000000e+00 
9.9995203e-02 -4.8878866e-07 0.0000000e+00 
5.3038739e-02 -6.8063675e-03 0.0000000e+00 
1.0007475e-01 -1.8375828e-04 0.0000000e+00 
9.7604081e-02 -3.2166921e-02 0.0000000e+00 
1.0007456e-01 1.6233855e-04 0.0000000e+00 
9.7697511e-02 7.7143228e-03 0.0000000e+00 
1.0293620e-01 1.3177346e-02 0.0000000e+00 
1.0109311e-01 1.0128172e-02 0.0000000e+00 
1.4171803e-01 -1.2590496e-02 0.0000000e+00 
9.3597598e-02 -1.3599102e-02 0.0000000e+00 
9.9998742e-02 -2.0520008e-06 0.0000000e+00 
8.2227483e-02 5.3059176e-02 0.0000000e+00 
8.5193478e-02 2.1186629e-02 0.0000000e+00 
-3.7798916e-03 -4.2644923e-04 0.0000000e+00 
1.0000227e-01 7.5581067e-07 0.0000000e+00 
1.4322810e-01 6.3451137e-03 0.0000000e+00 
1.0002018e-01 -2.3093146e-05 0.0000000e+00 
9.7580381e-02 1.4403772e-02 0.0000000e+00 
1.4024363e-01 -2.9164366e-03 0.0000000e+00 
1.0000118e-01 -5.8850031e-07 0.0000000e+00 
2.8113037e-02 7.2310353e-03 0.0000000e+00 
5.3989306e-02 -7.4747615e-03 0.0000000e+00 
1.0002913e-01 -2.3731001e-04 0.0000000e+00 
1.1657907e-02 -2.0467478e-03 0.0000000e+00 
1.2175420e-01 -9.1935638e-03 0.0000000e+00 
1.1697657e-01 1.1930730e-02 0.0000000e+00 
1.1144231e-01 -1.2509189e-02 0.0000000e+00 
1.1589981e-01 -3.6824021e-02 0.0000000e+00 
9.7445540e-02 1.1151598e-02 0.0000000e+00 
1.3810429e-01 6.3784206e-03 0.0000000e+00 
1.2066302e-01 -4.0537473e-02 0.0000000e+00 
1.3730679e-01 1.3123246e-02 0.0000000e+00 
1.2248094e-01 -8.0489358e-03 0.0000000e+00 
9.6396655e-03 -1.3051889e-03 0.0000000e+00 
1.0301951e-01 3.0229562e-03 0.0000000e+00 
5.4923978e-02 -1.0925891e-02 0.0000000e+00 
9.5239654e-02 2.2865597e-02 0.0000000e+00 
1.0032353e-01 6.2448839e-03 0.0000000e+00 
1.0060772e-01 1.2054304e-03 0.0000000e+00 
9.0884745e-02 -5.5369665e-03 0.0000000e+00 
1.0919276e-01 -6.3291523e-03 0.0000000e+00 
1.0127665e-01 -1.8952811e-03 0.0000000e+00 
1.0746260e-01 1.3835185e-02 0.0000000e+00 
1.0001116e-01 -1.5128080e-05 0.0000000e+00 
8.0820054e-02 -9.3808537e-03 0.0000000e+00 
3.0231928e-03 1.2445203e-03 0.0000000e+00 
1.2617092e-01 -3.6754269e-02 0.0000000e+00 
1.2722388e-01 7.5640287e-03 0.0000000e+00 
1.0245134e-01 -3.0784765e-03 0.0000000e+00 
1.4095594e-01 -4.5742732e-03 0.0000000e+00 
9.6057221e-02 1.7922780e-02 0.0000000e+00 
9.5015228e-02 1.5184462e-02 0.0000000e+00 
9.5860504e-02 -1.3226647e-02 0.0000000e+00 
1.3406871e-01 1.8250979e-02 0.0000000e+00 
1.2150501e-01 7.4828919e-03 0.0000000e+00 
1.2771299e-01 1.0887191e-02 0.0000000e+00 
8.8087298e-02 -2.5533073e-02 0.0000000e+00 
1.0175629e-01 7.7993958e-03 0.0000000e+00 
8.2568333e-02 1.4597983e-03 0.0000000e+00 
9.9688649e-02 -7.1783306e-04 0.0000000e+00 
5.9441354e-02 -1.4638770e-02 0.0000000e+00 
1.0536387e-01 4.4711214e-03 0.0000000e+00 
1.0000077e-01 2.9506418e-06 0.0000000e+00 
1.0298167e-01 -1.4348490e-02 0.0000000e+00 
1.0581452e-01 -1.5108729e-02 0.0000000e+00 
1.2343535e-01 2.8645464e-03 0.0000000e+00 
9.4981283e-02 6.4433919e-04 0.0000000e+00 
1.1714914e-01 8.0160182e-03 0.0000000e+00 
9.7418934e-02 6.3129906e-03 0.0000000e+00 
1.0000584e-01 -8.4488211e-06 0.0000000e+00 
1.3635497e-01 -6.0724937e-03 0.0000000e+00 
8.4501700e-03 3.9863731e-03 0.0000000e+00 
1.3736466e-01 -5.3616762e-03 0.0000000e+00 
1.1051292e-02 -3.6275478e-03 0.0000000e+00 
2.6376439e-02 -5.3905924e-03 0.0000000e+00 
1.3201566e-01 -3.0878566e-03 0.0000000e+00 
1.3359693e-01 -2.0714786e-02 0.0000000e+00 
PRESSURE 1 945  float
2.9844291e+00
0.0000000e+00
0.0000000e+00
2.9845555e+00
-4.1866865e+00
-4.2996082e+00
-4.6445704e+00
-5.1559801e+00
-5.7143788e+00
-6.3351884e+00
-6.9001107e+00
-7.1776543e+00
-6.9956913e+00
-5.9427013e+00
-4.1381526e+00
-1.5016043e+00
1.5440814e+00
4.4960060e+00
6.9759135e+00
8.7441053e+00
9.2821875e+00
8.7410364e+00
7.0928512e+00
4.5436835e+00
1.5094004e+00
-1.4879808e+00
-4.0482869e+00
-5.9497194e+00
-6.8953919e+00
-7.2451568e+00
-6.8897691e+00
-6.3006601e+00
-5.7196336e+00
-5.1722288e+00
-4.6197491e+00
-4.2849545e+00
2.9789276e+00
2.9204073e+00
2.8070273e+00
2.6118307e+00
2.2760394e+00
1.8398356e+00
1.2501354e+00
5.7594955e-01
-1.3504262e-01
-8.0476868e-01
-1.2891514e+00
-1.6003107e+00
-1.6949875e+00
-1.5941859e+00
-1.3256854e+00
-9.9121934e-01
-6.6878790e-01
-4.0652478e-01
-2.3908605e-01
-1.2864523e-01
-6.7866772e-02
-3.2281149e-02
-1.8826194e-02
-4.9434993e-03
-3.4052066e-03
-1.0408057e-03
-4.1528023e-04
-2.4512403e-05
6.9824520e-05
1.2507316e-04
1.0367033e-04
8.1473583e-05
5.2603482e-05
3.2392443e-05
7.2729586e-06
0.0000000e+00
0.0000000e+00
0.0000000e+00
0.0000000e+00
0.0000000e+00
0.0000000e+00
0.0000000e+00
0.0000000e+00
0.0000000e+00
-9.3266917e-06
-2.7318445e-05
-2.4963505e-05
-3.5036286e-05
-5.4676340e-05
-3.3770204e-05
-3.4939236e-04
-4.2710884e-04
-6.5831788e-04
-1.6112700e-03
-4.2984113e-03
-8.8465018e-03
-1.7360918e-02
-3.4586865e-02
-6.6435508e-02
-1.2841927e-01
-2.3525602e-01
-4.0957153e-01
-6.6485715e-01
-9.8799819e-01
-1.3322462e+00
-1.5899580e+00
-1.6901320e+00
-1.6037697e+00
-1.2760978e+00
-7.8118253e-01
-1.3231169e-01
5.8246011e-01
1.2534647e+00
1.8409020e+00
2.2881083e+00
2.6134524e+00
2.8155129e+00
2.9238229e+00
2.9803910e+00
3.0033195e+00
3.0499051e+00
3.1054966e+00
3.1587884e+00
3.1784472e+00
3.1598039e+00
3.1082497e+00
3.0498462e+00
3.0031576e+00
8.5372314e+00
-8.2290876e-01
-1.1919030e+00
-4.1499324e-02
-6.9666887e-04
-8.2585109e-05
2.5495999e+00
-3.0351192e-01
2.5190315e+00
3.1762438e+00
-1.0047021e-02
-1.6289119e-01
5.3814038e-05
-5.4609298e-04
-1.7197429e+00
8.0238715e-06
-1.7334166e+00
9.0181553e-01
9.2395639e-01
-1.1728100e+00
4.8156082e-05
-1.1625342e+00
3.1326346e+00
-9.5693858e-06
-4.1710245e-03
-2.2431146e-03
-4.2802248e-02
-2.9139981e-05
3.0785441e+00
2.8973112e+00
4.6065056e-06
2.9025283e+00
-1.5965043e-05
2.1558879e-05
3.0220101e+00
-1.5584389e+00
-1.8954563e+00
-1.9493874e+00
-2.2504148e+00
-2.2363279e+00
-2.6801465e+00
-2.5689015e+00
-3.0969427e+00
-2.8074877e+00
-3.3486574e+00
-2.9586782e+00
-3.3000612e+00
-2.9263952e+00
-3.1998010e+00
-2.7971809e+00
-3.0381212e+00
-2.5934560e+00
-2.8457685e+00
-2.3528962e+00
-2.1238334e+00
-1.8560888e+00
-2.6310198e+00
-1.6613628e+00
-1.3320882e+00
-5.2484593e+00
-4.4684887e+00
-1.1185437e+00
-7.9434687e-01
-2.6589875e+00
-2.5313644e+00
-6.4295870e-01
-4.5751166e-01
-3.0419211e+00
-2.9048638e+00
-4.2604265e+00
-2.7449328e-01
-1.2446512e-01
-4.0070239e-02
-3.3060543e-02
1.2168900e-02
3.2550044e-02
3.6623247e-02
-3.3254523e+00
-3.1634555e+00
-2.8123145e+00
-3.5186343e+00
-3.3653295e+00
-3.6640649e+00
-3.4761295e+00
-3.8056052e+00
-3.4793978e+00
-3.7847514e+00
-3.1597919e+00
-3.3692675e+00
-3.5934603e+00
-5.6149364e+00
-4.8185263e+00
1.6890718e-02
2.9104333e-02
3.3577926e-02
2.6161117e-02
-3.0922446e+00
-3.2397618e+00
-1.1850336e+00
9.7585097e-03
1.1328888e-02
7.3608463e-03
6.3125324e-03
-3.5452309e+00
2.9030507e-03
2.6961977e-03
1.1327321e-03
7.9334382e-04
-3.3940680e+00
-2.8991376e-04
4.8286663e-04
4.1381200e-04
2.6652939e-04
-1.4352439e-04
3.6826772e-05
-3.8898625e+00
-3.3139188e+00
-6.5870452e+00
-1.3374543e-01
-5.2084160e-01
-3.5913095e+00
-1.4679778e+00
-1.1396606e-04
-1.8601186e-05
-5.7812063e-05
-2.7503747e-05
1.9219360e-05
-3.1964049e-07
2.1683449e-04
-2.4301202e+00
-2.7116714e+00
-4.1287243e-05
1.8852844e-03
-2.9342093e+00
1.4803144e-02
4.2812089e-03
-3.9952486e+00
-3.2659576e+00
-2.6788819e+00
-2.4420006e+00
-3.1612742e+00
-2.0116866e+00
-8.1232779e-02
-2.5004139e+00
-1.3834575e+00
-4.7737384e+00
-1.1612877e+00
-5.0946242e-01
-5.6534630e-01
2.3086971e-01
5.0856882e-01
1.0157188e+00
1.4756445e+00
5.2806478e+00
1.7344655e+00
2.3058126e+00
2.3378806e+00
2.8764882e+00
2.7762175e+00
3.3069758e+00
3.0467467e+00
3.4526002e+00
3.8469224e+00
3.8214540e+00
4.2469082e+00
4.0665054e+00
4.4627409e+00
4.1385713e+00
4.4488525e+00
4.0602670e+00
4.2298861e+00
3.8708961e+00
3.4994268e+00
3.8870454e+00
4.3312211e+00
3.7963307e+00
4.0775228e+00
7.3982229e+00
3.4956932e+00
3.4930346e+00
3.8304775e+00
3.6239715e+00
2.9950342e+00
2.8170848e+00
2.7719550e+00
2.3877499e+00
2.0156095e+00
-5.9250321e+00
-2.5930183e+00
3.0346234e+00
2.9663830e+00
4.7059112e+00
2.3397055e+00
4.8123512e+00
1.7196240e+00
1.0988251e+00
2.0875032e+00
3.3694224e+00
3.6181598e+00
3.4014659e+00
3.4241107e+00
3.2688146e+00
-4.7040185e-01
-1.0089824e+00
1.0454131e+00
3.3691412e-01
1.8116875e-01
-6.1499673e-01
-2.1203691e-01
-1.0571098e+00
-1.7224083e+00
-6.5548935e+00
-6.2223452e-01
-1.9384701e+00
-2.9373174e+00
1.3026845e+00
9.8151672e-01
-3.8376839e+00
4.0196450e-05
1.9266530e-05
-4.0843334e+00
2.6413592e-02
-4.4396939e+00
-2.7451308e+00
-2.0723498e+00
-3.6972706e+00
3.1663661e+00
-2.6632314e+00
6.1365082e-03
-4.2619340e-06
-3.6893985e+00
-3.0277579e+00
1.6426952e-03
-4.4117131e+00
-4.7203689e+00
-4.4790125e-01
2.9239200e-05
-2.1762898e+00
-3.3716409e+00
-4.1758976e+00
-3.7466588e+00
-4.3441095e+00
1.2720838e-03
3.2865512e+00
3.3799675e+00
8.8785835e-02
-3.1958356e-01
3.1001744e+00
1.3502121e-01
1.4124485e-05
-4.5961566e+00
5.3772572e-05
7.6479824e-05
-6.2116014e-06
-6.1701605e-05
-3.6762998e+00
-2.1885433e+00
-2.4067998e+00
-5.3382020e-05
-4.0025912e-05
-3.9299786e+00
-4.3267856e+00
-4.8388925e+00
-4.5563235e+00
-5.0097375e+00
-4.6559386e+00
-4.3368077e+00
-4.3802528e+00
2.9559414e+00
2.9521580e+00
5.9942460e-05
-4.1256938e+00
-4.1427875e+00
-4.3541036e+00
-4.1182237e+00
-1.8479557e-05
-5.2970533e+00
8.4433816e-02
-1.0597872e+00
-1.0018485e+00
-2.1219032e-05
-6.5886009e-01
3.2657123e+00
3.3001354e+00
3.1996982e+00
3.4471855e+00
3.2944379e+00
3.3744717e+00
3.2209852e+00
3.2473896e+00
3.0908909e+00
3.0195408e+00
3.1128454e+00
-4.2692103e+00
-4.0543118e+00
-3.9024372e+00
-4.1663628e+00
-4.0000582e+00
-6.8921696e-07
2.9208899e+00
-3.8425505e-02
-4.1135097e+00
-3.9845545e+00
-4.1486769e+00
-4.0016785e+00
-4.1975398e+00
-5.1742568e+00
-3.1094122e+00
-1.0261282e+00
-7.7426547e-01
-1.2085079e+00
-2.0148683e+00
-2.2106268e+00
3.2213132e+00
-4.6853871e+00
-4.9579453e+00
-4.6535349e+00
-5.0028172e+00
-5.3999195e+00
-3.8139582e+00
-5.5103073e+00
-3.4429464e-05
4.8878002e-05
-4.0492949e+00
-4.6200118e+00
-4.8432722e+00
-4.5037045e+00
-4.6325541e+00
-4.3599291e+00
-4.2164984e+00
4.9631931e-06
2.3751752e-05
-4.3397489e+00
2.9743633e+00
3.0703645e+00
-4.0965328e+00
-3.6197269e+00
-3.6943491e+00
-3.7622614e+00
-2.3300946e+00
-3.4416642e+00
-1.7183124e+00
-4.6473069e+00
4.5236816e+00
5.1999602e+00
5.3023853e+00
5.8901196e+00
5.7783861e+00
6.5974445e+00
6.3814960e+00
7.1674027e+00
6.5901451e+00
5.9467344e+00
5.9189935e+00
6.3308153e+00
5.5264482e+00
5.5782347e+00
4.8240509e+00
4.4748430e+00
4.7816343e+00
6.4911885e+00
6.3123617e+00
5.2502775e+00
5.4196129e+00
4.2053790e+00
3.9691529e+00
3.2895353e+00
3.5144076e+00
2.1203611e+00
2.2370980e+00
4.3262901e+00
3.3202116e+00
2.6451898e+00
2.0405586e+00
8.6591661e-01
7.3068380e-01
1.7493104e+00
-4.5199785e+00
-2.5179126e+00
2.6485839e+00
-3.6092722e-05
6.9275528e-01
-3.1385067e+00
-1.0844349e+00
-3.5876870e+00
6.2626228e-02
5.4777737e+00
-9.4307952e-02
-6.2514181e+00
-6.5472112e+00
-5.1580882e+00
-4.6202240e+00
-4.2751169e+00
7.3499179e+00
2.7537541e+00
2.8360841e+00
2.5311160e+00
-6.5502419e+00
-6.0186362e+00
-3.2393863e+00
-3.4159818e+00
2.7233212e+00
2.6441073e+00
-4.8388500e+00
2.1164713e+00
8.3553028e+00
-4.0351610e+00
-2.8552766e+00
4.5384731e-05
-2.6921229e+00
6.4319098e-01
4.9492517e+00
4.6831269e+00
-1.6604997e+00
-1.9214886e+00
4.3962693e+00
3.8857849e+00
-3.9734688e+00
-1.5774643e+00
2.1493521e+00
1.5647886e+00
6.3667867e-05
1.0787445e-04
2.1506474e+00
2.9252484e+00
2.4751108e+00
2.2414360e+00
3.2829204e+00
1.9915465e+00
1.7547668e+00
1.3655452e+00
-1.7315490e+00
-1.8423399e+00
-1.5505852e+00
-1.6326435e+00
-1.2441710e+00
-1.6507864e+00
-1.2068172e+00
-9.1814715e-01
-7.9672414e-01
-5.8799917e-01
-6.7635733e-01
-1.7475677e+00
-1.9576732e+00
-1.8006048e+00
-2.2182784e+00
-1.9298458e+00
-1.5932151e+00
-1.6142850e+00
-1.9853814e+00
-1.5755945e+00
-1.9794329e+00
-1.2213113e+00
-1.0908142e+00
-8.5880256e-01
-2.4192903e+00
-6.7269790e-01
-5.1645291e-01
-1.9240160e+00
-1.5843072e+00
-2.4141316e+00
-2.2784765e+00
-9.7043985e-01
-2.5862942e+00
-4.0258548e-01
-2.3846161e+00
-1.8591526e+00
-2.1053593e+00
9.6095407e-01
2.1080494e+00
1.5626823e+00
5.1619139e+00
7.2022901e+00
-3.5189214e-01
-1.9392354e+00
-2.0498760e+00
-1.6610329e+00
-2.0655215e+00
2.5027497e+00
2.7722406e+00
3.1772738e+00
2.7576277e+00
7.3822670e+00
-1.2190713e+00
-4.6507740e+00
3.1340432e+00
2.4123185e+00
-5.4881471e-01
-4.7897406e+00
7.1460228e-05
-6.0297437e+00
-6.2184687e+00
-6.0654955e+00
-5.4318728e+00
-1.5076146e+00
1.6136874e+00
1.6225086e+00
-3.5637422e+00
-4.8849955e+00
-5.2004677e-01
-3.0776906e-01
-1.9535020e-01
-8.3942898e-02
-8.7847717e-02
-2.0641549e-02
-2.0968419e-01
-8.7393582e-02
-3.6941066e-01
-4.5667212e-02
-6.3458853e-03
-1.4216141e+00
3.0759823e+00
3.0333869e+00
3.5576913e+00
1.5474396e+00
7.9360598e-01
8.6679417e-01
7.9372704e-01
5.4387927e+00
-2.2122664e+00
-8.1334001e-01
-1.7405739e-02
3.1117781e-03
-8.5419845e-03
1.2703558e-03
-3.6283392e-03
3.0216041e+00
6.6267098e-03
-8.7008653e-03
-5.1049846e-03
-1.9454736e-03
-5.2709575e-04
2.7408183e-04
3.1203561e+00
7.9853277e+00
-1.6198586e+00
2.3899832e+00
2.7450600e-01
7.4511001e-07
-1.6346613e-01
-1.8520108e-01
-8.9246675e-02
-8.9993864e-02
-3.3965655e-02
-2.2611329e-01
-3.8167128e-01
-4.1514929e-02
-9.7277593e-03
9.8168999e-03
-2.1131061e-02
1.3852421e-06
-8.5433200e-02
3.2958592e-06
5.0624738e-05
1.4987531e-04
-1.8832807e-05
2.5424291e-04
2.9882428e-04
5.6320551e-04
3.5674020e-04
1.0930226e-03
3.8389806e-04
1.9584654e-03
-1.1460569e-04
3.1191749e-03
-1.6180536e-03
5.3473869e-03
-4.8196190e-03
-9.7369943e-03
4.1486588e-03
3.5760720e-04
1.7013632e-04
-5.0728693e+00
-3.9205674e-04
-4.0403299e-04
-1.4301809e-04
-1.7508584e-03
-1.9509623e-04
-7.5753647e-05
-1.3129752e-04
-7.6534125e-05
-2.4504669e-05
-3.7402482e-05
1.4688128e-05
-7.0517656e-04
8.3948747e-05
3.7333248e-05
-1.1117577e-05
3.4666636e+00
3.5857224e+00
6.7690147e-05
3.5982375e-05
2.5654514e-05
3.0370803e+00
-8.4196649e-02
-2.3310760e-05
8.7395759e-04
3.7000976e+00
-4.1967893e+00
-2.3298866e-05
-3.9026742e+00
-3.7080874e+00
-4.4547300e+00
3.0685978e+00
7.7721933e-03
-4.8795439e-02
-1.2523325e-05
3.2246339e-03
-1.4204736e-01
-1.5766383e+00
3.2200236e+00
-6.6848558e-01
-1.5414571e+00
-3.4166235e-01
-4.0303001e+00
-2.2044933e-01
3.2603890e-05
4.9543490e+00
3.5970149e+00
-4.4202223e+00
-2.0257554e-05
2.0387371e-01
3.1221433e+00
2.9696581e+00
3.1202836e+00
2.9991419e+00
-5.8789387e+00
-1.4371141e+00
6.3463801e-04
-3.8225782e+00
2.9689596e+00
1.9827121e+00
-8.5926329e-04
5.0898038e-06
-4.4593599e-01
-9.6058387e-01
-2.1585507e+00
-2.7623944e+00
-2.8173456e+00
5.6837883e+00
-8.8666975e-01
-3.8228018e+00
-1.1685912e-05
1.4720638e+00
-9.2427354e-06
-2.4360726e+00
-1.7189678e-04
1.2795220e-01
6.9092268e-05
3.1751540e+00
3.7940378e+00
-2.7446458e+00
-4.0956035e+00
-1.7010634e+00
3.1914539e+00
-1.3656631e+00
-2.0577285e-02
-1.6751463e+00
-1.0299766e+00
4.4556201e-04
4.2059479e+00
-5.3580136e+00
-7.0112938e-04
3.3603361e+00
4.0926924e+00
-5.4335899e+00
-1.6535867e+00
-2.1585462e+00
-3.0791574e+00
-2.5715740e+00
-2.6576331e+00
-4.2235990e+00
5.1564264e+00
-3.1254926e+00
2.6214077e+00
-5.6703715e+00
-8.1657130e-01
-2.5534863e+00
4.2592940e+00
3.6292195e+00
-1.9513670e-02
-3.9528530e+00
7.0915192e-01
1.4461598e+00
-9.4419396e-01
8.0496706e-03
-3.1052697e+00
2.8129039e+00
3.1834310e-01
-2.3678961e+00
3.2017524e+00
-4.2544743e-01
-5.0884426e-01
7.5139036e+00
3.7647176e+00
-1.7603080e-03
1.8594450e+00
-2.6296196e+00
1.4141901e+00
-5.7921268e-04
2.3131875e-02
-5.2540708e+00
-4.3234510e+00
-3.5456893e-01
-1.1198764e+00
2.7566788e+00
-9.1275120e-01
-2.5220604e+00
4.4997627e-01
1.3577237e+00
6.8422017e+00
3.1018135e-05
-4.0990938e-03
-1.9331430e+00
3.2436006e+00
-4.2035046e+00
-5.9723878e+00
3.2170475e-01
2.6909293e-05
-3.6845686e+00
5.1655660e+00
-7.0515835e-01
-4.8184514e+00
2.8842909e+00
6.1289759e+00
-1.3296326e+00
-8.5716359e-03
-4.2117100e+00
-3.8417907e+00
-4.8322077e+00
1.3132119e+00
2.4529360e-02
2.9774172e+00
2.4341201e-02
5.4377809e+00
-4.3476639e+00
-1.2130231e-04
3.1714907e+00
-3.5579093e+00
-3.9495201e+00
3.6140916e+00
-1.7814139e+00
-3.7232652e+00
-3.8781207e+00
-1.3491845e-05
-4.3220835e+00
2.9923458e+00
-4.5452347e+00
2.9920433e+00
-1.4962406e-02
2.7188230e+00
2.9278133e+00
-2.1124871e+00
-5.7087159e+00
-1.4569149e-05
-8.8396120e-01
4.3676400e+00
-3.6379027e+00
5.4850229e-06
-2.3316653e+00
-1.7319267e-04
-1.9797114e-01
-2.5757957e+00
-9.0811227e-06
-3.3992531e+00
-4.0694323e+00
-7.2863721e-04
-4.9909563e+00
-2.8140621e+00
1.1326443e+00
-5.1492572e+00
6.8495715e-01
-6.9176599e-02
-2.0990059e+00
-6.7831151e-02
-1.4532735e+00
4.8629066e-01
-4.2268796e+00
2.7120719e+00
-3.0661957e+00
3.3102582e+00
-3.8794637e+00
2.9619100e+00
2.2347325e-02
2.0380476e+00
2.8912909e+00
-3.7835088e-01
-1.8057665e-04
4.8497672e+00
-4.6563182e+00
-5.8766484e-01
-9.9681902e-01
-4.2739811e+00
-1.9283394e+00
-1.3139722e+00
-2.2738218e+00
-1.3971919e-01
-4.0700679e+00
6.0185254e-01
-2.2603374e+00
3.9585490e+00
-5.3221493e+00
-5.3230910e+00
3.1681092e+00
-1.4198242e+00
2.4540856e+00
2.1136127e-06
2.7067976e+00
2.3801413e+00
-3.5844102e+00
3.6410930e+00
1.1243826e+00
3.3497717e+00
-3.8609156e-05
-1.3200674e+00
-3.1417096e+00
-3.5007789e+00
-3.6295877e+00
-5.6944671e+00
-7.2277260e-01
-4.0962343e+00
CELL_DATA 1766
FIELD FieldData 0
