# vtk DataFile Version 4.0
vtk output
ASCII
DATASET UNSTRUCTURED_GRID
POINTS 945 float
0.0000000e+00 0.0000000e+00 0.0000000e+00 
2.0000000e+00 0.0000000e+00 0.0000000e+00 
2.0000000e+00 6.0000002e-01 0.0000000e+00 
0.0000000e+00 6.0000002e-01 0.0000000e+00 
5.6000000e-01 3.0000001e-01 0.0000000e+00 
5.5884713e-01 2.8829461e-01 0.0000000e+00 
5.5543280e-01 2.7703899e-01 0.0000000e+00 
5.4988819e-01 2.6666579e-01 0.0000000e+00 
5.4242641e-01 2.5757360e-01 0.0000000e+00 
5.3333420e-01 2.5011179e-01 0.0000000e+00 
5.2296102e-01 2.4456720e-01 0.0000000e+00 
5.1170540e-01 2.4115290e-01 0.0000000e+00 
5.0000000e-01 2.3999999e-01 0.0000000e+00 
4.8829460e-01 2.4115290e-01 0.0000000e+00 
4.7703901e-01 2.4456720e-01 0.0000000e+00 
4.6666580e-01 2.5011179e-01 0.0000000e+00 
4.5757359e-01 2.5757360e-01 0.0000000e+00 
4.5011181e-01 2.6666579e-01 0.0000000e+00 
4.4456720e-01 2.7703899e-01 0.0000000e+00 
4.4115290e-01 2.8829461e-01 0.0000000e+00 
4.4000000e-01 3.0000001e-01 0.0000000e+00 
4.4115290e-01 3.1170541e-01 0.0000000e+00 
4.4456720e-01 3.2296100e-01 0.0000000e+00 
4.5011181e-01 3.3333421e-01 0.0000000e+00 
4.5757359e-01 3.4242639e-01 0.0000000e+00 
4.6666580e-01 3.4988821e-01 0.0000000e+00 
4.7703901e-01 3.5543281e-01 0.0000000e+00 
4.8829460e-01 3.5884711e-01 0.0000000e+00 
5.0000000e-01 3.6000001e-01 0.0000000e+00 
5.1170540e-01 3.5884711e-01 0.0000000e+00 
5.2296102e-01 3.5543281e-01 0.0000000e+00 
5.3333420e-01 3.4988821e-01 0.0000000e+00 
5.4242641e-01 3.4242639e-01 0.0000000e+00 
5.4988819e-01 3.3333421e-01 0.0000000e+00 
5.5543280e-01 3.2296100e-01 0.0000000e+00 
5.5884713e-01 3.1170541e-01 0.0000000e+00 
5.9016321e-02 0.0000000e+00 0.0000000e+00 
1.1803260e-01 0.0000000e+00 0.0000000e+00 
1.7704900e-01 0.0000000e+00 0.0000000e+00 
2.3587100e-01 0.0000000e+00 0.0000000e+00 
2.9085249e-01 0.0000000e+00 0.0000000e+00 
3.4144861e-01 0.0000000e+00 0.0000000e+00 
3.8872591e-01 0.0000000e+00 0.0000000e+00 
4.3368599e-01 0.0000000e+00 0.0000000e+00 
4.7725680e-01 0.0000000e+00 0.0000000e+00 
5.2034539e-01 0.0000000e+00 0.0000000e+00 
5.6386721e-01 0.0000000e+00 0.0000000e+00 
6.0872579e-01 0.0000000e+00 0.0000000e+00 
6.5584701e-01 0.0000000e+00 0.0000000e+00 
7.0623368e-01 0.0000000e+00 0.0000000e+00 
7.6094180e-01 0.0000000e+00 0.0000000e+00 
8.1967372e-01 0.0000000e+00 0.0000000e+00 
8.7868989e-01 0.0000000e+00 0.0000000e+00 
9.3770629e-01 0.0000000e+00 0.0000000e+00 
9.9672258e-01 0.0000000e+00 0.0000000e+00 
1.0557390e+00 0.0000000e+00 0.0000000e+00 
1.1147550e+00 0.0000000e+00 0.0000000e+00 
1.1737720e+00 0.0000000e+00 0.0000000e+00 
1.2327880e+00 0.0000000e+00 0.0000000e+00 
1.2918040e+00 0.0000000e+00 0.0000000e+00 
1.3508210e+00 0.0000000e+00 0.0000000e+00 
1.4098370e+00 0.0000000e+00 0.0000000e+00 
1.4688530e+00 0.0000000e+00 0.0000000e+00 
1.5278690e+00 0.0000000e+00 0.0000000e+00 
1.5868860e+00 0.0000000e+00 0.0000000e+00 
1.6459020e+00 0.0000000e+00 0.0000000e+00 
1.7049180e+00 0.0000000e+00 0.0000000e+00 
1.7639350e+00 0.0000000e+00 0.0000000e+00 
1.8229510e+00 0.0000000e+00 0.0000000e+00 
1.8819669e+00 0.0000000e+00 0.0000000e+00 
1.9409840e+00 0.0000000e+00 0.0000000e+00 
2.0000000e+00 5.9999999e-02 0.0000000e+00 
2.0000000e+00 1.2000000e-01 0.0000000e+00 
2.0000000e+00 1.8000001e-01 0.0000000e+00 
2.0000000e+00 2.3999999e-01 0.0000000e+00 
2.0000000e+00 3.0000001e-01 0.0000000e+00 
2.0000000e+00 3.6000001e-01 0.0000000e+00 
2.0000000e+00 4.1999999e-01 0.0000000e+00 
2.0000000e+00 4.7999999e-01 0.0000000e+00 
2.0000000e+00 5.4000002e-01 0.0000000e+00 
1.9409840e+00 6.0000002e-01 0.0000000e+00 
1.8819669e+00 6.0000002e-01 0.0000000e+00 
1.8229510e+00 6.0000002e-01 0.0000000e+00 
1.7639350e+00 6.0000002e-01 0.0000000e+00 
1.7049180e+00 6.0000002e-01 0.0000000e+00 
1.6459020e+00 6.0000002e-01 0.0000000e+00 
1.5868860e+00 6.0000002e-01 0.0000000e+00 
1.5278690e+00 6.0000002e-01 0.0000000e+00 
1.4688530e+00 6.0000002e-01 0.0000000e+00 
1.4098370e+00 6.0000002e-01 0.0000000e+00 
1.3508210e+00 6.0000002e-01 0.0000000e+00 
1.2918040e+00 6.0000002e-01 0.0000000e+00 
1.2327880e+00 6.0000002e-01 0.0000000e+00 
1.1737720e+00 6.0000002e-01 0.0000000e+00 
1.1147550e+00 6.0000002e-01 0.0000000e+00 
1.0557390e+00 6.0000002e-01 0.0000000e+00 
9.9672258e-01 6.0000002e-01 0.0000000e+00 
9.3770629e-01 6.0000002e-01 0.0000000e+00 
8.7868989e-01 6.0000002e-01 0.0000000e+00 
8.1967372e-01 6.0000002e-01 0.0000000e+00 
7.6094180e-01 6.0000002e-01 0.0000000e+00 
7.0623368e-01 6.0000002e-01 0.0000000e+00 
6.5584701e-01 6.0000002e-01 0.0000000e+00 
6.0872579e-01 6.0000002e-01 0.0000000e+00 
5.6386721e-01 6.0000002e-01 0.0000000e+00 
5.2034539e-01 6.0000002e-01 0.0000000e+00 
4.7725680e-01 6.0000002e-01 0.0000000e+00 
4.3368599e-01 6.0000002e-01 0.0000000e+00 
3.8872591e-01 6.0000002e-01 0.0000000e+00 
3.4144861e-01 6.0000002e-01 0.0000000e+00 
2.9085249e-01 6.0000002e-01 0.0000000e+00 
2.3587100e-01 6.0000002e-01 0.0000000e+00 
1.7704900e-01 6.0000002e-01 0.0000000e+00 
1.1803260e-01 6.0000002e-01 0.0000000e+00 
5.9016321e-02 6.0000002e-01 0.0000000e+00 
0.0000000e+00 5.4000002e-01 0.0000000e+00 
0.0000000e+00 4.7999999e-01 0.0000000e+00 
0.0000000e+00 4.1999999e-01 0.0000000e+00 
0.0000000e+00 3.6000001e-01 0.0000000e+00 
0.0000000e+00 3.0000001e-01 0.0000000e+00 
0.0000000e+00 2.3999999e-01 0.0000000e+00 
0.0000000e+00 1.8000001e-01 0.0000000e+00 
0.0000000e+00 1.2000000e-01 0.0000000e+00 
0.0000000e+00 5.9999999e-02 0.0000000e+00 
4.3026751e-01 3.0683401e-01 0.0000000e+00 
8.4908241e-01 5.5269438e-01 0.0000000e+00 
7.8790653e-01 5.1802918e-02 0.0000000e+00 
1.1430219e+00 5.0576471e-02 0.0000000e+00 
1.4415160e+00 5.0573289e-02 0.0000000e+00 
1.6754100e+00 5.5038619e-01 0.0000000e+00 
2.6041579e-01 5.2875768e-02 0.0000000e+00 
9.6895182e-01 5.0380111e-02 0.0000000e+00 
2.6302171e-01 5.5612308e-01 0.0000000e+00 
5.5065349e-02 2.6500449e-01 0.0000000e+00 
1.2615570e+00 5.4759312e-01 0.0000000e+00 
1.0253479e+00 5.4886931e-01 0.0000000e+00 
1.6201590e+00 5.4130111e-02 0.0000000e+00 
1.4979730e+00 5.5115038e-01 0.0000000e+00 
6.7900127e-01 5.5979192e-01 0.0000000e+00 
1.9463980e+00 2.6800990e-01 0.0000000e+00 
6.3145077e-01 3.8099781e-02 0.0000000e+00 
4.1331020e-01 5.6811810e-01 0.0000000e+00 
4.1231820e-01 3.8809739e-02 0.0000000e+00 
5.4410732e-01 5.6000441e-01 0.0000000e+00 
1.7962800e+00 5.9606131e-02 0.0000000e+00 
5.4468262e-01 3.7558820e-02 0.0000000e+00 
4.9130220e-02 3.9247900e-01 0.0000000e+00 
1.9509200e+00 3.8997239e-01 0.0000000e+00 
1.3233820e+00 4.9667731e-02 0.0000000e+00 
1.3821890e+00 5.4839480e-01 0.0000000e+00 
1.1434870e+00 5.4837209e-01 0.0000000e+00 
1.7959980e+00 5.4855859e-01 0.0000000e+00 
4.9401909e-02 1.5067521e-01 0.0000000e+00 
1.4989950e-01 5.5529898e-01 0.0000000e+00 
1.9519399e+00 1.5339760e-01 0.0000000e+00 
1.4754079e-01 5.1025499e-02 0.0000000e+00 
1.9506550e+00 5.1069498e-01 0.0000000e+00 
1.9114760e+00 5.1109631e-02 0.0000000e+00 
4.9216151e-02 5.0927132e-01 0.0000000e+00 
5.8710063e-01 3.6655251e-02 0.0000000e+00 
6.0428280e-01 7.4787550e-02 0.0000000e+00 
6.4929068e-01 7.4443869e-02 0.0000000e+00 
6.2715179e-01 1.0633790e-01 0.0000000e+00 
5.9329480e-01 1.0799770e-01 0.0000000e+00 
6.0949302e-01 1.3488390e-01 0.0000000e+00 
6.4123279e-01 1.3555969e-01 0.0000000e+00 
6.2006623e-01 1.6328260e-01 0.0000000e+00 
6.5316749e-01 1.6381399e-01 0.0000000e+00 
6.3351321e-01 1.8958050e-01 0.0000000e+00 
6.6427898e-01 1.8941709e-01 0.0000000e+00 
6.4933020e-01 2.1180780e-01 0.0000000e+00 
6.7645937e-01 2.1359310e-01 0.0000000e+00 
6.6097301e-01 2.3410480e-01 0.0000000e+00 
6.8796802e-01 2.3757669e-01 0.0000000e+00 
6.7103261e-01 2.5876111e-01 0.0000000e+00 
6.9990993e-01 2.6214910e-01 0.0000000e+00 
6.8101048e-01 2.8387409e-01 0.0000000e+00 
7.1248281e-01 2.8716281e-01 0.0000000e+00 
7.2971261e-01 2.6349890e-01 0.0000000e+00 
7.4486363e-01 2.9076719e-01 0.0000000e+00 
6.9556361e-01 3.0985960e-01 0.0000000e+00 
7.6406652e-01 2.6318431e-01 0.0000000e+00 
7.8114778e-01 2.9619500e-01 0.0000000e+00 
5.5403137e-01 2.5565761e-01 0.0000000e+00 
5.6691158e-01 2.7902979e-01 0.0000000e+00 
8.0246252e-01 2.6402649e-01 0.0000000e+00 
8.2167560e-01 3.0103979e-01 0.0000000e+00 
5.7978672e-01 1.3316999e-01 0.0000000e+00 
6.9627529e-01 1.8651520e-01 0.0000000e+00 
8.4832448e-01 2.6130950e-01 0.0000000e+00 
8.6857778e-01 3.0716091e-01 0.0000000e+00 
6.6883779e-01 3.0851370e-01 0.0000000e+00 
6.8001598e-01 3.3176759e-01 0.0000000e+00 
5.6956083e-01 3.0685109e-01 0.0000000e+00 
8.9643359e-01 2.6652190e-01 0.0000000e+00 
9.1803229e-01 3.1445420e-01 0.0000000e+00 
9.4838840e-01 2.6944679e-01 0.0000000e+00 
9.7196358e-01 3.1528941e-01 0.0000000e+00 
1.0020620e+00 2.7188951e-01 0.0000000e+00 
1.0263140e+00 3.1974381e-01 0.0000000e+00 
1.0557370e+00 2.7577680e-01 0.0000000e+00 
6.5179992e-01 3.3081001e-01 0.0000000e+00 
6.6418201e-01 3.5163379e-01 0.0000000e+00 
6.8745148e-01 3.5866591e-01 0.0000000e+00 
6.4083183e-01 3.5175639e-01 0.0000000e+00 
6.5020132e-01 3.7057751e-01 0.0000000e+00 
6.2925631e-01 3.6861771e-01 0.0000000e+00 
6.3750827e-01 3.8906679e-01 0.0000000e+00 
6.1479098e-01 3.8505989e-01 0.0000000e+00 
6.2451601e-01 4.0700281e-01 0.0000000e+00 
6.0271370e-01 4.0461549e-01 0.0000000e+00 
6.4791143e-01 4.1049060e-01 0.0000000e+00 
6.1149168e-01 4.2533240e-01 0.0000000e+00 
5.8940130e-01 4.2314041e-01 0.0000000e+00 
5.4590571e-01 3.5405469e-01 0.0000000e+00 
5.5933821e-01 3.3214769e-01 0.0000000e+00 
1.0820900e+00 3.2265610e-01 0.0000000e+00 
1.1129040e+00 2.7988619e-01 0.0000000e+00 
1.1385900e+00 3.3131590e-01 0.0000000e+00 
1.1718310e+00 2.8342861e-01 0.0000000e+00 
5.9854919e-01 4.4447681e-01 0.0000000e+00 
5.7566178e-01 4.4153079e-01 0.0000000e+00 
8.0048358e-01 3.3398119e-01 0.0000000e+00 
1.1962050e+00 3.3624330e-01 0.0000000e+00 
1.2286429e+00 2.8668931e-01 0.0000000e+00 
1.2540359e+00 3.3862561e-01 0.0000000e+00 
1.2863950e+00 2.8994620e-01 0.0000000e+00 
6.1140192e-01 1.8628950e-01 0.0000000e+00 
1.3121480e+00 3.4238011e-01 0.0000000e+00 
1.3446890e+00 2.9366851e-01 0.0000000e+00 
1.3705840e+00 3.4558439e-01 0.0000000e+00 
1.4032860e+00 2.9774809e-01 0.0000000e+00 
6.4617378e-01 3.0788270e-01 0.0000000e+00 
1.4291511e+00 3.4956750e-01 0.0000000e+00 
1.4618640e+00 3.0163100e-01 0.0000000e+00 
1.4877310e+00 3.5457411e-01 0.0000000e+00 
1.5206050e+00 3.0603161e-01 0.0000000e+00 
1.5464530e+00 3.5889450e-01 0.0000000e+00 
1.5793800e+00 3.1008351e-01 0.0000000e+00 
5.6763572e-01 4.1851109e-01 0.0000000e+00 
5.5408603e-01 4.3793961e-01 0.0000000e+00 
5.2029008e-01 3.6688760e-01 0.0000000e+00 
9.4794089e-01 3.6647639e-01 0.0000000e+00 
8.7384099e-01 2.2074890e-01 0.0000000e+00 
6.3348472e-01 2.3041780e-01 0.0000000e+00 
7.8118002e-01 2.2578520e-01 0.0000000e+00 
1.6052290e+00 3.6304700e-01 0.0000000e+00 
1.6382140e+00 3.1413361e-01 0.0000000e+00 
1.6641290e+00 3.6722910e-01 0.0000000e+00 
1.6971480e+00 3.1819481e-01 0.0000000e+00 
1.6712240e+00 2.6505721e-01 0.0000000e+00 
1.7302210e+00 2.6912081e-01 0.0000000e+00 
1.5534170e+00 2.5684619e-01 0.0000000e+00 
6.7181969e-01 1.4093800e-01 0.0000000e+00 
5.8596748e-01 4.6394360e-01 0.0000000e+00 
1.7230920e+00 3.7133509e-01 0.0000000e+00 
1.3771909e+00 2.4454120e-01 0.0000000e+00 
6.2249678e-01 4.4700289e-01 0.0000000e+00 
1.2033920e+00 2.3449400e-01 0.0000000e+00 
1.0287880e+00 2.3015590e-01 0.0000000e+00 
5.4669750e-01 4.1895449e-01 0.0000000e+00 
5.3373671e-01 4.3515179e-01 0.0000000e+00 
5.4073101e-01 4.5481020e-01 0.0000000e+00 
5.1996583e-01 4.5137540e-01 0.0000000e+00 
5.1387292e-01 4.2921981e-01 0.0000000e+00 
4.9935541e-01 4.4742331e-01 0.0000000e+00 
4.5565760e-01 3.5403141e-01 0.0000000e+00 
4.9349809e-01 4.2846820e-01 0.0000000e+00 
4.7935709e-01 4.4358870e-01 0.0000000e+00 
4.7970989e-01 3.6688760e-01 0.0000000e+00 
4.8592600e-01 4.6396780e-01 0.0000000e+00 
4.6443069e-01 4.5930001e-01 0.0000000e+00 
4.5825541e-01 4.3536639e-01 0.0000000e+00 
4.4286779e-01 4.5335940e-01 0.0000000e+00 
4.3592349e-01 4.3169260e-01 0.0000000e+00 
4.2123440e-01 4.4813421e-01 0.0000000e+00 
4.1462469e-01 4.2622849e-01 0.0000000e+00 
4.3825611e-01 3.3387709e-01 0.0000000e+00 
3.9864141e-01 4.4291711e-01 0.0000000e+00 
3.9200109e-01 4.1997111e-01 0.0000000e+00 
3.7504819e-01 4.3754801e-01 0.0000000e+00 
3.6926591e-01 4.1456231e-01 0.0000000e+00 
3.5052001e-01 4.3156540e-01 0.0000000e+00 
3.4640020e-01 4.0321410e-01 0.0000000e+00 
3.2338160e-01 4.2558259e-01 0.0000000e+00 
3.1625420e-01 3.9745620e-01 0.0000000e+00 
3.3599329e-01 3.7658459e-01 0.0000000e+00 
3.0888751e-01 3.6996761e-01 0.0000000e+00 
3.2846531e-01 3.5015899e-01 0.0000000e+00 
3.0453789e-01 3.4228960e-01 0.0000000e+00 
3.2241219e-01 3.2376000e-01 0.0000000e+00 
2.9612821e-01 3.1610900e-01 0.0000000e+00 
3.1577420e-01 2.9729351e-01 0.0000000e+00 
2.8885421e-01 2.8886101e-01 0.0000000e+00 
3.0968001e-01 2.6928011e-01 0.0000000e+00 
2.8137040e-01 2.6060769e-01 0.0000000e+00 
2.8570160e-01 3.8790971e-01 0.0000000e+00 
3.0315241e-01 2.4067999e-01 0.0000000e+00 
3.3230671e-01 2.5245121e-01 0.0000000e+00 
3.2487640e-01 2.2290690e-01 0.0000000e+00 
3.5372531e-01 2.3027760e-01 0.0000000e+00 
4.3461740e-01 2.7961159e-01 0.0000000e+00 
3.4512779e-01 2.0528039e-01 0.0000000e+00 
3.6950600e-01 2.1069451e-01 0.0000000e+00 
2.6638910e-01 3.1392881e-01 0.0000000e+00 
2.7405229e-01 2.3109850e-01 0.0000000e+00 
3.6342499e-01 1.8842390e-01 0.0000000e+00 
3.8558939e-01 1.9589300e-01 0.0000000e+00 
4.4520050e-01 2.5469631e-01 0.0000000e+00 
3.8103029e-01 1.7263541e-01 0.0000000e+00 
4.0200421e-01 1.8057050e-01 0.0000000e+00 
4.9249741e-01 2.2787590e-01 0.0000000e+00 
4.6605590e-01 2.3826469e-01 0.0000000e+00 
3.3931601e-01 1.7988220e-01 0.0000000e+00 
3.8745371e-01 3.9799151e-01 0.0000000e+00 
3.5741779e-01 2.5419459e-01 0.0000000e+00 
3.5627639e-01 4.5751181e-01 0.0000000e+00 
3.4765261e-01 3.3191890e-01 0.0000000e+00 
3.9811629e-01 1.5518570e-01 0.0000000e+00 
4.2193061e-01 1.6662900e-01 0.0000000e+00 
3.7476501e-01 1.4610679e-01 0.0000000e+00 
3.9139041e-01 2.1633980e-01 0.0000000e+00 
2.5018540e-01 2.5338060e-01 0.0000000e+00 
2.4227400e-01 2.1673180e-01 0.0000000e+00 
2.1296521e-01 2.4632980e-01 0.0000000e+00 
2.0310380e-01 2.0643540e-01 0.0000000e+00 
4.7074649e-01 4.8204380e-01 0.0000000e+00 
4.9385741e-01 4.8678511e-01 0.0000000e+00 
4.1766569e-01 1.3875820e-01 0.0000000e+00 
4.3951231e-01 1.4885530e-01 0.0000000e+00 
4.4284999e-01 1.6929220e-01 0.0000000e+00 
4.6074921e-01 1.5907930e-01 0.0000000e+00 
4.5701310e-01 1.3411739e-01 0.0000000e+00 
4.7804150e-01 1.4308280e-01 0.0000000e+00 
4.8207700e-01 1.6432039e-01 0.0000000e+00 
5.2000839e-01 2.3249920e-01 0.0000000e+00 
4.7522539e-01 1.1890660e-01 0.0000000e+00 
4.9824399e-01 1.5124670e-01 0.0000000e+00 
5.0239080e-01 1.7379840e-01 0.0000000e+00 
4.0624869e-01 4.6688080e-01 0.0000000e+00 
4.2919409e-01 4.1243970e-01 0.0000000e+00 
6.2043011e-01 3.4884781e-01 0.0000000e+00 
1.7042540e+00 2.1590130e-01 0.0000000e+00 
1.7632940e+00 2.2000070e-01 0.0000000e+00 
5.9477502e-01 3.8850871e-01 0.0000000e+00 
1.1047130e+00 3.7971979e-01 0.0000000e+00 
5.5632508e-01 4.0331629e-01 0.0000000e+00 
5.1673311e-01 1.5979400e-01 0.0000000e+00 
5.1686460e-01 1.3875850e-01 0.0000000e+00 
5.2089018e-01 1.7866670e-01 0.0000000e+00 
2.3531640e-01 1.7608330e-01 0.0000000e+00 
4.8605490e-01 1.8340071e-01 0.0000000e+00 
1.2225550e+00 3.8796490e-01 0.0000000e+00 
1.7893510e+00 2.7321759e-01 0.0000000e+00 
5.0436419e-01 4.1349870e-01 0.0000000e+00 
4.8793069e-01 4.1161671e-01 0.0000000e+00 
1.3432890e+00 3.9487341e-01 0.0000000e+00 
4.9844569e-01 3.9902619e-01 0.0000000e+00 
5.1288861e-01 4.0051869e-01 0.0000000e+00 
4.7826111e-01 5.0721961e-01 0.0000000e+00 
1.5723439e+00 4.1086179e-01 0.0000000e+00 
5.6928509e-01 1.1216540e-01 0.0000000e+00 
5.3438342e-01 1.6713411e-01 0.0000000e+00 
5.3660733e-01 1.8530799e-01 0.0000000e+00 
5.5097228e-01 1.7492341e-01 0.0000000e+00 
5.5329382e-01 1.9238080e-01 0.0000000e+00 
1.4477730e+00 4.0997440e-01 0.0000000e+00 
1.7183121e-01 2.3577370e-01 0.0000000e+00 
1.8385801e-01 2.7833050e-01 0.0000000e+00 
4.5149651e-01 1.1040960e-01 0.0000000e+00 
4.7247219e-01 9.1955133e-02 0.0000000e+00 
1.9255680e-01 1.6331930e-01 0.0000000e+00 
4.5135620e-01 5.0161749e-01 0.0000000e+00 
1.8225530e+00 2.2401039e-01 0.0000000e+00 
5.2494282e-01 1.9506520e-01 0.0000000e+00 
1.7372680e+00 1.6678140e-01 0.0000000e+00 
1.6782570e+00 1.6271511e-01 0.0000000e+00 
1.6900350e+00 4.2038351e-01 0.0000000e+00 
1.7490560e+00 4.2454061e-01 0.0000000e+00 
4.8329440e-01 3.9614201e-01 0.0000000e+00 
4.7259709e-01 4.0761891e-01 0.0000000e+00 
4.6829471e-01 3.9267531e-01 0.0000000e+00 
1.7821480e+00 3.7544200e-01 0.0000000e+00 
1.8081650e+00 4.2873210e-01 0.0000000e+00 
5.6767190e-01 1.8248910e-01 0.0000000e+00 
5.6965590e-01 1.9964610e-01 0.0000000e+00 
5.5310482e-01 2.0997940e-01 0.0000000e+00 
5.7153863e-01 2.1648981e-01 0.0000000e+00 
5.5832732e-01 2.2570750e-01 0.0000000e+00 
5.7294083e-01 2.3188220e-01 0.0000000e+00 
5.8571517e-01 2.2277141e-01 0.0000000e+00 
5.8722973e-01 2.3849240e-01 0.0000000e+00 
2.2661661e-01 1.3415439e-01 0.0000000e+00 
2.6798990e-01 1.4730521e-01 0.0000000e+00 
1.7105891e+00 1.1396340e-01 0.0000000e+00 
5.9993339e-01 2.2935030e-01 0.0000000e+00 
6.0129720e-01 2.4530940e-01 0.0000000e+00 
5.8868867e-01 2.5420901e-01 0.0000000e+00 
6.0235012e-01 2.6110700e-01 0.0000000e+00 
1.8387530e+00 3.7525591e-01 0.0000000e+00 
5.4489303e-01 2.2099259e-01 0.0000000e+00 
4.5784310e-01 5.2955812e-01 0.0000000e+00 
5.1062381e-01 5.1103139e-01 0.0000000e+00 
4.9833831e-01 1.0296860e-01 0.0000000e+00 
1.8639690e+00 4.2541769e-01 0.0000000e+00 
4.9523690e-01 7.3985048e-02 0.0000000e+00 
1.3844220e-01 2.6736441e-01 0.0000000e+00 
1.5088230e-01 3.1097111e-01 0.0000000e+00 
1.2641050e-01 2.2494370e-01 0.0000000e+00 
2.0287590e-01 3.2045639e-01 0.0000000e+00 
1.6756350e-01 3.5410741e-01 0.0000000e+00 
2.1099889e-01 3.6507410e-01 0.0000000e+00 
1.8053800e-01 3.9719370e-01 0.0000000e+00 
2.2913329e-01 4.0715241e-01 0.0000000e+00 
1.9421770e-01 4.3993911e-01 0.0000000e+00 
2.3865750e-01 4.5007020e-01 0.0000000e+00 
1.4811151e-01 4.3034700e-01 0.0000000e+00 
5.9036589e-01 2.6973200e-01 0.0000000e+00 
6.0372931e-01 2.7649191e-01 0.0000000e+00 
6.1619169e-01 2.6624000e-01 0.0000000e+00 
5.9138829e-01 2.8492469e-01 0.0000000e+00 
6.0468042e-01 2.9163459e-01 0.0000000e+00 
1.8453060e+00 2.7996099e-01 0.0000000e+00 
2.0954210e-01 4.8537201e-01 0.0000000e+00 
4.6530190e-01 6.3733928e-02 0.0000000e+00 
5.9247959e-01 2.9992181e-01 0.0000000e+00 
6.0560697e-01 3.0666059e-01 0.0000000e+00 
5.9351093e-01 3.1494951e-01 0.0000000e+00 
6.0633099e-01 3.2174519e-01 0.0000000e+00 
5.9430778e-01 3.2937449e-01 0.0000000e+00 
4.9347320e-01 3.8454881e-01 0.0000000e+00 
5.5062449e-01 1.5674770e-01 0.0000000e+00 
4.5774269e-01 4.0380031e-01 0.0000000e+00 
4.5300320e-01 3.8926181e-01 0.0000000e+00 
5.2078158e-01 8.5589677e-02 0.0000000e+00 
5.2809721e-01 4.7261381e-01 0.0000000e+00 
5.4998982e-01 4.7740239e-01 0.0000000e+00 
1.1647230e-01 3.4303319e-01 0.0000000e+00 
5.4025501e-01 4.0216339e-01 0.0000000e+00 
5.4931629e-01 3.8893181e-01 0.0000000e+00 
5.6429678e-01 3.8917771e-01 0.0000000e+00 
5.5815691e-01 3.7613159e-01 0.0000000e+00 
5.3233409e-01 3.8730109e-01 0.0000000e+00 
6.1810511e-01 2.9840681e-01 0.0000000e+00 
5.4633558e-01 2.3408321e-01 0.0000000e+00 
1.7233150e+00 4.7115931e-01 0.0000000e+00 
1.6544410e+00 4.6960419e-01 0.0000000e+00 
5.9817278e-01 2.1342160e-01 0.0000000e+00 
5.7312608e-01 3.7630349e-01 0.0000000e+00 
5.6664068e-01 3.6344349e-01 0.0000000e+00 
5.8089459e-01 3.6333910e-01 0.0000000e+00 
5.7436389e-01 3.5058859e-01 0.0000000e+00 
5.8890998e-01 3.5140380e-01 0.0000000e+00 
5.9597099e-01 3.6360300e-01 0.0000000e+00 
1.8871840e+00 2.3216370e-01 0.0000000e+00 
1.8613670e+00 1.6699770e-01 0.0000000e+00 
5.8043772e-01 3.2325599e-01 0.0000000e+00 
1.8341640e-01 1.2044960e-01 0.0000000e+00 
1.4539170e-01 1.4803199e-01 0.0000000e+00 
5.2981251e-01 4.1606659e-01 0.0000000e+00 
6.3278657e-01 3.2098520e-01 0.0000000e+00 
4.9883649e-01 1.9035070e-01 0.0000000e+00 
4.8866749e-01 1.9995619e-01 0.0000000e+00 
4.7372600e-01 1.9428051e-01 0.0000000e+00 
4.7687241e-01 2.0988560e-01 0.0000000e+00 
4.6230760e-01 2.0519090e-01 0.0000000e+00 
5.0175709e-01 2.0284539e-01 0.0000000e+00 
3.7420979e-01 2.4249861e-01 0.0000000e+00 
3.7680081e-01 2.5999850e-01 0.0000000e+00 
3.6377189e-01 2.7359021e-01 0.0000000e+00 
3.8147151e-01 2.7786380e-01 0.0000000e+00 
3.9390230e-01 2.6630861e-01 0.0000000e+00 
3.9790910e-01 2.8215069e-01 0.0000000e+00 
3.8660839e-01 2.9399589e-01 0.0000000e+00 
4.0266559e-01 2.9749459e-01 0.0000000e+00 
3.9230630e-01 3.0959940e-01 0.0000000e+00 
3.7539089e-01 3.0645579e-01 0.0000000e+00 
3.8165531e-01 3.2178041e-01 0.0000000e+00 
3.9764741e-01 3.2483751e-01 0.0000000e+00 
3.8738471e-01 3.3702531e-01 0.0000000e+00 
4.0318671e-01 3.3988059e-01 0.0000000e+00 
3.9298999e-01 3.5206911e-01 0.0000000e+00 
4.0884519e-01 3.5489669e-01 0.0000000e+00 
3.7592891e-01 3.5095471e-01 0.0000000e+00 
4.1221961e-01 3.2815641e-01 0.0000000e+00 
4.0885890e-01 2.7070051e-01 0.0000000e+00 
4.0606499e-01 2.5576550e-01 0.0000000e+00 
4.2036530e-01 2.6073930e-01 0.0000000e+00 
4.1758421e-01 2.4588020e-01 0.0000000e+00 
3.9879280e-01 3.6719501e-01 0.0000000e+00 
4.1457930e-01 3.6959961e-01 0.0000000e+00 
4.2435291e-01 3.5784501e-01 0.0000000e+00 
4.3005049e-01 3.7181091e-01 0.0000000e+00 
4.2064139e-01 3.8399899e-01 0.0000000e+00 
4.0332180e-01 2.4100940e-01 0.0000000e+00 
4.1523230e-01 2.3128320e-01 0.0000000e+00 
4.2901969e-01 2.3581611e-01 0.0000000e+00 
4.2680249e-01 2.2116630e-01 0.0000000e+00 
4.4072181e-01 2.2622180e-01 0.0000000e+00 
4.3834931e-01 2.1132030e-01 0.0000000e+00 
4.2324290e-01 2.0628519e-01 0.0000000e+00 
5.7600939e-01 2.6372889e-01 0.0000000e+00 
4.6461701e-01 3.7602729e-01 0.0000000e+00 
4.4586849e-01 3.4520641e-01 0.0000000e+00 
1.8224460e+00 4.8960349e-01 0.0000000e+00 
4.3567330e-01 1.9562960e-01 0.0000000e+00 
5.9315038e-01 1.5660501e-01 0.0000000e+00 
4.5945361e-01 1.9019520e-01 0.0000000e+00 
6.2804931e-01 2.1075760e-01 0.0000000e+00 
4.4690049e-01 3.7500271e-01 0.0000000e+00 
4.3590689e-01 2.6693821e-01 0.0000000e+00 
4.5538360e-01 2.4537770e-01 0.0000000e+00 
5.3253782e-01 3.6093631e-01 0.0000000e+00 
5.0687999e-01 3.7203360e-01 0.0000000e+00 
5.5479759e-01 3.4289679e-01 0.0000000e+00 
4.7859880e-01 2.3292100e-01 0.0000000e+00 
5.6951690e-01 2.9091081e-01 0.0000000e+00 
4.3251589e-01 3.2153201e-01 0.0000000e+00 
2.5864059e-01 4.9322551e-01 0.0000000e+00 
2.8119770e-01 4.6436489e-01 0.0000000e+00 
2.9712620e-01 4.9769270e-01 0.0000000e+00 
5.0679362e-01 2.2942559e-01 0.0000000e+00 
5.1640040e-01 2.1935740e-01 0.0000000e+00 
6.5671778e-01 2.8741741e-01 0.0000000e+00 
6.4681822e-01 2.6546481e-01 0.0000000e+00 
2.6161829e-01 1.0442510e-01 0.0000000e+00 
2.9914159e-01 1.2133270e-01 0.0000000e+00 
5.3835911e-01 2.0090669e-01 0.0000000e+00 
4.1076070e-01 4.0288219e-01 0.0000000e+00 
4.2847160e-01 2.9058349e-01 0.0000000e+00 
5.8385968e-01 4.0419951e-01 0.0000000e+00 
4.6758640e-01 2.2237021e-01 0.0000000e+00 
1.7680900e+00 1.1666990e-01 0.0000000e+00 
4.6705061e-01 3.6164391e-01 0.0000000e+00 
4.2953780e-01 5.2015013e-01 0.0000000e+00 
3.4222049e-01 3.0633521e-01 0.0000000e+00 
3.3303869e-01 2.8045291e-01 0.0000000e+00 
5.3547281e-01 4.9663380e-01 0.0000000e+00 
5.6233060e-01 5.0093198e-01 0.0000000e+00 
3.5305610e-01 3.5562491e-01 0.0000000e+00 
3.6326250e-01 3.7681499e-01 0.0000000e+00 
5.8255208e-01 1.8968870e-01 0.0000000e+00 
5.6585908e-01 6.7596443e-02 0.0000000e+00 
3.1423870e-01 5.6071562e-01 0.0000000e+00 
3.6825681e-01 5.5769640e-01 0.0000000e+00 
1.6511329e+00 1.0926090e-01 0.0000000e+00 
1.6192470e+00 1.5863900e-01 0.0000000e+00 
3.1425080e-01 3.9930049e-02 0.0000000e+00 
3.1129351e-01 1.6085930e-01 0.0000000e+00 
3.3299991e-01 1.3328290e-01 0.0000000e+00 
3.3072019e-01 1.0009960e-01 0.0000000e+00 
2.7850899e-01 1.8997809e-01 0.0000000e+00 
3.6250210e-01 1.1719080e-01 0.0000000e+00 
3.6242679e-01 7.9823360e-02 0.0000000e+00 
3.9215559e-01 9.3917303e-02 0.0000000e+00 
6.7704421e-01 3.9422091e-02 0.0000000e+00 
6.9158012e-01 7.9496212e-02 0.0000000e+00 
7.2696608e-01 4.4044841e-02 0.0000000e+00 
7.3696113e-01 9.5335990e-02 0.0000000e+00 
7.9171729e-01 1.0606610e-01 0.0000000e+00 
7.5707722e-01 1.3865989e-01 0.0000000e+00 
8.0465728e-01 1.5881000e-01 0.0000000e+00 
8.4009641e-01 1.2030350e-01 0.0000000e+00 
8.5441029e-01 1.6780110e-01 0.0000000e+00 
8.9020813e-01 1.3047090e-01 0.0000000e+00 
8.7580758e-01 8.5384279e-02 0.0000000e+00 
6.3392729e-01 5.6027758e-01 0.0000000e+00 
6.5490252e-01 5.2222651e-01 0.0000000e+00 
6.9785458e-01 5.2009457e-01 0.0000000e+00 
6.6947389e-01 4.8214740e-01 0.0000000e+00 
7.1400052e-01 4.7928271e-01 0.0000000e+00 
7.3890662e-01 5.1415598e-01 0.0000000e+00 
7.5538421e-01 4.7427329e-01 0.0000000e+00 
7.3060858e-01 4.4053549e-01 0.0000000e+00 
7.7131832e-01 4.3481070e-01 0.0000000e+00 
7.4432129e-01 4.0371630e-01 0.0000000e+00 
7.9942912e-01 4.6868020e-01 0.0000000e+00 
8.1664360e-01 4.2528069e-01 0.0000000e+00 
8.4675127e-01 4.6303490e-01 0.0000000e+00 
7.0795268e-01 4.1132101e-01 0.0000000e+00 
8.6556101e-01 4.1526449e-01 0.0000000e+00 
9.0177119e-01 4.5578691e-01 0.0000000e+00 
6.1436248e-01 5.2457899e-01 0.0000000e+00 
5.9010911e-01 5.6233871e-01 0.0000000e+00 
6.8740159e-01 4.4485721e-01 0.0000000e+00 
6.3075930e-01 4.9217081e-01 0.0000000e+00 
8.2390177e-01 3.7696400e-01 0.0000000e+00 
6.5760958e-01 4.5251140e-01 0.0000000e+00 
8.8201141e-01 3.6469159e-01 0.0000000e+00 
7.1646827e-01 3.7200019e-01 0.0000000e+00 
7.5293612e-01 3.6630341e-01 0.0000000e+00 
7.3172802e-01 3.4158540e-01 0.0000000e+00 
4.3641081e-01 3.8625911e-01 0.0000000e+00 
3.3307719e-01 5.1888418e-01 0.0000000e+00 
3.7808201e-01 5.1874483e-01 0.0000000e+00 
4.1757399e-01 3.4319299e-01 0.0000000e+00 
4.0734050e-01 3.1263331e-01 0.0000000e+00 
4.8661929e-01 4.2812102e-02 0.0000000e+00 
7.2056448e-01 1.3380709e-01 0.0000000e+00 
7.2885102e-01 1.7120270e-01 0.0000000e+00 
7.6764971e-01 1.8236589e-01 0.0000000e+00 
7.3844647e-01 2.0840840e-01 0.0000000e+00 
3.2383901e-01 4.7502699e-01 0.0000000e+00 
2.0299730e-01 4.5617640e-02 0.0000000e+00 
5.8970161e-02 3.3410329e-01 0.0000000e+00 
2.0689000e-01 5.5709481e-01 0.0000000e+00 
4.1305149e-01 2.8573561e-01 0.0000000e+00 
7.8471351e-01 5.4944623e-01 0.0000000e+00 
5.7445318e-01 2.4704580e-01 0.0000000e+00 
4.8197981e-02 2.0613991e-01 0.0000000e+00 
2.9774281e-01 8.0907270e-02 0.0000000e+00 
5.0055778e-01 5.6669247e-01 0.0000000e+00 
5.6139982e-01 2.6632291e-01 0.0000000e+00 
1.6788280e+00 5.7307512e-02 0.0000000e+00 
5.1920211e-01 3.7999329e-01 0.0000000e+00 
5.3287011e-01 2.3837809e-01 0.0000000e+00 
4.9314889e-01 3.6956069e-01 0.0000000e+00 
5.4427528e-01 3.7591609e-01 0.0000000e+00 
7.8244883e-01 3.9527819e-01 0.0000000e+00 
3.6446571e-01 4.0250320e-02 0.0000000e+00 
4.4162789e-01 3.5938531e-01 0.0000000e+00 
6.3632941e-01 2.8842619e-01 0.0000000e+00 
4.9067271e-01 2.1312010e-01 0.0000000e+00 
9.0754151e-01 5.5067050e-01 0.0000000e+00 
9.6624529e-01 5.4957891e-01 0.0000000e+00 
9.9525559e-01 4.9868581e-01 0.0000000e+00 
1.0540251e+00 4.9801311e-01 0.0000000e+00 
1.0243800e+00 4.4818369e-01 0.0000000e+00 
1.0813180e+00 4.4429299e-01 0.0000000e+00 
9.6050638e-01 4.4521841e-01 0.0000000e+00 
9.9237692e-01 4.0150511e-01 0.0000000e+00 
9.3534291e-01 5.0050128e-01 0.0000000e+00 
1.1123620e+00 4.9683940e-01 0.0000000e+00 
1.1383430e+00 4.4216970e-01 0.0000000e+00 
5.4218680e-01 5.2327639e-01 0.0000000e+00 
4.9454380e-02 4.5007420e-01 0.0000000e+00 
1.0217610e-01 4.7936839e-01 0.0000000e+00 
2.2542991e-01 2.8165141e-01 0.0000000e+00 
3.9299640e-01 1.2565491e-01 0.0000000e+00 
4.2287391e-01 1.0849530e-01 0.0000000e+00 
4.1702661e-01 7.4225321e-02 0.0000000e+00 
4.2317891e-01 4.9126241e-01 0.0000000e+00 
3.6435950e-01 3.1840631e-01 0.0000000e+00 
5.9271669e-01 4.9394491e-01 0.0000000e+00 
4.5279789e-01 2.1705380e-01 0.0000000e+00 
1.1707489e+00 4.9572700e-01 0.0000000e+00 
1.1967220e+00 4.4262701e-01 0.0000000e+00 
1.2286400e+00 4.9457431e-01 0.0000000e+00 
1.2569320e+00 4.4329810e-01 0.0000000e+00 
1.2887410e+00 4.9415389e-01 0.0000000e+00 
4.9704749e-02 9.0376601e-02 0.0000000e+00 
1.1661880e+00 3.8667339e-01 0.0000000e+00 
1.0448740e+00 3.9727730e-01 0.0000000e+00 
1.3219531e+00 5.4748261e-01 0.0000000e+00 
1.3566051e+00 4.9475339e-01 0.0000000e+00 
1.4128619e+00 5.0170678e-01 0.0000000e+00 
1.3878731e+00 4.4357020e-01 0.0000000e+00 
2.6875430e-01 4.3074101e-01 0.0000000e+00 
4.1746351e-01 3.0108821e-01 0.0000000e+00 
4.7450441e-01 4.2571831e-01 0.0000000e+00 
4.0593800e-01 2.0075510e-01 0.0000000e+00 
4.4167551e-01 4.0079829e-01 0.0000000e+00 
1.9512080e+00 4.5117629e-01 0.0000000e+00 
1.0262311e+00 5.1109631e-02 0.0000000e+00 
9.9738371e-01 1.0181700e-01 0.0000000e+00 
1.0553030e+00 1.0176790e-01 0.0000000e+00 
1.0273110e+00 1.4739220e-01 0.0000000e+00 
1.0855290e+00 1.4977370e-01 0.0000000e+00 
9.7062862e-01 1.4721170e-01 0.0000000e+00 
9.3508059e-01 1.0148260e-01 0.0000000e+00 
1.1133560e+00 1.0215650e-01 0.0000000e+00 
1.1446090e+00 1.4514109e-01 0.0000000e+00 
1.1160710e+00 1.9391710e-01 0.0000000e+00 
1.2018321e+00 5.4771107e-01 0.0000000e+00 
1.9480680e+00 2.1005040e-01 0.0000000e+00 
1.0842860e+00 5.4868227e-01 0.0000000e+00 
1.9480680e+00 3.2994959e-01 0.0000000e+00 
1.5904510e+00 1.0452840e-01 0.0000000e+00 
1.5598950e+00 1.5443350e-01 0.0000000e+00 
1.5304790e+00 1.0186320e-01 0.0000000e+00 
1.5007280e+00 1.5119410e-01 0.0000000e+00 
1.5273950e+00 2.0345390e-01 0.0000000e+00 
1.4685169e+00 1.9967620e-01 0.0000000e+00 
1.4425830e+00 1.4740349e-01 0.0000000e+00 
1.4098901e+00 1.9577309e-01 0.0000000e+00 
1.3839140e+00 1.4338671e-01 0.0000000e+00 
1.3511680e+00 1.9153769e-01 0.0000000e+00 
1.3252350e+00 1.3926670e-01 0.0000000e+00 
1.2926320e+00 1.8772170e-01 0.0000000e+00 
1.2666039e+00 1.3634580e-01 0.0000000e+00 
1.2355460e+00 1.8558609e-01 0.0000000e+00 
1.2059170e+00 1.3905290e-01 0.0000000e+00 
1.2347410e+00 9.3928657e-02 0.0000000e+00 
1.3187660e+00 2.4091680e-01 0.0000000e+00 
1.4945120e+00 2.5244480e-01 0.0000000e+00 
1.5862570e+00 2.0772290e-01 0.0000000e+00 
5.5948251e-01 2.4233980e-01 0.0000000e+00 
1.5573130e+00 5.4926682e-01 0.0000000e+00 
1.5215520e+00 5.0207931e-01 0.0000000e+00 
1.5906490e+00 4.9784341e-01 0.0000000e+00 
1.3832541e+00 4.9608339e-02 0.0000000e+00 
1.5002331e+00 5.0511628e-02 0.0000000e+00 
1.7345819e+00 5.5134553e-01 0.0000000e+00 
1.6170100e+00 5.5189037e-01 0.0000000e+00 
1.6308481e+00 4.1378099e-01 0.0000000e+00 
1.7733830e+00 4.6653220e-01 0.0000000e+00 
1.8566350e+00 5.4165798e-01 0.0000000e+00 
1.5124860e+00 4.0674630e-01 0.0000000e+00 
1.4853560e+00 4.5626420e-01 0.0000000e+00 
1.6452560e+00 2.1187560e-01 0.0000000e+00 
1.7967290e+00 1.6947480e-01 0.0000000e+00 
1.8955210e+00 4.8443690e-01 0.0000000e+00 
2.4952111e-01 3.7534630e-01 0.0000000e+00 
2.4015559e-01 3.3920720e-01 0.0000000e+00 
1.6122910e+00 2.6095319e-01 0.0000000e+00 
1.8537400e+00 5.5921540e-02 0.0000000e+00 
1.8819669e+00 1.0242500e-01 0.0000000e+00 
9.5119797e-02 1.2153590e-01 0.0000000e+00 
1.0847340e+00 5.0935078e-02 0.0000000e+00 
1.7562060e+00 3.2229191e-01 0.0000000e+00 
1.4358770e+00 2.4863569e-01 0.0000000e+00 
4.3159389e-01 2.5088599e-01 0.0000000e+00 
4.7994119e-01 3.8120639e-01 0.0000000e+00 
1.8123610e+00 3.2570100e-01 0.0000000e+00 
6.1470199e-01 2.3820160e-01 0.0000000e+00 
6.2837660e-01 2.5279269e-01 0.0000000e+00 
5.6644672e-01 3.2120070e-01 0.0000000e+00 
4.0343639e-01 3.8359720e-01 0.0000000e+00 
1.2608960e+00 2.3755901e-01 0.0000000e+00 
9.7383392e-01 2.2759880e-01 0.0000000e+00 
1.8966711e+00 3.6694610e-01 0.0000000e+00 
1.2852859e+00 3.9278471e-01 0.0000000e+00 
4.4754091e-01 4.1694289e-01 0.0000000e+00 
5.1814729e-01 1.1434720e-01 0.0000000e+00 
9.8089732e-02 2.9848260e-01 0.0000000e+00 
8.7650722e-01 5.0584209e-01 0.0000000e+00 
7.2722268e-01 5.5884892e-01 0.0000000e+00 
9.1900879e-01 4.0950510e-01 0.0000000e+00 
6.0669678e-01 3.3687809e-01 0.0000000e+00 
9.2257088e-01 2.2499460e-01 0.0000000e+00 
1.8270659e+00 1.1701130e-01 0.0000000e+00 
3.9101499e-01 2.5043941e-01 0.0000000e+00 
3.0026230e-01 2.1632680e-01 0.0000000e+00 
5.8418620e-01 3.3934349e-01 0.0000000e+00 
1.5593460e+00 5.1838879e-02 0.0000000e+00 
4.5547140e-01 5.6772357e-01 0.0000000e+00 
9.7268373e-02 1.8144910e-01 0.0000000e+00 
9.3618453e-02 5.9398320e-02 0.0000000e+00 
9.5946752e-02 4.1991970e-01 0.0000000e+00 
1.5493150e-01 4.8253620e-01 0.0000000e+00 
5.3141659e-01 2.2366489e-01 0.0000000e+00 
4.6951711e-01 1.7694290e-01 0.0000000e+00 
1.3219830e+00 4.4809279e-01 0.0000000e+00 
6.1860532e-01 2.8225860e-01 0.0000000e+00 
9.2647932e-02 5.4469162e-01 0.0000000e+00 
3.6105269e-01 4.8700431e-01 0.0000000e+00 
1.4393450e+00 5.5213040e-01 0.0000000e+00 
1.9442101e+00 9.5342271e-02 0.0000000e+00 
9.0059137e-01 1.7995150e-01 0.0000000e+00 
8.2735151e-01 2.0720319e-01 0.0000000e+00 
6.6251612e-01 1.0677520e-01 0.0000000e+00 
6.7604911e-01 4.1622579e-01 0.0000000e+00 
6.8501538e-01 3.8669550e-01 0.0000000e+00 
3.6920869e-01 2.9070961e-01 0.0000000e+00 
4.5409241e-01 2.3146330e-01 0.0000000e+00 
6.1867392e-01 3.1358370e-01 0.0000000e+00 
1.9131620e+00 5.4997718e-01 0.0000000e+00 
4.2027211e-01 1.8849210e-01 0.0000000e+00 
1.9003210e+00 2.9999799e-01 0.0000000e+00 
5.5434358e-01 1.3134070e-01 0.0000000e+00 
1.4729370e+00 1.0059040e-01 0.0000000e+00 
4.4868380e-01 4.7589070e-01 0.0000000e+00 
1.7371070e+00 5.7924490e-02 0.0000000e+00 
1.6196249e-01 1.9384970e-01 0.0000000e+00 
2.7876011e-01 3.4925121e-01 0.0000000e+00 
5.6304562e-01 4.5950639e-01 0.0000000e+00 
6.0384172e-01 3.5119170e-01 0.0000000e+00 
5.7530987e-01 5.2873927e-01 0.0000000e+00 
1.3667960e-01 3.8707560e-01 0.0000000e+00 
4.9747679e-01 1.2821840e-01 0.0000000e+00 
1.1983300e+00 4.8251878e-02 0.0000000e+00 
7.5970978e-01 3.2726541e-01 0.0000000e+00 
8.1999791e-01 5.1075947e-01 0.0000000e+00 
1.3957340e+00 3.8871399e-01 0.0000000e+00 
3.8881221e-01 2.3447470e-01 0.0000000e+00 
5.2596432e-01 2.0954940e-01 0.0000000e+00 
1.4149910e+00 9.8922051e-02 0.0000000e+00 
3.1656411e-01 1.9587231e-01 0.0000000e+00 
4.3203679e-01 3.4525600e-01 0.0000000e+00 
5.0832897e-01 3.8785461e-01 0.0000000e+00 
5.0716370e-01 4.6868089e-01 0.0000000e+00 
7.2506380e-01 3.1459489e-01 0.0000000e+00 
5.7067949e-01 1.5282580e-01 0.0000000e+00 
6.7973870e-01 1.6684531e-01 0.0000000e+00 
5.3255141e-01 1.4827640e-01 0.0000000e+00 
5.8382958e-01 2.0679601e-01 0.0000000e+00 
3.6833951e-01 3.3595169e-01 0.0000000e+00 
6.6081917e-01 3.9089271e-01 0.0000000e+00 
3.5859609e-01 1.6498099e-01 0.0000000e+00 
5.4474670e-01 2.4635740e-01 0.0000000e+00 
8.5039961e-01 4.4130251e-02 0.0000000e+00 
7.0378470e-01 2.1493910e-01 0.0000000e+00 
3.8111559e-01 3.6489099e-01 0.0000000e+00 
3.8378549e-01 3.8103321e-01 0.0000000e+00 
1.1733290e+00 9.6517898e-02 0.0000000e+00 
6.1236829e-01 3.6486840e-01 0.0000000e+00 
4.2817801e-01 4.6774849e-01 0.0000000e+00 
3.9298210e-01 4.8933309e-01 0.0000000e+00 
5.1858139e-01 5.3958851e-01 0.0000000e+00 
1.1778920e+00 1.8819040e-01 0.0000000e+00 
6.3357651e-01 4.2729640e-01 0.0000000e+00 
2.1912169e-01 8.9860998e-02 0.0000000e+00 
4.4828820e-01 3.3391532e-02 0.0000000e+00 
7.1727687e-01 2.3730519e-01 0.0000000e+00 
9.8337471e-02 2.5592181e-01 0.0000000e+00 
4.8688981e-01 5.3696889e-01 0.0000000e+00 
9.1024607e-01 4.6742149e-02 0.0000000e+00 
4.2072469e-01 3.1704551e-01 0.0000000e+00 
2.5881660e-01 2.8481191e-01 0.0000000e+00 
1.3556740e+00 9.6588373e-02 0.0000000e+00 
3.8170820e-01 4.6353251e-01 0.0000000e+00 
6.1133659e-01 4.6789679e-01 0.0000000e+00 
4.4266859e-01 2.4074350e-01 0.0000000e+00 
1.4653840e+00 5.0395852e-01 0.0000000e+00 
1.1433500e+00 2.3560201e-01 0.0000000e+00 
5.5341142e-01 3.6430839e-01 0.0000000e+00 
5.7990170e-01 2.7820900e-01 0.0000000e+00 
4.4887719e-01 2.0151231e-01 0.0000000e+00 
4.6245420e-01 4.1756010e-01 0.0000000e+00 
4.1210291e-01 2.1662711e-01 0.0000000e+00 
5.1736373e-01 5.6347691e-02 0.0000000e+00 
7.0604849e-01 3.3807889e-01 0.0000000e+00 
4.3653390e-01 1.2656429e-01 0.0000000e+00 
4.2773649e-01 3.9727569e-01 0.0000000e+00 
4.2305809e-01 2.7508900e-01 0.0000000e+00 
1.9111360e+00 1.7995431e-01 0.0000000e+00 
1.2975690e+00 9.4644032e-02 0.0000000e+00 
7.4613649e-01 2.3963641e-01 0.0000000e+00 
2.9362991e-01 4.1433749e-01 0.0000000e+00 
5.8357382e-01 3.0761179e-01 0.0000000e+00 
5.3191912e-01 3.7253350e-01 0.0000000e+00 
4.4445190e-01 8.4593862e-02 0.0000000e+00 
1.5468830e+00 4.5422599e-01 0.0000000e+00 
6.2926418e-01 2.7103639e-01 0.0000000e+00 
3.5220909e-01 2.8729489e-01 0.0000000e+00 
8.3805579e-01 3.3710629e-01 0.0000000e+00 
5.2616048e-01 4.0003020e-01 0.0000000e+00 
1.8064611e-01 5.2023911e-01 0.0000000e+00 
4.2505819e-01 3.3176431e-01 0.0000000e+00 
7.7968621e-01 5.0346297e-01 0.0000000e+00 
1.2679260e+00 4.6381779e-02 0.0000000e+00 
5.8107018e-01 2.9473820e-01 0.0000000e+00 
6.1925322e-01 3.3036381e-01 0.0000000e+00 
5.6537521e-01 2.5524691e-01 0.0000000e+00 
3.8967860e-01 6.5405212e-02 0.0000000e+00 
1.0865080e+00 2.3449360e-01 0.0000000e+00 
1.4042149e-01 9.9993236e-02 0.0000000e+00 
1.0030100e+00 3.5783571e-01 0.0000000e+00 
3.6067769e-01 3.0184039e-01 0.0000000e+00 
5.7885981e-01 3.8880101e-01 0.0000000e+00 
1.5990330e+00 4.4926330e-01 0.0000000e+00 
9.1439813e-02 3.7532219e-01 0.0000000e+00 
5.7995051e-01 1.7130360e-01 0.0000000e+00 
6.1258352e-01 2.5273019e-01 0.0000000e+00 
4.0172791e-01 2.2754180e-01 0.0000000e+00 
5.4750210e-01 9.9742994e-02 0.0000000e+00 
6.1311978e-01 2.0313910e-01 0.0000000e+00 
6.1223829e-01 2.2002740e-01 0.0000000e+00 
1.8586820e+00 3.2957241e-01 0.0000000e+00 
5.8738971e-01 3.7580970e-01 0.0000000e+00 
4.5219980e-02 4.4195049e-02 0.0000000e+00 
4.8124549e-01 2.2123460e-01 0.0000000e+00 
4.3828961e-02 5.5591398e-01 0.0000000e+00 
1.0568640e+00 1.9004630e-01 0.0000000e+00 
3.3193341e-01 4.4711831e-01 0.0000000e+00 
3.0378929e-01 4.4286191e-01 0.0000000e+00 
5.3415012e-01 1.2728420e-01 0.0000000e+00 
5.0386423e-01 2.1636350e-01 0.0000000e+00 
1.9116580e+00 4.2358989e-01 0.0000000e+00 
4.5517069e-01 3.6521810e-01 0.0000000e+00 
3.6732909e-01 3.6239621e-01 0.0000000e+00 
6.3041377e-01 3.0585691e-01 0.0000000e+00 
1.9569679e+00 4.3301821e-02 0.0000000e+00 
5.7146299e-01 4.8058590e-01 0.0000000e+00 
1.6484860e+00 5.1718348e-01 0.0000000e+00 
9.4670999e-01 1.8556410e-01 0.0000000e+00 
6.3752991e-01 4.6584189e-01 0.0000000e+00 
1.9572541e+00 5.5697870e-01 0.0000000e+00 
6.4813697e-01 2.4830820e-01 0.0000000e+00 
6.0179752e-01 3.7555191e-01 0.0000000e+00 
1.4364240e+00 4.6111640e-01 0.0000000e+00 
5.6217611e-01 3.5223660e-01 0.0000000e+00 
6.6050959e-01 4.3027630e-01 0.0000000e+00 
4.0468970e-01 5.1149738e-01 0.0000000e+00 
5.1506358e-01 2.0555650e-01 0.0000000e+00 
4.3334481e-01 1.8108650e-01 0.0000000e+00 
9.9962813e-01 1.8700930e-01 0.0000000e+00 
6.9131333e-01 1.1763480e-01 0.0000000e+00 
4.4599831e-01 1.8538959e-01 0.0000000e+00 
5.1551181e-01 4.8891029e-01 0.0000000e+00 
4.3754059e-01 5.8743980e-02 0.0000000e+00 
5.9589100e-01 3.4163511e-01 0.0000000e+00 
2.3624770e-01 5.2814358e-01 0.0000000e+00 
6.6953379e-01 3.7169310e-01 0.0000000e+00 
3.6865169e-01 3.9570969e-01 0.0000000e+00 
5.9758049e-01 1.9620110e-01 0.0000000e+00 
1.3329040e-01 5.1544452e-01 0.0000000e+00 
1.0515270e+00 3.5504949e-01 0.0000000e+00 
3.3392131e-01 6.8202123e-02 0.0000000e+00 
1.7869949e-01 8.1389397e-02 0.0000000e+00 
9.2706198e-01 1.4882250e-01 0.0000000e+00 
1.7000279e+00 5.1305068e-01 0.0000000e+00 
3.4774879e-01 2.6959679e-01 0.0000000e+00 
5.7002652e-01 3.3917850e-01 0.0000000e+00 
4.5571360e-01 1.7617980e-01 0.0000000e+00 
8.2389021e-01 8.1237279e-02 0.0000000e+00 
5.6977302e-01 4.0162051e-01 0.0000000e+00 
5.7622939e-01 9.1579817e-02 0.0000000e+00 
7.9520959e-01 1.9354109e-01 0.0000000e+00 
7.1731091e-01 1.9555099e-01 0.0000000e+00 
9.5533073e-01 4.0679529e-01 0.0000000e+00 
5.1722008e-01 4.1250920e-01 0.0000000e+00 
4.3116611e-01 5.4470932e-01 0.0000000e+00 
6.9998658e-01 1.5358570e-01 0.0000000e+00 
3.7607810e-01 2.2627370e-01 0.0000000e+00 
5.1978278e-01 3.9113960e-01 0.0000000e+00 
5.3689402e-01 2.1312129e-01 0.0000000e+00 
9.0401761e-02 2.1924180e-01 0.0000000e+00 
7.8513551e-01 3.6338761e-01 0.0000000e+00 
2.8628290e-01 5.2971011e-01 0.0000000e+00 
1.9101239e+00 1.3962340e-01 0.0000000e+00 
3.3938929e-01 1.5675519e-01 0.0000000e+00 
3.5365051e-01 1.4366330e-01 0.0000000e+00 
5.9640652e-01 1.7787141e-01 0.0000000e+00 
2.3996450e-01 3.0955619e-01 0.0000000e+00 
4.0130991e-01 5.3756779e-01 0.0000000e+00 
2.6203820e-01 3.9843059e-01 0.0000000e+00 
1.7610559e+00 5.1254529e-01 0.0000000e+00 
5.3923780e-01 6.9367118e-02 0.0000000e+00 
6.6389477e-01 2.7387929e-01 0.0000000e+00 
5.6400359e-01 1.6758190e-01 0.0000000e+00 
6.3302028e-01 3.3655259e-01 0.0000000e+00 
5.4254562e-01 3.6452681e-01 0.0000000e+00 
5.1293671e-01 2.8587131e-02 0.0000000e+00 
5.1246679e-01 1.8971939e-01 0.0000000e+00 

CELLS 1766 7064
3 0 870 123
3 1 882 70
3 2 887 79
3 3 872 114
3 4 193 35
3 4 516 193
3 5 516 4
3 6 184 5
3 6 612 184
3 7 612 6
3 8 183 7
3 8 799 183
3 9 799 8
3 10 615 9
3 11 335 10
3 11 521 335
3 12 521 11
3 13 311 12
3 13 515 311
3 14 515 13
3 15 312 14
3 15 511 312
3 16 511 15
3 17 308 16
3 17 510 308
3 18 510 17
3 19 301 18
3 19 529 301
3 20 529 19
3 21 124 20
3 21 517 124
3 22 517 21
3 23 277 22
3 23 503 277
3 24 503 23
3 25 266 24
3 25 533 266
3 26 533 25
3 27 269 26
3 27 616 269
3 28 616 27
3 29 513 28
3 30 241 29
3 30 512 241
3 31 512 30
3 32 214 31
3 32 514 214
3 33 514 32
3 34 215 33
3 34 726 215
3 35 726 34
3 36 870 0
3 37 747 36
3 38 155 37
3 38 603 155
3 39 603 38
3 40 130 39
3 40 547 130
3 41 547 40
3 41 619 547
3 42 619 41
3 43 142 42
3 43 812 142
3 44 812 43
3 44 943 597
3 45 943 44
3 46 145 45
3 46 159 145
3 47 159 46
3 48 140 47
3 48 555 140
3 49 555 48
3 49 557 555
3 50 557 49
3 51 126 50
3 51 800 126
3 52 800 51
3 52 816 800
3 53 816 52
3 54 131 53
3 54 663 131
3 55 663 54
3 55 718 663
3 56 718 55
3 57 127 56
3 57 780 127
3 58 780 57
3 58 850 780
3 59 850 58
3 60 148 59
3 60 700 148
3 61 700 60
3 62 128 61
3 62 701 128
3 63 701 62
3 63 744 701
3 64 744 63
3 65 136 64
3 65 613 136
3 66 613 65
3 66 772 613
3 67 772 66
3 68 144 67
3 68 715 144
3 69 715 68
3 70 157 69
3 70 882 157
3 71 882 1
3 72 757 71
3 73 154 72
3 73 674 154
3 74 674 73
3 75 139 74
3 75 676 139
3 76 676 75
3 77 147 76
3 77 662 147
3 78 662 77
3 79 156 78
3 79 887 156
3 80 887 2
3 81 766 80
3 82 706 81
3 83 151 82
3 83 702 151
3 84 702 83
3 85 129 84
3 85 703 129
3 86 703 85
3 87 697 86
3 88 137 87
3 88 756 137
3 89 756 88
3 90 149 89
3 90 653 149
3 91 653 90
3 92 134 91
3 92 673 134
3 93 673 92
3 94 150 93
3 94 675 150
3 95 675 94
3 96 135 95
3 96 624 135
3 97 624 96
3 98 623 97
3 99 125 98
3 99 607 125
3 100 607 99
3 100 736 607
3 101 736 100
3 102 138 101
3 102 566 138
3 103 566 102
3 103 583 566
3 104 583 103
3 105 143 104
3 105 611 143
3 106 611 105
3 106 745 611
3 107 745 106
3 108 141 107
3 108 544 141
3 109 544 108
3 110 543 109
3 111 132 110
3 111 605 132
3 112 605 111
3 113 153 112
3 113 754 153
3 114 754 113
3 114 872 754
3 115 872 3
3 116 158 115
3 116 635 158
3 117 635 116
3 118 146 117
3 118 604 146
3 119 604 118
3 120 133 119
3 120 609 133
3 121 609 120
3 122 152 121
3 122 650 152
3 123 650 122
3 123 870 650
3 124 529 20
3 124 658 529
3 124 817 658
3 125 623 98
3 125 735 623
3 125 782 735
3 126 557 50
3 126 558 557
3 126 559 558
3 126 915 559
3 127 718 56
3 127 804 670
3 128 700 61
3 128 786 700
3 129 702 84
3 129 911 702
3 130 603 39
3 130 610 525
3 130 811 603
3 131 816 53
3 132 543 110
3 132 929 543
3 133 604 119
3 133 734 604
3 133 814 734
3 133 927 814
3 134 653 91
3 134 673 647
3 135 675 95
3 136 613 545
3 136 744 64
3 137 697 87
3 137 698 697
3 137 823 698
3 138 736 101
3 139 674 74
3 139 768 454
3 140 159 47
3 140 160 159
3 140 161 160
3 140 555 161
3 141 745 107
3 141 922 745
3 141 935 922
3 142 619 42
3 142 854 619
3 142 900 640
3 143 583 104
3 143 777 583
3 143 808 634
3 144 740 532
3 144 772 67
3 145 938 830
3 145 943 45
3 146 635 117
3 146 748 635
3 146 861 748
3 147 676 76
3 147 730 676
3 147 878 730
3 148 850 59
3 149 756 89
3 150 673 93
3 150 675 632
3 151 706 82
3 151 937 504
3 152 609 121
3 152 746 609
3 153 605 112
3 153 847 605
3 153 906 847
3 154 757 72
3 154 930 757
3 155 747 37
3 155 856 747
3 155 909 856
3 156 662 78
3 156 711 662
3 156 766 711
3 156 887 766
3 157 715 69
3 157 716 715
3 157 757 716
3 157 882 757
3 158 872 115
3 159 542 145
3 160 542 159
3 160 917 542
3 161 162 160
3 161 760 162
3 162 163 160
3 162 164 163
3 162 165 164
3 162 760 165
3 163 917 160
3 164 187 163
3 164 506 187
3 165 166 164
3 165 167 166
3 165 253 167
3 165 760 253
3 166 506 164
3 166 933 506
3 167 168 166
3 167 169 168
3 167 793 169
3 168 227 166
3 168 866 227
3 169 170 168
3 169 171 170
3 169 188 171
3 169 793 188
3 170 508 168
3 171 172 170
3 171 173 172
3 171 801 173
3 172 244 170
3 172 888 244
3 173 174 172
3 173 175 174
3 173 813 175
3 174 888 172
3 174 939 524
3 175 176 174
3 175 177 176
3 175 178 177
3 175 813 178
3 176 939 174
3 177 180 176
3 177 791 180
3 178 179 177
3 178 181 179
3 178 837 181
3 179 791 177
3 180 191 176
3 180 192 191
3 180 831 192
3 181 182 179
3 181 185 182
3 181 245 185
3 181 837 245
3 182 781 179
3 183 612 7
3 183 799 696
3 183 853 612
3 184 516 5
3 184 612 501
3 184 826 516
3 185 186 182
3 185 189 186
3 185 759 189
3 186 222 182
3 186 845 222
3 187 361 163
3 187 769 361
3 187 792 769
3 188 801 171
3 188 919 801
3 188 923 599
3 189 190 186
3 189 194 190
3 189 243 194
3 189 759 243
3 190 845 186
3 191 523 176
3 192 201 191
3 192 202 201
3 192 203 202
3 192 831 203
3 193 726 35
3 193 839 456
3 193 851 839
3 194 195 190
3 194 196 195
3 194 739 196
3 195 588 190
3 196 197 195
3 196 198 197
3 196 729 198
3 196 739 729
3 197 242 195
3 197 857 242
3 198 199 197
3 198 200 199
3 198 259 200
3 198 729 259
3 199 857 197
3 199 907 857
3 200 216 199
3 200 217 216
3 200 855 217
3 201 232 191
3 201 460 232
3 201 941 460
3 202 204 201
3 202 205 204
3 202 903 205
3 203 831 589
3 203 903 202
3 204 941 201
3 205 206 204
3 205 207 206
3 205 797 207
3 205 903 797
3 206 341 204
3 206 805 341
3 207 208 206
3 207 209 208
3 207 211 209
3 207 797 211
3 208 805 206
3 208 889 805
3 209 210 208
3 209 212 210
3 209 810 212
3 210 344 208
3 210 530 344
3 211 797 761
3 211 810 209
3 211 892 810
3 212 213 210
3 212 220 213
3 212 257 220
3 212 810 257
3 213 530 210
3 214 512 31
3 214 891 825
3 214 942 512
3 215 514 33
3 215 913 514
3 216 907 199
3 217 218 216
3 217 219 218
3 217 824 219
3 217 855 824
3 218 345 216
3 218 651 345
3 219 223 218
3 219 224 223
3 219 258 224
3 219 824 258
3 220 221 213
3 220 254 221
3 220 821 254
3 221 239 213
3 221 240 239
3 221 775 240
3 222 781 182
3 222 845 586
3 222 928 781
3 223 651 218
3 224 225 223
3 224 226 225
3 224 728 226
3 225 352 223
3 225 731 352
3 226 228 225
3 226 229 228
3 226 693 229
3 226 728 693
3 227 933 166
3 228 731 225
3 229 230 228
3 229 231 230
3 229 256 231
3 229 693 256
3 230 356 228
3 230 783 356
3 231 233 230
3 231 234 233
3 231 720 234
3 232 523 191
3 232 621 523
3 232 881 621
3 233 783 230
3 234 235 233
3 234 236 235
3 234 694 236
3 234 720 694
3 235 366 233
3 235 707 366
3 236 237 235
3 236 238 237
3 236 252 238
3 236 694 252
3 237 707 235
3 238 246 237
3 238 247 246
3 238 714 247
3 239 530 213
3 239 916 530
3 240 260 239
3 240 261 260
3 240 262 261
3 240 775 262
3 241 513 29
3 241 614 513
3 241 840 614
3 242 588 195
3 242 737 588
3 242 857 630
3 242 920 737
3 243 739 194
3 243 758 739
3 243 759 563
3 244 508 170
3 244 725 724
3 244 867 508
3 244 888 725
3 245 601 600
3 245 759 185
3 245 837 601
3 245 918 759
3 246 360 237
3 246 704 360
3 247 248 246
3 247 249 248
3 247 250 249
3 247 714 250
3 248 704 246
3 249 255 248
3 249 719 255
3 250 251 249
3 250 342 251
3 250 709 342
3 250 714 709
3 251 719 249
3 252 694 681
3 252 714 238
3 253 793 167
3 253 923 793
3 254 775 221
3 254 821 643
3 254 883 775
3 255 377 248
3 255 378 377
3 255 382 378
3 255 719 382
3 256 686 684
3 256 693 686
3 256 720 231
3 257 810 587
3 257 821 220
3 257 886 821
3 258 728 224
3 258 809 690
3 258 824 809
3 259 855 200
3 259 873 855
3 259 896 873
3 260 346 239
3 260 438 346
3 260 459 438
3 261 459 260
3 262 263 261
3 262 435 263
3 262 436 435
3 262 775 436
3 263 264 261
3 263 265 264
3 263 790 265
3 264 459 261
3 264 921 459
3 265 267 264
3 265 268 267
3 265 270 268
3 265 790 270
3 266 503 24
3 266 620 503
3 266 879 620
3 267 354 264
3 267 355 354
3 267 659 355
3 268 659 267
3 269 533 26
3 269 722 502
3 270 271 268
3 270 326 271
3 270 327 326
3 270 790 327
3 271 272 268
3 271 273 272
3 271 771 273
3 272 659 268
3 272 828 659
3 273 274 272
3 273 275 274
3 273 806 275
3 274 732 272
3 275 276 274
3 275 278 276
3 275 339 278
3 275 806 339
3 276 340 274
3 276 528 340
3 277 517 22
3 277 848 517
3 278 279 276
3 278 280 279
3 278 820 280
3 279 528 276
3 280 281 279
3 280 282 281
3 280 316 282
3 280 820 316
3 281 314 279
3 281 904 314
3 282 283 281
3 282 284 283
3 282 874 284
3 283 904 281
3 284 285 283
3 284 838 285
3 284 875 838
3 285 286 283
3 285 287 286
3 285 296 287
3 285 838 296
3 286 540 283
3 287 288 286
3 287 289 288
3 287 774 289
3 288 539 286
3 289 290 288
3 289 291 290
3 289 774 291
3 290 317 288
3 290 535 317
3 291 292 290
3 291 293 292
3 291 304 293
3 291 774 304
3 292 535 290
3 292 536 535
3 293 294 292
3 293 295 294
3 293 818 295
3 294 536 292
3 295 297 294
3 295 305 297
3 295 322 305
3 295 818 322
3 296 774 287
3 296 936 712
3 297 298 294
3 297 299 298
3 297 742 299
3 298 536 294
3 298 912 536
3 299 300 298
3 299 302 300
3 299 787 302
3 300 315 298
3 300 467 315
3 300 924 467
3 301 510 18
3 301 834 510
3 302 303 300
3 302 306 303
3 302 313 306
3 302 787 313
3 303 924 300
3 304 774 713
3 304 818 293
3 304 934 818
3 305 742 297
3 306 307 303
3 306 309 307
3 306 798 309
3 307 321 303
3 307 660 321
3 308 511 16
3 308 822 511
3 309 310 307
3 309 318 310
3 309 320 318
3 309 798 320
3 310 660 307
3 310 767 660
3 311 521 12
3 311 871 622
3 311 877 521
3 312 515 14
3 312 531 515
3 312 764 531
3 313 787 548
3 313 798 306
3 313 931 798
3 314 528 279
3 314 727 528
3 314 803 727
3 314 904 803
3 315 912 298
3 316 755 602
3 316 820 755
3 316 874 282
3 317 539 288
3 317 796 539
3 318 319 310
3 318 328 319
3 318 638 328
3 319 767 310
3 319 895 767
3 320 638 318
3 320 932 552
3 321 864 784
3 321 924 303
3 322 323 305
3 322 324 323
3 322 637 324
3 322 818 637
3 323 551 305
3 324 325 323
3 324 367 325
3 324 368 367
3 324 637 368
3 325 350 323
3 325 371 350
3 325 773 371
3 326 771 271
3 327 359 326
3 327 402 359
3 327 899 402
3 328 329 319
3 328 832 329
3 329 330 319
3 329 331 330
3 329 332 331
3 329 832 332
3 330 895 319
3 330 898 895
3 330 914 898
3 331 914 330
3 332 333 331
3 332 336 333
3 332 369 336
3 332 832 369
3 333 334 331
3 333 337 334
3 333 779 337
3 334 751 331
3 335 615 10
3 335 750 615
3 336 779 333
3 337 338 334
3 337 347 338
3 337 348 347
3 337 779 348
3 338 351 334
3 338 461 351
3 338 944 461
3 339 806 641
3 339 820 278
3 340 732 274
3 340 833 661
3 341 776 738
3 341 805 776
3 341 941 204
3 342 343 251
3 342 375 343
3 342 376 375
3 342 709 376
3 343 353 251
3 343 373 353
3 343 710 373
3 344 889 208
3 345 633 628
3 345 651 633
3 345 907 216
3 346 916 239
3 347 349 338
3 347 362 349
3 347 794 362
3 348 779 733
3 348 794 347
3 348 876 794
3 349 944 338
3 350 551 323
3 351 751 334
3 352 648 646
3 352 651 223
3 352 731 648
3 353 719 251
3 353 723 719
3 354 921 264
3 355 357 354
3 355 379 357
3 355 380 379
3 355 659 380
3 356 731 228
3 356 752 731
3 356 783 656
3 357 358 354
3 357 789 358
3 358 921 354
3 358 925 846
3 359 372 326
3 359 401 372
3 359 815 401
3 360 707 237
3 360 842 707
3 360 860 842
3 361 917 163
3 362 363 349
3 362 364 363
3 362 431 364
3 362 794 431
3 363 374 349
3 363 527 374
3 364 365 363
3 364 384 365
3 364 940 384
3 365 527 363
3 366 783 233
3 366 890 656
3 367 773 325
3 368 406 367
3 368 407 406
3 368 409 407
3 368 637 409
3 369 370 336
3 369 832 639
3 369 841 370
3 370 403 336
3 370 405 403
3 370 424 405
3 370 841 424
3 371 392 350
3 371 457 392
3 371 458 457
3 371 773 458
3 372 771 326
3 373 422 353
3 373 454 422
3 373 455 454
3 373 710 455
3 374 944 349
3 375 710 343
3 376 394 375
3 376 545 394
3 376 546 545
3 376 709 546
3 377 704 248
3 378 445 377
3 378 705 445
3 379 430 357
3 379 722 430
3 380 381 379
3 380 432 381
3 380 828 432
3 381 722 379
3 382 383 378
3 382 399 383
3 382 723 399
3 383 705 378
3 384 385 365
3 384 541 385
3 384 862 541
3 384 940 862
3 385 386 365
3 385 387 386
3 385 795 387
3 386 527 365
3 386 926 527
3 387 388 386
3 387 389 388
3 387 390 389
3 387 795 390
3 388 400 386
3 388 444 400
3 388 696 444
3 389 696 388
3 390 391 389
3 390 395 391
3 390 447 395
3 390 795 447
3 391 608 389
3 392 393 350
3 392 525 393
3 392 811 525
3 393 551 350
3 394 532 375
3 394 772 532
3 395 396 391
3 395 724 396
3 395 867 724
3 396 397 391
3 396 398 397
3 396 863 398
3 397 608 391
3 398 417 397
3 398 418 417
3 398 419 418
3 398 863 419
3 399 404 383
3 399 730 404
3 399 868 730
3 400 926 386
3 401 534 372
3 401 815 745
3 401 922 534
3 402 815 359
3 402 899 537
3 403 779 336
3 404 504 383
3 404 711 504
3 404 878 711
3 405 434 403
3 405 830 434
3 406 408 367
3 406 814 408
3 407 734 406
3 408 773 367
3 408 927 746
3 409 410 407
3 409 411 410
3 409 713 411
3 409 934 713
3 410 437 407
3 410 778 437
3 411 412 410
3 411 413 412
3 411 712 413
3 411 713 712
3 412 778 410
3 413 414 412
3 413 415 414
3 413 657 415
3 413 936 657
3 414 416 412
3 414 749 416
3 415 423 414
3 415 518 423
3 415 519 518
3 415 657 519
3 416 749 636
3 416 778 412
3 417 501 397
3 417 826 501
3 418 420 417
3 418 421 420
3 418 753 421
3 419 753 418
3 419 843 753
3 419 863 725
3 420 826 417
3 420 851 826
3 421 425 420
3 421 426 425
3 421 443 426
3 421 753 443
3 422 723 353
3 422 868 723
3 423 749 414
3 423 847 749
3 423 902 847
3 424 597 405
3 424 812 597
3 424 900 812
3 425 851 420
3 426 427 425
3 426 428 427
3 426 765 428
3 427 839 425
3 428 429 427
3 428 738 429
3 428 852 738
3 429 456 427
3 429 743 456
3 429 901 743
3 430 616 513
3 430 722 616
3 430 789 357
3 431 794 769
3 431 940 364
3 432 433 381
3 432 661 433
3 432 732 661
3 432 828 732
3 433 502 381
3 433 509 502
3 433 592 509
3 433 661 592
3 434 733 403
3 434 865 733
3 434 938 865
3 435 790 263
3 435 899 790
3 436 537 435
3 436 538 537
3 436 883 538
3 437 734 407
3 437 861 604
3 438 439 346
3 438 442 439
3 438 846 442
3 439 440 346
3 439 441 440
3 439 617 441
3 440 916 346
3 441 448 440
3 441 449 448
3 441 825 449
3 442 617 439
3 442 840 617
3 442 925 614
3 443 753 621
3 443 765 426
3 443 881 765
3 444 750 400
3 444 799 615
3 445 446 377
3 445 911 446
3 445 937 911
3 446 704 377
3 446 860 704
3 446 884 699
3 446 911 884
3 447 867 395
3 447 905 866
3 448 859 440
3 448 869 859
3 449 450 448
3 449 451 450
3 449 891 451
3 450 869 448
3 451 452 450
3 451 743 452
3 451 913 743
3 452 453 450
3 452 776 453
3 452 901 776
3 453 869 450
3 453 889 869
3 454 674 139
3 454 768 422
3 454 835 674
3 455 740 716
3 455 835 454
3 455 930 835
3 456 726 193
3 456 839 427
3 456 913 726
3 457 811 392
3 457 909 811
3 458 746 717
3 458 773 746
3 458 856 457
3 459 846 438
3 459 921 846
3 460 852 765
3 460 881 232
3 460 941 852
3 461 462 351
3 461 466 462
3 461 944 466
3 462 463 351
3 462 464 463
3 462 622 464
3 463 751 351
3 464 465 463
3 464 531 465
3 464 871 531
3 465 507 463
3 465 827 507
3 466 622 462
3 466 877 622
3 466 894 877
3 466 944 894
3 467 468 315
3 467 741 468
3 467 784 741
3 467 924 784
3 468 469 315
3 468 470 469
3 468 471 470
3 468 741 471
3 469 912 315
3 470 763 469
3 471 472 470
3 471 485 472
3 471 486 485
3 471 741 486
3 472 473 470
3 472 474 473
3 472 606 474
3 473 763 470
3 474 475 473
3 474 596 475
3 474 658 596
3 475 476 473
3 475 477 476
3 475 478 477
3 475 596 478
3 476 763 473
3 476 858 763
3 477 642 476
3 477 796 642
3 478 479 477
3 478 480 479
3 478 484 480
3 478 596 484
3 479 796 477
3 480 481 479
3 480 482 481
3 480 595 482
3 481 483 479
3 481 802 483
3 482 489 481
3 482 490 489
3 482 491 490
3 482 595 491
3 483 796 479
3 483 880 539
3 484 595 480
3 484 848 595
3 485 606 472
3 485 834 606
3 486 487 485
3 486 488 487
3 486 494 488
3 486 741 494
3 487 721 510
3 487 834 485
3 488 721 487
3 489 802 481
3 489 803 802
3 490 727 489
3 491 492 490
3 491 620 492
3 491 788 620
3 492 493 490
3 492 592 493
3 492 620 509
3 493 727 490
3 493 833 528
3 494 495 488
3 494 864 495
3 495 496 488
3 495 497 496
3 495 829 497
3 495 864 829
3 496 721 488
3 496 822 721
3 497 498 496
3 497 499 498
3 497 500 499
3 497 829 500
3 498 822 496
3 499 644 498
3 499 827 644
3 500 505 499
3 500 767 505
3 500 829 660
3 501 608 397
3 501 826 184
3 501 853 608
3 502 533 269
3 502 722 381
3 502 879 533
3 503 788 277
3 504 705 383
3 504 706 151
3 504 711 706
3 504 937 705
3 505 827 499
3 505 898 827
3 506 792 187
3 506 862 792
3 506 933 862
3 507 751 463
3 507 914 751
3 508 866 168
3 508 867 866
3 509 592 492
3 509 879 502
3 510 721 308
3 510 834 487
3 511 764 312
3 511 822 764
3 512 840 241
3 512 942 840
3 513 616 28
3 513 789 430
3 514 891 214
3 514 913 891
3 515 871 311
3 516 851 193
3 517 817 124
3 517 848 817
3 518 902 423
3 518 929 902
3 519 520 518
3 519 602 520
3 519 875 602
3 520 602 593
3 520 929 518
3 521 522 335
3 521 877 522
3 522 750 335
3 522 785 750
3 522 894 785
3 523 621 524
3 523 939 176
3 524 843 725
3 524 888 174
3 524 939 523
3 525 526 393
3 525 610 526
3 525 811 130
3 526 548 393
3 526 549 548
3 526 550 549
3 526 610 550
3 527 785 374
3 527 926 785
3 528 727 493
3 528 833 340
3 529 658 606
3 529 834 301
3 530 859 344
3 530 916 859
3 531 644 465
3 531 764 644
3 531 871 515
3 532 710 375
3 532 740 710
3 532 772 144
3 533 879 266
3 534 641 372
3 534 893 641
3 534 935 893
3 535 642 317
3 535 858 642
3 536 844 535
3 536 912 844
3 537 634 402
3 537 899 435
3 538 634 537
3 538 777 634
3 538 883 643
3 539 540 286
3 539 796 483
3 539 880 540
3 540 880 802
3 540 904 283
3 541 795 385
3 541 905 795
3 541 933 905
3 542 917 865
3 542 938 145
3 543 544 109
3 543 593 544
3 543 929 593
3 544 935 141
3 545 613 394
3 545 677 136
3 546 677 545
3 546 678 677
3 546 695 678
3 546 709 695
3 547 610 130
3 547 908 610
3 548 551 393
3 548 787 551
3 548 931 313
3 549 931 548
3 549 932 931
3 550 552 549
3 550 553 552
3 550 908 553
3 551 742 305
3 551 787 742
3 552 638 320
3 552 932 549
3 553 554 552
3 553 854 554
3 553 908 619
3 554 638 552
3 554 639 638
3 554 640 639
3 554 854 640
3 555 556 161
3 555 557 556
3 556 760 161
3 556 897 760
3 557 558 556
3 558 897 556
3 559 560 558
3 559 561 560
3 559 562 561
3 559 915 562
3 560 598 558
3 560 599 598
3 560 600 599
3 561 600 560
3 561 918 600
3 562 563 561
3 562 564 563
3 562 565 564
3 562 915 565
3 563 758 243
3 563 759 561
3 564 758 563
3 564 910 758
3 565 669 564
3 565 816 669
3 565 915 800
3 566 567 138
3 566 582 567
3 566 583 582
3 567 568 138
3 567 569 568
3 567 585 569
3 568 736 138
3 569 570 568
3 569 584 570
3 569 587 584
3 569 886 587
3 570 571 568
3 570 572 571
3 570 573 572
3 570 584 573
3 571 736 568
3 571 849 607
3 572 849 571
3 573 574 572
3 573 575 574
3 573 579 575
3 573 584 579
3 574 576 572
3 574 577 576
3 574 618 577
3 575 618 574
3 576 849 572
3 577 578 576
3 577 580 578
3 577 586 580
3 577 618 586
3 578 782 576
3 579 589 575
3 579 762 589
3 580 581 578
3 580 737 581
3 581 735 578
3 581 737 629
3 582 585 567
3 582 643 585
3 582 777 643
3 583 777 582
3 584 761 579
3 584 892 761
3 585 886 569
3 586 588 580
3 586 845 588
3 586 928 222
3 587 886 257
3 587 892 584
3 588 737 580
3 588 845 190
3 589 590 575
3 589 591 590
3 589 762 203
3 589 831 591
3 590 618 575
3 590 928 618
3 591 781 590
3 591 791 781
3 591 831 791
3 592 833 493
3 593 594 544
3 593 755 594
3 593 929 520
3 594 935 544
3 595 788 491
3 595 848 788
3 596 817 484
3 597 812 44
3 597 830 405
3 597 943 830
3 598 897 558
3 598 923 897
3 599 919 188
3 599 923 598
3 600 601 599
3 600 918 245
3 601 813 801
3 601 837 813
3 601 919 599
3 602 755 593
3 602 874 316
3 602 875 874
3 603 909 155
3 604 734 437
3 604 861 146
3 605 902 132
3 606 658 474
3 606 834 529
3 607 736 571
3 607 782 125
3 607 849 782
3 608 696 389
3 608 853 696
3 609 927 133
3 610 908 550
3 611 808 143
3 611 815 808
3 612 853 501
3 613 772 394
3 614 789 513
3 614 840 442
3 614 925 789
3 615 750 444
3 615 799 9
3 616 722 269
3 617 825 441
3 617 942 825
3 618 928 586
3 619 854 553
3 619 908 547
3 620 788 503
3 620 879 509
3 621 843 524
3 621 881 443
3 622 871 464
3 622 877 311
3 623 624 97
3 623 631 624
3 623 735 631
3 624 625 135
3 624 631 625
3 625 626 135
3 625 627 626
3 625 629 627
3 625 631 629
3 626 675 135
3 627 628 626
3 627 652 628
3 628 632 626
3 628 633 632
3 628 652 345
3 629 630 627
3 629 631 581
3 629 920 630
3 630 652 627
3 630 857 652
3 630 920 242
3 631 735 581
3 632 645 150
3 632 675 626
3 633 645 632
3 633 646 645
3 633 651 646
3 634 777 143
3 634 808 402
3 635 636 158
3 635 748 636
3 636 748 416
3 636 754 158
3 636 906 754
3 637 934 409
3 638 639 328
3 639 832 328
3 639 841 369
3 640 841 639
3 640 854 142
3 640 900 841
3 641 771 372
3 641 806 771
3 641 807 339
3 641 893 807
3 642 796 317
3 642 858 476
3 643 777 538
3 643 821 585
3 643 883 254
3 644 764 498
3 644 827 465
3 645 673 150
3 646 647 645
3 646 648 647
3 646 651 352
3 647 649 134
3 647 673 645
3 648 649 647
3 648 752 649
3 649 653 134
3 649 654 653
3 649 752 654
3 650 717 152
3 650 747 717
3 650 870 747
3 652 907 345
3 653 654 149
3 654 655 149
3 654 656 655
3 654 752 656
3 655 756 149
3 655 823 756
3 655 890 823
3 656 752 356
3 656 783 366
3 656 890 655
3 657 875 519
3 657 936 838
3 658 817 596
3 659 828 380
3 660 767 500
3 660 829 321
3 661 732 340
3 661 833 592
3 662 878 147
3 663 664 131
3 663 665 664
3 663 718 665
3 664 669 131
3 665 666 664
3 665 667 666
3 665 670 667
3 665 718 670
3 666 668 664
3 666 896 668
3 667 873 666
3 668 669 664
3 668 896 885
3 668 910 669
3 669 816 131
3 669 910 564
3 670 671 667
3 670 718 127
3 670 804 671
3 671 672 667
3 671 804 691
3 671 809 672
3 672 873 667
3 674 835 154
3 676 768 139
3 677 744 136
3 678 679 677
3 678 680 679
3 678 681 680
3 678 695 681
3 679 744 677
3 679 770 701
3 680 770 679
3 681 682 680
3 681 694 682
3 681 695 252
3 682 683 680
3 682 684 683
3 682 720 684
3 683 770 680
3 683 786 770
3 684 685 683
3 684 686 685
3 684 720 256
3 685 786 683
3 685 819 786
3 686 687 685
3 686 688 687
3 686 693 688
3 687 819 685
3 687 836 819
3 688 689 687
3 688 690 689
3 688 728 690
3 689 836 687
3 690 691 689
3 690 728 258
3 690 809 691
3 691 692 689
3 691 804 692
3 691 809 671
3 692 804 780
3 692 836 689
3 692 850 836
3 693 728 688
3 694 720 682
3 695 714 252
3 696 799 444
3 696 853 183
3 697 703 86
3 698 699 697
3 698 823 708
3 698 842 699
3 699 703 697
3 699 860 446
3 699 884 703
3 700 819 148
3 701 744 679
3 701 770 128
3 702 937 151
3 703 884 129
3 704 860 360
3 705 937 445
3 706 766 81
3 707 708 366
3 707 842 708
3 708 842 698
3 708 890 366
3 709 714 695
3 710 740 455
3 711 766 706
3 711 878 662
3 712 774 296
3 712 936 413
3 713 774 712
3 713 934 304
3 715 740 144
3 716 740 715
3 716 930 455
3 717 746 152
3 717 856 458
3 719 723 382
3 721 822 308
3 723 868 399
3 724 863 396
3 724 867 244
3 725 843 419
3 725 863 724
3 725 888 524
3 726 913 215
3 727 803 489
3 729 896 259
3 730 768 676
3 730 868 768
3 730 878 404
3 731 752 648
3 732 828 272
3 733 779 403
3 733 876 348
3 734 814 406
3 735 782 578
3 737 920 629
3 738 852 341
3 738 901 429
3 739 885 729
3 741 784 494
3 742 787 299
3 743 901 452
3 743 913 456
3 745 815 611
3 745 922 401
3 746 773 408
3 746 927 609
3 747 856 717
3 747 870 36
3 748 778 416
3 748 861 778
3 749 906 636
3 750 926 400
3 751 914 331
3 753 843 621
3 754 872 158
3 754 906 153
3 755 807 594
3 755 820 807
3 756 823 137
3 757 882 71
3 757 930 716
3 758 885 739
3 758 910 885
3 759 918 561
3 760 897 253
3 761 762 579
3 761 797 762
3 761 892 211
3 762 903 203
3 763 844 469
3 763 858 844
3 764 822 498
3 765 852 428
3 765 881 460
3 766 887 80
3 767 895 505
3 768 868 422
3 769 792 431
3 769 865 361
3 769 876 865
3 770 786 128
3 771 806 273
3 775 883 436
3 776 805 453
3 776 901 738
3 778 861 437
3 780 804 127
3 780 850 692
3 781 791 179
3 781 928 590
3 782 849 576
3 784 864 494
3 784 924 321
3 785 894 374
3 785 926 750
3 786 819 700
3 788 848 277
3 789 925 358
3 790 899 327
3 791 831 180
3 792 940 431
3 793 923 188
3 794 876 769
3 795 905 447
3 797 903 762
3 798 932 320
3 800 816 565
3 800 915 126
3 801 813 173
3 801 919 601
3 802 803 540
3 802 880 483
3 803 904 540
3 805 889 453
3 807 820 339
3 807 893 594
3 808 815 402
3 809 824 672
3 810 892 587
3 811 909 603
3 812 900 142
3 813 837 178
3 814 927 408
3 817 848 484
3 818 934 637
3 819 836 148
3 821 886 585
3 823 890 708
3 824 855 672
3 825 891 449
3 825 942 214
3 826 851 516
3 827 898 507
3 829 864 321
3 830 938 434
3 830 943 145
3 835 930 154
3 836 850 148
3 838 875 657
3 838 936 296
3 839 851 425
3 840 942 617
3 841 900 424
3 842 860 699
3 844 858 535
3 844 912 469
3 846 921 358
3 846 925 442
3 847 902 605
3 847 906 749
3 852 941 341
3 855 873 672
3 856 909 457
3 857 907 652
3 859 869 344
3 859 916 440
3 862 933 541
3 862 940 792
3 865 876 733
3 865 917 361
3 865 938 542
3 866 867 447
3 866 905 227
3 869 889 344
3 873 896 666
3 874 875 284
3 877 894 522
3 884 911 129
3 885 896 729
3 885 910 668
3 891 913 451
3 893 935 594
3 894 944 374
3 895 898 505
3 897 923 253
3 898 914 507
3 902 929 132
3 905 933 227
3 911 937 702
3 922 935 534
3 931 932 798

CELL_TYPES 1766
5
5
5
5
5
5
5
5
5
5
5
5
5
5
5
5
5
5
5
5
5
5
5
5
5
5
5
5
5
5
5
5
5
5
5
5
5
5
5
5
5
5
5
5
5
5
5
5
5
5
5
5
5
5
5
5
5
5
5
5
5
5
5
5
5
5
5
5
5
5
5
5
5
5
5
5
5
5
5
5
5
5
5
5
5
5
5
5
5
5
5
5
5
5
5
5
5
5
5
5
5
5
5
5
5
5
5
5
5
5
5
5
5
5
5
5
5
5
5
5
5
5
5
5
5
5
5
5
5
5
5
5
5
5
5
5
5
5
5
5
5
5
5
5
5
5
5
5
5
5
5
5
5
5
5
5
5
5
5
5
5
5
5
5
5
5
5
5
5
5
5
5
5
5
5
5
5
5
5
5
5
5
5
5
5
5
5
5
5
5
5
5
5
5
5
5
5
5
5
5
5
5
5
5
5
5
5
5
5
5
5
5
5
5
5
5
5
5
5
5
5
5
5
5
5
5
5
5
5
5
5
5
5
5
5
5
5
5
5
5
5
5
5
5
5
5
5
5
5
5
5
5
5
5
5
5
5
5
5
5
5
5
5
5
5
5
5
5
5
5
5
5
5
5
5
5
5
5
5
5
5
5
5
5
5
5
5
5
5
5
5
5
5
5
5
5
5
5
5
5
5
5
5
5
5
5
5
5
5
5
5
5
5
5
5
5
5
5
5
5
5
5
5
5
5
5
5
5
5
5
5
5
5
5
5
5
5
5
5
5
5
5
5
5
5
5
5
5
5
5
5
5
5
5
5
5
5
5
5
5
5
5
5
5
5
5
5
5
5
5
5
5
5
5
5
5
5
5
5
5
5
5
5
5
5
5
5
5
5
5
5
5
5
5
5
5
5
5
5
5
5
5
5
5
5
5
5
5
5
5
5
5
5
5
5
5
5
5
5
5
5
5
5
5
5
5
5
5
5
5
5
5
5
5
5
5
5
5
5
5
5
5
5
5
5
5
5
5
5
5
5
5
5
5
5
5
5
5
5
5
5
5
5
5
5
5
5
5
5
5
5
5
5
5
5
5
5
5
5
5
5
5
5
5
5
5
5
5
5
5
5
5
5
5
5
5
5
5
5
5
5
5
5
5
5
5
5
5
5
5
5
5
5
5
5
5
5
5
5
5
5
5
5
5
5
5
5
5
5
5
5
5
5
5
5
5
5
5
5
5
5
5
5
5
5
5
5
5
5
5
5
5
5
5
5
5
5
5
5
5
5
5
5
5
5
5
5
5
5
5
5
5
5
5
5
5
5
5
5
5
5
5
5
5
5
5
5
5
5
5
5
5
5
5
5
5
5
5
5
5
5
5
5
5
5
5
5
5
5
5
5
5
5
5
5
5
5
5
5
5
5
5
5
5
5
5
5
5
5
5
5
5
5
5
5
5
5
5
5
5
5
5
5
5
5
5
5
5
5
5
5
5
5
5
5
5
5
5
5
5
5
5
5
5
5
5
5
5
5
5
5
5
5
5
5
5
5
5
5
5
5
5
5
5
5
5
5
5
5
5
5
5
5
5
5
5
5
5
5
5
5
5
5
5
5
5
5
5
5
5
5
5
5
5
5
5
5
5
5
5
5
5
5
5
5
5
5
5
5
5
5
5
5
5
5
5
5
5
5
5
5
5
5
5
5
5
5
5
5
5
5
5
5
5
5
5
5
5
5
5
5
5
5
5
5
5
5
5
5
5
5
5
5
5
5
5
5
5
5
5
5
5
5
5
5
5
5
5
5
5
5
5
5
5
5
5
5
5
5
5
5
5
5
5
5
5
5
5
5
5
5
5
5
5
5
5
5
5
5
5
5
5
5
5
5
5
5
5
5
5
5
5
5
5
5
5
5
5
5
5
5
5
5
5
5
5
5
5
5
5
5
5
5
5
5
5
5
5
5
5
5
5
5
5
5
5
5
5
5
5
5
5
5
5
5
5
5
5
5
5
5
5
5
5
5
5
5
5
5
5
5
5
5
5
5
5
5
5
5
5
5
5
5
5
5
5
5
5
5
5
5
5
5
5
5
5
5
5
5
5
5
5
5
5
5
5
5
5
5
5
5
5
5
5
5
5
5
5
5
5
5
5
5
5
5
5
5
5
5
5
5
5
5
5
5
5
5
5
5
5
5
5
5
5
5
5
5
5
5
5
5
5
5
5
5
5
5
5
5
5
5
5
5
5
5
5
5
5
5
5
5
5
5
5
5
5
5
5
5
5
5
5
5
5
5
5
5
5
5
5
5
5
5
5
5
5
5
5
5
5
5
5
5
5
5
5
5
5
5
5
5
5
5
5
5
5
5
5
5
5
5
5
5
5
5
5
5
5
5
5
5
5
5
5
5
5
5
5
5
5
5
5
5
5
5
5
5
5
5
5
5
5
5
5
5
5
5
5
5
5
5
5
5
5
5
5
5
5
5
5
5
5
5
5
5
5
5
5
5
5
5
5
5
5
5
5
5
5
5
5
5
5
5
5
5
5
5
5
5
5
5
5
5
5
5
5
5
5
5
5
5
5
5
5
5
5
5
5
5
5
5
5
5
5
5
5
5
5
5
5
5
5
5
5
5
5
5
5
5
5
5
5
5
5
5
5
5
5
5
5
5
5
5
5
5
5
5
5
5
5
5
5
5
5
5
5
5
5
5
5
5
5
5
5
5
5
5
5
5
5
5
5
5
5
5
5
5
5
5
5
5
5
5
5
5
5
5
5
5
5
5
5
5
5
5
5
5
5
5
5
5
5
5
5
5
5
5
5
5
5
5
5
5
5
5
5
5
5
5
5
5
5
5
5
5
5
5
5
5
5
5
5
5
5
5
5
5
5
5
5
5
5
5
5
5
5
5
5
5
5
5
5
5
5
5
5
5
5
5
5
5
5
5
5
5
5
5
5
5
5
5
5
5
5
5
5
5
5
5
5
5
5
5
5
5
5
5
5
5
5
5
5
5
5
5
5
5
5
5
5
5
5
5
5
5
5
5
5
5
5
5
5
5
5
5
5
5
5
5
5
5
5
5
5
5
5
5
5
5
5
5
5
5
5
5
5
5
5
5
5
5
5
5
5
5
5
5
5
5
5
5
5
5
5
5
5
5
5
5
5
5
5
5
5
5
5
5
5
5
5
5
5
5
5
5
5
5
5
5
5
5
5
5
5
5
5
5
5
5
5
5
5
5
5
5
5
5
5
5
5
5
5
5
5
5
5
5
5
5
5
5
5
5
5
5
5
5
5
5
5
5
5
5
5
5
5
5
5
5
5
5
5
5
5
5
5
5
5
5
5
5
5
5
5
5
5
5
5
5
5
5
5
5
5
5
5
5
5
5
5
5
5
5
5
5
5
5
5
5
5
5
5
5
5
5
5
5
5
5
5
5
5
5
5
5
5
5
5
5
5
5
5
5
5
5
5
5
5
5
5
5
5
5
5
5
5
5
5
5
5
5
5
5
5
5
5
5
5
5
5
5
5
5
5
5
5
5
5
5
5
5
5
5
5
5
5
5
5
5
5
5
5
5
5
5
5
5
5
5
5
5
5
5
5
5
5
5
5
5
5
5
5
5
5
5
5
5
5
5
5
5
5
5
5
5
5
5
5
5
5
5
5
5
5
5
5
5
5
5
5
5
5
5
5
5
5
5
5
5
5
5
5
5
5
5
5
5
5
5
5
5
5
5
5
5
5
5
5
5
5
5
5
5
5
5
5
5
5
5
5
5
5
5
5
5
5
5
5
5
5
5
5
5
5
5
5
5
5
5
5
5
5
5
5
5
5
5
5
5
5
5
5
5
5
5
5
5
5
5
5
5
5
5
5
5
5
5
5
5
5
5
5
5
5
5
5
5
5
5
5
5
5
5
5
5
5
5
5
5
5
5
5
5
5
5
5
5
5
5
5
5
5
5
5
5
5
5
5
5
5
5
5
5
5
5
5
5
5
5
5
5
5
5
5
5
5
POINT_DATA 945
FIELD FieldData 2
VELOCITY 3 945  float
1.0000000e-01 0.0000000e+00 0.0000000e+00 
1.0000094e-01 0.0000000e+00 0.0000000e+00 
1.0000039e-01 0.0000000e+00 0.0000000e+00 
1.0000000e-01 0.0000000e+00 0.0000000e+00 
0.0000000e+00 0.0000000e+00 0.0000000e+00 
0.0000000e+00 0.0000000e+00 0.0000000e+00 
0.0000000e+00 0.0000000e+00 0.0000000e+00 
0.0000000e+00 0.0000000e+00 0.0000000e+00 
0.0000000e+00 0.0000000e+00 0.0000000e+00 
0.0000000e+00 0.0000000e+00 0.0000000e+00 
0.0000000e+00 0.0000000e+00 0.0000000e+00 
0.0000000e+00 0.0000000e+00 0.0000000e+00 
0.0000000e+00 0.0000000e+00 0.0000000e+00 
0.0000000e+00 0.0000000e+00 0.0000000e+00 
0.0000000e+00 0.0000000e+00 0.0000000e+00 
0.0000000e+00 0.0000000e+00 0.0000000e+00 
0.0000000e+00 0.0000000e+00 0.0000000e+00 
0.0000000e+00 0.0000000e+00 0.0000000e+00 
0.0000000e+00 0.0000000e+00 0.0000000e+00 
0.0000000e+00 0.0000000e+00 0.0000000e+00 
0.0000000e+00 0.0000000e+00 0.0000000e+00 
0.0000000e+00 0.0000000e+00 0.0000000e+00 
0.0000000e+00 0.0000000e+00 0.0000000e+00 
0.0000000e+00 0.0000000e+00 0.0000000e+00 
0.0000000e+00 0.0000000e+00 0.0000000e+00 
0.0000000e+00 0.0000000e+00 0.0000000e+00 
0.0000000e+00 0.0000000e+00 0.0000000e+00 
0.0000000e+00 0.0000000e+00 0.0000000e+00 
0.0000000e+00 0.0000000e+00 0.0000000e+00 
0.0000000e+00 0.0000000e+00 0.0000000e+00 
0.0000000e+00 0.0000000e+00 0.0000000e+00 
0.0000000e+00 0.0000000e+00 0.0000000e+00 
0.0000000e+00 0.0000000e+00 0.0000000e+00 
0.0000000e+00 0.0000000e+00 0.0000000e+00 
0.0000000e+00 0.0000000e+00 0.0000000e+00 
0.0000000e+00 0.0000000e+00 0.0000000e+00 
1.0018398e-01 5.8565034e-27 0.0000000e+00 
1.0076050e-01 -1.2924697e-26 0.0000000e+00 
1.0190037e-01 -1.2924697e-26 0.0000000e+00 
1.0385972e-01 -1.2924697e-26 0.0000000e+00 
1.0688645e-01 1.5509636e-25 0.0000000e+00 
1.1098727e-01 1.5509636e-25 0.0000000e+00 
1.1612554e-01 1.5509636e-25 0.0000000e+00 
1.2178469e-01 4.1359031e-25 0.0000000e+00 
1.2734424e-01 7.2378304e-25 0.0000000e+00 
1.3195123e-01 4.1359031e-25 0.0000000e+00 
1.3509333e-01 0.0000000e+00 0.0000000e+00 
1.3643368e-01 0.0000000e+00 0.0000000e+00 
1.3584553e-01 0.0000000e+00 0.0000000e+00 
1.3328741e-01 -4.1359031e-24 0.0000000e+00 
1.2885123e-01 -4.1359031e-24 0.0000000e+00 
1.2310293e-01 -4.1359031e-24 0.0000000e+00 
1.1724819e-01 0.0000000e+00 0.0000000e+00 
1.1203149e-01 0.0000000e+00 0.0000000e+00 
1.0771941e-01 0.0000000e+00 0.0000000e+00 
1.0467278e-01 -1.0339758e-25 0.0000000e+00 
1.0273059e-01 -1.0339758e-25 0.0000000e+00 
1.0157140e-01 -1.0339758e-25 0.0000000e+00 
1.0088904e-01 -5.1698788e-26 0.0000000e+00 
1.0050486e-01 -5.1698788e-26 0.0000000e+00 
1.0029178e-01 -5.1698788e-26 0.0000000e+00 
1.0016672e-01 -2.5849394e-26 0.0000000e+00 
1.0009587e-01 -2.5849394e-26 0.0000000e+00 
1.0005489e-01 -2.5849394e-26 0.0000000e+00 
1.0003137e-01 -3.2311743e-27 0.0000000e+00 
1.0001796e-01 -3.2311743e-27 0.0000000e+00 
1.0001039e-01 -3.2311743e-27 0.0000000e+00 
1.0000604e-01 -3.5972057e-27 0.0000000e+00 
1.0000359e-01 -3.5972057e-27 0.0000000e+00 
1.0000217e-01 -3.5972057e-27 0.0000000e+00 
1.0000136e-01 1.5146129e-27 0.0000000e+00 
1.0000074e-01 3.9939968e-07 0.0000000e+00 
1.0000042e-01 6.4072293e-07 0.0000000e+00 
9.9999972e-02 6.9378837e-07 0.0000000e+00 
9.9999614e-02 5.3258407e-07 0.0000000e+00 
9.9999398e-02 2.0042056e-07 0.0000000e+00 
9.9999376e-02 -1.5454128e-07 0.0000000e+00 
9.9999636e-02 -4.3073794e-07 0.0000000e+00 
9.9999957e-02 -4.2956881e-07 0.0000000e+00 
1.0000022e-01 -2.9134566e-07 0.0000000e+00 
1.0000070e-01 1.0097420e-28 0.0000000e+00 
1.0000136e-01 1.1612033e-27 0.0000000e+00 
1.0000261e-01 1.1612033e-27 0.0000000e+00 
1.0000490e-01 1.1612033e-27 0.0000000e+00 
1.0000911e-01 -4.7457872e-27 0.0000000e+00 
1.0001608e-01 -4.7457872e-27 0.0000000e+00 
1.0002899e-01 -4.7457872e-27 0.0000000e+00 
1.0005213e-01 2.5849394e-26 0.0000000e+00 
1.0009127e-01 2.5849394e-26 0.0000000e+00 
1.0015962e-01 2.5849394e-26 0.0000000e+00 
1.0028107e-01 -2.0679515e-25 0.0000000e+00 
1.0049899e-01 -2.0679515e-25 0.0000000e+00 
1.0088130e-01 -2.0679515e-25 0.0000000e+00 
1.0155250e-01 2.0679515e-25 0.0000000e+00 
1.0270825e-01 2.0679515e-25 0.0000000e+00 
1.0462498e-01 2.0679515e-25 0.0000000e+00 
1.0763179e-01 0.0000000e+00 0.0000000e+00 
1.1192827e-01 0.0000000e+00 0.0000000e+00 
1.1725006e-01 0.0000000e+00 0.0000000e+00 
1.2318140e-01 -1.4475661e-24 0.0000000e+00 
1.2896664e-01 -1.4475661e-24 0.0000000e+00 
1.3331966e-01 -1.4475661e-24 0.0000000e+00 
1.3591239e-01 -3.6189152e-25 0.0000000e+00 
1.3657176e-01 -3.6189152e-25 0.0000000e+00 
1.3518608e-01 -3.6189152e-25 0.0000000e+00 
1.3191336e-01 5.1698788e-26 0.0000000e+00 
1.2724212e-01 5.1698788e-26 0.0000000e+00 
1.2175053e-01 5.1698788e-26 0.0000000e+00 
1.1613867e-01 -3.1019273e-25 0.0000000e+00 
1.1097502e-01 -3.1019273e-25 0.0000000e+00 
1.0685039e-01 -3.1019273e-25 0.0000000e+00 
1.0378925e-01 0.0000000e+00 0.0000000e+00 
1.0183188e-01 0.0000000e+00 0.0000000e+00 
1.0072360e-01 0.0000000e+00 0.0000000e+00 
1.0015834e-01 -3.2311743e-27 0.0000000e+00 
1.0000000e-01 0.0000000e+00 0.0000000e+00 
1.0000000e-01 0.0000000e+00 0.0000000e+00 
1.0000000e-01 0.0000000e+00 0.0000000e+00 
1.0000000e-01 0.0000000e+00 0.0000000e+00 
1.0000000e-01 0.0000000e+00 0.0000000e+00 
1.0000000e-01 0.0000000e+00 0.0000000e+00 
1.0000000e-01 0.0000000e+00 0.0000000e+00 
1.0000000e-01 0.0000000e+00 0.0000000e+00 
1.0000000e-01 0.0000000e+00 0.0000000e+00 
1.0344467e-02 8.6241011e-03 0.0000000e+00 
1.1990185e-01 -4.8774336e-03 0.0000000e+00 
1.2640922e-01 5.1771654e-03 0.0000000e+00 
1.0186046e-01 9.6665882e-04 0.0000000e+00 
1.0010752e-01 5.7002519e-05 0.0000000e+00 
1.0001054e-01 -5.5991413e-06 0.0000000e+00 
1.0453413e-01 -2.8170731e-03 0.0000000e+00 
1.0896078e-01 3.6783202e-03 0.0000000e+00 
1.0478546e-01 2.3975528e-03 0.0000000e+00 
9.9873379e-02 -1.8450199e-04 0.0000000e+00 
1.0057975e-01 -3.2315167e-04 0.0000000e+00 
1.0549115e-01 -2.5628249e-03 0.0000000e+00 
1.0001957e-01 1.1284836e-05 0.0000000e+00 
1.0006062e-01 -3.1118903e-05 0.0000000e+00 
1.3548142e-01 -2.1076554e-03 0.0000000e+00 
9.9999182e-02 5.1936553e-07 0.0000000e+00 
1.3710873e-01 5.0084444e-04 0.0000000e+00 
1.1904649e-01 4.0990920e-03 0.0000000e+00 
1.1898644e-01 -4.9777781e-03 0.0000000e+00 
1.3464510e-01 3.0001651e-03 0.0000000e+00 
1.0000378e-01 2.2811128e-06 0.0000000e+00 
1.3459003e-01 -2.7060180e-03 0.0000000e+00 
9.9946357e-02 3.9078938e-04 0.0000000e+00 
9.9999256e-02 -4.3518583e-07 0.0000000e+00 
1.0033360e-01 1.7196259e-04 0.0000000e+00 
1.0018208e-01 -9.9224068e-05 0.0000000e+00 
1.0183119e-01 -9.7940862e-04 0.0000000e+00 
1.0000284e-01 -1.8325785e-06 0.0000000e+00 
1.0000727e-01 -4.8937753e-04 0.0000000e+00 
1.0109327e-01 8.1458862e-04 0.0000000e+00 
1.0000021e-01 8.9424503e-07 0.0000000e+00 
1.0104212e-01 -9.4632414e-04 0.0000000e+00 
1.0000022e-01 -5.2447996e-07 0.0000000e+00 
1.0000148e-01 6.7257707e-07 0.0000000e+00 
1.0003955e-01 3.6786718e-04 0.0000000e+00 
1.3674729e-01 -1.0707069e-03 0.0000000e+00 
1.3929589e-01 -7.9722400e-04 0.0000000e+00 
1.3833004e-01 2.4256140e-03 0.0000000e+00 
1.4128469e-01 1.8540031e-03 0.0000000e+00 
1.4210171e-01 -1.9931004e-03 0.0000000e+00 
1.4222696e-01 1.2302969e-03 0.0000000e+00 
1.3919471e-01 5.6840535e-03 0.0000000e+00 
1.3265446e-01 6.1409194e-03 0.0000000e+00 
1.2779486e-01 1.0582299e-02 0.0000000e+00 
1.0768305e-01 1.1305396e-02 0.0000000e+00 
1.0545630e-01 1.4126714e-02 0.0000000e+00 
7.8723989e-02 1.3343654e-02 0.0000000e+00 
7.7664152e-02 1.5514851e-02 0.0000000e+00 
4.9588446e-02 1.2155320e-02 0.0000000e+00 
4.9264301e-02 1.3954523e-02 0.0000000e+00 
2.2800170e-02 8.8151442e-03 0.0000000e+00 
2.5793422e-02 1.0049986e-02 0.0000000e+00 
6.7163059e-03 4.0987930e-03 0.0000000e+00 
1.3767249e-02 3.9845286e-03 0.0000000e+00 
3.1795923e-02 1.1181109e-02 0.0000000e+00 
2.2756953e-02 2.9440362e-03 0.0000000e+00 
8.4886467e-03 -2.1410950e-03 0.0000000e+00 
4.1543402e-02 1.2074172e-02 0.0000000e+00 
3.4726944e-02 9.5572043e-04 0.0000000e+00 
2.8765947e-03 1.2887761e-04 0.0000000e+00 
-1.2111856e-03 -2.5001664e-03 0.0000000e+00 
5.2457020e-02 1.2379035e-02 0.0000000e+00 
4.9091328e-02 -3.9833522e-04 0.0000000e+00 
1.4378820e-01 -3.6167298e-03 0.0000000e+00 
1.0697937e-01 1.6623698e-02 0.0000000e+00 
6.4569734e-02 1.1299151e-02 0.0000000e+00 
6.3882940e-02 -1.9493114e-03 0.0000000e+00 
1.9888205e-03 -1.5294598e-03 0.0000000e+00 
1.6586769e-02 -7.0715384e-03 0.0000000e+00 
-1.4476560e-03 1.2088597e-03 0.0000000e+00 
7.4176267e-02 7.9962518e-03 0.0000000e+00 
7.6841988e-02 -3.4331393e-03 0.0000000e+00 
8.3475165e-02 4.7808881e-03 0.0000000e+00 
8.5694507e-02 -2.1388237e-03 0.0000000e+00 
8.9998282e-02 2.9484055e-03 0.0000000e+00 
9.1581501e-02 -1.6451487e-03 0.0000000e+00 
9.4045751e-02 1.5917823e-03 0.0000000e+00 
9.9289520e-03 -5.1094745e-03 0.0000000e+00 
3.2697942e-02 -1.0057364e-02 0.0000000e+00 
4.4799656e-02 -1.3132881e-02 0.0000000e+00 
2.8712388e-02 -7.9172673e-03 0.0000000e+00 
5.4330677e-02 -1.1771966e-02 0.0000000e+00 
4.8854351e-02 -9.6032154e-03 0.0000000e+00 
7.9445675e-02 -1.2068069e-02 0.0000000e+00 
7.2595090e-02 -1.0113711e-02 0.0000000e+00 
1.0426380e-01 -1.0384386e-02 0.0000000e+00 
1.0313946e-01 -8.1272395e-03 0.0000000e+00 
1.0657851e-01 -1.2606010e-02 0.0000000e+00 
1.2567946e-01 -6.4788647e-03 0.0000000e+00 
1.2723231e-01 -3.0344522e-03 0.0000000e+00 
9.4703883e-03 -2.9092899e-03 0.0000000e+00 
-6.1266837e-05 1.6320708e-03 0.0000000e+00 
9.5318690e-02 -1.0674080e-03 0.0000000e+00 
9.6601449e-02 7.6682644e-04 0.0000000e+00 
9.7503446e-02 -8.8879385e-04 0.0000000e+00 
9.8159060e-02 3.3423980e-04 0.0000000e+00 
1.3894022e-01 -1.5558444e-03 0.0000000e+00 
1.4075166e-01 2.6777023e-03 0.0000000e+00 
4.9953282e-02 -1.1385604e-02 0.0000000e+00 
9.8650597e-02 -5.1834981e-04 0.0000000e+00 
9.8971024e-02 1.5707081e-04 0.0000000e+00 
9.9256456e-02 -3.0386873e-04 0.0000000e+00 
9.9424884e-02 6.7366745e-05 0.0000000e+00 
1.1351451e-01 8.3445227e-03 0.0000000e+00 
9.9589683e-02 -1.7859446e-04 0.0000000e+00 
9.9678569e-02 2.7112555e-05 0.0000000e+00 
9.9769130e-02 -1.0284172e-04 0.0000000e+00 
9.9818811e-02 1.0681114e-05 0.0000000e+00 
-2.1194038e-03 -9.8355871e-04 0.0000000e+00 
9.9871948e-02 -5.9785234e-05 0.0000000e+00 
9.9896066e-02 3.7144353e-06 0.0000000e+00 
9.9929519e-02 -3.8816186e-05 0.0000000e+00 
9.9941574e-02 -6.0185056e-07 0.0000000e+00 
9.9961638e-02 -2.2517759e-05 0.0000000e+00 
9.9967152e-02 -1.0637344e-06 0.0000000e+00 
1.2748994e-01 5.0555181e-04 0.0000000e+00 
1.4214817e-01 7.8773322e-03 0.0000000e+00 
3.1010346e-02 -3.7582880e-03 0.0000000e+00 
8.8611208e-02 -9.2265252e-03 0.0000000e+00 
8.6013749e-02 1.6527606e-02 0.0000000e+00 
5.0879408e-02 1.0032942e-02 0.0000000e+00 
7.2771922e-02 2.0226501e-02 0.0000000e+00 
9.9978581e-02 -1.2920368e-05 0.0000000e+00 
9.9981397e-02 -9.3250014e-07 0.0000000e+00 
9.9988081e-02 -7.4973404e-06 0.0000000e+00 
9.9989466e-02 -7.0628005e-07 0.0000000e+00 
9.9987917e-02 5.7223829e-06 0.0000000e+00 
9.9993058e-02 3.1504092e-06 0.0000000e+00 
9.9963501e-02 1.9328056e-05 0.0000000e+00 
1.3451554e-01 9.7583402e-03 0.0000000e+00 
1.4333856e-01 2.4077015e-03 0.0000000e+00 
9.9993475e-02 -4.4080484e-06 0.0000000e+00 
9.9814624e-02 1.2520864e-04 0.0000000e+00 
1.3674834e-01 -4.9733152e-03 0.0000000e+00 
9.9049725e-02 8.2627765e-04 0.0000000e+00 
9.5057428e-02 4.9336599e-03 0.0000000e+00 
1.3284609e-01 6.6679777e-03 0.0000000e+00 
1.4312786e-01 1.3769053e-02 0.0000000e+00 
1.4390215e-01 1.1755725e-02 0.0000000e+00 
1.4260866e-01 1.6982544e-02 0.0000000e+00 
1.4229962e-01 2.0966515e-02 0.0000000e+00 
1.3970312e-01 2.2640312e-02 0.0000000e+00 
5.1508013e-02 4.0735416e-02 0.0000000e+00 
1.3958041e-01 2.8236844e-02 0.0000000e+00 
1.3475388e-01 2.7315112e-02 0.0000000e+00 
6.0435556e-02 2.2013700e-02 0.0000000e+00 
1.3446967e-01 2.0791886e-02 0.0000000e+00 
1.2913178e-01 2.3764515e-02 0.0000000e+00 
1.2772720e-01 3.1909056e-02 0.0000000e+00 
1.2279200e-01 2.5655042e-02 0.0000000e+00 
1.1917282e-01 3.2363124e-02 0.0000000e+00 
1.1626182e-01 2.5544666e-02 0.0000000e+00 
1.1137249e-01 3.0640582e-02 0.0000000e+00 
2.8589321e-02 3.8169667e-02 0.0000000e+00 
1.1032830e-01 2.3544841e-02 0.0000000e+00 
1.0452090e-01 2.6655227e-02 0.0000000e+00 
1.0555275e-01 2.0497575e-02 0.0000000e+00 
1.0019252e-01 2.1899955e-02 0.0000000e+00 
1.0201428e-01 1.6884910e-02 0.0000000e+00 
9.6725091e-02 1.7483281e-02 0.0000000e+00 
9.9759109e-02 1.2991347e-02 0.0000000e+00 
9.5981270e-02 1.1969863e-02 0.0000000e+00 
9.1668926e-02 1.4442208e-02 0.0000000e+00 
9.2800178e-02 9.5399451e-03 0.0000000e+00 
8.7893739e-02 1.0174242e-02 0.0000000e+00 
9.0190090e-02 6.2239184e-03 0.0000000e+00 
8.5909165e-02 4.8400057e-03 0.0000000e+00 
8.9808524e-02 2.2477140e-03 0.0000000e+00 
8.6211435e-02 -5.9779995e-04 0.0000000e+00 
9.0508282e-02 -1.3699931e-03 0.0000000e+00 
8.8493340e-02 -5.0820173e-03 0.0000000e+00 
9.2474177e-02 -4.2400649e-03 0.0000000e+00 
9.5850654e-02 7.9437988e-03 0.0000000e+00 
9.1811076e-02 -8.0473814e-03 0.0000000e+00 
8.6651862e-02 -1.0378979e-02 0.0000000e+00 
9.2495851e-02 -1.2413152e-02 0.0000000e+00 
8.8460453e-02 -1.7909614e-02 0.0000000e+00 
1.3659242e-02 -2.2750178e-02 0.0000000e+00 
9.4978578e-02 -1.7143793e-02 0.0000000e+00 
9.3346350e-02 -2.3378927e-02 0.0000000e+00 
9.2975132e-02 1.4198453e-03 0.0000000e+00 
9.4876088e-02 -6.0645426e-03 0.0000000e+00 
9.9098973e-02 -2.0853508e-02 0.0000000e+00 
9.9212214e-02 -2.7462618e-02 0.0000000e+00 
4.3550558e-02 -4.4683259e-02 0.0000000e+00 
1.0448631e-01 -2.3097467e-02 0.0000000e+00 
1.0647262e-01 -2.9509686e-02 0.0000000e+00 
6.7050569e-02 -1.3767780e-02 0.0000000e+00 
6.1180677e-02 -3.4525387e-02 0.0000000e+00 
9.9447161e-02 -1.5574354e-02 0.0000000e+00 
9.7450040e-02 2.8798696e-02 0.0000000e+00 
8.1616245e-02 -1.5037849e-02 0.0000000e+00 
1.0617753e-01 1.5290744e-02 0.0000000e+00 
8.1043139e-02 9.6316710e-03 0.0000000e+00 
1.1059872e-01 -2.3162857e-02 0.0000000e+00 
1.1470625e-01 -2.9781140e-02 0.0000000e+00 
1.0800299e-01 -1.8259577e-02 0.0000000e+00 
9.2296287e-02 -3.1729296e-02 0.0000000e+00 
9.5197514e-02 -3.2723641e-03 0.0000000e+00 
9.7223796e-02 -4.6371566e-03 0.0000000e+00 
9.7198039e-02 -2.3572629e-03 0.0000000e+00 
9.8533742e-02 -3.1144267e-03 0.0000000e+00 
1.2945932e-01 1.7800478e-02 0.0000000e+00 
1.3379377e-01 1.5111883e-02 0.0000000e+00 
1.1682831e-01 -2.1883469e-02 0.0000000e+00 
1.2182542e-01 -2.6130784e-02 0.0000000e+00 
1.2149486e-01 -3.3249013e-02 0.0000000e+00 
1.2857649e-01 -2.9754603e-02 0.0000000e+00 
1.2680125e-01 -2.2186337e-02 0.0000000e+00 
1.3308610e-01 -2.3375534e-02 0.0000000e+00 
1.3613036e-01 -2.9204192e-02 0.0000000e+00 
3.3324819e-02 3.6183279e-03 0.0000000e+00 
1.3046893e-01 -1.7705046e-02 0.0000000e+00 
1.3915882e-01 -2.2331521e-02 0.0000000e+00 
1.4116314e-01 -2.5598485e-02 0.0000000e+00 
1.1468087e-01 1.9659240e-02 0.0000000e+00 
1.1294613e-01 3.8495861e-02 0.0000000e+00 
2.1496937e-02 -5.2082492e-03 0.0000000e+00 
9.9994555e-02 7.8181947e-06 0.0000000e+00 
9.9996828e-02 4.4502112e-06 0.0000000e+00 
7.8029811e-02 -8.5577918e-03 0.0000000e+00 
9.7960852e-02 -2.6657572e-03 0.0000000e+00 
1.1038785e-01 -6.8383687e-04 0.0000000e+00 
1.4301956e-01 -1.9218080e-02 0.0000000e+00 
1.4092028e-01 -1.6319243e-02 0.0000000e+00 
1.3968036e-01 -1.7679162e-02 0.0000000e+00 
9.9174514e-02 -4.9685403e-03 0.0000000e+00 
1.3712725e-01 -3.3358235e-02 0.0000000e+00 
9.9394672e-02 -8.2293036e-04 0.0000000e+00 
9.9996045e-02 1.7506379e-06 0.0000000e+00 
1.3752431e-01 2.5077643e-02 0.0000000e+00 
1.3628142e-01 3.3625782e-02 0.0000000e+00 
9.9822059e-02 -2.5524589e-04 0.0000000e+00 
1.2674208e-01 2.6175313e-02 0.0000000e+00 
1.2330773e-01 1.6383665e-02 0.0000000e+00 
1.2950115e-01 1.2628248e-02 0.0000000e+00 
9.9984720e-02 -2.8052167e-05 0.0000000e+00 
1.4212663e-01 -5.2793454e-03 0.0000000e+00 
1.4245076e-01 -1.3425813e-02 0.0000000e+00 
1.3150269e-01 -9.2686396e-03 0.0000000e+00 
1.3640261e-01 -6.5647233e-03 0.0000000e+00 
1.1770421e-01 -1.1057801e-03 0.0000000e+00 
9.9952661e-02 -9.7760319e-05 0.0000000e+00 
9.8552108e-02 -1.6765934e-03 0.0000000e+00 
9.7780548e-02 -6.9285271e-04 0.0000000e+00 
1.2508717e-01 -1.6778972e-02 0.0000000e+00 
1.2860279e-01 -1.2658330e-02 0.0000000e+00 
9.9826895e-02 -3.1435441e-03 0.0000000e+00 
1.2485650e-01 1.4363017e-02 0.0000000e+00 
9.9998198e-02 2.5259203e-06 0.0000000e+00 
1.2425622e-01 -1.1491938e-02 0.0000000e+00 
9.9999502e-02 6.9804651e-06 0.0000000e+00 
9.9999361e-02 1.2122758e-05 0.0000000e+00 
9.9995799e-02 -9.3515600e-06 0.0000000e+00 
9.9997684e-02 -5.1084462e-06 0.0000000e+00 
1.2664007e-01 3.7053548e-02 0.0000000e+00 
1.3142274e-01 4.1118760e-02 0.0000000e+00 
1.2284452e-01 4.7186550e-02 0.0000000e+00 
9.9996366e-02 -2.4234680e-06 0.0000000e+00 
9.9998824e-02 -2.8187801e-06 0.0000000e+00 
1.2572211e-01 -1.8039603e-04 0.0000000e+00 
1.0151295e-01 4.4094352e-03 0.0000000e+00 
8.5580565e-02 4.1909683e-03 0.0000000e+00 
6.9084302e-02 7.2027668e-03 0.0000000e+00 
4.9551617e-02 6.5847212e-03 0.0000000e+00 
3.9124716e-02 6.0765091e-03 0.0000000e+00 
5.7340518e-02 7.6604355e-03 0.0000000e+00 
3.1266961e-02 5.1686778e-03 0.0000000e+00 
1.0095291e-01 -4.3532951e-03 0.0000000e+00 
1.0103086e-01 -6.8023135e-03 0.0000000e+00 
1.0000427e-01 8.2777378e-06 0.0000000e+00 
4.7851421e-02 7.6047289e-03 0.0000000e+00 
2.5102803e-02 4.6937494e-03 0.0000000e+00 
1.2531542e-02 1.5254747e-03 0.0000000e+00 
9.0778619e-03 1.6782770e-03 0.0000000e+00 
9.9997811e-02 -1.2963977e-06 0.0000000e+00 
6.1783504e-02 5.3030751e-03 0.0000000e+00 
1.2548150e-01 9.5442049e-03 0.0000000e+00 
1.3427693e-01 9.8877819e-03 0.0000000e+00 
1.3370739e-01 -1.2858894e-02 0.0000000e+00 
9.9999160e-02 -1.6217485e-06 0.0000000e+00 
1.3119623e-01 -8.7772980e-03 0.0000000e+00 
9.8942988e-02 -6.3023320e-04 0.0000000e+00 
9.8637946e-02 2.2124675e-04 0.0000000e+00 
9.9381931e-02 -1.1261373e-03 0.0000000e+00 
9.7077474e-02 8.7694370e-04 0.0000000e+00 
9.8557405e-02 1.3972323e-03 0.0000000e+00 
9.7598515e-02 2.6963057e-03 0.0000000e+00 
9.9026419e-02 2.4226278e-03 0.0000000e+00 
9.8580413e-02 4.4507319e-03 0.0000000e+00 
9.9946320e-02 3.2055285e-03 0.0000000e+00 
1.0045125e-01 5.0578401e-03 0.0000000e+00 
9.9839494e-02 1.8725839e-03 0.0000000e+00 
1.7790218e-03 -9.0126187e-04 0.0000000e+00 
-3.0693179e-04 -6.7175447e-06 0.0000000e+00 
7.2449483e-03 2.4383713e-03 0.0000000e+00 
-3.1190605e-03 -1.1606505e-03 0.0000000e+00 
-4.7283047e-03 -2.0832576e-04 0.0000000e+00 
9.9997677e-02 9.8832413e-07 0.0000000e+00 
1.0122189e-01 3.3199817e-03 0.0000000e+00 
1.2652716e-01 -8.3743213e-03 0.0000000e+00 
-4.5977877e-03 2.9843475e-05 0.0000000e+00 
-4.9712262e-03 1.6359419e-04 0.0000000e+00 
-3.2209640e-03 1.0903395e-03 0.0000000e+00 
-8.8082894e-04 -1.6156364e-04 0.0000000e+00 
1.9120004e-03 6.0576858e-04 0.0000000e+00 
1.0458457e-01 2.3697032e-02 0.0000000e+00 
1.4347790e-01 -9.1188680e-03 0.0000000e+00 
1.2426189e-01 4.6013799e-02 0.0000000e+00 
1.1575300e-01 5.3155057e-02 0.0000000e+00 
1.3528483e-01 -8.6397650e-03 0.0000000e+00 
1.4096273e-01 1.2820854e-02 0.0000000e+00 
1.4229149e-01 8.7130973e-03 0.0000000e+00 
9.9350959e-02 5.9508701e-04 0.0000000e+00 
1.1428238e-01 3.5362723e-03 0.0000000e+00 
8.4255323e-02 -3.7803482e-03 0.0000000e+00 
8.1380486e-02 -5.6745443e-03 0.0000000e+00 
5.3360805e-02 -6.5499996e-03 0.0000000e+00 
8.6820222e-02 -3.8921784e-04 0.0000000e+00 
-5.2529173e-03 9.9628269e-05 0.0000000e+00 
3.0590234e-02 6.1025806e-03 0.0000000e+00 
1.0000113e-01 -6.8681438e-06 0.0000000e+00 
1.0000216e-01 -1.3662072e-05 0.0000000e+00 
7.4371099e-02 8.7683471e-03 0.0000000e+00 
5.4222692e-02 -6.8122507e-03 0.0000000e+00 
2.9343134e-02 -4.9523478e-03 0.0000000e+00 
3.2308005e-02 -5.0154016e-03 0.0000000e+00 
1.3596897e-02 -1.5962191e-03 0.0000000e+00 
1.8162308e-02 -2.7669640e-03 0.0000000e+00 
3.5851989e-02 -5.9920708e-03 0.0000000e+00 
9.9998929e-02 1.3252325e-06 0.0000000e+00 
9.9999979e-02 2.2585182e-06 0.0000000e+00 
-1.2199314e-03 2.4723266e-03 0.0000000e+00 
1.0074815e-01 -2.6108618e-03 0.0000000e+00 
1.0009262e-01 -1.8735427e-03 0.0000000e+00 
1.3470948e-01 1.2726885e-02 0.0000000e+00 
1.2418086e-03 -2.1796036e-03 0.0000000e+00 
1.3530280e-01 -2.7464153e-02 0.0000000e+00 
1.2975125e-01 -3.3368319e-02 0.0000000e+00 
1.3122179e-01 -4.1184299e-02 0.0000000e+00 
1.2054516e-01 -4.1566584e-02 0.0000000e+00 
1.2262115e-01 -4.8812464e-02 0.0000000e+00 
1.2301937e-01 -2.2828827e-02 0.0000000e+00 
8.1840113e-02 -2.3005037e-02 0.0000000e+00 
7.4421220e-02 -1.9621240e-02 0.0000000e+00 
7.5140536e-02 -1.0996473e-02 0.0000000e+00 
6.6165365e-02 -1.3381459e-02 0.0000000e+00 
6.4361736e-02 -2.4637651e-02 0.0000000e+00 
5.3769052e-02 -1.6058007e-02 0.0000000e+00 
5.9507180e-02 -4.3792045e-03 0.0000000e+00 
4.5358505e-02 -2.7833602e-03 0.0000000e+00 
5.5926520e-02 7.6154764e-03 0.0000000e+00 
6.6702075e-02 3.5711504e-03 0.0000000e+00 
6.6269979e-02 1.3228929e-02 0.0000000e+00 
5.7457469e-02 2.0988660e-02 0.0000000e+00 
6.9268391e-02 2.2772150e-02 0.0000000e+00 
6.3809939e-02 3.3260252e-02 0.0000000e+00 
7.5447455e-02 3.0803632e-02 0.0000000e+00 
7.4411266e-02 4.1951060e-02 0.0000000e+00 
7.8915522e-02 2.2044856e-02 0.0000000e+00 
4.8204198e-02 3.1654526e-02 0.0000000e+00 
5.2050572e-02 -3.0827567e-02 0.0000000e+00 
6.6134274e-02 -3.7195127e-02 0.0000000e+00 
5.4526113e-02 -4.5538653e-02 0.0000000e+00 
7.2484314e-02 -4.8643608e-02 0.0000000e+00 
8.4182374e-02 3.6097426e-02 0.0000000e+00 
8.6673036e-02 4.6052091e-02 0.0000000e+00 
7.6037601e-02 5.3534459e-02 0.0000000e+00 
9.1876298e-02 5.5136938e-02 0.0000000e+00 
9.8094940e-02 4.6214275e-02 0.0000000e+00 
7.8244023e-02 -3.8581673e-02 0.0000000e+00 
8.5946687e-02 -4.6654075e-02 0.0000000e+00 
8.3727904e-02 -5.6189988e-02 0.0000000e+00 
9.6702337e-02 -5.1122528e-02 0.0000000e+00 
9.7071134e-02 -5.8250330e-02 0.0000000e+00 
1.0803489e-01 -5.1659536e-02 0.0000000e+00 
1.0402560e-01 -4.3921418e-02 0.0000000e+00 
2.6792076e-03 -1.5439902e-03 0.0000000e+00 
1.0234857e-01 4.9967654e-02 0.0000000e+00 
4.2328231e-02 4.3418422e-02 0.0000000e+00 
1.0000072e-01 -2.3830082e-06 0.0000000e+00 
1.1351160e-01 -4.3416277e-02 0.0000000e+00 
1.3916723e-01 7.6899212e-04 0.0000000e+00 
1.2630953e-01 -4.2699862e-02 0.0000000e+00 
7.9364441e-02 1.1195108e-02 0.0000000e+00 
9.9672683e-02 5.8411997e-02 0.0000000e+00 
3.0762589e-02 -4.0856540e-02 0.0000000e+00 
5.3993590e-02 -4.1830245e-02 0.0000000e+00 
1.6825678e-02 -4.2240885e-03 0.0000000e+00 
5.3956427e-02 2.5319199e-03 0.0000000e+00 
2.2709710e-03 8.3290826e-05 0.0000000e+00 
6.2613353e-02 -2.3946870e-02 0.0000000e+00 
-1.3913027e-03 -1.4213688e-03 0.0000000e+00 
1.8239902e-02 2.7100150e-02 0.0000000e+00 
1.0270091e-01 5.0919480e-03 0.0000000e+00 
1.0210827e-01 7.4673728e-03 0.0000000e+00 
1.0470856e-01 7.0185279e-03 0.0000000e+00 
4.8530374e-02 -1.6512142e-03 0.0000000e+00 
7.6963887e-02 -2.7741811e-03 0.0000000e+00 
1.0680298e-03 2.5493323e-03 0.0000000e+00 
1.2155052e-02 5.5534178e-03 0.0000000e+00 
1.0303391e-01 -5.1512127e-03 0.0000000e+00 
1.0386837e-01 -8.2082031e-03 0.0000000e+00 
1.0888774e-01 -2.8507789e-03 0.0000000e+00 
1.0377086e-01 3.6224019e-02 0.0000000e+00 
1.3301332e-02 -1.2722385e-02 0.0000000e+00 
1.0534354e-01 -5.9553632e-03 0.0000000e+00 
1.0466678e-01 -4.7827322e-02 0.0000000e+00 
1.0000245e-01 4.8497818e-06 0.0000000e+00 
5.9190214e-02 3.2337543e-02 0.0000000e+00 
1.2106550e-01 1.1074495e-02 0.0000000e+00 
8.0053538e-02 1.7328191e-03 0.0000000e+00 
8.3135657e-02 -4.8761754e-03 0.0000000e+00 
1.3863328e-01 9.1364449e-03 0.0000000e+00 
1.4025709e-01 5.6262552e-03 0.0000000e+00 
8.5150294e-02 1.6016833e-02 0.0000000e+00 
9.0006329e-02 2.1081906e-02 0.0000000e+00 
1.1384869e-01 4.3842494e-03 0.0000000e+00 
1.3760947e-01 -3.4643237e-03 0.0000000e+00 
1.0827573e-01 3.1611391e-03 0.0000000e+00 
1.1339036e-01 4.7117933e-03 0.0000000e+00 
1.0000782e-01 1.4133184e-05 0.0000000e+00 
9.9999465e-02 2.1168678e-05 0.0000000e+00 
1.0829476e-01 -3.2446377e-03 0.0000000e+00 
1.0103217e-01 -1.1060353e-02 0.0000000e+00 
1.0499188e-01 -1.1906833e-02 0.0000000e+00 
1.0728761e-01 -9.0158163e-03 0.0000000e+00 
9.7962320e-02 -7.9762228e-03 0.0000000e+00 
1.0924882e-01 -1.3149131e-02 0.0000000e+00 
1.1174470e-01 -8.7853484e-03 0.0000000e+00 
1.1479591e-01 -1.2043466e-02 0.0000000e+00 
1.3556847e-01 1.9898640e-03 0.0000000e+00 
1.3598347e-01 5.1820939e-03 0.0000000e+00 
1.3218296e-01 3.5912578e-03 0.0000000e+00 
1.3191172e-01 8.8574300e-03 0.0000000e+00 
1.2481084e-01 1.1538886e-02 0.0000000e+00 
1.2425227e-01 1.5184568e-02 0.0000000e+00 
1.1275122e-01 1.8248767e-02 0.0000000e+00 
1.1679611e-01 1.3293643e-02 0.0000000e+00 
1.0494158e-01 1.8001135e-02 0.0000000e+00 
1.0981687e-01 1.2873868e-02 0.0000000e+00 
1.1578639e-01 8.7197172e-03 0.0000000e+00 
1.3714890e-01 -6.1226607e-04 0.0000000e+00 
1.3828993e-01 -2.9758851e-03 0.0000000e+00 
1.3546138e-01 -5.5037066e-03 0.0000000e+00 
1.3829415e-01 -6.9363159e-03 0.0000000e+00 
1.3309476e-01 -1.0680607e-02 0.0000000e+00 
1.3153633e-01 -7.8704329e-03 0.0000000e+00 
1.2718762e-01 -1.3361770e-02 0.0000000e+00 
1.2134092e-01 -1.6607126e-02 0.0000000e+00 
1.1410240e-01 -1.9030081e-02 0.0000000e+00 
9.6875839e-02 -2.0310489e-02 0.0000000e+00 
1.2032977e-01 -1.5056361e-02 0.0000000e+00 
1.0570055e-01 -1.9764634e-02 0.0000000e+00 
1.1359741e-01 -1.5046678e-02 0.0000000e+00 
1.0444147e-01 -1.7916104e-02 0.0000000e+00 
9.9143766e-02 -1.7939800e-02 0.0000000e+00 
1.0719079e-01 -1.3591336e-02 0.0000000e+00 
1.3931069e-01 7.0794486e-05 0.0000000e+00 
1.3690455e-01 1.0383670e-03 0.0000000e+00 
1.2855287e-01 -1.3003520e-02 0.0000000e+00 
1.4084704e-01 -2.4358651e-03 0.0000000e+00 
8.0629155e-02 -1.9886458e-02 0.0000000e+00 
1.3444342e-01 -9.2802085e-03 0.0000000e+00 
8.0625854e-02 -1.4376288e-02 0.0000000e+00 
6.4362265e-02 -1.7522665e-02 0.0000000e+00 
6.2785089e-02 -1.8249052e-02 0.0000000e+00 
3.7249316e-02 -1.2710637e-02 0.0000000e+00 
1.0582710e-01 5.2261654e-02 0.0000000e+00 
1.0847217e-01 7.4390396e-03 0.0000000e+00 
1.1344870e-01 9.6861161e-03 0.0000000e+00 
6.0139317e-02 4.5262419e-02 0.0000000e+00 
4.2867545e-02 1.4206395e-02 0.0000000e+00 
1.2885536e-01 -5.0856816e-03 0.0000000e+00 
1.3011053e-01 1.2760867e-02 0.0000000e+00 
1.1536958e-01 1.8112112e-02 0.0000000e+00 
1.0577429e-01 2.0074233e-02 0.0000000e+00 
8.6194813e-02 2.0097205e-02 0.0000000e+00 
1.0504770e-01 1.0387141e-02 0.0000000e+00 
1.0234620e-01 -1.3837040e-03 0.0000000e+00 
9.9854290e-02 1.9374322e-04 0.0000000e+00 
1.0244258e-01 1.3782000e-03 0.0000000e+00 
3.7077572e-02 -1.8014261e-02 0.0000000e+00 
1.2671350e-01 -5.0838622e-03 0.0000000e+00 
1.6382998e-02 2.3112744e-03 0.0000000e+00 
9.9941552e-02 -3.9408333e-04 0.0000000e+00 
1.0579520e-01 -5.6625358e-03 0.0000000e+00 
1.3031131e-01 3.7209371e-03 0.0000000e+00 
1.3389914e-04 -1.7987572e-03 0.0000000e+00 
1.0001111e-01 6.7600395e-06 0.0000000e+00 
7.2608694e-02 1.1478335e-03 0.0000000e+00 
1.8697526e-02 4.5073270e-03 0.0000000e+00 
5.5035554e-02 1.0932963e-02 0.0000000e+00 
5.3564593e-02 -6.1273468e-03 0.0000000e+00 
9.0343200e-02 -2.1518841e-02 0.0000000e+00 
1.1312293e-01 -4.4004158e-03 0.0000000e+00 
7.7140599e-02 5.9855927e-02 0.0000000e+00 
-2.4755714e-03 1.3716855e-03 0.0000000e+00 
1.1117197e-01 -2.7530577e-02 0.0000000e+00 
1.1395637e-01 -4.5188717e-03 0.0000000e+00 
1.0904726e-01 -3.6690480e-03 0.0000000e+00 
1.0525128e-01 -5.9426297e-03 0.0000000e+00 
1.0290854e-01 -3.8344811e-03 0.0000000e+00 
1.0108037e-01 -6.2852218e-03 0.0000000e+00 
1.0021942e-01 -3.8654476e-03 0.0000000e+00 
1.0246253e-01 -1.0084185e-02 0.0000000e+00 
9.6921846e-02 -8.4370673e-03 0.0000000e+00 
1.0907359e-01 -8.2749976e-03 0.0000000e+00 
1.0158135e-01 -2.3432856e-03 0.0000000e+00 
1.0004295e-01 -2.2490209e-03 0.0000000e+00 
1.3662605e-01 5.9338054e-03 0.0000000e+00 
1.0001345e-01 4.7517993e-04 0.0000000e+00 
1.0019893e-01 1.0498521e-03 0.0000000e+00 
9.5984735e-02 -9.9794322e-04 0.0000000e+00 
1.1298810e-01 -1.7169120e-02 0.0000000e+00 
1.1943588e-01 -1.6014729e-02 0.0000000e+00 
1.1918543e-01 -9.9811694e-03 0.0000000e+00 
1.1940920e-01 1.5995441e-02 0.0000000e+00 
7.3608518e-02 7.8157689e-03 0.0000000e+00 
1.4187051e-01 2.0998945e-03 0.0000000e+00 
1.0994019e-01 -5.5239029e-02 0.0000000e+00 
1.0085281e-01 -1.3664068e-03 0.0000000e+00 
9.9989474e-02 -1.2589972e-03 0.0000000e+00 
1.0046720e-01 -7.8253547e-04 0.0000000e+00 
9.9988446e-02 -6.8770221e-04 0.0000000e+00 
1.0025588e-01 -4.3050811e-04 0.0000000e+00 
1.0005158e-01 -3.9684339e-04 0.0000000e+00 
9.8955490e-02 -1.4658864e-03 0.0000000e+00 
9.7720273e-02 -5.1399041e-03 0.0000000e+00 
1.0032342e-01 -1.8248160e-04 0.0000000e+00 
1.0012965e-01 -2.2693904e-04 0.0000000e+00 
1.0008496e-01 -1.2462598e-04 0.0000000e+00 
9.9991180e-02 -1.9301056e-04 0.0000000e+00 
9.9581867e-02 7.1357535e-03 0.0000000e+00 
2.7102241e-02 1.7552424e-03 0.0000000e+00 
1.3410741e-01 3.4170736e-02 0.0000000e+00 
1.0096300e-01 -3.5384182e-02 0.0000000e+00 
1.1530724e-01 4.6294868e-02 0.0000000e+00 
9.9999808e-02 -6.3554984e-07 0.0000000e+00 
1.0548666e-01 2.5838169e-03 0.0000000e+00 
1.0505118e-01 5.9405579e-03 0.0000000e+00 
1.0285134e-01 3.8187716e-03 0.0000000e+00 
1.0125202e-01 6.0344231e-03 0.0000000e+00 
1.0048185e-01 3.6381779e-03 0.0000000e+00 
1.0265800e-01 9.3174372e-03 0.0000000e+00 
1.0896262e-01 8.5181389e-03 0.0000000e+00 
1.0158589e-01 2.2886649e-03 0.0000000e+00 
1.0031199e-01 2.0536860e-03 0.0000000e+00 
9.9041097e-02 2.6468353e-03 0.0000000e+00 
1.0103687e-01 -5.7146413e-04 0.0000000e+00 
9.9999644e-02 8.8103752e-07 0.0000000e+00 
1.0322116e-01 -1.6198665e-03 0.0000000e+00 
9.9999048e-02 -5.3703602e-09 0.0000000e+00 
1.0001455e-01 2.4464300e-05 0.0000000e+00 
1.0000033e-01 3.7146070e-05 0.0000000e+00 
1.0002647e-01 4.2506152e-05 0.0000000e+00 
1.0000240e-01 6.5005712e-05 0.0000000e+00 
9.9974290e-02 4.4212593e-05 0.0000000e+00 
9.9957727e-02 7.8619785e-05 0.0000000e+00 
1.0000764e-01 1.1308729e-04 0.0000000e+00 
9.9931195e-02 1.4070686e-04 0.0000000e+00 
1.0002061e-01 1.9792820e-04 0.0000000e+00 
9.9890329e-02 2.5353782e-04 0.0000000e+00 
1.0005131e-01 3.4756496e-04 0.0000000e+00 
9.9827945e-02 4.6052839e-04 0.0000000e+00 
1.0011419e-01 6.1440200e-04 0.0000000e+00 
9.9728219e-02 8.2740915e-04 0.0000000e+00 
1.0020540e-01 1.1154050e-03 0.0000000e+00 
1.0052278e-01 6.8186532e-04 0.0000000e+00 
9.9679895e-02 2.3481854e-04 0.0000000e+00 
9.9936992e-02 3.6487636e-05 0.0000000e+00 
9.9984489e-02 2.4682169e-05 0.0000000e+00 
1.8366693e-02 3.7910538e-03 0.0000000e+00 
1.0003316e-01 -1.8864812e-05 0.0000000e+00 
1.0002733e-01 -4.3769352e-05 0.0000000e+00 
1.0001265e-01 -2.3007746e-05 0.0000000e+00 
1.0018805e-01 9.7524447e-05 0.0000000e+00 
1.0006167e-01 3.2676526e-05 0.0000000e+00 
1.0000571e-01 -3.2727519e-06 0.0000000e+00 
1.0001898e-01 -9.7272969e-06 0.0000000e+00 
9.9991791e-02 -1.5797321e-05 0.0000000e+00 
1.0000031e-01 -4.2289180e-06 0.0000000e+00 
1.0000136e-01 -1.1222967e-06 0.0000000e+00 
9.9972829e-02 -4.9738424e-05 0.0000000e+00 
1.0000241e-01 -7.2513853e-05 0.0000000e+00 
9.9990770e-02 1.3851684e-05 0.0000000e+00 
9.9999696e-02 3.9817146e-06 0.0000000e+00 
1.0000023e-01 -1.1456880e-06 0.0000000e+00 
9.6695818e-02 4.6938374e-03 0.0000000e+00 
9.5650233e-02 2.4485392e-03 0.0000000e+00 
9.9979006e-02 1.0469892e-05 0.0000000e+00 
1.0000235e-01 1.2404220e-06 0.0000000e+00 
1.0000120e-01 1.5324150e-06 0.0000000e+00 
1.0014962e-01 -9.4754680e-04 0.0000000e+00 
1.0321725e-01 1.6267515e-03 0.0000000e+00 
9.9994086e-02 -4.9541649e-07 0.0000000e+00 
9.9892147e-02 6.7242050e-05 0.0000000e+00 
6.2718906e-02 -5.5625189e-02 0.0000000e+00 
1.0557293e-01 3.5908762e-02 0.0000000e+00 
9.9996537e-02 -2.7188773e-07 0.0000000e+00 
3.7149705e-02 7.2464221e-03 0.0000000e+00 
2.1370992e-02 5.8374507e-03 0.0000000e+00 
-1.2291875e-03 2.4233072e-03 0.0000000e+00 
9.3744017e-02 3.7386604e-02 0.0000000e+00 
9.9449225e-02 4.4198384e-04 0.0000000e+00 
9.2191786e-02 8.0966055e-03 0.0000000e+00 
9.9998638e-02 -5.8192194e-07 0.0000000e+00 
9.9687018e-02 -4.5161278e-04 0.0000000e+00 
1.2184490e-01 3.9238829e-02 0.0000000e+00 
1.3785814e-01 -1.2402443e-02 0.0000000e+00 
9.9519685e-02 -9.6549074e-06 0.0000000e+00 
1.1507554e-01 -9.6554812e-03 0.0000000e+00 
1.3213713e-01 -3.2935608e-03 0.0000000e+00 
9.7000480e-02 -1.4322313e-02 0.0000000e+00 
8.0560632e-03 -1.7483640e-03 0.0000000e+00 
8.8592194e-02 1.2177676e-02 0.0000000e+00 
1.0000149e-01 2.8085246e-06 0.0000000e+00 
7.4502014e-02 -2.9087363e-02 0.0000000e+00 
9.4828464e-02 -9.4715394e-03 0.0000000e+00 
5.9791058e-03 3.5887919e-04 0.0000000e+00 
1.0003507e-01 1.9194713e-05 0.0000000e+00 
1.2465444e-01 4.1529932e-03 0.0000000e+00 
9.9864841e-02 -9.8355592e-04 0.0000000e+00 
1.0034972e-01 -5.5805064e-04 0.0000000e+00 
9.9862434e-02 9.7554474e-04 0.0000000e+00 
1.0050861e-01 1.8668156e-03 0.0000000e+00 
5.7427779e-02 4.4827042e-03 0.0000000e+00 
1.3205318e-01 -3.5728101e-02 0.0000000e+00 
1.0000332e-01 -3.6200599e-04 0.0000000e+00 
-1.7781995e-03 9.6440734e-04 0.0000000e+00 
1.0035297e-01 5.2323920e-04 0.0000000e+00 
1.0941850e-01 1.2565433e-02 0.0000000e+00 
1.0010690e-01 -5.2651132e-05 0.0000000e+00 
1.0000078e-01 8.0547562e-07 0.0000000e+00 
9.9563025e-02 1.5303186e-02 0.0000000e+00 
8.8977031e-02 2.0810746e-02 0.0000000e+00 
1.3915923e-01 5.3055319e-03 0.0000000e+00 
1.1060122e-01 -1.5010315e-02 0.0000000e+00 
7.8512311e-02 -1.6253715e-02 0.0000000e+00 
6.9935612e-02 -4.4915974e-03 0.0000000e+00 
9.0644881e-02 -5.5982653e-02 0.0000000e+00 
-3.2038700e-03 -5.8668957e-04 0.0000000e+00 
1.0000076e-01 -5.1964287e-07 0.0000000e+00 
1.0950988e-01 -3.6357652e-02 0.0000000e+00 
9.9998496e-02 3.5409374e-07 0.0000000e+00 
1.4366135e-01 -8.5206199e-03 0.0000000e+00 
1.0004655e-01 7.3110139e-05 0.0000000e+00 
1.2457976e-01 1.9745868e-02 0.0000000e+00 
1.0000647e-01 3.9093770e-06 0.0000000e+00 
9.9368848e-02 -2.0777364e-03 0.0000000e+00 
9.3433142e-02 4.9885684e-03 0.0000000e+00 
1.4404351e-01 6.7692860e-03 0.0000000e+00 
2.1145897e-02 -4.0471074e-03 0.0000000e+00 
1.3832732e-01 3.0514023e-03 0.0000000e+00 
9.9381797e-02 1.3986155e-03 0.0000000e+00 
1.3604145e-01 -1.7559677e-02 0.0000000e+00 
1.0109906e-01 5.4049521e-04 0.0000000e+00 
3.4464210e-02 -9.8806117e-03 0.0000000e+00 
1.2191111e-01 -9.6416632e-03 0.0000000e+00 
9.9878676e-02 -1.4193915e-04 0.0000000e+00 
8.3632402e-02 -3.0518437e-02 0.0000000e+00 
9.7520210e-02 -3.9458242e-03 0.0000000e+00 
1.0008332e-01 1.2556519e-04 0.0000000e+00 
9.6941449e-02 -1.2063424e-02 0.0000000e+00 
5.5897340e-02 5.3705700e-02 0.0000000e+00 
1.0263612e-01 1.3012319e-02 0.0000000e+00 
1.3843815e-01 1.6900001e-02 0.0000000e+00 
1.8632025e-02 -4.8365500e-03 0.0000000e+00 
1.4270540e-01 -4.4906619e-03 0.0000000e+00 
1.2232371e-01 1.3658682e-02 0.0000000e+00 
1.4373255e-01 -1.3878523e-02 0.0000000e+00 
8.6605020e-02 7.3414654e-03 0.0000000e+00 
7.6080874e-02 1.5274371e-02 0.0000000e+00 
8.2830623e-02 -1.4431939e-02 0.0000000e+00 
1.0324111e-01 -1.7909240e-02 0.0000000e+00 
8.7333033e-03 2.9547422e-03 0.0000000e+00 
1.1993128e-01 4.4767866e-03 0.0000000e+00 
7.7096850e-02 1.7169045e-02 0.0000000e+00 
8.4346429e-02 2.6845474e-02 0.0000000e+00 
9.1024928e-02 2.8660618e-02 0.0000000e+00 
1.0093598e-01 1.2506956e-03 0.0000000e+00 
4.0740810e-02 -7.4613895e-03 0.0000000e+00 
1.1949109e-01 2.1213021e-02 0.0000000e+00 
1.1400726e-01 1.4745133e-02 0.0000000e+00 
1.3337521e-01 5.9643029e-03 0.0000000e+00 
9.9515736e-02 1.4724738e-03 0.0000000e+00 
1.2423026e-01 -9.2618968e-03 0.0000000e+00 
1.0205041e-01 -3.1388137e-03 0.0000000e+00 
1.2382586e-01 -4.3634968e-03 0.0000000e+00 
5.3958531e-02 1.5898811e-02 0.0000000e+00 
9.9518411e-02 -4.8269265e-04 0.0000000e+00 
1.2955931e-01 7.7248635e-03 0.0000000e+00 
1.1395428e-01 4.2162649e-03 0.0000000e+00 
2.9561512e-02 2.3503784e-02 0.0000000e+00 
9.3684532e-02 -1.2424625e-03 0.0000000e+00 
1.0015283e-01 2.1828692e-04 0.0000000e+00 
1.1007938e-01 1.7701162e-02 0.0000000e+00 
1.4205679e-01 -1.3264550e-03 0.0000000e+00 
7.6350659e-02 -5.8990173e-02 0.0000000e+00 
1.0005081e-01 -7.4155665e-05 0.0000000e+00 
9.8255612e-02 1.5451288e-03 0.0000000e+00 
2.8159784e-02 -5.5703819e-03 0.0000000e+00 
-1.3518238e-03 -2.1742103e-03 0.0000000e+00 
1.1812686e-01 -4.8425164e-02 0.0000000e+00 
1.2865007e-01 3.9148193e-02 0.0000000e+00 
9.5298015e-02 -4.1838702e-02 0.0000000e+00 
1.3296919e-01 -5.5252351e-03 0.0000000e+00 
2.7692258e-02 -1.0119502e-02 0.0000000e+00 
1.2172135e-01 -2.0198440e-02 0.0000000e+00 
1.0740475e-01 4.4147369e-02 0.0000000e+00 
3.4108013e-02 -3.3285104e-02 0.0000000e+00 
9.9999927e-02 1.3674284e-06 0.0000000e+00 
1.0027832e-01 3.7525521e-04 0.0000000e+00 
5.6053054e-02 1.7076112e-02 0.0000000e+00 
9.8232247e-02 9.3805362e-03 0.0000000e+00 
-3.2011068e-03 9.9373085e-04 0.0000000e+00 
4.6429478e-02 -5.0250860e-03 0.0000000e+00 
1.2358771e-01 -1.1992219e-02 0.0000000e+00 
9.9999733e-02 -3.9942086e-05 0.0000000e+00 
5.6348103e-03 3.2751523e-03 0.0000000e+00 
7.7248856e-02 -4.5426232e-03 0.0000000e+00 
6.1924297e-02 -1.2009120e-02 0.0000000e+00 
1.1693794e-01 8.8025285e-03 0.0000000e+00 
1.0135424e-01 1.8933176e-03 0.0000000e+00 
4.0536746e-02 4.1584577e-02 0.0000000e+00 
1.2637800e-01 -1.0185363e-02 0.0000000e+00 
1.0057759e-01 2.7575184e-04 0.0000000e+00 
-3.1855728e-03 -6.7047571e-04 0.0000000e+00 
4.9380432e-03 -2.1689883e-03 0.0000000e+00 
6.2208828e-03 1.3257905e-04 0.0000000e+00 
1.1555163e-01 -8.0375671e-03 0.0000000e+00 
9.6968062e-02 2.7402970e-03 0.0000000e+00 
1.0055389e-01 -1.4797071e-03 0.0000000e+00 
9.2371985e-02 -5.4415548e-03 0.0000000e+00 
7.3392548e-02 8.6438487e-04 0.0000000e+00 
7.9113171e-02 -7.2010765e-03 0.0000000e+00 
9.9998161e-02 -2.3570939e-05 0.0000000e+00 
9.9700116e-02 6.7737320e-04 0.0000000e+00 
1.3315155e-01 1.6104351e-04 0.0000000e+00 
1.8940469e-02 4.3165842e-03 0.0000000e+00 
8.7221861e-02 -3.7834339e-02 0.0000000e+00 
1.3933729e-01 -7.2639971e-03 0.0000000e+00 
9.0563193e-02 9.9220052e-03 0.0000000e+00 
6.4136751e-02 9.4668875e-03 0.0000000e+00 
9.9997789e-02 -1.6226522e-07 0.0000000e+00 
5.4671817e-02 -7.4450402e-03 0.0000000e+00 
1.0007452e-01 -1.8343606e-04 0.0000000e+00 
9.8037764e-02 -3.2151666e-02 0.0000000e+00 
1.0007434e-01 1.6211650e-04 0.0000000e+00 
9.8615251e-02 4.7238735e-03 0.0000000e+00 
1.0293968e-01 1.3170123e-02 0.0000000e+00 
1.0109784e-01 1.0128832e-02 0.0000000e+00 
1.4154036e-01 -1.1709131e-02 0.0000000e+00 
9.4280094e-02 -1.3472869e-02 0.0000000e+00 
9.9999383e-02 -9.0760579e-07 0.0000000e+00 
8.2427241e-02 5.3106032e-02 0.0000000e+00 
8.5222527e-02 2.1178415e-02 0.0000000e+00 
-4.0071257e-03 -5.2341801e-04 0.0000000e+00 
1.0000109e-01 3.5718978e-07 0.0000000e+00 
1.4276820e-01 5.1244060e-03 0.0000000e+00 
1.0000930e-01 -1.1069021e-05 0.0000000e+00 
9.8034278e-02 1.1738294e-02 0.0000000e+00 
1.3955094e-01 -5.0784792e-03 0.0000000e+00 
1.0000047e-01 -2.6295174e-07 0.0000000e+00 
3.0189846e-02 8.7283421e-03 0.0000000e+00 
5.5920105e-02 -8.3360141e-03 0.0000000e+00 
1.0001152e-01 -1.1630534e-04 0.0000000e+00 
1.2007141e-02 -2.0725226e-03 0.0000000e+00 
1.2276284e-01 -1.1974543e-02 0.0000000e+00 
1.1693645e-01 1.1832375e-02 0.0000000e+00 
1.1227074e-01 -1.2200912e-02 0.0000000e+00 
1.1597987e-01 -3.6642622e-02 0.0000000e+00 
9.8241508e-02 7.8300824e-03 0.0000000e+00 
1.3598067e-01 8.7901512e-03 0.0000000e+00 
1.2078405e-01 -4.0325094e-02 0.0000000e+00 
1.3707773e-01 1.2463680e-02 0.0000000e+00 
1.2237403e-01 -7.9142144e-03 0.0000000e+00 
1.0140536e-02 -1.3748643e-03 0.0000000e+00 
1.0300489e-01 3.0170050e-03 0.0000000e+00 
5.8240689e-02 -1.3582441e-02 0.0000000e+00 
9.5269218e-02 2.2840150e-02 0.0000000e+00 
1.0222120e-01 7.5664087e-03 0.0000000e+00 
1.0060539e-01 1.1953658e-03 0.0000000e+00 
9.5012404e-02 -3.3828211e-03 0.0000000e+00 
1.0917307e-01 -6.3196677e-03 0.0000000e+00 
1.0126843e-01 -1.8812747e-03 0.0000000e+00 
1.0445772e-01 1.2187008e-02 0.0000000e+00 
1.0000507e-01 -7.1785626e-06 0.0000000e+00 
8.0838561e-02 -9.3782414e-03 0.0000000e+00 
3.1358427e-03 1.3989266e-03 0.0000000e+00 
1.2629326e-01 -3.6477383e-02 0.0000000e+00 
1.2192637e-01 8.5427305e-03 0.0000000e+00 
1.0396374e-01 -3.9578974e-03 0.0000000e+00 
1.4018589e-01 -3.5472482e-03 0.0000000e+00 
9.7498976e-02 2.1077640e-02 0.0000000e+00 
9.7532563e-02 1.9033527e-02 0.0000000e+00 
9.7032368e-02 -1.0515447e-02 0.0000000e+00 
1.3472201e-01 1.7722053e-02 0.0000000e+00 
1.2141968e-01 7.3703895e-03 0.0000000e+00 
1.2718862e-01 1.4012577e-02 0.0000000e+00 
8.8116601e-02 -2.5509918e-02 0.0000000e+00 
1.0265314e-01 7.4973474e-03 0.0000000e+00 
8.3605327e-02 1.8330885e-03 0.0000000e+00 
9.9689700e-02 -7.1351271e-04 0.0000000e+00 
6.5402605e-02 -1.8065033e-02 0.0000000e+00 
1.0534915e-01 4.4732317e-03 0.0000000e+00 
1.0000040e-01 1.4015991e-06 0.0000000e+00 
1.0298537e-01 -1.4334442e-02 0.0000000e+00 
1.0581484e-01 -1.5081243e-02 0.0000000e+00 
1.2472052e-01 4.4191196e-03 0.0000000e+00 
9.5001094e-02 6.4601476e-04 0.0000000e+00 
1.1710477e-01 7.9490095e-03 0.0000000e+00 
9.7432397e-02 6.3113538e-03 0.0000000e+00 
1.0000259e-01 -3.9548404e-06 0.0000000e+00 
1.3580367e-01 -5.5058640e-03 0.0000000e+00 
9.7726565e-03 5.0681676e-03 0.0000000e+00 
1.3801053e-01 -4.2033186e-03 0.0000000e+00 
1.1951396e-02 -4.3283189e-03 0.0000000e+00 
2.6893202e-02 -5.5641183e-03 0.0000000e+00 
1.3157052e-01 -2.9064962e-03 0.0000000e+00 
1.3422064e-01 -2.0234821e-02 0.0000000e+00 
PRESSURE 1 945  float
2.9945765e+00
0.0000000e+00
0.0000000e+00
2.9945042e+00
-4.1675167e+00
-4.2873850e+00
-4.6519198e+00
-5.1846519e+00
-5.7585287e+00
-6.3904295e+00
-6.9612088e+00
-7.2372880e+00
-7.0476289e+00
-5.9815416e+00
-4.1627917e+00
-1.5134321e+00
1.5411438e+00
4.4985175e+00
6.9814172e+00
8.7507839e+00
9.2891188e+00
8.7473211e+00
7.0973759e+00
4.5448751e+00
1.5044754e+00
-1.5022516e+00
-4.0746651e+00
-5.9908433e+00
-6.9495153e+00
-7.3081207e+00
-6.9527788e+00
-6.3572440e+00
-5.7649779e+00
-5.2029743e+00
-4.6270933e+00
-4.2725134e+00
2.9890785e+00
2.9307659e+00
2.8178165e+00
2.6235166e+00
2.2892287e+00
1.8554980e+00
1.2697324e+00
6.0250729e-01
-9.6487157e-02
-7.4859858e-01
-1.2018434e+00
-1.4731718e+00
-1.5193760e+00
-1.3720331e+00
-1.0674297e+00
-7.3850381e-01
-4.5313957e-01
-2.5771594e-01
-1.4506221e-01
-7.5279638e-02
-3.9120369e-02
-1.8345881e-02
-1.0812157e-02
-3.0096916e-03
-2.0583526e-03
-7.0686254e-04
-3.1498875e-04
-7.1907183e-05
1.4226148e-06
4.3721197e-05
4.1239247e-05
3.4702101e-05
2.3039896e-05
1.4464485e-05
3.1138052e-06
0.0000000e+00
0.0000000e+00
0.0000000e+00
0.0000000e+00
0.0000000e+00
0.0000000e+00
0.0000000e+00
0.0000000e+00
0.0000000e+00
-5.0796939e-06
-1.4610036e-05
-1.5597692e-05
-2.3345006e-05
-3.8137663e-05
-3.5787321e-05
-2.0579068e-04
-2.7493035e-04
-4.3376317e-04
-9.9000987e-04
-2.4921219e-03
-5.0780880e-03
-9.9603701e-03
-1.9854076e-02
-3.8607098e-02
-7.5500712e-02
-1.4320694e-01
-2.6061672e-01
-4.5234421e-01
-7.3479539e-01
-1.0747366e+00
-1.3670920e+00
-1.5150166e+00
-1.4779257e+00
-1.1890728e+00
-7.2480237e-01
-9.4399102e-02
6.0804337e-01
1.2724919e+00
1.8557969e+00
2.3009262e+00
2.6247728e+00
2.8260183e+00
2.9339480e+00
2.9903302e+00
3.0131936e+00
3.0596547e+00
3.1151075e+00
3.1682575e+00
3.1878951e+00
3.1693356e+00
3.1179717e+00
3.0597520e+00
3.0132213e+00
8.5435066e+00
-5.7780504e-01
-9.2246974e-01
-2.3066616e-02
-4.7567009e-04
-5.4066491e-05
2.5613821e+00
-1.8453509e-01
2.5306594e+00
3.1857042e+00
-5.7401662e-03
-9.3301661e-02
5.9110221e-06
-3.4639551e-04
-1.5196648e+00
4.2529291e-06
-1.5833082e+00
9.2318892e-01
9.4553870e-01
-1.1029598e+00
2.0548789e-05
-1.0903285e+00
3.1421604e+00
-4.2609799e-06
-2.4928753e-03
-1.3380226e-03
-2.4074173e-02
-1.8372530e-05
3.0883567e+00
2.9075222e+00
2.2461279e-06
2.9129508e+00
-7.8481989e-06
9.7091361e-06
3.0318406e+00
-1.4529877e+00
-1.7791976e+00
-1.7831868e+00
-2.1199925e+00
-2.1430953e+00
-2.5911696e+00
-2.4411266e+00
-3.0319519e+00
-2.6921642e+00
-3.3017743e+00
-2.8519242e+00
-3.2437034e+00
-2.8008459e+00
-3.1122439e+00
-2.6278801e+00
-2.8979583e+00
-2.3501668e+00
-2.6406009e+00
-2.0361257e+00
-1.7798148e+00
-1.4435862e+00
-2.3720210e+00
-1.2394512e+00
-8.5703796e-01
-5.2802515e+00
-4.4675436e+00
-6.6691911e-01
-3.4074938e-01
-2.5965631e+00
-2.3418119e+00
-2.6727742e-01
-1.3738054e-01
-2.8730693e+00
-2.7254810e+00
-4.2469335e+00
-2.3289561e-02
6.0051553e-02
7.8147411e-02
4.3791000e-02
5.4979730e-02
5.0614227e-02
4.2743646e-02
-3.2262347e+00
-3.0571039e+00
-2.6452911e+00
-3.4675236e+00
-3.3092394e+00
-3.6457763e+00
-3.4466109e+00
-3.8087113e+00
-3.4529157e+00
-3.7849925e+00
-3.0890713e+00
-3.3333013e+00
-3.5803123e+00
-5.6593723e+00
-4.8359842e+00
2.2429746e-02
2.4929574e-02
2.4293389e-02
1.7817490e-02
-3.0403423e+00
-3.2091033e+00
-7.3104012e-01
7.6631377e-03
7.7913268e-03
5.0533470e-03
4.2083110e-03
-3.5251374e+00
2.1377990e-03
1.8984796e-03
9.3958963e-04
7.0314802e-04
-3.2887802e+00
4.4026980e-05
3.9437649e-04
3.0435654e-04
2.1593757e-04
-1.8175146e-05
6.3664324e-05
-3.8957880e+00
-3.2982917e+00
-6.6487455e+00
4.1999826e-03
-2.0101757e-01
-3.5676851e+00
-1.0539899e+00
-2.8287985e-05
1.5444879e-05
-1.4779143e-05
-6.2176485e-07
2.4599303e-05
8.1361741e-06
1.5662643e-04
-2.2582884e+00
-2.6489184e+00
-1.3039829e-05
1.2490808e-03
-2.8516185e+00
1.0120561e-02
3.5708409e-02
-4.0071359e+00
-3.2592399e+00
-2.6507320e+00
-2.4227600e+00
-3.1619544e+00
-1.9987295e+00
-9.1932386e-02
-2.5003376e+00
-1.3742466e+00
-4.8088517e+00
-1.1425277e+00
-4.9540076e-01
-5.5922937e-01
2.4158092e-01
5.1449418e-01
1.0249661e+00
1.4816148e+00
5.2826509e+00
1.7428777e+00
2.3119678e+00
2.3460078e+00
2.8831122e+00
2.7843313e+00
3.3138733e+00
3.0550683e+00
3.4602113e+00
3.8534961e+00
3.8287439e+00
4.2534642e+00
4.0736675e+00
4.4694452e+00
4.1458788e+00
4.4557586e+00
4.0677819e+00
4.2370467e+00
3.8787038e+00
3.5074799e+00
3.8946371e+00
4.3379145e+00
3.8036168e+00
4.0837417e+00
7.4038768e+00
3.5028422e+00
3.4990489e+00
3.8383515e+00
3.6321752e+00
3.0022535e+00
2.8230579e+00
2.7709646e+00
2.3955264e+00
2.0219810e+00
-5.9706998e+00
-2.6117537e+00
3.0428817e+00
2.9712348e+00
4.7118492e+00
2.3495188e+00
4.8183241e+00
1.7288418e+00
1.1064051e+00
2.0975866e+00
3.3741972e+00
3.6265099e+00
3.4102726e+00
3.4329360e+00
3.2780209e+00
-4.4901115e-01
-9.8017073e-01
1.0573592e+00
3.4808722e-01
1.8777761e-01
-6.0592669e-01
-1.9600539e-01
-1.0413905e+00
-1.7159266e+00
-6.6140099e+00
-5.9928882e-01
-1.9240513e+00
-2.9391210e+00
1.3140736e+00
9.8433638e-01
-3.8189571e+00
2.6316928e-05
1.3271382e-05
-4.1036863e+00
2.6133964e-02
-4.4682512e+00
-2.7349479e+00
-2.0474181e+00
-3.7062314e+00
3.1757801e+00
-2.6693552e+00
4.8176604e-03
2.4443309e-06
-3.7053456e+00
-3.0397735e+00
1.1034633e-03
-4.4418030e+00
-4.7555227e+00
-4.1900608e-01
2.7436628e-05
-2.1055419e+00
-3.3666735e+00
-4.1942596e+00
-3.7495532e+00
-4.3685141e+00
6.8091543e-04
3.2957153e+00
3.3888755e+00
1.0902590e-01
-2.9081026e-01
3.1098928e+00
1.5650967e-01
9.0185686e-06
-4.6259956e+00
2.7463240e-05
3.8907790e-05
-5.3033386e-07
-2.8920309e-05
-3.6995652e+00
-2.1977532e+00
-2.4223421e+00
-2.2153854e-05
-1.8926332e-05
-3.9363441e+00
-4.3519874e+00
-4.8785920e+00
-4.5876970e+00
-5.0489593e+00
-4.6834850e+00
-4.3606138e+00
-4.3970757e+00
2.9660237e+00
2.9620738e+00
2.5682682e-05
-4.1387563e+00
-4.1468673e+00
-4.3604040e+00
-4.1098990e+00
-7.1637651e-06
-5.3425765e+00
1.1155087e-01
-1.0175160e+00
-9.6780455e-01
-9.9169347e-06
-6.1931992e-01
3.2749286e+00
3.3092284e+00
3.2091119e+00
3.4558911e+00
3.3035154e+00
3.3832498e+00
3.2301879e+00
3.2564175e+00
3.1004331e+00
3.0291247e+00
3.1223986e+00
-4.2637920e+00
-4.0332828e+00
-3.8752596e+00
-4.1499696e+00
-3.9702716e+00
2.0520449e-06
2.9309592e+00
-6.8083615e-03
-4.0920653e+00
-3.9537184e+00
-4.1318150e+00
-3.9770861e+00
-4.1886401e+00
-5.2161422e+00
-3.0893052e+00
-1.0312409e+00
-7.8194243e-01
-1.1596168e+00
-1.9800452e+00
-2.1620266e+00
3.2306030e+00
-4.7200227e+00
-5.0002799e+00
-4.6899681e+00
-5.0435839e+00
-5.4504724e+00
-3.7657285e+00
-5.5550971e+00
-2.0316253e-05
1.9051757e-05
-4.0652280e+00
-4.6519947e+00
-4.8737998e+00
-4.5261168e+00
-4.6504931e+00
-4.3711381e+00
-4.2311587e+00
3.5150213e-06
1.1886620e-05
-4.3349361e+00
2.9844983e+00
3.0802042e+00
-4.1134396e+00
-3.5533972e+00
-3.7110403e+00
-3.7840214e+00
-2.3390510e+00
-3.4632125e+00
-1.7271196e+00
-4.6789579e+00
4.5289731e+00
5.2053061e+00
5.3081446e+00
5.8955421e+00
5.7833934e+00
6.6028142e+00
6.3869700e+00
7.1730003e+00
6.5954928e+00
5.9522471e+00
5.9241858e+00
6.3357196e+00
5.5311418e+00
5.5823026e+00
4.8280501e+00
4.4777098e+00
4.7864494e+00
6.4957414e+00
6.3173232e+00
5.2545700e+00
5.4235392e+00
4.2083421e+00
3.9724610e+00
3.2912114e+00
3.5151320e+00
2.1193013e+00
2.2381148e+00
4.3302126e+00
3.3229206e+00
2.6458273e+00
2.0416472e+00
8.6306983e-01
7.2978956e-01
1.7518194e+00
-4.5265384e+00
-2.5376949e+00
2.6457694e+00
-1.9071174e-05
6.9462937e-01
-3.0920260e+00
-1.0862434e+00
-3.5697031e+00
5.5144537e-02
5.4813395e+00
-1.0282420e-01
-6.3083639e+00
-6.6057973e+00
-5.1887794e+00
-4.6521249e+00
-4.2622871e+00
7.3547544e+00
2.7641950e+00
2.8459494e+00
2.5421638e+00
-6.6059661e+00
-6.0731473e+00
-3.1091971e+00
-3.3332922e+00
2.7342088e+00
2.6549118e+00
-4.8759542e+00
2.1200519e+00
8.3617125e+00
-4.0498824e+00
-2.8748944e+00
2.0433656e-05
-2.7135723e+00
6.6396332e-01
4.9554906e+00
4.6896667e+00
-1.6105524e+00
-1.8527378e+00
4.4019728e+00
3.8912170e+00
-3.9816549e+00
-1.4941447e+00
2.1625807e+00
1.5809485e+00
2.3332375e-05
5.4504148e-05
2.1643317e+00
2.9346247e+00
2.4857163e+00
2.2537308e+00
3.2917922e+00
2.0036786e+00
1.7693876e+00
1.3811437e+00
-1.5335934e+00
-1.6257981e+00
-1.3076484e+00
-1.3660589e+00
-9.4727272e-01
-1.3412900e+00
-8.5496747e-01
-6.2597877e-01
-4.8009676e-01
-3.5077265e-01
-4.4332793e-01
-1.5961195e+00
-1.7856485e+00
-1.5771013e+00
-2.0385616e+00
-1.6846150e+00
-1.3300092e+00
-1.3186545e+00
-1.7114196e+00
-1.2385536e+00
-1.6666036e+00
-8.9881748e-01
-7.2240615e-01
-5.5735320e-01
-2.2001979e+00
-3.5343444e-01
-2.8615886e-01
-1.7973943e+00
-1.4773285e+00
-2.2224879e+00
-2.1462097e+00
-5.5283004e-01
-2.4464221e+00
-1.0287616e-01
-2.1314137e+00
-1.4832553e+00
-1.7649463e+00
9.5892102e-01
2.1207950e+00
1.5775198e+00
5.1649270e+00
7.2076926e+00
-3.1160960e-01
-1.6840662e+00
-1.7815332e+00
-1.3126326e+00
-1.7569760e+00
2.5131593e+00
2.7831488e+00
3.1866958e+00
2.7683084e+00
7.3879852e+00
-9.4740856e-01
-4.6694221e+00
3.1436653e+00
2.4244123e+00
-5.0336957e-01
-4.8053918e+00
2.4111852e-05
-6.0869508e+00
-6.2731624e+00
-6.1143498e+00
-5.4812875e+00
-1.1237988e+00
1.6302155e+00
1.6181371e+00
-3.4838274e+00
-4.9204731e+00
-3.3403358e-01
-1.8650058e-01
-1.0145435e-01
-4.0895849e-02
-3.1368915e-02
-2.2201720e-03
-7.9226077e-02
-2.2324689e-03
-2.0795052e-01
-2.2646293e-02
3.0690388e-04
-1.3592321e+00
3.0856702e+00
3.0431850e+00
3.5662069e+00
1.5599496e+00
8.1027311e-01
8.8684082e-01
8.0952847e-01
5.4443970e+00
-2.1202648e+00
-8.2085758e-01
-8.7005254e-03
2.7520179e-03
-4.5215511e-03
9.5023797e-04
-2.0197018e-03
3.0316150e+00
7.0343129e-03
2.1392498e-02
-2.9450108e-03
-1.1384006e-03
-3.7064854e-04
1.4366873e-04
3.1294358e+00
7.9913530e+00
-1.6186749e+00
2.3944445e+00
2.7341864e-01
1.5119261e-07
-9.2766158e-02
-9.4128340e-02
-4.4704452e-02
-3.2936968e-02
-1.0837187e-02
-1.0020310e-01
-2.1844584e-01
-2.0720718e-02
-2.7509099e-03
1.2984595e-02
-1.1914616e-02
9.7906661e-07
-4.8349272e-02
1.9474701e-06
8.1731832e-06
7.4620548e-05
-4.2817297e-05
1.2508918e-04
1.8123959e-04
3.3949543e-04
1.7009622e-04
6.5293867e-04
1.8079719e-04
1.1848891e-03
-8.5588232e-05
2.0283058e-03
-7.5515680e-04
3.7855112e-03
-2.0191786e-03
-5.4806299e-03
2.6717710e-03
2.6692828e-04
1.0322659e-04
-5.1046534e+00
-2.3392509e-04
-2.3644247e-04
-8.9011162e-05
-1.0991035e-03
-1.6852355e-04
-4.4075223e-05
-8.7033499e-05
-3.2168093e-05
-1.3552065e-05
-1.9878784e-05
3.2418808e-05
-3.4804188e-04
5.2479372e-05
1.8973868e-05
-6.1472733e-06
3.4751213e+00
3.5940480e+00
6.0639308e-05
1.5948770e-05
1.1822319e-05
3.0470357e+00
-4.7185827e-02
-4.5180000e-06
6.0260919e-04
3.7014096e+00
-4.2285314e+00
-7.6131469e-06
-3.8994448e+00
-3.6753149e+00
-4.4537497e+00
3.0717266e+00
5.1232725e-03
4.3066945e-02
-5.0787889e-06
2.2083684e-03
-1.4058416e-01
-1.5384556e+00
3.2293577e+00
-4.2894742e-01
-1.2975823e+00
-1.2164765e-01
-4.0164552e+00
-2.3176445e-02
1.5052065e-05
4.9590774e+00
3.6050022e+00
-4.4254384e+00
-4.9151433e-05
2.3364456e-01
3.1318195e+00
2.9798384e+00
3.1298268e+00
3.0090382e+00
-5.9325600e+00
-1.4355130e+00
3.4872422e-04
-3.7792947e+00
2.9789319e+00
1.9946387e+00
-5.5858004e-04
2.2830120e-06
-1.9733237e-01
-5.6821567e-01
-1.9835947e+00
-2.6257858e+00
-2.6771247e+00
5.6894679e+00
-8.9699268e-01
-3.7775934e+00
-6.6932453e-06
1.4766437e+00
-3.1155328e-06
-2.3887653e+00
-1.4590021e-04
1.4430843e-01
2.7967986e-05
3.1846695e+00
3.8018014e+00
-2.7012725e+00
-4.0967736e+00
-1.6117816e+00
3.2008009e+00
-1.3404599e+00
-1.1584398e-02
-1.2458526e+00
-7.4852210e-01
3.7637044e-04
4.2106419e+00
-5.4040751e+00
-4.6242680e-04
3.3684957e+00
4.0933576e+00
-5.4809561e+00
-1.6276780e+00
-1.7995598e+00
-3.0445116e+00
-2.4083116e+00
-2.6341631e+00
-4.2469945e+00
5.1617022e+00
-3.0472708e+00
2.6300986e+00
-5.7145066e+00
-5.7319832e-01
-2.3481789e+00
4.2637348e+00
3.6336710e+00
-1.0516101e-02
-3.9550850e+00
7.2180080e-01
1.4594450e+00
-8.9208704e-01
7.0160283e-03
-3.0372221e+00
2.8235736e+00
3.4683996e-01
-2.0970025e+00
3.2111776e+00
-3.8827392e-01
-3.2342577e-01
7.5192494e+00
3.7727473e+00
-1.0720793e-03
1.8698748e+00
-2.5374696e+00
1.4108378e+00
-3.7056423e-04
1.8200671e-02
-5.2945275e+00
-4.3169188e+00
-3.5685289e-01
-1.1210212e+00
2.7599609e+00
-8.6046237e-01
-2.2620921e+00
4.6538597e-01
1.3588639e+00
6.8474135e+00
1.5076190e-05
-2.4250774e-03
-1.5718799e+00
3.2520866e+00
-4.1883307e+00
-6.0292978e+00
3.4498551e-01
4.9258269e-06
-3.6324317e+00
5.1716123e+00
-2.9887578e-01
-4.8563056e+00
2.8945117e+00
6.1326451e+00
-1.0369313e+00
-4.9830875e-03
-4.1962771e+00
-3.8071034e+00
-4.8521256e+00
1.3310431e+00
2.7751463e-02
2.9876096e+00
6.7177698e-02
5.4435945e+00
-4.3762145e+00
-6.2344327e-05
3.1808972e+00
-3.5420368e+00
-3.9379797e+00
3.6179681e+00
-1.7218610e+00
-3.7195272e+00
-3.8838196e+00
-4.4702929e-06
-4.3457322e+00
3.0024543e+00
-4.5774026e+00
3.0019619e+00
1.0825872e-02
2.7279196e+00
2.9369545e+00
-2.0733197e+00
-5.7560287e+00
-6.8643089e-06
-8.9692181e-01
4.3727794e+00
-3.5681255e+00
2.3788175e-06
-2.2663567e+00
-9.9457000e-05
-4.5590840e-02
-2.4511940e+00
-4.7152371e-06
-3.3329575e+00
-4.0838523e+00
-4.0180300e-04
-5.0190692e+00
-2.6946559e+00
1.1490709e+00
-5.1897254e+00
6.8955332e-01
3.2480496e-03
-1.8825594e+00
-6.5695502e-02
-1.4160986e+00
5.1112509e-01
-4.2263174e+00
2.7228098e+00
-2.9622724e+00
3.3160200e+00
-3.8851860e+00
2.9718935e+00
3.6772214e-02
2.0518053e+00
2.9017744e+00
-1.8730998e-01
-9.5094707e-05
4.8559256e+00
-4.6691985e+00
-5.8390993e-01
-7.2415251e-01
-4.2993174e+00
-1.8439963e+00
-9.3627912e-01
-2.0326421e+00
-5.7701110e-03
-4.0910497e+00
6.2491089e-01
-2.0451367e+00
3.9639356e+00
-5.3694777e+00
-5.3709822e+00
3.1776404e+00
-9.9562639e-01
2.4656503e+00
1.1235365e-06
2.7161329e+00
2.3902640e+00
-3.5656970e+00
3.6493618e+00
1.1425943e+00
3.3583496e+00
-2.2993469e-05
-1.2572309e+00
-3.0030363e+00
-3.4884984e+00
-3.5781641e+00
-5.7437944e+00
-6.6955948e-01
-4.1167207e+00
CELL_DATA 1766
FIELD FieldData 0
