# vtk DataFile Version 4.0
vtk output
ASCII
DATASET UNSTRUCTURED_GRID
POINTS 945 float
0.0000000e+00 0.0000000e+00 0.0000000e+00 
2.0000000e+00 0.0000000e+00 0.0000000e+00 
2.0000000e+00 6.0000002e-01 0.0000000e+00 
0.0000000e+00 6.0000002e-01 0.0000000e+00 
5.6000000e-01 3.0000001e-01 0.0000000e+00 
5.5884713e-01 2.8829461e-01 0.0000000e+00 
5.5543280e-01 2.7703899e-01 0.0000000e+00 
5.4988819e-01 2.6666579e-01 0.0000000e+00 
5.4242641e-01 2.5757360e-01 0.0000000e+00 
5.3333420e-01 2.5011179e-01 0.0000000e+00 
5.2296102e-01 2.4456720e-01 0.0000000e+00 
5.1170540e-01 2.4115290e-01 0.0000000e+00 
5.0000000e-01 2.3999999e-01 0.0000000e+00 
4.8829460e-01 2.4115290e-01 0.0000000e+00 
4.7703901e-01 2.4456720e-01 0.0000000e+00 
4.6666580e-01 2.5011179e-01 0.0000000e+00 
4.5757359e-01 2.5757360e-01 0.0000000e+00 
4.5011181e-01 2.6666579e-01 0.0000000e+00 
4.4456720e-01 2.7703899e-01 0.0000000e+00 
4.4115290e-01 2.8829461e-01 0.0000000e+00 
4.4000000e-01 3.0000001e-01 0.0000000e+00 
4.4115290e-01 3.1170541e-01 0.0000000e+00 
4.4456720e-01 3.2296100e-01 0.0000000e+00 
4.5011181e-01 3.3333421e-01 0.0000000e+00 
4.5757359e-01 3.4242639e-01 0.0000000e+00 
4.6666580e-01 3.4988821e-01 0.0000000e+00 
4.7703901e-01 3.5543281e-01 0.0000000e+00 
4.8829460e-01 3.5884711e-01 0.0000000e+00 
5.0000000e-01 3.6000001e-01 0.0000000e+00 
5.1170540e-01 3.5884711e-01 0.0000000e+00 
5.2296102e-01 3.5543281e-01 0.0000000e+00 
5.3333420e-01 3.4988821e-01 0.0000000e+00 
5.4242641e-01 3.4242639e-01 0.0000000e+00 
5.4988819e-01 3.3333421e-01 0.0000000e+00 
5.5543280e-01 3.2296100e-01 0.0000000e+00 
5.5884713e-01 3.1170541e-01 0.0000000e+00 
5.9016321e-02 0.0000000e+00 0.0000000e+00 
1.1803260e-01 0.0000000e+00 0.0000000e+00 
1.7704900e-01 0.0000000e+00 0.0000000e+00 
2.3587100e-01 0.0000000e+00 0.0000000e+00 
2.9085249e-01 0.0000000e+00 0.0000000e+00 
3.4144861e-01 0.0000000e+00 0.0000000e+00 
3.8872591e-01 0.0000000e+00 0.0000000e+00 
4.3368599e-01 0.0000000e+00 0.0000000e+00 
4.7725680e-01 0.0000000e+00 0.0000000e+00 
5.2034539e-01 0.0000000e+00 0.0000000e+00 
5.6386721e-01 0.0000000e+00 0.0000000e+00 
6.0872579e-01 0.0000000e+00 0.0000000e+00 
6.5584701e-01 0.0000000e+00 0.0000000e+00 
7.0623368e-01 0.0000000e+00 0.0000000e+00 
7.6094180e-01 0.0000000e+00 0.0000000e+00 
8.1967372e-01 0.0000000e+00 0.0000000e+00 
8.7868989e-01 0.0000000e+00 0.0000000e+00 
9.3770629e-01 0.0000000e+00 0.0000000e+00 
9.9672258e-01 0.0000000e+00 0.0000000e+00 
1.0557390e+00 0.0000000e+00 0.0000000e+00 
1.1147550e+00 0.0000000e+00 0.0000000e+00 
1.1737720e+00 0.0000000e+00 0.0000000e+00 
1.2327880e+00 0.0000000e+00 0.0000000e+00 
1.2918040e+00 0.0000000e+00 0.0000000e+00 
1.3508210e+00 0.0000000e+00 0.0000000e+00 
1.4098370e+00 0.0000000e+00 0.0000000e+00 
1.4688530e+00 0.0000000e+00 0.0000000e+00 
1.5278690e+00 0.0000000e+00 0.0000000e+00 
1.5868860e+00 0.0000000e+00 0.0000000e+00 
1.6459020e+00 0.0000000e+00 0.0000000e+00 
1.7049180e+00 0.0000000e+00 0.0000000e+00 
1.7639350e+00 0.0000000e+00 0.0000000e+00 
1.8229510e+00 0.0000000e+00 0.0000000e+00 
1.8819669e+00 0.0000000e+00 0.0000000e+00 
1.9409840e+00 0.0000000e+00 0.0000000e+00 
2.0000000e+00 5.9999999e-02 0.0000000e+00 
2.0000000e+00 1.2000000e-01 0.0000000e+00 
2.0000000e+00 1.8000001e-01 0.0000000e+00 
2.0000000e+00 2.3999999e-01 0.0000000e+00 
2.0000000e+00 3.0000001e-01 0.0000000e+00 
2.0000000e+00 3.6000001e-01 0.0000000e+00 
2.0000000e+00 4.1999999e-01 0.0000000e+00 
2.0000000e+00 4.7999999e-01 0.0000000e+00 
2.0000000e+00 5.4000002e-01 0.0000000e+00 
1.9409840e+00 6.0000002e-01 0.0000000e+00 
1.8819669e+00 6.0000002e-01 0.0000000e+00 
1.8229510e+00 6.0000002e-01 0.0000000e+00 
1.7639350e+00 6.0000002e-01 0.0000000e+00 
1.7049180e+00 6.0000002e-01 0.0000000e+00 
1.6459020e+00 6.0000002e-01 0.0000000e+00 
1.5868860e+00 6.0000002e-01 0.0000000e+00 
1.5278690e+00 6.0000002e-01 0.0000000e+00 
1.4688530e+00 6.0000002e-01 0.0000000e+00 
1.4098370e+00 6.0000002e-01 0.0000000e+00 
1.3508210e+00 6.0000002e-01 0.0000000e+00 
1.2918040e+00 6.0000002e-01 0.0000000e+00 
1.2327880e+00 6.0000002e-01 0.0000000e+00 
1.1737720e+00 6.0000002e-01 0.0000000e+00 
1.1147550e+00 6.0000002e-01 0.0000000e+00 
1.0557390e+00 6.0000002e-01 0.0000000e+00 
9.9672258e-01 6.0000002e-01 0.0000000e+00 
9.3770629e-01 6.0000002e-01 0.0000000e+00 
8.7868989e-01 6.0000002e-01 0.0000000e+00 
8.1967372e-01 6.0000002e-01 0.0000000e+00 
7.6094180e-01 6.0000002e-01 0.0000000e+00 
7.0623368e-01 6.0000002e-01 0.0000000e+00 
6.5584701e-01 6.0000002e-01 0.0000000e+00 
6.0872579e-01 6.0000002e-01 0.0000000e+00 
5.6386721e-01 6.0000002e-01 0.0000000e+00 
5.2034539e-01 6.0000002e-01 0.0000000e+00 
4.7725680e-01 6.0000002e-01 0.0000000e+00 
4.3368599e-01 6.0000002e-01 0.0000000e+00 
3.8872591e-01 6.0000002e-01 0.0000000e+00 
3.4144861e-01 6.0000002e-01 0.0000000e+00 
2.9085249e-01 6.0000002e-01 0.0000000e+00 
2.3587100e-01 6.0000002e-01 0.0000000e+00 
1.7704900e-01 6.0000002e-01 0.0000000e+00 
1.1803260e-01 6.0000002e-01 0.0000000e+00 
5.9016321e-02 6.0000002e-01 0.0000000e+00 
0.0000000e+00 5.4000002e-01 0.0000000e+00 
0.0000000e+00 4.7999999e-01 0.0000000e+00 
0.0000000e+00 4.1999999e-01 0.0000000e+00 
0.0000000e+00 3.6000001e-01 0.0000000e+00 
0.0000000e+00 3.0000001e-01 0.0000000e+00 
0.0000000e+00 2.3999999e-01 0.0000000e+00 
0.0000000e+00 1.8000001e-01 0.0000000e+00 
0.0000000e+00 1.2000000e-01 0.0000000e+00 
0.0000000e+00 5.9999999e-02 0.0000000e+00 
4.3026751e-01 3.0683401e-01 0.0000000e+00 
8.4908241e-01 5.5269438e-01 0.0000000e+00 
7.8790653e-01 5.1802918e-02 0.0000000e+00 
1.1430219e+00 5.0576471e-02 0.0000000e+00 
1.4415160e+00 5.0573289e-02 0.0000000e+00 
1.6754100e+00 5.5038619e-01 0.0000000e+00 
2.6041579e-01 5.2875768e-02 0.0000000e+00 
9.6895182e-01 5.0380111e-02 0.0000000e+00 
2.6302171e-01 5.5612308e-01 0.0000000e+00 
5.5065349e-02 2.6500449e-01 0.0000000e+00 
1.2615570e+00 5.4759312e-01 0.0000000e+00 
1.0253479e+00 5.4886931e-01 0.0000000e+00 
1.6201590e+00 5.4130111e-02 0.0000000e+00 
1.4979730e+00 5.5115038e-01 0.0000000e+00 
6.7900127e-01 5.5979192e-01 0.0000000e+00 
1.9463980e+00 2.6800990e-01 0.0000000e+00 
6.3145077e-01 3.8099781e-02 0.0000000e+00 
4.1331020e-01 5.6811810e-01 0.0000000e+00 
4.1231820e-01 3.8809739e-02 0.0000000e+00 
5.4410732e-01 5.6000441e-01 0.0000000e+00 
1.7962800e+00 5.9606131e-02 0.0000000e+00 
5.4468262e-01 3.7558820e-02 0.0000000e+00 
4.9130220e-02 3.9247900e-01 0.0000000e+00 
1.9509200e+00 3.8997239e-01 0.0000000e+00 
1.3233820e+00 4.9667731e-02 0.0000000e+00 
1.3821890e+00 5.4839480e-01 0.0000000e+00 
1.1434870e+00 5.4837209e-01 0.0000000e+00 
1.7959980e+00 5.4855859e-01 0.0000000e+00 
4.9401909e-02 1.5067521e-01 0.0000000e+00 
1.4989950e-01 5.5529898e-01 0.0000000e+00 
1.9519399e+00 1.5339760e-01 0.0000000e+00 
1.4754079e-01 5.1025499e-02 0.0000000e+00 
1.9506550e+00 5.1069498e-01 0.0000000e+00 
1.9114760e+00 5.1109631e-02 0.0000000e+00 
4.9216151e-02 5.0927132e-01 0.0000000e+00 
5.8710063e-01 3.6655251e-02 0.0000000e+00 
6.0428280e-01 7.4787550e-02 0.0000000e+00 
6.4929068e-01 7.4443869e-02 0.0000000e+00 
6.2715179e-01 1.0633790e-01 0.0000000e+00 
5.9329480e-01 1.0799770e-01 0.0000000e+00 
6.0949302e-01 1.3488390e-01 0.0000000e+00 
6.4123279e-01 1.3555969e-01 0.0000000e+00 
6.2006623e-01 1.6328260e-01 0.0000000e+00 
6.5316749e-01 1.6381399e-01 0.0000000e+00 
6.3351321e-01 1.8958050e-01 0.0000000e+00 
6.6427898e-01 1.8941709e-01 0.0000000e+00 
6.4933020e-01 2.1180780e-01 0.0000000e+00 
6.7645937e-01 2.1359310e-01 0.0000000e+00 
6.6097301e-01 2.3410480e-01 0.0000000e+00 
6.8796802e-01 2.3757669e-01 0.0000000e+00 
6.7103261e-01 2.5876111e-01 0.0000000e+00 
6.9990993e-01 2.6214910e-01 0.0000000e+00 
6.8101048e-01 2.8387409e-01 0.0000000e+00 
7.1248281e-01 2.8716281e-01 0.0000000e+00 
7.2971261e-01 2.6349890e-01 0.0000000e+00 
7.4486363e-01 2.9076719e-01 0.0000000e+00 
6.9556361e-01 3.0985960e-01 0.0000000e+00 
7.6406652e-01 2.6318431e-01 0.0000000e+00 
7.8114778e-01 2.9619500e-01 0.0000000e+00 
5.5403137e-01 2.5565761e-01 0.0000000e+00 
5.6691158e-01 2.7902979e-01 0.0000000e+00 
8.0246252e-01 2.6402649e-01 0.0000000e+00 
8.2167560e-01 3.0103979e-01 0.0000000e+00 
5.7978672e-01 1.3316999e-01 0.0000000e+00 
6.9627529e-01 1.8651520e-01 0.0000000e+00 
8.4832448e-01 2.6130950e-01 0.0000000e+00 
8.6857778e-01 3.0716091e-01 0.0000000e+00 
6.6883779e-01 3.0851370e-01 0.0000000e+00 
6.8001598e-01 3.3176759e-01 0.0000000e+00 
5.6956083e-01 3.0685109e-01 0.0000000e+00 
8.9643359e-01 2.6652190e-01 0.0000000e+00 
9.1803229e-01 3.1445420e-01 0.0000000e+00 
9.4838840e-01 2.6944679e-01 0.0000000e+00 
9.7196358e-01 3.1528941e-01 0.0000000e+00 
1.0020620e+00 2.7188951e-01 0.0000000e+00 
1.0263140e+00 3.1974381e-01 0.0000000e+00 
1.0557370e+00 2.7577680e-01 0.0000000e+00 
6.5179992e-01 3.3081001e-01 0.0000000e+00 
6.6418201e-01 3.5163379e-01 0.0000000e+00 
6.8745148e-01 3.5866591e-01 0.0000000e+00 
6.4083183e-01 3.5175639e-01 0.0000000e+00 
6.5020132e-01 3.7057751e-01 0.0000000e+00 
6.2925631e-01 3.6861771e-01 0.0000000e+00 
6.3750827e-01 3.8906679e-01 0.0000000e+00 
6.1479098e-01 3.8505989e-01 0.0000000e+00 
6.2451601e-01 4.0700281e-01 0.0000000e+00 
6.0271370e-01 4.0461549e-01 0.0000000e+00 
6.4791143e-01 4.1049060e-01 0.0000000e+00 
6.1149168e-01 4.2533240e-01 0.0000000e+00 
5.8940130e-01 4.2314041e-01 0.0000000e+00 
5.4590571e-01 3.5405469e-01 0.0000000e+00 
5.5933821e-01 3.3214769e-01 0.0000000e+00 
1.0820900e+00 3.2265610e-01 0.0000000e+00 
1.1129040e+00 2.7988619e-01 0.0000000e+00 
1.1385900e+00 3.3131590e-01 0.0000000e+00 
1.1718310e+00 2.8342861e-01 0.0000000e+00 
5.9854919e-01 4.4447681e-01 0.0000000e+00 
5.7566178e-01 4.4153079e-01 0.0000000e+00 
8.0048358e-01 3.3398119e-01 0.0000000e+00 
1.1962050e+00 3.3624330e-01 0.0000000e+00 
1.2286429e+00 2.8668931e-01 0.0000000e+00 
1.2540359e+00 3.3862561e-01 0.0000000e+00 
1.2863950e+00 2.8994620e-01 0.0000000e+00 
6.1140192e-01 1.8628950e-01 0.0000000e+00 
1.3121480e+00 3.4238011e-01 0.0000000e+00 
1.3446890e+00 2.9366851e-01 0.0000000e+00 
1.3705840e+00 3.4558439e-01 0.0000000e+00 
1.4032860e+00 2.9774809e-01 0.0000000e+00 
6.4617378e-01 3.0788270e-01 0.0000000e+00 
1.4291511e+00 3.4956750e-01 0.0000000e+00 
1.4618640e+00 3.0163100e-01 0.0000000e+00 
1.4877310e+00 3.5457411e-01 0.0000000e+00 
1.5206050e+00 3.0603161e-01 0.0000000e+00 
1.5464530e+00 3.5889450e-01 0.0000000e+00 
1.5793800e+00 3.1008351e-01 0.0000000e+00 
5.6763572e-01 4.1851109e-01 0.0000000e+00 
5.5408603e-01 4.3793961e-01 0.0000000e+00 
5.2029008e-01 3.6688760e-01 0.0000000e+00 
9.4794089e-01 3.6647639e-01 0.0000000e+00 
8.7384099e-01 2.2074890e-01 0.0000000e+00 
6.3348472e-01 2.3041780e-01 0.0000000e+00 
7.8118002e-01 2.2578520e-01 0.0000000e+00 
1.6052290e+00 3.6304700e-01 0.0000000e+00 
1.6382140e+00 3.1413361e-01 0.0000000e+00 
1.6641290e+00 3.6722910e-01 0.0000000e+00 
1.6971480e+00 3.1819481e-01 0.0000000e+00 
1.6712240e+00 2.6505721e-01 0.0000000e+00 
1.7302210e+00 2.6912081e-01 0.0000000e+00 
1.5534170e+00 2.5684619e-01 0.0000000e+00 
6.7181969e-01 1.4093800e-01 0.0000000e+00 
5.8596748e-01 4.6394360e-01 0.0000000e+00 
1.7230920e+00 3.7133509e-01 0.0000000e+00 
1.3771909e+00 2.4454120e-01 0.0000000e+00 
6.2249678e-01 4.4700289e-01 0.0000000e+00 
1.2033920e+00 2.3449400e-01 0.0000000e+00 
1.0287880e+00 2.3015590e-01 0.0000000e+00 
5.4669750e-01 4.1895449e-01 0.0000000e+00 
5.3373671e-01 4.3515179e-01 0.0000000e+00 
5.4073101e-01 4.5481020e-01 0.0000000e+00 
5.1996583e-01 4.5137540e-01 0.0000000e+00 
5.1387292e-01 4.2921981e-01 0.0000000e+00 
4.9935541e-01 4.4742331e-01 0.0000000e+00 
4.5565760e-01 3.5403141e-01 0.0000000e+00 
4.9349809e-01 4.2846820e-01 0.0000000e+00 
4.7935709e-01 4.4358870e-01 0.0000000e+00 
4.7970989e-01 3.6688760e-01 0.0000000e+00 
4.8592600e-01 4.6396780e-01 0.0000000e+00 
4.6443069e-01 4.5930001e-01 0.0000000e+00 
4.5825541e-01 4.3536639e-01 0.0000000e+00 
4.4286779e-01 4.5335940e-01 0.0000000e+00 
4.3592349e-01 4.3169260e-01 0.0000000e+00 
4.2123440e-01 4.4813421e-01 0.0000000e+00 
4.1462469e-01 4.2622849e-01 0.0000000e+00 
4.3825611e-01 3.3387709e-01 0.0000000e+00 
3.9864141e-01 4.4291711e-01 0.0000000e+00 
3.9200109e-01 4.1997111e-01 0.0000000e+00 
3.7504819e-01 4.3754801e-01 0.0000000e+00 
3.6926591e-01 4.1456231e-01 0.0000000e+00 
3.5052001e-01 4.3156540e-01 0.0000000e+00 
3.4640020e-01 4.0321410e-01 0.0000000e+00 
3.2338160e-01 4.2558259e-01 0.0000000e+00 
3.1625420e-01 3.9745620e-01 0.0000000e+00 
3.3599329e-01 3.7658459e-01 0.0000000e+00 
3.0888751e-01 3.6996761e-01 0.0000000e+00 
3.2846531e-01 3.5015899e-01 0.0000000e+00 
3.0453789e-01 3.4228960e-01 0.0000000e+00 
3.2241219e-01 3.2376000e-01 0.0000000e+00 
2.9612821e-01 3.1610900e-01 0.0000000e+00 
3.1577420e-01 2.9729351e-01 0.0000000e+00 
2.8885421e-01 2.8886101e-01 0.0000000e+00 
3.0968001e-01 2.6928011e-01 0.0000000e+00 
2.8137040e-01 2.6060769e-01 0.0000000e+00 
2.8570160e-01 3.8790971e-01 0.0000000e+00 
3.0315241e-01 2.4067999e-01 0.0000000e+00 
3.3230671e-01 2.5245121e-01 0.0000000e+00 
3.2487640e-01 2.2290690e-01 0.0000000e+00 
3.5372531e-01 2.3027760e-01 0.0000000e+00 
4.3461740e-01 2.7961159e-01 0.0000000e+00 
3.4512779e-01 2.0528039e-01 0.0000000e+00 
3.6950600e-01 2.1069451e-01 0.0000000e+00 
2.6638910e-01 3.1392881e-01 0.0000000e+00 
2.7405229e-01 2.3109850e-01 0.0000000e+00 
3.6342499e-01 1.8842390e-01 0.0000000e+00 
3.8558939e-01 1.9589300e-01 0.0000000e+00 
4.4520050e-01 2.5469631e-01 0.0000000e+00 
3.8103029e-01 1.7263541e-01 0.0000000e+00 
4.0200421e-01 1.8057050e-01 0.0000000e+00 
4.9249741e-01 2.2787590e-01 0.0000000e+00 
4.6605590e-01 2.3826469e-01 0.0000000e+00 
3.3931601e-01 1.7988220e-01 0.0000000e+00 
3.8745371e-01 3.9799151e-01 0.0000000e+00 
3.5741779e-01 2.5419459e-01 0.0000000e+00 
3.5627639e-01 4.5751181e-01 0.0000000e+00 
3.4765261e-01 3.3191890e-01 0.0000000e+00 
3.9811629e-01 1.5518570e-01 0.0000000e+00 
4.2193061e-01 1.6662900e-01 0.0000000e+00 
3.7476501e-01 1.4610679e-01 0.0000000e+00 
3.9139041e-01 2.1633980e-01 0.0000000e+00 
2.5018540e-01 2.5338060e-01 0.0000000e+00 
2.4227400e-01 2.1673180e-01 0.0000000e+00 
2.1296521e-01 2.4632980e-01 0.0000000e+00 
2.0310380e-01 2.0643540e-01 0.0000000e+00 
4.7074649e-01 4.8204380e-01 0.0000000e+00 
4.9385741e-01 4.8678511e-01 0.0000000e+00 
4.1766569e-01 1.3875820e-01 0.0000000e+00 
4.3951231e-01 1.4885530e-01 0.0000000e+00 
4.4284999e-01 1.6929220e-01 0.0000000e+00 
4.6074921e-01 1.5907930e-01 0.0000000e+00 
4.5701310e-01 1.3411739e-01 0.0000000e+00 
4.7804150e-01 1.4308280e-01 0.0000000e+00 
4.8207700e-01 1.6432039e-01 0.0000000e+00 
5.2000839e-01 2.3249920e-01 0.0000000e+00 
4.7522539e-01 1.1890660e-01 0.0000000e+00 
4.9824399e-01 1.5124670e-01 0.0000000e+00 
5.0239080e-01 1.7379840e-01 0.0000000e+00 
4.0624869e-01 4.6688080e-01 0.0000000e+00 
4.2919409e-01 4.1243970e-01 0.0000000e+00 
6.2043011e-01 3.4884781e-01 0.0000000e+00 
1.7042540e+00 2.1590130e-01 0.0000000e+00 
1.7632940e+00 2.2000070e-01 0.0000000e+00 
5.9477502e-01 3.8850871e-01 0.0000000e+00 
1.1047130e+00 3.7971979e-01 0.0000000e+00 
5.5632508e-01 4.0331629e-01 0.0000000e+00 
5.1673311e-01 1.5979400e-01 0.0000000e+00 
5.1686460e-01 1.3875850e-01 0.0000000e+00 
5.2089018e-01 1.7866670e-01 0.0000000e+00 
2.3531640e-01 1.7608330e-01 0.0000000e+00 
4.8605490e-01 1.8340071e-01 0.0000000e+00 
1.2225550e+00 3.8796490e-01 0.0000000e+00 
1.7893510e+00 2.7321759e-01 0.0000000e+00 
5.0436419e-01 4.1349870e-01 0.0000000e+00 
4.8793069e-01 4.1161671e-01 0.0000000e+00 
1.3432890e+00 3.9487341e-01 0.0000000e+00 
4.9844569e-01 3.9902619e-01 0.0000000e+00 
5.1288861e-01 4.0051869e-01 0.0000000e+00 
4.7826111e-01 5.0721961e-01 0.0000000e+00 
1.5723439e+00 4.1086179e-01 0.0000000e+00 
5.6928509e-01 1.1216540e-01 0.0000000e+00 
5.3438342e-01 1.6713411e-01 0.0000000e+00 
5.3660733e-01 1.8530799e-01 0.0000000e+00 
5.5097228e-01 1.7492341e-01 0.0000000e+00 
5.5329382e-01 1.9238080e-01 0.0000000e+00 
1.4477730e+00 4.0997440e-01 0.0000000e+00 
1.7183121e-01 2.3577370e-01 0.0000000e+00 
1.8385801e-01 2.7833050e-01 0.0000000e+00 
4.5149651e-01 1.1040960e-01 0.0000000e+00 
4.7247219e-01 9.1955133e-02 0.0000000e+00 
1.9255680e-01 1.6331930e-01 0.0000000e+00 
4.5135620e-01 5.0161749e-01 0.0000000e+00 
1.8225530e+00 2.2401039e-01 0.0000000e+00 
5.2494282e-01 1.9506520e-01 0.0000000e+00 
1.7372680e+00 1.6678140e-01 0.0000000e+00 
1.6782570e+00 1.6271511e-01 0.0000000e+00 
1.6900350e+00 4.2038351e-01 0.0000000e+00 
1.7490560e+00 4.2454061e-01 0.0000000e+00 
4.8329440e-01 3.9614201e-01 0.0000000e+00 
4.7259709e-01 4.0761891e-01 0.0000000e+00 
4.6829471e-01 3.9267531e-01 0.0000000e+00 
1.7821480e+00 3.7544200e-01 0.0000000e+00 
1.8081650e+00 4.2873210e-01 0.0000000e+00 
5.6767190e-01 1.8248910e-01 0.0000000e+00 
5.6965590e-01 1.9964610e-01 0.0000000e+00 
5.5310482e-01 2.0997940e-01 0.0000000e+00 
5.7153863e-01 2.1648981e-01 0.0000000e+00 
5.5832732e-01 2.2570750e-01 0.0000000e+00 
5.7294083e-01 2.3188220e-01 0.0000000e+00 
5.8571517e-01 2.2277141e-01 0.0000000e+00 
5.8722973e-01 2.3849240e-01 0.0000000e+00 
2.2661661e-01 1.3415439e-01 0.0000000e+00 
2.6798990e-01 1.4730521e-01 0.0000000e+00 
1.7105891e+00 1.1396340e-01 0.0000000e+00 
5.9993339e-01 2.2935030e-01 0.0000000e+00 
6.0129720e-01 2.4530940e-01 0.0000000e+00 
5.8868867e-01 2.5420901e-01 0.0000000e+00 
6.0235012e-01 2.6110700e-01 0.0000000e+00 
1.8387530e+00 3.7525591e-01 0.0000000e+00 
5.4489303e-01 2.2099259e-01 0.0000000e+00 
4.5784310e-01 5.2955812e-01 0.0000000e+00 
5.1062381e-01 5.1103139e-01 0.0000000e+00 
4.9833831e-01 1.0296860e-01 0.0000000e+00 
1.8639690e+00 4.2541769e-01 0.0000000e+00 
4.9523690e-01 7.3985048e-02 0.0000000e+00 
1.3844220e-01 2.6736441e-01 0.0000000e+00 
1.5088230e-01 3.1097111e-01 0.0000000e+00 
1.2641050e-01 2.2494370e-01 0.0000000e+00 
2.0287590e-01 3.2045639e-01 0.0000000e+00 
1.6756350e-01 3.5410741e-01 0.0000000e+00 
2.1099889e-01 3.6507410e-01 0.0000000e+00 
1.8053800e-01 3.9719370e-01 0.0000000e+00 
2.2913329e-01 4.0715241e-01 0.0000000e+00 
1.9421770e-01 4.3993911e-01 0.0000000e+00 
2.3865750e-01 4.5007020e-01 0.0000000e+00 
1.4811151e-01 4.3034700e-01 0.0000000e+00 
5.9036589e-01 2.6973200e-01 0.0000000e+00 
6.0372931e-01 2.7649191e-01 0.0000000e+00 
6.1619169e-01 2.6624000e-01 0.0000000e+00 
5.9138829e-01 2.8492469e-01 0.0000000e+00 
6.0468042e-01 2.9163459e-01 0.0000000e+00 
1.8453060e+00 2.7996099e-01 0.0000000e+00 
2.0954210e-01 4.8537201e-01 0.0000000e+00 
4.6530190e-01 6.3733928e-02 0.0000000e+00 
5.9247959e-01 2.9992181e-01 0.0000000e+00 
6.0560697e-01 3.0666059e-01 0.0000000e+00 
5.9351093e-01 3.1494951e-01 0.0000000e+00 
6.0633099e-01 3.2174519e-01 0.0000000e+00 
5.9430778e-01 3.2937449e-01 0.0000000e+00 
4.9347320e-01 3.8454881e-01 0.0000000e+00 
5.5062449e-01 1.5674770e-01 0.0000000e+00 
4.5774269e-01 4.0380031e-01 0.0000000e+00 
4.5300320e-01 3.8926181e-01 0.0000000e+00 
5.2078158e-01 8.5589677e-02 0.0000000e+00 
5.2809721e-01 4.7261381e-01 0.0000000e+00 
5.4998982e-01 4.7740239e-01 0.0000000e+00 
1.1647230e-01 3.4303319e-01 0.0000000e+00 
5.4025501e-01 4.0216339e-01 0.0000000e+00 
5.4931629e-01 3.8893181e-01 0.0000000e+00 
5.6429678e-01 3.8917771e-01 0.0000000e+00 
5.5815691e-01 3.7613159e-01 0.0000000e+00 
5.3233409e-01 3.8730109e-01 0.0000000e+00 
6.1810511e-01 2.9840681e-01 0.0000000e+00 
5.4633558e-01 2.3408321e-01 0.0000000e+00 
1.7233150e+00 4.7115931e-01 0.0000000e+00 
1.6544410e+00 4.6960419e-01 0.0000000e+00 
5.9817278e-01 2.1342160e-01 0.0000000e+00 
5.7312608e-01 3.7630349e-01 0.0000000e+00 
5.6664068e-01 3.6344349e-01 0.0000000e+00 
5.8089459e-01 3.6333910e-01 0.0000000e+00 
5.7436389e-01 3.5058859e-01 0.0000000e+00 
5.8890998e-01 3.5140380e-01 0.0000000e+00 
5.9597099e-01 3.6360300e-01 0.0000000e+00 
1.8871840e+00 2.3216370e-01 0.0000000e+00 
1.8613670e+00 1.6699770e-01 0.0000000e+00 
5.8043772e-01 3.2325599e-01 0.0000000e+00 
1.8341640e-01 1.2044960e-01 0.0000000e+00 
1.4539170e-01 1.4803199e-01 0.0000000e+00 
5.2981251e-01 4.1606659e-01 0.0000000e+00 
6.3278657e-01 3.2098520e-01 0.0000000e+00 
4.9883649e-01 1.9035070e-01 0.0000000e+00 
4.8866749e-01 1.9995619e-01 0.0000000e+00 
4.7372600e-01 1.9428051e-01 0.0000000e+00 
4.7687241e-01 2.0988560e-01 0.0000000e+00 
4.6230760e-01 2.0519090e-01 0.0000000e+00 
5.0175709e-01 2.0284539e-01 0.0000000e+00 
3.7420979e-01 2.4249861e-01 0.0000000e+00 
3.7680081e-01 2.5999850e-01 0.0000000e+00 
3.6377189e-01 2.7359021e-01 0.0000000e+00 
3.8147151e-01 2.7786380e-01 0.0000000e+00 
3.9390230e-01 2.6630861e-01 0.0000000e+00 
3.9790910e-01 2.8215069e-01 0.0000000e+00 
3.8660839e-01 2.9399589e-01 0.0000000e+00 
4.0266559e-01 2.9749459e-01 0.0000000e+00 
3.9230630e-01 3.0959940e-01 0.0000000e+00 
3.7539089e-01 3.0645579e-01 0.0000000e+00 
3.8165531e-01 3.2178041e-01 0.0000000e+00 
3.9764741e-01 3.2483751e-01 0.0000000e+00 
3.8738471e-01 3.3702531e-01 0.0000000e+00 
4.0318671e-01 3.3988059e-01 0.0000000e+00 
3.9298999e-01 3.5206911e-01 0.0000000e+00 
4.0884519e-01 3.5489669e-01 0.0000000e+00 
3.7592891e-01 3.5095471e-01 0.0000000e+00 
4.1221961e-01 3.2815641e-01 0.0000000e+00 
4.0885890e-01 2.7070051e-01 0.0000000e+00 
4.0606499e-01 2.5576550e-01 0.0000000e+00 
4.2036530e-01 2.6073930e-01 0.0000000e+00 
4.1758421e-01 2.4588020e-01 0.0000000e+00 
3.9879280e-01 3.6719501e-01 0.0000000e+00 
4.1457930e-01 3.6959961e-01 0.0000000e+00 
4.2435291e-01 3.5784501e-01 0.0000000e+00 
4.3005049e-01 3.7181091e-01 0.0000000e+00 
4.2064139e-01 3.8399899e-01 0.0000000e+00 
4.0332180e-01 2.4100940e-01 0.0000000e+00 
4.1523230e-01 2.3128320e-01 0.0000000e+00 
4.2901969e-01 2.3581611e-01 0.0000000e+00 
4.2680249e-01 2.2116630e-01 0.0000000e+00 
4.4072181e-01 2.2622180e-01 0.0000000e+00 
4.3834931e-01 2.1132030e-01 0.0000000e+00 
4.2324290e-01 2.0628519e-01 0.0000000e+00 
5.7600939e-01 2.6372889e-01 0.0000000e+00 
4.6461701e-01 3.7602729e-01 0.0000000e+00 
4.4586849e-01 3.4520641e-01 0.0000000e+00 
1.8224460e+00 4.8960349e-01 0.0000000e+00 
4.3567330e-01 1.9562960e-01 0.0000000e+00 
5.9315038e-01 1.5660501e-01 0.0000000e+00 
4.5945361e-01 1.9019520e-01 0.0000000e+00 
6.2804931e-01 2.1075760e-01 0.0000000e+00 
4.4690049e-01 3.7500271e-01 0.0000000e+00 
4.3590689e-01 2.6693821e-01 0.0000000e+00 
4.5538360e-01 2.4537770e-01 0.0000000e+00 
5.3253782e-01 3.6093631e-01 0.0000000e+00 
5.0687999e-01 3.7203360e-01 0.0000000e+00 
5.5479759e-01 3.4289679e-01 0.0000000e+00 
4.7859880e-01 2.3292100e-01 0.0000000e+00 
5.6951690e-01 2.9091081e-01 0.0000000e+00 
4.3251589e-01 3.2153201e-01 0.0000000e+00 
2.5864059e-01 4.9322551e-01 0.0000000e+00 
2.8119770e-01 4.6436489e-01 0.0000000e+00 
2.9712620e-01 4.9769270e-01 0.0000000e+00 
5.0679362e-01 2.2942559e-01 0.0000000e+00 
5.1640040e-01 2.1935740e-01 0.0000000e+00 
6.5671778e-01 2.8741741e-01 0.0000000e+00 
6.4681822e-01 2.6546481e-01 0.0000000e+00 
2.6161829e-01 1.0442510e-01 0.0000000e+00 
2.9914159e-01 1.2133270e-01 0.0000000e+00 
5.3835911e-01 2.0090669e-01 0.0000000e+00 
4.1076070e-01 4.0288219e-01 0.0000000e+00 
4.2847160e-01 2.9058349e-01 0.0000000e+00 
5.8385968e-01 4.0419951e-01 0.0000000e+00 
4.6758640e-01 2.2237021e-01 0.0000000e+00 
1.7680900e+00 1.1666990e-01 0.0000000e+00 
4.6705061e-01 3.6164391e-01 0.0000000e+00 
4.2953780e-01 5.2015013e-01 0.0000000e+00 
3.4222049e-01 3.0633521e-01 0.0000000e+00 
3.3303869e-01 2.8045291e-01 0.0000000e+00 
5.3547281e-01 4.9663380e-01 0.0000000e+00 
5.6233060e-01 5.0093198e-01 0.0000000e+00 
3.5305610e-01 3.5562491e-01 0.0000000e+00 
3.6326250e-01 3.7681499e-01 0.0000000e+00 
5.8255208e-01 1.8968870e-01 0.0000000e+00 
5.6585908e-01 6.7596443e-02 0.0000000e+00 
3.1423870e-01 5.6071562e-01 0.0000000e+00 
3.6825681e-01 5.5769640e-01 0.0000000e+00 
1.6511329e+00 1.0926090e-01 0.0000000e+00 
1.6192470e+00 1.5863900e-01 0.0000000e+00 
3.1425080e-01 3.9930049e-02 0.0000000e+00 
3.1129351e-01 1.6085930e-01 0.0000000e+00 
3.3299991e-01 1.3328290e-01 0.0000000e+00 
3.3072019e-01 1.0009960e-01 0.0000000e+00 
2.7850899e-01 1.8997809e-01 0.0000000e+00 
3.6250210e-01 1.1719080e-01 0.0000000e+00 
3.6242679e-01 7.9823360e-02 0.0000000e+00 
3.9215559e-01 9.3917303e-02 0.0000000e+00 
6.7704421e-01 3.9422091e-02 0.0000000e+00 
6.9158012e-01 7.9496212e-02 0.0000000e+00 
7.2696608e-01 4.4044841e-02 0.0000000e+00 
7.3696113e-01 9.5335990e-02 0.0000000e+00 
7.9171729e-01 1.0606610e-01 0.0000000e+00 
7.5707722e-01 1.3865989e-01 0.0000000e+00 
8.0465728e-01 1.5881000e-01 0.0000000e+00 
8.4009641e-01 1.2030350e-01 0.0000000e+00 
8.5441029e-01 1.6780110e-01 0.0000000e+00 
8.9020813e-01 1.3047090e-01 0.0000000e+00 
8.7580758e-01 8.5384279e-02 0.0000000e+00 
6.3392729e-01 5.6027758e-01 0.0000000e+00 
6.5490252e-01 5.2222651e-01 0.0000000e+00 
6.9785458e-01 5.2009457e-01 0.0000000e+00 
6.6947389e-01 4.8214740e-01 0.0000000e+00 
7.1400052e-01 4.7928271e-01 0.0000000e+00 
7.3890662e-01 5.1415598e-01 0.0000000e+00 
7.5538421e-01 4.7427329e-01 0.0000000e+00 
7.3060858e-01 4.4053549e-01 0.0000000e+00 
7.7131832e-01 4.3481070e-01 0.0000000e+00 
7.4432129e-01 4.0371630e-01 0.0000000e+00 
7.9942912e-01 4.6868020e-01 0.0000000e+00 
8.1664360e-01 4.2528069e-01 0.0000000e+00 
8.4675127e-01 4.6303490e-01 0.0000000e+00 
7.0795268e-01 4.1132101e-01 0.0000000e+00 
8.6556101e-01 4.1526449e-01 0.0000000e+00 
9.0177119e-01 4.5578691e-01 0.0000000e+00 
6.1436248e-01 5.2457899e-01 0.0000000e+00 
5.9010911e-01 5.6233871e-01 0.0000000e+00 
6.8740159e-01 4.4485721e-01 0.0000000e+00 
6.3075930e-01 4.9217081e-01 0.0000000e+00 
8.2390177e-01 3.7696400e-01 0.0000000e+00 
6.5760958e-01 4.5251140e-01 0.0000000e+00 
8.8201141e-01 3.6469159e-01 0.0000000e+00 
7.1646827e-01 3.7200019e-01 0.0000000e+00 
7.5293612e-01 3.6630341e-01 0.0000000e+00 
7.3172802e-01 3.4158540e-01 0.0000000e+00 
4.3641081e-01 3.8625911e-01 0.0000000e+00 
3.3307719e-01 5.1888418e-01 0.0000000e+00 
3.7808201e-01 5.1874483e-01 0.0000000e+00 
4.1757399e-01 3.4319299e-01 0.0000000e+00 
4.0734050e-01 3.1263331e-01 0.0000000e+00 
4.8661929e-01 4.2812102e-02 0.0000000e+00 
7.2056448e-01 1.3380709e-01 0.0000000e+00 
7.2885102e-01 1.7120270e-01 0.0000000e+00 
7.6764971e-01 1.8236589e-01 0.0000000e+00 
7.3844647e-01 2.0840840e-01 0.0000000e+00 
3.2383901e-01 4.7502699e-01 0.0000000e+00 
2.0299730e-01 4.5617640e-02 0.0000000e+00 
5.8970161e-02 3.3410329e-01 0.0000000e+00 
2.0689000e-01 5.5709481e-01 0.0000000e+00 
4.1305149e-01 2.8573561e-01 0.0000000e+00 
7.8471351e-01 5.4944623e-01 0.0000000e+00 
5.7445318e-01 2.4704580e-01 0.0000000e+00 
4.8197981e-02 2.0613991e-01 0.0000000e+00 
2.9774281e-01 8.0907270e-02 0.0000000e+00 
5.0055778e-01 5.6669247e-01 0.0000000e+00 
5.6139982e-01 2.6632291e-01 0.0000000e+00 
1.6788280e+00 5.7307512e-02 0.0000000e+00 
5.1920211e-01 3.7999329e-01 0.0000000e+00 
5.3287011e-01 2.3837809e-01 0.0000000e+00 
4.9314889e-01 3.6956069e-01 0.0000000e+00 
5.4427528e-01 3.7591609e-01 0.0000000e+00 
7.8244883e-01 3.9527819e-01 0.0000000e+00 
3.6446571e-01 4.0250320e-02 0.0000000e+00 
4.4162789e-01 3.5938531e-01 0.0000000e+00 
6.3632941e-01 2.8842619e-01 0.0000000e+00 
4.9067271e-01 2.1312010e-01 0.0000000e+00 
9.0754151e-01 5.5067050e-01 0.0000000e+00 
9.6624529e-01 5.4957891e-01 0.0000000e+00 
9.9525559e-01 4.9868581e-01 0.0000000e+00 
1.0540251e+00 4.9801311e-01 0.0000000e+00 
1.0243800e+00 4.4818369e-01 0.0000000e+00 
1.0813180e+00 4.4429299e-01 0.0000000e+00 
9.6050638e-01 4.4521841e-01 0.0000000e+00 
9.9237692e-01 4.0150511e-01 0.0000000e+00 
9.3534291e-01 5.0050128e-01 0.0000000e+00 
1.1123620e+00 4.9683940e-01 0.0000000e+00 
1.1383430e+00 4.4216970e-01 0.0000000e+00 
5.4218680e-01 5.2327639e-01 0.0000000e+00 
4.9454380e-02 4.5007420e-01 0.0000000e+00 
1.0217610e-01 4.7936839e-01 0.0000000e+00 
2.2542991e-01 2.8165141e-01 0.0000000e+00 
3.9299640e-01 1.2565491e-01 0.0000000e+00 
4.2287391e-01 1.0849530e-01 0.0000000e+00 
4.1702661e-01 7.4225321e-02 0.0000000e+00 
4.2317891e-01 4.9126241e-01 0.0000000e+00 
3.6435950e-01 3.1840631e-01 0.0000000e+00 
5.9271669e-01 4.9394491e-01 0.0000000e+00 
4.5279789e-01 2.1705380e-01 0.0000000e+00 
1.1707489e+00 4.9572700e-01 0.0000000e+00 
1.1967220e+00 4.4262701e-01 0.0000000e+00 
1.2286400e+00 4.9457431e-01 0.0000000e+00 
1.2569320e+00 4.4329810e-01 0.0000000e+00 
1.2887410e+00 4.9415389e-01 0.0000000e+00 
4.9704749e-02 9.0376601e-02 0.0000000e+00 
1.1661880e+00 3.8667339e-01 0.0000000e+00 
1.0448740e+00 3.9727730e-01 0.0000000e+00 
1.3219531e+00 5.4748261e-01 0.0000000e+00 
1.3566051e+00 4.9475339e-01 0.0000000e+00 
1.4128619e+00 5.0170678e-01 0.0000000e+00 
1.3878731e+00 4.4357020e-01 0.0000000e+00 
2.6875430e-01 4.3074101e-01 0.0000000e+00 
4.1746351e-01 3.0108821e-01 0.0000000e+00 
4.7450441e-01 4.2571831e-01 0.0000000e+00 
4.0593800e-01 2.0075510e-01 0.0000000e+00 
4.4167551e-01 4.0079829e-01 0.0000000e+00 
1.9512080e+00 4.5117629e-01 0.0000000e+00 
1.0262311e+00 5.1109631e-02 0.0000000e+00 
9.9738371e-01 1.0181700e-01 0.0000000e+00 
1.0553030e+00 1.0176790e-01 0.0000000e+00 
1.0273110e+00 1.4739220e-01 0.0000000e+00 
1.0855290e+00 1.4977370e-01 0.0000000e+00 
9.7062862e-01 1.4721170e-01 0.0000000e+00 
9.3508059e-01 1.0148260e-01 0.0000000e+00 
1.1133560e+00 1.0215650e-01 0.0000000e+00 
1.1446090e+00 1.4514109e-01 0.0000000e+00 
1.1160710e+00 1.9391710e-01 0.0000000e+00 
1.2018321e+00 5.4771107e-01 0.0000000e+00 
1.9480680e+00 2.1005040e-01 0.0000000e+00 
1.0842860e+00 5.4868227e-01 0.0000000e+00 
1.9480680e+00 3.2994959e-01 0.0000000e+00 
1.5904510e+00 1.0452840e-01 0.0000000e+00 
1.5598950e+00 1.5443350e-01 0.0000000e+00 
1.5304790e+00 1.0186320e-01 0.0000000e+00 
1.5007280e+00 1.5119410e-01 0.0000000e+00 
1.5273950e+00 2.0345390e-01 0.0000000e+00 
1.4685169e+00 1.9967620e-01 0.0000000e+00 
1.4425830e+00 1.4740349e-01 0.0000000e+00 
1.4098901e+00 1.9577309e-01 0.0000000e+00 
1.3839140e+00 1.4338671e-01 0.0000000e+00 
1.3511680e+00 1.9153769e-01 0.0000000e+00 
1.3252350e+00 1.3926670e-01 0.0000000e+00 
1.2926320e+00 1.8772170e-01 0.0000000e+00 
1.2666039e+00 1.3634580e-01 0.0000000e+00 
1.2355460e+00 1.8558609e-01 0.0000000e+00 
1.2059170e+00 1.3905290e-01 0.0000000e+00 
1.2347410e+00 9.3928657e-02 0.0000000e+00 
1.3187660e+00 2.4091680e-01 0.0000000e+00 
1.4945120e+00 2.5244480e-01 0.0000000e+00 
1.5862570e+00 2.0772290e-01 0.0000000e+00 
5.5948251e-01 2.4233980e-01 0.0000000e+00 
1.5573130e+00 5.4926682e-01 0.0000000e+00 
1.5215520e+00 5.0207931e-01 0.0000000e+00 
1.5906490e+00 4.9784341e-01 0.0000000e+00 
1.3832541e+00 4.9608339e-02 0.0000000e+00 
1.5002331e+00 5.0511628e-02 0.0000000e+00 
1.7345819e+00 5.5134553e-01 0.0000000e+00 
1.6170100e+00 5.5189037e-01 0.0000000e+00 
1.6308481e+00 4.1378099e-01 0.0000000e+00 
1.7733830e+00 4.6653220e-01 0.0000000e+00 
1.8566350e+00 5.4165798e-01 0.0000000e+00 
1.5124860e+00 4.0674630e-01 0.0000000e+00 
1.4853560e+00 4.5626420e-01 0.0000000e+00 
1.6452560e+00 2.1187560e-01 0.0000000e+00 
1.7967290e+00 1.6947480e-01 0.0000000e+00 
1.8955210e+00 4.8443690e-01 0.0000000e+00 
2.4952111e-01 3.7534630e-01 0.0000000e+00 
2.4015559e-01 3.3920720e-01 0.0000000e+00 
1.6122910e+00 2.6095319e-01 0.0000000e+00 
1.8537400e+00 5.5921540e-02 0.0000000e+00 
1.8819669e+00 1.0242500e-01 0.0000000e+00 
9.5119797e-02 1.2153590e-01 0.0000000e+00 
1.0847340e+00 5.0935078e-02 0.0000000e+00 
1.7562060e+00 3.2229191e-01 0.0000000e+00 
1.4358770e+00 2.4863569e-01 0.0000000e+00 
4.3159389e-01 2.5088599e-01 0.0000000e+00 
4.7994119e-01 3.8120639e-01 0.0000000e+00 
1.8123610e+00 3.2570100e-01 0.0000000e+00 
6.1470199e-01 2.3820160e-01 0.0000000e+00 
6.2837660e-01 2.5279269e-01 0.0000000e+00 
5.6644672e-01 3.2120070e-01 0.0000000e+00 
4.0343639e-01 3.8359720e-01 0.0000000e+00 
1.2608960e+00 2.3755901e-01 0.0000000e+00 
9.7383392e-01 2.2759880e-01 0.0000000e+00 
1.8966711e+00 3.6694610e-01 0.0000000e+00 
1.2852859e+00 3.9278471e-01 0.0000000e+00 
4.4754091e-01 4.1694289e-01 0.0000000e+00 
5.1814729e-01 1.1434720e-01 0.0000000e+00 
9.8089732e-02 2.9848260e-01 0.0000000e+00 
8.7650722e-01 5.0584209e-01 0.0000000e+00 
7.2722268e-01 5.5884892e-01 0.0000000e+00 
9.1900879e-01 4.0950510e-01 0.0000000e+00 
6.0669678e-01 3.3687809e-01 0.0000000e+00 
9.2257088e-01 2.2499460e-01 0.0000000e+00 
1.8270659e+00 1.1701130e-01 0.0000000e+00 
3.9101499e-01 2.5043941e-01 0.0000000e+00 
3.0026230e-01 2.1632680e-01 0.0000000e+00 
5.8418620e-01 3.3934349e-01 0.0000000e+00 
1.5593460e+00 5.1838879e-02 0.0000000e+00 
4.5547140e-01 5.6772357e-01 0.0000000e+00 
9.7268373e-02 1.8144910e-01 0.0000000e+00 
9.3618453e-02 5.9398320e-02 0.0000000e+00 
9.5946752e-02 4.1991970e-01 0.0000000e+00 
1.5493150e-01 4.8253620e-01 0.0000000e+00 
5.3141659e-01 2.2366489e-01 0.0000000e+00 
4.6951711e-01 1.7694290e-01 0.0000000e+00 
1.3219830e+00 4.4809279e-01 0.0000000e+00 
6.1860532e-01 2.8225860e-01 0.0000000e+00 
9.2647932e-02 5.4469162e-01 0.0000000e+00 
3.6105269e-01 4.8700431e-01 0.0000000e+00 
1.4393450e+00 5.5213040e-01 0.0000000e+00 
1.9442101e+00 9.5342271e-02 0.0000000e+00 
9.0059137e-01 1.7995150e-01 0.0000000e+00 
8.2735151e-01 2.0720319e-01 0.0000000e+00 
6.6251612e-01 1.0677520e-01 0.0000000e+00 
6.7604911e-01 4.1622579e-01 0.0000000e+00 
6.8501538e-01 3.8669550e-01 0.0000000e+00 
3.6920869e-01 2.9070961e-01 0.0000000e+00 
4.5409241e-01 2.3146330e-01 0.0000000e+00 
6.1867392e-01 3.1358370e-01 0.0000000e+00 
1.9131620e+00 5.4997718e-01 0.0000000e+00 
4.2027211e-01 1.8849210e-01 0.0000000e+00 
1.9003210e+00 2.9999799e-01 0.0000000e+00 
5.5434358e-01 1.3134070e-01 0.0000000e+00 
1.4729370e+00 1.0059040e-01 0.0000000e+00 
4.4868380e-01 4.7589070e-01 0.0000000e+00 
1.7371070e+00 5.7924490e-02 0.0000000e+00 
1.6196249e-01 1.9384970e-01 0.0000000e+00 
2.7876011e-01 3.4925121e-01 0.0000000e+00 
5.6304562e-01 4.5950639e-01 0.0000000e+00 
6.0384172e-01 3.5119170e-01 0.0000000e+00 
5.7530987e-01 5.2873927e-01 0.0000000e+00 
1.3667960e-01 3.8707560e-01 0.0000000e+00 
4.9747679e-01 1.2821840e-01 0.0000000e+00 
1.1983300e+00 4.8251878e-02 0.0000000e+00 
7.5970978e-01 3.2726541e-01 0.0000000e+00 
8.1999791e-01 5.1075947e-01 0.0000000e+00 
1.3957340e+00 3.8871399e-01 0.0000000e+00 
3.8881221e-01 2.3447470e-01 0.0000000e+00 
5.2596432e-01 2.0954940e-01 0.0000000e+00 
1.4149910e+00 9.8922051e-02 0.0000000e+00 
3.1656411e-01 1.9587231e-01 0.0000000e+00 
4.3203679e-01 3.4525600e-01 0.0000000e+00 
5.0832897e-01 3.8785461e-01 0.0000000e+00 
5.0716370e-01 4.6868089e-01 0.0000000e+00 
7.2506380e-01 3.1459489e-01 0.0000000e+00 
5.7067949e-01 1.5282580e-01 0.0000000e+00 
6.7973870e-01 1.6684531e-01 0.0000000e+00 
5.3255141e-01 1.4827640e-01 0.0000000e+00 
5.8382958e-01 2.0679601e-01 0.0000000e+00 
3.6833951e-01 3.3595169e-01 0.0000000e+00 
6.6081917e-01 3.9089271e-01 0.0000000e+00 
3.5859609e-01 1.6498099e-01 0.0000000e+00 
5.4474670e-01 2.4635740e-01 0.0000000e+00 
8.5039961e-01 4.4130251e-02 0.0000000e+00 
7.0378470e-01 2.1493910e-01 0.0000000e+00 
3.8111559e-01 3.6489099e-01 0.0000000e+00 
3.8378549e-01 3.8103321e-01 0.0000000e+00 
1.1733290e+00 9.6517898e-02 0.0000000e+00 
6.1236829e-01 3.6486840e-01 0.0000000e+00 
4.2817801e-01 4.6774849e-01 0.0000000e+00 
3.9298210e-01 4.8933309e-01 0.0000000e+00 
5.1858139e-01 5.3958851e-01 0.0000000e+00 
1.1778920e+00 1.8819040e-01 0.0000000e+00 
6.3357651e-01 4.2729640e-01 0.0000000e+00 
2.1912169e-01 8.9860998e-02 0.0000000e+00 
4.4828820e-01 3.3391532e-02 0.0000000e+00 
7.1727687e-01 2.3730519e-01 0.0000000e+00 
9.8337471e-02 2.5592181e-01 0.0000000e+00 
4.8688981e-01 5.3696889e-01 0.0000000e+00 
9.1024607e-01 4.6742149e-02 0.0000000e+00 
4.2072469e-01 3.1704551e-01 0.0000000e+00 
2.5881660e-01 2.8481191e-01 0.0000000e+00 
1.3556740e+00 9.6588373e-02 0.0000000e+00 
3.8170820e-01 4.6353251e-01 0.0000000e+00 
6.1133659e-01 4.6789679e-01 0.0000000e+00 
4.4266859e-01 2.4074350e-01 0.0000000e+00 
1.4653840e+00 5.0395852e-01 0.0000000e+00 
1.1433500e+00 2.3560201e-01 0.0000000e+00 
5.5341142e-01 3.6430839e-01 0.0000000e+00 
5.7990170e-01 2.7820900e-01 0.0000000e+00 
4.4887719e-01 2.0151231e-01 0.0000000e+00 
4.6245420e-01 4.1756010e-01 0.0000000e+00 
4.1210291e-01 2.1662711e-01 0.0000000e+00 
5.1736373e-01 5.6347691e-02 0.0000000e+00 
7.0604849e-01 3.3807889e-01 0.0000000e+00 
4.3653390e-01 1.2656429e-01 0.0000000e+00 
4.2773649e-01 3.9727569e-01 0.0000000e+00 
4.2305809e-01 2.7508900e-01 0.0000000e+00 
1.9111360e+00 1.7995431e-01 0.0000000e+00 
1.2975690e+00 9.4644032e-02 0.0000000e+00 
7.4613649e-01 2.3963641e-01 0.0000000e+00 
2.9362991e-01 4.1433749e-01 0.0000000e+00 
5.8357382e-01 3.0761179e-01 0.0000000e+00 
5.3191912e-01 3.7253350e-01 0.0000000e+00 
4.4445190e-01 8.4593862e-02 0.0000000e+00 
1.5468830e+00 4.5422599e-01 0.0000000e+00 
6.2926418e-01 2.7103639e-01 0.0000000e+00 
3.5220909e-01 2.8729489e-01 0.0000000e+00 
8.3805579e-01 3.3710629e-01 0.0000000e+00 
5.2616048e-01 4.0003020e-01 0.0000000e+00 
1.8064611e-01 5.2023911e-01 0.0000000e+00 
4.2505819e-01 3.3176431e-01 0.0000000e+00 
7.7968621e-01 5.0346297e-01 0.0000000e+00 
1.2679260e+00 4.6381779e-02 0.0000000e+00 
5.8107018e-01 2.9473820e-01 0.0000000e+00 
6.1925322e-01 3.3036381e-01 0.0000000e+00 
5.6537521e-01 2.5524691e-01 0.0000000e+00 
3.8967860e-01 6.5405212e-02 0.0000000e+00 
1.0865080e+00 2.3449360e-01 0.0000000e+00 
1.4042149e-01 9.9993236e-02 0.0000000e+00 
1.0030100e+00 3.5783571e-01 0.0000000e+00 
3.6067769e-01 3.0184039e-01 0.0000000e+00 
5.7885981e-01 3.8880101e-01 0.0000000e+00 
1.5990330e+00 4.4926330e-01 0.0000000e+00 
9.1439813e-02 3.7532219e-01 0.0000000e+00 
5.7995051e-01 1.7130360e-01 0.0000000e+00 
6.1258352e-01 2.5273019e-01 0.0000000e+00 
4.0172791e-01 2.2754180e-01 0.0000000e+00 
5.4750210e-01 9.9742994e-02 0.0000000e+00 
6.1311978e-01 2.0313910e-01 0.0000000e+00 
6.1223829e-01 2.2002740e-01 0.0000000e+00 
1.8586820e+00 3.2957241e-01 0.0000000e+00 
5.8738971e-01 3.7580970e-01 0.0000000e+00 
4.5219980e-02 4.4195049e-02 0.0000000e+00 
4.8124549e-01 2.2123460e-01 0.0000000e+00 
4.3828961e-02 5.5591398e-01 0.0000000e+00 
1.0568640e+00 1.9004630e-01 0.0000000e+00 
3.3193341e-01 4.4711831e-01 0.0000000e+00 
3.0378929e-01 4.4286191e-01 0.0000000e+00 
5.3415012e-01 1.2728420e-01 0.0000000e+00 
5.0386423e-01 2.1636350e-01 0.0000000e+00 
1.9116580e+00 4.2358989e-01 0.0000000e+00 
4.5517069e-01 3.6521810e-01 0.0000000e+00 
3.6732909e-01 3.6239621e-01 0.0000000e+00 
6.3041377e-01 3.0585691e-01 0.0000000e+00 
1.9569679e+00 4.3301821e-02 0.0000000e+00 
5.7146299e-01 4.8058590e-01 0.0000000e+00 
1.6484860e+00 5.1718348e-01 0.0000000e+00 
9.4670999e-01 1.8556410e-01 0.0000000e+00 
6.3752991e-01 4.6584189e-01 0.0000000e+00 
1.9572541e+00 5.5697870e-01 0.0000000e+00 
6.4813697e-01 2.4830820e-01 0.0000000e+00 
6.0179752e-01 3.7555191e-01 0.0000000e+00 
1.4364240e+00 4.6111640e-01 0.0000000e+00 
5.6217611e-01 3.5223660e-01 0.0000000e+00 
6.6050959e-01 4.3027630e-01 0.0000000e+00 
4.0468970e-01 5.1149738e-01 0.0000000e+00 
5.1506358e-01 2.0555650e-01 0.0000000e+00 
4.3334481e-01 1.8108650e-01 0.0000000e+00 
9.9962813e-01 1.8700930e-01 0.0000000e+00 
6.9131333e-01 1.1763480e-01 0.0000000e+00 
4.4599831e-01 1.8538959e-01 0.0000000e+00 
5.1551181e-01 4.8891029e-01 0.0000000e+00 
4.3754059e-01 5.8743980e-02 0.0000000e+00 
5.9589100e-01 3.4163511e-01 0.0000000e+00 
2.3624770e-01 5.2814358e-01 0.0000000e+00 
6.6953379e-01 3.7169310e-01 0.0000000e+00 
3.6865169e-01 3.9570969e-01 0.0000000e+00 
5.9758049e-01 1.9620110e-01 0.0000000e+00 
1.3329040e-01 5.1544452e-01 0.0000000e+00 
1.0515270e+00 3.5504949e-01 0.0000000e+00 
3.3392131e-01 6.8202123e-02 0.0000000e+00 
1.7869949e-01 8.1389397e-02 0.0000000e+00 
9.2706198e-01 1.4882250e-01 0.0000000e+00 
1.7000279e+00 5.1305068e-01 0.0000000e+00 
3.4774879e-01 2.6959679e-01 0.0000000e+00 
5.7002652e-01 3.3917850e-01 0.0000000e+00 
4.5571360e-01 1.7617980e-01 0.0000000e+00 
8.2389021e-01 8.1237279e-02 0.0000000e+00 
5.6977302e-01 4.0162051e-01 0.0000000e+00 
5.7622939e-01 9.1579817e-02 0.0000000e+00 
7.9520959e-01 1.9354109e-01 0.0000000e+00 
7.1731091e-01 1.9555099e-01 0.0000000e+00 
9.5533073e-01 4.0679529e-01 0.0000000e+00 
5.1722008e-01 4.1250920e-01 0.0000000e+00 
4.3116611e-01 5.4470932e-01 0.0000000e+00 
6.9998658e-01 1.5358570e-01 0.0000000e+00 
3.7607810e-01 2.2627370e-01 0.0000000e+00 
5.1978278e-01 3.9113960e-01 0.0000000e+00 
5.3689402e-01 2.1312129e-01 0.0000000e+00 
9.0401761e-02 2.1924180e-01 0.0000000e+00 
7.8513551e-01 3.6338761e-01 0.0000000e+00 
2.8628290e-01 5.2971011e-01 0.0000000e+00 
1.9101239e+00 1.3962340e-01 0.0000000e+00 
3.3938929e-01 1.5675519e-01 0.0000000e+00 
3.5365051e-01 1.4366330e-01 0.0000000e+00 
5.9640652e-01 1.7787141e-01 0.0000000e+00 
2.3996450e-01 3.0955619e-01 0.0000000e+00 
4.0130991e-01 5.3756779e-01 0.0000000e+00 
2.6203820e-01 3.9843059e-01 0.0000000e+00 
1.7610559e+00 5.1254529e-01 0.0000000e+00 
5.3923780e-01 6.9367118e-02 0.0000000e+00 
6.6389477e-01 2.7387929e-01 0.0000000e+00 
5.6400359e-01 1.6758190e-01 0.0000000e+00 
6.3302028e-01 3.3655259e-01 0.0000000e+00 
5.4254562e-01 3.6452681e-01 0.0000000e+00 
5.1293671e-01 2.8587131e-02 0.0000000e+00 
5.1246679e-01 1.8971939e-01 0.0000000e+00 

CELLS 1766 7064
3 0 870 123
3 1 882 70
3 2 887 79
3 3 872 114
3 4 193 35
3 4 516 193
3 5 516 4
3 6 184 5
3 6 612 184
3 7 612 6
3 8 183 7
3 8 799 183
3 9 799 8
3 10 615 9
3 11 335 10
3 11 521 335
3 12 521 11
3 13 311 12
3 13 515 311
3 14 515 13
3 15 312 14
3 15 511 312
3 16 511 15
3 17 308 16
3 17 510 308
3 18 510 17
3 19 301 18
3 19 529 301
3 20 529 19
3 21 124 20
3 21 517 124
3 22 517 21
3 23 277 22
3 23 503 277
3 24 503 23
3 25 266 24
3 25 533 266
3 26 533 25
3 27 269 26
3 27 616 269
3 28 616 27
3 29 513 28
3 30 241 29
3 30 512 241
3 31 512 30
3 32 214 31
3 32 514 214
3 33 514 32
3 34 215 33
3 34 726 215
3 35 726 34
3 36 870 0
3 37 747 36
3 38 155 37
3 38 603 155
3 39 603 38
3 40 130 39
3 40 547 130
3 41 547 40
3 41 619 547
3 42 619 41
3 43 142 42
3 43 812 142
3 44 812 43
3 44 943 597
3 45 943 44
3 46 145 45
3 46 159 145
3 47 159 46
3 48 140 47
3 48 555 140
3 49 555 48
3 49 557 555
3 50 557 49
3 51 126 50
3 51 800 126
3 52 800 51
3 52 816 800
3 53 816 52
3 54 131 53
3 54 663 131
3 55 663 54
3 55 718 663
3 56 718 55
3 57 127 56
3 57 780 127
3 58 780 57
3 58 850 780
3 59 850 58
3 60 148 59
3 60 700 148
3 61 700 60
3 62 128 61
3 62 701 128
3 63 701 62
3 63 744 701
3 64 744 63
3 65 136 64
3 65 613 136
3 66 613 65
3 66 772 613
3 67 772 66
3 68 144 67
3 68 715 144
3 69 715 68
3 70 157 69
3 70 882 157
3 71 882 1
3 72 757 71
3 73 154 72
3 73 674 154
3 74 674 73
3 75 139 74
3 75 676 139
3 76 676 75
3 77 147 76
3 77 662 147
3 78 662 77
3 79 156 78
3 79 887 156
3 80 887 2
3 81 766 80
3 82 706 81
3 83 151 82
3 83 702 151
3 84 702 83
3 85 129 84
3 85 703 129
3 86 703 85
3 87 697 86
3 88 137 87
3 88 756 137
3 89 756 88
3 90 149 89
3 90 653 149
3 91 653 90
3 92 134 91
3 92 673 134
3 93 673 92
3 94 150 93
3 94 675 150
3 95 675 94
3 96 135 95
3 96 624 135
3 97 624 96
3 98 623 97
3 99 125 98
3 99 607 125
3 100 607 99
3 100 736 607
3 101 736 100
3 102 138 101
3 102 566 138
3 103 566 102
3 103 583 566
3 104 583 103
3 105 143 104
3 105 611 143
3 106 611 105
3 106 745 611
3 107 745 106
3 108 141 107
3 108 544 141
3 109 544 108
3 110 543 109
3 111 132 110
3 111 605 132
3 112 605 111
3 113 153 112
3 113 754 153
3 114 754 113
3 114 872 754
3 115 872 3
3 116 158 115
3 116 635 158
3 117 635 116
3 118 146 117
3 118 604 146
3 119 604 118
3 120 133 119
3 120 609 133
3 121 609 120
3 122 152 121
3 122 650 152
3 123 650 122
3 123 870 650
3 124 529 20
3 124 658 529
3 124 817 658
3 125 623 98
3 125 735 623
3 125 782 735
3 126 557 50
3 126 558 557
3 126 559 558
3 126 915 559
3 127 718 56
3 127 804 670
3 128 700 61
3 128 786 700
3 129 702 84
3 129 911 702
3 130 603 39
3 130 610 525
3 130 811 603
3 131 816 53
3 132 543 110
3 132 929 543
3 133 604 119
3 133 734 604
3 133 814 734
3 133 927 814
3 134 653 91
3 134 673 647
3 135 675 95
3 136 613 545
3 136 744 64
3 137 697 87
3 137 698 697
3 137 823 698
3 138 736 101
3 139 674 74
3 139 768 454
3 140 159 47
3 140 160 159
3 140 161 160
3 140 555 161
3 141 745 107
3 141 922 745
3 141 935 922
3 142 619 42
3 142 854 619
3 142 900 640
3 143 583 104
3 143 777 583
3 143 808 634
3 144 740 532
3 144 772 67
3 145 938 830
3 145 943 45
3 146 635 117
3 146 748 635
3 146 861 748
3 147 676 76
3 147 730 676
3 147 878 730
3 148 850 59
3 149 756 89
3 150 673 93
3 150 675 632
3 151 706 82
3 151 937 504
3 152 609 121
3 152 746 609
3 153 605 112
3 153 847 605
3 153 906 847
3 154 757 72
3 154 930 757
3 155 747 37
3 155 856 747
3 155 909 856
3 156 662 78
3 156 711 662
3 156 766 711
3 156 887 766
3 157 715 69
3 157 716 715
3 157 757 716
3 157 882 757
3 158 872 115
3 159 542 145
3 160 542 159
3 160 917 542
3 161 162 160
3 161 760 162
3 162 163 160
3 162 164 163
3 162 165 164
3 162 760 165
3 163 917 160
3 164 187 163
3 164 506 187
3 165 166 164
3 165 167 166
3 165 253 167
3 165 760 253
3 166 506 164
3 166 933 506
3 167 168 166
3 167 169 168
3 167 793 169
3 168 227 166
3 168 866 227
3 169 170 168
3 169 171 170
3 169 188 171
3 169 793 188
3 170 508 168
3 171 172 170
3 171 173 172
3 171 801 173
3 172 244 170
3 172 888 244
3 173 174 172
3 173 175 174
3 173 813 175
3 174 888 172
3 174 939 524
3 175 176 174
3 175 177 176
3 175 178 177
3 175 813 178
3 176 939 174
3 177 180 176
3 177 791 180
3 178 179 177
3 178 181 179
3 178 837 181
3 179 791 177
3 180 191 176
3 180 192 191
3 180 831 192
3 181 182 179
3 181 185 182
3 181 245 185
3 181 837 245
3 182 781 179
3 183 612 7
3 183 799 696
3 183 853 612
3 184 516 5
3 184 612 501
3 184 826 516
3 185 186 182
3 185 189 186
3 185 759 189
3 186 222 182
3 186 845 222
3 187 361 163
3 187 769 361
3 187 792 769
3 188 801 171
3 188 919 801
3 188 923 599
3 189 190 186
3 189 194 190
3 189 243 194
3 189 759 243
3 190 845 186
3 191 523 176
3 192 201 191
3 192 202 201
3 192 203 202
3 192 831 203
3 193 726 35
3 193 839 456
3 193 851 839
3 194 195 190
3 194 196 195
3 194 739 196
3 195 588 190
3 196 197 195
3 196 198 197
3 196 729 198
3 196 739 729
3 197 242 195
3 197 857 242
3 198 199 197
3 198 200 199
3 198 259 200
3 198 729 259
3 199 857 197
3 199 907 857
3 200 216 199
3 200 217 216
3 200 855 217
3 201 232 191
3 201 460 232
3 201 941 460
3 202 204 201
3 202 205 204
3 202 903 205
3 203 831 589
3 203 903 202
3 204 941 201
3 205 206 204
3 205 207 206
3 205 797 207
3 205 903 797
3 206 341 204
3 206 805 341
3 207 208 206
3 207 209 208
3 207 211 209
3 207 797 211
3 208 805 206
3 208 889 805
3 209 210 208
3 209 212 210
3 209 810 212
3 210 344 208
3 210 530 344
3 211 797 761
3 211 810 209
3 211 892 810
3 212 213 210
3 212 220 213
3 212 257 220
3 212 810 257
3 213 530 210
3 214 512 31
3 214 891 825
3 214 942 512
3 215 514 33
3 215 913 514
3 216 907 199
3 217 218 216
3 217 219 218
3 217 824 219
3 217 855 824
3 218 345 216
3 218 651 345
3 219 223 218
3 219 224 223
3 219 258 224
3 219 824 258
3 220 221 213
3 220 254 221
3 220 821 254
3 221 239 213
3 221 240 239
3 221 775 240
3 222 781 182
3 222 845 586
3 222 928 781
3 223 651 218
3 224 225 223
3 224 226 225
3 224 728 226
3 225 352 223
3 225 731 352
3 226 228 225
3 226 229 228
3 226 693 229
3 226 728 693
3 227 933 166
3 228 731 225
3 229 230 228
3 229 231 230
3 229 256 231
3 229 693 256
3 230 356 228
3 230 783 356
3 231 233 230
3 231 234 233
3 231 720 234
3 232 523 191
3 232 621 523
3 232 881 621
3 233 783 230
3 234 235 233
3 234 236 235
3 234 694 236
3 234 720 694
3 235 366 233
3 235 707 366
3 236 237 235
3 236 238 237
3 236 252 238
3 236 694 252
3 237 707 235
3 238 246 237
3 238 247 246
3 238 714 247
3 239 530 213
3 239 916 530
3 240 260 239
3 240 261 260
3 240 262 261
3 240 775 262
3 241 513 29
3 241 614 513
3 241 840 614
3 242 588 195
3 242 737 588
3 242 857 630
3 242 920 737
3 243 739 194
3 243 758 739
3 243 759 563
3 244 508 170
3 244 725 724
3 244 867 508
3 244 888 725
3 245 601 600
3 245 759 185
3 245 837 601
3 245 918 759
3 246 360 237
3 246 704 360
3 247 248 246
3 247 249 248
3 247 250 249
3 247 714 250
3 248 704 246
3 249 255 248
3 249 719 255
3 250 251 249
3 250 342 251
3 250 709 342
3 250 714 709
3 251 719 249
3 252 694 681
3 252 714 238
3 253 793 167
3 253 923 793
3 254 775 221
3 254 821 643
3 254 883 775
3 255 377 248
3 255 378 377
3 255 382 378
3 255 719 382
3 256 686 684
3 256 693 686
3 256 720 231
3 257 810 587
3 257 821 220
3 257 886 821
3 258 728 224
3 258 809 690
3 258 824 809
3 259 855 200
3 259 873 855
3 259 896 873
3 260 346 239
3 260 438 346
3 260 459 438
3 261 459 260
3 262 263 261
3 262 435 263
3 262 436 435
3 262 775 436
3 263 264 261
3 263 265 264
3 263 790 265
3 264 459 261
3 264 921 459
3 265 267 264
3 265 268 267
3 265 270 268
3 265 790 270
3 266 503 24
3 266 620 503
3 266 879 620
3 267 354 264
3 267 355 354
3 267 659 355
3 268 659 267
3 269 533 26
3 269 722 502
3 270 271 268
3 270 326 271
3 270 327 326
3 270 790 327
3 271 272 268
3 271 273 272
3 271 771 273
3 272 659 268
3 272 828 659
3 273 274 272
3 273 275 274
3 273 806 275
3 274 732 272
3 275 276 274
3 275 278 276
3 275 339 278
3 275 806 339
3 276 340 274
3 276 528 340
3 277 517 22
3 277 848 517
3 278 279 276
3 278 280 279
3 278 820 280
3 279 528 276
3 280 281 279
3 280 282 281
3 280 316 282
3 280 820 316
3 281 314 279
3 281 904 314
3 282 283 281
3 282 284 283
3 282 874 284
3 283 904 281
3 284 285 283
3 284 838 285
3 284 875 838
3 285 286 283
3 285 287 286
3 285 296 287
3 285 838 296
3 286 540 283
3 287 288 286
3 287 289 288
3 287 774 289
3 288 539 286
3 289 290 288
3 289 291 290
3 289 774 291
3 290 317 288
3 290 535 317
3 291 292 290
3 291 293 292
3 291 304 293
3 291 774 304
3 292 535 290
3 292 536 535
3 293 294 292
3 293 295 294
3 293 818 295
3 294 536 292
3 295 297 294
3 295 305 297
3 295 322 305
3 295 818 322
3 296 774 287
3 296 936 712
3 297 298 294
3 297 299 298
3 297 742 299
3 298 536 294
3 298 912 536
3 299 300 298
3 299 302 300
3 299 787 302
3 300 315 298
3 300 467 315
3 300 924 467
3 301 510 18
3 301 834 510
3 302 303 300
3 302 306 303
3 302 313 306
3 302 787 313
3 303 924 300
3 304 774 713
3 304 818 293
3 304 934 818
3 305 742 297
3 306 307 303
3 306 309 307
3 306 798 309
3 307 321 303
3 307 660 321
3 308 511 16
3 308 822 511
3 309 310 307
3 309 318 310
3 309 320 318
3 309 798 320
3 310 660 307
3 310 767 660
3 311 521 12
3 311 871 622
3 311 877 521
3 312 515 14
3 312 531 515
3 312 764 531
3 313 787 548
3 313 798 306
3 313 931 798
3 314 528 279
3 314 727 528
3 314 803 727
3 314 904 803
3 315 912 298
3 316 755 602
3 316 820 755
3 316 874 282
3 317 539 288
3 317 796 539
3 318 319 310
3 318 328 319
3 318 638 328
3 319 767 310
3 319 895 767
3 320 638 318
3 320 932 552
3 321 864 784
3 321 924 303
3 322 323 305
3 322 324 323
3 322 637 324
3 322 818 637
3 323 551 305
3 324 325 323
3 324 367 325
3 324 368 367
3 324 637 368
3 325 350 323
3 325 371 350
3 325 773 371
3 326 771 271
3 327 359 326
3 327 402 359
3 327 899 402
3 328 329 319
3 328 832 329
3 329 330 319
3 329 331 330
3 329 332 331
3 329 832 332
3 330 895 319
3 330 898 895
3 330 914 898
3 331 914 330
3 332 333 331
3 332 336 333
3 332 369 336
3 332 832 369
3 333 334 331
3 333 337 334
3 333 779 337
3 334 751 331
3 335 615 10
3 335 750 615
3 336 779 333
3 337 338 334
3 337 347 338
3 337 348 347
3 337 779 348
3 338 351 334
3 338 461 351
3 338 944 461
3 339 806 641
3 339 820 278
3 340 732 274
3 340 833 661
3 341 776 738
3 341 805 776
3 341 941 204
3 342 343 251
3 342 375 343
3 342 376 375
3 342 709 376
3 343 353 251
3 343 373 353
3 343 710 373
3 344 889 208
3 345 633 628
3 345 651 633
3 345 907 216
3 346 916 239
3 347 349 338
3 347 362 349
3 347 794 362
3 348 779 733
3 348 794 347
3 348 876 794
3 349 944 338
3 350 551 323
3 351 751 334
3 352 648 646
3 352 651 223
3 352 731 648
3 353 719 251
3 353 723 719
3 354 921 264
3 355 357 354
3 355 379 357
3 355 380 379
3 355 659 380
3 356 731 228
3 356 752 731
3 356 783 656
3 357 358 354
3 357 789 358
3 358 921 354
3 358 925 846
3 359 372 326
3 359 401 372
3 359 815 401
3 360 707 237
3 360 842 707
3 360 860 842
3 361 917 163
3 362 363 349
3 362 364 363
3 362 431 364
3 362 794 431
3 363 374 349
3 363 527 374
3 364 365 363
3 364 384 365
3 364 940 384
3 365 527 363
3 366 783 233
3 366 890 656
3 367 773 325
3 368 406 367
3 368 407 406
3 368 409 407
3 368 637 409
3 369 370 336
3 369 832 639
3 369 841 370
3 370 403 336
3 370 405 403
3 370 424 405
3 370 841 424
3 371 392 350
3 371 457 392
3 371 458 457
3 371 773 458
3 372 771 326
3 373 422 353
3 373 454 422
3 373 455 454
3 373 710 455
3 374 944 349
3 375 710 343
3 376 394 375
3 376 545 394
3 376 546 545
3 376 709 546
3 377 704 248
3 378 445 377
3 378 705 445
3 379 430 357
3 379 722 430
3 380 381 379
3 380 432 381
3 380 828 432
3 381 722 379
3 382 383 378
3 382 399 383
3 382 723 399
3 383 705 378
3 384 385 365
3 384 541 385
3 384 862 541
3 384 940 862
3 385 386 365
3 385 387 386
3 385 795 387
3 386 527 365
3 386 926 527
3 387 388 386
3 387 389 388
3 387 390 389
3 387 795 390
3 388 400 386
3 388 444 400
3 388 696 444
3 389 696 388
3 390 391 389
3 390 395 391
3 390 447 395
3 390 795 447
3 391 608 389
3 392 393 350
3 392 525 393
3 392 811 525
3 393 551 350
3 394 532 375
3 394 772 532
3 395 396 391
3 395 724 396
3 395 867 724
3 396 397 391
3 396 398 397
3 396 863 398
3 397 608 391
3 398 417 397
3 398 418 417
3 398 419 418
3 398 863 419
3 399 404 383
3 399 730 404
3 399 868 730
3 400 926 386
3 401 534 372
3 401 815 745
3 401 922 534
3 402 815 359
3 402 899 537
3 403 779 336
3 404 504 383
3 404 711 504
3 404 878 711
3 405 434 403
3 405 830 434
3 406 408 367
3 406 814 408
3 407 734 406
3 408 773 367
3 408 927 746
3 409 410 407
3 409 411 410
3 409 713 411
3 409 934 713
3 410 437 407
3 410 778 437
3 411 412 410
3 411 413 412
3 411 712 413
3 411 713 712
3 412 778 410
3 413 414 412
3 413 415 414
3 413 657 415
3 413 936 657
3 414 416 412
3 414 749 416
3 415 423 414
3 415 518 423
3 415 519 518
3 415 657 519
3 416 749 636
3 416 778 412
3 417 501 397
3 417 826 501
3 418 420 417
3 418 421 420
3 418 753 421
3 419 753 418
3 419 843 753
3 419 863 725
3 420 826 417
3 420 851 826
3 421 425 420
3 421 426 425
3 421 443 426
3 421 753 443
3 422 723 353
3 422 868 723
3 423 749 414
3 423 847 749
3 423 902 847
3 424 597 405
3 424 812 597
3 424 900 812
3 425 851 420
3 426 427 425
3 426 428 427
3 426 765 428
3 427 839 425
3 428 429 427
3 428 738 429
3 428 852 738
3 429 456 427
3 429 743 456
3 429 901 743
3 430 616 513
3 430 722 616
3 430 789 357
3 431 794 769
3 431 940 364
3 432 433 381
3 432 661 433
3 432 732 661
3 432 828 732
3 433 502 381
3 433 509 502
3 433 592 509
3 433 661 592
3 434 733 403
3 434 865 733
3 434 938 865
3 435 790 263
3 435 899 790
3 436 537 435
3 436 538 537
3 436 883 538
3 437 734 407
3 437 861 604
3 438 439 346
3 438 442 439
3 438 846 442
3 439 440 346
3 439 441 440
3 439 617 441
3 440 916 346
3 441 448 440
3 441 449 448
3 441 825 449
3 442 617 439
3 442 840 617
3 442 925 614
3 443 753 621
3 443 765 426
3 443 881 765
3 444 750 400
3 444 799 615
3 445 446 377
3 445 911 446
3 445 937 911
3 446 704 377
3 446 860 704
3 446 884 699
3 446 911 884
3 447 867 395
3 447 905 866
3 448 859 440
3 448 869 859
3 449 450 448
3 449 451 450
3 449 891 451
3 450 869 448
3 451 452 450
3 451 743 452
3 451 913 743
3 452 453 450
3 452 776 453
3 452 901 776
3 453 869 450
3 453 889 869
3 454 674 139
3 454 768 422
3 454 835 674
3 455 740 716
3 455 835 454
3 455 930 835
3 456 726 193
3 456 839 427
3 456 913 726
3 457 811 392
3 457 909 811
3 458 746 717
3 458 773 746
3 458 856 457
3 459 846 438
3 459 921 846
3 460 852 765
3 460 881 232
3 460 941 852
3 461 462 351
3 461 466 462
3 461 944 466
3 462 463 351
3 462 464 463
3 462 622 464
3 463 751 351
3 464 465 463
3 464 531 465
3 464 871 531
3 465 507 463
3 465 827 507
3 466 622 462
3 466 877 622
3 466 894 877
3 466 944 894
3 467 468 315
3 467 741 468
3 467 784 741
3 467 924 784
3 468 469 315
3 468 470 469
3 468 471 470
3 468 741 471
3 469 912 315
3 470 763 469
3 471 472 470
3 471 485 472
3 471 486 485
3 471 741 486
3 472 473 470
3 472 474 473
3 472 606 474
3 473 763 470
3 474 475 473
3 474 596 475
3 474 658 596
3 475 476 473
3 475 477 476
3 475 478 477
3 475 596 478
3 476 763 473
3 476 858 763
3 477 642 476
3 477 796 642
3 478 479 477
3 478 480 479
3 478 484 480
3 478 596 484
3 479 796 477
3 480 481 479
3 480 482 481
3 480 595 482
3 481 483 479
3 481 802 483
3 482 489 481
3 482 490 489
3 482 491 490
3 482 595 491
3 483 796 479
3 483 880 539
3 484 595 480
3 484 848 595
3 485 606 472
3 485 834 606
3 486 487 485
3 486 488 487
3 486 494 488
3 486 741 494
3 487 721 510
3 487 834 485
3 488 721 487
3 489 802 481
3 489 803 802
3 490 727 489
3 491 492 490
3 491 620 492
3 491 788 620
3 492 493 490
3 492 592 493
3 492 620 509
3 493 727 490
3 493 833 528
3 494 495 488
3 494 864 495
3 495 496 488
3 495 497 496
3 495 829 497
3 495 864 829
3 496 721 488
3 496 822 721
3 497 498 496
3 497 499 498
3 497 500 499
3 497 829 500
3 498 822 496
3 499 644 498
3 499 827 644
3 500 505 499
3 500 767 505
3 500 829 660
3 501 608 397
3 501 826 184
3 501 853 608
3 502 533 269
3 502 722 381
3 502 879 533
3 503 788 277
3 504 705 383
3 504 706 151
3 504 711 706
3 504 937 705
3 505 827 499
3 505 898 827
3 506 792 187
3 506 862 792
3 506 933 862
3 507 751 463
3 507 914 751
3 508 866 168
3 508 867 866
3 509 592 492
3 509 879 502
3 510 721 308
3 510 834 487
3 511 764 312
3 511 822 764
3 512 840 241
3 512 942 840
3 513 616 28
3 513 789 430
3 514 891 214
3 514 913 891
3 515 871 311
3 516 851 193
3 517 817 124
3 517 848 817
3 518 902 423
3 518 929 902
3 519 520 518
3 519 602 520
3 519 875 602
3 520 602 593
3 520 929 518
3 521 522 335
3 521 877 522
3 522 750 335
3 522 785 750
3 522 894 785
3 523 621 524
3 523 939 176
3 524 843 725
3 524 888 174
3 524 939 523
3 525 526 393
3 525 610 526
3 525 811 130
3 526 548 393
3 526 549 548
3 526 550 549
3 526 610 550
3 527 785 374
3 527 926 785
3 528 727 493
3 528 833 340
3 529 658 606
3 529 834 301
3 530 859 344
3 530 916 859
3 531 644 465
3 531 764 644
3 531 871 515
3 532 710 375
3 532 740 710
3 532 772 144
3 533 879 266
3 534 641 372
3 534 893 641
3 534 935 893
3 535 642 317
3 535 858 642
3 536 844 535
3 536 912 844
3 537 634 402
3 537 899 435
3 538 634 537
3 538 777 634
3 538 883 643
3 539 540 286
3 539 796 483
3 539 880 540
3 540 880 802
3 540 904 283
3 541 795 385
3 541 905 795
3 541 933 905
3 542 917 865
3 542 938 145
3 543 544 109
3 543 593 544
3 543 929 593
3 544 935 141
3 545 613 394
3 545 677 136
3 546 677 545
3 546 678 677
3 546 695 678
3 546 709 695
3 547 610 130
3 547 908 610
3 548 551 393
3 548 787 551
3 548 931 313
3 549 931 548
3 549 932 931
3 550 552 549
3 550 553 552
3 550 908 553
3 551 742 305
3 551 787 742
3 552 638 320
3 552 932 549
3 553 554 552
3 553 854 554
3 553 908 619
3 554 638 552
3 554 639 638
3 554 640 639
3 554 854 640
3 555 556 161
3 555 557 556
3 556 760 161
3 556 897 760
3 557 558 556
3 558 897 556
3 559 560 558
3 559 561 560
3 559 562 561
3 559 915 562
3 560 598 558
3 560 599 598
3 560 600 599
3 561 600 560
3 561 918 600
3 562 563 561
3 562 564 563
3 562 565 564
3 562 915 565
3 563 758 243
3 563 759 561
3 564 758 563
3 564 910 758
3 565 669 564
3 565 816 669
3 565 915 800
3 566 567 138
3 566 582 567
3 566 583 582
3 567 568 138
3 567 569 568
3 567 585 569
3 568 736 138
3 569 570 568
3 569 584 570
3 569 587 584
3 569 886 587
3 570 571 568
3 570 572 571
3 570 573 572
3 570 584 573
3 571 736 568
3 571 849 607
3 572 849 571
3 573 574 572
3 573 575 574
3 573 579 575
3 573 584 579
3 574 576 572
3 574 577 576
3 574 618 577
3 575 618 574
3 576 849 572
3 577 578 576
3 577 580 578
3 577 586 580
3 577 618 586
3 578 782 576
3 579 589 575
3 579 762 589
3 580 581 578
3 580 737 581
3 581 735 578
3 581 737 629
3 582 585 567
3 582 643 585
3 582 777 643
3 583 777 582
3 584 761 579
3 584 892 761
3 585 886 569
3 586 588 580
3 586 845 588
3 586 928 222
3 587 886 257
3 587 892 584
3 588 737 580
3 588 845 190
3 589 590 575
3 589 591 590
3 589 762 203
3 589 831 591
3 590 618 575
3 590 928 618
3 591 781 590
3 591 791 781
3 591 831 791
3 592 833 493
3 593 594 544
3 593 755 594
3 593 929 520
3 594 935 544
3 595 788 491
3 595 848 788
3 596 817 484
3 597 812 44
3 597 830 405
3 597 943 830
3 598 897 558
3 598 923 897
3 599 919 188
3 599 923 598
3 600 601 599
3 600 918 245
3 601 813 801
3 601 837 813
3 601 919 599
3 602 755 593
3 602 874 316
3 602 875 874
3 603 909 155
3 604 734 437
3 604 861 146
3 605 902 132
3 606 658 474
3 606 834 529
3 607 736 571
3 607 782 125
3 607 849 782
3 608 696 389
3 608 853 696
3 609 927 133
3 610 908 550
3 611 808 143
3 611 815 808
3 612 853 501
3 613 772 394
3 614 789 513
3 614 840 442
3 614 925 789
3 615 750 444
3 615 799 9
3 616 722 269
3 617 825 441
3 617 942 825
3 618 928 586
3 619 854 553
3 619 908 547
3 620 788 503
3 620 879 509
3 621 843 524
3 621 881 443
3 622 871 464
3 622 877 311
3 623 624 97
3 623 631 624
3 623 735 631
3 624 625 135
3 624 631 625
3 625 626 135
3 625 627 626
3 625 629 627
3 625 631 629
3 626 675 135
3 627 628 626
3 627 652 628
3 628 632 626
3 628 633 632
3 628 652 345
3 629 630 627
3 629 631 581
3 629 920 630
3 630 652 627
3 630 857 652
3 630 920 242
3 631 735 581
3 632 645 150
3 632 675 626
3 633 645 632
3 633 646 645
3 633 651 646
3 634 777 143
3 634 808 402
3 635 636 158
3 635 748 636
3 636 748 416
3 636 754 158
3 636 906 754
3 637 934 409
3 638 639 328
3 639 832 328
3 639 841 369
3 640 841 639
3 640 854 142
3 640 900 841
3 641 771 372
3 641 806 771
3 641 807 339
3 641 893 807
3 642 796 317
3 642 858 476
3 643 777 538
3 643 821 585
3 643 883 254
3 644 764 498
3 644 827 465
3 645 673 150
3 646 647 645
3 646 648 647
3 646 651 352
3 647 649 134
3 647 673 645
3 648 649 647
3 648 752 649
3 649 653 134
3 649 654 653
3 649 752 654
3 650 717 152
3 650 747 717
3 650 870 747
3 652 907 345
3 653 654 149
3 654 655 149
3 654 656 655
3 654 752 656
3 655 756 149
3 655 823 756
3 655 890 823
3 656 752 356
3 656 783 366
3 656 890 655
3 657 875 519
3 657 936 838
3 658 817 596
3 659 828 380
3 660 767 500
3 660 829 321
3 661 732 340
3 661 833 592
3 662 878 147
3 663 664 131
3 663 665 664
3 663 718 665
3 664 669 131
3 665 666 664
3 665 667 666
3 665 670 667
3 665 718 670
3 666 668 664
3 666 896 668
3 667 873 666
3 668 669 664
3 668 896 885
3 668 910 669
3 669 816 131
3 669 910 564
3 670 671 667
3 670 718 127
3 670 804 671
3 671 672 667
3 671 804 691
3 671 809 672
3 672 873 667
3 674 835 154
3 676 768 139
3 677 744 136
3 678 679 677
3 678 680 679
3 678 681 680
3 678 695 681
3 679 744 677
3 679 770 701
3 680 770 679
3 681 682 680
3 681 694 682
3 681 695 252
3 682 683 680
3 682 684 683
3 682 720 684
3 683 770 680
3 683 786 770
3 684 685 683
3 684 686 685
3 684 720 256
3 685 786 683
3 685 819 786
3 686 687 685
3 686 688 687
3 686 693 688
3 687 819 685
3 687 836 819
3 688 689 687
3 688 690 689
3 688 728 690
3 689 836 687
3 690 691 689
3 690 728 258
3 690 809 691
3 691 692 689
3 691 804 692
3 691 809 671
3 692 804 780
3 692 836 689
3 692 850 836
3 693 728 688
3 694 720 682
3 695 714 252
3 696 799 444
3 696 853 183
3 697 703 86
3 698 699 697
3 698 823 708
3 698 842 699
3 699 703 697
3 699 860 446
3 699 884 703
3 700 819 148
3 701 744 679
3 701 770 128
3 702 937 151
3 703 884 129
3 704 860 360
3 705 937 445
3 706 766 81
3 707 708 366
3 707 842 708
3 708 842 698
3 708 890 366
3 709 714 695
3 710 740 455
3 711 766 706
3 711 878 662
3 712 774 296
3 712 936 413
3 713 774 712
3 713 934 304
3 715 740 144
3 716 740 715
3 716 930 455
3 717 746 152
3 717 856 458
3 719 723 382
3 721 822 308
3 723 868 399
3 724 863 396
3 724 867 244
3 725 843 419
3 725 863 724
3 725 888 524
3 726 913 215
3 727 803 489
3 729 896 259
3 730 768 676
3 730 868 768
3 730 878 404
3 731 752 648
3 732 828 272
3 733 779 403
3 733 876 348
3 734 814 406
3 735 782 578
3 737 920 629
3 738 852 341
3 738 901 429
3 739 885 729
3 741 784 494
3 742 787 299
3 743 901 452
3 743 913 456
3 745 815 611
3 745 922 401
3 746 773 408
3 746 927 609
3 747 856 717
3 747 870 36
3 748 778 416
3 748 861 778
3 749 906 636
3 750 926 400
3 751 914 331
3 753 843 621
3 754 872 158
3 754 906 153
3 755 807 594
3 755 820 807
3 756 823 137
3 757 882 71
3 757 930 716
3 758 885 739
3 758 910 885
3 759 918 561
3 760 897 253
3 761 762 579
3 761 797 762
3 761 892 211
3 762 903 203
3 763 844 469
3 763 858 844
3 764 822 498
3 765 852 428
3 765 881 460
3 766 887 80
3 767 895 505
3 768 868 422
3 769 792 431
3 769 865 361
3 769 876 865
3 770 786 128
3 771 806 273
3 775 883 436
3 776 805 453
3 776 901 738
3 778 861 437
3 780 804 127
3 780 850 692
3 781 791 179
3 781 928 590
3 782 849 576
3 784 864 494
3 784 924 321
3 785 894 374
3 785 926 750
3 786 819 700
3 788 848 277
3 789 925 358
3 790 899 327
3 791 831 180
3 792 940 431
3 793 923 188
3 794 876 769
3 795 905 447
3 797 903 762
3 798 932 320
3 800 816 565
3 800 915 126
3 801 813 173
3 801 919 601
3 802 803 540
3 802 880 483
3 803 904 540
3 805 889 453
3 807 820 339
3 807 893 594
3 808 815 402
3 809 824 672
3 810 892 587
3 811 909 603
3 812 900 142
3 813 837 178
3 814 927 408
3 817 848 484
3 818 934 637
3 819 836 148
3 821 886 585
3 823 890 708
3 824 855 672
3 825 891 449
3 825 942 214
3 826 851 516
3 827 898 507
3 829 864 321
3 830 938 434
3 830 943 145
3 835 930 154
3 836 850 148
3 838 875 657
3 838 936 296
3 839 851 425
3 840 942 617
3 841 900 424
3 842 860 699
3 844 858 535
3 844 912 469
3 846 921 358
3 846 925 442
3 847 902 605
3 847 906 749
3 852 941 341
3 855 873 672
3 856 909 457
3 857 907 652
3 859 869 344
3 859 916 440
3 862 933 541
3 862 940 792
3 865 876 733
3 865 917 361
3 865 938 542
3 866 867 447
3 866 905 227
3 869 889 344
3 873 896 666
3 874 875 284
3 877 894 522
3 884 911 129
3 885 896 729
3 885 910 668
3 891 913 451
3 893 935 594
3 894 944 374
3 895 898 505
3 897 923 253
3 898 914 507
3 902 929 132
3 905 933 227
3 911 937 702
3 922 935 534
3 931 932 798

CELL_TYPES 1766
5
5
5
5
5
5
5
5
5
5
5
5
5
5
5
5
5
5
5
5
5
5
5
5
5
5
5
5
5
5
5
5
5
5
5
5
5
5
5
5
5
5
5
5
5
5
5
5
5
5
5
5
5
5
5
5
5
5
5
5
5
5
5
5
5
5
5
5
5
5
5
5
5
5
5
5
5
5
5
5
5
5
5
5
5
5
5
5
5
5
5
5
5
5
5
5
5
5
5
5
5
5
5
5
5
5
5
5
5
5
5
5
5
5
5
5
5
5
5
5
5
5
5
5
5
5
5
5
5
5
5
5
5
5
5
5
5
5
5
5
5
5
5
5
5
5
5
5
5
5
5
5
5
5
5
5
5
5
5
5
5
5
5
5
5
5
5
5
5
5
5
5
5
5
5
5
5
5
5
5
5
5
5
5
5
5
5
5
5
5
5
5
5
5
5
5
5
5
5
5
5
5
5
5
5
5
5
5
5
5
5
5
5
5
5
5
5
5
5
5
5
5
5
5
5
5
5
5
5
5
5
5
5
5
5
5
5
5
5
5
5
5
5
5
5
5
5
5
5
5
5
5
5
5
5
5
5
5
5
5
5
5
5
5
5
5
5
5
5
5
5
5
5
5
5
5
5
5
5
5
5
5
5
5
5
5
5
5
5
5
5
5
5
5
5
5
5
5
5
5
5
5
5
5
5
5
5
5
5
5
5
5
5
5
5
5
5
5
5
5
5
5
5
5
5
5
5
5
5
5
5
5
5
5
5
5
5
5
5
5
5
5
5
5
5
5
5
5
5
5
5
5
5
5
5
5
5
5
5
5
5
5
5
5
5
5
5
5
5
5
5
5
5
5
5
5
5
5
5
5
5
5
5
5
5
5
5
5
5
5
5
5
5
5
5
5
5
5
5
5
5
5
5
5
5
5
5
5
5
5
5
5
5
5
5
5
5
5
5
5
5
5
5
5
5
5
5
5
5
5
5
5
5
5
5
5
5
5
5
5
5
5
5
5
5
5
5
5
5
5
5
5
5
5
5
5
5
5
5
5
5
5
5
5
5
5
5
5
5
5
5
5
5
5
5
5
5
5
5
5
5
5
5
5
5
5
5
5
5
5
5
5
5
5
5
5
5
5
5
5
5
5
5
5
5
5
5
5
5
5
5
5
5
5
5
5
5
5
5
5
5
5
5
5
5
5
5
5
5
5
5
5
5
5
5
5
5
5
5
5
5
5
5
5
5
5
5
5
5
5
5
5
5
5
5
5
5
5
5
5
5
5
5
5
5
5
5
5
5
5
5
5
5
5
5
5
5
5
5
5
5
5
5
5
5
5
5
5
5
5
5
5
5
5
5
5
5
5
5
5
5
5
5
5
5
5
5
5
5
5
5
5
5
5
5
5
5
5
5
5
5
5
5
5
5
5
5
5
5
5
5
5
5
5
5
5
5
5
5
5
5
5
5
5
5
5
5
5
5
5
5
5
5
5
5
5
5
5
5
5
5
5
5
5
5
5
5
5
5
5
5
5
5
5
5
5
5
5
5
5
5
5
5
5
5
5
5
5
5
5
5
5
5
5
5
5
5
5
5
5
5
5
5
5
5
5
5
5
5
5
5
5
5
5
5
5
5
5
5
5
5
5
5
5
5
5
5
5
5
5
5
5
5
5
5
5
5
5
5
5
5
5
5
5
5
5
5
5
5
5
5
5
5
5
5
5
5
5
5
5
5
5
5
5
5
5
5
5
5
5
5
5
5
5
5
5
5
5
5
5
5
5
5
5
5
5
5
5
5
5
5
5
5
5
5
5
5
5
5
5
5
5
5
5
5
5
5
5
5
5
5
5
5
5
5
5
5
5
5
5
5
5
5
5
5
5
5
5
5
5
5
5
5
5
5
5
5
5
5
5
5
5
5
5
5
5
5
5
5
5
5
5
5
5
5
5
5
5
5
5
5
5
5
5
5
5
5
5
5
5
5
5
5
5
5
5
5
5
5
5
5
5
5
5
5
5
5
5
5
5
5
5
5
5
5
5
5
5
5
5
5
5
5
5
5
5
5
5
5
5
5
5
5
5
5
5
5
5
5
5
5
5
5
5
5
5
5
5
5
5
5
5
5
5
5
5
5
5
5
5
5
5
5
5
5
5
5
5
5
5
5
5
5
5
5
5
5
5
5
5
5
5
5
5
5
5
5
5
5
5
5
5
5
5
5
5
5
5
5
5
5
5
5
5
5
5
5
5
5
5
5
5
5
5
5
5
5
5
5
5
5
5
5
5
5
5
5
5
5
5
5
5
5
5
5
5
5
5
5
5
5
5
5
5
5
5
5
5
5
5
5
5
5
5
5
5
5
5
5
5
5
5
5
5
5
5
5
5
5
5
5
5
5
5
5
5
5
5
5
5
5
5
5
5
5
5
5
5
5
5
5
5
5
5
5
5
5
5
5
5
5
5
5
5
5
5
5
5
5
5
5
5
5
5
5
5
5
5
5
5
5
5
5
5
5
5
5
5
5
5
5
5
5
5
5
5
5
5
5
5
5
5
5
5
5
5
5
5
5
5
5
5
5
5
5
5
5
5
5
5
5
5
5
5
5
5
5
5
5
5
5
5
5
5
5
5
5
5
5
5
5
5
5
5
5
5
5
5
5
5
5
5
5
5
5
5
5
5
5
5
5
5
5
5
5
5
5
5
5
5
5
5
5
5
5
5
5
5
5
5
5
5
5
5
5
5
5
5
5
5
5
5
5
5
5
5
5
5
5
5
5
5
5
5
5
5
5
5
5
5
5
5
5
5
5
5
5
5
5
5
5
5
5
5
5
5
5
5
5
5
5
5
5
5
5
5
5
5
5
5
5
5
5
5
5
5
5
5
5
5
5
5
5
5
5
5
5
5
5
5
5
5
5
5
5
5
5
5
5
5
5
5
5
5
5
5
5
5
5
5
5
5
5
5
5
5
5
5
5
5
5
5
5
5
5
5
5
5
5
5
5
5
5
5
5
5
5
5
5
5
5
5
5
5
5
5
5
5
5
5
5
5
5
5
5
5
5
5
5
5
5
5
5
5
5
5
5
5
5
5
5
5
5
5
5
5
5
5
5
5
5
5
5
5
5
5
5
5
5
5
5
5
5
5
5
5
5
5
5
5
5
5
5
5
5
5
5
5
5
5
5
5
5
5
5
5
5
5
5
5
5
5
5
5
5
5
5
5
5
5
5
5
5
5
5
5
5
5
5
5
5
5
5
5
5
5
5
5
5
5
5
5
5
5
5
5
5
5
5
5
5
5
5
5
5
5
5
5
5
5
5
5
5
5
5
5
5
5
5
5
5
5
5
5
5
5
5
5
5
5
5
5
5
5
5
5
5
5
5
5
5
5
5
5
5
5
5
5
5
5
5
5
5
5
5
5
5
5
5
5
5
5
5
5
5
5
5
5
5
5
5
5
5
5
5
5
5
5
5
5
5
5
5
5
5
5
5
5
5
5
5
5
5
5
5
5
5
5
5
5
5
5
5
5
5
5
5
5
5
5
5
5
5
5
5
5
5
5
5
5
5
5
5
5
5
5
5
5
5
5
5
5
5
5
5
5
5
5
5
5
5
5
5
5
5
5
5
5
5
5
5
5
5
5
5
5
5
5
5
5
5
5
5
5
5
5
5
5
5
5
5
5
5
5
5
5
5
5
5
5
5
5
5
5
5
5
5
5
5
5
5
5
5
5
5
5
5
5
5
5
5
5
5
5
5
5
5
5
5
5
5
5
5
5
5
5
5
5
5
5
5
5
5
5
5
5
5
5
5
5
5
5
5
5
5
5
5
5
5
5
5
5
5
5
5
5
5
5
5
5
5
5
5
5
5
5
5
5
5
5
5
5
5
5
5
5
5
5
5
5
5
5
5
5
5
5
5
5
5
5
5
5
5
5
5
5
5
5
5
5
5
5
5
5
5
5
5
5
5
5
5
5
5
5
5
5
5
5
5
5
5
5
5
5
5
5
POINT_DATA 945
FIELD FieldData 2
VELOCITY 3 945  float
1.0000000e-01 0.0000000e+00 0.0000000e+00 
1.0000163e-01 0.0000000e+00 0.0000000e+00 
1.0000078e-01 0.0000000e+00 0.0000000e+00 
1.0000000e-01 0.0000000e+00 0.0000000e+00 
0.0000000e+00 0.0000000e+00 0.0000000e+00 
0.0000000e+00 0.0000000e+00 0.0000000e+00 
0.0000000e+00 0.0000000e+00 0.0000000e+00 
0.0000000e+00 0.0000000e+00 0.0000000e+00 
0.0000000e+00 0.0000000e+00 0.0000000e+00 
0.0000000e+00 0.0000000e+00 0.0000000e+00 
0.0000000e+00 0.0000000e+00 0.0000000e+00 
0.0000000e+00 0.0000000e+00 0.0000000e+00 
0.0000000e+00 0.0000000e+00 0.0000000e+00 
0.0000000e+00 0.0000000e+00 0.0000000e+00 
0.0000000e+00 0.0000000e+00 0.0000000e+00 
0.0000000e+00 0.0000000e+00 0.0000000e+00 
0.0000000e+00 0.0000000e+00 0.0000000e+00 
0.0000000e+00 0.0000000e+00 0.0000000e+00 
0.0000000e+00 0.0000000e+00 0.0000000e+00 
0.0000000e+00 0.0000000e+00 0.0000000e+00 
0.0000000e+00 0.0000000e+00 0.0000000e+00 
0.0000000e+00 0.0000000e+00 0.0000000e+00 
0.0000000e+00 0.0000000e+00 0.0000000e+00 
0.0000000e+00 0.0000000e+00 0.0000000e+00 
0.0000000e+00 0.0000000e+00 0.0000000e+00 
0.0000000e+00 0.0000000e+00 0.0000000e+00 
0.0000000e+00 0.0000000e+00 0.0000000e+00 
0.0000000e+00 0.0000000e+00 0.0000000e+00 
0.0000000e+00 0.0000000e+00 0.0000000e+00 
0.0000000e+00 0.0000000e+00 0.0000000e+00 
0.0000000e+00 0.0000000e+00 0.0000000e+00 
0.0000000e+00 0.0000000e+00 0.0000000e+00 
0.0000000e+00 0.0000000e+00 0.0000000e+00 
0.0000000e+00 0.0000000e+00 0.0000000e+00 
0.0000000e+00 0.0000000e+00 0.0000000e+00 
0.0000000e+00 0.0000000e+00 0.0000000e+00 
1.0018431e-01 1.0097420e-27 0.0000000e+00 
1.0076463e-01 3.8774091e-26 0.0000000e+00 
1.0191264e-01 3.8774091e-26 0.0000000e+00 
1.0387848e-01 3.8774091e-26 0.0000000e+00 
1.0690442e-01 1.5509636e-25 0.0000000e+00 
1.1100655e-01 1.5509636e-25 0.0000000e+00 
1.1616377e-01 1.5509636e-25 0.0000000e+00 
1.2188583e-01 -4.1359031e-25 0.0000000e+00 
1.2755460e-01 -1.0339758e-25 0.0000000e+00 
1.3236070e-01 -4.1359031e-25 0.0000000e+00 
1.3580808e-01 -1.0339758e-25 0.0000000e+00 
1.3757852e-01 -1.0339758e-25 0.0000000e+00 
1.3756566e-01 -1.0339758e-25 0.0000000e+00 
1.3569051e-01 -8.2718061e-25 0.0000000e+00 
1.3206328e-01 -8.2718061e-25 0.0000000e+00 
1.2698175e-01 -8.2718061e-25 0.0000000e+00 
1.2141591e-01 4.1359031e-25 0.0000000e+00 
1.1602708e-01 4.1359031e-25 0.0000000e+00 
1.1106382e-01 4.1359031e-25 0.0000000e+00 
1.0711848e-01 -1.0339758e-25 0.0000000e+00 
1.0434546e-01 -1.0339758e-25 0.0000000e+00 
1.0256837e-01 -1.0339758e-25 0.0000000e+00 
1.0147517e-01 -5.1698788e-26 0.0000000e+00 
1.0084496e-01 -5.1698788e-26 0.0000000e+00 
1.0049067e-01 -5.1698788e-26 0.0000000e+00 
1.0028172e-01 7.7548182e-26 0.0000000e+00 
1.0016285e-01 7.7548182e-26 0.0000000e+00 
1.0009382e-01 7.7548182e-26 0.0000000e+00 
1.0005396e-01 -3.2311743e-27 0.0000000e+00 
1.0003107e-01 -3.2311743e-27 0.0000000e+00 
1.0001806e-01 -3.2311743e-27 0.0000000e+00 
1.0001054e-01 -1.9816186e-27 0.0000000e+00 
1.0000625e-01 -1.9816186e-27 0.0000000e+00 
1.0000379e-01 -1.9816186e-27 0.0000000e+00 
1.0000237e-01 -9.0876776e-28 0.0000000e+00 
1.0000128e-01 7.0223450e-07 0.0000000e+00 
1.0000070e-01 1.1233789e-06 0.0000000e+00 
9.9999897e-02 1.2103983e-06 0.0000000e+00 
9.9999271e-02 9.1641380e-07 0.0000000e+00 
9.9998906e-02 3.1924162e-07 0.0000000e+00 
9.9998891e-02 -3.1619700e-07 0.0000000e+00 
9.9999383e-02 -8.0715387e-07 0.0000000e+00 
9.9999987e-02 -7.9603387e-07 0.0000000e+00 
1.0000047e-01 -5.3623717e-07 0.0000000e+00 
1.0000136e-01 1.0097420e-28 0.0000000e+00 
1.0000257e-01 -4.5438388e-28 0.0000000e+00 
1.0000480e-01 -4.5438388e-28 0.0000000e+00 
1.0000887e-01 -4.5438388e-28 0.0000000e+00 
1.0001624e-01 -4.7457872e-27 0.0000000e+00 
1.0002834e-01 -4.7457872e-27 0.0000000e+00 
1.0005061e-01 -4.7457872e-27 0.0000000e+00 
1.0009018e-01 -2.5849394e-26 0.0000000e+00 
1.0015657e-01 -2.5849394e-26 0.0000000e+00 
1.0027170e-01 -2.5849394e-26 0.0000000e+00 
1.0047488e-01 -4.1359031e-25 0.0000000e+00 
1.0083658e-01 -4.1359031e-25 0.0000000e+00 
1.0146347e-01 -4.1359031e-25 0.0000000e+00 
1.0253860e-01 2.0679515e-25 0.0000000e+00 
1.0430937e-01 2.0679515e-25 0.0000000e+00 
1.0704789e-01 2.0679515e-25 0.0000000e+00 
1.1095446e-01 0.0000000e+00 0.0000000e+00 
1.1593103e-01 0.0000000e+00 0.0000000e+00 
1.2145233e-01 0.0000000e+00 0.0000000e+00 
1.2706731e-01 1.8611564e-24 0.0000000e+00 
1.3216443e-01 1.8611564e-24 0.0000000e+00 
1.3571696e-01 1.8611564e-24 0.0000000e+00 
1.3761009e-01 4.6528909e-25 0.0000000e+00 
1.3768852e-01 4.6528909e-25 0.0000000e+00 
1.3587789e-01 4.6528909e-25 0.0000000e+00 
1.3230860e-01 -7.7548182e-25 0.0000000e+00 
1.2744446e-01 -7.7548182e-25 0.0000000e+00 
1.2184089e-01 -7.7548182e-25 0.0000000e+00 
1.1617129e-01 5.1698788e-25 0.0000000e+00 
1.1098814e-01 5.1698788e-25 0.0000000e+00 
1.0686641e-01 5.1698788e-25 0.0000000e+00 
1.0380553e-01 0.0000000e+00 0.0000000e+00 
1.0184324e-01 0.0000000e+00 0.0000000e+00 
1.0072713e-01 0.0000000e+00 0.0000000e+00 
1.0015858e-01 -3.2311743e-27 0.0000000e+00 
1.0000000e-01 0.0000000e+00 0.0000000e+00 
1.0000000e-01 0.0000000e+00 0.0000000e+00 
1.0000000e-01 0.0000000e+00 0.0000000e+00 
1.0000000e-01 0.0000000e+00 0.0000000e+00 
1.0000000e-01 0.0000000e+00 0.0000000e+00 
1.0000000e-01 0.0000000e+00 0.0000000e+00 
1.0000000e-01 0.0000000e+00 0.0000000e+00 
1.0000000e-01 0.0000000e+00 0.0000000e+00 
1.0000000e-01 0.0000000e+00 0.0000000e+00 
1.0339441e-02 8.6167781e-03 0.0000000e+00 
1.2411811e-01 -4.6265256e-03 0.0000000e+00 
1.3007069e-01 4.5750923e-03 0.0000000e+00 
1.0304077e-01 1.4925152e-03 0.0000000e+00 
1.0018282e-01 9.5787211e-05 0.0000000e+00 
1.0001873e-01 -9.7341008e-06 0.0000000e+00 
1.0454906e-01 -2.8159404e-03 0.0000000e+00 
1.1262129e-01 4.2833779e-03 0.0000000e+00 
1.0480064e-01 2.3971761e-03 0.0000000e+00 
9.9873148e-02 -1.8525547e-04 0.0000000e+00 
1.0097607e-01 -5.3220999e-04 0.0000000e+00 
1.0825327e-01 -3.3628189e-03 0.0000000e+00 
1.0003380e-01 1.9286035e-05 0.0000000e+00 
1.0010486e-01 -5.2871346e-05 0.0000000e+00 
1.3750431e-01 -1.5347893e-03 0.0000000e+00 
9.9998504e-02 8.7687937e-07 0.0000000e+00 
1.3849156e-01 2.8334187e-05 0.0000000e+00 
1.1909994e-01 4.1395579e-03 0.0000000e+00 
1.1904249e-01 -5.0291307e-03 0.0000000e+00 
1.3516216e-01 3.2745721e-03 0.0000000e+00 
1.0000658e-01 3.9707925e-06 0.0000000e+00 
1.3513057e-01 -2.9701295e-03 0.0000000e+00 
9.9946253e-02 3.9150845e-04 0.0000000e+00 
9.9998698e-02 -8.2581658e-07 0.0000000e+00 
1.0056295e-01 2.8656700e-04 0.0000000e+00 
1.0031059e-01 -1.6640771e-04 0.0000000e+00 
1.0299412e-01 -1.5121275e-03 0.0000000e+00 
1.0000522e-01 -3.2543699e-06 0.0000000e+00 
1.0000724e-01 -4.9044209e-04 0.0000000e+00 
1.0109922e-01 8.2063675e-04 0.0000000e+00 
1.0000032e-01 1.5614248e-06 0.0000000e+00 
1.0104770e-01 -9.5310772e-04 0.0000000e+00 
1.0000046e-01 -9.6286192e-07 0.0000000e+00 
1.0000259e-01 1.1788890e-06 0.0000000e+00 
1.0003953e-01 3.6853791e-04 0.0000000e+00 
1.3763860e-01 -1.4247124e-03 0.0000000e+00 
1.4026438e-01 -1.6113797e-03 0.0000000e+00 
1.3988173e-01 1.4102991e-03 0.0000000e+00 
1.4229546e-01 5.3438661e-04 0.0000000e+00 
1.4276023e-01 -3.0613698e-03 0.0000000e+00 
1.4258276e-01 -1.7687897e-04 0.0000000e+00 
1.3974738e-01 3.9452268e-03 0.0000000e+00 
1.3208671e-01 4.5286398e-03 0.0000000e+00 
1.2727533e-01 8.5189492e-03 0.0000000e+00 
1.0596771e-01 9.5542083e-03 0.0000000e+00 
1.0368612e-01 1.1845875e-02 0.0000000e+00 
7.6325342e-02 1.1454700e-02 0.0000000e+00 
7.4994840e-02 1.3045228e-02 0.0000000e+00 
4.7182348e-02 1.0312410e-02 0.0000000e+00 
4.6389788e-02 1.1559438e-02 0.0000000e+00 
2.0946309e-02 7.3222597e-03 0.0000000e+00 
2.3036312e-02 8.1571266e-03 0.0000000e+00 
5.3183269e-03 3.3583399e-03 0.0000000e+00 
1.0802454e-02 3.2282886e-03 0.0000000e+00 
2.7793663e-02 9.0792580e-03 0.0000000e+00 
1.7759237e-02 2.4174061e-03 0.0000000e+00 
6.4791488e-03 -1.6411346e-03 0.0000000e+00 
3.5840537e-02 1.0051819e-02 0.0000000e+00 
2.7365059e-02 9.0711837e-04 0.0000000e+00 
2.8213714e-03 1.5746390e-04 0.0000000e+00 
-1.1515961e-03 -2.3585369e-03 0.0000000e+00 
4.4976626e-02 1.0850981e-02 0.0000000e+00 
3.9828930e-02 -4.8500873e-04 0.0000000e+00 
1.4402846e-01 -4.7254879e-03 0.0000000e+00 
1.0543727e-01 1.3825067e-02 0.0000000e+00 
5.6490760e-02 1.0971383e-02 0.0000000e+00 
5.4038044e-02 -1.9753478e-03 0.0000000e+00 
1.1811783e-03 -1.2167705e-03 0.0000000e+00 
1.4739720e-02 -5.7526659e-03 0.0000000e+00 
-1.3687587e-03 1.1383407e-03 0.0000000e+00 
6.5852158e-02 8.6656520e-03 0.0000000e+00 
6.8145238e-02 -3.9457604e-03 0.0000000e+00 
7.6336391e-02 5.8003603e-03 0.0000000e+00 
7.8833856e-02 -2.7673508e-03 0.0000000e+00 
8.4637910e-02 3.9841346e-03 0.0000000e+00 
8.6796753e-02 -2.3632224e-03 0.0000000e+00 
9.0361722e-02 2.3505406e-03 0.0000000e+00 
9.0428991e-03 -4.2840173e-03 0.0000000e+00 
3.0663216e-02 -8.4355958e-03 0.0000000e+00 
4.1992452e-02 -1.0817091e-02 0.0000000e+00 
2.7176054e-02 -6.8658506e-03 0.0000000e+00 
5.2008666e-02 -1.0134404e-02 0.0000000e+00 
4.6938889e-02 -8.4957136e-03 0.0000000e+00 
7.7189639e-02 -1.0463481e-02 0.0000000e+00 
7.0654407e-02 -9.0205502e-03 0.0000000e+00 
1.0253521e-01 -8.8397404e-03 0.0000000e+00 
1.0157350e-01 -6.9729891e-03 0.0000000e+00 
1.0481726e-01 -1.0580840e-02 0.0000000e+00 
1.2469724e-01 -5.0178552e-03 0.0000000e+00 
1.2631582e-01 -1.8876587e-03 0.0000000e+00 
9.2992075e-03 -2.8522841e-03 0.0000000e+00 
-4.9988463e-05 1.5385586e-03 0.0000000e+00 
9.2306614e-02 -1.6537228e-03 0.0000000e+00 
9.4290204e-02 1.2163267e-03 0.0000000e+00 
9.5784627e-02 -1.4607528e-03 0.0000000e+00 
9.6842512e-02 5.5370311e-04 0.0000000e+00 
1.3869929e-01 -2.1573357e-04 0.0000000e+00 
1.4045666e-01 3.7669796e-03 0.0000000e+00 
4.2710081e-02 -9.8945620e-03 0.0000000e+00 
9.7687870e-02 -8.8240026e-04 0.0000000e+00 
9.8219275e-02 2.6465568e-04 0.0000000e+00 
9.8718688e-02 -5.2640866e-04 0.0000000e+00 
9.9001817e-02 1.1357791e-04 0.0000000e+00 
1.1208390e-01 6.9704638e-03 0.0000000e+00 
9.9291354e-02 -3.1122947e-04 0.0000000e+00 
9.9441499e-02 4.5101915e-05 0.0000000e+00 
9.9600412e-02 -1.7947936e-04 0.0000000e+00 
9.9684618e-02 1.7318516e-05 0.0000000e+00 
-2.2503468e-03 -8.0361631e-04 0.0000000e+00 
9.9778242e-02 -1.0475883e-04 0.0000000e+00 
9.9818774e-02 5.4820980e-06 0.0000000e+00 
9.9877618e-02 -6.8100751e-05 0.0000000e+00 
9.9897847e-02 -1.6680026e-06 0.0000000e+00 
9.9933162e-02 -3.9654704e-05 0.0000000e+00 
9.9942379e-02 -2.2718791e-06 0.0000000e+00 
1.2661526e-01 1.3793530e-03 0.0000000e+00 
1.4184144e-01 8.7494971e-03 0.0000000e+00 
3.0682346e-02 -3.6776012e-03 0.0000000e+00 
8.3991386e-02 -1.1190731e-02 0.0000000e+00 
8.2275853e-02 1.6867250e-02 0.0000000e+00 
4.8883788e-02 8.8109169e-03 0.0000000e+00 
6.8996258e-02 1.7398421e-02 0.0000000e+00 
9.9962555e-02 -2.2857088e-05 0.0000000e+00 
9.9967249e-02 -1.9127699e-06 0.0000000e+00 
9.9979080e-02 -1.3346173e-05 0.0000000e+00 
9.9981375e-02 -1.4399252e-06 0.0000000e+00 
9.9978685e-02 9.7786378e-06 0.0000000e+00 
9.9987678e-02 5.3679773e-06 0.0000000e+00 
9.9936336e-02 3.3087679e-05 0.0000000e+00 
1.3519076e-01 7.6862792e-03 0.0000000e+00 
1.4355901e-01 3.5819237e-03 0.0000000e+00 
9.9988505e-02 -7.9041720e-06 0.0000000e+00 
9.9680856e-02 2.1504496e-04 0.0000000e+00 
1.3662265e-01 -3.3182374e-03 0.0000000e+00 
9.8383307e-02 1.3960289e-03 0.0000000e+00 
9.2303917e-02 6.9965329e-03 0.0000000e+00 
1.3216144e-01 7.3544136e-03 0.0000000e+00 
1.4284889e-01 1.4461718e-02 0.0000000e+00 
1.4389637e-01 1.2540466e-02 0.0000000e+00 
1.4256556e-01 1.7609434e-02 0.0000000e+00 
1.4202468e-01 2.1495517e-02 0.0000000e+00 
1.3964571e-01 2.3127574e-02 0.0000000e+00 
5.1411580e-02 4.0683106e-02 0.0000000e+00 
1.3938405e-01 2.8639806e-02 0.0000000e+00 
1.3469358e-01 2.7683005e-02 0.0000000e+00 
6.0201541e-02 2.1973174e-02 0.0000000e+00 
1.3449311e-01 2.1196648e-02 0.0000000e+00 
1.2912890e-01 2.4060739e-02 0.0000000e+00 
1.2765782e-01 3.2165233e-02 0.0000000e+00 
1.2277710e-01 2.5863327e-02 0.0000000e+00 
1.1912087e-01 3.2532450e-02 0.0000000e+00 
1.1624521e-01 2.5683364e-02 0.0000000e+00 
1.1133496e-01 3.0748600e-02 0.0000000e+00 
2.8561501e-02 3.8141642e-02 0.0000000e+00 
1.1031411e-01 2.3628497e-02 0.0000000e+00 
1.0449629e-01 2.6716175e-02 0.0000000e+00 
1.0554219e-01 2.0539835e-02 0.0000000e+00 
1.0017619e-01 2.1928843e-02 0.0000000e+00 
1.0200594e-01 1.6900023e-02 0.0000000e+00 
9.6711390e-02 1.7491631e-02 0.0000000e+00 
9.9751785e-02 1.2991468e-02 0.0000000e+00 
9.5970020e-02 1.1966310e-02 0.0000000e+00 
9.1654904e-02 1.4442255e-02 0.0000000e+00 
9.2787296e-02 9.5350677e-03 0.0000000e+00 
8.7880656e-02 1.0171078e-02 0.0000000e+00 
9.0176679e-02 6.2196585e-03 0.0000000e+00 
8.5896678e-02 4.8367977e-03 0.0000000e+00 
8.9794353e-02 2.2449794e-03 0.0000000e+00 
8.6198702e-02 -5.9930427e-04 0.0000000e+00 
9.0493716e-02 -1.3709972e-03 0.0000000e+00 
8.8480368e-02 -5.0814967e-03 0.0000000e+00 
9.2460021e-02 -4.2401133e-03 0.0000000e+00 
9.5839076e-02 7.9394039e-03 0.0000000e+00 
9.1799028e-02 -8.0453930e-03 0.0000000e+00 
8.6640216e-02 -1.0378792e-02 0.0000000e+00 
9.2485197e-02 -1.2412463e-02 0.0000000e+00 
8.8446848e-02 -1.7917238e-02 0.0000000e+00 
1.3651378e-02 -2.2740962e-02 0.0000000e+00 
9.4967276e-02 -1.7151717e-02 0.0000000e+00 
9.3328640e-02 -2.3401251e-02 0.0000000e+00 
9.2959546e-02 1.4178568e-03 0.0000000e+00 
9.4863765e-02 -6.0644359e-03 0.0000000e+00 
9.9086113e-02 -2.0877905e-02 0.0000000e+00 
9.9188544e-02 -2.7507652e-02 0.0000000e+00 
4.3496434e-02 -4.4648271e-02 0.0000000e+00 
1.0447222e-01 -2.3147613e-02 0.0000000e+00 
1.0644400e-01 -2.9589217e-02 0.0000000e+00 
6.6699684e-02 -1.3759951e-02 0.0000000e+00 
6.1023228e-02 -3.4474399e-02 0.0000000e+00 
9.9440269e-02 -1.5582567e-02 0.0000000e+00 
9.7419418e-02 2.8838705e-02 0.0000000e+00 
8.1602573e-02 -1.5042888e-02 0.0000000e+00 
1.0617670e-01 1.5313820e-02 0.0000000e+00 
8.1030279e-02 9.6301120e-03 0.0000000e+00 
1.1058775e-01 -2.3248043e-02 0.0000000e+00 
1.1467372e-01 -2.9915929e-02 0.0000000e+00 
1.0800084e-01 -1.8306756e-02 0.0000000e+00 
9.2265889e-02 -3.1766273e-02 0.0000000e+00 
9.5183291e-02 -3.2752948e-03 0.0000000e+00 
9.7213216e-02 -4.6423269e-03 0.0000000e+00 
9.7186387e-02 -2.3640485e-03 0.0000000e+00 
9.8526150e-02 -3.1250739e-03 0.0000000e+00 
1.2951866e-01 1.8107424e-02 0.0000000e+00 
1.3390711e-01 1.5524829e-02 0.0000000e+00 
1.1682725e-01 -2.2017304e-02 0.0000000e+00 
1.2180666e-01 -2.6330605e-02 0.0000000e+00 
1.2143808e-01 -3.3443447e-02 0.0000000e+00 
1.2852201e-01 -3.0030694e-02 0.0000000e+00 
1.2681220e-01 -2.2453610e-02 0.0000000e+00 
1.3307573e-01 -2.3744307e-02 0.0000000e+00 
1.3602218e-01 -2.9575011e-02 0.0000000e+00 
3.2982938e-02 3.5368134e-03 0.0000000e+00 
1.3053250e-01 -1.8040568e-02 0.0000000e+00 
1.3910520e-01 -2.2814030e-02 0.0000000e+00 
1.4091352e-01 -2.6044313e-02 0.0000000e+00 
1.1468223e-01 1.9762274e-02 0.0000000e+00 
1.1287665e-01 3.8619667e-02 0.0000000e+00 
2.0463334e-02 -4.6579661e-03 0.0000000e+00 
9.9990346e-02 1.3492065e-05 0.0000000e+00 
9.9994324e-02 7.6923525e-06 0.0000000e+00 
7.6415107e-02 -7.7287946e-03 0.0000000e+00 
9.6703894e-02 -4.1968361e-03 0.0000000e+00 
1.0934505e-01 -6.7239562e-05 0.0000000e+00 
1.4286023e-01 -1.9806141e-02 0.0000000e+00 
1.4094780e-01 -1.6927296e-02 0.0000000e+00 
1.3925503e-01 -1.8198479e-02 0.0000000e+00 
9.9169396e-02 -4.9755741e-03 0.0000000e+00 
1.3688268e-01 -3.3672884e-02 0.0000000e+00 
9.8990671e-02 -1.3975905e-03 0.0000000e+00 
9.9992931e-02 2.9673556e-06 0.0000000e+00 
1.3711502e-01 2.5454506e-02 0.0000000e+00 
1.3597544e-01 3.3912830e-02 0.0000000e+00 
9.9700786e-02 -4.3983519e-04 0.0000000e+00 
1.2624685e-01 2.6396915e-02 0.0000000e+00 
1.2268484e-01 1.6681399e-02 0.0000000e+00 
1.2962896e-01 1.2918255e-02 0.0000000e+00 
9.9973880e-02 -4.8964721e-05 0.0000000e+00 
1.4256038e-01 -6.1951643e-03 0.0000000e+00 
1.4211866e-01 -1.4113014e-02 0.0000000e+00 
1.3084179e-01 -9.8363105e-03 0.0000000e+00 
1.3581336e-01 -7.3275911e-03 0.0000000e+00 
1.1676674e-01 -1.7292281e-03 0.0000000e+00 
9.9920459e-02 -1.6902148e-04 0.0000000e+00 
9.8545186e-02 -1.6846991e-03 0.0000000e+00 
9.7770810e-02 -6.9642824e-04 0.0000000e+00 
1.2513869e-01 -1.7005723e-02 0.0000000e+00 
1.2871739e-01 -1.2934160e-02 0.0000000e+00 
9.9824332e-02 -3.1568881e-03 0.0000000e+00 
1.2492485e-01 1.4570438e-02 0.0000000e+00 
9.9996738e-02 4.3684659e-06 0.0000000e+00 
1.2357651e-01 -1.1890960e-02 0.0000000e+00 
9.9999033e-02 1.2086847e-05 0.0000000e+00 
9.9998787e-02 2.0906604e-05 0.0000000e+00 
9.9992774e-02 -1.6500391e-05 0.0000000e+00 
9.9996008e-02 -9.0979602e-06 0.0000000e+00 
1.2626518e-01 3.7203405e-02 0.0000000e+00 
1.3118969e-01 4.1331403e-02 0.0000000e+00 
1.2257474e-01 4.7294643e-02 0.0000000e+00 
9.9993572e-02 -4.4000781e-06 0.0000000e+00 
9.9997997e-02 -5.0750136e-06 0.0000000e+00 
1.2482545e-01 -1.0331620e-03 0.0000000e+00 
1.0030933e-01 3.7237569e-03 0.0000000e+00 
8.4552631e-02 3.7638356e-03 0.0000000e+00 
6.7892559e-02 6.7154281e-03 0.0000000e+00 
4.8714746e-02 6.3077058e-03 0.0000000e+00 
3.8255196e-02 5.8060549e-03 0.0000000e+00 
5.6041155e-02 7.1374560e-03 0.0000000e+00 
3.0358147e-02 4.8939516e-03 0.0000000e+00 
1.0095489e-01 -4.3619401e-03 0.0000000e+00 
1.0103096e-01 -6.8010450e-03 0.0000000e+00 
1.0000739e-01 1.4303610e-05 0.0000000e+00 
4.6460569e-02 7.0179347e-03 0.0000000e+00 
2.4176896e-02 4.3661669e-03 0.0000000e+00 
1.2085743e-02 1.4787570e-03 0.0000000e+00 
8.6823031e-03 1.5596349e-03 0.0000000e+00 
9.9996127e-02 -2.3939401e-06 0.0000000e+00 
6.0988199e-02 5.0301012e-03 0.0000000e+00 
1.2559308e-01 9.7211562e-03 0.0000000e+00 
1.3451153e-01 1.0310325e-02 0.0000000e+00 
1.3386002e-01 -1.3276807e-02 0.0000000e+00 
9.9998556e-02 -2.9556709e-06 0.0000000e+00 
1.3141148e-01 -9.0859169e-03 0.0000000e+00 
9.8938547e-02 -6.3372031e-04 0.0000000e+00 
9.8631956e-02 2.2213433e-04 0.0000000e+00 
9.9379167e-02 -1.1322983e-03 0.0000000e+00 
9.7065628e-02 8.7786512e-04 0.0000000e+00 
9.8550558e-02 1.4027678e-03 0.0000000e+00 
9.7587749e-02 2.7013405e-03 0.0000000e+00 
9.9020831e-02 2.4325028e-03 0.0000000e+00 
9.8572843e-02 4.4559888e-03 0.0000000e+00 
9.9943794e-02 3.2169274e-03 0.0000000e+00 
1.0044991e-01 5.0619892e-03 0.0000000e+00 
9.9837929e-02 1.8828057e-03 0.0000000e+00 
1.7234541e-03 -8.2085025e-04 0.0000000e+00 
-2.6741295e-04 -1.5958589e-05 0.0000000e+00 
6.8679410e-03 2.1905072e-03 0.0000000e+00 
-2.9253894e-03 -1.0779154e-03 0.0000000e+00 
-4.4354089e-03 -1.9516890e-04 0.0000000e+00 
9.9995829e-02 1.6587444e-06 0.0000000e+00 
1.0122548e-01 3.3287855e-03 0.0000000e+00 
1.2666556e-01 -8.5593928e-03 0.0000000e+00 
-4.3162717e-03 2.9044750e-05 0.0000000e+00 
-4.6667396e-03 1.6234303e-04 0.0000000e+00 
-3.0239657e-03 1.0172940e-03 0.0000000e+00 
-8.1459701e-04 -1.3173508e-04 0.0000000e+00 
1.8477933e-03 5.5292563e-04 0.0000000e+00 
1.0410013e-01 2.3769133e-02 0.0000000e+00 
1.4325878e-01 -9.9753551e-03 0.0000000e+00 
1.2409306e-01 4.6178624e-02 0.0000000e+00 
1.1557297e-01 5.3242635e-02 0.0000000e+00 
1.3557564e-01 -9.0964548e-03 0.0000000e+00 
1.4109872e-01 1.3481352e-02 0.0000000e+00 
1.4253199e-01 9.5203426e-03 0.0000000e+00 
9.9348329e-02 5.9798465e-04 0.0000000e+00 
1.1339749e-01 4.0113376e-03 0.0000000e+00 
8.3259508e-02 -3.3777738e-03 0.0000000e+00 
8.0206476e-02 -5.1642773e-03 0.0000000e+00 
5.2475017e-02 -6.2409961e-03 0.0000000e+00 
8.5997596e-02 -1.1102008e-04 0.0000000e+00 
-4.9522701e-03 1.0057718e-04 0.0000000e+00 
3.0108502e-02 5.9430501e-03 0.0000000e+00 
1.0000218e-01 -1.2110674e-05 0.0000000e+00 
1.0000412e-01 -2.3859109e-05 0.0000000e+00 
7.2746374e-02 7.9362420e-03 0.0000000e+00 
5.3129103e-02 -6.4134779e-03 0.0000000e+00 
2.8690809e-02 -4.7772531e-03 0.0000000e+00 
3.1438440e-02 -4.7671027e-03 0.0000000e+00 
1.3203099e-02 -1.5816969e-03 0.0000000e+00 
1.7537499e-02 -2.6397444e-03 0.0000000e+00 
3.4712769e-02 -5.5800974e-03 0.0000000e+00 
9.9998042e-02 2.2857782e-06 0.0000000e+00 
9.9999897e-02 3.9352899e-06 0.0000000e+00 
-1.1446541e-03 2.3086939e-03 0.0000000e+00 
1.0075039e-01 -2.6243108e-03 0.0000000e+00 
1.0009238e-01 -1.8848890e-03 0.0000000e+00 
1.3412121e-01 1.3265071e-02 0.0000000e+00 
1.0743290e-03 -1.8623513e-03 0.0000000e+00 
1.3490543e-01 -2.7778657e-02 0.0000000e+00 
1.2936327e-01 -3.3570040e-02 0.0000000e+00 
1.3098139e-01 -4.1395452e-02 0.0000000e+00 
1.2021655e-01 -4.1663758e-02 0.0000000e+00 
1.2241001e-01 -4.8938237e-02 0.0000000e+00 
1.2249289e-01 -2.3044918e-02 0.0000000e+00 
8.1821755e-02 -2.3017937e-02 0.0000000e+00 
7.4404597e-02 -1.9629611e-02 0.0000000e+00 
7.5128332e-02 -1.1000249e-02 0.0000000e+00 
6.6151209e-02 -1.3386486e-02 0.0000000e+00 
6.4341702e-02 -2.4645589e-02 0.0000000e+00 
5.3753395e-02 -1.6062070e-02 0.0000000e+00 
5.9494205e-02 -4.3826257e-03 0.0000000e+00 
4.5345332e-02 -2.7870047e-03 0.0000000e+00 
5.5912420e-02 7.6126796e-03 0.0000000e+00 
6.6689648e-02 3.5689941e-03 0.0000000e+00 
6.6254668e-02 1.3228249e-02 0.0000000e+00 
5.7438336e-02 2.0986903e-02 0.0000000e+00 
6.9247380e-02 2.2775022e-02 0.0000000e+00 
6.3781105e-02 3.3262070e-02 0.0000000e+00 
7.5418003e-02 3.0813677e-02 0.0000000e+00 
7.4367486e-02 4.1962426e-02 0.0000000e+00 
7.8894630e-02 2.2051364e-02 0.0000000e+00 
4.8180357e-02 3.1647615e-02 0.0000000e+00 
5.2028015e-02 -3.0830391e-02 0.0000000e+00 
6.6103972e-02 -3.7205767e-02 0.0000000e+00 
5.4490976e-02 -4.5535892e-02 0.0000000e+00 
7.2436810e-02 -4.8656907e-02 0.0000000e+00 
8.4142625e-02 3.6120638e-02 0.0000000e+00 
8.6612828e-02 4.6081945e-02 0.0000000e+00 
7.5970702e-02 5.3540565e-02 0.0000000e+00 
9.1783784e-02 5.5166144e-02 0.0000000e+00 
9.8021582e-02 4.6271335e-02 0.0000000e+00 
7.8208543e-02 -3.8604144e-02 0.0000000e+00 
8.5893139e-02 -4.6688430e-02 0.0000000e+00 
8.3651967e-02 -5.6209084e-02 0.0000000e+00 
9.6623890e-02 -5.1176868e-02 0.0000000e+00 
9.6953854e-02 -5.8282111e-02 0.0000000e+00 
1.0792530e-01 -5.1745329e-02 0.0000000e+00 
1.0395671e-01 -4.4004954e-02 0.0000000e+00 
2.6000328e-03 -1.4106167e-03 0.0000000e+00 
1.0209595e-01 4.9962193e-02 0.0000000e+00 
4.2270277e-02 4.3378714e-02 0.0000000e+00 
1.0000142e-01 -4.2756492e-06 0.0000000e+00 
1.1342366e-01 -4.3542787e-02 0.0000000e+00 
1.3884552e-01 -5.1368197e-04 0.0000000e+00 
1.2615775e-01 -4.2896152e-02 0.0000000e+00 
7.7271603e-02 9.7867353e-03 0.0000000e+00 
9.9519804e-02 5.8434531e-02 0.0000000e+00 
3.0737162e-02 -4.0835559e-02 0.0000000e+00 
5.3895775e-02 -4.1782692e-02 0.0000000e+00 
1.6588615e-02 -4.1393954e-03 0.0000000e+00 
5.3545479e-02 2.5760187e-03 0.0000000e+00 
2.2259371e-03 4.8662074e-05 0.0000000e+00 
6.2381566e-02 -2.3902155e-02 0.0000000e+00 
-1.3151608e-03 -1.3401499e-03 0.0000000e+00 
1.8226812e-02 2.7083002e-02 0.0000000e+00 
1.0270730e-01 5.0912527e-03 0.0000000e+00 
1.0210980e-01 7.4637663e-03 0.0000000e+00 
1.0471586e-01 7.0150672e-03 0.0000000e+00 
4.8167303e-02 -1.6951357e-03 0.0000000e+00 
7.6353528e-02 -2.9171878e-03 0.0000000e+00 
5.8722717e-04 2.1584677e-03 0.0000000e+00 
1.1230316e-02 4.7428426e-03 0.0000000e+00 
1.0304329e-01 -5.1506478e-03 0.0000000e+00 
1.0387463e-01 -8.2047209e-03 0.0000000e+00 
1.0802869e-01 -3.2751029e-03 0.0000000e+00 
1.0371999e-01 3.6299869e-02 0.0000000e+00 
1.3295351e-02 -1.2721275e-02 0.0000000e+00 
1.0398474e-01 -5.0525423e-03 0.0000000e+00 
1.0440338e-01 -4.7832564e-02 0.0000000e+00 
1.0000423e-01 8.4207386e-06 0.0000000e+00 
5.9030611e-02 3.2285392e-02 0.0000000e+00 
1.2112259e-01 1.1197647e-02 0.0000000e+00 
8.0042183e-02 1.7305679e-03 0.0000000e+00 
8.3123893e-02 -4.8771743e-03 0.0000000e+00 
1.3892746e-01 9.7585609e-03 0.0000000e+00 
1.4071681e-01 6.3913735e-03 0.0000000e+00 
8.5134663e-02 1.6018936e-02 0.0000000e+00 
8.9986898e-02 2.1093016e-02 0.0000000e+00 
1.1264204e-01 3.4369736e-03 0.0000000e+00 
1.3823591e-01 -4.0190984e-03 0.0000000e+00 
1.0828895e-01 3.1577321e-03 0.0000000e+00 
1.1340915e-01 4.7291690e-03 0.0000000e+00 
1.0001352e-01 2.4283041e-05 0.0000000e+00 
9.9999040e-02 3.6344252e-05 0.0000000e+00 
1.0830883e-01 -3.2443630e-03 0.0000000e+00 
1.0103024e-01 -1.1059139e-02 0.0000000e+00 
1.0499575e-01 -1.1914376e-02 0.0000000e+00 
1.0729638e-01 -9.0218820e-03 0.0000000e+00 
9.7955883e-02 -7.9740360e-03 0.0000000e+00 
1.0925613e-01 -1.3179610e-02 0.0000000e+00 
1.1176045e-01 -8.8103609e-03 0.0000000e+00 
1.1481575e-01 -1.2109923e-02 0.0000000e+00 
1.3757299e-01 1.4425071e-03 0.0000000e+00 
1.3820496e-01 3.9860923e-03 0.0000000e+00 
1.3495395e-01 2.9122089e-03 0.0000000e+00 
1.3484211e-01 7.3939334e-03 0.0000000e+00 
1.2848011e-01 1.0249386e-02 0.0000000e+00 
1.2646312e-01 1.3068044e-02 0.0000000e+00 
1.1479701e-01 1.6458165e-02 0.0000000e+00 
1.2065302e-01 1.2587285e-02 0.0000000e+00 
1.0662279e-01 1.7565399e-02 0.0000000e+00 
1.1332089e-01 1.3265217e-02 0.0000000e+00 
1.2012380e-01 8.6442512e-03 0.0000000e+00 
1.3854580e-01 -1.1387446e-04 0.0000000e+00 
1.3989289e-01 -1.8933327e-03 0.0000000e+00 
1.3774942e-01 -4.2687184e-03 0.0000000e+00 
1.3970803e-01 -5.1749190e-03 0.0000000e+00 
1.3516995e-01 -8.7327221e-03 0.0000000e+00 
1.3448310e-01 -6.5576886e-03 0.0000000e+00 
1.2985191e-01 -1.1430515e-02 0.0000000e+00 
1.2206976e-01 -1.3992348e-02 0.0000000e+00 
1.1519674e-01 -1.6542936e-02 0.0000000e+00 
9.5212683e-02 -1.7156556e-02 0.0000000e+00 
1.2353897e-01 -1.3509974e-02 0.0000000e+00 
1.0674492e-01 -1.8129058e-02 0.0000000e+00 
1.1702235e-01 -1.4408422e-02 0.0000000e+00 
1.0289328e-01 -1.4950832e-02 0.0000000e+00 
9.9432744e-02 -1.7935932e-02 0.0000000e+00 
1.1008100e-01 -1.4515447e-02 0.0000000e+00 
1.4039035e-01 9.3527010e-04 0.0000000e+00 
1.3780929e-01 1.4046881e-03 0.0000000e+00 
1.2884158e-01 -1.0601156e-02 0.0000000e+00 
1.4186054e-01 -1.0980895e-03 0.0000000e+00 
7.6788075e-02 -1.8356955e-02 0.0000000e+00 
1.3472296e-01 -7.2867451e-03 0.0000000e+00 
7.5072363e-02 -1.5177988e-02 0.0000000e+00 
6.0935505e-02 -1.4342792e-02 0.0000000e+00 
5.8790162e-02 -1.5182526e-02 0.0000000e+00 
3.3063039e-02 -1.0236617e-02 0.0000000e+00 
1.0571353e-01 5.2332569e-02 0.0000000e+00 
1.0848093e-01 7.4422900e-03 0.0000000e+00 
1.1346743e-01 9.7255856e-03 0.0000000e+00 
6.0099166e-02 4.5258015e-02 0.0000000e+00 
4.2852413e-02 1.4200862e-02 0.0000000e+00 
1.2909007e-01 -5.2510067e-03 0.0000000e+00 
1.3183390e-01 1.0614772e-02 0.0000000e+00 
1.1521818e-01 1.5311163e-02 0.0000000e+00 
1.0547483e-01 1.7282039e-02 0.0000000e+00 
8.3617516e-02 1.6814154e-02 0.0000000e+00 
1.0505157e-01 1.0387232e-02 0.0000000e+00 
1.0235916e-01 -1.3890476e-03 0.0000000e+00 
9.9853911e-02 1.9391584e-04 0.0000000e+00 
1.0245548e-01 1.3818827e-03 0.0000000e+00 
3.7063334e-02 -1.8015353e-02 0.0000000e+00 
1.3034405e-01 -4.4629825e-03 0.0000000e+00 
1.5929066e-02 2.2602121e-03 0.0000000e+00 
9.9941567e-02 -3.9494043e-04 0.0000000e+00 
1.0580686e-01 -5.6597367e-03 0.0000000e+00 
1.3059279e-01 3.8685550e-03 0.0000000e+00 
1.4156553e-04 -1.6899129e-03 0.0000000e+00 
1.0001927e-01 1.1632977e-05 0.0000000e+00 
7.1989350e-02 1.2957781e-03 0.0000000e+00 
1.8438525e-02 4.4159936e-03 0.0000000e+00 
5.4730158e-02 1.0921581e-02 0.0000000e+00 
5.2833077e-02 -5.8810008e-03 0.0000000e+00 
8.8301271e-02 -1.8683886e-02 0.0000000e+00 
1.1314388e-01 -4.4145472e-03 0.0000000e+00 
7.7036336e-02 5.9834275e-02 0.0000000e+00 
-2.4612709e-03 1.1884664e-03 0.0000000e+00 
1.1071777e-01 -2.7619591e-02 0.0000000e+00 
1.1818806e-01 -4.7098212e-03 0.0000000e+00 
1.1271645e-01 -4.2864471e-03 0.0000000e+00 
1.0798696e-01 -7.5137881e-03 0.0000000e+00 
1.0470618e-01 -5.3710002e-03 0.0000000e+00 
1.0202372e-01 -8.5844304e-03 0.0000000e+00 
1.0057262e-01 -5.7784361e-03 0.0000000e+00 
1.0407734e-01 -1.2265327e-02 0.0000000e+00 
9.5731199e-02 -1.1060565e-02 0.0000000e+00 
1.1279511e-01 -9.2650922e-03 0.0000000e+00 
1.0266443e-01 -3.5575244e-03 0.0000000e+00 
1.0018522e-01 -3.5837863e-03 0.0000000e+00 
1.3706015e-01 6.4512570e-03 0.0000000e+00 
1.0001352e-01 4.7606899e-04 0.0000000e+00 
1.0019946e-01 1.0552547e-03 0.0000000e+00 
9.5970631e-02 -1.0010931e-03 0.0000000e+00 
1.1299569e-01 -1.7245827e-02 0.0000000e+00 
1.1946347e-01 -1.6153334e-02 0.0000000e+00 
1.1923427e-01 -1.0077545e-02 0.0000000e+00 
1.1943740e-01 1.6129751e-02 0.0000000e+00 
7.3595755e-02 7.8144446e-03 0.0000000e+00 
1.4252535e-01 3.1498298e-03 0.0000000e+00 
1.0976765e-01 -5.5299640e-02 0.0000000e+00 
1.0146792e-01 -2.1878229e-03 0.0000000e+00 
1.0004100e-01 -2.0834736e-03 0.0000000e+00 
1.0081173e-01 -1.2902591e-03 0.0000000e+00 
1.0000928e-01 -1.1599667e-03 0.0000000e+00 
1.0044599e-01 -7.2029018e-04 0.0000000e+00 
1.0005169e-01 -3.9773059e-04 0.0000000e+00 
9.8276429e-02 -2.4251875e-03 0.0000000e+00 
9.6584551e-02 -7.4349288e-03 0.0000000e+00 
1.0054822e-01 -3.0387883e-04 0.0000000e+00 
1.0022686e-01 -3.8230923e-04 0.0000000e+00 
1.0014827e-01 -2.1093950e-04 0.0000000e+00 
9.9990822e-02 -3.2987606e-04 0.0000000e+00 
9.9576943e-02 7.1338159e-03 0.0000000e+00 
2.7092049e-02 1.7500372e-03 0.0000000e+00 
1.3396437e-01 3.4477141e-02 0.0000000e+00 
1.0092157e-01 -3.5451654e-02 0.0000000e+00 
1.1519247e-01 4.6419419e-02 0.0000000e+00 
9.9999711e-02 -1.1754097e-06 0.0000000e+00 
1.0826724e-01 3.3847783e-03 0.0000000e+00 
1.0777990e-01 7.5364187e-03 0.0000000e+00 
1.0464794e-01 5.3774533e-03 0.0000000e+00 
1.0228281e-01 8.3036320e-03 0.0000000e+00 
1.0096732e-01 5.4803812e-03 0.0000000e+00 
1.0441355e-01 1.1465122e-02 0.0000000e+00 
1.1272352e-01 9.5064808e-03 0.0000000e+00 
1.0267796e-01 3.4896827e-03 0.0000000e+00 
1.0061026e-01 3.2831365e-03 0.0000000e+00 
9.8496988e-02 4.1937847e-03 0.0000000e+00 
1.0172763e-01 -9.2048937e-04 0.0000000e+00 
9.9999316e-02 1.5273688e-06 0.0000000e+00 
1.0509292e-01 -2.3341170e-03 0.0000000e+00 
9.9998280e-02 -6.1600595e-08 0.0000000e+00 
1.0002515e-01 4.1772510e-05 0.0000000e+00 
1.0000073e-01 6.3484498e-05 0.0000000e+00 
1.0004570e-01 7.2167117e-05 0.0000000e+00 
1.0000475e-01 1.1068114e-04 0.0000000e+00 
9.9955782e-02 7.5723197e-05 0.0000000e+00 
9.9928051e-02 1.3443669e-04 0.0000000e+00 
1.0001469e-01 1.9212013e-04 0.0000000e+00 
9.9884033e-02 2.4051331e-04 0.0000000e+00 
1.0003885e-01 3.3594959e-04 0.0000000e+00 
9.9816926e-02 4.3358078e-04 0.0000000e+00 
1.0009545e-01 5.8905256e-04 0.0000000e+00 
9.9716105e-02 7.8599149e-04 0.0000000e+00 
1.0021202e-01 1.0339624e-03 0.0000000e+00 
9.9558771e-02 1.4001132e-03 0.0000000e+00 
1.0038826e-01 1.8461946e-03 0.0000000e+00 
1.0089848e-01 1.1248660e-03 0.0000000e+00 
9.9450253e-02 4.0363410e-04 0.0000000e+00 
9.9890642e-02 6.2486593e-05 0.0000000e+00 
9.9973053e-02 4.2383628e-05 0.0000000e+00 
1.7981132e-02 3.7107756e-03 0.0000000e+00 
1.0005784e-01 -3.2314998e-05 0.0000000e+00 
1.0004824e-01 -7.5019503e-05 0.0000000e+00 
1.0002255e-01 -3.9757218e-05 0.0000000e+00 
1.0031848e-01 1.6337361e-04 0.0000000e+00 
1.0010536e-01 5.5132699e-05 0.0000000e+00 
1.0001029e-01 -5.7434522e-06 0.0000000e+00 
1.0003339e-01 -1.6801321e-05 0.0000000e+00 
9.9985912e-02 -2.7726837e-05 0.0000000e+00 
1.0000068e-01 -7.5243079e-06 0.0000000e+00 
1.0000256e-01 -2.0189918e-06 0.0000000e+00 
9.9953830e-02 -8.6421816e-05 0.0000000e+00 
1.0000599e-01 -1.2462310e-04 0.0000000e+00 
9.9983804e-02 2.3848901e-05 0.0000000e+00 
9.9999383e-02 6.9175203e-06 0.0000000e+00 
1.0000049e-01 -2.0870918e-06 0.0000000e+00 
9.6683711e-02 4.6939147e-03 0.0000000e+00 
9.5635690e-02 2.4487518e-03 0.0000000e+00 
9.9963181e-02 1.7914206e-05 0.0000000e+00 
1.0000409e-01 2.1678811e-06 0.0000000e+00 
1.0000207e-01 2.6800456e-06 0.0000000e+00 
1.0015015e-01 -9.5286767e-04 0.0000000e+00 
1.0509640e-01 2.3458528e-03 0.0000000e+00 
9.9989489e-02 -1.0179840e-06 0.0000000e+00 
9.9813610e-02 1.1532147e-04 0.0000000e+00 
6.2660120e-02 -5.5613510e-02 0.0000000e+00 
1.0520356e-01 3.5930682e-02 0.0000000e+00 
9.9993818e-02 -5.9289118e-07 0.0000000e+00 
3.5751250e-02 6.5849763e-03 0.0000000e+00 
2.0272970e-02 5.1598279e-03 0.0000000e+00 
-1.1705393e-03 2.2864167e-03 0.0000000e+00 
9.3696542e-02 3.7430499e-02 0.0000000e+00 
9.9056959e-02 7.5707183e-04 0.0000000e+00 
8.8593833e-02 1.0341638e-02 0.0000000e+00 
9.9997573e-02 -1.1091654e-06 0.0000000e+00 
9.9476010e-02 -7.7538611e-04 0.0000000e+00 
1.2174557e-01 3.9423086e-02 0.0000000e+00 
1.3803229e-01 -1.2968658e-02 0.0000000e+00 
9.9518329e-02 -9.9776726e-06 0.0000000e+00 
1.1937537e-01 -9.6447086e-03 0.0000000e+00 
1.3491043e-01 -2.6605637e-03 0.0000000e+00 
9.6433483e-02 -1.6098177e-02 0.0000000e+00 
7.6823365e-03 -1.6019127e-03 0.0000000e+00 
8.4506221e-02 1.3866841e-02 0.0000000e+00 
1.0000256e-01 4.8963871e-06 0.0000000e+00 
7.4478075e-02 -2.9101817e-02 0.0000000e+00 
9.4818741e-02 -9.4691822e-03 0.0000000e+00 
5.7629477e-03 2.9491220e-04 0.0000000e+00 
1.0006025e-01 3.2572629e-05 0.0000000e+00 
1.2478200e-01 4.2329915e-03 0.0000000e+00 
9.9864371e-02 -9.8910881e-04 0.0000000e+00 
1.0035080e-01 -5.6159578e-04 0.0000000e+00 
9.9861853e-02 9.7984390e-04 0.0000000e+00 
1.0050967e-01 1.8787947e-03 0.0000000e+00 
5.6789957e-02 4.2940029e-03 0.0000000e+00 
1.3191766e-01 -3.6007773e-02 0.0000000e+00 
1.0001911e-01 -6.1479170e-04 0.0000000e+00 
-1.6930056e-03 8.4664271e-04 0.0000000e+00 
1.0035395e-01 5.2619621e-04 0.0000000e+00 
1.0942528e-01 1.2593533e-02 0.0000000e+00 
1.0018347e-01 -8.8873428e-05 0.0000000e+00 
1.0000133e-01 1.4117866e-06 0.0000000e+00 
9.9999025e-02 1.6382679e-02 0.0000000e+00 
8.6848535e-02 1.9374480e-02 0.0000000e+00 
1.4062709e-01 3.7463161e-03 0.0000000e+00 
1.0911960e-01 -1.2520715e-02 0.0000000e+00 
7.5730160e-02 -1.3552330e-02 0.0000000e+00 
6.9923840e-02 -4.4944952e-03 0.0000000e+00 
9.0481050e-02 -5.5965640e-02 0.0000000e+00 
-3.0326766e-03 -4.9214391e-04 0.0000000e+00 
1.0000147e-01 -9.4525689e-07 0.0000000e+00 
1.0945661e-01 -3.6465678e-02 0.0000000e+00 
9.9997282e-02 5.5937221e-07 0.0000000e+00 
1.4384855e-01 -9.4113620e-03 0.0000000e+00 
1.0008025e-01 1.2362620e-04 0.0000000e+00 
1.2460635e-01 1.9970413e-02 0.0000000e+00 
1.0001125e-01 6.7692204e-06 0.0000000e+00 
9.9365152e-02 -2.0886047e-03 0.0000000e+00 
9.3419068e-02 4.9848720e-03 0.0000000e+00 
1.4412808e-01 7.7445451e-03 0.0000000e+00 
2.0294499e-02 -3.7387307e-03 0.0000000e+00 
1.3902377e-01 3.6764336e-03 0.0000000e+00 
9.9379025e-02 1.4056680e-03 0.0000000e+00 
1.3610497e-01 -1.8026944e-02 0.0000000e+00 
1.0182689e-01 8.6976832e-04 0.0000000e+00 
2.8655753e-02 -8.0585061e-03 0.0000000e+00 
1.2600990e-01 -8.8084284e-03 0.0000000e+00 
9.9794038e-02 -2.4558289e-04 0.0000000e+00 
8.3605580e-02 -3.0541329e-02 0.0000000e+00 
9.6750468e-02 -4.2111152e-03 0.0000000e+00 
1.0014345e-01 2.1183211e-04 0.0000000e+00 
9.6933834e-02 -1.2062347e-02 0.0000000e+00 
5.5842929e-02 5.3682327e-02 0.0000000e+00 
1.0201571e-01 1.3169937e-02 0.0000000e+00 
1.3850810e-01 1.7429134e-02 0.0000000e+00 
1.4897307e-02 -3.8565153e-03 0.0000000e+00 
1.4252375e-01 -5.5405558e-03 0.0000000e+00 
1.2181484e-01 1.1227718e-02 0.0000000e+00 
1.4367200e-01 -1.4609866e-02 0.0000000e+00 
8.5180268e-02 6.5973960e-03 0.0000000e+00 
7.6065011e-02 1.5275601e-02 0.0000000e+00 
8.0305777e-02 -1.2252131e-02 0.0000000e+00 
1.0323476e-01 -1.7933963e-02 0.0000000e+00 
8.5778600e-03 2.9012894e-03 0.0000000e+00 
1.2411872e-01 4.2647650e-03 0.0000000e+00 
7.4295506e-02 1.4272818e-02 0.0000000e+00 
8.4319934e-02 2.6859820e-02 0.0000000e+00 
9.0995327e-02 2.8685963e-02 0.0000000e+00 
1.0160018e-01 2.0056425e-03 0.0000000e+00 
3.9255004e-02 -6.7773513e-03 0.0000000e+00 
1.1949815e-01 2.1372506e-02 0.0000000e+00 
1.1402118e-01 1.4815681e-02 0.0000000e+00 
1.3370471e-01 6.2889596e-03 0.0000000e+00 
9.9226438e-02 2.4385231e-03 0.0000000e+00 
1.2323710e-01 -7.4398690e-03 0.0000000e+00 
1.0206006e-01 -3.1458102e-03 0.0000000e+00 
1.2394413e-01 -4.4404878e-03 0.0000000e+00 
5.0483968e-02 1.3028152e-02 0.0000000e+00 
9.9516757e-02 -4.8514653e-04 0.0000000e+00 
1.2975368e-01 7.9583833e-03 0.0000000e+00 
1.1818545e-01 4.3810974e-03 0.0000000e+00 
2.9546397e-02 2.3492338e-02 0.0000000e+00 
9.3669176e-02 -1.2445055e-03 0.0000000e+00 
1.0026306e-01 3.6738219e-04 0.0000000e+00 
1.1007837e-01 1.7757218e-02 0.0000000e+00 
1.4247184e-01 8.9782567e-05 0.0000000e+00 
7.6250091e-02 -5.8971904e-02 0.0000000e+00 
1.0008908e-01 -1.2610620e-04 0.0000000e+00 
9.7072050e-02 2.5280062e-03 0.0000000e+00 
2.7647737e-02 -5.4136887e-03 0.0000000e+00 
-1.2670864e-03 -2.0257179e-03 0.0000000e+00 
1.1798966e-01 -4.8555028e-02 0.0000000e+00 
1.2851191e-01 3.9379992e-02 0.0000000e+00 
9.5245771e-02 -4.1893564e-02 0.0000000e+00 
1.3331710e-01 -5.8292039e-03 0.0000000e+00 
2.4599876e-02 -8.1019616e-03 0.0000000e+00 
1.2173737e-01 -2.0387353e-02 0.0000000e+00 
1.0732165e-01 4.4239387e-02 0.0000000e+00 
3.4088828e-02 -3.3279516e-02 0.0000000e+00 
9.9999808e-02 2.3805137e-06 0.0000000e+00 
1.0047920e-01 6.2842120e-04 0.0000000e+00 
5.1984783e-02 1.4147465e-02 0.0000000e+00 
9.8224394e-02 9.3762847e-03 0.0000000e+00 
-3.0111908e-03 9.2870340e-04 0.0000000e+00 
4.5875799e-02 -4.8612040e-03 0.0000000e+00 
1.2366048e-01 -1.2162159e-02 0.0000000e+00 
1.0000048e-01 -6.9055968e-05 0.0000000e+00 
5.2425950e-03 2.8876064e-03 0.0000000e+00 
7.7237643e-02 -4.5448109e-03 0.0000000e+00 
5.4035030e-02 -1.1475239e-02 0.0000000e+00 
1.1618000e-01 9.1605093e-03 0.0000000e+00 
1.0136043e-01 1.9026971e-03 0.0000000e+00 
4.0507738e-02 4.1566968e-02 0.0000000e+00 
1.2988764e-01 -8.9048268e-03 0.0000000e+00 
1.0096992e-01 4.5501257e-04 0.0000000e+00 
-2.9989204e-03 -6.2655186e-04 0.0000000e+00 
4.6495707e-03 -1.9087563e-03 0.0000000e+00 
6.0663670e-03 1.9028831e-04 0.0000000e+00 
1.1558054e-01 -8.0866646e-03 0.0000000e+00 
9.5049016e-02 4.2278497e-03 0.0000000e+00 
1.0055622e-01 -1.4896700e-03 0.0000000e+00 
8.8459842e-02 -7.3665320e-03 0.0000000e+00 
7.3381037e-02 8.6225872e-04 0.0000000e+00 
7.7741452e-02 -6.5644258e-03 0.0000000e+00 
9.9997342e-02 -4.1003750e-05 0.0000000e+00 
9.9699050e-02 6.8007415e-04 0.0000000e+00 
1.3244003e-01 -9.1790507e-04 0.0000000e+00 
1.8102650e-02 3.9320043e-03 0.0000000e+00 
8.7183803e-02 -3.7868999e-02 0.0000000e+00 
1.3971663e-01 -7.9456829e-03 0.0000000e+00 
8.8752471e-02 8.6922972e-03 0.0000000e+00 
6.2338173e-02 8.5153189e-03 0.0000000e+00 
9.9996053e-02 -3.7767310e-07 0.0000000e+00 
5.3359225e-02 -6.9201714e-03 0.0000000e+00 
1.0007472e-01 -1.8370488e-04 0.0000000e+00 
9.7688317e-02 -3.2164603e-02 0.0000000e+00 
1.0007452e-01 1.6232008e-04 0.0000000e+00 
9.7958826e-02 6.9483076e-03 0.0000000e+00 
1.0293749e-01 1.3174773e-02 0.0000000e+00 
1.0109470e-01 1.0125862e-02 0.0000000e+00 
1.4168334e-01 -1.2415514e-02 0.0000000e+00 
9.3729608e-02 -1.3574696e-02 0.0000000e+00 
9.9998951e-02 -1.6761931e-06 0.0000000e+00 
8.2267851e-02 5.3070173e-02 0.0000000e+00 
8.5202254e-02 2.1186093e-02 0.0000000e+00 
-3.8587602e-03 -4.3920527e-04 0.0000000e+00 
1.0000189e-01 6.2677111e-07 0.0000000e+00 
1.4313895e-01 6.0968087e-03 0.0000000e+00 
1.0001664e-01 -1.9220595e-05 0.0000000e+00 
9.7692251e-02 1.3965105e-02 0.0000000e+00 
1.4011993e-01 -3.3712734e-03 0.0000000e+00 
1.0000094e-01 -4.8174752e-07 0.0000000e+00 
2.8515847e-02 7.4932156e-03 0.0000000e+00 
5.4371499e-02 -7.6270360e-03 0.0000000e+00 
1.0002314e-01 -1.9849265e-04 0.0000000e+00 
1.1724385e-02 -2.0478256e-03 0.0000000e+00 
1.2199813e-01 -9.7658066e-03 0.0000000e+00 
1.1696696e-01 1.1914136e-02 0.0000000e+00 
1.1160274e-01 -1.2449261e-02 0.0000000e+00 
1.1591639e-01 -3.6792312e-02 0.0000000e+00 
9.7655587e-02 1.0420019e-02 0.0000000e+00 
1.3768682e-01 6.9167698e-03 0.0000000e+00 
1.2068743e-01 -4.0499553e-02 0.0000000e+00 
1.3726212e-01 1.2994247e-02 0.0000000e+00 
1.2245847e-01 -8.0252830e-03 0.0000000e+00 
9.7323954e-03 -1.3028025e-03 0.0000000e+00 
1.0301586e-01 3.0197469e-03 0.0000000e+00 
5.5608362e-02 -1.1427501e-02 0.0000000e+00 
9.5247976e-02 2.2861887e-02 0.0000000e+00 
1.0070530e-01 6.4986735e-03 0.0000000e+00 
1.0060734e-01 1.2035375e-03 0.0000000e+00 
9.2076041e-02 -4.9865465e-03 0.0000000e+00 
1.0918566e-01 -6.3267206e-03 0.0000000e+00 
1.0127505e-01 -1.8917467e-03 0.0000000e+00 
1.0670377e-01 1.3648433e-02 0.0000000e+00 
1.0000917e-01 -1.2562145e-05 0.0000000e+00 
8.0827035e-02 -9.3801972e-03 0.0000000e+00 
3.0433540e-03 1.2801638e-03 0.0000000e+00 
1.2619525e-01 -3.6703717e-02 0.0000000e+00 
1.2603243e-01 7.8576524e-03 0.0000000e+00 
1.0275057e-01 -3.2478040e-03 0.0000000e+00 
1.4080375e-01 -4.3628486e-03 0.0000000e+00 
9.6462123e-02 1.8755049e-02 0.0000000e+00 
9.5611371e-02 1.6007975e-02 0.0000000e+00 
9.6162170e-02 -1.2736669e-02 0.0000000e+00 
1.3419646e-01 1.8148156e-02 0.0000000e+00 
1.2148659e-01 7.4633635e-03 0.0000000e+00 
1.2765972e-01 1.1571603e-02 0.0000000e+00 
8.8095680e-02 -2.5529826e-02 0.0000000e+00 
1.0193057e-01 7.7409130e-03 0.0000000e+00 
8.2769528e-02 1.5319777e-03 0.0000000e+00 
9.9688843e-02 -7.1705953e-04 0.0000000e+00 
6.0733728e-02 -1.5488607e-02 0.0000000e+00 
1.0535894e-01 4.4693775e-03 0.0000000e+00 
1.0000065e-01 2.4495566e-06 0.0000000e+00 
1.0298297e-01 -1.4344901e-02 0.0000000e+00 
1.0581461e-01 -1.5103433e-02 0.0000000e+00 
1.2369850e-01 3.1712714e-03 0.0000000e+00 
9.4986290e-02 6.4447650e-04 0.0000000e+00 
1.1713786e-01 8.0049289e-03 0.0000000e+00 
9.7422659e-02 6.3102129e-03 0.0000000e+00 
1.0000477e-01 -6.9946354e-06 0.0000000e+00 
1.3624725e-01 -5.9588081e-03 0.0000000e+00 
8.6618355e-03 4.1781832e-03 0.0000000e+00 
1.3749430e-01 -5.1317769e-03 0.0000000e+00 
1.1209459e-02 -3.7365719e-03 0.0000000e+00 
2.6476193e-02 -5.4233968e-03 0.0000000e+00 
1.3192944e-01 -3.0524360e-03 0.0000000e+00 
1.3371782e-01 -2.0621432e-02 0.0000000e+00 
PRESSURE 1 945  float
2.9865651e+00
0.0000000e+00
0.0000000e+00
2.9866488e+00
-4.1835237e+00
-4.2977934e+00
-4.6465616e+00
-5.1620622e+00
-5.7233658e+00
-6.3462486e+00
-6.9122639e+00
-7.1895061e+00
-7.0060449e+00
-5.9505053e+00
-4.1431751e+00
-1.5040680e+00
1.5434785e+00
4.4966369e+00
6.9772954e+00
8.7458553e+00
9.2840242e+00
8.7426977e+00
7.0940342e+00
4.5440283e+00
1.5083678e+00
-1.4909750e+00
-4.0537152e+00
-5.9580407e+00
-6.9062381e+00
-7.2577162e+00
-6.9023409e+00
-6.3120136e+00
-5.7288632e+00
-5.1787200e+00
-4.6217322e+00
-4.2830949e+00
2.9810660e+00
2.9225852e+00
2.8092861e+00
2.6142721e+00
2.2788010e+00
1.8431355e+00
1.2542744e+00
5.8153701e-01
-1.2700422e-01
-7.9312849e-01
-1.2709793e+00
-1.5735790e+00
-1.6572711e+00
-1.5450035e+00
-1.2663602e+00
-9.2987406e-01
-6.1307788e-01
-3.6513725e-01
-2.1181974e-01
-1.1269662e-01
-5.9167169e-02
-2.7979862e-02
-1.6389711e-02
-4.3295645e-03
-2.9872169e-03
-9.3714648e-04
-3.8518940e-04
-4.0529638e-05
4.7565798e-05
9.8973498e-05
8.3754567e-05
6.6600776e-05
4.3239714e-05
2.6722468e-05
5.9952386e-06
0.0000000e+00
0.0000000e+00
0.0000000e+00
0.0000000e+00
0.0000000e+00
0.0000000e+00
0.0000000e+00
0.0000000e+00
0.0000000e+00
-8.0318296e-06
-2.3397630e-05
-2.2309609e-05
-3.1830779e-05
-5.0262192e-05
-3.5666297e-05
-3.0543277e-04
-3.8196761e-04
-5.9139187e-04
-1.4207001e-03
-3.7376129e-03
-7.6806638e-03
-1.5084852e-02
-3.0080473e-02
-5.7984132e-02
-1.1257984e-01
-2.0849916e-01
-3.6824661e-01
-6.0966682e-01
-9.2634857e-01
-1.2731880e+00
-1.5407653e+00
-1.6526576e+00
-1.5773567e+00
-1.2580259e+00
-7.6951563e-01
-1.2442236e-01
5.8783257e-01
1.2574741e+00
1.8440307e+00
2.2907856e+00
2.6158133e+00
2.8177114e+00
2.9259465e+00
2.9824831e+00
3.0053983e+00
3.0519576e+00
3.1075218e+00
3.1607866e+00
3.1804395e+00
3.1618142e+00
3.1102972e+00
3.0519331e+00
3.0052769e+00
8.5389051e+00
-7.6149708e-01
-1.1286491e+00
-3.5749361e-02
-6.2877982e-04
-7.4555450e-05
2.5520656e+00
-2.6948458e-01
2.5214577e+00
3.1782398e+00
-8.6996248e-03
-1.4201678e-01
3.8280643e-05
-4.8622282e-04
-1.6766390e+00
6.8246400e-06
-1.7017269e+00
9.0631026e-01
9.2850745e-01
-1.1583942e+00
3.9413451e-05
-1.1475921e+00
3.1346433e+00
-7.8653602e-06
-3.6457547e-03
-1.9623518e-03
-3.6992770e-02
-2.6119300e-05
3.0806124e+00
2.8994515e+00
3.8802445e-06
2.9047172e+00
-1.3394128e-05
1.7811957e-05
3.0240788e+00
-1.5364810e+00
-1.8715396e+00
-1.9146719e+00
-2.2240567e+00
-2.2176702e+00
-2.6629181e+00
-2.5440297e+00
-3.0853133e+00
-2.7862127e+00
-3.3413332e+00
-2.9401476e+00
-3.2914450e+00
-2.9047222e+00
-3.1853793e+00
-2.7670398e+00
-3.0135231e+00
-2.5482252e+00
-2.8082471e+00
-2.2920163e+00
-2.0564990e+00
-1.7721165e+00
-2.5825603e+00
-1.5734266e+00
-1.2280633e+00
-5.2550635e+00
-4.4689078e+00
-1.0154812e+00
-6.8481547e-01
-2.6469052e+00
-2.4961956e+00
-5.4754913e-01
-3.7090415e-01
-3.0115232e+00
-2.8725805e+00
-4.2584443e+00
-2.0180875e-01
-6.7229643e-02
2.6675628e-04
-5.3009884e-03
2.9590394e-02
4.1861206e-02
4.1266393e-02
-3.3084068e+00
-3.1453481e+00
-2.7828434e+00
-3.5106168e+00
-3.3566597e+00
-3.6620853e+00
-3.4724231e+00
-3.8074949e+00
-3.4759662e+00
-3.7859664e+00
-3.1482892e+00
-3.3635433e+00
-3.5918212e+00
-5.6239314e+00
-4.8224568e+00
2.0196822e-02
2.9078465e-02
3.1674419e-02
2.4117274e-02
-3.0828285e+00
-3.2343497e+00
-1.0817959e+00
9.3166791e-03
1.0394490e-02
6.7296666e-03
5.7193623e-03
-3.5426428e+00
2.6892603e-03
2.4731858e-03
1.0875310e-03
7.8134920e-04
-3.3756723e+00
-1.7477217e-04
4.6250134e-04
3.8284264e-04
2.5468340e-04
-1.0099095e-04
4.7809288e-05
-3.8916805e+00
-3.3112805e+00
-6.5993557e+00
-8.9070290e-02
-4.3652815e-01
-3.5884292e+00
-1.3792677e+00
-8.5340085e-05
-6.3957664e-06
-4.3547650e-05
-1.8241231e-05
2.1814023e-05
2.8648014e-06
2.0042949e-04
-2.3963232e+00
-2.6996632e+00
-3.1995514e-05
1.7050896e-03
-2.9189315e+00
1.3679247e-02
1.7264053e-02
-3.9980400e+00
-3.2649498e+00
-2.6735485e+00
-2.4383633e+00
-3.1616476e+00
-2.0092361e+00
-8.3446972e-02
-2.5005653e+00
-1.3817085e+00
-4.7808619e+00
-1.1575799e+00
-5.0666595e-01
-5.6418329e-01
2.3302661e-01
5.0974536e-01
1.0176140e+00
1.4768780e+00
5.2812314e+00
1.7362257e+00
2.3071320e+00
2.3396127e+00
2.8779345e+00
2.7779634e+00
3.3084943e+00
3.0485387e+00
3.4542596e+00
3.8483949e+00
3.8230562e+00
4.2483888e+00
4.0680857e+00
4.4642544e+00
4.1401796e+00
4.4504032e+00
4.0619111e+00
4.2314777e+00
3.8725922e+00
3.5011661e+00
3.8887100e+00
4.3327398e+00
3.7979450e+00
4.0789485e+00
7.3996911e+00
3.4972780e+00
3.4943933e+00
3.8321776e+00
3.6257420e+00
2.9966173e+00
2.8184009e+00
2.7718220e+00
2.3894196e+00
2.0169666e+00
-5.9341555e+00
-2.5968366e+00
3.0364151e+00
2.9674652e+00
4.7073073e+00
2.3417838e+00
4.8137507e+00
1.7215632e+00
1.1003854e+00
2.0896387e+00
3.3705156e+00
3.6199522e+00
3.4033456e+00
3.4259872e+00
3.2707672e+00
-4.6608010e-01
-1.0031905e+00
1.0478885e+00
3.3918089e-01
1.8248084e-01
-6.1321509e-01
-2.0879176e-01
-1.0539941e+00
-1.7212046e+00
-6.5666528e+00
-6.1758512e-01
-1.9356942e+00
-2.9378381e+00
1.3050519e+00
9.8207408e-01
-3.8352973e+00
3.6206053e-05
1.7621951e-05
-4.0889301e+00
2.8020727e-02
-4.4457784e+00
-2.7432971e+00
-2.0674863e+00
-3.6992891e+00
3.1683652e+00
-2.6645770e+00
5.9366822e-03
-1.8484053e-06
-3.6927800e+00
-3.0303195e+00
1.4974497e-03
-4.4178638e+00
-4.7275462e+00
-4.4200057e-01
2.8569253e-05
-2.1621704e+00
-3.3709748e+00
-4.1798506e+00
-3.7476752e+00
-4.3493309e+00
1.0852058e-03
3.2884932e+00
3.3818579e+00
9.2945956e-02
-3.1367484e-01
3.1022296e+00
1.3944043e-01
1.2648266e-05
-4.6022868e+00
4.5577064e-05
6.4770604e-05
-4.6285750e-06
-5.1382511e-05
-3.6810813e+00
-2.1905148e+00
-2.4100273e+00
-4.3260934e-05
-3.3402190e-05
-3.9318221e+00
-4.3322444e+00
-4.8469849e+00
-4.5628486e+00
-5.0176725e+00
-4.6616483e+00
-4.3419600e+00
-4.3840218e+00
2.9580715e+00
2.9542582e+00
4.9098879e-05
-4.1289606e+00
-4.1443515e+00
-4.3559322e+00
-4.1174822e+00
-1.4828817e-05
-5.3062024e+00
9.0046071e-02
-1.0511963e+00
-9.9494594e-01
-1.7671109e-05
-6.5073651e-01
3.2676623e+00
3.3020597e+00
3.2016885e+00
3.4490364e+00
3.2963598e+00
3.3763387e+00
3.2229311e+00
3.2493052e+00
3.0929024e+00
3.0215671e+00
3.1148577e+00
-4.2689128e+00
-4.0512533e+00
-3.8984261e+00
-4.1640391e+00
-3.9954019e+00
3.2208405e-07
2.9230053e+00
-3.1868186e-02
-4.1102519e+00
-3.9797053e+00
-4.1462951e+00
-3.9979866e+00
-4.1966214e+00
-5.1827025e+00
-3.1058095e+00
-1.0272485e+00
-7.7588868e-01
-1.1985573e+00
-2.0080271e+00
-2.2010708e+00
3.2232759e+00
-4.6925530e+00
-4.9665709e+00
-4.6610837e+00
-5.0110788e+00
-5.4101000e+00
-3.8060088e+00
-5.5193062e+00
-3.0436289e-05
3.8678892e-05
-4.0532331e+00
-4.6266365e+00
-4.8495488e+00
-4.5084939e+00
-4.6364675e+00
-4.3626680e+00
-4.2200112e+00
4.5823658e-06
2.0040765e-05
-4.3394942e+00
2.9764969e+00
3.0724366e+00
-4.1002049e+00
-3.6086252e+00
-3.6978164e+00
-3.7667065e+00
-2.3319850e+00
-3.4460487e+00
-1.7201552e+00
-4.6537166e+00
4.5249467e+00
5.2012711e+00
5.3037820e+00
5.8914886e+00
5.7796631e+00
6.5988455e+00
6.3829055e+00
7.1688824e+00
6.5915394e+00
5.9481211e+00
5.9203134e+00
6.3320975e+00
5.5276394e+00
5.5792942e+00
4.8250570e+00
4.4755893e+00
4.7828069e+00
6.4923983e+00
6.3136554e+00
5.2513714e+00
5.4206328e+00
4.2061357e+00
3.9699678e+00
3.2899730e+00
3.5146573e+00
2.1201777e+00
2.2373455e+00
4.3272557e+00
3.3208692e+00
2.6453924e+00
2.0408213e+00
8.6534220e-01
7.3049194e-01
1.7498494e+00
-4.5218139e+00
-2.5219758e+00
2.6480529e+00
-3.0876934e-05
6.9312167e-01
-3.1300874e+00
-1.0848706e+00
-3.5858684e+00
6.1073747e-02
5.4787045e+00
-9.6050285e-02
-6.2628102e+00
-6.5589209e+00
-5.1644959e+00
-4.6266513e+00
-4.2732539e+00
7.3512115e+00
2.7559488e+00
2.8381672e+00
2.5334339e+00
-6.5613322e+00
-6.0295081e+00
-3.2163699e+00
-3.4020302e+00
2.7256081e+00
2.6463931e+00
-4.8464289e+00
2.1172411e+00
8.3569965e+00
-4.0388451e+00
-2.8592665e+00
3.7521004e-05
-2.6965351e+00
6.4750820e-01
4.9507089e+00
4.6846271e+00
-1.6504847e+00
-1.9076924e+00
4.3975978e+00
3.8870361e+00
-3.9758599e+00
-1.5603793e+00
2.1521215e+00
1.5681807e+00
5.0809496e-05
9.1246904e-05
2.1535184e+00
2.9272559e+00
2.4773629e+00
2.2440255e+00
3.2848201e+00
1.9941094e+00
1.7578460e+00
1.3688210e+00
-1.6887406e+00
-1.7961181e+00
-1.4963912e+00
-1.5741527e+00
-1.1757387e+00
-1.5838836e+00
-1.1266524e+00
-8.4655583e-01
-7.1823180e-01
-5.2542388e-01
-6.1573052e-01
-1.7156252e+00
-1.9216198e+00
-1.7528009e+00
-2.1817224e+00
-1.8784167e+00
-1.5351351e+00
-1.5497402e+00
-1.9297444e+00
-1.5032979e+00
-1.9172869e+00
-1.1473992e+00
-1.0056680e+00
-7.8425574e-01
-2.3781526e+00
-5.9092104e-01
-4.5426923e-01
-1.8979023e+00
-1.5620728e+00
-2.3769300e+00
-2.2518346e+00
-8.7271863e-01
-2.5596945e+00
-3.2056651e-01
-2.3374691e+00
-1.7830813e+00
-2.0387955e+00
9.6052217e-01
2.1107202e+00
1.5657980e+00
5.1627221e+00
7.2037258e+00
-3.4353092e-01
-1.8861943e+00
-1.9963673e+00
-1.5874164e+00
-2.0046954e+00
2.5049462e+00
2.7745266e+00
3.1792622e+00
2.7598643e+00
7.3837771e+00
-1.1556953e+00
-4.6548142e+00
3.1360705e+00
2.4148591e+00
-5.3941679e-01
-4.7933116e+00
5.6298457e-05
-6.0411925e+00
-6.2293868e+00
-6.0753088e+00
-5.4418020e+00
-1.4258374e+00
1.6171726e+00
1.6216347e+00
-3.5501132e+00
-4.8921294e+00
-4.6996471e-01
-2.7313909e-01
-1.6706060e-01
-7.0051186e-02
-6.9032058e-02
-1.3638724e-02
-1.6990279e-01
-5.8974251e-02
-3.2381609e-01
-3.8181417e-02
-3.6032537e-03
-1.4089092e+00
3.0780225e+00
3.0354478e+00
3.5595071e+00
1.5500658e+00
7.9707301e-01
8.7099397e-01
7.9700136e-01
5.4401627e+00
-2.1938484e+00
-8.1489897e-01
-1.4472307e-02
3.3076114e-03
-7.2090160e-03
1.2597800e-03
-3.0985835e-03
3.0237110e+00
7.2192638e-03
3.2825137e-03
-4.4316347e-03
-1.6912151e-03
-4.8065538e-04
2.3660764e-04
3.1222897e+00
7.9869328e+00
-1.6197436e+00
2.3909605e+00
2.7423683e-01
5.0053831e-07
-1.4231242e-01
-1.5749763e-01
-7.4977219e-02
-7.1104966e-02
-2.5831323e-02
-1.8845375e-01
-3.3575982e-01
-3.4655806e-02
-7.0756222e-03
1.1970331e-02
-1.8253885e-02
1.2883836e-06
-7.4060887e-02
2.8576458e-06
3.6889629e-05
1.2645019e-04
-2.7105030e-05
2.1402170e-04
2.6360221e-04
4.9652444e-04
2.9894686e-04
9.6307631e-04
3.2499092e-04
1.7378741e-03
-9.0896872e-05
2.8418214e-03
-1.2950621e-03
5.0366349e-03
-3.7960394e-03
-8.3768116e-03
3.7332373e-03
3.3405374e-04
1.5002963e-04
-5.0793786e+00
-3.4384511e-04
-3.5270173e-04
-1.2729601e-04
-1.5476774e-03
-1.8797550e-04
-6.6231696e-05
-1.1858333e-04
-6.2704683e-05
-2.1315478e-05
-3.1991814e-05
2.0755144e-05
-5.9033971e-04
7.4624491e-05
3.1606211e-05
-9.6560752e-06
3.4684730e+00
3.5875030e+00
6.7003457e-05
2.9649074e-05
2.1289688e-05
3.0391779e+00
-7.2820455e-02
-1.6942591e-05
7.9831941e-04
3.7004893e+00
-4.2032342e+00
-1.8088700e-05
-3.9031272e+00
-3.7031903e+00
-4.4551311e+00
3.0693247e+00
7.0652487e-03
-1.6898440e-02
-1.0118314e-05
2.9668154e-03
-1.4181440e-01
-1.5689956e+00
3.2219956e+00
-6.0643113e-01
-1.4872594e+00
-2.7917323e-01
-4.0285978e+00
-1.6150293e-01
2.7086173e-05
4.9555202e+00
3.5987532e+00
-4.4218359e+00
-3.0120447e-05
2.1008304e-01
3.1241827e+00
2.9717982e+00
3.1222937e+00
3.0012219e+00
-5.8896418e+00
-1.4368789e+00
5.6707056e-04
-3.8155494e+00
2.9710565e+00
1.9852135e+00
-7.6913700e-04
4.2333954e-06
-3.7801018e-01
-8.6795366e-01
-2.1227160e+00
-2.7381968e+00
-2.7932239e+00
5.6851912e+00
-8.8878059e-01
-3.8154428e+00
-1.0209515e-05
1.4730186e+00
-7.2003750e-06
-2.4268508e+00
-1.6471608e-04
1.3128124e-01
5.6001474e-05
3.1771648e+00
3.7957191e+00
-2.7363875e+00
-4.0966501e+00
-1.6827532e+00
3.1934285e+00
-1.3606386e+00
-1.7748959e-02
-1.5857645e+00
-9.6220458e-01
4.3342976e-04
4.2070680e+00
-5.3672786e+00
-6.2709075e-04
3.3621073e+00
4.0929542e+00
-5.4431262e+00
-1.6484860e+00
-2.0882506e+00
-3.0728147e+00
-2.5408535e+00
-2.6531806e+00
-4.2288179e+00
5.1577139e+00
-3.1130126e+00
2.6232765e+00
-5.6792908e+00
-7.5575715e-01
-2.5158608e+00
4.2603607e+00
3.6302540e+00
-1.6572783e-02
-3.9543076e+00
7.1174824e-01
1.4489421e+00
-9.3349820e-01
8.2032736e-03
-3.0936332e+00
2.8151467e+00
3.2431534e-01
-2.3165841e+00
3.2037413e+00
-4.1779259e-01
-4.5895761e-01
7.5153332e+00
3.7664492e+00
-1.5421900e-03
1.8616350e+00
-2.6117420e+00
1.4135402e+00
-5.1779463e-04
2.2496359e-02
-5.2622499e+00
-4.3228755e+00
-3.5507709e-01
-1.1202043e+00
2.7574253e+00
-9.0199113e-01
-2.4733768e+00
4.5314243e-01
1.3579515e+00
6.8435636e+00
2.5928666e-05
-3.5659552e-03
-1.8606229e+00
3.2454221e+00
-4.2013302e+00
-5.9837661e+00
3.2653716e-01
1.8526876e-05
-3.6760983e+00
5.1670046e+00
-6.0399687e-01
-4.8261890e+00
2.8864391e+00
6.1299691e+00
-1.2628613e+00
-7.4505284e-03
-4.2094517e+00
-3.8363662e+00
-4.8365216e+00
1.3169594e+00
2.7453426e-02
2.9795585e+00
4.2139381e-02
5.4391909e+00
-4.3537922e+00
-1.0321449e-04
3.1734757e+00
-3.5555296e+00
-3.9483299e+00
3.6150100e+00
-1.7694147e+00
-3.7238672e+00
-3.8803294e+00
-1.0508250e-05
-4.3272438e+00
2.9944735e+00
-4.5517097e+00
2.9941306e+00
-4.8715244e-03
2.7207627e+00
2.9297607e+00
-2.1047735e+00
-5.7181764e+00
-1.2150163e-05
-8.8663679e-01
4.3688555e+00
-3.6260691e+00
4.5263255e-06
-2.3187973e+00
-1.5086461e-04
-1.5141128e-01
-2.5515761e+00
-7.7227442e-06
-3.3884819e+00
-4.0730877e+00
-6.2622363e-04
-4.9968033e+00
-2.7925177e+00
1.1360806e+00
-5.1574187e+00
6.8588048e-01
-4.4330291e-02
-2.0542109e+00
-6.7438029e-02
-1.4458350e+00
4.9148199e-01
-4.2275071e+00
2.7143254e+00
-3.0487871e+00
3.3115458e+00
-3.8816078e+00
2.9640090e+00
2.9697502e-02
2.0409369e+00
2.8934953e+00
-3.2470167e-01
-1.5381809e-04
4.8512125e+00
-4.6593289e+00
-5.8696473e-01
-9.3068296e-01
-4.2795353e+00
-1.9112346e+00
-1.2308441e+00
-2.2277012e+00
-9.7084187e-02
-4.0744848e+00
6.0666502e-01
-2.2178757e+00
3.9598005e+00
-5.3316989e+00
-5.3327188e+00
3.1701171e+00
-1.3281429e+00
2.4565108e+00
1.8768415e-06
2.7087984e+00
2.3822963e+00
-3.5817723e+00
3.6428666e+00
1.1282021e+00
3.3516057e+00
-3.4076154e-05
-1.3072118e+00
-3.1171570e+00
-3.4988925e+00
-3.6212580e+00
-5.7043777e+00
-7.1175146e-01
-4.1004949e+00
CELL_DATA 1766
FIELD FieldData 0
