# vtk DataFile Version 4.0
vtk output
ASCII
DATASET UNSTRUCTURED_GRID
POINTS 945 float
0.0000000e+00 0.0000000e+00 0.0000000e+00 
2.0000000e+00 0.0000000e+00 0.0000000e+00 
2.0000000e+00 6.0000002e-01 0.0000000e+00 
0.0000000e+00 6.0000002e-01 0.0000000e+00 
5.6000000e-01 3.0000001e-01 0.0000000e+00 
5.5884713e-01 2.8829461e-01 0.0000000e+00 
5.5543280e-01 2.7703899e-01 0.0000000e+00 
5.4988819e-01 2.6666579e-01 0.0000000e+00 
5.4242641e-01 2.5757360e-01 0.0000000e+00 
5.3333420e-01 2.5011179e-01 0.0000000e+00 
5.2296102e-01 2.4456720e-01 0.0000000e+00 
5.1170540e-01 2.4115290e-01 0.0000000e+00 
5.0000000e-01 2.3999999e-01 0.0000000e+00 
4.8829460e-01 2.4115290e-01 0.0000000e+00 
4.7703901e-01 2.4456720e-01 0.0000000e+00 
4.6666580e-01 2.5011179e-01 0.0000000e+00 
4.5757359e-01 2.5757360e-01 0.0000000e+00 
4.5011181e-01 2.6666579e-01 0.0000000e+00 
4.4456720e-01 2.7703899e-01 0.0000000e+00 
4.4115290e-01 2.8829461e-01 0.0000000e+00 
4.4000000e-01 3.0000001e-01 0.0000000e+00 
4.4115290e-01 3.1170541e-01 0.0000000e+00 
4.4456720e-01 3.2296100e-01 0.0000000e+00 
4.5011181e-01 3.3333421e-01 0.0000000e+00 
4.5757359e-01 3.4242639e-01 0.0000000e+00 
4.6666580e-01 3.4988821e-01 0.0000000e+00 
4.7703901e-01 3.5543281e-01 0.0000000e+00 
4.8829460e-01 3.5884711e-01 0.0000000e+00 
5.0000000e-01 3.6000001e-01 0.0000000e+00 
5.1170540e-01 3.5884711e-01 0.0000000e+00 
5.2296102e-01 3.5543281e-01 0.0000000e+00 
5.3333420e-01 3.4988821e-01 0.0000000e+00 
5.4242641e-01 3.4242639e-01 0.0000000e+00 
5.4988819e-01 3.3333421e-01 0.0000000e+00 
5.5543280e-01 3.2296100e-01 0.0000000e+00 
5.5884713e-01 3.1170541e-01 0.0000000e+00 
5.9016321e-02 0.0000000e+00 0.0000000e+00 
1.1803260e-01 0.0000000e+00 0.0000000e+00 
1.7704900e-01 0.0000000e+00 0.0000000e+00 
2.3587100e-01 0.0000000e+00 0.0000000e+00 
2.9085249e-01 0.0000000e+00 0.0000000e+00 
3.4144861e-01 0.0000000e+00 0.0000000e+00 
3.8872591e-01 0.0000000e+00 0.0000000e+00 
4.3368599e-01 0.0000000e+00 0.0000000e+00 
4.7725680e-01 0.0000000e+00 0.0000000e+00 
5.2034539e-01 0.0000000e+00 0.0000000e+00 
5.6386721e-01 0.0000000e+00 0.0000000e+00 
6.0872579e-01 0.0000000e+00 0.0000000e+00 
6.5584701e-01 0.0000000e+00 0.0000000e+00 
7.0623368e-01 0.0000000e+00 0.0000000e+00 
7.6094180e-01 0.0000000e+00 0.0000000e+00 
8.1967372e-01 0.0000000e+00 0.0000000e+00 
8.7868989e-01 0.0000000e+00 0.0000000e+00 
9.3770629e-01 0.0000000e+00 0.0000000e+00 
9.9672258e-01 0.0000000e+00 0.0000000e+00 
1.0557390e+00 0.0000000e+00 0.0000000e+00 
1.1147550e+00 0.0000000e+00 0.0000000e+00 
1.1737720e+00 0.0000000e+00 0.0000000e+00 
1.2327880e+00 0.0000000e+00 0.0000000e+00 
1.2918040e+00 0.0000000e+00 0.0000000e+00 
1.3508210e+00 0.0000000e+00 0.0000000e+00 
1.4098370e+00 0.0000000e+00 0.0000000e+00 
1.4688530e+00 0.0000000e+00 0.0000000e+00 
1.5278690e+00 0.0000000e+00 0.0000000e+00 
1.5868860e+00 0.0000000e+00 0.0000000e+00 
1.6459020e+00 0.0000000e+00 0.0000000e+00 
1.7049180e+00 0.0000000e+00 0.0000000e+00 
1.7639350e+00 0.0000000e+00 0.0000000e+00 
1.8229510e+00 0.0000000e+00 0.0000000e+00 
1.8819669e+00 0.0000000e+00 0.0000000e+00 
1.9409840e+00 0.0000000e+00 0.0000000e+00 
2.0000000e+00 5.9999999e-02 0.0000000e+00 
2.0000000e+00 1.2000000e-01 0.0000000e+00 
2.0000000e+00 1.8000001e-01 0.0000000e+00 
2.0000000e+00 2.3999999e-01 0.0000000e+00 
2.0000000e+00 3.0000001e-01 0.0000000e+00 
2.0000000e+00 3.6000001e-01 0.0000000e+00 
2.0000000e+00 4.1999999e-01 0.0000000e+00 
2.0000000e+00 4.7999999e-01 0.0000000e+00 
2.0000000e+00 5.4000002e-01 0.0000000e+00 
1.9409840e+00 6.0000002e-01 0.0000000e+00 
1.8819669e+00 6.0000002e-01 0.0000000e+00 
1.8229510e+00 6.0000002e-01 0.0000000e+00 
1.7639350e+00 6.0000002e-01 0.0000000e+00 
1.7049180e+00 6.0000002e-01 0.0000000e+00 
1.6459020e+00 6.0000002e-01 0.0000000e+00 
1.5868860e+00 6.0000002e-01 0.0000000e+00 
1.5278690e+00 6.0000002e-01 0.0000000e+00 
1.4688530e+00 6.0000002e-01 0.0000000e+00 
1.4098370e+00 6.0000002e-01 0.0000000e+00 
1.3508210e+00 6.0000002e-01 0.0000000e+00 
1.2918040e+00 6.0000002e-01 0.0000000e+00 
1.2327880e+00 6.0000002e-01 0.0000000e+00 
1.1737720e+00 6.0000002e-01 0.0000000e+00 
1.1147550e+00 6.0000002e-01 0.0000000e+00 
1.0557390e+00 6.0000002e-01 0.0000000e+00 
9.9672258e-01 6.0000002e-01 0.0000000e+00 
9.3770629e-01 6.0000002e-01 0.0000000e+00 
8.7868989e-01 6.0000002e-01 0.0000000e+00 
8.1967372e-01 6.0000002e-01 0.0000000e+00 
7.6094180e-01 6.0000002e-01 0.0000000e+00 
7.0623368e-01 6.0000002e-01 0.0000000e+00 
6.5584701e-01 6.0000002e-01 0.0000000e+00 
6.0872579e-01 6.0000002e-01 0.0000000e+00 
5.6386721e-01 6.0000002e-01 0.0000000e+00 
5.2034539e-01 6.0000002e-01 0.0000000e+00 
4.7725680e-01 6.0000002e-01 0.0000000e+00 
4.3368599e-01 6.0000002e-01 0.0000000e+00 
3.8872591e-01 6.0000002e-01 0.0000000e+00 
3.4144861e-01 6.0000002e-01 0.0000000e+00 
2.9085249e-01 6.0000002e-01 0.0000000e+00 
2.3587100e-01 6.0000002e-01 0.0000000e+00 
1.7704900e-01 6.0000002e-01 0.0000000e+00 
1.1803260e-01 6.0000002e-01 0.0000000e+00 
5.9016321e-02 6.0000002e-01 0.0000000e+00 
0.0000000e+00 5.4000002e-01 0.0000000e+00 
0.0000000e+00 4.7999999e-01 0.0000000e+00 
0.0000000e+00 4.1999999e-01 0.0000000e+00 
0.0000000e+00 3.6000001e-01 0.0000000e+00 
0.0000000e+00 3.0000001e-01 0.0000000e+00 
0.0000000e+00 2.3999999e-01 0.0000000e+00 
0.0000000e+00 1.8000001e-01 0.0000000e+00 
0.0000000e+00 1.2000000e-01 0.0000000e+00 
0.0000000e+00 5.9999999e-02 0.0000000e+00 
4.3026751e-01 3.0683401e-01 0.0000000e+00 
8.4908241e-01 5.5269438e-01 0.0000000e+00 
7.8790653e-01 5.1802918e-02 0.0000000e+00 
1.1430219e+00 5.0576471e-02 0.0000000e+00 
1.4415160e+00 5.0573289e-02 0.0000000e+00 
1.6754100e+00 5.5038619e-01 0.0000000e+00 
2.6041579e-01 5.2875768e-02 0.0000000e+00 
9.6895182e-01 5.0380111e-02 0.0000000e+00 
2.6302171e-01 5.5612308e-01 0.0000000e+00 
5.5065349e-02 2.6500449e-01 0.0000000e+00 
1.2615570e+00 5.4759312e-01 0.0000000e+00 
1.0253479e+00 5.4886931e-01 0.0000000e+00 
1.6201590e+00 5.4130111e-02 0.0000000e+00 
1.4979730e+00 5.5115038e-01 0.0000000e+00 
6.7900127e-01 5.5979192e-01 0.0000000e+00 
1.9463980e+00 2.6800990e-01 0.0000000e+00 
6.3145077e-01 3.8099781e-02 0.0000000e+00 
4.1331020e-01 5.6811810e-01 0.0000000e+00 
4.1231820e-01 3.8809739e-02 0.0000000e+00 
5.4410732e-01 5.6000441e-01 0.0000000e+00 
1.7962800e+00 5.9606131e-02 0.0000000e+00 
5.4468262e-01 3.7558820e-02 0.0000000e+00 
4.9130220e-02 3.9247900e-01 0.0000000e+00 
1.9509200e+00 3.8997239e-01 0.0000000e+00 
1.3233820e+00 4.9667731e-02 0.0000000e+00 
1.3821890e+00 5.4839480e-01 0.0000000e+00 
1.1434870e+00 5.4837209e-01 0.0000000e+00 
1.7959980e+00 5.4855859e-01 0.0000000e+00 
4.9401909e-02 1.5067521e-01 0.0000000e+00 
1.4989950e-01 5.5529898e-01 0.0000000e+00 
1.9519399e+00 1.5339760e-01 0.0000000e+00 
1.4754079e-01 5.1025499e-02 0.0000000e+00 
1.9506550e+00 5.1069498e-01 0.0000000e+00 
1.9114760e+00 5.1109631e-02 0.0000000e+00 
4.9216151e-02 5.0927132e-01 0.0000000e+00 
5.8710063e-01 3.6655251e-02 0.0000000e+00 
6.0428280e-01 7.4787550e-02 0.0000000e+00 
6.4929068e-01 7.4443869e-02 0.0000000e+00 
6.2715179e-01 1.0633790e-01 0.0000000e+00 
5.9329480e-01 1.0799770e-01 0.0000000e+00 
6.0949302e-01 1.3488390e-01 0.0000000e+00 
6.4123279e-01 1.3555969e-01 0.0000000e+00 
6.2006623e-01 1.6328260e-01 0.0000000e+00 
6.5316749e-01 1.6381399e-01 0.0000000e+00 
6.3351321e-01 1.8958050e-01 0.0000000e+00 
6.6427898e-01 1.8941709e-01 0.0000000e+00 
6.4933020e-01 2.1180780e-01 0.0000000e+00 
6.7645937e-01 2.1359310e-01 0.0000000e+00 
6.6097301e-01 2.3410480e-01 0.0000000e+00 
6.8796802e-01 2.3757669e-01 0.0000000e+00 
6.7103261e-01 2.5876111e-01 0.0000000e+00 
6.9990993e-01 2.6214910e-01 0.0000000e+00 
6.8101048e-01 2.8387409e-01 0.0000000e+00 
7.1248281e-01 2.8716281e-01 0.0000000e+00 
7.2971261e-01 2.6349890e-01 0.0000000e+00 
7.4486363e-01 2.9076719e-01 0.0000000e+00 
6.9556361e-01 3.0985960e-01 0.0000000e+00 
7.6406652e-01 2.6318431e-01 0.0000000e+00 
7.8114778e-01 2.9619500e-01 0.0000000e+00 
5.5403137e-01 2.5565761e-01 0.0000000e+00 
5.6691158e-01 2.7902979e-01 0.0000000e+00 
8.0246252e-01 2.6402649e-01 0.0000000e+00 
8.2167560e-01 3.0103979e-01 0.0000000e+00 
5.7978672e-01 1.3316999e-01 0.0000000e+00 
6.9627529e-01 1.8651520e-01 0.0000000e+00 
8.4832448e-01 2.6130950e-01 0.0000000e+00 
8.6857778e-01 3.0716091e-01 0.0000000e+00 
6.6883779e-01 3.0851370e-01 0.0000000e+00 
6.8001598e-01 3.3176759e-01 0.0000000e+00 
5.6956083e-01 3.0685109e-01 0.0000000e+00 
8.9643359e-01 2.6652190e-01 0.0000000e+00 
9.1803229e-01 3.1445420e-01 0.0000000e+00 
9.4838840e-01 2.6944679e-01 0.0000000e+00 
9.7196358e-01 3.1528941e-01 0.0000000e+00 
1.0020620e+00 2.7188951e-01 0.0000000e+00 
1.0263140e+00 3.1974381e-01 0.0000000e+00 
1.0557370e+00 2.7577680e-01 0.0000000e+00 
6.5179992e-01 3.3081001e-01 0.0000000e+00 
6.6418201e-01 3.5163379e-01 0.0000000e+00 
6.8745148e-01 3.5866591e-01 0.0000000e+00 
6.4083183e-01 3.5175639e-01 0.0000000e+00 
6.5020132e-01 3.7057751e-01 0.0000000e+00 
6.2925631e-01 3.6861771e-01 0.0000000e+00 
6.3750827e-01 3.8906679e-01 0.0000000e+00 
6.1479098e-01 3.8505989e-01 0.0000000e+00 
6.2451601e-01 4.0700281e-01 0.0000000e+00 
6.0271370e-01 4.0461549e-01 0.0000000e+00 
6.4791143e-01 4.1049060e-01 0.0000000e+00 
6.1149168e-01 4.2533240e-01 0.0000000e+00 
5.8940130e-01 4.2314041e-01 0.0000000e+00 
5.4590571e-01 3.5405469e-01 0.0000000e+00 
5.5933821e-01 3.3214769e-01 0.0000000e+00 
1.0820900e+00 3.2265610e-01 0.0000000e+00 
1.1129040e+00 2.7988619e-01 0.0000000e+00 
1.1385900e+00 3.3131590e-01 0.0000000e+00 
1.1718310e+00 2.8342861e-01 0.0000000e+00 
5.9854919e-01 4.4447681e-01 0.0000000e+00 
5.7566178e-01 4.4153079e-01 0.0000000e+00 
8.0048358e-01 3.3398119e-01 0.0000000e+00 
1.1962050e+00 3.3624330e-01 0.0000000e+00 
1.2286429e+00 2.8668931e-01 0.0000000e+00 
1.2540359e+00 3.3862561e-01 0.0000000e+00 
1.2863950e+00 2.8994620e-01 0.0000000e+00 
6.1140192e-01 1.8628950e-01 0.0000000e+00 
1.3121480e+00 3.4238011e-01 0.0000000e+00 
1.3446890e+00 2.9366851e-01 0.0000000e+00 
1.3705840e+00 3.4558439e-01 0.0000000e+00 
1.4032860e+00 2.9774809e-01 0.0000000e+00 
6.4617378e-01 3.0788270e-01 0.0000000e+00 
1.4291511e+00 3.4956750e-01 0.0000000e+00 
1.4618640e+00 3.0163100e-01 0.0000000e+00 
1.4877310e+00 3.5457411e-01 0.0000000e+00 
1.5206050e+00 3.0603161e-01 0.0000000e+00 
1.5464530e+00 3.5889450e-01 0.0000000e+00 
1.5793800e+00 3.1008351e-01 0.0000000e+00 
5.6763572e-01 4.1851109e-01 0.0000000e+00 
5.5408603e-01 4.3793961e-01 0.0000000e+00 
5.2029008e-01 3.6688760e-01 0.0000000e+00 
9.4794089e-01 3.6647639e-01 0.0000000e+00 
8.7384099e-01 2.2074890e-01 0.0000000e+00 
6.3348472e-01 2.3041780e-01 0.0000000e+00 
7.8118002e-01 2.2578520e-01 0.0000000e+00 
1.6052290e+00 3.6304700e-01 0.0000000e+00 
1.6382140e+00 3.1413361e-01 0.0000000e+00 
1.6641290e+00 3.6722910e-01 0.0000000e+00 
1.6971480e+00 3.1819481e-01 0.0000000e+00 
1.6712240e+00 2.6505721e-01 0.0000000e+00 
1.7302210e+00 2.6912081e-01 0.0000000e+00 
1.5534170e+00 2.5684619e-01 0.0000000e+00 
6.7181969e-01 1.4093800e-01 0.0000000e+00 
5.8596748e-01 4.6394360e-01 0.0000000e+00 
1.7230920e+00 3.7133509e-01 0.0000000e+00 
1.3771909e+00 2.4454120e-01 0.0000000e+00 
6.2249678e-01 4.4700289e-01 0.0000000e+00 
1.2033920e+00 2.3449400e-01 0.0000000e+00 
1.0287880e+00 2.3015590e-01 0.0000000e+00 
5.4669750e-01 4.1895449e-01 0.0000000e+00 
5.3373671e-01 4.3515179e-01 0.0000000e+00 
5.4073101e-01 4.5481020e-01 0.0000000e+00 
5.1996583e-01 4.5137540e-01 0.0000000e+00 
5.1387292e-01 4.2921981e-01 0.0000000e+00 
4.9935541e-01 4.4742331e-01 0.0000000e+00 
4.5565760e-01 3.5403141e-01 0.0000000e+00 
4.9349809e-01 4.2846820e-01 0.0000000e+00 
4.7935709e-01 4.4358870e-01 0.0000000e+00 
4.7970989e-01 3.6688760e-01 0.0000000e+00 
4.8592600e-01 4.6396780e-01 0.0000000e+00 
4.6443069e-01 4.5930001e-01 0.0000000e+00 
4.5825541e-01 4.3536639e-01 0.0000000e+00 
4.4286779e-01 4.5335940e-01 0.0000000e+00 
4.3592349e-01 4.3169260e-01 0.0000000e+00 
4.2123440e-01 4.4813421e-01 0.0000000e+00 
4.1462469e-01 4.2622849e-01 0.0000000e+00 
4.3825611e-01 3.3387709e-01 0.0000000e+00 
3.9864141e-01 4.4291711e-01 0.0000000e+00 
3.9200109e-01 4.1997111e-01 0.0000000e+00 
3.7504819e-01 4.3754801e-01 0.0000000e+00 
3.6926591e-01 4.1456231e-01 0.0000000e+00 
3.5052001e-01 4.3156540e-01 0.0000000e+00 
3.4640020e-01 4.0321410e-01 0.0000000e+00 
3.2338160e-01 4.2558259e-01 0.0000000e+00 
3.1625420e-01 3.9745620e-01 0.0000000e+00 
3.3599329e-01 3.7658459e-01 0.0000000e+00 
3.0888751e-01 3.6996761e-01 0.0000000e+00 
3.2846531e-01 3.5015899e-01 0.0000000e+00 
3.0453789e-01 3.4228960e-01 0.0000000e+00 
3.2241219e-01 3.2376000e-01 0.0000000e+00 
2.9612821e-01 3.1610900e-01 0.0000000e+00 
3.1577420e-01 2.9729351e-01 0.0000000e+00 
2.8885421e-01 2.8886101e-01 0.0000000e+00 
3.0968001e-01 2.6928011e-01 0.0000000e+00 
2.8137040e-01 2.6060769e-01 0.0000000e+00 
2.8570160e-01 3.8790971e-01 0.0000000e+00 
3.0315241e-01 2.4067999e-01 0.0000000e+00 
3.3230671e-01 2.5245121e-01 0.0000000e+00 
3.2487640e-01 2.2290690e-01 0.0000000e+00 
3.5372531e-01 2.3027760e-01 0.0000000e+00 
4.3461740e-01 2.7961159e-01 0.0000000e+00 
3.4512779e-01 2.0528039e-01 0.0000000e+00 
3.6950600e-01 2.1069451e-01 0.0000000e+00 
2.6638910e-01 3.1392881e-01 0.0000000e+00 
2.7405229e-01 2.3109850e-01 0.0000000e+00 
3.6342499e-01 1.8842390e-01 0.0000000e+00 
3.8558939e-01 1.9589300e-01 0.0000000e+00 
4.4520050e-01 2.5469631e-01 0.0000000e+00 
3.8103029e-01 1.7263541e-01 0.0000000e+00 
4.0200421e-01 1.8057050e-01 0.0000000e+00 
4.9249741e-01 2.2787590e-01 0.0000000e+00 
4.6605590e-01 2.3826469e-01 0.0000000e+00 
3.3931601e-01 1.7988220e-01 0.0000000e+00 
3.8745371e-01 3.9799151e-01 0.0000000e+00 
3.5741779e-01 2.5419459e-01 0.0000000e+00 
3.5627639e-01 4.5751181e-01 0.0000000e+00 
3.4765261e-01 3.3191890e-01 0.0000000e+00 
3.9811629e-01 1.5518570e-01 0.0000000e+00 
4.2193061e-01 1.6662900e-01 0.0000000e+00 
3.7476501e-01 1.4610679e-01 0.0000000e+00 
3.9139041e-01 2.1633980e-01 0.0000000e+00 
2.5018540e-01 2.5338060e-01 0.0000000e+00 
2.4227400e-01 2.1673180e-01 0.0000000e+00 
2.1296521e-01 2.4632980e-01 0.0000000e+00 
2.0310380e-01 2.0643540e-01 0.0000000e+00 
4.7074649e-01 4.8204380e-01 0.0000000e+00 
4.9385741e-01 4.8678511e-01 0.0000000e+00 
4.1766569e-01 1.3875820e-01 0.0000000e+00 
4.3951231e-01 1.4885530e-01 0.0000000e+00 
4.4284999e-01 1.6929220e-01 0.0000000e+00 
4.6074921e-01 1.5907930e-01 0.0000000e+00 
4.5701310e-01 1.3411739e-01 0.0000000e+00 
4.7804150e-01 1.4308280e-01 0.0000000e+00 
4.8207700e-01 1.6432039e-01 0.0000000e+00 
5.2000839e-01 2.3249920e-01 0.0000000e+00 
4.7522539e-01 1.1890660e-01 0.0000000e+00 
4.9824399e-01 1.5124670e-01 0.0000000e+00 
5.0239080e-01 1.7379840e-01 0.0000000e+00 
4.0624869e-01 4.6688080e-01 0.0000000e+00 
4.2919409e-01 4.1243970e-01 0.0000000e+00 
6.2043011e-01 3.4884781e-01 0.0000000e+00 
1.7042540e+00 2.1590130e-01 0.0000000e+00 
1.7632940e+00 2.2000070e-01 0.0000000e+00 
5.9477502e-01 3.8850871e-01 0.0000000e+00 
1.1047130e+00 3.7971979e-01 0.0000000e+00 
5.5632508e-01 4.0331629e-01 0.0000000e+00 
5.1673311e-01 1.5979400e-01 0.0000000e+00 
5.1686460e-01 1.3875850e-01 0.0000000e+00 
5.2089018e-01 1.7866670e-01 0.0000000e+00 
2.3531640e-01 1.7608330e-01 0.0000000e+00 
4.8605490e-01 1.8340071e-01 0.0000000e+00 
1.2225550e+00 3.8796490e-01 0.0000000e+00 
1.7893510e+00 2.7321759e-01 0.0000000e+00 
5.0436419e-01 4.1349870e-01 0.0000000e+00 
4.8793069e-01 4.1161671e-01 0.0000000e+00 
1.3432890e+00 3.9487341e-01 0.0000000e+00 
4.9844569e-01 3.9902619e-01 0.0000000e+00 
5.1288861e-01 4.0051869e-01 0.0000000e+00 
4.7826111e-01 5.0721961e-01 0.0000000e+00 
1.5723439e+00 4.1086179e-01 0.0000000e+00 
5.6928509e-01 1.1216540e-01 0.0000000e+00 
5.3438342e-01 1.6713411e-01 0.0000000e+00 
5.3660733e-01 1.8530799e-01 0.0000000e+00 
5.5097228e-01 1.7492341e-01 0.0000000e+00 
5.5329382e-01 1.9238080e-01 0.0000000e+00 
1.4477730e+00 4.0997440e-01 0.0000000e+00 
1.7183121e-01 2.3577370e-01 0.0000000e+00 
1.8385801e-01 2.7833050e-01 0.0000000e+00 
4.5149651e-01 1.1040960e-01 0.0000000e+00 
4.7247219e-01 9.1955133e-02 0.0000000e+00 
1.9255680e-01 1.6331930e-01 0.0000000e+00 
4.5135620e-01 5.0161749e-01 0.0000000e+00 
1.8225530e+00 2.2401039e-01 0.0000000e+00 
5.2494282e-01 1.9506520e-01 0.0000000e+00 
1.7372680e+00 1.6678140e-01 0.0000000e+00 
1.6782570e+00 1.6271511e-01 0.0000000e+00 
1.6900350e+00 4.2038351e-01 0.0000000e+00 
1.7490560e+00 4.2454061e-01 0.0000000e+00 
4.8329440e-01 3.9614201e-01 0.0000000e+00 
4.7259709e-01 4.0761891e-01 0.0000000e+00 
4.6829471e-01 3.9267531e-01 0.0000000e+00 
1.7821480e+00 3.7544200e-01 0.0000000e+00 
1.8081650e+00 4.2873210e-01 0.0000000e+00 
5.6767190e-01 1.8248910e-01 0.0000000e+00 
5.6965590e-01 1.9964610e-01 0.0000000e+00 
5.5310482e-01 2.0997940e-01 0.0000000e+00 
5.7153863e-01 2.1648981e-01 0.0000000e+00 
5.5832732e-01 2.2570750e-01 0.0000000e+00 
5.7294083e-01 2.3188220e-01 0.0000000e+00 
5.8571517e-01 2.2277141e-01 0.0000000e+00 
5.8722973e-01 2.3849240e-01 0.0000000e+00 
2.2661661e-01 1.3415439e-01 0.0000000e+00 
2.6798990e-01 1.4730521e-01 0.0000000e+00 
1.7105891e+00 1.1396340e-01 0.0000000e+00 
5.9993339e-01 2.2935030e-01 0.0000000e+00 
6.0129720e-01 2.4530940e-01 0.0000000e+00 
5.8868867e-01 2.5420901e-01 0.0000000e+00 
6.0235012e-01 2.6110700e-01 0.0000000e+00 
1.8387530e+00 3.7525591e-01 0.0000000e+00 
5.4489303e-01 2.2099259e-01 0.0000000e+00 
4.5784310e-01 5.2955812e-01 0.0000000e+00 
5.1062381e-01 5.1103139e-01 0.0000000e+00 
4.9833831e-01 1.0296860e-01 0.0000000e+00 
1.8639690e+00 4.2541769e-01 0.0000000e+00 
4.9523690e-01 7.3985048e-02 0.0000000e+00 
1.3844220e-01 2.6736441e-01 0.0000000e+00 
1.5088230e-01 3.1097111e-01 0.0000000e+00 
1.2641050e-01 2.2494370e-01 0.0000000e+00 
2.0287590e-01 3.2045639e-01 0.0000000e+00 
1.6756350e-01 3.5410741e-01 0.0000000e+00 
2.1099889e-01 3.6507410e-01 0.0000000e+00 
1.8053800e-01 3.9719370e-01 0.0000000e+00 
2.2913329e-01 4.0715241e-01 0.0000000e+00 
1.9421770e-01 4.3993911e-01 0.0000000e+00 
2.3865750e-01 4.5007020e-01 0.0000000e+00 
1.4811151e-01 4.3034700e-01 0.0000000e+00 
5.9036589e-01 2.6973200e-01 0.0000000e+00 
6.0372931e-01 2.7649191e-01 0.0000000e+00 
6.1619169e-01 2.6624000e-01 0.0000000e+00 
5.9138829e-01 2.8492469e-01 0.0000000e+00 
6.0468042e-01 2.9163459e-01 0.0000000e+00 
1.8453060e+00 2.7996099e-01 0.0000000e+00 
2.0954210e-01 4.8537201e-01 0.0000000e+00 
4.6530190e-01 6.3733928e-02 0.0000000e+00 
5.9247959e-01 2.9992181e-01 0.0000000e+00 
6.0560697e-01 3.0666059e-01 0.0000000e+00 
5.9351093e-01 3.1494951e-01 0.0000000e+00 
6.0633099e-01 3.2174519e-01 0.0000000e+00 
5.9430778e-01 3.2937449e-01 0.0000000e+00 
4.9347320e-01 3.8454881e-01 0.0000000e+00 
5.5062449e-01 1.5674770e-01 0.0000000e+00 
4.5774269e-01 4.0380031e-01 0.0000000e+00 
4.5300320e-01 3.8926181e-01 0.0000000e+00 
5.2078158e-01 8.5589677e-02 0.0000000e+00 
5.2809721e-01 4.7261381e-01 0.0000000e+00 
5.4998982e-01 4.7740239e-01 0.0000000e+00 
1.1647230e-01 3.4303319e-01 0.0000000e+00 
5.4025501e-01 4.0216339e-01 0.0000000e+00 
5.4931629e-01 3.8893181e-01 0.0000000e+00 
5.6429678e-01 3.8917771e-01 0.0000000e+00 
5.5815691e-01 3.7613159e-01 0.0000000e+00 
5.3233409e-01 3.8730109e-01 0.0000000e+00 
6.1810511e-01 2.9840681e-01 0.0000000e+00 
5.4633558e-01 2.3408321e-01 0.0000000e+00 
1.7233150e+00 4.7115931e-01 0.0000000e+00 
1.6544410e+00 4.6960419e-01 0.0000000e+00 
5.9817278e-01 2.1342160e-01 0.0000000e+00 
5.7312608e-01 3.7630349e-01 0.0000000e+00 
5.6664068e-01 3.6344349e-01 0.0000000e+00 
5.8089459e-01 3.6333910e-01 0.0000000e+00 
5.7436389e-01 3.5058859e-01 0.0000000e+00 
5.8890998e-01 3.5140380e-01 0.0000000e+00 
5.9597099e-01 3.6360300e-01 0.0000000e+00 
1.8871840e+00 2.3216370e-01 0.0000000e+00 
1.8613670e+00 1.6699770e-01 0.0000000e+00 
5.8043772e-01 3.2325599e-01 0.0000000e+00 
1.8341640e-01 1.2044960e-01 0.0000000e+00 
1.4539170e-01 1.4803199e-01 0.0000000e+00 
5.2981251e-01 4.1606659e-01 0.0000000e+00 
6.3278657e-01 3.2098520e-01 0.0000000e+00 
4.9883649e-01 1.9035070e-01 0.0000000e+00 
4.8866749e-01 1.9995619e-01 0.0000000e+00 
4.7372600e-01 1.9428051e-01 0.0000000e+00 
4.7687241e-01 2.0988560e-01 0.0000000e+00 
4.6230760e-01 2.0519090e-01 0.0000000e+00 
5.0175709e-01 2.0284539e-01 0.0000000e+00 
3.7420979e-01 2.4249861e-01 0.0000000e+00 
3.7680081e-01 2.5999850e-01 0.0000000e+00 
3.6377189e-01 2.7359021e-01 0.0000000e+00 
3.8147151e-01 2.7786380e-01 0.0000000e+00 
3.9390230e-01 2.6630861e-01 0.0000000e+00 
3.9790910e-01 2.8215069e-01 0.0000000e+00 
3.8660839e-01 2.9399589e-01 0.0000000e+00 
4.0266559e-01 2.9749459e-01 0.0000000e+00 
3.9230630e-01 3.0959940e-01 0.0000000e+00 
3.7539089e-01 3.0645579e-01 0.0000000e+00 
3.8165531e-01 3.2178041e-01 0.0000000e+00 
3.9764741e-01 3.2483751e-01 0.0000000e+00 
3.8738471e-01 3.3702531e-01 0.0000000e+00 
4.0318671e-01 3.3988059e-01 0.0000000e+00 
3.9298999e-01 3.5206911e-01 0.0000000e+00 
4.0884519e-01 3.5489669e-01 0.0000000e+00 
3.7592891e-01 3.5095471e-01 0.0000000e+00 
4.1221961e-01 3.2815641e-01 0.0000000e+00 
4.0885890e-01 2.7070051e-01 0.0000000e+00 
4.0606499e-01 2.5576550e-01 0.0000000e+00 
4.2036530e-01 2.6073930e-01 0.0000000e+00 
4.1758421e-01 2.4588020e-01 0.0000000e+00 
3.9879280e-01 3.6719501e-01 0.0000000e+00 
4.1457930e-01 3.6959961e-01 0.0000000e+00 
4.2435291e-01 3.5784501e-01 0.0000000e+00 
4.3005049e-01 3.7181091e-01 0.0000000e+00 
4.2064139e-01 3.8399899e-01 0.0000000e+00 
4.0332180e-01 2.4100940e-01 0.0000000e+00 
4.1523230e-01 2.3128320e-01 0.0000000e+00 
4.2901969e-01 2.3581611e-01 0.0000000e+00 
4.2680249e-01 2.2116630e-01 0.0000000e+00 
4.4072181e-01 2.2622180e-01 0.0000000e+00 
4.3834931e-01 2.1132030e-01 0.0000000e+00 
4.2324290e-01 2.0628519e-01 0.0000000e+00 
5.7600939e-01 2.6372889e-01 0.0000000e+00 
4.6461701e-01 3.7602729e-01 0.0000000e+00 
4.4586849e-01 3.4520641e-01 0.0000000e+00 
1.8224460e+00 4.8960349e-01 0.0000000e+00 
4.3567330e-01 1.9562960e-01 0.0000000e+00 
5.9315038e-01 1.5660501e-01 0.0000000e+00 
4.5945361e-01 1.9019520e-01 0.0000000e+00 
6.2804931e-01 2.1075760e-01 0.0000000e+00 
4.4690049e-01 3.7500271e-01 0.0000000e+00 
4.3590689e-01 2.6693821e-01 0.0000000e+00 
4.5538360e-01 2.4537770e-01 0.0000000e+00 
5.3253782e-01 3.6093631e-01 0.0000000e+00 
5.0687999e-01 3.7203360e-01 0.0000000e+00 
5.5479759e-01 3.4289679e-01 0.0000000e+00 
4.7859880e-01 2.3292100e-01 0.0000000e+00 
5.6951690e-01 2.9091081e-01 0.0000000e+00 
4.3251589e-01 3.2153201e-01 0.0000000e+00 
2.5864059e-01 4.9322551e-01 0.0000000e+00 
2.8119770e-01 4.6436489e-01 0.0000000e+00 
2.9712620e-01 4.9769270e-01 0.0000000e+00 
5.0679362e-01 2.2942559e-01 0.0000000e+00 
5.1640040e-01 2.1935740e-01 0.0000000e+00 
6.5671778e-01 2.8741741e-01 0.0000000e+00 
6.4681822e-01 2.6546481e-01 0.0000000e+00 
2.6161829e-01 1.0442510e-01 0.0000000e+00 
2.9914159e-01 1.2133270e-01 0.0000000e+00 
5.3835911e-01 2.0090669e-01 0.0000000e+00 
4.1076070e-01 4.0288219e-01 0.0000000e+00 
4.2847160e-01 2.9058349e-01 0.0000000e+00 
5.8385968e-01 4.0419951e-01 0.0000000e+00 
4.6758640e-01 2.2237021e-01 0.0000000e+00 
1.7680900e+00 1.1666990e-01 0.0000000e+00 
4.6705061e-01 3.6164391e-01 0.0000000e+00 
4.2953780e-01 5.2015013e-01 0.0000000e+00 
3.4222049e-01 3.0633521e-01 0.0000000e+00 
3.3303869e-01 2.8045291e-01 0.0000000e+00 
5.3547281e-01 4.9663380e-01 0.0000000e+00 
5.6233060e-01 5.0093198e-01 0.0000000e+00 
3.5305610e-01 3.5562491e-01 0.0000000e+00 
3.6326250e-01 3.7681499e-01 0.0000000e+00 
5.8255208e-01 1.8968870e-01 0.0000000e+00 
5.6585908e-01 6.7596443e-02 0.0000000e+00 
3.1423870e-01 5.6071562e-01 0.0000000e+00 
3.6825681e-01 5.5769640e-01 0.0000000e+00 
1.6511329e+00 1.0926090e-01 0.0000000e+00 
1.6192470e+00 1.5863900e-01 0.0000000e+00 
3.1425080e-01 3.9930049e-02 0.0000000e+00 
3.1129351e-01 1.6085930e-01 0.0000000e+00 
3.3299991e-01 1.3328290e-01 0.0000000e+00 
3.3072019e-01 1.0009960e-01 0.0000000e+00 
2.7850899e-01 1.8997809e-01 0.0000000e+00 
3.6250210e-01 1.1719080e-01 0.0000000e+00 
3.6242679e-01 7.9823360e-02 0.0000000e+00 
3.9215559e-01 9.3917303e-02 0.0000000e+00 
6.7704421e-01 3.9422091e-02 0.0000000e+00 
6.9158012e-01 7.9496212e-02 0.0000000e+00 
7.2696608e-01 4.4044841e-02 0.0000000e+00 
7.3696113e-01 9.5335990e-02 0.0000000e+00 
7.9171729e-01 1.0606610e-01 0.0000000e+00 
7.5707722e-01 1.3865989e-01 0.0000000e+00 
8.0465728e-01 1.5881000e-01 0.0000000e+00 
8.4009641e-01 1.2030350e-01 0.0000000e+00 
8.5441029e-01 1.6780110e-01 0.0000000e+00 
8.9020813e-01 1.3047090e-01 0.0000000e+00 
8.7580758e-01 8.5384279e-02 0.0000000e+00 
6.3392729e-01 5.6027758e-01 0.0000000e+00 
6.5490252e-01 5.2222651e-01 0.0000000e+00 
6.9785458e-01 5.2009457e-01 0.0000000e+00 
6.6947389e-01 4.8214740e-01 0.0000000e+00 
7.1400052e-01 4.7928271e-01 0.0000000e+00 
7.3890662e-01 5.1415598e-01 0.0000000e+00 
7.5538421e-01 4.7427329e-01 0.0000000e+00 
7.3060858e-01 4.4053549e-01 0.0000000e+00 
7.7131832e-01 4.3481070e-01 0.0000000e+00 
7.4432129e-01 4.0371630e-01 0.0000000e+00 
7.9942912e-01 4.6868020e-01 0.0000000e+00 
8.1664360e-01 4.2528069e-01 0.0000000e+00 
8.4675127e-01 4.6303490e-01 0.0000000e+00 
7.0795268e-01 4.1132101e-01 0.0000000e+00 
8.6556101e-01 4.1526449e-01 0.0000000e+00 
9.0177119e-01 4.5578691e-01 0.0000000e+00 
6.1436248e-01 5.2457899e-01 0.0000000e+00 
5.9010911e-01 5.6233871e-01 0.0000000e+00 
6.8740159e-01 4.4485721e-01 0.0000000e+00 
6.3075930e-01 4.9217081e-01 0.0000000e+00 
8.2390177e-01 3.7696400e-01 0.0000000e+00 
6.5760958e-01 4.5251140e-01 0.0000000e+00 
8.8201141e-01 3.6469159e-01 0.0000000e+00 
7.1646827e-01 3.7200019e-01 0.0000000e+00 
7.5293612e-01 3.6630341e-01 0.0000000e+00 
7.3172802e-01 3.4158540e-01 0.0000000e+00 
4.3641081e-01 3.8625911e-01 0.0000000e+00 
3.3307719e-01 5.1888418e-01 0.0000000e+00 
3.7808201e-01 5.1874483e-01 0.0000000e+00 
4.1757399e-01 3.4319299e-01 0.0000000e+00 
4.0734050e-01 3.1263331e-01 0.0000000e+00 
4.8661929e-01 4.2812102e-02 0.0000000e+00 
7.2056448e-01 1.3380709e-01 0.0000000e+00 
7.2885102e-01 1.7120270e-01 0.0000000e+00 
7.6764971e-01 1.8236589e-01 0.0000000e+00 
7.3844647e-01 2.0840840e-01 0.0000000e+00 
3.2383901e-01 4.7502699e-01 0.0000000e+00 
2.0299730e-01 4.5617640e-02 0.0000000e+00 
5.8970161e-02 3.3410329e-01 0.0000000e+00 
2.0689000e-01 5.5709481e-01 0.0000000e+00 
4.1305149e-01 2.8573561e-01 0.0000000e+00 
7.8471351e-01 5.4944623e-01 0.0000000e+00 
5.7445318e-01 2.4704580e-01 0.0000000e+00 
4.8197981e-02 2.0613991e-01 0.0000000e+00 
2.9774281e-01 8.0907270e-02 0.0000000e+00 
5.0055778e-01 5.6669247e-01 0.0000000e+00 
5.6139982e-01 2.6632291e-01 0.0000000e+00 
1.6788280e+00 5.7307512e-02 0.0000000e+00 
5.1920211e-01 3.7999329e-01 0.0000000e+00 
5.3287011e-01 2.3837809e-01 0.0000000e+00 
4.9314889e-01 3.6956069e-01 0.0000000e+00 
5.4427528e-01 3.7591609e-01 0.0000000e+00 
7.8244883e-01 3.9527819e-01 0.0000000e+00 
3.6446571e-01 4.0250320e-02 0.0000000e+00 
4.4162789e-01 3.5938531e-01 0.0000000e+00 
6.3632941e-01 2.8842619e-01 0.0000000e+00 
4.9067271e-01 2.1312010e-01 0.0000000e+00 
9.0754151e-01 5.5067050e-01 0.0000000e+00 
9.6624529e-01 5.4957891e-01 0.0000000e+00 
9.9525559e-01 4.9868581e-01 0.0000000e+00 
1.0540251e+00 4.9801311e-01 0.0000000e+00 
1.0243800e+00 4.4818369e-01 0.0000000e+00 
1.0813180e+00 4.4429299e-01 0.0000000e+00 
9.6050638e-01 4.4521841e-01 0.0000000e+00 
9.9237692e-01 4.0150511e-01 0.0000000e+00 
9.3534291e-01 5.0050128e-01 0.0000000e+00 
1.1123620e+00 4.9683940e-01 0.0000000e+00 
1.1383430e+00 4.4216970e-01 0.0000000e+00 
5.4218680e-01 5.2327639e-01 0.0000000e+00 
4.9454380e-02 4.5007420e-01 0.0000000e+00 
1.0217610e-01 4.7936839e-01 0.0000000e+00 
2.2542991e-01 2.8165141e-01 0.0000000e+00 
3.9299640e-01 1.2565491e-01 0.0000000e+00 
4.2287391e-01 1.0849530e-01 0.0000000e+00 
4.1702661e-01 7.4225321e-02 0.0000000e+00 
4.2317891e-01 4.9126241e-01 0.0000000e+00 
3.6435950e-01 3.1840631e-01 0.0000000e+00 
5.9271669e-01 4.9394491e-01 0.0000000e+00 
4.5279789e-01 2.1705380e-01 0.0000000e+00 
1.1707489e+00 4.9572700e-01 0.0000000e+00 
1.1967220e+00 4.4262701e-01 0.0000000e+00 
1.2286400e+00 4.9457431e-01 0.0000000e+00 
1.2569320e+00 4.4329810e-01 0.0000000e+00 
1.2887410e+00 4.9415389e-01 0.0000000e+00 
4.9704749e-02 9.0376601e-02 0.0000000e+00 
1.1661880e+00 3.8667339e-01 0.0000000e+00 
1.0448740e+00 3.9727730e-01 0.0000000e+00 
1.3219531e+00 5.4748261e-01 0.0000000e+00 
1.3566051e+00 4.9475339e-01 0.0000000e+00 
1.4128619e+00 5.0170678e-01 0.0000000e+00 
1.3878731e+00 4.4357020e-01 0.0000000e+00 
2.6875430e-01 4.3074101e-01 0.0000000e+00 
4.1746351e-01 3.0108821e-01 0.0000000e+00 
4.7450441e-01 4.2571831e-01 0.0000000e+00 
4.0593800e-01 2.0075510e-01 0.0000000e+00 
4.4167551e-01 4.0079829e-01 0.0000000e+00 
1.9512080e+00 4.5117629e-01 0.0000000e+00 
1.0262311e+00 5.1109631e-02 0.0000000e+00 
9.9738371e-01 1.0181700e-01 0.0000000e+00 
1.0553030e+00 1.0176790e-01 0.0000000e+00 
1.0273110e+00 1.4739220e-01 0.0000000e+00 
1.0855290e+00 1.4977370e-01 0.0000000e+00 
9.7062862e-01 1.4721170e-01 0.0000000e+00 
9.3508059e-01 1.0148260e-01 0.0000000e+00 
1.1133560e+00 1.0215650e-01 0.0000000e+00 
1.1446090e+00 1.4514109e-01 0.0000000e+00 
1.1160710e+00 1.9391710e-01 0.0000000e+00 
1.2018321e+00 5.4771107e-01 0.0000000e+00 
1.9480680e+00 2.1005040e-01 0.0000000e+00 
1.0842860e+00 5.4868227e-01 0.0000000e+00 
1.9480680e+00 3.2994959e-01 0.0000000e+00 
1.5904510e+00 1.0452840e-01 0.0000000e+00 
1.5598950e+00 1.5443350e-01 0.0000000e+00 
1.5304790e+00 1.0186320e-01 0.0000000e+00 
1.5007280e+00 1.5119410e-01 0.0000000e+00 
1.5273950e+00 2.0345390e-01 0.0000000e+00 
1.4685169e+00 1.9967620e-01 0.0000000e+00 
1.4425830e+00 1.4740349e-01 0.0000000e+00 
1.4098901e+00 1.9577309e-01 0.0000000e+00 
1.3839140e+00 1.4338671e-01 0.0000000e+00 
1.3511680e+00 1.9153769e-01 0.0000000e+00 
1.3252350e+00 1.3926670e-01 0.0000000e+00 
1.2926320e+00 1.8772170e-01 0.0000000e+00 
1.2666039e+00 1.3634580e-01 0.0000000e+00 
1.2355460e+00 1.8558609e-01 0.0000000e+00 
1.2059170e+00 1.3905290e-01 0.0000000e+00 
1.2347410e+00 9.3928657e-02 0.0000000e+00 
1.3187660e+00 2.4091680e-01 0.0000000e+00 
1.4945120e+00 2.5244480e-01 0.0000000e+00 
1.5862570e+00 2.0772290e-01 0.0000000e+00 
5.5948251e-01 2.4233980e-01 0.0000000e+00 
1.5573130e+00 5.4926682e-01 0.0000000e+00 
1.5215520e+00 5.0207931e-01 0.0000000e+00 
1.5906490e+00 4.9784341e-01 0.0000000e+00 
1.3832541e+00 4.9608339e-02 0.0000000e+00 
1.5002331e+00 5.0511628e-02 0.0000000e+00 
1.7345819e+00 5.5134553e-01 0.0000000e+00 
1.6170100e+00 5.5189037e-01 0.0000000e+00 
1.6308481e+00 4.1378099e-01 0.0000000e+00 
1.7733830e+00 4.6653220e-01 0.0000000e+00 
1.8566350e+00 5.4165798e-01 0.0000000e+00 
1.5124860e+00 4.0674630e-01 0.0000000e+00 
1.4853560e+00 4.5626420e-01 0.0000000e+00 
1.6452560e+00 2.1187560e-01 0.0000000e+00 
1.7967290e+00 1.6947480e-01 0.0000000e+00 
1.8955210e+00 4.8443690e-01 0.0000000e+00 
2.4952111e-01 3.7534630e-01 0.0000000e+00 
2.4015559e-01 3.3920720e-01 0.0000000e+00 
1.6122910e+00 2.6095319e-01 0.0000000e+00 
1.8537400e+00 5.5921540e-02 0.0000000e+00 
1.8819669e+00 1.0242500e-01 0.0000000e+00 
9.5119797e-02 1.2153590e-01 0.0000000e+00 
1.0847340e+00 5.0935078e-02 0.0000000e+00 
1.7562060e+00 3.2229191e-01 0.0000000e+00 
1.4358770e+00 2.4863569e-01 0.0000000e+00 
4.3159389e-01 2.5088599e-01 0.0000000e+00 
4.7994119e-01 3.8120639e-01 0.0000000e+00 
1.8123610e+00 3.2570100e-01 0.0000000e+00 
6.1470199e-01 2.3820160e-01 0.0000000e+00 
6.2837660e-01 2.5279269e-01 0.0000000e+00 
5.6644672e-01 3.2120070e-01 0.0000000e+00 
4.0343639e-01 3.8359720e-01 0.0000000e+00 
1.2608960e+00 2.3755901e-01 0.0000000e+00 
9.7383392e-01 2.2759880e-01 0.0000000e+00 
1.8966711e+00 3.6694610e-01 0.0000000e+00 
1.2852859e+00 3.9278471e-01 0.0000000e+00 
4.4754091e-01 4.1694289e-01 0.0000000e+00 
5.1814729e-01 1.1434720e-01 0.0000000e+00 
9.8089732e-02 2.9848260e-01 0.0000000e+00 
8.7650722e-01 5.0584209e-01 0.0000000e+00 
7.2722268e-01 5.5884892e-01 0.0000000e+00 
9.1900879e-01 4.0950510e-01 0.0000000e+00 
6.0669678e-01 3.3687809e-01 0.0000000e+00 
9.2257088e-01 2.2499460e-01 0.0000000e+00 
1.8270659e+00 1.1701130e-01 0.0000000e+00 
3.9101499e-01 2.5043941e-01 0.0000000e+00 
3.0026230e-01 2.1632680e-01 0.0000000e+00 
5.8418620e-01 3.3934349e-01 0.0000000e+00 
1.5593460e+00 5.1838879e-02 0.0000000e+00 
4.5547140e-01 5.6772357e-01 0.0000000e+00 
9.7268373e-02 1.8144910e-01 0.0000000e+00 
9.3618453e-02 5.9398320e-02 0.0000000e+00 
9.5946752e-02 4.1991970e-01 0.0000000e+00 
1.5493150e-01 4.8253620e-01 0.0000000e+00 
5.3141659e-01 2.2366489e-01 0.0000000e+00 
4.6951711e-01 1.7694290e-01 0.0000000e+00 
1.3219830e+00 4.4809279e-01 0.0000000e+00 
6.1860532e-01 2.8225860e-01 0.0000000e+00 
9.2647932e-02 5.4469162e-01 0.0000000e+00 
3.6105269e-01 4.8700431e-01 0.0000000e+00 
1.4393450e+00 5.5213040e-01 0.0000000e+00 
1.9442101e+00 9.5342271e-02 0.0000000e+00 
9.0059137e-01 1.7995150e-01 0.0000000e+00 
8.2735151e-01 2.0720319e-01 0.0000000e+00 
6.6251612e-01 1.0677520e-01 0.0000000e+00 
6.7604911e-01 4.1622579e-01 0.0000000e+00 
6.8501538e-01 3.8669550e-01 0.0000000e+00 
3.6920869e-01 2.9070961e-01 0.0000000e+00 
4.5409241e-01 2.3146330e-01 0.0000000e+00 
6.1867392e-01 3.1358370e-01 0.0000000e+00 
1.9131620e+00 5.4997718e-01 0.0000000e+00 
4.2027211e-01 1.8849210e-01 0.0000000e+00 
1.9003210e+00 2.9999799e-01 0.0000000e+00 
5.5434358e-01 1.3134070e-01 0.0000000e+00 
1.4729370e+00 1.0059040e-01 0.0000000e+00 
4.4868380e-01 4.7589070e-01 0.0000000e+00 
1.7371070e+00 5.7924490e-02 0.0000000e+00 
1.6196249e-01 1.9384970e-01 0.0000000e+00 
2.7876011e-01 3.4925121e-01 0.0000000e+00 
5.6304562e-01 4.5950639e-01 0.0000000e+00 
6.0384172e-01 3.5119170e-01 0.0000000e+00 
5.7530987e-01 5.2873927e-01 0.0000000e+00 
1.3667960e-01 3.8707560e-01 0.0000000e+00 
4.9747679e-01 1.2821840e-01 0.0000000e+00 
1.1983300e+00 4.8251878e-02 0.0000000e+00 
7.5970978e-01 3.2726541e-01 0.0000000e+00 
8.1999791e-01 5.1075947e-01 0.0000000e+00 
1.3957340e+00 3.8871399e-01 0.0000000e+00 
3.8881221e-01 2.3447470e-01 0.0000000e+00 
5.2596432e-01 2.0954940e-01 0.0000000e+00 
1.4149910e+00 9.8922051e-02 0.0000000e+00 
3.1656411e-01 1.9587231e-01 0.0000000e+00 
4.3203679e-01 3.4525600e-01 0.0000000e+00 
5.0832897e-01 3.8785461e-01 0.0000000e+00 
5.0716370e-01 4.6868089e-01 0.0000000e+00 
7.2506380e-01 3.1459489e-01 0.0000000e+00 
5.7067949e-01 1.5282580e-01 0.0000000e+00 
6.7973870e-01 1.6684531e-01 0.0000000e+00 
5.3255141e-01 1.4827640e-01 0.0000000e+00 
5.8382958e-01 2.0679601e-01 0.0000000e+00 
3.6833951e-01 3.3595169e-01 0.0000000e+00 
6.6081917e-01 3.9089271e-01 0.0000000e+00 
3.5859609e-01 1.6498099e-01 0.0000000e+00 
5.4474670e-01 2.4635740e-01 0.0000000e+00 
8.5039961e-01 4.4130251e-02 0.0000000e+00 
7.0378470e-01 2.1493910e-01 0.0000000e+00 
3.8111559e-01 3.6489099e-01 0.0000000e+00 
3.8378549e-01 3.8103321e-01 0.0000000e+00 
1.1733290e+00 9.6517898e-02 0.0000000e+00 
6.1236829e-01 3.6486840e-01 0.0000000e+00 
4.2817801e-01 4.6774849e-01 0.0000000e+00 
3.9298210e-01 4.8933309e-01 0.0000000e+00 
5.1858139e-01 5.3958851e-01 0.0000000e+00 
1.1778920e+00 1.8819040e-01 0.0000000e+00 
6.3357651e-01 4.2729640e-01 0.0000000e+00 
2.1912169e-01 8.9860998e-02 0.0000000e+00 
4.4828820e-01 3.3391532e-02 0.0000000e+00 
7.1727687e-01 2.3730519e-01 0.0000000e+00 
9.8337471e-02 2.5592181e-01 0.0000000e+00 
4.8688981e-01 5.3696889e-01 0.0000000e+00 
9.1024607e-01 4.6742149e-02 0.0000000e+00 
4.2072469e-01 3.1704551e-01 0.0000000e+00 
2.5881660e-01 2.8481191e-01 0.0000000e+00 
1.3556740e+00 9.6588373e-02 0.0000000e+00 
3.8170820e-01 4.6353251e-01 0.0000000e+00 
6.1133659e-01 4.6789679e-01 0.0000000e+00 
4.4266859e-01 2.4074350e-01 0.0000000e+00 
1.4653840e+00 5.0395852e-01 0.0000000e+00 
1.1433500e+00 2.3560201e-01 0.0000000e+00 
5.5341142e-01 3.6430839e-01 0.0000000e+00 
5.7990170e-01 2.7820900e-01 0.0000000e+00 
4.4887719e-01 2.0151231e-01 0.0000000e+00 
4.6245420e-01 4.1756010e-01 0.0000000e+00 
4.1210291e-01 2.1662711e-01 0.0000000e+00 
5.1736373e-01 5.6347691e-02 0.0000000e+00 
7.0604849e-01 3.3807889e-01 0.0000000e+00 
4.3653390e-01 1.2656429e-01 0.0000000e+00 
4.2773649e-01 3.9727569e-01 0.0000000e+00 
4.2305809e-01 2.7508900e-01 0.0000000e+00 
1.9111360e+00 1.7995431e-01 0.0000000e+00 
1.2975690e+00 9.4644032e-02 0.0000000e+00 
7.4613649e-01 2.3963641e-01 0.0000000e+00 
2.9362991e-01 4.1433749e-01 0.0000000e+00 
5.8357382e-01 3.0761179e-01 0.0000000e+00 
5.3191912e-01 3.7253350e-01 0.0000000e+00 
4.4445190e-01 8.4593862e-02 0.0000000e+00 
1.5468830e+00 4.5422599e-01 0.0000000e+00 
6.2926418e-01 2.7103639e-01 0.0000000e+00 
3.5220909e-01 2.8729489e-01 0.0000000e+00 
8.3805579e-01 3.3710629e-01 0.0000000e+00 
5.2616048e-01 4.0003020e-01 0.0000000e+00 
1.8064611e-01 5.2023911e-01 0.0000000e+00 
4.2505819e-01 3.3176431e-01 0.0000000e+00 
7.7968621e-01 5.0346297e-01 0.0000000e+00 
1.2679260e+00 4.6381779e-02 0.0000000e+00 
5.8107018e-01 2.9473820e-01 0.0000000e+00 
6.1925322e-01 3.3036381e-01 0.0000000e+00 
5.6537521e-01 2.5524691e-01 0.0000000e+00 
3.8967860e-01 6.5405212e-02 0.0000000e+00 
1.0865080e+00 2.3449360e-01 0.0000000e+00 
1.4042149e-01 9.9993236e-02 0.0000000e+00 
1.0030100e+00 3.5783571e-01 0.0000000e+00 
3.6067769e-01 3.0184039e-01 0.0000000e+00 
5.7885981e-01 3.8880101e-01 0.0000000e+00 
1.5990330e+00 4.4926330e-01 0.0000000e+00 
9.1439813e-02 3.7532219e-01 0.0000000e+00 
5.7995051e-01 1.7130360e-01 0.0000000e+00 
6.1258352e-01 2.5273019e-01 0.0000000e+00 
4.0172791e-01 2.2754180e-01 0.0000000e+00 
5.4750210e-01 9.9742994e-02 0.0000000e+00 
6.1311978e-01 2.0313910e-01 0.0000000e+00 
6.1223829e-01 2.2002740e-01 0.0000000e+00 
1.8586820e+00 3.2957241e-01 0.0000000e+00 
5.8738971e-01 3.7580970e-01 0.0000000e+00 
4.5219980e-02 4.4195049e-02 0.0000000e+00 
4.8124549e-01 2.2123460e-01 0.0000000e+00 
4.3828961e-02 5.5591398e-01 0.0000000e+00 
1.0568640e+00 1.9004630e-01 0.0000000e+00 
3.3193341e-01 4.4711831e-01 0.0000000e+00 
3.0378929e-01 4.4286191e-01 0.0000000e+00 
5.3415012e-01 1.2728420e-01 0.0000000e+00 
5.0386423e-01 2.1636350e-01 0.0000000e+00 
1.9116580e+00 4.2358989e-01 0.0000000e+00 
4.5517069e-01 3.6521810e-01 0.0000000e+00 
3.6732909e-01 3.6239621e-01 0.0000000e+00 
6.3041377e-01 3.0585691e-01 0.0000000e+00 
1.9569679e+00 4.3301821e-02 0.0000000e+00 
5.7146299e-01 4.8058590e-01 0.0000000e+00 
1.6484860e+00 5.1718348e-01 0.0000000e+00 
9.4670999e-01 1.8556410e-01 0.0000000e+00 
6.3752991e-01 4.6584189e-01 0.0000000e+00 
1.9572541e+00 5.5697870e-01 0.0000000e+00 
6.4813697e-01 2.4830820e-01 0.0000000e+00 
6.0179752e-01 3.7555191e-01 0.0000000e+00 
1.4364240e+00 4.6111640e-01 0.0000000e+00 
5.6217611e-01 3.5223660e-01 0.0000000e+00 
6.6050959e-01 4.3027630e-01 0.0000000e+00 
4.0468970e-01 5.1149738e-01 0.0000000e+00 
5.1506358e-01 2.0555650e-01 0.0000000e+00 
4.3334481e-01 1.8108650e-01 0.0000000e+00 
9.9962813e-01 1.8700930e-01 0.0000000e+00 
6.9131333e-01 1.1763480e-01 0.0000000e+00 
4.4599831e-01 1.8538959e-01 0.0000000e+00 
5.1551181e-01 4.8891029e-01 0.0000000e+00 
4.3754059e-01 5.8743980e-02 0.0000000e+00 
5.9589100e-01 3.4163511e-01 0.0000000e+00 
2.3624770e-01 5.2814358e-01 0.0000000e+00 
6.6953379e-01 3.7169310e-01 0.0000000e+00 
3.6865169e-01 3.9570969e-01 0.0000000e+00 
5.9758049e-01 1.9620110e-01 0.0000000e+00 
1.3329040e-01 5.1544452e-01 0.0000000e+00 
1.0515270e+00 3.5504949e-01 0.0000000e+00 
3.3392131e-01 6.8202123e-02 0.0000000e+00 
1.7869949e-01 8.1389397e-02 0.0000000e+00 
9.2706198e-01 1.4882250e-01 0.0000000e+00 
1.7000279e+00 5.1305068e-01 0.0000000e+00 
3.4774879e-01 2.6959679e-01 0.0000000e+00 
5.7002652e-01 3.3917850e-01 0.0000000e+00 
4.5571360e-01 1.7617980e-01 0.0000000e+00 
8.2389021e-01 8.1237279e-02 0.0000000e+00 
5.6977302e-01 4.0162051e-01 0.0000000e+00 
5.7622939e-01 9.1579817e-02 0.0000000e+00 
7.9520959e-01 1.9354109e-01 0.0000000e+00 
7.1731091e-01 1.9555099e-01 0.0000000e+00 
9.5533073e-01 4.0679529e-01 0.0000000e+00 
5.1722008e-01 4.1250920e-01 0.0000000e+00 
4.3116611e-01 5.4470932e-01 0.0000000e+00 
6.9998658e-01 1.5358570e-01 0.0000000e+00 
3.7607810e-01 2.2627370e-01 0.0000000e+00 
5.1978278e-01 3.9113960e-01 0.0000000e+00 
5.3689402e-01 2.1312129e-01 0.0000000e+00 
9.0401761e-02 2.1924180e-01 0.0000000e+00 
7.8513551e-01 3.6338761e-01 0.0000000e+00 
2.8628290e-01 5.2971011e-01 0.0000000e+00 
1.9101239e+00 1.3962340e-01 0.0000000e+00 
3.3938929e-01 1.5675519e-01 0.0000000e+00 
3.5365051e-01 1.4366330e-01 0.0000000e+00 
5.9640652e-01 1.7787141e-01 0.0000000e+00 
2.3996450e-01 3.0955619e-01 0.0000000e+00 
4.0130991e-01 5.3756779e-01 0.0000000e+00 
2.6203820e-01 3.9843059e-01 0.0000000e+00 
1.7610559e+00 5.1254529e-01 0.0000000e+00 
5.3923780e-01 6.9367118e-02 0.0000000e+00 
6.6389477e-01 2.7387929e-01 0.0000000e+00 
5.6400359e-01 1.6758190e-01 0.0000000e+00 
6.3302028e-01 3.3655259e-01 0.0000000e+00 
5.4254562e-01 3.6452681e-01 0.0000000e+00 
5.1293671e-01 2.8587131e-02 0.0000000e+00 
5.1246679e-01 1.8971939e-01 0.0000000e+00 

CELLS 1766 7064
3 0 870 123
3 1 882 70
3 2 887 79
3 3 872 114
3 4 193 35
3 4 516 193
3 5 516 4
3 6 184 5
3 6 612 184
3 7 612 6
3 8 183 7
3 8 799 183
3 9 799 8
3 10 615 9
3 11 335 10
3 11 521 335
3 12 521 11
3 13 311 12
3 13 515 311
3 14 515 13
3 15 312 14
3 15 511 312
3 16 511 15
3 17 308 16
3 17 510 308
3 18 510 17
3 19 301 18
3 19 529 301
3 20 529 19
3 21 124 20
3 21 517 124
3 22 517 21
3 23 277 22
3 23 503 277
3 24 503 23
3 25 266 24
3 25 533 266
3 26 533 25
3 27 269 26
3 27 616 269
3 28 616 27
3 29 513 28
3 30 241 29
3 30 512 241
3 31 512 30
3 32 214 31
3 32 514 214
3 33 514 32
3 34 215 33
3 34 726 215
3 35 726 34
3 36 870 0
3 37 747 36
3 38 155 37
3 38 603 155
3 39 603 38
3 40 130 39
3 40 547 130
3 41 547 40
3 41 619 547
3 42 619 41
3 43 142 42
3 43 812 142
3 44 812 43
3 44 943 597
3 45 943 44
3 46 145 45
3 46 159 145
3 47 159 46
3 48 140 47
3 48 555 140
3 49 555 48
3 49 557 555
3 50 557 49
3 51 126 50
3 51 800 126
3 52 800 51
3 52 816 800
3 53 816 52
3 54 131 53
3 54 663 131
3 55 663 54
3 55 718 663
3 56 718 55
3 57 127 56
3 57 780 127
3 58 780 57
3 58 850 780
3 59 850 58
3 60 148 59
3 60 700 148
3 61 700 60
3 62 128 61
3 62 701 128
3 63 701 62
3 63 744 701
3 64 744 63
3 65 136 64
3 65 613 136
3 66 613 65
3 66 772 613
3 67 772 66
3 68 144 67
3 68 715 144
3 69 715 68
3 70 157 69
3 70 882 157
3 71 882 1
3 72 757 71
3 73 154 72
3 73 674 154
3 74 674 73
3 75 139 74
3 75 676 139
3 76 676 75
3 77 147 76
3 77 662 147
3 78 662 77
3 79 156 78
3 79 887 156
3 80 887 2
3 81 766 80
3 82 706 81
3 83 151 82
3 83 702 151
3 84 702 83
3 85 129 84
3 85 703 129
3 86 703 85
3 87 697 86
3 88 137 87
3 88 756 137
3 89 756 88
3 90 149 89
3 90 653 149
3 91 653 90
3 92 134 91
3 92 673 134
3 93 673 92
3 94 150 93
3 94 675 150
3 95 675 94
3 96 135 95
3 96 624 135
3 97 624 96
3 98 623 97
3 99 125 98
3 99 607 125
3 100 607 99
3 100 736 607
3 101 736 100
3 102 138 101
3 102 566 138
3 103 566 102
3 103 583 566
3 104 583 103
3 105 143 104
3 105 611 143
3 106 611 105
3 106 745 611
3 107 745 106
3 108 141 107
3 108 544 141
3 109 544 108
3 110 543 109
3 111 132 110
3 111 605 132
3 112 605 111
3 113 153 112
3 113 754 153
3 114 754 113
3 114 872 754
3 115 872 3
3 116 158 115
3 116 635 158
3 117 635 116
3 118 146 117
3 118 604 146
3 119 604 118
3 120 133 119
3 120 609 133
3 121 609 120
3 122 152 121
3 122 650 152
3 123 650 122
3 123 870 650
3 124 529 20
3 124 658 529
3 124 817 658
3 125 623 98
3 125 735 623
3 125 782 735
3 126 557 50
3 126 558 557
3 126 559 558
3 126 915 559
3 127 718 56
3 127 804 670
3 128 700 61
3 128 786 700
3 129 702 84
3 129 911 702
3 130 603 39
3 130 610 525
3 130 811 603
3 131 816 53
3 132 543 110
3 132 929 543
3 133 604 119
3 133 734 604
3 133 814 734
3 133 927 814
3 134 653 91
3 134 673 647
3 135 675 95
3 136 613 545
3 136 744 64
3 137 697 87
3 137 698 697
3 137 823 698
3 138 736 101
3 139 674 74
3 139 768 454
3 140 159 47
3 140 160 159
3 140 161 160
3 140 555 161
3 141 745 107
3 141 922 745
3 141 935 922
3 142 619 42
3 142 854 619
3 142 900 640
3 143 583 104
3 143 777 583
3 143 808 634
3 144 740 532
3 144 772 67
3 145 938 830
3 145 943 45
3 146 635 117
3 146 748 635
3 146 861 748
3 147 676 76
3 147 730 676
3 147 878 730
3 148 850 59
3 149 756 89
3 150 673 93
3 150 675 632
3 151 706 82
3 151 937 504
3 152 609 121
3 152 746 609
3 153 605 112
3 153 847 605
3 153 906 847
3 154 757 72
3 154 930 757
3 155 747 37
3 155 856 747
3 155 909 856
3 156 662 78
3 156 711 662
3 156 766 711
3 156 887 766
3 157 715 69
3 157 716 715
3 157 757 716
3 157 882 757
3 158 872 115
3 159 542 145
3 160 542 159
3 160 917 542
3 161 162 160
3 161 760 162
3 162 163 160
3 162 164 163
3 162 165 164
3 162 760 165
3 163 917 160
3 164 187 163
3 164 506 187
3 165 166 164
3 165 167 166
3 165 253 167
3 165 760 253
3 166 506 164
3 166 933 506
3 167 168 166
3 167 169 168
3 167 793 169
3 168 227 166
3 168 866 227
3 169 170 168
3 169 171 170
3 169 188 171
3 169 793 188
3 170 508 168
3 171 172 170
3 171 173 172
3 171 801 173
3 172 244 170
3 172 888 244
3 173 174 172
3 173 175 174
3 173 813 175
3 174 888 172
3 174 939 524
3 175 176 174
3 175 177 176
3 175 178 177
3 175 813 178
3 176 939 174
3 177 180 176
3 177 791 180
3 178 179 177
3 178 181 179
3 178 837 181
3 179 791 177
3 180 191 176
3 180 192 191
3 180 831 192
3 181 182 179
3 181 185 182
3 181 245 185
3 181 837 245
3 182 781 179
3 183 612 7
3 183 799 696
3 183 853 612
3 184 516 5
3 184 612 501
3 184 826 516
3 185 186 182
3 185 189 186
3 185 759 189
3 186 222 182
3 186 845 222
3 187 361 163
3 187 769 361
3 187 792 769
3 188 801 171
3 188 919 801
3 188 923 599
3 189 190 186
3 189 194 190
3 189 243 194
3 189 759 243
3 190 845 186
3 191 523 176
3 192 201 191
3 192 202 201
3 192 203 202
3 192 831 203
3 193 726 35
3 193 839 456
3 193 851 839
3 194 195 190
3 194 196 195
3 194 739 196
3 195 588 190
3 196 197 195
3 196 198 197
3 196 729 198
3 196 739 729
3 197 242 195
3 197 857 242
3 198 199 197
3 198 200 199
3 198 259 200
3 198 729 259
3 199 857 197
3 199 907 857
3 200 216 199
3 200 217 216
3 200 855 217
3 201 232 191
3 201 460 232
3 201 941 460
3 202 204 201
3 202 205 204
3 202 903 205
3 203 831 589
3 203 903 202
3 204 941 201
3 205 206 204
3 205 207 206
3 205 797 207
3 205 903 797
3 206 341 204
3 206 805 341
3 207 208 206
3 207 209 208
3 207 211 209
3 207 797 211
3 208 805 206
3 208 889 805
3 209 210 208
3 209 212 210
3 209 810 212
3 210 344 208
3 210 530 344
3 211 797 761
3 211 810 209
3 211 892 810
3 212 213 210
3 212 220 213
3 212 257 220
3 212 810 257
3 213 530 210
3 214 512 31
3 214 891 825
3 214 942 512
3 215 514 33
3 215 913 514
3 216 907 199
3 217 218 216
3 217 219 218
3 217 824 219
3 217 855 824
3 218 345 216
3 218 651 345
3 219 223 218
3 219 224 223
3 219 258 224
3 219 824 258
3 220 221 213
3 220 254 221
3 220 821 254
3 221 239 213
3 221 240 239
3 221 775 240
3 222 781 182
3 222 845 586
3 222 928 781
3 223 651 218
3 224 225 223
3 224 226 225
3 224 728 226
3 225 352 223
3 225 731 352
3 226 228 225
3 226 229 228
3 226 693 229
3 226 728 693
3 227 933 166
3 228 731 225
3 229 230 228
3 229 231 230
3 229 256 231
3 229 693 256
3 230 356 228
3 230 783 356
3 231 233 230
3 231 234 233
3 231 720 234
3 232 523 191
3 232 621 523
3 232 881 621
3 233 783 230
3 234 235 233
3 234 236 235
3 234 694 236
3 234 720 694
3 235 366 233
3 235 707 366
3 236 237 235
3 236 238 237
3 236 252 238
3 236 694 252
3 237 707 235
3 238 246 237
3 238 247 246
3 238 714 247
3 239 530 213
3 239 916 530
3 240 260 239
3 240 261 260
3 240 262 261
3 240 775 262
3 241 513 29
3 241 614 513
3 241 840 614
3 242 588 195
3 242 737 588
3 242 857 630
3 242 920 737
3 243 739 194
3 243 758 739
3 243 759 563
3 244 508 170
3 244 725 724
3 244 867 508
3 244 888 725
3 245 601 600
3 245 759 185
3 245 837 601
3 245 918 759
3 246 360 237
3 246 704 360
3 247 248 246
3 247 249 248
3 247 250 249
3 247 714 250
3 248 704 246
3 249 255 248
3 249 719 255
3 250 251 249
3 250 342 251
3 250 709 342
3 250 714 709
3 251 719 249
3 252 694 681
3 252 714 238
3 253 793 167
3 253 923 793
3 254 775 221
3 254 821 643
3 254 883 775
3 255 377 248
3 255 378 377
3 255 382 378
3 255 719 382
3 256 686 684
3 256 693 686
3 256 720 231
3 257 810 587
3 257 821 220
3 257 886 821
3 258 728 224
3 258 809 690
3 258 824 809
3 259 855 200
3 259 873 855
3 259 896 873
3 260 346 239
3 260 438 346
3 260 459 438
3 261 459 260
3 262 263 261
3 262 435 263
3 262 436 435
3 262 775 436
3 263 264 261
3 263 265 264
3 263 790 265
3 264 459 261
3 264 921 459
3 265 267 264
3 265 268 267
3 265 270 268
3 265 790 270
3 266 503 24
3 266 620 503
3 266 879 620
3 267 354 264
3 267 355 354
3 267 659 355
3 268 659 267
3 269 533 26
3 269 722 502
3 270 271 268
3 270 326 271
3 270 327 326
3 270 790 327
3 271 272 268
3 271 273 272
3 271 771 273
3 272 659 268
3 272 828 659
3 273 274 272
3 273 275 274
3 273 806 275
3 274 732 272
3 275 276 274
3 275 278 276
3 275 339 278
3 275 806 339
3 276 340 274
3 276 528 340
3 277 517 22
3 277 848 517
3 278 279 276
3 278 280 279
3 278 820 280
3 279 528 276
3 280 281 279
3 280 282 281
3 280 316 282
3 280 820 316
3 281 314 279
3 281 904 314
3 282 283 281
3 282 284 283
3 282 874 284
3 283 904 281
3 284 285 283
3 284 838 285
3 284 875 838
3 285 286 283
3 285 287 286
3 285 296 287
3 285 838 296
3 286 540 283
3 287 288 286
3 287 289 288
3 287 774 289
3 288 539 286
3 289 290 288
3 289 291 290
3 289 774 291
3 290 317 288
3 290 535 317
3 291 292 290
3 291 293 292
3 291 304 293
3 291 774 304
3 292 535 290
3 292 536 535
3 293 294 292
3 293 295 294
3 293 818 295
3 294 536 292
3 295 297 294
3 295 305 297
3 295 322 305
3 295 818 322
3 296 774 287
3 296 936 712
3 297 298 294
3 297 299 298
3 297 742 299
3 298 536 294
3 298 912 536
3 299 300 298
3 299 302 300
3 299 787 302
3 300 315 298
3 300 467 315
3 300 924 467
3 301 510 18
3 301 834 510
3 302 303 300
3 302 306 303
3 302 313 306
3 302 787 313
3 303 924 300
3 304 774 713
3 304 818 293
3 304 934 818
3 305 742 297
3 306 307 303
3 306 309 307
3 306 798 309
3 307 321 303
3 307 660 321
3 308 511 16
3 308 822 511
3 309 310 307
3 309 318 310
3 309 320 318
3 309 798 320
3 310 660 307
3 310 767 660
3 311 521 12
3 311 871 622
3 311 877 521
3 312 515 14
3 312 531 515
3 312 764 531
3 313 787 548
3 313 798 306
3 313 931 798
3 314 528 279
3 314 727 528
3 314 803 727
3 314 904 803
3 315 912 298
3 316 755 602
3 316 820 755
3 316 874 282
3 317 539 288
3 317 796 539
3 318 319 310
3 318 328 319
3 318 638 328
3 319 767 310
3 319 895 767
3 320 638 318
3 320 932 552
3 321 864 784
3 321 924 303
3 322 323 305
3 322 324 323
3 322 637 324
3 322 818 637
3 323 551 305
3 324 325 323
3 324 367 325
3 324 368 367
3 324 637 368
3 325 350 323
3 325 371 350
3 325 773 371
3 326 771 271
3 327 359 326
3 327 402 359
3 327 899 402
3 328 329 319
3 328 832 329
3 329 330 319
3 329 331 330
3 329 332 331
3 329 832 332
3 330 895 319
3 330 898 895
3 330 914 898
3 331 914 330
3 332 333 331
3 332 336 333
3 332 369 336
3 332 832 369
3 333 334 331
3 333 337 334
3 333 779 337
3 334 751 331
3 335 615 10
3 335 750 615
3 336 779 333
3 337 338 334
3 337 347 338
3 337 348 347
3 337 779 348
3 338 351 334
3 338 461 351
3 338 944 461
3 339 806 641
3 339 820 278
3 340 732 274
3 340 833 661
3 341 776 738
3 341 805 776
3 341 941 204
3 342 343 251
3 342 375 343
3 342 376 375
3 342 709 376
3 343 353 251
3 343 373 353
3 343 710 373
3 344 889 208
3 345 633 628
3 345 651 633
3 345 907 216
3 346 916 239
3 347 349 338
3 347 362 349
3 347 794 362
3 348 779 733
3 348 794 347
3 348 876 794
3 349 944 338
3 350 551 323
3 351 751 334
3 352 648 646
3 352 651 223
3 352 731 648
3 353 719 251
3 353 723 719
3 354 921 264
3 355 357 354
3 355 379 357
3 355 380 379
3 355 659 380
3 356 731 228
3 356 752 731
3 356 783 656
3 357 358 354
3 357 789 358
3 358 921 354
3 358 925 846
3 359 372 326
3 359 401 372
3 359 815 401
3 360 707 237
3 360 842 707
3 360 860 842
3 361 917 163
3 362 363 349
3 362 364 363
3 362 431 364
3 362 794 431
3 363 374 349
3 363 527 374
3 364 365 363
3 364 384 365
3 364 940 384
3 365 527 363
3 366 783 233
3 366 890 656
3 367 773 325
3 368 406 367
3 368 407 406
3 368 409 407
3 368 637 409
3 369 370 336
3 369 832 639
3 369 841 370
3 370 403 336
3 370 405 403
3 370 424 405
3 370 841 424
3 371 392 350
3 371 457 392
3 371 458 457
3 371 773 458
3 372 771 326
3 373 422 353
3 373 454 422
3 373 455 454
3 373 710 455
3 374 944 349
3 375 710 343
3 376 394 375
3 376 545 394
3 376 546 545
3 376 709 546
3 377 704 248
3 378 445 377
3 378 705 445
3 379 430 357
3 379 722 430
3 380 381 379
3 380 432 381
3 380 828 432
3 381 722 379
3 382 383 378
3 382 399 383
3 382 723 399
3 383 705 378
3 384 385 365
3 384 541 385
3 384 862 541
3 384 940 862
3 385 386 365
3 385 387 386
3 385 795 387
3 386 527 365
3 386 926 527
3 387 388 386
3 387 389 388
3 387 390 389
3 387 795 390
3 388 400 386
3 388 444 400
3 388 696 444
3 389 696 388
3 390 391 389
3 390 395 391
3 390 447 395
3 390 795 447
3 391 608 389
3 392 393 350
3 392 525 393
3 392 811 525
3 393 551 350
3 394 532 375
3 394 772 532
3 395 396 391
3 395 724 396
3 395 867 724
3 396 397 391
3 396 398 397
3 396 863 398
3 397 608 391
3 398 417 397
3 398 418 417
3 398 419 418
3 398 863 419
3 399 404 383
3 399 730 404
3 399 868 730
3 400 926 386
3 401 534 372
3 401 815 745
3 401 922 534
3 402 815 359
3 402 899 537
3 403 779 336
3 404 504 383
3 404 711 504
3 404 878 711
3 405 434 403
3 405 830 434
3 406 408 367
3 406 814 408
3 407 734 406
3 408 773 367
3 408 927 746
3 409 410 407
3 409 411 410
3 409 713 411
3 409 934 713
3 410 437 407
3 410 778 437
3 411 412 410
3 411 413 412
3 411 712 413
3 411 713 712
3 412 778 410
3 413 414 412
3 413 415 414
3 413 657 415
3 413 936 657
3 414 416 412
3 414 749 416
3 415 423 414
3 415 518 423
3 415 519 518
3 415 657 519
3 416 749 636
3 416 778 412
3 417 501 397
3 417 826 501
3 418 420 417
3 418 421 420
3 418 753 421
3 419 753 418
3 419 843 753
3 419 863 725
3 420 826 417
3 420 851 826
3 421 425 420
3 421 426 425
3 421 443 426
3 421 753 443
3 422 723 353
3 422 868 723
3 423 749 414
3 423 847 749
3 423 902 847
3 424 597 405
3 424 812 597
3 424 900 812
3 425 851 420
3 426 427 425
3 426 428 427
3 426 765 428
3 427 839 425
3 428 429 427
3 428 738 429
3 428 852 738
3 429 456 427
3 429 743 456
3 429 901 743
3 430 616 513
3 430 722 616
3 430 789 357
3 431 794 769
3 431 940 364
3 432 433 381
3 432 661 433
3 432 732 661
3 432 828 732
3 433 502 381
3 433 509 502
3 433 592 509
3 433 661 592
3 434 733 403
3 434 865 733
3 434 938 865
3 435 790 263
3 435 899 790
3 436 537 435
3 436 538 537
3 436 883 538
3 437 734 407
3 437 861 604
3 438 439 346
3 438 442 439
3 438 846 442
3 439 440 346
3 439 441 440
3 439 617 441
3 440 916 346
3 441 448 440
3 441 449 448
3 441 825 449
3 442 617 439
3 442 840 617
3 442 925 614
3 443 753 621
3 443 765 426
3 443 881 765
3 444 750 400
3 444 799 615
3 445 446 377
3 445 911 446
3 445 937 911
3 446 704 377
3 446 860 704
3 446 884 699
3 446 911 884
3 447 867 395
3 447 905 866
3 448 859 440
3 448 869 859
3 449 450 448
3 449 451 450
3 449 891 451
3 450 869 448
3 451 452 450
3 451 743 452
3 451 913 743
3 452 453 450
3 452 776 453
3 452 901 776
3 453 869 450
3 453 889 869
3 454 674 139
3 454 768 422
3 454 835 674
3 455 740 716
3 455 835 454
3 455 930 835
3 456 726 193
3 456 839 427
3 456 913 726
3 457 811 392
3 457 909 811
3 458 746 717
3 458 773 746
3 458 856 457
3 459 846 438
3 459 921 846
3 460 852 765
3 460 881 232
3 460 941 852
3 461 462 351
3 461 466 462
3 461 944 466
3 462 463 351
3 462 464 463
3 462 622 464
3 463 751 351
3 464 465 463
3 464 531 465
3 464 871 531
3 465 507 463
3 465 827 507
3 466 622 462
3 466 877 622
3 466 894 877
3 466 944 894
3 467 468 315
3 467 741 468
3 467 784 741
3 467 924 784
3 468 469 315
3 468 470 469
3 468 471 470
3 468 741 471
3 469 912 315
3 470 763 469
3 471 472 470
3 471 485 472
3 471 486 485
3 471 741 486
3 472 473 470
3 472 474 473
3 472 606 474
3 473 763 470
3 474 475 473
3 474 596 475
3 474 658 596
3 475 476 473
3 475 477 476
3 475 478 477
3 475 596 478
3 476 763 473
3 476 858 763
3 477 642 476
3 477 796 642
3 478 479 477
3 478 480 479
3 478 484 480
3 478 596 484
3 479 796 477
3 480 481 479
3 480 482 481
3 480 595 482
3 481 483 479
3 481 802 483
3 482 489 481
3 482 490 489
3 482 491 490
3 482 595 491
3 483 796 479
3 483 880 539
3 484 595 480
3 484 848 595
3 485 606 472
3 485 834 606
3 486 487 485
3 486 488 487
3 486 494 488
3 486 741 494
3 487 721 510
3 487 834 485
3 488 721 487
3 489 802 481
3 489 803 802
3 490 727 489
3 491 492 490
3 491 620 492
3 491 788 620
3 492 493 490
3 492 592 493
3 492 620 509
3 493 727 490
3 493 833 528
3 494 495 488
3 494 864 495
3 495 496 488
3 495 497 496
3 495 829 497
3 495 864 829
3 496 721 488
3 496 822 721
3 497 498 496
3 497 499 498
3 497 500 499
3 497 829 500
3 498 822 496
3 499 644 498
3 499 827 644
3 500 505 499
3 500 767 505
3 500 829 660
3 501 608 397
3 501 826 184
3 501 853 608
3 502 533 269
3 502 722 381
3 502 879 533
3 503 788 277
3 504 705 383
3 504 706 151
3 504 711 706
3 504 937 705
3 505 827 499
3 505 898 827
3 506 792 187
3 506 862 792
3 506 933 862
3 507 751 463
3 507 914 751
3 508 866 168
3 508 867 866
3 509 592 492
3 509 879 502
3 510 721 308
3 510 834 487
3 511 764 312
3 511 822 764
3 512 840 241
3 512 942 840
3 513 616 28
3 513 789 430
3 514 891 214
3 514 913 891
3 515 871 311
3 516 851 193
3 517 817 124
3 517 848 817
3 518 902 423
3 518 929 902
3 519 520 518
3 519 602 520
3 519 875 602
3 520 602 593
3 520 929 518
3 521 522 335
3 521 877 522
3 522 750 335
3 522 785 750
3 522 894 785
3 523 621 524
3 523 939 176
3 524 843 725
3 524 888 174
3 524 939 523
3 525 526 393
3 525 610 526
3 525 811 130
3 526 548 393
3 526 549 548
3 526 550 549
3 526 610 550
3 527 785 374
3 527 926 785
3 528 727 493
3 528 833 340
3 529 658 606
3 529 834 301
3 530 859 344
3 530 916 859
3 531 644 465
3 531 764 644
3 531 871 515
3 532 710 375
3 532 740 710
3 532 772 144
3 533 879 266
3 534 641 372
3 534 893 641
3 534 935 893
3 535 642 317
3 535 858 642
3 536 844 535
3 536 912 844
3 537 634 402
3 537 899 435
3 538 634 537
3 538 777 634
3 538 883 643
3 539 540 286
3 539 796 483
3 539 880 540
3 540 880 802
3 540 904 283
3 541 795 385
3 541 905 795
3 541 933 905
3 542 917 865
3 542 938 145
3 543 544 109
3 543 593 544
3 543 929 593
3 544 935 141
3 545 613 394
3 545 677 136
3 546 677 545
3 546 678 677
3 546 695 678
3 546 709 695
3 547 610 130
3 547 908 610
3 548 551 393
3 548 787 551
3 548 931 313
3 549 931 548
3 549 932 931
3 550 552 549
3 550 553 552
3 550 908 553
3 551 742 305
3 551 787 742
3 552 638 320
3 552 932 549
3 553 554 552
3 553 854 554
3 553 908 619
3 554 638 552
3 554 639 638
3 554 640 639
3 554 854 640
3 555 556 161
3 555 557 556
3 556 760 161
3 556 897 760
3 557 558 556
3 558 897 556
3 559 560 558
3 559 561 560
3 559 562 561
3 559 915 562
3 560 598 558
3 560 599 598
3 560 600 599
3 561 600 560
3 561 918 600
3 562 563 561
3 562 564 563
3 562 565 564
3 562 915 565
3 563 758 243
3 563 759 561
3 564 758 563
3 564 910 758
3 565 669 564
3 565 816 669
3 565 915 800
3 566 567 138
3 566 582 567
3 566 583 582
3 567 568 138
3 567 569 568
3 567 585 569
3 568 736 138
3 569 570 568
3 569 584 570
3 569 587 584
3 569 886 587
3 570 571 568
3 570 572 571
3 570 573 572
3 570 584 573
3 571 736 568
3 571 849 607
3 572 849 571
3 573 574 572
3 573 575 574
3 573 579 575
3 573 584 579
3 574 576 572
3 574 577 576
3 574 618 577
3 575 618 574
3 576 849 572
3 577 578 576
3 577 580 578
3 577 586 580
3 577 618 586
3 578 782 576
3 579 589 575
3 579 762 589
3 580 581 578
3 580 737 581
3 581 735 578
3 581 737 629
3 582 585 567
3 582 643 585
3 582 777 643
3 583 777 582
3 584 761 579
3 584 892 761
3 585 886 569
3 586 588 580
3 586 845 588
3 586 928 222
3 587 886 257
3 587 892 584
3 588 737 580
3 588 845 190
3 589 590 575
3 589 591 590
3 589 762 203
3 589 831 591
3 590 618 575
3 590 928 618
3 591 781 590
3 591 791 781
3 591 831 791
3 592 833 493
3 593 594 544
3 593 755 594
3 593 929 520
3 594 935 544
3 595 788 491
3 595 848 788
3 596 817 484
3 597 812 44
3 597 830 405
3 597 943 830
3 598 897 558
3 598 923 897
3 599 919 188
3 599 923 598
3 600 601 599
3 600 918 245
3 601 813 801
3 601 837 813
3 601 919 599
3 602 755 593
3 602 874 316
3 602 875 874
3 603 909 155
3 604 734 437
3 604 861 146
3 605 902 132
3 606 658 474
3 606 834 529
3 607 736 571
3 607 782 125
3 607 849 782
3 608 696 389
3 608 853 696
3 609 927 133
3 610 908 550
3 611 808 143
3 611 815 808
3 612 853 501
3 613 772 394
3 614 789 513
3 614 840 442
3 614 925 789
3 615 750 444
3 615 799 9
3 616 722 269
3 617 825 441
3 617 942 825
3 618 928 586
3 619 854 553
3 619 908 547
3 620 788 503
3 620 879 509
3 621 843 524
3 621 881 443
3 622 871 464
3 622 877 311
3 623 624 97
3 623 631 624
3 623 735 631
3 624 625 135
3 624 631 625
3 625 626 135
3 625 627 626
3 625 629 627
3 625 631 629
3 626 675 135
3 627 628 626
3 627 652 628
3 628 632 626
3 628 633 632
3 628 652 345
3 629 630 627
3 629 631 581
3 629 920 630
3 630 652 627
3 630 857 652
3 630 920 242
3 631 735 581
3 632 645 150
3 632 675 626
3 633 645 632
3 633 646 645
3 633 651 646
3 634 777 143
3 634 808 402
3 635 636 158
3 635 748 636
3 636 748 416
3 636 754 158
3 636 906 754
3 637 934 409
3 638 639 328
3 639 832 328
3 639 841 369
3 640 841 639
3 640 854 142
3 640 900 841
3 641 771 372
3 641 806 771
3 641 807 339
3 641 893 807
3 642 796 317
3 642 858 476
3 643 777 538
3 643 821 585
3 643 883 254
3 644 764 498
3 644 827 465
3 645 673 150
3 646 647 645
3 646 648 647
3 646 651 352
3 647 649 134
3 647 673 645
3 648 649 647
3 648 752 649
3 649 653 134
3 649 654 653
3 649 752 654
3 650 717 152
3 650 747 717
3 650 870 747
3 652 907 345
3 653 654 149
3 654 655 149
3 654 656 655
3 654 752 656
3 655 756 149
3 655 823 756
3 655 890 823
3 656 752 356
3 656 783 366
3 656 890 655
3 657 875 519
3 657 936 838
3 658 817 596
3 659 828 380
3 660 767 500
3 660 829 321
3 661 732 340
3 661 833 592
3 662 878 147
3 663 664 131
3 663 665 664
3 663 718 665
3 664 669 131
3 665 666 664
3 665 667 666
3 665 670 667
3 665 718 670
3 666 668 664
3 666 896 668
3 667 873 666
3 668 669 664
3 668 896 885
3 668 910 669
3 669 816 131
3 669 910 564
3 670 671 667
3 670 718 127
3 670 804 671
3 671 672 667
3 671 804 691
3 671 809 672
3 672 873 667
3 674 835 154
3 676 768 139
3 677 744 136
3 678 679 677
3 678 680 679
3 678 681 680
3 678 695 681
3 679 744 677
3 679 770 701
3 680 770 679
3 681 682 680
3 681 694 682
3 681 695 252
3 682 683 680
3 682 684 683
3 682 720 684
3 683 770 680
3 683 786 770
3 684 685 683
3 684 686 685
3 684 720 256
3 685 786 683
3 685 819 786
3 686 687 685
3 686 688 687
3 686 693 688
3 687 819 685
3 687 836 819
3 688 689 687
3 688 690 689
3 688 728 690
3 689 836 687
3 690 691 689
3 690 728 258
3 690 809 691
3 691 692 689
3 691 804 692
3 691 809 671
3 692 804 780
3 692 836 689
3 692 850 836
3 693 728 688
3 694 720 682
3 695 714 252
3 696 799 444
3 696 853 183
3 697 703 86
3 698 699 697
3 698 823 708
3 698 842 699
3 699 703 697
3 699 860 446
3 699 884 703
3 700 819 148
3 701 744 679
3 701 770 128
3 702 937 151
3 703 884 129
3 704 860 360
3 705 937 445
3 706 766 81
3 707 708 366
3 707 842 708
3 708 842 698
3 708 890 366
3 709 714 695
3 710 740 455
3 711 766 706
3 711 878 662
3 712 774 296
3 712 936 413
3 713 774 712
3 713 934 304
3 715 740 144
3 716 740 715
3 716 930 455
3 717 746 152
3 717 856 458
3 719 723 382
3 721 822 308
3 723 868 399
3 724 863 396
3 724 867 244
3 725 843 419
3 725 863 724
3 725 888 524
3 726 913 215
3 727 803 489
3 729 896 259
3 730 768 676
3 730 868 768
3 730 878 404
3 731 752 648
3 732 828 272
3 733 779 403
3 733 876 348
3 734 814 406
3 735 782 578
3 737 920 629
3 738 852 341
3 738 901 429
3 739 885 729
3 741 784 494
3 742 787 299
3 743 901 452
3 743 913 456
3 745 815 611
3 745 922 401
3 746 773 408
3 746 927 609
3 747 856 717
3 747 870 36
3 748 778 416
3 748 861 778
3 749 906 636
3 750 926 400
3 751 914 331
3 753 843 621
3 754 872 158
3 754 906 153
3 755 807 594
3 755 820 807
3 756 823 137
3 757 882 71
3 757 930 716
3 758 885 739
3 758 910 885
3 759 918 561
3 760 897 253
3 761 762 579
3 761 797 762
3 761 892 211
3 762 903 203
3 763 844 469
3 763 858 844
3 764 822 498
3 765 852 428
3 765 881 460
3 766 887 80
3 767 895 505
3 768 868 422
3 769 792 431
3 769 865 361
3 769 876 865
3 770 786 128
3 771 806 273
3 775 883 436
3 776 805 453
3 776 901 738
3 778 861 437
3 780 804 127
3 780 850 692
3 781 791 179
3 781 928 590
3 782 849 576
3 784 864 494
3 784 924 321
3 785 894 374
3 785 926 750
3 786 819 700
3 788 848 277
3 789 925 358
3 790 899 327
3 791 831 180
3 792 940 431
3 793 923 188
3 794 876 769
3 795 905 447
3 797 903 762
3 798 932 320
3 800 816 565
3 800 915 126
3 801 813 173
3 801 919 601
3 802 803 540
3 802 880 483
3 803 904 540
3 805 889 453
3 807 820 339
3 807 893 594
3 808 815 402
3 809 824 672
3 810 892 587
3 811 909 603
3 812 900 142
3 813 837 178
3 814 927 408
3 817 848 484
3 818 934 637
3 819 836 148
3 821 886 585
3 823 890 708
3 824 855 672
3 825 891 449
3 825 942 214
3 826 851 516
3 827 898 507
3 829 864 321
3 830 938 434
3 830 943 145
3 835 930 154
3 836 850 148
3 838 875 657
3 838 936 296
3 839 851 425
3 840 942 617
3 841 900 424
3 842 860 699
3 844 858 535
3 844 912 469
3 846 921 358
3 846 925 442
3 847 902 605
3 847 906 749
3 852 941 341
3 855 873 672
3 856 909 457
3 857 907 652
3 859 869 344
3 859 916 440
3 862 933 541
3 862 940 792
3 865 876 733
3 865 917 361
3 865 938 542
3 866 867 447
3 866 905 227
3 869 889 344
3 873 896 666
3 874 875 284
3 877 894 522
3 884 911 129
3 885 896 729
3 885 910 668
3 891 913 451
3 893 935 594
3 894 944 374
3 895 898 505
3 897 923 253
3 898 914 507
3 902 929 132
3 905 933 227
3 911 937 702
3 922 935 534
3 931 932 798

CELL_TYPES 1766
5
5
5
5
5
5
5
5
5
5
5
5
5
5
5
5
5
5
5
5
5
5
5
5
5
5
5
5
5
5
5
5
5
5
5
5
5
5
5
5
5
5
5
5
5
5
5
5
5
5
5
5
5
5
5
5
5
5
5
5
5
5
5
5
5
5
5
5
5
5
5
5
5
5
5
5
5
5
5
5
5
5
5
5
5
5
5
5
5
5
5
5
5
5
5
5
5
5
5
5
5
5
5
5
5
5
5
5
5
5
5
5
5
5
5
5
5
5
5
5
5
5
5
5
5
5
5
5
5
5
5
5
5
5
5
5
5
5
5
5
5
5
5
5
5
5
5
5
5
5
5
5
5
5
5
5
5
5
5
5
5
5
5
5
5
5
5
5
5
5
5
5
5
5
5
5
5
5
5
5
5
5
5
5
5
5
5
5
5
5
5
5
5
5
5
5
5
5
5
5
5
5
5
5
5
5
5
5
5
5
5
5
5
5
5
5
5
5
5
5
5
5
5
5
5
5
5
5
5
5
5
5
5
5
5
5
5
5
5
5
5
5
5
5
5
5
5
5
5
5
5
5
5
5
5
5
5
5
5
5
5
5
5
5
5
5
5
5
5
5
5
5
5
5
5
5
5
5
5
5
5
5
5
5
5
5
5
5
5
5
5
5
5
5
5
5
5
5
5
5
5
5
5
5
5
5
5
5
5
5
5
5
5
5
5
5
5
5
5
5
5
5
5
5
5
5
5
5
5
5
5
5
5
5
5
5
5
5
5
5
5
5
5
5
5
5
5
5
5
5
5
5
5
5
5
5
5
5
5
5
5
5
5
5
5
5
5
5
5
5
5
5
5
5
5
5
5
5
5
5
5
5
5
5
5
5
5
5
5
5
5
5
5
5
5
5
5
5
5
5
5
5
5
5
5
5
5
5
5
5
5
5
5
5
5
5
5
5
5
5
5
5
5
5
5
5
5
5
5
5
5
5
5
5
5
5
5
5
5
5
5
5
5
5
5
5
5
5
5
5
5
5
5
5
5
5
5
5
5
5
5
5
5
5
5
5
5
5
5
5
5
5
5
5
5
5
5
5
5
5
5
5
5
5
5
5
5
5
5
5
5
5
5
5
5
5
5
5
5
5
5
5
5
5
5
5
5
5
5
5
5
5
5
5
5
5
5
5
5
5
5
5
5
5
5
5
5
5
5
5
5
5
5
5
5
5
5
5
5
5
5
5
5
5
5
5
5
5
5
5
5
5
5
5
5
5
5
5
5
5
5
5
5
5
5
5
5
5
5
5
5
5
5
5
5
5
5
5
5
5
5
5
5
5
5
5
5
5
5
5
5
5
5
5
5
5
5
5
5
5
5
5
5
5
5
5
5
5
5
5
5
5
5
5
5
5
5
5
5
5
5
5
5
5
5
5
5
5
5
5
5
5
5
5
5
5
5
5
5
5
5
5
5
5
5
5
5
5
5
5
5
5
5
5
5
5
5
5
5
5
5
5
5
5
5
5
5
5
5
5
5
5
5
5
5
5
5
5
5
5
5
5
5
5
5
5
5
5
5
5
5
5
5
5
5
5
5
5
5
5
5
5
5
5
5
5
5
5
5
5
5
5
5
5
5
5
5
5
5
5
5
5
5
5
5
5
5
5
5
5
5
5
5
5
5
5
5
5
5
5
5
5
5
5
5
5
5
5
5
5
5
5
5
5
5
5
5
5
5
5
5
5
5
5
5
5
5
5
5
5
5
5
5
5
5
5
5
5
5
5
5
5
5
5
5
5
5
5
5
5
5
5
5
5
5
5
5
5
5
5
5
5
5
5
5
5
5
5
5
5
5
5
5
5
5
5
5
5
5
5
5
5
5
5
5
5
5
5
5
5
5
5
5
5
5
5
5
5
5
5
5
5
5
5
5
5
5
5
5
5
5
5
5
5
5
5
5
5
5
5
5
5
5
5
5
5
5
5
5
5
5
5
5
5
5
5
5
5
5
5
5
5
5
5
5
5
5
5
5
5
5
5
5
5
5
5
5
5
5
5
5
5
5
5
5
5
5
5
5
5
5
5
5
5
5
5
5
5
5
5
5
5
5
5
5
5
5
5
5
5
5
5
5
5
5
5
5
5
5
5
5
5
5
5
5
5
5
5
5
5
5
5
5
5
5
5
5
5
5
5
5
5
5
5
5
5
5
5
5
5
5
5
5
5
5
5
5
5
5
5
5
5
5
5
5
5
5
5
5
5
5
5
5
5
5
5
5
5
5
5
5
5
5
5
5
5
5
5
5
5
5
5
5
5
5
5
5
5
5
5
5
5
5
5
5
5
5
5
5
5
5
5
5
5
5
5
5
5
5
5
5
5
5
5
5
5
5
5
5
5
5
5
5
5
5
5
5
5
5
5
5
5
5
5
5
5
5
5
5
5
5
5
5
5
5
5
5
5
5
5
5
5
5
5
5
5
5
5
5
5
5
5
5
5
5
5
5
5
5
5
5
5
5
5
5
5
5
5
5
5
5
5
5
5
5
5
5
5
5
5
5
5
5
5
5
5
5
5
5
5
5
5
5
5
5
5
5
5
5
5
5
5
5
5
5
5
5
5
5
5
5
5
5
5
5
5
5
5
5
5
5
5
5
5
5
5
5
5
5
5
5
5
5
5
5
5
5
5
5
5
5
5
5
5
5
5
5
5
5
5
5
5
5
5
5
5
5
5
5
5
5
5
5
5
5
5
5
5
5
5
5
5
5
5
5
5
5
5
5
5
5
5
5
5
5
5
5
5
5
5
5
5
5
5
5
5
5
5
5
5
5
5
5
5
5
5
5
5
5
5
5
5
5
5
5
5
5
5
5
5
5
5
5
5
5
5
5
5
5
5
5
5
5
5
5
5
5
5
5
5
5
5
5
5
5
5
5
5
5
5
5
5
5
5
5
5
5
5
5
5
5
5
5
5
5
5
5
5
5
5
5
5
5
5
5
5
5
5
5
5
5
5
5
5
5
5
5
5
5
5
5
5
5
5
5
5
5
5
5
5
5
5
5
5
5
5
5
5
5
5
5
5
5
5
5
5
5
5
5
5
5
5
5
5
5
5
5
5
5
5
5
5
5
5
5
5
5
5
5
5
5
5
5
5
5
5
5
5
5
5
5
5
5
5
5
5
5
5
5
5
5
5
5
5
5
5
5
5
5
5
5
5
5
5
5
5
5
5
5
5
5
5
5
5
5
5
5
5
5
5
5
5
5
5
5
5
5
5
5
5
5
5
5
5
5
5
5
5
5
5
5
5
5
5
5
5
5
5
5
5
5
5
5
5
5
5
5
5
5
5
5
5
5
5
5
5
5
5
5
5
5
5
5
5
5
5
5
5
5
5
5
5
5
5
5
5
5
5
5
5
5
5
5
5
5
5
5
5
5
5
5
5
5
5
5
5
5
5
5
5
5
5
5
5
5
5
5
5
5
5
5
5
5
5
5
5
5
5
5
5
5
5
5
5
5
5
5
5
5
5
5
5
5
5
5
5
5
5
5
5
5
5
5
5
5
5
5
5
5
5
5
5
5
5
5
5
5
5
5
5
5
5
5
5
5
5
5
5
5
5
5
5
5
5
5
5
5
5
5
5
5
5
5
5
5
5
5
5
5
5
5
5
5
5
5
5
5
5
5
5
5
5
5
5
5
5
5
5
5
5
5
5
5
5
5
5
5
5
5
5
5
5
5
5
5
5
5
5
5
5
5
5
5
5
5
5
5
5
5
5
5
5
5
5
5
5
5
5
5
5
5
5
5
5
5
5
5
5
5
5
5
5
5
5
5
5
5
5
5
5
5
5
5
5
5
5
5
5
5
5
5
5
5
5
5
5
5
5
5
5
5
5
5
5
5
5
5
5
5
5
5
5
5
5
5
5
5
5
5
5
5
5
5
5
5
5
5
5
5
5
5
5
5
5
5
5
5
5
5
5
5
5
5
5
5
5
5
5
5
5
5
5
5
5
5
5
POINT_DATA 945
FIELD FieldData 2
VELOCITY 3 945  float
1.0000000e-01 0.0000000e+00 0.0000000e+00 
1.0000032e-01 0.0000000e+00 0.0000000e+00 
1.0000008e-01 0.0000000e+00 0.0000000e+00 
1.0000000e-01 0.0000000e+00 0.0000000e+00 
0.0000000e+00 0.0000000e+00 0.0000000e+00 
0.0000000e+00 0.0000000e+00 0.0000000e+00 
0.0000000e+00 0.0000000e+00 0.0000000e+00 
0.0000000e+00 0.0000000e+00 0.0000000e+00 
0.0000000e+00 0.0000000e+00 0.0000000e+00 
0.0000000e+00 0.0000000e+00 0.0000000e+00 
0.0000000e+00 0.0000000e+00 0.0000000e+00 
0.0000000e+00 0.0000000e+00 0.0000000e+00 
0.0000000e+00 0.0000000e+00 0.0000000e+00 
0.0000000e+00 0.0000000e+00 0.0000000e+00 
0.0000000e+00 0.0000000e+00 0.0000000e+00 
0.0000000e+00 0.0000000e+00 0.0000000e+00 
0.0000000e+00 0.0000000e+00 0.0000000e+00 
0.0000000e+00 0.0000000e+00 0.0000000e+00 
0.0000000e+00 0.0000000e+00 0.0000000e+00 
0.0000000e+00 0.0000000e+00 0.0000000e+00 
0.0000000e+00 0.0000000e+00 0.0000000e+00 
0.0000000e+00 0.0000000e+00 0.0000000e+00 
0.0000000e+00 0.0000000e+00 0.0000000e+00 
0.0000000e+00 0.0000000e+00 0.0000000e+00 
0.0000000e+00 0.0000000e+00 0.0000000e+00 
0.0000000e+00 0.0000000e+00 0.0000000e+00 
0.0000000e+00 0.0000000e+00 0.0000000e+00 
0.0000000e+00 0.0000000e+00 0.0000000e+00 
0.0000000e+00 0.0000000e+00 0.0000000e+00 
0.0000000e+00 0.0000000e+00 0.0000000e+00 
0.0000000e+00 0.0000000e+00 0.0000000e+00 
0.0000000e+00 0.0000000e+00 0.0000000e+00 
0.0000000e+00 0.0000000e+00 0.0000000e+00 
0.0000000e+00 0.0000000e+00 0.0000000e+00 
0.0000000e+00 0.0000000e+00 0.0000000e+00 
0.0000000e+00 0.0000000e+00 0.0000000e+00 
1.0017893e-01 -6.0584518e-28 0.0000000e+00 
1.0074393e-01 -1.2924697e-26 0.0000000e+00 
1.0188568e-01 -1.2924697e-26 0.0000000e+00 
1.0387570e-01 -1.2924697e-26 0.0000000e+00 
1.0691462e-01 5.6868667e-25 0.0000000e+00 
1.1095833e-01 5.6868667e-25 0.0000000e+00 
1.1593302e-01 5.6868667e-25 0.0000000e+00 
1.2126967e-01 4.1359031e-25 0.0000000e+00 
1.2635612e-01 7.2378304e-25 0.0000000e+00 
1.3023293e-01 4.1359031e-25 0.0000000e+00 
1.3235928e-01 0.0000000e+00 0.0000000e+00 
1.3237587e-01 0.0000000e+00 0.0000000e+00 
1.3024245e-01 0.0000000e+00 0.0000000e+00 
1.2608336e-01 -8.2718061e-25 0.0000000e+00 
1.2027029e-01 -8.2718061e-25 0.0000000e+00 
1.1423927e-01 -8.2718061e-25 0.0000000e+00 
1.0924722e-01 1.6543612e-24 0.0000000e+00 
1.0564394e-01 1.6543612e-24 0.0000000e+00 
1.0324830e-01 1.6543612e-24 0.0000000e+00 
1.0183559e-01 -1.0339758e-25 0.0000000e+00 
1.0103006e-01 -1.0339758e-25 0.0000000e+00 
1.0057983e-01 -1.0339758e-25 0.0000000e+00 
1.0032357e-01 1.5509636e-25 0.0000000e+00 
1.0018172e-01 1.5509636e-25 0.0000000e+00 
1.0010386e-01 1.5509636e-25 0.0000000e+00 
1.0005853e-01 -2.5849394e-26 0.0000000e+00 
1.0003315e-01 -2.5849394e-26 0.0000000e+00 
1.0001869e-01 -2.5849394e-26 0.0000000e+00 
1.0001054e-01 -3.2311743e-27 0.0000000e+00 
1.0000598e-01 -3.2311743e-27 0.0000000e+00 
1.0000344e-01 -3.2311743e-27 0.0000000e+00 
1.0000199e-01 -3.5972057e-27 0.0000000e+00 
1.0000118e-01 -3.5972057e-27 0.0000000e+00 
1.0000072e-01 -3.5972057e-27 0.0000000e+00 
1.0000046e-01 4.4428646e-27 0.0000000e+00 
1.0000026e-01 1.2750749e-07 0.0000000e+00 
1.0000016e-01 2.0536432e-07 0.0000000e+00 
1.0000001e-01 2.2362276e-07 0.0000000e+00 
9.9999897e-02 1.7477718e-07 0.0000000e+00 
9.9999823e-02 7.2125452e-08 0.0000000e+00 
9.9999800e-02 -3.7967531e-08 0.0000000e+00 
9.9999867e-02 -1.2427358e-07 0.0000000e+00 
9.9999957e-02 -1.2596323e-07 0.0000000e+00 
1.0000002e-01 -8.6140822e-08 0.0000000e+00 
1.0000017e-01 1.6155871e-27 0.0000000e+00 
1.0000037e-01 -1.2116904e-27 0.0000000e+00 
1.0000075e-01 -1.2116904e-27 0.0000000e+00 
1.0000147e-01 -1.2116904e-27 0.0000000e+00 
1.0000283e-01 1.7165613e-27 0.0000000e+00 
1.0000511e-01 1.7165613e-27 0.0000000e+00 
1.0000945e-01 1.7165613e-27 0.0000000e+00 
1.0001737e-01 -2.5849394e-26 0.0000000e+00 
1.0003097e-01 -2.5849394e-26 0.0000000e+00 
1.0005504e-01 -2.5849394e-26 0.0000000e+00 
1.0009854e-01 0.0000000e+00 0.0000000e+00 
1.0017803e-01 0.0000000e+00 0.0000000e+00 
1.0031998e-01 0.0000000e+00 0.0000000e+00 
1.0057393e-01 2.0679515e-25 0.0000000e+00 
1.0102572e-01 2.0679515e-25 0.0000000e+00 
1.0182200e-01 2.0679515e-25 0.0000000e+00 
1.0321447e-01 0.0000000e+00 0.0000000e+00 
1.0557266e-01 0.0000000e+00 0.0000000e+00 
1.0917752e-01 0.0000000e+00 0.0000000e+00 
1.1424554e-01 -1.4475661e-24 0.0000000e+00 
1.2036709e-01 -1.4475661e-24 0.0000000e+00 
1.2607294e-01 -1.4475661e-24 0.0000000e+00 
1.3030791e-01 3.3087225e-24 0.0000000e+00 
1.3258478e-01 3.3087225e-24 0.0000000e+00 
1.3251719e-01 3.3087225e-24 0.0000000e+00 
1.3024469e-01 5.1698788e-26 0.0000000e+00 
1.2628637e-01 5.1698788e-26 0.0000000e+00 
1.2127370e-01 5.1698788e-26 0.0000000e+00 
1.1597132e-01 -3.1019273e-25 0.0000000e+00 
1.1097232e-01 -3.1019273e-25 0.0000000e+00 
1.0688848e-01 -3.1019273e-25 0.0000000e+00 
1.0381518e-01 0.0000000e+00 0.0000000e+00 
1.0182308e-01 0.0000000e+00 0.0000000e+00 
1.0070969e-01 0.0000000e+00 0.0000000e+00 
1.0015412e-01 -1.6155871e-26 0.0000000e+00 
1.0000000e-01 0.0000000e+00 0.0000000e+00 
1.0000000e-01 0.0000000e+00 0.0000000e+00 
1.0000000e-01 0.0000000e+00 0.0000000e+00 
1.0000000e-01 0.0000000e+00 0.0000000e+00 
1.0000000e-01 0.0000000e+00 0.0000000e+00 
1.0000000e-01 0.0000000e+00 0.0000000e+00 
1.0000000e-01 0.0000000e+00 0.0000000e+00 
1.0000000e-01 0.0000000e+00 0.0000000e+00 
1.0000000e-01 0.0000000e+00 0.0000000e+00 
1.0367391e-02 8.6532226e-03 0.0000000e+00 
1.1103991e-01 -4.0952605e-03 0.0000000e+00 
1.1716015e-01 5.4276409e-03 0.0000000e+00 
1.0068078e-01 3.7160685e-04 0.0000000e+00 
1.0003732e-01 2.0364516e-05 0.0000000e+00 
1.0000329e-01 -1.8394118e-06 0.0000000e+00 
1.0456704e-01 -2.8336372e-03 0.0000000e+00 
1.0378882e-01 1.9788654e-03 0.0000000e+00 
1.0481866e-01 2.4097867e-03 0.0000000e+00 
9.9875420e-02 -1.8053519e-04 0.0000000e+00 
1.0020600e-01 -1.1925787e-04 0.0000000e+00 
1.0216019e-01 -1.1626472e-03 0.0000000e+00 
1.0000655e-01 3.8399635e-06 0.0000000e+00 
1.0002027e-01 -1.0786195e-05 0.0000000e+00 
1.2898242e-01 -3.4803736e-03 0.0000000e+00 
9.9999756e-02 1.7851173e-07 0.0000000e+00 
1.3232473e-01 1.7881012e-03 0.0000000e+00 
1.1875788e-01 3.8810982e-03 0.0000000e+00 
1.1868867e-01 -4.7090277e-03 0.0000000e+00 
1.3256527e-01 2.0728461e-03 0.0000000e+00 
1.0000125e-01 7.4992840e-07 0.0000000e+00 
1.3243014e-01 -1.8222249e-03 0.0000000e+00 
9.9946909e-02 3.8485148e-04 0.0000000e+00 
9.9999756e-02 -1.2080363e-07 0.0000000e+00 
1.0011867e-01 6.2679617e-05 0.0000000e+00 
1.0006278e-01 -3.5396180e-05 0.0000000e+00 
1.0067056e-01 -3.7848481e-04 0.0000000e+00 
1.0000082e-01 -5.7260092e-07 0.0000000e+00 
1.0000745e-01 -4.8023608e-04 0.0000000e+00 
1.0108016e-01 8.1816170e-04 0.0000000e+00 
1.0000009e-01 2.9057941e-07 0.0000000e+00 
1.0102955e-01 -9.4838801e-04 0.0000000e+00 
1.0000003e-01 -1.5491192e-07 0.0000000e+00 
1.0000050e-01 2.1795560e-07 0.0000000e+00 
1.0003905e-01 3.5967288e-04 0.0000000e+00 
1.3343957e-01 3.5019777e-05 0.0000000e+00 
1.3564204e-01 1.7019875e-03 0.0000000e+00 
1.3283893e-01 5.1472187e-03 0.0000000e+00 
1.3723445e-01 5.8646416e-03 0.0000000e+00 
1.3941440e-01 1.5426450e-03 0.0000000e+00 
1.4027092e-01 6.0190684e-03 0.0000000e+00 
1.3611174e-01 1.1113328e-02 0.0000000e+00 
1.3361874e-01 1.2029504e-02 0.0000000e+00 
1.2776297e-01 1.7389379e-02 0.0000000e+00 
1.1260798e-01 1.8263161e-02 0.0000000e+00 
1.0946275e-01 2.2164261e-02 0.0000000e+00 
8.6237848e-02 2.1298328e-02 0.0000000e+00 
8.5247435e-02 2.4448546e-02 0.0000000e+00 
5.8159783e-02 2.0219052e-02 0.0000000e+00 
5.9252068e-02 2.2593724e-02 0.0000000e+00 
3.1545039e-02 1.5382110e-02 0.0000000e+00 
3.8126290e-02 1.6436528e-02 0.0000000e+00 
1.6154630e-02 7.1246470e-03 0.0000000e+00 
2.8924504e-02 6.2063271e-03 0.0000000e+00 
4.7727980e-02 1.6253386e-02 0.0000000e+00 
4.3239795e-02 3.9862166e-03 0.0000000e+00 
2.0552438e-02 -4.0893024e-03 0.0000000e+00 
6.0482457e-02 1.4675155e-02 0.0000000e+00 
5.8601338e-02 9.7433873e-04 0.0000000e+00 
3.1680316e-03 1.3008424e-04 0.0000000e+00 
-1.3790411e-03 -2.8892336e-03 0.0000000e+00 
7.2524473e-02 1.1888868e-02 0.0000000e+00 
7.2587550e-02 -1.0608399e-04 0.0000000e+00 
1.4254732e-01 3.0737577e-04 0.0000000e+00 
1.0906499e-01 2.4623023e-02 0.0000000e+00 
8.2320988e-02 8.1450595e-03 0.0000000e+00 
8.3413474e-02 -1.2130461e-03 0.0000000e+00 
9.0441955e-03 -3.1449499e-03 0.0000000e+00 
2.6202882e-02 -1.2699848e-02 0.0000000e+00 
-1.6968804e-03 1.4179776e-03 0.0000000e+00 
8.8867791e-02 4.4663525e-03 0.0000000e+00 
9.0664193e-02 -1.7171067e-03 0.0000000e+00 
9.3663417e-02 2.1620742e-03 0.0000000e+00 
9.4755322e-02 -8.8315754e-04 0.0000000e+00 
9.6434958e-02 1.1530541e-03 0.0000000e+00 
9.7062007e-02 -6.0258992e-04 0.0000000e+00 
9.7955056e-02 5.7236757e-04 0.0000000e+00 
1.5535142e-02 -9.6697742e-03 0.0000000e+00 
4.1056249e-02 -1.7473416e-02 0.0000000e+00 
5.4959569e-02 -2.1795528e-02 0.0000000e+00 
3.5245299e-02 -1.3726193e-02 0.0000000e+00 
6.2535614e-02 -1.9390328e-02 0.0000000e+00 
5.6100603e-02 -1.5532126e-02 0.0000000e+00 
8.6816743e-02 -1.9230189e-02 0.0000000e+00 
7.9660200e-02 -1.5554216e-02 0.0000000e+00 
1.0961447e-01 -1.6823258e-02 0.0000000e+00 
1.0857420e-01 -1.3204091e-02 0.0000000e+00 
1.1112965e-01 -2.0253234e-02 0.0000000e+00 
1.2838033e-01 -1.2152219e-02 0.0000000e+00 
1.3020758e-01 -7.6568876e-03 0.0000000e+00 
1.0243335e-02 -3.2191535e-03 0.0000000e+00 
-5.5163157e-05 1.8764226e-03 0.0000000e+00 
9.8401874e-02 -3.6497647e-04 0.0000000e+00 
9.8849490e-02 2.6504320e-04 0.0000000e+00 
9.9149659e-02 -2.9695436e-04 0.0000000e+00 
9.9376693e-02 1.1468374e-04 0.0000000e+00 
1.3918330e-01 -6.4813304e-03 0.0000000e+00 
1.4151162e-01 -1.4594697e-03 0.0000000e+00 
7.0313714e-02 -1.1086469e-02 0.0000000e+00 
9.9539921e-02 -1.7339837e-04 0.0000000e+00 
9.9651158e-02 5.4347522e-05 0.0000000e+00 
9.9746622e-02 -1.0185896e-04 0.0000000e+00 
9.9805243e-02 2.3850300e-05 0.0000000e+00 
1.1803581e-01 1.4006073e-02 0.0000000e+00 
9.9860609e-02 -5.9936316e-05 0.0000000e+00 
9.9891610e-02 9.8782530e-06 0.0000000e+00 
9.9922076e-02 -3.4406450e-05 0.0000000e+00 
9.9939317e-02 4.0212581e-06 0.0000000e+00 
1.3651482e-03 -2.1444371e-03 0.0000000e+00 
9.9956930e-02 -1.9820029e-05 0.0000000e+00 
9.9965401e-02 1.5564681e-06 0.0000000e+00 
9.9976465e-02 -1.2823508e-05 0.0000000e+00 
9.9980697e-02 -4.8452029e-09 0.0000000e+00 
9.9987313e-02 -7.3709234e-06 0.0000000e+00 
9.9989250e-02 -2.1431487e-07 0.0000000e+00 
1.3068832e-01 -3.0913807e-03 0.0000000e+00 
1.4318444e-01 4.5080069e-03 0.0000000e+00 
3.2411996e-02 -4.1059735e-03 0.0000000e+00 
9.5354632e-02 -4.2487737e-03 0.0000000e+00 
9.2997350e-02 1.0591653e-02 0.0000000e+00 
5.8340762e-02 1.6408216e-02 0.0000000e+00 
8.2487211e-02 2.1855239e-02 0.0000000e+00 
9.9992990e-02 -4.1752937e-06 0.0000000e+00 
9.9993974e-02 -2.0832782e-07 0.0000000e+00 
9.9996135e-02 -2.3769790e-06 0.0000000e+00 
9.9996626e-02 -1.5498961e-07 0.0000000e+00 
9.9996112e-02 1.9673842e-06 0.0000000e+00 
9.9997796e-02 1.0887960e-06 0.0000000e+00 
9.9987932e-02 6.6455932e-06 0.0000000e+00 
1.3052341e-01 1.5580284e-02 0.0000000e+00 
1.4210860e-01 -1.7614878e-03 0.0000000e+00 
9.9997900e-02 -1.3651389e-06 0.0000000e+00 
9.9936344e-02 4.3416083e-05 0.0000000e+00 
1.3618480e-01 -1.0770212e-02 0.0000000e+00 
9.9665359e-02 2.8405443e-04 0.0000000e+00 
9.8161504e-02 1.8620987e-03 0.0000000e+00 
1.3549860e-01 3.8854522e-03 0.0000000e+00 
1.4419563e-01 1.1074710e-02 0.0000000e+00 
1.4383782e-01 8.8069513e-03 0.0000000e+00 
1.4276570e-01 1.4587758e-02 0.0000000e+00 
1.4344357e-01 1.8891724e-02 0.0000000e+00 
1.3996363e-01 2.0738890e-02 0.0000000e+00 
5.1954996e-02 4.0983357e-02 0.0000000e+00 
1.4044140e-01 2.6643375e-02 0.0000000e+00 
1.3504405e-01 2.5836585e-02 0.0000000e+00 
6.1470523e-02 2.2205435e-02 0.0000000e+00 
1.3438664e-01 1.9190393e-02 0.0000000e+00 
1.2916461e-01 2.2531278e-02 0.0000000e+00 
1.2806228e-01 3.0827316e-02 0.0000000e+00 
1.2287710e-01 2.4721822e-02 0.0000000e+00 
1.1942618e-01 3.1584490e-02 0.0000000e+00 
1.1635023e-01 2.4852183e-02 0.0000000e+00 
1.1155269e-01 3.0076915e-02 0.0000000e+00 
2.8721329e-02 3.8300745e-02 0.0000000e+00 
1.1039897e-01 2.3050647e-02 0.0000000e+00 
1.0462872e-01 2.6264714e-02 0.0000000e+00 
1.0559688e-01 2.0170107e-02 0.0000000e+00 
1.0024655e-01 2.1643214e-02 0.0000000e+00 
1.0203573e-01 1.6690833e-02 0.0000000e+00 
9.6746430e-02 1.7335873e-02 0.0000000e+00 
9.9761605e-02 1.2904302e-02 0.0000000e+00 
9.5973872e-02 1.1920251e-02 0.0000000e+00 
9.1670223e-02 1.4360061e-02 0.0000000e+00 
9.2776917e-02 9.5177274e-03 0.0000000e+00 
8.7876275e-02 1.0134922e-02 0.0000000e+00 
9.0156533e-02 6.2159761e-03 0.0000000e+00 
8.5879311e-02 4.8274160e-03 0.0000000e+00 
8.9768730e-02 2.2490895e-03 0.0000000e+00 
8.6176097e-02 -5.9386686e-04 0.0000000e+00 
9.0469800e-02 -1.3706267e-03 0.0000000e+00 
8.8459879e-02 -5.0706626e-03 0.0000000e+00 
9.2440113e-02 -4.2485525e-03 0.0000000e+00 
9.5832311e-02 7.9543544e-03 0.0000000e+00 
9.1781698e-02 -8.0335010e-03 0.0000000e+00 
8.6637132e-02 -1.0334337e-02 0.0000000e+00 
9.2484891e-02 -1.2351990e-02 0.0000000e+00 
8.8486291e-02 -1.7794084e-02 0.0000000e+00 
1.3699511e-02 -2.2801183e-02 0.0000000e+00 
9.4999135e-02 -1.7007612e-02 0.0000000e+00 
9.3415469e-02 -2.3176603e-02 0.0000000e+00 
9.2942216e-02 1.4252864e-03 0.0000000e+00 
9.4850555e-02 -6.0855146e-03 0.0000000e+00 
9.9149838e-02 -2.0621104e-02 0.0000000e+00 
9.9328123e-02 -2.7154678e-02 0.0000000e+00 
4.3817751e-02 -4.4863179e-02 0.0000000e+00 
1.0456102e-01 -2.2743767e-02 0.0000000e+00 
1.0662669e-01 -2.9058326e-02 0.0000000e+00 
6.8587922e-02 -1.3819864e-02 0.0000000e+00 
6.1909076e-02 -3.4775902e-02 0.0000000e+00 
9.9462010e-02 -1.5427827e-02 0.0000000e+00 
9.7577058e-02 2.8513685e-02 0.0000000e+00 
8.1639357e-02 -1.4962232e-02 0.0000000e+00 
1.0618778e-01 1.5050902e-02 0.0000000e+00 
8.1042014e-02 9.5945327e-03 0.0000000e+00 
1.1067180e-01 -2.2662580e-02 0.0000000e+00 
1.1489024e-01 -2.9121025e-02 0.0000000e+00 
1.0803073e-01 -1.7903911e-02 0.0000000e+00 
9.2444420e-02 -3.1484943e-02 0.0000000e+00 
9.5176913e-02 -3.2973057e-03 0.0000000e+00 
9.7208872e-02 -4.6807243e-03 0.0000000e+00 
9.7196154e-02 -2.3813930e-03 0.0000000e+00 
9.8532997e-02 -3.1481623e-03 0.0000000e+00 
1.2920585e-01 1.6545007e-02 0.0000000e+00 
1.3330983e-01 1.3518020e-02 0.0000000e+00 
1.1685998e-01 -2.1204054e-02 0.0000000e+00 
1.2194777e-01 -2.5231311e-02 0.0000000e+00 
1.2179693e-01 -3.2392815e-02 0.0000000e+00 
1.2886812e-01 -2.8604014e-02 0.0000000e+00 
1.2678388e-01 -2.1055652e-02 0.0000000e+00 
1.3317163e-01 -2.1897338e-02 0.0000000e+00 
1.3665318e-01 -2.7725516e-02 0.0000000e+00 
3.4788229e-02 3.9680605e-03 0.0000000e+00 
1.3020961e-01 -1.6356740e-02 0.0000000e+00 
1.3942198e-01 -2.0448806e-02 0.0000000e+00 
1.4226529e-01 -2.3844182e-02 0.0000000e+00 
1.1468488e-01 1.9087937e-02 0.0000000e+00 
1.1327780e-01 3.7907772e-02 0.0000000e+00 
2.6177896e-02 -9.0528429e-03 0.0000000e+00 
9.9998273e-02 2.6326913e-06 0.0000000e+00 
9.9999018e-02 1.4930267e-06 0.0000000e+00 
8.4210135e-02 -1.2662501e-02 0.0000000e+00 
9.9245690e-02 -9.3104853e-04 0.0000000e+00 
1.1453149e-01 -3.3619644e-03 0.0000000e+00 
1.4369343e-01 -1.6940307e-02 0.0000000e+00 
1.4080410e-01 -1.4009802e-02 0.0000000e+00 
1.4146034e-01 -1.5617814e-02 0.0000000e+00 
9.9168234e-02 -5.0236164e-03 0.0000000e+00 
1.3824081e-01 -3.2110009e-02 0.0000000e+00 
9.9780291e-02 -2.8315341e-04 0.0000000e+00 
9.9998765e-02 6.1217048e-07 0.0000000e+00 
1.3927160e-01 2.3580192e-02 0.0000000e+00 
1.3762763e-01 3.2486923e-02 0.0000000e+00 
9.9936813e-02 -8.7492350e-05 0.0000000e+00 
1.2888063e-01 2.5296532e-02 0.0000000e+00 
1.2594494e-01 1.5174466e-02 0.0000000e+00 
1.2893228e-01 1.1469590e-02 0.0000000e+00 
9.9994823e-02 -9.2931277e-06 0.0000000e+00 
1.4032309e-01 -2.1280209e-03 0.0000000e+00 
1.4375652e-01 -1.0735515e-02 0.0000000e+00 
1.3419092e-01 -6.9520948e-03 0.0000000e+00 
1.3864408e-01 -3.5097541e-03 0.0000000e+00 
1.2144576e-01 1.5446412e-03 0.0000000e+00 
9.9983387e-02 -3.3128421e-05 0.0000000e+00 
9.8561563e-02 -1.6849149e-03 0.0000000e+00 
9.7789042e-02 -6.9694640e-04 0.0000000e+00 
1.2486589e-01 -1.5798451e-02 0.0000000e+00 
1.2808785e-01 -1.1547805e-02 0.0000000e+00 
9.9826522e-02 -3.1775266e-03 0.0000000e+00 
1.2454303e-01 1.3459077e-02 0.0000000e+00 
9.9999458e-02 8.4660655e-07 0.0000000e+00 
1.2711366e-01 -9.8532904e-03 0.0000000e+00 
9.9999890e-02 2.3284156e-06 0.0000000e+00 
9.9999845e-02 4.0786317e-06 0.0000000e+00 
9.9998593e-02 -2.9964071e-06 0.0000000e+00 
9.9999219e-02 -1.5970550e-06 0.0000000e+00 
1.2829497e-01 3.6472786e-02 0.0000000e+00 
1.3247438e-01 4.0264681e-02 0.0000000e+00 
1.2406341e-01 4.6767965e-02 0.0000000e+00 
9.9998839e-02 -7.2594639e-07 0.0000000e+00 
9.9999599e-02 -8.5993776e-07 0.0000000e+00 
1.2906729e-01 3.3494278e-03 0.0000000e+00 
1.0625322e-01 7.4981195e-03 0.0000000e+00 
8.9853257e-02 6.1496790e-03 0.0000000e+00 
7.3993027e-02 9.6658459e-03 0.0000000e+00 
5.3134453e-02 8.0265263e-03 0.0000000e+00 
4.2857703e-02 7.7592530e-03 0.0000000e+00 
6.2646642e-02 1.0578946e-02 0.0000000e+00 
3.5159737e-02 7.2278241e-03 0.0000000e+00 
1.0094991e-01 -4.4088736e-03 0.0000000e+00 
1.0102960e-01 -6.8390630e-03 0.0000000e+00 
1.0000145e-01 2.7645153e-06 0.0000000e+00 
5.3469058e-02 1.1141085e-02 0.0000000e+00 
2.9113539e-02 7.3203533e-03 0.0000000e+00 
1.4640611e-02 2.6682934e-03 0.0000000e+00 
1.1209744e-02 3.3506397e-03 0.0000000e+00 
9.9999301e-02 -3.7320586e-07 0.0000000e+00 
6.5176100e-02 6.5723411e-03 0.0000000e+00 
1.2495195e-01 8.7926723e-03 0.0000000e+00 
1.3327864e-01 8.3290609e-03 0.0000000e+00 
1.3305438e-01 -1.1270469e-02 0.0000000e+00 
9.9999711e-02 -4.8303400e-07 0.0000000e+00 
1.3024813e-01 -7.6125958e-03 0.0000000e+00 
9.8955579e-02 -6.2662963e-04 0.0000000e+00 
9.8651536e-02 2.2366349e-04 0.0000000e+00 
9.9391609e-02 -1.1172203e-03 0.0000000e+00 
9.7077541e-02 8.8759506e-04 0.0000000e+00 
9.8566979e-02 1.4084098e-03 0.0000000e+00 
9.7595669e-02 2.7271328e-03 0.0000000e+00 
9.9032201e-02 2.4469795e-03 0.0000000e+00 
9.8575361e-02 4.5019654e-03 0.0000000e+00 
9.9946797e-02 3.2443397e-03 0.0000000e+00 
1.0044940e-01 5.1137726e-03 0.0000000e+00 
9.9842452e-02 1.8746180e-03 0.0000000e+00 
2.4114677e-03 -4.3685568e-04 0.0000000e+00 
3.2803768e-04 8.9782156e-04 0.0000000e+00 
9.6865389e-03 4.7581811e-03 0.0000000e+00 
-3.4018799e-03 -1.0457911e-03 0.0000000e+00 
-4.9257460e-03 7.4585842e-05 0.0000000e+00 
9.9999286e-02 3.5159408e-07 0.0000000e+00 
1.0122056e-01 3.3697481e-03 0.0000000e+00 
1.2587188e-01 -7.6156110e-03 0.0000000e+00 
-5.1600630e-03 3.7170754e-05 0.0000000e+00 
-5.1583410e-03 -1.0215021e-04 0.0000000e+00 
-3.4427061e-03 9.1155228e-04 0.0000000e+00 
-2.3080356e-04 -1.1217295e-03 0.0000000e+00 
2.6731773e-03 -3.5422807e-05 0.0000000e+00 
1.0669013e-01 2.3427317e-02 0.0000000e+00 
1.4419259e-01 -5.8436906e-03 0.0000000e+00 
1.2504165e-01 4.5330681e-02 0.0000000e+00 
1.1658616e-01 5.2799232e-02 0.0000000e+00 
1.3405798e-01 -6.9895894e-03 0.0000000e+00 
1.4037424e-01 1.0368936e-02 0.0000000e+00 
1.4124030e-01 5.8056088e-03 0.0000000e+00 
9.9360384e-02 5.8964768e-04 0.0000000e+00 
1.1789659e-01 1.5224771e-03 0.0000000e+00 
8.8388003e-02 -5.6097344e-03 0.0000000e+00 
8.6164199e-02 -8.1030196e-03 0.0000000e+00 
5.7119176e-02 -8.1239631e-03 0.0000000e+00 
9.0286359e-02 -1.6000085e-03 0.0000000e+00 
-4.8534065e-03 1.6561846e-04 0.0000000e+00 
3.2690275e-02 6.8927296e-03 0.0000000e+00 
1.0000029e-01 -2.1893682e-06 0.0000000e+00 
1.0000059e-01 -4.4711260e-06 0.0000000e+00 
8.0612868e-02 1.2991972e-02 0.0000000e+00 
5.8784414e-02 -8.9974115e-03 0.0000000e+00 
3.2197312e-02 -6.1244168e-03 0.0000000e+00 
3.6036175e-02 -6.8141902e-03 0.0000000e+00 
1.5420856e-02 -2.2654049e-03 0.0000000e+00 
2.0984987e-02 -4.2795460e-03 0.0000000e+00 
4.0591236e-02 -8.8111842e-03 0.0000000e+00 
9.9999681e-02 4.4516699e-07 0.0000000e+00 
1.0000002e-01 7.4393847e-07 0.0000000e+00 
-1.2779633e-03 2.6684264e-03 0.0000000e+00 
1.0074377e-01 -2.6401170e-03 0.0000000e+00 
1.0009424e-01 -1.8723096e-03 0.0000000e+00 
1.3709156e-01 1.0558285e-02 0.0000000e+00 
3.8337724e-03 -4.4727209e-03 0.0000000e+00 
1.3704671e-01 -2.6222551e-02 0.0000000e+00 
1.3148125e-01 -3.2582302e-02 0.0000000e+00 
1.3233413e-01 -4.0348183e-02 0.0000000e+00 
1.2203745e-01 -4.1210774e-02 0.0000000e+00 
1.2361526e-01 -4.8320595e-02 0.0000000e+00 
1.2531260e-01 -2.1973807e-02 0.0000000e+00 
8.1907757e-02 -2.2884324e-02 0.0000000e+00 
7.4480385e-02 -1.9543724e-02 0.0000000e+00 
7.5160429e-02 -1.0952225e-02 0.0000000e+00 
6.6214941e-02 -1.3342427e-02 0.0000000e+00 
6.4453572e-02 -2.4581768e-02 0.0000000e+00 
5.3839725e-02 -1.6036024e-02 0.0000000e+00 
5.9553858e-02 -4.3658069e-03 0.0000000e+00 
4.5417249e-02 -2.7739706e-03 0.0000000e+00 
5.5981588e-02 7.6124580e-03 0.0000000e+00 
6.6733167e-02 3.5664409e-03 0.0000000e+00 
6.6319883e-02 1.3201879e-02 0.0000000e+00 
5.7539225e-02 2.0971566e-02 0.0000000e+00 
6.9349505e-02 2.2715997e-02 0.0000000e+00 
6.3940555e-02 3.3220768e-02 0.0000000e+00 
7.5572148e-02 3.0704910e-02 0.0000000e+00 
7.4614912e-02 4.1864183e-02 0.0000000e+00 
7.8983612e-02 2.1950403e-02 0.0000000e+00 
4.8315756e-02 3.1671152e-02 0.0000000e+00 
5.2163549e-02 -3.0812802e-02 0.0000000e+00 
6.6286802e-02 -3.7131436e-02 0.0000000e+00 
5.4706719e-02 -4.5558281e-02 0.0000000e+00 
7.2727434e-02 -4.8578382e-02 0.0000000e+00 
8.4359080e-02 3.5931639e-02 0.0000000e+00 
8.6955681e-02 4.5879934e-02 0.0000000e+00 
7.6356389e-02 5.3495407e-02 0.0000000e+00 
9.2314847e-02 5.4996938e-02 0.0000000e+00 
9.8440625e-02 4.5921106e-02 0.0000000e+00 
7.8422286e-02 -3.8446967e-02 0.0000000e+00 
8.6220168e-02 -4.6477657e-02 0.0000000e+00 
8.4111035e-02 -5.6112990e-02 0.0000000e+00 
9.7098991e-02 -5.0872840e-02 0.0000000e+00 
9.7648486e-02 -5.8133978e-02 0.0000000e+00 
1.0857794e-01 -5.1291171e-02 0.0000000e+00 
1.0437699e-01 -4.3521252e-02 0.0000000e+00 
3.1970751e-03 -1.5504268e-03 0.0000000e+00 
1.0349497e-01 5.0028414e-02 0.0000000e+00 
4.2600878e-02 4.3607362e-02 0.0000000e+00 
1.0000018e-01 -7.3127148e-07 0.0000000e+00 
1.1395501e-01 -4.2850830e-02 0.0000000e+00 
1.3976711e-01 5.5149035e-03 0.0000000e+00 
1.2704037e-01 -4.1895408e-02 0.0000000e+00 
8.6490266e-02 1.7687453e-02 0.0000000e+00 
1.0038582e-01 5.8332991e-02 0.0000000e+00 
3.0891780e-02 -4.0968444e-02 0.0000000e+00 
5.4460466e-02 -4.2067986e-02 0.0000000e+00 
1.7850453e-02 -4.6029007e-03 0.0000000e+00 
5.5715762e-02 2.3489047e-03 0.0000000e+00 
2.5232129e-03 9.9357872e-05 0.0000000e+00 
6.3654140e-02 -2.4163254e-02 0.0000000e+00 
-1.6238879e-03 -1.6477929e-03 0.0000000e+00 
1.8301504e-02 2.7177155e-02 0.0000000e+00 
1.0271069e-01 5.1325588e-03 0.0000000e+00 
1.0211207e-01 7.4839331e-03 0.0000000e+00 
1.0472286e-01 6.9991481e-03 0.0000000e+00 
5.0094094e-02 -1.4701431e-03 0.0000000e+00 
7.9579994e-02 -2.1726494e-03 0.0000000e+00 
6.2332610e-03 4.5098988e-03 0.0000000e+00 
1.7549353e-02 1.0142705e-02 0.0000000e+00 
1.0304355e-01 -5.1871617e-03 0.0000000e+00 
1.0387663e-01 -8.1788655e-03 0.0000000e+00 
1.1245758e-01 -1.0332924e-03 0.0000000e+00 
1.0400806e-01 3.5810970e-02 0.0000000e+00 
1.3330570e-02 -1.2735403e-02 0.0000000e+00 
1.1037944e-01 -9.9552209e-03 0.0000000e+00 
1.0588175e-01 -4.7854748e-02 0.0000000e+00 
1.0000084e-01 1.6050019e-06 0.0000000e+00 
5.9912652e-02 3.2583255e-02 0.0000000e+00 
1.2078752e-01 1.0476776e-02 0.0000000e+00 
8.0039069e-02 1.7297884e-03 0.0000000e+00 
8.3114505e-02 -4.8553189e-03 0.0000000e+00 
1.3739550e-01 6.9062198e-03 0.0000000e+00 
1.3834389e-01 2.9988885e-03 0.0000000e+00 
8.5169390e-02 1.5935075e-02 0.0000000e+00 
9.0055920e-02 2.0936348e-02 0.0000000e+00 
1.1827008e-01 8.4582334e-03 0.0000000e+00 
1.3512209e-01 -1.6298576e-03 0.0000000e+00 
1.0830575e-01 3.1367019e-03 0.0000000e+00 
1.1332354e-01 4.5638359e-03 0.0000000e+00 
1.0000264e-01 4.7741573e-06 0.0000000e+00 
9.9999882e-02 7.1939339e-06 0.0000000e+00 
1.0831866e-01 -3.2060926e-03 0.0000000e+00 
1.0103222e-01 -1.0998631e-02 0.0000000e+00 
1.0499848e-01 -1.1760677e-02 0.0000000e+00 
1.0730124e-01 -8.8848313e-03 0.0000000e+00 
9.7946659e-02 -7.9981163e-03 0.0000000e+00 
1.0924728e-01 -1.2868467e-02 0.0000000e+00 
1.1170852e-01 -8.5574314e-03 0.0000000e+00 
1.1471618e-01 -1.1625830e-02 0.0000000e+00 
1.2916739e-01 3.3014885e-03 0.0000000e+00 
1.2862201e-01 7.9513779e-03 0.0000000e+00 
1.2412353e-01 4.8194188e-03 0.0000000e+00 
1.2277775e-01 1.1220494e-02 0.0000000e+00 
1.1493345e-01 1.1986276e-02 0.0000000e+00 
1.1612488e-01 1.7824536e-02 0.0000000e+00 
1.0623553e-01 1.7405041e-02 0.0000000e+00 
1.0816634e-01 1.1065915e-02 0.0000000e+00 
1.0121754e-01 1.3298586e-02 0.0000000e+00 
1.0372749e-01 8.4833791e-03 0.0000000e+00 
1.0750943e-01 6.4423895e-03 0.0000000e+00 
1.3232382e-01 -2.0133003e-03 0.0000000e+00 
1.3268019e-01 -5.9216078e-03 0.0000000e+00 
1.2796851e-01 -8.2681580e-03 0.0000000e+00 
1.3261771e-01 -1.1730144e-02 0.0000000e+00 
1.2543470e-01 -1.4818325e-02 0.0000000e+00 
1.2257642e-01 -9.9472199e-03 0.0000000e+00 
1.1831460e-01 -1.5855595e-02 0.0000000e+00 
1.1637288e-01 -2.1701368e-02 0.0000000e+00 
1.0874444e-01 -2.1102468e-02 0.0000000e+00 
9.8765008e-02 -2.5762711e-02 0.0000000e+00 
1.1138897e-01 -1.4846131e-02 0.0000000e+00 
1.0204481e-01 -1.7509988e-02 0.0000000e+00 
1.0607640e-01 -1.1849709e-02 0.0000000e+00 
1.0615044e-01 -2.5650294e-02 0.0000000e+00 
9.8508522e-02 -1.2296644e-02 0.0000000e+00 
1.0242873e-01 -8.2277600e-03 0.0000000e+00 
1.3532512e-01 -2.5375013e-03 0.0000000e+00 
1.3355786e-01 -1.0378370e-04 0.0000000e+00 
1.2519594e-01 -1.9539159e-02 0.0000000e+00 
1.3670114e-01 -6.5094591e-03 0.0000000e+00 
8.8963427e-02 -1.6447080e-02 0.0000000e+00 
1.3175772e-01 -1.5395626e-02 0.0000000e+00 
9.0924852e-02 -8.5373847e-03 0.0000000e+00 
7.4257672e-02 -2.6007148e-02 0.0000000e+00 
7.4285515e-02 -2.3115944e-02 0.0000000e+00 
5.2790437e-02 -1.8387642e-02 0.0000000e+00 
1.0636176e-01 5.1942118e-02 0.0000000e+00 
1.0848917e-01 7.3257419e-03 0.0000000e+00 
1.1337852e-01 9.3952529e-03 0.0000000e+00 
6.0330525e-02 4.5267597e-02 0.0000000e+00 
4.2936090e-02 1.4219035e-02 0.0000000e+00 
1.2779811e-01 -4.4516833e-03 0.0000000e+00 
1.2303733e-01 1.7148472e-02 0.0000000e+00 
1.1259742e-01 2.3774760e-02 0.0000000e+00 
1.0376477e-01 2.2906343e-02 0.0000000e+00 
9.1481648e-02 2.6571235e-02 0.0000000e+00 
1.0505371e-01 1.0293297e-02 0.0000000e+00 
1.0234855e-01 -1.4096557e-03 0.0000000e+00 
9.9856548e-02 1.8999602e-04 0.0000000e+00 
1.0244730e-01 1.4045466e-03 0.0000000e+00 
3.7147544e-02 -1.8015441e-02 0.0000000e+00 
1.1740831e-01 -5.4227952e-03 0.0000000e+00 
1.8442176e-02 3.1234890e-03 0.0000000e+00 
9.9942192e-02 -3.8750641e-04 0.0000000e+00 
1.0582540e-01 -5.6366981e-03 0.0000000e+00 
1.2906276e-01 3.1728854e-03 0.0000000e+00 
1.7086670e-04 -2.0651615e-03 0.0000000e+00 
1.0000369e-01 2.2689703e-06 0.0000000e+00 
7.5243860e-02 5.1619799e-04 0.0000000e+00 
1.9815153e-02 4.9124570e-03 0.0000000e+00 
5.6359824e-02 1.0993339e-02 0.0000000e+00 
5.6686539e-02 -7.2844452e-03 0.0000000e+00 
9.3760543e-02 -2.2851015e-02 0.0000000e+00 
1.1305077e-01 -4.2694798e-03 0.0000000e+00 
7.7633895e-02 5.9967887e-02 0.0000000e+00 
-1.2879643e-04 2.6669903e-03 0.0000000e+00 
1.1317851e-01 -2.7201200e-02 0.0000000e+00 
1.0668901e-01 -3.0056932e-03 0.0000000e+00 
1.0385317e-01 -1.9673076e-03 0.0000000e+00 
1.0190477e-01 -2.7788873e-03 0.0000000e+00 
1.0100481e-01 -1.5848678e-03 0.0000000e+00 
1.0018259e-01 -2.5894020e-03 0.0000000e+00 
9.9974059e-02 -1.4582688e-03 0.0000000e+00 
1.0051388e-01 -4.8285821e-03 0.0000000e+00 
9.8573945e-02 -3.5428982e-03 0.0000000e+00 
1.0359021e-01 -4.6883700e-03 0.0000000e+00 
1.0053538e-01 -9.0092671e-04 0.0000000e+00 
9.9967040e-02 -8.1297156e-04 0.0000000e+00 
1.3486506e-01 4.1494481e-03 0.0000000e+00 
1.0001398e-01 4.6713778e-04 0.0000000e+00 
1.0019876e-01 1.0339102e-03 0.0000000e+00 
9.5974781e-02 -1.0070985e-03 0.0000000e+00 
1.1297660e-01 -1.6693432e-02 0.0000000e+00 
1.1931878e-01 -1.5328167e-02 0.0000000e+00 
1.1894394e-01 -9.4846357e-03 0.0000000e+00 
1.1928257e-01 1.5323150e-02 0.0000000e+00 
7.3627107e-02 7.7924044e-03 0.0000000e+00 
1.3916290e-01 -1.3570344e-03 0.0000000e+00 
1.1076622e-01 -5.5015028e-02 0.0000000e+00 
1.0028790e-01 -5.0717761e-04 0.0000000e+00 
9.9974416e-02 -4.4885246e-04 0.0000000e+00 
1.0015744e-01 -2.8599947e-04 0.0000000e+00 
9.9986054e-02 -2.4363477e-04 0.0000000e+00 
1.0008600e-01 -1.5528259e-04 0.0000000e+00 
1.0005103e-01 -3.8851349e-04 0.0000000e+00 
9.9616691e-02 -5.0547125e-04 0.0000000e+00 
9.9057622e-02 -1.9296909e-03 0.0000000e+00 
1.0011321e-01 -6.6232111e-05 0.0000000e+00 
1.0004313e-01 -8.0681755e-05 0.0000000e+00 
1.0002827e-01 -4.3718956e-05 0.0000000e+00 
9.9995226e-02 -6.6918437e-05 0.0000000e+00 
9.9576309e-02 7.1713706e-03 0.0000000e+00 
2.7150204e-02 1.7714252e-03 0.0000000e+00 
1.3476215e-01 3.2930076e-02 0.0000000e+00 
1.0117680e-01 -3.5011850e-02 0.0000000e+00 
1.1584729e-01 4.5744918e-02 0.0000000e+00 
9.9999912e-02 -1.8560618e-07 0.0000000e+00 
1.0214329e-01 1.1711594e-03 0.0000000e+00 
1.0179577e-01 2.7398723e-03 0.0000000e+00 
1.0098091e-01 1.5618280e-03 0.0000000e+00 
1.0029527e-01 2.4628646e-03 0.0000000e+00 
1.0009890e-01 1.3692323e-03 0.0000000e+00 
1.0066673e-01 4.3701199e-03 0.0000000e+00 
1.0346383e-01 4.8182323e-03 0.0000000e+00 
1.0054125e-01 8.7343174e-04 0.0000000e+00 
1.0008086e-01 7.4611366e-04 0.0000000e+00 
9.9617347e-02 9.4251387e-04 0.0000000e+00 
1.0037373e-01 -2.1457186e-04 0.0000000e+00 
9.9999912e-02 2.9008444e-07 0.0000000e+00 
1.0121000e-01 -6.6341570e-04 0.0000000e+00 
9.9999703e-02 1.4635055e-08 0.0000000e+00 
1.0000491e-01 8.3756513e-06 0.0000000e+00 
1.0000014e-01 1.2764537e-05 0.0000000e+00 
1.0000898e-01 1.4770746e-05 0.0000000e+00 
1.0000072e-01 2.2604479e-05 0.0000000e+00 
9.9991336e-02 1.5199068e-05 0.0000000e+00 
9.9985413e-02 2.7245189e-05 0.0000000e+00 
1.0000221e-01 3.9786715e-05 0.0000000e+00 
9.9975616e-02 4.9171449e-05 0.0000000e+00 
1.0000606e-01 7.0298738e-05 0.0000000e+00 
9.9960111e-02 8.9099172e-05 0.0000000e+00 
1.0001557e-01 1.2407319e-04 0.0000000e+00 
9.9935815e-02 1.6205017e-04 0.0000000e+00 
1.0003512e-01 2.1993250e-04 0.0000000e+00 
9.9895954e-02 2.9068484e-04 0.0000000e+00 
1.0006057e-01 4.0027959e-04 0.0000000e+00 
1.0018194e-01 2.4857180e-04 0.0000000e+00 
9.9888869e-02 8.1466562e-05 0.0000000e+00 
9.9978901e-02 1.2564421e-05 0.0000000e+00 
9.9994883e-02 8.4223948e-06 0.0000000e+00 
2.0104799e-02 4.4043050e-03 0.0000000e+00 
1.0001086e-01 -6.4385117e-06 0.0000000e+00 
1.0000883e-01 -1.4964252e-05 0.0000000e+00 
1.0000398e-01 -7.7243658e-06 0.0000000e+00 
1.0006613e-01 3.5244302e-05 0.0000000e+00 
1.0002112e-01 1.1496277e-05 0.0000000e+00 
1.0000173e-01 -1.0499223e-06 0.0000000e+00 
1.0000609e-01 -3.2558096e-06 0.0000000e+00 
9.9997252e-02 -5.1518432e-06 0.0000000e+00 
1.0000005e-01 -1.3208222e-06 0.0000000e+00 
1.0000037e-01 -3.4250067e-07 0.0000000e+00 
9.9990681e-02 -1.6666268e-05 0.0000000e+00 
1.0000026e-01 -2.4742927e-05 0.0000000e+00 
9.9997021e-02 4.6935647e-06 0.0000000e+00 
9.9999942e-02 1.3195934e-06 0.0000000e+00 
1.0000003e-01 -3.4201861e-07 0.0000000e+00 
9.6678182e-02 4.7334032e-03 0.0000000e+00 
9.5632292e-02 2.4718437e-03 0.0000000e+00 
9.9993147e-02 3.5978974e-06 0.0000000e+00 
1.0000078e-01 4.0488774e-07 0.0000000e+00 
1.0000041e-01 4.9995651e-07 0.0000000e+00 
1.0014794e-01 -9.2946843e-04 0.0000000e+00 
1.0120320e-01 6.6351163e-04 0.0000000e+00 
9.9998124e-02 -1.0132083e-07 0.0000000e+00 
9.9963441e-02 2.3216904e-05 0.0000000e+00 
6.3016161e-02 -5.5696350e-02 0.0000000e+00 
1.0720821e-01 3.5854727e-02 0.0000000e+00 
9.9998914e-02 -4.1052211e-08 0.0000000e+00 
4.2834502e-02 1.1441264e-02 0.0000000e+00 
2.6433339e-02 1.0233069e-02 0.0000000e+00 
-1.3888110e-03 2.7995394e-03 0.0000000e+00 
9.3959592e-02 3.7119523e-02 0.0000000e+00 
9.9807158e-02 1.5263991e-04 0.0000000e+00 
9.6901946e-02 3.4359801e-03 0.0000000e+00 
9.9999569e-02 -1.5642088e-07 0.0000000e+00 
9.9887416e-02 -1.5551349e-04 0.0000000e+00 
1.2231518e-01 3.8438372e-02 0.0000000e+00 
1.3712856e-01 -1.0301860e-02 0.0000000e+00 
9.9528745e-02 -9.2246510e-06 0.0000000e+00 
1.0701028e-01 -6.9580688e-03 0.0000000e+00 
1.2402153e-01 -4.4416105e-03 0.0000000e+00 
9.8077163e-02 -7.6643070e-03 0.0000000e+00 
1.0237934e-02 -3.5947615e-03 0.0000000e+00 
9.5017336e-02 6.2010624e-03 0.0000000e+00 
1.0000052e-01 9.2255334e-07 0.0000000e+00 
7.4612729e-02 -2.8982751e-02 0.0000000e+00 
9.4806865e-02 -9.4566438e-03 0.0000000e+00 
7.1614757e-03 -1.6634529e-04 0.0000000e+00 
1.0001186e-01 6.6394296e-06 0.0000000e+00 
1.2401191e-01 3.8073806e-03 0.0000000e+00 
9.9869385e-02 -9.6548919e-04 0.0000000e+00 
1.0034308e-01 -5.4639176e-04 0.0000000e+00 
9.9865027e-02 9.6065731e-04 0.0000000e+00 
1.0050693e-01 1.8744636e-03 0.0000000e+00 
6.0156751e-02 5.3159590e-03 0.0000000e+00 
1.3270672e-01 -3.4593839e-02 0.0000000e+00 
9.9996932e-02 -1.2740339e-04 0.0000000e+00 
-6.8857835e-04 2.2566852e-03 0.0000000e+00 
1.0034604e-01 5.1402766e-04 0.0000000e+00 
1.0941334e-01 1.2302260e-02 0.0000000e+00 
1.0003635e-01 -1.8490668e-05 0.0000000e+00 
1.0000027e-01 2.6042335e-07 0.0000000e+00 
9.8966815e-02 8.9633288e-03 0.0000000e+00 
9.3190074e-02 1.7212311e-02 0.0000000e+00 
1.3348213e-01 9.4864583e-03 0.0000000e+00 
1.1302725e-01 -2.3091260e-02 0.0000000e+00 
8.6075991e-02 -2.5571918e-02 0.0000000e+00 
6.9957942e-02 -4.4738688e-03 0.0000000e+00 
9.1425531e-02 -5.6098245e-02 0.0000000e+00 
-2.3695938e-03 -1.5968414e-03 0.0000000e+00 
1.0000019e-01 -1.5542504e-07 0.0000000e+00 
1.0978776e-01 -3.5827342e-02 0.0000000e+00 
9.9999540e-02 1.3754644e-07 0.0000000e+00 
1.4280587e-01 -5.2995854e-03 0.0000000e+00 
1.0001587e-01 2.5776901e-05 0.0000000e+00 
1.2447114e-01 1.8759094e-02 0.0000000e+00 
1.0000214e-01 1.2972275e-06 0.0000000e+00 
9.9373795e-02 -2.0847481e-03 0.0000000e+00 
9.3398742e-02 5.0032404e-03 0.0000000e+00 
1.4350446e-01 3.1959610e-03 0.0000000e+00 
2.4942402e-02 -6.6401670e-03 0.0000000e+00 
1.3564005e-01 1.0099517e-03 0.0000000e+00 
9.9389598e-02 1.3956830e-03 0.0000000e+00 
1.3579118e-01 -1.5758788e-02 0.0000000e+00 
1.0039809e-01 2.0167696e-04 0.0000000e+00 
5.4905869e-02 -1.2387194e-02 0.0000000e+00 
1.1222139e-01 -8.9513408e-03 0.0000000e+00 
9.9957757e-02 -4.8159105e-05 0.0000000e+00 
8.3757550e-02 -3.0355187e-02 0.0000000e+00 
1.0078282e-01 -2.8177840e-03 0.0000000e+00 
1.0002860e-01 4.4818375e-05 0.0000000e+00 
9.6936248e-02 -1.2002472e-02 0.0000000e+00 
5.6158036e-02 5.3814948e-02 0.0000000e+00 
1.0529125e-01 1.2370035e-02 0.0000000e+00 
1.3814570e-01 1.4882152e-02 0.0000000e+00 
3.5816126e-02 -7.4312766e-03 0.0000000e+00 
1.4308988e-01 -5.5248314e-04 0.0000000e+00 
1.2160190e-01 2.0789944e-02 0.0000000e+00 
1.4393955e-01 -1.1107678e-02 0.0000000e+00 
9.2161871e-02 1.0911223e-02 0.0000000e+00 
7.6117657e-02 1.5218872e-02 0.0000000e+00 
9.0176620e-02 -2.2966458e-02 0.0000000e+00 
1.0327236e-01 -1.7663393e-02 0.0000000e+00 
9.4291102e-03 3.2363038e-03 0.0000000e+00 
1.1112341e-01 3.7533718e-03 0.0000000e+00 
8.4423855e-02 2.5847299e-02 0.0000000e+00 
8.4445328e-02 2.6703484e-02 0.0000000e+00 
9.1141284e-02 2.8454050e-02 0.0000000e+00 
1.0032345e-01 4.6216688e-04 0.0000000e+00 
4.6691686e-02 -1.1662720e-02 0.0000000e+00 
1.1947102e-01 2.0444898e-02 0.0000000e+00 
1.1395499e-01 1.4303912e-02 0.0000000e+00 
1.3197577e-01 4.8053949e-03 0.0000000e+00 
9.9810816e-02 5.1741931e-04 0.0000000e+00 
1.2635070e-01 -1.5928645e-02 0.0000000e+00 
1.0205073e-01 -3.1863453e-03 0.0000000e+00 
1.2322881e-01 -4.0241675e-03 0.0000000e+00 
6.5344624e-02 2.3758156e-02 0.0000000e+00 
9.9525340e-02 -4.7602164e-04 0.0000000e+00 
1.2867774e-01 6.8198699e-03 0.0000000e+00 
1.0666572e-01 2.8460475e-03 0.0000000e+00 
2.9632667e-02 2.3549534e-02 0.0000000e+00 
9.3655907e-02 -1.2501441e-03 0.0000000e+00 
1.0005284e-01 7.8599660e-05 0.0000000e+00 
1.1009435e-01 1.7309180e-02 0.0000000e+00 
1.3988855e-01 -6.0882713e-03 0.0000000e+00 
7.6844811e-02 -5.9101976e-02 0.0000000e+00 
1.0001670e-01 -2.5727899e-05 0.0000000e+00 
9.9383645e-02 5.3162378e-04 0.0000000e+00 
3.0407457e-02 -6.4398656e-03 0.0000000e+00 
-1.4592170e-03 -2.3503639e-03 0.0000000e+00 
1.1879544e-01 -4.7884226e-02 0.0000000e+00 
1.2929113e-01 3.8187727e-02 0.0000000e+00 
9.5565133e-02 -4.1550402e-02 0.0000000e+00 
1.3149941e-01 -4.4410764e-03 0.0000000e+00 
4.0932670e-02 -1.6625289e-02 0.0000000e+00 
1.2167032e-01 -1.9332217e-02 0.0000000e+00 
1.0779734e-01 4.3706071e-02 0.0000000e+00 
3.4206018e-02 -3.3320457e-02 0.0000000e+00 
1.0000000e-01 4.4999376e-07 0.0000000e+00 
1.0009674e-01 1.3577077e-04 0.0000000e+00 
6.8852380e-02 2.2484826e-02 0.0000000e+00 
9.8221704e-02 9.3760639e-03 0.0000000e+00 
-3.6372708e-03 1.0779290e-03 0.0000000e+00 
4.8797537e-02 -5.7550236e-03 0.0000000e+00 
1.2324011e-01 -1.1234245e-02 0.0000000e+00 
9.9999629e-02 -1.3457253e-05 0.0000000e+00 
8.6505236e-03 6.0763322e-03 0.0000000e+00 
7.7247463e-02 -4.5226049e-03 0.0000000e+00 
8.0130272e-02 -8.9938538e-03 0.0000000e+00 
1.2009585e-01 7.3151942e-03 0.0000000e+00 
1.0134694e-01 1.9204490e-03 0.0000000e+00 
4.0675495e-02 4.1661363e-02 0.0000000e+00 
1.1671150e-01 -1.1078503e-02 0.0000000e+00 
1.0020725e-01 1.0121124e-04 0.0000000e+00 
-3.6785160e-03 -7.3698675e-04 0.0000000e+00 
7.2486382e-03 -4.4772937e-03 0.0000000e+00 
6.9893058e-03 2.4144162e-04 0.0000000e+00 
1.1542085e-01 -7.7258279e-03 0.0000000e+00 
9.8914698e-02 9.6688658e-04 0.0000000e+00 
1.0054639e-01 -1.4768576e-03 0.0000000e+00 
9.7148448e-02 -2.1469293e-03 0.0000000e+00 
7.3401958e-02 8.6533639e-04 0.0000000e+00 
8.4567130e-02 -1.0327199e-02 0.0000000e+00 
9.9999234e-02 -7.8266366e-06 0.0000000e+00 
9.9704623e-02 6.6710607e-04 0.0000000e+00 
1.3550703e-01 4.4300770e-03 0.0000000e+00 
2.2812832e-02 7.3361900e-03 0.0000000e+00 
8.7413393e-02 -3.7628613e-02 0.0000000e+00 
1.3777733e-01 -4.8691723e-03 0.0000000e+00 
9.6901476e-02 1.5552375e-02 0.0000000e+00 
7.0923761e-02 1.4469536e-02 0.0000000e+00 
9.9999309e-02 -1.6205602e-08 0.0000000e+00 
6.0008552e-02 -1.0418267e-02 0.0000000e+00 
1.0007362e-01 -1.7885691e-04 0.0000000e+00 
9.9603578e-02 -3.2139018e-02 0.0000000e+00 
1.0007333e-01 1.5801942e-04 0.0000000e+00 
9.9398382e-02 1.7670512e-03 0.0000000e+00 
1.0294475e-01 1.3044856e-02 0.0000000e+00 
1.0109983e-01 1.0094868e-02 0.0000000e+00 
1.4090951e-01 -9.1091543e-03 0.0000000e+00 
9.6665092e-02 -1.3068681e-02 0.0000000e+00 
9.9999785e-02 -2.6399690e-07 0.0000000e+00 
8.3164454e-02 5.3289324e-02 0.0000000e+00 
8.5278787e-02 2.1064483e-02 0.0000000e+00 
-2.4119499e-03 -1.1610544e-03 0.0000000e+00 
1.0000037e-01 1.1496556e-07 0.0000000e+00 
1.4115629e-01 1.7357909e-03 0.0000000e+00 
1.0000288e-01 -3.6589524e-06 0.0000000e+00 
9.8730281e-02 5.6388197e-03 0.0000000e+00 
1.3652691e-01 -1.0419342e-02 0.0000000e+00 
1.0000010e-01 -7.8031363e-08 0.0000000e+00 
3.7296314e-02 1.5095788e-02 0.0000000e+00 
6.1996691e-02 -1.2319009e-02 0.0000000e+00 
1.0000293e-01 -4.0236966e-05 0.0000000e+00 
1.3321123e-02 -2.4973638e-03 0.0000000e+00 
1.2337305e-01 -1.9218402e-02 0.0000000e+00 
1.1679623e-01 1.1368240e-02 0.0000000e+00 
1.1512756e-01 -1.1183603e-02 0.0000000e+00 
1.1631043e-01 -3.5959341e-02 0.0000000e+00 
9.9105582e-02 3.2364004e-03 0.0000000e+00 
1.2932889e-01 1.3274115e-02 0.0000000e+00 
1.2126803e-01 -3.9573707e-02 0.0000000e+00 
1.3629858e-01 1.0491240e-02 0.0000000e+00 
1.2194892e-01 -7.4013509e-03 0.0000000e+00 
1.2226913e-02 -2.7595663e-03 0.0000000e+00 
1.0301778e-01 3.0558973e-03 0.0000000e+00 
6.6995010e-02 -2.2312837e-02 0.0000000e+00 
9.5337823e-02 2.2630317e-02 0.0000000e+00 
1.0765002e-01 1.2330704e-02 0.0000000e+00 
1.0059732e-01 1.1905215e-03 0.0000000e+00 
9.8216794e-02 -1.2222895e-03 0.0000000e+00 
1.0918222e-01 -6.2047220e-03 0.0000000e+00 
1.0126060e-01 -1.9025853e-03 0.0000000e+00 
1.0126658e-01 6.6615031e-03 0.0000000e+00 
1.0000152e-01 -2.3240118e-06 0.0000000e+00 
8.0835558e-02 -9.3374262e-03 0.0000000e+00 
3.6710966e-03 1.4591091e-03 0.0000000e+00 
1.2678218e-01 -3.5528127e-02 0.0000000e+00 
1.1232992e-01 7.8724446e-03 0.0000000e+00 
1.0866716e-01 -7.1303463e-03 0.0000000e+00 
1.3773873e-01 -8.4681413e-04 0.0000000e+00 
9.8203823e-02 2.0937899e-02 0.0000000e+00 
1.0065112e-01 2.6442714e-02 0.0000000e+00 
9.8404765e-02 -4.9603470e-03 0.0000000e+00 
1.3691008e-01 1.6011138e-02 0.0000000e+00 
1.2107018e-01 6.9222064e-03 0.0000000e+00 
1.2317683e-01 2.0050781e-02 0.0000000e+00 
8.8202663e-02 -2.5339538e-02 0.0000000e+00 
1.0571193e-01 6.4783236e-03 0.0000000e+00 
8.7137744e-02 3.1606760e-03 0.0000000e+00 
9.9693999e-02 -7.0263579e-04 0.0000000e+00 
7.8100562e-02 -1.9325547e-02 0.0000000e+00 
1.0538711e-01 4.4778488e-03 0.0000000e+00 
1.0000016e-01 4.5759415e-07 0.0000000e+00 
1.0299868e-01 -1.4170608e-02 0.0000000e+00 
1.0583232e-01 -1.4845704e-02 0.0000000e+00 
1.2800999e-01 9.4492007e-03 0.0000000e+00 
9.4982177e-02 6.5236015e-04 0.0000000e+00 
1.1693838e-01 7.6149041e-03 0.0000000e+00 
9.7419269e-02 6.3482346e-03 0.0000000e+00 
1.0000075e-01 -1.2477911e-06 0.0000000e+00 
1.3398996e-01 -3.9356686e-03 0.0000000e+00 
1.6881315e-02 9.3048336e-03 0.0000000e+00 
1.3979633e-01 -5.6134746e-04 0.0000000e+00 
1.6192179e-02 -8.1904400e-03 0.0000000e+00 
2.8707098e-02 -6.2408894e-03 0.0000000e+00 
1.3004151e-01 -2.3807161e-03 0.0000000e+00 
1.3637368e-01 -1.8688828e-02 0.0000000e+00 
PRESSURE 1 945  float
3.0252688e+00
0.0000000e+00
0.0000000e+00
3.0249150e+00
-4.0721550e+00
-4.2157717e+00
-4.6459732e+00
-5.2550321e+00
-5.8900743e+00
-6.5669990e+00
-7.1620741e+00
-7.4354129e+00
-7.2212009e+00
-6.1109238e+00
-4.2431688e+00
-1.5486377e+00
1.5374970e+00
4.5136676e+00
7.0062623e+00
8.7786312e+00
9.3177080e+00
8.7743998e+00
7.1198030e+00
4.5572248e+00
1.4964273e+00
-1.5425538e+00
-4.1569829e+00
-6.1237707e+00
-7.1259475e+00
-7.5137873e+00
-7.1566081e+00
-6.5352726e+00
-5.8987761e+00
-5.2786894e+00
-4.6205249e+00
-4.1995211e+00
3.0198021e+00
2.9621212e+00
2.8504543e+00
2.6578374e+00
2.3268831e+00
1.8984245e+00
1.3231238e+00
6.7560494e-01
1.0473245e-02
-5.9346771e-01
-9.6999902e-01
-1.1535730e+00
-1.1177986e+00
-9.2162961e-01
-6.2240732e-01
-3.8674659e-01
-2.1045831e-01
-1.1960635e-01
-6.4183787e-02
-3.2510009e-02
-1.6725071e-02
-7.9099610e-03
-4.6429993e-03
-1.4483983e-03
-9.5007627e-04
-3.5873079e-04
-1.6508240e-04
-4.9392704e-05
-9.0488029e-06
1.2657730e-05
1.4735146e-05
1.3471187e-05
9.5494697e-06
6.1978212e-06
1.7882603e-06
0.0000000e+00
0.0000000e+00
0.0000000e+00
0.0000000e+00
0.0000000e+00
0.0000000e+00
0.0000000e+00
0.0000000e+00
0.0000000e+00
-3.2452781e-06
-8.2646766e-06
-1.1422866e-05
-1.7924465e-05
-2.8979892e-05
-3.7172140e-05
-1.1107259e-04
-1.6258859e-04
-2.6070836e-04
-5.3018529e-04
-1.1965609e-03
-2.3534342e-03
-4.5123557e-03
-8.8110119e-03
-1.7107831e-02
-3.3316623e-02
-6.4790539e-02
-1.2111644e-01
-2.1577528e-01
-3.8888618e-01
-6.2771487e-01
-9.1352481e-01
-1.1103317e+00
-1.1606107e+00
-9.5675039e-01
-5.6860799e-01
1.1544634e-02
6.7909145e-01
1.3248844e+00
1.8973879e+00
2.3378925e+00
2.6585097e+00
2.8580520e+00
2.9650340e+00
3.0207820e+00
3.0434804e+00
3.0896926e+00
3.1447895e+00
3.1975775e+00
3.2172413e+00
3.1988211e+00
3.1478999e+00
3.0900173e+00
3.0437846e+00
8.5696602e+00
-2.7669638e-01
-5.0159305e-01
-9.7922124e-03
-2.3321997e-04
-3.6827227e-05
2.5958526e+00
-8.0915548e-02
2.5651128e+00
3.2151420e+00
-2.6794812e-03
-3.9997064e-02
-8.9565782e-07
-1.9966418e-04
-1.0728842e+00
1.8898561e-06
-1.2145358e+00
9.8257142e-01
1.0049365e+00
-9.1023409e-01
9.0786298e-06
-8.9281499e-01
3.1717083e+00
-1.6052194e-06
-1.1455996e-03
-6.8392651e-04
-1.0561496e-02
-1.3388719e-05
3.1184165e+00
2.9388366e+00
1.3950013e-06
2.9444630e+00
-3.5905239e-06
4.3333007e-06
3.0620465e+00
-1.1762568e+00
-1.4633975e+00
-1.3631473e+00
-1.7463692e+00
-1.8625978e+00
-2.2943499e+00
-2.0313017e+00
-2.7590573e+00
-2.2609050e+00
-3.0362785e+00
-2.3860655e+00
-2.9093244e+00
-2.2471950e+00
-2.6602430e+00
-1.9444132e+00
-2.2859428e+00
-1.5050642e+00
-1.8632673e+00
-1.0756705e+00
-8.3068073e-01
-4.8320407e-01
-1.4860731e+00
-3.6212170e-01
-5.9929255e-02
-5.3680844e+00
-4.4301105e+00
-2.1792326e-02
1.5108910e-01
-2.3850963e+00
-1.6859361e+00
7.7360921e-02
8.7822348e-02
-2.1883368e+00
-2.0107555e+00
-4.1641712e+00
1.0002518e-01
1.1344769e-01
8.4261723e-02
4.7730010e-02
4.2748127e-02
3.3356804e-02
2.6176661e-02
-2.7530632e+00
-2.5493529e+00
-1.9592398e+00
-3.1627290e+00
-2.9722309e+00
-3.4694777e+00
-3.2118225e+00
-3.7273874e+00
-3.2562668e+00
-3.7099707e+00
-2.7294407e+00
-3.1373355e+00
-3.4806230e+00
-5.7953939e+00
-4.8647852e+00
1.5131239e-02
1.3732819e-02
1.1996282e-02
8.6895050e-03
-2.8292506e+00
-3.0745091e+00
-7.4034609e-02
4.5327898e-03
4.0696007e-03
2.6854456e-03
2.1775570e-03
-3.3739934e+00
1.2307680e-03
1.0440903e-03
5.7771779e-04
4.5155326e-04
-2.8082957e+00
1.3388817e-04
2.4227839e-04
1.6799581e-04
1.3098618e-04
2.3319470e-05
5.1566647e-05
-3.8770180e+00
-3.2231088e+00
-6.8492980e+00
4.4240091e-02
5.3792261e-02
-3.3644564e+00
-2.8050676e-01
4.5651395e-06
2.0775167e-05
8.9421582e-07
7.5914645e-06
2.0546160e-05
9.5506339e-06
9.2160153e-05
-1.7401843e+00
-2.4288995e+00
-2.1567600e-06
6.5073726e-04
-2.5387197e+00
4.8617884e-03
2.7782146e-02
-4.0214157e+00
-3.2203209e+00
-2.5476756e+00
-2.3514509e+00
-3.1518495e+00
-1.9502404e+00
-1.1997261e-01
-2.4913373e+00
-1.3391014e+00
-4.9206333e+00
-1.0799305e+00
-4.4786295e-01
-5.3413206e-01
2.7834913e-01
5.3832024e-01
1.0568871e+00
1.5050268e+00
5.2967868e+00
1.7716749e+00
2.3348727e+00
2.3731067e+00
2.9061873e+00
2.8105798e+00
3.3368275e+00
3.0813158e+00
3.4844506e+00
3.8750687e+00
3.8519073e+00
4.2746129e+00
4.0965004e+00
4.4907637e+00
4.1688600e+00
4.4774899e+00
4.0913610e+00
4.2595420e+00
3.9032192e+00
3.5328281e+00
3.9184425e+00
4.3592501e+00
3.8267043e+00
4.1045070e+00
7.4283695e+00
3.5260928e+00
3.5201759e+00
3.8631861e+00
3.6577783e+00
3.0262563e+00
2.8448296e+00
2.7738545e+00
2.4215674e+00
2.0452931e+00
-6.1219573e+00
-2.6709950e+00
3.0688572e+00
2.9906695e+00
4.7317576e+00
2.3801551e+00
4.8378735e+00
1.7589375e+00
1.1334217e+00
2.1290023e+00
3.3932536e+00
3.6525378e+00
3.4375350e+00
3.4603987e+00
3.3064609e+00
-3.8175276e-01
-8.9014852e-01
1.0951312e+00
3.8521755e-01
2.1270722e-01
-5.7361573e-01
-1.4492236e-01
-9.8909765e-01
-1.6902478e+00
-6.8092690e+00
-5.2826983e-01
-1.8728020e+00
-2.9371412e+00
1.3502330e+00
9.9968863e-01
-3.6629329e+00
1.7151899e-05
9.5536334e-06
-4.1122007e+00
1.3722314e-02
-4.5366712e+00
-2.6925702e+00
-1.9627466e+00
-3.7233803e+00
3.2045829e+00
-2.6831138e+00
2.4401101e-03
4.5739243e-06
-3.7463546e+00
-3.0699863e+00
5.2362110e-04
-4.5319066e+00
-4.8603568e+00
-3.3239809e-01
1.1113662e-05
-1.8885838e+00
-3.3337307e+00
-4.2375760e+00
-3.7341466e+00
-4.4264607e+00
2.6006508e-04
3.3241732e+00
3.4167209e+00
1.6996790e-01
-2.0596245e-01
3.1394825e+00
2.2096881e-01
6.0534867e-06
-4.7135115e+00
1.4479915e-05
2.0533447e-05
-3.0168912e-06
-1.2445525e-05
-3.7681732e+00
-2.2197347e+00
-2.4654508e+00
-6.7809492e-06
-8.4482463e-06
-3.9226394e+00
-4.4058461e+00
-4.9978085e+00
-4.6723118e+00
-5.1715937e+00
-4.7602835e+00
-4.4086461e+00
-4.4229145e+00
2.9965425e+00
2.9919624e+00
1.2548820e-05
-4.1312013e+00
-4.1062126e+00
-4.3433766e+00
-4.0211740e+00
-2.3981620e-06
-5.4885774e+00
1.9001582e-01
-8.9169449e-01
-8.6475062e-01
-4.6650730e-06
-5.0486189e-01
3.3035920e+00
3.3376465e+00
3.2382178e+00
3.4831970e+00
3.3317943e+00
3.4107294e+00
3.2588441e+00
3.2844031e+00
3.1299043e+00
3.0584877e+00
3.1519179e+00
-4.1967096e+00
-3.8927131e+00
-3.6946578e+00
-4.0392036e+00
-3.7942348e+00
2.6799557e-06
2.9617078e+00
8.3202265e-02
-3.9610136e+00
-3.7728934e+00
-4.0161715e+00
-3.8194883e+00
-4.1043339e+00
-5.3485088e+00
-3.0037980e+00
-1.0399328e+00
-7.9888409e-01
-1.0158091e+00
-1.8649507e+00
-2.0036218e+00
3.2595005e+00
-4.8170824e+00
-5.1270289e+00
-4.7896342e+00
-5.1685972e+00
-5.6092968e+00
-3.5068612e+00
-5.6991754e+00
-1.4525723e-05
-4.7049643e-06
-4.0614309e+00
-4.7388411e+00
-4.9617033e+00
-4.5763416e+00
-4.6875577e+00
-4.3719459e+00
-4.2340660e+00
2.7450924e-06
6.0824282e-06
-4.2764058e+00
3.0152745e+00
3.1103709e+00
-4.1514058e+00
-3.2117257e+00
-3.7587361e+00
-3.8501558e+00
-2.3626750e+00
-3.5298684e+00
-1.7504565e+00
-4.7778068e+00
4.5479980e+00
5.2243505e+00
5.3273749e+00
5.9147129e+00
5.8026304e+00
6.6231318e+00
6.4064693e+00
7.1943612e+00
6.6152077e+00
5.9711490e+00
5.9428372e+00
6.3550534e+00
5.5492764e+00
5.6002431e+00
4.8450885e+00
4.4929705e+00
4.8043995e+00
6.5157022e+00
6.3377614e+00
5.2730856e+00
5.4420156e+00
4.2238350e+00
3.9882669e+00
3.3034494e+00
3.5249989e+00
2.1238735e+00
2.2486053e+00
4.3476148e+00
3.3375337e+00
2.6543572e+00
2.0515101e+00
8.6004490e-01
7.3312974e-01
1.7656225e+00
-4.5164108e+00
-2.5960987e+00
2.6444325e+00
-1.0560680e-05
7.0622969e-01
-2.9006975e+00
-1.0866811e+00
-3.3947041e+00
3.8712531e-02
5.4993176e+00
-1.2619895e-01
-6.4911118e+00
-6.7962699e+00
-5.2701893e+00
-4.7568526e+00
-4.1828547e+00
7.3771620e+00
2.7956922e+00
2.8761039e+00
2.5751917e+00
-6.7907133e+00
-6.2517691e+00
-2.5412934e+00
-2.9173677e+00
2.7666347e+00
2.6868005e+00
-4.9867382e+00
2.1372471e+00
8.3881092e+00
-4.0484872e+00
-2.9359052e+00
1.0184292e-05
-2.7785614e+00
7.2426003e-01
4.9754190e+00
4.7104144e+00
-1.4569235e+00
-1.6447657e+00
4.4213281e+00
3.9106019e+00
-3.9598041e+00
-1.2613121e+00
2.2003250e+00
1.6261750e+00
1.1479525e-05
2.8529783e-05
2.2026341e+00
2.9630046e+00
2.5173657e+00
2.2893653e+00
3.3190112e+00
2.0393233e+00
1.8105975e+00
1.4258757e+00
-1.0946982e+00
-1.1311375e+00
-8.3625460e-01
-8.3117652e-01
-4.6617755e-01
-7.2656316e-01
-3.1118834e-01
-2.5683218e-01
-1.2360276e-01
-1.1760233e-01
-1.9659285e-01
-1.2244360e+00
-1.3581494e+00
-1.0734607e+00
-1.5496762e+00
-1.1069638e+00
-8.1205040e-01
-7.3573637e-01
-1.0228370e+00
-5.7324475e-01
-8.6473960e-01
-3.9019638e-01
-1.9838145e-01
-2.0205426e-01
-1.4873630e+00
-5.0289955e-02
-8.3674282e-02
-1.4580827e+00
-1.1956636e+00
-1.6362479e+00
-1.7643473e+00
-1.6768074e-02
-1.9752362e+00
9.3739070e-02
-1.2961056e+00
-5.9476018e-01
-8.2668918e-01
9.6036565e-01
2.1578476e+00
1.6199349e+00
5.1812010e+00
7.2291913e+00
-1.9841978e-01
-1.0761911e+00
-1.0677884e+00
-5.9548223e-01
-9.2946392e-01
2.5446298e+00
2.8158023e+00
3.2160051e+00
2.8005874e+00
7.4109225e+00
-5.1582718e-01
-4.7111793e+00
3.1734436e+00
2.4594681e+00
-3.7526587e-01
-4.8298240e+00
8.9826544e-06
-6.2711225e+00
-6.4515252e+00
-6.2725616e+00
-5.6382999e+00
-3.9155748e-01
1.6755906e+00
1.6118460e+00
-3.0929561e+00
-5.0347066e+00
-1.5021868e-01
-8.1760652e-02
-3.6496926e-02
-1.5809627e-02
-6.4386758e-03
1.2159660e-03
-8.4841959e-03
2.2943582e-02
-7.7668905e-02
-9.0031810e-03
7.9285231e-04
-1.1782421e+00
3.1155503e+00
3.0733395e+00
3.5928624e+00
1.5976547e+00
8.5965371e-01
9.4351691e-01
8.5732150e-01
5.4631529e+00
-1.8436519e+00
-8.3985049e-01
-3.8262780e-03
9.8197930e-04
-2.0992255e-03
3.0160943e-04
-1.0148128e-03
3.0620968e+00
4.0396578e-03
1.7608395e-02
-1.4097610e-03
-5.8069325e-04
-2.4737525e-04
2.1439713e-05
3.1574173e+00
8.0156298e+00
-1.6074648e+00
2.4131410e+00
2.7757865e-01
-7.0367298e-07
-3.8537413e-02
-3.4103796e-02
-1.7329914e-02
-6.2994547e-03
-1.5127417e-03
-1.8840643e-02
-8.2718112e-02
-8.3640758e-03
-4.6181396e-04
7.5715799e-03
-5.3525260e-03
1.0082525e-06
-2.0895895e-02
8.0313345e-07
3.7783620e-06
3.8465198e-05
-2.0766285e-05
5.9549067e-05
9.6250027e-05
1.7280744e-04
7.6987664e-05
3.1729162e-04
7.9373436e-05
5.5994443e-04
-3.3364951e-05
9.6609176e-04
-2.8523113e-04
1.8028752e-03
-6.7382545e-04
-2.3976604e-03
1.3196854e-03
1.5951738e-04
5.6475299e-05
-5.1999521e+00
-1.2766408e-04
-1.2736626e-04
-5.5920966e-05
-5.1993120e-04
-8.9000998e-05
-2.6355057e-05
-5.8712812e-05
-1.2749531e-05
-9.5039250e-06
-1.0673722e-05
1.9123645e-05
-1.4429886e-04
3.1037744e-05
9.8711216e-06
-4.1834423e-06
3.5015414e+00
3.6202443e+00
4.2267628e-05
7.0546657e-06
5.5173700e-06
3.0773535e+00
-1.9899333e-02
2.3548062e-06
3.3054923e-04
3.7119782e+00
-4.3272190e+00
-6.2706641e-07
-3.8083167e+00
-3.4574311e+00
-4.4160295e+00
3.0874717e+00
2.5089267e-03
5.1526062e-02
-1.6948430e-06
1.0557652e-03
-1.2909468e-01
-1.4193635e+00
3.2582955e+00
-1.7595139e-01
-8.2117426e-01
1.9561503e-02
-3.8996933e+00
6.4066544e-02
7.4879918e-06
4.9776487e+00
3.6297984e+00
-4.4051223e+00
-2.8939687e-05
3.1744623e-01
3.1615789e+00
3.0107903e+00
3.1594167e+00
3.0393927e+00
-6.1083045e+00
-1.4252106e+00
5.6449044e-05
-3.5387833e+00
3.0095632e+00
2.0304673e+00
-3.2601153e-04
1.5309306e-06
-8.6570298e-03
-7.1163714e-02
-1.5155023e+00
-2.0793381e+00
-2.0699103e+00
5.7085252e+00
-9.2619526e-01
-3.5283582e+00
-4.5695565e-06
1.4958698e+00
-1.2567774e-07
-2.2303548e+00
-7.0518836e-05
1.9614062e-01
1.1483598e-05
3.2138903e+00
3.8262918e+00
-2.5455976e+00
-4.0409393e+00
-1.3634880e+00
3.2297602e+00
-1.2596440e+00
-5.0560012e-03
-3.4592956e-01
-3.6058727e-01
2.1399124e-04
4.2292638e+00
-5.5504999e+00
-2.1254284e-04
3.3940060e+00
4.1031046e+00
-5.6303644e+00
-1.5416751e+00
-8.0729836e-01
-2.9051516e+00
-1.8522539e+00
-2.5484381e+00
-4.2841234e+00
5.1801076e+00
-2.6286399e+00
2.6576042e+00
-5.8518963e+00
-2.7060837e-01
-1.6148514e+00
4.2813320e+00
3.6517169e+00
-4.5353295e-03
-3.8860624e+00
7.6245219e-01
1.4990652e+00
-7.4333084e-01
3.5652921e-03
-2.7243385e+00
2.8556249e+00
4.2623627e-01
-1.2398845e+00
3.2403479e+00
-2.8113964e-01
-1.4286172e-01
7.5420985e+00
3.7980394e+00
-4.8645883e-04
1.9027381e+00
-2.2327523e+00
1.4057746e+00
-2.1072081e-04
9.2247548e-03
-5.4203801e+00
-4.2526870e+00
-3.5843512e-01
-1.1174583e+00
2.7759681e+00
-7.1228921e-01
-1.3912945e+00
5.1303285e-01
1.3697577e+00
6.8698459e+00
6.1851397e-06
-1.0988179e-03
-6.7903602e-01
3.2785478e+00
-4.0887036e+00
-6.2131300e+00
4.1239950e-01
-1.5993031e-05
-3.3433321e+00
5.1911507e+00
1.0010407e-01
-4.9682479e+00
2.9255776e+00
6.1511898e+00
-5.4408860e-01
-2.2332713e-03
-4.0989285e+00
-3.5972531e+00
-4.8973866e+00
1.3808024e+00
1.6191689e-02
3.0184984e+00
4.8276994e-02
5.4627175e+00
-4.4378786e+00
-3.2560591e-05
3.2101264e+00
-3.4461842e+00
-3.8226583e+00
3.6351516e+00
-1.5432620e+00
-3.6171656e+00
-3.8232741e+00
-5.3150899e-07
-4.3888378e+00
3.0331142e+00
-4.6817079e+00
3.0323286e+00
1.1213903e-02
2.7562404e+00
2.9652276e+00
-1.9456068e+00
-5.9103317e+00
-3.1604939e-06
-9.3243384e-01
4.3914022e+00
-3.2194343e+00
1.3529793e-06
-2.0568871e+00
-5.3625488e-05
2.4520228e-02
-2.0502563e+00
-2.6198252e-06
-2.9676421e+00
-4.0712667e+00
-1.9483072e-04
-5.0961175e+00
-2.2294450e+00
1.1968098e+00
-5.3173285e+00
7.0880377e-01
2.0742757e-02
-1.3380997e+00
-5.3766426e-02
-1.2995981e+00
5.8100206e-01
-4.1736989e+00
2.7551961e+00
-2.4572918e+00
3.3369098e+00
-3.8369982e+00
3.0025630e+00
2.3455694e-02
2.0907190e+00
2.9332099e+00
-4.0605735e-02
-4.4636337e-05
4.8758001e+00
-4.6838903e+00
-5.6722397e-01
-3.5458514e-01
-4.3487883e+00
-1.5997579e+00
-2.9159582e-01
-1.2913533e+00
3.7480943e-02
-4.1461220e+00
6.9035554e-01
-1.4283122e+00
3.9836867e+00
-5.5170994e+00
-5.5234427e+00
3.2071698e+00
-2.3545565e-01
2.4997351e+00
1.6793992e-06
2.7447591e+00
2.4211345e+00
-3.4410670e+00
3.6753075e+00
1.1941730e+00
3.3851314e+00
-1.5599970e-05
-1.0777004e+00
-2.4059272e+00
-3.4180789e+00
-3.2883978e+00
-5.9002295e+00
-5.2178681e-01
-4.1744337e+00
CELL_DATA 1766
FIELD FieldData 0
