# vtk DataFile Version 4.0
vtk output
ASCII
DATASET UNSTRUCTURED_GRID
POINTS 945 float
0.0000000e+00 0.0000000e+00 0.0000000e+00 
2.0000000e+00 0.0000000e+00 0.0000000e+00 
2.0000000e+00 6.0000002e-01 0.0000000e+00 
0.0000000e+00 6.0000002e-01 0.0000000e+00 
5.6000000e-01 3.0000001e-01 0.0000000e+00 
5.5884713e-01 2.8829461e-01 0.0000000e+00 
5.5543280e-01 2.7703899e-01 0.0000000e+00 
5.4988819e-01 2.6666579e-01 0.0000000e+00 
5.4242641e-01 2.5757360e-01 0.0000000e+00 
5.3333420e-01 2.5011179e-01 0.0000000e+00 
5.2296102e-01 2.4456720e-01 0.0000000e+00 
5.1170540e-01 2.4115290e-01 0.0000000e+00 
5.0000000e-01 2.3999999e-01 0.0000000e+00 
4.8829460e-01 2.4115290e-01 0.0000000e+00 
4.7703901e-01 2.4456720e-01 0.0000000e+00 
4.6666580e-01 2.5011179e-01 0.0000000e+00 
4.5757359e-01 2.5757360e-01 0.0000000e+00 
4.5011181e-01 2.6666579e-01 0.0000000e+00 
4.4456720e-01 2.7703899e-01 0.0000000e+00 
4.4115290e-01 2.8829461e-01 0.0000000e+00 
4.4000000e-01 3.0000001e-01 0.0000000e+00 
4.4115290e-01 3.1170541e-01 0.0000000e+00 
4.4456720e-01 3.2296100e-01 0.0000000e+00 
4.5011181e-01 3.3333421e-01 0.0000000e+00 
4.5757359e-01 3.4242639e-01 0.0000000e+00 
4.6666580e-01 3.4988821e-01 0.0000000e+00 
4.7703901e-01 3.5543281e-01 0.0000000e+00 
4.8829460e-01 3.5884711e-01 0.0000000e+00 
5.0000000e-01 3.6000001e-01 0.0000000e+00 
5.1170540e-01 3.5884711e-01 0.0000000e+00 
5.2296102e-01 3.5543281e-01 0.0000000e+00 
5.3333420e-01 3.4988821e-01 0.0000000e+00 
5.4242641e-01 3.4242639e-01 0.0000000e+00 
5.4988819e-01 3.3333421e-01 0.0000000e+00 
5.5543280e-01 3.2296100e-01 0.0000000e+00 
5.5884713e-01 3.1170541e-01 0.0000000e+00 
5.9016321e-02 0.0000000e+00 0.0000000e+00 
1.1803260e-01 0.0000000e+00 0.0000000e+00 
1.7704900e-01 0.0000000e+00 0.0000000e+00 
2.3587100e-01 0.0000000e+00 0.0000000e+00 
2.9085249e-01 0.0000000e+00 0.0000000e+00 
3.4144861e-01 0.0000000e+00 0.0000000e+00 
3.8872591e-01 0.0000000e+00 0.0000000e+00 
4.3368599e-01 0.0000000e+00 0.0000000e+00 
4.7725680e-01 0.0000000e+00 0.0000000e+00 
5.2034539e-01 0.0000000e+00 0.0000000e+00 
5.6386721e-01 0.0000000e+00 0.0000000e+00 
6.0872579e-01 0.0000000e+00 0.0000000e+00 
6.5584701e-01 0.0000000e+00 0.0000000e+00 
7.0623368e-01 0.0000000e+00 0.0000000e+00 
7.6094180e-01 0.0000000e+00 0.0000000e+00 
8.1967372e-01 0.0000000e+00 0.0000000e+00 
8.7868989e-01 0.0000000e+00 0.0000000e+00 
9.3770629e-01 0.0000000e+00 0.0000000e+00 
9.9672258e-01 0.0000000e+00 0.0000000e+00 
1.0557390e+00 0.0000000e+00 0.0000000e+00 
1.1147550e+00 0.0000000e+00 0.0000000e+00 
1.1737720e+00 0.0000000e+00 0.0000000e+00 
1.2327880e+00 0.0000000e+00 0.0000000e+00 
1.2918040e+00 0.0000000e+00 0.0000000e+00 
1.3508210e+00 0.0000000e+00 0.0000000e+00 
1.4098370e+00 0.0000000e+00 0.0000000e+00 
1.4688530e+00 0.0000000e+00 0.0000000e+00 
1.5278690e+00 0.0000000e+00 0.0000000e+00 
1.5868860e+00 0.0000000e+00 0.0000000e+00 
1.6459020e+00 0.0000000e+00 0.0000000e+00 
1.7049180e+00 0.0000000e+00 0.0000000e+00 
1.7639350e+00 0.0000000e+00 0.0000000e+00 
1.8229510e+00 0.0000000e+00 0.0000000e+00 
1.8819669e+00 0.0000000e+00 0.0000000e+00 
1.9409840e+00 0.0000000e+00 0.0000000e+00 
2.0000000e+00 5.9999999e-02 0.0000000e+00 
2.0000000e+00 1.2000000e-01 0.0000000e+00 
2.0000000e+00 1.8000001e-01 0.0000000e+00 
2.0000000e+00 2.3999999e-01 0.0000000e+00 
2.0000000e+00 3.0000001e-01 0.0000000e+00 
2.0000000e+00 3.6000001e-01 0.0000000e+00 
2.0000000e+00 4.1999999e-01 0.0000000e+00 
2.0000000e+00 4.7999999e-01 0.0000000e+00 
2.0000000e+00 5.4000002e-01 0.0000000e+00 
1.9409840e+00 6.0000002e-01 0.0000000e+00 
1.8819669e+00 6.0000002e-01 0.0000000e+00 
1.8229510e+00 6.0000002e-01 0.0000000e+00 
1.7639350e+00 6.0000002e-01 0.0000000e+00 
1.7049180e+00 6.0000002e-01 0.0000000e+00 
1.6459020e+00 6.0000002e-01 0.0000000e+00 
1.5868860e+00 6.0000002e-01 0.0000000e+00 
1.5278690e+00 6.0000002e-01 0.0000000e+00 
1.4688530e+00 6.0000002e-01 0.0000000e+00 
1.4098370e+00 6.0000002e-01 0.0000000e+00 
1.3508210e+00 6.0000002e-01 0.0000000e+00 
1.2918040e+00 6.0000002e-01 0.0000000e+00 
1.2327880e+00 6.0000002e-01 0.0000000e+00 
1.1737720e+00 6.0000002e-01 0.0000000e+00 
1.1147550e+00 6.0000002e-01 0.0000000e+00 
1.0557390e+00 6.0000002e-01 0.0000000e+00 
9.9672258e-01 6.0000002e-01 0.0000000e+00 
9.3770629e-01 6.0000002e-01 0.0000000e+00 
8.7868989e-01 6.0000002e-01 0.0000000e+00 
8.1967372e-01 6.0000002e-01 0.0000000e+00 
7.6094180e-01 6.0000002e-01 0.0000000e+00 
7.0623368e-01 6.0000002e-01 0.0000000e+00 
6.5584701e-01 6.0000002e-01 0.0000000e+00 
6.0872579e-01 6.0000002e-01 0.0000000e+00 
5.6386721e-01 6.0000002e-01 0.0000000e+00 
5.2034539e-01 6.0000002e-01 0.0000000e+00 
4.7725680e-01 6.0000002e-01 0.0000000e+00 
4.3368599e-01 6.0000002e-01 0.0000000e+00 
3.8872591e-01 6.0000002e-01 0.0000000e+00 
3.4144861e-01 6.0000002e-01 0.0000000e+00 
2.9085249e-01 6.0000002e-01 0.0000000e+00 
2.3587100e-01 6.0000002e-01 0.0000000e+00 
1.7704900e-01 6.0000002e-01 0.0000000e+00 
1.1803260e-01 6.0000002e-01 0.0000000e+00 
5.9016321e-02 6.0000002e-01 0.0000000e+00 
0.0000000e+00 5.4000002e-01 0.0000000e+00 
0.0000000e+00 4.7999999e-01 0.0000000e+00 
0.0000000e+00 4.1999999e-01 0.0000000e+00 
0.0000000e+00 3.6000001e-01 0.0000000e+00 
0.0000000e+00 3.0000001e-01 0.0000000e+00 
0.0000000e+00 2.3999999e-01 0.0000000e+00 
0.0000000e+00 1.8000001e-01 0.0000000e+00 
0.0000000e+00 1.2000000e-01 0.0000000e+00 
0.0000000e+00 5.9999999e-02 0.0000000e+00 
4.3026751e-01 3.0683401e-01 0.0000000e+00 
8.4908241e-01 5.5269438e-01 0.0000000e+00 
7.8790653e-01 5.1802918e-02 0.0000000e+00 
1.1430219e+00 5.0576471e-02 0.0000000e+00 
1.4415160e+00 5.0573289e-02 0.0000000e+00 
1.6754100e+00 5.5038619e-01 0.0000000e+00 
2.6041579e-01 5.2875768e-02 0.0000000e+00 
9.6895182e-01 5.0380111e-02 0.0000000e+00 
2.6302171e-01 5.5612308e-01 0.0000000e+00 
5.5065349e-02 2.6500449e-01 0.0000000e+00 
1.2615570e+00 5.4759312e-01 0.0000000e+00 
1.0253479e+00 5.4886931e-01 0.0000000e+00 
1.6201590e+00 5.4130111e-02 0.0000000e+00 
1.4979730e+00 5.5115038e-01 0.0000000e+00 
6.7900127e-01 5.5979192e-01 0.0000000e+00 
1.9463980e+00 2.6800990e-01 0.0000000e+00 
6.3145077e-01 3.8099781e-02 0.0000000e+00 
4.1331020e-01 5.6811810e-01 0.0000000e+00 
4.1231820e-01 3.8809739e-02 0.0000000e+00 
5.4410732e-01 5.6000441e-01 0.0000000e+00 
1.7962800e+00 5.9606131e-02 0.0000000e+00 
5.4468262e-01 3.7558820e-02 0.0000000e+00 
4.9130220e-02 3.9247900e-01 0.0000000e+00 
1.9509200e+00 3.8997239e-01 0.0000000e+00 
1.3233820e+00 4.9667731e-02 0.0000000e+00 
1.3821890e+00 5.4839480e-01 0.0000000e+00 
1.1434870e+00 5.4837209e-01 0.0000000e+00 
1.7959980e+00 5.4855859e-01 0.0000000e+00 
4.9401909e-02 1.5067521e-01 0.0000000e+00 
1.4989950e-01 5.5529898e-01 0.0000000e+00 
1.9519399e+00 1.5339760e-01 0.0000000e+00 
1.4754079e-01 5.1025499e-02 0.0000000e+00 
1.9506550e+00 5.1069498e-01 0.0000000e+00 
1.9114760e+00 5.1109631e-02 0.0000000e+00 
4.9216151e-02 5.0927132e-01 0.0000000e+00 
5.8710063e-01 3.6655251e-02 0.0000000e+00 
6.0428280e-01 7.4787550e-02 0.0000000e+00 
6.4929068e-01 7.4443869e-02 0.0000000e+00 
6.2715179e-01 1.0633790e-01 0.0000000e+00 
5.9329480e-01 1.0799770e-01 0.0000000e+00 
6.0949302e-01 1.3488390e-01 0.0000000e+00 
6.4123279e-01 1.3555969e-01 0.0000000e+00 
6.2006623e-01 1.6328260e-01 0.0000000e+00 
6.5316749e-01 1.6381399e-01 0.0000000e+00 
6.3351321e-01 1.8958050e-01 0.0000000e+00 
6.6427898e-01 1.8941709e-01 0.0000000e+00 
6.4933020e-01 2.1180780e-01 0.0000000e+00 
6.7645937e-01 2.1359310e-01 0.0000000e+00 
6.6097301e-01 2.3410480e-01 0.0000000e+00 
6.8796802e-01 2.3757669e-01 0.0000000e+00 
6.7103261e-01 2.5876111e-01 0.0000000e+00 
6.9990993e-01 2.6214910e-01 0.0000000e+00 
6.8101048e-01 2.8387409e-01 0.0000000e+00 
7.1248281e-01 2.8716281e-01 0.0000000e+00 
7.2971261e-01 2.6349890e-01 0.0000000e+00 
7.4486363e-01 2.9076719e-01 0.0000000e+00 
6.9556361e-01 3.0985960e-01 0.0000000e+00 
7.6406652e-01 2.6318431e-01 0.0000000e+00 
7.8114778e-01 2.9619500e-01 0.0000000e+00 
5.5403137e-01 2.5565761e-01 0.0000000e+00 
5.6691158e-01 2.7902979e-01 0.0000000e+00 
8.0246252e-01 2.6402649e-01 0.0000000e+00 
8.2167560e-01 3.0103979e-01 0.0000000e+00 
5.7978672e-01 1.3316999e-01 0.0000000e+00 
6.9627529e-01 1.8651520e-01 0.0000000e+00 
8.4832448e-01 2.6130950e-01 0.0000000e+00 
8.6857778e-01 3.0716091e-01 0.0000000e+00 
6.6883779e-01 3.0851370e-01 0.0000000e+00 
6.8001598e-01 3.3176759e-01 0.0000000e+00 
5.6956083e-01 3.0685109e-01 0.0000000e+00 
8.9643359e-01 2.6652190e-01 0.0000000e+00 
9.1803229e-01 3.1445420e-01 0.0000000e+00 
9.4838840e-01 2.6944679e-01 0.0000000e+00 
9.7196358e-01 3.1528941e-01 0.0000000e+00 
1.0020620e+00 2.7188951e-01 0.0000000e+00 
1.0263140e+00 3.1974381e-01 0.0000000e+00 
1.0557370e+00 2.7577680e-01 0.0000000e+00 
6.5179992e-01 3.3081001e-01 0.0000000e+00 
6.6418201e-01 3.5163379e-01 0.0000000e+00 
6.8745148e-01 3.5866591e-01 0.0000000e+00 
6.4083183e-01 3.5175639e-01 0.0000000e+00 
6.5020132e-01 3.7057751e-01 0.0000000e+00 
6.2925631e-01 3.6861771e-01 0.0000000e+00 
6.3750827e-01 3.8906679e-01 0.0000000e+00 
6.1479098e-01 3.8505989e-01 0.0000000e+00 
6.2451601e-01 4.0700281e-01 0.0000000e+00 
6.0271370e-01 4.0461549e-01 0.0000000e+00 
6.4791143e-01 4.1049060e-01 0.0000000e+00 
6.1149168e-01 4.2533240e-01 0.0000000e+00 
5.8940130e-01 4.2314041e-01 0.0000000e+00 
5.4590571e-01 3.5405469e-01 0.0000000e+00 
5.5933821e-01 3.3214769e-01 0.0000000e+00 
1.0820900e+00 3.2265610e-01 0.0000000e+00 
1.1129040e+00 2.7988619e-01 0.0000000e+00 
1.1385900e+00 3.3131590e-01 0.0000000e+00 
1.1718310e+00 2.8342861e-01 0.0000000e+00 
5.9854919e-01 4.4447681e-01 0.0000000e+00 
5.7566178e-01 4.4153079e-01 0.0000000e+00 
8.0048358e-01 3.3398119e-01 0.0000000e+00 
1.1962050e+00 3.3624330e-01 0.0000000e+00 
1.2286429e+00 2.8668931e-01 0.0000000e+00 
1.2540359e+00 3.3862561e-01 0.0000000e+00 
1.2863950e+00 2.8994620e-01 0.0000000e+00 
6.1140192e-01 1.8628950e-01 0.0000000e+00 
1.3121480e+00 3.4238011e-01 0.0000000e+00 
1.3446890e+00 2.9366851e-01 0.0000000e+00 
1.3705840e+00 3.4558439e-01 0.0000000e+00 
1.4032860e+00 2.9774809e-01 0.0000000e+00 
6.4617378e-01 3.0788270e-01 0.0000000e+00 
1.4291511e+00 3.4956750e-01 0.0000000e+00 
1.4618640e+00 3.0163100e-01 0.0000000e+00 
1.4877310e+00 3.5457411e-01 0.0000000e+00 
1.5206050e+00 3.0603161e-01 0.0000000e+00 
1.5464530e+00 3.5889450e-01 0.0000000e+00 
1.5793800e+00 3.1008351e-01 0.0000000e+00 
5.6763572e-01 4.1851109e-01 0.0000000e+00 
5.5408603e-01 4.3793961e-01 0.0000000e+00 
5.2029008e-01 3.6688760e-01 0.0000000e+00 
9.4794089e-01 3.6647639e-01 0.0000000e+00 
8.7384099e-01 2.2074890e-01 0.0000000e+00 
6.3348472e-01 2.3041780e-01 0.0000000e+00 
7.8118002e-01 2.2578520e-01 0.0000000e+00 
1.6052290e+00 3.6304700e-01 0.0000000e+00 
1.6382140e+00 3.1413361e-01 0.0000000e+00 
1.6641290e+00 3.6722910e-01 0.0000000e+00 
1.6971480e+00 3.1819481e-01 0.0000000e+00 
1.6712240e+00 2.6505721e-01 0.0000000e+00 
1.7302210e+00 2.6912081e-01 0.0000000e+00 
1.5534170e+00 2.5684619e-01 0.0000000e+00 
6.7181969e-01 1.4093800e-01 0.0000000e+00 
5.8596748e-01 4.6394360e-01 0.0000000e+00 
1.7230920e+00 3.7133509e-01 0.0000000e+00 
1.3771909e+00 2.4454120e-01 0.0000000e+00 
6.2249678e-01 4.4700289e-01 0.0000000e+00 
1.2033920e+00 2.3449400e-01 0.0000000e+00 
1.0287880e+00 2.3015590e-01 0.0000000e+00 
5.4669750e-01 4.1895449e-01 0.0000000e+00 
5.3373671e-01 4.3515179e-01 0.0000000e+00 
5.4073101e-01 4.5481020e-01 0.0000000e+00 
5.1996583e-01 4.5137540e-01 0.0000000e+00 
5.1387292e-01 4.2921981e-01 0.0000000e+00 
4.9935541e-01 4.4742331e-01 0.0000000e+00 
4.5565760e-01 3.5403141e-01 0.0000000e+00 
4.9349809e-01 4.2846820e-01 0.0000000e+00 
4.7935709e-01 4.4358870e-01 0.0000000e+00 
4.7970989e-01 3.6688760e-01 0.0000000e+00 
4.8592600e-01 4.6396780e-01 0.0000000e+00 
4.6443069e-01 4.5930001e-01 0.0000000e+00 
4.5825541e-01 4.3536639e-01 0.0000000e+00 
4.4286779e-01 4.5335940e-01 0.0000000e+00 
4.3592349e-01 4.3169260e-01 0.0000000e+00 
4.2123440e-01 4.4813421e-01 0.0000000e+00 
4.1462469e-01 4.2622849e-01 0.0000000e+00 
4.3825611e-01 3.3387709e-01 0.0000000e+00 
3.9864141e-01 4.4291711e-01 0.0000000e+00 
3.9200109e-01 4.1997111e-01 0.0000000e+00 
3.7504819e-01 4.3754801e-01 0.0000000e+00 
3.6926591e-01 4.1456231e-01 0.0000000e+00 
3.5052001e-01 4.3156540e-01 0.0000000e+00 
3.4640020e-01 4.0321410e-01 0.0000000e+00 
3.2338160e-01 4.2558259e-01 0.0000000e+00 
3.1625420e-01 3.9745620e-01 0.0000000e+00 
3.3599329e-01 3.7658459e-01 0.0000000e+00 
3.0888751e-01 3.6996761e-01 0.0000000e+00 
3.2846531e-01 3.5015899e-01 0.0000000e+00 
3.0453789e-01 3.4228960e-01 0.0000000e+00 
3.2241219e-01 3.2376000e-01 0.0000000e+00 
2.9612821e-01 3.1610900e-01 0.0000000e+00 
3.1577420e-01 2.9729351e-01 0.0000000e+00 
2.8885421e-01 2.8886101e-01 0.0000000e+00 
3.0968001e-01 2.6928011e-01 0.0000000e+00 
2.8137040e-01 2.6060769e-01 0.0000000e+00 
2.8570160e-01 3.8790971e-01 0.0000000e+00 
3.0315241e-01 2.4067999e-01 0.0000000e+00 
3.3230671e-01 2.5245121e-01 0.0000000e+00 
3.2487640e-01 2.2290690e-01 0.0000000e+00 
3.5372531e-01 2.3027760e-01 0.0000000e+00 
4.3461740e-01 2.7961159e-01 0.0000000e+00 
3.4512779e-01 2.0528039e-01 0.0000000e+00 
3.6950600e-01 2.1069451e-01 0.0000000e+00 
2.6638910e-01 3.1392881e-01 0.0000000e+00 
2.7405229e-01 2.3109850e-01 0.0000000e+00 
3.6342499e-01 1.8842390e-01 0.0000000e+00 
3.8558939e-01 1.9589300e-01 0.0000000e+00 
4.4520050e-01 2.5469631e-01 0.0000000e+00 
3.8103029e-01 1.7263541e-01 0.0000000e+00 
4.0200421e-01 1.8057050e-01 0.0000000e+00 
4.9249741e-01 2.2787590e-01 0.0000000e+00 
4.6605590e-01 2.3826469e-01 0.0000000e+00 
3.3931601e-01 1.7988220e-01 0.0000000e+00 
3.8745371e-01 3.9799151e-01 0.0000000e+00 
3.5741779e-01 2.5419459e-01 0.0000000e+00 
3.5627639e-01 4.5751181e-01 0.0000000e+00 
3.4765261e-01 3.3191890e-01 0.0000000e+00 
3.9811629e-01 1.5518570e-01 0.0000000e+00 
4.2193061e-01 1.6662900e-01 0.0000000e+00 
3.7476501e-01 1.4610679e-01 0.0000000e+00 
3.9139041e-01 2.1633980e-01 0.0000000e+00 
2.5018540e-01 2.5338060e-01 0.0000000e+00 
2.4227400e-01 2.1673180e-01 0.0000000e+00 
2.1296521e-01 2.4632980e-01 0.0000000e+00 
2.0310380e-01 2.0643540e-01 0.0000000e+00 
4.7074649e-01 4.8204380e-01 0.0000000e+00 
4.9385741e-01 4.8678511e-01 0.0000000e+00 
4.1766569e-01 1.3875820e-01 0.0000000e+00 
4.3951231e-01 1.4885530e-01 0.0000000e+00 
4.4284999e-01 1.6929220e-01 0.0000000e+00 
4.6074921e-01 1.5907930e-01 0.0000000e+00 
4.5701310e-01 1.3411739e-01 0.0000000e+00 
4.7804150e-01 1.4308280e-01 0.0000000e+00 
4.8207700e-01 1.6432039e-01 0.0000000e+00 
5.2000839e-01 2.3249920e-01 0.0000000e+00 
4.7522539e-01 1.1890660e-01 0.0000000e+00 
4.9824399e-01 1.5124670e-01 0.0000000e+00 
5.0239080e-01 1.7379840e-01 0.0000000e+00 
4.0624869e-01 4.6688080e-01 0.0000000e+00 
4.2919409e-01 4.1243970e-01 0.0000000e+00 
6.2043011e-01 3.4884781e-01 0.0000000e+00 
1.7042540e+00 2.1590130e-01 0.0000000e+00 
1.7632940e+00 2.2000070e-01 0.0000000e+00 
5.9477502e-01 3.8850871e-01 0.0000000e+00 
1.1047130e+00 3.7971979e-01 0.0000000e+00 
5.5632508e-01 4.0331629e-01 0.0000000e+00 
5.1673311e-01 1.5979400e-01 0.0000000e+00 
5.1686460e-01 1.3875850e-01 0.0000000e+00 
5.2089018e-01 1.7866670e-01 0.0000000e+00 
2.3531640e-01 1.7608330e-01 0.0000000e+00 
4.8605490e-01 1.8340071e-01 0.0000000e+00 
1.2225550e+00 3.8796490e-01 0.0000000e+00 
1.7893510e+00 2.7321759e-01 0.0000000e+00 
5.0436419e-01 4.1349870e-01 0.0000000e+00 
4.8793069e-01 4.1161671e-01 0.0000000e+00 
1.3432890e+00 3.9487341e-01 0.0000000e+00 
4.9844569e-01 3.9902619e-01 0.0000000e+00 
5.1288861e-01 4.0051869e-01 0.0000000e+00 
4.7826111e-01 5.0721961e-01 0.0000000e+00 
1.5723439e+00 4.1086179e-01 0.0000000e+00 
5.6928509e-01 1.1216540e-01 0.0000000e+00 
5.3438342e-01 1.6713411e-01 0.0000000e+00 
5.3660733e-01 1.8530799e-01 0.0000000e+00 
5.5097228e-01 1.7492341e-01 0.0000000e+00 
5.5329382e-01 1.9238080e-01 0.0000000e+00 
1.4477730e+00 4.0997440e-01 0.0000000e+00 
1.7183121e-01 2.3577370e-01 0.0000000e+00 
1.8385801e-01 2.7833050e-01 0.0000000e+00 
4.5149651e-01 1.1040960e-01 0.0000000e+00 
4.7247219e-01 9.1955133e-02 0.0000000e+00 
1.9255680e-01 1.6331930e-01 0.0000000e+00 
4.5135620e-01 5.0161749e-01 0.0000000e+00 
1.8225530e+00 2.2401039e-01 0.0000000e+00 
5.2494282e-01 1.9506520e-01 0.0000000e+00 
1.7372680e+00 1.6678140e-01 0.0000000e+00 
1.6782570e+00 1.6271511e-01 0.0000000e+00 
1.6900350e+00 4.2038351e-01 0.0000000e+00 
1.7490560e+00 4.2454061e-01 0.0000000e+00 
4.8329440e-01 3.9614201e-01 0.0000000e+00 
4.7259709e-01 4.0761891e-01 0.0000000e+00 
4.6829471e-01 3.9267531e-01 0.0000000e+00 
1.7821480e+00 3.7544200e-01 0.0000000e+00 
1.8081650e+00 4.2873210e-01 0.0000000e+00 
5.6767190e-01 1.8248910e-01 0.0000000e+00 
5.6965590e-01 1.9964610e-01 0.0000000e+00 
5.5310482e-01 2.0997940e-01 0.0000000e+00 
5.7153863e-01 2.1648981e-01 0.0000000e+00 
5.5832732e-01 2.2570750e-01 0.0000000e+00 
5.7294083e-01 2.3188220e-01 0.0000000e+00 
5.8571517e-01 2.2277141e-01 0.0000000e+00 
5.8722973e-01 2.3849240e-01 0.0000000e+00 
2.2661661e-01 1.3415439e-01 0.0000000e+00 
2.6798990e-01 1.4730521e-01 0.0000000e+00 
1.7105891e+00 1.1396340e-01 0.0000000e+00 
5.9993339e-01 2.2935030e-01 0.0000000e+00 
6.0129720e-01 2.4530940e-01 0.0000000e+00 
5.8868867e-01 2.5420901e-01 0.0000000e+00 
6.0235012e-01 2.6110700e-01 0.0000000e+00 
1.8387530e+00 3.7525591e-01 0.0000000e+00 
5.4489303e-01 2.2099259e-01 0.0000000e+00 
4.5784310e-01 5.2955812e-01 0.0000000e+00 
5.1062381e-01 5.1103139e-01 0.0000000e+00 
4.9833831e-01 1.0296860e-01 0.0000000e+00 
1.8639690e+00 4.2541769e-01 0.0000000e+00 
4.9523690e-01 7.3985048e-02 0.0000000e+00 
1.3844220e-01 2.6736441e-01 0.0000000e+00 
1.5088230e-01 3.1097111e-01 0.0000000e+00 
1.2641050e-01 2.2494370e-01 0.0000000e+00 
2.0287590e-01 3.2045639e-01 0.0000000e+00 
1.6756350e-01 3.5410741e-01 0.0000000e+00 
2.1099889e-01 3.6507410e-01 0.0000000e+00 
1.8053800e-01 3.9719370e-01 0.0000000e+00 
2.2913329e-01 4.0715241e-01 0.0000000e+00 
1.9421770e-01 4.3993911e-01 0.0000000e+00 
2.3865750e-01 4.5007020e-01 0.0000000e+00 
1.4811151e-01 4.3034700e-01 0.0000000e+00 
5.9036589e-01 2.6973200e-01 0.0000000e+00 
6.0372931e-01 2.7649191e-01 0.0000000e+00 
6.1619169e-01 2.6624000e-01 0.0000000e+00 
5.9138829e-01 2.8492469e-01 0.0000000e+00 
6.0468042e-01 2.9163459e-01 0.0000000e+00 
1.8453060e+00 2.7996099e-01 0.0000000e+00 
2.0954210e-01 4.8537201e-01 0.0000000e+00 
4.6530190e-01 6.3733928e-02 0.0000000e+00 
5.9247959e-01 2.9992181e-01 0.0000000e+00 
6.0560697e-01 3.0666059e-01 0.0000000e+00 
5.9351093e-01 3.1494951e-01 0.0000000e+00 
6.0633099e-01 3.2174519e-01 0.0000000e+00 
5.9430778e-01 3.2937449e-01 0.0000000e+00 
4.9347320e-01 3.8454881e-01 0.0000000e+00 
5.5062449e-01 1.5674770e-01 0.0000000e+00 
4.5774269e-01 4.0380031e-01 0.0000000e+00 
4.5300320e-01 3.8926181e-01 0.0000000e+00 
5.2078158e-01 8.5589677e-02 0.0000000e+00 
5.2809721e-01 4.7261381e-01 0.0000000e+00 
5.4998982e-01 4.7740239e-01 0.0000000e+00 
1.1647230e-01 3.4303319e-01 0.0000000e+00 
5.4025501e-01 4.0216339e-01 0.0000000e+00 
5.4931629e-01 3.8893181e-01 0.0000000e+00 
5.6429678e-01 3.8917771e-01 0.0000000e+00 
5.5815691e-01 3.7613159e-01 0.0000000e+00 
5.3233409e-01 3.8730109e-01 0.0000000e+00 
6.1810511e-01 2.9840681e-01 0.0000000e+00 
5.4633558e-01 2.3408321e-01 0.0000000e+00 
1.7233150e+00 4.7115931e-01 0.0000000e+00 
1.6544410e+00 4.6960419e-01 0.0000000e+00 
5.9817278e-01 2.1342160e-01 0.0000000e+00 
5.7312608e-01 3.7630349e-01 0.0000000e+00 
5.6664068e-01 3.6344349e-01 0.0000000e+00 
5.8089459e-01 3.6333910e-01 0.0000000e+00 
5.7436389e-01 3.5058859e-01 0.0000000e+00 
5.8890998e-01 3.5140380e-01 0.0000000e+00 
5.9597099e-01 3.6360300e-01 0.0000000e+00 
1.8871840e+00 2.3216370e-01 0.0000000e+00 
1.8613670e+00 1.6699770e-01 0.0000000e+00 
5.8043772e-01 3.2325599e-01 0.0000000e+00 
1.8341640e-01 1.2044960e-01 0.0000000e+00 
1.4539170e-01 1.4803199e-01 0.0000000e+00 
5.2981251e-01 4.1606659e-01 0.0000000e+00 
6.3278657e-01 3.2098520e-01 0.0000000e+00 
4.9883649e-01 1.9035070e-01 0.0000000e+00 
4.8866749e-01 1.9995619e-01 0.0000000e+00 
4.7372600e-01 1.9428051e-01 0.0000000e+00 
4.7687241e-01 2.0988560e-01 0.0000000e+00 
4.6230760e-01 2.0519090e-01 0.0000000e+00 
5.0175709e-01 2.0284539e-01 0.0000000e+00 
3.7420979e-01 2.4249861e-01 0.0000000e+00 
3.7680081e-01 2.5999850e-01 0.0000000e+00 
3.6377189e-01 2.7359021e-01 0.0000000e+00 
3.8147151e-01 2.7786380e-01 0.0000000e+00 
3.9390230e-01 2.6630861e-01 0.0000000e+00 
3.9790910e-01 2.8215069e-01 0.0000000e+00 
3.8660839e-01 2.9399589e-01 0.0000000e+00 
4.0266559e-01 2.9749459e-01 0.0000000e+00 
3.9230630e-01 3.0959940e-01 0.0000000e+00 
3.7539089e-01 3.0645579e-01 0.0000000e+00 
3.8165531e-01 3.2178041e-01 0.0000000e+00 
3.9764741e-01 3.2483751e-01 0.0000000e+00 
3.8738471e-01 3.3702531e-01 0.0000000e+00 
4.0318671e-01 3.3988059e-01 0.0000000e+00 
3.9298999e-01 3.5206911e-01 0.0000000e+00 
4.0884519e-01 3.5489669e-01 0.0000000e+00 
3.7592891e-01 3.5095471e-01 0.0000000e+00 
4.1221961e-01 3.2815641e-01 0.0000000e+00 
4.0885890e-01 2.7070051e-01 0.0000000e+00 
4.0606499e-01 2.5576550e-01 0.0000000e+00 
4.2036530e-01 2.6073930e-01 0.0000000e+00 
4.1758421e-01 2.4588020e-01 0.0000000e+00 
3.9879280e-01 3.6719501e-01 0.0000000e+00 
4.1457930e-01 3.6959961e-01 0.0000000e+00 
4.2435291e-01 3.5784501e-01 0.0000000e+00 
4.3005049e-01 3.7181091e-01 0.0000000e+00 
4.2064139e-01 3.8399899e-01 0.0000000e+00 
4.0332180e-01 2.4100940e-01 0.0000000e+00 
4.1523230e-01 2.3128320e-01 0.0000000e+00 
4.2901969e-01 2.3581611e-01 0.0000000e+00 
4.2680249e-01 2.2116630e-01 0.0000000e+00 
4.4072181e-01 2.2622180e-01 0.0000000e+00 
4.3834931e-01 2.1132030e-01 0.0000000e+00 
4.2324290e-01 2.0628519e-01 0.0000000e+00 
5.7600939e-01 2.6372889e-01 0.0000000e+00 
4.6461701e-01 3.7602729e-01 0.0000000e+00 
4.4586849e-01 3.4520641e-01 0.0000000e+00 
1.8224460e+00 4.8960349e-01 0.0000000e+00 
4.3567330e-01 1.9562960e-01 0.0000000e+00 
5.9315038e-01 1.5660501e-01 0.0000000e+00 
4.5945361e-01 1.9019520e-01 0.0000000e+00 
6.2804931e-01 2.1075760e-01 0.0000000e+00 
4.4690049e-01 3.7500271e-01 0.0000000e+00 
4.3590689e-01 2.6693821e-01 0.0000000e+00 
4.5538360e-01 2.4537770e-01 0.0000000e+00 
5.3253782e-01 3.6093631e-01 0.0000000e+00 
5.0687999e-01 3.7203360e-01 0.0000000e+00 
5.5479759e-01 3.4289679e-01 0.0000000e+00 
4.7859880e-01 2.3292100e-01 0.0000000e+00 
5.6951690e-01 2.9091081e-01 0.0000000e+00 
4.3251589e-01 3.2153201e-01 0.0000000e+00 
2.5864059e-01 4.9322551e-01 0.0000000e+00 
2.8119770e-01 4.6436489e-01 0.0000000e+00 
2.9712620e-01 4.9769270e-01 0.0000000e+00 
5.0679362e-01 2.2942559e-01 0.0000000e+00 
5.1640040e-01 2.1935740e-01 0.0000000e+00 
6.5671778e-01 2.8741741e-01 0.0000000e+00 
6.4681822e-01 2.6546481e-01 0.0000000e+00 
2.6161829e-01 1.0442510e-01 0.0000000e+00 
2.9914159e-01 1.2133270e-01 0.0000000e+00 
5.3835911e-01 2.0090669e-01 0.0000000e+00 
4.1076070e-01 4.0288219e-01 0.0000000e+00 
4.2847160e-01 2.9058349e-01 0.0000000e+00 
5.8385968e-01 4.0419951e-01 0.0000000e+00 
4.6758640e-01 2.2237021e-01 0.0000000e+00 
1.7680900e+00 1.1666990e-01 0.0000000e+00 
4.6705061e-01 3.6164391e-01 0.0000000e+00 
4.2953780e-01 5.2015013e-01 0.0000000e+00 
3.4222049e-01 3.0633521e-01 0.0000000e+00 
3.3303869e-01 2.8045291e-01 0.0000000e+00 
5.3547281e-01 4.9663380e-01 0.0000000e+00 
5.6233060e-01 5.0093198e-01 0.0000000e+00 
3.5305610e-01 3.5562491e-01 0.0000000e+00 
3.6326250e-01 3.7681499e-01 0.0000000e+00 
5.8255208e-01 1.8968870e-01 0.0000000e+00 
5.6585908e-01 6.7596443e-02 0.0000000e+00 
3.1423870e-01 5.6071562e-01 0.0000000e+00 
3.6825681e-01 5.5769640e-01 0.0000000e+00 
1.6511329e+00 1.0926090e-01 0.0000000e+00 
1.6192470e+00 1.5863900e-01 0.0000000e+00 
3.1425080e-01 3.9930049e-02 0.0000000e+00 
3.1129351e-01 1.6085930e-01 0.0000000e+00 
3.3299991e-01 1.3328290e-01 0.0000000e+00 
3.3072019e-01 1.0009960e-01 0.0000000e+00 
2.7850899e-01 1.8997809e-01 0.0000000e+00 
3.6250210e-01 1.1719080e-01 0.0000000e+00 
3.6242679e-01 7.9823360e-02 0.0000000e+00 
3.9215559e-01 9.3917303e-02 0.0000000e+00 
6.7704421e-01 3.9422091e-02 0.0000000e+00 
6.9158012e-01 7.9496212e-02 0.0000000e+00 
7.2696608e-01 4.4044841e-02 0.0000000e+00 
7.3696113e-01 9.5335990e-02 0.0000000e+00 
7.9171729e-01 1.0606610e-01 0.0000000e+00 
7.5707722e-01 1.3865989e-01 0.0000000e+00 
8.0465728e-01 1.5881000e-01 0.0000000e+00 
8.4009641e-01 1.2030350e-01 0.0000000e+00 
8.5441029e-01 1.6780110e-01 0.0000000e+00 
8.9020813e-01 1.3047090e-01 0.0000000e+00 
8.7580758e-01 8.5384279e-02 0.0000000e+00 
6.3392729e-01 5.6027758e-01 0.0000000e+00 
6.5490252e-01 5.2222651e-01 0.0000000e+00 
6.9785458e-01 5.2009457e-01 0.0000000e+00 
6.6947389e-01 4.8214740e-01 0.0000000e+00 
7.1400052e-01 4.7928271e-01 0.0000000e+00 
7.3890662e-01 5.1415598e-01 0.0000000e+00 
7.5538421e-01 4.7427329e-01 0.0000000e+00 
7.3060858e-01 4.4053549e-01 0.0000000e+00 
7.7131832e-01 4.3481070e-01 0.0000000e+00 
7.4432129e-01 4.0371630e-01 0.0000000e+00 
7.9942912e-01 4.6868020e-01 0.0000000e+00 
8.1664360e-01 4.2528069e-01 0.0000000e+00 
8.4675127e-01 4.6303490e-01 0.0000000e+00 
7.0795268e-01 4.1132101e-01 0.0000000e+00 
8.6556101e-01 4.1526449e-01 0.0000000e+00 
9.0177119e-01 4.5578691e-01 0.0000000e+00 
6.1436248e-01 5.2457899e-01 0.0000000e+00 
5.9010911e-01 5.6233871e-01 0.0000000e+00 
6.8740159e-01 4.4485721e-01 0.0000000e+00 
6.3075930e-01 4.9217081e-01 0.0000000e+00 
8.2390177e-01 3.7696400e-01 0.0000000e+00 
6.5760958e-01 4.5251140e-01 0.0000000e+00 
8.8201141e-01 3.6469159e-01 0.0000000e+00 
7.1646827e-01 3.7200019e-01 0.0000000e+00 
7.5293612e-01 3.6630341e-01 0.0000000e+00 
7.3172802e-01 3.4158540e-01 0.0000000e+00 
4.3641081e-01 3.8625911e-01 0.0000000e+00 
3.3307719e-01 5.1888418e-01 0.0000000e+00 
3.7808201e-01 5.1874483e-01 0.0000000e+00 
4.1757399e-01 3.4319299e-01 0.0000000e+00 
4.0734050e-01 3.1263331e-01 0.0000000e+00 
4.8661929e-01 4.2812102e-02 0.0000000e+00 
7.2056448e-01 1.3380709e-01 0.0000000e+00 
7.2885102e-01 1.7120270e-01 0.0000000e+00 
7.6764971e-01 1.8236589e-01 0.0000000e+00 
7.3844647e-01 2.0840840e-01 0.0000000e+00 
3.2383901e-01 4.7502699e-01 0.0000000e+00 
2.0299730e-01 4.5617640e-02 0.0000000e+00 
5.8970161e-02 3.3410329e-01 0.0000000e+00 
2.0689000e-01 5.5709481e-01 0.0000000e+00 
4.1305149e-01 2.8573561e-01 0.0000000e+00 
7.8471351e-01 5.4944623e-01 0.0000000e+00 
5.7445318e-01 2.4704580e-01 0.0000000e+00 
4.8197981e-02 2.0613991e-01 0.0000000e+00 
2.9774281e-01 8.0907270e-02 0.0000000e+00 
5.0055778e-01 5.6669247e-01 0.0000000e+00 
5.6139982e-01 2.6632291e-01 0.0000000e+00 
1.6788280e+00 5.7307512e-02 0.0000000e+00 
5.1920211e-01 3.7999329e-01 0.0000000e+00 
5.3287011e-01 2.3837809e-01 0.0000000e+00 
4.9314889e-01 3.6956069e-01 0.0000000e+00 
5.4427528e-01 3.7591609e-01 0.0000000e+00 
7.8244883e-01 3.9527819e-01 0.0000000e+00 
3.6446571e-01 4.0250320e-02 0.0000000e+00 
4.4162789e-01 3.5938531e-01 0.0000000e+00 
6.3632941e-01 2.8842619e-01 0.0000000e+00 
4.9067271e-01 2.1312010e-01 0.0000000e+00 
9.0754151e-01 5.5067050e-01 0.0000000e+00 
9.6624529e-01 5.4957891e-01 0.0000000e+00 
9.9525559e-01 4.9868581e-01 0.0000000e+00 
1.0540251e+00 4.9801311e-01 0.0000000e+00 
1.0243800e+00 4.4818369e-01 0.0000000e+00 
1.0813180e+00 4.4429299e-01 0.0000000e+00 
9.6050638e-01 4.4521841e-01 0.0000000e+00 
9.9237692e-01 4.0150511e-01 0.0000000e+00 
9.3534291e-01 5.0050128e-01 0.0000000e+00 
1.1123620e+00 4.9683940e-01 0.0000000e+00 
1.1383430e+00 4.4216970e-01 0.0000000e+00 
5.4218680e-01 5.2327639e-01 0.0000000e+00 
4.9454380e-02 4.5007420e-01 0.0000000e+00 
1.0217610e-01 4.7936839e-01 0.0000000e+00 
2.2542991e-01 2.8165141e-01 0.0000000e+00 
3.9299640e-01 1.2565491e-01 0.0000000e+00 
4.2287391e-01 1.0849530e-01 0.0000000e+00 
4.1702661e-01 7.4225321e-02 0.0000000e+00 
4.2317891e-01 4.9126241e-01 0.0000000e+00 
3.6435950e-01 3.1840631e-01 0.0000000e+00 
5.9271669e-01 4.9394491e-01 0.0000000e+00 
4.5279789e-01 2.1705380e-01 0.0000000e+00 
1.1707489e+00 4.9572700e-01 0.0000000e+00 
1.1967220e+00 4.4262701e-01 0.0000000e+00 
1.2286400e+00 4.9457431e-01 0.0000000e+00 
1.2569320e+00 4.4329810e-01 0.0000000e+00 
1.2887410e+00 4.9415389e-01 0.0000000e+00 
4.9704749e-02 9.0376601e-02 0.0000000e+00 
1.1661880e+00 3.8667339e-01 0.0000000e+00 
1.0448740e+00 3.9727730e-01 0.0000000e+00 
1.3219531e+00 5.4748261e-01 0.0000000e+00 
1.3566051e+00 4.9475339e-01 0.0000000e+00 
1.4128619e+00 5.0170678e-01 0.0000000e+00 
1.3878731e+00 4.4357020e-01 0.0000000e+00 
2.6875430e-01 4.3074101e-01 0.0000000e+00 
4.1746351e-01 3.0108821e-01 0.0000000e+00 
4.7450441e-01 4.2571831e-01 0.0000000e+00 
4.0593800e-01 2.0075510e-01 0.0000000e+00 
4.4167551e-01 4.0079829e-01 0.0000000e+00 
1.9512080e+00 4.5117629e-01 0.0000000e+00 
1.0262311e+00 5.1109631e-02 0.0000000e+00 
9.9738371e-01 1.0181700e-01 0.0000000e+00 
1.0553030e+00 1.0176790e-01 0.0000000e+00 
1.0273110e+00 1.4739220e-01 0.0000000e+00 
1.0855290e+00 1.4977370e-01 0.0000000e+00 
9.7062862e-01 1.4721170e-01 0.0000000e+00 
9.3508059e-01 1.0148260e-01 0.0000000e+00 
1.1133560e+00 1.0215650e-01 0.0000000e+00 
1.1446090e+00 1.4514109e-01 0.0000000e+00 
1.1160710e+00 1.9391710e-01 0.0000000e+00 
1.2018321e+00 5.4771107e-01 0.0000000e+00 
1.9480680e+00 2.1005040e-01 0.0000000e+00 
1.0842860e+00 5.4868227e-01 0.0000000e+00 
1.9480680e+00 3.2994959e-01 0.0000000e+00 
1.5904510e+00 1.0452840e-01 0.0000000e+00 
1.5598950e+00 1.5443350e-01 0.0000000e+00 
1.5304790e+00 1.0186320e-01 0.0000000e+00 
1.5007280e+00 1.5119410e-01 0.0000000e+00 
1.5273950e+00 2.0345390e-01 0.0000000e+00 
1.4685169e+00 1.9967620e-01 0.0000000e+00 
1.4425830e+00 1.4740349e-01 0.0000000e+00 
1.4098901e+00 1.9577309e-01 0.0000000e+00 
1.3839140e+00 1.4338671e-01 0.0000000e+00 
1.3511680e+00 1.9153769e-01 0.0000000e+00 
1.3252350e+00 1.3926670e-01 0.0000000e+00 
1.2926320e+00 1.8772170e-01 0.0000000e+00 
1.2666039e+00 1.3634580e-01 0.0000000e+00 
1.2355460e+00 1.8558609e-01 0.0000000e+00 
1.2059170e+00 1.3905290e-01 0.0000000e+00 
1.2347410e+00 9.3928657e-02 0.0000000e+00 
1.3187660e+00 2.4091680e-01 0.0000000e+00 
1.4945120e+00 2.5244480e-01 0.0000000e+00 
1.5862570e+00 2.0772290e-01 0.0000000e+00 
5.5948251e-01 2.4233980e-01 0.0000000e+00 
1.5573130e+00 5.4926682e-01 0.0000000e+00 
1.5215520e+00 5.0207931e-01 0.0000000e+00 
1.5906490e+00 4.9784341e-01 0.0000000e+00 
1.3832541e+00 4.9608339e-02 0.0000000e+00 
1.5002331e+00 5.0511628e-02 0.0000000e+00 
1.7345819e+00 5.5134553e-01 0.0000000e+00 
1.6170100e+00 5.5189037e-01 0.0000000e+00 
1.6308481e+00 4.1378099e-01 0.0000000e+00 
1.7733830e+00 4.6653220e-01 0.0000000e+00 
1.8566350e+00 5.4165798e-01 0.0000000e+00 
1.5124860e+00 4.0674630e-01 0.0000000e+00 
1.4853560e+00 4.5626420e-01 0.0000000e+00 
1.6452560e+00 2.1187560e-01 0.0000000e+00 
1.7967290e+00 1.6947480e-01 0.0000000e+00 
1.8955210e+00 4.8443690e-01 0.0000000e+00 
2.4952111e-01 3.7534630e-01 0.0000000e+00 
2.4015559e-01 3.3920720e-01 0.0000000e+00 
1.6122910e+00 2.6095319e-01 0.0000000e+00 
1.8537400e+00 5.5921540e-02 0.0000000e+00 
1.8819669e+00 1.0242500e-01 0.0000000e+00 
9.5119797e-02 1.2153590e-01 0.0000000e+00 
1.0847340e+00 5.0935078e-02 0.0000000e+00 
1.7562060e+00 3.2229191e-01 0.0000000e+00 
1.4358770e+00 2.4863569e-01 0.0000000e+00 
4.3159389e-01 2.5088599e-01 0.0000000e+00 
4.7994119e-01 3.8120639e-01 0.0000000e+00 
1.8123610e+00 3.2570100e-01 0.0000000e+00 
6.1470199e-01 2.3820160e-01 0.0000000e+00 
6.2837660e-01 2.5279269e-01 0.0000000e+00 
5.6644672e-01 3.2120070e-01 0.0000000e+00 
4.0343639e-01 3.8359720e-01 0.0000000e+00 
1.2608960e+00 2.3755901e-01 0.0000000e+00 
9.7383392e-01 2.2759880e-01 0.0000000e+00 
1.8966711e+00 3.6694610e-01 0.0000000e+00 
1.2852859e+00 3.9278471e-01 0.0000000e+00 
4.4754091e-01 4.1694289e-01 0.0000000e+00 
5.1814729e-01 1.1434720e-01 0.0000000e+00 
9.8089732e-02 2.9848260e-01 0.0000000e+00 
8.7650722e-01 5.0584209e-01 0.0000000e+00 
7.2722268e-01 5.5884892e-01 0.0000000e+00 
9.1900879e-01 4.0950510e-01 0.0000000e+00 
6.0669678e-01 3.3687809e-01 0.0000000e+00 
9.2257088e-01 2.2499460e-01 0.0000000e+00 
1.8270659e+00 1.1701130e-01 0.0000000e+00 
3.9101499e-01 2.5043941e-01 0.0000000e+00 
3.0026230e-01 2.1632680e-01 0.0000000e+00 
5.8418620e-01 3.3934349e-01 0.0000000e+00 
1.5593460e+00 5.1838879e-02 0.0000000e+00 
4.5547140e-01 5.6772357e-01 0.0000000e+00 
9.7268373e-02 1.8144910e-01 0.0000000e+00 
9.3618453e-02 5.9398320e-02 0.0000000e+00 
9.5946752e-02 4.1991970e-01 0.0000000e+00 
1.5493150e-01 4.8253620e-01 0.0000000e+00 
5.3141659e-01 2.2366489e-01 0.0000000e+00 
4.6951711e-01 1.7694290e-01 0.0000000e+00 
1.3219830e+00 4.4809279e-01 0.0000000e+00 
6.1860532e-01 2.8225860e-01 0.0000000e+00 
9.2647932e-02 5.4469162e-01 0.0000000e+00 
3.6105269e-01 4.8700431e-01 0.0000000e+00 
1.4393450e+00 5.5213040e-01 0.0000000e+00 
1.9442101e+00 9.5342271e-02 0.0000000e+00 
9.0059137e-01 1.7995150e-01 0.0000000e+00 
8.2735151e-01 2.0720319e-01 0.0000000e+00 
6.6251612e-01 1.0677520e-01 0.0000000e+00 
6.7604911e-01 4.1622579e-01 0.0000000e+00 
6.8501538e-01 3.8669550e-01 0.0000000e+00 
3.6920869e-01 2.9070961e-01 0.0000000e+00 
4.5409241e-01 2.3146330e-01 0.0000000e+00 
6.1867392e-01 3.1358370e-01 0.0000000e+00 
1.9131620e+00 5.4997718e-01 0.0000000e+00 
4.2027211e-01 1.8849210e-01 0.0000000e+00 
1.9003210e+00 2.9999799e-01 0.0000000e+00 
5.5434358e-01 1.3134070e-01 0.0000000e+00 
1.4729370e+00 1.0059040e-01 0.0000000e+00 
4.4868380e-01 4.7589070e-01 0.0000000e+00 
1.7371070e+00 5.7924490e-02 0.0000000e+00 
1.6196249e-01 1.9384970e-01 0.0000000e+00 
2.7876011e-01 3.4925121e-01 0.0000000e+00 
5.6304562e-01 4.5950639e-01 0.0000000e+00 
6.0384172e-01 3.5119170e-01 0.0000000e+00 
5.7530987e-01 5.2873927e-01 0.0000000e+00 
1.3667960e-01 3.8707560e-01 0.0000000e+00 
4.9747679e-01 1.2821840e-01 0.0000000e+00 
1.1983300e+00 4.8251878e-02 0.0000000e+00 
7.5970978e-01 3.2726541e-01 0.0000000e+00 
8.1999791e-01 5.1075947e-01 0.0000000e+00 
1.3957340e+00 3.8871399e-01 0.0000000e+00 
3.8881221e-01 2.3447470e-01 0.0000000e+00 
5.2596432e-01 2.0954940e-01 0.0000000e+00 
1.4149910e+00 9.8922051e-02 0.0000000e+00 
3.1656411e-01 1.9587231e-01 0.0000000e+00 
4.3203679e-01 3.4525600e-01 0.0000000e+00 
5.0832897e-01 3.8785461e-01 0.0000000e+00 
5.0716370e-01 4.6868089e-01 0.0000000e+00 
7.2506380e-01 3.1459489e-01 0.0000000e+00 
5.7067949e-01 1.5282580e-01 0.0000000e+00 
6.7973870e-01 1.6684531e-01 0.0000000e+00 
5.3255141e-01 1.4827640e-01 0.0000000e+00 
5.8382958e-01 2.0679601e-01 0.0000000e+00 
3.6833951e-01 3.3595169e-01 0.0000000e+00 
6.6081917e-01 3.9089271e-01 0.0000000e+00 
3.5859609e-01 1.6498099e-01 0.0000000e+00 
5.4474670e-01 2.4635740e-01 0.0000000e+00 
8.5039961e-01 4.4130251e-02 0.0000000e+00 
7.0378470e-01 2.1493910e-01 0.0000000e+00 
3.8111559e-01 3.6489099e-01 0.0000000e+00 
3.8378549e-01 3.8103321e-01 0.0000000e+00 
1.1733290e+00 9.6517898e-02 0.0000000e+00 
6.1236829e-01 3.6486840e-01 0.0000000e+00 
4.2817801e-01 4.6774849e-01 0.0000000e+00 
3.9298210e-01 4.8933309e-01 0.0000000e+00 
5.1858139e-01 5.3958851e-01 0.0000000e+00 
1.1778920e+00 1.8819040e-01 0.0000000e+00 
6.3357651e-01 4.2729640e-01 0.0000000e+00 
2.1912169e-01 8.9860998e-02 0.0000000e+00 
4.4828820e-01 3.3391532e-02 0.0000000e+00 
7.1727687e-01 2.3730519e-01 0.0000000e+00 
9.8337471e-02 2.5592181e-01 0.0000000e+00 
4.8688981e-01 5.3696889e-01 0.0000000e+00 
9.1024607e-01 4.6742149e-02 0.0000000e+00 
4.2072469e-01 3.1704551e-01 0.0000000e+00 
2.5881660e-01 2.8481191e-01 0.0000000e+00 
1.3556740e+00 9.6588373e-02 0.0000000e+00 
3.8170820e-01 4.6353251e-01 0.0000000e+00 
6.1133659e-01 4.6789679e-01 0.0000000e+00 
4.4266859e-01 2.4074350e-01 0.0000000e+00 
1.4653840e+00 5.0395852e-01 0.0000000e+00 
1.1433500e+00 2.3560201e-01 0.0000000e+00 
5.5341142e-01 3.6430839e-01 0.0000000e+00 
5.7990170e-01 2.7820900e-01 0.0000000e+00 
4.4887719e-01 2.0151231e-01 0.0000000e+00 
4.6245420e-01 4.1756010e-01 0.0000000e+00 
4.1210291e-01 2.1662711e-01 0.0000000e+00 
5.1736373e-01 5.6347691e-02 0.0000000e+00 
7.0604849e-01 3.3807889e-01 0.0000000e+00 
4.3653390e-01 1.2656429e-01 0.0000000e+00 
4.2773649e-01 3.9727569e-01 0.0000000e+00 
4.2305809e-01 2.7508900e-01 0.0000000e+00 
1.9111360e+00 1.7995431e-01 0.0000000e+00 
1.2975690e+00 9.4644032e-02 0.0000000e+00 
7.4613649e-01 2.3963641e-01 0.0000000e+00 
2.9362991e-01 4.1433749e-01 0.0000000e+00 
5.8357382e-01 3.0761179e-01 0.0000000e+00 
5.3191912e-01 3.7253350e-01 0.0000000e+00 
4.4445190e-01 8.4593862e-02 0.0000000e+00 
1.5468830e+00 4.5422599e-01 0.0000000e+00 
6.2926418e-01 2.7103639e-01 0.0000000e+00 
3.5220909e-01 2.8729489e-01 0.0000000e+00 
8.3805579e-01 3.3710629e-01 0.0000000e+00 
5.2616048e-01 4.0003020e-01 0.0000000e+00 
1.8064611e-01 5.2023911e-01 0.0000000e+00 
4.2505819e-01 3.3176431e-01 0.0000000e+00 
7.7968621e-01 5.0346297e-01 0.0000000e+00 
1.2679260e+00 4.6381779e-02 0.0000000e+00 
5.8107018e-01 2.9473820e-01 0.0000000e+00 
6.1925322e-01 3.3036381e-01 0.0000000e+00 
5.6537521e-01 2.5524691e-01 0.0000000e+00 
3.8967860e-01 6.5405212e-02 0.0000000e+00 
1.0865080e+00 2.3449360e-01 0.0000000e+00 
1.4042149e-01 9.9993236e-02 0.0000000e+00 
1.0030100e+00 3.5783571e-01 0.0000000e+00 
3.6067769e-01 3.0184039e-01 0.0000000e+00 
5.7885981e-01 3.8880101e-01 0.0000000e+00 
1.5990330e+00 4.4926330e-01 0.0000000e+00 
9.1439813e-02 3.7532219e-01 0.0000000e+00 
5.7995051e-01 1.7130360e-01 0.0000000e+00 
6.1258352e-01 2.5273019e-01 0.0000000e+00 
4.0172791e-01 2.2754180e-01 0.0000000e+00 
5.4750210e-01 9.9742994e-02 0.0000000e+00 
6.1311978e-01 2.0313910e-01 0.0000000e+00 
6.1223829e-01 2.2002740e-01 0.0000000e+00 
1.8586820e+00 3.2957241e-01 0.0000000e+00 
5.8738971e-01 3.7580970e-01 0.0000000e+00 
4.5219980e-02 4.4195049e-02 0.0000000e+00 
4.8124549e-01 2.2123460e-01 0.0000000e+00 
4.3828961e-02 5.5591398e-01 0.0000000e+00 
1.0568640e+00 1.9004630e-01 0.0000000e+00 
3.3193341e-01 4.4711831e-01 0.0000000e+00 
3.0378929e-01 4.4286191e-01 0.0000000e+00 
5.3415012e-01 1.2728420e-01 0.0000000e+00 
5.0386423e-01 2.1636350e-01 0.0000000e+00 
1.9116580e+00 4.2358989e-01 0.0000000e+00 
4.5517069e-01 3.6521810e-01 0.0000000e+00 
3.6732909e-01 3.6239621e-01 0.0000000e+00 
6.3041377e-01 3.0585691e-01 0.0000000e+00 
1.9569679e+00 4.3301821e-02 0.0000000e+00 
5.7146299e-01 4.8058590e-01 0.0000000e+00 
1.6484860e+00 5.1718348e-01 0.0000000e+00 
9.4670999e-01 1.8556410e-01 0.0000000e+00 
6.3752991e-01 4.6584189e-01 0.0000000e+00 
1.9572541e+00 5.5697870e-01 0.0000000e+00 
6.4813697e-01 2.4830820e-01 0.0000000e+00 
6.0179752e-01 3.7555191e-01 0.0000000e+00 
1.4364240e+00 4.6111640e-01 0.0000000e+00 
5.6217611e-01 3.5223660e-01 0.0000000e+00 
6.6050959e-01 4.3027630e-01 0.0000000e+00 
4.0468970e-01 5.1149738e-01 0.0000000e+00 
5.1506358e-01 2.0555650e-01 0.0000000e+00 
4.3334481e-01 1.8108650e-01 0.0000000e+00 
9.9962813e-01 1.8700930e-01 0.0000000e+00 
6.9131333e-01 1.1763480e-01 0.0000000e+00 
4.4599831e-01 1.8538959e-01 0.0000000e+00 
5.1551181e-01 4.8891029e-01 0.0000000e+00 
4.3754059e-01 5.8743980e-02 0.0000000e+00 
5.9589100e-01 3.4163511e-01 0.0000000e+00 
2.3624770e-01 5.2814358e-01 0.0000000e+00 
6.6953379e-01 3.7169310e-01 0.0000000e+00 
3.6865169e-01 3.9570969e-01 0.0000000e+00 
5.9758049e-01 1.9620110e-01 0.0000000e+00 
1.3329040e-01 5.1544452e-01 0.0000000e+00 
1.0515270e+00 3.5504949e-01 0.0000000e+00 
3.3392131e-01 6.8202123e-02 0.0000000e+00 
1.7869949e-01 8.1389397e-02 0.0000000e+00 
9.2706198e-01 1.4882250e-01 0.0000000e+00 
1.7000279e+00 5.1305068e-01 0.0000000e+00 
3.4774879e-01 2.6959679e-01 0.0000000e+00 
5.7002652e-01 3.3917850e-01 0.0000000e+00 
4.5571360e-01 1.7617980e-01 0.0000000e+00 
8.2389021e-01 8.1237279e-02 0.0000000e+00 
5.6977302e-01 4.0162051e-01 0.0000000e+00 
5.7622939e-01 9.1579817e-02 0.0000000e+00 
7.9520959e-01 1.9354109e-01 0.0000000e+00 
7.1731091e-01 1.9555099e-01 0.0000000e+00 
9.5533073e-01 4.0679529e-01 0.0000000e+00 
5.1722008e-01 4.1250920e-01 0.0000000e+00 
4.3116611e-01 5.4470932e-01 0.0000000e+00 
6.9998658e-01 1.5358570e-01 0.0000000e+00 
3.7607810e-01 2.2627370e-01 0.0000000e+00 
5.1978278e-01 3.9113960e-01 0.0000000e+00 
5.3689402e-01 2.1312129e-01 0.0000000e+00 
9.0401761e-02 2.1924180e-01 0.0000000e+00 
7.8513551e-01 3.6338761e-01 0.0000000e+00 
2.8628290e-01 5.2971011e-01 0.0000000e+00 
1.9101239e+00 1.3962340e-01 0.0000000e+00 
3.3938929e-01 1.5675519e-01 0.0000000e+00 
3.5365051e-01 1.4366330e-01 0.0000000e+00 
5.9640652e-01 1.7787141e-01 0.0000000e+00 
2.3996450e-01 3.0955619e-01 0.0000000e+00 
4.0130991e-01 5.3756779e-01 0.0000000e+00 
2.6203820e-01 3.9843059e-01 0.0000000e+00 
1.7610559e+00 5.1254529e-01 0.0000000e+00 
5.3923780e-01 6.9367118e-02 0.0000000e+00 
6.6389477e-01 2.7387929e-01 0.0000000e+00 
5.6400359e-01 1.6758190e-01 0.0000000e+00 
6.3302028e-01 3.3655259e-01 0.0000000e+00 
5.4254562e-01 3.6452681e-01 0.0000000e+00 
5.1293671e-01 2.8587131e-02 0.0000000e+00 
5.1246679e-01 1.8971939e-01 0.0000000e+00 

CELLS 1766 7064
3 0 870 123
3 1 882 70
3 2 887 79
3 3 872 114
3 4 193 35
3 4 516 193
3 5 516 4
3 6 184 5
3 6 612 184
3 7 612 6
3 8 183 7
3 8 799 183
3 9 799 8
3 10 615 9
3 11 335 10
3 11 521 335
3 12 521 11
3 13 311 12
3 13 515 311
3 14 515 13
3 15 312 14
3 15 511 312
3 16 511 15
3 17 308 16
3 17 510 308
3 18 510 17
3 19 301 18
3 19 529 301
3 20 529 19
3 21 124 20
3 21 517 124
3 22 517 21
3 23 277 22
3 23 503 277
3 24 503 23
3 25 266 24
3 25 533 266
3 26 533 25
3 27 269 26
3 27 616 269
3 28 616 27
3 29 513 28
3 30 241 29
3 30 512 241
3 31 512 30
3 32 214 31
3 32 514 214
3 33 514 32
3 34 215 33
3 34 726 215
3 35 726 34
3 36 870 0
3 37 747 36
3 38 155 37
3 38 603 155
3 39 603 38
3 40 130 39
3 40 547 130
3 41 547 40
3 41 619 547
3 42 619 41
3 43 142 42
3 43 812 142
3 44 812 43
3 44 943 597
3 45 943 44
3 46 145 45
3 46 159 145
3 47 159 46
3 48 140 47
3 48 555 140
3 49 555 48
3 49 557 555
3 50 557 49
3 51 126 50
3 51 800 126
3 52 800 51
3 52 816 800
3 53 816 52
3 54 131 53
3 54 663 131
3 55 663 54
3 55 718 663
3 56 718 55
3 57 127 56
3 57 780 127
3 58 780 57
3 58 850 780
3 59 850 58
3 60 148 59
3 60 700 148
3 61 700 60
3 62 128 61
3 62 701 128
3 63 701 62
3 63 744 701
3 64 744 63
3 65 136 64
3 65 613 136
3 66 613 65
3 66 772 613
3 67 772 66
3 68 144 67
3 68 715 144
3 69 715 68
3 70 157 69
3 70 882 157
3 71 882 1
3 72 757 71
3 73 154 72
3 73 674 154
3 74 674 73
3 75 139 74
3 75 676 139
3 76 676 75
3 77 147 76
3 77 662 147
3 78 662 77
3 79 156 78
3 79 887 156
3 80 887 2
3 81 766 80
3 82 706 81
3 83 151 82
3 83 702 151
3 84 702 83
3 85 129 84
3 85 703 129
3 86 703 85
3 87 697 86
3 88 137 87
3 88 756 137
3 89 756 88
3 90 149 89
3 90 653 149
3 91 653 90
3 92 134 91
3 92 673 134
3 93 673 92
3 94 150 93
3 94 675 150
3 95 675 94
3 96 135 95
3 96 624 135
3 97 624 96
3 98 623 97
3 99 125 98
3 99 607 125
3 100 607 99
3 100 736 607
3 101 736 100
3 102 138 101
3 102 566 138
3 103 566 102
3 103 583 566
3 104 583 103
3 105 143 104
3 105 611 143
3 106 611 105
3 106 745 611
3 107 745 106
3 108 141 107
3 108 544 141
3 109 544 108
3 110 543 109
3 111 132 110
3 111 605 132
3 112 605 111
3 113 153 112
3 113 754 153
3 114 754 113
3 114 872 754
3 115 872 3
3 116 158 115
3 116 635 158
3 117 635 116
3 118 146 117
3 118 604 146
3 119 604 118
3 120 133 119
3 120 609 133
3 121 609 120
3 122 152 121
3 122 650 152
3 123 650 122
3 123 870 650
3 124 529 20
3 124 658 529
3 124 817 658
3 125 623 98
3 125 735 623
3 125 782 735
3 126 557 50
3 126 558 557
3 126 559 558
3 126 915 559
3 127 718 56
3 127 804 670
3 128 700 61
3 128 786 700
3 129 702 84
3 129 911 702
3 130 603 39
3 130 610 525
3 130 811 603
3 131 816 53
3 132 543 110
3 132 929 543
3 133 604 119
3 133 734 604
3 133 814 734
3 133 927 814
3 134 653 91
3 134 673 647
3 135 675 95
3 136 613 545
3 136 744 64
3 137 697 87
3 137 698 697
3 137 823 698
3 138 736 101
3 139 674 74
3 139 768 454
3 140 159 47
3 140 160 159
3 140 161 160
3 140 555 161
3 141 745 107
3 141 922 745
3 141 935 922
3 142 619 42
3 142 854 619
3 142 900 640
3 143 583 104
3 143 777 583
3 143 808 634
3 144 740 532
3 144 772 67
3 145 938 830
3 145 943 45
3 146 635 117
3 146 748 635
3 146 861 748
3 147 676 76
3 147 730 676
3 147 878 730
3 148 850 59
3 149 756 89
3 150 673 93
3 150 675 632
3 151 706 82
3 151 937 504
3 152 609 121
3 152 746 609
3 153 605 112
3 153 847 605
3 153 906 847
3 154 757 72
3 154 930 757
3 155 747 37
3 155 856 747
3 155 909 856
3 156 662 78
3 156 711 662
3 156 766 711
3 156 887 766
3 157 715 69
3 157 716 715
3 157 757 716
3 157 882 757
3 158 872 115
3 159 542 145
3 160 542 159
3 160 917 542
3 161 162 160
3 161 760 162
3 162 163 160
3 162 164 163
3 162 165 164
3 162 760 165
3 163 917 160
3 164 187 163
3 164 506 187
3 165 166 164
3 165 167 166
3 165 253 167
3 165 760 253
3 166 506 164
3 166 933 506
3 167 168 166
3 167 169 168
3 167 793 169
3 168 227 166
3 168 866 227
3 169 170 168
3 169 171 170
3 169 188 171
3 169 793 188
3 170 508 168
3 171 172 170
3 171 173 172
3 171 801 173
3 172 244 170
3 172 888 244
3 173 174 172
3 173 175 174
3 173 813 175
3 174 888 172
3 174 939 524
3 175 176 174
3 175 177 176
3 175 178 177
3 175 813 178
3 176 939 174
3 177 180 176
3 177 791 180
3 178 179 177
3 178 181 179
3 178 837 181
3 179 791 177
3 180 191 176
3 180 192 191
3 180 831 192
3 181 182 179
3 181 185 182
3 181 245 185
3 181 837 245
3 182 781 179
3 183 612 7
3 183 799 696
3 183 853 612
3 184 516 5
3 184 612 501
3 184 826 516
3 185 186 182
3 185 189 186
3 185 759 189
3 186 222 182
3 186 845 222
3 187 361 163
3 187 769 361
3 187 792 769
3 188 801 171
3 188 919 801
3 188 923 599
3 189 190 186
3 189 194 190
3 189 243 194
3 189 759 243
3 190 845 186
3 191 523 176
3 192 201 191
3 192 202 201
3 192 203 202
3 192 831 203
3 193 726 35
3 193 839 456
3 193 851 839
3 194 195 190
3 194 196 195
3 194 739 196
3 195 588 190
3 196 197 195
3 196 198 197
3 196 729 198
3 196 739 729
3 197 242 195
3 197 857 242
3 198 199 197
3 198 200 199
3 198 259 200
3 198 729 259
3 199 857 197
3 199 907 857
3 200 216 199
3 200 217 216
3 200 855 217
3 201 232 191
3 201 460 232
3 201 941 460
3 202 204 201
3 202 205 204
3 202 903 205
3 203 831 589
3 203 903 202
3 204 941 201
3 205 206 204
3 205 207 206
3 205 797 207
3 205 903 797
3 206 341 204
3 206 805 341
3 207 208 206
3 207 209 208
3 207 211 209
3 207 797 211
3 208 805 206
3 208 889 805
3 209 210 208
3 209 212 210
3 209 810 212
3 210 344 208
3 210 530 344
3 211 797 761
3 211 810 209
3 211 892 810
3 212 213 210
3 212 220 213
3 212 257 220
3 212 810 257
3 213 530 210
3 214 512 31
3 214 891 825
3 214 942 512
3 215 514 33
3 215 913 514
3 216 907 199
3 217 218 216
3 217 219 218
3 217 824 219
3 217 855 824
3 218 345 216
3 218 651 345
3 219 223 218
3 219 224 223
3 219 258 224
3 219 824 258
3 220 221 213
3 220 254 221
3 220 821 254
3 221 239 213
3 221 240 239
3 221 775 240
3 222 781 182
3 222 845 586
3 222 928 781
3 223 651 218
3 224 225 223
3 224 226 225
3 224 728 226
3 225 352 223
3 225 731 352
3 226 228 225
3 226 229 228
3 226 693 229
3 226 728 693
3 227 933 166
3 228 731 225
3 229 230 228
3 229 231 230
3 229 256 231
3 229 693 256
3 230 356 228
3 230 783 356
3 231 233 230
3 231 234 233
3 231 720 234
3 232 523 191
3 232 621 523
3 232 881 621
3 233 783 230
3 234 235 233
3 234 236 235
3 234 694 236
3 234 720 694
3 235 366 233
3 235 707 366
3 236 237 235
3 236 238 237
3 236 252 238
3 236 694 252
3 237 707 235
3 238 246 237
3 238 247 246
3 238 714 247
3 239 530 213
3 239 916 530
3 240 260 239
3 240 261 260
3 240 262 261
3 240 775 262
3 241 513 29
3 241 614 513
3 241 840 614
3 242 588 195
3 242 737 588
3 242 857 630
3 242 920 737
3 243 739 194
3 243 758 739
3 243 759 563
3 244 508 170
3 244 725 724
3 244 867 508
3 244 888 725
3 245 601 600
3 245 759 185
3 245 837 601
3 245 918 759
3 246 360 237
3 246 704 360
3 247 248 246
3 247 249 248
3 247 250 249
3 247 714 250
3 248 704 246
3 249 255 248
3 249 719 255
3 250 251 249
3 250 342 251
3 250 709 342
3 250 714 709
3 251 719 249
3 252 694 681
3 252 714 238
3 253 793 167
3 253 923 793
3 254 775 221
3 254 821 643
3 254 883 775
3 255 377 248
3 255 378 377
3 255 382 378
3 255 719 382
3 256 686 684
3 256 693 686
3 256 720 231
3 257 810 587
3 257 821 220
3 257 886 821
3 258 728 224
3 258 809 690
3 258 824 809
3 259 855 200
3 259 873 855
3 259 896 873
3 260 346 239
3 260 438 346
3 260 459 438
3 261 459 260
3 262 263 261
3 262 435 263
3 262 436 435
3 262 775 436
3 263 264 261
3 263 265 264
3 263 790 265
3 264 459 261
3 264 921 459
3 265 267 264
3 265 268 267
3 265 270 268
3 265 790 270
3 266 503 24
3 266 620 503
3 266 879 620
3 267 354 264
3 267 355 354
3 267 659 355
3 268 659 267
3 269 533 26
3 269 722 502
3 270 271 268
3 270 326 271
3 270 327 326
3 270 790 327
3 271 272 268
3 271 273 272
3 271 771 273
3 272 659 268
3 272 828 659
3 273 274 272
3 273 275 274
3 273 806 275
3 274 732 272
3 275 276 274
3 275 278 276
3 275 339 278
3 275 806 339
3 276 340 274
3 276 528 340
3 277 517 22
3 277 848 517
3 278 279 276
3 278 280 279
3 278 820 280
3 279 528 276
3 280 281 279
3 280 282 281
3 280 316 282
3 280 820 316
3 281 314 279
3 281 904 314
3 282 283 281
3 282 284 283
3 282 874 284
3 283 904 281
3 284 285 283
3 284 838 285
3 284 875 838
3 285 286 283
3 285 287 286
3 285 296 287
3 285 838 296
3 286 540 283
3 287 288 286
3 287 289 288
3 287 774 289
3 288 539 286
3 289 290 288
3 289 291 290
3 289 774 291
3 290 317 288
3 290 535 317
3 291 292 290
3 291 293 292
3 291 304 293
3 291 774 304
3 292 535 290
3 292 536 535
3 293 294 292
3 293 295 294
3 293 818 295
3 294 536 292
3 295 297 294
3 295 305 297
3 295 322 305
3 295 818 322
3 296 774 287
3 296 936 712
3 297 298 294
3 297 299 298
3 297 742 299
3 298 536 294
3 298 912 536
3 299 300 298
3 299 302 300
3 299 787 302
3 300 315 298
3 300 467 315
3 300 924 467
3 301 510 18
3 301 834 510
3 302 303 300
3 302 306 303
3 302 313 306
3 302 787 313
3 303 924 300
3 304 774 713
3 304 818 293
3 304 934 818
3 305 742 297
3 306 307 303
3 306 309 307
3 306 798 309
3 307 321 303
3 307 660 321
3 308 511 16
3 308 822 511
3 309 310 307
3 309 318 310
3 309 320 318
3 309 798 320
3 310 660 307
3 310 767 660
3 311 521 12
3 311 871 622
3 311 877 521
3 312 515 14
3 312 531 515
3 312 764 531
3 313 787 548
3 313 798 306
3 313 931 798
3 314 528 279
3 314 727 528
3 314 803 727
3 314 904 803
3 315 912 298
3 316 755 602
3 316 820 755
3 316 874 282
3 317 539 288
3 317 796 539
3 318 319 310
3 318 328 319
3 318 638 328
3 319 767 310
3 319 895 767
3 320 638 318
3 320 932 552
3 321 864 784
3 321 924 303
3 322 323 305
3 322 324 323
3 322 637 324
3 322 818 637
3 323 551 305
3 324 325 323
3 324 367 325
3 324 368 367
3 324 637 368
3 325 350 323
3 325 371 350
3 325 773 371
3 326 771 271
3 327 359 326
3 327 402 359
3 327 899 402
3 328 329 319
3 328 832 329
3 329 330 319
3 329 331 330
3 329 332 331
3 329 832 332
3 330 895 319
3 330 898 895
3 330 914 898
3 331 914 330
3 332 333 331
3 332 336 333
3 332 369 336
3 332 832 369
3 333 334 331
3 333 337 334
3 333 779 337
3 334 751 331
3 335 615 10
3 335 750 615
3 336 779 333
3 337 338 334
3 337 347 338
3 337 348 347
3 337 779 348
3 338 351 334
3 338 461 351
3 338 944 461
3 339 806 641
3 339 820 278
3 340 732 274
3 340 833 661
3 341 776 738
3 341 805 776
3 341 941 204
3 342 343 251
3 342 375 343
3 342 376 375
3 342 709 376
3 343 353 251
3 343 373 353
3 343 710 373
3 344 889 208
3 345 633 628
3 345 651 633
3 345 907 216
3 346 916 239
3 347 349 338
3 347 362 349
3 347 794 362
3 348 779 733
3 348 794 347
3 348 876 794
3 349 944 338
3 350 551 323
3 351 751 334
3 352 648 646
3 352 651 223
3 352 731 648
3 353 719 251
3 353 723 719
3 354 921 264
3 355 357 354
3 355 379 357
3 355 380 379
3 355 659 380
3 356 731 228
3 356 752 731
3 356 783 656
3 357 358 354
3 357 789 358
3 358 921 354
3 358 925 846
3 359 372 326
3 359 401 372
3 359 815 401
3 360 707 237
3 360 842 707
3 360 860 842
3 361 917 163
3 362 363 349
3 362 364 363
3 362 431 364
3 362 794 431
3 363 374 349
3 363 527 374
3 364 365 363
3 364 384 365
3 364 940 384
3 365 527 363
3 366 783 233
3 366 890 656
3 367 773 325
3 368 406 367
3 368 407 406
3 368 409 407
3 368 637 409
3 369 370 336
3 369 832 639
3 369 841 370
3 370 403 336
3 370 405 403
3 370 424 405
3 370 841 424
3 371 392 350
3 371 457 392
3 371 458 457
3 371 773 458
3 372 771 326
3 373 422 353
3 373 454 422
3 373 455 454
3 373 710 455
3 374 944 349
3 375 710 343
3 376 394 375
3 376 545 394
3 376 546 545
3 376 709 546
3 377 704 248
3 378 445 377
3 378 705 445
3 379 430 357
3 379 722 430
3 380 381 379
3 380 432 381
3 380 828 432
3 381 722 379
3 382 383 378
3 382 399 383
3 382 723 399
3 383 705 378
3 384 385 365
3 384 541 385
3 384 862 541
3 384 940 862
3 385 386 365
3 385 387 386
3 385 795 387
3 386 527 365
3 386 926 527
3 387 388 386
3 387 389 388
3 387 390 389
3 387 795 390
3 388 400 386
3 388 444 400
3 388 696 444
3 389 696 388
3 390 391 389
3 390 395 391
3 390 447 395
3 390 795 447
3 391 608 389
3 392 393 350
3 392 525 393
3 392 811 525
3 393 551 350
3 394 532 375
3 394 772 532
3 395 396 391
3 395 724 396
3 395 867 724
3 396 397 391
3 396 398 397
3 396 863 398
3 397 608 391
3 398 417 397
3 398 418 417
3 398 419 418
3 398 863 419
3 399 404 383
3 399 730 404
3 399 868 730
3 400 926 386
3 401 534 372
3 401 815 745
3 401 922 534
3 402 815 359
3 402 899 537
3 403 779 336
3 404 504 383
3 404 711 504
3 404 878 711
3 405 434 403
3 405 830 434
3 406 408 367
3 406 814 408
3 407 734 406
3 408 773 367
3 408 927 746
3 409 410 407
3 409 411 410
3 409 713 411
3 409 934 713
3 410 437 407
3 410 778 437
3 411 412 410
3 411 413 412
3 411 712 413
3 411 713 712
3 412 778 410
3 413 414 412
3 413 415 414
3 413 657 415
3 413 936 657
3 414 416 412
3 414 749 416
3 415 423 414
3 415 518 423
3 415 519 518
3 415 657 519
3 416 749 636
3 416 778 412
3 417 501 397
3 417 826 501
3 418 420 417
3 418 421 420
3 418 753 421
3 419 753 418
3 419 843 753
3 419 863 725
3 420 826 417
3 420 851 826
3 421 425 420
3 421 426 425
3 421 443 426
3 421 753 443
3 422 723 353
3 422 868 723
3 423 749 414
3 423 847 749
3 423 902 847
3 424 597 405
3 424 812 597
3 424 900 812
3 425 851 420
3 426 427 425
3 426 428 427
3 426 765 428
3 427 839 425
3 428 429 427
3 428 738 429
3 428 852 738
3 429 456 427
3 429 743 456
3 429 901 743
3 430 616 513
3 430 722 616
3 430 789 357
3 431 794 769
3 431 940 364
3 432 433 381
3 432 661 433
3 432 732 661
3 432 828 732
3 433 502 381
3 433 509 502
3 433 592 509
3 433 661 592
3 434 733 403
3 434 865 733
3 434 938 865
3 435 790 263
3 435 899 790
3 436 537 435
3 436 538 537
3 436 883 538
3 437 734 407
3 437 861 604
3 438 439 346
3 438 442 439
3 438 846 442
3 439 440 346
3 439 441 440
3 439 617 441
3 440 916 346
3 441 448 440
3 441 449 448
3 441 825 449
3 442 617 439
3 442 840 617
3 442 925 614
3 443 753 621
3 443 765 426
3 443 881 765
3 444 750 400
3 444 799 615
3 445 446 377
3 445 911 446
3 445 937 911
3 446 704 377
3 446 860 704
3 446 884 699
3 446 911 884
3 447 867 395
3 447 905 866
3 448 859 440
3 448 869 859
3 449 450 448
3 449 451 450
3 449 891 451
3 450 869 448
3 451 452 450
3 451 743 452
3 451 913 743
3 452 453 450
3 452 776 453
3 452 901 776
3 453 869 450
3 453 889 869
3 454 674 139
3 454 768 422
3 454 835 674
3 455 740 716
3 455 835 454
3 455 930 835
3 456 726 193
3 456 839 427
3 456 913 726
3 457 811 392
3 457 909 811
3 458 746 717
3 458 773 746
3 458 856 457
3 459 846 438
3 459 921 846
3 460 852 765
3 460 881 232
3 460 941 852
3 461 462 351
3 461 466 462
3 461 944 466
3 462 463 351
3 462 464 463
3 462 622 464
3 463 751 351
3 464 465 463
3 464 531 465
3 464 871 531
3 465 507 463
3 465 827 507
3 466 622 462
3 466 877 622
3 466 894 877
3 466 944 894
3 467 468 315
3 467 741 468
3 467 784 741
3 467 924 784
3 468 469 315
3 468 470 469
3 468 471 470
3 468 741 471
3 469 912 315
3 470 763 469
3 471 472 470
3 471 485 472
3 471 486 485
3 471 741 486
3 472 473 470
3 472 474 473
3 472 606 474
3 473 763 470
3 474 475 473
3 474 596 475
3 474 658 596
3 475 476 473
3 475 477 476
3 475 478 477
3 475 596 478
3 476 763 473
3 476 858 763
3 477 642 476
3 477 796 642
3 478 479 477
3 478 480 479
3 478 484 480
3 478 596 484
3 479 796 477
3 480 481 479
3 480 482 481
3 480 595 482
3 481 483 479
3 481 802 483
3 482 489 481
3 482 490 489
3 482 491 490
3 482 595 491
3 483 796 479
3 483 880 539
3 484 595 480
3 484 848 595
3 485 606 472
3 485 834 606
3 486 487 485
3 486 488 487
3 486 494 488
3 486 741 494
3 487 721 510
3 487 834 485
3 488 721 487
3 489 802 481
3 489 803 802
3 490 727 489
3 491 492 490
3 491 620 492
3 491 788 620
3 492 493 490
3 492 592 493
3 492 620 509
3 493 727 490
3 493 833 528
3 494 495 488
3 494 864 495
3 495 496 488
3 495 497 496
3 495 829 497
3 495 864 829
3 496 721 488
3 496 822 721
3 497 498 496
3 497 499 498
3 497 500 499
3 497 829 500
3 498 822 496
3 499 644 498
3 499 827 644
3 500 505 499
3 500 767 505
3 500 829 660
3 501 608 397
3 501 826 184
3 501 853 608
3 502 533 269
3 502 722 381
3 502 879 533
3 503 788 277
3 504 705 383
3 504 706 151
3 504 711 706
3 504 937 705
3 505 827 499
3 505 898 827
3 506 792 187
3 506 862 792
3 506 933 862
3 507 751 463
3 507 914 751
3 508 866 168
3 508 867 866
3 509 592 492
3 509 879 502
3 510 721 308
3 510 834 487
3 511 764 312
3 511 822 764
3 512 840 241
3 512 942 840
3 513 616 28
3 513 789 430
3 514 891 214
3 514 913 891
3 515 871 311
3 516 851 193
3 517 817 124
3 517 848 817
3 518 902 423
3 518 929 902
3 519 520 518
3 519 602 520
3 519 875 602
3 520 602 593
3 520 929 518
3 521 522 335
3 521 877 522
3 522 750 335
3 522 785 750
3 522 894 785
3 523 621 524
3 523 939 176
3 524 843 725
3 524 888 174
3 524 939 523
3 525 526 393
3 525 610 526
3 525 811 130
3 526 548 393
3 526 549 548
3 526 550 549
3 526 610 550
3 527 785 374
3 527 926 785
3 528 727 493
3 528 833 340
3 529 658 606
3 529 834 301
3 530 859 344
3 530 916 859
3 531 644 465
3 531 764 644
3 531 871 515
3 532 710 375
3 532 740 710
3 532 772 144
3 533 879 266
3 534 641 372
3 534 893 641
3 534 935 893
3 535 642 317
3 535 858 642
3 536 844 535
3 536 912 844
3 537 634 402
3 537 899 435
3 538 634 537
3 538 777 634
3 538 883 643
3 539 540 286
3 539 796 483
3 539 880 540
3 540 880 802
3 540 904 283
3 541 795 385
3 541 905 795
3 541 933 905
3 542 917 865
3 542 938 145
3 543 544 109
3 543 593 544
3 543 929 593
3 544 935 141
3 545 613 394
3 545 677 136
3 546 677 545
3 546 678 677
3 546 695 678
3 546 709 695
3 547 610 130
3 547 908 610
3 548 551 393
3 548 787 551
3 548 931 313
3 549 931 548
3 549 932 931
3 550 552 549
3 550 553 552
3 550 908 553
3 551 742 305
3 551 787 742
3 552 638 320
3 552 932 549
3 553 554 552
3 553 854 554
3 553 908 619
3 554 638 552
3 554 639 638
3 554 640 639
3 554 854 640
3 555 556 161
3 555 557 556
3 556 760 161
3 556 897 760
3 557 558 556
3 558 897 556
3 559 560 558
3 559 561 560
3 559 562 561
3 559 915 562
3 560 598 558
3 560 599 598
3 560 600 599
3 561 600 560
3 561 918 600
3 562 563 561
3 562 564 563
3 562 565 564
3 562 915 565
3 563 758 243
3 563 759 561
3 564 758 563
3 564 910 758
3 565 669 564
3 565 816 669
3 565 915 800
3 566 567 138
3 566 582 567
3 566 583 582
3 567 568 138
3 567 569 568
3 567 585 569
3 568 736 138
3 569 570 568
3 569 584 570
3 569 587 584
3 569 886 587
3 570 571 568
3 570 572 571
3 570 573 572
3 570 584 573
3 571 736 568
3 571 849 607
3 572 849 571
3 573 574 572
3 573 575 574
3 573 579 575
3 573 584 579
3 574 576 572
3 574 577 576
3 574 618 577
3 575 618 574
3 576 849 572
3 577 578 576
3 577 580 578
3 577 586 580
3 577 618 586
3 578 782 576
3 579 589 575
3 579 762 589
3 580 581 578
3 580 737 581
3 581 735 578
3 581 737 629
3 582 585 567
3 582 643 585
3 582 777 643
3 583 777 582
3 584 761 579
3 584 892 761
3 585 886 569
3 586 588 580
3 586 845 588
3 586 928 222
3 587 886 257
3 587 892 584
3 588 737 580
3 588 845 190
3 589 590 575
3 589 591 590
3 589 762 203
3 589 831 591
3 590 618 575
3 590 928 618
3 591 781 590
3 591 791 781
3 591 831 791
3 592 833 493
3 593 594 544
3 593 755 594
3 593 929 520
3 594 935 544
3 595 788 491
3 595 848 788
3 596 817 484
3 597 812 44
3 597 830 405
3 597 943 830
3 598 897 558
3 598 923 897
3 599 919 188
3 599 923 598
3 600 601 599
3 600 918 245
3 601 813 801
3 601 837 813
3 601 919 599
3 602 755 593
3 602 874 316
3 602 875 874
3 603 909 155
3 604 734 437
3 604 861 146
3 605 902 132
3 606 658 474
3 606 834 529
3 607 736 571
3 607 782 125
3 607 849 782
3 608 696 389
3 608 853 696
3 609 927 133
3 610 908 550
3 611 808 143
3 611 815 808
3 612 853 501
3 613 772 394
3 614 789 513
3 614 840 442
3 614 925 789
3 615 750 444
3 615 799 9
3 616 722 269
3 617 825 441
3 617 942 825
3 618 928 586
3 619 854 553
3 619 908 547
3 620 788 503
3 620 879 509
3 621 843 524
3 621 881 443
3 622 871 464
3 622 877 311
3 623 624 97
3 623 631 624
3 623 735 631
3 624 625 135
3 624 631 625
3 625 626 135
3 625 627 626
3 625 629 627
3 625 631 629
3 626 675 135
3 627 628 626
3 627 652 628
3 628 632 626
3 628 633 632
3 628 652 345
3 629 630 627
3 629 631 581
3 629 920 630
3 630 652 627
3 630 857 652
3 630 920 242
3 631 735 581
3 632 645 150
3 632 675 626
3 633 645 632
3 633 646 645
3 633 651 646
3 634 777 143
3 634 808 402
3 635 636 158
3 635 748 636
3 636 748 416
3 636 754 158
3 636 906 754
3 637 934 409
3 638 639 328
3 639 832 328
3 639 841 369
3 640 841 639
3 640 854 142
3 640 900 841
3 641 771 372
3 641 806 771
3 641 807 339
3 641 893 807
3 642 796 317
3 642 858 476
3 643 777 538
3 643 821 585
3 643 883 254
3 644 764 498
3 644 827 465
3 645 673 150
3 646 647 645
3 646 648 647
3 646 651 352
3 647 649 134
3 647 673 645
3 648 649 647
3 648 752 649
3 649 653 134
3 649 654 653
3 649 752 654
3 650 717 152
3 650 747 717
3 650 870 747
3 652 907 345
3 653 654 149
3 654 655 149
3 654 656 655
3 654 752 656
3 655 756 149
3 655 823 756
3 655 890 823
3 656 752 356
3 656 783 366
3 656 890 655
3 657 875 519
3 657 936 838
3 658 817 596
3 659 828 380
3 660 767 500
3 660 829 321
3 661 732 340
3 661 833 592
3 662 878 147
3 663 664 131
3 663 665 664
3 663 718 665
3 664 669 131
3 665 666 664
3 665 667 666
3 665 670 667
3 665 718 670
3 666 668 664
3 666 896 668
3 667 873 666
3 668 669 664
3 668 896 885
3 668 910 669
3 669 816 131
3 669 910 564
3 670 671 667
3 670 718 127
3 670 804 671
3 671 672 667
3 671 804 691
3 671 809 672
3 672 873 667
3 674 835 154
3 676 768 139
3 677 744 136
3 678 679 677
3 678 680 679
3 678 681 680
3 678 695 681
3 679 744 677
3 679 770 701
3 680 770 679
3 681 682 680
3 681 694 682
3 681 695 252
3 682 683 680
3 682 684 683
3 682 720 684
3 683 770 680
3 683 786 770
3 684 685 683
3 684 686 685
3 684 720 256
3 685 786 683
3 685 819 786
3 686 687 685
3 686 688 687
3 686 693 688
3 687 819 685
3 687 836 819
3 688 689 687
3 688 690 689
3 688 728 690
3 689 836 687
3 690 691 689
3 690 728 258
3 690 809 691
3 691 692 689
3 691 804 692
3 691 809 671
3 692 804 780
3 692 836 689
3 692 850 836
3 693 728 688
3 694 720 682
3 695 714 252
3 696 799 444
3 696 853 183
3 697 703 86
3 698 699 697
3 698 823 708
3 698 842 699
3 699 703 697
3 699 860 446
3 699 884 703
3 700 819 148
3 701 744 679
3 701 770 128
3 702 937 151
3 703 884 129
3 704 860 360
3 705 937 445
3 706 766 81
3 707 708 366
3 707 842 708
3 708 842 698
3 708 890 366
3 709 714 695
3 710 740 455
3 711 766 706
3 711 878 662
3 712 774 296
3 712 936 413
3 713 774 712
3 713 934 304
3 715 740 144
3 716 740 715
3 716 930 455
3 717 746 152
3 717 856 458
3 719 723 382
3 721 822 308
3 723 868 399
3 724 863 396
3 724 867 244
3 725 843 419
3 725 863 724
3 725 888 524
3 726 913 215
3 727 803 489
3 729 896 259
3 730 768 676
3 730 868 768
3 730 878 404
3 731 752 648
3 732 828 272
3 733 779 403
3 733 876 348
3 734 814 406
3 735 782 578
3 737 920 629
3 738 852 341
3 738 901 429
3 739 885 729
3 741 784 494
3 742 787 299
3 743 901 452
3 743 913 456
3 745 815 611
3 745 922 401
3 746 773 408
3 746 927 609
3 747 856 717
3 747 870 36
3 748 778 416
3 748 861 778
3 749 906 636
3 750 926 400
3 751 914 331
3 753 843 621
3 754 872 158
3 754 906 153
3 755 807 594
3 755 820 807
3 756 823 137
3 757 882 71
3 757 930 716
3 758 885 739
3 758 910 885
3 759 918 561
3 760 897 253
3 761 762 579
3 761 797 762
3 761 892 211
3 762 903 203
3 763 844 469
3 763 858 844
3 764 822 498
3 765 852 428
3 765 881 460
3 766 887 80
3 767 895 505
3 768 868 422
3 769 792 431
3 769 865 361
3 769 876 865
3 770 786 128
3 771 806 273
3 775 883 436
3 776 805 453
3 776 901 738
3 778 861 437
3 780 804 127
3 780 850 692
3 781 791 179
3 781 928 590
3 782 849 576
3 784 864 494
3 784 924 321
3 785 894 374
3 785 926 750
3 786 819 700
3 788 848 277
3 789 925 358
3 790 899 327
3 791 831 180
3 792 940 431
3 793 923 188
3 794 876 769
3 795 905 447
3 797 903 762
3 798 932 320
3 800 816 565
3 800 915 126
3 801 813 173
3 801 919 601
3 802 803 540
3 802 880 483
3 803 904 540
3 805 889 453
3 807 820 339
3 807 893 594
3 808 815 402
3 809 824 672
3 810 892 587
3 811 909 603
3 812 900 142
3 813 837 178
3 814 927 408
3 817 848 484
3 818 934 637
3 819 836 148
3 821 886 585
3 823 890 708
3 824 855 672
3 825 891 449
3 825 942 214
3 826 851 516
3 827 898 507
3 829 864 321
3 830 938 434
3 830 943 145
3 835 930 154
3 836 850 148
3 838 875 657
3 838 936 296
3 839 851 425
3 840 942 617
3 841 900 424
3 842 860 699
3 844 858 535
3 844 912 469
3 846 921 358
3 846 925 442
3 847 902 605
3 847 906 749
3 852 941 341
3 855 873 672
3 856 909 457
3 857 907 652
3 859 869 344
3 859 916 440
3 862 933 541
3 862 940 792
3 865 876 733
3 865 917 361
3 865 938 542
3 866 867 447
3 866 905 227
3 869 889 344
3 873 896 666
3 874 875 284
3 877 894 522
3 884 911 129
3 885 896 729
3 885 910 668
3 891 913 451
3 893 935 594
3 894 944 374
3 895 898 505
3 897 923 253
3 898 914 507
3 902 929 132
3 905 933 227
3 911 937 702
3 922 935 534
3 931 932 798

CELL_TYPES 1766
5
5
5
5
5
5
5
5
5
5
5
5
5
5
5
5
5
5
5
5
5
5
5
5
5
5
5
5
5
5
5
5
5
5
5
5
5
5
5
5
5
5
5
5
5
5
5
5
5
5
5
5
5
5
5
5
5
5
5
5
5
5
5
5
5
5
5
5
5
5
5
5
5
5
5
5
5
5
5
5
5
5
5
5
5
5
5
5
5
5
5
5
5
5
5
5
5
5
5
5
5
5
5
5
5
5
5
5
5
5
5
5
5
5
5
5
5
5
5
5
5
5
5
5
5
5
5
5
5
5
5
5
5
5
5
5
5
5
5
5
5
5
5
5
5
5
5
5
5
5
5
5
5
5
5
5
5
5
5
5
5
5
5
5
5
5
5
5
5
5
5
5
5
5
5
5
5
5
5
5
5
5
5
5
5
5
5
5
5
5
5
5
5
5
5
5
5
5
5
5
5
5
5
5
5
5
5
5
5
5
5
5
5
5
5
5
5
5
5
5
5
5
5
5
5
5
5
5
5
5
5
5
5
5
5
5
5
5
5
5
5
5
5
5
5
5
5
5
5
5
5
5
5
5
5
5
5
5
5
5
5
5
5
5
5
5
5
5
5
5
5
5
5
5
5
5
5
5
5
5
5
5
5
5
5
5
5
5
5
5
5
5
5
5
5
5
5
5
5
5
5
5
5
5
5
5
5
5
5
5
5
5
5
5
5
5
5
5
5
5
5
5
5
5
5
5
5
5
5
5
5
5
5
5
5
5
5
5
5
5
5
5
5
5
5
5
5
5
5
5
5
5
5
5
5
5
5
5
5
5
5
5
5
5
5
5
5
5
5
5
5
5
5
5
5
5
5
5
5
5
5
5
5
5
5
5
5
5
5
5
5
5
5
5
5
5
5
5
5
5
5
5
5
5
5
5
5
5
5
5
5
5
5
5
5
5
5
5
5
5
5
5
5
5
5
5
5
5
5
5
5
5
5
5
5
5
5
5
5
5
5
5
5
5
5
5
5
5
5
5
5
5
5
5
5
5
5
5
5
5
5
5
5
5
5
5
5
5
5
5
5
5
5
5
5
5
5
5
5
5
5
5
5
5
5
5
5
5
5
5
5
5
5
5
5
5
5
5
5
5
5
5
5
5
5
5
5
5
5
5
5
5
5
5
5
5
5
5
5
5
5
5
5
5
5
5
5
5
5
5
5
5
5
5
5
5
5
5
5
5
5
5
5
5
5
5
5
5
5
5
5
5
5
5
5
5
5
5
5
5
5
5
5
5
5
5
5
5
5
5
5
5
5
5
5
5
5
5
5
5
5
5
5
5
5
5
5
5
5
5
5
5
5
5
5
5
5
5
5
5
5
5
5
5
5
5
5
5
5
5
5
5
5
5
5
5
5
5
5
5
5
5
5
5
5
5
5
5
5
5
5
5
5
5
5
5
5
5
5
5
5
5
5
5
5
5
5
5
5
5
5
5
5
5
5
5
5
5
5
5
5
5
5
5
5
5
5
5
5
5
5
5
5
5
5
5
5
5
5
5
5
5
5
5
5
5
5
5
5
5
5
5
5
5
5
5
5
5
5
5
5
5
5
5
5
5
5
5
5
5
5
5
5
5
5
5
5
5
5
5
5
5
5
5
5
5
5
5
5
5
5
5
5
5
5
5
5
5
5
5
5
5
5
5
5
5
5
5
5
5
5
5
5
5
5
5
5
5
5
5
5
5
5
5
5
5
5
5
5
5
5
5
5
5
5
5
5
5
5
5
5
5
5
5
5
5
5
5
5
5
5
5
5
5
5
5
5
5
5
5
5
5
5
5
5
5
5
5
5
5
5
5
5
5
5
5
5
5
5
5
5
5
5
5
5
5
5
5
5
5
5
5
5
5
5
5
5
5
5
5
5
5
5
5
5
5
5
5
5
5
5
5
5
5
5
5
5
5
5
5
5
5
5
5
5
5
5
5
5
5
5
5
5
5
5
5
5
5
5
5
5
5
5
5
5
5
5
5
5
5
5
5
5
5
5
5
5
5
5
5
5
5
5
5
5
5
5
5
5
5
5
5
5
5
5
5
5
5
5
5
5
5
5
5
5
5
5
5
5
5
5
5
5
5
5
5
5
5
5
5
5
5
5
5
5
5
5
5
5
5
5
5
5
5
5
5
5
5
5
5
5
5
5
5
5
5
5
5
5
5
5
5
5
5
5
5
5
5
5
5
5
5
5
5
5
5
5
5
5
5
5
5
5
5
5
5
5
5
5
5
5
5
5
5
5
5
5
5
5
5
5
5
5
5
5
5
5
5
5
5
5
5
5
5
5
5
5
5
5
5
5
5
5
5
5
5
5
5
5
5
5
5
5
5
5
5
5
5
5
5
5
5
5
5
5
5
5
5
5
5
5
5
5
5
5
5
5
5
5
5
5
5
5
5
5
5
5
5
5
5
5
5
5
5
5
5
5
5
5
5
5
5
5
5
5
5
5
5
5
5
5
5
5
5
5
5
5
5
5
5
5
5
5
5
5
5
5
5
5
5
5
5
5
5
5
5
5
5
5
5
5
5
5
5
5
5
5
5
5
5
5
5
5
5
5
5
5
5
5
5
5
5
5
5
5
5
5
5
5
5
5
5
5
5
5
5
5
5
5
5
5
5
5
5
5
5
5
5
5
5
5
5
5
5
5
5
5
5
5
5
5
5
5
5
5
5
5
5
5
5
5
5
5
5
5
5
5
5
5
5
5
5
5
5
5
5
5
5
5
5
5
5
5
5
5
5
5
5
5
5
5
5
5
5
5
5
5
5
5
5
5
5
5
5
5
5
5
5
5
5
5
5
5
5
5
5
5
5
5
5
5
5
5
5
5
5
5
5
5
5
5
5
5
5
5
5
5
5
5
5
5
5
5
5
5
5
5
5
5
5
5
5
5
5
5
5
5
5
5
5
5
5
5
5
5
5
5
5
5
5
5
5
5
5
5
5
5
5
5
5
5
5
5
5
5
5
5
5
5
5
5
5
5
5
5
5
5
5
5
5
5
5
5
5
5
5
5
5
5
5
5
5
5
5
5
5
5
5
5
5
5
5
5
5
5
5
5
5
5
5
5
5
5
5
5
5
5
5
5
5
5
5
5
5
5
5
5
5
5
5
5
5
5
5
5
5
5
5
5
5
5
5
5
5
5
5
5
5
5
5
5
5
5
5
5
5
5
5
5
5
5
5
5
5
5
5
5
5
5
5
5
5
5
5
5
5
5
5
5
5
5
5
5
5
5
5
5
5
5
5
5
5
5
5
5
5
5
5
5
5
5
5
5
5
5
5
5
5
5
5
5
5
5
5
5
5
5
5
5
5
5
5
5
5
5
5
5
5
5
5
5
5
5
5
5
5
5
5
5
5
5
5
5
5
5
5
5
5
5
5
5
5
5
5
5
5
5
5
5
5
5
5
5
5
5
5
5
5
5
5
5
5
5
5
5
5
5
5
5
5
5
5
5
5
5
5
5
5
5
5
5
5
5
5
5
5
5
5
5
5
5
5
5
5
5
5
5
5
5
5
5
5
5
5
5
5
5
5
5
5
5
5
5
5
5
5
5
5
5
5
5
5
5
5
5
5
5
5
5
5
5
5
5
5
5
5
5
5
5
5
5
5
5
5
5
5
5
5
5
5
5
5
5
5
5
5
5
5
5
5
5
5
5
5
5
5
5
5
5
5
5
5
5
5
5
5
5
5
5
5
5
5
5
5
5
5
5
5
5
5
5
5
5
5
5
5
5
5
5
5
5
5
5
5
5
5
5
5
5
5
5
5
5
5
5
5
5
5
5
5
5
5
5
5
5
5
5
5
5
5
5
5
5
5
5
5
5
5
5
5
5
5
5
5
5
5
5
5
5
5
5
5
5
5
5
5
5
5
5
5
5
5
5
5
5
5
5
5
5
5
5
5
5
5
5
5
5
5
5
5
5
5
5
5
5
5
5
5
5
5
5
5
5
5
5
5
POINT_DATA 945
FIELD FieldData 2
VELOCITY 3 945  float
1.0000000e-01 0.0000000e+00 0.0000000e+00 
1.0000010e-01 0.0000000e+00 0.0000000e+00 
1.0000002e-01 0.0000000e+00 0.0000000e+00 
1.0000000e-01 0.0000000e+00 0.0000000e+00 
0.0000000e+00 0.0000000e+00 0.0000000e+00 
0.0000000e+00 0.0000000e+00 0.0000000e+00 
0.0000000e+00 0.0000000e+00 0.0000000e+00 
0.0000000e+00 0.0000000e+00 0.0000000e+00 
0.0000000e+00 0.0000000e+00 0.0000000e+00 
0.0000000e+00 0.0000000e+00 0.0000000e+00 
0.0000000e+00 0.0000000e+00 0.0000000e+00 
0.0000000e+00 0.0000000e+00 0.0000000e+00 
0.0000000e+00 0.0000000e+00 0.0000000e+00 
0.0000000e+00 0.0000000e+00 0.0000000e+00 
0.0000000e+00 0.0000000e+00 0.0000000e+00 
0.0000000e+00 0.0000000e+00 0.0000000e+00 
0.0000000e+00 0.0000000e+00 0.0000000e+00 
0.0000000e+00 0.0000000e+00 0.0000000e+00 
0.0000000e+00 0.0000000e+00 0.0000000e+00 
0.0000000e+00 0.0000000e+00 0.0000000e+00 
0.0000000e+00 0.0000000e+00 0.0000000e+00 
0.0000000e+00 0.0000000e+00 0.0000000e+00 
0.0000000e+00 0.0000000e+00 0.0000000e+00 
0.0000000e+00 0.0000000e+00 0.0000000e+00 
0.0000000e+00 0.0000000e+00 0.0000000e+00 
0.0000000e+00 0.0000000e+00 0.0000000e+00 
0.0000000e+00 0.0000000e+00 0.0000000e+00 
0.0000000e+00 0.0000000e+00 0.0000000e+00 
0.0000000e+00 0.0000000e+00 0.0000000e+00 
0.0000000e+00 0.0000000e+00 0.0000000e+00 
0.0000000e+00 0.0000000e+00 0.0000000e+00 
0.0000000e+00 0.0000000e+00 0.0000000e+00 
0.0000000e+00 0.0000000e+00 0.0000000e+00 
0.0000000e+00 0.0000000e+00 0.0000000e+00 
0.0000000e+00 0.0000000e+00 0.0000000e+00 
0.0000000e+00 0.0000000e+00 0.0000000e+00 
1.0017211e-01 -1.3530542e-26 0.0000000e+00 
1.0079565e-01 -1.2924697e-26 0.0000000e+00 
1.0199168e-01 -1.2924697e-26 0.0000000e+00 
1.0395338e-01 -1.2924697e-26 0.0000000e+00 
1.0680225e-01 -2.5849394e-25 0.0000000e+00 
1.1049297e-01 -2.5849394e-25 0.0000000e+00 
1.1492818e-01 -2.5849394e-25 0.0000000e+00 
1.1943670e-01 8.2718061e-25 0.0000000e+00 
1.2340739e-01 0.0000000e+00 0.0000000e+00 
1.2575643e-01 8.2718061e-25 0.0000000e+00 
1.2599862e-01 -6.6174449e-24 0.0000000e+00 
1.2399809e-01 -6.6174449e-24 0.0000000e+00 
1.2022693e-01 -6.6174449e-24 0.0000000e+00 
1.1535560e-01 0.0000000e+00 0.0000000e+00 
1.1036739e-01 0.0000000e+00 0.0000000e+00 
1.0639147e-01 0.0000000e+00 0.0000000e+00 
1.0372961e-01 0.0000000e+00 0.0000000e+00 
1.0211369e-01 0.0000000e+00 0.0000000e+00 
1.0116186e-01 0.0000000e+00 0.0000000e+00 
1.0064065e-01 -1.0339758e-25 0.0000000e+00 
1.0035378e-01 -1.0339758e-25 0.0000000e+00 
1.0019674e-01 -1.0339758e-25 0.0000000e+00 
1.0010830e-01 1.5509636e-25 0.0000000e+00 
1.0005976e-01 1.5509636e-25 0.0000000e+00 
1.0003346e-01 1.5509636e-25 0.0000000e+00 
1.0001844e-01 2.5849394e-26 0.0000000e+00 
1.0001025e-01 2.5849394e-26 0.0000000e+00 
1.0000568e-01 2.5849394e-26 0.0000000e+00 
1.0000315e-01 3.2311743e-27 0.0000000e+00 
1.0000176e-01 3.2311743e-27 0.0000000e+00 
1.0000100e-01 3.2311743e-27 0.0000000e+00 
1.0000058e-01 -3.7991541e-27 0.0000000e+00 
1.0000034e-01 -3.7991541e-27 0.0000000e+00 
1.0000021e-01 -3.7991541e-27 0.0000000e+00 
1.0000014e-01 1.4136387e-27 0.0000000e+00 
1.0000008e-01 3.3574075e-08 0.0000000e+00 
1.0000005e-01 5.3425925e-08 0.0000000e+00 
1.0000001e-01 5.7069929e-08 0.0000000e+00 
9.9999972e-02 4.2914074e-08 0.0000000e+00 
9.9999949e-02 1.4826521e-08 0.0000000e+00 
9.9999942e-02 -1.4529000e-08 0.0000000e+00 
9.9999957e-02 -3.7017937e-08 0.0000000e+00 
9.9999987e-02 -3.6315299e-08 0.0000000e+00 
1.0000000e-01 -2.4440517e-08 0.0000000e+00 
1.0000004e-01 -1.6155871e-27 0.0000000e+00 
1.0000010e-01 -1.6155871e-27 0.0000000e+00 
1.0000021e-01 -1.6155871e-27 0.0000000e+00 
1.0000042e-01 -1.6155871e-27 0.0000000e+00 
1.0000081e-01 -3.8370194e-27 0.0000000e+00 
1.0000150e-01 -3.8370194e-27 0.0000000e+00 
1.0000283e-01 -3.8370194e-27 0.0000000e+00 
1.0000531e-01 2.5849394e-26 0.0000000e+00 
1.0000967e-01 2.5849394e-26 0.0000000e+00 
1.0001750e-01 2.5849394e-26 0.0000000e+00 
1.0003182e-01 0.0000000e+00 0.0000000e+00 
1.0005835e-01 0.0000000e+00 0.0000000e+00 
1.0010661e-01 0.0000000e+00 0.0000000e+00 
1.0019471e-01 1.0339758e-24 0.0000000e+00 
1.0035499e-01 1.0339758e-24 0.0000000e+00 
1.0064343e-01 1.0339758e-24 0.0000000e+00 
1.0116301e-01 -3.3087225e-24 0.0000000e+00 
1.0209940e-01 -3.3087225e-24 0.0000000e+00 
1.0368752e-01 -3.3087225e-24 0.0000000e+00 
1.0635199e-01 0.0000000e+00 0.0000000e+00 
1.1038064e-01 0.0000000e+00 0.0000000e+00 
1.1532310e-01 0.0000000e+00 0.0000000e+00 
1.2019414e-01 0.0000000e+00 0.0000000e+00 
1.2414605e-01 0.0000000e+00 0.0000000e+00 
1.2614000e-01 0.0000000e+00 0.0000000e+00 
1.2580915e-01 0.0000000e+00 0.0000000e+00 
1.2338667e-01 0.0000000e+00 0.0000000e+00 
1.1949788e-01 0.0000000e+00 0.0000000e+00 
1.1500743e-01 1.3441685e-24 0.0000000e+00 
1.1055648e-01 1.3441685e-24 0.0000000e+00 
1.0680912e-01 1.3441685e-24 0.0000000e+00 
1.0393086e-01 0.0000000e+00 0.0000000e+00 
1.0194635e-01 0.0000000e+00 0.0000000e+00 
1.0076609e-01 0.0000000e+00 0.0000000e+00 
1.0015497e-01 -8.0779357e-26 0.0000000e+00 
1.0000000e-01 0.0000000e+00 0.0000000e+00 
1.0000000e-01 0.0000000e+00 0.0000000e+00 
1.0000000e-01 0.0000000e+00 0.0000000e+00 
1.0000000e-01 0.0000000e+00 0.0000000e+00 
1.0000000e-01 0.0000000e+00 0.0000000e+00 
1.0000000e-01 0.0000000e+00 0.0000000e+00 
1.0000000e-01 0.0000000e+00 0.0000000e+00 
1.0000000e-01 0.0000000e+00 0.0000000e+00 
1.0000000e-01 0.0000000e+00 0.0000000e+00 
1.0509370e-02 8.7973448e-03 0.0000000e+00 
1.0445150e-01 -2.0729618e-03 0.0000000e+00 
1.0783000e-01 3.5089604e-03 0.0000000e+00 
1.0023139e-01 1.2924764e-04 0.0000000e+00 
1.0001165e-01 6.5700924e-06 0.0000000e+00 
1.0000096e-01 -5.5180902e-07 0.0000000e+00 
1.0461938e-01 -2.6649055e-03 0.0000000e+00 
1.0134041e-01 7.6579396e-04 0.0000000e+00 
1.0487299e-01 2.2612396e-03 0.0000000e+00 
9.9874809e-02 -1.8489457e-04 0.0000000e+00 
1.0006765e-01 -4.0393708e-05 0.0000000e+00 
1.0075612e-01 -4.2866703e-04 0.0000000e+00 
1.0000195e-01 1.1686910e-06 0.0000000e+00 
1.0000625e-01 -3.4561754e-06 0.0000000e+00 
1.1801411e-01 -4.0381420e-03 0.0000000e+00 
9.9999934e-02 4.5597588e-08 0.0000000e+00 
1.2280152e-01 3.1874864e-03 0.0000000e+00 
1.1747739e-01 3.3039260e-03 0.0000000e+00 
1.1740057e-01 -4.0097465e-03 0.0000000e+00 
1.2719394e-01 2.6053551e-04 0.0000000e+00 
1.0000036e-01 2.1819464e-07 0.0000000e+00 
1.2703235e-01 -1.6160066e-04 0.0000000e+00 
9.9947900e-02 3.8976799e-04 0.0000000e+00 
9.9999934e-02 -3.6731155e-08 0.0000000e+00 
1.0003855e-01 2.1130943e-05 0.0000000e+00 
1.0002006e-01 -1.1627305e-05 0.0000000e+00 
1.0022732e-01 -1.3352586e-04 0.0000000e+00 
1.0000023e-01 -1.6654701e-07 0.0000000e+00 
1.0000452e-01 -4.7965263e-04 0.0000000e+00 
1.0116252e-01 8.7324728e-04 0.0000000e+00 
1.0000003e-01 7.7894015e-08 0.0000000e+00 
1.0110811e-01 -1.0024816e-03 0.0000000e+00 
1.0000000e-01 -4.3974019e-08 0.0000000e+00 
1.0000014e-01 6.0976191e-08 0.0000000e+00 
1.0003858e-01 3.6714779e-04 0.0000000e+00 
1.2599942e-01 1.7668861e-03 0.0000000e+00 
1.2690806e-01 5.3639440e-03 0.0000000e+00 
1.2175127e-01 7.5721992e-03 0.0000000e+00 
1.2646821e-01 1.0994058e-02 0.0000000e+00 
1.3143796e-01 7.7764364e-03 0.0000000e+00 
1.3184290e-01 1.4428403e-02 0.0000000e+00 
1.2473299e-01 1.7547131e-02 0.0000000e+00 
1.2877299e-01 2.3032913e-02 0.0000000e+00 
1.1942437e-01 2.4939530e-02 0.0000000e+00 
1.1516942e-01 3.1583145e-02 0.0000000e+00 
1.0810749e-01 3.0427946e-02 0.0000000e+00 
9.5882945e-02 3.5158712e-02 0.0000000e+00 
9.3022741e-02 3.1886697e-02 0.0000000e+00 
7.5413629e-02 3.2949593e-02 0.0000000e+00 
7.7606298e-02 2.7832221e-02 0.0000000e+00 
5.7110958e-02 2.4331342e-02 0.0000000e+00 
6.7002378e-02 1.8378489e-02 0.0000000e+00 
4.8814166e-02 1.0193672e-02 0.0000000e+00 
6.4629212e-02 5.9313942e-03 0.0000000e+00 
7.6216884e-02 1.2731967e-02 0.0000000e+00 
7.6659925e-02 2.6649022e-03 0.0000000e+00 
5.5775896e-02 -5.2601621e-03 0.0000000e+00 
8.4622711e-02 8.1102103e-03 0.0000000e+00 
8.5395984e-02 5.1859411e-04 0.0000000e+00 
5.0177276e-03 1.6540459e-03 0.0000000e+00 
-1.0481132e-03 -2.2315844e-03 0.0000000e+00 
9.0485737e-02 4.8881625e-03 0.0000000e+00 
9.1203630e-02 -1.2249324e-06 0.0000000e+00 
1.3679160e-01 8.5914871e-03 0.0000000e+00 
1.0424119e-01 2.5454551e-02 0.0000000e+00 
9.4279319e-02 2.7869889e-03 0.0000000e+00 
9.4894521e-02 -3.7833393e-04 0.0000000e+00 
3.9095353e-02 -5.9184027e-03 0.0000000e+00 
5.5180289e-02 -1.8767938e-02 0.0000000e+00 
-1.7552095e-03 1.3401746e-03 0.0000000e+00 
9.6526295e-02 1.3884512e-03 0.0000000e+00 
9.7137257e-02 -5.0244143e-04 0.0000000e+00 
9.8014563e-02 6.5671955e-04 0.0000000e+00 
9.8377384e-02 -2.6233264e-04 0.0000000e+00 
9.8868564e-02 3.4892507e-04 0.0000000e+00 
9.9076308e-02 -1.8645794e-04 0.0000000e+00 
9.9345632e-02 1.7585755e-04 0.0000000e+00 
3.9169028e-02 -2.0474086e-02 0.0000000e+00 
6.2872477e-02 -2.9357295e-02 0.0000000e+00 
7.4998520e-02 -2.7439876e-02 0.0000000e+00 
5.4678049e-02 -2.9754322e-02 0.0000000e+00 
7.8770116e-02 -3.4756579e-02 0.0000000e+00 
7.3266223e-02 -3.3517782e-02 0.0000000e+00 
9.7763561e-02 -3.5104360e-02 0.0000000e+00 
9.4283909e-02 -3.3003278e-02 0.0000000e+00 
1.1511093e-01 -3.1544402e-02 0.0000000e+00 
1.1766036e-01 -2.8210467e-02 0.0000000e+00 
1.1186106e-01 -3.1699184e-02 0.0000000e+00 
1.2826955e-01 -2.4906948e-02 0.0000000e+00 
1.3331807e-01 -2.0242566e-02 0.0000000e+00 
1.3594200e-02 -5.2299588e-03 0.0000000e+00 
6.3285819e-04 1.1599130e-03 0.0000000e+00 
9.9488430e-02 -1.1493644e-04 0.0000000e+00 
9.9629618e-02 8.3818675e-05 0.0000000e+00 
9.9726282e-02 -9.4828210e-05 0.0000000e+00 
9.9799171e-02 3.6952661e-05 0.0000000e+00 
1.3509429e-01 -1.7181179e-02 0.0000000e+00 
1.4015719e-01 -1.1891480e-02 0.0000000e+00 
8.9638509e-02 -4.6373517e-03 0.0000000e+00 
9.9852562e-02 -5.5933619e-05 0.0000000e+00 
9.9888250e-02 1.7383612e-05 0.0000000e+00 
9.9919416e-02 -3.2861819e-05 0.0000000e+00 
9.9938102e-02 7.4482778e-06 0.0000000e+00 
1.2238040e-01 2.8050253e-02 0.0000000e+00 
9.9956021e-02 -1.9326908e-05 0.0000000e+00 
9.9965826e-02 2.9682656e-06 0.0000000e+00 
9.9975638e-02 -1.1063638e-05 0.0000000e+00 
9.9981032e-02 1.1687991e-06 0.0000000e+00 
2.3603670e-02 -5.3838007e-03 0.0000000e+00 
9.9986680e-02 -6.3403700e-06 0.0000000e+00 
9.9989302e-02 4.2926979e-07 0.0000000e+00 
9.9992841e-02 -4.0793329e-06 0.0000000e+00 
9.9994123e-02 -5.5511059e-08 0.0000000e+00 
9.9996209e-02 -2.3243915e-06 0.0000000e+00 
9.9996783e-02 -1.0568845e-07 0.0000000e+00 
1.3673536e-01 -1.4199728e-02 0.0000000e+00 
1.4393274e-01 -4.7721388e-03 0.0000000e+00 
3.7289176e-02 -5.4399320e-03 0.0000000e+00 
9.8430380e-02 -1.3247419e-03 0.0000000e+00 
9.7308114e-02 3.5815123e-03 0.0000000e+00 
7.5355873e-02 3.4315336e-02 0.0000000e+00 
9.2338338e-02 1.0774347e-02 0.0000000e+00 
9.9997938e-02 -1.2967403e-06 0.0000000e+00 
9.9998228e-02 -8.4519634e-08 0.0000000e+00 
9.9998876e-02 -7.2447926e-07 0.0000000e+00 
9.9999018e-02 -5.6218003e-08 0.0000000e+00 
9.9998854e-02 5.7836974e-07 0.0000000e+00 
9.9999361e-02 3.1572733e-07 0.0000000e+00 
9.9996313e-02 2.0270545e-06 0.0000000e+00 
1.1770731e-01 1.9116156e-02 0.0000000e+00 
1.3616924e-01 -1.0545516e-02 0.0000000e+00 
9.9999398e-02 -4.1011504e-07 0.0000000e+00 
9.9979721e-02 1.3778289e-05 0.0000000e+00 
1.2905498e-01 -2.0645110e-02 0.0000000e+00 
9.9888250e-02 9.3286770e-05 0.0000000e+00 
9.9365138e-02 5.9105462e-04 0.0000000e+00 
1.4151864e-01 -4.9048057e-03 0.0000000e+00 
1.4601628e-01 3.3681844e-03 0.0000000e+00 
1.4236146e-01 1.1781774e-03 0.0000000e+00 
1.4243481e-01 8.1849247e-03 0.0000000e+00 
1.4620985e-01 1.2832657e-02 0.0000000e+00 
1.4034091e-01 1.5566560e-02 0.0000000e+00 
5.3610243e-02 4.1990686e-02 0.0000000e+00 
1.4277337e-01 2.2092799e-02 0.0000000e+00 
1.3575627e-01 2.1810351e-02 0.0000000e+00 
6.4968556e-02 2.2900913e-02 0.0000000e+00 
1.3389376e-01 1.5001017e-02 0.0000000e+00 
1.2914217e-01 1.9266382e-02 0.0000000e+00 
1.2908547e-01 2.7880218e-02 0.0000000e+00 
1.2310863e-01 2.2220451e-02 0.0000000e+00 
1.2028621e-01 2.9473852e-02 0.0000000e+00 
1.1664866e-01 2.2953155e-02 0.0000000e+00 
1.1224195e-01 2.8515918e-02 0.0000000e+00 
2.9302517e-02 3.8953092e-02 0.0000000e+00 
1.1068204e-01 2.1614678e-02 0.0000000e+00 
1.0512672e-01 2.5105203e-02 0.0000000e+00 
1.0582198e-01 1.9090135e-02 0.0000000e+00 
1.0058470e-01 2.0759474e-02 0.0000000e+00 
1.0219962e-01 1.5876209e-02 0.0000000e+00 
9.6990786e-02 1.6676277e-02 0.0000000e+00 
9.9857152e-02 1.2295740e-02 0.0000000e+00 
9.6082948e-02 1.1452750e-02 0.0000000e+00 
9.1891304e-02 1.3909435e-02 0.0000000e+00 
9.2859350e-02 9.1927592e-03 0.0000000e+00 
8.8066123e-02 9.8612299e-03 0.0000000e+00 
9.0232350e-02 6.0221246e-03 0.0000000e+00 
8.6047769e-02 4.7001597e-03 0.0000000e+00 
8.9819230e-02 2.1771167e-03 0.0000000e+00 
8.6320050e-02 -5.8843795e-04 0.0000000e+00 
9.0498328e-02 -1.3342197e-03 0.0000000e+00 
8.8580973e-02 -4.9346304e-03 0.0000000e+00 
9.2442445e-02 -4.1154148e-03 0.0000000e+00 
9.5840767e-02 7.6566688e-03 0.0000000e+00 
9.1871433e-02 -7.7737099e-03 0.0000000e+00 
8.6879373e-02 -1.0083268e-02 0.0000000e+00 
9.2675865e-02 -1.1946116e-02 0.0000000e+00 
8.8870503e-02 -1.7349349e-02 0.0000000e+00 
1.3916967e-02 -2.3122508e-02 0.0000000e+00 
9.5295720e-02 -1.6413448e-02 0.0000000e+00 
9.3914047e-02 -2.2508711e-02 0.0000000e+00 
9.2891812e-02 1.3800060e-03 0.0000000e+00 
9.4845094e-02 -5.8799279e-03 0.0000000e+00 
9.9515319e-02 -1.9800417e-02 0.0000000e+00 
9.9941351e-02 -2.6233563e-02 0.0000000e+00 
4.4909969e-02 -4.5718282e-02 0.0000000e+00 
1.0494830e-01 -2.1641331e-02 0.0000000e+00 
1.0730039e-01 -2.7781127e-02 0.0000000e+00 
7.3707871e-02 -1.4012668e-02 0.0000000e+00 
6.4480297e-02 -3.5753869e-02 0.0000000e+00 
9.9656366e-02 -1.4731928e-02 0.0000000e+00 
9.8211788e-02 2.7665777e-02 0.0000000e+00 
8.2048617e-02 -1.4693445e-02 0.0000000e+00 
1.0622407e-01 1.4118690e-02 0.0000000e+00 
8.1348889e-02 9.4174035e-03 0.0000000e+00 
1.1097094e-01 -2.1214141e-02 0.0000000e+00 
1.1557927e-01 -2.7319081e-02 0.0000000e+00 
1.0814498e-01 -1.6748484e-02 0.0000000e+00 
9.3220517e-02 -3.0804053e-02 0.0000000e+00 
9.5100172e-02 -3.2087546e-03 0.0000000e+00 
9.7149052e-02 -4.5616236e-03 0.0000000e+00 
9.7086698e-02 -2.3717436e-03 0.0000000e+00 
9.8466106e-02 -3.1660274e-03 0.0000000e+00 
1.2826045e-01 1.3334077e-02 0.0000000e+00 
1.3162035e-01 9.5715867e-03 0.0000000e+00 
1.1693372e-01 -1.9341834e-02 0.0000000e+00 
1.2232660e-01 -2.2825720e-02 0.0000000e+00 
1.2282328e-01 -3.0081270e-02 0.0000000e+00 
1.2974012e-01 -2.5502209e-02 0.0000000e+00 
1.2661386e-01 -1.8103819e-02 0.0000000e+00 
1.3323230e-01 -1.7997038e-02 0.0000000e+00 
1.3810387e-01 -2.3642370e-02 0.0000000e+00 
3.9856359e-02 5.3103268e-03 0.0000000e+00 
1.2920558e-01 -1.2964341e-02 0.0000000e+00 
1.3978732e-01 -1.5357350e-02 0.0000000e+00 
1.4524424e-01 -1.8716598e-02 0.0000000e+00 
1.1464464e-01 1.7476186e-02 0.0000000e+00 
1.1449134e-01 3.6330339e-02 0.0000000e+00 
4.2725895e-02 -2.5115803e-02 0.0000000e+00 
9.9999487e-02 7.7975881e-07 0.0000000e+00 
9.9999711e-02 4.3537909e-07 0.0000000e+00 
9.8952681e-02 -2.8007383e-02 0.0000000e+00 
9.9740833e-02 -3.0377612e-04 0.0000000e+00 
1.2547395e-01 -1.3003886e-02 0.0000000e+00 
1.4490040e-01 -1.0574229e-02 0.0000000e+00 
1.3970725e-01 -8.0713313e-03 0.0000000e+00 
1.4608410e-01 -9.2718294e-03 0.0000000e+00 
9.9150226e-02 -4.8952610e-03 0.0000000e+00 
1.4162411e-01 -2.8481489e-02 0.0000000e+00 
9.9926926e-02 -9.2774411e-05 0.0000000e+00 
9.9999644e-02 1.7409334e-07 0.0000000e+00 
1.4433929e-01 1.8980274e-02 0.0000000e+00 
1.4173251e-01 2.9135868e-02 0.0000000e+00 
9.9979676e-02 -2.8268380e-05 0.0000000e+00 
1.3559331e-01 2.2500157e-02 0.0000000e+00 
1.3401131e-01 1.1098890e-02 0.0000000e+00 
1.2704602e-01 8.6213592e-03 0.0000000e+00 
9.9998467e-02 -2.8775371e-06 0.0000000e+00 
1.3444710e-01 4.1787680e-03 0.0000000e+00 
1.4617784e-01 -2.9238637e-03 0.0000000e+00 
1.4115915e-01 6.5844209e-04 0.0000000e+00 
1.4297068e-01 5.7414556e-03 0.0000000e+00 
1.3107267e-01 1.0835873e-02 0.0000000e+00 
9.9994846e-02 -1.0573784e-05 0.0000000e+00 
9.8479658e-02 -1.7559411e-03 0.0000000e+00 
9.7665869e-02 -7.1741064e-04 0.0000000e+00 
1.2401273e-01 -1.3303998e-02 0.0000000e+00 
1.2632847e-01 -8.8778883e-03 0.0000000e+00 
9.9807240e-02 -3.2286353e-03 0.0000000e+00 
1.2340186e-01 1.1163956e-02 0.0000000e+00 
9.9999845e-02 2.4199227e-07 0.0000000e+00 
1.3553481e-01 -4.2064097e-03 0.0000000e+00 
9.9999964e-02 6.8750074e-07 0.0000000e+00 
9.9999949e-02 1.2225418e-06 0.0000000e+00 
9.9999592e-02 -8.9948719e-07 0.0000000e+00 
9.9999778e-02 -4.7376261e-07 0.0000000e+00 
1.3363701e-01 3.4788325e-02 0.0000000e+00 
1.3583805e-01 3.7861027e-02 0.0000000e+00 
1.2813123e-01 4.5693073e-02 0.0000000e+00 
9.9999674e-02 -2.1597735e-07 0.0000000e+00 
9.9999890e-02 -2.5265402e-07 0.0000000e+00 
1.3559893e-01 1.4381400e-02 0.0000000e+00 
1.1826335e-01 1.8955627e-02 0.0000000e+00 
1.0297635e-01 1.4391777e-02 0.0000000e+00 
8.8715509e-02 2.0832708e-02 0.0000000e+00 
6.5505527e-02 1.5569340e-02 0.0000000e+00 
5.5783950e-02 1.7652409e-02 0.0000000e+00 
7.8186519e-02 2.4217095e-02 0.0000000e+00 
4.8507780e-02 1.9606391e-02 0.0000000e+00 
1.0097159e-01 -4.3080407e-03 0.0000000e+00 
1.0104777e-01 -6.5248404e-03 0.0000000e+00 
1.0000042e-01 8.2290825e-07 0.0000000e+00 
6.9483772e-02 2.7059622e-02 0.0000000e+00 
4.3079402e-02 2.1668870e-02 0.0000000e+00 
2.3808086e-02 1.2482346e-02 0.0000000e+00 
2.1717038e-02 1.4502040e-02 0.0000000e+00 
9.9999800e-02 -1.1095576e-07 0.0000000e+00 
7.6707199e-02 1.2313766e-02 0.0000000e+00 
1.2314138e-01 6.9517996e-03 0.0000000e+00 
1.3020049e-01 4.7421609e-03 0.0000000e+00 
1.3083686e-01 -7.5224228e-03 0.0000000e+00 
9.9999920e-02 -1.4054243e-07 0.0000000e+00 
1.2734510e-01 -5.0070030e-03 0.0000000e+00 
9.8894469e-02 -6.7512615e-04 0.0000000e+00 
9.8562084e-02 2.4013831e-04 0.0000000e+00 
9.9353813e-02 -1.2053633e-03 0.0000000e+00 
9.6945249e-02 8.8727847e-04 0.0000000e+00 
9.8474063e-02 1.4660144e-03 0.0000000e+00 
9.7487777e-02 2.7192349e-03 0.0000000e+00 
9.8973863e-02 2.5243347e-03 0.0000000e+00 
9.8525897e-02 4.4299047e-03 0.0000000e+00 
9.9931858e-02 3.2948356e-03 0.0000000e+00 
1.0046109e-01 4.9780449e-03 0.0000000e+00 
9.9826030e-02 1.9986511e-03 0.0000000e+00 
7.9144770e-03 6.1907503e-03 0.0000000e+00 
8.0519095e-03 8.0488548e-03 0.0000000e+00 
2.2878231e-02 1.6497973e-02 0.0000000e+00 
-9.9292134e-05 2.2532884e-03 0.0000000e+00 
1.4093521e-03 2.6565080e-03 0.0000000e+00 
9.9999800e-02 9.7069957e-08 0.0000000e+00 
1.0126416e-01 3.3566549e-03 0.0000000e+00 
1.2371382e-01 -5.8355695e-03 0.0000000e+00 
-2.3276466e-03 7.0001784e-05 0.0000000e+00 
1.4346249e-03 -2.2550458e-03 0.0000000e+00 
4.2338684e-04 -2.5962940e-03 0.0000000e+00 
8.1128338e-03 -8.1240619e-03 0.0000000e+00 
9.0606958e-03 -7.2250860e-03 0.0000000e+00 
1.1358275e-01 2.2576334e-02 0.0000000e+00 
1.4398503e-01 2.9005748e-03 0.0000000e+00 
1.2765627e-01 4.3491520e-02 0.0000000e+00 
1.1948612e-01 5.1975537e-02 0.0000000e+00 
1.3035239e-01 -3.4112476e-03 0.0000000e+00 
1.3798918e-01 4.3173223e-03 0.0000000e+00 
1.3727634e-01 -8.8598917e-04 0.0000000e+00 
9.9319607e-02 6.4162159e-04 0.0000000e+00 
1.2820679e-01 -5.7240436e-03 0.0000000e+00 
1.0121277e-01 -1.3144137e-02 0.0000000e+00 
1.0014603e-01 -1.8314814e-02 0.0000000e+00 
6.9780625e-02 -1.5913177e-02 0.0000000e+00 
1.0149484e-01 -6.3891136e-03 0.0000000e+00 
5.9675546e-03 7.1169739e-04 0.0000000e+00 
4.0592112e-02 1.1061584e-02 0.0000000e+00 
1.0000009e-01 -6.5012301e-07 0.0000000e+00 
1.0000018e-01 -1.3481681e-06 0.0000000e+00 
9.5554002e-02 2.8824149e-02 0.0000000e+00 
7.3213175e-02 -1.9903477e-02 0.0000000e+00 
4.2760052e-02 -1.3798904e-02 0.0000000e+00 
4.8888318e-02 -1.7896580e-02 0.0000000e+00 
2.3170790e-02 -9.3541425e-03 0.0000000e+00 
3.1934798e-02 -1.5295992e-02 0.0000000e+00 
5.5487350e-02 -2.3380326e-02 0.0000000e+00 
9.9999912e-02 1.2324927e-07 0.0000000e+00 
1.0000001e-01 2.1164728e-07 0.0000000e+00 
9.0222596e-04 -3.9067245e-04 0.0000000e+00 
1.0077637e-01 -2.7120977e-03 0.0000000e+00 
1.0009106e-01 -2.0029112e-03 0.0000000e+00 
1.4326473e-01 3.6361823e-03 0.0000000e+00 
2.1243121e-02 -1.3001136e-02 0.0000000e+00 
1.4233395e-01 -2.2429306e-02 0.0000000e+00 
1.3701724e-01 -3.0223386e-02 0.0000000e+00 
1.3595104e-01 -3.8004097e-02 0.0000000e+00 
1.2700349e-01 -4.0288310e-02 0.0000000e+00 
1.2700759e-01 -4.7077928e-02 0.0000000e+00 
1.3259026e-01 -1.9197509e-02 0.0000000e+00 
8.2462005e-02 -2.2523429e-02 0.0000000e+00 
7.5016081e-02 -1.9332072e-02 0.0000000e+00 
7.5574450e-02 -1.0813254e-02 0.0000000e+00 
6.6713452e-02 -1.3251087e-02 0.0000000e+00 
6.5074734e-02 -2.4491068e-02 0.0000000e+00 
5.4366201e-02 -1.6030155e-02 0.0000000e+00 
6.0025629e-02 -4.3355497e-03 0.0000000e+00 
4.5872904e-02 -2.7574990e-03 0.0000000e+00 
5.6464322e-02 7.6312707e-03 0.0000000e+00 
6.7170322e-02 3.5563542e-03 0.0000000e+00 
6.6808797e-02 1.3147948e-02 0.0000000e+00 
5.8100354e-02 2.1000186e-02 0.0000000e+00 
6.9929063e-02 2.2603059e-02 0.0000000e+00 
6.4658143e-02 3.3233695e-02 0.0000000e+00 
7.6282203e-02 3.0490648e-02 0.0000000e+00 
7.5569510e-02 4.1770335e-02 0.0000000e+00 
7.9515196e-02 2.1671040e-02 0.0000000e+00 
4.8929229e-02 3.1877402e-02 0.0000000e+00 
5.2811019e-02 -3.0914461e-02 0.0000000e+00 
6.7095026e-02 -3.7090842e-02 0.0000000e+00 
5.5571936e-02 -4.5870375e-02 0.0000000e+00 
7.3829368e-02 -4.8613589e-02 0.0000000e+00 
8.5223630e-02 3.5535101e-02 0.0000000e+00 
8.8157140e-02 4.5544464e-02 0.0000000e+00 
7.7679329e-02 5.3640701e-02 0.0000000e+00 
9.4019763e-02 5.4835904e-02 0.0000000e+00 
9.9814929e-02 4.5225464e-02 0.0000000e+00 
7.9323210e-02 -3.8175408e-02 0.0000000e+00 
8.7419696e-02 -4.6141423e-02 0.0000000e+00 
8.5671350e-02 -5.6174021e-02 0.0000000e+00 
9.8679967e-02 -5.0360322e-02 0.0000000e+00 
9.9828258e-02 -5.8100160e-02 0.0000000e+00 
1.1059704e-01 -5.0441928e-02 0.0000000e+00 
1.0576873e-01 -4.2511884e-02 0.0000000e+00 
6.9443160e-03 2.9905254e-03 0.0000000e+00 
1.0744766e-01 5.0466813e-02 0.0000000e+00 
4.3684453e-02 4.4461682e-02 0.0000000e+00 
1.0000005e-01 -2.1242852e-07 0.0000000e+00 
1.1558567e-01 -4.1374572e-02 0.0000000e+00 
1.3636106e-01 1.6137216e-02 0.0000000e+00 
1.2949695e-01 -3.9724026e-02 0.0000000e+00 
9.8285638e-02 3.4275949e-02 0.0000000e+00 
1.0297180e-01 5.8397368e-02 0.0000000e+00 
3.1491108e-02 -4.1595325e-02 0.0000000e+00 
5.6209430e-02 -4.3069087e-02 0.0000000e+00 
2.1688489e-02 -6.2428541e-03 0.0000000e+00 
6.1605982e-02 1.6605357e-03 0.0000000e+00 
4.1988539e-03 -1.3434869e-03 0.0000000e+00 
6.7181215e-02 -2.4959262e-02 0.0000000e+00 
-1.5637616e-03 -1.3683599e-03 0.0000000e+00 
1.8609084e-02 2.7592657e-02 0.0000000e+00 
1.0274512e-01 4.9042930e-03 0.0000000e+00 
1.0213106e-01 7.1110926e-03 0.0000000e+00 
1.0469399e-01 6.5605678e-03 0.0000000e+00 
5.5342790e-02 -8.0645067e-04 0.0000000e+00 
8.8278070e-02 1.0764828e-04 0.0000000e+00 
3.2078668e-02 8.6646182e-03 0.0000000e+00 
3.9553471e-02 2.2294382e-02 0.0000000e+00 
1.0308305e-01 -4.9238522e-03 0.0000000e+00 
1.0387181e-01 -7.6843486e-03 0.0000000e+00 
1.2308221e-01 5.7712253e-03 0.0000000e+00 
1.0497804e-01 3.4688782e-02 0.0000000e+00 
1.3514500e-02 -1.2867998e-02 0.0000000e+00 
1.2098452e-01 -2.3294553e-02 0.0000000e+00 
1.1006556e-01 -4.8195373e-02 0.0000000e+00 
1.0000024e-01 4.7085234e-07 0.0000000e+00 
6.2439773e-02 3.3521239e-02 0.0000000e+00 
1.1968631e-01 8.9302305e-03 0.0000000e+00 
8.0316275e-02 1.6930411e-03 0.0000000e+00 
8.3352610e-02 -4.7576348e-03 0.0000000e+00 
1.3343696e-01 1.8960912e-03 0.0000000e+00 
1.3249019e-01 -2.3536878e-03 0.0000000e+00 
8.5519113e-02 1.5596777e-02 0.0000000e+00 
9.0477742e-02 2.0410564e-02 0.0000000e+00 
1.2674879e-01 2.1353267e-02 0.0000000e+00 
1.2867318e-01 1.7234817e-03 0.0000000e+00 
1.0812511e-01 2.8935266e-03 0.0000000e+00 
1.1270858e-01 4.0734974e-03 0.0000000e+00 
1.0000078e-01 1.4430333e-06 0.0000000e+00 
9.9999949e-02 2.1920321e-06 0.0000000e+00 
1.0811681e-01 -2.9398638e-03 0.0000000e+00 
1.0109600e-01 -1.0428428e-02 0.0000000e+00 
1.0500282e-01 -1.1014838e-02 0.0000000e+00 
1.0719202e-01 -8.2100537e-03 0.0000000e+00 
9.7970873e-02 -7.6740263e-03 0.0000000e+00 
1.0913534e-01 -1.1876104e-02 0.0000000e+00 
1.1131359e-01 -7.7595357e-03 0.0000000e+00 
1.1423285e-01 -1.0413623e-02 0.0000000e+00 
1.1829197e-01 3.9511085e-03 0.0000000e+00 
1.1629613e-01 8.6157275e-03 0.0000000e+00 
1.1309347e-01 4.2040925e-03 0.0000000e+00 
1.1043123e-01 8.9397039e-03 0.0000000e+00 
1.0545079e-01 7.1543702e-03 0.0000000e+00 
1.0530452e-01 1.1901362e-02 0.0000000e+00 
1.0081191e-01 8.5565420e-03 0.0000000e+00 
1.0245240e-01 5.1980708e-03 0.0000000e+00 
9.9604025e-02 5.2716956e-03 0.0000000e+00 
1.0096632e-01 3.3794490e-03 0.0000000e+00 
1.0259491e-01 2.8778585e-03 0.0000000e+00 
1.2264317e-01 -3.4810358e-03 0.0000000e+00 
1.2128338e-01 -8.2610277e-03 0.0000000e+00 
1.1556607e-01 -8.5124588e-03 0.0000000e+00 
1.1914341e-01 -1.4582392e-02 0.0000000e+00 
1.1187435e-01 -1.3413503e-02 0.0000000e+00 
1.1066459e-01 -7.9232305e-03 0.0000000e+00 
1.0679364e-01 -1.0896362e-02 0.0000000e+00 
1.0554390e-01 -1.6815029e-02 0.0000000e+00 
1.0156483e-01 -1.2191259e-02 0.0000000e+00 
9.7447954e-02 -1.7410111e-02 0.0000000e+00 
1.0340876e-01 -7.9838568e-03 0.0000000e+00 
9.9374600e-02 -7.8320438e-03 0.0000000e+00 
1.0150014e-01 -5.2299909e-03 0.0000000e+00 
1.0170470e-01 -2.3680661e-02 0.0000000e+00 
9.8806165e-02 -4.6003507e-03 0.0000000e+00 
1.0048334e-01 -3.1138710e-03 0.0000000e+00 
1.2602901e-01 -6.1162310e-03 0.0000000e+00 
1.2592398e-01 -1.9066411e-03 0.0000000e+00 
1.1276541e-01 -2.1022983e-02 0.0000000e+00 
1.2559596e-01 -1.1704642e-02 0.0000000e+00 
9.5447361e-02 -6.3587292e-03 0.0000000e+00 
1.2016512e-01 -2.1050960e-02 0.0000000e+00 
9.6860535e-02 -2.7798023e-03 0.0000000e+00 
8.6939611e-02 -2.2740681e-02 0.0000000e+00 
8.8378444e-02 -1.4302626e-02 0.0000000e+00 
7.8483604e-02 -1.3965587e-02 0.0000000e+00 
1.0833262e-01 5.1222034e-02 0.0000000e+00 
1.0832153e-01 6.7338534e-03 0.0000000e+00 
1.1288790e-01 8.4717683e-03 0.0000000e+00 
6.1222546e-02 4.5507219e-02 0.0000000e+00 
4.3405283e-02 1.4324966e-02 0.0000000e+00 
1.2469035e-01 -3.0521899e-03 0.0000000e+00 
1.0991169e-01 1.4768501e-02 0.0000000e+00 
1.0371462e-01 1.8413136e-02 0.0000000e+00 
9.9381015e-02 1.3388560e-02 0.0000000e+00 
9.4641462e-02 1.8705912e-02 0.0000000e+00 
1.0502999e-01 9.6536307e-03 0.0000000e+00 
1.0247344e-01 -1.4072797e-03 0.0000000e+00 
9.9855274e-02 1.9586821e-04 0.0000000e+00 
1.0257795e-01 1.4056322e-03 0.0000000e+00 
3.7597872e-02 -1.8118750e-02 0.0000000e+00 
1.0795632e-01 -3.5317647e-03 0.0000000e+00 
2.6894754e-02 1.0703218e-02 0.0000000e+00 
9.9946477e-02 -3.8445552e-04 0.0000000e+00 
1.0578715e-01 -5.2410210e-03 0.0000000e+00 
1.2546593e-01 1.9622047e-03 0.0000000e+00 
1.2066033e-03 -9.0568612e-04 0.0000000e+00 
1.0000108e-01 6.7997104e-07 0.0000000e+00 
8.4007531e-02 -1.9293635e-03 0.0000000e+00 
2.3981659e-02 6.6693695e-03 0.0000000e+00 
6.0775626e-02 1.1206550e-02 0.0000000e+00 
6.7481555e-02 -1.2569956e-02 0.0000000e+00 
9.6033320e-02 -1.1451824e-02 0.0000000e+00 
1.1242579e-01 -3.8256941e-03 0.0000000e+00 
7.9524413e-02 6.0648587e-02 0.0000000e+00 
1.8221160e-02 7.4114911e-03 0.0000000e+00 
1.1976989e-01 -2.6200308e-02 0.0000000e+00 
1.0249671e-01 -1.2983119e-03 0.0000000e+00 
1.0137787e-01 -7.6553645e-04 0.0000000e+00 
1.0061385e-01 -1.0099857e-03 0.0000000e+00 
1.0032627e-01 -5.6195894e-04 0.0000000e+00 
1.0000863e-01 -8.8594167e-04 0.0000000e+00 
9.9969551e-02 -4.9721281e-04 0.0000000e+00 
1.0002915e-01 -1.6838312e-03 0.0000000e+00 
9.9442661e-02 -1.1521479e-03 0.0000000e+00 
1.0115236e-01 -1.8148179e-03 0.0000000e+00 
1.0017367e-01 -3.1538811e-04 0.0000000e+00 
9.9979900e-02 -2.7593871e-04 0.0000000e+00 
1.2995338e-01 4.9956120e-04 0.0000000e+00 
1.0001262e-01 4.7587161e-04 0.0000000e+00 
1.0020545e-01 1.1241836e-03 0.0000000e+00 
9.5850646e-02 -9.9486380e-04 0.0000000e+00 
1.1286266e-01 -1.5294386e-02 0.0000000e+00 
1.1877976e-01 -1.3497437e-02 0.0000000e+00 
1.1790474e-01 -8.1758955e-03 0.0000000e+00 
1.1873328e-01 1.3523614e-02 0.0000000e+00 
7.4024335e-02 7.7091469e-03 0.0000000e+00 
1.3109489e-01 -7.4231797e-03 0.0000000e+00 
1.1371042e-01 -5.4634724e-02 0.0000000e+00 
1.0009304e-01 -1.7485474e-04 0.0000000e+00 
9.9987812e-02 -1.5094230e-04 0.0000000e+00 
1.0005054e-01 -9.6949210e-05 0.0000000e+00 
9.9993892e-02 -8.0857055e-05 0.0000000e+00 
1.0002745e-01 -5.1744009e-05 0.0000000e+00 
1.0005077e-01 -3.9057052e-04 0.0000000e+00 
9.9870019e-02 -1.6646444e-04 0.0000000e+00 
9.9653587e-02 -6.2938005e-04 0.0000000e+00 
1.0003667e-01 -2.2050568e-05 0.0000000e+00 
1.0001363e-01 -2.6519287e-05 0.0000000e+00 
1.0000888e-01 -1.4225691e-05 0.0000000e+00 
9.9998273e-02 -2.1689288e-05 0.0000000e+00 
9.9585257e-02 6.8881321e-03 0.0000000e+00 
2.7477615e-02 1.8271102e-03 0.0000000e+00 
1.3671318e-01 2.9462729e-02 0.0000000e+00 
1.0211761e-01 -3.4002423e-02 0.0000000e+00 
1.1776055e-01 4.4313125e-02 0.0000000e+00 
9.9999972e-02 -5.3680946e-08 0.0000000e+00 
1.0074303e-01 4.2707234e-04 0.0000000e+00 
1.0058243e-01 9.8417804e-04 0.0000000e+00 
1.0032221e-01 5.4669875e-04 0.0000000e+00 
1.0006600e-01 8.4469491e-04 0.0000000e+00 
1.0001874e-01 4.6593382e-04 0.0000000e+00 
1.0013590e-01 1.5312339e-03 0.0000000e+00 
1.0110572e-01 1.8479066e-03 0.0000000e+00 
1.0017929e-01 3.0184083e-04 0.0000000e+00 
1.0002097e-01 2.5418782e-04 0.0000000e+00 
9.9859558e-02 3.1392660e-04 0.0000000e+00 
1.0012463e-01 -7.4140822e-05 0.0000000e+00 
9.9999979e-02 7.7184318e-08 0.0000000e+00 
1.0041691e-01 -2.3855842e-04 0.0000000e+00 
9.9999920e-02 1.1315755e-11 0.0000000e+00 
1.0000148e-01 2.5741463e-06 0.0000000e+00 
1.0000002e-01 3.9589827e-06 0.0000000e+00 
1.0000274e-01 4.6200735e-06 0.0000000e+00 
1.0000019e-01 7.1306577e-06 0.0000000e+00 
9.9997304e-02 4.7392805e-06 0.0000000e+00 
9.9995382e-02 8.6194004e-06 0.0000000e+00 
1.0000061e-01 1.2761054e-05 0.0000000e+00 
9.9992119e-02 1.5751235e-05 0.0000000e+00 
1.0000166e-01 2.2957474e-05 0.0000000e+00 
9.9986702e-02 2.8951683e-05 0.0000000e+00 
1.0000432e-01 4.1258016e-05 0.0000000e+00 
9.9977843e-02 5.3495554e-05 0.0000000e+00 
1.0001000e-01 7.4308009e-05 0.0000000e+00 
9.9962898e-02 9.7251519e-05 0.0000000e+00 
1.0001720e-01 1.3638148e-04 0.0000000e+00 
1.0005984e-01 8.5047497e-05 0.0000000e+00 
9.9964067e-02 2.6166010e-05 0.0000000e+00 
9.9993452e-02 3.9105730e-06 0.0000000e+00 
9.9998437e-02 2.5790027e-06 0.0000000e+00 
2.7298788e-02 9.3938950e-03 0.0000000e+00 
1.0000328e-01 -2.0129271e-06 0.0000000e+00 
1.0000269e-01 -4.7303474e-06 0.0000000e+00 
1.0000119e-01 -2.3762702e-06 0.0000000e+00 
1.0002104e-01 1.1642224e-05 0.0000000e+00 
1.0000648e-01 3.6265483e-06 0.0000000e+00 
1.0000049e-01 -3.1000039e-07 0.0000000e+00 
1.0000180e-01 -9.9327178e-07 0.0000000e+00 
9.9999197e-02 -1.5681552e-06 0.0000000e+00 
1.0000002e-01 -3.8909604e-07 0.0000000e+00 
1.0000010e-01 -9.8117034e-08 0.0000000e+00 
9.9997193e-02 -5.2504433e-06 0.0000000e+00 
1.0000005e-01 -7.8761832e-06 0.0000000e+00 
9.9999100e-02 1.4115423e-06 0.0000000e+00 
9.9999979e-02 3.8333988e-07 0.0000000e+00 
1.0000001e-01 -9.7865332e-08 0.0000000e+00 
9.6599534e-02 4.6030772e-03 0.0000000e+00 
9.5523506e-02 2.4140577e-03 0.0000000e+00 
9.9997945e-02 1.0742162e-06 0.0000000e+00 
1.0000023e-01 1.1579491e-07 0.0000000e+00 
1.0000012e-01 1.4154179e-07 0.0000000e+00 
1.0015032e-01 -1.0137466e-03 0.0000000e+00 
1.0041248e-01 2.3446872e-04 0.0000000e+00 
9.9999465e-02 -3.5615951e-08 0.0000000e+00 
9.9988505e-02 7.3070828e-06 0.0000000e+00 
6.4276621e-02 -5.6247696e-02 0.0000000e+00 
1.1265647e-01 3.5815895e-02 0.0000000e+00 
9.9999689e-02 -1.6264535e-08 0.0000000e+00 
5.9427600e-02 2.8669463e-02 0.0000000e+00 
4.4429146e-02 2.6254550e-02 0.0000000e+00 
-1.0478442e-03 2.2042384e-03 0.0000000e+00 
9.4920129e-02 3.6421724e-02 0.0000000e+00 
9.9936604e-02 4.9691665e-05 0.0000000e+00 
9.8911390e-02 1.0808625e-03 0.0000000e+00 
9.9999882e-02 -4.7727593e-08 0.0000000e+00 
9.9963181e-02 -5.0602790e-05 0.0000000e+00 
1.2390412e-01 3.6265157e-02 0.0000000e+00 
1.3451324e-01 -5.3470945e-03 0.0000000e+00 
9.9512920e-02 -1.2136092e-05 0.0000000e+00 
1.0236446e-01 -3.0565502e-03 0.0000000e+00 
1.1300910e-01 -3.9085965e-03 0.0000000e+00 
9.9064581e-02 -2.5912074e-03 0.0000000e+00 
2.1513544e-02 -1.5074168e-02 0.0000000e+00 
9.8210789e-02 1.9670927e-03 0.0000000e+00 
1.0000015e-01 2.6612142e-07 0.0000000e+00 
7.5305492e-02 -2.8741872e-02 0.0000000e+00 
9.4886176e-02 -9.1107413e-03 0.0000000e+00 
1.3559223e-02 -7.4013174e-03 0.0000000e+00 
1.0000358e-01 2.0551383e-06 0.0000000e+00 
1.2183691e-01 2.9825245e-03 0.0000000e+00 
9.9860817e-02 -1.0572536e-03 0.0000000e+00 
1.0035729e-01 -6.0656830e-04 0.0000000e+00 
9.9856406e-02 1.0383333e-03 0.0000000e+00 
1.0052884e-01 2.0003403e-03 0.0000000e+00 
6.9547415e-02 8.7987250e-03 0.0000000e+00 
1.3476130e-01 -3.1456832e-02 0.0000000e+00 
9.9998400e-02 -4.1790910e-05 0.0000000e+00 
1.1179535e-02 8.9560831e-03 0.0000000e+00 
1.0036029e-01 5.6524819e-04 0.0000000e+00 
1.0926753e-01 1.1344178e-02 0.0000000e+00 
1.0001144e-01 -6.0054595e-06 0.0000000e+00 
1.0000008e-01 7.1184637e-08 0.0000000e+00 
9.9250831e-02 3.1390379e-03 0.0000000e+00 
9.6694827e-02 6.7988597e-03 0.0000000e+00 
1.2057443e-01 1.2489447e-02 0.0000000e+00 
1.0850877e-01 -2.8379587e-02 0.0000000e+00 
9.3235917e-02 -3.0700931e-02 0.0000000e+00 
7.0374846e-02 -4.4242861e-03 0.0000000e+00 
9.4259232e-02 -5.6786988e-02 0.0000000e+00 
9.2382478e-03 -6.8051410e-03 0.0000000e+00 
1.0000005e-01 -4.3907367e-08 0.0000000e+00 
1.1087535e-01 -3.4401853e-02 0.0000000e+00 
9.9999867e-02 3.4862630e-08 0.0000000e+00 
1.3895218e-01 2.0702423e-03 0.0000000e+00 
1.0000492e-01 8.2136776e-06 0.0000000e+00 
1.2401585e-01 1.6179131e-02 0.0000000e+00 
1.0000062e-01 3.8316688e-07 0.0000000e+00 
9.9330813e-02 -2.1915031e-03 0.0000000e+00 
9.3372434e-02 4.8389868e-03 0.0000000e+00 
1.4005846e-01 -5.3142952e-03 0.0000000e+00 
3.8707744e-02 -2.0814173e-02 0.0000000e+00 
1.2879317e-01 -2.6387128e-03 0.0000000e+00 
9.9354461e-02 1.4973501e-03 0.0000000e+00 
1.3466196e-01 -1.1224722e-02 0.0000000e+00 
1.0013395e-01 6.9533642e-05 0.0000000e+00 
8.2372822e-02 -6.9589494e-03 0.0000000e+00 
1.0453703e-01 -4.8114876e-03 0.0000000e+00 
9.9986672e-02 -1.5456844e-05 0.0000000e+00 
8.4489092e-02 -2.9922219e-02 0.0000000e+00 
1.1118780e-01 1.4976658e-03 0.0000000e+00 
1.0000899e-01 1.4583701e-05 0.0000000e+00 
9.7074680e-02 -1.1505005e-02 0.0000000e+00 
5.7257034e-02 5.4460734e-02 0.0000000e+00 
1.1389481e-01 1.0096187e-02 0.0000000e+00 
1.3684806e-01 9.7331507e-03 0.0000000e+00 
7.0413962e-02 -6.1449278e-03 0.0000000e+00 
1.4091152e-01 9.1192760e-03 0.0000000e+00 
1.1226131e-01 2.4226727e-02 0.0000000e+00 
1.4330499e-01 -3.8606038e-03 0.0000000e+00 
1.0596938e-01 2.4570422e-02 0.0000000e+00 
7.6562375e-02 1.5039353e-02 0.0000000e+00 
9.7583070e-02 -3.4201309e-02 0.0000000e+00 
1.0347821e-01 -1.6752100e-02 0.0000000e+00 
1.2439271e-02 5.0568320e-03 0.0000000e+00 
1.0449223e-01 1.9191343e-03 0.0000000e+00 
9.1497354e-02 2.5980324e-02 0.0000000e+00 
8.5061580e-02 2.6292861e-02 0.0000000e+00 
9.1784507e-02 2.7843267e-02 0.0000000e+00 
1.0010748e-01 1.5903810e-04 0.0000000e+00 
6.3337699e-02 -2.8838456e-02 0.0000000e+00 
1.1934210e-01 1.8375505e-02 0.0000000e+00 
1.1363982e-01 1.3002133e-02 0.0000000e+00 
1.2797056e-01 2.3248759e-03 0.0000000e+00 
9.9931329e-02 1.7364093e-04 0.0000000e+00 
1.2269685e-01 -2.7027689e-02 0.0000000e+00 
1.0214236e-01 -3.1213239e-03 0.0000000e+00 
1.2118126e-01 -3.2090652e-03 0.0000000e+00 
8.2844578e-02 2.1237532e-02 0.0000000e+00 
9.9505603e-02 -5.1041751e-04 0.0000000e+00 
1.2594354e-01 4.7179284e-03 0.0000000e+00 
1.0246541e-01 1.2407982e-03 0.0000000e+00 
3.0037919e-02 2.3824733e-02 0.0000000e+00 
9.3588024e-02 -1.2183145e-03 0.0000000e+00 
1.0001682e-01 2.6121155e-05 0.0000000e+00 
1.1011092e-01 1.6076449e-02 0.0000000e+00 
1.3113469e-01 -1.4137703e-02 0.0000000e+00 
7.8761958e-02 -5.9804175e-02 0.0000000e+00 
1.0000517e-01 -8.2951083e-06 0.0000000e+00 
9.9792324e-02 1.7347407e-04 0.0000000e+00 
3.8958769e-02 -1.1565033e-02 0.0000000e+00 
5.2564911e-04 5.1401521e-04 0.0000000e+00 
1.2115740e-01 -4.6510760e-02 0.0000000e+00 
1.3134748e-01 3.5530724e-02 0.0000000e+00 
9.6719883e-02 -4.0839046e-02 0.0000000e+00 
1.2742722e-01 -2.2044089e-03 0.0000000e+00 
6.9572307e-02 -1.7365802e-02 0.0000000e+00 
1.2141073e-01 -1.7047772e-02 0.0000000e+00 
1.0927244e-01 4.2572487e-02 0.0000000e+00 
3.4725279e-02 -3.3635531e-02 0.0000000e+00 
1.0000000e-01 1.2453980e-07 0.0000000e+00 
1.0003127e-01 4.5901088e-05 0.0000000e+00 
8.6022519e-02 1.4870018e-02 0.0000000e+00 
9.8255113e-02 8.9758039e-03 0.0000000e+00 
-2.1199626e-03 -5.1711741e-06 0.0000000e+00 
5.7082348e-02 -8.8337222e-03 0.0000000e+00 
1.2194037e-01 -9.3387822e-03 0.0000000e+00 
9.9999890e-02 -4.2013780e-06 0.0000000e+00 
2.5142513e-02 1.7035281e-02 0.0000000e+00 
7.7584028e-02 -4.4566686e-03 0.0000000e+00 
9.3428530e-02 -3.1460084e-03 0.0000000e+00 
1.2955467e-01 2.0564850e-03 0.0000000e+00 
1.0142889e-01 1.9822610e-03 0.0000000e+00 
4.1336175e-02 4.2137869e-02 0.0000000e+00 
1.0671642e-01 -7.0676031e-03 0.0000000e+00 
1.0006855e-01 3.4561814e-05 0.0000000e+00 
-2.8326344e-03 -6.0118462e-05 0.0000000e+00 
2.0989114e-02 -1.5569107e-02 0.0000000e+00 
1.1024237e-02 4.0056608e-03 0.0000000e+00 
1.1466981e-01 -6.8230233e-03 0.0000000e+00 
9.9631421e-02 3.1030687e-04 0.0000000e+00 
1.0057616e-01 -1.5908262e-03 0.0000000e+00 
9.9051267e-02 -6.6741218e-04 0.0000000e+00 
7.3774025e-02 8.6123514e-04 0.0000000e+00 
9.9262699e-02 -2.3131633e-02 0.0000000e+00 
9.9999778e-02 -2.3996920e-06 0.0000000e+00 
9.9694051e-02 7.1870885e-04 0.0000000e+00 
1.3760166e-01 1.5945338e-02 0.0000000e+00 
3.7499331e-02 2.1940619e-02 0.0000000e+00 
8.8347092e-02 -3.7124943e-02 0.0000000e+00 
1.3296252e-01 1.5894418e-04 0.0000000e+00 
1.0782421e-01 3.1781271e-02 0.0000000e+00 
8.6515337e-02 3.2000590e-02 0.0000000e+00 
9.9999808e-02 -8.7174916e-09 0.0000000e+00 
7.5575404e-02 -2.4323365e-02 0.0000000e+00 
1.0007499e-01 -1.7401826e-04 0.0000000e+00 
1.0484301e-01 -3.2225881e-02 0.0000000e+00 
1.0007425e-01 1.5893175e-04 0.0000000e+00 
9.9768393e-02 5.8539287e-04 0.0000000e+00 
1.0299791e-01 1.2340853e-02 0.0000000e+00 
1.0114808e-01 9.5851859e-03 0.0000000e+00 
1.3810863e-01 -2.8988782e-03 0.0000000e+00 
1.0449452e-01 -1.1643276e-02 0.0000000e+00 
9.9999942e-02 -7.6869838e-08 0.0000000e+00 
8.5818350e-02 5.4147918e-02 0.0000000e+00 
8.5752152e-02 2.0676229e-02 0.0000000e+00 
1.3402602e-02 -3.6558758e-03 0.0000000e+00 
1.0000011e-01 3.1165015e-08 0.0000000e+00 
1.3546979e-01 -5.3126807e-03 0.0000000e+00 
1.0000085e-01 -1.1055051e-06 0.0000000e+00 
9.9392131e-02 1.8865023e-03 0.0000000e+00 
1.2549627e-01 -1.7072381e-02 0.0000000e+00 
1.0000002e-01 -2.2058432e-08 0.0000000e+00 
5.7764873e-02 3.0016718e-02 0.0000000e+00 
7.7994585e-02 -2.8660469e-02 0.0000000e+00 
1.0000081e-01 -1.2998105e-05 0.0000000e+00 
1.9127924e-02 -7.0317541e-03 0.0000000e+00 
1.1611372e-01 -2.6355051e-02 0.0000000e+00 
1.1612484e-01 1.0071359e-02 0.0000000e+00 
1.2414934e-01 -7.5886925e-03 0.0000000e+00 
1.1751293e-01 -3.4120813e-02 0.0000000e+00 
9.9625476e-02 1.0763999e-03 0.0000000e+00 
1.1545658e-01 1.3995770e-02 0.0000000e+00 
1.2295184e-01 -3.7560217e-02 0.0000000e+00 
1.3368498e-01 5.7566701e-03 0.0000000e+00 
1.2036958e-01 -6.1256788e-03 0.0000000e+00 
2.1970274e-02 -1.3279021e-02 0.0000000e+00 
1.0309879e-01 2.9567506e-03 0.0000000e+00 
8.1941262e-02 -3.2818995e-02 0.0000000e+00 
9.5778979e-02 2.1909155e-02 0.0000000e+00 
1.1748563e-01 2.7076529e-02 0.0000000e+00 
1.0062756e-01 1.2896580e-03 0.0000000e+00 
9.9409178e-02 -3.8660478e-04 0.0000000e+00 
1.0893888e-01 -5.6657158e-03 0.0000000e+00 
1.0134688e-01 -1.9578682e-03 0.0000000e+00 
1.0022835e-01 2.4051692e-03 0.0000000e+00 
1.0000045e-01 -6.9180692e-07 0.0000000e+00 
8.1159435e-02 -9.1748321e-03 0.0000000e+00 
7.0658959e-03 -2.2154339e-03 0.0000000e+00 
1.2838754e-01 -3.2954387e-02 0.0000000e+00 
1.0465386e-01 4.2725299e-03 0.0000000e+00 
1.2025046e-01 -1.8627055e-02 0.0000000e+00 
1.3096274e-01 4.0484658e-03 0.0000000e+00 
9.7873151e-02 1.0017194e-02 0.0000000e+00 
9.9098936e-02 2.2952048e-02 0.0000000e+00 
9.9301621e-02 -1.6351145e-03 0.0000000e+00 
1.4303169e-01 1.0542140e-02 0.0000000e+00 
1.1968245e-01 5.7857959e-03 0.0000000e+00 
1.1088149e-01 1.9813312e-02 0.0000000e+00 
8.8792898e-02 -2.4819357e-02 0.0000000e+00 
1.1546137e-01 2.7496712e-03 0.0000000e+00 
9.8560236e-02 8.5746972e-03 0.0000000e+00 
9.9688321e-02 -7.5278059e-04 0.0000000e+00 
9.1158740e-02 -9.2847059e-03 0.0000000e+00 
1.0539535e-01 4.1872649e-03 0.0000000e+00 
1.0000005e-01 1.2756330e-07 0.0000000e+00 
1.0310464e-01 -1.3404857e-02 0.0000000e+00 
1.0590509e-01 -1.3931375e-02 0.0000000e+00 
1.3098465e-01 2.2449357e-02 0.0000000e+00 
9.4878741e-02 6.3279766e-04 0.0000000e+00 
1.1607511e-01 6.6775172e-03 0.0000000e+00 
9.7389840e-02 6.1359415e-03 0.0000000e+00 
1.0000021e-01 -3.6649087e-07 0.0000000e+00 
1.2904616e-01 -7.8536762e-04 0.0000000e+00 
4.4000100e-02 1.6574306e-02 0.0000000e+00 
1.4169219e-01 9.5717805e-03 0.0000000e+00 
3.4611270e-02 -2.1562604e-02 0.0000000e+00 
3.5517070e-02 -9.6059246e-03 0.0000000e+00 
1.2592283e-01 -1.2936449e-03 0.0000000e+00 
1.4268899e-01 -1.3733145e-02 0.0000000e+00 
PRESSURE 1 945  float
3.1249576e+00
0.0000000e+00
0.0000000e+00
3.1248043e+00
-3.6436372e+00
-3.8546090e+00
-4.4622960e+00
-5.3182855e+00
-6.1955080e+00
-7.0670123e+00
-7.7714348e+00
-8.0476971e+00
-7.7639375e+00
-6.5165153e+00
-4.4931054e+00
-1.6470232e+00
1.5551981e+00
4.6112275e+00
7.1537066e+00
8.9506559e+00
9.4967499e+00
8.9442120e+00
7.2618237e+00
4.6485548e+00
1.5041751e+00
-1.6512156e+00
-4.4048505e+00
-6.5321589e+00
-7.6665502e+00
-8.1444368e+00
-7.7684302e+00
-7.0339093e+00
-6.2121067e+00
-5.3552737e+00
-4.4358096e+00
-3.8289239e+00
3.1201756e+00
3.0624592e+00
2.9522374e+00
2.7610912e+00
2.4360995e+00
2.0183253e+00
1.4668522e+00
8.6242133e-01
2.6555350e-01
-2.5021195e-01
-5.1165503e-01
-6.0219008e-01
-5.4009825e-01
-3.9953506e-01
-2.4383603e-01
-1.4810523e-01
-7.4036874e-02
-4.4154055e-02
-2.2582587e-02
-1.1484285e-02
-5.8841361e-03
-2.7819062e-03
-1.6237582e-03
-4.9608340e-04
-3.1447705e-04
-1.0702042e-04
-4.1220850e-05
-4.0846535e-06
7.1545705e-06
1.2090883e-05
1.0887206e-05
8.8274919e-06
6.2060303e-06
3.9602737e-06
1.5765939e-06
0.0000000e+00
0.0000000e+00
0.0000000e+00
0.0000000e+00
0.0000000e+00
0.0000000e+00
0.0000000e+00
0.0000000e+00
0.0000000e+00
-2.5405109e-06
-5.7728948e-06
-8.8654051e-06
-1.3582869e-05
-2.0656102e-05
-2.8245418e-05
-5.8734789e-05
-8.6625369e-05
-1.3433833e-04
-2.4687534e-04
-5.0545490e-04
-9.5159485e-04
-1.7690883e-03
-3.3598593e-03
-6.3950540e-03
-1.2243317e-02
-2.3724893e-02
-4.5248386e-02
-7.8634113e-02
-1.5440343e-01
-2.4527065e-01
-3.9985254e-01
-5.3521323e-01
-6.1159307e-01
-4.9805301e-01
-2.2362944e-01
2.6650548e-01
8.6243993e-01
1.4676219e+00
2.0151422e+00
2.4465349e+00
2.7613833e+00
2.9595113e+00
3.0652189e+00
3.1211319e+00
3.1433201e+00
3.1887028e+00
3.2425559e+00
3.2948575e+00
3.3139064e+00
3.2960148e+00
3.2455192e+00
3.1889508e+00
3.1434288e+00
8.7356243e+00
-9.9869683e-02
-1.9163845e-01
-3.4470523e-03
-6.3335385e-05
-2.4685163e-05
2.6994178e+00
-2.8666403e-02
2.6693523e+00
3.3121653e+00
-1.0876228e-03
-1.4602051e-02
8.7041926e-06
-1.0377632e-04
-4.9397469e-01
6.6201574e-07
-6.1897695e-01
1.1421577e+00
1.1636418e+00
-4.9824929e-01
6.5792660e-06
-4.7490969e-01
3.2691696e+00
-1.0687345e-06
-3.8227960e-04
-3.0788084e-04
-4.0193712e-03
-1.0296720e-05
3.2168837e+00
3.0393145e+00
1.0219015e-06
3.0446868e+00
-2.2248887e-06
2.8083666e-06
3.1612566e+00
-6.5359992e-01
-8.5467362e-01
-6.9167596e-01
-1.0050224e+00
-1.2194393e+00
-1.5261933e+00
-1.1346625e+00
-1.8395621e+00
-1.1836884e+00
-1.9278910e+00
-1.0991135e+00
-1.5766859e+00
-8.2133603e-01
-1.1268088e+00
-4.7996211e-01
-6.5505320e-01
-1.2632304e-01
-2.5451329e-01
8.8256955e-02
9.5574908e-02
1.7038728e-01
-4.2452089e-02
1.2317099e-01
1.8061361e-01
-5.5226021e+00
-4.1242776e+00
1.2634295e-01
1.4138985e-01
-1.7802022e+00
-5.3690302e-01
8.3629936e-02
6.6425920e-02
-4.9674559e-01
-4.1836184e-01
-3.7200739e+00
5.4587830e-02
5.2978858e-02
3.6322620e-02
2.3211002e-02
1.8516557e-02
1.4228869e-02
1.0883074e-02
-1.1341299e+00
-9.6556789e-01
-4.7379130e-01
-1.7682258e+00
-1.5617714e+00
-2.3541882e+00
-2.0055265e+00
-2.9201937e+00
-2.2517092e+00
-3.0467470e+00
-1.5046537e+00
-2.2760277e+00
-2.8906839e+00
-6.1556039e+00
-4.7831388e+00
6.6203224e-03
5.5716089e-03
4.6815360e-03
3.3828067e-03
-2.0963409e+00
-2.5265026e+00
1.0077058e-01
1.8801237e-03
1.6272328e-03
1.0632275e-03
8.6289662e-04
-2.5284207e+00
4.9058365e-04
4.1949219e-04
2.2918762e-04
1.8805837e-04
-1.1742959e+00
5.9588903e-05
9.8566343e-05
5.9530375e-05
5.1721483e-05
7.6486485e-06
2.0668000e-05
-3.5753522e+00
-2.8696198e+00
-7.4655252e+00
2.1450138e-02
4.8782922e-02
-2.1657765e+00
8.0127172e-02
-4.1128055e-07
8.0267937e-06
-2.3680971e-06
2.4856035e-06
9.7081775e-06
4.6823852e-06
3.9966668e-05
-8.1253445e-01
-1.7791299e+00
-3.2575422e-06
2.6530615e-04
-1.6364685e+00
1.8645476e-03
1.1528772e-02
-3.8985052e+00
-3.0043175e+00
-2.1906629e+00
-2.0934839e+00
-3.0482724e+00
-1.7712902e+00
-1.8191729e-01
-2.4164479e+00
-1.2065954e+00
-5.2597675e+00
-8.8247693e-01
-2.9263994e-01
-4.3339068e-01
4.0334523e-01
6.3333791e-01
1.1691865e+00
1.5996748e+00
5.4001284e+00
1.8760053e+00
2.4289191e+00
2.4732182e+00
3.0002668e+00
2.9079239e+00
3.4301269e+00
3.1772487e+00
3.5778778e+00
3.9671161e+00
3.9438157e+00
4.3666739e+00
4.1884160e+00
4.5831704e+00
4.2602668e+00
4.5696750e+00
4.1830344e+00
4.3516264e+00
3.9957206e+00
3.6266029e+00
4.0112090e+00
4.4523745e+00
3.9195602e+00
4.1984124e+00
7.5793486e+00
3.6202211e+00
3.6135113e+00
3.9554043e+00
3.7512321e+00
3.1211007e+00
2.9374881e+00
2.8219447e+00
2.5192213e+00
2.1382797e+00
-6.5925889e+00
-2.8467689e+00
3.1649585e+00
3.0809653e+00
4.8287249e+00
2.4845009e+00
4.9328141e+00
1.8635798e+00
1.2329127e+00
2.2347367e+00
3.4854631e+00
3.7459433e+00
3.5324554e+00
3.5551026e+00
3.4027162e+00
-1.8421009e-01
-6.3613862e-01
1.2165841e+00
5.0837177e-01
3.0791333e-01
-4.5752811e-01
1.3375840e-02
-8.1851000e-01
-1.5828189e+00
-7.4155846e+00
-3.2301652e-01
-1.6883128e+00
-2.8757663e+00
1.4683340e+00
1.0750958e+00
-2.6438761e+00
9.3971257e-06
5.4745378e-06
-3.7024384e+00
4.9542589e-03
-4.5470901e+00
-2.5032105e+00
-1.6867685e+00
-3.6853960e+00
3.3013530e+00
-2.6840925e+00
8.6551270e-04
2.2408251e-06
-3.8046224e+00
-3.1146595e+00
1.6939222e-04
-4.7615314e+00
-5.1156626e+00
-9.8781481e-02
-5.2415030e-06
-1.3525456e+00
-3.1217127e+00
-4.2352986e+00
-3.5127785e+00
-4.4146333e+00
7.1782029e-05
3.4204843e+00
3.5121441e+00
3.4413534e-01
2.0365208e-02
3.2372773e+00
4.0309653e-01
3.3574984e-06
-4.8949857e+00
8.6788123e-06
1.2575842e-05
-7.0153692e-06
-8.4964167e-06
-3.9428680e+00
-2.2499161e+00
-2.5660214e+00
-4.2595539e-06
-5.9636736e-06
-3.6338539e+00
-4.3073387e+00
-5.2381287e+00
-4.7182455e+00
-5.4633827e+00
-4.8279662e+00
-4.2360344e+00
-4.2063565e+00
3.0956457e+00
3.0901713e+00
9.6536160e-06
-3.6623747e+00
-3.5508659e+00
-3.9887967e+00
-3.3335075e+00
-2.3444607e-06
-5.8934212e+00
3.9729545e-01
-5.7141405e-01
-5.8810359e-01
-3.6407871e-06
-2.2000216e-01
3.4000149e+00
3.4336994e+00
3.3353703e+00
3.5778749e+00
3.4276664e+00
3.5059910e+00
3.3553576e+00
3.3801816e+00
3.2274923e+00
3.1563268e+00
3.2493315e+00
-3.6673462e+00
-3.0491564e+00
-2.6565731e+00
-3.3716581e+00
-2.8513591e+00
1.1229380e-06
3.0609374e+00
3.1237561e-01
-3.2262585e+00
-2.8101540e+00
-3.3162761e+00
-2.9101732e+00
-3.4972472e+00
-5.7349749e+00
-2.6344950e+00
-1.0328619e+00
-8.1827009e-01
-6.6200358e-01
-1.5205208e+00
-1.5550946e+00
3.3562062e+00
-4.9870529e+00
-5.4096184e+00
-4.9043694e+00
-5.4619632e+00
-6.0498319e+00
-2.2858939e+00
-6.1157436e+00
-1.1977093e-05
-1.2288036e-05
-3.5928907e+00
-4.8090539e+00
-5.1142316e+00
-4.4987955e+00
-4.6243572e+00
-4.0716305e+00
-3.8528459e+00
1.5663273e-06
3.5748153e-06
-3.8406265e+00
3.1141653e+00
3.2083597e+00
-4.1500854e+00
-1.7760856e+00
-3.8543379e+00
-4.0187306e+00
-2.4030197e+00
-3.7126861e+00
-1.7953281e+00
-5.0434380e+00
4.6454563e+00
5.3277941e+00
5.4285069e+00
6.0253725e+00
5.9164929e+00
6.7481594e+00
6.5236244e+00
7.3287110e+00
6.7366176e+00
6.0796862e+00
6.0525455e+00
6.4751887e+00
5.6563864e+00
5.7122726e+00
4.9454851e+00
4.5903783e+00
4.9019642e+00
6.6435523e+00
6.4641743e+00
5.3843203e+00
5.5581737e+00
4.3208423e+00
4.0802732e+00
3.3847630e+00
3.6033280e+00
2.1783624e+00
2.3186243e+00
4.4471207e+00
3.4241724e+00
2.7213767e+00
2.1175323e+00
8.8257319e-01
7.7382821e-01
1.8389359e+00
-4.2690949e+00
-2.7543967e+00
2.6815712e+00
-7.5362505e-06
7.6895183e-01
-2.2019243e+00
-1.0607674e+00
-2.3340540e+00
2.0576250e-02
5.6147728e+00
-1.7825811e-01
-7.0360937e+00
-7.3825779e+00
-5.3973436e+00
-5.0812268e+00
-3.7537675e+00
7.5219803e+00
2.8960872e+00
2.9754448e+00
2.6786859e+00
-7.3661933e+00
-6.7968030e+00
-8.5505271e-01
-1.3493125e+00
2.8680258e+00
2.7883589e+00
-5.2233238e+00
2.2211249e+00
8.5532207e+00
-3.6969924e+00
-3.1086500e+00
7.2429089e-06
-2.9666574e+00
8.9155275e-01
5.0707746e+00
4.8043370e+00
-1.0566581e+00
-1.1366436e+00
4.5144429e+00
4.0023499e+00
-3.5536811e+00
-7.6659077e-01
2.3107231e+00
1.7534913e+00
1.1505231e-05
1.7772874e-05
2.3130143e+00
3.0604210e+00
2.6204200e+00
2.3977726e+00
3.4142694e+00
2.1503627e+00
1.9303759e+00
1.5560734e+00
-5.0996715e-01
-4.9766374e-01
-3.4139150e-01
-3.0699986e-01
-1.3728341e-01
-2.2641391e-01
-4.7238849e-02
-6.7137092e-02
-9.5811421e-03
-2.6910717e-02
-6.9954336e-02
-6.2923211e-01
-6.8858838e-01
-4.6330321e-01
-7.3554736e-01
-4.2318186e-01
-3.1176966e-01
-2.3437060e-01
-2.7692005e-01
-1.1070016e-01
-1.2519996e-01
-9.5966004e-02
-3.4013204e-03
-4.9507271e-02
-4.1251957e-01
1.1832302e-02
-1.8467937e-02
-8.2807976e-01
-6.6509283e-01
-6.6180986e-01
-1.0053089e+00
8.2930520e-02
-9.7776705e-01
5.8160130e-02
-1.5081626e-01
5.5066433e-02
8.0415122e-02
1.0001038e+00
2.2690825e+00
1.7440828e+00
5.2891288e+00
7.3658028e+00
7.3559158e-02
-3.7347108e-01
-2.6004484e-01
-9.2338815e-02
-1.0497430e-01
2.6468313e+00
2.9168115e+00
3.3129644e+00
2.9020724e+00
7.5549073e+00
-1.9610366e-01
-4.6632214e+00
3.2707679e+00
2.5648956e+00
-7.4145861e-02
-4.7362657e+00
9.8398559e-06
-6.8263931e+00
-6.9909000e+00
-6.7584138e+00
-6.0839291e+00
3.7752287e-03
1.8024313e+00
1.6303750e+00
-1.5749555e+00
-5.3696499e+00
-5.4574993e-02
-2.9522019e-02
-1.2303271e-02
-5.8867428e-03
-1.8697167e-03
3.1530726e-04
1.7530379e-04
1.1099787e-02
-2.5523717e-02
-3.4282228e-03
1.9943033e-04
-7.5471830e-01
3.2137692e+00
3.1720021e+00
3.6865759e+00
1.7158872e+00
1.0042893e+00
1.0995071e+00
1.0001187e+00
5.5643616e+00
-1.2084181e+00
-8.7246454e-01
-1.5667223e-03
2.0950566e-04
-8.8908797e-04
2.9664556e-05
-4.5762293e-04
3.1610980e+00
1.4827462e-03
6.7796814e-03
-5.9287547e-04
-2.6864398e-04
-1.3639132e-04
-2.7215110e-05
3.2539060e+00
8.1697226e+00
-1.5380310e+00
2.4995315e+00
3.2289088e-01
-1.1353072e-06
-1.3549657e-02
-1.1670037e-02
-6.0158079e-03
-1.1501400e-03
-3.5597794e-05
-1.3685096e-03
-2.6384506e-02
-2.9263434e-03
-6.1388073e-06
2.9967083e-03
-2.0912178e-03
7.3239636e-07
-7.7487053e-03
-1.8213154e-08
1.1666035e-05
2.4425004e-05
6.6121002e-06
3.5687975e-05
4.5549292e-05
7.7778510e-05
4.7136935e-05
1.3610027e-04
5.5077860e-05
2.3214045e-04
2.5177605e-05
3.9257389e-04
-5.2383835e-05
7.1241742e-04
-1.6560353e-04
-8.1548188e-04
5.2212959e-04
6.9600283e-05
2.7690594e-05
-5.4115582e+00
-6.7556975e-05
-6.8397159e-05
-3.5785633e-05
-1.6175670e-04
-1.6015225e-05
-1.7315266e-05
-3.7251528e-05
-1.1300500e-05
-8.3029527e-06
-7.1229415e-06
-4.0041018e-06
-6.9830123e-05
1.6109911e-05
5.8061814e-06
-3.5734413e-06
3.5956266e+00
3.7136471e+00
1.9327363e-05
4.7154595e-06
3.5282740e-06
3.1761887e+00
-7.0403568e-03
2.7818140e-07
1.3836246e-04
3.7921708e+00
-4.6115208e+00
-7.8714186e-07
-2.9822841e+00
-2.2611663e+00
-4.1107130e+00
3.1734514e+00
9.8141877e-04
2.1723038e-02
-1.4324460e-06
3.5694233e-04
-6.5011315e-02
-1.0909462e+00
3.3549695e+00
-5.8263041e-02
-3.3786130e-01
1.9954829e-02
-3.0981140e+00
3.2596249e-02
5.0688132e-06
5.0820208e+00
3.7229664e+00
-4.0772185e+00
1.8193936e-06
5.3001261e-01
3.2592084e+00
3.1102242e+00
3.2571800e+00
3.1379409e+00
-6.6443028e+00
-1.3646704e+00
-3.7023041e-05
-2.3556707e+00
3.1094599e+00
2.1428003e+00
-1.6339320e-04
1.3412709e-06
1.2788260e-02
4.8493885e-02
-7.4045414e-01
-8.3342218e-01
-6.6409296e-01
5.8135052e+00
-9.9529624e-01
-2.3250234e+00
-3.6521601e-06
1.5796257e+00
-1.2028462e-07
-1.7604284e+00
-6.8391255e-06
3.5457361e-01
8.8521274e-06
3.3110509e+00
3.9183688e+00
-2.0432017e+00
-3.4270778e+00
-8.4384131e-01
3.3267107e+00
-1.0175730e+00
-1.7729445e-03
1.4494830e-01
-1.2242215e-01
6.7432236e-05
4.3267751e+00
-5.9563546e+00
-5.1614665e-05
3.4887638e+00
4.1854181e+00
-6.0601091e+00
-1.2768115e+00
1.6182160e-01
-2.3748260e+00
-7.7415973e-01
-2.2383039e+00
-4.0416970e+00
5.2795491e+00
-1.2304680e+00
2.7561994e+00
-6.2191358e+00
-9.6092604e-02
-3.7232628e-01
4.3754582e+00
3.7427444e+00
-1.5761195e-03
-3.1412137e+00
8.9300483e-01
1.6209195e+00
-3.9515212e-01
1.3955961e-03
-1.6730239e+00
2.9566240e+00
6.2827861e-01
-1.0778445e-01
3.3367741e+00
-1.3950344e-02
-5.1952828e-02
7.6887684e+00
3.8909914e+00
-1.4330908e-04
2.0123522e+00
-1.4614525e+00
1.4230766e+00
-1.0920995e-04
3.5511777e-03
-5.7568383e+00
-3.8004200e+00
-3.3579239e-01
-1.0739033e+00
2.8605833e+00
-3.6938223e-01
-8.9207396e-02
6.5785474e-01
1.4365516e+00
7.0096021e+00
2.7931162e-06
-3.5583720e-04
4.5592409e-02
3.3738582e+00
-3.5072200e+00
-6.7708216e+00
5.9561217e-01
-2.2608077e-05
-2.0107455e+00
5.2892046e+00
9.9433452e-02
-5.2271395e+00
3.0257196e+00
6.2745023e+00
-1.8109214e-01
-7.6930056e-04
-3.5476651e+00
-2.4826486e+00
-4.8894758e+00
1.5193957e+00
6.3697058e-03
3.1175737e+00
1.8734265e-02
5.5637779e+00
-4.3294730e+00
-2.2801090e-05
3.3075340e+00
-2.9163995e+00
-2.9715579e+00
3.7274456e+00
-1.1027609e+00
-2.8009977e+00
-3.0865169e+00
-7.4929125e-07
-4.1883335e+00
3.1327608e+00
-4.9950452e+00
3.1321719e+00
4.7579827e-03
2.8548019e+00
3.0628402e+00
-1.5719464e+00
-6.3750319e+00
-2.3701775e-06
-1.0176530e+00
4.4855809e+00
-1.7862070e+00
1.1601527e-06
-1.5004352e+00
-3.1031625e-05
1.4981941e-02
-1.1676643e+00
-1.8801248e-06
-1.4858407e+00
-3.5602632e+00
-9.9087963e-05
-5.2238436e+00
-1.0806648e+00
1.3351744e+00
-5.6654897e+00
7.9062337e-01
9.7033288e-03
-5.7485330e-01
7.4196761e-03
-9.7738171e-01
7.6511818e-01
-3.6496592e+00
2.8571725e+00
-9.5544189e-01
3.4294558e+00
-3.2530098e+00
3.1024268e+00
9.2722550e-03
2.2040603e+00
3.0331078e+00
-4.1589350e-03
-2.4080076e-05
4.9716606e+00
-4.5484982e+00
-4.9293786e-01
-1.2558196e-01
-4.2313023e+00
-1.0533274e+00
1.4058718e-02
-2.8800711e-01
1.5855001e-02
-4.2254305e+00
8.6564165e-01
-5.2888399e-01
4.0788007e+00
-5.9243536e+00
-5.9395657e+00
3.3039134e+00
9.4135165e-02
2.6039007e+00
1.7437650e-06
2.8436842e+00
2.5245531e+00
-2.7535529e+00
3.7687924e+00
1.3382441e+00
3.4799783e+00
-1.1852886e-05
-6.6763860e-01
-7.4239314e-01
-3.0246198e+00
-1.9391474e+00
-6.3530159e+00
-1.8859667e-01
-4.2786717e+00
CELL_DATA 1766
FIELD FieldData 0
