# vtk DataFile Version 4.0
vtk output
ASCII
DATASET UNSTRUCTURED_GRID
POINTS 945 float
0.0000000e+00 0.0000000e+00 0.0000000e+00 
2.0000000e+00 0.0000000e+00 0.0000000e+00 
2.0000000e+00 6.0000002e-01 0.0000000e+00 
0.0000000e+00 6.0000002e-01 0.0000000e+00 
5.6000000e-01 3.0000001e-01 0.0000000e+00 
5.5884713e-01 2.8829461e-01 0.0000000e+00 
5.5543280e-01 2.7703899e-01 0.0000000e+00 
5.4988819e-01 2.6666579e-01 0.0000000e+00 
5.4242641e-01 2.5757360e-01 0.0000000e+00 
5.3333420e-01 2.5011179e-01 0.0000000e+00 
5.2296102e-01 2.4456720e-01 0.0000000e+00 
5.1170540e-01 2.4115290e-01 0.0000000e+00 
5.0000000e-01 2.3999999e-01 0.0000000e+00 
4.8829460e-01 2.4115290e-01 0.0000000e+00 
4.7703901e-01 2.4456720e-01 0.0000000e+00 
4.6666580e-01 2.5011179e-01 0.0000000e+00 
4.5757359e-01 2.5757360e-01 0.0000000e+00 
4.5011181e-01 2.6666579e-01 0.0000000e+00 
4.4456720e-01 2.7703899e-01 0.0000000e+00 
4.4115290e-01 2.8829461e-01 0.0000000e+00 
4.4000000e-01 3.0000001e-01 0.0000000e+00 
4.4115290e-01 3.1170541e-01 0.0000000e+00 
4.4456720e-01 3.2296100e-01 0.0000000e+00 
4.5011181e-01 3.3333421e-01 0.0000000e+00 
4.5757359e-01 3.4242639e-01 0.0000000e+00 
4.6666580e-01 3.4988821e-01 0.0000000e+00 
4.7703901e-01 3.5543281e-01 0.0000000e+00 
4.8829460e-01 3.5884711e-01 0.0000000e+00 
5.0000000e-01 3.6000001e-01 0.0000000e+00 
5.1170540e-01 3.5884711e-01 0.0000000e+00 
5.2296102e-01 3.5543281e-01 0.0000000e+00 
5.3333420e-01 3.4988821e-01 0.0000000e+00 
5.4242641e-01 3.4242639e-01 0.0000000e+00 
5.4988819e-01 3.3333421e-01 0.0000000e+00 
5.5543280e-01 3.2296100e-01 0.0000000e+00 
5.5884713e-01 3.1170541e-01 0.0000000e+00 
5.9016321e-02 0.0000000e+00 0.0000000e+00 
1.1803260e-01 0.0000000e+00 0.0000000e+00 
1.7704900e-01 0.0000000e+00 0.0000000e+00 
2.3587100e-01 0.0000000e+00 0.0000000e+00 
2.9085249e-01 0.0000000e+00 0.0000000e+00 
3.4144861e-01 0.0000000e+00 0.0000000e+00 
3.8872591e-01 0.0000000e+00 0.0000000e+00 
4.3368599e-01 0.0000000e+00 0.0000000e+00 
4.7725680e-01 0.0000000e+00 0.0000000e+00 
5.2034539e-01 0.0000000e+00 0.0000000e+00 
5.6386721e-01 0.0000000e+00 0.0000000e+00 
6.0872579e-01 0.0000000e+00 0.0000000e+00 
6.5584701e-01 0.0000000e+00 0.0000000e+00 
7.0623368e-01 0.0000000e+00 0.0000000e+00 
7.6094180e-01 0.0000000e+00 0.0000000e+00 
8.1967372e-01 0.0000000e+00 0.0000000e+00 
8.7868989e-01 0.0000000e+00 0.0000000e+00 
9.3770629e-01 0.0000000e+00 0.0000000e+00 
9.9672258e-01 0.0000000e+00 0.0000000e+00 
1.0557390e+00 0.0000000e+00 0.0000000e+00 
1.1147550e+00 0.0000000e+00 0.0000000e+00 
1.1737720e+00 0.0000000e+00 0.0000000e+00 
1.2327880e+00 0.0000000e+00 0.0000000e+00 
1.2918040e+00 0.0000000e+00 0.0000000e+00 
1.3508210e+00 0.0000000e+00 0.0000000e+00 
1.4098370e+00 0.0000000e+00 0.0000000e+00 
1.4688530e+00 0.0000000e+00 0.0000000e+00 
1.5278690e+00 0.0000000e+00 0.0000000e+00 
1.5868860e+00 0.0000000e+00 0.0000000e+00 
1.6459020e+00 0.0000000e+00 0.0000000e+00 
1.7049180e+00 0.0000000e+00 0.0000000e+00 
1.7639350e+00 0.0000000e+00 0.0000000e+00 
1.8229510e+00 0.0000000e+00 0.0000000e+00 
1.8819669e+00 0.0000000e+00 0.0000000e+00 
1.9409840e+00 0.0000000e+00 0.0000000e+00 
2.0000000e+00 5.9999999e-02 0.0000000e+00 
2.0000000e+00 1.2000000e-01 0.0000000e+00 
2.0000000e+00 1.8000001e-01 0.0000000e+00 
2.0000000e+00 2.3999999e-01 0.0000000e+00 
2.0000000e+00 3.0000001e-01 0.0000000e+00 
2.0000000e+00 3.6000001e-01 0.0000000e+00 
2.0000000e+00 4.1999999e-01 0.0000000e+00 
2.0000000e+00 4.7999999e-01 0.0000000e+00 
2.0000000e+00 5.4000002e-01 0.0000000e+00 
1.9409840e+00 6.0000002e-01 0.0000000e+00 
1.8819669e+00 6.0000002e-01 0.0000000e+00 
1.8229510e+00 6.0000002e-01 0.0000000e+00 
1.7639350e+00 6.0000002e-01 0.0000000e+00 
1.7049180e+00 6.0000002e-01 0.0000000e+00 
1.6459020e+00 6.0000002e-01 0.0000000e+00 
1.5868860e+00 6.0000002e-01 0.0000000e+00 
1.5278690e+00 6.0000002e-01 0.0000000e+00 
1.4688530e+00 6.0000002e-01 0.0000000e+00 
1.4098370e+00 6.0000002e-01 0.0000000e+00 
1.3508210e+00 6.0000002e-01 0.0000000e+00 
1.2918040e+00 6.0000002e-01 0.0000000e+00 
1.2327880e+00 6.0000002e-01 0.0000000e+00 
1.1737720e+00 6.0000002e-01 0.0000000e+00 
1.1147550e+00 6.0000002e-01 0.0000000e+00 
1.0557390e+00 6.0000002e-01 0.0000000e+00 
9.9672258e-01 6.0000002e-01 0.0000000e+00 
9.3770629e-01 6.0000002e-01 0.0000000e+00 
8.7868989e-01 6.0000002e-01 0.0000000e+00 
8.1967372e-01 6.0000002e-01 0.0000000e+00 
7.6094180e-01 6.0000002e-01 0.0000000e+00 
7.0623368e-01 6.0000002e-01 0.0000000e+00 
6.5584701e-01 6.0000002e-01 0.0000000e+00 
6.0872579e-01 6.0000002e-01 0.0000000e+00 
5.6386721e-01 6.0000002e-01 0.0000000e+00 
5.2034539e-01 6.0000002e-01 0.0000000e+00 
4.7725680e-01 6.0000002e-01 0.0000000e+00 
4.3368599e-01 6.0000002e-01 0.0000000e+00 
3.8872591e-01 6.0000002e-01 0.0000000e+00 
3.4144861e-01 6.0000002e-01 0.0000000e+00 
2.9085249e-01 6.0000002e-01 0.0000000e+00 
2.3587100e-01 6.0000002e-01 0.0000000e+00 
1.7704900e-01 6.0000002e-01 0.0000000e+00 
1.1803260e-01 6.0000002e-01 0.0000000e+00 
5.9016321e-02 6.0000002e-01 0.0000000e+00 
0.0000000e+00 5.4000002e-01 0.0000000e+00 
0.0000000e+00 4.7999999e-01 0.0000000e+00 
0.0000000e+00 4.1999999e-01 0.0000000e+00 
0.0000000e+00 3.6000001e-01 0.0000000e+00 
0.0000000e+00 3.0000001e-01 0.0000000e+00 
0.0000000e+00 2.3999999e-01 0.0000000e+00 
0.0000000e+00 1.8000001e-01 0.0000000e+00 
0.0000000e+00 1.2000000e-01 0.0000000e+00 
0.0000000e+00 5.9999999e-02 0.0000000e+00 
4.3026751e-01 3.0683401e-01 0.0000000e+00 
8.4908241e-01 5.5269438e-01 0.0000000e+00 
7.8790653e-01 5.1802918e-02 0.0000000e+00 
1.1430219e+00 5.0576471e-02 0.0000000e+00 
1.4415160e+00 5.0573289e-02 0.0000000e+00 
1.6754100e+00 5.5038619e-01 0.0000000e+00 
2.6041579e-01 5.2875768e-02 0.0000000e+00 
9.6895182e-01 5.0380111e-02 0.0000000e+00 
2.6302171e-01 5.5612308e-01 0.0000000e+00 
5.5065349e-02 2.6500449e-01 0.0000000e+00 
1.2615570e+00 5.4759312e-01 0.0000000e+00 
1.0253479e+00 5.4886931e-01 0.0000000e+00 
1.6201590e+00 5.4130111e-02 0.0000000e+00 
1.4979730e+00 5.5115038e-01 0.0000000e+00 
6.7900127e-01 5.5979192e-01 0.0000000e+00 
1.9463980e+00 2.6800990e-01 0.0000000e+00 
6.3145077e-01 3.8099781e-02 0.0000000e+00 
4.1331020e-01 5.6811810e-01 0.0000000e+00 
4.1231820e-01 3.8809739e-02 0.0000000e+00 
5.4410732e-01 5.6000441e-01 0.0000000e+00 
1.7962800e+00 5.9606131e-02 0.0000000e+00 
5.4468262e-01 3.7558820e-02 0.0000000e+00 
4.9130220e-02 3.9247900e-01 0.0000000e+00 
1.9509200e+00 3.8997239e-01 0.0000000e+00 
1.3233820e+00 4.9667731e-02 0.0000000e+00 
1.3821890e+00 5.4839480e-01 0.0000000e+00 
1.1434870e+00 5.4837209e-01 0.0000000e+00 
1.7959980e+00 5.4855859e-01 0.0000000e+00 
4.9401909e-02 1.5067521e-01 0.0000000e+00 
1.4989950e-01 5.5529898e-01 0.0000000e+00 
1.9519399e+00 1.5339760e-01 0.0000000e+00 
1.4754079e-01 5.1025499e-02 0.0000000e+00 
1.9506550e+00 5.1069498e-01 0.0000000e+00 
1.9114760e+00 5.1109631e-02 0.0000000e+00 
4.9216151e-02 5.0927132e-01 0.0000000e+00 
5.8710063e-01 3.6655251e-02 0.0000000e+00 
6.0428280e-01 7.4787550e-02 0.0000000e+00 
6.4929068e-01 7.4443869e-02 0.0000000e+00 
6.2715179e-01 1.0633790e-01 0.0000000e+00 
5.9329480e-01 1.0799770e-01 0.0000000e+00 
6.0949302e-01 1.3488390e-01 0.0000000e+00 
6.4123279e-01 1.3555969e-01 0.0000000e+00 
6.2006623e-01 1.6328260e-01 0.0000000e+00 
6.5316749e-01 1.6381399e-01 0.0000000e+00 
6.3351321e-01 1.8958050e-01 0.0000000e+00 
6.6427898e-01 1.8941709e-01 0.0000000e+00 
6.4933020e-01 2.1180780e-01 0.0000000e+00 
6.7645937e-01 2.1359310e-01 0.0000000e+00 
6.6097301e-01 2.3410480e-01 0.0000000e+00 
6.8796802e-01 2.3757669e-01 0.0000000e+00 
6.7103261e-01 2.5876111e-01 0.0000000e+00 
6.9990993e-01 2.6214910e-01 0.0000000e+00 
6.8101048e-01 2.8387409e-01 0.0000000e+00 
7.1248281e-01 2.8716281e-01 0.0000000e+00 
7.2971261e-01 2.6349890e-01 0.0000000e+00 
7.4486363e-01 2.9076719e-01 0.0000000e+00 
6.9556361e-01 3.0985960e-01 0.0000000e+00 
7.6406652e-01 2.6318431e-01 0.0000000e+00 
7.8114778e-01 2.9619500e-01 0.0000000e+00 
5.5403137e-01 2.5565761e-01 0.0000000e+00 
5.6691158e-01 2.7902979e-01 0.0000000e+00 
8.0246252e-01 2.6402649e-01 0.0000000e+00 
8.2167560e-01 3.0103979e-01 0.0000000e+00 
5.7978672e-01 1.3316999e-01 0.0000000e+00 
6.9627529e-01 1.8651520e-01 0.0000000e+00 
8.4832448e-01 2.6130950e-01 0.0000000e+00 
8.6857778e-01 3.0716091e-01 0.0000000e+00 
6.6883779e-01 3.0851370e-01 0.0000000e+00 
6.8001598e-01 3.3176759e-01 0.0000000e+00 
5.6956083e-01 3.0685109e-01 0.0000000e+00 
8.9643359e-01 2.6652190e-01 0.0000000e+00 
9.1803229e-01 3.1445420e-01 0.0000000e+00 
9.4838840e-01 2.6944679e-01 0.0000000e+00 
9.7196358e-01 3.1528941e-01 0.0000000e+00 
1.0020620e+00 2.7188951e-01 0.0000000e+00 
1.0263140e+00 3.1974381e-01 0.0000000e+00 
1.0557370e+00 2.7577680e-01 0.0000000e+00 
6.5179992e-01 3.3081001e-01 0.0000000e+00 
6.6418201e-01 3.5163379e-01 0.0000000e+00 
6.8745148e-01 3.5866591e-01 0.0000000e+00 
6.4083183e-01 3.5175639e-01 0.0000000e+00 
6.5020132e-01 3.7057751e-01 0.0000000e+00 
6.2925631e-01 3.6861771e-01 0.0000000e+00 
6.3750827e-01 3.8906679e-01 0.0000000e+00 
6.1479098e-01 3.8505989e-01 0.0000000e+00 
6.2451601e-01 4.0700281e-01 0.0000000e+00 
6.0271370e-01 4.0461549e-01 0.0000000e+00 
6.4791143e-01 4.1049060e-01 0.0000000e+00 
6.1149168e-01 4.2533240e-01 0.0000000e+00 
5.8940130e-01 4.2314041e-01 0.0000000e+00 
5.4590571e-01 3.5405469e-01 0.0000000e+00 
5.5933821e-01 3.3214769e-01 0.0000000e+00 
1.0820900e+00 3.2265610e-01 0.0000000e+00 
1.1129040e+00 2.7988619e-01 0.0000000e+00 
1.1385900e+00 3.3131590e-01 0.0000000e+00 
1.1718310e+00 2.8342861e-01 0.0000000e+00 
5.9854919e-01 4.4447681e-01 0.0000000e+00 
5.7566178e-01 4.4153079e-01 0.0000000e+00 
8.0048358e-01 3.3398119e-01 0.0000000e+00 
1.1962050e+00 3.3624330e-01 0.0000000e+00 
1.2286429e+00 2.8668931e-01 0.0000000e+00 
1.2540359e+00 3.3862561e-01 0.0000000e+00 
1.2863950e+00 2.8994620e-01 0.0000000e+00 
6.1140192e-01 1.8628950e-01 0.0000000e+00 
1.3121480e+00 3.4238011e-01 0.0000000e+00 
1.3446890e+00 2.9366851e-01 0.0000000e+00 
1.3705840e+00 3.4558439e-01 0.0000000e+00 
1.4032860e+00 2.9774809e-01 0.0000000e+00 
6.4617378e-01 3.0788270e-01 0.0000000e+00 
1.4291511e+00 3.4956750e-01 0.0000000e+00 
1.4618640e+00 3.0163100e-01 0.0000000e+00 
1.4877310e+00 3.5457411e-01 0.0000000e+00 
1.5206050e+00 3.0603161e-01 0.0000000e+00 
1.5464530e+00 3.5889450e-01 0.0000000e+00 
1.5793800e+00 3.1008351e-01 0.0000000e+00 
5.6763572e-01 4.1851109e-01 0.0000000e+00 
5.5408603e-01 4.3793961e-01 0.0000000e+00 
5.2029008e-01 3.6688760e-01 0.0000000e+00 
9.4794089e-01 3.6647639e-01 0.0000000e+00 
8.7384099e-01 2.2074890e-01 0.0000000e+00 
6.3348472e-01 2.3041780e-01 0.0000000e+00 
7.8118002e-01 2.2578520e-01 0.0000000e+00 
1.6052290e+00 3.6304700e-01 0.0000000e+00 
1.6382140e+00 3.1413361e-01 0.0000000e+00 
1.6641290e+00 3.6722910e-01 0.0000000e+00 
1.6971480e+00 3.1819481e-01 0.0000000e+00 
1.6712240e+00 2.6505721e-01 0.0000000e+00 
1.7302210e+00 2.6912081e-01 0.0000000e+00 
1.5534170e+00 2.5684619e-01 0.0000000e+00 
6.7181969e-01 1.4093800e-01 0.0000000e+00 
5.8596748e-01 4.6394360e-01 0.0000000e+00 
1.7230920e+00 3.7133509e-01 0.0000000e+00 
1.3771909e+00 2.4454120e-01 0.0000000e+00 
6.2249678e-01 4.4700289e-01 0.0000000e+00 
1.2033920e+00 2.3449400e-01 0.0000000e+00 
1.0287880e+00 2.3015590e-01 0.0000000e+00 
5.4669750e-01 4.1895449e-01 0.0000000e+00 
5.3373671e-01 4.3515179e-01 0.0000000e+00 
5.4073101e-01 4.5481020e-01 0.0000000e+00 
5.1996583e-01 4.5137540e-01 0.0000000e+00 
5.1387292e-01 4.2921981e-01 0.0000000e+00 
4.9935541e-01 4.4742331e-01 0.0000000e+00 
4.5565760e-01 3.5403141e-01 0.0000000e+00 
4.9349809e-01 4.2846820e-01 0.0000000e+00 
4.7935709e-01 4.4358870e-01 0.0000000e+00 
4.7970989e-01 3.6688760e-01 0.0000000e+00 
4.8592600e-01 4.6396780e-01 0.0000000e+00 
4.6443069e-01 4.5930001e-01 0.0000000e+00 
4.5825541e-01 4.3536639e-01 0.0000000e+00 
4.4286779e-01 4.5335940e-01 0.0000000e+00 
4.3592349e-01 4.3169260e-01 0.0000000e+00 
4.2123440e-01 4.4813421e-01 0.0000000e+00 
4.1462469e-01 4.2622849e-01 0.0000000e+00 
4.3825611e-01 3.3387709e-01 0.0000000e+00 
3.9864141e-01 4.4291711e-01 0.0000000e+00 
3.9200109e-01 4.1997111e-01 0.0000000e+00 
3.7504819e-01 4.3754801e-01 0.0000000e+00 
3.6926591e-01 4.1456231e-01 0.0000000e+00 
3.5052001e-01 4.3156540e-01 0.0000000e+00 
3.4640020e-01 4.0321410e-01 0.0000000e+00 
3.2338160e-01 4.2558259e-01 0.0000000e+00 
3.1625420e-01 3.9745620e-01 0.0000000e+00 
3.3599329e-01 3.7658459e-01 0.0000000e+00 
3.0888751e-01 3.6996761e-01 0.0000000e+00 
3.2846531e-01 3.5015899e-01 0.0000000e+00 
3.0453789e-01 3.4228960e-01 0.0000000e+00 
3.2241219e-01 3.2376000e-01 0.0000000e+00 
2.9612821e-01 3.1610900e-01 0.0000000e+00 
3.1577420e-01 2.9729351e-01 0.0000000e+00 
2.8885421e-01 2.8886101e-01 0.0000000e+00 
3.0968001e-01 2.6928011e-01 0.0000000e+00 
2.8137040e-01 2.6060769e-01 0.0000000e+00 
2.8570160e-01 3.8790971e-01 0.0000000e+00 
3.0315241e-01 2.4067999e-01 0.0000000e+00 
3.3230671e-01 2.5245121e-01 0.0000000e+00 
3.2487640e-01 2.2290690e-01 0.0000000e+00 
3.5372531e-01 2.3027760e-01 0.0000000e+00 
4.3461740e-01 2.7961159e-01 0.0000000e+00 
3.4512779e-01 2.0528039e-01 0.0000000e+00 
3.6950600e-01 2.1069451e-01 0.0000000e+00 
2.6638910e-01 3.1392881e-01 0.0000000e+00 
2.7405229e-01 2.3109850e-01 0.0000000e+00 
3.6342499e-01 1.8842390e-01 0.0000000e+00 
3.8558939e-01 1.9589300e-01 0.0000000e+00 
4.4520050e-01 2.5469631e-01 0.0000000e+00 
3.8103029e-01 1.7263541e-01 0.0000000e+00 
4.0200421e-01 1.8057050e-01 0.0000000e+00 
4.9249741e-01 2.2787590e-01 0.0000000e+00 
4.6605590e-01 2.3826469e-01 0.0000000e+00 
3.3931601e-01 1.7988220e-01 0.0000000e+00 
3.8745371e-01 3.9799151e-01 0.0000000e+00 
3.5741779e-01 2.5419459e-01 0.0000000e+00 
3.5627639e-01 4.5751181e-01 0.0000000e+00 
3.4765261e-01 3.3191890e-01 0.0000000e+00 
3.9811629e-01 1.5518570e-01 0.0000000e+00 
4.2193061e-01 1.6662900e-01 0.0000000e+00 
3.7476501e-01 1.4610679e-01 0.0000000e+00 
3.9139041e-01 2.1633980e-01 0.0000000e+00 
2.5018540e-01 2.5338060e-01 0.0000000e+00 
2.4227400e-01 2.1673180e-01 0.0000000e+00 
2.1296521e-01 2.4632980e-01 0.0000000e+00 
2.0310380e-01 2.0643540e-01 0.0000000e+00 
4.7074649e-01 4.8204380e-01 0.0000000e+00 
4.9385741e-01 4.8678511e-01 0.0000000e+00 
4.1766569e-01 1.3875820e-01 0.0000000e+00 
4.3951231e-01 1.4885530e-01 0.0000000e+00 
4.4284999e-01 1.6929220e-01 0.0000000e+00 
4.6074921e-01 1.5907930e-01 0.0000000e+00 
4.5701310e-01 1.3411739e-01 0.0000000e+00 
4.7804150e-01 1.4308280e-01 0.0000000e+00 
4.8207700e-01 1.6432039e-01 0.0000000e+00 
5.2000839e-01 2.3249920e-01 0.0000000e+00 
4.7522539e-01 1.1890660e-01 0.0000000e+00 
4.9824399e-01 1.5124670e-01 0.0000000e+00 
5.0239080e-01 1.7379840e-01 0.0000000e+00 
4.0624869e-01 4.6688080e-01 0.0000000e+00 
4.2919409e-01 4.1243970e-01 0.0000000e+00 
6.2043011e-01 3.4884781e-01 0.0000000e+00 
1.7042540e+00 2.1590130e-01 0.0000000e+00 
1.7632940e+00 2.2000070e-01 0.0000000e+00 
5.9477502e-01 3.8850871e-01 0.0000000e+00 
1.1047130e+00 3.7971979e-01 0.0000000e+00 
5.5632508e-01 4.0331629e-01 0.0000000e+00 
5.1673311e-01 1.5979400e-01 0.0000000e+00 
5.1686460e-01 1.3875850e-01 0.0000000e+00 
5.2089018e-01 1.7866670e-01 0.0000000e+00 
2.3531640e-01 1.7608330e-01 0.0000000e+00 
4.8605490e-01 1.8340071e-01 0.0000000e+00 
1.2225550e+00 3.8796490e-01 0.0000000e+00 
1.7893510e+00 2.7321759e-01 0.0000000e+00 
5.0436419e-01 4.1349870e-01 0.0000000e+00 
4.8793069e-01 4.1161671e-01 0.0000000e+00 
1.3432890e+00 3.9487341e-01 0.0000000e+00 
4.9844569e-01 3.9902619e-01 0.0000000e+00 
5.1288861e-01 4.0051869e-01 0.0000000e+00 
4.7826111e-01 5.0721961e-01 0.0000000e+00 
1.5723439e+00 4.1086179e-01 0.0000000e+00 
5.6928509e-01 1.1216540e-01 0.0000000e+00 
5.3438342e-01 1.6713411e-01 0.0000000e+00 
5.3660733e-01 1.8530799e-01 0.0000000e+00 
5.5097228e-01 1.7492341e-01 0.0000000e+00 
5.5329382e-01 1.9238080e-01 0.0000000e+00 
1.4477730e+00 4.0997440e-01 0.0000000e+00 
1.7183121e-01 2.3577370e-01 0.0000000e+00 
1.8385801e-01 2.7833050e-01 0.0000000e+00 
4.5149651e-01 1.1040960e-01 0.0000000e+00 
4.7247219e-01 9.1955133e-02 0.0000000e+00 
1.9255680e-01 1.6331930e-01 0.0000000e+00 
4.5135620e-01 5.0161749e-01 0.0000000e+00 
1.8225530e+00 2.2401039e-01 0.0000000e+00 
5.2494282e-01 1.9506520e-01 0.0000000e+00 
1.7372680e+00 1.6678140e-01 0.0000000e+00 
1.6782570e+00 1.6271511e-01 0.0000000e+00 
1.6900350e+00 4.2038351e-01 0.0000000e+00 
1.7490560e+00 4.2454061e-01 0.0000000e+00 
4.8329440e-01 3.9614201e-01 0.0000000e+00 
4.7259709e-01 4.0761891e-01 0.0000000e+00 
4.6829471e-01 3.9267531e-01 0.0000000e+00 
1.7821480e+00 3.7544200e-01 0.0000000e+00 
1.8081650e+00 4.2873210e-01 0.0000000e+00 
5.6767190e-01 1.8248910e-01 0.0000000e+00 
5.6965590e-01 1.9964610e-01 0.0000000e+00 
5.5310482e-01 2.0997940e-01 0.0000000e+00 
5.7153863e-01 2.1648981e-01 0.0000000e+00 
5.5832732e-01 2.2570750e-01 0.0000000e+00 
5.7294083e-01 2.3188220e-01 0.0000000e+00 
5.8571517e-01 2.2277141e-01 0.0000000e+00 
5.8722973e-01 2.3849240e-01 0.0000000e+00 
2.2661661e-01 1.3415439e-01 0.0000000e+00 
2.6798990e-01 1.4730521e-01 0.0000000e+00 
1.7105891e+00 1.1396340e-01 0.0000000e+00 
5.9993339e-01 2.2935030e-01 0.0000000e+00 
6.0129720e-01 2.4530940e-01 0.0000000e+00 
5.8868867e-01 2.5420901e-01 0.0000000e+00 
6.0235012e-01 2.6110700e-01 0.0000000e+00 
1.8387530e+00 3.7525591e-01 0.0000000e+00 
5.4489303e-01 2.2099259e-01 0.0000000e+00 
4.5784310e-01 5.2955812e-01 0.0000000e+00 
5.1062381e-01 5.1103139e-01 0.0000000e+00 
4.9833831e-01 1.0296860e-01 0.0000000e+00 
1.8639690e+00 4.2541769e-01 0.0000000e+00 
4.9523690e-01 7.3985048e-02 0.0000000e+00 
1.3844220e-01 2.6736441e-01 0.0000000e+00 
1.5088230e-01 3.1097111e-01 0.0000000e+00 
1.2641050e-01 2.2494370e-01 0.0000000e+00 
2.0287590e-01 3.2045639e-01 0.0000000e+00 
1.6756350e-01 3.5410741e-01 0.0000000e+00 
2.1099889e-01 3.6507410e-01 0.0000000e+00 
1.8053800e-01 3.9719370e-01 0.0000000e+00 
2.2913329e-01 4.0715241e-01 0.0000000e+00 
1.9421770e-01 4.3993911e-01 0.0000000e+00 
2.3865750e-01 4.5007020e-01 0.0000000e+00 
1.4811151e-01 4.3034700e-01 0.0000000e+00 
5.9036589e-01 2.6973200e-01 0.0000000e+00 
6.0372931e-01 2.7649191e-01 0.0000000e+00 
6.1619169e-01 2.6624000e-01 0.0000000e+00 
5.9138829e-01 2.8492469e-01 0.0000000e+00 
6.0468042e-01 2.9163459e-01 0.0000000e+00 
1.8453060e+00 2.7996099e-01 0.0000000e+00 
2.0954210e-01 4.8537201e-01 0.0000000e+00 
4.6530190e-01 6.3733928e-02 0.0000000e+00 
5.9247959e-01 2.9992181e-01 0.0000000e+00 
6.0560697e-01 3.0666059e-01 0.0000000e+00 
5.9351093e-01 3.1494951e-01 0.0000000e+00 
6.0633099e-01 3.2174519e-01 0.0000000e+00 
5.9430778e-01 3.2937449e-01 0.0000000e+00 
4.9347320e-01 3.8454881e-01 0.0000000e+00 
5.5062449e-01 1.5674770e-01 0.0000000e+00 
4.5774269e-01 4.0380031e-01 0.0000000e+00 
4.5300320e-01 3.8926181e-01 0.0000000e+00 
5.2078158e-01 8.5589677e-02 0.0000000e+00 
5.2809721e-01 4.7261381e-01 0.0000000e+00 
5.4998982e-01 4.7740239e-01 0.0000000e+00 
1.1647230e-01 3.4303319e-01 0.0000000e+00 
5.4025501e-01 4.0216339e-01 0.0000000e+00 
5.4931629e-01 3.8893181e-01 0.0000000e+00 
5.6429678e-01 3.8917771e-01 0.0000000e+00 
5.5815691e-01 3.7613159e-01 0.0000000e+00 
5.3233409e-01 3.8730109e-01 0.0000000e+00 
6.1810511e-01 2.9840681e-01 0.0000000e+00 
5.4633558e-01 2.3408321e-01 0.0000000e+00 
1.7233150e+00 4.7115931e-01 0.0000000e+00 
1.6544410e+00 4.6960419e-01 0.0000000e+00 
5.9817278e-01 2.1342160e-01 0.0000000e+00 
5.7312608e-01 3.7630349e-01 0.0000000e+00 
5.6664068e-01 3.6344349e-01 0.0000000e+00 
5.8089459e-01 3.6333910e-01 0.0000000e+00 
5.7436389e-01 3.5058859e-01 0.0000000e+00 
5.8890998e-01 3.5140380e-01 0.0000000e+00 
5.9597099e-01 3.6360300e-01 0.0000000e+00 
1.8871840e+00 2.3216370e-01 0.0000000e+00 
1.8613670e+00 1.6699770e-01 0.0000000e+00 
5.8043772e-01 3.2325599e-01 0.0000000e+00 
1.8341640e-01 1.2044960e-01 0.0000000e+00 
1.4539170e-01 1.4803199e-01 0.0000000e+00 
5.2981251e-01 4.1606659e-01 0.0000000e+00 
6.3278657e-01 3.2098520e-01 0.0000000e+00 
4.9883649e-01 1.9035070e-01 0.0000000e+00 
4.8866749e-01 1.9995619e-01 0.0000000e+00 
4.7372600e-01 1.9428051e-01 0.0000000e+00 
4.7687241e-01 2.0988560e-01 0.0000000e+00 
4.6230760e-01 2.0519090e-01 0.0000000e+00 
5.0175709e-01 2.0284539e-01 0.0000000e+00 
3.7420979e-01 2.4249861e-01 0.0000000e+00 
3.7680081e-01 2.5999850e-01 0.0000000e+00 
3.6377189e-01 2.7359021e-01 0.0000000e+00 
3.8147151e-01 2.7786380e-01 0.0000000e+00 
3.9390230e-01 2.6630861e-01 0.0000000e+00 
3.9790910e-01 2.8215069e-01 0.0000000e+00 
3.8660839e-01 2.9399589e-01 0.0000000e+00 
4.0266559e-01 2.9749459e-01 0.0000000e+00 
3.9230630e-01 3.0959940e-01 0.0000000e+00 
3.7539089e-01 3.0645579e-01 0.0000000e+00 
3.8165531e-01 3.2178041e-01 0.0000000e+00 
3.9764741e-01 3.2483751e-01 0.0000000e+00 
3.8738471e-01 3.3702531e-01 0.0000000e+00 
4.0318671e-01 3.3988059e-01 0.0000000e+00 
3.9298999e-01 3.5206911e-01 0.0000000e+00 
4.0884519e-01 3.5489669e-01 0.0000000e+00 
3.7592891e-01 3.5095471e-01 0.0000000e+00 
4.1221961e-01 3.2815641e-01 0.0000000e+00 
4.0885890e-01 2.7070051e-01 0.0000000e+00 
4.0606499e-01 2.5576550e-01 0.0000000e+00 
4.2036530e-01 2.6073930e-01 0.0000000e+00 
4.1758421e-01 2.4588020e-01 0.0000000e+00 
3.9879280e-01 3.6719501e-01 0.0000000e+00 
4.1457930e-01 3.6959961e-01 0.0000000e+00 
4.2435291e-01 3.5784501e-01 0.0000000e+00 
4.3005049e-01 3.7181091e-01 0.0000000e+00 
4.2064139e-01 3.8399899e-01 0.0000000e+00 
4.0332180e-01 2.4100940e-01 0.0000000e+00 
4.1523230e-01 2.3128320e-01 0.0000000e+00 
4.2901969e-01 2.3581611e-01 0.0000000e+00 
4.2680249e-01 2.2116630e-01 0.0000000e+00 
4.4072181e-01 2.2622180e-01 0.0000000e+00 
4.3834931e-01 2.1132030e-01 0.0000000e+00 
4.2324290e-01 2.0628519e-01 0.0000000e+00 
5.7600939e-01 2.6372889e-01 0.0000000e+00 
4.6461701e-01 3.7602729e-01 0.0000000e+00 
4.4586849e-01 3.4520641e-01 0.0000000e+00 
1.8224460e+00 4.8960349e-01 0.0000000e+00 
4.3567330e-01 1.9562960e-01 0.0000000e+00 
5.9315038e-01 1.5660501e-01 0.0000000e+00 
4.5945361e-01 1.9019520e-01 0.0000000e+00 
6.2804931e-01 2.1075760e-01 0.0000000e+00 
4.4690049e-01 3.7500271e-01 0.0000000e+00 
4.3590689e-01 2.6693821e-01 0.0000000e+00 
4.5538360e-01 2.4537770e-01 0.0000000e+00 
5.3253782e-01 3.6093631e-01 0.0000000e+00 
5.0687999e-01 3.7203360e-01 0.0000000e+00 
5.5479759e-01 3.4289679e-01 0.0000000e+00 
4.7859880e-01 2.3292100e-01 0.0000000e+00 
5.6951690e-01 2.9091081e-01 0.0000000e+00 
4.3251589e-01 3.2153201e-01 0.0000000e+00 
2.5864059e-01 4.9322551e-01 0.0000000e+00 
2.8119770e-01 4.6436489e-01 0.0000000e+00 
2.9712620e-01 4.9769270e-01 0.0000000e+00 
5.0679362e-01 2.2942559e-01 0.0000000e+00 
5.1640040e-01 2.1935740e-01 0.0000000e+00 
6.5671778e-01 2.8741741e-01 0.0000000e+00 
6.4681822e-01 2.6546481e-01 0.0000000e+00 
2.6161829e-01 1.0442510e-01 0.0000000e+00 
2.9914159e-01 1.2133270e-01 0.0000000e+00 
5.3835911e-01 2.0090669e-01 0.0000000e+00 
4.1076070e-01 4.0288219e-01 0.0000000e+00 
4.2847160e-01 2.9058349e-01 0.0000000e+00 
5.8385968e-01 4.0419951e-01 0.0000000e+00 
4.6758640e-01 2.2237021e-01 0.0000000e+00 
1.7680900e+00 1.1666990e-01 0.0000000e+00 
4.6705061e-01 3.6164391e-01 0.0000000e+00 
4.2953780e-01 5.2015013e-01 0.0000000e+00 
3.4222049e-01 3.0633521e-01 0.0000000e+00 
3.3303869e-01 2.8045291e-01 0.0000000e+00 
5.3547281e-01 4.9663380e-01 0.0000000e+00 
5.6233060e-01 5.0093198e-01 0.0000000e+00 
3.5305610e-01 3.5562491e-01 0.0000000e+00 
3.6326250e-01 3.7681499e-01 0.0000000e+00 
5.8255208e-01 1.8968870e-01 0.0000000e+00 
5.6585908e-01 6.7596443e-02 0.0000000e+00 
3.1423870e-01 5.6071562e-01 0.0000000e+00 
3.6825681e-01 5.5769640e-01 0.0000000e+00 
1.6511329e+00 1.0926090e-01 0.0000000e+00 
1.6192470e+00 1.5863900e-01 0.0000000e+00 
3.1425080e-01 3.9930049e-02 0.0000000e+00 
3.1129351e-01 1.6085930e-01 0.0000000e+00 
3.3299991e-01 1.3328290e-01 0.0000000e+00 
3.3072019e-01 1.0009960e-01 0.0000000e+00 
2.7850899e-01 1.8997809e-01 0.0000000e+00 
3.6250210e-01 1.1719080e-01 0.0000000e+00 
3.6242679e-01 7.9823360e-02 0.0000000e+00 
3.9215559e-01 9.3917303e-02 0.0000000e+00 
6.7704421e-01 3.9422091e-02 0.0000000e+00 
6.9158012e-01 7.9496212e-02 0.0000000e+00 
7.2696608e-01 4.4044841e-02 0.0000000e+00 
7.3696113e-01 9.5335990e-02 0.0000000e+00 
7.9171729e-01 1.0606610e-01 0.0000000e+00 
7.5707722e-01 1.3865989e-01 0.0000000e+00 
8.0465728e-01 1.5881000e-01 0.0000000e+00 
8.4009641e-01 1.2030350e-01 0.0000000e+00 
8.5441029e-01 1.6780110e-01 0.0000000e+00 
8.9020813e-01 1.3047090e-01 0.0000000e+00 
8.7580758e-01 8.5384279e-02 0.0000000e+00 
6.3392729e-01 5.6027758e-01 0.0000000e+00 
6.5490252e-01 5.2222651e-01 0.0000000e+00 
6.9785458e-01 5.2009457e-01 0.0000000e+00 
6.6947389e-01 4.8214740e-01 0.0000000e+00 
7.1400052e-01 4.7928271e-01 0.0000000e+00 
7.3890662e-01 5.1415598e-01 0.0000000e+00 
7.5538421e-01 4.7427329e-01 0.0000000e+00 
7.3060858e-01 4.4053549e-01 0.0000000e+00 
7.7131832e-01 4.3481070e-01 0.0000000e+00 
7.4432129e-01 4.0371630e-01 0.0000000e+00 
7.9942912e-01 4.6868020e-01 0.0000000e+00 
8.1664360e-01 4.2528069e-01 0.0000000e+00 
8.4675127e-01 4.6303490e-01 0.0000000e+00 
7.0795268e-01 4.1132101e-01 0.0000000e+00 
8.6556101e-01 4.1526449e-01 0.0000000e+00 
9.0177119e-01 4.5578691e-01 0.0000000e+00 
6.1436248e-01 5.2457899e-01 0.0000000e+00 
5.9010911e-01 5.6233871e-01 0.0000000e+00 
6.8740159e-01 4.4485721e-01 0.0000000e+00 
6.3075930e-01 4.9217081e-01 0.0000000e+00 
8.2390177e-01 3.7696400e-01 0.0000000e+00 
6.5760958e-01 4.5251140e-01 0.0000000e+00 
8.8201141e-01 3.6469159e-01 0.0000000e+00 
7.1646827e-01 3.7200019e-01 0.0000000e+00 
7.5293612e-01 3.6630341e-01 0.0000000e+00 
7.3172802e-01 3.4158540e-01 0.0000000e+00 
4.3641081e-01 3.8625911e-01 0.0000000e+00 
3.3307719e-01 5.1888418e-01 0.0000000e+00 
3.7808201e-01 5.1874483e-01 0.0000000e+00 
4.1757399e-01 3.4319299e-01 0.0000000e+00 
4.0734050e-01 3.1263331e-01 0.0000000e+00 
4.8661929e-01 4.2812102e-02 0.0000000e+00 
7.2056448e-01 1.3380709e-01 0.0000000e+00 
7.2885102e-01 1.7120270e-01 0.0000000e+00 
7.6764971e-01 1.8236589e-01 0.0000000e+00 
7.3844647e-01 2.0840840e-01 0.0000000e+00 
3.2383901e-01 4.7502699e-01 0.0000000e+00 
2.0299730e-01 4.5617640e-02 0.0000000e+00 
5.8970161e-02 3.3410329e-01 0.0000000e+00 
2.0689000e-01 5.5709481e-01 0.0000000e+00 
4.1305149e-01 2.8573561e-01 0.0000000e+00 
7.8471351e-01 5.4944623e-01 0.0000000e+00 
5.7445318e-01 2.4704580e-01 0.0000000e+00 
4.8197981e-02 2.0613991e-01 0.0000000e+00 
2.9774281e-01 8.0907270e-02 0.0000000e+00 
5.0055778e-01 5.6669247e-01 0.0000000e+00 
5.6139982e-01 2.6632291e-01 0.0000000e+00 
1.6788280e+00 5.7307512e-02 0.0000000e+00 
5.1920211e-01 3.7999329e-01 0.0000000e+00 
5.3287011e-01 2.3837809e-01 0.0000000e+00 
4.9314889e-01 3.6956069e-01 0.0000000e+00 
5.4427528e-01 3.7591609e-01 0.0000000e+00 
7.8244883e-01 3.9527819e-01 0.0000000e+00 
3.6446571e-01 4.0250320e-02 0.0000000e+00 
4.4162789e-01 3.5938531e-01 0.0000000e+00 
6.3632941e-01 2.8842619e-01 0.0000000e+00 
4.9067271e-01 2.1312010e-01 0.0000000e+00 
9.0754151e-01 5.5067050e-01 0.0000000e+00 
9.6624529e-01 5.4957891e-01 0.0000000e+00 
9.9525559e-01 4.9868581e-01 0.0000000e+00 
1.0540251e+00 4.9801311e-01 0.0000000e+00 
1.0243800e+00 4.4818369e-01 0.0000000e+00 
1.0813180e+00 4.4429299e-01 0.0000000e+00 
9.6050638e-01 4.4521841e-01 0.0000000e+00 
9.9237692e-01 4.0150511e-01 0.0000000e+00 
9.3534291e-01 5.0050128e-01 0.0000000e+00 
1.1123620e+00 4.9683940e-01 0.0000000e+00 
1.1383430e+00 4.4216970e-01 0.0000000e+00 
5.4218680e-01 5.2327639e-01 0.0000000e+00 
4.9454380e-02 4.5007420e-01 0.0000000e+00 
1.0217610e-01 4.7936839e-01 0.0000000e+00 
2.2542991e-01 2.8165141e-01 0.0000000e+00 
3.9299640e-01 1.2565491e-01 0.0000000e+00 
4.2287391e-01 1.0849530e-01 0.0000000e+00 
4.1702661e-01 7.4225321e-02 0.0000000e+00 
4.2317891e-01 4.9126241e-01 0.0000000e+00 
3.6435950e-01 3.1840631e-01 0.0000000e+00 
5.9271669e-01 4.9394491e-01 0.0000000e+00 
4.5279789e-01 2.1705380e-01 0.0000000e+00 
1.1707489e+00 4.9572700e-01 0.0000000e+00 
1.1967220e+00 4.4262701e-01 0.0000000e+00 
1.2286400e+00 4.9457431e-01 0.0000000e+00 
1.2569320e+00 4.4329810e-01 0.0000000e+00 
1.2887410e+00 4.9415389e-01 0.0000000e+00 
4.9704749e-02 9.0376601e-02 0.0000000e+00 
1.1661880e+00 3.8667339e-01 0.0000000e+00 
1.0448740e+00 3.9727730e-01 0.0000000e+00 
1.3219531e+00 5.4748261e-01 0.0000000e+00 
1.3566051e+00 4.9475339e-01 0.0000000e+00 
1.4128619e+00 5.0170678e-01 0.0000000e+00 
1.3878731e+00 4.4357020e-01 0.0000000e+00 
2.6875430e-01 4.3074101e-01 0.0000000e+00 
4.1746351e-01 3.0108821e-01 0.0000000e+00 
4.7450441e-01 4.2571831e-01 0.0000000e+00 
4.0593800e-01 2.0075510e-01 0.0000000e+00 
4.4167551e-01 4.0079829e-01 0.0000000e+00 
1.9512080e+00 4.5117629e-01 0.0000000e+00 
1.0262311e+00 5.1109631e-02 0.0000000e+00 
9.9738371e-01 1.0181700e-01 0.0000000e+00 
1.0553030e+00 1.0176790e-01 0.0000000e+00 
1.0273110e+00 1.4739220e-01 0.0000000e+00 
1.0855290e+00 1.4977370e-01 0.0000000e+00 
9.7062862e-01 1.4721170e-01 0.0000000e+00 
9.3508059e-01 1.0148260e-01 0.0000000e+00 
1.1133560e+00 1.0215650e-01 0.0000000e+00 
1.1446090e+00 1.4514109e-01 0.0000000e+00 
1.1160710e+00 1.9391710e-01 0.0000000e+00 
1.2018321e+00 5.4771107e-01 0.0000000e+00 
1.9480680e+00 2.1005040e-01 0.0000000e+00 
1.0842860e+00 5.4868227e-01 0.0000000e+00 
1.9480680e+00 3.2994959e-01 0.0000000e+00 
1.5904510e+00 1.0452840e-01 0.0000000e+00 
1.5598950e+00 1.5443350e-01 0.0000000e+00 
1.5304790e+00 1.0186320e-01 0.0000000e+00 
1.5007280e+00 1.5119410e-01 0.0000000e+00 
1.5273950e+00 2.0345390e-01 0.0000000e+00 
1.4685169e+00 1.9967620e-01 0.0000000e+00 
1.4425830e+00 1.4740349e-01 0.0000000e+00 
1.4098901e+00 1.9577309e-01 0.0000000e+00 
1.3839140e+00 1.4338671e-01 0.0000000e+00 
1.3511680e+00 1.9153769e-01 0.0000000e+00 
1.3252350e+00 1.3926670e-01 0.0000000e+00 
1.2926320e+00 1.8772170e-01 0.0000000e+00 
1.2666039e+00 1.3634580e-01 0.0000000e+00 
1.2355460e+00 1.8558609e-01 0.0000000e+00 
1.2059170e+00 1.3905290e-01 0.0000000e+00 
1.2347410e+00 9.3928657e-02 0.0000000e+00 
1.3187660e+00 2.4091680e-01 0.0000000e+00 
1.4945120e+00 2.5244480e-01 0.0000000e+00 
1.5862570e+00 2.0772290e-01 0.0000000e+00 
5.5948251e-01 2.4233980e-01 0.0000000e+00 
1.5573130e+00 5.4926682e-01 0.0000000e+00 
1.5215520e+00 5.0207931e-01 0.0000000e+00 
1.5906490e+00 4.9784341e-01 0.0000000e+00 
1.3832541e+00 4.9608339e-02 0.0000000e+00 
1.5002331e+00 5.0511628e-02 0.0000000e+00 
1.7345819e+00 5.5134553e-01 0.0000000e+00 
1.6170100e+00 5.5189037e-01 0.0000000e+00 
1.6308481e+00 4.1378099e-01 0.0000000e+00 
1.7733830e+00 4.6653220e-01 0.0000000e+00 
1.8566350e+00 5.4165798e-01 0.0000000e+00 
1.5124860e+00 4.0674630e-01 0.0000000e+00 
1.4853560e+00 4.5626420e-01 0.0000000e+00 
1.6452560e+00 2.1187560e-01 0.0000000e+00 
1.7967290e+00 1.6947480e-01 0.0000000e+00 
1.8955210e+00 4.8443690e-01 0.0000000e+00 
2.4952111e-01 3.7534630e-01 0.0000000e+00 
2.4015559e-01 3.3920720e-01 0.0000000e+00 
1.6122910e+00 2.6095319e-01 0.0000000e+00 
1.8537400e+00 5.5921540e-02 0.0000000e+00 
1.8819669e+00 1.0242500e-01 0.0000000e+00 
9.5119797e-02 1.2153590e-01 0.0000000e+00 
1.0847340e+00 5.0935078e-02 0.0000000e+00 
1.7562060e+00 3.2229191e-01 0.0000000e+00 
1.4358770e+00 2.4863569e-01 0.0000000e+00 
4.3159389e-01 2.5088599e-01 0.0000000e+00 
4.7994119e-01 3.8120639e-01 0.0000000e+00 
1.8123610e+00 3.2570100e-01 0.0000000e+00 
6.1470199e-01 2.3820160e-01 0.0000000e+00 
6.2837660e-01 2.5279269e-01 0.0000000e+00 
5.6644672e-01 3.2120070e-01 0.0000000e+00 
4.0343639e-01 3.8359720e-01 0.0000000e+00 
1.2608960e+00 2.3755901e-01 0.0000000e+00 
9.7383392e-01 2.2759880e-01 0.0000000e+00 
1.8966711e+00 3.6694610e-01 0.0000000e+00 
1.2852859e+00 3.9278471e-01 0.0000000e+00 
4.4754091e-01 4.1694289e-01 0.0000000e+00 
5.1814729e-01 1.1434720e-01 0.0000000e+00 
9.8089732e-02 2.9848260e-01 0.0000000e+00 
8.7650722e-01 5.0584209e-01 0.0000000e+00 
7.2722268e-01 5.5884892e-01 0.0000000e+00 
9.1900879e-01 4.0950510e-01 0.0000000e+00 
6.0669678e-01 3.3687809e-01 0.0000000e+00 
9.2257088e-01 2.2499460e-01 0.0000000e+00 
1.8270659e+00 1.1701130e-01 0.0000000e+00 
3.9101499e-01 2.5043941e-01 0.0000000e+00 
3.0026230e-01 2.1632680e-01 0.0000000e+00 
5.8418620e-01 3.3934349e-01 0.0000000e+00 
1.5593460e+00 5.1838879e-02 0.0000000e+00 
4.5547140e-01 5.6772357e-01 0.0000000e+00 
9.7268373e-02 1.8144910e-01 0.0000000e+00 
9.3618453e-02 5.9398320e-02 0.0000000e+00 
9.5946752e-02 4.1991970e-01 0.0000000e+00 
1.5493150e-01 4.8253620e-01 0.0000000e+00 
5.3141659e-01 2.2366489e-01 0.0000000e+00 
4.6951711e-01 1.7694290e-01 0.0000000e+00 
1.3219830e+00 4.4809279e-01 0.0000000e+00 
6.1860532e-01 2.8225860e-01 0.0000000e+00 
9.2647932e-02 5.4469162e-01 0.0000000e+00 
3.6105269e-01 4.8700431e-01 0.0000000e+00 
1.4393450e+00 5.5213040e-01 0.0000000e+00 
1.9442101e+00 9.5342271e-02 0.0000000e+00 
9.0059137e-01 1.7995150e-01 0.0000000e+00 
8.2735151e-01 2.0720319e-01 0.0000000e+00 
6.6251612e-01 1.0677520e-01 0.0000000e+00 
6.7604911e-01 4.1622579e-01 0.0000000e+00 
6.8501538e-01 3.8669550e-01 0.0000000e+00 
3.6920869e-01 2.9070961e-01 0.0000000e+00 
4.5409241e-01 2.3146330e-01 0.0000000e+00 
6.1867392e-01 3.1358370e-01 0.0000000e+00 
1.9131620e+00 5.4997718e-01 0.0000000e+00 
4.2027211e-01 1.8849210e-01 0.0000000e+00 
1.9003210e+00 2.9999799e-01 0.0000000e+00 
5.5434358e-01 1.3134070e-01 0.0000000e+00 
1.4729370e+00 1.0059040e-01 0.0000000e+00 
4.4868380e-01 4.7589070e-01 0.0000000e+00 
1.7371070e+00 5.7924490e-02 0.0000000e+00 
1.6196249e-01 1.9384970e-01 0.0000000e+00 
2.7876011e-01 3.4925121e-01 0.0000000e+00 
5.6304562e-01 4.5950639e-01 0.0000000e+00 
6.0384172e-01 3.5119170e-01 0.0000000e+00 
5.7530987e-01 5.2873927e-01 0.0000000e+00 
1.3667960e-01 3.8707560e-01 0.0000000e+00 
4.9747679e-01 1.2821840e-01 0.0000000e+00 
1.1983300e+00 4.8251878e-02 0.0000000e+00 
7.5970978e-01 3.2726541e-01 0.0000000e+00 
8.1999791e-01 5.1075947e-01 0.0000000e+00 
1.3957340e+00 3.8871399e-01 0.0000000e+00 
3.8881221e-01 2.3447470e-01 0.0000000e+00 
5.2596432e-01 2.0954940e-01 0.0000000e+00 
1.4149910e+00 9.8922051e-02 0.0000000e+00 
3.1656411e-01 1.9587231e-01 0.0000000e+00 
4.3203679e-01 3.4525600e-01 0.0000000e+00 
5.0832897e-01 3.8785461e-01 0.0000000e+00 
5.0716370e-01 4.6868089e-01 0.0000000e+00 
7.2506380e-01 3.1459489e-01 0.0000000e+00 
5.7067949e-01 1.5282580e-01 0.0000000e+00 
6.7973870e-01 1.6684531e-01 0.0000000e+00 
5.3255141e-01 1.4827640e-01 0.0000000e+00 
5.8382958e-01 2.0679601e-01 0.0000000e+00 
3.6833951e-01 3.3595169e-01 0.0000000e+00 
6.6081917e-01 3.9089271e-01 0.0000000e+00 
3.5859609e-01 1.6498099e-01 0.0000000e+00 
5.4474670e-01 2.4635740e-01 0.0000000e+00 
8.5039961e-01 4.4130251e-02 0.0000000e+00 
7.0378470e-01 2.1493910e-01 0.0000000e+00 
3.8111559e-01 3.6489099e-01 0.0000000e+00 
3.8378549e-01 3.8103321e-01 0.0000000e+00 
1.1733290e+00 9.6517898e-02 0.0000000e+00 
6.1236829e-01 3.6486840e-01 0.0000000e+00 
4.2817801e-01 4.6774849e-01 0.0000000e+00 
3.9298210e-01 4.8933309e-01 0.0000000e+00 
5.1858139e-01 5.3958851e-01 0.0000000e+00 
1.1778920e+00 1.8819040e-01 0.0000000e+00 
6.3357651e-01 4.2729640e-01 0.0000000e+00 
2.1912169e-01 8.9860998e-02 0.0000000e+00 
4.4828820e-01 3.3391532e-02 0.0000000e+00 
7.1727687e-01 2.3730519e-01 0.0000000e+00 
9.8337471e-02 2.5592181e-01 0.0000000e+00 
4.8688981e-01 5.3696889e-01 0.0000000e+00 
9.1024607e-01 4.6742149e-02 0.0000000e+00 
4.2072469e-01 3.1704551e-01 0.0000000e+00 
2.5881660e-01 2.8481191e-01 0.0000000e+00 
1.3556740e+00 9.6588373e-02 0.0000000e+00 
3.8170820e-01 4.6353251e-01 0.0000000e+00 
6.1133659e-01 4.6789679e-01 0.0000000e+00 
4.4266859e-01 2.4074350e-01 0.0000000e+00 
1.4653840e+00 5.0395852e-01 0.0000000e+00 
1.1433500e+00 2.3560201e-01 0.0000000e+00 
5.5341142e-01 3.6430839e-01 0.0000000e+00 
5.7990170e-01 2.7820900e-01 0.0000000e+00 
4.4887719e-01 2.0151231e-01 0.0000000e+00 
4.6245420e-01 4.1756010e-01 0.0000000e+00 
4.1210291e-01 2.1662711e-01 0.0000000e+00 
5.1736373e-01 5.6347691e-02 0.0000000e+00 
7.0604849e-01 3.3807889e-01 0.0000000e+00 
4.3653390e-01 1.2656429e-01 0.0000000e+00 
4.2773649e-01 3.9727569e-01 0.0000000e+00 
4.2305809e-01 2.7508900e-01 0.0000000e+00 
1.9111360e+00 1.7995431e-01 0.0000000e+00 
1.2975690e+00 9.4644032e-02 0.0000000e+00 
7.4613649e-01 2.3963641e-01 0.0000000e+00 
2.9362991e-01 4.1433749e-01 0.0000000e+00 
5.8357382e-01 3.0761179e-01 0.0000000e+00 
5.3191912e-01 3.7253350e-01 0.0000000e+00 
4.4445190e-01 8.4593862e-02 0.0000000e+00 
1.5468830e+00 4.5422599e-01 0.0000000e+00 
6.2926418e-01 2.7103639e-01 0.0000000e+00 
3.5220909e-01 2.8729489e-01 0.0000000e+00 
8.3805579e-01 3.3710629e-01 0.0000000e+00 
5.2616048e-01 4.0003020e-01 0.0000000e+00 
1.8064611e-01 5.2023911e-01 0.0000000e+00 
4.2505819e-01 3.3176431e-01 0.0000000e+00 
7.7968621e-01 5.0346297e-01 0.0000000e+00 
1.2679260e+00 4.6381779e-02 0.0000000e+00 
5.8107018e-01 2.9473820e-01 0.0000000e+00 
6.1925322e-01 3.3036381e-01 0.0000000e+00 
5.6537521e-01 2.5524691e-01 0.0000000e+00 
3.8967860e-01 6.5405212e-02 0.0000000e+00 
1.0865080e+00 2.3449360e-01 0.0000000e+00 
1.4042149e-01 9.9993236e-02 0.0000000e+00 
1.0030100e+00 3.5783571e-01 0.0000000e+00 
3.6067769e-01 3.0184039e-01 0.0000000e+00 
5.7885981e-01 3.8880101e-01 0.0000000e+00 
1.5990330e+00 4.4926330e-01 0.0000000e+00 
9.1439813e-02 3.7532219e-01 0.0000000e+00 
5.7995051e-01 1.7130360e-01 0.0000000e+00 
6.1258352e-01 2.5273019e-01 0.0000000e+00 
4.0172791e-01 2.2754180e-01 0.0000000e+00 
5.4750210e-01 9.9742994e-02 0.0000000e+00 
6.1311978e-01 2.0313910e-01 0.0000000e+00 
6.1223829e-01 2.2002740e-01 0.0000000e+00 
1.8586820e+00 3.2957241e-01 0.0000000e+00 
5.8738971e-01 3.7580970e-01 0.0000000e+00 
4.5219980e-02 4.4195049e-02 0.0000000e+00 
4.8124549e-01 2.2123460e-01 0.0000000e+00 
4.3828961e-02 5.5591398e-01 0.0000000e+00 
1.0568640e+00 1.9004630e-01 0.0000000e+00 
3.3193341e-01 4.4711831e-01 0.0000000e+00 
3.0378929e-01 4.4286191e-01 0.0000000e+00 
5.3415012e-01 1.2728420e-01 0.0000000e+00 
5.0386423e-01 2.1636350e-01 0.0000000e+00 
1.9116580e+00 4.2358989e-01 0.0000000e+00 
4.5517069e-01 3.6521810e-01 0.0000000e+00 
3.6732909e-01 3.6239621e-01 0.0000000e+00 
6.3041377e-01 3.0585691e-01 0.0000000e+00 
1.9569679e+00 4.3301821e-02 0.0000000e+00 
5.7146299e-01 4.8058590e-01 0.0000000e+00 
1.6484860e+00 5.1718348e-01 0.0000000e+00 
9.4670999e-01 1.8556410e-01 0.0000000e+00 
6.3752991e-01 4.6584189e-01 0.0000000e+00 
1.9572541e+00 5.5697870e-01 0.0000000e+00 
6.4813697e-01 2.4830820e-01 0.0000000e+00 
6.0179752e-01 3.7555191e-01 0.0000000e+00 
1.4364240e+00 4.6111640e-01 0.0000000e+00 
5.6217611e-01 3.5223660e-01 0.0000000e+00 
6.6050959e-01 4.3027630e-01 0.0000000e+00 
4.0468970e-01 5.1149738e-01 0.0000000e+00 
5.1506358e-01 2.0555650e-01 0.0000000e+00 
4.3334481e-01 1.8108650e-01 0.0000000e+00 
9.9962813e-01 1.8700930e-01 0.0000000e+00 
6.9131333e-01 1.1763480e-01 0.0000000e+00 
4.4599831e-01 1.8538959e-01 0.0000000e+00 
5.1551181e-01 4.8891029e-01 0.0000000e+00 
4.3754059e-01 5.8743980e-02 0.0000000e+00 
5.9589100e-01 3.4163511e-01 0.0000000e+00 
2.3624770e-01 5.2814358e-01 0.0000000e+00 
6.6953379e-01 3.7169310e-01 0.0000000e+00 
3.6865169e-01 3.9570969e-01 0.0000000e+00 
5.9758049e-01 1.9620110e-01 0.0000000e+00 
1.3329040e-01 5.1544452e-01 0.0000000e+00 
1.0515270e+00 3.5504949e-01 0.0000000e+00 
3.3392131e-01 6.8202123e-02 0.0000000e+00 
1.7869949e-01 8.1389397e-02 0.0000000e+00 
9.2706198e-01 1.4882250e-01 0.0000000e+00 
1.7000279e+00 5.1305068e-01 0.0000000e+00 
3.4774879e-01 2.6959679e-01 0.0000000e+00 
5.7002652e-01 3.3917850e-01 0.0000000e+00 
4.5571360e-01 1.7617980e-01 0.0000000e+00 
8.2389021e-01 8.1237279e-02 0.0000000e+00 
5.6977302e-01 4.0162051e-01 0.0000000e+00 
5.7622939e-01 9.1579817e-02 0.0000000e+00 
7.9520959e-01 1.9354109e-01 0.0000000e+00 
7.1731091e-01 1.9555099e-01 0.0000000e+00 
9.5533073e-01 4.0679529e-01 0.0000000e+00 
5.1722008e-01 4.1250920e-01 0.0000000e+00 
4.3116611e-01 5.4470932e-01 0.0000000e+00 
6.9998658e-01 1.5358570e-01 0.0000000e+00 
3.7607810e-01 2.2627370e-01 0.0000000e+00 
5.1978278e-01 3.9113960e-01 0.0000000e+00 
5.3689402e-01 2.1312129e-01 0.0000000e+00 
9.0401761e-02 2.1924180e-01 0.0000000e+00 
7.8513551e-01 3.6338761e-01 0.0000000e+00 
2.8628290e-01 5.2971011e-01 0.0000000e+00 
1.9101239e+00 1.3962340e-01 0.0000000e+00 
3.3938929e-01 1.5675519e-01 0.0000000e+00 
3.5365051e-01 1.4366330e-01 0.0000000e+00 
5.9640652e-01 1.7787141e-01 0.0000000e+00 
2.3996450e-01 3.0955619e-01 0.0000000e+00 
4.0130991e-01 5.3756779e-01 0.0000000e+00 
2.6203820e-01 3.9843059e-01 0.0000000e+00 
1.7610559e+00 5.1254529e-01 0.0000000e+00 
5.3923780e-01 6.9367118e-02 0.0000000e+00 
6.6389477e-01 2.7387929e-01 0.0000000e+00 
5.6400359e-01 1.6758190e-01 0.0000000e+00 
6.3302028e-01 3.3655259e-01 0.0000000e+00 
5.4254562e-01 3.6452681e-01 0.0000000e+00 
5.1293671e-01 2.8587131e-02 0.0000000e+00 
5.1246679e-01 1.8971939e-01 0.0000000e+00 

CELLS 1766 7064
3 0 870 123
3 1 882 70
3 2 887 79
3 3 872 114
3 4 193 35
3 4 516 193
3 5 516 4
3 6 184 5
3 6 612 184
3 7 612 6
3 8 183 7
3 8 799 183
3 9 799 8
3 10 615 9
3 11 335 10
3 11 521 335
3 12 521 11
3 13 311 12
3 13 515 311
3 14 515 13
3 15 312 14
3 15 511 312
3 16 511 15
3 17 308 16
3 17 510 308
3 18 510 17
3 19 301 18
3 19 529 301
3 20 529 19
3 21 124 20
3 21 517 124
3 22 517 21
3 23 277 22
3 23 503 277
3 24 503 23
3 25 266 24
3 25 533 266
3 26 533 25
3 27 269 26
3 27 616 269
3 28 616 27
3 29 513 28
3 30 241 29
3 30 512 241
3 31 512 30
3 32 214 31
3 32 514 214
3 33 514 32
3 34 215 33
3 34 726 215
3 35 726 34
3 36 870 0
3 37 747 36
3 38 155 37
3 38 603 155
3 39 603 38
3 40 130 39
3 40 547 130
3 41 547 40
3 41 619 547
3 42 619 41
3 43 142 42
3 43 812 142
3 44 812 43
3 44 943 597
3 45 943 44
3 46 145 45
3 46 159 145
3 47 159 46
3 48 140 47
3 48 555 140
3 49 555 48
3 49 557 555
3 50 557 49
3 51 126 50
3 51 800 126
3 52 800 51
3 52 816 800
3 53 816 52
3 54 131 53
3 54 663 131
3 55 663 54
3 55 718 663
3 56 718 55
3 57 127 56
3 57 780 127
3 58 780 57
3 58 850 780
3 59 850 58
3 60 148 59
3 60 700 148
3 61 700 60
3 62 128 61
3 62 701 128
3 63 701 62
3 63 744 701
3 64 744 63
3 65 136 64
3 65 613 136
3 66 613 65
3 66 772 613
3 67 772 66
3 68 144 67
3 68 715 144
3 69 715 68
3 70 157 69
3 70 882 157
3 71 882 1
3 72 757 71
3 73 154 72
3 73 674 154
3 74 674 73
3 75 139 74
3 75 676 139
3 76 676 75
3 77 147 76
3 77 662 147
3 78 662 77
3 79 156 78
3 79 887 156
3 80 887 2
3 81 766 80
3 82 706 81
3 83 151 82
3 83 702 151
3 84 702 83
3 85 129 84
3 85 703 129
3 86 703 85
3 87 697 86
3 88 137 87
3 88 756 137
3 89 756 88
3 90 149 89
3 90 653 149
3 91 653 90
3 92 134 91
3 92 673 134
3 93 673 92
3 94 150 93
3 94 675 150
3 95 675 94
3 96 135 95
3 96 624 135
3 97 624 96
3 98 623 97
3 99 125 98
3 99 607 125
3 100 607 99
3 100 736 607
3 101 736 100
3 102 138 101
3 102 566 138
3 103 566 102
3 103 583 566
3 104 583 103
3 105 143 104
3 105 611 143
3 106 611 105
3 106 745 611
3 107 745 106
3 108 141 107
3 108 544 141
3 109 544 108
3 110 543 109
3 111 132 110
3 111 605 132
3 112 605 111
3 113 153 112
3 113 754 153
3 114 754 113
3 114 872 754
3 115 872 3
3 116 158 115
3 116 635 158
3 117 635 116
3 118 146 117
3 118 604 146
3 119 604 118
3 120 133 119
3 120 609 133
3 121 609 120
3 122 152 121
3 122 650 152
3 123 650 122
3 123 870 650
3 124 529 20
3 124 658 529
3 124 817 658
3 125 623 98
3 125 735 623
3 125 782 735
3 126 557 50
3 126 558 557
3 126 559 558
3 126 915 559
3 127 718 56
3 127 804 670
3 128 700 61
3 128 786 700
3 129 702 84
3 129 911 702
3 130 603 39
3 130 610 525
3 130 811 603
3 131 816 53
3 132 543 110
3 132 929 543
3 133 604 119
3 133 734 604
3 133 814 734
3 133 927 814
3 134 653 91
3 134 673 647
3 135 675 95
3 136 613 545
3 136 744 64
3 137 697 87
3 137 698 697
3 137 823 698
3 138 736 101
3 139 674 74
3 139 768 454
3 140 159 47
3 140 160 159
3 140 161 160
3 140 555 161
3 141 745 107
3 141 922 745
3 141 935 922
3 142 619 42
3 142 854 619
3 142 900 640
3 143 583 104
3 143 777 583
3 143 808 634
3 144 740 532
3 144 772 67
3 145 938 830
3 145 943 45
3 146 635 117
3 146 748 635
3 146 861 748
3 147 676 76
3 147 730 676
3 147 878 730
3 148 850 59
3 149 756 89
3 150 673 93
3 150 675 632
3 151 706 82
3 151 937 504
3 152 609 121
3 152 746 609
3 153 605 112
3 153 847 605
3 153 906 847
3 154 757 72
3 154 930 757
3 155 747 37
3 155 856 747
3 155 909 856
3 156 662 78
3 156 711 662
3 156 766 711
3 156 887 766
3 157 715 69
3 157 716 715
3 157 757 716
3 157 882 757
3 158 872 115
3 159 542 145
3 160 542 159
3 160 917 542
3 161 162 160
3 161 760 162
3 162 163 160
3 162 164 163
3 162 165 164
3 162 760 165
3 163 917 160
3 164 187 163
3 164 506 187
3 165 166 164
3 165 167 166
3 165 253 167
3 165 760 253
3 166 506 164
3 166 933 506
3 167 168 166
3 167 169 168
3 167 793 169
3 168 227 166
3 168 866 227
3 169 170 168
3 169 171 170
3 169 188 171
3 169 793 188
3 170 508 168
3 171 172 170
3 171 173 172
3 171 801 173
3 172 244 170
3 172 888 244
3 173 174 172
3 173 175 174
3 173 813 175
3 174 888 172
3 174 939 524
3 175 176 174
3 175 177 176
3 175 178 177
3 175 813 178
3 176 939 174
3 177 180 176
3 177 791 180
3 178 179 177
3 178 181 179
3 178 837 181
3 179 791 177
3 180 191 176
3 180 192 191
3 180 831 192
3 181 182 179
3 181 185 182
3 181 245 185
3 181 837 245
3 182 781 179
3 183 612 7
3 183 799 696
3 183 853 612
3 184 516 5
3 184 612 501
3 184 826 516
3 185 186 182
3 185 189 186
3 185 759 189
3 186 222 182
3 186 845 222
3 187 361 163
3 187 769 361
3 187 792 769
3 188 801 171
3 188 919 801
3 188 923 599
3 189 190 186
3 189 194 190
3 189 243 194
3 189 759 243
3 190 845 186
3 191 523 176
3 192 201 191
3 192 202 201
3 192 203 202
3 192 831 203
3 193 726 35
3 193 839 456
3 193 851 839
3 194 195 190
3 194 196 195
3 194 739 196
3 195 588 190
3 196 197 195
3 196 198 197
3 196 729 198
3 196 739 729
3 197 242 195
3 197 857 242
3 198 199 197
3 198 200 199
3 198 259 200
3 198 729 259
3 199 857 197
3 199 907 857
3 200 216 199
3 200 217 216
3 200 855 217
3 201 232 191
3 201 460 232
3 201 941 460
3 202 204 201
3 202 205 204
3 202 903 205
3 203 831 589
3 203 903 202
3 204 941 201
3 205 206 204
3 205 207 206
3 205 797 207
3 205 903 797
3 206 341 204
3 206 805 341
3 207 208 206
3 207 209 208
3 207 211 209
3 207 797 211
3 208 805 206
3 208 889 805
3 209 210 208
3 209 212 210
3 209 810 212
3 210 344 208
3 210 530 344
3 211 797 761
3 211 810 209
3 211 892 810
3 212 213 210
3 212 220 213
3 212 257 220
3 212 810 257
3 213 530 210
3 214 512 31
3 214 891 825
3 214 942 512
3 215 514 33
3 215 913 514
3 216 907 199
3 217 218 216
3 217 219 218
3 217 824 219
3 217 855 824
3 218 345 216
3 218 651 345
3 219 223 218
3 219 224 223
3 219 258 224
3 219 824 258
3 220 221 213
3 220 254 221
3 220 821 254
3 221 239 213
3 221 240 239
3 221 775 240
3 222 781 182
3 222 845 586
3 222 928 781
3 223 651 218
3 224 225 223
3 224 226 225
3 224 728 226
3 225 352 223
3 225 731 352
3 226 228 225
3 226 229 228
3 226 693 229
3 226 728 693
3 227 933 166
3 228 731 225
3 229 230 228
3 229 231 230
3 229 256 231
3 229 693 256
3 230 356 228
3 230 783 356
3 231 233 230
3 231 234 233
3 231 720 234
3 232 523 191
3 232 621 523
3 232 881 621
3 233 783 230
3 234 235 233
3 234 236 235
3 234 694 236
3 234 720 694
3 235 366 233
3 235 707 366
3 236 237 235
3 236 238 237
3 236 252 238
3 236 694 252
3 237 707 235
3 238 246 237
3 238 247 246
3 238 714 247
3 239 530 213
3 239 916 530
3 240 260 239
3 240 261 260
3 240 262 261
3 240 775 262
3 241 513 29
3 241 614 513
3 241 840 614
3 242 588 195
3 242 737 588
3 242 857 630
3 242 920 737
3 243 739 194
3 243 758 739
3 243 759 563
3 244 508 170
3 244 725 724
3 244 867 508
3 244 888 725
3 245 601 600
3 245 759 185
3 245 837 601
3 245 918 759
3 246 360 237
3 246 704 360
3 247 248 246
3 247 249 248
3 247 250 249
3 247 714 250
3 248 704 246
3 249 255 248
3 249 719 255
3 250 251 249
3 250 342 251
3 250 709 342
3 250 714 709
3 251 719 249
3 252 694 681
3 252 714 238
3 253 793 167
3 253 923 793
3 254 775 221
3 254 821 643
3 254 883 775
3 255 377 248
3 255 378 377
3 255 382 378
3 255 719 382
3 256 686 684
3 256 693 686
3 256 720 231
3 257 810 587
3 257 821 220
3 257 886 821
3 258 728 224
3 258 809 690
3 258 824 809
3 259 855 200
3 259 873 855
3 259 896 873
3 260 346 239
3 260 438 346
3 260 459 438
3 261 459 260
3 262 263 261
3 262 435 263
3 262 436 435
3 262 775 436
3 263 264 261
3 263 265 264
3 263 790 265
3 264 459 261
3 264 921 459
3 265 267 264
3 265 268 267
3 265 270 268
3 265 790 270
3 266 503 24
3 266 620 503
3 266 879 620
3 267 354 264
3 267 355 354
3 267 659 355
3 268 659 267
3 269 533 26
3 269 722 502
3 270 271 268
3 270 326 271
3 270 327 326
3 270 790 327
3 271 272 268
3 271 273 272
3 271 771 273
3 272 659 268
3 272 828 659
3 273 274 272
3 273 275 274
3 273 806 275
3 274 732 272
3 275 276 274
3 275 278 276
3 275 339 278
3 275 806 339
3 276 340 274
3 276 528 340
3 277 517 22
3 277 848 517
3 278 279 276
3 278 280 279
3 278 820 280
3 279 528 276
3 280 281 279
3 280 282 281
3 280 316 282
3 280 820 316
3 281 314 279
3 281 904 314
3 282 283 281
3 282 284 283
3 282 874 284
3 283 904 281
3 284 285 283
3 284 838 285
3 284 875 838
3 285 286 283
3 285 287 286
3 285 296 287
3 285 838 296
3 286 540 283
3 287 288 286
3 287 289 288
3 287 774 289
3 288 539 286
3 289 290 288
3 289 291 290
3 289 774 291
3 290 317 288
3 290 535 317
3 291 292 290
3 291 293 292
3 291 304 293
3 291 774 304
3 292 535 290
3 292 536 535
3 293 294 292
3 293 295 294
3 293 818 295
3 294 536 292
3 295 297 294
3 295 305 297
3 295 322 305
3 295 818 322
3 296 774 287
3 296 936 712
3 297 298 294
3 297 299 298
3 297 742 299
3 298 536 294
3 298 912 536
3 299 300 298
3 299 302 300
3 299 787 302
3 300 315 298
3 300 467 315
3 300 924 467
3 301 510 18
3 301 834 510
3 302 303 300
3 302 306 303
3 302 313 306
3 302 787 313
3 303 924 300
3 304 774 713
3 304 818 293
3 304 934 818
3 305 742 297
3 306 307 303
3 306 309 307
3 306 798 309
3 307 321 303
3 307 660 321
3 308 511 16
3 308 822 511
3 309 310 307
3 309 318 310
3 309 320 318
3 309 798 320
3 310 660 307
3 310 767 660
3 311 521 12
3 311 871 622
3 311 877 521
3 312 515 14
3 312 531 515
3 312 764 531
3 313 787 548
3 313 798 306
3 313 931 798
3 314 528 279
3 314 727 528
3 314 803 727
3 314 904 803
3 315 912 298
3 316 755 602
3 316 820 755
3 316 874 282
3 317 539 288
3 317 796 539
3 318 319 310
3 318 328 319
3 318 638 328
3 319 767 310
3 319 895 767
3 320 638 318
3 320 932 552
3 321 864 784
3 321 924 303
3 322 323 305
3 322 324 323
3 322 637 324
3 322 818 637
3 323 551 305
3 324 325 323
3 324 367 325
3 324 368 367
3 324 637 368
3 325 350 323
3 325 371 350
3 325 773 371
3 326 771 271
3 327 359 326
3 327 402 359
3 327 899 402
3 328 329 319
3 328 832 329
3 329 330 319
3 329 331 330
3 329 332 331
3 329 832 332
3 330 895 319
3 330 898 895
3 330 914 898
3 331 914 330
3 332 333 331
3 332 336 333
3 332 369 336
3 332 832 369
3 333 334 331
3 333 337 334
3 333 779 337
3 334 751 331
3 335 615 10
3 335 750 615
3 336 779 333
3 337 338 334
3 337 347 338
3 337 348 347
3 337 779 348
3 338 351 334
3 338 461 351
3 338 944 461
3 339 806 641
3 339 820 278
3 340 732 274
3 340 833 661
3 341 776 738
3 341 805 776
3 341 941 204
3 342 343 251
3 342 375 343
3 342 376 375
3 342 709 376
3 343 353 251
3 343 373 353
3 343 710 373
3 344 889 208
3 345 633 628
3 345 651 633
3 345 907 216
3 346 916 239
3 347 349 338
3 347 362 349
3 347 794 362
3 348 779 733
3 348 794 347
3 348 876 794
3 349 944 338
3 350 551 323
3 351 751 334
3 352 648 646
3 352 651 223
3 352 731 648
3 353 719 251
3 353 723 719
3 354 921 264
3 355 357 354
3 355 379 357
3 355 380 379
3 355 659 380
3 356 731 228
3 356 752 731
3 356 783 656
3 357 358 354
3 357 789 358
3 358 921 354
3 358 925 846
3 359 372 326
3 359 401 372
3 359 815 401
3 360 707 237
3 360 842 707
3 360 860 842
3 361 917 163
3 362 363 349
3 362 364 363
3 362 431 364
3 362 794 431
3 363 374 349
3 363 527 374
3 364 365 363
3 364 384 365
3 364 940 384
3 365 527 363
3 366 783 233
3 366 890 656
3 367 773 325
3 368 406 367
3 368 407 406
3 368 409 407
3 368 637 409
3 369 370 336
3 369 832 639
3 369 841 370
3 370 403 336
3 370 405 403
3 370 424 405
3 370 841 424
3 371 392 350
3 371 457 392
3 371 458 457
3 371 773 458
3 372 771 326
3 373 422 353
3 373 454 422
3 373 455 454
3 373 710 455
3 374 944 349
3 375 710 343
3 376 394 375
3 376 545 394
3 376 546 545
3 376 709 546
3 377 704 248
3 378 445 377
3 378 705 445
3 379 430 357
3 379 722 430
3 380 381 379
3 380 432 381
3 380 828 432
3 381 722 379
3 382 383 378
3 382 399 383
3 382 723 399
3 383 705 378
3 384 385 365
3 384 541 385
3 384 862 541
3 384 940 862
3 385 386 365
3 385 387 386
3 385 795 387
3 386 527 365
3 386 926 527
3 387 388 386
3 387 389 388
3 387 390 389
3 387 795 390
3 388 400 386
3 388 444 400
3 388 696 444
3 389 696 388
3 390 391 389
3 390 395 391
3 390 447 395
3 390 795 447
3 391 608 389
3 392 393 350
3 392 525 393
3 392 811 525
3 393 551 350
3 394 532 375
3 394 772 532
3 395 396 391
3 395 724 396
3 395 867 724
3 396 397 391
3 396 398 397
3 396 863 398
3 397 608 391
3 398 417 397
3 398 418 417
3 398 419 418
3 398 863 419
3 399 404 383
3 399 730 404
3 399 868 730
3 400 926 386
3 401 534 372
3 401 815 745
3 401 922 534
3 402 815 359
3 402 899 537
3 403 779 336
3 404 504 383
3 404 711 504
3 404 878 711
3 405 434 403
3 405 830 434
3 406 408 367
3 406 814 408
3 407 734 406
3 408 773 367
3 408 927 746
3 409 410 407
3 409 411 410
3 409 713 411
3 409 934 713
3 410 437 407
3 410 778 437
3 411 412 410
3 411 413 412
3 411 712 413
3 411 713 712
3 412 778 410
3 413 414 412
3 413 415 414
3 413 657 415
3 413 936 657
3 414 416 412
3 414 749 416
3 415 423 414
3 415 518 423
3 415 519 518
3 415 657 519
3 416 749 636
3 416 778 412
3 417 501 397
3 417 826 501
3 418 420 417
3 418 421 420
3 418 753 421
3 419 753 418
3 419 843 753
3 419 863 725
3 420 826 417
3 420 851 826
3 421 425 420
3 421 426 425
3 421 443 426
3 421 753 443
3 422 723 353
3 422 868 723
3 423 749 414
3 423 847 749
3 423 902 847
3 424 597 405
3 424 812 597
3 424 900 812
3 425 851 420
3 426 427 425
3 426 428 427
3 426 765 428
3 427 839 425
3 428 429 427
3 428 738 429
3 428 852 738
3 429 456 427
3 429 743 456
3 429 901 743
3 430 616 513
3 430 722 616
3 430 789 357
3 431 794 769
3 431 940 364
3 432 433 381
3 432 661 433
3 432 732 661
3 432 828 732
3 433 502 381
3 433 509 502
3 433 592 509
3 433 661 592
3 434 733 403
3 434 865 733
3 434 938 865
3 435 790 263
3 435 899 790
3 436 537 435
3 436 538 537
3 436 883 538
3 437 734 407
3 437 861 604
3 438 439 346
3 438 442 439
3 438 846 442
3 439 440 346
3 439 441 440
3 439 617 441
3 440 916 346
3 441 448 440
3 441 449 448
3 441 825 449
3 442 617 439
3 442 840 617
3 442 925 614
3 443 753 621
3 443 765 426
3 443 881 765
3 444 750 400
3 444 799 615
3 445 446 377
3 445 911 446
3 445 937 911
3 446 704 377
3 446 860 704
3 446 884 699
3 446 911 884
3 447 867 395
3 447 905 866
3 448 859 440
3 448 869 859
3 449 450 448
3 449 451 450
3 449 891 451
3 450 869 448
3 451 452 450
3 451 743 452
3 451 913 743
3 452 453 450
3 452 776 453
3 452 901 776
3 453 869 450
3 453 889 869
3 454 674 139
3 454 768 422
3 454 835 674
3 455 740 716
3 455 835 454
3 455 930 835
3 456 726 193
3 456 839 427
3 456 913 726
3 457 811 392
3 457 909 811
3 458 746 717
3 458 773 746
3 458 856 457
3 459 846 438
3 459 921 846
3 460 852 765
3 460 881 232
3 460 941 852
3 461 462 351
3 461 466 462
3 461 944 466
3 462 463 351
3 462 464 463
3 462 622 464
3 463 751 351
3 464 465 463
3 464 531 465
3 464 871 531
3 465 507 463
3 465 827 507
3 466 622 462
3 466 877 622
3 466 894 877
3 466 944 894
3 467 468 315
3 467 741 468
3 467 784 741
3 467 924 784
3 468 469 315
3 468 470 469
3 468 471 470
3 468 741 471
3 469 912 315
3 470 763 469
3 471 472 470
3 471 485 472
3 471 486 485
3 471 741 486
3 472 473 470
3 472 474 473
3 472 606 474
3 473 763 470
3 474 475 473
3 474 596 475
3 474 658 596
3 475 476 473
3 475 477 476
3 475 478 477
3 475 596 478
3 476 763 473
3 476 858 763
3 477 642 476
3 477 796 642
3 478 479 477
3 478 480 479
3 478 484 480
3 478 596 484
3 479 796 477
3 480 481 479
3 480 482 481
3 480 595 482
3 481 483 479
3 481 802 483
3 482 489 481
3 482 490 489
3 482 491 490
3 482 595 491
3 483 796 479
3 483 880 539
3 484 595 480
3 484 848 595
3 485 606 472
3 485 834 606
3 486 487 485
3 486 488 487
3 486 494 488
3 486 741 494
3 487 721 510
3 487 834 485
3 488 721 487
3 489 802 481
3 489 803 802
3 490 727 489
3 491 492 490
3 491 620 492
3 491 788 620
3 492 493 490
3 492 592 493
3 492 620 509
3 493 727 490
3 493 833 528
3 494 495 488
3 494 864 495
3 495 496 488
3 495 497 496
3 495 829 497
3 495 864 829
3 496 721 488
3 496 822 721
3 497 498 496
3 497 499 498
3 497 500 499
3 497 829 500
3 498 822 496
3 499 644 498
3 499 827 644
3 500 505 499
3 500 767 505
3 500 829 660
3 501 608 397
3 501 826 184
3 501 853 608
3 502 533 269
3 502 722 381
3 502 879 533
3 503 788 277
3 504 705 383
3 504 706 151
3 504 711 706
3 504 937 705
3 505 827 499
3 505 898 827
3 506 792 187
3 506 862 792
3 506 933 862
3 507 751 463
3 507 914 751
3 508 866 168
3 508 867 866
3 509 592 492
3 509 879 502
3 510 721 308
3 510 834 487
3 511 764 312
3 511 822 764
3 512 840 241
3 512 942 840
3 513 616 28
3 513 789 430
3 514 891 214
3 514 913 891
3 515 871 311
3 516 851 193
3 517 817 124
3 517 848 817
3 518 902 423
3 518 929 902
3 519 520 518
3 519 602 520
3 519 875 602
3 520 602 593
3 520 929 518
3 521 522 335
3 521 877 522
3 522 750 335
3 522 785 750
3 522 894 785
3 523 621 524
3 523 939 176
3 524 843 725
3 524 888 174
3 524 939 523
3 525 526 393
3 525 610 526
3 525 811 130
3 526 548 393
3 526 549 548
3 526 550 549
3 526 610 550
3 527 785 374
3 527 926 785
3 528 727 493
3 528 833 340
3 529 658 606
3 529 834 301
3 530 859 344
3 530 916 859
3 531 644 465
3 531 764 644
3 531 871 515
3 532 710 375
3 532 740 710
3 532 772 144
3 533 879 266
3 534 641 372
3 534 893 641
3 534 935 893
3 535 642 317
3 535 858 642
3 536 844 535
3 536 912 844
3 537 634 402
3 537 899 435
3 538 634 537
3 538 777 634
3 538 883 643
3 539 540 286
3 539 796 483
3 539 880 540
3 540 880 802
3 540 904 283
3 541 795 385
3 541 905 795
3 541 933 905
3 542 917 865
3 542 938 145
3 543 544 109
3 543 593 544
3 543 929 593
3 544 935 141
3 545 613 394
3 545 677 136
3 546 677 545
3 546 678 677
3 546 695 678
3 546 709 695
3 547 610 130
3 547 908 610
3 548 551 393
3 548 787 551
3 548 931 313
3 549 931 548
3 549 932 931
3 550 552 549
3 550 553 552
3 550 908 553
3 551 742 305
3 551 787 742
3 552 638 320
3 552 932 549
3 553 554 552
3 553 854 554
3 553 908 619
3 554 638 552
3 554 639 638
3 554 640 639
3 554 854 640
3 555 556 161
3 555 557 556
3 556 760 161
3 556 897 760
3 557 558 556
3 558 897 556
3 559 560 558
3 559 561 560
3 559 562 561
3 559 915 562
3 560 598 558
3 560 599 598
3 560 600 599
3 561 600 560
3 561 918 600
3 562 563 561
3 562 564 563
3 562 565 564
3 562 915 565
3 563 758 243
3 563 759 561
3 564 758 563
3 564 910 758
3 565 669 564
3 565 816 669
3 565 915 800
3 566 567 138
3 566 582 567
3 566 583 582
3 567 568 138
3 567 569 568
3 567 585 569
3 568 736 138
3 569 570 568
3 569 584 570
3 569 587 584
3 569 886 587
3 570 571 568
3 570 572 571
3 570 573 572
3 570 584 573
3 571 736 568
3 571 849 607
3 572 849 571
3 573 574 572
3 573 575 574
3 573 579 575
3 573 584 579
3 574 576 572
3 574 577 576
3 574 618 577
3 575 618 574
3 576 849 572
3 577 578 576
3 577 580 578
3 577 586 580
3 577 618 586
3 578 782 576
3 579 589 575
3 579 762 589
3 580 581 578
3 580 737 581
3 581 735 578
3 581 737 629
3 582 585 567
3 582 643 585
3 582 777 643
3 583 777 582
3 584 761 579
3 584 892 761
3 585 886 569
3 586 588 580
3 586 845 588
3 586 928 222
3 587 886 257
3 587 892 584
3 588 737 580
3 588 845 190
3 589 590 575
3 589 591 590
3 589 762 203
3 589 831 591
3 590 618 575
3 590 928 618
3 591 781 590
3 591 791 781
3 591 831 791
3 592 833 493
3 593 594 544
3 593 755 594
3 593 929 520
3 594 935 544
3 595 788 491
3 595 848 788
3 596 817 484
3 597 812 44
3 597 830 405
3 597 943 830
3 598 897 558
3 598 923 897
3 599 919 188
3 599 923 598
3 600 601 599
3 600 918 245
3 601 813 801
3 601 837 813
3 601 919 599
3 602 755 593
3 602 874 316
3 602 875 874
3 603 909 155
3 604 734 437
3 604 861 146
3 605 902 132
3 606 658 474
3 606 834 529
3 607 736 571
3 607 782 125
3 607 849 782
3 608 696 389
3 608 853 696
3 609 927 133
3 610 908 550
3 611 808 143
3 611 815 808
3 612 853 501
3 613 772 394
3 614 789 513
3 614 840 442
3 614 925 789
3 615 750 444
3 615 799 9
3 616 722 269
3 617 825 441
3 617 942 825
3 618 928 586
3 619 854 553
3 619 908 547
3 620 788 503
3 620 879 509
3 621 843 524
3 621 881 443
3 622 871 464
3 622 877 311
3 623 624 97
3 623 631 624
3 623 735 631
3 624 625 135
3 624 631 625
3 625 626 135
3 625 627 626
3 625 629 627
3 625 631 629
3 626 675 135
3 627 628 626
3 627 652 628
3 628 632 626
3 628 633 632
3 628 652 345
3 629 630 627
3 629 631 581
3 629 920 630
3 630 652 627
3 630 857 652
3 630 920 242
3 631 735 581
3 632 645 150
3 632 675 626
3 633 645 632
3 633 646 645
3 633 651 646
3 634 777 143
3 634 808 402
3 635 636 158
3 635 748 636
3 636 748 416
3 636 754 158
3 636 906 754
3 637 934 409
3 638 639 328
3 639 832 328
3 639 841 369
3 640 841 639
3 640 854 142
3 640 900 841
3 641 771 372
3 641 806 771
3 641 807 339
3 641 893 807
3 642 796 317
3 642 858 476
3 643 777 538
3 643 821 585
3 643 883 254
3 644 764 498
3 644 827 465
3 645 673 150
3 646 647 645
3 646 648 647
3 646 651 352
3 647 649 134
3 647 673 645
3 648 649 647
3 648 752 649
3 649 653 134
3 649 654 653
3 649 752 654
3 650 717 152
3 650 747 717
3 650 870 747
3 652 907 345
3 653 654 149
3 654 655 149
3 654 656 655
3 654 752 656
3 655 756 149
3 655 823 756
3 655 890 823
3 656 752 356
3 656 783 366
3 656 890 655
3 657 875 519
3 657 936 838
3 658 817 596
3 659 828 380
3 660 767 500
3 660 829 321
3 661 732 340
3 661 833 592
3 662 878 147
3 663 664 131
3 663 665 664
3 663 718 665
3 664 669 131
3 665 666 664
3 665 667 666
3 665 670 667
3 665 718 670
3 666 668 664
3 666 896 668
3 667 873 666
3 668 669 664
3 668 896 885
3 668 910 669
3 669 816 131
3 669 910 564
3 670 671 667
3 670 718 127
3 670 804 671
3 671 672 667
3 671 804 691
3 671 809 672
3 672 873 667
3 674 835 154
3 676 768 139
3 677 744 136
3 678 679 677
3 678 680 679
3 678 681 680
3 678 695 681
3 679 744 677
3 679 770 701
3 680 770 679
3 681 682 680
3 681 694 682
3 681 695 252
3 682 683 680
3 682 684 683
3 682 720 684
3 683 770 680
3 683 786 770
3 684 685 683
3 684 686 685
3 684 720 256
3 685 786 683
3 685 819 786
3 686 687 685
3 686 688 687
3 686 693 688
3 687 819 685
3 687 836 819
3 688 689 687
3 688 690 689
3 688 728 690
3 689 836 687
3 690 691 689
3 690 728 258
3 690 809 691
3 691 692 689
3 691 804 692
3 691 809 671
3 692 804 780
3 692 836 689
3 692 850 836
3 693 728 688
3 694 720 682
3 695 714 252
3 696 799 444
3 696 853 183
3 697 703 86
3 698 699 697
3 698 823 708
3 698 842 699
3 699 703 697
3 699 860 446
3 699 884 703
3 700 819 148
3 701 744 679
3 701 770 128
3 702 937 151
3 703 884 129
3 704 860 360
3 705 937 445
3 706 766 81
3 707 708 366
3 707 842 708
3 708 842 698
3 708 890 366
3 709 714 695
3 710 740 455
3 711 766 706
3 711 878 662
3 712 774 296
3 712 936 413
3 713 774 712
3 713 934 304
3 715 740 144
3 716 740 715
3 716 930 455
3 717 746 152
3 717 856 458
3 719 723 382
3 721 822 308
3 723 868 399
3 724 863 396
3 724 867 244
3 725 843 419
3 725 863 724
3 725 888 524
3 726 913 215
3 727 803 489
3 729 896 259
3 730 768 676
3 730 868 768
3 730 878 404
3 731 752 648
3 732 828 272
3 733 779 403
3 733 876 348
3 734 814 406
3 735 782 578
3 737 920 629
3 738 852 341
3 738 901 429
3 739 885 729
3 741 784 494
3 742 787 299
3 743 901 452
3 743 913 456
3 745 815 611
3 745 922 401
3 746 773 408
3 746 927 609
3 747 856 717
3 747 870 36
3 748 778 416
3 748 861 778
3 749 906 636
3 750 926 400
3 751 914 331
3 753 843 621
3 754 872 158
3 754 906 153
3 755 807 594
3 755 820 807
3 756 823 137
3 757 882 71
3 757 930 716
3 758 885 739
3 758 910 885
3 759 918 561
3 760 897 253
3 761 762 579
3 761 797 762
3 761 892 211
3 762 903 203
3 763 844 469
3 763 858 844
3 764 822 498
3 765 852 428
3 765 881 460
3 766 887 80
3 767 895 505
3 768 868 422
3 769 792 431
3 769 865 361
3 769 876 865
3 770 786 128
3 771 806 273
3 775 883 436
3 776 805 453
3 776 901 738
3 778 861 437
3 780 804 127
3 780 850 692
3 781 791 179
3 781 928 590
3 782 849 576
3 784 864 494
3 784 924 321
3 785 894 374
3 785 926 750
3 786 819 700
3 788 848 277
3 789 925 358
3 790 899 327
3 791 831 180
3 792 940 431
3 793 923 188
3 794 876 769
3 795 905 447
3 797 903 762
3 798 932 320
3 800 816 565
3 800 915 126
3 801 813 173
3 801 919 601
3 802 803 540
3 802 880 483
3 803 904 540
3 805 889 453
3 807 820 339
3 807 893 594
3 808 815 402
3 809 824 672
3 810 892 587
3 811 909 603
3 812 900 142
3 813 837 178
3 814 927 408
3 817 848 484
3 818 934 637
3 819 836 148
3 821 886 585
3 823 890 708
3 824 855 672
3 825 891 449
3 825 942 214
3 826 851 516
3 827 898 507
3 829 864 321
3 830 938 434
3 830 943 145
3 835 930 154
3 836 850 148
3 838 875 657
3 838 936 296
3 839 851 425
3 840 942 617
3 841 900 424
3 842 860 699
3 844 858 535
3 844 912 469
3 846 921 358
3 846 925 442
3 847 902 605
3 847 906 749
3 852 941 341
3 855 873 672
3 856 909 457
3 857 907 652
3 859 869 344
3 859 916 440
3 862 933 541
3 862 940 792
3 865 876 733
3 865 917 361
3 865 938 542
3 866 867 447
3 866 905 227
3 869 889 344
3 873 896 666
3 874 875 284
3 877 894 522
3 884 911 129
3 885 896 729
3 885 910 668
3 891 913 451
3 893 935 594
3 894 944 374
3 895 898 505
3 897 923 253
3 898 914 507
3 902 929 132
3 905 933 227
3 911 937 702
3 922 935 534
3 931 932 798

CELL_TYPES 1766
5
5
5
5
5
5
5
5
5
5
5
5
5
5
5
5
5
5
5
5
5
5
5
5
5
5
5
5
5
5
5
5
5
5
5
5
5
5
5
5
5
5
5
5
5
5
5
5
5
5
5
5
5
5
5
5
5
5
5
5
5
5
5
5
5
5
5
5
5
5
5
5
5
5
5
5
5
5
5
5
5
5
5
5
5
5
5
5
5
5
5
5
5
5
5
5
5
5
5
5
5
5
5
5
5
5
5
5
5
5
5
5
5
5
5
5
5
5
5
5
5
5
5
5
5
5
5
5
5
5
5
5
5
5
5
5
5
5
5
5
5
5
5
5
5
5
5
5
5
5
5
5
5
5
5
5
5
5
5
5
5
5
5
5
5
5
5
5
5
5
5
5
5
5
5
5
5
5
5
5
5
5
5
5
5
5
5
5
5
5
5
5
5
5
5
5
5
5
5
5
5
5
5
5
5
5
5
5
5
5
5
5
5
5
5
5
5
5
5
5
5
5
5
5
5
5
5
5
5
5
5
5
5
5
5
5
5
5
5
5
5
5
5
5
5
5
5
5
5
5
5
5
5
5
5
5
5
5
5
5
5
5
5
5
5
5
5
5
5
5
5
5
5
5
5
5
5
5
5
5
5
5
5
5
5
5
5
5
5
5
5
5
5
5
5
5
5
5
5
5
5
5
5
5
5
5
5
5
5
5
5
5
5
5
5
5
5
5
5
5
5
5
5
5
5
5
5
5
5
5
5
5
5
5
5
5
5
5
5
5
5
5
5
5
5
5
5
5
5
5
5
5
5
5
5
5
5
5
5
5
5
5
5
5
5
5
5
5
5
5
5
5
5
5
5
5
5
5
5
5
5
5
5
5
5
5
5
5
5
5
5
5
5
5
5
5
5
5
5
5
5
5
5
5
5
5
5
5
5
5
5
5
5
5
5
5
5
5
5
5
5
5
5
5
5
5
5
5
5
5
5
5
5
5
5
5
5
5
5
5
5
5
5
5
5
5
5
5
5
5
5
5
5
5
5
5
5
5
5
5
5
5
5
5
5
5
5
5
5
5
5
5
5
5
5
5
5
5
5
5
5
5
5
5
5
5
5
5
5
5
5
5
5
5
5
5
5
5
5
5
5
5
5
5
5
5
5
5
5
5
5
5
5
5
5
5
5
5
5
5
5
5
5
5
5
5
5
5
5
5
5
5
5
5
5
5
5
5
5
5
5
5
5
5
5
5
5
5
5
5
5
5
5
5
5
5
5
5
5
5
5
5
5
5
5
5
5
5
5
5
5
5
5
5
5
5
5
5
5
5
5
5
5
5
5
5
5
5
5
5
5
5
5
5
5
5
5
5
5
5
5
5
5
5
5
5
5
5
5
5
5
5
5
5
5
5
5
5
5
5
5
5
5
5
5
5
5
5
5
5
5
5
5
5
5
5
5
5
5
5
5
5
5
5
5
5
5
5
5
5
5
5
5
5
5
5
5
5
5
5
5
5
5
5
5
5
5
5
5
5
5
5
5
5
5
5
5
5
5
5
5
5
5
5
5
5
5
5
5
5
5
5
5
5
5
5
5
5
5
5
5
5
5
5
5
5
5
5
5
5
5
5
5
5
5
5
5
5
5
5
5
5
5
5
5
5
5
5
5
5
5
5
5
5
5
5
5
5
5
5
5
5
5
5
5
5
5
5
5
5
5
5
5
5
5
5
5
5
5
5
5
5
5
5
5
5
5
5
5
5
5
5
5
5
5
5
5
5
5
5
5
5
5
5
5
5
5
5
5
5
5
5
5
5
5
5
5
5
5
5
5
5
5
5
5
5
5
5
5
5
5
5
5
5
5
5
5
5
5
5
5
5
5
5
5
5
5
5
5
5
5
5
5
5
5
5
5
5
5
5
5
5
5
5
5
5
5
5
5
5
5
5
5
5
5
5
5
5
5
5
5
5
5
5
5
5
5
5
5
5
5
5
5
5
5
5
5
5
5
5
5
5
5
5
5
5
5
5
5
5
5
5
5
5
5
5
5
5
5
5
5
5
5
5
5
5
5
5
5
5
5
5
5
5
5
5
5
5
5
5
5
5
5
5
5
5
5
5
5
5
5
5
5
5
5
5
5
5
5
5
5
5
5
5
5
5
5
5
5
5
5
5
5
5
5
5
5
5
5
5
5
5
5
5
5
5
5
5
5
5
5
5
5
5
5
5
5
5
5
5
5
5
5
5
5
5
5
5
5
5
5
5
5
5
5
5
5
5
5
5
5
5
5
5
5
5
5
5
5
5
5
5
5
5
5
5
5
5
5
5
5
5
5
5
5
5
5
5
5
5
5
5
5
5
5
5
5
5
5
5
5
5
5
5
5
5
5
5
5
5
5
5
5
5
5
5
5
5
5
5
5
5
5
5
5
5
5
5
5
5
5
5
5
5
5
5
5
5
5
5
5
5
5
5
5
5
5
5
5
5
5
5
5
5
5
5
5
5
5
5
5
5
5
5
5
5
5
5
5
5
5
5
5
5
5
5
5
5
5
5
5
5
5
5
5
5
5
5
5
5
5
5
5
5
5
5
5
5
5
5
5
5
5
5
5
5
5
5
5
5
5
5
5
5
5
5
5
5
5
5
5
5
5
5
5
5
5
5
5
5
5
5
5
5
5
5
5
5
5
5
5
5
5
5
5
5
5
5
5
5
5
5
5
5
5
5
5
5
5
5
5
5
5
5
5
5
5
5
5
5
5
5
5
5
5
5
5
5
5
5
5
5
5
5
5
5
5
5
5
5
5
5
5
5
5
5
5
5
5
5
5
5
5
5
5
5
5
5
5
5
5
5
5
5
5
5
5
5
5
5
5
5
5
5
5
5
5
5
5
5
5
5
5
5
5
5
5
5
5
5
5
5
5
5
5
5
5
5
5
5
5
5
5
5
5
5
5
5
5
5
5
5
5
5
5
5
5
5
5
5
5
5
5
5
5
5
5
5
5
5
5
5
5
5
5
5
5
5
5
5
5
5
5
5
5
5
5
5
5
5
5
5
5
5
5
5
5
5
5
5
5
5
5
5
5
5
5
5
5
5
5
5
5
5
5
5
5
5
5
5
5
5
5
5
5
5
5
5
5
5
5
5
5
5
5
5
5
5
5
5
5
5
5
5
5
5
5
5
5
5
5
5
5
5
5
5
5
5
5
5
5
5
5
5
5
5
5
5
5
5
5
5
5
5
5
5
5
5
5
5
5
5
5
5
5
5
5
5
5
5
5
5
5
5
5
5
5
5
5
5
5
5
5
5
5
5
5
5
5
5
5
5
5
5
5
5
5
5
5
5
5
5
5
5
5
5
5
5
5
5
5
5
5
5
5
5
5
5
5
5
5
5
5
5
5
5
5
5
5
5
5
5
5
5
5
5
5
5
5
5
5
5
5
5
5
5
5
5
5
5
5
5
5
5
5
5
5
5
5
5
5
5
5
5
5
5
5
5
5
5
5
5
5
5
5
5
5
5
5
5
5
5
5
5
5
5
5
5
5
5
5
5
5
5
5
5
5
5
5
5
5
5
5
5
5
5
5
5
5
5
5
5
5
5
5
5
5
5
5
5
5
5
5
5
5
5
5
5
5
5
5
5
5
5
5
5
5
5
5
5
5
5
5
5
5
5
5
5
5
5
5
5
5
5
5
5
5
5
5
5
5
5
5
5
5
5
5
5
5
5
5
5
5
5
5
5
5
5
5
5
5
5
5
5
5
5
5
5
5
5
5
5
5
5
5
5
5
5
5
5
5
5
5
5
5
5
5
5
5
5
5
5
5
5
5
5
5
5
5
5
5
5
5
5
5
5
5
5
5
5
5
5
5
5
5
5
5
5
5
5
5
5
5
5
5
5
5
5
5
5
5
5
5
5
5
5
5
5
5
5
5
5
5
5
5
5
5
5
5
5
5
5
5
5
5
5
5
5
5
5
5
5
5
5
5
5
5
5
5
5
5
5
5
5
5
5
POINT_DATA 945
FIELD FieldData 2
VELOCITY 3 945  float
1.0000000e-01 0.0000000e+00 0.0000000e+00 
1.0000236e-01 0.0000000e+00 0.0000000e+00 
1.0000122e-01 0.0000000e+00 0.0000000e+00 
1.0000000e-01 0.0000000e+00 0.0000000e+00 
0.0000000e+00 0.0000000e+00 0.0000000e+00 
0.0000000e+00 0.0000000e+00 0.0000000e+00 
0.0000000e+00 0.0000000e+00 0.0000000e+00 
0.0000000e+00 0.0000000e+00 0.0000000e+00 
0.0000000e+00 0.0000000e+00 0.0000000e+00 
0.0000000e+00 0.0000000e+00 0.0000000e+00 
0.0000000e+00 0.0000000e+00 0.0000000e+00 
0.0000000e+00 0.0000000e+00 0.0000000e+00 
0.0000000e+00 0.0000000e+00 0.0000000e+00 
0.0000000e+00 0.0000000e+00 0.0000000e+00 
0.0000000e+00 0.0000000e+00 0.0000000e+00 
0.0000000e+00 0.0000000e+00 0.0000000e+00 
0.0000000e+00 0.0000000e+00 0.0000000e+00 
0.0000000e+00 0.0000000e+00 0.0000000e+00 
0.0000000e+00 0.0000000e+00 0.0000000e+00 
0.0000000e+00 0.0000000e+00 0.0000000e+00 
0.0000000e+00 0.0000000e+00 0.0000000e+00 
0.0000000e+00 0.0000000e+00 0.0000000e+00 
0.0000000e+00 0.0000000e+00 0.0000000e+00 
0.0000000e+00 0.0000000e+00 0.0000000e+00 
0.0000000e+00 0.0000000e+00 0.0000000e+00 
0.0000000e+00 0.0000000e+00 0.0000000e+00 
0.0000000e+00 0.0000000e+00 0.0000000e+00 
0.0000000e+00 0.0000000e+00 0.0000000e+00 
0.0000000e+00 0.0000000e+00 0.0000000e+00 
0.0000000e+00 0.0000000e+00 0.0000000e+00 
0.0000000e+00 0.0000000e+00 0.0000000e+00 
0.0000000e+00 0.0000000e+00 0.0000000e+00 
0.0000000e+00 0.0000000e+00 0.0000000e+00 
0.0000000e+00 0.0000000e+00 0.0000000e+00 
0.0000000e+00 0.0000000e+00 0.0000000e+00 
0.0000000e+00 0.0000000e+00 0.0000000e+00 
1.0018444e-01 2.6253291e-27 0.0000000e+00 
1.0076600e-01 -1.2924697e-26 0.0000000e+00 
1.0191801e-01 -1.2924697e-26 0.0000000e+00 
1.0389074e-01 -1.2924697e-26 0.0000000e+00 
1.0692175e-01 -5.1698788e-26 0.0000000e+00 
1.1102775e-01 -5.1698788e-26 0.0000000e+00 
1.1619221e-01 -5.1698788e-26 0.0000000e+00 
1.2193788e-01 4.1359031e-25 0.0000000e+00 
1.2764946e-01 -1.0339758e-25 0.0000000e+00 
1.3254334e-01 4.1359031e-25 0.0000000e+00 
1.3613567e-01 2.3910690e-25 0.0000000e+00 
1.3812064e-01 2.3910690e-25 0.0000000e+00 
1.3841431e-01 2.3910690e-25 0.0000000e+00 
1.3692974e-01 2.4815418e-24 0.0000000e+00 
1.3379404e-01 2.4815418e-24 0.0000000e+00 
1.2920155e-01 2.4815418e-24 0.0000000e+00 
1.2398320e-01 2.5849394e-26 0.0000000e+00 
1.1871529e-01 2.5849394e-26 0.0000000e+00 
1.1356215e-01 2.5849394e-26 0.0000000e+00 
1.0914195e-01 3.1019273e-25 0.0000000e+00 
1.0579924e-01 3.1019273e-25 0.0000000e+00 
1.0352160e-01 3.1019273e-25 0.0000000e+00 
1.0205761e-01 -5.1698788e-26 0.0000000e+00 
1.0119042e-01 -5.1698788e-26 0.0000000e+00 
1.0069447e-01 -5.1698788e-26 0.0000000e+00 
1.0040007e-01 -2.5849394e-26 0.0000000e+00 
1.0023190e-01 -2.5849394e-26 0.0000000e+00 
1.0013404e-01 -2.5849394e-26 0.0000000e+00 
1.0007738e-01 2.2618220e-26 0.0000000e+00 
1.0004473e-01 2.2618220e-26 0.0000000e+00 
1.0002608e-01 2.2618220e-26 0.0000000e+00 
1.0001525e-01 1.2495557e-27 0.0000000e+00 
1.0000907e-01 1.2495557e-27 0.0000000e+00 
1.0000549e-01 1.2495557e-27 0.0000000e+00 
1.0000344e-01 -3.3321485e-27 0.0000000e+00 
1.0000184e-01 1.0223104e-06 0.0000000e+00 
1.0000100e-01 1.6329645e-06 0.0000000e+00 
9.9999823e-02 1.7541063e-06 0.0000000e+00 
9.9998899e-02 1.3164926e-06 0.0000000e+00 
9.9998377e-02 4.3458638e-07 0.0000000e+00 
9.9998362e-02 -5.0149947e-07 0.0000000e+00 
9.9999115e-02 -1.2212009e-06 0.0000000e+00 
1.0000003e-01 -1.1962567e-06 0.0000000e+00 
1.0000076e-01 -8.0224970e-07 0.0000000e+00 
1.0000208e-01 -1.5146129e-27 0.0000000e+00 
1.0000388e-01 2.7767904e-27 0.0000000e+00 
1.0000716e-01 2.7767904e-27 0.0000000e+00 
1.0001309e-01 2.7767904e-27 0.0000000e+00 
1.0002379e-01 -4.7457872e-27 0.0000000e+00 
1.0004124e-01 -4.7457872e-27 0.0000000e+00 
1.0007323e-01 -4.7457872e-27 0.0000000e+00 
1.0012976e-01 -2.5849394e-26 0.0000000e+00 
1.0022412e-01 -2.5849394e-26 0.0000000e+00 
1.0038715e-01 -2.5849394e-26 0.0000000e+00 
1.0067353e-01 -2.0679515e-25 0.0000000e+00 
1.0117939e-01 -2.0679515e-25 0.0000000e+00 
1.0204280e-01 -2.0679515e-25 0.0000000e+00 
1.0348315e-01 2.0679515e-25 0.0000000e+00 
1.0575242e-01 2.0679515e-25 0.0000000e+00 
1.0905656e-01 2.0679515e-25 0.0000000e+00 
1.1344516e-01 -1.0339758e-25 0.0000000e+00 
1.1862662e-01 -1.0339758e-25 0.0000000e+00 
1.2402924e-01 -1.0339758e-25 0.0000000e+00 
1.2928256e-01 1.8611564e-24 0.0000000e+00 
1.3388401e-01 1.8611564e-24 0.0000000e+00 
1.3694863e-01 1.8611564e-24 0.0000000e+00 
1.3844542e-01 -3.6189152e-25 0.0000000e+00 
1.3821603e-01 -3.6189152e-25 0.0000000e+00 
1.3619284e-01 -3.6189152e-25 0.0000000e+00 
1.3248426e-01 -7.7548182e-25 0.0000000e+00 
1.2753619e-01 -7.7548182e-25 0.0000000e+00 
1.2188818e-01 -7.7548182e-25 0.0000000e+00 
1.1619715e-01 -3.1019273e-25 0.0000000e+00 
1.1100651e-01 -3.1019273e-25 0.0000000e+00 
1.0688259e-01 -3.1019273e-25 0.0000000e+00 
1.0381656e-01 0.0000000e+00 0.0000000e+00 
1.0184824e-01 0.0000000e+00 0.0000000e+00 
1.0072813e-01 0.0000000e+00 0.0000000e+00 
1.0015862e-01 9.6935228e-27 0.0000000e+00 
1.0000000e-01 0.0000000e+00 0.0000000e+00 
1.0000000e-01 0.0000000e+00 0.0000000e+00 
1.0000000e-01 0.0000000e+00 0.0000000e+00 
1.0000000e-01 0.0000000e+00 0.0000000e+00 
1.0000000e-01 0.0000000e+00 0.0000000e+00 
1.0000000e-01 0.0000000e+00 0.0000000e+00 
1.0000000e-01 0.0000000e+00 0.0000000e+00 
1.0000000e-01 0.0000000e+00 0.0000000e+00 
1.0000000e-01 0.0000000e+00 0.0000000e+00 
1.0335531e-02 8.6118840e-03 0.0000000e+00 
1.2659393e-01 -4.3313345e-03 0.0000000e+00 
1.3208315e-01 4.1355276e-03 0.0000000e+00 
1.0414930e-01 1.9220349e-03 0.0000000e+00 
1.0026079e-01 1.3569000e-04 0.0000000e+00 
1.0002741e-01 -1.4052946e-05 0.0000000e+00 
1.0456099e-01 -2.8206275e-03 0.0000000e+00 
1.1524197e-01 4.4722431e-03 0.0000000e+00 
1.0481271e-01 2.4012292e-03 0.0000000e+00 
9.9873066e-02 -1.8558218e-04 0.0000000e+00 
1.0137815e-01 -7.3552161e-04 0.0000000e+00 
1.1045427e-01 -3.7986427e-03 0.0000000e+00 
1.0004863e-01 2.7545115e-05 0.0000000e+00 
1.0015097e-01 -7.5240874e-05 0.0000000e+00 
1.3851377e-01 -1.2133147e-03 0.0000000e+00 
9.9997774e-02 1.2456948e-06 0.0000000e+00 
1.3915636e-01 -2.2178474e-04 0.0000000e+00 
1.1913259e-01 4.1544377e-03 0.0000000e+00 
1.1907634e-01 -5.0481628e-03 0.0000000e+00 
1.3539536e-01 3.4035395e-03 0.0000000e+00 
1.0000952e-01 5.7383268e-06 0.0000000e+00 
1.3537523e-01 -3.0953872e-03 0.0000000e+00 
9.9946178e-02 3.9176625e-04 0.0000000e+00 
9.9998094e-02 -1.2564556e-06 0.0000000e+00 
1.0079884e-01 4.0185550e-04 0.0000000e+00 
1.0044348e-01 -2.3500322e-04 0.0000000e+00 
1.0408731e-01 -1.9478453e-03 0.0000000e+00 
1.0000777e-01 -4.7548547e-06 0.0000000e+00 
1.0000725e-01 -4.9089571e-04 0.0000000e+00 
1.0110135e-01 8.2361780e-04 0.0000000e+00 
1.0000043e-01 2.2642571e-06 0.0000000e+00 
1.0104983e-01 -9.5637509e-04 0.0000000e+00 
1.0000075e-01 -1.4371416e-06 0.0000000e+00 
1.0000374e-01 1.7123638e-06 0.0000000e+00 
1.0003953e-01 3.6870260e-04 0.0000000e+00 
1.3805328e-01 -1.6004726e-03 0.0000000e+00 
1.4071496e-01 -2.0211849e-03 0.0000000e+00 
1.4062272e-01 8.6793676e-04 0.0000000e+00 
1.4275824e-01 -1.3551724e-04 0.0000000e+00 
1.4306051e-01 -3.5844720e-03 0.0000000e+00 
1.4272508e-01 -8.6197892e-04 0.0000000e+00 
1.3995925e-01 3.0728721e-03 0.0000000e+00 
1.3177575e-01 3.7650743e-03 0.0000000e+00 
1.2693918e-01 7.5125359e-03 0.0000000e+00 
1.0510367e-01 8.7592080e-03 0.0000000e+00 
1.0272826e-01 1.0777001e-02 0.0000000e+00 
7.5137548e-02 1.0635109e-02 0.0000000e+00 
7.3622338e-02 1.1926090e-02 0.0000000e+00 
4.6034511e-02 9.5457193e-03 0.0000000e+00 
4.5006324e-02 1.0497526e-02 0.0000000e+00 
2.0171316e-02 6.7174146e-03 0.0000000e+00 
2.1881090e-02 7.3088929e-03 0.0000000e+00 
4.8984457e-03 3.0494260e-03 0.0000000e+00 
9.7143771e-03 2.8724305e-03 0.0000000e+00 
2.6046464e-02 8.0360305e-03 0.0000000e+00 
1.5699701e-02 2.1449872e-03 0.0000000e+00 
5.8219889e-03 -1.4397735e-03 0.0000000e+00 
3.3166241e-02 8.8980589e-03 0.0000000e+00 
2.3990549e-02 8.7916438e-04 0.0000000e+00 
2.7981540e-03 1.7373523e-04 0.0000000e+00 
-1.1223184e-03 -2.2883576e-03 0.0000000e+00 
4.1164052e-02 9.7358683e-03 0.0000000e+00 
3.5073038e-02 -5.0815800e-04 0.0000000e+00 
1.4412950e-01 -5.2548130e-03 0.0000000e+00 
1.0450016e-01 1.2433096e-02 0.0000000e+00 
5.2002072e-02 1.0328105e-02 0.0000000e+00 
4.8322063e-02 -1.8750845e-03 0.0000000e+00 
1.0127698e-03 -1.1086974e-03 0.0000000e+00 
1.4024889e-02 -5.2255471e-03 0.0000000e+00 
-1.3306085e-03 1.1036153e-03 0.0000000e+00 
6.0704883e-02 8.6401207e-03 0.0000000e+00 
6.2451817e-02 -4.0657045e-03 0.0000000e+00 
7.1361348e-02 6.1668879e-03 0.0000000e+00 
7.3811933e-02 -3.0691496e-03 0.0000000e+00 
8.0457412e-02 4.5449464e-03 0.0000000e+00 
8.2923979e-02 -2.8222941e-03 0.0000000e+00 
8.7201871e-02 2.8604569e-03 0.0000000e+00 
8.7323878e-03 -3.9938465e-03 0.0000000e+00 
2.9743051e-02 -7.7912374e-03 0.0000000e+00 
4.0658921e-02 -9.8195355e-03 0.0000000e+00 
2.6488775e-02 -6.4808545e-03 0.0000000e+00 
5.0898962e-02 -9.4688553e-03 0.0000000e+00 
4.6045791e-02 -8.0691762e-03 0.0000000e+00 
7.6087467e-02 -9.7814724e-03 0.0000000e+00 
6.9740497e-02 -8.5711377e-03 0.0000000e+00 
1.0167976e-01 -8.1510385e-03 0.0000000e+00 
1.0082705e-01 -6.4643798e-03 0.0000000e+00 
1.0389610e-01 -9.6529881e-03 0.0000000e+00 
1.2419958e-01 -4.3413187e-03 0.0000000e+00 
1.2587282e-01 -1.3626730e-03 0.0000000e+00 
9.2243105e-03 -2.8289545e-03 0.0000000e+00 
-4.3204724e-05 1.4916589e-03 0.0000000e+00 
8.9631833e-02 -2.0913978e-03 0.0000000e+00 
9.2141382e-02 1.5742951e-03 0.0000000e+00 
9.4149187e-02 -1.9488995e-03 0.0000000e+00 
9.5542200e-02 7.5050036e-04 0.0000000e+00 
1.3856204e-01 4.1883625e-04 0.0000000e+00 
1.4030781e-01 4.2748982e-03 0.0000000e+00 
3.9106920e-02 -8.8156862e-03 0.0000000e+00 
9.6726216e-02 -1.2237951e-03 0.0000000e+00 
9.7449049e-02 3.6793869e-04 0.0000000e+00 
9.8166510e-02 -7.4858166e-04 0.0000000e+00 
9.8559856e-02 1.5951588e-04 0.0000000e+00 
1.1138551e-01 6.3490663e-03 0.0000000e+00 
9.8980740e-02 -4.4866547e-04 0.0000000e+00 
9.9191807e-02 6.3048319e-05 0.0000000e+00 
9.9423766e-02 -2.6011147e-04 0.0000000e+00 
9.9542923e-02 2.3878731e-05 0.0000000e+00 
-2.1731779e-03 -7.5059454e-04 0.0000000e+00 
9.9680007e-02 -1.5236334e-04 0.0000000e+00 
9.9737123e-02 7.0422102e-06 0.0000000e+00 
9.9823147e-02 -9.9148390e-05 0.0000000e+00 
9.9851623e-02 -3.0043052e-06 0.0000000e+00 
9.9903233e-02 -5.7868092e-05 0.0000000e+00 
9.9916153e-02 -3.6923416e-06 0.0000000e+00 
1.2620702e-01 1.7758154e-03 0.0000000e+00 
1.4169551e-01 9.1509800e-03 0.0000000e+00 
3.0536309e-02 -3.6418540e-03 0.0000000e+00 
8.0793835e-02 -1.1913352e-02 0.0000000e+00 
7.9968840e-02 1.6285064e-02 0.0000000e+00 
4.7950052e-02 8.3320690e-03 0.0000000e+00 
6.6938154e-02 1.5602846e-02 0.0000000e+00 
9.9945672e-02 -3.3446122e-05 0.0000000e+00 
9.9952243e-02 -3.0421113e-06 0.0000000e+00 
9.9969596e-02 -1.9596553e-05 0.0000000e+00 
9.9972777e-02 -2.2768686e-06 0.0000000e+00 
9.9968895e-02 1.3993459e-05 0.0000000e+00 
9.9981956e-02 7.6688921e-06 0.0000000e+00 
9.9907681e-02 4.7426205e-05 0.0000000e+00 
1.3542633e-01 6.6122226e-03 0.0000000e+00 
1.4364722e-01 4.1429875e-03 0.0000000e+00 
9.9983253e-02 -1.1646452e-05 0.0000000e+00 
9.9540129e-02 3.0895026e-04 0.0000000e+00 
1.3651961e-01 -2.5212811e-03 0.0000000e+00 
9.7710587e-02 1.9349541e-03 0.0000000e+00 
9.0042137e-02 8.2650101e-03 0.0000000e+00 
1.3184698e-01 7.6654754e-03 0.0000000e+00 
1.4271940e-01 1.4776372e-02 0.0000000e+00 
1.4389044e-01 1.2901125e-02 0.0000000e+00 
1.4254394e-01 1.7891951e-02 0.0000000e+00 
1.4189853e-01 2.1731688e-02 0.0000000e+00 
1.3961782e-01 2.3341794e-02 0.0000000e+00 
5.1364072e-02 4.0655185e-02 0.0000000e+00 
1.3929299e-01 2.8815271e-02 0.0000000e+00 
1.3466391e-01 2.7839940e-02 0.0000000e+00 
6.0094733e-02 2.1953467e-02 0.0000000e+00 
1.3450250e-01 2.1371022e-02 0.0000000e+00 
1.2912607e-01 2.4183650e-02 0.0000000e+00 
1.2762313e-01 3.2269988e-02 0.0000000e+00 
1.2276830e-01 2.5946006e-02 0.0000000e+00 
1.1909326e-01 3.2597922e-02 0.0000000e+00 
1.1623513e-01 2.5735825e-02 0.0000000e+00 
1.1131305e-01 3.0787950e-02 0.0000000e+00 
2.8545463e-02 3.8123582e-02 0.0000000e+00 
1.1030460e-01 2.3658866e-02 0.0000000e+00 
1.0447944e-01 2.6737243e-02 0.0000000e+00 
1.0553382e-01 2.0555532e-02 0.0000000e+00 
1.0016274e-01 2.1939205e-02 0.0000000e+00 
1.0199828e-01 1.6907781e-02 0.0000000e+00 
9.6698590e-02 1.7496264e-02 0.0000000e+00 
9.9744648e-02 1.2996542e-02 0.0000000e+00 
9.5959075e-02 1.1969471e-02 0.0000000e+00 
9.1640525e-02 1.4443749e-02 0.0000000e+00 
9.2774458e-02 9.5367208e-03 0.0000000e+00 
8.7865867e-02 1.0170830e-02 0.0000000e+00 
9.0162873e-02 6.2199919e-03 0.0000000e+00 
8.5881867e-02 4.8357286e-03 0.0000000e+00 
8.9780420e-02 2.2443288e-03 0.0000000e+00 
8.6184070e-02 -6.0086721e-04 0.0000000e+00 
9.0480268e-02 -1.3730656e-03 0.0000000e+00 
8.8466331e-02 -5.0840471e-03 0.0000000e+00 
9.2447735e-02 -4.2440989e-03 0.0000000e+00 
9.5829181e-02 7.9436572e-03 0.0000000e+00 
9.1786578e-02 -8.0494331e-03 0.0000000e+00 
8.6626038e-02 -1.0381044e-02 0.0000000e+00 
9.2473045e-02 -1.2416296e-02 0.0000000e+00 
8.8432312e-02 -1.7920880e-02 0.0000000e+00 
1.3646076e-02 -2.2733804e-02 0.0000000e+00 
9.4955556e-02 -1.7157115e-02 0.0000000e+00 
9.3313441e-02 -2.3409095e-02 0.0000000e+00 
9.2947520e-02 1.4176535e-03 0.0000000e+00 
9.4853535e-02 -6.0706632e-03 0.0000000e+00 
9.9074930e-02 -2.0887775e-02 0.0000000e+00 
9.9171892e-02 -2.7522964e-02 0.0000000e+00 
4.3468308e-02 -4.4627529e-02 0.0000000e+00 
1.0446204e-01 -2.3165859e-02 0.0000000e+00 
1.0642668e-01 -2.9617380e-02 0.0000000e+00 
6.6542856e-02 -1.3755848e-02 0.0000000e+00 
6.0950112e-02 -3.4448944e-02 0.0000000e+00 
9.9432938e-02 -1.5589562e-02 0.0000000e+00 
9.7398192e-02 2.8851086e-02 0.0000000e+00 
8.1587233e-02 -1.5044966e-02 0.0000000e+00 
1.0617552e-01 1.5324526e-02 0.0000000e+00 
8.1014790e-02 9.6287336e-03 0.0000000e+00 
1.1058106e-01 -2.3278996e-02 0.0000000e+00 
1.1465634e-01 -2.9966488e-02 0.0000000e+00 
1.0799933e-01 -1.8324893e-02 0.0000000e+00 
9.2245080e-02 -3.1777568e-02 0.0000000e+00 
9.5173627e-02 -3.2805840e-03 0.0000000e+00 
9.7206116e-02 -4.6507292e-03 0.0000000e+00 
9.7180195e-02 -2.3696152e-03 0.0000000e+00 
9.8522238e-02 -3.1331473e-03 0.0000000e+00 
1.2954560e-01 1.8235911e-02 0.0000000e+00 
1.3395822e-01 1.5704650e-02 0.0000000e+00 
1.1682712e-01 -2.2067608e-02 0.0000000e+00 
1.2179752e-01 -2.6409218e-02 0.0000000e+00 
1.2141014e-01 -3.3520162e-02 0.0000000e+00 
1.2849642e-01 -3.0144431e-02 0.0000000e+00 
1.2681773e-01 -2.2562820e-02 0.0000000e+00 
1.3307126e-01 -2.3901375e-02 0.0000000e+00 
1.3597290e-01 -2.9734150e-02 0.0000000e+00 
3.2830749e-02 3.5005074e-03 0.0000000e+00 
1.3056250e-01 -1.8182300e-02 0.0000000e+00 
1.3908115e-01 -2.3026245e-02 0.0000000e+00 
1.4080131e-01 -2.6241332e-02 0.0000000e+00 
1.1468294e-01 1.9800585e-02 0.0000000e+00 
1.1283956e-01 3.8665369e-02 0.0000000e+00 
2.0011857e-02 -4.4851536e-03 0.0000000e+00 
9.9985898e-02 1.9422949e-05 0.0000000e+00 
9.9991664e-02 1.1085826e-05 0.0000000e+00 
7.5668469e-02 -7.3812576e-03 0.0000000e+00 
9.5561102e-02 -5.4012174e-03 0.0000000e+00 
1.0886996e-01 2.0719346e-04 0.0000000e+00 
1.4278843e-01 -2.0070501e-02 0.0000000e+00 
1.4096037e-01 -1.7201168e-02 0.0000000e+00 
1.3906382e-01 -1.8431932e-02 0.0000000e+00 
9.9165991e-02 -4.9861539e-03 0.0000000e+00 
1.3677201e-01 -3.3808425e-02 0.0000000e+00 
9.8587289e-02 -1.9509154e-03 0.0000000e+00 
9.9989608e-02 4.2272118e-06 0.0000000e+00 
1.3692902e-01 2.5620615e-02 0.0000000e+00 
1.3583507e-01 3.4036085e-02 0.0000000e+00 
9.9576615e-02 -6.3126319e-04 0.0000000e+00 
1.2602310e-01 2.6493261e-02 0.0000000e+00 
1.2240429e-01 1.6813211e-02 0.0000000e+00 
1.2968799e-01 1.3040546e-02 0.0000000e+00 
9.9962726e-02 -7.1006900e-05 0.0000000e+00 
1.4275740e-01 -6.6338936e-03 0.0000000e+00 
1.4196752e-01 -1.4425583e-02 0.0000000e+00 
1.3054365e-01 -1.0092647e-02 0.0000000e+00 
1.3554305e-01 -7.6757590e-03 0.0000000e+00 
1.1634155e-01 -2.0094218e-03 0.0000000e+00 
9.9887721e-02 -2.4374301e-04 0.0000000e+00 
9.8542221e-02 -1.6892060e-03 0.0000000e+00 
9.7766340e-02 -6.9851015e-04 0.0000000e+00 
1.2516440e-01 -1.7096903e-02 0.0000000e+00 
1.2877126e-01 -1.3049669e-02 0.0000000e+00 
9.9823177e-02 -3.1660916e-03 0.0000000e+00 
1.2495797e-01 1.4653918e-02 0.0000000e+00 
9.9995166e-02 6.2993122e-06 0.0000000e+00 
1.2327219e-01 -1.2069826e-02 0.0000000e+00 
9.9998526e-02 1.7425800e-05 0.0000000e+00 
9.9998206e-02 3.0064950e-05 0.0000000e+00 
9.9989653e-02 -2.4071804e-05 0.0000000e+00 
9.9994279e-02 -1.3338151e-05 0.0000000e+00 
1.2609418e-01 3.7265752e-02 0.0000000e+00 
1.3108100e-01 4.1419271e-02 0.0000000e+00 
1.2244939e-01 4.7336318e-02 0.0000000e+00 
9.9990614e-02 -6.5248423e-06 0.0000000e+00 
9.9997133e-02 -7.4840450e-06 0.0000000e+00 
1.2441101e-01 -1.4202810e-03 0.0000000e+00 
9.9760100e-02 3.4211224e-03 0.0000000e+00 
8.4091127e-02 3.5762074e-03 0.0000000e+00 
6.7354925e-02 6.5095117e-03 0.0000000e+00 
4.8341576e-02 6.1914432e-03 0.0000000e+00 
3.7867237e-02 5.7023996e-03 0.0000000e+00 
5.5452447e-02 6.9281547e-03 0.0000000e+00 
2.9951857e-02 4.8032491e-03 0.0000000e+00 
1.0095567e-01 -4.3730233e-03 0.0000000e+00 
1.0103043e-01 -6.8104230e-03 0.0000000e+00 
1.0001066e-01 2.0579388e-05 0.0000000e+00 
4.5827311e-02 6.7968178e-03 0.0000000e+00 
2.3764145e-02 4.2689941e-03 0.0000000e+00 
1.1892733e-02 1.4924621e-03 0.0000000e+00 
8.5208267e-03 1.5534535e-03 0.0000000e+00 
9.9994324e-02 -3.5818900e-06 0.0000000e+00 
6.0633708e-02 4.9107419e-03 0.0000000e+00 
1.2564667e-01 9.7927861e-03 0.0000000e+00 
1.3461781e-01 1.0498823e-02 0.0000000e+00 
1.3392986e-01 -1.3460420e-02 0.0000000e+00 
9.9997930e-02 -4.3893888e-06 0.0000000e+00 
1.3150926e-01 -9.2207473e-03 0.0000000e+00 
9.8936856e-02 -6.3535856e-04 0.0000000e+00 
9.8629579e-02 2.2249058e-04 0.0000000e+00 
9.9378243e-02 -1.1349553e-03 0.0000000e+00 
9.7059518e-02 8.7909075e-04 0.0000000e+00 
9.8547585e-02 1.4059348e-03 0.0000000e+00 
9.7581908e-02 2.7064711e-03 0.0000000e+00 
9.9018268e-02 2.4387299e-03 0.0000000e+00 
9.8568156e-02 4.4641728e-03 0.0000000e+00 
9.9942535e-02 3.2255535e-03 0.0000000e+00 
1.0044865e-01 5.0714645e-03 0.0000000e+00 
9.9837326e-02 1.8875320e-03 0.0000000e+00 
1.7118634e-03 -7.5501646e-04 0.0000000e+00 
-2.2038628e-04 1.4759768e-05 0.0000000e+00 
6.7309663e-03 2.1356859e-03 0.0000000e+00 
-2.8198825e-03 -1.0238051e-03 0.0000000e+00 
-4.2650681e-03 -1.7643103e-04 0.0000000e+00 
9.9993840e-02 2.3496686e-06 0.0000000e+00 
1.0122713e-01 3.3380024e-03 0.0000000e+00 
1.2673078e-01 -8.6354837e-03 0.0000000e+00 
-4.1675447e-03 2.8021826e-05 0.0000000e+00 
-4.4884272e-03 1.4878187e-04 0.0000000e+00 
-2.9135572e-03 9.6457277e-04 0.0000000e+00 
-7.4970134e-04 -1.5527157e-04 0.0000000e+00 
1.8366071e-03 4.9442425e-04 0.0000000e+00 
1.0388190e-01 2.3799267e-02 0.0000000e+00 
1.4315510e-01 -1.0370616e-02 0.0000000e+00 
1.2401213e-01 4.6243601e-02 0.0000000e+00 
1.1548653e-01 5.3273484e-02 0.0000000e+00 
1.3570699e-01 -9.3038250e-03 0.0000000e+00 
1.4115885e-01 1.3782342e-02 0.0000000e+00 
1.4263879e-01 9.8971697e-03 0.0000000e+00 
9.9347331e-02 5.9889152e-04 0.0000000e+00 
1.1299746e-01 4.2235614e-03 0.0000000e+00 
8.2811788e-02 -3.2013394e-03 0.0000000e+00 
7.9675309e-02 -4.9444088e-03 0.0000000e+00 
5.2079260e-02 -6.1112489e-03 0.0000000e+00 
8.5629389e-02 1.2083999e-05 0.0000000e+00 
-4.7504595e-03 1.0198191e-04 0.0000000e+00 
2.9894810e-02 5.8746729e-03 0.0000000e+00 
1.0000336e-01 -1.7643491e-05 0.0000000e+00 
1.0000630e-01 -3.4575060e-05 0.0000000e+00 
7.1996115e-02 7.5910515e-03 0.0000000e+00 
5.2637454e-02 -6.2521719e-03 0.0000000e+00 
2.8402001e-02 -4.7135223e-03 0.0000000e+00 
3.1050570e-02 -4.6833153e-03 0.0000000e+00 
1.3032120e-02 -1.5967756e-03 0.0000000e+00 
1.7263796e-02 -2.6203392e-03 0.0000000e+00 
3.4199025e-02 -5.4389988e-03 0.0000000e+00 
9.9997081e-02 3.2919661e-06 0.0000000e+00 
9.9999793e-02 5.6984341e-06 0.0000000e+00 
-1.1019922e-03 2.2170902e-03 0.0000000e+00 
1.0075147e-01 -2.6329895e-03 0.0000000e+00 
1.0009252e-01 -1.8902004e-03 0.0000000e+00 
1.3385352e-01 1.3507136e-02 0.0000000e+00 
1.0787175e-03 -1.7736618e-03 0.0000000e+00 
1.3472718e-01 -2.7916778e-02 0.0000000e+00 
1.2918890e-01 -3.3656694e-02 0.0000000e+00 
1.3087170e-01 -4.1483521e-02 0.0000000e+00 
1.2006781e-01 -4.1702814e-02 0.0000000e+00 
1.2231233e-01 -4.8987456e-02 0.0000000e+00 
1.2225766e-01 -2.3140009e-02 0.0000000e+00 
8.1804916e-02 -2.3021434e-02 0.0000000e+00 
7.4388400e-02 -1.9631481e-02 0.0000000e+00 
7.5113364e-02 -1.1001663e-02 0.0000000e+00 
6.6136330e-02 -1.3387661e-02 0.0000000e+00 
6.4325124e-02 -2.4646366e-02 0.0000000e+00 
5.3739376e-02 -1.6062390e-02 0.0000000e+00 
5.9480324e-02 -4.3842075e-03 0.0000000e+00 
4.5333106e-02 -2.7888403e-03 0.0000000e+00 
5.5898428e-02 7.6098815e-03 0.0000000e+00 
6.6675067e-02 3.5669834e-03 0.0000000e+00 
6.6239044e-02 1.3225717e-02 0.0000000e+00 
5.7422258e-02 2.0982850e-02 0.0000000e+00 
6.9229417e-02 2.2772752e-02 0.0000000e+00 
6.3760690e-02 3.3257928e-02 0.0000000e+00 
7.5396426e-02 3.0813290e-02 0.0000000e+00 
7.4340306e-02 4.1961104e-02 0.0000000e+00 
7.8876160e-02 2.2051042e-02 0.0000000e+00 
4.8163567e-02 3.1639952e-02 0.0000000e+00 
5.2011829e-02 -3.0828200e-02 0.0000000e+00 
6.6083595e-02 -3.7205949e-02 0.0000000e+00 
5.4469772e-02 -4.5529287e-02 0.0000000e+00 
7.2409302e-02 -4.8656657e-02 0.0000000e+00 
8.4116600e-02 3.6124907e-02 0.0000000e+00 
8.6578310e-02 4.6087749e-02 0.0000000e+00 
7.5933851e-02 5.3535610e-02 0.0000000e+00 
9.1735363e-02 5.5170834e-02 0.0000000e+00 
9.7981431e-02 4.6288408e-02 0.0000000e+00 
7.8185461e-02 -3.8608827e-02 0.0000000e+00 
8.5862651e-02 -4.6696927e-02 0.0000000e+00 
8.3612181e-02 -5.6210332e-02 0.0000000e+00 
9.6582964e-02 -5.1193215e-02 0.0000000e+00 
9.6896194e-02 -5.8288760e-02 0.0000000e+00 
1.0787125e-01 -5.1775198e-02 0.0000000e+00 
1.0392030e-01 -4.4033792e-02 0.0000000e+00 
2.5700203e-03 -1.3320538e-03 0.0000000e+00 
1.0197818e-01 4.9954243e-02 0.0000000e+00 
4.2239893e-02 4.3355316e-02 0.0000000e+00 
1.0000218e-01 -6.2880617e-06 0.0000000e+00 
1.1337975e-01 -4.3590073e-02 0.0000000e+00 
1.3867541e-01 -1.1192801e-03 0.0000000e+00 
1.2608677e-01 -4.2975511e-02 0.0000000e+00 
7.6264679e-02 9.1893775e-03 0.0000000e+00 
9.9445127e-02 5.8436599e-02 0.0000000e+00 
3.0722350e-02 -4.0821038e-02 0.0000000e+00 
5.3848382e-02 -4.1757405e-02 0.0000000e+00 
1.6483516e-02 -4.1022147e-03 0.0000000e+00 
5.3361878e-02 2.5953781e-03 0.0000000e+00 
2.2078122e-03 2.8917837e-05 0.0000000e+00 
6.2276684e-02 -2.3880830e-02 0.0000000e+00 
-1.2781533e-03 -1.2999930e-03 0.0000000e+00 
1.8218352e-02 2.7071070e-02 0.0000000e+00 
1.0271154e-01 5.0990744e-03 0.0000000e+00 
1.0211046e-01 7.4710706e-03 0.0000000e+00 
1.0472227e-01 7.0210188e-03 0.0000000e+00 
4.8005611e-02 -1.7146323e-03 0.0000000e+00 
7.6081753e-02 -2.9808579e-03 0.0000000e+00 
5.2491960e-04 2.0077948e-03 0.0000000e+00 
1.0884085e-02 4.4538327e-03 0.0000000e+00 
1.0304932e-01 -5.1592262e-03 0.0000000e+00 
1.0387933e-01 -8.2116537e-03 0.0000000e+00 
1.0764343e-01 -3.4647004e-03 0.0000000e+00 
1.0369026e-01 3.6325511e-02 0.0000000e+00 
1.3290676e-02 -1.2719295e-02 0.0000000e+00 
1.0335127e-01 -4.6536769e-03 0.0000000e+00 
1.0428274e-01 -4.7830451e-02 0.0000000e+00 
1.0000610e-01 1.2154214e-05 0.0000000e+00 
5.8955662e-02 3.2259088e-02 0.0000000e+00 
1.2115321e-01 1.1244763e-02 0.0000000e+00 
8.0027215e-02 1.7289511e-03 0.0000000e+00 
8.3109103e-02 -4.8789014e-03 0.0000000e+00 
1.3905969e-01 1.0045595e-02 0.0000000e+00 
1.4092354e-01 6.7559308e-03 0.0000000e+00 
8.5118271e-02 1.6018853e-02 0.0000000e+00 
8.9969508e-02 2.1095926e-02 0.0000000e+00 
1.1207958e-01 3.0126947e-03 0.0000000e+00 
1.3852075e-01 -4.2870538e-03 0.0000000e+00 
1.0830483e-01 3.1590543e-03 0.0000000e+00 
1.1342860e-01 4.7356957e-03 0.0000000e+00 
1.0001952e-01 3.4814781e-05 0.0000000e+00 
9.9998660e-02 5.2132127e-05 0.0000000e+00 
1.0832542e-01 -3.2469761e-03 0.0000000e+00 
1.0102735e-01 -1.1066085e-02 0.0000000e+00 
1.0499850e-01 -1.1922313e-02 0.0000000e+00 
1.0730597e-01 -9.0287421e-03 0.0000000e+00 
9.7949602e-02 -7.9819271e-03 0.0000000e+00 
1.0926324e-01 -1.3192466e-02 0.0000000e+00 
1.1177614e-01 -8.8207731e-03 0.0000000e+00 
1.1483115e-01 -1.2134104e-02 0.0000000e+00 
1.3857514e-01 1.1324387e-03 0.0000000e+00 
1.3929147e-01 3.3101023e-03 0.0000000e+00 
1.3639763e-01 2.5065173e-03 0.0000000e+00 
1.3631010e-01 6.4970329e-03 0.0000000e+00 
1.3040374e-01 9.3290554e-03 0.0000000e+00 
1.2742417e-01 1.1750964e-02 0.0000000e+00 
1.1565711e-01 1.5090289e-02 0.0000000e+00 
1.2277179e-01 1.1796834e-02 0.0000000e+00 
1.0745972e-01 1.6650798e-02 0.0000000e+00 
1.1545770e-01 1.2920379e-02 0.0000000e+00 
1.2273727e-01 8.2698055e-03 0.0000000e+00 
1.3921897e-01 1.4892709e-04 0.0000000e+00 
1.4066449e-01 -1.3156687e-03 0.0000000e+00 
1.3888022e-01 -3.5685520e-03 0.0000000e+00 
1.4034741e-01 -4.2413645e-03 0.0000000e+00 
1.3613296e-01 -7.6261912e-03 0.0000000e+00 
1.3598178e-01 -5.7532345e-03 0.0000000e+00 
1.3112178e-01 -1.0229637e-02 0.0000000e+00 
1.2221379e-01 -1.2518309e-02 0.0000000e+00 
1.1549570e-01 -1.4965825e-02 0.0000000e+00 
9.4077006e-02 -1.5399748e-02 0.0000000e+00 
1.2514399e-01 -1.2368293e-02 0.0000000e+00 
1.0707825e-01 -1.6720574e-02 0.0000000e+00 
1.1889245e-01 -1.3537367e-02 0.0000000e+00 
1.0189559e-01 -1.3433720e-02 0.0000000e+00 
9.9502757e-02 -1.7153546e-02 0.0000000e+00 
1.1189022e-01 -1.4386632e-02 0.0000000e+00 
1.4089750e-01 1.3769391e-03 0.0000000e+00 
1.3823058e-01 1.5878313e-03 0.0000000e+00 
1.2883432e-01 -9.3470570e-03 0.0000000e+00 
1.4231770e-01 -4.1542726e-04 0.0000000e+00 
7.4527688e-02 -1.6855316e-02 0.0000000e+00 
1.3476461e-01 -6.2818266e-03 0.0000000e+00 
7.1689993e-02 -1.4894210e-02 0.0000000e+00 
5.9153497e-02 -1.2795434e-02 0.0000000e+00 
5.6702901e-02 -1.3488376e-02 0.0000000e+00 
3.1165682e-02 -8.9983679e-03 0.0000000e+00 
1.0565599e-01 5.2355330e-02 0.0000000e+00 
1.0849209e-01 7.4467072e-03 0.0000000e+00 
1.1348295e-01 9.7404281e-03 0.0000000e+00 
6.0074627e-02 4.5249648e-02 0.0000000e+00 
4.2839654e-02 1.4196049e-02 0.0000000e+00 
1.2919658e-01 -5.3218482e-03 0.0000000e+00 
1.3256887e-01 9.3922336e-03 0.0000000e+00 
1.1489078e-01 1.3768324e-02 0.0000000e+00 
1.0501130e-01 1.5561686e-02 0.0000000e+00 
8.2111530e-02 1.5064677e-02 0.0000000e+00 
1.0505459e-01 1.0392846e-02 0.0000000e+00 
1.0236594e-01 -1.3942405e-03 0.0000000e+00 
9.9853761e-02 1.9386613e-04 0.0000000e+00 
1.0246227e-01 1.3862142e-03 0.0000000e+00 
3.7051979e-02 -1.8014038e-02 0.0000000e+00 
1.3232218e-01 -4.0230458e-03 0.0000000e+00 
1.5729638e-02 2.2571378e-03 0.0000000e+00 
9.9941537e-02 -3.9536302e-04 0.0000000e+00 
1.0581823e-01 -5.6650257e-03 0.0000000e+00 
1.3071863e-01 3.9327359e-03 0.0000000e+00 
1.4691433e-04 -1.6352361e-03 0.0000000e+00 
1.0002780e-01 1.6682627e-05 0.0000000e+00 
7.1712755e-02 1.3611851e-03 0.0000000e+00 
1.8323338e-02 4.3755379e-03 0.0000000e+00 
5.4592822e-02 1.0915852e-02 0.0000000e+00 
5.2507088e-02 -5.7742926e-03 0.0000000e+00 
8.6948127e-02 -1.6840041e-02 0.0000000e+00 
1.1316491e-01 -4.4198837e-03 0.0000000e+00 
7.6983377e-02 5.9816949e-02 0.0000000e+00 
-2.3499515e-03 1.1321327e-03 0.0000000e+00 
1.1051444e-01 -2.7657332e-02 0.0000000e+00 
1.2090674e-01 -4.6162712e-03 0.0000000e+00 
1.1534228e-01 -4.4814991e-03 0.0000000e+00 
1.1009713e-01 -8.2586687e-03 0.0000000e+00 
1.0624903e-01 -6.3506481e-03 0.0000000e+00 
1.0283276e-01 -9.9257864e-03 0.0000000e+00 
1.0092664e-01 -7.1588745e-03 0.0000000e+00 
1.0526660e-01 -1.3110857e-02 0.0000000e+00 
9.4851367e-02 -1.2402358e-02 0.0000000e+00 
1.1534386e-01 -9.4352700e-03 0.0000000e+00 
1.0367531e-01 -4.4927113e-03 0.0000000e+00 
1.0034312e-01 -4.6986178e-03 0.0000000e+00 
1.3725729e-01 6.6936216e-03 0.0000000e+00 
1.0001358e-01 4.7639362e-04 0.0000000e+00 
1.0019980e-01 1.0569639e-03 0.0000000e+00 
9.5962457e-02 -1.0036946e-03 0.0000000e+00 
1.1300153e-01 -1.7273886e-02 0.0000000e+00 
1.1947976e-01 -1.6205827e-02 0.0000000e+00 
1.1926317e-01 -1.0113526e-02 0.0000000e+00 
1.1945275e-01 1.6180826e-02 0.0000000e+00 
7.3580444e-02 7.8125373e-03 0.0000000e+00 
1.4282085e-01 3.6653555e-03 0.0000000e+00 
1.0968626e-01 -5.5319555e-02 0.0000000e+00 
1.0207739e-01 -2.9065826e-03 0.0000000e+00 
1.0010660e-01 -2.8451090e-03 0.0000000e+00 
1.0116577e-01 -1.7731633e-03 0.0000000e+00 
1.0003869e-01 -1.6258416e-03 0.0000000e+00 
1.0064520e-01 -1.0099439e-03 0.0000000e+00 
1.0005174e-01 -3.9805629e-04 0.0000000e+00 
9.7621046e-02 -3.2783919e-03 0.0000000e+00 
9.5650874e-02 -8.9388229e-03 0.0000000e+00 
1.0077932e-01 -4.2608409e-04 0.0000000e+00 
1.0032974e-01 -5.4125377e-04 0.0000000e+00 
1.0021514e-01 -2.9983159e-04 0.0000000e+00 
9.9992819e-02 -4.7195383e-04 0.0000000e+00 
9.9572815e-02 7.1414015e-03 0.0000000e+00 
2.7083460e-02 1.7470000e-03 0.0000000e+00 
1.3389650e-01 3.4606304e-02 0.0000000e+00 
1.0089709e-01 -3.5474431e-02 0.0000000e+00 
1.1513492e-01 4.6465699e-02 0.0000000e+00 
9.9999614e-02 -1.7624945e-06 0.0000000e+00 
1.1048268e-01 3.8164258e-03 0.0000000e+00 
1.0989998e-01 8.2879877e-03 0.0000000e+00 
1.0620237e-01 6.3738367e-03 0.0000000e+00 
1.0318492e-01 9.6345237e-03 0.0000000e+00 
1.0144578e-01 6.8277740e-03 0.0000000e+00 
1.0574992e-01 1.2329017e-02 0.0000000e+00 
1.1528766e-01 9.6609984e-03 0.0000000e+00 
1.0370418e-01 4.4194036e-03 0.0000000e+00 
1.0092371e-01 4.3239836e-03 0.0000000e+00 
9.8003194e-02 5.4408754e-03 0.0000000e+00 
1.0240911e-01 -1.2382270e-03 0.0000000e+00 
9.9998958e-02 2.2056322e-06 0.0000000e+00 
1.0672957e-01 -2.8311287e-03 0.0000000e+00 
9.9997461e-02 -1.3565942e-07 0.0000000e+00 
1.0003630e-01 5.9685699e-05 0.0000000e+00 
1.0000132e-01 9.0868642e-05 0.0000000e+00 
1.0006590e-01 1.0285254e-04 0.0000000e+00 
1.0000759e-01 1.5823390e-04 0.0000000e+00 
9.9936545e-02 1.0863772e-04 0.0000000e+00 
9.9897303e-02 1.9288088e-04 0.0000000e+00 
1.0002286e-01 2.7451315e-04 0.0000000e+00 
9.9835336e-02 3.4505557e-04 0.0000000e+00 
1.0005964e-01 4.7941858e-04 0.0000000e+00 
9.9741541e-02 6.2092789e-04 0.0000000e+00 
1.0014512e-01 8.3670532e-04 0.0000000e+00 
9.9602774e-02 1.1176207e-03 0.0000000e+00 
1.0032074e-01 1.4504485e-03 0.0000000e+00 
9.9391684e-02 1.9596138e-03 0.0000000e+00 
1.0058746e-01 2.5292006e-03 0.0000000e+00 
1.0128530e-01 1.5474564e-03 0.0000000e+00 
9.9209487e-02 5.7779922e-04 0.0000000e+00 
9.9841826e-02 8.9668916e-05 0.0000000e+00 
9.9961102e-02 6.0852464e-05 0.0000000e+00 
1.7811503e-02 3.6829561e-03 0.0000000e+00 
1.0008372e-01 -4.6225618e-05 0.0000000e+00 
1.0007048e-01 -1.0741921e-04 0.0000000e+00 
1.0003314e-01 -5.7221354e-05 0.0000000e+00 
1.0045335e-01 2.3074540e-04 0.0000000e+00 
1.0015065e-01 7.8256970e-05 0.0000000e+00 
1.0001517e-01 -8.3363575e-06 0.0000000e+00 
1.0004854e-01 -2.4163397e-05 0.0000000e+00 
9.9979855e-02 -4.0342587e-05 0.0000000e+00 
1.0000112e-01 -1.1016393e-05 0.0000000e+00 
1.0000388e-01 -2.9733080e-06 0.0000000e+00 
9.9934362e-02 -1.2498423e-04 0.0000000e+00 
1.0001054e-01 -1.7890784e-04 0.0000000e+00 
9.9976473e-02 3.4285058e-05 0.0000000e+00 
9.9999040e-02 9.9955651e-06 0.0000000e+00 
1.0000079e-01 -3.0985693e-06 0.0000000e+00 
9.6675403e-02 4.6993652e-03 0.0000000e+00 
9.5626429e-02 2.4514720e-03 0.0000000e+00 
9.9946454e-02 2.5656980e-05 0.0000000e+00 
1.0000593e-01 3.1420825e-06 0.0000000e+00 
1.0000298e-01 3.8880462e-06 0.0000000e+00 
1.0015041e-01 -9.5463009e-04 0.0000000e+00 
1.0674170e-01 2.8452461e-03 0.0000000e+00 
9.9984594e-02 -1.6104962e-06 0.0000000e+00 
9.9730939e-02 1.6572342e-04 0.0000000e+00 
6.2628552e-02 -5.5601712e-02 0.0000000e+00 
1.0503538e-01 3.5937004e-02 0.0000000e+00 
9.9990919e-02 -9.6083272e-07 0.0000000e+00 
3.5114694e-02 6.3510062e-03 0.0000000e+00 
1.9797379e-02 4.9326946e-03 0.0000000e+00 
-1.1413011e-03 2.2182022e-03 0.0000000e+00 
9.3667433e-02 3.7443005e-02 0.0000000e+00 
9.8650493e-02 1.0723234e-03 0.0000000e+00 
8.5936636e-02 1.1360062e-02 0.0000000e+00 
9.9996433e-02 -1.6886481e-06 0.0000000e+00 
9.9261597e-02 -1.1033713e-03 0.0000000e+00 
1.2169593e-01 3.9495684e-02 0.0000000e+00 
1.3811159e-01 -1.3224597e-02 0.0000000e+00 
9.9517889e-02 -1.0284275e-05 0.0000000e+00 
1.2197567e-01 -9.2484318e-03 0.0000000e+00 
1.3634947e-01 -2.2833308e-03 0.0000000e+00 
9.6052572e-02 -1.6402747e-02 0.0000000e+00 
7.5372858e-03 -1.5897861e-03 0.0000000e+00 
8.1795253e-02 1.4204640e-02 0.0000000e+00 
1.0000369e-01 7.0874780e-06 0.0000000e+00 
7.4459419e-02 -2.9104613e-02 0.0000000e+00 
9.4808601e-02 -9.4746687e-03 0.0000000e+00 
5.6754416e-03 2.3630619e-04 0.0000000e+00 
1.0008639e-01 4.6352547e-05 0.0000000e+00 
1.2484293e-01 4.2645792e-03 0.0000000e+00 
9.9864326e-02 -9.9099905e-04 0.0000000e+00 
1.0035115e-01 -5.6268129e-04 0.0000000e+00 
9.9861629e-02 9.8118500e-04 0.0000000e+00 
1.0051023e-01 1.8845896e-03 0.0000000e+00 
5.6506034e-02 4.2103580e-03 0.0000000e+00 
1.3185501e-01 -3.6124811e-02 0.0000000e+00 
1.0004013e-01 -8.7305775e-04 0.0000000e+00 
-1.5972990e-03 8.2913158e-04 0.0000000e+00 
1.0035422e-01 5.2703643e-04 0.0000000e+00 
1.0943186e-01 1.2605486e-02 0.0000000e+00 
1.0026289e-01 -1.2602762e-04 0.0000000e+00 
1.0000191e-01 2.0514926e-06 0.0000000e+00 
1.0023512e-01 1.6239326e-02 0.0000000e+00 
8.5496560e-02 1.7933737e-02 0.0000000e+00 
1.4130384e-01 2.9177694e-03 0.0000000e+00 
1.0824983e-01 -1.1320583e-02 0.0000000e+00 
7.4274689e-02 -1.2315554e-02 0.0000000e+00 
6.9909297e-02 -4.4960035e-03 0.0000000e+00 
9.0403453e-02 -5.5952244e-02 0.0000000e+00 
-2.8935494e-03 -4.8060616e-04 0.0000000e+00 
1.0000224e-01 -1.4020351e-06 0.0000000e+00 
1.0942806e-01 -3.6504980e-02 0.0000000e+00 
9.9995986e-02 7.6130334e-07 0.0000000e+00 
1.4393181e-01 -9.8289913e-03 0.0000000e+00 
1.0011570e-01 1.7592726e-04 0.0000000e+00 
1.2461857e-01 2.0060690e-02 0.0000000e+00 
1.0001627e-01 9.7466645e-06 0.0000000e+00 
9.9363662e-02 -2.0943419e-03 0.0000000e+00 
9.3407013e-02 4.9868897e-03 0.0000000e+00 
1.4416008e-01 8.2017900e-03 0.0000000e+00 
1.9919915e-02 -3.6554283e-03 0.0000000e+00 
1.3934439e-01 3.9811358e-03 0.0000000e+00 
9.9377900e-02 1.4086484e-03 0.0000000e+00 
1.3613436e-01 -1.8232172e-02 0.0000000e+00 
1.0254286e-01 1.1682631e-03 0.0000000e+00 
2.6044222e-02 -7.0350613e-03 0.0000000e+00 
1.2827305e-01 -8.1062252e-03 0.0000000e+00 
9.9706680e-02 -3.5413698e-04 0.0000000e+00 
8.3585680e-02 -3.0547308e-02 0.0000000e+00 
9.6406899e-02 -4.3293778e-03 0.0000000e+00 
1.0020681e-01 3.0104467e-04 0.0000000e+00 
9.6925303e-02 -1.2067948e-02 0.0000000e+00 
5.5812795e-02 5.3664621e-02 0.0000000e+00 
1.0173754e-01 1.3239149e-02 0.0000000e+00 
1.3853855e-01 1.7664254e-02 0.0000000e+00 
1.3435191e-02 -3.3912247e-03 0.0000000e+00 
1.4243104e-01 -6.0316250e-03 0.0000000e+00 
1.2143454e-01 1.0003581e-02 0.0000000e+00 
1.4364409e-01 -1.4944176e-02 0.0000000e+00 
8.4526770e-02 6.2780180e-03 0.0000000e+00 
7.6048441e-02 1.5274034e-02 0.0000000e+00 
7.9023331e-02 -1.1287577e-02 0.0000000e+00 
1.0322905e-01 -1.7945111e-02 0.0000000e+00 
8.5092606e-03 2.8787472e-03 0.0000000e+00 
1.2658842e-01 4.0032766e-03 0.0000000e+00 
7.2800063e-02 1.2887004e-02 0.0000000e+00 
8.4299192e-02 2.6862027e-02 0.0000000e+00 
9.0973668e-02 2.8692435e-02 0.0000000e+00 
1.0225952e-01 2.6688059e-03 0.0000000e+00 
3.8575850e-02 -6.5309270e-03 0.0000000e+00 
1.1950111e-01 2.1434067e-02 0.0000000e+00 
1.1403087e-01 1.4841738e-02 0.0000000e+00 
1.3385266e-01 6.4358111e-03 0.0000000e+00 
9.8951131e-02 3.3155135e-03 0.0000000e+00 
1.2270196e-01 -6.5830662e-03 0.0000000e+00 
1.0206498e-01 -3.1549323e-03 0.0000000e+00 
1.2400188e-01 -4.4704829e-03 0.0000000e+00 
4.8777763e-02 1.1639653e-02 0.0000000e+00 
9.9516146e-02 -4.8622844e-04 0.0000000e+00 
1.2984209e-01 8.0578187e-03 0.0000000e+00 
1.2090339e-01 4.2940588e-03 0.0000000e+00 
2.9535457e-02 2.3483615e-02 0.0000000e+00 
9.3657948e-02 -1.2470966e-03 0.0000000e+00 
1.0037930e-01 5.2020093e-04 0.0000000e+00 
1.1007788e-01 1.7778136e-02 0.0000000e+00 
1.4264081e-01 7.8315585e-04 0.0000000e+00 
7.6200038e-02 -5.8957111e-02 0.0000000e+00 
1.0012960e-01 -1.7971765e-04 0.0000000e+00 
9.5931761e-02 3.3726927e-03 0.0000000e+00 
2.7421447e-02 -5.3502368e-03 0.0000000e+00 
-1.2209864e-03 -1.9435732e-03 0.0000000e+00 
1.1792417e-01 -4.8604522e-02 0.0000000e+00 
1.2844542e-01 3.9474748e-02 0.0000000e+00 
9.5215991e-02 -4.1910741e-02 0.0000000e+00 
1.3347368e-01 -5.9670359e-03 0.0000000e+00 
2.3280079e-02 -7.1972739e-03 0.0000000e+00 
1.2174604e-01 -2.0461269e-02 0.0000000e+00 
1.0727773e-01 4.4271372e-02 0.0000000e+00 
3.4076113e-02 -3.3273034e-02 0.0000000e+00 
9.9999674e-02 3.4464640e-06 0.0000000e+00 
1.0068992e-01 8.8210247e-04 0.0000000e+00 
4.9967192e-02 1.2581490e-02 0.0000000e+00 
9.8217167e-02 9.3817012e-03 0.0000000e+00 
-2.9132690e-03 8.9204666e-04 0.0000000e+00 
4.5629319e-02 -4.7891308e-03 0.0000000e+00 
1.2369756e-01 -1.2229070e-02 0.0000000e+00 
1.0000166e-01 -9.9484423e-05 0.0000000e+00 
5.1225098e-03 2.7712525e-03 0.0000000e+00 
7.7222824e-02 -4.5463392e-03 0.0000000e+00 
4.9749851e-02 -1.0703753e-02 0.0000000e+00 
1.1583866e-01 9.3200589e-03 0.0000000e+00 
1.0136303e-01 1.9092279e-03 0.0000000e+00 
4.0489793e-02 4.1553177e-02 0.0000000e+00 
1.3172638e-01 -8.0304462e-03 0.0000000e+00 
1.0136794e-01 6.2947598e-04 0.0000000e+00 
-2.9051928e-03 -6.0303777e-04 0.0000000e+00 
4.5634704e-03 -1.8507096e-03 0.0000000e+00 
6.0003581e-03 2.2728631e-04 0.0000000e+00 
1.1560291e-01 -8.1045451e-03 0.0000000e+00 
9.3322396e-02 5.3377459e-03 0.0000000e+00 
1.0055716e-01 -1.4941465e-03 0.0000000e+00 
8.5422419e-02 -8.4272893e-03 0.0000000e+00 
7.3366255e-02 8.6054375e-04 0.0000000e+00 
7.7115513e-02 -6.2944228e-03 0.0000000e+00 
9.9996716e-02 -5.9302871e-05 0.0000000e+00 
9.9698611e-02 6.8086671e-04 0.0000000e+00 
1.3210087e-01 -1.4153336e-03 0.0000000e+00 
1.7738663e-02 3.8200929e-03 0.0000000e+00 
8.7159619e-02 -3.7878592e-02 0.0000000e+00 
1.3988900e-01 -8.2653686e-03 0.0000000e+00 
8.7891690e-02 8.1623700e-03 0.0000000e+00 
6.1501458e-02 8.1326915e-03 0.0000000e+00 
9.9994183e-02 -6.2777110e-07 0.0000000e+00 
5.2763656e-02 -6.7136334e-03 0.0000000e+00 
1.0007479e-01 -1.8381423e-04 0.0000000e+00 
9.7530924e-02 -3.2168005e-02 0.0000000e+00 
1.0007459e-01 1.6235714e-04 0.0000000e+00 
9.7417444e-02 8.4560616e-03 0.0000000e+00 
1.0293470e-01 1.3181106e-02 0.0000000e+00 
1.0109139e-01 1.0132003e-02 0.0000000e+00 
1.4174750e-01 -1.2740416e-02 0.0000000e+00 
9.3484245e-02 -1.3619526e-02 0.0000000e+00 
9.9998496e-02 -2.5093332e-06 0.0000000e+00 
8.2191095e-02 5.3048111e-02 0.0000000e+00 
8.5184038e-02 2.1187011e-02 0.0000000e+00 
-3.6969874e-03 -4.1867120e-04 0.0000000e+00 
1.0000274e-01 9.1122462e-07 0.0000000e+00 
1.4330399e-01 6.5611731e-03 0.0000000e+00 
1.0002445e-01 -2.7739397e-05 0.0000000e+00 
9.7468950e-02 1.4681870e-02 0.0000000e+00 
1.4034426e-01 -2.5115262e-03 0.0000000e+00 
1.0000146e-01 -7.1822399e-07 0.0000000e+00 
2.7769208e-02 7.0213806e-03 0.0000000e+00 
5.3659834e-02 -7.3513975e-03 0.0000000e+00 
1.0003664e-01 -2.8374346e-04 0.0000000e+00 
1.1601747e-02 -2.0475090e-03 0.0000000e+00 
1.2152330e-01 -8.6903488e-03 0.0000000e+00 
1.1698615e-01 1.1944476e-02 0.0000000e+00 
1.1130465e-01 -1.2559923e-02 0.0000000e+00 
1.1588422e-01 -3.6849469e-02 0.0000000e+00 
9.7231932e-02 1.1777961e-02 0.0000000e+00 
1.3846263e-01 5.8834008e-03 0.0000000e+00 
1.2064064e-01 -4.0567998e-02 0.0000000e+00 
1.3734500e-01 1.3232728e-02 0.0000000e+00 
1.2250216e-01 -8.0681443e-03 0.0000000e+00 
9.5624551e-03 -1.3142611e-03 0.0000000e+00 
1.0302281e-01 3.0266314e-03 0.0000000e+00 
5.4320958e-02 -1.0507469e-02 0.0000000e+00 
9.5230892e-02 2.2868918e-02 0.0000000e+00 
9.9991806e-02 6.0292594e-03 0.0000000e+00 
1.0060804e-01 1.2068937e-03 0.0000000e+00 
8.9598894e-02 -6.0705696e-03 0.0000000e+00 
1.0920055e-01 -6.3323472e-03 0.0000000e+00 
1.0127795e-01 -1.8984423e-03 0.0000000e+00 
1.0820366e-01 1.3883833e-02 0.0000000e+00 
1.0001358e-01 -1.8212342e-05 0.0000000e+00 
8.0812216e-02 -9.3818093e-03 0.0000000e+00 
3.0067316e-03 1.2116706e-03 0.0000000e+00 
1.2614881e-01 -3.6795512e-02 0.0000000e+00 
1.2832542e-01 7.2552990e-03 0.0000000e+00 
1.0219322e-01 -2.9346878e-03 0.0000000e+00 
1.4108716e-01 -4.7593843e-03 0.0000000e+00 
9.5636733e-02 1.7104104e-02 0.0000000e+00 
9.4452746e-02 1.4448293e-02 0.0000000e+00 
9.5557444e-02 -1.3576032e-02 0.0000000e+00 
1.3395816e-01 1.8338051e-02 0.0000000e+00 
1.2152277e-01 7.4987640e-03 0.0000000e+00 
1.2773380e-01 1.0265280e-02 0.0000000e+00 
8.8078313e-02 -2.5535848e-02 0.0000000e+00 
1.0160667e-01 7.8488747e-03 0.0000000e+00 
8.2396246e-02 1.3984373e-03 0.0000000e+00 
9.9688485e-02 -7.1845629e-04 0.0000000e+00 
5.8269810e-02 -1.3830017e-02 0.0000000e+00 
1.0536890e-01 4.4740490e-03 0.0000000e+00 
1.0000091e-01 3.5537375e-06 0.0000000e+00 
1.0298013e-01 -1.4353098e-02 0.0000000e+00 
1.0581428e-01 -1.5114468e-02 0.0000000e+00 
1.2320476e-01 2.6004496e-03 0.0000000e+00 
9.4976701e-02 6.4432964e-04 0.0000000e+00 
1.1716091e-01 8.0252159e-03 0.0000000e+00 
9.7415358e-02 6.3166418e-03 0.0000000e+00 
1.0000712e-01 -1.0200063e-05 0.0000000e+00 
1.3644777e-01 -6.1702537e-03 0.0000000e+00 
8.2908012e-03 3.8323628e-03 0.0000000e+00 
1.3725176e-01 -5.5596777e-03 0.0000000e+00 
1.0923612e-02 -3.5475283e-03 0.0000000e+00 
2.6291499e-02 -5.3629917e-03 0.0000000e+00 
1.3209024e-01 -3.1177907e-03 0.0000000e+00 
1.3349271e-01 -2.0793784e-02 0.0000000e+00 
PRESSURE 1 945  float
2.9824848e+00
0.0000000e+00
0.0000000e+00
2.9826474e+00
-4.1890860e+00
-4.3008547e+00
-4.6425633e+00
-5.1504989e+00
-5.7064571e+00
-6.3255262e+00
-6.8895278e+00
-7.1673284e+00
-6.9866419e+00
-5.9358435e+00
-4.1337085e+00
-1.4994276e+00
1.5445483e+00
4.4952826e+00
6.9744287e+00
8.7422142e+00
9.2801962e+00
8.7392292e+00
7.0915418e+00
4.5432215e+00
1.5102562e+00
-1.4853274e+00
-4.0434728e+00
-5.9423938e+00
-6.8859048e+00
-7.2342110e+00
-6.8788223e+00
-6.2907500e+00
-5.7115169e+00
-5.1664114e+00
-4.6177640e+00
-4.2862468e+00
2.9769807e+00
2.9184268e+00
2.8049803e+00
2.6096306e+00
2.2735577e+00
1.8368753e+00
1.2464207e+00
5.7094318e-01
-1.4220801e-01
-8.1510639e-01
-1.3052950e+00
-1.6241647e+00
-1.7290065e+00
-1.6392801e+00
-1.3812152e+00
-1.0504569e+00
-7.2461712e-01
-4.5015249e-01
-2.6892465e-01
-1.4662179e-01
-7.7818945e-02
-3.7294708e-02
-2.1621997e-02
-5.6917551e-03
-3.9011717e-03
-1.1686231e-03
-4.5376131e-04
-7.4705117e-06
9.4889852e-05
1.5508912e-04
1.2658702e-04
9.8607736e-05
6.3344982e-05
3.8890605e-05
8.6511272e-06
0.0000000e+00
0.0000000e+00
0.0000000e+00
0.0000000e+00
0.0000000e+00
0.0000000e+00
0.0000000e+00
0.0000000e+00
0.0000000e+00
-1.0738997e-05
-3.1710628e-05
-2.7577982e-05
-3.8043047e-05
-5.8718299e-05
-2.9871024e-05
-3.9952723e-04
-4.7735489e-04
-7.3371152e-04
-1.8320556e-03
-4.9531357e-03
-1.0202480e-02
-1.9998206e-02
-3.9788902e-02
-7.6130398e-02
-1.4628750e-01
-2.6457852e-01
-4.5309404e-01
-7.2032893e-01
-1.0475761e+00
-1.3874718e+00
-1.6349831e+00
-1.7238630e+00
-1.6273144e+00
-1.2921343e+00
-7.9153544e-01
-1.3933930e-01
5.7764721e-01
1.2498664e+00
1.8380928e+00
2.2857029e+00
2.6113224e+00
2.8135185e+00
2.9218905e+00
2.9784834e+00
3.0014229e+00
3.0480311e+00
3.1036456e+00
3.1569595e+00
3.1766236e+00
3.1579647e+00
3.1063800e+00
3.0479429e+00
3.0012269e+00
8.5354099e+00
-8.8322294e-01
-1.2517710e+00
-4.8246227e-02
-7.8010641e-04
-9.0687790e-05
2.5473766e+00
-3.4021392e-01
2.5168445e+00
3.1744163e+00
-1.1633858e-02
-1.8631549e-01
7.1203765e-05
-6.1359681e-04
-1.7586659e+00
9.4460420e-06
-1.7617387e+00
8.9778483e-01
9.1987288e-01
-1.1855673e+00
5.8115889e-05
-1.1757729e+00
3.1307967e+00
-1.1570552e-05
-4.7985790e-03
-2.5716738e-03
-4.9579885e-02
-3.2077496e-05
3.0766559e+00
2.8953657e+00
5.3980898e-06
2.9005404e+00
-1.8949564e-05
2.5847296e-05
3.0201228e+00
-1.5779355e+00
-1.9165316e+00
-1.9802027e+00
-2.2733891e+00
-2.2525196e+00
-2.6948020e+00
-2.5900953e+00
-3.1063607e+00
-2.8250282e+00
-3.3540399e+00
-2.9733729e+00
-3.3063118e+00
-2.9435363e+00
-3.2108977e+00
-2.8215129e+00
-3.0578558e+00
-2.6308982e+00
-2.8765929e+00
-2.4041936e+00
-2.1810327e+00
-1.9288919e+00
-2.6712933e+00
-1.7384399e+00
-1.4256196e+00
-5.2425675e+00
-4.4678082e+00
-1.2132992e+00
-8.9803326e-01
-2.6692760e+00
-2.5603580e+00
-7.3600328e-01
-5.4515260e-01
-3.0666928e+00
-2.9311395e+00
-4.2617869e+00
-3.5106260e-01
-1.8740930e-01
-8.6971626e-02
-6.6805951e-02
-1.0465228e-02
1.9037472e-02
2.9027982e-02
-3.3389704e+00
-3.1777182e+00
-2.8359630e+00
-3.5246136e+00
-3.3717172e+00
-3.6650436e+00
-3.4783547e+00
-3.8033929e+00
-3.4815030e+00
-3.7831483e+00
-3.1684966e+00
-3.3735313e+00
-3.5944102e+00
-5.6070433e+00
-4.8148866e+00
1.1626776e-02
2.7919462e-02
3.4799367e-02
2.7956998e-02
-3.0999446e+00
-3.2441158e+00
-1.2797277e+00
1.0042258e-02
1.2242531e-02
8.0034407e-03
6.9441195e-03
-3.5467966e+00
3.1356625e-03
2.9374848e-03
1.1780130e-03
7.9673610e-04
-3.4087925e+00
-4.3081059e-04
5.0242688e-04
4.4944725e-04
2.7812435e-04
-1.9516364e-04
2.2319886e-05
-3.8879807e+00
-3.3159816e+00
-6.5763268e+00
-1.8442863e-01
-6.0492200e-01
-3.5929847e+00
-1.5468915e+00
-1.4844137e-04
-3.3931188e-05
-7.4793053e-05
-3.8907729e-05
1.5405105e-05
-4.5230181e-06
2.3417821e-04
-2.4590433e+00
-2.7218299e+00
-5.2294410e-05
2.0792889e-03
-2.9468365e+00
1.5760202e-02
-1.2930172e-02
-3.9926264e+00
-3.2666812e+00
-2.6833823e+00
-2.4450765e+00
-3.1608493e+00
-2.0137715e+00
-7.9314165e-02
-2.5002248e+00
-1.3849654e+00
-4.7674718e+00
-1.1645179e+00
-5.1192272e-01
-5.6637257e-01
2.2894245e-01
5.0749409e-01
1.0139971e+00
1.4744881e+00
5.2799301e+00
1.7328416e+00
2.3045554e+00
2.3362672e+00
2.8751080e+00
2.7745864e+00
3.3055282e+00
3.0450780e+00
3.4510379e+00
3.8455043e+00
3.8199368e+00
4.2454777e+00
4.0650029e+00
4.4612803e+00
4.1370468e+00
4.4473634e+00
4.0587158e+00
4.2283683e+00
3.8693051e+00
3.4978030e+00
3.8854747e+00
4.3297515e+00
3.7947948e+00
4.0761261e+00
7.3966312e+00
3.4941804e+00
3.4917057e+00
3.8288882e+00
3.6223207e+00
2.9935298e+00
2.8158102e+00
2.7719522e+00
2.3861840e+00
2.0143235e+00
-5.9170599e+00
-2.5896623e+00
3.0329466e+00
2.9653108e+00
4.7045202e+00
2.3377979e+00
4.8109641e+00
1.7178408e+00
1.0973911e+00
2.0855436e+00
3.3683209e+00
3.6164954e+00
3.3997302e+00
3.4223812e+00
3.2670207e+00
-4.7421014e-01
-1.0140550e+00
1.0431776e+00
3.3488598e-01
1.7998396e-01
-6.1656570e-01
-2.1490829e-01
-1.0598303e+00
-1.7234331e+00
-6.5446544e+00
-6.2632978e-01
-1.9408480e+00
-2.9367959e+00
1.3005395e+00
9.8096782e-01
-3.8391511e+00
4.4382414e-05
2.0861917e-05
-4.0800004e+00
2.3085291e-02
-4.4342217e+00
-2.7466342e+00
-2.0765300e+00
-3.6954045e+00
3.1645310e+00
-2.6620173e+00
6.1553130e-03
-7.3722808e-06
-3.6863778e+00
-3.0254741e+00
1.7906905e-03
-4.4063034e+00
-4.7140574e+00
-4.5311487e-01
3.0969790e-05
-2.1885338e+00
-3.3720617e+00
-4.1723161e+00
-3.7455583e+00
-4.3393898e+00
1.4935875e-03
3.2847672e+00
3.3782270e+00
8.5087933e-02
-3.2481587e-01
3.0982950e+00
1.3109168e-01
1.5662847e-05
-4.5907340e+00
6.3045009e-05
8.9723399e-05
-7.4320674e-06
-7.3541516e-05
-3.6720896e+00
-2.1867976e+00
-2.4039636e+00
-6.5375607e-05
-4.7594036e-05
-3.9280906e+00
-4.3218184e+00
-4.8317528e+00
-4.5504990e+00
-5.0027547e+00
-4.6508408e+00
-4.3321180e+00
-4.3767576e+00
2.9539976e+00
2.9502378e+00
7.2221541e-05
-4.1225352e+00
-4.1410661e+00
-4.3522215e+00
-4.1184249e+00
-2.2733901e-05
-5.2890396e+00
7.9440124e-02
-1.0673387e+00
-1.0079124e+00
-2.5251655e-05
-6.6604465e-01
3.2639229e+00
3.2983680e+00
3.1978743e+00
3.4454775e+00
3.2926722e+00
3.3727491e+00
3.2191994e+00
3.2456279e+00
3.0890515e+00
3.0176857e+00
3.1110065e+00
-4.2690792e+00
-4.0564237e+00
-3.9052606e+00
-4.1679163e+00
-4.0034885e+00
-2.0075131e-06
2.9189637e+00
-4.4256248e-02
-4.1158428e+00
-3.9881482e+00
-4.1502728e+00
-4.0043144e+00
-4.1979270e+00
-5.1668668e+00
-3.1123405e+00
-1.0251541e+00
-7.7286166e-01
-1.2172542e+00
-2.0207684e+00
-2.2188566e+00
3.2195137e+00
-4.6790385e+00
-4.9503574e+00
-4.6468339e+00
-4.9955611e+00
-5.3910213e+00
-3.8200760e+00
-5.5024223e+00
-3.8317488e-05
6.2209670e-05
-4.0455074e+00
-4.6141272e+00
-4.8377113e+00
-4.4993806e+00
-4.6289797e+00
-4.3573055e+00
-4.2131715e+00
5.2999526e-06
2.7968608e-05
-4.3396215e+00
2.9724197e+00
3.0684736e+00
-4.0932050e+00
-3.6283758e+00
-3.6912725e+00
-3.7583518e+00
-2.3284245e+00
-3.4378185e+00
-1.7167010e+00
-4.6416821e+00
4.5223975e+00
5.1986117e+00
5.3009701e+00
5.8886924e+00
5.7770333e+00
6.5959487e+00
6.3800116e+00
7.1658130e+00
6.5886626e+00
5.9452968e+00
5.9176111e+00
6.3294382e+00
5.5251894e+00
5.5770802e+00
4.8229766e+00
4.4740033e+00
4.7804251e+00
6.4898620e+00
6.3109641e+00
5.2490978e+00
5.4184880e+00
4.2045321e+00
3.9682744e+00
3.2890081e+00
3.5140381e+00
2.1204195e+00
2.2367747e+00
4.3252592e+00
3.3194857e+00
2.6448843e+00
2.0402238e+00
8.6635005e-01
7.3078930e-01
1.7487456e+00
-4.5181055e+00
-2.5143452e+00
2.6489465e+00
-4.1881922e-05
6.9237673e-01
-3.1453848e+00
-1.0840589e+00
-3.5884492e+00
6.3944414e-02
5.4767323e+00
-9.2814021e-02
-6.2414870e+00
-6.5370011e+00
-5.1523724e+00
-4.6145821e+00
-4.2763753e+00
7.3484864e+00
2.7517588e+00
2.8341801e+00
2.5290148e+00
-6.5405774e+00
-6.0091615e+00
-3.2579465e+00
-3.4269106e+00
2.7212477e+00
2.6420271e+00
-4.8321619e+00
2.1156979e+00
8.3534698e+00
-4.0316072e+00
-2.8517816e+00
5.4285174e-05
-2.6882305e+00
6.3933444e-01
4.9478145e+00
4.6816649e+00
-1.6692278e+00
-1.9334987e+00
4.3949513e+00
3.8845434e+00
-3.9710186e+00
-1.5925133e+00
2.1468635e+00
1.5617454e+00
7.8133409e-05
1.2665326e-04
2.1480703e+00
2.9233980e+00
2.4730527e+00
2.2390945e+00
3.2811644e+00
1.9892207e+00
1.7519956e+00
1.3625984e+00
-1.7702935e+00
-1.8838274e+00
-1.6004568e+00
-1.6858602e+00
-1.3080891e+00
-1.7109289e+00
-1.2807623e+00
-9.8725379e-01
-8.7267751e-01
-6.5118265e-01
-7.3714679e-01
-1.7760973e+00
-1.9897343e+00
-1.8435458e+00
-2.2501960e+00
-1.9754347e+00
-1.6462513e+00
-1.6727263e+00
-2.0336378e+00
-1.6401297e+00
-2.0324876e+00
-1.2899325e+00
-1.1698505e+00
-9.3095821e-01
-2.4533608e+00
-7.5304562e-01
-5.8000147e-01
-1.9470555e+00
-1.6040287e+00
-2.4456394e+00
-2.3016491e+00
-1.0614195e+00
-2.6085982e+00
-4.8611277e-01
-2.4235225e+00
-1.9247881e+00
-2.1618474e+00
9.6126842e-01
2.1056418e+00
1.5598789e+00
5.1609931e+00
7.2007365e+00
-3.5932752e-01
-1.9859699e+00
-2.0957949e+00
-1.7261419e+00
-2.1173327e+00
2.5007470e+00
2.7701707e+00
3.1754525e+00
2.7556002e+00
7.3806348e+00
-1.2788277e+00
-4.6470785e+00
3.1321902e+00
2.4100244e+00
-5.5715621e-01
-4.7863975e+00
8.8683300e-05
-6.0197644e+00
-6.2089419e+00
-6.0569081e+00
-5.4231973e+00
-1.5800682e+00
1.6105593e+00
1.6231925e+00
-3.5744886e+00
-4.8787527e+00
-5.7156658e-01
-3.4505156e-01
-2.2688755e-01
-1.0034496e-01
-1.1025884e-01
-2.9823424e-02
-2.5368989e-01
-1.2070129e-01
-4.1763934e-01
-5.4646965e-02
-1.0181702e-02
-1.4327763e+00
3.0741186e+00
3.0315068e+00
3.5560119e+00
1.5450606e+00
7.9049861e-01
8.6303270e-01
7.9079169e-01
5.4373980e+00
-2.2282557e+00
-8.1200111e-01
-2.1056758e-02
2.5474217e-03
-1.0190600e-02
1.1757668e-03
-4.2824661e-03
3.0196846e+00
5.4756408e-03
-2.4362724e-02
-5.8940812e-03
-2.2475161e-03
-5.8001128e-04
3.1297395e-04
3.1185756e+00
7.9835877e+00
-1.6199349e+00
2.3890142e+00
2.7470139e-01
1.1384952e-06
-1.8716076e-01
-2.1621674e-01
-1.0603406e-01
-1.1242972e-01
-4.4213574e-02
-2.6754534e-01
-4.3015134e-01
-4.9855236e-02
-1.3314442e-02
6.2298388e-03
-2.4511527e-02
1.4402773e-06
-9.8521858e-02
3.8459452e-06
6.5854932e-05
1.7623079e-04
-1.0461581e-05
2.9962373e-04
3.3818875e-04
6.3738297e-04
4.2100038e-04
1.2358478e-03
4.4282494e-04
2.1905715e-03
-1.6827499e-04
3.3702957e-03
-2.0677771e-03
5.5134082e-03
-6.1976570e-03
-1.1381853e-02
4.5878161e-03
3.8137045e-04
1.9263879e-04
-5.0670958e+00
-4.4690946e-04
-4.6262451e-04
-1.5970439e-04
-1.9961053e-03
-2.0558159e-04
-8.6178850e-05
-1.4460919e-04
-9.2052360e-05
-2.7722863e-05
-4.3495183e-05
8.2742927e-06
-8.4182085e-04
9.4174226e-05
4.3827160e-05
-1.2621679e-05
3.4649873e+00
3.5840707e+00
6.7253794e-05
4.3216754e-05
3.0640203e-05
3.0351677e+00
-9.7313382e-02
-3.1083513e-05
9.5499068e-04
3.6995900e+00
-4.1911340e+00
-2.9597171e-05
-3.9017746e+00
-3.7115920e+00
-4.4540796e+00
3.0678289e+00
8.4711211e-03
-8.6583406e-02
-1.5346346e-05
3.4639332e-03
-1.4227600e-01
-1.5832968e+00
3.2182167e+00
-7.3051709e-01
-1.5912271e+00
-4.0719968e-01
-4.0312872e+00
-2.8393677e-01
3.8851009e-05
4.9531212e+00
3.5953863e+00
-4.4185390e+00
-1.0009726e-05
1.9833055e-01
3.1202798e+00
2.9677107e+00
3.1184456e+00
2.9972467e+00
-5.8696032e+00
-1.4373078e+00
6.8430149e-04
-3.8279276e+00
2.9670482e+00
1.9804461e+00
-9.6162589e-04
5.9969648e-06
-5.1547188e-01
-1.0473763e+00
-2.1899803e+00
-2.7817616e+00
-2.8363435e+00
5.6823521e+00
-8.8484746e-01
-3.8284178e+00
-1.3228194e-05
1.4711460e+00
-1.1738066e-05
-2.4439690e+00
-1.8265097e-04
1.2499361e-01
8.4060914e-05
3.1733134e+00
3.7924628e+00
-2.7516210e+00
-4.0943203e+00
-1.7171884e+00
3.1896446e+00
-1.3700415e+00
-2.3931386e-02
-1.7534689e+00
-1.0948757e+00
4.5276532e-04
4.2047939e+00
-5.3499050e+00
-7.9269387e-04
3.3586786e+00
4.0922947e+00
-5.4252563e+00
-1.6580026e+00
-2.2182894e+00
-3.0843794e+00
-2.5971529e+00
-2.6613903e+00
-4.2187867e+00
5.1551104e+00
-3.1348455e+00
2.6196694e+00
-5.6625347e+00
-8.7626988e-01
-2.5842946e+00
4.2581925e+00
3.6281669e+00
-2.3115885e-02
-3.9511390e+00
7.0682061e-01
1.4436476e+00
-9.5363933e-01
7.3831459e-03
-3.1143990e+00
2.8108673e+00
3.1299958e-01
-2.4107275e+00
3.1999316e+00
-4.3222955e-01
-5.6009775e-01
7.5123391e+00
3.7631013e+00
-2.0272196e-03
1.8574457e+00
-2.6448438e+00
1.4146734e+00
-6.4745598e-04
2.2981886e-02
-5.2468939e+00
-4.3235826e+00
-3.5415357e-01
-1.1195866e+00
2.7558978e+00
-9.2226684e-01
-2.5625033e+00
4.4714981e-01
1.3574501e+00
6.8407211e+00
3.7010475e-05
-4.7495607e-03
-1.9955047e+00
3.2419100e+00
-4.2049727e+00
-5.9624734e+00
3.1739640e-01
3.9034359e-05
-3.6910257e+00
5.1641297e+00
-8.0271614e-01
-4.8116417e+00
2.8823361e+00
6.1278548e+00
-1.3916551e+00
-9.9003455e-03
-4.2132602e+00
-3.8458133e+00
-4.8282652e+00
1.3098515e+00
1.9477556e-02
2.9754701e+00
1.1464014e-03
5.4363542e+00
-4.3421302e+00
-1.4144706e-04
3.1696725e+00
-3.5595865e+00
-3.9500339e+00
3.6131301e+00
-1.7918869e+00
-3.7221098e+00
-3.8757057e+00
-1.7076483e-05
-4.3173876e+00
2.9904082e+00
-4.5395637e+00
2.9901402e+00
-2.8201921e-02
2.7170327e+00
2.9260187e+00
-2.1191387e+00
-5.7004585e+00
-1.7326498e-05
-8.8163096e-01
4.3664122e+00
-3.6472015e+00
6.5274407e-06
-2.3427460e+00
-1.9815317e-04
-2.4913326e-01
-2.5964100e+00
-1.0613244e-05
-3.4074812e+00
-4.0659032e+00
-8.4810465e-04
-4.9857459e+00
-2.8315389e+00
1.1295569e+00
-5.1421075e+00
6.8409353e-01
-9.8819733e-02
-2.1384747e+00
-6.8207994e-02
-1.4597586e+00
4.8165217e-01
-4.2259846e+00
2.7100263e+00
-3.0797358e+00
3.3090019e+00
-3.8771198e+00
2.9599967e+00
1.1648813e-02
2.0354490e+00
2.8892889e+00
-4.3463534e-01
-2.1153736e-04
4.8483367e+00
-4.6534781e+00
-5.8829063e-01
-1.0604705e+00
-4.2689166e+00
-1.9433061e+00
-1.3890070e+00
-2.3124983e+00
-1.8771069e-01
-4.0661292e+00
5.9755075e-01
-2.2966375e+00
3.9572949e+00
-5.3137965e+00
-5.3146644e+00
3.1662731e+00
-1.5016829e+00
2.4518926e+00
2.2203810e-06
2.7049494e+00
2.3781626e+00
-3.5861652e+00
3.6394453e+00
1.1209553e+00
3.3480737e+00
-4.3264517e-05
-1.3313894e+00
-3.1615219e+00
-3.5021369e+00
-3.6359434e+00
-5.6858063e+00
-7.3255390e-01
-4.0924468e+00
CELL_DATA 1766
FIELD FieldData 0
