# vtk DataFile Version 4.0
vtk output
ASCII
DATASET UNSTRUCTURED_GRID
POINTS 945 float
0.0000000e+00 0.0000000e+00 0.0000000e+00 
2.0000000e+00 0.0000000e+00 0.0000000e+00 
2.0000000e+00 6.0000002e-01 0.0000000e+00 
0.0000000e+00 6.0000002e-01 0.0000000e+00 
5.6000000e-01 3.0000001e-01 0.0000000e+00 
5.5884713e-01 2.8829461e-01 0.0000000e+00 
5.5543280e-01 2.7703899e-01 0.0000000e+00 
5.4988819e-01 2.6666579e-01 0.0000000e+00 
5.4242641e-01 2.5757360e-01 0.0000000e+00 
5.3333420e-01 2.5011179e-01 0.0000000e+00 
5.2296102e-01 2.4456720e-01 0.0000000e+00 
5.1170540e-01 2.4115290e-01 0.0000000e+00 
5.0000000e-01 2.3999999e-01 0.0000000e+00 
4.8829460e-01 2.4115290e-01 0.0000000e+00 
4.7703901e-01 2.4456720e-01 0.0000000e+00 
4.6666580e-01 2.5011179e-01 0.0000000e+00 
4.5757359e-01 2.5757360e-01 0.0000000e+00 
4.5011181e-01 2.6666579e-01 0.0000000e+00 
4.4456720e-01 2.7703899e-01 0.0000000e+00 
4.4115290e-01 2.8829461e-01 0.0000000e+00 
4.4000000e-01 3.0000001e-01 0.0000000e+00 
4.4115290e-01 3.1170541e-01 0.0000000e+00 
4.4456720e-01 3.2296100e-01 0.0000000e+00 
4.5011181e-01 3.3333421e-01 0.0000000e+00 
4.5757359e-01 3.4242639e-01 0.0000000e+00 
4.6666580e-01 3.4988821e-01 0.0000000e+00 
4.7703901e-01 3.5543281e-01 0.0000000e+00 
4.8829460e-01 3.5884711e-01 0.0000000e+00 
5.0000000e-01 3.6000001e-01 0.0000000e+00 
5.1170540e-01 3.5884711e-01 0.0000000e+00 
5.2296102e-01 3.5543281e-01 0.0000000e+00 
5.3333420e-01 3.4988821e-01 0.0000000e+00 
5.4242641e-01 3.4242639e-01 0.0000000e+00 
5.4988819e-01 3.3333421e-01 0.0000000e+00 
5.5543280e-01 3.2296100e-01 0.0000000e+00 
5.5884713e-01 3.1170541e-01 0.0000000e+00 
5.9016321e-02 0.0000000e+00 0.0000000e+00 
1.1803260e-01 0.0000000e+00 0.0000000e+00 
1.7704900e-01 0.0000000e+00 0.0000000e+00 
2.3587100e-01 0.0000000e+00 0.0000000e+00 
2.9085249e-01 0.0000000e+00 0.0000000e+00 
3.4144861e-01 0.0000000e+00 0.0000000e+00 
3.8872591e-01 0.0000000e+00 0.0000000e+00 
4.3368599e-01 0.0000000e+00 0.0000000e+00 
4.7725680e-01 0.0000000e+00 0.0000000e+00 
5.2034539e-01 0.0000000e+00 0.0000000e+00 
5.6386721e-01 0.0000000e+00 0.0000000e+00 
6.0872579e-01 0.0000000e+00 0.0000000e+00 
6.5584701e-01 0.0000000e+00 0.0000000e+00 
7.0623368e-01 0.0000000e+00 0.0000000e+00 
7.6094180e-01 0.0000000e+00 0.0000000e+00 
8.1967372e-01 0.0000000e+00 0.0000000e+00 
8.7868989e-01 0.0000000e+00 0.0000000e+00 
9.3770629e-01 0.0000000e+00 0.0000000e+00 
9.9672258e-01 0.0000000e+00 0.0000000e+00 
1.0557390e+00 0.0000000e+00 0.0000000e+00 
1.1147550e+00 0.0000000e+00 0.0000000e+00 
1.1737720e+00 0.0000000e+00 0.0000000e+00 
1.2327880e+00 0.0000000e+00 0.0000000e+00 
1.2918040e+00 0.0000000e+00 0.0000000e+00 
1.3508210e+00 0.0000000e+00 0.0000000e+00 
1.4098370e+00 0.0000000e+00 0.0000000e+00 
1.4688530e+00 0.0000000e+00 0.0000000e+00 
1.5278690e+00 0.0000000e+00 0.0000000e+00 
1.5868860e+00 0.0000000e+00 0.0000000e+00 
1.6459020e+00 0.0000000e+00 0.0000000e+00 
1.7049180e+00 0.0000000e+00 0.0000000e+00 
1.7639350e+00 0.0000000e+00 0.0000000e+00 
1.8229510e+00 0.0000000e+00 0.0000000e+00 
1.8819669e+00 0.0000000e+00 0.0000000e+00 
1.9409840e+00 0.0000000e+00 0.0000000e+00 
2.0000000e+00 5.9999999e-02 0.0000000e+00 
2.0000000e+00 1.2000000e-01 0.0000000e+00 
2.0000000e+00 1.8000001e-01 0.0000000e+00 
2.0000000e+00 2.3999999e-01 0.0000000e+00 
2.0000000e+00 3.0000001e-01 0.0000000e+00 
2.0000000e+00 3.6000001e-01 0.0000000e+00 
2.0000000e+00 4.1999999e-01 0.0000000e+00 
2.0000000e+00 4.7999999e-01 0.0000000e+00 
2.0000000e+00 5.4000002e-01 0.0000000e+00 
1.9409840e+00 6.0000002e-01 0.0000000e+00 
1.8819669e+00 6.0000002e-01 0.0000000e+00 
1.8229510e+00 6.0000002e-01 0.0000000e+00 
1.7639350e+00 6.0000002e-01 0.0000000e+00 
1.7049180e+00 6.0000002e-01 0.0000000e+00 
1.6459020e+00 6.0000002e-01 0.0000000e+00 
1.5868860e+00 6.0000002e-01 0.0000000e+00 
1.5278690e+00 6.0000002e-01 0.0000000e+00 
1.4688530e+00 6.0000002e-01 0.0000000e+00 
1.4098370e+00 6.0000002e-01 0.0000000e+00 
1.3508210e+00 6.0000002e-01 0.0000000e+00 
1.2918040e+00 6.0000002e-01 0.0000000e+00 
1.2327880e+00 6.0000002e-01 0.0000000e+00 
1.1737720e+00 6.0000002e-01 0.0000000e+00 
1.1147550e+00 6.0000002e-01 0.0000000e+00 
1.0557390e+00 6.0000002e-01 0.0000000e+00 
9.9672258e-01 6.0000002e-01 0.0000000e+00 
9.3770629e-01 6.0000002e-01 0.0000000e+00 
8.7868989e-01 6.0000002e-01 0.0000000e+00 
8.1967372e-01 6.0000002e-01 0.0000000e+00 
7.6094180e-01 6.0000002e-01 0.0000000e+00 
7.0623368e-01 6.0000002e-01 0.0000000e+00 
6.5584701e-01 6.0000002e-01 0.0000000e+00 
6.0872579e-01 6.0000002e-01 0.0000000e+00 
5.6386721e-01 6.0000002e-01 0.0000000e+00 
5.2034539e-01 6.0000002e-01 0.0000000e+00 
4.7725680e-01 6.0000002e-01 0.0000000e+00 
4.3368599e-01 6.0000002e-01 0.0000000e+00 
3.8872591e-01 6.0000002e-01 0.0000000e+00 
3.4144861e-01 6.0000002e-01 0.0000000e+00 
2.9085249e-01 6.0000002e-01 0.0000000e+00 
2.3587100e-01 6.0000002e-01 0.0000000e+00 
1.7704900e-01 6.0000002e-01 0.0000000e+00 
1.1803260e-01 6.0000002e-01 0.0000000e+00 
5.9016321e-02 6.0000002e-01 0.0000000e+00 
0.0000000e+00 5.4000002e-01 0.0000000e+00 
0.0000000e+00 4.7999999e-01 0.0000000e+00 
0.0000000e+00 4.1999999e-01 0.0000000e+00 
0.0000000e+00 3.6000001e-01 0.0000000e+00 
0.0000000e+00 3.0000001e-01 0.0000000e+00 
0.0000000e+00 2.3999999e-01 0.0000000e+00 
0.0000000e+00 1.8000001e-01 0.0000000e+00 
0.0000000e+00 1.2000000e-01 0.0000000e+00 
0.0000000e+00 5.9999999e-02 0.0000000e+00 
4.3026751e-01 3.0683401e-01 0.0000000e+00 
8.4908241e-01 5.5269438e-01 0.0000000e+00 
7.8790653e-01 5.1802918e-02 0.0000000e+00 
1.1430219e+00 5.0576471e-02 0.0000000e+00 
1.4415160e+00 5.0573289e-02 0.0000000e+00 
1.6754100e+00 5.5038619e-01 0.0000000e+00 
2.6041579e-01 5.2875768e-02 0.0000000e+00 
9.6895182e-01 5.0380111e-02 0.0000000e+00 
2.6302171e-01 5.5612308e-01 0.0000000e+00 
5.5065349e-02 2.6500449e-01 0.0000000e+00 
1.2615570e+00 5.4759312e-01 0.0000000e+00 
1.0253479e+00 5.4886931e-01 0.0000000e+00 
1.6201590e+00 5.4130111e-02 0.0000000e+00 
1.4979730e+00 5.5115038e-01 0.0000000e+00 
6.7900127e-01 5.5979192e-01 0.0000000e+00 
1.9463980e+00 2.6800990e-01 0.0000000e+00 
6.3145077e-01 3.8099781e-02 0.0000000e+00 
4.1331020e-01 5.6811810e-01 0.0000000e+00 
4.1231820e-01 3.8809739e-02 0.0000000e+00 
5.4410732e-01 5.6000441e-01 0.0000000e+00 
1.7962800e+00 5.9606131e-02 0.0000000e+00 
5.4468262e-01 3.7558820e-02 0.0000000e+00 
4.9130220e-02 3.9247900e-01 0.0000000e+00 
1.9509200e+00 3.8997239e-01 0.0000000e+00 
1.3233820e+00 4.9667731e-02 0.0000000e+00 
1.3821890e+00 5.4839480e-01 0.0000000e+00 
1.1434870e+00 5.4837209e-01 0.0000000e+00 
1.7959980e+00 5.4855859e-01 0.0000000e+00 
4.9401909e-02 1.5067521e-01 0.0000000e+00 
1.4989950e-01 5.5529898e-01 0.0000000e+00 
1.9519399e+00 1.5339760e-01 0.0000000e+00 
1.4754079e-01 5.1025499e-02 0.0000000e+00 
1.9506550e+00 5.1069498e-01 0.0000000e+00 
1.9114760e+00 5.1109631e-02 0.0000000e+00 
4.9216151e-02 5.0927132e-01 0.0000000e+00 
5.8710063e-01 3.6655251e-02 0.0000000e+00 
6.0428280e-01 7.4787550e-02 0.0000000e+00 
6.4929068e-01 7.4443869e-02 0.0000000e+00 
6.2715179e-01 1.0633790e-01 0.0000000e+00 
5.9329480e-01 1.0799770e-01 0.0000000e+00 
6.0949302e-01 1.3488390e-01 0.0000000e+00 
6.4123279e-01 1.3555969e-01 0.0000000e+00 
6.2006623e-01 1.6328260e-01 0.0000000e+00 
6.5316749e-01 1.6381399e-01 0.0000000e+00 
6.3351321e-01 1.8958050e-01 0.0000000e+00 
6.6427898e-01 1.8941709e-01 0.0000000e+00 
6.4933020e-01 2.1180780e-01 0.0000000e+00 
6.7645937e-01 2.1359310e-01 0.0000000e+00 
6.6097301e-01 2.3410480e-01 0.0000000e+00 
6.8796802e-01 2.3757669e-01 0.0000000e+00 
6.7103261e-01 2.5876111e-01 0.0000000e+00 
6.9990993e-01 2.6214910e-01 0.0000000e+00 
6.8101048e-01 2.8387409e-01 0.0000000e+00 
7.1248281e-01 2.8716281e-01 0.0000000e+00 
7.2971261e-01 2.6349890e-01 0.0000000e+00 
7.4486363e-01 2.9076719e-01 0.0000000e+00 
6.9556361e-01 3.0985960e-01 0.0000000e+00 
7.6406652e-01 2.6318431e-01 0.0000000e+00 
7.8114778e-01 2.9619500e-01 0.0000000e+00 
5.5403137e-01 2.5565761e-01 0.0000000e+00 
5.6691158e-01 2.7902979e-01 0.0000000e+00 
8.0246252e-01 2.6402649e-01 0.0000000e+00 
8.2167560e-01 3.0103979e-01 0.0000000e+00 
5.7978672e-01 1.3316999e-01 0.0000000e+00 
6.9627529e-01 1.8651520e-01 0.0000000e+00 
8.4832448e-01 2.6130950e-01 0.0000000e+00 
8.6857778e-01 3.0716091e-01 0.0000000e+00 
6.6883779e-01 3.0851370e-01 0.0000000e+00 
6.8001598e-01 3.3176759e-01 0.0000000e+00 
5.6956083e-01 3.0685109e-01 0.0000000e+00 
8.9643359e-01 2.6652190e-01 0.0000000e+00 
9.1803229e-01 3.1445420e-01 0.0000000e+00 
9.4838840e-01 2.6944679e-01 0.0000000e+00 
9.7196358e-01 3.1528941e-01 0.0000000e+00 
1.0020620e+00 2.7188951e-01 0.0000000e+00 
1.0263140e+00 3.1974381e-01 0.0000000e+00 
1.0557370e+00 2.7577680e-01 0.0000000e+00 
6.5179992e-01 3.3081001e-01 0.0000000e+00 
6.6418201e-01 3.5163379e-01 0.0000000e+00 
6.8745148e-01 3.5866591e-01 0.0000000e+00 
6.4083183e-01 3.5175639e-01 0.0000000e+00 
6.5020132e-01 3.7057751e-01 0.0000000e+00 
6.2925631e-01 3.6861771e-01 0.0000000e+00 
6.3750827e-01 3.8906679e-01 0.0000000e+00 
6.1479098e-01 3.8505989e-01 0.0000000e+00 
6.2451601e-01 4.0700281e-01 0.0000000e+00 
6.0271370e-01 4.0461549e-01 0.0000000e+00 
6.4791143e-01 4.1049060e-01 0.0000000e+00 
6.1149168e-01 4.2533240e-01 0.0000000e+00 
5.8940130e-01 4.2314041e-01 0.0000000e+00 
5.4590571e-01 3.5405469e-01 0.0000000e+00 
5.5933821e-01 3.3214769e-01 0.0000000e+00 
1.0820900e+00 3.2265610e-01 0.0000000e+00 
1.1129040e+00 2.7988619e-01 0.0000000e+00 
1.1385900e+00 3.3131590e-01 0.0000000e+00 
1.1718310e+00 2.8342861e-01 0.0000000e+00 
5.9854919e-01 4.4447681e-01 0.0000000e+00 
5.7566178e-01 4.4153079e-01 0.0000000e+00 
8.0048358e-01 3.3398119e-01 0.0000000e+00 
1.1962050e+00 3.3624330e-01 0.0000000e+00 
1.2286429e+00 2.8668931e-01 0.0000000e+00 
1.2540359e+00 3.3862561e-01 0.0000000e+00 
1.2863950e+00 2.8994620e-01 0.0000000e+00 
6.1140192e-01 1.8628950e-01 0.0000000e+00 
1.3121480e+00 3.4238011e-01 0.0000000e+00 
1.3446890e+00 2.9366851e-01 0.0000000e+00 
1.3705840e+00 3.4558439e-01 0.0000000e+00 
1.4032860e+00 2.9774809e-01 0.0000000e+00 
6.4617378e-01 3.0788270e-01 0.0000000e+00 
1.4291511e+00 3.4956750e-01 0.0000000e+00 
1.4618640e+00 3.0163100e-01 0.0000000e+00 
1.4877310e+00 3.5457411e-01 0.0000000e+00 
1.5206050e+00 3.0603161e-01 0.0000000e+00 
1.5464530e+00 3.5889450e-01 0.0000000e+00 
1.5793800e+00 3.1008351e-01 0.0000000e+00 
5.6763572e-01 4.1851109e-01 0.0000000e+00 
5.5408603e-01 4.3793961e-01 0.0000000e+00 
5.2029008e-01 3.6688760e-01 0.0000000e+00 
9.4794089e-01 3.6647639e-01 0.0000000e+00 
8.7384099e-01 2.2074890e-01 0.0000000e+00 
6.3348472e-01 2.3041780e-01 0.0000000e+00 
7.8118002e-01 2.2578520e-01 0.0000000e+00 
1.6052290e+00 3.6304700e-01 0.0000000e+00 
1.6382140e+00 3.1413361e-01 0.0000000e+00 
1.6641290e+00 3.6722910e-01 0.0000000e+00 
1.6971480e+00 3.1819481e-01 0.0000000e+00 
1.6712240e+00 2.6505721e-01 0.0000000e+00 
1.7302210e+00 2.6912081e-01 0.0000000e+00 
1.5534170e+00 2.5684619e-01 0.0000000e+00 
6.7181969e-01 1.4093800e-01 0.0000000e+00 
5.8596748e-01 4.6394360e-01 0.0000000e+00 
1.7230920e+00 3.7133509e-01 0.0000000e+00 
1.3771909e+00 2.4454120e-01 0.0000000e+00 
6.2249678e-01 4.4700289e-01 0.0000000e+00 
1.2033920e+00 2.3449400e-01 0.0000000e+00 
1.0287880e+00 2.3015590e-01 0.0000000e+00 
5.4669750e-01 4.1895449e-01 0.0000000e+00 
5.3373671e-01 4.3515179e-01 0.0000000e+00 
5.4073101e-01 4.5481020e-01 0.0000000e+00 
5.1996583e-01 4.5137540e-01 0.0000000e+00 
5.1387292e-01 4.2921981e-01 0.0000000e+00 
4.9935541e-01 4.4742331e-01 0.0000000e+00 
4.5565760e-01 3.5403141e-01 0.0000000e+00 
4.9349809e-01 4.2846820e-01 0.0000000e+00 
4.7935709e-01 4.4358870e-01 0.0000000e+00 
4.7970989e-01 3.6688760e-01 0.0000000e+00 
4.8592600e-01 4.6396780e-01 0.0000000e+00 
4.6443069e-01 4.5930001e-01 0.0000000e+00 
4.5825541e-01 4.3536639e-01 0.0000000e+00 
4.4286779e-01 4.5335940e-01 0.0000000e+00 
4.3592349e-01 4.3169260e-01 0.0000000e+00 
4.2123440e-01 4.4813421e-01 0.0000000e+00 
4.1462469e-01 4.2622849e-01 0.0000000e+00 
4.3825611e-01 3.3387709e-01 0.0000000e+00 
3.9864141e-01 4.4291711e-01 0.0000000e+00 
3.9200109e-01 4.1997111e-01 0.0000000e+00 
3.7504819e-01 4.3754801e-01 0.0000000e+00 
3.6926591e-01 4.1456231e-01 0.0000000e+00 
3.5052001e-01 4.3156540e-01 0.0000000e+00 
3.4640020e-01 4.0321410e-01 0.0000000e+00 
3.2338160e-01 4.2558259e-01 0.0000000e+00 
3.1625420e-01 3.9745620e-01 0.0000000e+00 
3.3599329e-01 3.7658459e-01 0.0000000e+00 
3.0888751e-01 3.6996761e-01 0.0000000e+00 
3.2846531e-01 3.5015899e-01 0.0000000e+00 
3.0453789e-01 3.4228960e-01 0.0000000e+00 
3.2241219e-01 3.2376000e-01 0.0000000e+00 
2.9612821e-01 3.1610900e-01 0.0000000e+00 
3.1577420e-01 2.9729351e-01 0.0000000e+00 
2.8885421e-01 2.8886101e-01 0.0000000e+00 
3.0968001e-01 2.6928011e-01 0.0000000e+00 
2.8137040e-01 2.6060769e-01 0.0000000e+00 
2.8570160e-01 3.8790971e-01 0.0000000e+00 
3.0315241e-01 2.4067999e-01 0.0000000e+00 
3.3230671e-01 2.5245121e-01 0.0000000e+00 
3.2487640e-01 2.2290690e-01 0.0000000e+00 
3.5372531e-01 2.3027760e-01 0.0000000e+00 
4.3461740e-01 2.7961159e-01 0.0000000e+00 
3.4512779e-01 2.0528039e-01 0.0000000e+00 
3.6950600e-01 2.1069451e-01 0.0000000e+00 
2.6638910e-01 3.1392881e-01 0.0000000e+00 
2.7405229e-01 2.3109850e-01 0.0000000e+00 
3.6342499e-01 1.8842390e-01 0.0000000e+00 
3.8558939e-01 1.9589300e-01 0.0000000e+00 
4.4520050e-01 2.5469631e-01 0.0000000e+00 
3.8103029e-01 1.7263541e-01 0.0000000e+00 
4.0200421e-01 1.8057050e-01 0.0000000e+00 
4.9249741e-01 2.2787590e-01 0.0000000e+00 
4.6605590e-01 2.3826469e-01 0.0000000e+00 
3.3931601e-01 1.7988220e-01 0.0000000e+00 
3.8745371e-01 3.9799151e-01 0.0000000e+00 
3.5741779e-01 2.5419459e-01 0.0000000e+00 
3.5627639e-01 4.5751181e-01 0.0000000e+00 
3.4765261e-01 3.3191890e-01 0.0000000e+00 
3.9811629e-01 1.5518570e-01 0.0000000e+00 
4.2193061e-01 1.6662900e-01 0.0000000e+00 
3.7476501e-01 1.4610679e-01 0.0000000e+00 
3.9139041e-01 2.1633980e-01 0.0000000e+00 
2.5018540e-01 2.5338060e-01 0.0000000e+00 
2.4227400e-01 2.1673180e-01 0.0000000e+00 
2.1296521e-01 2.4632980e-01 0.0000000e+00 
2.0310380e-01 2.0643540e-01 0.0000000e+00 
4.7074649e-01 4.8204380e-01 0.0000000e+00 
4.9385741e-01 4.8678511e-01 0.0000000e+00 
4.1766569e-01 1.3875820e-01 0.0000000e+00 
4.3951231e-01 1.4885530e-01 0.0000000e+00 
4.4284999e-01 1.6929220e-01 0.0000000e+00 
4.6074921e-01 1.5907930e-01 0.0000000e+00 
4.5701310e-01 1.3411739e-01 0.0000000e+00 
4.7804150e-01 1.4308280e-01 0.0000000e+00 
4.8207700e-01 1.6432039e-01 0.0000000e+00 
5.2000839e-01 2.3249920e-01 0.0000000e+00 
4.7522539e-01 1.1890660e-01 0.0000000e+00 
4.9824399e-01 1.5124670e-01 0.0000000e+00 
5.0239080e-01 1.7379840e-01 0.0000000e+00 
4.0624869e-01 4.6688080e-01 0.0000000e+00 
4.2919409e-01 4.1243970e-01 0.0000000e+00 
6.2043011e-01 3.4884781e-01 0.0000000e+00 
1.7042540e+00 2.1590130e-01 0.0000000e+00 
1.7632940e+00 2.2000070e-01 0.0000000e+00 
5.9477502e-01 3.8850871e-01 0.0000000e+00 
1.1047130e+00 3.7971979e-01 0.0000000e+00 
5.5632508e-01 4.0331629e-01 0.0000000e+00 
5.1673311e-01 1.5979400e-01 0.0000000e+00 
5.1686460e-01 1.3875850e-01 0.0000000e+00 
5.2089018e-01 1.7866670e-01 0.0000000e+00 
2.3531640e-01 1.7608330e-01 0.0000000e+00 
4.8605490e-01 1.8340071e-01 0.0000000e+00 
1.2225550e+00 3.8796490e-01 0.0000000e+00 
1.7893510e+00 2.7321759e-01 0.0000000e+00 
5.0436419e-01 4.1349870e-01 0.0000000e+00 
4.8793069e-01 4.1161671e-01 0.0000000e+00 
1.3432890e+00 3.9487341e-01 0.0000000e+00 
4.9844569e-01 3.9902619e-01 0.0000000e+00 
5.1288861e-01 4.0051869e-01 0.0000000e+00 
4.7826111e-01 5.0721961e-01 0.0000000e+00 
1.5723439e+00 4.1086179e-01 0.0000000e+00 
5.6928509e-01 1.1216540e-01 0.0000000e+00 
5.3438342e-01 1.6713411e-01 0.0000000e+00 
5.3660733e-01 1.8530799e-01 0.0000000e+00 
5.5097228e-01 1.7492341e-01 0.0000000e+00 
5.5329382e-01 1.9238080e-01 0.0000000e+00 
1.4477730e+00 4.0997440e-01 0.0000000e+00 
1.7183121e-01 2.3577370e-01 0.0000000e+00 
1.8385801e-01 2.7833050e-01 0.0000000e+00 
4.5149651e-01 1.1040960e-01 0.0000000e+00 
4.7247219e-01 9.1955133e-02 0.0000000e+00 
1.9255680e-01 1.6331930e-01 0.0000000e+00 
4.5135620e-01 5.0161749e-01 0.0000000e+00 
1.8225530e+00 2.2401039e-01 0.0000000e+00 
5.2494282e-01 1.9506520e-01 0.0000000e+00 
1.7372680e+00 1.6678140e-01 0.0000000e+00 
1.6782570e+00 1.6271511e-01 0.0000000e+00 
1.6900350e+00 4.2038351e-01 0.0000000e+00 
1.7490560e+00 4.2454061e-01 0.0000000e+00 
4.8329440e-01 3.9614201e-01 0.0000000e+00 
4.7259709e-01 4.0761891e-01 0.0000000e+00 
4.6829471e-01 3.9267531e-01 0.0000000e+00 
1.7821480e+00 3.7544200e-01 0.0000000e+00 
1.8081650e+00 4.2873210e-01 0.0000000e+00 
5.6767190e-01 1.8248910e-01 0.0000000e+00 
5.6965590e-01 1.9964610e-01 0.0000000e+00 
5.5310482e-01 2.0997940e-01 0.0000000e+00 
5.7153863e-01 2.1648981e-01 0.0000000e+00 
5.5832732e-01 2.2570750e-01 0.0000000e+00 
5.7294083e-01 2.3188220e-01 0.0000000e+00 
5.8571517e-01 2.2277141e-01 0.0000000e+00 
5.8722973e-01 2.3849240e-01 0.0000000e+00 
2.2661661e-01 1.3415439e-01 0.0000000e+00 
2.6798990e-01 1.4730521e-01 0.0000000e+00 
1.7105891e+00 1.1396340e-01 0.0000000e+00 
5.9993339e-01 2.2935030e-01 0.0000000e+00 
6.0129720e-01 2.4530940e-01 0.0000000e+00 
5.8868867e-01 2.5420901e-01 0.0000000e+00 
6.0235012e-01 2.6110700e-01 0.0000000e+00 
1.8387530e+00 3.7525591e-01 0.0000000e+00 
5.4489303e-01 2.2099259e-01 0.0000000e+00 
4.5784310e-01 5.2955812e-01 0.0000000e+00 
5.1062381e-01 5.1103139e-01 0.0000000e+00 
4.9833831e-01 1.0296860e-01 0.0000000e+00 
1.8639690e+00 4.2541769e-01 0.0000000e+00 
4.9523690e-01 7.3985048e-02 0.0000000e+00 
1.3844220e-01 2.6736441e-01 0.0000000e+00 
1.5088230e-01 3.1097111e-01 0.0000000e+00 
1.2641050e-01 2.2494370e-01 0.0000000e+00 
2.0287590e-01 3.2045639e-01 0.0000000e+00 
1.6756350e-01 3.5410741e-01 0.0000000e+00 
2.1099889e-01 3.6507410e-01 0.0000000e+00 
1.8053800e-01 3.9719370e-01 0.0000000e+00 
2.2913329e-01 4.0715241e-01 0.0000000e+00 
1.9421770e-01 4.3993911e-01 0.0000000e+00 
2.3865750e-01 4.5007020e-01 0.0000000e+00 
1.4811151e-01 4.3034700e-01 0.0000000e+00 
5.9036589e-01 2.6973200e-01 0.0000000e+00 
6.0372931e-01 2.7649191e-01 0.0000000e+00 
6.1619169e-01 2.6624000e-01 0.0000000e+00 
5.9138829e-01 2.8492469e-01 0.0000000e+00 
6.0468042e-01 2.9163459e-01 0.0000000e+00 
1.8453060e+00 2.7996099e-01 0.0000000e+00 
2.0954210e-01 4.8537201e-01 0.0000000e+00 
4.6530190e-01 6.3733928e-02 0.0000000e+00 
5.9247959e-01 2.9992181e-01 0.0000000e+00 
6.0560697e-01 3.0666059e-01 0.0000000e+00 
5.9351093e-01 3.1494951e-01 0.0000000e+00 
6.0633099e-01 3.2174519e-01 0.0000000e+00 
5.9430778e-01 3.2937449e-01 0.0000000e+00 
4.9347320e-01 3.8454881e-01 0.0000000e+00 
5.5062449e-01 1.5674770e-01 0.0000000e+00 
4.5774269e-01 4.0380031e-01 0.0000000e+00 
4.5300320e-01 3.8926181e-01 0.0000000e+00 
5.2078158e-01 8.5589677e-02 0.0000000e+00 
5.2809721e-01 4.7261381e-01 0.0000000e+00 
5.4998982e-01 4.7740239e-01 0.0000000e+00 
1.1647230e-01 3.4303319e-01 0.0000000e+00 
5.4025501e-01 4.0216339e-01 0.0000000e+00 
5.4931629e-01 3.8893181e-01 0.0000000e+00 
5.6429678e-01 3.8917771e-01 0.0000000e+00 
5.5815691e-01 3.7613159e-01 0.0000000e+00 
5.3233409e-01 3.8730109e-01 0.0000000e+00 
6.1810511e-01 2.9840681e-01 0.0000000e+00 
5.4633558e-01 2.3408321e-01 0.0000000e+00 
1.7233150e+00 4.7115931e-01 0.0000000e+00 
1.6544410e+00 4.6960419e-01 0.0000000e+00 
5.9817278e-01 2.1342160e-01 0.0000000e+00 
5.7312608e-01 3.7630349e-01 0.0000000e+00 
5.6664068e-01 3.6344349e-01 0.0000000e+00 
5.8089459e-01 3.6333910e-01 0.0000000e+00 
5.7436389e-01 3.5058859e-01 0.0000000e+00 
5.8890998e-01 3.5140380e-01 0.0000000e+00 
5.9597099e-01 3.6360300e-01 0.0000000e+00 
1.8871840e+00 2.3216370e-01 0.0000000e+00 
1.8613670e+00 1.6699770e-01 0.0000000e+00 
5.8043772e-01 3.2325599e-01 0.0000000e+00 
1.8341640e-01 1.2044960e-01 0.0000000e+00 
1.4539170e-01 1.4803199e-01 0.0000000e+00 
5.2981251e-01 4.1606659e-01 0.0000000e+00 
6.3278657e-01 3.2098520e-01 0.0000000e+00 
4.9883649e-01 1.9035070e-01 0.0000000e+00 
4.8866749e-01 1.9995619e-01 0.0000000e+00 
4.7372600e-01 1.9428051e-01 0.0000000e+00 
4.7687241e-01 2.0988560e-01 0.0000000e+00 
4.6230760e-01 2.0519090e-01 0.0000000e+00 
5.0175709e-01 2.0284539e-01 0.0000000e+00 
3.7420979e-01 2.4249861e-01 0.0000000e+00 
3.7680081e-01 2.5999850e-01 0.0000000e+00 
3.6377189e-01 2.7359021e-01 0.0000000e+00 
3.8147151e-01 2.7786380e-01 0.0000000e+00 
3.9390230e-01 2.6630861e-01 0.0000000e+00 
3.9790910e-01 2.8215069e-01 0.0000000e+00 
3.8660839e-01 2.9399589e-01 0.0000000e+00 
4.0266559e-01 2.9749459e-01 0.0000000e+00 
3.9230630e-01 3.0959940e-01 0.0000000e+00 
3.7539089e-01 3.0645579e-01 0.0000000e+00 
3.8165531e-01 3.2178041e-01 0.0000000e+00 
3.9764741e-01 3.2483751e-01 0.0000000e+00 
3.8738471e-01 3.3702531e-01 0.0000000e+00 
4.0318671e-01 3.3988059e-01 0.0000000e+00 
3.9298999e-01 3.5206911e-01 0.0000000e+00 
4.0884519e-01 3.5489669e-01 0.0000000e+00 
3.7592891e-01 3.5095471e-01 0.0000000e+00 
4.1221961e-01 3.2815641e-01 0.0000000e+00 
4.0885890e-01 2.7070051e-01 0.0000000e+00 
4.0606499e-01 2.5576550e-01 0.0000000e+00 
4.2036530e-01 2.6073930e-01 0.0000000e+00 
4.1758421e-01 2.4588020e-01 0.0000000e+00 
3.9879280e-01 3.6719501e-01 0.0000000e+00 
4.1457930e-01 3.6959961e-01 0.0000000e+00 
4.2435291e-01 3.5784501e-01 0.0000000e+00 
4.3005049e-01 3.7181091e-01 0.0000000e+00 
4.2064139e-01 3.8399899e-01 0.0000000e+00 
4.0332180e-01 2.4100940e-01 0.0000000e+00 
4.1523230e-01 2.3128320e-01 0.0000000e+00 
4.2901969e-01 2.3581611e-01 0.0000000e+00 
4.2680249e-01 2.2116630e-01 0.0000000e+00 
4.4072181e-01 2.2622180e-01 0.0000000e+00 
4.3834931e-01 2.1132030e-01 0.0000000e+00 
4.2324290e-01 2.0628519e-01 0.0000000e+00 
5.7600939e-01 2.6372889e-01 0.0000000e+00 
4.6461701e-01 3.7602729e-01 0.0000000e+00 
4.4586849e-01 3.4520641e-01 0.0000000e+00 
1.8224460e+00 4.8960349e-01 0.0000000e+00 
4.3567330e-01 1.9562960e-01 0.0000000e+00 
5.9315038e-01 1.5660501e-01 0.0000000e+00 
4.5945361e-01 1.9019520e-01 0.0000000e+00 
6.2804931e-01 2.1075760e-01 0.0000000e+00 
4.4690049e-01 3.7500271e-01 0.0000000e+00 
4.3590689e-01 2.6693821e-01 0.0000000e+00 
4.5538360e-01 2.4537770e-01 0.0000000e+00 
5.3253782e-01 3.6093631e-01 0.0000000e+00 
5.0687999e-01 3.7203360e-01 0.0000000e+00 
5.5479759e-01 3.4289679e-01 0.0000000e+00 
4.7859880e-01 2.3292100e-01 0.0000000e+00 
5.6951690e-01 2.9091081e-01 0.0000000e+00 
4.3251589e-01 3.2153201e-01 0.0000000e+00 
2.5864059e-01 4.9322551e-01 0.0000000e+00 
2.8119770e-01 4.6436489e-01 0.0000000e+00 
2.9712620e-01 4.9769270e-01 0.0000000e+00 
5.0679362e-01 2.2942559e-01 0.0000000e+00 
5.1640040e-01 2.1935740e-01 0.0000000e+00 
6.5671778e-01 2.8741741e-01 0.0000000e+00 
6.4681822e-01 2.6546481e-01 0.0000000e+00 
2.6161829e-01 1.0442510e-01 0.0000000e+00 
2.9914159e-01 1.2133270e-01 0.0000000e+00 
5.3835911e-01 2.0090669e-01 0.0000000e+00 
4.1076070e-01 4.0288219e-01 0.0000000e+00 
4.2847160e-01 2.9058349e-01 0.0000000e+00 
5.8385968e-01 4.0419951e-01 0.0000000e+00 
4.6758640e-01 2.2237021e-01 0.0000000e+00 
1.7680900e+00 1.1666990e-01 0.0000000e+00 
4.6705061e-01 3.6164391e-01 0.0000000e+00 
4.2953780e-01 5.2015013e-01 0.0000000e+00 
3.4222049e-01 3.0633521e-01 0.0000000e+00 
3.3303869e-01 2.8045291e-01 0.0000000e+00 
5.3547281e-01 4.9663380e-01 0.0000000e+00 
5.6233060e-01 5.0093198e-01 0.0000000e+00 
3.5305610e-01 3.5562491e-01 0.0000000e+00 
3.6326250e-01 3.7681499e-01 0.0000000e+00 
5.8255208e-01 1.8968870e-01 0.0000000e+00 
5.6585908e-01 6.7596443e-02 0.0000000e+00 
3.1423870e-01 5.6071562e-01 0.0000000e+00 
3.6825681e-01 5.5769640e-01 0.0000000e+00 
1.6511329e+00 1.0926090e-01 0.0000000e+00 
1.6192470e+00 1.5863900e-01 0.0000000e+00 
3.1425080e-01 3.9930049e-02 0.0000000e+00 
3.1129351e-01 1.6085930e-01 0.0000000e+00 
3.3299991e-01 1.3328290e-01 0.0000000e+00 
3.3072019e-01 1.0009960e-01 0.0000000e+00 
2.7850899e-01 1.8997809e-01 0.0000000e+00 
3.6250210e-01 1.1719080e-01 0.0000000e+00 
3.6242679e-01 7.9823360e-02 0.0000000e+00 
3.9215559e-01 9.3917303e-02 0.0000000e+00 
6.7704421e-01 3.9422091e-02 0.0000000e+00 
6.9158012e-01 7.9496212e-02 0.0000000e+00 
7.2696608e-01 4.4044841e-02 0.0000000e+00 
7.3696113e-01 9.5335990e-02 0.0000000e+00 
7.9171729e-01 1.0606610e-01 0.0000000e+00 
7.5707722e-01 1.3865989e-01 0.0000000e+00 
8.0465728e-01 1.5881000e-01 0.0000000e+00 
8.4009641e-01 1.2030350e-01 0.0000000e+00 
8.5441029e-01 1.6780110e-01 0.0000000e+00 
8.9020813e-01 1.3047090e-01 0.0000000e+00 
8.7580758e-01 8.5384279e-02 0.0000000e+00 
6.3392729e-01 5.6027758e-01 0.0000000e+00 
6.5490252e-01 5.2222651e-01 0.0000000e+00 
6.9785458e-01 5.2009457e-01 0.0000000e+00 
6.6947389e-01 4.8214740e-01 0.0000000e+00 
7.1400052e-01 4.7928271e-01 0.0000000e+00 
7.3890662e-01 5.1415598e-01 0.0000000e+00 
7.5538421e-01 4.7427329e-01 0.0000000e+00 
7.3060858e-01 4.4053549e-01 0.0000000e+00 
7.7131832e-01 4.3481070e-01 0.0000000e+00 
7.4432129e-01 4.0371630e-01 0.0000000e+00 
7.9942912e-01 4.6868020e-01 0.0000000e+00 
8.1664360e-01 4.2528069e-01 0.0000000e+00 
8.4675127e-01 4.6303490e-01 0.0000000e+00 
7.0795268e-01 4.1132101e-01 0.0000000e+00 
8.6556101e-01 4.1526449e-01 0.0000000e+00 
9.0177119e-01 4.5578691e-01 0.0000000e+00 
6.1436248e-01 5.2457899e-01 0.0000000e+00 
5.9010911e-01 5.6233871e-01 0.0000000e+00 
6.8740159e-01 4.4485721e-01 0.0000000e+00 
6.3075930e-01 4.9217081e-01 0.0000000e+00 
8.2390177e-01 3.7696400e-01 0.0000000e+00 
6.5760958e-01 4.5251140e-01 0.0000000e+00 
8.8201141e-01 3.6469159e-01 0.0000000e+00 
7.1646827e-01 3.7200019e-01 0.0000000e+00 
7.5293612e-01 3.6630341e-01 0.0000000e+00 
7.3172802e-01 3.4158540e-01 0.0000000e+00 
4.3641081e-01 3.8625911e-01 0.0000000e+00 
3.3307719e-01 5.1888418e-01 0.0000000e+00 
3.7808201e-01 5.1874483e-01 0.0000000e+00 
4.1757399e-01 3.4319299e-01 0.0000000e+00 
4.0734050e-01 3.1263331e-01 0.0000000e+00 
4.8661929e-01 4.2812102e-02 0.0000000e+00 
7.2056448e-01 1.3380709e-01 0.0000000e+00 
7.2885102e-01 1.7120270e-01 0.0000000e+00 
7.6764971e-01 1.8236589e-01 0.0000000e+00 
7.3844647e-01 2.0840840e-01 0.0000000e+00 
3.2383901e-01 4.7502699e-01 0.0000000e+00 
2.0299730e-01 4.5617640e-02 0.0000000e+00 
5.8970161e-02 3.3410329e-01 0.0000000e+00 
2.0689000e-01 5.5709481e-01 0.0000000e+00 
4.1305149e-01 2.8573561e-01 0.0000000e+00 
7.8471351e-01 5.4944623e-01 0.0000000e+00 
5.7445318e-01 2.4704580e-01 0.0000000e+00 
4.8197981e-02 2.0613991e-01 0.0000000e+00 
2.9774281e-01 8.0907270e-02 0.0000000e+00 
5.0055778e-01 5.6669247e-01 0.0000000e+00 
5.6139982e-01 2.6632291e-01 0.0000000e+00 
1.6788280e+00 5.7307512e-02 0.0000000e+00 
5.1920211e-01 3.7999329e-01 0.0000000e+00 
5.3287011e-01 2.3837809e-01 0.0000000e+00 
4.9314889e-01 3.6956069e-01 0.0000000e+00 
5.4427528e-01 3.7591609e-01 0.0000000e+00 
7.8244883e-01 3.9527819e-01 0.0000000e+00 
3.6446571e-01 4.0250320e-02 0.0000000e+00 
4.4162789e-01 3.5938531e-01 0.0000000e+00 
6.3632941e-01 2.8842619e-01 0.0000000e+00 
4.9067271e-01 2.1312010e-01 0.0000000e+00 
9.0754151e-01 5.5067050e-01 0.0000000e+00 
9.6624529e-01 5.4957891e-01 0.0000000e+00 
9.9525559e-01 4.9868581e-01 0.0000000e+00 
1.0540251e+00 4.9801311e-01 0.0000000e+00 
1.0243800e+00 4.4818369e-01 0.0000000e+00 
1.0813180e+00 4.4429299e-01 0.0000000e+00 
9.6050638e-01 4.4521841e-01 0.0000000e+00 
9.9237692e-01 4.0150511e-01 0.0000000e+00 
9.3534291e-01 5.0050128e-01 0.0000000e+00 
1.1123620e+00 4.9683940e-01 0.0000000e+00 
1.1383430e+00 4.4216970e-01 0.0000000e+00 
5.4218680e-01 5.2327639e-01 0.0000000e+00 
4.9454380e-02 4.5007420e-01 0.0000000e+00 
1.0217610e-01 4.7936839e-01 0.0000000e+00 
2.2542991e-01 2.8165141e-01 0.0000000e+00 
3.9299640e-01 1.2565491e-01 0.0000000e+00 
4.2287391e-01 1.0849530e-01 0.0000000e+00 
4.1702661e-01 7.4225321e-02 0.0000000e+00 
4.2317891e-01 4.9126241e-01 0.0000000e+00 
3.6435950e-01 3.1840631e-01 0.0000000e+00 
5.9271669e-01 4.9394491e-01 0.0000000e+00 
4.5279789e-01 2.1705380e-01 0.0000000e+00 
1.1707489e+00 4.9572700e-01 0.0000000e+00 
1.1967220e+00 4.4262701e-01 0.0000000e+00 
1.2286400e+00 4.9457431e-01 0.0000000e+00 
1.2569320e+00 4.4329810e-01 0.0000000e+00 
1.2887410e+00 4.9415389e-01 0.0000000e+00 
4.9704749e-02 9.0376601e-02 0.0000000e+00 
1.1661880e+00 3.8667339e-01 0.0000000e+00 
1.0448740e+00 3.9727730e-01 0.0000000e+00 
1.3219531e+00 5.4748261e-01 0.0000000e+00 
1.3566051e+00 4.9475339e-01 0.0000000e+00 
1.4128619e+00 5.0170678e-01 0.0000000e+00 
1.3878731e+00 4.4357020e-01 0.0000000e+00 
2.6875430e-01 4.3074101e-01 0.0000000e+00 
4.1746351e-01 3.0108821e-01 0.0000000e+00 
4.7450441e-01 4.2571831e-01 0.0000000e+00 
4.0593800e-01 2.0075510e-01 0.0000000e+00 
4.4167551e-01 4.0079829e-01 0.0000000e+00 
1.9512080e+00 4.5117629e-01 0.0000000e+00 
1.0262311e+00 5.1109631e-02 0.0000000e+00 
9.9738371e-01 1.0181700e-01 0.0000000e+00 
1.0553030e+00 1.0176790e-01 0.0000000e+00 
1.0273110e+00 1.4739220e-01 0.0000000e+00 
1.0855290e+00 1.4977370e-01 0.0000000e+00 
9.7062862e-01 1.4721170e-01 0.0000000e+00 
9.3508059e-01 1.0148260e-01 0.0000000e+00 
1.1133560e+00 1.0215650e-01 0.0000000e+00 
1.1446090e+00 1.4514109e-01 0.0000000e+00 
1.1160710e+00 1.9391710e-01 0.0000000e+00 
1.2018321e+00 5.4771107e-01 0.0000000e+00 
1.9480680e+00 2.1005040e-01 0.0000000e+00 
1.0842860e+00 5.4868227e-01 0.0000000e+00 
1.9480680e+00 3.2994959e-01 0.0000000e+00 
1.5904510e+00 1.0452840e-01 0.0000000e+00 
1.5598950e+00 1.5443350e-01 0.0000000e+00 
1.5304790e+00 1.0186320e-01 0.0000000e+00 
1.5007280e+00 1.5119410e-01 0.0000000e+00 
1.5273950e+00 2.0345390e-01 0.0000000e+00 
1.4685169e+00 1.9967620e-01 0.0000000e+00 
1.4425830e+00 1.4740349e-01 0.0000000e+00 
1.4098901e+00 1.9577309e-01 0.0000000e+00 
1.3839140e+00 1.4338671e-01 0.0000000e+00 
1.3511680e+00 1.9153769e-01 0.0000000e+00 
1.3252350e+00 1.3926670e-01 0.0000000e+00 
1.2926320e+00 1.8772170e-01 0.0000000e+00 
1.2666039e+00 1.3634580e-01 0.0000000e+00 
1.2355460e+00 1.8558609e-01 0.0000000e+00 
1.2059170e+00 1.3905290e-01 0.0000000e+00 
1.2347410e+00 9.3928657e-02 0.0000000e+00 
1.3187660e+00 2.4091680e-01 0.0000000e+00 
1.4945120e+00 2.5244480e-01 0.0000000e+00 
1.5862570e+00 2.0772290e-01 0.0000000e+00 
5.5948251e-01 2.4233980e-01 0.0000000e+00 
1.5573130e+00 5.4926682e-01 0.0000000e+00 
1.5215520e+00 5.0207931e-01 0.0000000e+00 
1.5906490e+00 4.9784341e-01 0.0000000e+00 
1.3832541e+00 4.9608339e-02 0.0000000e+00 
1.5002331e+00 5.0511628e-02 0.0000000e+00 
1.7345819e+00 5.5134553e-01 0.0000000e+00 
1.6170100e+00 5.5189037e-01 0.0000000e+00 
1.6308481e+00 4.1378099e-01 0.0000000e+00 
1.7733830e+00 4.6653220e-01 0.0000000e+00 
1.8566350e+00 5.4165798e-01 0.0000000e+00 
1.5124860e+00 4.0674630e-01 0.0000000e+00 
1.4853560e+00 4.5626420e-01 0.0000000e+00 
1.6452560e+00 2.1187560e-01 0.0000000e+00 
1.7967290e+00 1.6947480e-01 0.0000000e+00 
1.8955210e+00 4.8443690e-01 0.0000000e+00 
2.4952111e-01 3.7534630e-01 0.0000000e+00 
2.4015559e-01 3.3920720e-01 0.0000000e+00 
1.6122910e+00 2.6095319e-01 0.0000000e+00 
1.8537400e+00 5.5921540e-02 0.0000000e+00 
1.8819669e+00 1.0242500e-01 0.0000000e+00 
9.5119797e-02 1.2153590e-01 0.0000000e+00 
1.0847340e+00 5.0935078e-02 0.0000000e+00 
1.7562060e+00 3.2229191e-01 0.0000000e+00 
1.4358770e+00 2.4863569e-01 0.0000000e+00 
4.3159389e-01 2.5088599e-01 0.0000000e+00 
4.7994119e-01 3.8120639e-01 0.0000000e+00 
1.8123610e+00 3.2570100e-01 0.0000000e+00 
6.1470199e-01 2.3820160e-01 0.0000000e+00 
6.2837660e-01 2.5279269e-01 0.0000000e+00 
5.6644672e-01 3.2120070e-01 0.0000000e+00 
4.0343639e-01 3.8359720e-01 0.0000000e+00 
1.2608960e+00 2.3755901e-01 0.0000000e+00 
9.7383392e-01 2.2759880e-01 0.0000000e+00 
1.8966711e+00 3.6694610e-01 0.0000000e+00 
1.2852859e+00 3.9278471e-01 0.0000000e+00 
4.4754091e-01 4.1694289e-01 0.0000000e+00 
5.1814729e-01 1.1434720e-01 0.0000000e+00 
9.8089732e-02 2.9848260e-01 0.0000000e+00 
8.7650722e-01 5.0584209e-01 0.0000000e+00 
7.2722268e-01 5.5884892e-01 0.0000000e+00 
9.1900879e-01 4.0950510e-01 0.0000000e+00 
6.0669678e-01 3.3687809e-01 0.0000000e+00 
9.2257088e-01 2.2499460e-01 0.0000000e+00 
1.8270659e+00 1.1701130e-01 0.0000000e+00 
3.9101499e-01 2.5043941e-01 0.0000000e+00 
3.0026230e-01 2.1632680e-01 0.0000000e+00 
5.8418620e-01 3.3934349e-01 0.0000000e+00 
1.5593460e+00 5.1838879e-02 0.0000000e+00 
4.5547140e-01 5.6772357e-01 0.0000000e+00 
9.7268373e-02 1.8144910e-01 0.0000000e+00 
9.3618453e-02 5.9398320e-02 0.0000000e+00 
9.5946752e-02 4.1991970e-01 0.0000000e+00 
1.5493150e-01 4.8253620e-01 0.0000000e+00 
5.3141659e-01 2.2366489e-01 0.0000000e+00 
4.6951711e-01 1.7694290e-01 0.0000000e+00 
1.3219830e+00 4.4809279e-01 0.0000000e+00 
6.1860532e-01 2.8225860e-01 0.0000000e+00 
9.2647932e-02 5.4469162e-01 0.0000000e+00 
3.6105269e-01 4.8700431e-01 0.0000000e+00 
1.4393450e+00 5.5213040e-01 0.0000000e+00 
1.9442101e+00 9.5342271e-02 0.0000000e+00 
9.0059137e-01 1.7995150e-01 0.0000000e+00 
8.2735151e-01 2.0720319e-01 0.0000000e+00 
6.6251612e-01 1.0677520e-01 0.0000000e+00 
6.7604911e-01 4.1622579e-01 0.0000000e+00 
6.8501538e-01 3.8669550e-01 0.0000000e+00 
3.6920869e-01 2.9070961e-01 0.0000000e+00 
4.5409241e-01 2.3146330e-01 0.0000000e+00 
6.1867392e-01 3.1358370e-01 0.0000000e+00 
1.9131620e+00 5.4997718e-01 0.0000000e+00 
4.2027211e-01 1.8849210e-01 0.0000000e+00 
1.9003210e+00 2.9999799e-01 0.0000000e+00 
5.5434358e-01 1.3134070e-01 0.0000000e+00 
1.4729370e+00 1.0059040e-01 0.0000000e+00 
4.4868380e-01 4.7589070e-01 0.0000000e+00 
1.7371070e+00 5.7924490e-02 0.0000000e+00 
1.6196249e-01 1.9384970e-01 0.0000000e+00 
2.7876011e-01 3.4925121e-01 0.0000000e+00 
5.6304562e-01 4.5950639e-01 0.0000000e+00 
6.0384172e-01 3.5119170e-01 0.0000000e+00 
5.7530987e-01 5.2873927e-01 0.0000000e+00 
1.3667960e-01 3.8707560e-01 0.0000000e+00 
4.9747679e-01 1.2821840e-01 0.0000000e+00 
1.1983300e+00 4.8251878e-02 0.0000000e+00 
7.5970978e-01 3.2726541e-01 0.0000000e+00 
8.1999791e-01 5.1075947e-01 0.0000000e+00 
1.3957340e+00 3.8871399e-01 0.0000000e+00 
3.8881221e-01 2.3447470e-01 0.0000000e+00 
5.2596432e-01 2.0954940e-01 0.0000000e+00 
1.4149910e+00 9.8922051e-02 0.0000000e+00 
3.1656411e-01 1.9587231e-01 0.0000000e+00 
4.3203679e-01 3.4525600e-01 0.0000000e+00 
5.0832897e-01 3.8785461e-01 0.0000000e+00 
5.0716370e-01 4.6868089e-01 0.0000000e+00 
7.2506380e-01 3.1459489e-01 0.0000000e+00 
5.7067949e-01 1.5282580e-01 0.0000000e+00 
6.7973870e-01 1.6684531e-01 0.0000000e+00 
5.3255141e-01 1.4827640e-01 0.0000000e+00 
5.8382958e-01 2.0679601e-01 0.0000000e+00 
3.6833951e-01 3.3595169e-01 0.0000000e+00 
6.6081917e-01 3.9089271e-01 0.0000000e+00 
3.5859609e-01 1.6498099e-01 0.0000000e+00 
5.4474670e-01 2.4635740e-01 0.0000000e+00 
8.5039961e-01 4.4130251e-02 0.0000000e+00 
7.0378470e-01 2.1493910e-01 0.0000000e+00 
3.8111559e-01 3.6489099e-01 0.0000000e+00 
3.8378549e-01 3.8103321e-01 0.0000000e+00 
1.1733290e+00 9.6517898e-02 0.0000000e+00 
6.1236829e-01 3.6486840e-01 0.0000000e+00 
4.2817801e-01 4.6774849e-01 0.0000000e+00 
3.9298210e-01 4.8933309e-01 0.0000000e+00 
5.1858139e-01 5.3958851e-01 0.0000000e+00 
1.1778920e+00 1.8819040e-01 0.0000000e+00 
6.3357651e-01 4.2729640e-01 0.0000000e+00 
2.1912169e-01 8.9860998e-02 0.0000000e+00 
4.4828820e-01 3.3391532e-02 0.0000000e+00 
7.1727687e-01 2.3730519e-01 0.0000000e+00 
9.8337471e-02 2.5592181e-01 0.0000000e+00 
4.8688981e-01 5.3696889e-01 0.0000000e+00 
9.1024607e-01 4.6742149e-02 0.0000000e+00 
4.2072469e-01 3.1704551e-01 0.0000000e+00 
2.5881660e-01 2.8481191e-01 0.0000000e+00 
1.3556740e+00 9.6588373e-02 0.0000000e+00 
3.8170820e-01 4.6353251e-01 0.0000000e+00 
6.1133659e-01 4.6789679e-01 0.0000000e+00 
4.4266859e-01 2.4074350e-01 0.0000000e+00 
1.4653840e+00 5.0395852e-01 0.0000000e+00 
1.1433500e+00 2.3560201e-01 0.0000000e+00 
5.5341142e-01 3.6430839e-01 0.0000000e+00 
5.7990170e-01 2.7820900e-01 0.0000000e+00 
4.4887719e-01 2.0151231e-01 0.0000000e+00 
4.6245420e-01 4.1756010e-01 0.0000000e+00 
4.1210291e-01 2.1662711e-01 0.0000000e+00 
5.1736373e-01 5.6347691e-02 0.0000000e+00 
7.0604849e-01 3.3807889e-01 0.0000000e+00 
4.3653390e-01 1.2656429e-01 0.0000000e+00 
4.2773649e-01 3.9727569e-01 0.0000000e+00 
4.2305809e-01 2.7508900e-01 0.0000000e+00 
1.9111360e+00 1.7995431e-01 0.0000000e+00 
1.2975690e+00 9.4644032e-02 0.0000000e+00 
7.4613649e-01 2.3963641e-01 0.0000000e+00 
2.9362991e-01 4.1433749e-01 0.0000000e+00 
5.8357382e-01 3.0761179e-01 0.0000000e+00 
5.3191912e-01 3.7253350e-01 0.0000000e+00 
4.4445190e-01 8.4593862e-02 0.0000000e+00 
1.5468830e+00 4.5422599e-01 0.0000000e+00 
6.2926418e-01 2.7103639e-01 0.0000000e+00 
3.5220909e-01 2.8729489e-01 0.0000000e+00 
8.3805579e-01 3.3710629e-01 0.0000000e+00 
5.2616048e-01 4.0003020e-01 0.0000000e+00 
1.8064611e-01 5.2023911e-01 0.0000000e+00 
4.2505819e-01 3.3176431e-01 0.0000000e+00 
7.7968621e-01 5.0346297e-01 0.0000000e+00 
1.2679260e+00 4.6381779e-02 0.0000000e+00 
5.8107018e-01 2.9473820e-01 0.0000000e+00 
6.1925322e-01 3.3036381e-01 0.0000000e+00 
5.6537521e-01 2.5524691e-01 0.0000000e+00 
3.8967860e-01 6.5405212e-02 0.0000000e+00 
1.0865080e+00 2.3449360e-01 0.0000000e+00 
1.4042149e-01 9.9993236e-02 0.0000000e+00 
1.0030100e+00 3.5783571e-01 0.0000000e+00 
3.6067769e-01 3.0184039e-01 0.0000000e+00 
5.7885981e-01 3.8880101e-01 0.0000000e+00 
1.5990330e+00 4.4926330e-01 0.0000000e+00 
9.1439813e-02 3.7532219e-01 0.0000000e+00 
5.7995051e-01 1.7130360e-01 0.0000000e+00 
6.1258352e-01 2.5273019e-01 0.0000000e+00 
4.0172791e-01 2.2754180e-01 0.0000000e+00 
5.4750210e-01 9.9742994e-02 0.0000000e+00 
6.1311978e-01 2.0313910e-01 0.0000000e+00 
6.1223829e-01 2.2002740e-01 0.0000000e+00 
1.8586820e+00 3.2957241e-01 0.0000000e+00 
5.8738971e-01 3.7580970e-01 0.0000000e+00 
4.5219980e-02 4.4195049e-02 0.0000000e+00 
4.8124549e-01 2.2123460e-01 0.0000000e+00 
4.3828961e-02 5.5591398e-01 0.0000000e+00 
1.0568640e+00 1.9004630e-01 0.0000000e+00 
3.3193341e-01 4.4711831e-01 0.0000000e+00 
3.0378929e-01 4.4286191e-01 0.0000000e+00 
5.3415012e-01 1.2728420e-01 0.0000000e+00 
5.0386423e-01 2.1636350e-01 0.0000000e+00 
1.9116580e+00 4.2358989e-01 0.0000000e+00 
4.5517069e-01 3.6521810e-01 0.0000000e+00 
3.6732909e-01 3.6239621e-01 0.0000000e+00 
6.3041377e-01 3.0585691e-01 0.0000000e+00 
1.9569679e+00 4.3301821e-02 0.0000000e+00 
5.7146299e-01 4.8058590e-01 0.0000000e+00 
1.6484860e+00 5.1718348e-01 0.0000000e+00 
9.4670999e-01 1.8556410e-01 0.0000000e+00 
6.3752991e-01 4.6584189e-01 0.0000000e+00 
1.9572541e+00 5.5697870e-01 0.0000000e+00 
6.4813697e-01 2.4830820e-01 0.0000000e+00 
6.0179752e-01 3.7555191e-01 0.0000000e+00 
1.4364240e+00 4.6111640e-01 0.0000000e+00 
5.6217611e-01 3.5223660e-01 0.0000000e+00 
6.6050959e-01 4.3027630e-01 0.0000000e+00 
4.0468970e-01 5.1149738e-01 0.0000000e+00 
5.1506358e-01 2.0555650e-01 0.0000000e+00 
4.3334481e-01 1.8108650e-01 0.0000000e+00 
9.9962813e-01 1.8700930e-01 0.0000000e+00 
6.9131333e-01 1.1763480e-01 0.0000000e+00 
4.4599831e-01 1.8538959e-01 0.0000000e+00 
5.1551181e-01 4.8891029e-01 0.0000000e+00 
4.3754059e-01 5.8743980e-02 0.0000000e+00 
5.9589100e-01 3.4163511e-01 0.0000000e+00 
2.3624770e-01 5.2814358e-01 0.0000000e+00 
6.6953379e-01 3.7169310e-01 0.0000000e+00 
3.6865169e-01 3.9570969e-01 0.0000000e+00 
5.9758049e-01 1.9620110e-01 0.0000000e+00 
1.3329040e-01 5.1544452e-01 0.0000000e+00 
1.0515270e+00 3.5504949e-01 0.0000000e+00 
3.3392131e-01 6.8202123e-02 0.0000000e+00 
1.7869949e-01 8.1389397e-02 0.0000000e+00 
9.2706198e-01 1.4882250e-01 0.0000000e+00 
1.7000279e+00 5.1305068e-01 0.0000000e+00 
3.4774879e-01 2.6959679e-01 0.0000000e+00 
5.7002652e-01 3.3917850e-01 0.0000000e+00 
4.5571360e-01 1.7617980e-01 0.0000000e+00 
8.2389021e-01 8.1237279e-02 0.0000000e+00 
5.6977302e-01 4.0162051e-01 0.0000000e+00 
5.7622939e-01 9.1579817e-02 0.0000000e+00 
7.9520959e-01 1.9354109e-01 0.0000000e+00 
7.1731091e-01 1.9555099e-01 0.0000000e+00 
9.5533073e-01 4.0679529e-01 0.0000000e+00 
5.1722008e-01 4.1250920e-01 0.0000000e+00 
4.3116611e-01 5.4470932e-01 0.0000000e+00 
6.9998658e-01 1.5358570e-01 0.0000000e+00 
3.7607810e-01 2.2627370e-01 0.0000000e+00 
5.1978278e-01 3.9113960e-01 0.0000000e+00 
5.3689402e-01 2.1312129e-01 0.0000000e+00 
9.0401761e-02 2.1924180e-01 0.0000000e+00 
7.8513551e-01 3.6338761e-01 0.0000000e+00 
2.8628290e-01 5.2971011e-01 0.0000000e+00 
1.9101239e+00 1.3962340e-01 0.0000000e+00 
3.3938929e-01 1.5675519e-01 0.0000000e+00 
3.5365051e-01 1.4366330e-01 0.0000000e+00 
5.9640652e-01 1.7787141e-01 0.0000000e+00 
2.3996450e-01 3.0955619e-01 0.0000000e+00 
4.0130991e-01 5.3756779e-01 0.0000000e+00 
2.6203820e-01 3.9843059e-01 0.0000000e+00 
1.7610559e+00 5.1254529e-01 0.0000000e+00 
5.3923780e-01 6.9367118e-02 0.0000000e+00 
6.6389477e-01 2.7387929e-01 0.0000000e+00 
5.6400359e-01 1.6758190e-01 0.0000000e+00 
6.3302028e-01 3.3655259e-01 0.0000000e+00 
5.4254562e-01 3.6452681e-01 0.0000000e+00 
5.1293671e-01 2.8587131e-02 0.0000000e+00 
5.1246679e-01 1.8971939e-01 0.0000000e+00 

CELLS 1766 7064
3 0 870 123
3 1 882 70
3 2 887 79
3 3 872 114
3 4 193 35
3 4 516 193
3 5 516 4
3 6 184 5
3 6 612 184
3 7 612 6
3 8 183 7
3 8 799 183
3 9 799 8
3 10 615 9
3 11 335 10
3 11 521 335
3 12 521 11
3 13 311 12
3 13 515 311
3 14 515 13
3 15 312 14
3 15 511 312
3 16 511 15
3 17 308 16
3 17 510 308
3 18 510 17
3 19 301 18
3 19 529 301
3 20 529 19
3 21 124 20
3 21 517 124
3 22 517 21
3 23 277 22
3 23 503 277
3 24 503 23
3 25 266 24
3 25 533 266
3 26 533 25
3 27 269 26
3 27 616 269
3 28 616 27
3 29 513 28
3 30 241 29
3 30 512 241
3 31 512 30
3 32 214 31
3 32 514 214
3 33 514 32
3 34 215 33
3 34 726 215
3 35 726 34
3 36 870 0
3 37 747 36
3 38 155 37
3 38 603 155
3 39 603 38
3 40 130 39
3 40 547 130
3 41 547 40
3 41 619 547
3 42 619 41
3 43 142 42
3 43 812 142
3 44 812 43
3 44 943 597
3 45 943 44
3 46 145 45
3 46 159 145
3 47 159 46
3 48 140 47
3 48 555 140
3 49 555 48
3 49 557 555
3 50 557 49
3 51 126 50
3 51 800 126
3 52 800 51
3 52 816 800
3 53 816 52
3 54 131 53
3 54 663 131
3 55 663 54
3 55 718 663
3 56 718 55
3 57 127 56
3 57 780 127
3 58 780 57
3 58 850 780
3 59 850 58
3 60 148 59
3 60 700 148
3 61 700 60
3 62 128 61
3 62 701 128
3 63 701 62
3 63 744 701
3 64 744 63
3 65 136 64
3 65 613 136
3 66 613 65
3 66 772 613
3 67 772 66
3 68 144 67
3 68 715 144
3 69 715 68
3 70 157 69
3 70 882 157
3 71 882 1
3 72 757 71
3 73 154 72
3 73 674 154
3 74 674 73
3 75 139 74
3 75 676 139
3 76 676 75
3 77 147 76
3 77 662 147
3 78 662 77
3 79 156 78
3 79 887 156
3 80 887 2
3 81 766 80
3 82 706 81
3 83 151 82
3 83 702 151
3 84 702 83
3 85 129 84
3 85 703 129
3 86 703 85
3 87 697 86
3 88 137 87
3 88 756 137
3 89 756 88
3 90 149 89
3 90 653 149
3 91 653 90
3 92 134 91
3 92 673 134
3 93 673 92
3 94 150 93
3 94 675 150
3 95 675 94
3 96 135 95
3 96 624 135
3 97 624 96
3 98 623 97
3 99 125 98
3 99 607 125
3 100 607 99
3 100 736 607
3 101 736 100
3 102 138 101
3 102 566 138
3 103 566 102
3 103 583 566
3 104 583 103
3 105 143 104
3 105 611 143
3 106 611 105
3 106 745 611
3 107 745 106
3 108 141 107
3 108 544 141
3 109 544 108
3 110 543 109
3 111 132 110
3 111 605 132
3 112 605 111
3 113 153 112
3 113 754 153
3 114 754 113
3 114 872 754
3 115 872 3
3 116 158 115
3 116 635 158
3 117 635 116
3 118 146 117
3 118 604 146
3 119 604 118
3 120 133 119
3 120 609 133
3 121 609 120
3 122 152 121
3 122 650 152
3 123 650 122
3 123 870 650
3 124 529 20
3 124 658 529
3 124 817 658
3 125 623 98
3 125 735 623
3 125 782 735
3 126 557 50
3 126 558 557
3 126 559 558
3 126 915 559
3 127 718 56
3 127 804 670
3 128 700 61
3 128 786 700
3 129 702 84
3 129 911 702
3 130 603 39
3 130 610 525
3 130 811 603
3 131 816 53
3 132 543 110
3 132 929 543
3 133 604 119
3 133 734 604
3 133 814 734
3 133 927 814
3 134 653 91
3 134 673 647
3 135 675 95
3 136 613 545
3 136 744 64
3 137 697 87
3 137 698 697
3 137 823 698
3 138 736 101
3 139 674 74
3 139 768 454
3 140 159 47
3 140 160 159
3 140 161 160
3 140 555 161
3 141 745 107
3 141 922 745
3 141 935 922
3 142 619 42
3 142 854 619
3 142 900 640
3 143 583 104
3 143 777 583
3 143 808 634
3 144 740 532
3 144 772 67
3 145 938 830
3 145 943 45
3 146 635 117
3 146 748 635
3 146 861 748
3 147 676 76
3 147 730 676
3 147 878 730
3 148 850 59
3 149 756 89
3 150 673 93
3 150 675 632
3 151 706 82
3 151 937 504
3 152 609 121
3 152 746 609
3 153 605 112
3 153 847 605
3 153 906 847
3 154 757 72
3 154 930 757
3 155 747 37
3 155 856 747
3 155 909 856
3 156 662 78
3 156 711 662
3 156 766 711
3 156 887 766
3 157 715 69
3 157 716 715
3 157 757 716
3 157 882 757
3 158 872 115
3 159 542 145
3 160 542 159
3 160 917 542
3 161 162 160
3 161 760 162
3 162 163 160
3 162 164 163
3 162 165 164
3 162 760 165
3 163 917 160
3 164 187 163
3 164 506 187
3 165 166 164
3 165 167 166
3 165 253 167
3 165 760 253
3 166 506 164
3 166 933 506
3 167 168 166
3 167 169 168
3 167 793 169
3 168 227 166
3 168 866 227
3 169 170 168
3 169 171 170
3 169 188 171
3 169 793 188
3 170 508 168
3 171 172 170
3 171 173 172
3 171 801 173
3 172 244 170
3 172 888 244
3 173 174 172
3 173 175 174
3 173 813 175
3 174 888 172
3 174 939 524
3 175 176 174
3 175 177 176
3 175 178 177
3 175 813 178
3 176 939 174
3 177 180 176
3 177 791 180
3 178 179 177
3 178 181 179
3 178 837 181
3 179 791 177
3 180 191 176
3 180 192 191
3 180 831 192
3 181 182 179
3 181 185 182
3 181 245 185
3 181 837 245
3 182 781 179
3 183 612 7
3 183 799 696
3 183 853 612
3 184 516 5
3 184 612 501
3 184 826 516
3 185 186 182
3 185 189 186
3 185 759 189
3 186 222 182
3 186 845 222
3 187 361 163
3 187 769 361
3 187 792 769
3 188 801 171
3 188 919 801
3 188 923 599
3 189 190 186
3 189 194 190
3 189 243 194
3 189 759 243
3 190 845 186
3 191 523 176
3 192 201 191
3 192 202 201
3 192 203 202
3 192 831 203
3 193 726 35
3 193 839 456
3 193 851 839
3 194 195 190
3 194 196 195
3 194 739 196
3 195 588 190
3 196 197 195
3 196 198 197
3 196 729 198
3 196 739 729
3 197 242 195
3 197 857 242
3 198 199 197
3 198 200 199
3 198 259 200
3 198 729 259
3 199 857 197
3 199 907 857
3 200 216 199
3 200 217 216
3 200 855 217
3 201 232 191
3 201 460 232
3 201 941 460
3 202 204 201
3 202 205 204
3 202 903 205
3 203 831 589
3 203 903 202
3 204 941 201
3 205 206 204
3 205 207 206
3 205 797 207
3 205 903 797
3 206 341 204
3 206 805 341
3 207 208 206
3 207 209 208
3 207 211 209
3 207 797 211
3 208 805 206
3 208 889 805
3 209 210 208
3 209 212 210
3 209 810 212
3 210 344 208
3 210 530 344
3 211 797 761
3 211 810 209
3 211 892 810
3 212 213 210
3 212 220 213
3 212 257 220
3 212 810 257
3 213 530 210
3 214 512 31
3 214 891 825
3 214 942 512
3 215 514 33
3 215 913 514
3 216 907 199
3 217 218 216
3 217 219 218
3 217 824 219
3 217 855 824
3 218 345 216
3 218 651 345
3 219 223 218
3 219 224 223
3 219 258 224
3 219 824 258
3 220 221 213
3 220 254 221
3 220 821 254
3 221 239 213
3 221 240 239
3 221 775 240
3 222 781 182
3 222 845 586
3 222 928 781
3 223 651 218
3 224 225 223
3 224 226 225
3 224 728 226
3 225 352 223
3 225 731 352
3 226 228 225
3 226 229 228
3 226 693 229
3 226 728 693
3 227 933 166
3 228 731 225
3 229 230 228
3 229 231 230
3 229 256 231
3 229 693 256
3 230 356 228
3 230 783 356
3 231 233 230
3 231 234 233
3 231 720 234
3 232 523 191
3 232 621 523
3 232 881 621
3 233 783 230
3 234 235 233
3 234 236 235
3 234 694 236
3 234 720 694
3 235 366 233
3 235 707 366
3 236 237 235
3 236 238 237
3 236 252 238
3 236 694 252
3 237 707 235
3 238 246 237
3 238 247 246
3 238 714 247
3 239 530 213
3 239 916 530
3 240 260 239
3 240 261 260
3 240 262 261
3 240 775 262
3 241 513 29
3 241 614 513
3 241 840 614
3 242 588 195
3 242 737 588
3 242 857 630
3 242 920 737
3 243 739 194
3 243 758 739
3 243 759 563
3 244 508 170
3 244 725 724
3 244 867 508
3 244 888 725
3 245 601 600
3 245 759 185
3 245 837 601
3 245 918 759
3 246 360 237
3 246 704 360
3 247 248 246
3 247 249 248
3 247 250 249
3 247 714 250
3 248 704 246
3 249 255 248
3 249 719 255
3 250 251 249
3 250 342 251
3 250 709 342
3 250 714 709
3 251 719 249
3 252 694 681
3 252 714 238
3 253 793 167
3 253 923 793
3 254 775 221
3 254 821 643
3 254 883 775
3 255 377 248
3 255 378 377
3 255 382 378
3 255 719 382
3 256 686 684
3 256 693 686
3 256 720 231
3 257 810 587
3 257 821 220
3 257 886 821
3 258 728 224
3 258 809 690
3 258 824 809
3 259 855 200
3 259 873 855
3 259 896 873
3 260 346 239
3 260 438 346
3 260 459 438
3 261 459 260
3 262 263 261
3 262 435 263
3 262 436 435
3 262 775 436
3 263 264 261
3 263 265 264
3 263 790 265
3 264 459 261
3 264 921 459
3 265 267 264
3 265 268 267
3 265 270 268
3 265 790 270
3 266 503 24
3 266 620 503
3 266 879 620
3 267 354 264
3 267 355 354
3 267 659 355
3 268 659 267
3 269 533 26
3 269 722 502
3 270 271 268
3 270 326 271
3 270 327 326
3 270 790 327
3 271 272 268
3 271 273 272
3 271 771 273
3 272 659 268
3 272 828 659
3 273 274 272
3 273 275 274
3 273 806 275
3 274 732 272
3 275 276 274
3 275 278 276
3 275 339 278
3 275 806 339
3 276 340 274
3 276 528 340
3 277 517 22
3 277 848 517
3 278 279 276
3 278 280 279
3 278 820 280
3 279 528 276
3 280 281 279
3 280 282 281
3 280 316 282
3 280 820 316
3 281 314 279
3 281 904 314
3 282 283 281
3 282 284 283
3 282 874 284
3 283 904 281
3 284 285 283
3 284 838 285
3 284 875 838
3 285 286 283
3 285 287 286
3 285 296 287
3 285 838 296
3 286 540 283
3 287 288 286
3 287 289 288
3 287 774 289
3 288 539 286
3 289 290 288
3 289 291 290
3 289 774 291
3 290 317 288
3 290 535 317
3 291 292 290
3 291 293 292
3 291 304 293
3 291 774 304
3 292 535 290
3 292 536 535
3 293 294 292
3 293 295 294
3 293 818 295
3 294 536 292
3 295 297 294
3 295 305 297
3 295 322 305
3 295 818 322
3 296 774 287
3 296 936 712
3 297 298 294
3 297 299 298
3 297 742 299
3 298 536 294
3 298 912 536
3 299 300 298
3 299 302 300
3 299 787 302
3 300 315 298
3 300 467 315
3 300 924 467
3 301 510 18
3 301 834 510
3 302 303 300
3 302 306 303
3 302 313 306
3 302 787 313
3 303 924 300
3 304 774 713
3 304 818 293
3 304 934 818
3 305 742 297
3 306 307 303
3 306 309 307
3 306 798 309
3 307 321 303
3 307 660 321
3 308 511 16
3 308 822 511
3 309 310 307
3 309 318 310
3 309 320 318
3 309 798 320
3 310 660 307
3 310 767 660
3 311 521 12
3 311 871 622
3 311 877 521
3 312 515 14
3 312 531 515
3 312 764 531
3 313 787 548
3 313 798 306
3 313 931 798
3 314 528 279
3 314 727 528
3 314 803 727
3 314 904 803
3 315 912 298
3 316 755 602
3 316 820 755
3 316 874 282
3 317 539 288
3 317 796 539
3 318 319 310
3 318 328 319
3 318 638 328
3 319 767 310
3 319 895 767
3 320 638 318
3 320 932 552
3 321 864 784
3 321 924 303
3 322 323 305
3 322 324 323
3 322 637 324
3 322 818 637
3 323 551 305
3 324 325 323
3 324 367 325
3 324 368 367
3 324 637 368
3 325 350 323
3 325 371 350
3 325 773 371
3 326 771 271
3 327 359 326
3 327 402 359
3 327 899 402
3 328 329 319
3 328 832 329
3 329 330 319
3 329 331 330
3 329 332 331
3 329 832 332
3 330 895 319
3 330 898 895
3 330 914 898
3 331 914 330
3 332 333 331
3 332 336 333
3 332 369 336
3 332 832 369
3 333 334 331
3 333 337 334
3 333 779 337
3 334 751 331
3 335 615 10
3 335 750 615
3 336 779 333
3 337 338 334
3 337 347 338
3 337 348 347
3 337 779 348
3 338 351 334
3 338 461 351
3 338 944 461
3 339 806 641
3 339 820 278
3 340 732 274
3 340 833 661
3 341 776 738
3 341 805 776
3 341 941 204
3 342 343 251
3 342 375 343
3 342 376 375
3 342 709 376
3 343 353 251
3 343 373 353
3 343 710 373
3 344 889 208
3 345 633 628
3 345 651 633
3 345 907 216
3 346 916 239
3 347 349 338
3 347 362 349
3 347 794 362
3 348 779 733
3 348 794 347
3 348 876 794
3 349 944 338
3 350 551 323
3 351 751 334
3 352 648 646
3 352 651 223
3 352 731 648
3 353 719 251
3 353 723 719
3 354 921 264
3 355 357 354
3 355 379 357
3 355 380 379
3 355 659 380
3 356 731 228
3 356 752 731
3 356 783 656
3 357 358 354
3 357 789 358
3 358 921 354
3 358 925 846
3 359 372 326
3 359 401 372
3 359 815 401
3 360 707 237
3 360 842 707
3 360 860 842
3 361 917 163
3 362 363 349
3 362 364 363
3 362 431 364
3 362 794 431
3 363 374 349
3 363 527 374
3 364 365 363
3 364 384 365
3 364 940 384
3 365 527 363
3 366 783 233
3 366 890 656
3 367 773 325
3 368 406 367
3 368 407 406
3 368 409 407
3 368 637 409
3 369 370 336
3 369 832 639
3 369 841 370
3 370 403 336
3 370 405 403
3 370 424 405
3 370 841 424
3 371 392 350
3 371 457 392
3 371 458 457
3 371 773 458
3 372 771 326
3 373 422 353
3 373 454 422
3 373 455 454
3 373 710 455
3 374 944 349
3 375 710 343
3 376 394 375
3 376 545 394
3 376 546 545
3 376 709 546
3 377 704 248
3 378 445 377
3 378 705 445
3 379 430 357
3 379 722 430
3 380 381 379
3 380 432 381
3 380 828 432
3 381 722 379
3 382 383 378
3 382 399 383
3 382 723 399
3 383 705 378
3 384 385 365
3 384 541 385
3 384 862 541
3 384 940 862
3 385 386 365
3 385 387 386
3 385 795 387
3 386 527 365
3 386 926 527
3 387 388 386
3 387 389 388
3 387 390 389
3 387 795 390
3 388 400 386
3 388 444 400
3 388 696 444
3 389 696 388
3 390 391 389
3 390 395 391
3 390 447 395
3 390 795 447
3 391 608 389
3 392 393 350
3 392 525 393
3 392 811 525
3 393 551 350
3 394 532 375
3 394 772 532
3 395 396 391
3 395 724 396
3 395 867 724
3 396 397 391
3 396 398 397
3 396 863 398
3 397 608 391
3 398 417 397
3 398 418 417
3 398 419 418
3 398 863 419
3 399 404 383
3 399 730 404
3 399 868 730
3 400 926 386
3 401 534 372
3 401 815 745
3 401 922 534
3 402 815 359
3 402 899 537
3 403 779 336
3 404 504 383
3 404 711 504
3 404 878 711
3 405 434 403
3 405 830 434
3 406 408 367
3 406 814 408
3 407 734 406
3 408 773 367
3 408 927 746
3 409 410 407
3 409 411 410
3 409 713 411
3 409 934 713
3 410 437 407
3 410 778 437
3 411 412 410
3 411 413 412
3 411 712 413
3 411 713 712
3 412 778 410
3 413 414 412
3 413 415 414
3 413 657 415
3 413 936 657
3 414 416 412
3 414 749 416
3 415 423 414
3 415 518 423
3 415 519 518
3 415 657 519
3 416 749 636
3 416 778 412
3 417 501 397
3 417 826 501
3 418 420 417
3 418 421 420
3 418 753 421
3 419 753 418
3 419 843 753
3 419 863 725
3 420 826 417
3 420 851 826
3 421 425 420
3 421 426 425
3 421 443 426
3 421 753 443
3 422 723 353
3 422 868 723
3 423 749 414
3 423 847 749
3 423 902 847
3 424 597 405
3 424 812 597
3 424 900 812
3 425 851 420
3 426 427 425
3 426 428 427
3 426 765 428
3 427 839 425
3 428 429 427
3 428 738 429
3 428 852 738
3 429 456 427
3 429 743 456
3 429 901 743
3 430 616 513
3 430 722 616
3 430 789 357
3 431 794 769
3 431 940 364
3 432 433 381
3 432 661 433
3 432 732 661
3 432 828 732
3 433 502 381
3 433 509 502
3 433 592 509
3 433 661 592
3 434 733 403
3 434 865 733
3 434 938 865
3 435 790 263
3 435 899 790
3 436 537 435
3 436 538 537
3 436 883 538
3 437 734 407
3 437 861 604
3 438 439 346
3 438 442 439
3 438 846 442
3 439 440 346
3 439 441 440
3 439 617 441
3 440 916 346
3 441 448 440
3 441 449 448
3 441 825 449
3 442 617 439
3 442 840 617
3 442 925 614
3 443 753 621
3 443 765 426
3 443 881 765
3 444 750 400
3 444 799 615
3 445 446 377
3 445 911 446
3 445 937 911
3 446 704 377
3 446 860 704
3 446 884 699
3 446 911 884
3 447 867 395
3 447 905 866
3 448 859 440
3 448 869 859
3 449 450 448
3 449 451 450
3 449 891 451
3 450 869 448
3 451 452 450
3 451 743 452
3 451 913 743
3 452 453 450
3 452 776 453
3 452 901 776
3 453 869 450
3 453 889 869
3 454 674 139
3 454 768 422
3 454 835 674
3 455 740 716
3 455 835 454
3 455 930 835
3 456 726 193
3 456 839 427
3 456 913 726
3 457 811 392
3 457 909 811
3 458 746 717
3 458 773 746
3 458 856 457
3 459 846 438
3 459 921 846
3 460 852 765
3 460 881 232
3 460 941 852
3 461 462 351
3 461 466 462
3 461 944 466
3 462 463 351
3 462 464 463
3 462 622 464
3 463 751 351
3 464 465 463
3 464 531 465
3 464 871 531
3 465 507 463
3 465 827 507
3 466 622 462
3 466 877 622
3 466 894 877
3 466 944 894
3 467 468 315
3 467 741 468
3 467 784 741
3 467 924 784
3 468 469 315
3 468 470 469
3 468 471 470
3 468 741 471
3 469 912 315
3 470 763 469
3 471 472 470
3 471 485 472
3 471 486 485
3 471 741 486
3 472 473 470
3 472 474 473
3 472 606 474
3 473 763 470
3 474 475 473
3 474 596 475
3 474 658 596
3 475 476 473
3 475 477 476
3 475 478 477
3 475 596 478
3 476 763 473
3 476 858 763
3 477 642 476
3 477 796 642
3 478 479 477
3 478 480 479
3 478 484 480
3 478 596 484
3 479 796 477
3 480 481 479
3 480 482 481
3 480 595 482
3 481 483 479
3 481 802 483
3 482 489 481
3 482 490 489
3 482 491 490
3 482 595 491
3 483 796 479
3 483 880 539
3 484 595 480
3 484 848 595
3 485 606 472
3 485 834 606
3 486 487 485
3 486 488 487
3 486 494 488
3 486 741 494
3 487 721 510
3 487 834 485
3 488 721 487
3 489 802 481
3 489 803 802
3 490 727 489
3 491 492 490
3 491 620 492
3 491 788 620
3 492 493 490
3 492 592 493
3 492 620 509
3 493 727 490
3 493 833 528
3 494 495 488
3 494 864 495
3 495 496 488
3 495 497 496
3 495 829 497
3 495 864 829
3 496 721 488
3 496 822 721
3 497 498 496
3 497 499 498
3 497 500 499
3 497 829 500
3 498 822 496
3 499 644 498
3 499 827 644
3 500 505 499
3 500 767 505
3 500 829 660
3 501 608 397
3 501 826 184
3 501 853 608
3 502 533 269
3 502 722 381
3 502 879 533
3 503 788 277
3 504 705 383
3 504 706 151
3 504 711 706
3 504 937 705
3 505 827 499
3 505 898 827
3 506 792 187
3 506 862 792
3 506 933 862
3 507 751 463
3 507 914 751
3 508 866 168
3 508 867 866
3 509 592 492
3 509 879 502
3 510 721 308
3 510 834 487
3 511 764 312
3 511 822 764
3 512 840 241
3 512 942 840
3 513 616 28
3 513 789 430
3 514 891 214
3 514 913 891
3 515 871 311
3 516 851 193
3 517 817 124
3 517 848 817
3 518 902 423
3 518 929 902
3 519 520 518
3 519 602 520
3 519 875 602
3 520 602 593
3 520 929 518
3 521 522 335
3 521 877 522
3 522 750 335
3 522 785 750
3 522 894 785
3 523 621 524
3 523 939 176
3 524 843 725
3 524 888 174
3 524 939 523
3 525 526 393
3 525 610 526
3 525 811 130
3 526 548 393
3 526 549 548
3 526 550 549
3 526 610 550
3 527 785 374
3 527 926 785
3 528 727 493
3 528 833 340
3 529 658 606
3 529 834 301
3 530 859 344
3 530 916 859
3 531 644 465
3 531 764 644
3 531 871 515
3 532 710 375
3 532 740 710
3 532 772 144
3 533 879 266
3 534 641 372
3 534 893 641
3 534 935 893
3 535 642 317
3 535 858 642
3 536 844 535
3 536 912 844
3 537 634 402
3 537 899 435
3 538 634 537
3 538 777 634
3 538 883 643
3 539 540 286
3 539 796 483
3 539 880 540
3 540 880 802
3 540 904 283
3 541 795 385
3 541 905 795
3 541 933 905
3 542 917 865
3 542 938 145
3 543 544 109
3 543 593 544
3 543 929 593
3 544 935 141
3 545 613 394
3 545 677 136
3 546 677 545
3 546 678 677
3 546 695 678
3 546 709 695
3 547 610 130
3 547 908 610
3 548 551 393
3 548 787 551
3 548 931 313
3 549 931 548
3 549 932 931
3 550 552 549
3 550 553 552
3 550 908 553
3 551 742 305
3 551 787 742
3 552 638 320
3 552 932 549
3 553 554 552
3 553 854 554
3 553 908 619
3 554 638 552
3 554 639 638
3 554 640 639
3 554 854 640
3 555 556 161
3 555 557 556
3 556 760 161
3 556 897 760
3 557 558 556
3 558 897 556
3 559 560 558
3 559 561 560
3 559 562 561
3 559 915 562
3 560 598 558
3 560 599 598
3 560 600 599
3 561 600 560
3 561 918 600
3 562 563 561
3 562 564 563
3 562 565 564
3 562 915 565
3 563 758 243
3 563 759 561
3 564 758 563
3 564 910 758
3 565 669 564
3 565 816 669
3 565 915 800
3 566 567 138
3 566 582 567
3 566 583 582
3 567 568 138
3 567 569 568
3 567 585 569
3 568 736 138
3 569 570 568
3 569 584 570
3 569 587 584
3 569 886 587
3 570 571 568
3 570 572 571
3 570 573 572
3 570 584 573
3 571 736 568
3 571 849 607
3 572 849 571
3 573 574 572
3 573 575 574
3 573 579 575
3 573 584 579
3 574 576 572
3 574 577 576
3 574 618 577
3 575 618 574
3 576 849 572
3 577 578 576
3 577 580 578
3 577 586 580
3 577 618 586
3 578 782 576
3 579 589 575
3 579 762 589
3 580 581 578
3 580 737 581
3 581 735 578
3 581 737 629
3 582 585 567
3 582 643 585
3 582 777 643
3 583 777 582
3 584 761 579
3 584 892 761
3 585 886 569
3 586 588 580
3 586 845 588
3 586 928 222
3 587 886 257
3 587 892 584
3 588 737 580
3 588 845 190
3 589 590 575
3 589 591 590
3 589 762 203
3 589 831 591
3 590 618 575
3 590 928 618
3 591 781 590
3 591 791 781
3 591 831 791
3 592 833 493
3 593 594 544
3 593 755 594
3 593 929 520
3 594 935 544
3 595 788 491
3 595 848 788
3 596 817 484
3 597 812 44
3 597 830 405
3 597 943 830
3 598 897 558
3 598 923 897
3 599 919 188
3 599 923 598
3 600 601 599
3 600 918 245
3 601 813 801
3 601 837 813
3 601 919 599
3 602 755 593
3 602 874 316
3 602 875 874
3 603 909 155
3 604 734 437
3 604 861 146
3 605 902 132
3 606 658 474
3 606 834 529
3 607 736 571
3 607 782 125
3 607 849 782
3 608 696 389
3 608 853 696
3 609 927 133
3 610 908 550
3 611 808 143
3 611 815 808
3 612 853 501
3 613 772 394
3 614 789 513
3 614 840 442
3 614 925 789
3 615 750 444
3 615 799 9
3 616 722 269
3 617 825 441
3 617 942 825
3 618 928 586
3 619 854 553
3 619 908 547
3 620 788 503
3 620 879 509
3 621 843 524
3 621 881 443
3 622 871 464
3 622 877 311
3 623 624 97
3 623 631 624
3 623 735 631
3 624 625 135
3 624 631 625
3 625 626 135
3 625 627 626
3 625 629 627
3 625 631 629
3 626 675 135
3 627 628 626
3 627 652 628
3 628 632 626
3 628 633 632
3 628 652 345
3 629 630 627
3 629 631 581
3 629 920 630
3 630 652 627
3 630 857 652
3 630 920 242
3 631 735 581
3 632 645 150
3 632 675 626
3 633 645 632
3 633 646 645
3 633 651 646
3 634 777 143
3 634 808 402
3 635 636 158
3 635 748 636
3 636 748 416
3 636 754 158
3 636 906 754
3 637 934 409
3 638 639 328
3 639 832 328
3 639 841 369
3 640 841 639
3 640 854 142
3 640 900 841
3 641 771 372
3 641 806 771
3 641 807 339
3 641 893 807
3 642 796 317
3 642 858 476
3 643 777 538
3 643 821 585
3 643 883 254
3 644 764 498
3 644 827 465
3 645 673 150
3 646 647 645
3 646 648 647
3 646 651 352
3 647 649 134
3 647 673 645
3 648 649 647
3 648 752 649
3 649 653 134
3 649 654 653
3 649 752 654
3 650 717 152
3 650 747 717
3 650 870 747
3 652 907 345
3 653 654 149
3 654 655 149
3 654 656 655
3 654 752 656
3 655 756 149
3 655 823 756
3 655 890 823
3 656 752 356
3 656 783 366
3 656 890 655
3 657 875 519
3 657 936 838
3 658 817 596
3 659 828 380
3 660 767 500
3 660 829 321
3 661 732 340
3 661 833 592
3 662 878 147
3 663 664 131
3 663 665 664
3 663 718 665
3 664 669 131
3 665 666 664
3 665 667 666
3 665 670 667
3 665 718 670
3 666 668 664
3 666 896 668
3 667 873 666
3 668 669 664
3 668 896 885
3 668 910 669
3 669 816 131
3 669 910 564
3 670 671 667
3 670 718 127
3 670 804 671
3 671 672 667
3 671 804 691
3 671 809 672
3 672 873 667
3 674 835 154
3 676 768 139
3 677 744 136
3 678 679 677
3 678 680 679
3 678 681 680
3 678 695 681
3 679 744 677
3 679 770 701
3 680 770 679
3 681 682 680
3 681 694 682
3 681 695 252
3 682 683 680
3 682 684 683
3 682 720 684
3 683 770 680
3 683 786 770
3 684 685 683
3 684 686 685
3 684 720 256
3 685 786 683
3 685 819 786
3 686 687 685
3 686 688 687
3 686 693 688
3 687 819 685
3 687 836 819
3 688 689 687
3 688 690 689
3 688 728 690
3 689 836 687
3 690 691 689
3 690 728 258
3 690 809 691
3 691 692 689
3 691 804 692
3 691 809 671
3 692 804 780
3 692 836 689
3 692 850 836
3 693 728 688
3 694 720 682
3 695 714 252
3 696 799 444
3 696 853 183
3 697 703 86
3 698 699 697
3 698 823 708
3 698 842 699
3 699 703 697
3 699 860 446
3 699 884 703
3 700 819 148
3 701 744 679
3 701 770 128
3 702 937 151
3 703 884 129
3 704 860 360
3 705 937 445
3 706 766 81
3 707 708 366
3 707 842 708
3 708 842 698
3 708 890 366
3 709 714 695
3 710 740 455
3 711 766 706
3 711 878 662
3 712 774 296
3 712 936 413
3 713 774 712
3 713 934 304
3 715 740 144
3 716 740 715
3 716 930 455
3 717 746 152
3 717 856 458
3 719 723 382
3 721 822 308
3 723 868 399
3 724 863 396
3 724 867 244
3 725 843 419
3 725 863 724
3 725 888 524
3 726 913 215
3 727 803 489
3 729 896 259
3 730 768 676
3 730 868 768
3 730 878 404
3 731 752 648
3 732 828 272
3 733 779 403
3 733 876 348
3 734 814 406
3 735 782 578
3 737 920 629
3 738 852 341
3 738 901 429
3 739 885 729
3 741 784 494
3 742 787 299
3 743 901 452
3 743 913 456
3 745 815 611
3 745 922 401
3 746 773 408
3 746 927 609
3 747 856 717
3 747 870 36
3 748 778 416
3 748 861 778
3 749 906 636
3 750 926 400
3 751 914 331
3 753 843 621
3 754 872 158
3 754 906 153
3 755 807 594
3 755 820 807
3 756 823 137
3 757 882 71
3 757 930 716
3 758 885 739
3 758 910 885
3 759 918 561
3 760 897 253
3 761 762 579
3 761 797 762
3 761 892 211
3 762 903 203
3 763 844 469
3 763 858 844
3 764 822 498
3 765 852 428
3 765 881 460
3 766 887 80
3 767 895 505
3 768 868 422
3 769 792 431
3 769 865 361
3 769 876 865
3 770 786 128
3 771 806 273
3 775 883 436
3 776 805 453
3 776 901 738
3 778 861 437
3 780 804 127
3 780 850 692
3 781 791 179
3 781 928 590
3 782 849 576
3 784 864 494
3 784 924 321
3 785 894 374
3 785 926 750
3 786 819 700
3 788 848 277
3 789 925 358
3 790 899 327
3 791 831 180
3 792 940 431
3 793 923 188
3 794 876 769
3 795 905 447
3 797 903 762
3 798 932 320
3 800 816 565
3 800 915 126
3 801 813 173
3 801 919 601
3 802 803 540
3 802 880 483
3 803 904 540
3 805 889 453
3 807 820 339
3 807 893 594
3 808 815 402
3 809 824 672
3 810 892 587
3 811 909 603
3 812 900 142
3 813 837 178
3 814 927 408
3 817 848 484
3 818 934 637
3 819 836 148
3 821 886 585
3 823 890 708
3 824 855 672
3 825 891 449
3 825 942 214
3 826 851 516
3 827 898 507
3 829 864 321
3 830 938 434
3 830 943 145
3 835 930 154
3 836 850 148
3 838 875 657
3 838 936 296
3 839 851 425
3 840 942 617
3 841 900 424
3 842 860 699
3 844 858 535
3 844 912 469
3 846 921 358
3 846 925 442
3 847 902 605
3 847 906 749
3 852 941 341
3 855 873 672
3 856 909 457
3 857 907 652
3 859 869 344
3 859 916 440
3 862 933 541
3 862 940 792
3 865 876 733
3 865 917 361
3 865 938 542
3 866 867 447
3 866 905 227
3 869 889 344
3 873 896 666
3 874 875 284
3 877 894 522
3 884 911 129
3 885 896 729
3 885 910 668
3 891 913 451
3 893 935 594
3 894 944 374
3 895 898 505
3 897 923 253
3 898 914 507
3 902 929 132
3 905 933 227
3 911 937 702
3 922 935 534
3 931 932 798

CELL_TYPES 1766
5
5
5
5
5
5
5
5
5
5
5
5
5
5
5
5
5
5
5
5
5
5
5
5
5
5
5
5
5
5
5
5
5
5
5
5
5
5
5
5
5
5
5
5
5
5
5
5
5
5
5
5
5
5
5
5
5
5
5
5
5
5
5
5
5
5
5
5
5
5
5
5
5
5
5
5
5
5
5
5
5
5
5
5
5
5
5
5
5
5
5
5
5
5
5
5
5
5
5
5
5
5
5
5
5
5
5
5
5
5
5
5
5
5
5
5
5
5
5
5
5
5
5
5
5
5
5
5
5
5
5
5
5
5
5
5
5
5
5
5
5
5
5
5
5
5
5
5
5
5
5
5
5
5
5
5
5
5
5
5
5
5
5
5
5
5
5
5
5
5
5
5
5
5
5
5
5
5
5
5
5
5
5
5
5
5
5
5
5
5
5
5
5
5
5
5
5
5
5
5
5
5
5
5
5
5
5
5
5
5
5
5
5
5
5
5
5
5
5
5
5
5
5
5
5
5
5
5
5
5
5
5
5
5
5
5
5
5
5
5
5
5
5
5
5
5
5
5
5
5
5
5
5
5
5
5
5
5
5
5
5
5
5
5
5
5
5
5
5
5
5
5
5
5
5
5
5
5
5
5
5
5
5
5
5
5
5
5
5
5
5
5
5
5
5
5
5
5
5
5
5
5
5
5
5
5
5
5
5
5
5
5
5
5
5
5
5
5
5
5
5
5
5
5
5
5
5
5
5
5
5
5
5
5
5
5
5
5
5
5
5
5
5
5
5
5
5
5
5
5
5
5
5
5
5
5
5
5
5
5
5
5
5
5
5
5
5
5
5
5
5
5
5
5
5
5
5
5
5
5
5
5
5
5
5
5
5
5
5
5
5
5
5
5
5
5
5
5
5
5
5
5
5
5
5
5
5
5
5
5
5
5
5
5
5
5
5
5
5
5
5
5
5
5
5
5
5
5
5
5
5
5
5
5
5
5
5
5
5
5
5
5
5
5
5
5
5
5
5
5
5
5
5
5
5
5
5
5
5
5
5
5
5
5
5
5
5
5
5
5
5
5
5
5
5
5
5
5
5
5
5
5
5
5
5
5
5
5
5
5
5
5
5
5
5
5
5
5
5
5
5
5
5
5
5
5
5
5
5
5
5
5
5
5
5
5
5
5
5
5
5
5
5
5
5
5
5
5
5
5
5
5
5
5
5
5
5
5
5
5
5
5
5
5
5
5
5
5
5
5
5
5
5
5
5
5
5
5
5
5
5
5
5
5
5
5
5
5
5
5
5
5
5
5
5
5
5
5
5
5
5
5
5
5
5
5
5
5
5
5
5
5
5
5
5
5
5
5
5
5
5
5
5
5
5
5
5
5
5
5
5
5
5
5
5
5
5
5
5
5
5
5
5
5
5
5
5
5
5
5
5
5
5
5
5
5
5
5
5
5
5
5
5
5
5
5
5
5
5
5
5
5
5
5
5
5
5
5
5
5
5
5
5
5
5
5
5
5
5
5
5
5
5
5
5
5
5
5
5
5
5
5
5
5
5
5
5
5
5
5
5
5
5
5
5
5
5
5
5
5
5
5
5
5
5
5
5
5
5
5
5
5
5
5
5
5
5
5
5
5
5
5
5
5
5
5
5
5
5
5
5
5
5
5
5
5
5
5
5
5
5
5
5
5
5
5
5
5
5
5
5
5
5
5
5
5
5
5
5
5
5
5
5
5
5
5
5
5
5
5
5
5
5
5
5
5
5
5
5
5
5
5
5
5
5
5
5
5
5
5
5
5
5
5
5
5
5
5
5
5
5
5
5
5
5
5
5
5
5
5
5
5
5
5
5
5
5
5
5
5
5
5
5
5
5
5
5
5
5
5
5
5
5
5
5
5
5
5
5
5
5
5
5
5
5
5
5
5
5
5
5
5
5
5
5
5
5
5
5
5
5
5
5
5
5
5
5
5
5
5
5
5
5
5
5
5
5
5
5
5
5
5
5
5
5
5
5
5
5
5
5
5
5
5
5
5
5
5
5
5
5
5
5
5
5
5
5
5
5
5
5
5
5
5
5
5
5
5
5
5
5
5
5
5
5
5
5
5
5
5
5
5
5
5
5
5
5
5
5
5
5
5
5
5
5
5
5
5
5
5
5
5
5
5
5
5
5
5
5
5
5
5
5
5
5
5
5
5
5
5
5
5
5
5
5
5
5
5
5
5
5
5
5
5
5
5
5
5
5
5
5
5
5
5
5
5
5
5
5
5
5
5
5
5
5
5
5
5
5
5
5
5
5
5
5
5
5
5
5
5
5
5
5
5
5
5
5
5
5
5
5
5
5
5
5
5
5
5
5
5
5
5
5
5
5
5
5
5
5
5
5
5
5
5
5
5
5
5
5
5
5
5
5
5
5
5
5
5
5
5
5
5
5
5
5
5
5
5
5
5
5
5
5
5
5
5
5
5
5
5
5
5
5
5
5
5
5
5
5
5
5
5
5
5
5
5
5
5
5
5
5
5
5
5
5
5
5
5
5
5
5
5
5
5
5
5
5
5
5
5
5
5
5
5
5
5
5
5
5
5
5
5
5
5
5
5
5
5
5
5
5
5
5
5
5
5
5
5
5
5
5
5
5
5
5
5
5
5
5
5
5
5
5
5
5
5
5
5
5
5
5
5
5
5
5
5
5
5
5
5
5
5
5
5
5
5
5
5
5
5
5
5
5
5
5
5
5
5
5
5
5
5
5
5
5
5
5
5
5
5
5
5
5
5
5
5
5
5
5
5
5
5
5
5
5
5
5
5
5
5
5
5
5
5
5
5
5
5
5
5
5
5
5
5
5
5
5
5
5
5
5
5
5
5
5
5
5
5
5
5
5
5
5
5
5
5
5
5
5
5
5
5
5
5
5
5
5
5
5
5
5
5
5
5
5
5
5
5
5
5
5
5
5
5
5
5
5
5
5
5
5
5
5
5
5
5
5
5
5
5
5
5
5
5
5
5
5
5
5
5
5
5
5
5
5
5
5
5
5
5
5
5
5
5
5
5
5
5
5
5
5
5
5
5
5
5
5
5
5
5
5
5
5
5
5
5
5
5
5
5
5
5
5
5
5
5
5
5
5
5
5
5
5
5
5
5
5
5
5
5
5
5
5
5
5
5
5
5
5
5
5
5
5
5
5
5
5
5
5
5
5
5
5
5
5
5
5
5
5
5
5
5
5
5
5
5
5
5
5
5
5
5
5
5
5
5
5
5
5
5
5
5
5
5
5
5
5
5
5
5
5
5
5
5
5
5
5
5
5
5
5
5
5
5
5
5
5
5
5
5
5
5
5
5
5
5
5
5
5
5
5
5
5
5
5
5
5
5
5
5
5
5
5
5
5
5
5
5
5
5
5
5
5
5
5
5
5
5
5
5
5
5
5
5
5
5
5
5
5
5
5
5
5
5
5
5
5
5
5
5
5
5
5
5
5
5
5
5
5
5
5
5
5
5
5
5
5
5
5
5
5
5
5
5
5
5
5
5
5
5
5
5
5
5
5
5
5
5
5
5
5
5
5
5
5
5
5
5
5
5
5
5
5
5
5
5
5
5
5
5
5
5
5
5
5
5
5
5
5
5
5
5
5
5
5
5
5
5
5
5
5
5
5
5
5
5
5
5
5
5
5
5
5
5
5
5
5
5
5
5
5
5
5
5
5
5
5
5
5
5
5
5
5
5
5
5
5
5
5
5
5
5
5
5
5
5
5
5
5
5
5
5
5
5
5
5
5
5
5
5
5
5
5
5
5
5
5
5
5
5
5
5
5
5
5
5
5
5
5
5
5
5
5
5
5
5
5
5
5
5
5
5
5
5
5
5
5
5
5
5
5
5
5
5
5
5
5
5
5
5
5
5
5
5
5
5
5
5
5
5
5
5
5
5
5
5
5
5
5
5
5
5
5
5
5
5
5
5
5
5
5
5
5
5
5
5
5
5
5
5
5
5
5
5
5
5
POINT_DATA 945
FIELD FieldData 2
VELOCITY 3 945  float
1.0000000e-01 0.0000000e+00 0.0000000e+00 
1.0000046e-01 0.0000000e+00 0.0000000e+00 
1.0000014e-01 0.0000000e+00 0.0000000e+00 
1.0000000e-01 0.0000000e+00 0.0000000e+00 
0.0000000e+00 0.0000000e+00 0.0000000e+00 
0.0000000e+00 0.0000000e+00 0.0000000e+00 
0.0000000e+00 0.0000000e+00 0.0000000e+00 
0.0000000e+00 0.0000000e+00 0.0000000e+00 
0.0000000e+00 0.0000000e+00 0.0000000e+00 
0.0000000e+00 0.0000000e+00 0.0000000e+00 
0.0000000e+00 0.0000000e+00 0.0000000e+00 
0.0000000e+00 0.0000000e+00 0.0000000e+00 
0.0000000e+00 0.0000000e+00 0.0000000e+00 
0.0000000e+00 0.0000000e+00 0.0000000e+00 
0.0000000e+00 0.0000000e+00 0.0000000e+00 
0.0000000e+00 0.0000000e+00 0.0000000e+00 
0.0000000e+00 0.0000000e+00 0.0000000e+00 
0.0000000e+00 0.0000000e+00 0.0000000e+00 
0.0000000e+00 0.0000000e+00 0.0000000e+00 
0.0000000e+00 0.0000000e+00 0.0000000e+00 
0.0000000e+00 0.0000000e+00 0.0000000e+00 
0.0000000e+00 0.0000000e+00 0.0000000e+00 
0.0000000e+00 0.0000000e+00 0.0000000e+00 
0.0000000e+00 0.0000000e+00 0.0000000e+00 
0.0000000e+00 0.0000000e+00 0.0000000e+00 
0.0000000e+00 0.0000000e+00 0.0000000e+00 
0.0000000e+00 0.0000000e+00 0.0000000e+00 
0.0000000e+00 0.0000000e+00 0.0000000e+00 
0.0000000e+00 0.0000000e+00 0.0000000e+00 
0.0000000e+00 0.0000000e+00 0.0000000e+00 
0.0000000e+00 0.0000000e+00 0.0000000e+00 
0.0000000e+00 0.0000000e+00 0.0000000e+00 
0.0000000e+00 0.0000000e+00 0.0000000e+00 
0.0000000e+00 0.0000000e+00 0.0000000e+00 
0.0000000e+00 0.0000000e+00 0.0000000e+00 
0.0000000e+00 0.0000000e+00 0.0000000e+00 
1.0018178e-01 -6.0584518e-28 0.0000000e+00 
1.0074953e-01 9.0472879e-26 0.0000000e+00 
1.0188414e-01 9.0472879e-26 0.0000000e+00 
1.0385718e-01 9.0472879e-26 0.0000000e+00 
1.0689740e-01 -2.5849394e-25 0.0000000e+00 
1.1097859e-01 -2.5849394e-25 0.0000000e+00 
1.1603596e-01 -2.5849394e-25 0.0000000e+00 
1.2151701e-01 2.0679515e-24 0.0000000e+00 
1.2680611e-01 -9.3057819e-25 0.0000000e+00 
1.3098441e-01 2.0679515e-24 0.0000000e+00 
1.3351865e-01 3.3087225e-24 0.0000000e+00 
1.3405021e-01 3.3087225e-24 0.0000000e+00 
1.3248381e-01 3.3087225e-24 0.0000000e+00 
1.2886810e-01 -8.2718061e-25 0.0000000e+00 
1.2339327e-01 -8.2718061e-25 0.0000000e+00 
1.1721726e-01 -8.2718061e-25 0.0000000e+00 
1.1170657e-01 0.0000000e+00 0.0000000e+00 
1.0743352e-01 0.0000000e+00 0.0000000e+00 
1.0439926e-01 0.0000000e+00 0.0000000e+00 
1.0252400e-01 -1.0339758e-25 0.0000000e+00 
1.0142858e-01 -1.0339758e-25 0.0000000e+00 
1.0080814e-01 -1.0339758e-25 0.0000000e+00 
1.0045267e-01 1.5509636e-25 0.0000000e+00 
1.0025518e-01 1.5509636e-25 0.0000000e+00 
1.0014649e-01 1.5509636e-25 0.0000000e+00 
1.0008300e-01 7.7548182e-26 0.0000000e+00 
1.0004728e-01 7.7548182e-26 0.0000000e+00 
1.0002680e-01 7.7548182e-26 0.0000000e+00 
1.0001519e-01 2.2618220e-26 0.0000000e+00 
1.0000863e-01 2.2618220e-26 0.0000000e+00 
1.0000497e-01 2.2618220e-26 0.0000000e+00 
1.0000288e-01 -3.6603146e-28 0.0000000e+00 
1.0000171e-01 -3.6603146e-28 0.0000000e+00 
1.0000104e-01 -3.6603146e-28 0.0000000e+00 
1.0000066e-01 4.0389678e-28 0.0000000e+00 
1.0000037e-01 1.8732513e-07 0.0000000e+00 
1.0000022e-01 3.0153836e-07 0.0000000e+00 
1.0000001e-01 3.2819489e-07 0.0000000e+00 
9.9999838e-02 2.5577344e-07 0.0000000e+00 
9.9999733e-02 1.0395272e-07 0.0000000e+00 
9.9999711e-02 -5.8976308e-08 0.0000000e+00 
9.9999815e-02 -1.8663233e-07 0.0000000e+00 
9.9999949e-02 -1.8866119e-07 0.0000000e+00 
1.0000006e-01 -1.2887848e-07 0.0000000e+00 
1.0000027e-01 4.0389678e-28 0.0000000e+00 
1.0000058e-01 -1.2621774e-27 0.0000000e+00 
1.0000113e-01 -1.2621774e-27 0.0000000e+00 
1.0000220e-01 -1.2621774e-27 0.0000000e+00 
1.0000417e-01 8.1789099e-27 0.0000000e+00 
1.0000750e-01 8.1789099e-27 0.0000000e+00 
1.0001373e-01 8.1789099e-27 0.0000000e+00 
1.0002505e-01 -2.5849394e-26 0.0000000e+00 
1.0004438e-01 -2.5849394e-26 0.0000000e+00 
1.0007846e-01 -2.5849394e-26 0.0000000e+00 
1.0013971e-01 0.0000000e+00 0.0000000e+00 
1.0025092e-01 0.0000000e+00 0.0000000e+00 
1.0044821e-01 0.0000000e+00 0.0000000e+00 
1.0079919e-01 -6.2038546e-25 0.0000000e+00 
1.0141961e-01 -6.2038546e-25 0.0000000e+00 
1.0250106e-01 -6.2038546e-25 0.0000000e+00 
1.0434873e-01 0.0000000e+00 0.0000000e+00 
1.0734517e-01 0.0000000e+00 0.0000000e+00 
1.1165240e-01 0.0000000e+00 0.0000000e+00 
1.1725283e-01 5.1698788e-24 0.0000000e+00 
1.2350587e-01 5.1698788e-24 0.0000000e+00 
1.2887903e-01 5.1698788e-24 0.0000000e+00 
1.3256481e-01 1.6543612e-24 0.0000000e+00 
1.3423912e-01 1.6543612e-24 0.0000000e+00 
1.3365300e-01 1.6543612e-24 0.0000000e+00 
1.3097520e-01 5.1698788e-26 0.0000000e+00 
1.2672247e-01 5.1698788e-26 0.0000000e+00 
1.2150598e-01 5.1698788e-26 0.0000000e+00 
1.1606357e-01 5.1698788e-25 0.0000000e+00 
1.1098114e-01 5.1698788e-25 0.0000000e+00 
1.0686620e-01 5.1698788e-25 0.0000000e+00 
1.0379212e-01 0.0000000e+00 0.0000000e+00 
1.0181884e-01 0.0000000e+00 0.0000000e+00 
1.0071404e-01 0.0000000e+00 0.0000000e+00 
1.0015640e-01 9.6935228e-27 0.0000000e+00 
1.0000000e-01 0.0000000e+00 0.0000000e+00 
1.0000000e-01 0.0000000e+00 0.0000000e+00 
1.0000000e-01 0.0000000e+00 0.0000000e+00 
1.0000000e-01 0.0000000e+00 0.0000000e+00 
1.0000000e-01 0.0000000e+00 0.0000000e+00 
1.0000000e-01 0.0000000e+00 0.0000000e+00 
1.0000000e-01 0.0000000e+00 0.0000000e+00 
1.0000000e-01 0.0000000e+00 0.0000000e+00 
1.0000000e-01 0.0000000e+00 0.0000000e+00 
1.0354897e-02 8.6385673e-03 0.0000000e+00 
1.1387266e-01 -4.5644618e-03 0.0000000e+00 
1.2042416e-01 5.5653802e-03 0.0000000e+00 
1.0095111e-01 5.1345635e-04 0.0000000e+00 
1.0005312e-01 2.8690301e-05 0.0000000e+00 
1.0000485e-01 -2.6679802e-06 0.0000000e+00 
1.0454326e-01 -2.8322944e-03 0.0000000e+00 
1.0514498e-01 2.5347145e-03 0.0000000e+00 
1.0479454e-01 2.4090803e-03 0.0000000e+00 
9.9874385e-02 -1.8235503e-04 0.0000000e+00 
1.0029045e-01 -1.6602868e-04 0.0000000e+00 
1.0297567e-01 -1.5524379e-03 0.0000000e+00 
1.0000944e-01 5.5068413e-06 0.0000000e+00 
1.0002918e-01 -1.5341351e-05 0.0000000e+00 
1.3156931e-01 -3.0159708e-03 0.0000000e+00 
9.9999636e-02 2.5715528e-07 0.0000000e+00 
1.3428473e-01 1.3127625e-03 0.0000000e+00 
1.1890533e-01 3.9797933e-03 0.0000000e+00 
1.1883941e-01 -4.8298505e-03 0.0000000e+00 
1.3346413e-01 2.4490848e-03 0.0000000e+00 
1.0000181e-01 1.0875406e-06 0.0000000e+00 
1.3336118e-01 -2.1782140e-03 0.0000000e+00 
9.9946596e-02 3.8782929e-04 0.0000000e+00 
9.9999651e-02 -1.8376073e-07 0.0000000e+00 
1.0016724e-01 8.7546287e-05 0.0000000e+00 
1.0008945e-01 -4.9900173e-05 0.0000000e+00 
1.0093640e-01 -5.2133924e-04 0.0000000e+00 
1.0000125e-01 -8.4424977e-07 0.0000000e+00 
1.0000746e-01 -4.8500940e-04 0.0000000e+00 
1.0108207e-01 8.1155961e-04 0.0000000e+00 
1.0000012e-01 4.2429232e-07 0.0000000e+00 
1.0103162e-01 -9.4192196e-04 0.0000000e+00 
1.0000006e-01 -2.3205494e-07 0.0000000e+00 
1.0000072e-01 3.1786155e-07 0.0000000e+00 
1.0003939e-01 3.6389712e-04 0.0000000e+00 
1.3482971e-01 -3.9803149e-04 0.0000000e+00 
1.3719481e-01 7.2918396e-04 0.0000000e+00 
1.3510950e-01 4.1548125e-03 0.0000000e+00 
1.3900192e-01 4.3132682e-03 0.0000000e+00 
1.4059906e-01 1.1743896e-04 0.0000000e+00 
1.4122009e-01 4.0662745e-03 0.0000000e+00 
1.3759506e-01 8.9950403e-03 0.0000000e+00 
1.3343239e-01 9.5616868e-03 0.0000000e+00 
1.2811995e-01 1.4685296e-02 0.0000000e+00 
1.1080324e-01 1.5266865e-02 0.0000000e+00 
1.0821114e-01 1.8910483e-02 0.0000000e+00 
8.3320245e-02 1.7835841e-02 0.0000000e+00 
8.2438767e-02 2.0841636e-02 0.0000000e+00 
5.4603331e-02 1.6699089e-02 0.0000000e+00 
5.5156097e-02 1.9158907e-02 0.0000000e+00 
2.7541544e-02 1.2540312e-02 0.0000000e+00 
3.2639593e-02 1.4001969e-02 0.0000000e+00 
1.1498371e-02 5.8580576e-03 0.0000000e+00 
2.2016592e-02 5.4255077e-03 0.0000000e+00 
4.0985096e-02 1.4716843e-02 0.0000000e+00 
3.4621131e-02 3.7309995e-03 0.0000000e+00 
1.4794448e-02 -3.3059458e-03 0.0000000e+00 
5.3075541e-02 1.4418327e-02 0.0000000e+00 
4.9490623e-02 9.9886360e-04 0.0000000e+00 
3.0251753e-03 1.0400540e-04 0.0000000e+00 
-1.3209778e-03 -2.7564564e-03 0.0000000e+00 
6.5433316e-02 1.2872716e-02 0.0000000e+00 
6.4565979e-02 -2.0321445e-04 0.0000000e+00 
1.4314531e-01 -1.3229821e-03 0.0000000e+00 
1.0874109e-01 2.1757191e-02 0.0000000e+00 
7.6640777e-02 9.7633442e-03 0.0000000e+00 
7.7485383e-02 -1.5310412e-03 0.0000000e+00 
5.3898776e-03 -2.4165714e-03 0.0000000e+00 
2.1704640e-02 -1.0315225e-02 0.0000000e+00 
-1.6018808e-03 1.3413442e-03 0.0000000e+00 
8.4654808e-02 5.8105458e-03 0.0000000e+00 
8.6901322e-02 -2.3059251e-03 0.0000000e+00 
9.1031782e-02 2.9805196e-03 0.0000000e+00 
9.2499368e-02 -1.2443103e-03 0.0000000e+00 
9.4898127e-02 1.6384589e-03 0.0000000e+00 
9.5777437e-02 -8.6700526e-04 0.0000000e+00 
9.7065732e-02 8.2214468e-04 0.0000000e+00 
1.2748826e-02 -7.5385217e-03 0.0000000e+00 
3.7381701e-02 -1.4209068e-02 0.0000000e+00 
5.0717458e-02 -1.8310016e-02 0.0000000e+00 
3.2328263e-02 -1.0980469e-02 0.0000000e+00 
5.9145030e-02 -1.5974449e-02 0.0000000e+00 
5.3014580e-02 -1.2728105e-02 0.0000000e+00 
8.3890587e-02 -1.6031496e-02 0.0000000e+00 
7.6707214e-02 -1.3012230e-02 0.0000000e+00 
1.0755628e-01 -1.3993437e-02 0.0000000e+00 
1.0635842e-01 -1.0912422e-02 0.0000000e+00 
1.0955771e-01 -1.7045837e-02 0.0000000e+00 
1.2742262e-01 -9.7105168e-03 0.0000000e+00 
1.2904230e-01 -5.6287348e-03 0.0000000e+00 
9.8878406e-03 -3.0662816e-03 0.0000000e+00 
-6.8874484e-05 1.7968668e-03 0.0000000e+00 
9.7707696e-02 -5.2934740e-04 0.0000000e+00 
9.8351553e-02 3.8074364e-04 0.0000000e+00 
9.8784946e-02 -4.2870978e-04 0.0000000e+00 
9.9109381e-02 1.6396193e-04 0.0000000e+00 
1.3921024e-01 -4.4007446e-03 0.0000000e+00 
1.4126490e-01 3.1577252e-04 0.0000000e+00 
6.2974215e-02 -1.1947894e-02 0.0000000e+00 
9.9343732e-02 -2.4872788e-04 0.0000000e+00 
9.9501900e-02 7.7220946e-05 0.0000000e+00 
9.9638373e-02 -1.4587835e-04 0.0000000e+00 
9.9721596e-02 3.3610391e-05 0.0000000e+00 
1.1628846e-01 1.1515217e-02 0.0000000e+00 
9.9800698e-02 -8.5864354e-05 0.0000000e+00 
9.9844716e-02 1.3846876e-05 0.0000000e+00 
9.9888287e-02 -4.9362890e-05 0.0000000e+00 
9.9912830e-02 5.6205286e-06 0.0000000e+00 
-6.4443186e-04 -1.5829039e-03 0.0000000e+00 
9.9938162e-02 -2.8515446e-05 0.0000000e+00 
9.9950187e-02 2.1281862e-06 0.0000000e+00 
9.9966116e-02 -1.8475330e-05 0.0000000e+00 
9.9972129e-02 -7.8119356e-08 0.0000000e+00 
9.9981666e-02 -1.0654628e-05 0.0000000e+00 
9.9984415e-02 -3.6116464e-07 0.0000000e+00 
1.2935817e-01 -1.4956896e-03 0.0000000e+00 
1.4277750e-01 5.9640994e-03 0.0000000e+00 
3.1784907e-02 -3.9491779e-03 0.0000000e+00 
9.3582824e-02 -5.8057681e-03 0.0000000e+00 
9.0907097e-02 1.3176542e-02 0.0000000e+00 
5.5181306e-02 1.3417979e-02 0.0000000e+00 
7.9028785e-02 2.2490196e-02 0.0000000e+00 
9.9989824e-02 -6.0646571e-06 0.0000000e+00 
9.9991232e-02 -3.3943951e-07 0.0000000e+00 
9.9994376e-02 -3.4777427e-06 0.0000000e+00 
9.9995069e-02 -2.5631448e-07 0.0000000e+00 
9.9994332e-02 2.8128477e-06 0.0000000e+00 
9.9996768e-02 1.5548904e-06 0.0000000e+00 
9.9982567e-02 9.4825982e-06 0.0000000e+00 
1.3244246e-01 1.3442921e-02 0.0000000e+00 
1.4271186e-01 -2.3252422e-05 0.0000000e+00 
9.9996939e-02 -2.0147834e-06 0.0000000e+00 
9.9909298e-02 6.1654777e-05 0.0000000e+00 
1.3661292e-01 -8.3812894e-03 0.0000000e+00 
9.9528432e-02 4.0389239e-04 0.0000000e+00 
9.7432397e-02 2.6451650e-03 0.0000000e+00 
1.3436797e-01 5.1130964e-03 0.0000000e+00 
1.4374839e-01 1.2239726e-02 0.0000000e+00 
1.4388949e-01 1.0062885e-02 0.0000000e+00 
1.4270662e-01 1.5609757e-02 0.0000000e+00 
1.4294448e-01 1.9788012e-02 0.0000000e+00 
1.3984905e-01 2.1551492e-02 0.0000000e+00 
5.1745810e-02 4.0863995e-02 0.0000000e+00 
1.4005691e-01 2.7327962e-02 0.0000000e+00 
1.3491100e-01 2.6469782e-02 0.0000000e+00 
6.1001994e-02 2.2115679e-02 0.0000000e+00 
1.3442342e-01 1.9872485e-02 0.0000000e+00 
1.2914774e-01 2.3060970e-02 0.0000000e+00 
1.2790573e-01 3.1293530e-02 0.0000000e+00 
1.2283531e-01 2.5128538e-02 0.0000000e+00 
1.1930527e-01 3.1925194e-02 0.0000000e+00 
1.1630638e-01 2.5161542e-02 0.0000000e+00 
1.1146451e-01 3.0330604e-02 0.0000000e+00 
2.8656280e-02 3.8233906e-02 0.0000000e+00 
1.1036306e-01 2.3280788e-02 0.0000000e+00 
1.0457394e-01 2.6449304e-02 0.0000000e+00 
1.0557351e-01 2.0333150e-02 0.0000000e+00 
1.0021774e-01 2.1774027e-02 0.0000000e+00 
1.0202385e-01 1.6798303e-02 0.0000000e+00 
9.6734516e-02 1.7420124e-02 0.0000000e+00 
9.9760301e-02 1.2964043e-02 0.0000000e+00 
9.5978498e-02 1.1959945e-02 0.0000000e+00 
9.1668479e-02 1.4411900e-02 0.0000000e+00 
9.2790559e-02 9.5407050e-03 0.0000000e+00 
8.7883867e-02 1.0162977e-02 0.0000000e+00 
9.0175651e-02 6.2275752e-03 0.0000000e+00 
8.5893355e-02 4.8383330e-03 0.0000000e+00 
8.9792386e-02 2.2513987e-03 0.0000000e+00 
8.6193904e-02 -5.9599063e-04 0.0000000e+00 
9.0493970e-02 -1.3719751e-03 0.0000000e+00 
8.8477761e-02 -5.0817458e-03 0.0000000e+00 
9.2462800e-02 -4.2498130e-03 0.0000000e+00 
9.5845535e-02 7.9610553e-03 0.0000000e+00 
9.1798164e-02 -8.0506466e-03 0.0000000e+00 
8.6641692e-02 -1.0363895e-02 0.0000000e+00 
9.2488818e-02 -1.2394669e-02 0.0000000e+00 
8.8468641e-02 -1.7857336e-02 0.0000000e+00 
1.3678379e-02 -2.2772942e-02 0.0000000e+00 
9.4985582e-02 -1.7085474e-02 0.0000000e+00 
9.3376361e-02 -2.3278514e-02 0.0000000e+00 
9.2966877e-02 1.4245471e-03 0.0000000e+00 
9.4868489e-02 -6.0832016e-03 0.0000000e+00 
9.9120900e-02 -2.0741083e-02 0.0000000e+00 
9.9266738e-02 -2.7301118e-02 0.0000000e+00 
4.3688722e-02 -4.4772279e-02 0.0000000e+00 
1.0452082e-01 -2.2914797e-02 0.0000000e+00 
1.0654803e-01 -2.9264649e-02 0.0000000e+00 
6.7896508e-02 -1.3793592e-02 0.0000000e+00 
6.1573174e-02 -3.4656368e-02 0.0000000e+00 
9.9452220e-02 -1.5513937e-02 0.0000000e+00 
9.7512379e-02 2.8650196e-02 0.0000000e+00 
8.1622303e-02 -1.5002792e-02 0.0000000e+00 
1.0618171e-01 1.5179254e-02 0.0000000e+00 
8.1038453e-02 9.6175736e-03 0.0000000e+00 
1.1063344e-01 -2.2894284e-02 0.0000000e+00 
1.1479884e-01 -2.9413512e-02 0.0000000e+00 
1.0801510e-01 -1.8079573e-02 0.0000000e+00 
9.2366710e-02 -3.1598482e-02 0.0000000e+00 
9.5195815e-02 -3.2868776e-03 0.0000000e+00 
9.7222649e-02 -4.6608746e-03 0.0000000e+00 
9.7205579e-02 -2.3656979e-03 0.0000000e+00 
9.8538831e-02 -3.1247127e-03 0.0000000e+00 
1.2932085e-01 1.7080937e-02 0.0000000e+00 
1.3352774e-01 1.4190612e-02 0.0000000e+00 
1.1684267e-01 -2.1508181e-02 0.0000000e+00 
1.2188708e-01 -2.5623396e-02 0.0000000e+00 
1.2165179e-01 -3.2764085e-02 0.0000000e+00 
1.2873006e-01 -2.9099055e-02 0.0000000e+00 
1.2678923e-01 -2.1542545e-02 0.0000000e+00 
1.3313027e-01 -2.2529483e-02 0.0000000e+00 
1.3641375e-01 -2.8359707e-02 0.0000000e+00 
3.4133192e-02 3.8104383e-03 0.0000000e+00 
1.3032624e-01 -1.6931120e-02 0.0000000e+00 
1.3930473e-01 -2.1254165e-02 0.0000000e+00 
1.4177401e-01 -2.4601100e-02 0.0000000e+00 
1.1468264e-01 1.9350136e-02 0.0000000e+00 
1.1311916e-01 3.8165472e-02 0.0000000e+00 
2.4035152e-02 -7.1119168e-03 0.0000000e+00 
9.9997468e-02 3.7867869e-06 0.0000000e+00 
9.9998549e-02 2.1507678e-06 0.0000000e+00 
8.1569366e-02 -1.0731091e-02 0.0000000e+00 
9.8950170e-02 -1.3315533e-03 0.0000000e+00 
1.1273675e-01 -2.1474971e-03 0.0000000e+00 
1.4340231e-01 -1.7919261e-02 0.0000000e+00 
1.4086275e-01 -1.4991517e-02 0.0000000e+00 
1.4068043e-01 -1.6516371e-02 0.0000000e+00 
9.9174157e-02 -4.9974672e-03 0.0000000e+00 
1.3773640e-01 -3.2646645e-02 0.0000000e+00 
9.9692561e-02 -4.0221887e-04 0.0000000e+00 
9.9998176e-02 8.7134686e-07 0.0000000e+00 
1.3849631e-01 2.4229923e-02 0.0000000e+00 
1.3702242e-01 3.2976128e-02 0.0000000e+00 
9.9910758e-02 -1.2461698e-04 0.0000000e+00 
1.2792495e-01 2.5677271e-02 0.0000000e+00 
1.2477518e-01 1.5706837e-02 0.0000000e+00 
1.2919097e-01 1.1959947e-02 0.0000000e+00 
9.9992558e-02 -1.3400667e-05 0.0000000e+00 
1.4112611e-01 -3.4199446e-03 0.0000000e+00 
1.4320312e-01 -1.1902263e-02 0.0000000e+00 
1.3302194e-01 -7.9766996e-03 0.0000000e+00 
1.3770089e-01 -4.8499466e-03 0.0000000e+00 
1.1982618e-01 3.5218176e-04 0.0000000e+00 
9.9976406e-02 -4.7390302e-05 0.0000000e+00 
9.8562010e-02 -1.6741639e-03 0.0000000e+00 
9.7792283e-02 -6.9212005e-04 0.0000000e+00 
1.2496787e-01 -1.6221449e-02 0.0000000e+00 
1.2832324e-01 -1.2019087e-02 0.0000000e+00 
9.9828623e-02 -3.1515604e-03 0.0000000e+00 
1.2468914e-01 1.3849169e-02 0.0000000e+00 
9.9999189e-02 1.2205398e-06 0.0000000e+00 
1.2585168e-01 -1.0580108e-02 0.0000000e+00 
9.9999815e-02 3.3596780e-06 0.0000000e+00 
9.9999748e-02 5.8669434e-06 0.0000000e+00 
9.9997967e-02 -4.3766991e-06 0.0000000e+00 
9.9998876e-02 -2.3522650e-06 0.0000000e+00 
1.2754838e-01 3.6718369e-02 0.0000000e+00 
1.3199545e-01 4.0628672e-02 0.0000000e+00 
1.2350699e-01 4.6940565e-02 0.0000000e+00 
9.9998295e-02 -1.0835304e-06 0.0000000e+00 
9.9999420e-02 -1.2761892e-06 0.0000000e+00 
1.2766549e-01 1.7805916e-03 0.0000000e+00 
1.0420819e-01 6.0800710e-03 0.0000000e+00 
8.7964453e-02 5.2416283e-03 0.0000000e+00 
7.1828365e-02 8.4890136e-03 0.0000000e+00 
5.1526800e-02 7.3281457e-03 0.0000000e+00 
4.1179702e-02 6.9056088e-03 0.0000000e+00 
6.0313761e-02 9.1496287e-03 0.0000000e+00 
3.3410955e-02 6.1479663e-03 0.0000000e+00 
1.0094963e-01 -4.3806760e-03 0.0000000e+00 
1.0102932e-01 -6.8335095e-03 0.0000000e+00 
1.0000207e-01 3.9876222e-06 0.0000000e+00 
5.1009502e-02 9.3861083e-03 0.0000000e+00 
2.7303245e-02 5.9394590e-03 0.0000000e+00 
1.3654623e-02 1.9895418e-03 0.0000000e+00 
1.0172660e-02 2.4075466e-03 0.0000000e+00 
9.9998981e-02 -5.6395999e-07 0.0000000e+00 
6.3658118e-02 5.9802518e-03 0.0000000e+00 
1.2519886e-01 9.1139954e-03 0.0000000e+00 
1.3372266e-01 8.9782625e-03 0.0000000e+00 
1.3334762e-01 -1.1938611e-02 0.0000000e+00 
9.9999584e-02 -7.2191818e-07 0.0000000e+00 
1.3067392e-01 -8.0991480e-03 0.0000000e+00 
9.8952308e-02 -6.2560214e-04 0.0000000e+00 
9.8649144e-02 2.2152001e-04 0.0000000e+00 
9.9388681e-02 -1.1168030e-03 0.0000000e+00 
9.7086534e-02 8.8176754e-04 0.0000000e+00 
9.8567419e-02 1.3981276e-03 0.0000000e+00 
9.7604908e-02 2.7092714e-03 0.0000000e+00 
9.9033363e-02 2.4271212e-03 0.0000000e+00 
9.8582529e-02 4.4765049e-03 0.0000000e+00 
9.9948257e-02 3.2175547e-03 0.0000000e+00 
1.0045040e-01 5.0890809e-03 0.0000000e+00 
9.9842168e-02 1.8648098e-03 0.0000000e+00 
2.0536573e-03 -7.8675820e-04 0.0000000e+00 
-1.0030591e-04 3.4938657e-04 0.0000000e+00 
8.4471777e-03 3.5236783e-03 0.0000000e+00 
-3.3752623e-03 -1.1794132e-03 0.0000000e+00 
-5.0230208e-03 -1.0902160e-04 0.0000000e+00 
9.9998936e-02 4.9859176e-07 0.0000000e+00 
1.0121828e-01 3.3413984e-03 0.0000000e+00 
1.2617497e-01 -7.9377787e-03 0.0000000e+00 
-5.0240094e-03 3.2395586e-05 0.0000000e+00 
-5.2694189e-03 5.9360827e-05 0.0000000e+00 
-3.4554228e-03 1.0748806e-03 0.0000000e+00 
-6.8607641e-04 -5.5801414e-04 0.0000000e+00 
2.2430513e-03 3.9925057e-04 0.0000000e+00 
1.0574562e-01 2.3540862e-02 0.0000000e+00 
1.4392236e-01 -7.2509069e-03 0.0000000e+00 
1.2468144e-01 4.5621060e-02 0.0000000e+00 
1.1619997e-01 5.2944936e-02 0.0000000e+00 
1.3460182e-01 -7.6735229e-03 0.0000000e+00 
1.4064315e-01 1.1403011e-02 0.0000000e+00 
1.4171898e-01 7.0220632e-03 0.0000000e+00 
9.9357292e-02 5.8971182e-04 0.0000000e+00 
1.1631419e-01 2.4279803e-03 0.0000000e+00 
8.6561032e-02 -4.7649583e-03 0.0000000e+00 
8.4064469e-02 -6.9653662e-03 0.0000000e+00 
5.5438928e-02 -7.3682843e-03 0.0000000e+00 
8.8746093e-02 -1.0496402e-03 0.0000000e+00 
-5.3172647e-03 1.2270104e-04 0.0000000e+00 
3.1739887e-02 6.5152119e-03 0.0000000e+00 
1.0000046e-01 -3.2063519e-06 0.0000000e+00 
1.0000090e-01 -6.4877549e-06 0.0000000e+00 
7.7943496e-02 1.0990687e-02 0.0000000e+00 
5.6759272e-02 -7.9289470e-03 0.0000000e+00 
3.0903561e-02 -5.5188518e-03 0.0000000e+00 
3.4360632e-02 -5.8759484e-03 0.0000000e+00 
1.4575105e-02 -1.8538869e-03 0.0000000e+00 
1.9689949e-02 -3.4334783e-03 0.0000000e+00 
3.8487986e-02 -7.3708994e-03 0.0000000e+00 
9.9999525e-02 6.4234928e-07 0.0000000e+00 
1.0000002e-01 1.0785511e-06 0.0000000e+00 
-1.3016434e-03 2.6710082e-03 0.0000000e+00 
1.0074434e-01 -2.6160013e-03 0.0000000e+00 
1.0009383e-01 -1.8634633e-03 0.0000000e+00 
1.3605694e-01 1.1511367e-02 0.0000000e+00 
2.3663254e-03 -3.3226945e-03 0.0000000e+00 
1.3626577e-01 -2.6759544e-02 0.0000000e+00 
1.3070045e-01 -3.2918748e-02 0.0000000e+00 
1.3182528e-01 -4.0704068e-02 0.0000000e+00 
1.2135822e-01 -4.1356217e-02 0.0000000e+00 
1.2315602e-01 -4.8524950e-02 0.0000000e+00 
1.2428576e-01 -2.2345496e-02 0.0000000e+00 
8.1868090e-02 -2.2943737e-02 0.0000000e+00 
7.4444450e-02 -1.9581003e-02 0.0000000e+00 
7.5143948e-02 -1.0974814e-02 0.0000000e+00 
6.6183433e-02 -1.3360201e-02 0.0000000e+00 
6.4402021e-02 -2.4605632e-02 0.0000000e+00 
5.3798743e-02 -1.6044077e-02 0.0000000e+00 
5.9523996e-02 -4.3710205e-03 0.0000000e+00 
4.5382693e-02 -2.7771657e-03 0.0000000e+00 
5.5948075e-02 7.6144892e-03 0.0000000e+00 
6.6710994e-02 3.5699622e-03 0.0000000e+00 
6.6288829e-02 1.3216036e-02 0.0000000e+00 
5.7493426e-02 2.0978944e-02 0.0000000e+00 
6.9304012e-02 2.2743307e-02 0.0000000e+00 
6.3872114e-02 3.3236895e-02 0.0000000e+00 
7.5506568e-02 3.0751089e-02 0.0000000e+00 
7.4512735e-02 4.1900452e-02 0.0000000e+00 
7.8945138e-02 2.1998610e-02 0.0000000e+00 
4.8257101e-02 3.1659983e-02 0.0000000e+00 
5.2103095e-02 -3.0815033e-02 0.0000000e+00 
6.6206902e-02 -3.7156127e-02 0.0000000e+00 
5.4614995e-02 -4.5541409e-02 0.0000000e+00 
7.2605550e-02 -4.8600473e-02 0.0000000e+00 
8.4269606e-02 3.6007535e-02 0.0000000e+00 
8.6817294e-02 4.5953568e-02 0.0000000e+00 
7.6201491e-02 5.3505071e-02 0.0000000e+00 
9.2105277e-02 5.5051006e-02 0.0000000e+00 
9.8273814e-02 4.6048079e-02 0.0000000e+00 
7.8329951e-02 -3.8505062e-02 0.0000000e+00 
8.6083844e-02 -4.6551321e-02 0.0000000e+00 
8.3924815e-02 -5.6137275e-02 0.0000000e+00 
9.6906453e-02 -5.0976247e-02 0.0000000e+00 
9.7374149e-02 -5.8173534e-02 0.0000000e+00 
1.0831951e-01 -5.1444754e-02 0.0000000e+00 
1.0420566e-01 -4.3694384e-02 0.0000000e+00 
2.9288526e-03 -1.6525787e-03 0.0000000e+00 
1.0296964e-01 4.9989592e-02 0.0000000e+00 
4.2470530e-02 4.3513544e-02 0.0000000e+00 
1.0000028e-01 -1.0835386e-06 0.0000000e+00 
1.1374275e-01 -4.3094199e-02 0.0000000e+00 
1.3963896e-01 3.5061624e-03 0.0000000e+00 
1.2670049e-01 -4.2238466e-02 0.0000000e+00 
8.3608247e-02 1.4740287e-02 0.0000000e+00 
1.0005262e-01 5.8355886e-02 0.0000000e+00 
3.0826997e-02 -4.0908910e-02 0.0000000e+00 
5.4240953e-02 -4.1952122e-02 0.0000000e+00 
1.7388584e-02 -4.4291764e-03 0.0000000e+00 
5.4929886e-02 2.4303996e-03 0.0000000e+00 
2.3977803e-03 1.1836592e-04 0.0000000e+00 
6.3181363e-02 -2.4061643e-02 0.0000000e+00 
-1.5374424e-03 -1.5693611e-03 0.0000000e+00 
1.8270038e-02 2.7137019e-02 0.0000000e+00 
1.0270181e-01 5.1211365e-03 0.0000000e+00 
1.0210866e-01 7.4902163e-03 0.0000000e+00 
1.0471345e-01 7.0242798e-03 0.0000000e+00 
4.9394272e-02 -1.5505793e-03 0.0000000e+00 
7.8411132e-02 -2.4423851e-03 0.0000000e+00 
3.4627782e-03 3.6158543e-03 0.0000000e+00 
1.4912926e-02 7.9696514e-03 0.0000000e+00 
1.0303311e-01 -5.1796464e-03 0.0000000e+00 
1.0386988e-01 -8.2112970e-03 0.0000000e+00 
1.1088418e-01 -1.8542968e-03 0.0000000e+00 
1.0389195e-01 3.5997011e-02 0.0000000e+00 
1.3314505e-02 -1.2726490e-02 0.0000000e+00 
1.0826275e-01 -8.1359074e-03 0.0000000e+00 
1.0532417e-01 -4.7830213e-02 0.0000000e+00 
1.0000120e-01 2.3221614e-06 0.0000000e+00 
5.9581023e-02 3.2467037e-02 0.0000000e+00 
1.2092229e-01 1.0740989e-02 0.0000000e+00 
8.0042079e-02 1.7330482e-03 0.0000000e+00 
8.3122209e-02 -4.8682606e-03 0.0000000e+00 
1.3794611e-01 7.8332573e-03 0.0000000e+00 
1.3919047e-01 4.0772837e-03 0.0000000e+00 
8.5156269e-02 1.5981760e-02 0.0000000e+00 
9.0028234e-02 2.1013556e-02 0.0000000e+00 
1.1642737e-01 6.6246940e-03 0.0000000e+00 
1.3619730e-01 -2.3673286e-03 0.0000000e+00 
1.0829175e-01 3.1575402e-03 0.0000000e+00 
1.1336511e-01 4.6386817e-03 0.0000000e+00 
1.0000379e-01 6.8599302e-06 0.0000000e+00 
9.9999793e-02 1.0310403e-05 0.0000000e+00 
1.0830812e-01 -3.2328914e-03 0.0000000e+00 
1.0103089e-01 -1.1047307e-02 0.0000000e+00 
1.0499345e-01 -1.1848866e-02 0.0000000e+00 
1.0729481e-01 -8.9643281e-03 0.0000000e+00 
9.7956032e-02 -8.0005368e-03 0.0000000e+00 
1.0924853e-01 -1.3013451e-02 0.0000000e+00 
1.1173090e-01 -8.6748591e-03 0.0000000e+00 
1.1475887e-01 -1.1822494e-02 0.0000000e+00 
1.3170964e-01 2.8499083e-03 0.0000000e+00 
1.3157423e-01 7.0335059e-03 0.0000000e+00 
1.2718779e-01 4.4993232e-03 0.0000000e+00 
1.2632582e-01 1.0685687e-02 0.0000000e+00 
1.1847312e-01 1.2366231e-02 0.0000000e+00 
1.1940040e-01 1.7520383e-02 0.0000000e+00 
1.0861732e-01 1.8685155e-02 0.0000000e+00 
1.1093891e-01 1.2435159e-02 0.0000000e+00 
1.0235122e-01 1.5687997e-02 0.0000000e+00 
1.0542623e-01 1.0331568e-02 0.0000000e+00 
1.0999215e-01 7.5221672e-03 0.0000000e+00 
1.3430415e-01 -1.4890684e-03 0.0000000e+00 
1.3499670e-01 -4.8444318e-03 0.0000000e+00 
1.3096821e-01 -7.3865461e-03 0.0000000e+00 
1.3508244e-01 -9.9907806e-03 0.0000000e+00 
1.2862907e-01 -1.3578257e-02 0.0000000e+00 
1.2602885e-01 -9.4908783e-03 0.0000000e+00 
1.2181196e-01 -1.5524120e-02 0.0000000e+00 
1.1870790e-01 -2.0361137e-02 0.0000000e+00 
1.1100326e-01 -2.1322191e-02 0.0000000e+00 
9.8478250e-02 -2.4594210e-02 0.0000000e+00 
1.1459043e-01 -1.5690051e-02 0.0000000e+00 
1.0337776e-01 -1.9370912e-02 0.0000000e+00 
1.0845279e-01 -1.3618903e-02 0.0000000e+00 
1.0599494e-01 -2.3055539e-02 0.0000000e+00 
9.8662779e-02 -1.4894752e-02 0.0000000e+00 
1.0371820e-01 -1.0296202e-02 0.0000000e+00 
1.3700631e-01 -1.5254051e-03 0.0000000e+00 
1.3496529e-01 3.4669563e-04 0.0000000e+00 
1.2695211e-01 -1.7209439e-02 0.0000000e+00 
1.3852003e-01 -4.9265958e-03 0.0000000e+00 
8.6243682e-02 -1.8770033e-02 0.0000000e+00 
1.3315855e-01 -1.3038468e-02 0.0000000e+00 
8.7880127e-02 -1.0872898e-02 0.0000000e+00 
7.0515260e-02 -2.3206852e-02 0.0000000e+00 
6.9954664e-02 -2.2236554e-02 0.0000000e+00 
4.6369664e-02 -1.6740384e-02 0.0000000e+00 
1.0610928e-01 5.2075561e-02 0.0000000e+00 
1.0848276e-01 7.3952596e-03 0.0000000e+00 
1.1341742e-01 9.5384680e-03 0.0000000e+00 
6.0234573e-02 4.5259293e-02 0.0000000e+00 
4.2897478e-02 1.4212273e-02 0.0000000e+00 
1.2827453e-01 -4.7166175e-03 0.0000000e+00 
1.2606399e-01 1.5883436e-02 0.0000000e+00 
1.1416960e-01 2.2243535e-02 0.0000000e+00 
1.0488551e-01 2.2893572e-02 0.0000000e+00 
8.9835271e-02 2.4948679e-02 0.0000000e+00 
1.0504951e-01 1.0357408e-02 0.0000000e+00 
1.0233791e-01 -1.3945664e-03 0.0000000e+00 
9.9855468e-02 1.9190773e-04 0.0000000e+00 
1.0243544e-01 1.3900468e-03 0.0000000e+00 
3.7108742e-02 -1.8011568e-02 0.0000000e+00 
1.2070741e-01 -5.5289622e-03 0.0000000e+00 
1.7494082e-02 2.6480542e-03 0.0000000e+00 
9.9941693e-02 -3.9100109e-04 0.0000000e+00 
1.0580739e-01 -5.6634909e-03 0.0000000e+00 
1.2962025e-01 3.3998829e-03 0.0000000e+00 
1.3963933e-04 -1.9851590e-03 0.0000000e+00 
1.0000534e-01 3.2684072e-06 0.0000000e+00 
7.4068859e-02 8.0087368e-04 0.0000000e+00 
1.9311579e-02 4.7269533e-03 0.0000000e+00 
5.5765714e-02 1.0964325e-02 0.0000000e+00 
5.5288251e-02 -6.7433119e-03 0.0000000e+00 
9.2780754e-02 -2.3631562e-02 0.0000000e+00 
1.1309451e-01 -4.3363543e-03 0.0000000e+00 
7.7399947e-02 5.9905823e-02 0.0000000e+00 
-1.5653087e-03 2.0163152e-03 0.0000000e+00 
1.1227442e-01 -2.7339419e-02 0.0000000e+00 
1.0878426e-01 -3.6169998e-03 0.0000000e+00 
1.0521770e-01 -2.5201975e-03 0.0000000e+00 
1.0271122e-01 -3.7011700e-03 0.0000000e+00 
1.0143743e-01 -2.1672798e-03 0.0000000e+00 
1.0035881e-01 -3.5721676e-03 0.0000000e+00 
1.0000940e-01 -2.0413960e-03 0.0000000e+00 
1.0095076e-01 -6.4479718e-03 0.0000000e+00 
9.8135181e-02 -4.9145864e-03 0.0000000e+00 
1.0502988e-01 -5.9415204e-03 0.0000000e+00 
1.0076619e-01 -1.2471010e-03 0.0000000e+00 
9.9973775e-02 -1.1429193e-03 0.0000000e+00 
1.3563272e-01 4.8797112e-03 0.0000000e+00 
1.0001365e-01 4.7121692e-04 0.0000000e+00 
1.0019857e-01 1.0374621e-03 0.0000000e+00 
9.5989801e-02 -1.0012207e-03 0.0000000e+00 
1.1298175e-01 -1.6916929e-02 0.0000000e+00 
1.1937552e-01 -1.5633469e-02 0.0000000e+00 
1.1906418e-01 -9.7072525e-03 0.0000000e+00 
1.1934374e-01 1.5623326e-02 0.0000000e+00 
7.3611833e-02 7.8061698e-03 0.0000000e+00 
1.4035964e-01 3.7723214e-05 0.0000000e+00 
1.1038066e-01 -5.5101078e-02 0.0000000e+00 
1.0041144e-01 -7.0549187e-04 0.0000000e+00 
9.9972703e-02 -6.3098845e-04 0.0000000e+00 
1.0022516e-01 -3.9902836e-04 0.0000000e+00 
9.9984154e-02 -3.4304496e-04 0.0000000e+00 
1.0012320e-01 -2.1772116e-04 0.0000000e+00 
1.0005129e-01 -3.9280616e-04 0.0000000e+00 
9.9465929e-02 -7.1950187e-04 0.0000000e+00 
9.8728478e-02 -2.7327661e-03 0.0000000e+00 
1.0016049e-01 -9.2797054e-05 0.0000000e+00 
1.0006203e-01 -1.1377968e-04 0.0000000e+00 
1.0004068e-01 -6.1939652e-05 0.0000000e+00 
9.9993855e-02 -9.5069299e-05 0.0000000e+00 
9.9580616e-02 7.1646157e-03 0.0000000e+00 
2.7123127e-02 1.7643241e-03 0.0000000e+00 
1.3446340e-01 3.3462208e-02 0.0000000e+00 
1.0106897e-01 -3.5179351e-02 0.0000000e+00 
1.1559355e-01 4.5980401e-02 0.0000000e+00 
9.9999882e-02 -2.7864806e-07 0.0000000e+00 
1.0295977e-01 1.5650021e-03 0.0000000e+00 
1.0256662e-01 3.6671162e-03 0.0000000e+00 
1.0140216e-01 2.1421120e-03 0.0000000e+00 
1.0048512e-01 3.4008510e-03 0.0000000e+00 
1.0016897e-01 1.9145428e-03 0.0000000e+00 
1.0110130e-01 5.8639040e-03 0.0000000e+00 
1.0489212e-01 6.1195246e-03 0.0000000e+00 
1.0077120e-01 1.2122022e-03 0.0000000e+00 
1.0012525e-01 1.0467266e-03 0.0000000e+00 
9.9480286e-02 1.3345868e-03 0.0000000e+00 
1.0052424e-01 -2.9715445e-04 0.0000000e+00 
9.9999852e-02 4.2211587e-07 0.0000000e+00 
1.0168122e-01 -9.0461393e-04 0.0000000e+00 
9.9999562e-02 1.5589631e-08 0.0000000e+00 
1.0000705e-01 1.1980634e-05 0.0000000e+00 
1.0000017e-01 1.8222438e-05 0.0000000e+00 
1.0001286e-01 2.1019194e-05 0.0000000e+00 
1.0000105e-01 3.2132863e-05 0.0000000e+00 
9.9987552e-02 2.1681348e-05 0.0000000e+00 
9.9979199e-02 3.8750404e-05 0.0000000e+00 
1.0000331e-01 5.6295517e-05 0.0000000e+00 
9.9965557e-02 6.9678070e-05 0.0000000e+00 
1.0000907e-01 9.9018180e-05 0.0000000e+00 
9.9944197e-02 1.2581162e-04 0.0000000e+00 
1.0002305e-01 1.7420435e-04 0.0000000e+00 
9.9911019e-02 2.2838726e-04 0.0000000e+00 
1.0005160e-01 3.0838177e-04 0.0000000e+00 
9.9856943e-02 4.0987672e-04 0.0000000e+00 
1.0008987e-01 5.6154153e-04 0.0000000e+00 
1.0025725e-01 3.4713026e-04 0.0000000e+00 
9.9842377e-02 1.1544739e-04 0.0000000e+00 
9.9969663e-02 1.7914619e-05 0.0000000e+00 
9.9992603e-02 1.2047602e-05 0.0000000e+00 
1.9306216e-02 4.0752352e-03 0.0000000e+00 
1.0001575e-01 -9.2049322e-06 0.0000000e+00 
1.0001284e-01 -2.1369144e-05 0.0000000e+00 
1.0000584e-01 -1.1104900e-05 0.0000000e+00 
1.0009364e-01 4.9403890e-05 0.0000000e+00 
1.0003020e-01 1.6295866e-05 0.0000000e+00 
1.0000257e-01 -1.5352722e-06 0.0000000e+00 
1.0000890e-01 -4.6890245e-06 0.0000000e+00 
9.9996030e-02 -7.4743552e-06 0.0000000e+00 
1.0000009e-01 -1.9466518e-06 0.0000000e+00 
1.0000058e-01 -5.0846972e-07 0.0000000e+00 
9.9986658e-02 -2.3929313e-05 0.0000000e+00 
1.0000059e-01 -3.5338780e-05 0.0000000e+00 
9.9995658e-02 6.7334627e-06 0.0000000e+00 
9.9999897e-02 1.9084084e-06 0.0000000e+00 
1.0000006e-01 -5.1092036e-07 0.0000000e+00 
9.6694246e-02 4.7183014e-03 0.0000000e+00 
9.5650926e-02 2.4619121e-03 0.0000000e+00 
9.9990055e-02 5.1393699e-06 0.0000000e+00 
1.0000113e-01 5.8866442e-07 0.0000000e+00 
1.0000059e-01 7.2718097e-07 0.0000000e+00 
1.0014861e-01 -9.3459449e-04 0.0000000e+00 
1.0167462e-01 9.0651191e-04 0.0000000e+00 
9.9997252e-02 -1.7352862e-07 0.0000000e+00 
9.9947654e-02 3.3060718e-05 0.0000000e+00 
6.2870570e-02 -5.5653203e-02 0.0000000e+00 
1.0646871e-01 3.5869639e-02 0.0000000e+00 
9.9998400e-02 -8.0533482e-08 0.0000000e+00 
4.0336367e-02 9.3532773e-03 0.0000000e+00 
2.4103407e-02 8.0551188e-03 0.0000000e+00 
-1.3346976e-03 2.6702895e-03 0.0000000e+00 
9.3852669e-02 3.7240956e-02 0.0000000e+00 
9.9727556e-02 2.1642579e-04 0.0000000e+00 
9.5724396e-02 4.7850809e-03 0.0000000e+00 
9.9999368e-02 -2.4115045e-07 0.0000000e+00 
9.9841788e-02 -2.2094291e-04 0.0000000e+00 
1.2209478e-01 3.8783863e-02 0.0000000e+00 
1.3745555e-01 -1.1184101e-02 0.0000000e+00 
9.9524617e-02 -9.4326469e-06 0.0000000e+00 
1.0940339e-01 -8.1954468e-03 0.0000000e+00 
1.2710862e-01 -4.1414457e-03 0.0000000e+00 
9.7731523e-02 -1.0010031e-02 0.0000000e+00 
9.1561861e-03 -2.5715108e-03 0.0000000e+00 
9.3265958e-02 8.2635377e-03 0.0000000e+00 
1.0000073e-01 1.3382362e-06 0.0000000e+00 
7.4552037e-02 -2.9030047e-02 0.0000000e+00 
9.4818845e-02 -9.4772018e-03 0.0000000e+00 
6.5824399e-03 2.1042064e-04 0.0000000e+00 
1.0001703e-01 9.4694296e-06 0.0000000e+00 
1.2431474e-01 3.9548795e-03 0.0000000e+00 
9.9867351e-02 -9.7039237e-04 0.0000000e+00 
1.0034600e-01 -5.4935628e-04 0.0000000e+00 
9.9864043e-02 9.6478505e-04 0.0000000e+00 
1.0050701e-01 1.8605955e-03 0.0000000e+00 
5.8935024e-02 4.9349619e-03 0.0000000e+00 
1.3240460e-01 -3.5080224e-02 0.0000000e+00 
9.9997267e-02 -1.8000815e-04 0.0000000e+00 
-1.4241406e-03 1.5567810e-03 0.0000000e+00 
1.0034911e-01 5.1613152e-04 0.0000000e+00 
1.0941704e-01 1.2439587e-02 0.0000000e+00 
1.0005203e-01 -2.6196923e-05 0.0000000e+00 
1.0000039e-01 3.8046139e-07 0.0000000e+00 
9.9076301e-02 1.1412359e-02 0.0000000e+00 
9.1842867e-02 1.9596810e-02 0.0000000e+00 
1.3591395e-01 7.9749674e-03 0.0000000e+00 
1.1248919e-01 -1.9950023e-02 0.0000000e+00 
8.3331838e-02 -2.1911206e-02 0.0000000e+00 
6.9940090e-02 -4.4819852e-03 0.0000000e+00 
9.1060922e-02 -5.6033473e-02 0.0000000e+00 
-3.0085335e-03 -1.0553908e-03 0.0000000e+00 
1.0000030e-01 -2.3216940e-07 0.0000000e+00 
1.0965128e-01 -3.6061093e-02 0.0000000e+00 
9.9999316e-02 1.9138172e-07 0.0000000e+00 
1.4320581e-01 -6.6488902e-03 0.0000000e+00 
1.0002269e-01 3.6480324e-05 0.0000000e+00 
1.2452056e-01 1.9186877e-02 0.0000000e+00 
1.0000310e-01 1.8755519e-06 0.0000000e+00 
9.9374205e-02 -2.0724055e-03 0.0000000e+00 
9.3422003e-02 5.0030979e-03 0.0000000e+00 
1.4378306e-01 4.7056261e-03 0.0000000e+00 
2.3211289e-02 -5.2716280e-03 0.0000000e+00 
1.3679093e-01 1.8304702e-03 0.0000000e+00 
9.9387489e-02 1.3909098e-03 0.0000000e+00 
1.3590378e-01 -1.6522525e-02 0.0000000e+00 
1.0055733e-01 2.8021995e-04 0.0000000e+00 
4.6766169e-02 -1.2065588e-02 0.0000000e+00 
1.1547016e-01 -9.6502798e-03 0.0000000e+00 
9.9939957e-02 -6.8843423e-05 0.0000000e+00 
8.3690241e-02 -3.0430963e-02 0.0000000e+00 
9.9332325e-02 -3.3260845e-03 0.0000000e+00 
1.0004079e-01 6.3095264e-05 0.0000000e+00 
9.6937783e-02 -1.2048431e-02 0.0000000e+00 
5.6030918e-02 5.3755932e-02 0.0000000e+00 
1.0410679e-01 1.2653477e-02 0.0000000e+00 
1.3827907e-01 1.5736677e-02 0.0000000e+00 
2.8249890e-02 -6.5947128e-03 0.0000000e+00 
1.4299555e-01 -2.2311439e-03 0.0000000e+00 
1.2232581e-01 1.8146163e-02 0.0000000e+00 
1.4386544e-01 -1.2289904e-02 0.0000000e+00 
8.9771539e-02 9.2412811e-03 0.0000000e+00 
7.6093920e-02 1.5248939e-02 0.0000000e+00 
8.7429419e-02 -1.9373639e-02 0.0000000e+00 
1.0325426e-01 -1.7792771e-02 0.0000000e+00 
9.1097122e-03 3.0981891e-03 0.0000000e+00 
1.1394757e-01 4.1786488e-03 0.0000000e+00 
8.1805728e-02 2.2713406e-02 0.0000000e+00 
8.4392630e-02 2.6773501e-02 0.0000000e+00 
9.1080993e-02 2.8554393e-02 0.0000000e+00 
1.0045826e-01 6.4436835e-04 0.0000000e+00 
4.4093292e-02 -9.5867831e-03 0.0000000e+00 
1.1947939e-01 2.0785229e-02 0.0000000e+00 
1.1398201e-01 1.4512674e-02 0.0000000e+00 
1.3259351e-01 5.2824826e-03 0.0000000e+00 
9.9741414e-02 7.3126133e-04 0.0000000e+00 
1.2574019e-01 -1.3145697e-02 0.0000000e+00 
1.0204335e-01 -3.1620762e-03 0.0000000e+00 
1.2351158e-01 -4.1702064e-03 0.0000000e+00 
6.0809333e-02 2.1114698e-02 0.0000000e+00 
9.9522777e-02 -4.7783795e-04 0.0000000e+00 
1.2907697e-01 7.1988902e-03 0.0000000e+00 
1.0876981e-01 3.4065049e-03 0.0000000e+00 
2.9594827e-02 2.3525158e-02 0.0000000e+00 
9.3678966e-02 -1.2469370e-03 0.0000000e+00 
1.0007510e-01 1.1018395e-04 0.0000000e+00 
1.1008675e-01 1.7500067e-02 0.0000000e+00 
1.4092298e-01 -4.1535944e-03 0.0000000e+00 
7.6609194e-02 -5.9039012e-02 0.0000000e+00 
1.0002414e-01 -3.6573234e-05 0.0000000e+00 
9.9131949e-02 7.5937295e-04 0.0000000e+00 
2.9387232e-02 -6.0103424e-03 0.0000000e+00 
-1.4599123e-03 -2.3554473e-03 0.0000000e+00 
1.1848146e-01 -4.8112534e-02 0.0000000e+00 
1.2899537e-01 3.8599674e-02 0.0000000e+00 
9.5431976e-02 -4.1676529e-02 0.0000000e+00 
1.3214698e-01 -4.8867483e-03 0.0000000e+00 
3.5137843e-02 -1.4224362e-02 0.0000000e+00 
1.2169272e-01 -1.9711107e-02 0.0000000e+00 
1.0760993e-01 4.3897763e-02 0.0000000e+00 
3.4154851e-02 -3.3297896e-02 0.0000000e+00 
9.9999994e-02 6.5341851e-07 0.0000000e+00 
1.0013703e-01 1.8988838e-04 0.0000000e+00 
6.3879609e-02 2.1245297e-02 0.0000000e+00 
9.8228790e-02 9.3931947e-03 0.0000000e+00 
-3.5109818e-03 1.0742026e-03 0.0000000e+00 
4.7736686e-02 -5.4205474e-03 0.0000000e+00 
1.2340490e-01 -1.1562668e-02 0.0000000e+00 
9.9999569e-02 -1.9304232e-05 0.0000000e+00 
7.0770904e-03 4.6596844e-03 0.0000000e+00 
7.7242620e-02 -4.5329989e-03 0.0000000e+00 
7.4151173e-02 -1.0640714e-02 0.0000000e+00 
1.1870281e-01 7.9780901e-03 0.0000000e+00 
1.0134564e-01 1.9003898e-03 0.0000000e+00 
4.0605482e-02 4.1619573e-02 0.0000000e+00 
1.2023205e-01 -1.1226414e-02 0.0000000e+00 
1.0029104e-01 1.4108614e-04 0.0000000e+00 
-3.5144142e-03 -7.2970102e-04 0.0000000e+00 
6.0298666e-03 -3.2654158e-03 0.0000000e+00 
6.6220672e-03 1.2366023e-04 0.0000000e+00 
1.1549143e-01 -7.8730751e-03 0.0000000e+00 
9.8473862e-02 1.3833299e-03 0.0000000e+00 
1.0054874e-01 -1.4699674e-03 0.0000000e+00 
9.5990911e-02 -3.0373833e-03 0.0000000e+00 
7.3391184e-02 8.6594734e-04 0.0000000e+00 
8.2197659e-02 -8.8523459e-03 0.0000000e+00 
9.9998951e-02 -1.1288561e-05 0.0000000e+00 
9.9702820e-02 6.7019439e-04 0.0000000e+00 
1.3458239e-01 2.5698575e-03 0.0000000e+00 
2.1024367e-02 5.7673473e-03 0.0000000e+00 
8.7314934e-02 -3.7720226e-02 0.0000000e+00 
1.3846616e-01 -5.8570611e-03 0.0000000e+00 
9.4308622e-02 1.2985354e-02 0.0000000e+00 
6.8042278e-02 1.2089220e-02 0.0000000e+00 
9.9998981e-02 -3.9098161e-08 0.0000000e+00 
5.7664771e-02 -8.9592868e-03 0.0000000e+00 
1.0007402e-01 -1.8147811e-04 0.0000000e+00 
9.8893829e-02 -3.2136176e-02 0.0000000e+00 
1.0007378e-01 1.6027204e-04 0.0000000e+00 
9.9202164e-02 2.4915447e-03 0.0000000e+00 
1.0294120e-01 1.3122959e-02 0.0000000e+00 
1.0109843e-01 1.0128703e-02 0.0000000e+00 
1.4120121e-01 -1.0203106e-02 0.0000000e+00 
9.5597096e-02 -1.3245512e-02 0.0000000e+00 
9.9999696e-02 -3.9713424e-07 0.0000000e+00 
8.2821861e-02 5.3196143e-02 0.0000000e+00 
8.5246995e-02 2.1124519e-02 0.0000000e+00 
-3.4877178e-03 -8.3991501e-04 0.0000000e+00 
1.0000053e-01 1.6826844e-07 0.0000000e+00 
1.4188606e-01 3.1368984e-03 0.0000000e+00 
1.0000426e-01 -5.2933060e-06 0.0000000e+00 
9.8499544e-02 7.5828005e-03 0.0000000e+00 
1.3796340e-01 -8.3260825e-03 0.0000000e+00 
1.0000017e-01 -1.1672903e-07 0.0000000e+00 
3.4130864e-02 1.2153739e-02 0.0000000e+00 
5.9368141e-02 -1.0382819e-02 0.0000000e+00 
1.0000458e-01 -5.7228826e-05 0.0000000e+00 
1.2710458e-02 -2.2455412e-03 0.0000000e+00 
1.2348621e-01 -1.6355542e-02 0.0000000e+00 
1.1686713e-01 1.1582271e-02 0.0000000e+00 
1.1385538e-01 -1.1634420e-02 0.0000000e+00 
1.1615074e-01 -3.6256876e-02 0.0000000e+00 
9.8865330e-02 4.4913455e-03 0.0000000e+00 
1.3217127e-01 1.1775765e-02 0.0000000e+00 
1.2103883e-01 -3.9896928e-02 0.0000000e+00 
1.3664696e-01 1.1318771e-02 0.0000000e+00 
1.2215339e-01 -7.6250094e-03 0.0000000e+00 
1.1228734e-02 -1.9575802e-03 0.0000000e+00 
1.0300412e-01 3.0392136e-03 0.0000000e+00 
6.3472785e-02 -1.8626701e-02 0.0000000e+00 
9.5301576e-02 2.2737853e-02 0.0000000e+00 
1.0540819e-01 1.0165873e-02 0.0000000e+00 
1.0060015e-01 1.1860168e-03 0.0000000e+00 
9.7475320e-02 -1.7532762e-03 0.0000000e+00 
1.0918045e-01 -6.2715970e-03 0.0000000e+00 
1.0125944e-01 -1.8846687e-03 0.0000000e+00 
1.0205390e-01 8.6037507e-03 0.0000000e+00 
1.0000227e-01 -3.3874396e-06 0.0000000e+00 
8.0832034e-02 -9.3606813e-03 0.0000000e+00 
3.4034385e-03 1.5158495e-03 0.0000000e+00 
1.2655264e-01 -3.5936173e-02 0.0000000e+00 
1.1554272e-01 8.4915329e-03 0.0000000e+00 
1.0664968e-01 -5.6788949e-03 0.0000000e+00 
1.3880205e-01 -1.9345901e-03 0.0000000e+00 
9.8197438e-02 2.2166407e-02 0.0000000e+00 
9.9909276e-02 2.4087263e-02 0.0000000e+00 
9.8013408e-02 -6.6957092e-03 0.0000000e+00 
1.3594845e-01 1.6760249e-02 0.0000000e+00 
1.2124208e-01 7.1194940e-03 0.0000000e+00 
1.2518628e-01 1.8029591e-02 0.0000000e+00 
8.8154607e-02 -2.5423098e-02 0.0000000e+00 
1.0435256e-01 6.9337678e-03 0.0000000e+00 
8.5566357e-02 2.5537976e-03 0.0000000e+00 
9.9692129e-02 -7.0577173e-04 0.0000000e+00 
7.3494799e-02 -2.0003051e-02 0.0000000e+00 
1.0536467e-01 4.4872249e-03 0.0000000e+00 
1.0000021e-01 6.6585051e-07 0.0000000e+00 
1.0299014e-01 -1.4265814e-02 0.0000000e+00 
1.0582192e-01 -1.4972113e-02 0.0000000e+00 
1.2673143e-01 7.2477381e-03 0.0000000e+00 
9.5001340e-02 6.5047905e-04 0.0000000e+00 
1.1702624e-01 7.7704405e-03 0.0000000e+00 
9.7430550e-02 6.3379509e-03 0.0000000e+00 
1.0000113e-01 -1.8340853e-06 0.0000000e+00 
1.3478196e-01 -4.5776125e-03 0.0000000e+00 
1.3373111e-02 7.4186022e-03 0.0000000e+00 
1.3908179e-01 -2.1443930e-03 0.0000000e+00 
1.4119064e-02 -6.2876861e-03 0.0000000e+00 
2.7887193e-02 -5.9214700e-03 0.0000000e+00 
1.3071489e-01 -2.5971325e-03 0.0000000e+00 
1.3541828e-01 -1.9364679e-02 0.0000000e+00 
PRESSURE 1 945  float
3.0118024e+00
0.0000000e+00
0.0000000e+00
3.0115206e+00
-4.1188741e+00
-4.2519436e+00
-4.6532030e+00
-5.2277169e+00
-5.8340640e+00
-6.4896412e+00
-7.0731254e+00
-7.3473048e+00
-7.1437030e+00
-6.0529761e+00
-4.2071309e+00
-1.5331531e+00
1.5382342e+00
4.5052876e+00
6.9929304e+00
8.7635136e+00
9.3021088e+00
8.7595778e+00
7.1074200e+00
4.5499234e+00
1.4988956e+00
-1.5251234e+00
-4.1204934e+00
-6.0646882e+00
-7.0477228e+00
-7.4227519e+00
-7.0667882e+00
-6.4576974e+00
-5.8420167e+00
-5.2492776e+00
-4.6281424e+00
-4.2364430e+00
3.0063026e+00
2.9483709e+00
2.8361955e+00
2.6430368e+00
2.3108084e+00
1.8803197e+00
1.3006325e+00
6.4481300e-01
-3.4333304e-02
-6.5784973e-01
-1.0643632e+00
-1.2803800e+00
-1.2706984e+00
-1.0843740e+00
-7.7022427e-01
-4.9275193e-01
-2.7729151e-01
-1.5584815e-01
-8.5110411e-02
-4.3289170e-02
-2.2312379e-02
-1.0506464e-02
-6.1848392e-03
-1.8743265e-03
-1.2484362e-03
-4.6576513e-04
-2.1663660e-04
-6.5358880e-05
-1.3505691e-05
1.5337551e-05
1.7909313e-05
1.6433871e-05
1.1438851e-05
7.3792457e-06
1.7835446e-06
0.0000000e+00
0.0000000e+00
0.0000000e+00
0.0000000e+00
0.0000000e+00
0.0000000e+00
0.0000000e+00
0.0000000e+00
0.0000000e+00
-3.4608113e-06
-9.2899008e-06
-1.1862393e-05
-1.8536017e-05
-3.0441508e-05
-3.6434813e-05
-1.3248061e-04
-1.8990782e-04
-3.0472592e-04
-6.4523314e-04
-1.5141502e-03
-3.0205173e-03
-5.8496678e-03
-1.1530469e-02
-2.2477971e-02
-4.3947097e-02
-8.5036814e-02
-1.5778184e-01
-2.8111050e-01
-4.9215761e-01
-7.7684957e-01
-1.0770488e+00
-1.2647613e+00
-1.2865351e+00
-1.0513629e+00
-6.3344127e-01
-3.2935988e-02
6.4907461e-01
1.3027455e+00
1.8797550e+00
2.3220730e+00
2.6438963e+00
2.8440113e+00
2.9513552e+00
3.0073478e+00
3.0301132e+00
3.0764165e+00
3.1316600e+00
3.1845820e+00
3.2042298e+00
3.1857624e+00
3.1346836e+00
3.0766778e+00
3.0303454e+00
8.5553322e+00
-3.6216903e-01
-6.3455486e-01
-1.3038580e-02
-3.0854845e-04
-4.0084473e-05
2.5809972e+00
-1.0754396e-01
2.5502195e+00
3.2020707e+00
-3.4292785e-03
-5.3099301e-02
-4.1981843e-06
-2.3549102e-04
-1.2404146e+00
2.4185538e-06
-1.3592645e+00
9.5742095e-01
9.7983372e-01
-9.8989737e-01
1.0363848e-05
-9.7426462e-01
3.1586082e+00
-2.0586947e-06
-1.5057464e-03
-8.4581523e-04
-1.3850614e-02
-1.3954553e-05
3.1051507e+00
2.9250667e+00
1.4410739e-06
2.9306591e+00
-4.3590344e-06
5.0793033e-06
3.0487156e+00
-1.2881149e+00
-1.5924033e+00
-1.5291741e+00
-1.9015476e+00
-1.9816353e+00
-2.4245107e+00
-2.2074752e+00
-2.8870180e+00
-2.4546912e+00
-3.1693966e+00
-2.6037216e+00
-3.0782773e+00
-2.5057905e+00
-2.8820639e+00
-2.2546341e+00
-2.5728741e+00
-1.8687236e+00
-2.2107642e+00
-1.4662730e+00
-1.1994917e+00
-8.2719970e-01
-1.8659490e+00
-6.5821582e-01
-2.9811716e-01
-5.3318424e+00
-4.4519238e+00
-1.9819605e-01
4.3606352e-02
-2.4786866e+00
-1.9682659e+00
8.1698615e-03
5.2297346e-02
-2.5026727e+00
-2.3353748e+00
-4.2064972e+00
9.0348765e-02
1.1897428e-01
9.5838115e-02
5.3332232e-02
5.0633252e-02
4.0383663e-02
3.2129489e-02
-2.9821754e+00
-2.7937438e+00
-2.2716765e+00
-3.3186486e+00
-3.1438224e+00
-3.5666971e+00
-3.3367999e+00
-3.7789237e+00
-3.3595834e+00
-3.7554004e+00
-2.9043047e+00
-3.2350340e+00
-3.5332618e+00
-5.7366657e+00
-4.8565621e+00
1.7982975e-02
1.7136147e-02
1.5371297e-02
1.1142766e-02
-2.9276686e+00
-3.1386838e+00
-2.5535554e-01
5.5122459e-03
5.1091872e-03
3.3586519e-03
2.7397345e-03
-3.4538996e+00
1.5130310e-03
1.2940001e-03
7.0212234e-04
5.4034521e-04
-3.0387762e+00
1.3526314e-04
2.9270921e-04
2.1081980e-04
1.5901166e-04
2.0699625e-05
5.9186987e-05
-3.8912518e+00
-3.2596993e+00
-6.7606440e+00
4.4796150e-02
7.7261529e-03
-3.4750276e+00
-5.2799511e-01
1.0557077e-06
2.2319498e-05
-4.4530202e-07
7.2643506e-06
2.2627863e-05
9.8481523e-06
1.1080597e-04
-1.9563893e+00
-2.5272639e+00
-3.2744008e-06
8.1359915e-04
-2.6809645e+00
6.2749865e-03
3.3064760e-02
-4.0188074e+00
-3.2398574e+00
-2.5945086e+00
-2.3839633e+00
-3.1579351e+00
-1.9723700e+00
-1.0834505e-01
-2.4963677e+00
-1.3552126e+00
-4.8711362e+00
-1.1076727e+00
-4.6906605e-01
-5.4586196e-01
2.6178971e-01
5.2710968e-01
1.0423731e+00
1.4939193e+00
5.2885041e+00
1.7584859e+00
2.3239789e+00
2.3606765e+00
2.8953087e+00
2.7985911e+00
3.3260975e+00
3.0694304e+00
3.4733496e+00
3.8649170e+00
3.8412576e+00
4.2646618e+00
4.0859690e+00
4.4807825e+00
4.1583252e+00
4.4673858e+00
4.0806050e+00
4.2491589e+00
3.8920875e+00
3.5213449e+00
3.9075618e+00
4.3492131e+00
3.8160338e+00
4.0945425e+00
7.4150839e+00
3.5152550e+00
3.5100019e+00
3.8519423e+00
3.6462235e+00
3.0150747e+00
2.8343968e+00
2.7713263e+00
2.4095652e+00
2.0343125e+00
-6.0545468e+00
-2.6447196e+00
3.0570445e+00
2.9810648e+00
4.7220373e+00
2.3664763e+00
4.8284016e+00
1.7453423e+00
1.1209991e+00
2.1149876e+00
3.3837395e+00
3.6408386e+00
3.4253576e+00
3.4481442e+00
3.2938201e+00
-4.1111979e-01
-9.2925400e-01
1.0783967e+00
3.6863706e-01
2.0120516e-01
-5.8822668e-01
-1.6737852e-01
-1.0122947e+00
-1.7021166e+00
-6.7225480e+00
-5.5913228e-01
-1.8959308e+00
-2.9390318e+00
1.3341601e+00
9.9193996e-01
-3.7479403e+00
1.9127956e-05
1.0276325e-05
-4.1181345e+00
1.7761489e-02
-4.5104146e+00
-2.7125068e+00
-2.0004663e+00
-3.7175298e+00
3.1918118e+00
-2.6777627e+00
3.1480282e-03
4.4196063e-06
-3.7296476e+00
-3.0576811e+00
6.8702520e-04
-4.4930186e+00
-4.8153243e+00
-3.6961818e-01
1.8125396e-05
-1.9815054e+00
-3.3507102e+00
-4.2209902e+00
-3.7447777e+00
-4.4043851e+00
3.6365705e-04
3.3115082e+00
3.4042907e+00
1.4360298e-01
-2.4228336e-01
3.1264236e+00
1.9312736e-01
6.6092416e-06
-4.6762767e+00
1.6564398e-05
2.3438910e-05
-1.0620601e-06
-1.5167328e-05
-3.7386007e+00
-2.2109215e+00
-2.4471917e+00
-9.3847393e-06
-1.0136432e-05
-3.9342144e+00
-4.3869228e+00
-4.9468336e+00
-4.6381412e+00
-5.1182556e+00
-4.7287097e+00
-4.3929682e+00
-4.4168453e+00
2.9831166e+00
2.9788086e+00
1.3689769e-05
-4.1437998e+00
-4.1338282e+00
-4.3574018e+00
-4.0708556e+00
-2.9856169e-06
-5.4243422e+00
1.5656303e-01
-9.4539350e-01
-9.0906435e-01
-5.4171674e-06
-5.5336952e-01
3.2908425e+00
3.3249841e+00
3.2253029e+00
3.4709792e+00
3.3192050e+00
3.3984375e+00
3.2460992e+00
3.2719471e+00
3.1168630e+00
3.0455041e+00
3.1388612e+00
-4.2345018e+00
-3.9665141e+00
-3.7894769e+00
-4.0972476e+00
-3.8844724e+00
2.7129397e-06
2.9481895e+00
4.5073424e-02
-4.0285039e+00
-3.8654704e+00
-4.0769548e+00
-3.9016275e+00
-4.1506929e+00
-5.2903509e+00
-3.0443683e+00
-1.0370511e+00
-7.9237968e-01
-1.0768449e+00
-1.9157078e+00
-2.0730355e+00
3.2466598e+00
-4.7766047e+00
-5.0727644e+00
-4.7488780e+00
-5.1146278e+00
-5.5398798e+00
-3.6369610e+00
-5.6356912e+00
-1.4933044e-05
1.8924040e-06
-4.0730934e+00
-4.7036433e+00
-4.9248252e+00
-4.5583191e+00
-4.6748114e+00
-4.3779459e+00
-4.2409797e+00
2.8591214e-06
7.0054507e-06
-4.3090930e+00
3.0017550e+00
3.0970688e+00
-4.1371160e+00
-3.3812413e+00
-3.7384956e+00
-3.8214376e+00
-2.3528345e+00
-3.5006864e+00
-1.7407091e+00
-4.7346196e+00
4.5384674e+00
5.2146716e+00
5.3177962e+00
5.9047980e+00
5.7924919e+00
6.6122909e+00
6.3962383e+00
7.1828508e+00
6.6047244e+00
5.9614420e+00
5.9331169e+00
6.3446622e+00
5.5397272e+00
5.5904932e+00
4.8360376e+00
4.4845247e+00
4.7952313e+00
6.5047441e+00
6.3267431e+00
5.2631803e+00
5.4319272e+00
4.2153635e+00
3.9798269e+00
3.2965088e+00
3.5189669e+00
2.1204245e+00
2.2426221e+00
4.3384356e+00
3.3296804e+00
2.6492455e+00
2.0459678e+00
8.6040884e-01
7.3071122e-01
1.7584937e+00
-4.5260010e+00
-2.5708084e+00
2.6436176e+00
-1.1905726e-05
7.0026976e-01
-2.9903786e+00
-1.0871159e+00
-3.4906795e+00
4.4914301e-02
5.4894028e+00
-1.1636347e-01
-6.4107437e+00
-6.7119699e+00
-5.2372446e+00
-4.7101007e+00
-4.2235193e+00
7.3647451e+00
2.7819054e+00
2.8627932e+00
2.5608025e+00
-6.7085156e+00
-6.1725945e+00
-2.8092709e+00
-3.1219873e+00
2.7525203e+00
2.6728847e+00
-4.9393702e+00
2.1285517e+00
8.3737440e+00
-4.0573063e+00
-2.9090879e+00
1.1296841e-05
-2.7500637e+00
6.9842041e-01
4.9658489e+00
4.7005954e+00
-1.5230349e+00
-1.7335001e+00
4.4119024e+00
3.9011126e+00
-3.9774637e+00
-1.3577948e+00
2.1842144e+00
1.6069810e+00
1.1308650e-05
3.2593725e-05
2.1863878e+00
2.9503908e+00
2.5034533e+00
2.2739775e+00
3.3068600e+00
2.0237994e+00
1.7929972e+00
1.4066586e+00
-1.2593322e+00
-1.3174951e+00
-1.0024474e+00
-1.0203381e+00
-6.1886406e-01
-9.3749261e-01
-4.7297004e-01
-3.6024639e-01
-2.1347851e-01
-1.7571233e-01
-2.6171464e-01
-1.3700080e+00
-1.5257916e+00
-1.2617521e+00
-1.7471980e+00
-1.3249196e+00
-9.9369246e-01
-9.3735856e-01
-1.2849478e+00
-7.9776633e-01
-1.1662654e+00
-5.4606658e-01
-3.4541786e-01
-2.9632100e-01
-1.7858919e+00
-1.1736891e-01
-1.3053904e-01
-1.5957477e+00
-1.3095021e+00
-1.8801993e+00
-1.9232148e+00
-1.5404491e-01
-2.1797495e+00
6.6142939e-02
-1.6450292e+00
-9.1504872e-01
-1.1907295e+00
9.5851088e-01
2.1418912e+00
1.6017466e+00
5.1720667e+00
7.2175078e+00
-2.4599066e-01
-1.3050748e+00
-1.3449645e+00
-8.4093314e-01
-1.2476614e+00
2.5307968e+00
2.8015845e+00
3.2029905e+00
2.7864809e+00
7.3984919e+00
-6.5286410e-01
-4.6959682e+00
3.1602635e+00
2.4443712e+00
-4.2899293e-01
-4.8232603e+00
9.2875407e-06
-6.1898980e+00
-6.3726563e+00
-6.2024565e+00
-5.5694189e+00
-6.2913734e-01
1.6564168e+00
1.6133332e+00
-3.2841179e+00
-4.9842372e+00
-1.9841473e-01
-1.0841741e-01
-5.1035747e-02
-2.1258203e-02
-1.0543548e-02
1.2488193e-03
-2.0141028e-02
2.2550672e-02
-1.0809737e-01
-1.2022829e-02
9.8446978e-04
-1.2544913e+00
3.1023426e+00
3.0600331e+00
3.5809243e+00
1.5811265e+00
8.3827996e-01
9.1937399e-01
8.3651137e-01
5.4537492e+00
-1.9610264e+00
-8.3210856e-01
-4.9269930e-03
1.4664300e-03
-2.6648701e-03
4.7526968e-04
-1.2555951e-03
3.0486927e+00
5.0823782e-03
2.1303842e-02
-1.7855833e-03
-7.1637804e-04
-2.7976965e-04
5.4691380e-05
3.1449523e+00
8.0023928e+00
-1.6132733e+00
2.4039090e+00
2.7467752e-01
-3.8618580e-07
-5.1772550e-02
-4.7231887e-02
-2.3509555e-02
-1.0951522e-02
-3.0671307e-03
-3.5124164e-02
-1.1519369e-01
-1.1203554e-02
-8.4614987e-04
9.4910804e-03
-6.9501814e-03
9.3115017e-07
-2.7618961e-02
1.1301325e-06
2.0160958e-07
4.3979660e-05
-3.3150485e-05
7.0473376e-05
1.1651110e-04
2.1316796e-04
9.1901486e-05
3.9891433e-04
9.2997034e-05
7.1290322e-04
-6.1124018e-05
1.2359044e-03
-4.0796274e-04
2.3266005e-03
-9.7603729e-04
-3.1821830e-03
1.6777962e-03
1.9144110e-04
6.7370202e-05
-5.1591291e+00
-1.5197242e-04
-1.5165312e-04
-6.2463550e-05
-6.8400521e-04
-1.1960668e-04
-2.9616394e-05
-6.4659092e-05
-1.5027565e-05
-9.6728218e-06
-1.2273465e-05
2.7228340e-05
-1.8618464e-04
3.5891742e-05
1.1346430e-05
-4.3228838e-06
3.4896832e+00
3.6084661e+00
4.8586979e-05
8.2285142e-06
6.4008177e-06
3.0640082e+00
-2.6573567e-02
1.6821309e-06
4.0687324e-04
3.7057498e+00
-4.2839441e+00
-1.6784542e-06
-3.8628008e+00
-3.5720136e+00
-4.4380193e+00
3.0792050e+00
3.2064389e-03
5.8225825e-02
-2.1909780e-06
1.3792316e-03
-1.3505189e-01
-1.4709544e+00
3.2454555e+00
-2.4164934e-01
-9.8880756e-01
-3.5555114e-03
-3.9633114e+00
5.8043897e-02
8.4154863e-06
4.9679971e+00
3.6185560e+00
-4.4203582e+00
-4.1322310e-05
2.8202352e-01
3.1484325e+00
2.9971976e+00
3.1463103e+00
3.0260215e+00
-6.0303664e+00
-1.4303454e+00
1.2864938e-04
-3.6606450e+00
2.9960504e+00
2.0148091e+00
-3.8529903e-04
1.4673853e-06
-4.4956680e-02
-1.9928584e-01
-1.7038465e+00
-2.3265901e+00
-2.3500252e+00
5.6989012e+00
-9.1377193e-01
-3.6542737e+00
-4.7852718e-06
1.4865685e+00
-6.4993867e-07
-2.3003957e+00
-9.9265453e-05
1.7336085e-01
1.3164560e-05
3.2009656e+00
3.8151772e+00
-2.6158609e+00
-4.0761662e+00
-1.4661006e+00
3.2169087e+00
-1.2950516e+00
-6.6866055e-03
-6.5098810e-01
-4.7510448e-01
2.6988989e-04
4.2197709e+00
-5.4862814e+00
-2.8846774e-04
3.3824298e+00
4.0970049e+00
-5.5648723e+00
-1.5796937e+00
-1.1936487e+00
-2.9702251e+00
-2.0925412e+00
-2.5874400e+00
-4.2747011e+00
5.1708140e+00
-2.8343337e+00
2.6451466e+00
-5.7922096e+00
-3.5671163e-01
-1.9325323e+00
4.2723155e+00
3.6425917e+00
-6.0115950e-03
-3.9300823e+00
7.4441653e-01
1.4817995e+00
-8.0581546e-01
4.5749396e-03
-2.8735211e+00
2.8416183e+00
3.9271507e-01
-1.5937703e+00
3.2274277e+00
-3.2651591e-01
-1.8943053e-01
7.5295367e+00
3.7865975e+00
-6.5013458e-04
1.8880910e+00
-2.3659384e+00
1.4070023e+00
-2.4994396e-04
1.1806535e-02
-5.3656335e+00
-4.2878470e+00
-3.5848042e-01
-1.1199038e+00
2.7676995e+00
-7.7437568e-01
-1.7599866e+00
4.9219114e-01
1.3637779e+00
6.8576598e+00
7.9403999e-06
-1.4553955e-03
-1.0088152e+00
3.2666438e+00
-4.1405268e+00
-6.1319914e+00
3.8357037e-01
-9.1467209e-06
-3.4894290e+00
5.1816144e+00
1.7323107e-02
-4.9204054e+00
2.9119346e+00
6.1407881e+00
-7.0330191e-01
-2.9429230e-03
-4.1491632e+00
-3.7055554e+00
-4.8805633e+00
1.3596729e+00
2.0223938e-02
3.0049591e+00
5.8855832e-02
5.4532194e+00
-4.4162560e+00
-3.7291782e-05
3.1971512e+00
-3.4951918e+00
-3.8869846e+00
3.6262581e+00
-1.6193396e+00
-3.6772351e+00
-3.8639898e+00
-1.0950827e-06
-4.3760929e+00
3.0196459e+00
-4.6354251e+00
3.0189435e+00
1.2993863e-02
2.7435591e+00
2.9526119e+00
-2.0016623e+00
-5.8419962e+00
-3.7254076e-06
-9.1745746e-01
4.3821087e+00
-3.3913133e+00
1.3686085e-06
-2.1480048e+00
-6.3168882e-05
1.6861262e-02
-2.2228501e+00
-2.9418466e-06
-3.1511834e+00
-4.0875697e+00
-2.4079345e-04
-5.0644236e+00
-2.4399266e+00
1.1762477e+00
-5.2614927e+00
6.9962144e-01
2.1436732e-02
-1.5502409e+00
-5.9703764e-02
-1.3501627e+00
5.5137277e-01
-4.2056704e+00
2.7410324e+00
-2.7000937e+00
3.3268201e+00
-3.8694403e+00
2.9890361e+00
2.8972017e-02
2.0741212e+00
2.9194703e+00
-7.2005250e-02
-5.4991764e-05
4.8661962e+00
-4.6818194e+00
-5.7514000e-01
-4.6323884e-01
-4.3324761e+00
-1.7022202e+00
-4.9058294e-01
-1.5950500e+00
3.7441503e-02
-4.1236386e+00
6.6253144e-01
-1.6780121e+00
3.9739213e+00
-5.4526997e+00
-5.4565825e+00
3.1941020e+00
-4.7316626e-01
2.4849784e+00
1.2722486e-06
2.7319639e+00
2.4074240e+00
-3.5057905e+00
3.6636264e+00
1.1721761e+00
3.3731182e+00
-1.6547878e-05
-1.1529322e+00
-2.6857712e+00
-3.4537191e+00
-3.4354520e+00
-5.8316770e+00
-5.8332032e-01
-4.1501851e+00
CELL_DATA 1766
FIELD FieldData 0
