# vtk DataFile Version 4.0
vtk output
ASCII
DATASET UNSTRUCTURED_GRID
POINTS 945 float
0.0000000e+00 0.0000000e+00 0.0000000e+00 
2.0000000e+00 0.0000000e+00 0.0000000e+00 
2.0000000e+00 6.0000002e-01 0.0000000e+00 
0.0000000e+00 6.0000002e-01 0.0000000e+00 
5.6000000e-01 3.0000001e-01 0.0000000e+00 
5.5884713e-01 2.8829461e-01 0.0000000e+00 
5.5543280e-01 2.7703899e-01 0.0000000e+00 
5.4988819e-01 2.6666579e-01 0.0000000e+00 
5.4242641e-01 2.5757360e-01 0.0000000e+00 
5.3333420e-01 2.5011179e-01 0.0000000e+00 
5.2296102e-01 2.4456720e-01 0.0000000e+00 
5.1170540e-01 2.4115290e-01 0.0000000e+00 
5.0000000e-01 2.3999999e-01 0.0000000e+00 
4.8829460e-01 2.4115290e-01 0.0000000e+00 
4.7703901e-01 2.4456720e-01 0.0000000e+00 
4.6666580e-01 2.5011179e-01 0.0000000e+00 
4.5757359e-01 2.5757360e-01 0.0000000e+00 
4.5011181e-01 2.6666579e-01 0.0000000e+00 
4.4456720e-01 2.7703899e-01 0.0000000e+00 
4.4115290e-01 2.8829461e-01 0.0000000e+00 
4.4000000e-01 3.0000001e-01 0.0000000e+00 
4.4115290e-01 3.1170541e-01 0.0000000e+00 
4.4456720e-01 3.2296100e-01 0.0000000e+00 
4.5011181e-01 3.3333421e-01 0.0000000e+00 
4.5757359e-01 3.4242639e-01 0.0000000e+00 
4.6666580e-01 3.4988821e-01 0.0000000e+00 
4.7703901e-01 3.5543281e-01 0.0000000e+00 
4.8829460e-01 3.5884711e-01 0.0000000e+00 
5.0000000e-01 3.6000001e-01 0.0000000e+00 
5.1170540e-01 3.5884711e-01 0.0000000e+00 
5.2296102e-01 3.5543281e-01 0.0000000e+00 
5.3333420e-01 3.4988821e-01 0.0000000e+00 
5.4242641e-01 3.4242639e-01 0.0000000e+00 
5.4988819e-01 3.3333421e-01 0.0000000e+00 
5.5543280e-01 3.2296100e-01 0.0000000e+00 
5.5884713e-01 3.1170541e-01 0.0000000e+00 
5.9016321e-02 0.0000000e+00 0.0000000e+00 
1.1803260e-01 0.0000000e+00 0.0000000e+00 
1.7704900e-01 0.0000000e+00 0.0000000e+00 
2.3587100e-01 0.0000000e+00 0.0000000e+00 
2.9085249e-01 0.0000000e+00 0.0000000e+00 
3.4144861e-01 0.0000000e+00 0.0000000e+00 
3.8872591e-01 0.0000000e+00 0.0000000e+00 
4.3368599e-01 0.0000000e+00 0.0000000e+00 
4.7725680e-01 0.0000000e+00 0.0000000e+00 
5.2034539e-01 0.0000000e+00 0.0000000e+00 
5.6386721e-01 0.0000000e+00 0.0000000e+00 
6.0872579e-01 0.0000000e+00 0.0000000e+00 
6.5584701e-01 0.0000000e+00 0.0000000e+00 
7.0623368e-01 0.0000000e+00 0.0000000e+00 
7.6094180e-01 0.0000000e+00 0.0000000e+00 
8.1967372e-01 0.0000000e+00 0.0000000e+00 
8.7868989e-01 0.0000000e+00 0.0000000e+00 
9.3770629e-01 0.0000000e+00 0.0000000e+00 
9.9672258e-01 0.0000000e+00 0.0000000e+00 
1.0557390e+00 0.0000000e+00 0.0000000e+00 
1.1147550e+00 0.0000000e+00 0.0000000e+00 
1.1737720e+00 0.0000000e+00 0.0000000e+00 
1.2327880e+00 0.0000000e+00 0.0000000e+00 
1.2918040e+00 0.0000000e+00 0.0000000e+00 
1.3508210e+00 0.0000000e+00 0.0000000e+00 
1.4098370e+00 0.0000000e+00 0.0000000e+00 
1.4688530e+00 0.0000000e+00 0.0000000e+00 
1.5278690e+00 0.0000000e+00 0.0000000e+00 
1.5868860e+00 0.0000000e+00 0.0000000e+00 
1.6459020e+00 0.0000000e+00 0.0000000e+00 
1.7049180e+00 0.0000000e+00 0.0000000e+00 
1.7639350e+00 0.0000000e+00 0.0000000e+00 
1.8229510e+00 0.0000000e+00 0.0000000e+00 
1.8819669e+00 0.0000000e+00 0.0000000e+00 
1.9409840e+00 0.0000000e+00 0.0000000e+00 
2.0000000e+00 5.9999999e-02 0.0000000e+00 
2.0000000e+00 1.2000000e-01 0.0000000e+00 
2.0000000e+00 1.8000001e-01 0.0000000e+00 
2.0000000e+00 2.3999999e-01 0.0000000e+00 
2.0000000e+00 3.0000001e-01 0.0000000e+00 
2.0000000e+00 3.6000001e-01 0.0000000e+00 
2.0000000e+00 4.1999999e-01 0.0000000e+00 
2.0000000e+00 4.7999999e-01 0.0000000e+00 
2.0000000e+00 5.4000002e-01 0.0000000e+00 
1.9409840e+00 6.0000002e-01 0.0000000e+00 
1.8819669e+00 6.0000002e-01 0.0000000e+00 
1.8229510e+00 6.0000002e-01 0.0000000e+00 
1.7639350e+00 6.0000002e-01 0.0000000e+00 
1.7049180e+00 6.0000002e-01 0.0000000e+00 
1.6459020e+00 6.0000002e-01 0.0000000e+00 
1.5868860e+00 6.0000002e-01 0.0000000e+00 
1.5278690e+00 6.0000002e-01 0.0000000e+00 
1.4688530e+00 6.0000002e-01 0.0000000e+00 
1.4098370e+00 6.0000002e-01 0.0000000e+00 
1.3508210e+00 6.0000002e-01 0.0000000e+00 
1.2918040e+00 6.0000002e-01 0.0000000e+00 
1.2327880e+00 6.0000002e-01 0.0000000e+00 
1.1737720e+00 6.0000002e-01 0.0000000e+00 
1.1147550e+00 6.0000002e-01 0.0000000e+00 
1.0557390e+00 6.0000002e-01 0.0000000e+00 
9.9672258e-01 6.0000002e-01 0.0000000e+00 
9.3770629e-01 6.0000002e-01 0.0000000e+00 
8.7868989e-01 6.0000002e-01 0.0000000e+00 
8.1967372e-01 6.0000002e-01 0.0000000e+00 
7.6094180e-01 6.0000002e-01 0.0000000e+00 
7.0623368e-01 6.0000002e-01 0.0000000e+00 
6.5584701e-01 6.0000002e-01 0.0000000e+00 
6.0872579e-01 6.0000002e-01 0.0000000e+00 
5.6386721e-01 6.0000002e-01 0.0000000e+00 
5.2034539e-01 6.0000002e-01 0.0000000e+00 
4.7725680e-01 6.0000002e-01 0.0000000e+00 
4.3368599e-01 6.0000002e-01 0.0000000e+00 
3.8872591e-01 6.0000002e-01 0.0000000e+00 
3.4144861e-01 6.0000002e-01 0.0000000e+00 
2.9085249e-01 6.0000002e-01 0.0000000e+00 
2.3587100e-01 6.0000002e-01 0.0000000e+00 
1.7704900e-01 6.0000002e-01 0.0000000e+00 
1.1803260e-01 6.0000002e-01 0.0000000e+00 
5.9016321e-02 6.0000002e-01 0.0000000e+00 
0.0000000e+00 5.4000002e-01 0.0000000e+00 
0.0000000e+00 4.7999999e-01 0.0000000e+00 
0.0000000e+00 4.1999999e-01 0.0000000e+00 
0.0000000e+00 3.6000001e-01 0.0000000e+00 
0.0000000e+00 3.0000001e-01 0.0000000e+00 
0.0000000e+00 2.3999999e-01 0.0000000e+00 
0.0000000e+00 1.8000001e-01 0.0000000e+00 
0.0000000e+00 1.2000000e-01 0.0000000e+00 
0.0000000e+00 5.9999999e-02 0.0000000e+00 
4.3026751e-01 3.0683401e-01 0.0000000e+00 
8.4908241e-01 5.5269438e-01 0.0000000e+00 
7.8790653e-01 5.1802918e-02 0.0000000e+00 
1.1430219e+00 5.0576471e-02 0.0000000e+00 
1.4415160e+00 5.0573289e-02 0.0000000e+00 
1.6754100e+00 5.5038619e-01 0.0000000e+00 
2.6041579e-01 5.2875768e-02 0.0000000e+00 
9.6895182e-01 5.0380111e-02 0.0000000e+00 
2.6302171e-01 5.5612308e-01 0.0000000e+00 
5.5065349e-02 2.6500449e-01 0.0000000e+00 
1.2615570e+00 5.4759312e-01 0.0000000e+00 
1.0253479e+00 5.4886931e-01 0.0000000e+00 
1.6201590e+00 5.4130111e-02 0.0000000e+00 
1.4979730e+00 5.5115038e-01 0.0000000e+00 
6.7900127e-01 5.5979192e-01 0.0000000e+00 
1.9463980e+00 2.6800990e-01 0.0000000e+00 
6.3145077e-01 3.8099781e-02 0.0000000e+00 
4.1331020e-01 5.6811810e-01 0.0000000e+00 
4.1231820e-01 3.8809739e-02 0.0000000e+00 
5.4410732e-01 5.6000441e-01 0.0000000e+00 
1.7962800e+00 5.9606131e-02 0.0000000e+00 
5.4468262e-01 3.7558820e-02 0.0000000e+00 
4.9130220e-02 3.9247900e-01 0.0000000e+00 
1.9509200e+00 3.8997239e-01 0.0000000e+00 
1.3233820e+00 4.9667731e-02 0.0000000e+00 
1.3821890e+00 5.4839480e-01 0.0000000e+00 
1.1434870e+00 5.4837209e-01 0.0000000e+00 
1.7959980e+00 5.4855859e-01 0.0000000e+00 
4.9401909e-02 1.5067521e-01 0.0000000e+00 
1.4989950e-01 5.5529898e-01 0.0000000e+00 
1.9519399e+00 1.5339760e-01 0.0000000e+00 
1.4754079e-01 5.1025499e-02 0.0000000e+00 
1.9506550e+00 5.1069498e-01 0.0000000e+00 
1.9114760e+00 5.1109631e-02 0.0000000e+00 
4.9216151e-02 5.0927132e-01 0.0000000e+00 
5.8710063e-01 3.6655251e-02 0.0000000e+00 
6.0428280e-01 7.4787550e-02 0.0000000e+00 
6.4929068e-01 7.4443869e-02 0.0000000e+00 
6.2715179e-01 1.0633790e-01 0.0000000e+00 
5.9329480e-01 1.0799770e-01 0.0000000e+00 
6.0949302e-01 1.3488390e-01 0.0000000e+00 
6.4123279e-01 1.3555969e-01 0.0000000e+00 
6.2006623e-01 1.6328260e-01 0.0000000e+00 
6.5316749e-01 1.6381399e-01 0.0000000e+00 
6.3351321e-01 1.8958050e-01 0.0000000e+00 
6.6427898e-01 1.8941709e-01 0.0000000e+00 
6.4933020e-01 2.1180780e-01 0.0000000e+00 
6.7645937e-01 2.1359310e-01 0.0000000e+00 
6.6097301e-01 2.3410480e-01 0.0000000e+00 
6.8796802e-01 2.3757669e-01 0.0000000e+00 
6.7103261e-01 2.5876111e-01 0.0000000e+00 
6.9990993e-01 2.6214910e-01 0.0000000e+00 
6.8101048e-01 2.8387409e-01 0.0000000e+00 
7.1248281e-01 2.8716281e-01 0.0000000e+00 
7.2971261e-01 2.6349890e-01 0.0000000e+00 
7.4486363e-01 2.9076719e-01 0.0000000e+00 
6.9556361e-01 3.0985960e-01 0.0000000e+00 
7.6406652e-01 2.6318431e-01 0.0000000e+00 
7.8114778e-01 2.9619500e-01 0.0000000e+00 
5.5403137e-01 2.5565761e-01 0.0000000e+00 
5.6691158e-01 2.7902979e-01 0.0000000e+00 
8.0246252e-01 2.6402649e-01 0.0000000e+00 
8.2167560e-01 3.0103979e-01 0.0000000e+00 
5.7978672e-01 1.3316999e-01 0.0000000e+00 
6.9627529e-01 1.8651520e-01 0.0000000e+00 
8.4832448e-01 2.6130950e-01 0.0000000e+00 
8.6857778e-01 3.0716091e-01 0.0000000e+00 
6.6883779e-01 3.0851370e-01 0.0000000e+00 
6.8001598e-01 3.3176759e-01 0.0000000e+00 
5.6956083e-01 3.0685109e-01 0.0000000e+00 
8.9643359e-01 2.6652190e-01 0.0000000e+00 
9.1803229e-01 3.1445420e-01 0.0000000e+00 
9.4838840e-01 2.6944679e-01 0.0000000e+00 
9.7196358e-01 3.1528941e-01 0.0000000e+00 
1.0020620e+00 2.7188951e-01 0.0000000e+00 
1.0263140e+00 3.1974381e-01 0.0000000e+00 
1.0557370e+00 2.7577680e-01 0.0000000e+00 
6.5179992e-01 3.3081001e-01 0.0000000e+00 
6.6418201e-01 3.5163379e-01 0.0000000e+00 
6.8745148e-01 3.5866591e-01 0.0000000e+00 
6.4083183e-01 3.5175639e-01 0.0000000e+00 
6.5020132e-01 3.7057751e-01 0.0000000e+00 
6.2925631e-01 3.6861771e-01 0.0000000e+00 
6.3750827e-01 3.8906679e-01 0.0000000e+00 
6.1479098e-01 3.8505989e-01 0.0000000e+00 
6.2451601e-01 4.0700281e-01 0.0000000e+00 
6.0271370e-01 4.0461549e-01 0.0000000e+00 
6.4791143e-01 4.1049060e-01 0.0000000e+00 
6.1149168e-01 4.2533240e-01 0.0000000e+00 
5.8940130e-01 4.2314041e-01 0.0000000e+00 
5.4590571e-01 3.5405469e-01 0.0000000e+00 
5.5933821e-01 3.3214769e-01 0.0000000e+00 
1.0820900e+00 3.2265610e-01 0.0000000e+00 
1.1129040e+00 2.7988619e-01 0.0000000e+00 
1.1385900e+00 3.3131590e-01 0.0000000e+00 
1.1718310e+00 2.8342861e-01 0.0000000e+00 
5.9854919e-01 4.4447681e-01 0.0000000e+00 
5.7566178e-01 4.4153079e-01 0.0000000e+00 
8.0048358e-01 3.3398119e-01 0.0000000e+00 
1.1962050e+00 3.3624330e-01 0.0000000e+00 
1.2286429e+00 2.8668931e-01 0.0000000e+00 
1.2540359e+00 3.3862561e-01 0.0000000e+00 
1.2863950e+00 2.8994620e-01 0.0000000e+00 
6.1140192e-01 1.8628950e-01 0.0000000e+00 
1.3121480e+00 3.4238011e-01 0.0000000e+00 
1.3446890e+00 2.9366851e-01 0.0000000e+00 
1.3705840e+00 3.4558439e-01 0.0000000e+00 
1.4032860e+00 2.9774809e-01 0.0000000e+00 
6.4617378e-01 3.0788270e-01 0.0000000e+00 
1.4291511e+00 3.4956750e-01 0.0000000e+00 
1.4618640e+00 3.0163100e-01 0.0000000e+00 
1.4877310e+00 3.5457411e-01 0.0000000e+00 
1.5206050e+00 3.0603161e-01 0.0000000e+00 
1.5464530e+00 3.5889450e-01 0.0000000e+00 
1.5793800e+00 3.1008351e-01 0.0000000e+00 
5.6763572e-01 4.1851109e-01 0.0000000e+00 
5.5408603e-01 4.3793961e-01 0.0000000e+00 
5.2029008e-01 3.6688760e-01 0.0000000e+00 
9.4794089e-01 3.6647639e-01 0.0000000e+00 
8.7384099e-01 2.2074890e-01 0.0000000e+00 
6.3348472e-01 2.3041780e-01 0.0000000e+00 
7.8118002e-01 2.2578520e-01 0.0000000e+00 
1.6052290e+00 3.6304700e-01 0.0000000e+00 
1.6382140e+00 3.1413361e-01 0.0000000e+00 
1.6641290e+00 3.6722910e-01 0.0000000e+00 
1.6971480e+00 3.1819481e-01 0.0000000e+00 
1.6712240e+00 2.6505721e-01 0.0000000e+00 
1.7302210e+00 2.6912081e-01 0.0000000e+00 
1.5534170e+00 2.5684619e-01 0.0000000e+00 
6.7181969e-01 1.4093800e-01 0.0000000e+00 
5.8596748e-01 4.6394360e-01 0.0000000e+00 
1.7230920e+00 3.7133509e-01 0.0000000e+00 
1.3771909e+00 2.4454120e-01 0.0000000e+00 
6.2249678e-01 4.4700289e-01 0.0000000e+00 
1.2033920e+00 2.3449400e-01 0.0000000e+00 
1.0287880e+00 2.3015590e-01 0.0000000e+00 
5.4669750e-01 4.1895449e-01 0.0000000e+00 
5.3373671e-01 4.3515179e-01 0.0000000e+00 
5.4073101e-01 4.5481020e-01 0.0000000e+00 
5.1996583e-01 4.5137540e-01 0.0000000e+00 
5.1387292e-01 4.2921981e-01 0.0000000e+00 
4.9935541e-01 4.4742331e-01 0.0000000e+00 
4.5565760e-01 3.5403141e-01 0.0000000e+00 
4.9349809e-01 4.2846820e-01 0.0000000e+00 
4.7935709e-01 4.4358870e-01 0.0000000e+00 
4.7970989e-01 3.6688760e-01 0.0000000e+00 
4.8592600e-01 4.6396780e-01 0.0000000e+00 
4.6443069e-01 4.5930001e-01 0.0000000e+00 
4.5825541e-01 4.3536639e-01 0.0000000e+00 
4.4286779e-01 4.5335940e-01 0.0000000e+00 
4.3592349e-01 4.3169260e-01 0.0000000e+00 
4.2123440e-01 4.4813421e-01 0.0000000e+00 
4.1462469e-01 4.2622849e-01 0.0000000e+00 
4.3825611e-01 3.3387709e-01 0.0000000e+00 
3.9864141e-01 4.4291711e-01 0.0000000e+00 
3.9200109e-01 4.1997111e-01 0.0000000e+00 
3.7504819e-01 4.3754801e-01 0.0000000e+00 
3.6926591e-01 4.1456231e-01 0.0000000e+00 
3.5052001e-01 4.3156540e-01 0.0000000e+00 
3.4640020e-01 4.0321410e-01 0.0000000e+00 
3.2338160e-01 4.2558259e-01 0.0000000e+00 
3.1625420e-01 3.9745620e-01 0.0000000e+00 
3.3599329e-01 3.7658459e-01 0.0000000e+00 
3.0888751e-01 3.6996761e-01 0.0000000e+00 
3.2846531e-01 3.5015899e-01 0.0000000e+00 
3.0453789e-01 3.4228960e-01 0.0000000e+00 
3.2241219e-01 3.2376000e-01 0.0000000e+00 
2.9612821e-01 3.1610900e-01 0.0000000e+00 
3.1577420e-01 2.9729351e-01 0.0000000e+00 
2.8885421e-01 2.8886101e-01 0.0000000e+00 
3.0968001e-01 2.6928011e-01 0.0000000e+00 
2.8137040e-01 2.6060769e-01 0.0000000e+00 
2.8570160e-01 3.8790971e-01 0.0000000e+00 
3.0315241e-01 2.4067999e-01 0.0000000e+00 
3.3230671e-01 2.5245121e-01 0.0000000e+00 
3.2487640e-01 2.2290690e-01 0.0000000e+00 
3.5372531e-01 2.3027760e-01 0.0000000e+00 
4.3461740e-01 2.7961159e-01 0.0000000e+00 
3.4512779e-01 2.0528039e-01 0.0000000e+00 
3.6950600e-01 2.1069451e-01 0.0000000e+00 
2.6638910e-01 3.1392881e-01 0.0000000e+00 
2.7405229e-01 2.3109850e-01 0.0000000e+00 
3.6342499e-01 1.8842390e-01 0.0000000e+00 
3.8558939e-01 1.9589300e-01 0.0000000e+00 
4.4520050e-01 2.5469631e-01 0.0000000e+00 
3.8103029e-01 1.7263541e-01 0.0000000e+00 
4.0200421e-01 1.8057050e-01 0.0000000e+00 
4.9249741e-01 2.2787590e-01 0.0000000e+00 
4.6605590e-01 2.3826469e-01 0.0000000e+00 
3.3931601e-01 1.7988220e-01 0.0000000e+00 
3.8745371e-01 3.9799151e-01 0.0000000e+00 
3.5741779e-01 2.5419459e-01 0.0000000e+00 
3.5627639e-01 4.5751181e-01 0.0000000e+00 
3.4765261e-01 3.3191890e-01 0.0000000e+00 
3.9811629e-01 1.5518570e-01 0.0000000e+00 
4.2193061e-01 1.6662900e-01 0.0000000e+00 
3.7476501e-01 1.4610679e-01 0.0000000e+00 
3.9139041e-01 2.1633980e-01 0.0000000e+00 
2.5018540e-01 2.5338060e-01 0.0000000e+00 
2.4227400e-01 2.1673180e-01 0.0000000e+00 
2.1296521e-01 2.4632980e-01 0.0000000e+00 
2.0310380e-01 2.0643540e-01 0.0000000e+00 
4.7074649e-01 4.8204380e-01 0.0000000e+00 
4.9385741e-01 4.8678511e-01 0.0000000e+00 
4.1766569e-01 1.3875820e-01 0.0000000e+00 
4.3951231e-01 1.4885530e-01 0.0000000e+00 
4.4284999e-01 1.6929220e-01 0.0000000e+00 
4.6074921e-01 1.5907930e-01 0.0000000e+00 
4.5701310e-01 1.3411739e-01 0.0000000e+00 
4.7804150e-01 1.4308280e-01 0.0000000e+00 
4.8207700e-01 1.6432039e-01 0.0000000e+00 
5.2000839e-01 2.3249920e-01 0.0000000e+00 
4.7522539e-01 1.1890660e-01 0.0000000e+00 
4.9824399e-01 1.5124670e-01 0.0000000e+00 
5.0239080e-01 1.7379840e-01 0.0000000e+00 
4.0624869e-01 4.6688080e-01 0.0000000e+00 
4.2919409e-01 4.1243970e-01 0.0000000e+00 
6.2043011e-01 3.4884781e-01 0.0000000e+00 
1.7042540e+00 2.1590130e-01 0.0000000e+00 
1.7632940e+00 2.2000070e-01 0.0000000e+00 
5.9477502e-01 3.8850871e-01 0.0000000e+00 
1.1047130e+00 3.7971979e-01 0.0000000e+00 
5.5632508e-01 4.0331629e-01 0.0000000e+00 
5.1673311e-01 1.5979400e-01 0.0000000e+00 
5.1686460e-01 1.3875850e-01 0.0000000e+00 
5.2089018e-01 1.7866670e-01 0.0000000e+00 
2.3531640e-01 1.7608330e-01 0.0000000e+00 
4.8605490e-01 1.8340071e-01 0.0000000e+00 
1.2225550e+00 3.8796490e-01 0.0000000e+00 
1.7893510e+00 2.7321759e-01 0.0000000e+00 
5.0436419e-01 4.1349870e-01 0.0000000e+00 
4.8793069e-01 4.1161671e-01 0.0000000e+00 
1.3432890e+00 3.9487341e-01 0.0000000e+00 
4.9844569e-01 3.9902619e-01 0.0000000e+00 
5.1288861e-01 4.0051869e-01 0.0000000e+00 
4.7826111e-01 5.0721961e-01 0.0000000e+00 
1.5723439e+00 4.1086179e-01 0.0000000e+00 
5.6928509e-01 1.1216540e-01 0.0000000e+00 
5.3438342e-01 1.6713411e-01 0.0000000e+00 
5.3660733e-01 1.8530799e-01 0.0000000e+00 
5.5097228e-01 1.7492341e-01 0.0000000e+00 
5.5329382e-01 1.9238080e-01 0.0000000e+00 
1.4477730e+00 4.0997440e-01 0.0000000e+00 
1.7183121e-01 2.3577370e-01 0.0000000e+00 
1.8385801e-01 2.7833050e-01 0.0000000e+00 
4.5149651e-01 1.1040960e-01 0.0000000e+00 
4.7247219e-01 9.1955133e-02 0.0000000e+00 
1.9255680e-01 1.6331930e-01 0.0000000e+00 
4.5135620e-01 5.0161749e-01 0.0000000e+00 
1.8225530e+00 2.2401039e-01 0.0000000e+00 
5.2494282e-01 1.9506520e-01 0.0000000e+00 
1.7372680e+00 1.6678140e-01 0.0000000e+00 
1.6782570e+00 1.6271511e-01 0.0000000e+00 
1.6900350e+00 4.2038351e-01 0.0000000e+00 
1.7490560e+00 4.2454061e-01 0.0000000e+00 
4.8329440e-01 3.9614201e-01 0.0000000e+00 
4.7259709e-01 4.0761891e-01 0.0000000e+00 
4.6829471e-01 3.9267531e-01 0.0000000e+00 
1.7821480e+00 3.7544200e-01 0.0000000e+00 
1.8081650e+00 4.2873210e-01 0.0000000e+00 
5.6767190e-01 1.8248910e-01 0.0000000e+00 
5.6965590e-01 1.9964610e-01 0.0000000e+00 
5.5310482e-01 2.0997940e-01 0.0000000e+00 
5.7153863e-01 2.1648981e-01 0.0000000e+00 
5.5832732e-01 2.2570750e-01 0.0000000e+00 
5.7294083e-01 2.3188220e-01 0.0000000e+00 
5.8571517e-01 2.2277141e-01 0.0000000e+00 
5.8722973e-01 2.3849240e-01 0.0000000e+00 
2.2661661e-01 1.3415439e-01 0.0000000e+00 
2.6798990e-01 1.4730521e-01 0.0000000e+00 
1.7105891e+00 1.1396340e-01 0.0000000e+00 
5.9993339e-01 2.2935030e-01 0.0000000e+00 
6.0129720e-01 2.4530940e-01 0.0000000e+00 
5.8868867e-01 2.5420901e-01 0.0000000e+00 
6.0235012e-01 2.6110700e-01 0.0000000e+00 
1.8387530e+00 3.7525591e-01 0.0000000e+00 
5.4489303e-01 2.2099259e-01 0.0000000e+00 
4.5784310e-01 5.2955812e-01 0.0000000e+00 
5.1062381e-01 5.1103139e-01 0.0000000e+00 
4.9833831e-01 1.0296860e-01 0.0000000e+00 
1.8639690e+00 4.2541769e-01 0.0000000e+00 
4.9523690e-01 7.3985048e-02 0.0000000e+00 
1.3844220e-01 2.6736441e-01 0.0000000e+00 
1.5088230e-01 3.1097111e-01 0.0000000e+00 
1.2641050e-01 2.2494370e-01 0.0000000e+00 
2.0287590e-01 3.2045639e-01 0.0000000e+00 
1.6756350e-01 3.5410741e-01 0.0000000e+00 
2.1099889e-01 3.6507410e-01 0.0000000e+00 
1.8053800e-01 3.9719370e-01 0.0000000e+00 
2.2913329e-01 4.0715241e-01 0.0000000e+00 
1.9421770e-01 4.3993911e-01 0.0000000e+00 
2.3865750e-01 4.5007020e-01 0.0000000e+00 
1.4811151e-01 4.3034700e-01 0.0000000e+00 
5.9036589e-01 2.6973200e-01 0.0000000e+00 
6.0372931e-01 2.7649191e-01 0.0000000e+00 
6.1619169e-01 2.6624000e-01 0.0000000e+00 
5.9138829e-01 2.8492469e-01 0.0000000e+00 
6.0468042e-01 2.9163459e-01 0.0000000e+00 
1.8453060e+00 2.7996099e-01 0.0000000e+00 
2.0954210e-01 4.8537201e-01 0.0000000e+00 
4.6530190e-01 6.3733928e-02 0.0000000e+00 
5.9247959e-01 2.9992181e-01 0.0000000e+00 
6.0560697e-01 3.0666059e-01 0.0000000e+00 
5.9351093e-01 3.1494951e-01 0.0000000e+00 
6.0633099e-01 3.2174519e-01 0.0000000e+00 
5.9430778e-01 3.2937449e-01 0.0000000e+00 
4.9347320e-01 3.8454881e-01 0.0000000e+00 
5.5062449e-01 1.5674770e-01 0.0000000e+00 
4.5774269e-01 4.0380031e-01 0.0000000e+00 
4.5300320e-01 3.8926181e-01 0.0000000e+00 
5.2078158e-01 8.5589677e-02 0.0000000e+00 
5.2809721e-01 4.7261381e-01 0.0000000e+00 
5.4998982e-01 4.7740239e-01 0.0000000e+00 
1.1647230e-01 3.4303319e-01 0.0000000e+00 
5.4025501e-01 4.0216339e-01 0.0000000e+00 
5.4931629e-01 3.8893181e-01 0.0000000e+00 
5.6429678e-01 3.8917771e-01 0.0000000e+00 
5.5815691e-01 3.7613159e-01 0.0000000e+00 
5.3233409e-01 3.8730109e-01 0.0000000e+00 
6.1810511e-01 2.9840681e-01 0.0000000e+00 
5.4633558e-01 2.3408321e-01 0.0000000e+00 
1.7233150e+00 4.7115931e-01 0.0000000e+00 
1.6544410e+00 4.6960419e-01 0.0000000e+00 
5.9817278e-01 2.1342160e-01 0.0000000e+00 
5.7312608e-01 3.7630349e-01 0.0000000e+00 
5.6664068e-01 3.6344349e-01 0.0000000e+00 
5.8089459e-01 3.6333910e-01 0.0000000e+00 
5.7436389e-01 3.5058859e-01 0.0000000e+00 
5.8890998e-01 3.5140380e-01 0.0000000e+00 
5.9597099e-01 3.6360300e-01 0.0000000e+00 
1.8871840e+00 2.3216370e-01 0.0000000e+00 
1.8613670e+00 1.6699770e-01 0.0000000e+00 
5.8043772e-01 3.2325599e-01 0.0000000e+00 
1.8341640e-01 1.2044960e-01 0.0000000e+00 
1.4539170e-01 1.4803199e-01 0.0000000e+00 
5.2981251e-01 4.1606659e-01 0.0000000e+00 
6.3278657e-01 3.2098520e-01 0.0000000e+00 
4.9883649e-01 1.9035070e-01 0.0000000e+00 
4.8866749e-01 1.9995619e-01 0.0000000e+00 
4.7372600e-01 1.9428051e-01 0.0000000e+00 
4.7687241e-01 2.0988560e-01 0.0000000e+00 
4.6230760e-01 2.0519090e-01 0.0000000e+00 
5.0175709e-01 2.0284539e-01 0.0000000e+00 
3.7420979e-01 2.4249861e-01 0.0000000e+00 
3.7680081e-01 2.5999850e-01 0.0000000e+00 
3.6377189e-01 2.7359021e-01 0.0000000e+00 
3.8147151e-01 2.7786380e-01 0.0000000e+00 
3.9390230e-01 2.6630861e-01 0.0000000e+00 
3.9790910e-01 2.8215069e-01 0.0000000e+00 
3.8660839e-01 2.9399589e-01 0.0000000e+00 
4.0266559e-01 2.9749459e-01 0.0000000e+00 
3.9230630e-01 3.0959940e-01 0.0000000e+00 
3.7539089e-01 3.0645579e-01 0.0000000e+00 
3.8165531e-01 3.2178041e-01 0.0000000e+00 
3.9764741e-01 3.2483751e-01 0.0000000e+00 
3.8738471e-01 3.3702531e-01 0.0000000e+00 
4.0318671e-01 3.3988059e-01 0.0000000e+00 
3.9298999e-01 3.5206911e-01 0.0000000e+00 
4.0884519e-01 3.5489669e-01 0.0000000e+00 
3.7592891e-01 3.5095471e-01 0.0000000e+00 
4.1221961e-01 3.2815641e-01 0.0000000e+00 
4.0885890e-01 2.7070051e-01 0.0000000e+00 
4.0606499e-01 2.5576550e-01 0.0000000e+00 
4.2036530e-01 2.6073930e-01 0.0000000e+00 
4.1758421e-01 2.4588020e-01 0.0000000e+00 
3.9879280e-01 3.6719501e-01 0.0000000e+00 
4.1457930e-01 3.6959961e-01 0.0000000e+00 
4.2435291e-01 3.5784501e-01 0.0000000e+00 
4.3005049e-01 3.7181091e-01 0.0000000e+00 
4.2064139e-01 3.8399899e-01 0.0000000e+00 
4.0332180e-01 2.4100940e-01 0.0000000e+00 
4.1523230e-01 2.3128320e-01 0.0000000e+00 
4.2901969e-01 2.3581611e-01 0.0000000e+00 
4.2680249e-01 2.2116630e-01 0.0000000e+00 
4.4072181e-01 2.2622180e-01 0.0000000e+00 
4.3834931e-01 2.1132030e-01 0.0000000e+00 
4.2324290e-01 2.0628519e-01 0.0000000e+00 
5.7600939e-01 2.6372889e-01 0.0000000e+00 
4.6461701e-01 3.7602729e-01 0.0000000e+00 
4.4586849e-01 3.4520641e-01 0.0000000e+00 
1.8224460e+00 4.8960349e-01 0.0000000e+00 
4.3567330e-01 1.9562960e-01 0.0000000e+00 
5.9315038e-01 1.5660501e-01 0.0000000e+00 
4.5945361e-01 1.9019520e-01 0.0000000e+00 
6.2804931e-01 2.1075760e-01 0.0000000e+00 
4.4690049e-01 3.7500271e-01 0.0000000e+00 
4.3590689e-01 2.6693821e-01 0.0000000e+00 
4.5538360e-01 2.4537770e-01 0.0000000e+00 
5.3253782e-01 3.6093631e-01 0.0000000e+00 
5.0687999e-01 3.7203360e-01 0.0000000e+00 
5.5479759e-01 3.4289679e-01 0.0000000e+00 
4.7859880e-01 2.3292100e-01 0.0000000e+00 
5.6951690e-01 2.9091081e-01 0.0000000e+00 
4.3251589e-01 3.2153201e-01 0.0000000e+00 
2.5864059e-01 4.9322551e-01 0.0000000e+00 
2.8119770e-01 4.6436489e-01 0.0000000e+00 
2.9712620e-01 4.9769270e-01 0.0000000e+00 
5.0679362e-01 2.2942559e-01 0.0000000e+00 
5.1640040e-01 2.1935740e-01 0.0000000e+00 
6.5671778e-01 2.8741741e-01 0.0000000e+00 
6.4681822e-01 2.6546481e-01 0.0000000e+00 
2.6161829e-01 1.0442510e-01 0.0000000e+00 
2.9914159e-01 1.2133270e-01 0.0000000e+00 
5.3835911e-01 2.0090669e-01 0.0000000e+00 
4.1076070e-01 4.0288219e-01 0.0000000e+00 
4.2847160e-01 2.9058349e-01 0.0000000e+00 
5.8385968e-01 4.0419951e-01 0.0000000e+00 
4.6758640e-01 2.2237021e-01 0.0000000e+00 
1.7680900e+00 1.1666990e-01 0.0000000e+00 
4.6705061e-01 3.6164391e-01 0.0000000e+00 
4.2953780e-01 5.2015013e-01 0.0000000e+00 
3.4222049e-01 3.0633521e-01 0.0000000e+00 
3.3303869e-01 2.8045291e-01 0.0000000e+00 
5.3547281e-01 4.9663380e-01 0.0000000e+00 
5.6233060e-01 5.0093198e-01 0.0000000e+00 
3.5305610e-01 3.5562491e-01 0.0000000e+00 
3.6326250e-01 3.7681499e-01 0.0000000e+00 
5.8255208e-01 1.8968870e-01 0.0000000e+00 
5.6585908e-01 6.7596443e-02 0.0000000e+00 
3.1423870e-01 5.6071562e-01 0.0000000e+00 
3.6825681e-01 5.5769640e-01 0.0000000e+00 
1.6511329e+00 1.0926090e-01 0.0000000e+00 
1.6192470e+00 1.5863900e-01 0.0000000e+00 
3.1425080e-01 3.9930049e-02 0.0000000e+00 
3.1129351e-01 1.6085930e-01 0.0000000e+00 
3.3299991e-01 1.3328290e-01 0.0000000e+00 
3.3072019e-01 1.0009960e-01 0.0000000e+00 
2.7850899e-01 1.8997809e-01 0.0000000e+00 
3.6250210e-01 1.1719080e-01 0.0000000e+00 
3.6242679e-01 7.9823360e-02 0.0000000e+00 
3.9215559e-01 9.3917303e-02 0.0000000e+00 
6.7704421e-01 3.9422091e-02 0.0000000e+00 
6.9158012e-01 7.9496212e-02 0.0000000e+00 
7.2696608e-01 4.4044841e-02 0.0000000e+00 
7.3696113e-01 9.5335990e-02 0.0000000e+00 
7.9171729e-01 1.0606610e-01 0.0000000e+00 
7.5707722e-01 1.3865989e-01 0.0000000e+00 
8.0465728e-01 1.5881000e-01 0.0000000e+00 
8.4009641e-01 1.2030350e-01 0.0000000e+00 
8.5441029e-01 1.6780110e-01 0.0000000e+00 
8.9020813e-01 1.3047090e-01 0.0000000e+00 
8.7580758e-01 8.5384279e-02 0.0000000e+00 
6.3392729e-01 5.6027758e-01 0.0000000e+00 
6.5490252e-01 5.2222651e-01 0.0000000e+00 
6.9785458e-01 5.2009457e-01 0.0000000e+00 
6.6947389e-01 4.8214740e-01 0.0000000e+00 
7.1400052e-01 4.7928271e-01 0.0000000e+00 
7.3890662e-01 5.1415598e-01 0.0000000e+00 
7.5538421e-01 4.7427329e-01 0.0000000e+00 
7.3060858e-01 4.4053549e-01 0.0000000e+00 
7.7131832e-01 4.3481070e-01 0.0000000e+00 
7.4432129e-01 4.0371630e-01 0.0000000e+00 
7.9942912e-01 4.6868020e-01 0.0000000e+00 
8.1664360e-01 4.2528069e-01 0.0000000e+00 
8.4675127e-01 4.6303490e-01 0.0000000e+00 
7.0795268e-01 4.1132101e-01 0.0000000e+00 
8.6556101e-01 4.1526449e-01 0.0000000e+00 
9.0177119e-01 4.5578691e-01 0.0000000e+00 
6.1436248e-01 5.2457899e-01 0.0000000e+00 
5.9010911e-01 5.6233871e-01 0.0000000e+00 
6.8740159e-01 4.4485721e-01 0.0000000e+00 
6.3075930e-01 4.9217081e-01 0.0000000e+00 
8.2390177e-01 3.7696400e-01 0.0000000e+00 
6.5760958e-01 4.5251140e-01 0.0000000e+00 
8.8201141e-01 3.6469159e-01 0.0000000e+00 
7.1646827e-01 3.7200019e-01 0.0000000e+00 
7.5293612e-01 3.6630341e-01 0.0000000e+00 
7.3172802e-01 3.4158540e-01 0.0000000e+00 
4.3641081e-01 3.8625911e-01 0.0000000e+00 
3.3307719e-01 5.1888418e-01 0.0000000e+00 
3.7808201e-01 5.1874483e-01 0.0000000e+00 
4.1757399e-01 3.4319299e-01 0.0000000e+00 
4.0734050e-01 3.1263331e-01 0.0000000e+00 
4.8661929e-01 4.2812102e-02 0.0000000e+00 
7.2056448e-01 1.3380709e-01 0.0000000e+00 
7.2885102e-01 1.7120270e-01 0.0000000e+00 
7.6764971e-01 1.8236589e-01 0.0000000e+00 
7.3844647e-01 2.0840840e-01 0.0000000e+00 
3.2383901e-01 4.7502699e-01 0.0000000e+00 
2.0299730e-01 4.5617640e-02 0.0000000e+00 
5.8970161e-02 3.3410329e-01 0.0000000e+00 
2.0689000e-01 5.5709481e-01 0.0000000e+00 
4.1305149e-01 2.8573561e-01 0.0000000e+00 
7.8471351e-01 5.4944623e-01 0.0000000e+00 
5.7445318e-01 2.4704580e-01 0.0000000e+00 
4.8197981e-02 2.0613991e-01 0.0000000e+00 
2.9774281e-01 8.0907270e-02 0.0000000e+00 
5.0055778e-01 5.6669247e-01 0.0000000e+00 
5.6139982e-01 2.6632291e-01 0.0000000e+00 
1.6788280e+00 5.7307512e-02 0.0000000e+00 
5.1920211e-01 3.7999329e-01 0.0000000e+00 
5.3287011e-01 2.3837809e-01 0.0000000e+00 
4.9314889e-01 3.6956069e-01 0.0000000e+00 
5.4427528e-01 3.7591609e-01 0.0000000e+00 
7.8244883e-01 3.9527819e-01 0.0000000e+00 
3.6446571e-01 4.0250320e-02 0.0000000e+00 
4.4162789e-01 3.5938531e-01 0.0000000e+00 
6.3632941e-01 2.8842619e-01 0.0000000e+00 
4.9067271e-01 2.1312010e-01 0.0000000e+00 
9.0754151e-01 5.5067050e-01 0.0000000e+00 
9.6624529e-01 5.4957891e-01 0.0000000e+00 
9.9525559e-01 4.9868581e-01 0.0000000e+00 
1.0540251e+00 4.9801311e-01 0.0000000e+00 
1.0243800e+00 4.4818369e-01 0.0000000e+00 
1.0813180e+00 4.4429299e-01 0.0000000e+00 
9.6050638e-01 4.4521841e-01 0.0000000e+00 
9.9237692e-01 4.0150511e-01 0.0000000e+00 
9.3534291e-01 5.0050128e-01 0.0000000e+00 
1.1123620e+00 4.9683940e-01 0.0000000e+00 
1.1383430e+00 4.4216970e-01 0.0000000e+00 
5.4218680e-01 5.2327639e-01 0.0000000e+00 
4.9454380e-02 4.5007420e-01 0.0000000e+00 
1.0217610e-01 4.7936839e-01 0.0000000e+00 
2.2542991e-01 2.8165141e-01 0.0000000e+00 
3.9299640e-01 1.2565491e-01 0.0000000e+00 
4.2287391e-01 1.0849530e-01 0.0000000e+00 
4.1702661e-01 7.4225321e-02 0.0000000e+00 
4.2317891e-01 4.9126241e-01 0.0000000e+00 
3.6435950e-01 3.1840631e-01 0.0000000e+00 
5.9271669e-01 4.9394491e-01 0.0000000e+00 
4.5279789e-01 2.1705380e-01 0.0000000e+00 
1.1707489e+00 4.9572700e-01 0.0000000e+00 
1.1967220e+00 4.4262701e-01 0.0000000e+00 
1.2286400e+00 4.9457431e-01 0.0000000e+00 
1.2569320e+00 4.4329810e-01 0.0000000e+00 
1.2887410e+00 4.9415389e-01 0.0000000e+00 
4.9704749e-02 9.0376601e-02 0.0000000e+00 
1.1661880e+00 3.8667339e-01 0.0000000e+00 
1.0448740e+00 3.9727730e-01 0.0000000e+00 
1.3219531e+00 5.4748261e-01 0.0000000e+00 
1.3566051e+00 4.9475339e-01 0.0000000e+00 
1.4128619e+00 5.0170678e-01 0.0000000e+00 
1.3878731e+00 4.4357020e-01 0.0000000e+00 
2.6875430e-01 4.3074101e-01 0.0000000e+00 
4.1746351e-01 3.0108821e-01 0.0000000e+00 
4.7450441e-01 4.2571831e-01 0.0000000e+00 
4.0593800e-01 2.0075510e-01 0.0000000e+00 
4.4167551e-01 4.0079829e-01 0.0000000e+00 
1.9512080e+00 4.5117629e-01 0.0000000e+00 
1.0262311e+00 5.1109631e-02 0.0000000e+00 
9.9738371e-01 1.0181700e-01 0.0000000e+00 
1.0553030e+00 1.0176790e-01 0.0000000e+00 
1.0273110e+00 1.4739220e-01 0.0000000e+00 
1.0855290e+00 1.4977370e-01 0.0000000e+00 
9.7062862e-01 1.4721170e-01 0.0000000e+00 
9.3508059e-01 1.0148260e-01 0.0000000e+00 
1.1133560e+00 1.0215650e-01 0.0000000e+00 
1.1446090e+00 1.4514109e-01 0.0000000e+00 
1.1160710e+00 1.9391710e-01 0.0000000e+00 
1.2018321e+00 5.4771107e-01 0.0000000e+00 
1.9480680e+00 2.1005040e-01 0.0000000e+00 
1.0842860e+00 5.4868227e-01 0.0000000e+00 
1.9480680e+00 3.2994959e-01 0.0000000e+00 
1.5904510e+00 1.0452840e-01 0.0000000e+00 
1.5598950e+00 1.5443350e-01 0.0000000e+00 
1.5304790e+00 1.0186320e-01 0.0000000e+00 
1.5007280e+00 1.5119410e-01 0.0000000e+00 
1.5273950e+00 2.0345390e-01 0.0000000e+00 
1.4685169e+00 1.9967620e-01 0.0000000e+00 
1.4425830e+00 1.4740349e-01 0.0000000e+00 
1.4098901e+00 1.9577309e-01 0.0000000e+00 
1.3839140e+00 1.4338671e-01 0.0000000e+00 
1.3511680e+00 1.9153769e-01 0.0000000e+00 
1.3252350e+00 1.3926670e-01 0.0000000e+00 
1.2926320e+00 1.8772170e-01 0.0000000e+00 
1.2666039e+00 1.3634580e-01 0.0000000e+00 
1.2355460e+00 1.8558609e-01 0.0000000e+00 
1.2059170e+00 1.3905290e-01 0.0000000e+00 
1.2347410e+00 9.3928657e-02 0.0000000e+00 
1.3187660e+00 2.4091680e-01 0.0000000e+00 
1.4945120e+00 2.5244480e-01 0.0000000e+00 
1.5862570e+00 2.0772290e-01 0.0000000e+00 
5.5948251e-01 2.4233980e-01 0.0000000e+00 
1.5573130e+00 5.4926682e-01 0.0000000e+00 
1.5215520e+00 5.0207931e-01 0.0000000e+00 
1.5906490e+00 4.9784341e-01 0.0000000e+00 
1.3832541e+00 4.9608339e-02 0.0000000e+00 
1.5002331e+00 5.0511628e-02 0.0000000e+00 
1.7345819e+00 5.5134553e-01 0.0000000e+00 
1.6170100e+00 5.5189037e-01 0.0000000e+00 
1.6308481e+00 4.1378099e-01 0.0000000e+00 
1.7733830e+00 4.6653220e-01 0.0000000e+00 
1.8566350e+00 5.4165798e-01 0.0000000e+00 
1.5124860e+00 4.0674630e-01 0.0000000e+00 
1.4853560e+00 4.5626420e-01 0.0000000e+00 
1.6452560e+00 2.1187560e-01 0.0000000e+00 
1.7967290e+00 1.6947480e-01 0.0000000e+00 
1.8955210e+00 4.8443690e-01 0.0000000e+00 
2.4952111e-01 3.7534630e-01 0.0000000e+00 
2.4015559e-01 3.3920720e-01 0.0000000e+00 
1.6122910e+00 2.6095319e-01 0.0000000e+00 
1.8537400e+00 5.5921540e-02 0.0000000e+00 
1.8819669e+00 1.0242500e-01 0.0000000e+00 
9.5119797e-02 1.2153590e-01 0.0000000e+00 
1.0847340e+00 5.0935078e-02 0.0000000e+00 
1.7562060e+00 3.2229191e-01 0.0000000e+00 
1.4358770e+00 2.4863569e-01 0.0000000e+00 
4.3159389e-01 2.5088599e-01 0.0000000e+00 
4.7994119e-01 3.8120639e-01 0.0000000e+00 
1.8123610e+00 3.2570100e-01 0.0000000e+00 
6.1470199e-01 2.3820160e-01 0.0000000e+00 
6.2837660e-01 2.5279269e-01 0.0000000e+00 
5.6644672e-01 3.2120070e-01 0.0000000e+00 
4.0343639e-01 3.8359720e-01 0.0000000e+00 
1.2608960e+00 2.3755901e-01 0.0000000e+00 
9.7383392e-01 2.2759880e-01 0.0000000e+00 
1.8966711e+00 3.6694610e-01 0.0000000e+00 
1.2852859e+00 3.9278471e-01 0.0000000e+00 
4.4754091e-01 4.1694289e-01 0.0000000e+00 
5.1814729e-01 1.1434720e-01 0.0000000e+00 
9.8089732e-02 2.9848260e-01 0.0000000e+00 
8.7650722e-01 5.0584209e-01 0.0000000e+00 
7.2722268e-01 5.5884892e-01 0.0000000e+00 
9.1900879e-01 4.0950510e-01 0.0000000e+00 
6.0669678e-01 3.3687809e-01 0.0000000e+00 
9.2257088e-01 2.2499460e-01 0.0000000e+00 
1.8270659e+00 1.1701130e-01 0.0000000e+00 
3.9101499e-01 2.5043941e-01 0.0000000e+00 
3.0026230e-01 2.1632680e-01 0.0000000e+00 
5.8418620e-01 3.3934349e-01 0.0000000e+00 
1.5593460e+00 5.1838879e-02 0.0000000e+00 
4.5547140e-01 5.6772357e-01 0.0000000e+00 
9.7268373e-02 1.8144910e-01 0.0000000e+00 
9.3618453e-02 5.9398320e-02 0.0000000e+00 
9.5946752e-02 4.1991970e-01 0.0000000e+00 
1.5493150e-01 4.8253620e-01 0.0000000e+00 
5.3141659e-01 2.2366489e-01 0.0000000e+00 
4.6951711e-01 1.7694290e-01 0.0000000e+00 
1.3219830e+00 4.4809279e-01 0.0000000e+00 
6.1860532e-01 2.8225860e-01 0.0000000e+00 
9.2647932e-02 5.4469162e-01 0.0000000e+00 
3.6105269e-01 4.8700431e-01 0.0000000e+00 
1.4393450e+00 5.5213040e-01 0.0000000e+00 
1.9442101e+00 9.5342271e-02 0.0000000e+00 
9.0059137e-01 1.7995150e-01 0.0000000e+00 
8.2735151e-01 2.0720319e-01 0.0000000e+00 
6.6251612e-01 1.0677520e-01 0.0000000e+00 
6.7604911e-01 4.1622579e-01 0.0000000e+00 
6.8501538e-01 3.8669550e-01 0.0000000e+00 
3.6920869e-01 2.9070961e-01 0.0000000e+00 
4.5409241e-01 2.3146330e-01 0.0000000e+00 
6.1867392e-01 3.1358370e-01 0.0000000e+00 
1.9131620e+00 5.4997718e-01 0.0000000e+00 
4.2027211e-01 1.8849210e-01 0.0000000e+00 
1.9003210e+00 2.9999799e-01 0.0000000e+00 
5.5434358e-01 1.3134070e-01 0.0000000e+00 
1.4729370e+00 1.0059040e-01 0.0000000e+00 
4.4868380e-01 4.7589070e-01 0.0000000e+00 
1.7371070e+00 5.7924490e-02 0.0000000e+00 
1.6196249e-01 1.9384970e-01 0.0000000e+00 
2.7876011e-01 3.4925121e-01 0.0000000e+00 
5.6304562e-01 4.5950639e-01 0.0000000e+00 
6.0384172e-01 3.5119170e-01 0.0000000e+00 
5.7530987e-01 5.2873927e-01 0.0000000e+00 
1.3667960e-01 3.8707560e-01 0.0000000e+00 
4.9747679e-01 1.2821840e-01 0.0000000e+00 
1.1983300e+00 4.8251878e-02 0.0000000e+00 
7.5970978e-01 3.2726541e-01 0.0000000e+00 
8.1999791e-01 5.1075947e-01 0.0000000e+00 
1.3957340e+00 3.8871399e-01 0.0000000e+00 
3.8881221e-01 2.3447470e-01 0.0000000e+00 
5.2596432e-01 2.0954940e-01 0.0000000e+00 
1.4149910e+00 9.8922051e-02 0.0000000e+00 
3.1656411e-01 1.9587231e-01 0.0000000e+00 
4.3203679e-01 3.4525600e-01 0.0000000e+00 
5.0832897e-01 3.8785461e-01 0.0000000e+00 
5.0716370e-01 4.6868089e-01 0.0000000e+00 
7.2506380e-01 3.1459489e-01 0.0000000e+00 
5.7067949e-01 1.5282580e-01 0.0000000e+00 
6.7973870e-01 1.6684531e-01 0.0000000e+00 
5.3255141e-01 1.4827640e-01 0.0000000e+00 
5.8382958e-01 2.0679601e-01 0.0000000e+00 
3.6833951e-01 3.3595169e-01 0.0000000e+00 
6.6081917e-01 3.9089271e-01 0.0000000e+00 
3.5859609e-01 1.6498099e-01 0.0000000e+00 
5.4474670e-01 2.4635740e-01 0.0000000e+00 
8.5039961e-01 4.4130251e-02 0.0000000e+00 
7.0378470e-01 2.1493910e-01 0.0000000e+00 
3.8111559e-01 3.6489099e-01 0.0000000e+00 
3.8378549e-01 3.8103321e-01 0.0000000e+00 
1.1733290e+00 9.6517898e-02 0.0000000e+00 
6.1236829e-01 3.6486840e-01 0.0000000e+00 
4.2817801e-01 4.6774849e-01 0.0000000e+00 
3.9298210e-01 4.8933309e-01 0.0000000e+00 
5.1858139e-01 5.3958851e-01 0.0000000e+00 
1.1778920e+00 1.8819040e-01 0.0000000e+00 
6.3357651e-01 4.2729640e-01 0.0000000e+00 
2.1912169e-01 8.9860998e-02 0.0000000e+00 
4.4828820e-01 3.3391532e-02 0.0000000e+00 
7.1727687e-01 2.3730519e-01 0.0000000e+00 
9.8337471e-02 2.5592181e-01 0.0000000e+00 
4.8688981e-01 5.3696889e-01 0.0000000e+00 
9.1024607e-01 4.6742149e-02 0.0000000e+00 
4.2072469e-01 3.1704551e-01 0.0000000e+00 
2.5881660e-01 2.8481191e-01 0.0000000e+00 
1.3556740e+00 9.6588373e-02 0.0000000e+00 
3.8170820e-01 4.6353251e-01 0.0000000e+00 
6.1133659e-01 4.6789679e-01 0.0000000e+00 
4.4266859e-01 2.4074350e-01 0.0000000e+00 
1.4653840e+00 5.0395852e-01 0.0000000e+00 
1.1433500e+00 2.3560201e-01 0.0000000e+00 
5.5341142e-01 3.6430839e-01 0.0000000e+00 
5.7990170e-01 2.7820900e-01 0.0000000e+00 
4.4887719e-01 2.0151231e-01 0.0000000e+00 
4.6245420e-01 4.1756010e-01 0.0000000e+00 
4.1210291e-01 2.1662711e-01 0.0000000e+00 
5.1736373e-01 5.6347691e-02 0.0000000e+00 
7.0604849e-01 3.3807889e-01 0.0000000e+00 
4.3653390e-01 1.2656429e-01 0.0000000e+00 
4.2773649e-01 3.9727569e-01 0.0000000e+00 
4.2305809e-01 2.7508900e-01 0.0000000e+00 
1.9111360e+00 1.7995431e-01 0.0000000e+00 
1.2975690e+00 9.4644032e-02 0.0000000e+00 
7.4613649e-01 2.3963641e-01 0.0000000e+00 
2.9362991e-01 4.1433749e-01 0.0000000e+00 
5.8357382e-01 3.0761179e-01 0.0000000e+00 
5.3191912e-01 3.7253350e-01 0.0000000e+00 
4.4445190e-01 8.4593862e-02 0.0000000e+00 
1.5468830e+00 4.5422599e-01 0.0000000e+00 
6.2926418e-01 2.7103639e-01 0.0000000e+00 
3.5220909e-01 2.8729489e-01 0.0000000e+00 
8.3805579e-01 3.3710629e-01 0.0000000e+00 
5.2616048e-01 4.0003020e-01 0.0000000e+00 
1.8064611e-01 5.2023911e-01 0.0000000e+00 
4.2505819e-01 3.3176431e-01 0.0000000e+00 
7.7968621e-01 5.0346297e-01 0.0000000e+00 
1.2679260e+00 4.6381779e-02 0.0000000e+00 
5.8107018e-01 2.9473820e-01 0.0000000e+00 
6.1925322e-01 3.3036381e-01 0.0000000e+00 
5.6537521e-01 2.5524691e-01 0.0000000e+00 
3.8967860e-01 6.5405212e-02 0.0000000e+00 
1.0865080e+00 2.3449360e-01 0.0000000e+00 
1.4042149e-01 9.9993236e-02 0.0000000e+00 
1.0030100e+00 3.5783571e-01 0.0000000e+00 
3.6067769e-01 3.0184039e-01 0.0000000e+00 
5.7885981e-01 3.8880101e-01 0.0000000e+00 
1.5990330e+00 4.4926330e-01 0.0000000e+00 
9.1439813e-02 3.7532219e-01 0.0000000e+00 
5.7995051e-01 1.7130360e-01 0.0000000e+00 
6.1258352e-01 2.5273019e-01 0.0000000e+00 
4.0172791e-01 2.2754180e-01 0.0000000e+00 
5.4750210e-01 9.9742994e-02 0.0000000e+00 
6.1311978e-01 2.0313910e-01 0.0000000e+00 
6.1223829e-01 2.2002740e-01 0.0000000e+00 
1.8586820e+00 3.2957241e-01 0.0000000e+00 
5.8738971e-01 3.7580970e-01 0.0000000e+00 
4.5219980e-02 4.4195049e-02 0.0000000e+00 
4.8124549e-01 2.2123460e-01 0.0000000e+00 
4.3828961e-02 5.5591398e-01 0.0000000e+00 
1.0568640e+00 1.9004630e-01 0.0000000e+00 
3.3193341e-01 4.4711831e-01 0.0000000e+00 
3.0378929e-01 4.4286191e-01 0.0000000e+00 
5.3415012e-01 1.2728420e-01 0.0000000e+00 
5.0386423e-01 2.1636350e-01 0.0000000e+00 
1.9116580e+00 4.2358989e-01 0.0000000e+00 
4.5517069e-01 3.6521810e-01 0.0000000e+00 
3.6732909e-01 3.6239621e-01 0.0000000e+00 
6.3041377e-01 3.0585691e-01 0.0000000e+00 
1.9569679e+00 4.3301821e-02 0.0000000e+00 
5.7146299e-01 4.8058590e-01 0.0000000e+00 
1.6484860e+00 5.1718348e-01 0.0000000e+00 
9.4670999e-01 1.8556410e-01 0.0000000e+00 
6.3752991e-01 4.6584189e-01 0.0000000e+00 
1.9572541e+00 5.5697870e-01 0.0000000e+00 
6.4813697e-01 2.4830820e-01 0.0000000e+00 
6.0179752e-01 3.7555191e-01 0.0000000e+00 
1.4364240e+00 4.6111640e-01 0.0000000e+00 
5.6217611e-01 3.5223660e-01 0.0000000e+00 
6.6050959e-01 4.3027630e-01 0.0000000e+00 
4.0468970e-01 5.1149738e-01 0.0000000e+00 
5.1506358e-01 2.0555650e-01 0.0000000e+00 
4.3334481e-01 1.8108650e-01 0.0000000e+00 
9.9962813e-01 1.8700930e-01 0.0000000e+00 
6.9131333e-01 1.1763480e-01 0.0000000e+00 
4.4599831e-01 1.8538959e-01 0.0000000e+00 
5.1551181e-01 4.8891029e-01 0.0000000e+00 
4.3754059e-01 5.8743980e-02 0.0000000e+00 
5.9589100e-01 3.4163511e-01 0.0000000e+00 
2.3624770e-01 5.2814358e-01 0.0000000e+00 
6.6953379e-01 3.7169310e-01 0.0000000e+00 
3.6865169e-01 3.9570969e-01 0.0000000e+00 
5.9758049e-01 1.9620110e-01 0.0000000e+00 
1.3329040e-01 5.1544452e-01 0.0000000e+00 
1.0515270e+00 3.5504949e-01 0.0000000e+00 
3.3392131e-01 6.8202123e-02 0.0000000e+00 
1.7869949e-01 8.1389397e-02 0.0000000e+00 
9.2706198e-01 1.4882250e-01 0.0000000e+00 
1.7000279e+00 5.1305068e-01 0.0000000e+00 
3.4774879e-01 2.6959679e-01 0.0000000e+00 
5.7002652e-01 3.3917850e-01 0.0000000e+00 
4.5571360e-01 1.7617980e-01 0.0000000e+00 
8.2389021e-01 8.1237279e-02 0.0000000e+00 
5.6977302e-01 4.0162051e-01 0.0000000e+00 
5.7622939e-01 9.1579817e-02 0.0000000e+00 
7.9520959e-01 1.9354109e-01 0.0000000e+00 
7.1731091e-01 1.9555099e-01 0.0000000e+00 
9.5533073e-01 4.0679529e-01 0.0000000e+00 
5.1722008e-01 4.1250920e-01 0.0000000e+00 
4.3116611e-01 5.4470932e-01 0.0000000e+00 
6.9998658e-01 1.5358570e-01 0.0000000e+00 
3.7607810e-01 2.2627370e-01 0.0000000e+00 
5.1978278e-01 3.9113960e-01 0.0000000e+00 
5.3689402e-01 2.1312129e-01 0.0000000e+00 
9.0401761e-02 2.1924180e-01 0.0000000e+00 
7.8513551e-01 3.6338761e-01 0.0000000e+00 
2.8628290e-01 5.2971011e-01 0.0000000e+00 
1.9101239e+00 1.3962340e-01 0.0000000e+00 
3.3938929e-01 1.5675519e-01 0.0000000e+00 
3.5365051e-01 1.4366330e-01 0.0000000e+00 
5.9640652e-01 1.7787141e-01 0.0000000e+00 
2.3996450e-01 3.0955619e-01 0.0000000e+00 
4.0130991e-01 5.3756779e-01 0.0000000e+00 
2.6203820e-01 3.9843059e-01 0.0000000e+00 
1.7610559e+00 5.1254529e-01 0.0000000e+00 
5.3923780e-01 6.9367118e-02 0.0000000e+00 
6.6389477e-01 2.7387929e-01 0.0000000e+00 
5.6400359e-01 1.6758190e-01 0.0000000e+00 
6.3302028e-01 3.3655259e-01 0.0000000e+00 
5.4254562e-01 3.6452681e-01 0.0000000e+00 
5.1293671e-01 2.8587131e-02 0.0000000e+00 
5.1246679e-01 1.8971939e-01 0.0000000e+00 

CELLS 1766 7064
3 0 870 123
3 1 882 70
3 2 887 79
3 3 872 114
3 4 193 35
3 4 516 193
3 5 516 4
3 6 184 5
3 6 612 184
3 7 612 6
3 8 183 7
3 8 799 183
3 9 799 8
3 10 615 9
3 11 335 10
3 11 521 335
3 12 521 11
3 13 311 12
3 13 515 311
3 14 515 13
3 15 312 14
3 15 511 312
3 16 511 15
3 17 308 16
3 17 510 308
3 18 510 17
3 19 301 18
3 19 529 301
3 20 529 19
3 21 124 20
3 21 517 124
3 22 517 21
3 23 277 22
3 23 503 277
3 24 503 23
3 25 266 24
3 25 533 266
3 26 533 25
3 27 269 26
3 27 616 269
3 28 616 27
3 29 513 28
3 30 241 29
3 30 512 241
3 31 512 30
3 32 214 31
3 32 514 214
3 33 514 32
3 34 215 33
3 34 726 215
3 35 726 34
3 36 870 0
3 37 747 36
3 38 155 37
3 38 603 155
3 39 603 38
3 40 130 39
3 40 547 130
3 41 547 40
3 41 619 547
3 42 619 41
3 43 142 42
3 43 812 142
3 44 812 43
3 44 943 597
3 45 943 44
3 46 145 45
3 46 159 145
3 47 159 46
3 48 140 47
3 48 555 140
3 49 555 48
3 49 557 555
3 50 557 49
3 51 126 50
3 51 800 126
3 52 800 51
3 52 816 800
3 53 816 52
3 54 131 53
3 54 663 131
3 55 663 54
3 55 718 663
3 56 718 55
3 57 127 56
3 57 780 127
3 58 780 57
3 58 850 780
3 59 850 58
3 60 148 59
3 60 700 148
3 61 700 60
3 62 128 61
3 62 701 128
3 63 701 62
3 63 744 701
3 64 744 63
3 65 136 64
3 65 613 136
3 66 613 65
3 66 772 613
3 67 772 66
3 68 144 67
3 68 715 144
3 69 715 68
3 70 157 69
3 70 882 157
3 71 882 1
3 72 757 71
3 73 154 72
3 73 674 154
3 74 674 73
3 75 139 74
3 75 676 139
3 76 676 75
3 77 147 76
3 77 662 147
3 78 662 77
3 79 156 78
3 79 887 156
3 80 887 2
3 81 766 80
3 82 706 81
3 83 151 82
3 83 702 151
3 84 702 83
3 85 129 84
3 85 703 129
3 86 703 85
3 87 697 86
3 88 137 87
3 88 756 137
3 89 756 88
3 90 149 89
3 90 653 149
3 91 653 90
3 92 134 91
3 92 673 134
3 93 673 92
3 94 150 93
3 94 675 150
3 95 675 94
3 96 135 95
3 96 624 135
3 97 624 96
3 98 623 97
3 99 125 98
3 99 607 125
3 100 607 99
3 100 736 607
3 101 736 100
3 102 138 101
3 102 566 138
3 103 566 102
3 103 583 566
3 104 583 103
3 105 143 104
3 105 611 143
3 106 611 105
3 106 745 611
3 107 745 106
3 108 141 107
3 108 544 141
3 109 544 108
3 110 543 109
3 111 132 110
3 111 605 132
3 112 605 111
3 113 153 112
3 113 754 153
3 114 754 113
3 114 872 754
3 115 872 3
3 116 158 115
3 116 635 158
3 117 635 116
3 118 146 117
3 118 604 146
3 119 604 118
3 120 133 119
3 120 609 133
3 121 609 120
3 122 152 121
3 122 650 152
3 123 650 122
3 123 870 650
3 124 529 20
3 124 658 529
3 124 817 658
3 125 623 98
3 125 735 623
3 125 782 735
3 126 557 50
3 126 558 557
3 126 559 558
3 126 915 559
3 127 718 56
3 127 804 670
3 128 700 61
3 128 786 700
3 129 702 84
3 129 911 702
3 130 603 39
3 130 610 525
3 130 811 603
3 131 816 53
3 132 543 110
3 132 929 543
3 133 604 119
3 133 734 604
3 133 814 734
3 133 927 814
3 134 653 91
3 134 673 647
3 135 675 95
3 136 613 545
3 136 744 64
3 137 697 87
3 137 698 697
3 137 823 698
3 138 736 101
3 139 674 74
3 139 768 454
3 140 159 47
3 140 160 159
3 140 161 160
3 140 555 161
3 141 745 107
3 141 922 745
3 141 935 922
3 142 619 42
3 142 854 619
3 142 900 640
3 143 583 104
3 143 777 583
3 143 808 634
3 144 740 532
3 144 772 67
3 145 938 830
3 145 943 45
3 146 635 117
3 146 748 635
3 146 861 748
3 147 676 76
3 147 730 676
3 147 878 730
3 148 850 59
3 149 756 89
3 150 673 93
3 150 675 632
3 151 706 82
3 151 937 504
3 152 609 121
3 152 746 609
3 153 605 112
3 153 847 605
3 153 906 847
3 154 757 72
3 154 930 757
3 155 747 37
3 155 856 747
3 155 909 856
3 156 662 78
3 156 711 662
3 156 766 711
3 156 887 766
3 157 715 69
3 157 716 715
3 157 757 716
3 157 882 757
3 158 872 115
3 159 542 145
3 160 542 159
3 160 917 542
3 161 162 160
3 161 760 162
3 162 163 160
3 162 164 163
3 162 165 164
3 162 760 165
3 163 917 160
3 164 187 163
3 164 506 187
3 165 166 164
3 165 167 166
3 165 253 167
3 165 760 253
3 166 506 164
3 166 933 506
3 167 168 166
3 167 169 168
3 167 793 169
3 168 227 166
3 168 866 227
3 169 170 168
3 169 171 170
3 169 188 171
3 169 793 188
3 170 508 168
3 171 172 170
3 171 173 172
3 171 801 173
3 172 244 170
3 172 888 244
3 173 174 172
3 173 175 174
3 173 813 175
3 174 888 172
3 174 939 524
3 175 176 174
3 175 177 176
3 175 178 177
3 175 813 178
3 176 939 174
3 177 180 176
3 177 791 180
3 178 179 177
3 178 181 179
3 178 837 181
3 179 791 177
3 180 191 176
3 180 192 191
3 180 831 192
3 181 182 179
3 181 185 182
3 181 245 185
3 181 837 245
3 182 781 179
3 183 612 7
3 183 799 696
3 183 853 612
3 184 516 5
3 184 612 501
3 184 826 516
3 185 186 182
3 185 189 186
3 185 759 189
3 186 222 182
3 186 845 222
3 187 361 163
3 187 769 361
3 187 792 769
3 188 801 171
3 188 919 801
3 188 923 599
3 189 190 186
3 189 194 190
3 189 243 194
3 189 759 243
3 190 845 186
3 191 523 176
3 192 201 191
3 192 202 201
3 192 203 202
3 192 831 203
3 193 726 35
3 193 839 456
3 193 851 839
3 194 195 190
3 194 196 195
3 194 739 196
3 195 588 190
3 196 197 195
3 196 198 197
3 196 729 198
3 196 739 729
3 197 242 195
3 197 857 242
3 198 199 197
3 198 200 199
3 198 259 200
3 198 729 259
3 199 857 197
3 199 907 857
3 200 216 199
3 200 217 216
3 200 855 217
3 201 232 191
3 201 460 232
3 201 941 460
3 202 204 201
3 202 205 204
3 202 903 205
3 203 831 589
3 203 903 202
3 204 941 201
3 205 206 204
3 205 207 206
3 205 797 207
3 205 903 797
3 206 341 204
3 206 805 341
3 207 208 206
3 207 209 208
3 207 211 209
3 207 797 211
3 208 805 206
3 208 889 805
3 209 210 208
3 209 212 210
3 209 810 212
3 210 344 208
3 210 530 344
3 211 797 761
3 211 810 209
3 211 892 810
3 212 213 210
3 212 220 213
3 212 257 220
3 212 810 257
3 213 530 210
3 214 512 31
3 214 891 825
3 214 942 512
3 215 514 33
3 215 913 514
3 216 907 199
3 217 218 216
3 217 219 218
3 217 824 219
3 217 855 824
3 218 345 216
3 218 651 345
3 219 223 218
3 219 224 223
3 219 258 224
3 219 824 258
3 220 221 213
3 220 254 221
3 220 821 254
3 221 239 213
3 221 240 239
3 221 775 240
3 222 781 182
3 222 845 586
3 222 928 781
3 223 651 218
3 224 225 223
3 224 226 225
3 224 728 226
3 225 352 223
3 225 731 352
3 226 228 225
3 226 229 228
3 226 693 229
3 226 728 693
3 227 933 166
3 228 731 225
3 229 230 228
3 229 231 230
3 229 256 231
3 229 693 256
3 230 356 228
3 230 783 356
3 231 233 230
3 231 234 233
3 231 720 234
3 232 523 191
3 232 621 523
3 232 881 621
3 233 783 230
3 234 235 233
3 234 236 235
3 234 694 236
3 234 720 694
3 235 366 233
3 235 707 366
3 236 237 235
3 236 238 237
3 236 252 238
3 236 694 252
3 237 707 235
3 238 246 237
3 238 247 246
3 238 714 247
3 239 530 213
3 239 916 530
3 240 260 239
3 240 261 260
3 240 262 261
3 240 775 262
3 241 513 29
3 241 614 513
3 241 840 614
3 242 588 195
3 242 737 588
3 242 857 630
3 242 920 737
3 243 739 194
3 243 758 739
3 243 759 563
3 244 508 170
3 244 725 724
3 244 867 508
3 244 888 725
3 245 601 600
3 245 759 185
3 245 837 601
3 245 918 759
3 246 360 237
3 246 704 360
3 247 248 246
3 247 249 248
3 247 250 249
3 247 714 250
3 248 704 246
3 249 255 248
3 249 719 255
3 250 251 249
3 250 342 251
3 250 709 342
3 250 714 709
3 251 719 249
3 252 694 681
3 252 714 238
3 253 793 167
3 253 923 793
3 254 775 221
3 254 821 643
3 254 883 775
3 255 377 248
3 255 378 377
3 255 382 378
3 255 719 382
3 256 686 684
3 256 693 686
3 256 720 231
3 257 810 587
3 257 821 220
3 257 886 821
3 258 728 224
3 258 809 690
3 258 824 809
3 259 855 200
3 259 873 855
3 259 896 873
3 260 346 239
3 260 438 346
3 260 459 438
3 261 459 260
3 262 263 261
3 262 435 263
3 262 436 435
3 262 775 436
3 263 264 261
3 263 265 264
3 263 790 265
3 264 459 261
3 264 921 459
3 265 267 264
3 265 268 267
3 265 270 268
3 265 790 270
3 266 503 24
3 266 620 503
3 266 879 620
3 267 354 264
3 267 355 354
3 267 659 355
3 268 659 267
3 269 533 26
3 269 722 502
3 270 271 268
3 270 326 271
3 270 327 326
3 270 790 327
3 271 272 268
3 271 273 272
3 271 771 273
3 272 659 268
3 272 828 659
3 273 274 272
3 273 275 274
3 273 806 275
3 274 732 272
3 275 276 274
3 275 278 276
3 275 339 278
3 275 806 339
3 276 340 274
3 276 528 340
3 277 517 22
3 277 848 517
3 278 279 276
3 278 280 279
3 278 820 280
3 279 528 276
3 280 281 279
3 280 282 281
3 280 316 282
3 280 820 316
3 281 314 279
3 281 904 314
3 282 283 281
3 282 284 283
3 282 874 284
3 283 904 281
3 284 285 283
3 284 838 285
3 284 875 838
3 285 286 283
3 285 287 286
3 285 296 287
3 285 838 296
3 286 540 283
3 287 288 286
3 287 289 288
3 287 774 289
3 288 539 286
3 289 290 288
3 289 291 290
3 289 774 291
3 290 317 288
3 290 535 317
3 291 292 290
3 291 293 292
3 291 304 293
3 291 774 304
3 292 535 290
3 292 536 535
3 293 294 292
3 293 295 294
3 293 818 295
3 294 536 292
3 295 297 294
3 295 305 297
3 295 322 305
3 295 818 322
3 296 774 287
3 296 936 712
3 297 298 294
3 297 299 298
3 297 742 299
3 298 536 294
3 298 912 536
3 299 300 298
3 299 302 300
3 299 787 302
3 300 315 298
3 300 467 315
3 300 924 467
3 301 510 18
3 301 834 510
3 302 303 300
3 302 306 303
3 302 313 306
3 302 787 313
3 303 924 300
3 304 774 713
3 304 818 293
3 304 934 818
3 305 742 297
3 306 307 303
3 306 309 307
3 306 798 309
3 307 321 303
3 307 660 321
3 308 511 16
3 308 822 511
3 309 310 307
3 309 318 310
3 309 320 318
3 309 798 320
3 310 660 307
3 310 767 660
3 311 521 12
3 311 871 622
3 311 877 521
3 312 515 14
3 312 531 515
3 312 764 531
3 313 787 548
3 313 798 306
3 313 931 798
3 314 528 279
3 314 727 528
3 314 803 727
3 314 904 803
3 315 912 298
3 316 755 602
3 316 820 755
3 316 874 282
3 317 539 288
3 317 796 539
3 318 319 310
3 318 328 319
3 318 638 328
3 319 767 310
3 319 895 767
3 320 638 318
3 320 932 552
3 321 864 784
3 321 924 303
3 322 323 305
3 322 324 323
3 322 637 324
3 322 818 637
3 323 551 305
3 324 325 323
3 324 367 325
3 324 368 367
3 324 637 368
3 325 350 323
3 325 371 350
3 325 773 371
3 326 771 271
3 327 359 326
3 327 402 359
3 327 899 402
3 328 329 319
3 328 832 329
3 329 330 319
3 329 331 330
3 329 332 331
3 329 832 332
3 330 895 319
3 330 898 895
3 330 914 898
3 331 914 330
3 332 333 331
3 332 336 333
3 332 369 336
3 332 832 369
3 333 334 331
3 333 337 334
3 333 779 337
3 334 751 331
3 335 615 10
3 335 750 615
3 336 779 333
3 337 338 334
3 337 347 338
3 337 348 347
3 337 779 348
3 338 351 334
3 338 461 351
3 338 944 461
3 339 806 641
3 339 820 278
3 340 732 274
3 340 833 661
3 341 776 738
3 341 805 776
3 341 941 204
3 342 343 251
3 342 375 343
3 342 376 375
3 342 709 376
3 343 353 251
3 343 373 353
3 343 710 373
3 344 889 208
3 345 633 628
3 345 651 633
3 345 907 216
3 346 916 239
3 347 349 338
3 347 362 349
3 347 794 362
3 348 779 733
3 348 794 347
3 348 876 794
3 349 944 338
3 350 551 323
3 351 751 334
3 352 648 646
3 352 651 223
3 352 731 648
3 353 719 251
3 353 723 719
3 354 921 264
3 355 357 354
3 355 379 357
3 355 380 379
3 355 659 380
3 356 731 228
3 356 752 731
3 356 783 656
3 357 358 354
3 357 789 358
3 358 921 354
3 358 925 846
3 359 372 326
3 359 401 372
3 359 815 401
3 360 707 237
3 360 842 707
3 360 860 842
3 361 917 163
3 362 363 349
3 362 364 363
3 362 431 364
3 362 794 431
3 363 374 349
3 363 527 374
3 364 365 363
3 364 384 365
3 364 940 384
3 365 527 363
3 366 783 233
3 366 890 656
3 367 773 325
3 368 406 367
3 368 407 406
3 368 409 407
3 368 637 409
3 369 370 336
3 369 832 639
3 369 841 370
3 370 403 336
3 370 405 403
3 370 424 405
3 370 841 424
3 371 392 350
3 371 457 392
3 371 458 457
3 371 773 458
3 372 771 326
3 373 422 353
3 373 454 422
3 373 455 454
3 373 710 455
3 374 944 349
3 375 710 343
3 376 394 375
3 376 545 394
3 376 546 545
3 376 709 546
3 377 704 248
3 378 445 377
3 378 705 445
3 379 430 357
3 379 722 430
3 380 381 379
3 380 432 381
3 380 828 432
3 381 722 379
3 382 383 378
3 382 399 383
3 382 723 399
3 383 705 378
3 384 385 365
3 384 541 385
3 384 862 541
3 384 940 862
3 385 386 365
3 385 387 386
3 385 795 387
3 386 527 365
3 386 926 527
3 387 388 386
3 387 389 388
3 387 390 389
3 387 795 390
3 388 400 386
3 388 444 400
3 388 696 444
3 389 696 388
3 390 391 389
3 390 395 391
3 390 447 395
3 390 795 447
3 391 608 389
3 392 393 350
3 392 525 393
3 392 811 525
3 393 551 350
3 394 532 375
3 394 772 532
3 395 396 391
3 395 724 396
3 395 867 724
3 396 397 391
3 396 398 397
3 396 863 398
3 397 608 391
3 398 417 397
3 398 418 417
3 398 419 418
3 398 863 419
3 399 404 383
3 399 730 404
3 399 868 730
3 400 926 386
3 401 534 372
3 401 815 745
3 401 922 534
3 402 815 359
3 402 899 537
3 403 779 336
3 404 504 383
3 404 711 504
3 404 878 711
3 405 434 403
3 405 830 434
3 406 408 367
3 406 814 408
3 407 734 406
3 408 773 367
3 408 927 746
3 409 410 407
3 409 411 410
3 409 713 411
3 409 934 713
3 410 437 407
3 410 778 437
3 411 412 410
3 411 413 412
3 411 712 413
3 411 713 712
3 412 778 410
3 413 414 412
3 413 415 414
3 413 657 415
3 413 936 657
3 414 416 412
3 414 749 416
3 415 423 414
3 415 518 423
3 415 519 518
3 415 657 519
3 416 749 636
3 416 778 412
3 417 501 397
3 417 826 501
3 418 420 417
3 418 421 420
3 418 753 421
3 419 753 418
3 419 843 753
3 419 863 725
3 420 826 417
3 420 851 826
3 421 425 420
3 421 426 425
3 421 443 426
3 421 753 443
3 422 723 353
3 422 868 723
3 423 749 414
3 423 847 749
3 423 902 847
3 424 597 405
3 424 812 597
3 424 900 812
3 425 851 420
3 426 427 425
3 426 428 427
3 426 765 428
3 427 839 425
3 428 429 427
3 428 738 429
3 428 852 738
3 429 456 427
3 429 743 456
3 429 901 743
3 430 616 513
3 430 722 616
3 430 789 357
3 431 794 769
3 431 940 364
3 432 433 381
3 432 661 433
3 432 732 661
3 432 828 732
3 433 502 381
3 433 509 502
3 433 592 509
3 433 661 592
3 434 733 403
3 434 865 733
3 434 938 865
3 435 790 263
3 435 899 790
3 436 537 435
3 436 538 537
3 436 883 538
3 437 734 407
3 437 861 604
3 438 439 346
3 438 442 439
3 438 846 442
3 439 440 346
3 439 441 440
3 439 617 441
3 440 916 346
3 441 448 440
3 441 449 448
3 441 825 449
3 442 617 439
3 442 840 617
3 442 925 614
3 443 753 621
3 443 765 426
3 443 881 765
3 444 750 400
3 444 799 615
3 445 446 377
3 445 911 446
3 445 937 911
3 446 704 377
3 446 860 704
3 446 884 699
3 446 911 884
3 447 867 395
3 447 905 866
3 448 859 440
3 448 869 859
3 449 450 448
3 449 451 450
3 449 891 451
3 450 869 448
3 451 452 450
3 451 743 452
3 451 913 743
3 452 453 450
3 452 776 453
3 452 901 776
3 453 869 450
3 453 889 869
3 454 674 139
3 454 768 422
3 454 835 674
3 455 740 716
3 455 835 454
3 455 930 835
3 456 726 193
3 456 839 427
3 456 913 726
3 457 811 392
3 457 909 811
3 458 746 717
3 458 773 746
3 458 856 457
3 459 846 438
3 459 921 846
3 460 852 765
3 460 881 232
3 460 941 852
3 461 462 351
3 461 466 462
3 461 944 466
3 462 463 351
3 462 464 463
3 462 622 464
3 463 751 351
3 464 465 463
3 464 531 465
3 464 871 531
3 465 507 463
3 465 827 507
3 466 622 462
3 466 877 622
3 466 894 877
3 466 944 894
3 467 468 315
3 467 741 468
3 467 784 741
3 467 924 784
3 468 469 315
3 468 470 469
3 468 471 470
3 468 741 471
3 469 912 315
3 470 763 469
3 471 472 470
3 471 485 472
3 471 486 485
3 471 741 486
3 472 473 470
3 472 474 473
3 472 606 474
3 473 763 470
3 474 475 473
3 474 596 475
3 474 658 596
3 475 476 473
3 475 477 476
3 475 478 477
3 475 596 478
3 476 763 473
3 476 858 763
3 477 642 476
3 477 796 642
3 478 479 477
3 478 480 479
3 478 484 480
3 478 596 484
3 479 796 477
3 480 481 479
3 480 482 481
3 480 595 482
3 481 483 479
3 481 802 483
3 482 489 481
3 482 490 489
3 482 491 490
3 482 595 491
3 483 796 479
3 483 880 539
3 484 595 480
3 484 848 595
3 485 606 472
3 485 834 606
3 486 487 485
3 486 488 487
3 486 494 488
3 486 741 494
3 487 721 510
3 487 834 485
3 488 721 487
3 489 802 481
3 489 803 802
3 490 727 489
3 491 492 490
3 491 620 492
3 491 788 620
3 492 493 490
3 492 592 493
3 492 620 509
3 493 727 490
3 493 833 528
3 494 495 488
3 494 864 495
3 495 496 488
3 495 497 496
3 495 829 497
3 495 864 829
3 496 721 488
3 496 822 721
3 497 498 496
3 497 499 498
3 497 500 499
3 497 829 500
3 498 822 496
3 499 644 498
3 499 827 644
3 500 505 499
3 500 767 505
3 500 829 660
3 501 608 397
3 501 826 184
3 501 853 608
3 502 533 269
3 502 722 381
3 502 879 533
3 503 788 277
3 504 705 383
3 504 706 151
3 504 711 706
3 504 937 705
3 505 827 499
3 505 898 827
3 506 792 187
3 506 862 792
3 506 933 862
3 507 751 463
3 507 914 751
3 508 866 168
3 508 867 866
3 509 592 492
3 509 879 502
3 510 721 308
3 510 834 487
3 511 764 312
3 511 822 764
3 512 840 241
3 512 942 840
3 513 616 28
3 513 789 430
3 514 891 214
3 514 913 891
3 515 871 311
3 516 851 193
3 517 817 124
3 517 848 817
3 518 902 423
3 518 929 902
3 519 520 518
3 519 602 520
3 519 875 602
3 520 602 593
3 520 929 518
3 521 522 335
3 521 877 522
3 522 750 335
3 522 785 750
3 522 894 785
3 523 621 524
3 523 939 176
3 524 843 725
3 524 888 174
3 524 939 523
3 525 526 393
3 525 610 526
3 525 811 130
3 526 548 393
3 526 549 548
3 526 550 549
3 526 610 550
3 527 785 374
3 527 926 785
3 528 727 493
3 528 833 340
3 529 658 606
3 529 834 301
3 530 859 344
3 530 916 859
3 531 644 465
3 531 764 644
3 531 871 515
3 532 710 375
3 532 740 710
3 532 772 144
3 533 879 266
3 534 641 372
3 534 893 641
3 534 935 893
3 535 642 317
3 535 858 642
3 536 844 535
3 536 912 844
3 537 634 402
3 537 899 435
3 538 634 537
3 538 777 634
3 538 883 643
3 539 540 286
3 539 796 483
3 539 880 540
3 540 880 802
3 540 904 283
3 541 795 385
3 541 905 795
3 541 933 905
3 542 917 865
3 542 938 145
3 543 544 109
3 543 593 544
3 543 929 593
3 544 935 141
3 545 613 394
3 545 677 136
3 546 677 545
3 546 678 677
3 546 695 678
3 546 709 695
3 547 610 130
3 547 908 610
3 548 551 393
3 548 787 551
3 548 931 313
3 549 931 548
3 549 932 931
3 550 552 549
3 550 553 552
3 550 908 553
3 551 742 305
3 551 787 742
3 552 638 320
3 552 932 549
3 553 554 552
3 553 854 554
3 553 908 619
3 554 638 552
3 554 639 638
3 554 640 639
3 554 854 640
3 555 556 161
3 555 557 556
3 556 760 161
3 556 897 760
3 557 558 556
3 558 897 556
3 559 560 558
3 559 561 560
3 559 562 561
3 559 915 562
3 560 598 558
3 560 599 598
3 560 600 599
3 561 600 560
3 561 918 600
3 562 563 561
3 562 564 563
3 562 565 564
3 562 915 565
3 563 758 243
3 563 759 561
3 564 758 563
3 564 910 758
3 565 669 564
3 565 816 669
3 565 915 800
3 566 567 138
3 566 582 567
3 566 583 582
3 567 568 138
3 567 569 568
3 567 585 569
3 568 736 138
3 569 570 568
3 569 584 570
3 569 587 584
3 569 886 587
3 570 571 568
3 570 572 571
3 570 573 572
3 570 584 573
3 571 736 568
3 571 849 607
3 572 849 571
3 573 574 572
3 573 575 574
3 573 579 575
3 573 584 579
3 574 576 572
3 574 577 576
3 574 618 577
3 575 618 574
3 576 849 572
3 577 578 576
3 577 580 578
3 577 586 580
3 577 618 586
3 578 782 576
3 579 589 575
3 579 762 589
3 580 581 578
3 580 737 581
3 581 735 578
3 581 737 629
3 582 585 567
3 582 643 585
3 582 777 643
3 583 777 582
3 584 761 579
3 584 892 761
3 585 886 569
3 586 588 580
3 586 845 588
3 586 928 222
3 587 886 257
3 587 892 584
3 588 737 580
3 588 845 190
3 589 590 575
3 589 591 590
3 589 762 203
3 589 831 591
3 590 618 575
3 590 928 618
3 591 781 590
3 591 791 781
3 591 831 791
3 592 833 493
3 593 594 544
3 593 755 594
3 593 929 520
3 594 935 544
3 595 788 491
3 595 848 788
3 596 817 484
3 597 812 44
3 597 830 405
3 597 943 830
3 598 897 558
3 598 923 897
3 599 919 188
3 599 923 598
3 600 601 599
3 600 918 245
3 601 813 801
3 601 837 813
3 601 919 599
3 602 755 593
3 602 874 316
3 602 875 874
3 603 909 155
3 604 734 437
3 604 861 146
3 605 902 132
3 606 658 474
3 606 834 529
3 607 736 571
3 607 782 125
3 607 849 782
3 608 696 389
3 608 853 696
3 609 927 133
3 610 908 550
3 611 808 143
3 611 815 808
3 612 853 501
3 613 772 394
3 614 789 513
3 614 840 442
3 614 925 789
3 615 750 444
3 615 799 9
3 616 722 269
3 617 825 441
3 617 942 825
3 618 928 586
3 619 854 553
3 619 908 547
3 620 788 503
3 620 879 509
3 621 843 524
3 621 881 443
3 622 871 464
3 622 877 311
3 623 624 97
3 623 631 624
3 623 735 631
3 624 625 135
3 624 631 625
3 625 626 135
3 625 627 626
3 625 629 627
3 625 631 629
3 626 675 135
3 627 628 626
3 627 652 628
3 628 632 626
3 628 633 632
3 628 652 345
3 629 630 627
3 629 631 581
3 629 920 630
3 630 652 627
3 630 857 652
3 630 920 242
3 631 735 581
3 632 645 150
3 632 675 626
3 633 645 632
3 633 646 645
3 633 651 646
3 634 777 143
3 634 808 402
3 635 636 158
3 635 748 636
3 636 748 416
3 636 754 158
3 636 906 754
3 637 934 409
3 638 639 328
3 639 832 328
3 639 841 369
3 640 841 639
3 640 854 142
3 640 900 841
3 641 771 372
3 641 806 771
3 641 807 339
3 641 893 807
3 642 796 317
3 642 858 476
3 643 777 538
3 643 821 585
3 643 883 254
3 644 764 498
3 644 827 465
3 645 673 150
3 646 647 645
3 646 648 647
3 646 651 352
3 647 649 134
3 647 673 645
3 648 649 647
3 648 752 649
3 649 653 134
3 649 654 653
3 649 752 654
3 650 717 152
3 650 747 717
3 650 870 747
3 652 907 345
3 653 654 149
3 654 655 149
3 654 656 655
3 654 752 656
3 655 756 149
3 655 823 756
3 655 890 823
3 656 752 356
3 656 783 366
3 656 890 655
3 657 875 519
3 657 936 838
3 658 817 596
3 659 828 380
3 660 767 500
3 660 829 321
3 661 732 340
3 661 833 592
3 662 878 147
3 663 664 131
3 663 665 664
3 663 718 665
3 664 669 131
3 665 666 664
3 665 667 666
3 665 670 667
3 665 718 670
3 666 668 664
3 666 896 668
3 667 873 666
3 668 669 664
3 668 896 885
3 668 910 669
3 669 816 131
3 669 910 564
3 670 671 667
3 670 718 127
3 670 804 671
3 671 672 667
3 671 804 691
3 671 809 672
3 672 873 667
3 674 835 154
3 676 768 139
3 677 744 136
3 678 679 677
3 678 680 679
3 678 681 680
3 678 695 681
3 679 744 677
3 679 770 701
3 680 770 679
3 681 682 680
3 681 694 682
3 681 695 252
3 682 683 680
3 682 684 683
3 682 720 684
3 683 770 680
3 683 786 770
3 684 685 683
3 684 686 685
3 684 720 256
3 685 786 683
3 685 819 786
3 686 687 685
3 686 688 687
3 686 693 688
3 687 819 685
3 687 836 819
3 688 689 687
3 688 690 689
3 688 728 690
3 689 836 687
3 690 691 689
3 690 728 258
3 690 809 691
3 691 692 689
3 691 804 692
3 691 809 671
3 692 804 780
3 692 836 689
3 692 850 836
3 693 728 688
3 694 720 682
3 695 714 252
3 696 799 444
3 696 853 183
3 697 703 86
3 698 699 697
3 698 823 708
3 698 842 699
3 699 703 697
3 699 860 446
3 699 884 703
3 700 819 148
3 701 744 679
3 701 770 128
3 702 937 151
3 703 884 129
3 704 860 360
3 705 937 445
3 706 766 81
3 707 708 366
3 707 842 708
3 708 842 698
3 708 890 366
3 709 714 695
3 710 740 455
3 711 766 706
3 711 878 662
3 712 774 296
3 712 936 413
3 713 774 712
3 713 934 304
3 715 740 144
3 716 740 715
3 716 930 455
3 717 746 152
3 717 856 458
3 719 723 382
3 721 822 308
3 723 868 399
3 724 863 396
3 724 867 244
3 725 843 419
3 725 863 724
3 725 888 524
3 726 913 215
3 727 803 489
3 729 896 259
3 730 768 676
3 730 868 768
3 730 878 404
3 731 752 648
3 732 828 272
3 733 779 403
3 733 876 348
3 734 814 406
3 735 782 578
3 737 920 629
3 738 852 341
3 738 901 429
3 739 885 729
3 741 784 494
3 742 787 299
3 743 901 452
3 743 913 456
3 745 815 611
3 745 922 401
3 746 773 408
3 746 927 609
3 747 856 717
3 747 870 36
3 748 778 416
3 748 861 778
3 749 906 636
3 750 926 400
3 751 914 331
3 753 843 621
3 754 872 158
3 754 906 153
3 755 807 594
3 755 820 807
3 756 823 137
3 757 882 71
3 757 930 716
3 758 885 739
3 758 910 885
3 759 918 561
3 760 897 253
3 761 762 579
3 761 797 762
3 761 892 211
3 762 903 203
3 763 844 469
3 763 858 844
3 764 822 498
3 765 852 428
3 765 881 460
3 766 887 80
3 767 895 505
3 768 868 422
3 769 792 431
3 769 865 361
3 769 876 865
3 770 786 128
3 771 806 273
3 775 883 436
3 776 805 453
3 776 901 738
3 778 861 437
3 780 804 127
3 780 850 692
3 781 791 179
3 781 928 590
3 782 849 576
3 784 864 494
3 784 924 321
3 785 894 374
3 785 926 750
3 786 819 700
3 788 848 277
3 789 925 358
3 790 899 327
3 791 831 180
3 792 940 431
3 793 923 188
3 794 876 769
3 795 905 447
3 797 903 762
3 798 932 320
3 800 816 565
3 800 915 126
3 801 813 173
3 801 919 601
3 802 803 540
3 802 880 483
3 803 904 540
3 805 889 453
3 807 820 339
3 807 893 594
3 808 815 402
3 809 824 672
3 810 892 587
3 811 909 603
3 812 900 142
3 813 837 178
3 814 927 408
3 817 848 484
3 818 934 637
3 819 836 148
3 821 886 585
3 823 890 708
3 824 855 672
3 825 891 449
3 825 942 214
3 826 851 516
3 827 898 507
3 829 864 321
3 830 938 434
3 830 943 145
3 835 930 154
3 836 850 148
3 838 875 657
3 838 936 296
3 839 851 425
3 840 942 617
3 841 900 424
3 842 860 699
3 844 858 535
3 844 912 469
3 846 921 358
3 846 925 442
3 847 902 605
3 847 906 749
3 852 941 341
3 855 873 672
3 856 909 457
3 857 907 652
3 859 869 344
3 859 916 440
3 862 933 541
3 862 940 792
3 865 876 733
3 865 917 361
3 865 938 542
3 866 867 447
3 866 905 227
3 869 889 344
3 873 896 666
3 874 875 284
3 877 894 522
3 884 911 129
3 885 896 729
3 885 910 668
3 891 913 451
3 893 935 594
3 894 944 374
3 895 898 505
3 897 923 253
3 898 914 507
3 902 929 132
3 905 933 227
3 911 937 702
3 922 935 534
3 931 932 798

CELL_TYPES 1766
5
5
5
5
5
5
5
5
5
5
5
5
5
5
5
5
5
5
5
5
5
5
5
5
5
5
5
5
5
5
5
5
5
5
5
5
5
5
5
5
5
5
5
5
5
5
5
5
5
5
5
5
5
5
5
5
5
5
5
5
5
5
5
5
5
5
5
5
5
5
5
5
5
5
5
5
5
5
5
5
5
5
5
5
5
5
5
5
5
5
5
5
5
5
5
5
5
5
5
5
5
5
5
5
5
5
5
5
5
5
5
5
5
5
5
5
5
5
5
5
5
5
5
5
5
5
5
5
5
5
5
5
5
5
5
5
5
5
5
5
5
5
5
5
5
5
5
5
5
5
5
5
5
5
5
5
5
5
5
5
5
5
5
5
5
5
5
5
5
5
5
5
5
5
5
5
5
5
5
5
5
5
5
5
5
5
5
5
5
5
5
5
5
5
5
5
5
5
5
5
5
5
5
5
5
5
5
5
5
5
5
5
5
5
5
5
5
5
5
5
5
5
5
5
5
5
5
5
5
5
5
5
5
5
5
5
5
5
5
5
5
5
5
5
5
5
5
5
5
5
5
5
5
5
5
5
5
5
5
5
5
5
5
5
5
5
5
5
5
5
5
5
5
5
5
5
5
5
5
5
5
5
5
5
5
5
5
5
5
5
5
5
5
5
5
5
5
5
5
5
5
5
5
5
5
5
5
5
5
5
5
5
5
5
5
5
5
5
5
5
5
5
5
5
5
5
5
5
5
5
5
5
5
5
5
5
5
5
5
5
5
5
5
5
5
5
5
5
5
5
5
5
5
5
5
5
5
5
5
5
5
5
5
5
5
5
5
5
5
5
5
5
5
5
5
5
5
5
5
5
5
5
5
5
5
5
5
5
5
5
5
5
5
5
5
5
5
5
5
5
5
5
5
5
5
5
5
5
5
5
5
5
5
5
5
5
5
5
5
5
5
5
5
5
5
5
5
5
5
5
5
5
5
5
5
5
5
5
5
5
5
5
5
5
5
5
5
5
5
5
5
5
5
5
5
5
5
5
5
5
5
5
5
5
5
5
5
5
5
5
5
5
5
5
5
5
5
5
5
5
5
5
5
5
5
5
5
5
5
5
5
5
5
5
5
5
5
5
5
5
5
5
5
5
5
5
5
5
5
5
5
5
5
5
5
5
5
5
5
5
5
5
5
5
5
5
5
5
5
5
5
5
5
5
5
5
5
5
5
5
5
5
5
5
5
5
5
5
5
5
5
5
5
5
5
5
5
5
5
5
5
5
5
5
5
5
5
5
5
5
5
5
5
5
5
5
5
5
5
5
5
5
5
5
5
5
5
5
5
5
5
5
5
5
5
5
5
5
5
5
5
5
5
5
5
5
5
5
5
5
5
5
5
5
5
5
5
5
5
5
5
5
5
5
5
5
5
5
5
5
5
5
5
5
5
5
5
5
5
5
5
5
5
5
5
5
5
5
5
5
5
5
5
5
5
5
5
5
5
5
5
5
5
5
5
5
5
5
5
5
5
5
5
5
5
5
5
5
5
5
5
5
5
5
5
5
5
5
5
5
5
5
5
5
5
5
5
5
5
5
5
5
5
5
5
5
5
5
5
5
5
5
5
5
5
5
5
5
5
5
5
5
5
5
5
5
5
5
5
5
5
5
5
5
5
5
5
5
5
5
5
5
5
5
5
5
5
5
5
5
5
5
5
5
5
5
5
5
5
5
5
5
5
5
5
5
5
5
5
5
5
5
5
5
5
5
5
5
5
5
5
5
5
5
5
5
5
5
5
5
5
5
5
5
5
5
5
5
5
5
5
5
5
5
5
5
5
5
5
5
5
5
5
5
5
5
5
5
5
5
5
5
5
5
5
5
5
5
5
5
5
5
5
5
5
5
5
5
5
5
5
5
5
5
5
5
5
5
5
5
5
5
5
5
5
5
5
5
5
5
5
5
5
5
5
5
5
5
5
5
5
5
5
5
5
5
5
5
5
5
5
5
5
5
5
5
5
5
5
5
5
5
5
5
5
5
5
5
5
5
5
5
5
5
5
5
5
5
5
5
5
5
5
5
5
5
5
5
5
5
5
5
5
5
5
5
5
5
5
5
5
5
5
5
5
5
5
5
5
5
5
5
5
5
5
5
5
5
5
5
5
5
5
5
5
5
5
5
5
5
5
5
5
5
5
5
5
5
5
5
5
5
5
5
5
5
5
5
5
5
5
5
5
5
5
5
5
5
5
5
5
5
5
5
5
5
5
5
5
5
5
5
5
5
5
5
5
5
5
5
5
5
5
5
5
5
5
5
5
5
5
5
5
5
5
5
5
5
5
5
5
5
5
5
5
5
5
5
5
5
5
5
5
5
5
5
5
5
5
5
5
5
5
5
5
5
5
5
5
5
5
5
5
5
5
5
5
5
5
5
5
5
5
5
5
5
5
5
5
5
5
5
5
5
5
5
5
5
5
5
5
5
5
5
5
5
5
5
5
5
5
5
5
5
5
5
5
5
5
5
5
5
5
5
5
5
5
5
5
5
5
5
5
5
5
5
5
5
5
5
5
5
5
5
5
5
5
5
5
5
5
5
5
5
5
5
5
5
5
5
5
5
5
5
5
5
5
5
5
5
5
5
5
5
5
5
5
5
5
5
5
5
5
5
5
5
5
5
5
5
5
5
5
5
5
5
5
5
5
5
5
5
5
5
5
5
5
5
5
5
5
5
5
5
5
5
5
5
5
5
5
5
5
5
5
5
5
5
5
5
5
5
5
5
5
5
5
5
5
5
5
5
5
5
5
5
5
5
5
5
5
5
5
5
5
5
5
5
5
5
5
5
5
5
5
5
5
5
5
5
5
5
5
5
5
5
5
5
5
5
5
5
5
5
5
5
5
5
5
5
5
5
5
5
5
5
5
5
5
5
5
5
5
5
5
5
5
5
5
5
5
5
5
5
5
5
5
5
5
5
5
5
5
5
5
5
5
5
5
5
5
5
5
5
5
5
5
5
5
5
5
5
5
5
5
5
5
5
5
5
5
5
5
5
5
5
5
5
5
5
5
5
5
5
5
5
5
5
5
5
5
5
5
5
5
5
5
5
5
5
5
5
5
5
5
5
5
5
5
5
5
5
5
5
5
5
5
5
5
5
5
5
5
5
5
5
5
5
5
5
5
5
5
5
5
5
5
5
5
5
5
5
5
5
5
5
5
5
5
5
5
5
5
5
5
5
5
5
5
5
5
5
5
5
5
5
5
5
5
5
5
5
5
5
5
5
5
5
5
5
5
5
5
5
5
5
5
5
5
5
5
5
5
5
5
5
5
5
5
5
5
5
5
5
5
5
5
5
5
5
5
5
5
5
5
5
5
5
5
5
5
5
5
5
5
5
5
5
5
5
5
5
5
5
5
5
5
5
5
5
5
5
5
5
5
5
5
5
5
5
5
5
5
5
5
5
5
5
5
5
5
5
5
5
5
5
5
5
5
5
5
5
5
5
5
5
5
5
5
5
5
5
5
5
5
5
5
5
5
5
5
5
5
5
5
5
5
5
5
5
5
5
5
5
5
5
5
5
5
5
5
5
5
5
5
5
5
5
5
5
5
5
5
5
5
5
5
5
5
5
5
5
5
5
5
5
5
5
5
5
5
5
5
5
5
5
5
5
5
5
5
5
5
5
5
5
5
5
5
5
5
5
5
5
5
5
5
5
5
5
5
5
5
5
5
5
5
5
5
5
5
5
5
5
5
5
5
5
5
5
5
5
5
5
5
5
5
5
5
5
5
5
5
5
5
5
5
5
5
5
5
5
5
5
5
5
5
5
5
5
5
5
5
5
5
5
5
5
5
5
5
5
5
5
5
5
5
5
5
5
5
5
5
5
5
5
5
5
5
5
5
5
5
5
5
5
5
5
5
5
5
5
5
5
5
5
5
5
5
5
5
5
5
5
5
5
5
5
5
5
5
5
5
5
5
5
5
5
5
5
5
5
5
5
5
5
POINT_DATA 945
FIELD FieldData 2
VELOCITY 3 945  float
1.0000000e-01 0.0000000e+00 0.0000000e+00 
1.0000012e-01 0.0000000e+00 0.0000000e+00 
1.0000002e-01 0.0000000e+00 0.0000000e+00 
1.0000000e-01 0.0000000e+00 0.0000000e+00 
0.0000000e+00 0.0000000e+00 0.0000000e+00 
0.0000000e+00 0.0000000e+00 0.0000000e+00 
0.0000000e+00 0.0000000e+00 0.0000000e+00 
0.0000000e+00 0.0000000e+00 0.0000000e+00 
0.0000000e+00 0.0000000e+00 0.0000000e+00 
0.0000000e+00 0.0000000e+00 0.0000000e+00 
0.0000000e+00 0.0000000e+00 0.0000000e+00 
0.0000000e+00 0.0000000e+00 0.0000000e+00 
0.0000000e+00 0.0000000e+00 0.0000000e+00 
0.0000000e+00 0.0000000e+00 0.0000000e+00 
0.0000000e+00 0.0000000e+00 0.0000000e+00 
0.0000000e+00 0.0000000e+00 0.0000000e+00 
0.0000000e+00 0.0000000e+00 0.0000000e+00 
0.0000000e+00 0.0000000e+00 0.0000000e+00 
0.0000000e+00 0.0000000e+00 0.0000000e+00 
0.0000000e+00 0.0000000e+00 0.0000000e+00 
0.0000000e+00 0.0000000e+00 0.0000000e+00 
0.0000000e+00 0.0000000e+00 0.0000000e+00 
0.0000000e+00 0.0000000e+00 0.0000000e+00 
0.0000000e+00 0.0000000e+00 0.0000000e+00 
0.0000000e+00 0.0000000e+00 0.0000000e+00 
0.0000000e+00 0.0000000e+00 0.0000000e+00 
0.0000000e+00 0.0000000e+00 0.0000000e+00 
0.0000000e+00 0.0000000e+00 0.0000000e+00 
0.0000000e+00 0.0000000e+00 0.0000000e+00 
0.0000000e+00 0.0000000e+00 0.0000000e+00 
0.0000000e+00 0.0000000e+00 0.0000000e+00 
0.0000000e+00 0.0000000e+00 0.0000000e+00 
0.0000000e+00 0.0000000e+00 0.0000000e+00 
0.0000000e+00 0.0000000e+00 0.0000000e+00 
0.0000000e+00 0.0000000e+00 0.0000000e+00 
0.0000000e+00 0.0000000e+00 0.0000000e+00 
1.0017017e-01 -1.9992891e-26 0.0000000e+00 
1.0077517e-01 -1.2924697e-26 0.0000000e+00 
1.0196862e-01 -1.2924697e-26 0.0000000e+00 
1.0395489e-01 -1.2924697e-26 0.0000000e+00 
1.0685826e-01 -2.5849394e-25 0.0000000e+00 
1.1062973e-01 -2.5849394e-25 0.0000000e+00 
1.1518101e-01 -2.5849394e-25 0.0000000e+00 
1.1986371e-01 0.0000000e+00 0.0000000e+00 
1.2406464e-01 -2.1713491e-24 0.0000000e+00 
1.2671071e-01 0.0000000e+00 0.0000000e+00 
1.2729482e-01 0.0000000e+00 0.0000000e+00 
1.2559605e-01 0.0000000e+00 0.0000000e+00 
1.2197956e-01 0.0000000e+00 0.0000000e+00 
1.1703309e-01 1.6543612e-24 0.0000000e+00 
1.1172561e-01 1.6543612e-24 0.0000000e+00 
1.0734364e-01 1.6543612e-24 0.0000000e+00 
1.0433401e-01 0.0000000e+00 0.0000000e+00 
1.0247347e-01 0.0000000e+00 0.0000000e+00 
1.0136583e-01 0.0000000e+00 0.0000000e+00 
1.0075500e-01 -1.0339758e-25 0.0000000e+00 
1.0041767e-01 -1.0339758e-25 0.0000000e+00 
1.0023269e-01 -1.0339758e-25 0.0000000e+00 
1.0012840e-01 -5.1698788e-26 0.0000000e+00 
1.0007108e-01 -5.1698788e-26 0.0000000e+00 
1.0003996e-01 -5.1698788e-26 0.0000000e+00 
1.0002211e-01 -2.5849394e-26 0.0000000e+00 
1.0001232e-01 -2.5849394e-26 0.0000000e+00 
1.0000685e-01 -2.5849394e-26 0.0000000e+00 
1.0000382e-01 -9.6935228e-27 0.0000000e+00 
1.0000214e-01 -9.6935228e-27 0.0000000e+00 
1.0000122e-01 -9.6935228e-27 0.0000000e+00 
1.0000070e-01 -5.6797985e-28 0.0000000e+00 
1.0000041e-01 -5.6797985e-28 0.0000000e+00 
1.0000025e-01 -5.6797985e-28 0.0000000e+00 
1.0000017e-01 2.0194839e-27 0.0000000e+00 
1.0000010e-01 4.1823274e-08 0.0000000e+00 
1.0000006e-01 6.6808511e-08 0.0000000e+00 
1.0000001e-01 7.1777521e-08 0.0000000e+00 
9.9999964e-02 5.4672334e-08 0.0000000e+00 
9.9999942e-02 2.0149246e-08 0.0000000e+00 
9.9999934e-02 -1.6166384e-08 0.0000000e+00 
9.9999949e-02 -4.4156614e-08 0.0000000e+00 
9.9999979e-02 -4.3731070e-08 0.0000000e+00 
1.0000000e-01 -2.9551858e-08 0.0000000e+00 
1.0000005e-01 -1.6155871e-27 0.0000000e+00 
1.0000012e-01 0.0000000e+00 0.0000000e+00 
1.0000025e-01 0.0000000e+00 0.0000000e+00 
1.0000050e-01 0.0000000e+00 0.0000000e+00 
1.0000098e-01 7.4720905e-27 0.0000000e+00 
1.0000180e-01 7.4720905e-27 0.0000000e+00 
1.0000340e-01 7.4720905e-27 0.0000000e+00 
1.0000637e-01 0.0000000e+00 0.0000000e+00 
1.0001157e-01 0.0000000e+00 0.0000000e+00 
1.0002087e-01 0.0000000e+00 0.0000000e+00 
1.0003787e-01 -2.0679515e-25 0.0000000e+00 
1.0006931e-01 -2.0679515e-25 0.0000000e+00 
1.0012639e-01 -2.0679515e-25 0.0000000e+00 
1.0023036e-01 2.0679515e-25 0.0000000e+00 
1.0041878e-01 2.0679515e-25 0.0000000e+00 
1.0075668e-01 2.0679515e-25 0.0000000e+00 
1.0136353e-01 0.0000000e+00 0.0000000e+00 
1.0245188e-01 0.0000000e+00 0.0000000e+00 
1.0428311e-01 0.0000000e+00 0.0000000e+00 
1.0730331e-01 0.0000000e+00 0.0000000e+00 
1.1174839e-01 0.0000000e+00 0.0000000e+00 
1.1699798e-01 0.0000000e+00 0.0000000e+00 
1.2195886e-01 1.3234890e-23 0.0000000e+00 
1.2576433e-01 1.3234890e-23 0.0000000e+00 
1.2744917e-01 1.3234890e-23 0.0000000e+00 
1.2676533e-01 0.0000000e+00 0.0000000e+00 
1.2404139e-01 0.0000000e+00 0.0000000e+00 
1.1991826e-01 0.0000000e+00 0.0000000e+00 
1.1525438e-01 -3.1019273e-25 0.0000000e+00 
1.1068542e-01 -3.1019273e-25 0.0000000e+00 
1.0685931e-01 -3.1019273e-25 0.0000000e+00 
1.0392338e-01 -2.0679515e-25 0.0000000e+00 
1.0191873e-01 -2.0679515e-25 0.0000000e+00 
1.0074504e-01 -2.0679515e-25 0.0000000e+00 
1.0015119e-01 2.2618220e-26 0.0000000e+00 
1.0000000e-01 0.0000000e+00 0.0000000e+00 
1.0000000e-01 0.0000000e+00 0.0000000e+00 
1.0000000e-01 0.0000000e+00 0.0000000e+00 
1.0000000e-01 0.0000000e+00 0.0000000e+00 
1.0000000e-01 0.0000000e+00 0.0000000e+00 
1.0000000e-01 0.0000000e+00 0.0000000e+00 
1.0000000e-01 0.0000000e+00 0.0000000e+00 
1.0000000e-01 0.0000000e+00 0.0000000e+00 
1.0000000e-01 0.0000000e+00 0.0000000e+00 
1.0470721e-02 8.7614888e-03 0.0000000e+00 
1.0517766e-01 -2.3626918e-03 0.0000000e+00 
1.0900272e-01 3.8833555e-03 0.0000000e+00 
1.0027336e-01 1.5221174e-04 0.0000000e+00 
1.0001398e-01 7.8460871e-06 0.0000000e+00 
1.0000116e-01 -6.6329829e-07 0.0000000e+00 
1.0463028e-01 -2.7148533e-03 0.0000000e+00 
1.0157650e-01 8.9351792e-04 0.0000000e+00 
1.0488411e-01 2.3059433e-03 0.0000000e+00 
9.9876575e-02 -1.8071866e-04 0.0000000e+00 
1.0008033e-01 -4.7796108e-05 0.0000000e+00 
1.0088946e-01 -5.0118787e-04 0.0000000e+00 
1.0000236e-01 1.4074860e-06 0.0000000e+00 
1.0000749e-01 -4.1202379e-06 0.0000000e+00 
1.1984065e-01 -4.1131121e-03 0.0000000e+00 
9.9999920e-02 5.7806126e-08 0.0000000e+00 
1.2456850e-01 3.0534766e-03 0.0000000e+00 
1.1779266e-01 3.4285188e-03 0.0000000e+00 
1.1771607e-01 -4.1578594e-03 0.0000000e+00 
1.2834398e-01 5.9140171e-04 0.0000000e+00 
1.0000044e-01 2.6512745e-07 0.0000000e+00 
1.2816907e-01 -4.6523419e-04 0.0000000e+00 
9.9948220e-02 3.8328645e-04 0.0000000e+00 
9.9999920e-02 -4.3229271e-08 0.0000000e+00 
1.0004596e-01 2.5027408e-05 0.0000000e+00 
1.0002390e-01 -1.3801589e-05 0.0000000e+00 
1.0026883e-01 -1.5706719e-04 0.0000000e+00 
1.0000028e-01 -2.0068545e-07 0.0000000e+00 
1.0000534e-01 -4.7236669e-04 0.0000000e+00 
1.0113791e-01 8.6738321e-04 0.0000000e+00 
1.0000003e-01 9.6727995e-08 0.0000000e+00 
1.0108415e-01 -9.9842355e-04 0.0000000e+00 
1.0000000e-01 -5.3042438e-08 0.0000000e+00 
1.0000018e-01 7.4768955e-08 0.0000000e+00 
1.0003795e-01 3.5820805e-04 0.0000000e+00 
1.2748791e-01 1.5040495e-03 0.0000000e+00 
1.2869301e-01 4.8591597e-03 0.0000000e+00 
1.2378118e-01 7.4428469e-03 0.0000000e+00 
1.2872609e-01 1.0445633e-02 0.0000000e+00 
1.3326131e-01 6.7750122e-03 0.0000000e+00 
1.3397565e-01 1.3173907e-02 0.0000000e+00 
1.2730946e-01 1.7049773e-02 0.0000000e+00 
1.3055699e-01 2.1452146e-02 0.0000000e+00 
1.2172344e-01 2.4630724e-02 0.0000000e+00 
1.1567301e-01 2.9840412e-02 0.0000000e+00 
1.0922801e-01 3.0428385e-02 0.0000000e+00 
9.4804160e-02 3.3745028e-02 0.0000000e+00 
9.2303939e-02 3.2406814e-02 0.0000000e+00 
7.2352134e-02 3.1973276e-02 0.0000000e+00 
7.4569725e-02 2.8793372e-02 0.0000000e+00 
5.1876374e-02 2.3932727e-02 0.0000000e+00 
6.1878312e-02 1.9459104e-02 0.0000000e+00 
4.2025380e-02 1.0261251e-02 0.0000000e+00 
5.8508873e-02 6.4689666e-03 0.0000000e+00 
7.1904339e-02 1.4363992e-02 0.0000000e+00 
7.1975023e-02 3.0786842e-03 0.0000000e+00 
4.9045246e-02 -5.4746917e-03 0.0000000e+00 
8.1584267e-02 9.5923413e-03 0.0000000e+00 
8.2292251e-02 6.1174412e-04 0.0000000e+00 
4.4242479e-03 1.0684307e-03 0.0000000e+00 
-1.2392965e-03 -2.6131093e-03 0.0000000e+00 
8.8571019e-02 5.9337066e-03 0.0000000e+00 
8.9347243e-02 7.5775205e-07 0.0000000e+00 
1.3834615e-01 7.0570498e-03 0.0000000e+00 
1.0557908e-01 2.6980074e-02 0.0000000e+00 
9.3134761e-02 3.3878374e-03 0.0000000e+00 
9.3848579e-02 -4.6286150e-04 0.0000000e+00 
3.2281641e-02 -5.6760828e-03 0.0000000e+00 
4.9314436e-02 -1.8825840e-02 0.0000000e+00 
-1.8265285e-03 1.4449281e-03 0.0000000e+00 
9.5840812e-02 1.6797963e-03 0.0000000e+00 
9.6569888e-02 -6.1245792e-04 0.0000000e+00 
9.7633518e-02 7.8934914e-04 0.0000000e+00 
9.8063372e-02 -3.1433284e-04 0.0000000e+00 
9.8654754e-02 4.1898413e-04 0.0000000e+00 
9.8900266e-02 -2.2137794e-04 0.0000000e+00 
9.9222474e-02 2.1024556e-04 0.0000000e+00 
3.3539534e-02 -1.8933833e-02 0.0000000e+00 
5.8499303e-02 -2.8436843e-02 0.0000000e+00 
7.1580276e-02 -2.8347712e-02 0.0000000e+00 
5.0402280e-02 -2.7040226e-02 0.0000000e+00 
7.5911492e-02 -3.2873217e-02 0.0000000e+00 
6.9848947e-02 -3.0122453e-02 0.0000000e+00 
9.6313208e-02 -3.2793012e-02 0.0000000e+00 
9.1652073e-02 -2.9395208e-02 0.0000000e+00 
1.1488403e-01 -2.9156519e-02 0.0000000e+00 
1.1637855e-01 -2.5081156e-02 0.0000000e+00 
1.1270706e-01 -3.0751765e-02 0.0000000e+00 
1.2911895e-01 -2.2708124e-02 0.0000000e+00 
1.3326399e-01 -1.7621413e-02 0.0000000e+00 
1.2634561e-02 -4.5812787e-03 0.0000000e+00 
3.6773572e-04 1.5262131e-03 0.0000000e+00 
9.9391855e-02 -1.3657910e-04 0.0000000e+00 
9.9559896e-02 9.9574754e-05 0.0000000e+00 
9.9674337e-02 -1.1270750e-04 0.0000000e+00 
9.9761136e-02 4.3968859e-05 0.0000000e+00 
1.3655238e-01 -1.5277279e-02 0.0000000e+00 
1.4091049e-01 -9.7463792e-03 0.0000000e+00 
8.7529875e-02 -5.6167697e-03 0.0000000e+00 
9.9824302e-02 -6.6391382e-05 0.0000000e+00 
9.9866904e-02 2.0847821e-05 0.0000000e+00 
9.9903859e-02 -3.8991551e-05 0.0000000e+00 
9.9926196e-02 9.0015328e-06 0.0000000e+00 
1.2232877e-01 2.5485320e-02 0.0000000e+00 
9.9947475e-02 -2.2929829e-05 0.0000000e+00 
9.9959210e-02 3.6180602e-06 0.0000000e+00 
9.9970855e-02 -1.3131843e-05 0.0000000e+00 
9.9977329e-02 1.4369394e-06 0.0000000e+00 
1.7829608e-02 -4.8501692e-03 0.0000000e+00 
9.9984020e-02 -7.5262751e-06 0.0000000e+00 
9.9987179e-02 5.4599280e-07 0.0000000e+00 
9.9991381e-02 -4.8452162e-06 0.0000000e+00 
9.9992931e-02 -3.6992059e-08 0.0000000e+00 
9.9995427e-02 -2.7635804e-06 0.0000000e+00 
9.9996120e-02 -1.0663967e-07 0.0000000e+00 
1.3577701e-01 -1.1625244e-02 0.0000000e+00 
1.4407130e-01 -2.7062013e-03 0.0000000e+00 
3.6025513e-02 -5.0751218e-03 0.0000000e+00 
9.8145477e-02 -1.5867383e-03 0.0000000e+00 
9.6864335e-02 4.3081674e-03 0.0000000e+00 
7.2065309e-02 3.1169189e-02 0.0000000e+00 
9.1129482e-02 1.2791980e-02 0.0000000e+00 
9.9997506e-02 -1.5450244e-06 0.0000000e+00 
9.9997856e-02 -9.0090964e-08 0.0000000e+00 
9.9998638e-02 -8.6427400e-07 0.0000000e+00 
9.9998809e-02 -6.0291256e-08 0.0000000e+00 
9.9998616e-02 7.0516001e-07 0.0000000e+00 
9.9999227e-02 3.8716402e-07 0.0000000e+00 
9.9995576e-02 2.4496187e-06 0.0000000e+00 
1.2029283e-01 1.9436892e-02 0.0000000e+00 
1.3779289e-01 -8.9613050e-03 0.0000000e+00 
9.9999271e-02 -4.8891059e-07 0.0000000e+00 
9.9975809e-02 1.6467455e-05 0.0000000e+00 
1.3115379e-01 -1.9352790e-02 0.0000000e+00 
9.9867664e-02 1.1072377e-04 0.0000000e+00 
9.9252820e-02 7.0324721e-04 0.0000000e+00 
1.4037526e-01 -2.7872138e-03 0.0000000e+00 
1.4579178e-01 5.1506809e-03 0.0000000e+00 
1.4289133e-01 2.8370135e-03 0.0000000e+00 
1.4264104e-01 9.6217459e-03 0.0000000e+00 
1.4567417e-01 1.4269572e-02 0.0000000e+00 
1.4033028e-01 1.6751017e-02 0.0000000e+00 
5.3192940e-02 4.1733000e-02 0.0000000e+00 
1.4228666e-01 2.3171896e-02 0.0000000e+00 
1.3563374e-01 2.2740759e-02 0.0000000e+00 
6.4094715e-02 2.2727294e-02 0.0000000e+00 
1.3405651e-01 1.5940486e-02 0.0000000e+00 
1.2917708e-01 2.0007590e-02 0.0000000e+00 
1.2886651e-01 2.8566567e-02 0.0000000e+00 
1.2307058e-01 2.2791320e-02 0.0000000e+00 
1.2009272e-01 2.9961405e-02 0.0000000e+00 
1.1658695e-01 2.3384109e-02 0.0000000e+00 
1.1208048e-01 2.8871955e-02 0.0000000e+00 
2.9152159e-02 3.8781688e-02 0.0000000e+00 
1.1061821e-01 2.1936737e-02 0.0000000e+00 
1.0500412e-01 2.5365422e-02 0.0000000e+00 
1.0576730e-01 1.9330397e-02 0.0000000e+00 
1.0049544e-01 2.0956414e-02 0.0000000e+00 
1.0215550e-01 1.6059134e-02 0.0000000e+00 
9.6918397e-02 1.6825341e-02 0.0000000e+00 
9.9825971e-02 1.2438877e-02 0.0000000e+00 
9.6040644e-02 1.1565048e-02 0.0000000e+00 
9.1817550e-02 1.4012187e-02 0.0000000e+00 
9.2817456e-02 9.2725269e-03 0.0000000e+00 
8.7995097e-02 9.9240337e-03 0.0000000e+00 
9.0187468e-02 6.0706218e-03 0.0000000e+00 
8.5978255e-02 4.7297683e-03 0.0000000e+00 
8.9777164e-02 2.1966714e-03 0.0000000e+00 
8.6254597e-02 -5.8890251e-04 0.0000000e+00 
9.0461500e-02 -1.3424966e-03 0.0000000e+00 
8.8522159e-02 -4.9663302e-03 0.0000000e+00 
9.2415065e-02 -4.1512041e-03 0.0000000e+00 
9.5822193e-02 7.7385581e-03 0.0000000e+00 
9.1824152e-02 -7.8368094e-03 0.0000000e+00 
8.6793758e-02 -1.0140614e-02 0.0000000e+00 
9.2607774e-02 -1.2040210e-02 0.0000000e+00 
8.8756338e-02 -1.7450059e-02 0.0000000e+00 
1.3858381e-02 -2.3032710e-02 0.0000000e+00 
9.5207825e-02 -1.6548643e-02 0.0000000e+00 
9.3778886e-02 -2.2659209e-02 0.0000000e+00 
9.2877321e-02 1.3948085e-03 0.0000000e+00 
9.4825216e-02 -5.9391861e-03 0.0000000e+00 
9.9417783e-02 -1.9985439e-02 0.0000000e+00 
9.9785320e-02 -2.6440674e-02 0.0000000e+00 
4.4630397e-02 -4.5492735e-02 0.0000000e+00 
1.0485326e-01 -2.1888861e-02 0.0000000e+00 
1.0713768e-01 -2.8069289e-02 0.0000000e+00 
7.2428852e-02 -1.3969948e-02 0.0000000e+00 
6.3838683e-02 -3.5506248e-02 0.0000000e+00 
9.9600397e-02 -1.4890886e-02 0.0000000e+00 
9.8048799e-02 2.7854750e-02 0.0000000e+00 
8.1925109e-02 -1.4754235e-02 0.0000000e+00 
1.0621901e-01 1.4326388e-02 0.0000000e+00 
8.1248589e-02 9.4551342e-03 0.0000000e+00 
1.1090484e-01 -2.1539183e-02 0.0000000e+00 
1.1542172e-01 -2.7727813e-02 0.0000000e+00 
1.0812300e-01 -1.7006688e-02 0.0000000e+00 
9.3020275e-02 -3.0955939e-02 0.0000000e+00 
9.5098734e-02 -3.2422340e-03 0.0000000e+00 
9.7149998e-02 -4.6130545e-03 0.0000000e+00 
9.7104341e-02 -2.3930226e-03 0.0000000e+00 
9.8476894e-02 -3.1896227e-03 0.0000000e+00 
1.2851000e-01 1.4045012e-02 0.0000000e+00 
1.3205318e-01 1.0423159e-02 0.0000000e+00 
1.1692902e-01 -1.9758457e-02 0.0000000e+00 
1.2225360e-01 -2.3369389e-02 0.0000000e+00 
1.2259324e-01 -3.0613506e-02 0.0000000e+00 
1.2956238e-01 -2.6217297e-02 0.0000000e+00 
1.2668321e-01 -1.8763307e-02 0.0000000e+00 
1.3326846e-01 -1.8879991e-02 0.0000000e+00 
1.3781136e-01 -2.4599493e-02 0.0000000e+00 
3.8544845e-02 4.9418383e-03 0.0000000e+00 
1.2948106e-01 -1.3703961e-02 0.0000000e+00 
1.3979137e-01 -1.6525345e-02 0.0000000e+00 
1.4462145e-01 -1.9951999e-02 0.0000000e+00 
1.1466388e-01 1.7836055e-02 0.0000000e+00 
1.1420288e-01 3.6695827e-02 0.0000000e+00 
3.8692005e-02 -2.1471499e-02 0.0000000e+00 
9.9999391e-02 9.4602785e-07 0.0000000e+00 
9.9999659e-02 5.3058307e-07 0.0000000e+00 
9.6010797e-02 -2.4361432e-02 0.0000000e+00 
9.9694058e-02 -3.5966493e-04 0.0000000e+00 
1.2311517e-01 -1.0568255e-02 0.0000000e+00 
1.4476211e-01 -1.2051747e-02 0.0000000e+00 
1.4009510e-01 -9.3774870e-03 0.0000000e+00 
1.4511962e-01 -1.0821018e-02 0.0000000e+00 
9.9148117e-02 -4.9560545e-03 0.0000000e+00 
1.4085427e-01 -2.9364938e-02 0.0000000e+00 
9.9913225e-02 -1.1008957e-04 0.0000000e+00 
9.9999569e-02 2.1523287e-07 0.0000000e+00 
1.4319077e-01 2.0110812e-02 0.0000000e+00 
1.4078203e-01 2.9952846e-02 0.0000000e+00 
9.9975742e-02 -3.3591772e-05 0.0000000e+00 
1.3398169e-01 2.3208858e-02 0.0000000e+00 
1.3209547e-01 1.2144229e-02 0.0000000e+00 
1.2750617e-01 9.2345634e-03 0.0000000e+00 
9.9998146e-02 -3.4421953e-06 0.0000000e+00 
1.3587324e-01 3.0241464e-03 0.0000000e+00 
1.4583689e-01 -4.7458760e-03 0.0000000e+00 
1.3968606e-01 -1.2289109e-03 0.0000000e+00 
1.4228940e-01 3.5761336e-03 0.0000000e+00 
1.2904033e-01 8.5085621e-03 0.0000000e+00 
9.9993795e-02 -1.2590244e-05 0.0000000e+00 
9.8500863e-02 -1.7528473e-03 0.0000000e+00 
9.7695194e-02 -7.1946485e-04 0.0000000e+00 
1.2423742e-01 -1.3847552e-02 0.0000000e+00 
1.2676115e-01 -9.4399648e-03 0.0000000e+00 
9.9809848e-02 -3.2471537e-03 0.0000000e+00 
1.2368697e-01 1.1668330e-02 0.0000000e+00 
9.9999815e-02 2.9661416e-07 0.0000000e+00 
1.3358001e-01 -5.6599784e-03 0.0000000e+00 
9.9999957e-02 8.3364523e-07 0.0000000e+00 
9.9999942e-02 1.4775767e-06 0.0000000e+00 
9.9999502e-02 -1.0777620e-06 0.0000000e+00 
9.9999726e-02 -5.6757256e-07 0.0000000e+00 
1.3234445e-01 3.5207104e-02 0.0000000e+00 
1.3504539e-01 3.8442086e-02 0.0000000e+00 
1.2714086e-01 4.5953177e-02 0.0000000e+00 
9.9999599e-02 -2.5684218e-07 0.0000000e+00 
9.9999860e-02 -3.0269160e-07 0.0000000e+00 
1.3453333e-01 1.1824759e-02 0.0000000e+00 
1.1575927e-01 1.6096115e-02 0.0000000e+00 
9.9854432e-02 1.2153154e-02 0.0000000e+00 
8.5286528e-02 1.7829297e-02 0.0000000e+00 
6.2367752e-02 1.3377304e-02 0.0000000e+00 
5.2522041e-02 1.4788906e-02 0.0000000e+00 
7.4630231e-02 2.0643612e-02 0.0000000e+00 
4.5172300e-02 1.6149910e-02 0.0000000e+00 
1.0096778e-01 -4.3644882e-03 0.0000000e+00 
1.0104322e-01 -6.6182455e-03 0.0000000e+00 
1.0000052e-01 9.9530223e-07 0.0000000e+00 
6.5882683e-02 2.3107339e-02 0.0000000e+00 
3.9600618e-02 1.7921004e-02 0.0000000e+00 
2.1288225e-02 9.5784171e-03 0.0000000e+00 
1.8800320e-02 1.1473591e-02 0.0000000e+00 
9.9999763e-02 -1.3129599e-07 0.0000000e+00 
7.3789664e-02 1.0684581e-02 0.0000000e+00 
1.2357493e-01 7.3468108e-03 0.0000000e+00 
1.3093482e-01 5.4751523e-03 0.0000000e+00 
1.3139521e-01 -8.3037000e-03 0.0000000e+00 
9.9999897e-02 -1.6838327e-07 0.0000000e+00 
1.2801830e-01 -5.5316589e-03 0.0000000e+00 
9.8915875e-02 -6.6449598e-04 0.0000000e+00 
9.8590255e-02 2.3753977e-04 0.0000000e+00 
9.9367760e-02 -1.1829350e-03 0.0000000e+00 
9.6969880e-02 8.9403440e-04 0.0000000e+00 
9.8498970e-02 1.4633305e-03 0.0000000e+00 
9.7506717e-02 2.7412805e-03 0.0000000e+00 
9.8987870e-02 2.5273752e-03 0.0000000e+00 
9.8531187e-02 4.4753356e-03 0.0000000e+00 
9.9933818e-02 3.3114196e-03 0.0000000e+00 
1.0045672e-01 5.0401390e-03 0.0000000e+00 
9.9830218e-02 1.9792123e-03 0.0000000e+00 
6.1830124e-03 4.1390248e-03 0.0000000e+00 
5.6300811e-03 6.0632015e-03 0.0000000e+00 
1.9252058e-02 1.3638537e-02 0.0000000e+00 
-1.3484048e-03 1.1988844e-03 0.0000000e+00 
-7.7403168e-04 1.9285614e-03 0.0000000e+00 
9.9999756e-02 1.2125572e-07 0.0000000e+00 
1.0125556e-01 3.3895336e-03 0.0000000e+00 
1.2421939e-01 -6.2031210e-03 0.0000000e+00 
-3.4849804e-03 6.5686050e-05 0.0000000e+00 
-8.1938459e-04 -1.6511491e-03 0.0000000e+00 
-9.8865596e-04 -1.4981714e-03 0.0000000e+00 
5.5044242e-03 -6.2051080e-03 0.0000000e+00 
7.0770038e-03 -5.0649373e-03 0.0000000e+00 
1.1187921e-01 2.2800112e-02 0.0000000e+00 
1.4435576e-01 9.8518247e-04 0.0000000e+00 
1.2703274e-01 4.3930452e-02 0.0000000e+00 
1.1877681e-01 5.2167717e-02 0.0000000e+00 
1.3121809e-01 -4.1196891e-03 0.0000000e+00 
1.3864431e-01 5.6042564e-03 0.0000000e+00 
1.3831879e-01 4.5818134e-04 0.0000000e+00 
9.9336028e-02 6.2758871e-04 0.0000000e+00 
1.2586097e-01 -3.8541383e-03 0.0000000e+00 
9.8139033e-02 -1.1103158e-02 0.0000000e+00 
9.6930370e-02 -1.5596542e-02 0.0000000e+00 
6.6612117e-02 -1.3686404e-02 0.0000000e+00 
9.8729663e-02 -5.0845616e-03 0.0000000e+00 
2.5912777e-03 5.6788005e-04 0.0000000e+00 
3.8478956e-02 9.8079592e-03 0.0000000e+00 
1.0000011e-01 -7.8044781e-07 0.0000000e+00 
1.0000021e-01 -1.6179727e-06 0.0000000e+00 
9.2568032e-02 2.5128625e-02 0.0000000e+00 
6.9746606e-02 -1.6878581e-02 0.0000000e+00 
3.9995536e-02 -1.1478593e-02 0.0000000e+00 
4.5657694e-02 -1.4715648e-02 0.0000000e+00 
2.1026580e-02 -7.0934221e-03 0.0000000e+00 
2.9048117e-02 -1.2108003e-02 0.0000000e+00 
5.1934469e-02 -1.9547898e-02 0.0000000e+00 
9.9999890e-02 1.5241406e-07 0.0000000e+00 
1.0000001e-01 2.5901943e-07 0.0000000e+00 
8.6342647e-05 7.3249027e-04 0.0000000e+00 
1.0076705e-01 -2.7224100e-03 0.0000000e+00 
1.0009161e-01 -1.9817841e-03 0.0000000e+00 
1.4195988e-01 5.3375373e-03 0.0000000e+00 
1.6494026e-02 -1.1215534e-02 0.0000000e+00 
1.4110534e-01 -2.3373473e-02 0.0000000e+00 
1.3568769e-01 -3.0816788e-02 0.0000000e+00 
1.3509303e-01 -3.8573645e-02 0.0000000e+00 
1.2579004e-01 -4.0517647e-02 0.0000000e+00 
1.2618516e-01 -4.7373082e-02 0.0000000e+00 
1.3082971e-01 -1.9913193e-02 0.0000000e+00 
8.2307398e-02 -2.2603944e-02 0.0000000e+00 
7.4864365e-02 -1.9378927e-02 0.0000000e+00 
7.5449273e-02 -1.0845318e-02 0.0000000e+00 
6.6570573e-02 -1.3271220e-02 0.0000000e+00 
6.4904630e-02 -2.4506764e-02 0.0000000e+00 
5.4219693e-02 -1.6027031e-02 0.0000000e+00 
5.9889980e-02 -4.3432433e-03 0.0000000e+00 
4.5745160e-02 -2.7598159e-03 0.0000000e+00 
5.6327149e-02 7.6236301e-03 0.0000000e+00 
6.7040928e-02 3.5552606e-03 0.0000000e+00 
6.6668086e-02 1.3155017e-02 0.0000000e+00 
5.7945203e-02 2.0986965e-02 0.0000000e+00 
6.9767945e-02 2.2622036e-02 0.0000000e+00 
6.4466089e-02 3.3221260e-02 0.0000000e+00 
7.6091483e-02 3.0532124e-02 0.0000000e+00 
7.5321294e-02 4.1781746e-02 0.0000000e+00 
7.9365581e-02 2.1728853e-02 0.0000000e+00 
4.8764747e-02 3.1819325e-02 0.0000000e+00 
5.2636851e-02 -3.0878892e-02 0.0000000e+00 
6.6881582e-02 -3.7089273e-02 0.0000000e+00 
5.5345412e-02 -4.5777187e-02 0.0000000e+00 
7.3545858e-02 -4.8588939e-02 0.0000000e+00 
8.4998362e-02 3.5619166e-02 0.0000000e+00 
8.7851748e-02 4.5613732e-02 0.0000000e+00 
7.7342048e-02 5.3591955e-02 0.0000000e+00 
9.3592159e-02 5.4862164e-02 0.0000000e+00 
9.9472843e-02 4.5381676e-02 0.0000000e+00 
7.9088897e-02 -3.8229570e-02 0.0000000e+00 
8.7115668e-02 -4.6207905e-02 0.0000000e+00 
8.5277528e-02 -5.6140658e-02 0.0000000e+00 
9.8286808e-02 -5.0467871e-02 0.0000000e+00 
9.9285878e-02 -5.8090642e-02 0.0000000e+00 
1.1010224e-01 -5.0631754e-02 0.0000000e+00 
1.0542755e-01 -4.2739097e-02 0.0000000e+00 
5.7533705e-03 1.3942844e-03 0.0000000e+00 
1.0646556e-01 5.0351705e-02 0.0000000e+00 
4.3408293e-02 4.4239748e-02 0.0000000e+00 
1.0000005e-01 -2.5561084e-07 0.0000000e+00 
1.1519384e-01 -4.1714244e-02 0.0000000e+00 
1.3769594e-01 1.4172814e-02 0.0000000e+00 
1.2891635e-01 -4.0237349e-02 0.0000000e+00 
9.6545927e-02 3.1439427e-02 0.0000000e+00 
1.0232790e-01 5.8369152e-02 0.0000000e+00 
3.1333990e-02 -4.1424539e-02 0.0000000e+00 
5.5768941e-02 -4.2811342e-02 0.0000000e+00 
2.0654451e-02 -5.7706907e-03 0.0000000e+00 
6.0116317e-02 1.8484535e-03 0.0000000e+00 
3.6576022e-03 -7.8356412e-04 0.0000000e+00 
6.6304110e-02 -2.4760555e-02 0.0000000e+00 
-1.6723202e-03 -1.5476092e-03 0.0000000e+00 
1.8527972e-02 2.7483260e-02 0.0000000e+00 
1.0274630e-01 4.9804212e-03 0.0000000e+00 
1.0212968e-01 7.2156307e-03 0.0000000e+00 
1.0471483e-01 6.6722631e-03 0.0000000e+00 
5.4013509e-02 -9.8662998e-04 0.0000000e+00 
8.6089313e-02 -5.1323249e-04 0.0000000e+00 
2.5826391e-02 8.1218779e-03 0.0000000e+00 
3.4291204e-02 2.0330559e-02 0.0000000e+00 
1.0308559e-01 -5.0053936e-03 0.0000000e+00 
1.0388187e-01 -7.8064781e-03 0.0000000e+00 
1.2059341e-01 3.9796084e-03 0.0000000e+00 
1.0473996e-01 3.4944601e-02 0.0000000e+00 
1.3463965e-02 -1.2827329e-02 0.0000000e+00 
1.1907734e-01 -2.0190084e-02 0.0000000e+00 
1.0903084e-01 -4.8105076e-02 0.0000000e+00 
1.0000030e-01 5.7132570e-07 0.0000000e+00 
6.1807249e-02 3.3283651e-02 0.0000000e+00 
1.1995915e-01 9.2682093e-03 0.0000000e+00 
8.0220945e-02 1.6999667e-03 0.0000000e+00 
8.3265834e-02 -4.7799372e-03 0.0000000e+00 
1.3439935e-01 2.8942523e-03 0.0000000e+00 
1.3386475e-01 -1.3670544e-03 0.0000000e+00 
8.5411832e-02 1.5670698e-02 0.0000000e+00 
9.0357646e-02 2.0526497e-02 0.0000000e+00 
1.2537274e-01 1.8436719e-02 0.0000000e+00 
1.3005388e-01 1.1368052e-03 0.0000000e+00 
1.0819858e-01 2.9509382e-03 0.0000000e+00 
1.1287850e-01 4.1793492e-03 0.0000000e+00 
1.0000095e-01 1.7403308e-06 0.0000000e+00 
9.9999949e-02 2.6412633e-06 0.0000000e+00 
1.0819391e-01 -3.0014555e-03 0.0000000e+00 
1.0107688e-01 -1.0565097e-02 0.0000000e+00 
1.0500794e-01 -1.1184570e-02 0.0000000e+00 
1.0723411e-01 -8.3628111e-03 0.0000000e+00 
9.7952545e-02 -7.7643883e-03 0.0000000e+00 
1.0917339e-01 -1.2096315e-02 0.0000000e+00 
1.1142744e-01 -7.9346122e-03 0.0000000e+00 
1.1436378e-01 -1.0678190e-02 0.0000000e+00 
1.2012025e-01 4.0036752e-03 0.0000000e+00 
1.1828814e-01 8.8882633e-03 0.0000000e+00 
1.1472655e-01 4.4718366e-03 0.0000000e+00 
1.1212530e-01 9.6762311e-03 0.0000000e+00 
1.0651451e-01 8.0559691e-03 0.0000000e+00 
1.0662248e-01 1.3310141e-02 0.0000000e+00 
1.0126207e-01 9.9376580e-03 0.0000000e+00 
1.0298007e-01 6.0047745e-03 0.0000000e+00 
9.9662624e-02 6.2230350e-03 0.0000000e+00 
1.0118374e-01 3.9529614e-03 0.0000000e+00 
1.0306885e-01 3.3250153e-03 0.0000000e+00 
1.2443754e-01 -3.3542707e-03 0.0000000e+00 
1.2336936e-01 -8.2017584e-03 0.0000000e+00 
1.1753898e-01 -8.8525824e-03 0.0000000e+00 
1.2165745e-01 -1.4788029e-02 0.0000000e+00 
1.1394522e-01 -1.4324649e-02 0.0000000e+00 
1.1230316e-01 -8.5650897e-03 0.0000000e+00 
1.0823428e-01 -1.2106828e-02 0.0000000e+00 
1.0714523e-01 -1.8557202e-02 0.0000000e+00 
1.0234748e-01 -1.3972359e-02 0.0000000e+00 
9.7691350e-02 -1.9787773e-02 0.0000000e+00 
1.0421826e-01 -9.1218408e-03 0.0000000e+00 
9.9531330e-02 -9.1928961e-03 0.0000000e+00 
1.0188552e-01 -6.0779760e-03 0.0000000e+00 
1.0278089e-01 -2.5630821e-02 0.0000000e+00 
9.8696634e-02 -5.4565058e-03 0.0000000e+00 
1.0062087e-01 -3.6591920e-03 0.0000000e+00 
1.2790345e-01 -5.6683831e-03 0.0000000e+00 
1.2745450e-01 -1.6370480e-03 0.0000000e+00 
1.1519831e-01 -2.1990838e-02 0.0000000e+00 
1.2789939e-01 -1.1176568e-02 0.0000000e+00 
9.4723940e-02 -7.6458696e-03 0.0000000e+00 
1.2276583e-01 -2.0999568e-02 0.0000000e+00 
9.6288696e-02 -3.3539969e-03 0.0000000e+00 
8.5214451e-02 -2.5080418e-02 0.0000000e+00 
8.6526617e-02 -1.6595213e-02 0.0000000e+00 
7.4690968e-02 -1.5818859e-02 0.0000000e+00 
1.0784732e-01 5.1385377e-02 0.0000000e+00 
1.0838288e-01 6.8669100e-03 0.0000000e+00 
1.1302187e-01 8.6734593e-03 0.0000000e+00 
6.0990039e-02 4.5437250e-02 0.0000000e+00 
4.3275557e-02 1.4296371e-02 0.0000000e+00 
1.2538464e-01 -3.3317322e-03 0.0000000e+00 
1.1189754e-01 1.5932621e-02 0.0000000e+00 
1.0510264e-01 2.0388778e-02 0.0000000e+00 
9.9850334e-02 1.5405473e-02 0.0000000e+00 
9.4336666e-02 2.1239191e-02 0.0000000e+00 
1.0504347e-01 9.8023433e-03 0.0000000e+00 
1.0245214e-01 -1.4223139e-03 0.0000000e+00 
9.9857345e-02 1.9112712e-04 0.0000000e+00 
1.0255548e-01 1.4189235e-03 0.0000000e+00 
3.7474331e-02 -1.8085159e-02 0.0000000e+00 
1.0914300e-01 -3.9086766e-03 0.0000000e+00 
2.4585167e-02 8.3292695e-03 0.0000000e+00 
9.9946037e-02 -3.7967996e-04 0.0000000e+00 
1.0581829e-01 -5.3389971e-03 0.0000000e+00 
1.2626952e-01 2.2034294e-03 0.0000000e+00 
8.2121388e-04 -1.4446330e-03 0.0000000e+00 
1.0000131e-01 8.2113161e-07 0.0000000e+00 
8.1801921e-02 -1.2610178e-03 0.0000000e+00 
2.2859661e-02 6.1613582e-03 0.0000000e+00 
5.9668258e-02 1.1155861e-02 0.0000000e+00 
6.4723581e-02 -1.1061174e-02 0.0000000e+00 
9.5701605e-02 -1.3484136e-02 0.0000000e+00 
1.1259770e-01 -3.9220443e-03 0.0000000e+00 
7.9046920e-02 6.0466759e-02 0.0000000e+00 
1.3190371e-02 6.4453995e-03 0.0000000e+00 
1.1814642e-01 -2.6463125e-02 0.0000000e+00 
1.0292167e-01 -1.5003909e-03 0.0000000e+00 
1.0161744e-01 -8.9175394e-04 0.0000000e+00 
1.0072818e-01 -1.1836421e-03 0.0000000e+00 
1.0038672e-01 -6.5938232e-04 0.0000000e+00 
1.0001612e-01 -1.0437107e-03 0.0000000e+00 
9.9966399e-02 -5.8560318e-04 0.0000000e+00 
1.0005226e-01 -1.9860594e-03 0.0000000e+00 
9.9351242e-02 -1.3670684e-03 0.0000000e+00 
1.0137045e-01 -2.1195947e-03 0.0000000e+00 
1.0020613e-01 -3.7086679e-04 0.0000000e+00 
9.9977173e-02 -3.2570970e-04 0.0000000e+00 
1.3106053e-01 1.1836714e-03 0.0000000e+00 
1.0001358e-01 4.6634453e-04 0.0000000e+00 
1.0020316e-01 1.0959127e-03 0.0000000e+00 
9.5865957e-02 -1.0044855e-03 0.0000000e+00 
1.1290127e-01 -1.5605400e-02 0.0000000e+00 
1.1892547e-01 -1.3899831e-02 0.0000000e+00 
1.1816472e-01 -8.4572621e-03 0.0000000e+00 
1.1887684e-01 1.3923644e-02 0.0000000e+00 
7.3903181e-02 7.7241794e-03 0.0000000e+00 
1.3293630e-01 -6.4626588e-03 0.0000000e+00 
1.1298570e-01 -5.4714207e-02 0.0000000e+00 
1.0011056e-01 -2.0632069e-04 0.0000000e+00 
9.9985927e-02 -1.7862402e-04 0.0000000e+00 
1.0006011e-01 -1.1469174e-04 0.0000000e+00 
9.9992894e-02 -9.5854863e-05 0.0000000e+00 
1.0003266e-01 -6.1324252e-05 0.0000000e+00 
1.0005037e-01 -3.8345842e-04 0.0000000e+00 
9.9846095e-02 -1.9725438e-04 0.0000000e+00 
9.9594414e-02 -7.4463966e-04 0.0000000e+00 
1.0004362e-01 -2.6136304e-05 0.0000000e+00 
1.0001624e-01 -3.1468320e-05 0.0000000e+00 
1.0001059e-01 -1.6901125e-05 0.0000000e+00 
9.9997945e-02 -2.5772253e-05 0.0000000e+00 
9.9577092e-02 6.9763679e-03 0.0000000e+00 
2.7387062e-02 1.8159956e-03 0.0000000e+00 
1.3628452e-01 3.0283181e-02 0.0000000e+00 
1.0188471e-01 -3.4229700e-02 0.0000000e+00 
1.1729979e-01 4.4648811e-02 0.0000000e+00 
9.9999964e-02 -6.4384757e-08 0.0000000e+00 
1.0087538e-01 5.0097762e-04 0.0000000e+00 
1.0068958e-01 1.1558746e-03 0.0000000e+00 
1.0038096e-01 6.4335443e-04 0.0000000e+00 
1.0008209e-01 9.9595916e-04 0.0000000e+00 
1.0002413e-01 5.4943154e-04 0.0000000e+00 
1.0017099e-01 1.8031657e-03 0.0000000e+00 
1.0131318e-01 2.1602523e-03 0.0000000e+00 
1.0021197e-01 3.5544363e-04 0.0000000e+00 
1.0002583e-01 2.9957399e-04 0.0000000e+00 
9.9835910e-02 3.7087698e-04 0.0000000e+00 
1.0014771e-01 -8.7521810e-05 0.0000000e+00 
9.9999972e-02 9.6203635e-08 0.0000000e+00 
1.0049168e-01 -2.7963941e-04 0.0000000e+00 
9.9999897e-02 2.0547859e-09 0.0000000e+00 
1.0000178e-01 3.0955450e-06 0.0000000e+00 
1.0000004e-01 4.7543940e-06 0.0000000e+00 
1.0000330e-01 5.5399300e-06 0.0000000e+00 
1.0000025e-01 8.5363836e-06 0.0000000e+00 
9.9996775e-02 5.6871322e-06 0.0000000e+00 
9.9994496e-02 1.0308914e-05 0.0000000e+00 
1.0000075e-01 1.5235117e-05 0.0000000e+00 
9.9990606e-02 1.8797873e-05 0.0000000e+00 
1.0000203e-01 2.7329668e-05 0.0000000e+00 
9.9984221e-02 3.4482826e-05 0.0000000e+00 
1.0000527e-01 4.8969272e-05 0.0000000e+00 
9.9973843e-02 6.3563690e-05 0.0000000e+00 
1.0001218e-01 8.7915076e-05 0.0000000e+00 
9.9956460e-02 1.1518097e-04 0.0000000e+00 
1.0002095e-01 1.6089588e-04 0.0000000e+00 
1.0007109e-01 1.0036959e-04 0.0000000e+00 
9.9957220e-02 3.1231681e-05 0.0000000e+00 
9.9992163e-02 4.6979972e-06 0.0000000e+00 
9.9998124e-02 3.1072586e-06 0.0000000e+00 
2.5306094e-02 7.7857212e-03 0.0000000e+00 
1.0000394e-01 -2.4109822e-06 0.0000000e+00 
1.0000322e-01 -5.6527379e-06 0.0000000e+00 
1.0000143e-01 -2.8502566e-06 0.0000000e+00 
1.0002517e-01 1.3845389e-05 0.0000000e+00 
1.0000779e-01 4.3449199e-06 0.0000000e+00 
1.0000060e-01 -3.7312222e-07 0.0000000e+00 
1.0000217e-01 -1.1926178e-06 0.0000000e+00 
9.9999025e-02 -1.8781712e-06 0.0000000e+00 
1.0000002e-01 -4.6711341e-07 0.0000000e+00 
1.0000012e-01 -1.1844541e-07 0.0000000e+00 
9.9996604e-02 -6.2655763e-06 0.0000000e+00 
1.0000005e-01 -9.3933822e-06 0.0000000e+00 
9.9998921e-02 1.7067351e-06 0.0000000e+00 
9.9999979e-02 4.6674455e-07 0.0000000e+00 
1.0000000e-01 -1.1785025e-07 0.0000000e+00 
9.6604340e-02 4.6536685e-03 0.0000000e+00 
9.5532008e-02 2.4403941e-03 0.0000000e+00 
9.9997528e-02 1.3045594e-06 0.0000000e+00 
1.0000028e-01 1.4126839e-07 0.0000000e+00 
1.0000014e-01 1.7317889e-07 0.0000000e+00 
1.0014857e-01 -9.8439027e-04 0.0000000e+00 
1.0048655e-01 2.7581185e-04 0.0000000e+00 
9.9999346e-02 -3.7493830e-08 0.0000000e+00 
9.9986270e-02 8.7453873e-06 0.0000000e+00 
6.3953295e-02 -5.6092702e-02 0.0000000e+00 
1.1130819e-01 3.5827272e-02 0.0000000e+00 
9.9999622e-02 -1.5532478e-08 0.0000000e+00 
5.5669874e-02 2.4724213e-02 0.0000000e+00 
4.0101059e-02 2.2930112e-02 0.0000000e+00 
-1.2378541e-03 2.5620349e-03 0.0000000e+00 
9.4676204e-02 3.6577292e-02 0.0000000e+00 
9.9924713e-02 5.9175774e-05 0.0000000e+00 
9.8722085e-02 1.2890985e-03 0.0000000e+00 
9.9999852e-02 -5.5610450e-08 0.0000000e+00 
9.9956170e-02 -6.0093789e-05 0.0000000e+00 
1.2353418e-01 3.6775764e-02 0.0000000e+00 
1.3519667e-01 -6.3768178e-03 0.0000000e+00 
9.9523850e-02 -1.0642296e-05 0.0000000e+00 
1.0280678e-01 -3.5364062e-03 0.0000000e+00 
1.1462832e-01 -4.1508139e-03 0.0000000e+00 
9.8933227e-02 -3.0834659e-03 0.0000000e+00 
1.8372167e-02 -1.2025143e-02 0.0000000e+00 
9.7903892e-02 2.3571637e-03 0.0000000e+00 
1.0000018e-01 3.2421821e-07 0.0000000e+00 
7.5118840e-02 -2.8792335e-02 0.0000000e+00 
9.4846897e-02 -9.1968393e-03 0.0000000e+00 
1.1679977e-02 -5.1128943e-03 0.0000000e+00 
1.0000432e-01 2.4686096e-06 0.0000000e+00 
1.2234502e-01 3.1564799e-03 0.0000000e+00 
9.9865705e-02 -1.0259059e-03 0.0000000e+00 
1.0034873e-01 -5.8699783e-04 0.0000000e+00 
9.9860236e-02 1.0113225e-03 0.0000000e+00 
1.0052200e-01 1.9851043e-03 0.0000000e+00 
6.7139477e-02 7.8193741e-03 0.0000000e+00 
1.3429840e-01 -3.2199040e-02 0.0000000e+00 
9.9998146e-02 -4.9596430e-05 0.0000000e+00 
7.6483595e-03 7.3352740e-03 0.0000000e+00 
1.0035167e-01 5.4898125e-04 0.0000000e+00 
1.0931437e-01 1.1555584e-02 0.0000000e+00 
1.0001367e-01 -7.1395884e-06 0.0000000e+00 
1.0000010e-01 8.7845414e-08 0.0000000e+00 
9.9171035e-02 3.7250859e-03 0.0000000e+00 
9.6249752e-02 8.1398394e-03 0.0000000e+00 
1.2298704e-01 1.2504742e-02 0.0000000e+00 
1.1006042e-01 -2.9078363e-02 0.0000000e+00 
9.2606835e-02 -3.1840939e-02 0.0000000e+00 
7.0249371e-02 -4.4373381e-03 0.0000000e+00 
9.3552753e-02 -5.6603171e-02 0.0000000e+00 
5.7232864e-03 -5.5283536e-03 0.0000000e+00 
1.0000005e-01 -5.3065179e-08 0.0000000e+00 
1.1061458e-01 -3.4726135e-02 0.0000000e+00 
9.9999845e-02 4.5111925e-08 0.0000000e+00 
1.4002964e-01 5.9209339e-04 0.0000000e+00 
1.0000591e-01 9.8221544e-06 0.0000000e+00 
1.2414273e-01 1.6757501e-02 0.0000000e+00 
1.0000075e-01 4.6402374e-07 0.0000000e+00 
9.9341422e-02 -2.1811323e-03 0.0000000e+00 
9.3354821e-02 4.8864698e-03 0.0000000e+00 
1.4109695e-01 -3.5887933e-03 0.0000000e+00 
3.5234131e-02 -1.7125847e-02 0.0000000e+00 
1.3025871e-01 -2.0296036e-03 0.0000000e+00 
9.9366993e-02 1.4769653e-03 0.0000000e+00 
1.3499905e-01 -1.2214635e-02 0.0000000e+00 
1.0015861e-01 8.1977072e-05 0.0000000e+00 
7.8838229e-02 -8.2284324e-03 0.0000000e+00 
1.0535446e-01 -5.4612439e-03 0.0000000e+00 
9.9984042e-02 -1.8376009e-05 0.0000000e+00 
8.4295146e-02 -3.0017238e-02 0.0000000e+00 
1.0863822e-01 3.3105115e-04 0.0000000e+00 
1.0001076e-01 1.7381746e-05 0.0000000e+00 
9.7026296e-02 -1.1622623e-02 0.0000000e+00 
5.6974974e-02 5.4288045e-02 0.0000000e+00 
1.1177061e-01 1.0698460e-02 0.0000000e+00 
1.3722326e-01 1.0861035e-02 0.0000000e+00 
6.4950734e-02 -6.9007990e-03 0.0000000e+00 
1.4182089e-01 7.1478006e-03 0.0000000e+00 
1.1443650e-01 2.4958467e-02 0.0000000e+00 
1.4365467e-01 -5.4565920e-03 0.0000000e+00 
1.0313567e-01 2.1224961e-02 0.0000000e+00 
7.6431274e-02 1.5075216e-02 0.0000000e+00 
9.7025886e-02 -3.3685904e-02 0.0000000e+00 
1.0342658e-01 -1.6956983e-02 0.0000000e+00 
1.1574863e-02 4.4679977e-03 0.0000000e+00 
1.0522717e-01 2.1841493e-03 0.0000000e+00 
9.0739220e-02 2.7876576e-02 0.0000000e+00 
8.4894113e-02 2.6380666e-02 0.0000000e+00 
9.1614291e-02 2.7977448e-02 0.0000000e+00 
1.0012727e-01 1.8734507e-04 0.0000000e+00 
5.9642889e-02 -2.4862329e-02 0.0000000e+00 
1.1938578e-01 1.8841928e-02 0.0000000e+00 
1.1372689e-01 1.3289251e-02 0.0000000e+00 
1.2887685e-01 2.8078242e-03 0.0000000e+00 
9.9919707e-02 2.0515150e-04 0.0000000e+00 
1.2436499e-01 -2.5754474e-02 0.0000000e+00 
1.0212728e-01 -3.1627847e-03 0.0000000e+00 
1.2165726e-01 -3.3788567e-03 0.0000000e+00 
8.0268607e-02 2.3368681e-02 0.0000000e+00 
9.9514790e-02 -4.9805484e-04 0.0000000e+00 
1.2658074e-01 5.1515475e-03 0.0000000e+00 
1.0288961e-01 1.4332850e-03 0.0000000e+00 
2.9928660e-02 2.3752421e-02 0.0000000e+00 
9.3579635e-02 -1.2288447e-03 0.0000000e+00 
1.0002010e-01 3.1016480e-05 0.0000000e+00 
1.1011389e-01 1.6349537e-02 0.0000000e+00 
1.3332146e-01 -1.2998092e-02 0.0000000e+00 
7.8278117e-02 -5.9613090e-02 0.0000000e+00 
1.0000618e-01 -9.8722076e-06 0.0000000e+00 
9.9754609e-02 2.0551783e-04 0.0000000e+00 
3.6674008e-02 -1.0003425e-02 0.0000000e+00 
-2.3548301e-04 -5.3365319e-04 0.0000000e+00 
1.2058686e-01 -4.6829913e-02 0.0000000e+00 
1.3087448e-01 3.6161926e-02 0.0000000e+00 
9.6430935e-02 -4.0996041e-02 0.0000000e+00 
1.2832482e-01 -2.6357486e-03 0.0000000e+00 
6.4699717e-02 -1.8659849e-02 0.0000000e+00 
1.2149155e-01 -1.7554829e-02 0.0000000e+00 
1.0891293e-01 4.2833962e-02 0.0000000e+00 
3.4586452e-02 -3.3543810e-02 0.0000000e+00 
1.0000000e-01 1.5356009e-07 0.0000000e+00 
1.0003727e-01 5.4321223e-05 0.0000000e+00 
8.3693355e-02 1.7131465e-02 0.0000000e+00 
9.8235659e-02 9.0812296e-03 0.0000000e+00 
-2.8027704e-03 3.9380652e-04 0.0000000e+00 
5.4939173e-02 -7.9648783e-03 0.0000000e+00 
1.2226167e-01 -9.7438898e-03 0.0000000e+00 
9.9999852e-02 -5.0275098e-06 0.0000000e+00 
2.0754801e-02 1.4684957e-02 0.0000000e+00 
7.7475525e-02 -4.4729039e-03 0.0000000e+00 
9.2107832e-02 -3.8251698e-03 0.0000000e+00 
1.2733163e-01 3.4217248e-03 0.0000000e+00 
1.0140859e-01 1.9875618e-03 0.0000000e+00 
4.1163042e-02 4.2010248e-02 0.0000000e+00 
1.0790122e-01 -7.8791874e-03 0.0000000e+00 
1.0008145e-01 4.0822557e-05 0.0000000e+00 
-3.3035472e-03 -3.1287820e-04 0.0000000e+00 
1.7177634e-02 -1.2917291e-02 0.0000000e+00 
9.8133348e-03 2.6748071e-03 0.0000000e+00 
1.1486606e-01 -7.0177834e-03 0.0000000e+00 
9.9565156e-02 3.6825231e-04 0.0000000e+00 
1.0056466e-01 -1.5714030e-03 0.0000000e+00 
9.8878086e-02 -7.9513516e-04 0.0000000e+00 
7.3658064e-02 8.5963204e-04 0.0000000e+00 
9.6066006e-02 -1.9851856e-02 0.0000000e+00 
9.9999726e-02 -2.8765969e-06 0.0000000e+00 
9.9699944e-02 6.9978321e-04 0.0000000e+00 
1.3771497e-01 1.3524555e-02 0.0000000e+00 
3.3788275e-02 1.8382462e-02 0.0000000e+00 
8.8107482e-02 -3.7234265e-02 0.0000000e+00 
1.3410544e-01 -8.0648140e-04 0.0000000e+00 
1.0620334e-01 2.8595602e-02 0.0000000e+00 
8.3479591e-02 2.8201217e-02 0.0000000e+00 
9.9999763e-02 -7.3021047e-09 0.0000000e+00 
7.2015971e-02 -2.0675605e-02 0.0000000e+00 
1.0007402e-01 -1.7149444e-04 0.0000000e+00 
1.0354725e-01 -3.2207921e-02 0.0000000e+00 
1.0007341e-01 1.5508900e-04 0.0000000e+00 
9.9730529e-02 6.9251447e-04 0.0000000e+00 
1.0298445e-01 1.2502888e-02 0.0000000e+00 
1.0113356e-01 9.7128460e-03 0.0000000e+00 
1.3890243e-01 -4.1946326e-03 0.0000000e+00 
1.0254757e-01 -1.2028006e-02 0.0000000e+00 
9.9999927e-02 -9.1839098e-08 0.0000000e+00 
8.5154012e-02 5.3925470e-02 0.0000000e+00 
8.5617505e-02 2.0759925e-02 0.0000000e+00 
8.8995360e-03 -3.1078502e-03 0.0000000e+00 
1.0000014e-01 3.8522273e-08 0.0000000e+00 
1.3690262e-01 -4.0148841e-03 0.0000000e+00 
1.0000102e-01 -1.3278418e-06 0.0000000e+00 
9.9306025e-02 2.2357223e-03 0.0000000e+00 
1.2803566e-01 -1.6495794e-02 0.0000000e+00 
1.0000002e-01 -2.6661896e-08 0.0000000e+00 
5.3381659e-02 2.7852133e-02 0.0000000e+00 
7.4559346e-02 -2.4736412e-02 0.0000000e+00 
1.0000097e-01 -1.5454749e-05 0.0000000e+00 
1.7481770e-02 -5.5282582e-03 0.0000000e+00 
1.1822204e-01 -2.6315859e-02 0.0000000e+00 
1.1629778e-01 1.0356030e-02 0.0000000e+00 
1.2195754e-01 -8.5367886e-03 0.0000000e+00 
1.1723099e-01 -3.4543611e-02 0.0000000e+00 
9.9567465e-02 1.2735410e-03 0.0000000e+00 
1.1782189e-01 1.4570763e-02 0.0000000e+00 
1.2255643e-01 -3.8028833e-02 0.0000000e+00 
1.3434087e-01 6.7494693e-03 0.0000000e+00 
1.2074871e-01 -6.3954052e-03 0.0000000e+00 
1.9268876e-02 -1.0284311e-02 0.0000000e+00 
1.0309257e-01 3.0006194e-03 0.0000000e+00 
7.9561345e-02 -3.2595199e-02 0.0000000e+00 
9.5659457e-02 2.2069445e-02 0.0000000e+00 
1.1596709e-01 2.3908878e-02 0.0000000e+00 
1.0061526e-01 1.2703264e-03 0.0000000e+00 
9.9300966e-02 -4.5887582e-04 0.0000000e+00 
1.0902128e-01 -5.7865884e-03 0.0000000e+00 
1.0132474e-01 -1.9649337e-03 0.0000000e+00 
1.0029481e-01 2.8315024e-03 0.0000000e+00 
1.0000053e-01 -8.3157926e-07 0.0000000e+00 
8.1054054e-02 -9.2120152e-03 0.0000000e+00 
6.0056117e-03 -8.7187317e-04 0.0000000e+00 
1.2802261e-01 -3.3554897e-02 0.0000000e+00 
1.0547975e-01 4.8421496e-03 0.0000000e+00 
1.1787627e-01 -1.5774222e-02 0.0000000e+00 
1.3247715e-01 3.2140000e-03 0.0000000e+00 
9.7836651e-02 1.1811581e-02 0.0000000e+00 
9.9658102e-02 2.5103197e-02 0.0000000e+00 
9.9196047e-02 -1.9435410e-03 0.0000000e+00 
1.4166658e-01 1.1901327e-02 0.0000000e+00 
1.2002131e-01 6.0309912e-03 0.0000000e+00 
1.1310550e-01 2.0989696e-02 0.0000000e+00 
8.8632919e-02 -2.4935741e-02 0.0000000e+00 
1.1307656e-01 3.7390839e-03 0.0000000e+00 
9.5743217e-02 7.0869438e-03 0.0000000e+00 
9.9692598e-02 -7.3440472e-04 0.0000000e+00 
8.9617170e-02 -1.1064749e-02 0.0000000e+00 
1.0541638e-01 4.2653237e-03 0.0000000e+00 
1.0000005e-01 1.5678287e-07 0.0000000e+00 
1.0307834e-01 -1.3579039e-02 0.0000000e+00 
1.0589211e-01 -1.4136333e-02 0.0000000e+00 
1.3106693e-01 1.9893389e-02 0.0000000e+00 
9.4884083e-02 6.4066792e-04 0.0000000e+00 
1.1629643e-01 6.8811798e-03 0.0000000e+00 
9.7384743e-02 6.2061986e-03 0.0000000e+00 
1.0000025e-01 -4.4083427e-07 0.0000000e+00 
1.3013391e-01 -1.3797230e-03 0.0000000e+00 
3.7912823e-02 1.5893882e-02 0.0000000e+00 
1.4169644e-01 7.3430645e-03 0.0000000e+00 
2.9979944e-02 -1.8876698e-02 0.0000000e+00 
3.3695236e-02 -8.6052418e-03 0.0000000e+00 
1.2681359e-01 -1.5036693e-03 0.0000000e+00 
1.4124030e-01 -1.4979965e-02 0.0000000e+00 
PRESSURE 1 945  float
3.0991004e+00
0.0000000e+00
0.0000000e+00
3.0988519e+00
-3.7543430e+00
-3.9504900e+00
-4.5205951e+00
-5.3187461e+00
-6.1345468e+00
-6.9544029e+00
-7.6291466e+00
-7.9037967e+00
-7.6362495e+00
-6.4219136e+00
-4.4360447e+00
-1.6268603e+00
1.5466421e+00
4.5823059e+00
7.1115637e+00
8.9015350e+00
9.4455309e+00
8.8953886e+00
7.2204137e+00
4.6204090e+00
1.4972305e+00
-1.6292919e+00
-4.3490176e+00
-6.4373446e+00
-7.5399551e+00
-7.9958234e+00
-7.6255465e+00
-6.9215384e+00
-6.1485534e+00
-5.3526421e+00
-4.4940777e+00
-3.9278235e+00
3.0941641e+00
3.0366640e+00
2.9263380e+00
2.7350373e+00
2.4089580e+00
1.9891400e+00
1.4330354e+00
8.2047200e-01
2.1111159e-01
-3.1980103e-01
-5.9823740e-01
-6.9763607e-01
-6.3038385e-01
-4.7205061e-01
-2.8940836e-01
-1.7540564e-01
-8.8872895e-02
-5.2586965e-02
-2.7046572e-02
-1.3755088e-02
-7.0572156e-03
-3.3478756e-03
-1.9528198e-03
-6.1012892e-04
-3.8708709e-04
-1.3672313e-04
-5.5313576e-05
-9.0165704e-06
5.7835409e-06
1.2619695e-05
1.1822623e-05
9.8070923e-06
6.9659554e-06
4.4806138e-06
1.7598998e-06
0.0000000e+00
0.0000000e+00
0.0000000e+00
0.0000000e+00
0.0000000e+00
0.0000000e+00
0.0000000e+00
0.0000000e+00
0.0000000e+00
-2.5300010e-06
-5.8651221e-06
-8.9562991e-06
-1.3888677e-05
-2.1500155e-05
-2.9502045e-05
-6.4680156e-05
-9.6159223e-05
-1.5094440e-04
-2.8241193e-04
-5.8664207e-04
-1.1133035e-03
-2.0810994e-03
-3.9682593e-03
-7.5753410e-03
-1.4542287e-02
-2.8214624e-02
-5.3682499e-02
-9.3811885e-02
-1.8178712e-01
-2.9090491e-01
-4.7021407e-01
-6.2399703e-01
-7.0720267e-01
-5.8468497e-01
-2.9364282e-01
2.1186537e-01
8.2112044e-01
1.4339197e+00
1.9863485e+00
2.4193923e+00
2.7353251e+00
2.9335978e+00
3.0394206e+00
3.0951066e+00
3.1174216e+00
3.1630459e+00
3.2171984e+00
3.2695806e+00
3.2888672e+00
3.2708251e+00
3.2202783e+00
3.1633508e+00
3.1176281e+00
8.6878729e+00
-1.1902195e-01
-2.2709340e-01
-4.1468497e-03
-8.2264356e-05
-2.5919371e-05
2.6732788e+00
-3.4233358e-02
2.6430347e+00
3.2871289e+00
-1.2728543e-03
-1.7350670e-02
8.3392360e-06
-1.1570038e-04
-5.7797509e-01
9.3213458e-07
-7.1717846e-01
1.1051201e+00
1.1268277e+00
-5.7975739e-01
7.3412357e-06
-5.5702370e-01
3.2439628e+00
-9.9771000e-07
-4.6909458e-04
-3.5343165e-04
-4.7477330e-03
-1.0418409e-05
3.1914032e+00
3.0135221e+00
1.1999057e-06
3.0190077e+00
-2.2686268e-06
3.1918280e-06
3.1355405e+00
-7.4907982e-01
-9.6474332e-01
-7.9937851e-01
-1.1365868e+00
-1.3457590e+00
-1.6827562e+00
-1.2955117e+00
-2.0430570e+00
-1.3809708e+00
-2.1819370e+00
-1.3350402e+00
-1.8635805e+00
-1.0630398e+00
-1.4292208e+00
-6.9694287e-01
-9.3654507e-01
-2.9354605e-01
-4.9130884e-01
-1.7881304e-02
2.6555793e-02
1.4188457e-01
-2.1814059e-01
1.0648716e-01
1.9052985e-01
-5.4991150e+00
-4.2142916e+00
1.3519998e-01
1.6065079e-01
-1.9130995e+00
-6.9486743e-01
9.3305603e-02
7.5144045e-02
-7.8201270e-01
-6.6343069e-01
-3.8410625e+00
6.3193284e-02
6.2073674e-02
4.2688858e-02
2.6935941e-02
2.1708045e-02
1.6715270e-02
1.2808991e-02
-1.4672046e+00
-1.2671301e+00
-6.9443029e-01
-2.0965617e+00
-1.8727735e+00
-2.6482718e+00
-2.2962441e+00
-3.1574116e+00
-2.5009694e+00
-3.2415230e+00
-1.7562245e+00
-2.4865437e+00
-3.0540428e+00
-6.0769172e+00
-4.8191323e+00
7.7937185e-03
6.5806783e-03
5.5389646e-03
4.0044170e-03
-2.2663176e+00
-2.6653190e+00
1.0455594e-01
2.2300151e-03
1.9285469e-03
1.2660902e-03
1.0253629e-03
-2.7492936e+00
5.8727479e-04
4.9998314e-04
2.7682254e-04
2.2543508e-04
-1.5157892e+00
7.4879994e-05
1.1913304e-04
7.4419811e-05
6.3420550e-05
1.2038295e-05
2.6276653e-05
-3.6749549e+00
-2.9662488e+00
-7.3198195e+00
2.5172107e-02
5.5869594e-02
-2.4710333e+00
7.0171803e-02
1.9361019e-06
1.1003639e-05
-8.2915676e-07
4.1705416e-06
1.2204340e-05
6.1772812e-06
4.8035836e-05
-9.5728540e-01
-1.9225633e+00
-2.2903662e-06
3.1438962e-04
-1.8231000e+00
2.2093016e-03
1.3607654e-02
-3.9495702e+00
-3.0676332e+00
-2.2790253e+00
-2.1596503e+00
-3.0831571e+00
-1.8182957e+00
-1.7157729e-01
-2.4415469e+00
-1.2421423e+00
-5.1817489e+00
-9.3083686e-01
-3.3158231e-01
-4.6128866e-01
3.7125331e-01
6.0726130e-01
1.1399451e+00
1.5738398e+00
5.3688354e+00
1.8485755e+00
2.4032865e+00
2.4467096e+00
2.9746618e+00
2.8820133e+00
3.4046392e+00
3.1516740e+00
3.5525310e+00
3.9415469e+00
3.9185710e+00
4.3408613e+00
4.1630282e+00
4.5571771e+00
4.2350101e+00
4.5438309e+00
4.1578479e+00
4.3260493e+00
3.9705665e+00
3.6013672e+00
3.9858122e+00
4.4262657e+00
3.8940799e+00
4.1721091e+00
7.5360188e+00
3.5945220e+00
3.5876100e+00
3.9304113e+00
3.7261229e+00
3.0954514e+00
2.9119813e+00
2.8055630e+00
2.4932017e+00
2.1130011e+00
-6.4821692e+00
-2.8078449e+00
3.1393144e+00
3.0556498e+00
4.8011169e+00
2.4574432e+00
4.9056549e+00
1.8363372e+00
1.2063992e+00
2.2074540e+00
3.4593871e+00
3.7209568e+00
3.5073247e+00
3.5300980e+00
3.3775082e+00
-2.3105867e-01
-6.9465077e-01
1.1859670e+00
4.7686699e-01
2.8188488e-01
-4.8852554e-01
-2.5680097e-02
-8.6157376e-01
-1.6135318e+00
-7.2722526e+00
-3.7152088e-01
-1.7368017e+00
-2.8994560e+00
1.4384094e+00
1.0530734e+00
-2.9238966e+00
1.1266719e-05
6.6915582e-06
-3.8501811e+00
5.9258942e-03
-4.5728645e+00
-2.5568419e+00
-1.7548834e+00
-3.7082675e+00
3.2760899e+00
-2.6912951e+00
1.0507785e-03
3.1850918e-06
-3.8013020e+00
-3.1119592e+00
2.1211832e-04
-4.7151046e+00
-5.0659313e+00
-1.5172619e-01
-2.3925018e-06
-1.4638081e+00
-3.1866665e+00
-4.2560239e+00
-3.5875151e+00
-4.4451246e+00
9.2123184e-05
3.3952889e+00
3.4870558e+00
3.0293289e-01
-3.0886859e-02
3.2118599e+00
3.6044669e-01
4.1932640e-06
-4.8666964e+00
1.0083683e-05
1.4420246e-05
-5.9464232e-06
-8.3024379e-06
-3.9079266e+00
-2.2490778e+00
-2.5478718e+00
-3.8679182e-06
-5.7809134e-06
-3.7321477e+00
-4.3678112e+00
-5.2033787e+00
-4.7411337e+00
-5.4105334e+00
-4.8390427e+00
-4.3215079e+00
-4.2974267e+00
3.0700529e+00
3.0646651e+00
1.0734582e-05
-3.8253546e+00
-3.7294030e+00
-4.1083145e+00
-3.5365963e+00
-1.9226566e-06
-5.8072829e+00
3.5045150e-01
-6.4107424e-01
-6.5039003e-01
-3.4411264e-06
-2.8168327e-01
3.3748665e+00
3.4086099e+00
3.3101013e+00
3.5528626e+00
3.4025431e+00
3.4808397e+00
3.3301415e+00
3.3549619e+00
3.2021139e+00
3.1308162e+00
3.2240241e+00
-3.8256643e+00
-3.2833569e+00
-2.9352343e+00
-3.5594223e+00
-3.1041868e+00
1.7605295e-06
3.0353541e+00
2.6163933e-01
-3.4291563e+00
-3.0677447e+00
-3.5130355e+00
-3.1594782e+00
-3.6753767e+00
-5.6474767e+00
-2.7334592e+00
-1.0400788e+00
-8.1903785e-01
-7.3733777e-01
-1.6010187e+00
-1.6557628e+00
3.3310151e+00
-4.9664454e+00
-5.3605356e+00
-4.9067516e+00
-5.4085588e+00
-5.9540925e+00
-2.5954418e+00
-6.0224276e+00
-1.1874387e-05
-1.1271100e-05
-3.7553506e+00
-4.8230867e+00
-5.0963392e+00
-4.5501251e+00
-4.6623230e+00
-4.1801214e+00
-3.9904883e+00
2.0314803e-06
4.2312549e-06
-3.9690454e+00
3.0886967e+00
3.1830566e+00
-4.1671944e+00
-2.1135623e+00
-3.8407581e+00
-3.9855335e+00
-2.3995442e+00
-3.6742060e+00
-1.7898114e+00
-4.9879408e+00
4.6176167e+00
5.2979822e+00
5.3993649e+00
5.9932714e+00
5.8834839e+00
6.7118788e+00
6.4895515e+00
7.2897453e+00
6.7012849e+00
6.0481324e+00
6.0206275e+00
6.4401970e+00
5.6252298e+00
5.6795087e+00
4.9162364e+00
4.5615692e+00
4.8738022e+00
6.6062479e+00
6.4275398e+00
5.3520060e+00
5.5242858e+00
4.2922282e+00
4.0534153e+00
3.3602571e+00
3.5790057e+00
2.1601539e+00
2.2971754e+00
4.4182501e+00
3.3986065e+00
2.7003639e+00
2.0971329e+00
8.7251103e-01
7.5957882e-01
1.8172641e+00
-4.3512926e+00
-2.7212002e+00
2.6671884e+00
-7.5548478e-06
7.4984300e-01
-2.3684707e+00
-1.0718910e+00
-2.6076543e+00
1.9823967e-02
5.5809946e+00
-1.6961208e-01
-6.9090672e+00
-7.2442198e+00
-5.3804712e+00
-5.0061679e+00
-3.8708200e+00
7.4798203e+00
2.8703055e+00
2.9496939e+00
2.6522927e+00
-7.2303109e+00
-6.6699843e+00
-1.1772921e+00
-1.6898402e+00
2.8421109e+00
2.7623217e+00
-5.1850958e+00
2.1971388e+00
8.5058784e+00
-3.8198874e+00
-3.0714498e+00
8.1874996e-06
-2.9253743e+00
8.5245544e-01
5.0434923e+00
4.7777224e+00
-1.1435976e+00
-1.2420344e+00
4.4879589e+00
3.9764628e+00
-3.6873164e+00
-8.6261475e-01
2.2832127e+00
1.7226678e+00
1.2399779e-05
2.0128784e-05
2.2855644e+00
3.0348623e+00
2.5939329e+00
2.3704929e+00
3.3890207e+00
2.1223938e+00
1.9009185e+00
1.5243977e+00
-5.9706217e-01
-5.8712626e-01
-4.0626168e-01
-3.6958626e-01
-1.6985953e-01
-2.7834436e-01
-6.5780424e-02
-8.4537663e-02
-1.5547849e-02
-3.4159388e-02
-8.3456896e-02
-7.2743988e-01
-7.9588324e-01
-5.4546797e-01
-8.6298960e-01
-5.0986695e-01
-3.7237439e-01
-2.8835234e-01
-3.5722098e-01
-1.4875203e-01
-1.8879691e-01
-1.2160463e-01
-1.2284418e-02
-6.2168356e-02
-5.4615897e-01
1.0589023e-02
-2.3226038e-02
-9.3961537e-01
-7.6197588e-01
-8.0224550e-01
-1.1396233e+00
9.0248868e-02
-1.1452284e+00
6.7680381e-02
-2.7274457e-01
1.6704582e-02
1.3491469e-02
9.8563355e-01
2.2412431e+00
1.7136669e+00
5.2571330e+00
7.3261499e+00
1.5514017e-02
-4.6000257e-01
-3.4583026e-01
-1.3168709e-01
-1.7818020e-01
2.6205275e+00
2.8911357e+00
3.2878873e+00
2.8761914e+00
7.5133433e+00
-2.3249322e-01
-4.6985164e+00
3.2456505e+00
2.5383527e+00
-1.3746566e-01
-4.7755079e+00
1.0412781e-05
-6.6972013e+00
-6.8650460e+00
-6.6445923e+00
-5.9855537e+00
-1.7301559e-02
1.7717496e+00
1.6206599e+00
-1.9182508e+00
-5.2944722e+00
-6.4914323e-02
-3.5118721e-02
-1.4692477e-02
-6.9554169e-03
-2.1956749e-03
4.2715500e-04
-3.3489254e-05
1.3023906e-02
-3.0662240e-02
-4.0317364e-03
2.6565019e-04
-8.4201628e-01
3.1883192e+00
3.1464484e+00
3.6616304e+00
1.6862533e+00
9.6933442e-01
1.0628458e+00
9.6543998e-01
5.5350575e+00
-1.3332757e+00
-8.6932147e-01
-1.8300012e-03
2.7806594e-04
-1.0319381e-03
5.4619519e-05
-5.2564539e-04
3.1354716e+00
1.7954276e-03
8.0816997e-03
-6.8883720e-04
-3.0568786e-04
-1.5182229e-04
-2.2122646e-05
3.2284935e+00
8.1252785e+00
-1.5602186e+00
2.4751530e+00
3.0720758e-01
-1.0068800e-06
-1.6223434e-02
-1.3982900e-02
-7.2164061e-03
-1.4865177e-03
-1.0474414e-04
-2.2427579e-03
-3.1884365e-02
-3.5220622e-03
-3.8485137e-05
3.5344197e-03
-2.4620506e-03
9.1790076e-07
-9.1869719e-03
1.9819515e-07
1.1776018e-05
2.7344546e-05
4.6029954e-06
3.9797691e-05
5.3194060e-05
9.0870213e-05
5.1959942e-05
1.5925750e-04
5.9321941e-05
2.7223505e-04
2.0495703e-05
4.6108110e-04
-7.5661665e-05
8.3792396e-04
-2.1443456e-04
-9.8987145e-04
6.1881886e-04
8.2948762e-05
3.2475109e-05
-5.3737435e+00
-7.4485797e-05
-7.5028613e-05
-3.7875907e-05
-2.0238182e-04
-2.3773087e-05
-1.8037554e-05
-3.9775583e-05
-1.0455414e-05
-8.0664222e-06
-7.2749558e-06
1.4369486e-07
-7.6443212e-05
1.9051657e-05
6.8268500e-06
-3.4628265e-06
3.5705323e+00
3.6887045e+00
2.3620343e-05
5.3242820e-06
4.0480240e-06
3.1506071e+00
-8.4391944e-03
1.3106726e-06
1.6429569e-04
3.7675948e+00
-4.5482450e+00
-1.8109482e-07
-3.2255924e+00
-2.5682464e+00
-4.2004833e+00
3.1484818e+00
1.1626401e-03
2.5677891e-02
-1.1850266e-06
4.3948201e-04
-8.4786154e-02
-1.1652294e+00
3.3297608e+00
-6.9892317e-02
-3.9976701e-01
2.2661902e-02
-3.3274455e+00
3.8234383e-02
5.7955294e-06
5.0518889e+00
3.6977520e+00
-4.1846366e+00
-9.5755342e-07
4.8288739e-01
3.2339032e+00
3.0846286e+00
3.2318113e+00
3.1124947e+00
-6.5200663e+00
-1.3843712e+00
-2.9340123e-05
-2.6586912e+00
3.0837009e+00
2.1144645e+00
-1.8449503e-04
1.5214774e-06
1.3788584e-02
4.9503900e-02
-8.6273968e-01
-1.0371318e+00
-8.8430965e-01
5.7830701e+00
-9.8287159e-01
-2.6315122e+00
-3.6284221e-06
1.5560764e+00
1.8252993e-07
-1.8679729e+00
-1.2964704e-05
3.1599081e-01
9.7223528e-06
3.2857139e+00
3.8933473e+00
-2.1612575e+00
-3.6186357e+00
-9.4400853e-01
3.3014457e+00
-1.0754033e+00
-2.1405311e-03
1.3086516e-01
-1.4750925e-01
8.7837456e-05
4.2988710e+00
-5.8691516e+00
-6.8433255e-05
3.4633336e+00
4.1596971e+00
-5.9636035e+00
-1.3402457e+00
9.3303859e-02
-2.5071623e+00
-9.4048411e-01
-2.3177142e+00
-4.1451268e+00
5.2508016e+00
-1.5035027e+00
2.7302141e+00
-6.1392865e+00
-1.1467858e-01
-5.3180259e-01
4.3483815e+00
3.7168276e+00
-1.9038162e-03
-3.3678977e+00
8.6028290e-01
1.5906384e+00
-4.6765515e-01
1.6433431e-03
-1.8968232e+00
2.9308028e+00
5.8326268e-01
-2.2543246e-01
3.3116994e+00
-7.2023779e-02
-6.1858587e-02
7.6462369e+00
3.8659542e+00
-1.8066597e-04
1.9842426e+00
-1.6161325e+00
1.4143301e+00
-1.2147105e-04
4.2092931e-03
-5.6852098e+00
-3.9323320e+00
-3.4584746e-01
-1.0895973e+00
2.8360231e+00
-4.4039658e-01
-2.3673831e-01
6.2234622e-01
1.4160821e+00
6.9692774e+00
3.3666070e-06
-4.3815409e-04
-3.0827022e-03
3.3484306e+00
-3.6700575e+00
-6.6404905e+00
5.5329853e-01
-2.1606167e-05
-2.3356462e+00
5.2610226e+00
1.1225295e-01
-5.1792269e+00
2.9999425e+00
6.2381659e+00
-2.1976966e-01
-9.3458925e-04
-3.7009003e+00
-2.7741096e+00
-4.9088755e+00
1.4862812e+00
7.5458274e-03
3.0920150e+00
2.2264594e-02
5.5345521e+00
-4.3965502e+00
-2.3147679e-05
3.2822118e+00
-3.0630357e+00
-3.2155008e+00
3.7008214e+00
-1.1956774e+00
-3.0311234e+00
-3.3111212e+00
-3.1139763e-07
-4.2807870e+00
3.1069522e+00
-4.9237490e+00
3.1062427e+00
5.5938647e-03
2.8289340e+00
3.0371981e+00
-1.6582448e+00
-6.2681041e+00
-2.2525996e-06
-1.0018349e+00
4.4586987e+00
-2.1230640e+00
1.2981802e-06
-1.6196206e+00
-3.3201410e-05
1.7278243e-02
-1.3266138e+00
-1.8895971e-06
-1.8119593e+00
-3.7336338e+00
-1.0876532e-04
-5.2073998e+00
-1.2856791e+00
1.3018565e+00
-5.5915384e+00
7.6746756e-01
1.1334639e-02
-6.8353844e-01
-1.1318375e-02
-1.0501244e+00
7.2315848e-01
-3.8123593e+00
2.8311808e+00
-1.2295334e+00
3.4037611e+00
-3.4333425e+00
3.0766754e+00
1.0999930e-02
2.1759474e+00
3.0074632e+00
-6.1594965e-03
-2.5788078e-05
4.9443007e+00
-4.6001363e+00
-5.1480925e-01
-1.5041636e-01
-4.2951093e+00
-1.1616260e+00
-5.8548839e-04
-4.0282887e-01
1.8941866e-02
-4.2200966e+00
8.2531911e-01
-6.4886236e-01
4.0519495e+00
-5.8358688e+00
-5.8518562e+00
3.2788370e+00
8.6998887e-02
2.5775506e+00
2.0098357e-06
2.8178203e+00
2.4978473e+00
-2.9377384e+00
3.7437627e+00
1.3040191e+00
3.4547539e+00
-1.1971477e-05
-7.5121939e-01
-1.0454670e+00
-3.1367273e+00
-2.2672212e+00
-6.2498469e+00
-2.5688297e-01
-4.2662287e+00
CELL_DATA 1766
FIELD FieldData 0
