# vtk DataFile Version 4.0
vtk output
ASCII
DATASET UNSTRUCTURED_GRID
POINTS 945 float
0.0000000e+00 0.0000000e+00 0.0000000e+00 
2.0000000e+00 0.0000000e+00 0.0000000e+00 
2.0000000e+00 6.0000002e-01 0.0000000e+00 
0.0000000e+00 6.0000002e-01 0.0000000e+00 
5.6000000e-01 3.0000001e-01 0.0000000e+00 
5.5884713e-01 2.8829461e-01 0.0000000e+00 
5.5543280e-01 2.7703899e-01 0.0000000e+00 
5.4988819e-01 2.6666579e-01 0.0000000e+00 
5.4242641e-01 2.5757360e-01 0.0000000e+00 
5.3333420e-01 2.5011179e-01 0.0000000e+00 
5.2296102e-01 2.4456720e-01 0.0000000e+00 
5.1170540e-01 2.4115290e-01 0.0000000e+00 
5.0000000e-01 2.3999999e-01 0.0000000e+00 
4.8829460e-01 2.4115290e-01 0.0000000e+00 
4.7703901e-01 2.4456720e-01 0.0000000e+00 
4.6666580e-01 2.5011179e-01 0.0000000e+00 
4.5757359e-01 2.5757360e-01 0.0000000e+00 
4.5011181e-01 2.6666579e-01 0.0000000e+00 
4.4456720e-01 2.7703899e-01 0.0000000e+00 
4.4115290e-01 2.8829461e-01 0.0000000e+00 
4.4000000e-01 3.0000001e-01 0.0000000e+00 
4.4115290e-01 3.1170541e-01 0.0000000e+00 
4.4456720e-01 3.2296100e-01 0.0000000e+00 
4.5011181e-01 3.3333421e-01 0.0000000e+00 
4.5757359e-01 3.4242639e-01 0.0000000e+00 
4.6666580e-01 3.4988821e-01 0.0000000e+00 
4.7703901e-01 3.5543281e-01 0.0000000e+00 
4.8829460e-01 3.5884711e-01 0.0000000e+00 
5.0000000e-01 3.6000001e-01 0.0000000e+00 
5.1170540e-01 3.5884711e-01 0.0000000e+00 
5.2296102e-01 3.5543281e-01 0.0000000e+00 
5.3333420e-01 3.4988821e-01 0.0000000e+00 
5.4242641e-01 3.4242639e-01 0.0000000e+00 
5.4988819e-01 3.3333421e-01 0.0000000e+00 
5.5543280e-01 3.2296100e-01 0.0000000e+00 
5.5884713e-01 3.1170541e-01 0.0000000e+00 
5.9016321e-02 0.0000000e+00 0.0000000e+00 
1.1803260e-01 0.0000000e+00 0.0000000e+00 
1.7704900e-01 0.0000000e+00 0.0000000e+00 
2.3587100e-01 0.0000000e+00 0.0000000e+00 
2.9085249e-01 0.0000000e+00 0.0000000e+00 
3.4144861e-01 0.0000000e+00 0.0000000e+00 
3.8872591e-01 0.0000000e+00 0.0000000e+00 
4.3368599e-01 0.0000000e+00 0.0000000e+00 
4.7725680e-01 0.0000000e+00 0.0000000e+00 
5.2034539e-01 0.0000000e+00 0.0000000e+00 
5.6386721e-01 0.0000000e+00 0.0000000e+00 
6.0872579e-01 0.0000000e+00 0.0000000e+00 
6.5584701e-01 0.0000000e+00 0.0000000e+00 
7.0623368e-01 0.0000000e+00 0.0000000e+00 
7.6094180e-01 0.0000000e+00 0.0000000e+00 
8.1967372e-01 0.0000000e+00 0.0000000e+00 
8.7868989e-01 0.0000000e+00 0.0000000e+00 
9.3770629e-01 0.0000000e+00 0.0000000e+00 
9.9672258e-01 0.0000000e+00 0.0000000e+00 
1.0557390e+00 0.0000000e+00 0.0000000e+00 
1.1147550e+00 0.0000000e+00 0.0000000e+00 
1.1737720e+00 0.0000000e+00 0.0000000e+00 
1.2327880e+00 0.0000000e+00 0.0000000e+00 
1.2918040e+00 0.0000000e+00 0.0000000e+00 
1.3508210e+00 0.0000000e+00 0.0000000e+00 
1.4098370e+00 0.0000000e+00 0.0000000e+00 
1.4688530e+00 0.0000000e+00 0.0000000e+00 
1.5278690e+00 0.0000000e+00 0.0000000e+00 
1.5868860e+00 0.0000000e+00 0.0000000e+00 
1.6459020e+00 0.0000000e+00 0.0000000e+00 
1.7049180e+00 0.0000000e+00 0.0000000e+00 
1.7639350e+00 0.0000000e+00 0.0000000e+00 
1.8229510e+00 0.0000000e+00 0.0000000e+00 
1.8819669e+00 0.0000000e+00 0.0000000e+00 
1.9409840e+00 0.0000000e+00 0.0000000e+00 
2.0000000e+00 5.9999999e-02 0.0000000e+00 
2.0000000e+00 1.2000000e-01 0.0000000e+00 
2.0000000e+00 1.8000001e-01 0.0000000e+00 
2.0000000e+00 2.3999999e-01 0.0000000e+00 
2.0000000e+00 3.0000001e-01 0.0000000e+00 
2.0000000e+00 3.6000001e-01 0.0000000e+00 
2.0000000e+00 4.1999999e-01 0.0000000e+00 
2.0000000e+00 4.7999999e-01 0.0000000e+00 
2.0000000e+00 5.4000002e-01 0.0000000e+00 
1.9409840e+00 6.0000002e-01 0.0000000e+00 
1.8819669e+00 6.0000002e-01 0.0000000e+00 
1.8229510e+00 6.0000002e-01 0.0000000e+00 
1.7639350e+00 6.0000002e-01 0.0000000e+00 
1.7049180e+00 6.0000002e-01 0.0000000e+00 
1.6459020e+00 6.0000002e-01 0.0000000e+00 
1.5868860e+00 6.0000002e-01 0.0000000e+00 
1.5278690e+00 6.0000002e-01 0.0000000e+00 
1.4688530e+00 6.0000002e-01 0.0000000e+00 
1.4098370e+00 6.0000002e-01 0.0000000e+00 
1.3508210e+00 6.0000002e-01 0.0000000e+00 
1.2918040e+00 6.0000002e-01 0.0000000e+00 
1.2327880e+00 6.0000002e-01 0.0000000e+00 
1.1737720e+00 6.0000002e-01 0.0000000e+00 
1.1147550e+00 6.0000002e-01 0.0000000e+00 
1.0557390e+00 6.0000002e-01 0.0000000e+00 
9.9672258e-01 6.0000002e-01 0.0000000e+00 
9.3770629e-01 6.0000002e-01 0.0000000e+00 
8.7868989e-01 6.0000002e-01 0.0000000e+00 
8.1967372e-01 6.0000002e-01 0.0000000e+00 
7.6094180e-01 6.0000002e-01 0.0000000e+00 
7.0623368e-01 6.0000002e-01 0.0000000e+00 
6.5584701e-01 6.0000002e-01 0.0000000e+00 
6.0872579e-01 6.0000002e-01 0.0000000e+00 
5.6386721e-01 6.0000002e-01 0.0000000e+00 
5.2034539e-01 6.0000002e-01 0.0000000e+00 
4.7725680e-01 6.0000002e-01 0.0000000e+00 
4.3368599e-01 6.0000002e-01 0.0000000e+00 
3.8872591e-01 6.0000002e-01 0.0000000e+00 
3.4144861e-01 6.0000002e-01 0.0000000e+00 
2.9085249e-01 6.0000002e-01 0.0000000e+00 
2.3587100e-01 6.0000002e-01 0.0000000e+00 
1.7704900e-01 6.0000002e-01 0.0000000e+00 
1.1803260e-01 6.0000002e-01 0.0000000e+00 
5.9016321e-02 6.0000002e-01 0.0000000e+00 
0.0000000e+00 5.4000002e-01 0.0000000e+00 
0.0000000e+00 4.7999999e-01 0.0000000e+00 
0.0000000e+00 4.1999999e-01 0.0000000e+00 
0.0000000e+00 3.6000001e-01 0.0000000e+00 
0.0000000e+00 3.0000001e-01 0.0000000e+00 
0.0000000e+00 2.3999999e-01 0.0000000e+00 
0.0000000e+00 1.8000001e-01 0.0000000e+00 
0.0000000e+00 1.2000000e-01 0.0000000e+00 
0.0000000e+00 5.9999999e-02 0.0000000e+00 
4.3026751e-01 3.0683401e-01 0.0000000e+00 
8.4908241e-01 5.5269438e-01 0.0000000e+00 
7.8790653e-01 5.1802918e-02 0.0000000e+00 
1.1430219e+00 5.0576471e-02 0.0000000e+00 
1.4415160e+00 5.0573289e-02 0.0000000e+00 
1.6754100e+00 5.5038619e-01 0.0000000e+00 
2.6041579e-01 5.2875768e-02 0.0000000e+00 
9.6895182e-01 5.0380111e-02 0.0000000e+00 
2.6302171e-01 5.5612308e-01 0.0000000e+00 
5.5065349e-02 2.6500449e-01 0.0000000e+00 
1.2615570e+00 5.4759312e-01 0.0000000e+00 
1.0253479e+00 5.4886931e-01 0.0000000e+00 
1.6201590e+00 5.4130111e-02 0.0000000e+00 
1.4979730e+00 5.5115038e-01 0.0000000e+00 
6.7900127e-01 5.5979192e-01 0.0000000e+00 
1.9463980e+00 2.6800990e-01 0.0000000e+00 
6.3145077e-01 3.8099781e-02 0.0000000e+00 
4.1331020e-01 5.6811810e-01 0.0000000e+00 
4.1231820e-01 3.8809739e-02 0.0000000e+00 
5.4410732e-01 5.6000441e-01 0.0000000e+00 
1.7962800e+00 5.9606131e-02 0.0000000e+00 
5.4468262e-01 3.7558820e-02 0.0000000e+00 
4.9130220e-02 3.9247900e-01 0.0000000e+00 
1.9509200e+00 3.8997239e-01 0.0000000e+00 
1.3233820e+00 4.9667731e-02 0.0000000e+00 
1.3821890e+00 5.4839480e-01 0.0000000e+00 
1.1434870e+00 5.4837209e-01 0.0000000e+00 
1.7959980e+00 5.4855859e-01 0.0000000e+00 
4.9401909e-02 1.5067521e-01 0.0000000e+00 
1.4989950e-01 5.5529898e-01 0.0000000e+00 
1.9519399e+00 1.5339760e-01 0.0000000e+00 
1.4754079e-01 5.1025499e-02 0.0000000e+00 
1.9506550e+00 5.1069498e-01 0.0000000e+00 
1.9114760e+00 5.1109631e-02 0.0000000e+00 
4.9216151e-02 5.0927132e-01 0.0000000e+00 
5.8710063e-01 3.6655251e-02 0.0000000e+00 
6.0428280e-01 7.4787550e-02 0.0000000e+00 
6.4929068e-01 7.4443869e-02 0.0000000e+00 
6.2715179e-01 1.0633790e-01 0.0000000e+00 
5.9329480e-01 1.0799770e-01 0.0000000e+00 
6.0949302e-01 1.3488390e-01 0.0000000e+00 
6.4123279e-01 1.3555969e-01 0.0000000e+00 
6.2006623e-01 1.6328260e-01 0.0000000e+00 
6.5316749e-01 1.6381399e-01 0.0000000e+00 
6.3351321e-01 1.8958050e-01 0.0000000e+00 
6.6427898e-01 1.8941709e-01 0.0000000e+00 
6.4933020e-01 2.1180780e-01 0.0000000e+00 
6.7645937e-01 2.1359310e-01 0.0000000e+00 
6.6097301e-01 2.3410480e-01 0.0000000e+00 
6.8796802e-01 2.3757669e-01 0.0000000e+00 
6.7103261e-01 2.5876111e-01 0.0000000e+00 
6.9990993e-01 2.6214910e-01 0.0000000e+00 
6.8101048e-01 2.8387409e-01 0.0000000e+00 
7.1248281e-01 2.8716281e-01 0.0000000e+00 
7.2971261e-01 2.6349890e-01 0.0000000e+00 
7.4486363e-01 2.9076719e-01 0.0000000e+00 
6.9556361e-01 3.0985960e-01 0.0000000e+00 
7.6406652e-01 2.6318431e-01 0.0000000e+00 
7.8114778e-01 2.9619500e-01 0.0000000e+00 
5.5403137e-01 2.5565761e-01 0.0000000e+00 
5.6691158e-01 2.7902979e-01 0.0000000e+00 
8.0246252e-01 2.6402649e-01 0.0000000e+00 
8.2167560e-01 3.0103979e-01 0.0000000e+00 
5.7978672e-01 1.3316999e-01 0.0000000e+00 
6.9627529e-01 1.8651520e-01 0.0000000e+00 
8.4832448e-01 2.6130950e-01 0.0000000e+00 
8.6857778e-01 3.0716091e-01 0.0000000e+00 
6.6883779e-01 3.0851370e-01 0.0000000e+00 
6.8001598e-01 3.3176759e-01 0.0000000e+00 
5.6956083e-01 3.0685109e-01 0.0000000e+00 
8.9643359e-01 2.6652190e-01 0.0000000e+00 
9.1803229e-01 3.1445420e-01 0.0000000e+00 
9.4838840e-01 2.6944679e-01 0.0000000e+00 
9.7196358e-01 3.1528941e-01 0.0000000e+00 
1.0020620e+00 2.7188951e-01 0.0000000e+00 
1.0263140e+00 3.1974381e-01 0.0000000e+00 
1.0557370e+00 2.7577680e-01 0.0000000e+00 
6.5179992e-01 3.3081001e-01 0.0000000e+00 
6.6418201e-01 3.5163379e-01 0.0000000e+00 
6.8745148e-01 3.5866591e-01 0.0000000e+00 
6.4083183e-01 3.5175639e-01 0.0000000e+00 
6.5020132e-01 3.7057751e-01 0.0000000e+00 
6.2925631e-01 3.6861771e-01 0.0000000e+00 
6.3750827e-01 3.8906679e-01 0.0000000e+00 
6.1479098e-01 3.8505989e-01 0.0000000e+00 
6.2451601e-01 4.0700281e-01 0.0000000e+00 
6.0271370e-01 4.0461549e-01 0.0000000e+00 
6.4791143e-01 4.1049060e-01 0.0000000e+00 
6.1149168e-01 4.2533240e-01 0.0000000e+00 
5.8940130e-01 4.2314041e-01 0.0000000e+00 
5.4590571e-01 3.5405469e-01 0.0000000e+00 
5.5933821e-01 3.3214769e-01 0.0000000e+00 
1.0820900e+00 3.2265610e-01 0.0000000e+00 
1.1129040e+00 2.7988619e-01 0.0000000e+00 
1.1385900e+00 3.3131590e-01 0.0000000e+00 
1.1718310e+00 2.8342861e-01 0.0000000e+00 
5.9854919e-01 4.4447681e-01 0.0000000e+00 
5.7566178e-01 4.4153079e-01 0.0000000e+00 
8.0048358e-01 3.3398119e-01 0.0000000e+00 
1.1962050e+00 3.3624330e-01 0.0000000e+00 
1.2286429e+00 2.8668931e-01 0.0000000e+00 
1.2540359e+00 3.3862561e-01 0.0000000e+00 
1.2863950e+00 2.8994620e-01 0.0000000e+00 
6.1140192e-01 1.8628950e-01 0.0000000e+00 
1.3121480e+00 3.4238011e-01 0.0000000e+00 
1.3446890e+00 2.9366851e-01 0.0000000e+00 
1.3705840e+00 3.4558439e-01 0.0000000e+00 
1.4032860e+00 2.9774809e-01 0.0000000e+00 
6.4617378e-01 3.0788270e-01 0.0000000e+00 
1.4291511e+00 3.4956750e-01 0.0000000e+00 
1.4618640e+00 3.0163100e-01 0.0000000e+00 
1.4877310e+00 3.5457411e-01 0.0000000e+00 
1.5206050e+00 3.0603161e-01 0.0000000e+00 
1.5464530e+00 3.5889450e-01 0.0000000e+00 
1.5793800e+00 3.1008351e-01 0.0000000e+00 
5.6763572e-01 4.1851109e-01 0.0000000e+00 
5.5408603e-01 4.3793961e-01 0.0000000e+00 
5.2029008e-01 3.6688760e-01 0.0000000e+00 
9.4794089e-01 3.6647639e-01 0.0000000e+00 
8.7384099e-01 2.2074890e-01 0.0000000e+00 
6.3348472e-01 2.3041780e-01 0.0000000e+00 
7.8118002e-01 2.2578520e-01 0.0000000e+00 
1.6052290e+00 3.6304700e-01 0.0000000e+00 
1.6382140e+00 3.1413361e-01 0.0000000e+00 
1.6641290e+00 3.6722910e-01 0.0000000e+00 
1.6971480e+00 3.1819481e-01 0.0000000e+00 
1.6712240e+00 2.6505721e-01 0.0000000e+00 
1.7302210e+00 2.6912081e-01 0.0000000e+00 
1.5534170e+00 2.5684619e-01 0.0000000e+00 
6.7181969e-01 1.4093800e-01 0.0000000e+00 
5.8596748e-01 4.6394360e-01 0.0000000e+00 
1.7230920e+00 3.7133509e-01 0.0000000e+00 
1.3771909e+00 2.4454120e-01 0.0000000e+00 
6.2249678e-01 4.4700289e-01 0.0000000e+00 
1.2033920e+00 2.3449400e-01 0.0000000e+00 
1.0287880e+00 2.3015590e-01 0.0000000e+00 
5.4669750e-01 4.1895449e-01 0.0000000e+00 
5.3373671e-01 4.3515179e-01 0.0000000e+00 
5.4073101e-01 4.5481020e-01 0.0000000e+00 
5.1996583e-01 4.5137540e-01 0.0000000e+00 
5.1387292e-01 4.2921981e-01 0.0000000e+00 
4.9935541e-01 4.4742331e-01 0.0000000e+00 
4.5565760e-01 3.5403141e-01 0.0000000e+00 
4.9349809e-01 4.2846820e-01 0.0000000e+00 
4.7935709e-01 4.4358870e-01 0.0000000e+00 
4.7970989e-01 3.6688760e-01 0.0000000e+00 
4.8592600e-01 4.6396780e-01 0.0000000e+00 
4.6443069e-01 4.5930001e-01 0.0000000e+00 
4.5825541e-01 4.3536639e-01 0.0000000e+00 
4.4286779e-01 4.5335940e-01 0.0000000e+00 
4.3592349e-01 4.3169260e-01 0.0000000e+00 
4.2123440e-01 4.4813421e-01 0.0000000e+00 
4.1462469e-01 4.2622849e-01 0.0000000e+00 
4.3825611e-01 3.3387709e-01 0.0000000e+00 
3.9864141e-01 4.4291711e-01 0.0000000e+00 
3.9200109e-01 4.1997111e-01 0.0000000e+00 
3.7504819e-01 4.3754801e-01 0.0000000e+00 
3.6926591e-01 4.1456231e-01 0.0000000e+00 
3.5052001e-01 4.3156540e-01 0.0000000e+00 
3.4640020e-01 4.0321410e-01 0.0000000e+00 
3.2338160e-01 4.2558259e-01 0.0000000e+00 
3.1625420e-01 3.9745620e-01 0.0000000e+00 
3.3599329e-01 3.7658459e-01 0.0000000e+00 
3.0888751e-01 3.6996761e-01 0.0000000e+00 
3.2846531e-01 3.5015899e-01 0.0000000e+00 
3.0453789e-01 3.4228960e-01 0.0000000e+00 
3.2241219e-01 3.2376000e-01 0.0000000e+00 
2.9612821e-01 3.1610900e-01 0.0000000e+00 
3.1577420e-01 2.9729351e-01 0.0000000e+00 
2.8885421e-01 2.8886101e-01 0.0000000e+00 
3.0968001e-01 2.6928011e-01 0.0000000e+00 
2.8137040e-01 2.6060769e-01 0.0000000e+00 
2.8570160e-01 3.8790971e-01 0.0000000e+00 
3.0315241e-01 2.4067999e-01 0.0000000e+00 
3.3230671e-01 2.5245121e-01 0.0000000e+00 
3.2487640e-01 2.2290690e-01 0.0000000e+00 
3.5372531e-01 2.3027760e-01 0.0000000e+00 
4.3461740e-01 2.7961159e-01 0.0000000e+00 
3.4512779e-01 2.0528039e-01 0.0000000e+00 
3.6950600e-01 2.1069451e-01 0.0000000e+00 
2.6638910e-01 3.1392881e-01 0.0000000e+00 
2.7405229e-01 2.3109850e-01 0.0000000e+00 
3.6342499e-01 1.8842390e-01 0.0000000e+00 
3.8558939e-01 1.9589300e-01 0.0000000e+00 
4.4520050e-01 2.5469631e-01 0.0000000e+00 
3.8103029e-01 1.7263541e-01 0.0000000e+00 
4.0200421e-01 1.8057050e-01 0.0000000e+00 
4.9249741e-01 2.2787590e-01 0.0000000e+00 
4.6605590e-01 2.3826469e-01 0.0000000e+00 
3.3931601e-01 1.7988220e-01 0.0000000e+00 
3.8745371e-01 3.9799151e-01 0.0000000e+00 
3.5741779e-01 2.5419459e-01 0.0000000e+00 
3.5627639e-01 4.5751181e-01 0.0000000e+00 
3.4765261e-01 3.3191890e-01 0.0000000e+00 
3.9811629e-01 1.5518570e-01 0.0000000e+00 
4.2193061e-01 1.6662900e-01 0.0000000e+00 
3.7476501e-01 1.4610679e-01 0.0000000e+00 
3.9139041e-01 2.1633980e-01 0.0000000e+00 
2.5018540e-01 2.5338060e-01 0.0000000e+00 
2.4227400e-01 2.1673180e-01 0.0000000e+00 
2.1296521e-01 2.4632980e-01 0.0000000e+00 
2.0310380e-01 2.0643540e-01 0.0000000e+00 
4.7074649e-01 4.8204380e-01 0.0000000e+00 
4.9385741e-01 4.8678511e-01 0.0000000e+00 
4.1766569e-01 1.3875820e-01 0.0000000e+00 
4.3951231e-01 1.4885530e-01 0.0000000e+00 
4.4284999e-01 1.6929220e-01 0.0000000e+00 
4.6074921e-01 1.5907930e-01 0.0000000e+00 
4.5701310e-01 1.3411739e-01 0.0000000e+00 
4.7804150e-01 1.4308280e-01 0.0000000e+00 
4.8207700e-01 1.6432039e-01 0.0000000e+00 
5.2000839e-01 2.3249920e-01 0.0000000e+00 
4.7522539e-01 1.1890660e-01 0.0000000e+00 
4.9824399e-01 1.5124670e-01 0.0000000e+00 
5.0239080e-01 1.7379840e-01 0.0000000e+00 
4.0624869e-01 4.6688080e-01 0.0000000e+00 
4.2919409e-01 4.1243970e-01 0.0000000e+00 
6.2043011e-01 3.4884781e-01 0.0000000e+00 
1.7042540e+00 2.1590130e-01 0.0000000e+00 
1.7632940e+00 2.2000070e-01 0.0000000e+00 
5.9477502e-01 3.8850871e-01 0.0000000e+00 
1.1047130e+00 3.7971979e-01 0.0000000e+00 
5.5632508e-01 4.0331629e-01 0.0000000e+00 
5.1673311e-01 1.5979400e-01 0.0000000e+00 
5.1686460e-01 1.3875850e-01 0.0000000e+00 
5.2089018e-01 1.7866670e-01 0.0000000e+00 
2.3531640e-01 1.7608330e-01 0.0000000e+00 
4.8605490e-01 1.8340071e-01 0.0000000e+00 
1.2225550e+00 3.8796490e-01 0.0000000e+00 
1.7893510e+00 2.7321759e-01 0.0000000e+00 
5.0436419e-01 4.1349870e-01 0.0000000e+00 
4.8793069e-01 4.1161671e-01 0.0000000e+00 
1.3432890e+00 3.9487341e-01 0.0000000e+00 
4.9844569e-01 3.9902619e-01 0.0000000e+00 
5.1288861e-01 4.0051869e-01 0.0000000e+00 
4.7826111e-01 5.0721961e-01 0.0000000e+00 
1.5723439e+00 4.1086179e-01 0.0000000e+00 
5.6928509e-01 1.1216540e-01 0.0000000e+00 
5.3438342e-01 1.6713411e-01 0.0000000e+00 
5.3660733e-01 1.8530799e-01 0.0000000e+00 
5.5097228e-01 1.7492341e-01 0.0000000e+00 
5.5329382e-01 1.9238080e-01 0.0000000e+00 
1.4477730e+00 4.0997440e-01 0.0000000e+00 
1.7183121e-01 2.3577370e-01 0.0000000e+00 
1.8385801e-01 2.7833050e-01 0.0000000e+00 
4.5149651e-01 1.1040960e-01 0.0000000e+00 
4.7247219e-01 9.1955133e-02 0.0000000e+00 
1.9255680e-01 1.6331930e-01 0.0000000e+00 
4.5135620e-01 5.0161749e-01 0.0000000e+00 
1.8225530e+00 2.2401039e-01 0.0000000e+00 
5.2494282e-01 1.9506520e-01 0.0000000e+00 
1.7372680e+00 1.6678140e-01 0.0000000e+00 
1.6782570e+00 1.6271511e-01 0.0000000e+00 
1.6900350e+00 4.2038351e-01 0.0000000e+00 
1.7490560e+00 4.2454061e-01 0.0000000e+00 
4.8329440e-01 3.9614201e-01 0.0000000e+00 
4.7259709e-01 4.0761891e-01 0.0000000e+00 
4.6829471e-01 3.9267531e-01 0.0000000e+00 
1.7821480e+00 3.7544200e-01 0.0000000e+00 
1.8081650e+00 4.2873210e-01 0.0000000e+00 
5.6767190e-01 1.8248910e-01 0.0000000e+00 
5.6965590e-01 1.9964610e-01 0.0000000e+00 
5.5310482e-01 2.0997940e-01 0.0000000e+00 
5.7153863e-01 2.1648981e-01 0.0000000e+00 
5.5832732e-01 2.2570750e-01 0.0000000e+00 
5.7294083e-01 2.3188220e-01 0.0000000e+00 
5.8571517e-01 2.2277141e-01 0.0000000e+00 
5.8722973e-01 2.3849240e-01 0.0000000e+00 
2.2661661e-01 1.3415439e-01 0.0000000e+00 
2.6798990e-01 1.4730521e-01 0.0000000e+00 
1.7105891e+00 1.1396340e-01 0.0000000e+00 
5.9993339e-01 2.2935030e-01 0.0000000e+00 
6.0129720e-01 2.4530940e-01 0.0000000e+00 
5.8868867e-01 2.5420901e-01 0.0000000e+00 
6.0235012e-01 2.6110700e-01 0.0000000e+00 
1.8387530e+00 3.7525591e-01 0.0000000e+00 
5.4489303e-01 2.2099259e-01 0.0000000e+00 
4.5784310e-01 5.2955812e-01 0.0000000e+00 
5.1062381e-01 5.1103139e-01 0.0000000e+00 
4.9833831e-01 1.0296860e-01 0.0000000e+00 
1.8639690e+00 4.2541769e-01 0.0000000e+00 
4.9523690e-01 7.3985048e-02 0.0000000e+00 
1.3844220e-01 2.6736441e-01 0.0000000e+00 
1.5088230e-01 3.1097111e-01 0.0000000e+00 
1.2641050e-01 2.2494370e-01 0.0000000e+00 
2.0287590e-01 3.2045639e-01 0.0000000e+00 
1.6756350e-01 3.5410741e-01 0.0000000e+00 
2.1099889e-01 3.6507410e-01 0.0000000e+00 
1.8053800e-01 3.9719370e-01 0.0000000e+00 
2.2913329e-01 4.0715241e-01 0.0000000e+00 
1.9421770e-01 4.3993911e-01 0.0000000e+00 
2.3865750e-01 4.5007020e-01 0.0000000e+00 
1.4811151e-01 4.3034700e-01 0.0000000e+00 
5.9036589e-01 2.6973200e-01 0.0000000e+00 
6.0372931e-01 2.7649191e-01 0.0000000e+00 
6.1619169e-01 2.6624000e-01 0.0000000e+00 
5.9138829e-01 2.8492469e-01 0.0000000e+00 
6.0468042e-01 2.9163459e-01 0.0000000e+00 
1.8453060e+00 2.7996099e-01 0.0000000e+00 
2.0954210e-01 4.8537201e-01 0.0000000e+00 
4.6530190e-01 6.3733928e-02 0.0000000e+00 
5.9247959e-01 2.9992181e-01 0.0000000e+00 
6.0560697e-01 3.0666059e-01 0.0000000e+00 
5.9351093e-01 3.1494951e-01 0.0000000e+00 
6.0633099e-01 3.2174519e-01 0.0000000e+00 
5.9430778e-01 3.2937449e-01 0.0000000e+00 
4.9347320e-01 3.8454881e-01 0.0000000e+00 
5.5062449e-01 1.5674770e-01 0.0000000e+00 
4.5774269e-01 4.0380031e-01 0.0000000e+00 
4.5300320e-01 3.8926181e-01 0.0000000e+00 
5.2078158e-01 8.5589677e-02 0.0000000e+00 
5.2809721e-01 4.7261381e-01 0.0000000e+00 
5.4998982e-01 4.7740239e-01 0.0000000e+00 
1.1647230e-01 3.4303319e-01 0.0000000e+00 
5.4025501e-01 4.0216339e-01 0.0000000e+00 
5.4931629e-01 3.8893181e-01 0.0000000e+00 
5.6429678e-01 3.8917771e-01 0.0000000e+00 
5.5815691e-01 3.7613159e-01 0.0000000e+00 
5.3233409e-01 3.8730109e-01 0.0000000e+00 
6.1810511e-01 2.9840681e-01 0.0000000e+00 
5.4633558e-01 2.3408321e-01 0.0000000e+00 
1.7233150e+00 4.7115931e-01 0.0000000e+00 
1.6544410e+00 4.6960419e-01 0.0000000e+00 
5.9817278e-01 2.1342160e-01 0.0000000e+00 
5.7312608e-01 3.7630349e-01 0.0000000e+00 
5.6664068e-01 3.6344349e-01 0.0000000e+00 
5.8089459e-01 3.6333910e-01 0.0000000e+00 
5.7436389e-01 3.5058859e-01 0.0000000e+00 
5.8890998e-01 3.5140380e-01 0.0000000e+00 
5.9597099e-01 3.6360300e-01 0.0000000e+00 
1.8871840e+00 2.3216370e-01 0.0000000e+00 
1.8613670e+00 1.6699770e-01 0.0000000e+00 
5.8043772e-01 3.2325599e-01 0.0000000e+00 
1.8341640e-01 1.2044960e-01 0.0000000e+00 
1.4539170e-01 1.4803199e-01 0.0000000e+00 
5.2981251e-01 4.1606659e-01 0.0000000e+00 
6.3278657e-01 3.2098520e-01 0.0000000e+00 
4.9883649e-01 1.9035070e-01 0.0000000e+00 
4.8866749e-01 1.9995619e-01 0.0000000e+00 
4.7372600e-01 1.9428051e-01 0.0000000e+00 
4.7687241e-01 2.0988560e-01 0.0000000e+00 
4.6230760e-01 2.0519090e-01 0.0000000e+00 
5.0175709e-01 2.0284539e-01 0.0000000e+00 
3.7420979e-01 2.4249861e-01 0.0000000e+00 
3.7680081e-01 2.5999850e-01 0.0000000e+00 
3.6377189e-01 2.7359021e-01 0.0000000e+00 
3.8147151e-01 2.7786380e-01 0.0000000e+00 
3.9390230e-01 2.6630861e-01 0.0000000e+00 
3.9790910e-01 2.8215069e-01 0.0000000e+00 
3.8660839e-01 2.9399589e-01 0.0000000e+00 
4.0266559e-01 2.9749459e-01 0.0000000e+00 
3.9230630e-01 3.0959940e-01 0.0000000e+00 
3.7539089e-01 3.0645579e-01 0.0000000e+00 
3.8165531e-01 3.2178041e-01 0.0000000e+00 
3.9764741e-01 3.2483751e-01 0.0000000e+00 
3.8738471e-01 3.3702531e-01 0.0000000e+00 
4.0318671e-01 3.3988059e-01 0.0000000e+00 
3.9298999e-01 3.5206911e-01 0.0000000e+00 
4.0884519e-01 3.5489669e-01 0.0000000e+00 
3.7592891e-01 3.5095471e-01 0.0000000e+00 
4.1221961e-01 3.2815641e-01 0.0000000e+00 
4.0885890e-01 2.7070051e-01 0.0000000e+00 
4.0606499e-01 2.5576550e-01 0.0000000e+00 
4.2036530e-01 2.6073930e-01 0.0000000e+00 
4.1758421e-01 2.4588020e-01 0.0000000e+00 
3.9879280e-01 3.6719501e-01 0.0000000e+00 
4.1457930e-01 3.6959961e-01 0.0000000e+00 
4.2435291e-01 3.5784501e-01 0.0000000e+00 
4.3005049e-01 3.7181091e-01 0.0000000e+00 
4.2064139e-01 3.8399899e-01 0.0000000e+00 
4.0332180e-01 2.4100940e-01 0.0000000e+00 
4.1523230e-01 2.3128320e-01 0.0000000e+00 
4.2901969e-01 2.3581611e-01 0.0000000e+00 
4.2680249e-01 2.2116630e-01 0.0000000e+00 
4.4072181e-01 2.2622180e-01 0.0000000e+00 
4.3834931e-01 2.1132030e-01 0.0000000e+00 
4.2324290e-01 2.0628519e-01 0.0000000e+00 
5.7600939e-01 2.6372889e-01 0.0000000e+00 
4.6461701e-01 3.7602729e-01 0.0000000e+00 
4.4586849e-01 3.4520641e-01 0.0000000e+00 
1.8224460e+00 4.8960349e-01 0.0000000e+00 
4.3567330e-01 1.9562960e-01 0.0000000e+00 
5.9315038e-01 1.5660501e-01 0.0000000e+00 
4.5945361e-01 1.9019520e-01 0.0000000e+00 
6.2804931e-01 2.1075760e-01 0.0000000e+00 
4.4690049e-01 3.7500271e-01 0.0000000e+00 
4.3590689e-01 2.6693821e-01 0.0000000e+00 
4.5538360e-01 2.4537770e-01 0.0000000e+00 
5.3253782e-01 3.6093631e-01 0.0000000e+00 
5.0687999e-01 3.7203360e-01 0.0000000e+00 
5.5479759e-01 3.4289679e-01 0.0000000e+00 
4.7859880e-01 2.3292100e-01 0.0000000e+00 
5.6951690e-01 2.9091081e-01 0.0000000e+00 
4.3251589e-01 3.2153201e-01 0.0000000e+00 
2.5864059e-01 4.9322551e-01 0.0000000e+00 
2.8119770e-01 4.6436489e-01 0.0000000e+00 
2.9712620e-01 4.9769270e-01 0.0000000e+00 
5.0679362e-01 2.2942559e-01 0.0000000e+00 
5.1640040e-01 2.1935740e-01 0.0000000e+00 
6.5671778e-01 2.8741741e-01 0.0000000e+00 
6.4681822e-01 2.6546481e-01 0.0000000e+00 
2.6161829e-01 1.0442510e-01 0.0000000e+00 
2.9914159e-01 1.2133270e-01 0.0000000e+00 
5.3835911e-01 2.0090669e-01 0.0000000e+00 
4.1076070e-01 4.0288219e-01 0.0000000e+00 
4.2847160e-01 2.9058349e-01 0.0000000e+00 
5.8385968e-01 4.0419951e-01 0.0000000e+00 
4.6758640e-01 2.2237021e-01 0.0000000e+00 
1.7680900e+00 1.1666990e-01 0.0000000e+00 
4.6705061e-01 3.6164391e-01 0.0000000e+00 
4.2953780e-01 5.2015013e-01 0.0000000e+00 
3.4222049e-01 3.0633521e-01 0.0000000e+00 
3.3303869e-01 2.8045291e-01 0.0000000e+00 
5.3547281e-01 4.9663380e-01 0.0000000e+00 
5.6233060e-01 5.0093198e-01 0.0000000e+00 
3.5305610e-01 3.5562491e-01 0.0000000e+00 
3.6326250e-01 3.7681499e-01 0.0000000e+00 
5.8255208e-01 1.8968870e-01 0.0000000e+00 
5.6585908e-01 6.7596443e-02 0.0000000e+00 
3.1423870e-01 5.6071562e-01 0.0000000e+00 
3.6825681e-01 5.5769640e-01 0.0000000e+00 
1.6511329e+00 1.0926090e-01 0.0000000e+00 
1.6192470e+00 1.5863900e-01 0.0000000e+00 
3.1425080e-01 3.9930049e-02 0.0000000e+00 
3.1129351e-01 1.6085930e-01 0.0000000e+00 
3.3299991e-01 1.3328290e-01 0.0000000e+00 
3.3072019e-01 1.0009960e-01 0.0000000e+00 
2.7850899e-01 1.8997809e-01 0.0000000e+00 
3.6250210e-01 1.1719080e-01 0.0000000e+00 
3.6242679e-01 7.9823360e-02 0.0000000e+00 
3.9215559e-01 9.3917303e-02 0.0000000e+00 
6.7704421e-01 3.9422091e-02 0.0000000e+00 
6.9158012e-01 7.9496212e-02 0.0000000e+00 
7.2696608e-01 4.4044841e-02 0.0000000e+00 
7.3696113e-01 9.5335990e-02 0.0000000e+00 
7.9171729e-01 1.0606610e-01 0.0000000e+00 
7.5707722e-01 1.3865989e-01 0.0000000e+00 
8.0465728e-01 1.5881000e-01 0.0000000e+00 
8.4009641e-01 1.2030350e-01 0.0000000e+00 
8.5441029e-01 1.6780110e-01 0.0000000e+00 
8.9020813e-01 1.3047090e-01 0.0000000e+00 
8.7580758e-01 8.5384279e-02 0.0000000e+00 
6.3392729e-01 5.6027758e-01 0.0000000e+00 
6.5490252e-01 5.2222651e-01 0.0000000e+00 
6.9785458e-01 5.2009457e-01 0.0000000e+00 
6.6947389e-01 4.8214740e-01 0.0000000e+00 
7.1400052e-01 4.7928271e-01 0.0000000e+00 
7.3890662e-01 5.1415598e-01 0.0000000e+00 
7.5538421e-01 4.7427329e-01 0.0000000e+00 
7.3060858e-01 4.4053549e-01 0.0000000e+00 
7.7131832e-01 4.3481070e-01 0.0000000e+00 
7.4432129e-01 4.0371630e-01 0.0000000e+00 
7.9942912e-01 4.6868020e-01 0.0000000e+00 
8.1664360e-01 4.2528069e-01 0.0000000e+00 
8.4675127e-01 4.6303490e-01 0.0000000e+00 
7.0795268e-01 4.1132101e-01 0.0000000e+00 
8.6556101e-01 4.1526449e-01 0.0000000e+00 
9.0177119e-01 4.5578691e-01 0.0000000e+00 
6.1436248e-01 5.2457899e-01 0.0000000e+00 
5.9010911e-01 5.6233871e-01 0.0000000e+00 
6.8740159e-01 4.4485721e-01 0.0000000e+00 
6.3075930e-01 4.9217081e-01 0.0000000e+00 
8.2390177e-01 3.7696400e-01 0.0000000e+00 
6.5760958e-01 4.5251140e-01 0.0000000e+00 
8.8201141e-01 3.6469159e-01 0.0000000e+00 
7.1646827e-01 3.7200019e-01 0.0000000e+00 
7.5293612e-01 3.6630341e-01 0.0000000e+00 
7.3172802e-01 3.4158540e-01 0.0000000e+00 
4.3641081e-01 3.8625911e-01 0.0000000e+00 
3.3307719e-01 5.1888418e-01 0.0000000e+00 
3.7808201e-01 5.1874483e-01 0.0000000e+00 
4.1757399e-01 3.4319299e-01 0.0000000e+00 
4.0734050e-01 3.1263331e-01 0.0000000e+00 
4.8661929e-01 4.2812102e-02 0.0000000e+00 
7.2056448e-01 1.3380709e-01 0.0000000e+00 
7.2885102e-01 1.7120270e-01 0.0000000e+00 
7.6764971e-01 1.8236589e-01 0.0000000e+00 
7.3844647e-01 2.0840840e-01 0.0000000e+00 
3.2383901e-01 4.7502699e-01 0.0000000e+00 
2.0299730e-01 4.5617640e-02 0.0000000e+00 
5.8970161e-02 3.3410329e-01 0.0000000e+00 
2.0689000e-01 5.5709481e-01 0.0000000e+00 
4.1305149e-01 2.8573561e-01 0.0000000e+00 
7.8471351e-01 5.4944623e-01 0.0000000e+00 
5.7445318e-01 2.4704580e-01 0.0000000e+00 
4.8197981e-02 2.0613991e-01 0.0000000e+00 
2.9774281e-01 8.0907270e-02 0.0000000e+00 
5.0055778e-01 5.6669247e-01 0.0000000e+00 
5.6139982e-01 2.6632291e-01 0.0000000e+00 
1.6788280e+00 5.7307512e-02 0.0000000e+00 
5.1920211e-01 3.7999329e-01 0.0000000e+00 
5.3287011e-01 2.3837809e-01 0.0000000e+00 
4.9314889e-01 3.6956069e-01 0.0000000e+00 
5.4427528e-01 3.7591609e-01 0.0000000e+00 
7.8244883e-01 3.9527819e-01 0.0000000e+00 
3.6446571e-01 4.0250320e-02 0.0000000e+00 
4.4162789e-01 3.5938531e-01 0.0000000e+00 
6.3632941e-01 2.8842619e-01 0.0000000e+00 
4.9067271e-01 2.1312010e-01 0.0000000e+00 
9.0754151e-01 5.5067050e-01 0.0000000e+00 
9.6624529e-01 5.4957891e-01 0.0000000e+00 
9.9525559e-01 4.9868581e-01 0.0000000e+00 
1.0540251e+00 4.9801311e-01 0.0000000e+00 
1.0243800e+00 4.4818369e-01 0.0000000e+00 
1.0813180e+00 4.4429299e-01 0.0000000e+00 
9.6050638e-01 4.4521841e-01 0.0000000e+00 
9.9237692e-01 4.0150511e-01 0.0000000e+00 
9.3534291e-01 5.0050128e-01 0.0000000e+00 
1.1123620e+00 4.9683940e-01 0.0000000e+00 
1.1383430e+00 4.4216970e-01 0.0000000e+00 
5.4218680e-01 5.2327639e-01 0.0000000e+00 
4.9454380e-02 4.5007420e-01 0.0000000e+00 
1.0217610e-01 4.7936839e-01 0.0000000e+00 
2.2542991e-01 2.8165141e-01 0.0000000e+00 
3.9299640e-01 1.2565491e-01 0.0000000e+00 
4.2287391e-01 1.0849530e-01 0.0000000e+00 
4.1702661e-01 7.4225321e-02 0.0000000e+00 
4.2317891e-01 4.9126241e-01 0.0000000e+00 
3.6435950e-01 3.1840631e-01 0.0000000e+00 
5.9271669e-01 4.9394491e-01 0.0000000e+00 
4.5279789e-01 2.1705380e-01 0.0000000e+00 
1.1707489e+00 4.9572700e-01 0.0000000e+00 
1.1967220e+00 4.4262701e-01 0.0000000e+00 
1.2286400e+00 4.9457431e-01 0.0000000e+00 
1.2569320e+00 4.4329810e-01 0.0000000e+00 
1.2887410e+00 4.9415389e-01 0.0000000e+00 
4.9704749e-02 9.0376601e-02 0.0000000e+00 
1.1661880e+00 3.8667339e-01 0.0000000e+00 
1.0448740e+00 3.9727730e-01 0.0000000e+00 
1.3219531e+00 5.4748261e-01 0.0000000e+00 
1.3566051e+00 4.9475339e-01 0.0000000e+00 
1.4128619e+00 5.0170678e-01 0.0000000e+00 
1.3878731e+00 4.4357020e-01 0.0000000e+00 
2.6875430e-01 4.3074101e-01 0.0000000e+00 
4.1746351e-01 3.0108821e-01 0.0000000e+00 
4.7450441e-01 4.2571831e-01 0.0000000e+00 
4.0593800e-01 2.0075510e-01 0.0000000e+00 
4.4167551e-01 4.0079829e-01 0.0000000e+00 
1.9512080e+00 4.5117629e-01 0.0000000e+00 
1.0262311e+00 5.1109631e-02 0.0000000e+00 
9.9738371e-01 1.0181700e-01 0.0000000e+00 
1.0553030e+00 1.0176790e-01 0.0000000e+00 
1.0273110e+00 1.4739220e-01 0.0000000e+00 
1.0855290e+00 1.4977370e-01 0.0000000e+00 
9.7062862e-01 1.4721170e-01 0.0000000e+00 
9.3508059e-01 1.0148260e-01 0.0000000e+00 
1.1133560e+00 1.0215650e-01 0.0000000e+00 
1.1446090e+00 1.4514109e-01 0.0000000e+00 
1.1160710e+00 1.9391710e-01 0.0000000e+00 
1.2018321e+00 5.4771107e-01 0.0000000e+00 
1.9480680e+00 2.1005040e-01 0.0000000e+00 
1.0842860e+00 5.4868227e-01 0.0000000e+00 
1.9480680e+00 3.2994959e-01 0.0000000e+00 
1.5904510e+00 1.0452840e-01 0.0000000e+00 
1.5598950e+00 1.5443350e-01 0.0000000e+00 
1.5304790e+00 1.0186320e-01 0.0000000e+00 
1.5007280e+00 1.5119410e-01 0.0000000e+00 
1.5273950e+00 2.0345390e-01 0.0000000e+00 
1.4685169e+00 1.9967620e-01 0.0000000e+00 
1.4425830e+00 1.4740349e-01 0.0000000e+00 
1.4098901e+00 1.9577309e-01 0.0000000e+00 
1.3839140e+00 1.4338671e-01 0.0000000e+00 
1.3511680e+00 1.9153769e-01 0.0000000e+00 
1.3252350e+00 1.3926670e-01 0.0000000e+00 
1.2926320e+00 1.8772170e-01 0.0000000e+00 
1.2666039e+00 1.3634580e-01 0.0000000e+00 
1.2355460e+00 1.8558609e-01 0.0000000e+00 
1.2059170e+00 1.3905290e-01 0.0000000e+00 
1.2347410e+00 9.3928657e-02 0.0000000e+00 
1.3187660e+00 2.4091680e-01 0.0000000e+00 
1.4945120e+00 2.5244480e-01 0.0000000e+00 
1.5862570e+00 2.0772290e-01 0.0000000e+00 
5.5948251e-01 2.4233980e-01 0.0000000e+00 
1.5573130e+00 5.4926682e-01 0.0000000e+00 
1.5215520e+00 5.0207931e-01 0.0000000e+00 
1.5906490e+00 4.9784341e-01 0.0000000e+00 
1.3832541e+00 4.9608339e-02 0.0000000e+00 
1.5002331e+00 5.0511628e-02 0.0000000e+00 
1.7345819e+00 5.5134553e-01 0.0000000e+00 
1.6170100e+00 5.5189037e-01 0.0000000e+00 
1.6308481e+00 4.1378099e-01 0.0000000e+00 
1.7733830e+00 4.6653220e-01 0.0000000e+00 
1.8566350e+00 5.4165798e-01 0.0000000e+00 
1.5124860e+00 4.0674630e-01 0.0000000e+00 
1.4853560e+00 4.5626420e-01 0.0000000e+00 
1.6452560e+00 2.1187560e-01 0.0000000e+00 
1.7967290e+00 1.6947480e-01 0.0000000e+00 
1.8955210e+00 4.8443690e-01 0.0000000e+00 
2.4952111e-01 3.7534630e-01 0.0000000e+00 
2.4015559e-01 3.3920720e-01 0.0000000e+00 
1.6122910e+00 2.6095319e-01 0.0000000e+00 
1.8537400e+00 5.5921540e-02 0.0000000e+00 
1.8819669e+00 1.0242500e-01 0.0000000e+00 
9.5119797e-02 1.2153590e-01 0.0000000e+00 
1.0847340e+00 5.0935078e-02 0.0000000e+00 
1.7562060e+00 3.2229191e-01 0.0000000e+00 
1.4358770e+00 2.4863569e-01 0.0000000e+00 
4.3159389e-01 2.5088599e-01 0.0000000e+00 
4.7994119e-01 3.8120639e-01 0.0000000e+00 
1.8123610e+00 3.2570100e-01 0.0000000e+00 
6.1470199e-01 2.3820160e-01 0.0000000e+00 
6.2837660e-01 2.5279269e-01 0.0000000e+00 
5.6644672e-01 3.2120070e-01 0.0000000e+00 
4.0343639e-01 3.8359720e-01 0.0000000e+00 
1.2608960e+00 2.3755901e-01 0.0000000e+00 
9.7383392e-01 2.2759880e-01 0.0000000e+00 
1.8966711e+00 3.6694610e-01 0.0000000e+00 
1.2852859e+00 3.9278471e-01 0.0000000e+00 
4.4754091e-01 4.1694289e-01 0.0000000e+00 
5.1814729e-01 1.1434720e-01 0.0000000e+00 
9.8089732e-02 2.9848260e-01 0.0000000e+00 
8.7650722e-01 5.0584209e-01 0.0000000e+00 
7.2722268e-01 5.5884892e-01 0.0000000e+00 
9.1900879e-01 4.0950510e-01 0.0000000e+00 
6.0669678e-01 3.3687809e-01 0.0000000e+00 
9.2257088e-01 2.2499460e-01 0.0000000e+00 
1.8270659e+00 1.1701130e-01 0.0000000e+00 
3.9101499e-01 2.5043941e-01 0.0000000e+00 
3.0026230e-01 2.1632680e-01 0.0000000e+00 
5.8418620e-01 3.3934349e-01 0.0000000e+00 
1.5593460e+00 5.1838879e-02 0.0000000e+00 
4.5547140e-01 5.6772357e-01 0.0000000e+00 
9.7268373e-02 1.8144910e-01 0.0000000e+00 
9.3618453e-02 5.9398320e-02 0.0000000e+00 
9.5946752e-02 4.1991970e-01 0.0000000e+00 
1.5493150e-01 4.8253620e-01 0.0000000e+00 
5.3141659e-01 2.2366489e-01 0.0000000e+00 
4.6951711e-01 1.7694290e-01 0.0000000e+00 
1.3219830e+00 4.4809279e-01 0.0000000e+00 
6.1860532e-01 2.8225860e-01 0.0000000e+00 
9.2647932e-02 5.4469162e-01 0.0000000e+00 
3.6105269e-01 4.8700431e-01 0.0000000e+00 
1.4393450e+00 5.5213040e-01 0.0000000e+00 
1.9442101e+00 9.5342271e-02 0.0000000e+00 
9.0059137e-01 1.7995150e-01 0.0000000e+00 
8.2735151e-01 2.0720319e-01 0.0000000e+00 
6.6251612e-01 1.0677520e-01 0.0000000e+00 
6.7604911e-01 4.1622579e-01 0.0000000e+00 
6.8501538e-01 3.8669550e-01 0.0000000e+00 
3.6920869e-01 2.9070961e-01 0.0000000e+00 
4.5409241e-01 2.3146330e-01 0.0000000e+00 
6.1867392e-01 3.1358370e-01 0.0000000e+00 
1.9131620e+00 5.4997718e-01 0.0000000e+00 
4.2027211e-01 1.8849210e-01 0.0000000e+00 
1.9003210e+00 2.9999799e-01 0.0000000e+00 
5.5434358e-01 1.3134070e-01 0.0000000e+00 
1.4729370e+00 1.0059040e-01 0.0000000e+00 
4.4868380e-01 4.7589070e-01 0.0000000e+00 
1.7371070e+00 5.7924490e-02 0.0000000e+00 
1.6196249e-01 1.9384970e-01 0.0000000e+00 
2.7876011e-01 3.4925121e-01 0.0000000e+00 
5.6304562e-01 4.5950639e-01 0.0000000e+00 
6.0384172e-01 3.5119170e-01 0.0000000e+00 
5.7530987e-01 5.2873927e-01 0.0000000e+00 
1.3667960e-01 3.8707560e-01 0.0000000e+00 
4.9747679e-01 1.2821840e-01 0.0000000e+00 
1.1983300e+00 4.8251878e-02 0.0000000e+00 
7.5970978e-01 3.2726541e-01 0.0000000e+00 
8.1999791e-01 5.1075947e-01 0.0000000e+00 
1.3957340e+00 3.8871399e-01 0.0000000e+00 
3.8881221e-01 2.3447470e-01 0.0000000e+00 
5.2596432e-01 2.0954940e-01 0.0000000e+00 
1.4149910e+00 9.8922051e-02 0.0000000e+00 
3.1656411e-01 1.9587231e-01 0.0000000e+00 
4.3203679e-01 3.4525600e-01 0.0000000e+00 
5.0832897e-01 3.8785461e-01 0.0000000e+00 
5.0716370e-01 4.6868089e-01 0.0000000e+00 
7.2506380e-01 3.1459489e-01 0.0000000e+00 
5.7067949e-01 1.5282580e-01 0.0000000e+00 
6.7973870e-01 1.6684531e-01 0.0000000e+00 
5.3255141e-01 1.4827640e-01 0.0000000e+00 
5.8382958e-01 2.0679601e-01 0.0000000e+00 
3.6833951e-01 3.3595169e-01 0.0000000e+00 
6.6081917e-01 3.9089271e-01 0.0000000e+00 
3.5859609e-01 1.6498099e-01 0.0000000e+00 
5.4474670e-01 2.4635740e-01 0.0000000e+00 
8.5039961e-01 4.4130251e-02 0.0000000e+00 
7.0378470e-01 2.1493910e-01 0.0000000e+00 
3.8111559e-01 3.6489099e-01 0.0000000e+00 
3.8378549e-01 3.8103321e-01 0.0000000e+00 
1.1733290e+00 9.6517898e-02 0.0000000e+00 
6.1236829e-01 3.6486840e-01 0.0000000e+00 
4.2817801e-01 4.6774849e-01 0.0000000e+00 
3.9298210e-01 4.8933309e-01 0.0000000e+00 
5.1858139e-01 5.3958851e-01 0.0000000e+00 
1.1778920e+00 1.8819040e-01 0.0000000e+00 
6.3357651e-01 4.2729640e-01 0.0000000e+00 
2.1912169e-01 8.9860998e-02 0.0000000e+00 
4.4828820e-01 3.3391532e-02 0.0000000e+00 
7.1727687e-01 2.3730519e-01 0.0000000e+00 
9.8337471e-02 2.5592181e-01 0.0000000e+00 
4.8688981e-01 5.3696889e-01 0.0000000e+00 
9.1024607e-01 4.6742149e-02 0.0000000e+00 
4.2072469e-01 3.1704551e-01 0.0000000e+00 
2.5881660e-01 2.8481191e-01 0.0000000e+00 
1.3556740e+00 9.6588373e-02 0.0000000e+00 
3.8170820e-01 4.6353251e-01 0.0000000e+00 
6.1133659e-01 4.6789679e-01 0.0000000e+00 
4.4266859e-01 2.4074350e-01 0.0000000e+00 
1.4653840e+00 5.0395852e-01 0.0000000e+00 
1.1433500e+00 2.3560201e-01 0.0000000e+00 
5.5341142e-01 3.6430839e-01 0.0000000e+00 
5.7990170e-01 2.7820900e-01 0.0000000e+00 
4.4887719e-01 2.0151231e-01 0.0000000e+00 
4.6245420e-01 4.1756010e-01 0.0000000e+00 
4.1210291e-01 2.1662711e-01 0.0000000e+00 
5.1736373e-01 5.6347691e-02 0.0000000e+00 
7.0604849e-01 3.3807889e-01 0.0000000e+00 
4.3653390e-01 1.2656429e-01 0.0000000e+00 
4.2773649e-01 3.9727569e-01 0.0000000e+00 
4.2305809e-01 2.7508900e-01 0.0000000e+00 
1.9111360e+00 1.7995431e-01 0.0000000e+00 
1.2975690e+00 9.4644032e-02 0.0000000e+00 
7.4613649e-01 2.3963641e-01 0.0000000e+00 
2.9362991e-01 4.1433749e-01 0.0000000e+00 
5.8357382e-01 3.0761179e-01 0.0000000e+00 
5.3191912e-01 3.7253350e-01 0.0000000e+00 
4.4445190e-01 8.4593862e-02 0.0000000e+00 
1.5468830e+00 4.5422599e-01 0.0000000e+00 
6.2926418e-01 2.7103639e-01 0.0000000e+00 
3.5220909e-01 2.8729489e-01 0.0000000e+00 
8.3805579e-01 3.3710629e-01 0.0000000e+00 
5.2616048e-01 4.0003020e-01 0.0000000e+00 
1.8064611e-01 5.2023911e-01 0.0000000e+00 
4.2505819e-01 3.3176431e-01 0.0000000e+00 
7.7968621e-01 5.0346297e-01 0.0000000e+00 
1.2679260e+00 4.6381779e-02 0.0000000e+00 
5.8107018e-01 2.9473820e-01 0.0000000e+00 
6.1925322e-01 3.3036381e-01 0.0000000e+00 
5.6537521e-01 2.5524691e-01 0.0000000e+00 
3.8967860e-01 6.5405212e-02 0.0000000e+00 
1.0865080e+00 2.3449360e-01 0.0000000e+00 
1.4042149e-01 9.9993236e-02 0.0000000e+00 
1.0030100e+00 3.5783571e-01 0.0000000e+00 
3.6067769e-01 3.0184039e-01 0.0000000e+00 
5.7885981e-01 3.8880101e-01 0.0000000e+00 
1.5990330e+00 4.4926330e-01 0.0000000e+00 
9.1439813e-02 3.7532219e-01 0.0000000e+00 
5.7995051e-01 1.7130360e-01 0.0000000e+00 
6.1258352e-01 2.5273019e-01 0.0000000e+00 
4.0172791e-01 2.2754180e-01 0.0000000e+00 
5.4750210e-01 9.9742994e-02 0.0000000e+00 
6.1311978e-01 2.0313910e-01 0.0000000e+00 
6.1223829e-01 2.2002740e-01 0.0000000e+00 
1.8586820e+00 3.2957241e-01 0.0000000e+00 
5.8738971e-01 3.7580970e-01 0.0000000e+00 
4.5219980e-02 4.4195049e-02 0.0000000e+00 
4.8124549e-01 2.2123460e-01 0.0000000e+00 
4.3828961e-02 5.5591398e-01 0.0000000e+00 
1.0568640e+00 1.9004630e-01 0.0000000e+00 
3.3193341e-01 4.4711831e-01 0.0000000e+00 
3.0378929e-01 4.4286191e-01 0.0000000e+00 
5.3415012e-01 1.2728420e-01 0.0000000e+00 
5.0386423e-01 2.1636350e-01 0.0000000e+00 
1.9116580e+00 4.2358989e-01 0.0000000e+00 
4.5517069e-01 3.6521810e-01 0.0000000e+00 
3.6732909e-01 3.6239621e-01 0.0000000e+00 
6.3041377e-01 3.0585691e-01 0.0000000e+00 
1.9569679e+00 4.3301821e-02 0.0000000e+00 
5.7146299e-01 4.8058590e-01 0.0000000e+00 
1.6484860e+00 5.1718348e-01 0.0000000e+00 
9.4670999e-01 1.8556410e-01 0.0000000e+00 
6.3752991e-01 4.6584189e-01 0.0000000e+00 
1.9572541e+00 5.5697870e-01 0.0000000e+00 
6.4813697e-01 2.4830820e-01 0.0000000e+00 
6.0179752e-01 3.7555191e-01 0.0000000e+00 
1.4364240e+00 4.6111640e-01 0.0000000e+00 
5.6217611e-01 3.5223660e-01 0.0000000e+00 
6.6050959e-01 4.3027630e-01 0.0000000e+00 
4.0468970e-01 5.1149738e-01 0.0000000e+00 
5.1506358e-01 2.0555650e-01 0.0000000e+00 
4.3334481e-01 1.8108650e-01 0.0000000e+00 
9.9962813e-01 1.8700930e-01 0.0000000e+00 
6.9131333e-01 1.1763480e-01 0.0000000e+00 
4.4599831e-01 1.8538959e-01 0.0000000e+00 
5.1551181e-01 4.8891029e-01 0.0000000e+00 
4.3754059e-01 5.8743980e-02 0.0000000e+00 
5.9589100e-01 3.4163511e-01 0.0000000e+00 
2.3624770e-01 5.2814358e-01 0.0000000e+00 
6.6953379e-01 3.7169310e-01 0.0000000e+00 
3.6865169e-01 3.9570969e-01 0.0000000e+00 
5.9758049e-01 1.9620110e-01 0.0000000e+00 
1.3329040e-01 5.1544452e-01 0.0000000e+00 
1.0515270e+00 3.5504949e-01 0.0000000e+00 
3.3392131e-01 6.8202123e-02 0.0000000e+00 
1.7869949e-01 8.1389397e-02 0.0000000e+00 
9.2706198e-01 1.4882250e-01 0.0000000e+00 
1.7000279e+00 5.1305068e-01 0.0000000e+00 
3.4774879e-01 2.6959679e-01 0.0000000e+00 
5.7002652e-01 3.3917850e-01 0.0000000e+00 
4.5571360e-01 1.7617980e-01 0.0000000e+00 
8.2389021e-01 8.1237279e-02 0.0000000e+00 
5.6977302e-01 4.0162051e-01 0.0000000e+00 
5.7622939e-01 9.1579817e-02 0.0000000e+00 
7.9520959e-01 1.9354109e-01 0.0000000e+00 
7.1731091e-01 1.9555099e-01 0.0000000e+00 
9.5533073e-01 4.0679529e-01 0.0000000e+00 
5.1722008e-01 4.1250920e-01 0.0000000e+00 
4.3116611e-01 5.4470932e-01 0.0000000e+00 
6.9998658e-01 1.5358570e-01 0.0000000e+00 
3.7607810e-01 2.2627370e-01 0.0000000e+00 
5.1978278e-01 3.9113960e-01 0.0000000e+00 
5.3689402e-01 2.1312129e-01 0.0000000e+00 
9.0401761e-02 2.1924180e-01 0.0000000e+00 
7.8513551e-01 3.6338761e-01 0.0000000e+00 
2.8628290e-01 5.2971011e-01 0.0000000e+00 
1.9101239e+00 1.3962340e-01 0.0000000e+00 
3.3938929e-01 1.5675519e-01 0.0000000e+00 
3.5365051e-01 1.4366330e-01 0.0000000e+00 
5.9640652e-01 1.7787141e-01 0.0000000e+00 
2.3996450e-01 3.0955619e-01 0.0000000e+00 
4.0130991e-01 5.3756779e-01 0.0000000e+00 
2.6203820e-01 3.9843059e-01 0.0000000e+00 
1.7610559e+00 5.1254529e-01 0.0000000e+00 
5.3923780e-01 6.9367118e-02 0.0000000e+00 
6.6389477e-01 2.7387929e-01 0.0000000e+00 
5.6400359e-01 1.6758190e-01 0.0000000e+00 
6.3302028e-01 3.3655259e-01 0.0000000e+00 
5.4254562e-01 3.6452681e-01 0.0000000e+00 
5.1293671e-01 2.8587131e-02 0.0000000e+00 
5.1246679e-01 1.8971939e-01 0.0000000e+00 

CELLS 1766 7064
3 0 870 123
3 1 882 70
3 2 887 79
3 3 872 114
3 4 193 35
3 4 516 193
3 5 516 4
3 6 184 5
3 6 612 184
3 7 612 6
3 8 183 7
3 8 799 183
3 9 799 8
3 10 615 9
3 11 335 10
3 11 521 335
3 12 521 11
3 13 311 12
3 13 515 311
3 14 515 13
3 15 312 14
3 15 511 312
3 16 511 15
3 17 308 16
3 17 510 308
3 18 510 17
3 19 301 18
3 19 529 301
3 20 529 19
3 21 124 20
3 21 517 124
3 22 517 21
3 23 277 22
3 23 503 277
3 24 503 23
3 25 266 24
3 25 533 266
3 26 533 25
3 27 269 26
3 27 616 269
3 28 616 27
3 29 513 28
3 30 241 29
3 30 512 241
3 31 512 30
3 32 214 31
3 32 514 214
3 33 514 32
3 34 215 33
3 34 726 215
3 35 726 34
3 36 870 0
3 37 747 36
3 38 155 37
3 38 603 155
3 39 603 38
3 40 130 39
3 40 547 130
3 41 547 40
3 41 619 547
3 42 619 41
3 43 142 42
3 43 812 142
3 44 812 43
3 44 943 597
3 45 943 44
3 46 145 45
3 46 159 145
3 47 159 46
3 48 140 47
3 48 555 140
3 49 555 48
3 49 557 555
3 50 557 49
3 51 126 50
3 51 800 126
3 52 800 51
3 52 816 800
3 53 816 52
3 54 131 53
3 54 663 131
3 55 663 54
3 55 718 663
3 56 718 55
3 57 127 56
3 57 780 127
3 58 780 57
3 58 850 780
3 59 850 58
3 60 148 59
3 60 700 148
3 61 700 60
3 62 128 61
3 62 701 128
3 63 701 62
3 63 744 701
3 64 744 63
3 65 136 64
3 65 613 136
3 66 613 65
3 66 772 613
3 67 772 66
3 68 144 67
3 68 715 144
3 69 715 68
3 70 157 69
3 70 882 157
3 71 882 1
3 72 757 71
3 73 154 72
3 73 674 154
3 74 674 73
3 75 139 74
3 75 676 139
3 76 676 75
3 77 147 76
3 77 662 147
3 78 662 77
3 79 156 78
3 79 887 156
3 80 887 2
3 81 766 80
3 82 706 81
3 83 151 82
3 83 702 151
3 84 702 83
3 85 129 84
3 85 703 129
3 86 703 85
3 87 697 86
3 88 137 87
3 88 756 137
3 89 756 88
3 90 149 89
3 90 653 149
3 91 653 90
3 92 134 91
3 92 673 134
3 93 673 92
3 94 150 93
3 94 675 150
3 95 675 94
3 96 135 95
3 96 624 135
3 97 624 96
3 98 623 97
3 99 125 98
3 99 607 125
3 100 607 99
3 100 736 607
3 101 736 100
3 102 138 101
3 102 566 138
3 103 566 102
3 103 583 566
3 104 583 103
3 105 143 104
3 105 611 143
3 106 611 105
3 106 745 611
3 107 745 106
3 108 141 107
3 108 544 141
3 109 544 108
3 110 543 109
3 111 132 110
3 111 605 132
3 112 605 111
3 113 153 112
3 113 754 153
3 114 754 113
3 114 872 754
3 115 872 3
3 116 158 115
3 116 635 158
3 117 635 116
3 118 146 117
3 118 604 146
3 119 604 118
3 120 133 119
3 120 609 133
3 121 609 120
3 122 152 121
3 122 650 152
3 123 650 122
3 123 870 650
3 124 529 20
3 124 658 529
3 124 817 658
3 125 623 98
3 125 735 623
3 125 782 735
3 126 557 50
3 126 558 557
3 126 559 558
3 126 915 559
3 127 718 56
3 127 804 670
3 128 700 61
3 128 786 700
3 129 702 84
3 129 911 702
3 130 603 39
3 130 610 525
3 130 811 603
3 131 816 53
3 132 543 110
3 132 929 543
3 133 604 119
3 133 734 604
3 133 814 734
3 133 927 814
3 134 653 91
3 134 673 647
3 135 675 95
3 136 613 545
3 136 744 64
3 137 697 87
3 137 698 697
3 137 823 698
3 138 736 101
3 139 674 74
3 139 768 454
3 140 159 47
3 140 160 159
3 140 161 160
3 140 555 161
3 141 745 107
3 141 922 745
3 141 935 922
3 142 619 42
3 142 854 619
3 142 900 640
3 143 583 104
3 143 777 583
3 143 808 634
3 144 740 532
3 144 772 67
3 145 938 830
3 145 943 45
3 146 635 117
3 146 748 635
3 146 861 748
3 147 676 76
3 147 730 676
3 147 878 730
3 148 850 59
3 149 756 89
3 150 673 93
3 150 675 632
3 151 706 82
3 151 937 504
3 152 609 121
3 152 746 609
3 153 605 112
3 153 847 605
3 153 906 847
3 154 757 72
3 154 930 757
3 155 747 37
3 155 856 747
3 155 909 856
3 156 662 78
3 156 711 662
3 156 766 711
3 156 887 766
3 157 715 69
3 157 716 715
3 157 757 716
3 157 882 757
3 158 872 115
3 159 542 145
3 160 542 159
3 160 917 542
3 161 162 160
3 161 760 162
3 162 163 160
3 162 164 163
3 162 165 164
3 162 760 165
3 163 917 160
3 164 187 163
3 164 506 187
3 165 166 164
3 165 167 166
3 165 253 167
3 165 760 253
3 166 506 164
3 166 933 506
3 167 168 166
3 167 169 168
3 167 793 169
3 168 227 166
3 168 866 227
3 169 170 168
3 169 171 170
3 169 188 171
3 169 793 188
3 170 508 168
3 171 172 170
3 171 173 172
3 171 801 173
3 172 244 170
3 172 888 244
3 173 174 172
3 173 175 174
3 173 813 175
3 174 888 172
3 174 939 524
3 175 176 174
3 175 177 176
3 175 178 177
3 175 813 178
3 176 939 174
3 177 180 176
3 177 791 180
3 178 179 177
3 178 181 179
3 178 837 181
3 179 791 177
3 180 191 176
3 180 192 191
3 180 831 192
3 181 182 179
3 181 185 182
3 181 245 185
3 181 837 245
3 182 781 179
3 183 612 7
3 183 799 696
3 183 853 612
3 184 516 5
3 184 612 501
3 184 826 516
3 185 186 182
3 185 189 186
3 185 759 189
3 186 222 182
3 186 845 222
3 187 361 163
3 187 769 361
3 187 792 769
3 188 801 171
3 188 919 801
3 188 923 599
3 189 190 186
3 189 194 190
3 189 243 194
3 189 759 243
3 190 845 186
3 191 523 176
3 192 201 191
3 192 202 201
3 192 203 202
3 192 831 203
3 193 726 35
3 193 839 456
3 193 851 839
3 194 195 190
3 194 196 195
3 194 739 196
3 195 588 190
3 196 197 195
3 196 198 197
3 196 729 198
3 196 739 729
3 197 242 195
3 197 857 242
3 198 199 197
3 198 200 199
3 198 259 200
3 198 729 259
3 199 857 197
3 199 907 857
3 200 216 199
3 200 217 216
3 200 855 217
3 201 232 191
3 201 460 232
3 201 941 460
3 202 204 201
3 202 205 204
3 202 903 205
3 203 831 589
3 203 903 202
3 204 941 201
3 205 206 204
3 205 207 206
3 205 797 207
3 205 903 797
3 206 341 204
3 206 805 341
3 207 208 206
3 207 209 208
3 207 211 209
3 207 797 211
3 208 805 206
3 208 889 805
3 209 210 208
3 209 212 210
3 209 810 212
3 210 344 208
3 210 530 344
3 211 797 761
3 211 810 209
3 211 892 810
3 212 213 210
3 212 220 213
3 212 257 220
3 212 810 257
3 213 530 210
3 214 512 31
3 214 891 825
3 214 942 512
3 215 514 33
3 215 913 514
3 216 907 199
3 217 218 216
3 217 219 218
3 217 824 219
3 217 855 824
3 218 345 216
3 218 651 345
3 219 223 218
3 219 224 223
3 219 258 224
3 219 824 258
3 220 221 213
3 220 254 221
3 220 821 254
3 221 239 213
3 221 240 239
3 221 775 240
3 222 781 182
3 222 845 586
3 222 928 781
3 223 651 218
3 224 225 223
3 224 226 225
3 224 728 226
3 225 352 223
3 225 731 352
3 226 228 225
3 226 229 228
3 226 693 229
3 226 728 693
3 227 933 166
3 228 731 225
3 229 230 228
3 229 231 230
3 229 256 231
3 229 693 256
3 230 356 228
3 230 783 356
3 231 233 230
3 231 234 233
3 231 720 234
3 232 523 191
3 232 621 523
3 232 881 621
3 233 783 230
3 234 235 233
3 234 236 235
3 234 694 236
3 234 720 694
3 235 366 233
3 235 707 366
3 236 237 235
3 236 238 237
3 236 252 238
3 236 694 252
3 237 707 235
3 238 246 237
3 238 247 246
3 238 714 247
3 239 530 213
3 239 916 530
3 240 260 239
3 240 261 260
3 240 262 261
3 240 775 262
3 241 513 29
3 241 614 513
3 241 840 614
3 242 588 195
3 242 737 588
3 242 857 630
3 242 920 737
3 243 739 194
3 243 758 739
3 243 759 563
3 244 508 170
3 244 725 724
3 244 867 508
3 244 888 725
3 245 601 600
3 245 759 185
3 245 837 601
3 245 918 759
3 246 360 237
3 246 704 360
3 247 248 246
3 247 249 248
3 247 250 249
3 247 714 250
3 248 704 246
3 249 255 248
3 249 719 255
3 250 251 249
3 250 342 251
3 250 709 342
3 250 714 709
3 251 719 249
3 252 694 681
3 252 714 238
3 253 793 167
3 253 923 793
3 254 775 221
3 254 821 643
3 254 883 775
3 255 377 248
3 255 378 377
3 255 382 378
3 255 719 382
3 256 686 684
3 256 693 686
3 256 720 231
3 257 810 587
3 257 821 220
3 257 886 821
3 258 728 224
3 258 809 690
3 258 824 809
3 259 855 200
3 259 873 855
3 259 896 873
3 260 346 239
3 260 438 346
3 260 459 438
3 261 459 260
3 262 263 261
3 262 435 263
3 262 436 435
3 262 775 436
3 263 264 261
3 263 265 264
3 263 790 265
3 264 459 261
3 264 921 459
3 265 267 264
3 265 268 267
3 265 270 268
3 265 790 270
3 266 503 24
3 266 620 503
3 266 879 620
3 267 354 264
3 267 355 354
3 267 659 355
3 268 659 267
3 269 533 26
3 269 722 502
3 270 271 268
3 270 326 271
3 270 327 326
3 270 790 327
3 271 272 268
3 271 273 272
3 271 771 273
3 272 659 268
3 272 828 659
3 273 274 272
3 273 275 274
3 273 806 275
3 274 732 272
3 275 276 274
3 275 278 276
3 275 339 278
3 275 806 339
3 276 340 274
3 276 528 340
3 277 517 22
3 277 848 517
3 278 279 276
3 278 280 279
3 278 820 280
3 279 528 276
3 280 281 279
3 280 282 281
3 280 316 282
3 280 820 316
3 281 314 279
3 281 904 314
3 282 283 281
3 282 284 283
3 282 874 284
3 283 904 281
3 284 285 283
3 284 838 285
3 284 875 838
3 285 286 283
3 285 287 286
3 285 296 287
3 285 838 296
3 286 540 283
3 287 288 286
3 287 289 288
3 287 774 289
3 288 539 286
3 289 290 288
3 289 291 290
3 289 774 291
3 290 317 288
3 290 535 317
3 291 292 290
3 291 293 292
3 291 304 293
3 291 774 304
3 292 535 290
3 292 536 535
3 293 294 292
3 293 295 294
3 293 818 295
3 294 536 292
3 295 297 294
3 295 305 297
3 295 322 305
3 295 818 322
3 296 774 287
3 296 936 712
3 297 298 294
3 297 299 298
3 297 742 299
3 298 536 294
3 298 912 536
3 299 300 298
3 299 302 300
3 299 787 302
3 300 315 298
3 300 467 315
3 300 924 467
3 301 510 18
3 301 834 510
3 302 303 300
3 302 306 303
3 302 313 306
3 302 787 313
3 303 924 300
3 304 774 713
3 304 818 293
3 304 934 818
3 305 742 297
3 306 307 303
3 306 309 307
3 306 798 309
3 307 321 303
3 307 660 321
3 308 511 16
3 308 822 511
3 309 310 307
3 309 318 310
3 309 320 318
3 309 798 320
3 310 660 307
3 310 767 660
3 311 521 12
3 311 871 622
3 311 877 521
3 312 515 14
3 312 531 515
3 312 764 531
3 313 787 548
3 313 798 306
3 313 931 798
3 314 528 279
3 314 727 528
3 314 803 727
3 314 904 803
3 315 912 298
3 316 755 602
3 316 820 755
3 316 874 282
3 317 539 288
3 317 796 539
3 318 319 310
3 318 328 319
3 318 638 328
3 319 767 310
3 319 895 767
3 320 638 318
3 320 932 552
3 321 864 784
3 321 924 303
3 322 323 305
3 322 324 323
3 322 637 324
3 322 818 637
3 323 551 305
3 324 325 323
3 324 367 325
3 324 368 367
3 324 637 368
3 325 350 323
3 325 371 350
3 325 773 371
3 326 771 271
3 327 359 326
3 327 402 359
3 327 899 402
3 328 329 319
3 328 832 329
3 329 330 319
3 329 331 330
3 329 332 331
3 329 832 332
3 330 895 319
3 330 898 895
3 330 914 898
3 331 914 330
3 332 333 331
3 332 336 333
3 332 369 336
3 332 832 369
3 333 334 331
3 333 337 334
3 333 779 337
3 334 751 331
3 335 615 10
3 335 750 615
3 336 779 333
3 337 338 334
3 337 347 338
3 337 348 347
3 337 779 348
3 338 351 334
3 338 461 351
3 338 944 461
3 339 806 641
3 339 820 278
3 340 732 274
3 340 833 661
3 341 776 738
3 341 805 776
3 341 941 204
3 342 343 251
3 342 375 343
3 342 376 375
3 342 709 376
3 343 353 251
3 343 373 353
3 343 710 373
3 344 889 208
3 345 633 628
3 345 651 633
3 345 907 216
3 346 916 239
3 347 349 338
3 347 362 349
3 347 794 362
3 348 779 733
3 348 794 347
3 348 876 794
3 349 944 338
3 350 551 323
3 351 751 334
3 352 648 646
3 352 651 223
3 352 731 648
3 353 719 251
3 353 723 719
3 354 921 264
3 355 357 354
3 355 379 357
3 355 380 379
3 355 659 380
3 356 731 228
3 356 752 731
3 356 783 656
3 357 358 354
3 357 789 358
3 358 921 354
3 358 925 846
3 359 372 326
3 359 401 372
3 359 815 401
3 360 707 237
3 360 842 707
3 360 860 842
3 361 917 163
3 362 363 349
3 362 364 363
3 362 431 364
3 362 794 431
3 363 374 349
3 363 527 374
3 364 365 363
3 364 384 365
3 364 940 384
3 365 527 363
3 366 783 233
3 366 890 656
3 367 773 325
3 368 406 367
3 368 407 406
3 368 409 407
3 368 637 409
3 369 370 336
3 369 832 639
3 369 841 370
3 370 403 336
3 370 405 403
3 370 424 405
3 370 841 424
3 371 392 350
3 371 457 392
3 371 458 457
3 371 773 458
3 372 771 326
3 373 422 353
3 373 454 422
3 373 455 454
3 373 710 455
3 374 944 349
3 375 710 343
3 376 394 375
3 376 545 394
3 376 546 545
3 376 709 546
3 377 704 248
3 378 445 377
3 378 705 445
3 379 430 357
3 379 722 430
3 380 381 379
3 380 432 381
3 380 828 432
3 381 722 379
3 382 383 378
3 382 399 383
3 382 723 399
3 383 705 378
3 384 385 365
3 384 541 385
3 384 862 541
3 384 940 862
3 385 386 365
3 385 387 386
3 385 795 387
3 386 527 365
3 386 926 527
3 387 388 386
3 387 389 388
3 387 390 389
3 387 795 390
3 388 400 386
3 388 444 400
3 388 696 444
3 389 696 388
3 390 391 389
3 390 395 391
3 390 447 395
3 390 795 447
3 391 608 389
3 392 393 350
3 392 525 393
3 392 811 525
3 393 551 350
3 394 532 375
3 394 772 532
3 395 396 391
3 395 724 396
3 395 867 724
3 396 397 391
3 396 398 397
3 396 863 398
3 397 608 391
3 398 417 397
3 398 418 417
3 398 419 418
3 398 863 419
3 399 404 383
3 399 730 404
3 399 868 730
3 400 926 386
3 401 534 372
3 401 815 745
3 401 922 534
3 402 815 359
3 402 899 537
3 403 779 336
3 404 504 383
3 404 711 504
3 404 878 711
3 405 434 403
3 405 830 434
3 406 408 367
3 406 814 408
3 407 734 406
3 408 773 367
3 408 927 746
3 409 410 407
3 409 411 410
3 409 713 411
3 409 934 713
3 410 437 407
3 410 778 437
3 411 412 410
3 411 413 412
3 411 712 413
3 411 713 712
3 412 778 410
3 413 414 412
3 413 415 414
3 413 657 415
3 413 936 657
3 414 416 412
3 414 749 416
3 415 423 414
3 415 518 423
3 415 519 518
3 415 657 519
3 416 749 636
3 416 778 412
3 417 501 397
3 417 826 501
3 418 420 417
3 418 421 420
3 418 753 421
3 419 753 418
3 419 843 753
3 419 863 725
3 420 826 417
3 420 851 826
3 421 425 420
3 421 426 425
3 421 443 426
3 421 753 443
3 422 723 353
3 422 868 723
3 423 749 414
3 423 847 749
3 423 902 847
3 424 597 405
3 424 812 597
3 424 900 812
3 425 851 420
3 426 427 425
3 426 428 427
3 426 765 428
3 427 839 425
3 428 429 427
3 428 738 429
3 428 852 738
3 429 456 427
3 429 743 456
3 429 901 743
3 430 616 513
3 430 722 616
3 430 789 357
3 431 794 769
3 431 940 364
3 432 433 381
3 432 661 433
3 432 732 661
3 432 828 732
3 433 502 381
3 433 509 502
3 433 592 509
3 433 661 592
3 434 733 403
3 434 865 733
3 434 938 865
3 435 790 263
3 435 899 790
3 436 537 435
3 436 538 537
3 436 883 538
3 437 734 407
3 437 861 604
3 438 439 346
3 438 442 439
3 438 846 442
3 439 440 346
3 439 441 440
3 439 617 441
3 440 916 346
3 441 448 440
3 441 449 448
3 441 825 449
3 442 617 439
3 442 840 617
3 442 925 614
3 443 753 621
3 443 765 426
3 443 881 765
3 444 750 400
3 444 799 615
3 445 446 377
3 445 911 446
3 445 937 911
3 446 704 377
3 446 860 704
3 446 884 699
3 446 911 884
3 447 867 395
3 447 905 866
3 448 859 440
3 448 869 859
3 449 450 448
3 449 451 450
3 449 891 451
3 450 869 448
3 451 452 450
3 451 743 452
3 451 913 743
3 452 453 450
3 452 776 453
3 452 901 776
3 453 869 450
3 453 889 869
3 454 674 139
3 454 768 422
3 454 835 674
3 455 740 716
3 455 835 454
3 455 930 835
3 456 726 193
3 456 839 427
3 456 913 726
3 457 811 392
3 457 909 811
3 458 746 717
3 458 773 746
3 458 856 457
3 459 846 438
3 459 921 846
3 460 852 765
3 460 881 232
3 460 941 852
3 461 462 351
3 461 466 462
3 461 944 466
3 462 463 351
3 462 464 463
3 462 622 464
3 463 751 351
3 464 465 463
3 464 531 465
3 464 871 531
3 465 507 463
3 465 827 507
3 466 622 462
3 466 877 622
3 466 894 877
3 466 944 894
3 467 468 315
3 467 741 468
3 467 784 741
3 467 924 784
3 468 469 315
3 468 470 469
3 468 471 470
3 468 741 471
3 469 912 315
3 470 763 469
3 471 472 470
3 471 485 472
3 471 486 485
3 471 741 486
3 472 473 470
3 472 474 473
3 472 606 474
3 473 763 470
3 474 475 473
3 474 596 475
3 474 658 596
3 475 476 473
3 475 477 476
3 475 478 477
3 475 596 478
3 476 763 473
3 476 858 763
3 477 642 476
3 477 796 642
3 478 479 477
3 478 480 479
3 478 484 480
3 478 596 484
3 479 796 477
3 480 481 479
3 480 482 481
3 480 595 482
3 481 483 479
3 481 802 483
3 482 489 481
3 482 490 489
3 482 491 490
3 482 595 491
3 483 796 479
3 483 880 539
3 484 595 480
3 484 848 595
3 485 606 472
3 485 834 606
3 486 487 485
3 486 488 487
3 486 494 488
3 486 741 494
3 487 721 510
3 487 834 485
3 488 721 487
3 489 802 481
3 489 803 802
3 490 727 489
3 491 492 490
3 491 620 492
3 491 788 620
3 492 493 490
3 492 592 493
3 492 620 509
3 493 727 490
3 493 833 528
3 494 495 488
3 494 864 495
3 495 496 488
3 495 497 496
3 495 829 497
3 495 864 829
3 496 721 488
3 496 822 721
3 497 498 496
3 497 499 498
3 497 500 499
3 497 829 500
3 498 822 496
3 499 644 498
3 499 827 644
3 500 505 499
3 500 767 505
3 500 829 660
3 501 608 397
3 501 826 184
3 501 853 608
3 502 533 269
3 502 722 381
3 502 879 533
3 503 788 277
3 504 705 383
3 504 706 151
3 504 711 706
3 504 937 705
3 505 827 499
3 505 898 827
3 506 792 187
3 506 862 792
3 506 933 862
3 507 751 463
3 507 914 751
3 508 866 168
3 508 867 866
3 509 592 492
3 509 879 502
3 510 721 308
3 510 834 487
3 511 764 312
3 511 822 764
3 512 840 241
3 512 942 840
3 513 616 28
3 513 789 430
3 514 891 214
3 514 913 891
3 515 871 311
3 516 851 193
3 517 817 124
3 517 848 817
3 518 902 423
3 518 929 902
3 519 520 518
3 519 602 520
3 519 875 602
3 520 602 593
3 520 929 518
3 521 522 335
3 521 877 522
3 522 750 335
3 522 785 750
3 522 894 785
3 523 621 524
3 523 939 176
3 524 843 725
3 524 888 174
3 524 939 523
3 525 526 393
3 525 610 526
3 525 811 130
3 526 548 393
3 526 549 548
3 526 550 549
3 526 610 550
3 527 785 374
3 527 926 785
3 528 727 493
3 528 833 340
3 529 658 606
3 529 834 301
3 530 859 344
3 530 916 859
3 531 644 465
3 531 764 644
3 531 871 515
3 532 710 375
3 532 740 710
3 532 772 144
3 533 879 266
3 534 641 372
3 534 893 641
3 534 935 893
3 535 642 317
3 535 858 642
3 536 844 535
3 536 912 844
3 537 634 402
3 537 899 435
3 538 634 537
3 538 777 634
3 538 883 643
3 539 540 286
3 539 796 483
3 539 880 540
3 540 880 802
3 540 904 283
3 541 795 385
3 541 905 795
3 541 933 905
3 542 917 865
3 542 938 145
3 543 544 109
3 543 593 544
3 543 929 593
3 544 935 141
3 545 613 394
3 545 677 136
3 546 677 545
3 546 678 677
3 546 695 678
3 546 709 695
3 547 610 130
3 547 908 610
3 548 551 393
3 548 787 551
3 548 931 313
3 549 931 548
3 549 932 931
3 550 552 549
3 550 553 552
3 550 908 553
3 551 742 305
3 551 787 742
3 552 638 320
3 552 932 549
3 553 554 552
3 553 854 554
3 553 908 619
3 554 638 552
3 554 639 638
3 554 640 639
3 554 854 640
3 555 556 161
3 555 557 556
3 556 760 161
3 556 897 760
3 557 558 556
3 558 897 556
3 559 560 558
3 559 561 560
3 559 562 561
3 559 915 562
3 560 598 558
3 560 599 598
3 560 600 599
3 561 600 560
3 561 918 600
3 562 563 561
3 562 564 563
3 562 565 564
3 562 915 565
3 563 758 243
3 563 759 561
3 564 758 563
3 564 910 758
3 565 669 564
3 565 816 669
3 565 915 800
3 566 567 138
3 566 582 567
3 566 583 582
3 567 568 138
3 567 569 568
3 567 585 569
3 568 736 138
3 569 570 568
3 569 584 570
3 569 587 584
3 569 886 587
3 570 571 568
3 570 572 571
3 570 573 572
3 570 584 573
3 571 736 568
3 571 849 607
3 572 849 571
3 573 574 572
3 573 575 574
3 573 579 575
3 573 584 579
3 574 576 572
3 574 577 576
3 574 618 577
3 575 618 574
3 576 849 572
3 577 578 576
3 577 580 578
3 577 586 580
3 577 618 586
3 578 782 576
3 579 589 575
3 579 762 589
3 580 581 578
3 580 737 581
3 581 735 578
3 581 737 629
3 582 585 567
3 582 643 585
3 582 777 643
3 583 777 582
3 584 761 579
3 584 892 761
3 585 886 569
3 586 588 580
3 586 845 588
3 586 928 222
3 587 886 257
3 587 892 584
3 588 737 580
3 588 845 190
3 589 590 575
3 589 591 590
3 589 762 203
3 589 831 591
3 590 618 575
3 590 928 618
3 591 781 590
3 591 791 781
3 591 831 791
3 592 833 493
3 593 594 544
3 593 755 594
3 593 929 520
3 594 935 544
3 595 788 491
3 595 848 788
3 596 817 484
3 597 812 44
3 597 830 405
3 597 943 830
3 598 897 558
3 598 923 897
3 599 919 188
3 599 923 598
3 600 601 599
3 600 918 245
3 601 813 801
3 601 837 813
3 601 919 599
3 602 755 593
3 602 874 316
3 602 875 874
3 603 909 155
3 604 734 437
3 604 861 146
3 605 902 132
3 606 658 474
3 606 834 529
3 607 736 571
3 607 782 125
3 607 849 782
3 608 696 389
3 608 853 696
3 609 927 133
3 610 908 550
3 611 808 143
3 611 815 808
3 612 853 501
3 613 772 394
3 614 789 513
3 614 840 442
3 614 925 789
3 615 750 444
3 615 799 9
3 616 722 269
3 617 825 441
3 617 942 825
3 618 928 586
3 619 854 553
3 619 908 547
3 620 788 503
3 620 879 509
3 621 843 524
3 621 881 443
3 622 871 464
3 622 877 311
3 623 624 97
3 623 631 624
3 623 735 631
3 624 625 135
3 624 631 625
3 625 626 135
3 625 627 626
3 625 629 627
3 625 631 629
3 626 675 135
3 627 628 626
3 627 652 628
3 628 632 626
3 628 633 632
3 628 652 345
3 629 630 627
3 629 631 581
3 629 920 630
3 630 652 627
3 630 857 652
3 630 920 242
3 631 735 581
3 632 645 150
3 632 675 626
3 633 645 632
3 633 646 645
3 633 651 646
3 634 777 143
3 634 808 402
3 635 636 158
3 635 748 636
3 636 748 416
3 636 754 158
3 636 906 754
3 637 934 409
3 638 639 328
3 639 832 328
3 639 841 369
3 640 841 639
3 640 854 142
3 640 900 841
3 641 771 372
3 641 806 771
3 641 807 339
3 641 893 807
3 642 796 317
3 642 858 476
3 643 777 538
3 643 821 585
3 643 883 254
3 644 764 498
3 644 827 465
3 645 673 150
3 646 647 645
3 646 648 647
3 646 651 352
3 647 649 134
3 647 673 645
3 648 649 647
3 648 752 649
3 649 653 134
3 649 654 653
3 649 752 654
3 650 717 152
3 650 747 717
3 650 870 747
3 652 907 345
3 653 654 149
3 654 655 149
3 654 656 655
3 654 752 656
3 655 756 149
3 655 823 756
3 655 890 823
3 656 752 356
3 656 783 366
3 656 890 655
3 657 875 519
3 657 936 838
3 658 817 596
3 659 828 380
3 660 767 500
3 660 829 321
3 661 732 340
3 661 833 592
3 662 878 147
3 663 664 131
3 663 665 664
3 663 718 665
3 664 669 131
3 665 666 664
3 665 667 666
3 665 670 667
3 665 718 670
3 666 668 664
3 666 896 668
3 667 873 666
3 668 669 664
3 668 896 885
3 668 910 669
3 669 816 131
3 669 910 564
3 670 671 667
3 670 718 127
3 670 804 671
3 671 672 667
3 671 804 691
3 671 809 672
3 672 873 667
3 674 835 154
3 676 768 139
3 677 744 136
3 678 679 677
3 678 680 679
3 678 681 680
3 678 695 681
3 679 744 677
3 679 770 701
3 680 770 679
3 681 682 680
3 681 694 682
3 681 695 252
3 682 683 680
3 682 684 683
3 682 720 684
3 683 770 680
3 683 786 770
3 684 685 683
3 684 686 685
3 684 720 256
3 685 786 683
3 685 819 786
3 686 687 685
3 686 688 687
3 686 693 688
3 687 819 685
3 687 836 819
3 688 689 687
3 688 690 689
3 688 728 690
3 689 836 687
3 690 691 689
3 690 728 258
3 690 809 691
3 691 692 689
3 691 804 692
3 691 809 671
3 692 804 780
3 692 836 689
3 692 850 836
3 693 728 688
3 694 720 682
3 695 714 252
3 696 799 444
3 696 853 183
3 697 703 86
3 698 699 697
3 698 823 708
3 698 842 699
3 699 703 697
3 699 860 446
3 699 884 703
3 700 819 148
3 701 744 679
3 701 770 128
3 702 937 151
3 703 884 129
3 704 860 360
3 705 937 445
3 706 766 81
3 707 708 366
3 707 842 708
3 708 842 698
3 708 890 366
3 709 714 695
3 710 740 455
3 711 766 706
3 711 878 662
3 712 774 296
3 712 936 413
3 713 774 712
3 713 934 304
3 715 740 144
3 716 740 715
3 716 930 455
3 717 746 152
3 717 856 458
3 719 723 382
3 721 822 308
3 723 868 399
3 724 863 396
3 724 867 244
3 725 843 419
3 725 863 724
3 725 888 524
3 726 913 215
3 727 803 489
3 729 896 259
3 730 768 676
3 730 868 768
3 730 878 404
3 731 752 648
3 732 828 272
3 733 779 403
3 733 876 348
3 734 814 406
3 735 782 578
3 737 920 629
3 738 852 341
3 738 901 429
3 739 885 729
3 741 784 494
3 742 787 299
3 743 901 452
3 743 913 456
3 745 815 611
3 745 922 401
3 746 773 408
3 746 927 609
3 747 856 717
3 747 870 36
3 748 778 416
3 748 861 778
3 749 906 636
3 750 926 400
3 751 914 331
3 753 843 621
3 754 872 158
3 754 906 153
3 755 807 594
3 755 820 807
3 756 823 137
3 757 882 71
3 757 930 716
3 758 885 739
3 758 910 885
3 759 918 561
3 760 897 253
3 761 762 579
3 761 797 762
3 761 892 211
3 762 903 203
3 763 844 469
3 763 858 844
3 764 822 498
3 765 852 428
3 765 881 460
3 766 887 80
3 767 895 505
3 768 868 422
3 769 792 431
3 769 865 361
3 769 876 865
3 770 786 128
3 771 806 273
3 775 883 436
3 776 805 453
3 776 901 738
3 778 861 437
3 780 804 127
3 780 850 692
3 781 791 179
3 781 928 590
3 782 849 576
3 784 864 494
3 784 924 321
3 785 894 374
3 785 926 750
3 786 819 700
3 788 848 277
3 789 925 358
3 790 899 327
3 791 831 180
3 792 940 431
3 793 923 188
3 794 876 769
3 795 905 447
3 797 903 762
3 798 932 320
3 800 816 565
3 800 915 126
3 801 813 173
3 801 919 601
3 802 803 540
3 802 880 483
3 803 904 540
3 805 889 453
3 807 820 339
3 807 893 594
3 808 815 402
3 809 824 672
3 810 892 587
3 811 909 603
3 812 900 142
3 813 837 178
3 814 927 408
3 817 848 484
3 818 934 637
3 819 836 148
3 821 886 585
3 823 890 708
3 824 855 672
3 825 891 449
3 825 942 214
3 826 851 516
3 827 898 507
3 829 864 321
3 830 938 434
3 830 943 145
3 835 930 154
3 836 850 148
3 838 875 657
3 838 936 296
3 839 851 425
3 840 942 617
3 841 900 424
3 842 860 699
3 844 858 535
3 844 912 469
3 846 921 358
3 846 925 442
3 847 902 605
3 847 906 749
3 852 941 341
3 855 873 672
3 856 909 457
3 857 907 652
3 859 869 344
3 859 916 440
3 862 933 541
3 862 940 792
3 865 876 733
3 865 917 361
3 865 938 542
3 866 867 447
3 866 905 227
3 869 889 344
3 873 896 666
3 874 875 284
3 877 894 522
3 884 911 129
3 885 896 729
3 885 910 668
3 891 913 451
3 893 935 594
3 894 944 374
3 895 898 505
3 897 923 253
3 898 914 507
3 902 929 132
3 905 933 227
3 911 937 702
3 922 935 534
3 931 932 798

CELL_TYPES 1766
5
5
5
5
5
5
5
5
5
5
5
5
5
5
5
5
5
5
5
5
5
5
5
5
5
5
5
5
5
5
5
5
5
5
5
5
5
5
5
5
5
5
5
5
5
5
5
5
5
5
5
5
5
5
5
5
5
5
5
5
5
5
5
5
5
5
5
5
5
5
5
5
5
5
5
5
5
5
5
5
5
5
5
5
5
5
5
5
5
5
5
5
5
5
5
5
5
5
5
5
5
5
5
5
5
5
5
5
5
5
5
5
5
5
5
5
5
5
5
5
5
5
5
5
5
5
5
5
5
5
5
5
5
5
5
5
5
5
5
5
5
5
5
5
5
5
5
5
5
5
5
5
5
5
5
5
5
5
5
5
5
5
5
5
5
5
5
5
5
5
5
5
5
5
5
5
5
5
5
5
5
5
5
5
5
5
5
5
5
5
5
5
5
5
5
5
5
5
5
5
5
5
5
5
5
5
5
5
5
5
5
5
5
5
5
5
5
5
5
5
5
5
5
5
5
5
5
5
5
5
5
5
5
5
5
5
5
5
5
5
5
5
5
5
5
5
5
5
5
5
5
5
5
5
5
5
5
5
5
5
5
5
5
5
5
5
5
5
5
5
5
5
5
5
5
5
5
5
5
5
5
5
5
5
5
5
5
5
5
5
5
5
5
5
5
5
5
5
5
5
5
5
5
5
5
5
5
5
5
5
5
5
5
5
5
5
5
5
5
5
5
5
5
5
5
5
5
5
5
5
5
5
5
5
5
5
5
5
5
5
5
5
5
5
5
5
5
5
5
5
5
5
5
5
5
5
5
5
5
5
5
5
5
5
5
5
5
5
5
5
5
5
5
5
5
5
5
5
5
5
5
5
5
5
5
5
5
5
5
5
5
5
5
5
5
5
5
5
5
5
5
5
5
5
5
5
5
5
5
5
5
5
5
5
5
5
5
5
5
5
5
5
5
5
5
5
5
5
5
5
5
5
5
5
5
5
5
5
5
5
5
5
5
5
5
5
5
5
5
5
5
5
5
5
5
5
5
5
5
5
5
5
5
5
5
5
5
5
5
5
5
5
5
5
5
5
5
5
5
5
5
5
5
5
5
5
5
5
5
5
5
5
5
5
5
5
5
5
5
5
5
5
5
5
5
5
5
5
5
5
5
5
5
5
5
5
5
5
5
5
5
5
5
5
5
5
5
5
5
5
5
5
5
5
5
5
5
5
5
5
5
5
5
5
5
5
5
5
5
5
5
5
5
5
5
5
5
5
5
5
5
5
5
5
5
5
5
5
5
5
5
5
5
5
5
5
5
5
5
5
5
5
5
5
5
5
5
5
5
5
5
5
5
5
5
5
5
5
5
5
5
5
5
5
5
5
5
5
5
5
5
5
5
5
5
5
5
5
5
5
5
5
5
5
5
5
5
5
5
5
5
5
5
5
5
5
5
5
5
5
5
5
5
5
5
5
5
5
5
5
5
5
5
5
5
5
5
5
5
5
5
5
5
5
5
5
5
5
5
5
5
5
5
5
5
5
5
5
5
5
5
5
5
5
5
5
5
5
5
5
5
5
5
5
5
5
5
5
5
5
5
5
5
5
5
5
5
5
5
5
5
5
5
5
5
5
5
5
5
5
5
5
5
5
5
5
5
5
5
5
5
5
5
5
5
5
5
5
5
5
5
5
5
5
5
5
5
5
5
5
5
5
5
5
5
5
5
5
5
5
5
5
5
5
5
5
5
5
5
5
5
5
5
5
5
5
5
5
5
5
5
5
5
5
5
5
5
5
5
5
5
5
5
5
5
5
5
5
5
5
5
5
5
5
5
5
5
5
5
5
5
5
5
5
5
5
5
5
5
5
5
5
5
5
5
5
5
5
5
5
5
5
5
5
5
5
5
5
5
5
5
5
5
5
5
5
5
5
5
5
5
5
5
5
5
5
5
5
5
5
5
5
5
5
5
5
5
5
5
5
5
5
5
5
5
5
5
5
5
5
5
5
5
5
5
5
5
5
5
5
5
5
5
5
5
5
5
5
5
5
5
5
5
5
5
5
5
5
5
5
5
5
5
5
5
5
5
5
5
5
5
5
5
5
5
5
5
5
5
5
5
5
5
5
5
5
5
5
5
5
5
5
5
5
5
5
5
5
5
5
5
5
5
5
5
5
5
5
5
5
5
5
5
5
5
5
5
5
5
5
5
5
5
5
5
5
5
5
5
5
5
5
5
5
5
5
5
5
5
5
5
5
5
5
5
5
5
5
5
5
5
5
5
5
5
5
5
5
5
5
5
5
5
5
5
5
5
5
5
5
5
5
5
5
5
5
5
5
5
5
5
5
5
5
5
5
5
5
5
5
5
5
5
5
5
5
5
5
5
5
5
5
5
5
5
5
5
5
5
5
5
5
5
5
5
5
5
5
5
5
5
5
5
5
5
5
5
5
5
5
5
5
5
5
5
5
5
5
5
5
5
5
5
5
5
5
5
5
5
5
5
5
5
5
5
5
5
5
5
5
5
5
5
5
5
5
5
5
5
5
5
5
5
5
5
5
5
5
5
5
5
5
5
5
5
5
5
5
5
5
5
5
5
5
5
5
5
5
5
5
5
5
5
5
5
5
5
5
5
5
5
5
5
5
5
5
5
5
5
5
5
5
5
5
5
5
5
5
5
5
5
5
5
5
5
5
5
5
5
5
5
5
5
5
5
5
5
5
5
5
5
5
5
5
5
5
5
5
5
5
5
5
5
5
5
5
5
5
5
5
5
5
5
5
5
5
5
5
5
5
5
5
5
5
5
5
5
5
5
5
5
5
5
5
5
5
5
5
5
5
5
5
5
5
5
5
5
5
5
5
5
5
5
5
5
5
5
5
5
5
5
5
5
5
5
5
5
5
5
5
5
5
5
5
5
5
5
5
5
5
5
5
5
5
5
5
5
5
5
5
5
5
5
5
5
5
5
5
5
5
5
5
5
5
5
5
5
5
5
5
5
5
5
5
5
5
5
5
5
5
5
5
5
5
5
5
5
5
5
5
5
5
5
5
5
5
5
5
5
5
5
5
5
5
5
5
5
5
5
5
5
5
5
5
5
5
5
5
5
5
5
5
5
5
5
5
5
5
5
5
5
5
5
5
5
5
5
5
5
5
5
5
5
5
5
5
5
5
5
5
5
5
5
5
5
5
5
5
5
5
5
5
5
5
5
5
5
5
5
5
5
5
5
5
5
5
5
5
5
5
5
5
5
5
5
5
5
5
5
5
5
5
5
5
5
5
5
5
5
5
5
5
5
5
5
5
5
5
5
5
5
5
5
5
5
5
5
5
5
5
5
5
5
5
5
5
5
5
5
5
5
5
5
5
5
5
5
5
5
5
5
5
5
5
5
5
5
5
5
5
5
5
5
5
5
5
5
5
5
5
5
5
5
5
5
5
5
5
5
5
5
5
5
5
5
5
5
5
5
5
5
5
5
5
5
5
5
5
5
5
5
5
5
5
5
5
5
5
5
5
5
5
5
5
5
5
5
5
5
5
5
5
5
5
5
5
5
5
5
5
5
5
5
5
5
5
5
5
5
5
5
5
5
5
5
5
5
5
5
5
5
5
5
5
5
5
5
5
5
5
5
5
5
5
5
5
5
5
5
5
5
5
5
5
5
5
5
5
5
5
5
5
5
5
5
5
5
5
5
5
5
5
5
5
5
5
5
5
5
5
5
5
5
5
5
5
5
5
5
5
5
5
5
5
5
5
5
5
5
5
5
5
5
5
5
5
5
5
5
5
5
5
5
5
5
5
5
5
5
5
5
5
5
5
5
5
5
5
5
5
5
5
5
5
5
5
5
5
5
5
5
5
5
5
5
5
5
5
5
5
5
5
5
5
5
5
5
5
5
5
5
5
5
5
5
5
5
5
5
5
5
5
5
5
5
5
5
5
5
5
5
5
5
5
5
5
5
5
5
5
5
5
5
5
5
5
5
5
5
5
5
5
5
5
5
5
POINT_DATA 945
FIELD FieldData 2
VELOCITY 3 945  float
1.0000000e-01 0.0000000e+00 0.0000000e+00 
1.0000030e-01 0.0000000e+00 0.0000000e+00 
1.0000006e-01 0.0000000e+00 0.0000000e+00 
1.0000000e-01 0.0000000e+00 0.0000000e+00 
0.0000000e+00 0.0000000e+00 0.0000000e+00 
0.0000000e+00 0.0000000e+00 0.0000000e+00 
0.0000000e+00 0.0000000e+00 0.0000000e+00 
0.0000000e+00 0.0000000e+00 0.0000000e+00 
0.0000000e+00 0.0000000e+00 0.0000000e+00 
0.0000000e+00 0.0000000e+00 0.0000000e+00 
0.0000000e+00 0.0000000e+00 0.0000000e+00 
0.0000000e+00 0.0000000e+00 0.0000000e+00 
0.0000000e+00 0.0000000e+00 0.0000000e+00 
0.0000000e+00 0.0000000e+00 0.0000000e+00 
0.0000000e+00 0.0000000e+00 0.0000000e+00 
0.0000000e+00 0.0000000e+00 0.0000000e+00 
0.0000000e+00 0.0000000e+00 0.0000000e+00 
0.0000000e+00 0.0000000e+00 0.0000000e+00 
0.0000000e+00 0.0000000e+00 0.0000000e+00 
0.0000000e+00 0.0000000e+00 0.0000000e+00 
0.0000000e+00 0.0000000e+00 0.0000000e+00 
0.0000000e+00 0.0000000e+00 0.0000000e+00 
0.0000000e+00 0.0000000e+00 0.0000000e+00 
0.0000000e+00 0.0000000e+00 0.0000000e+00 
0.0000000e+00 0.0000000e+00 0.0000000e+00 
0.0000000e+00 0.0000000e+00 0.0000000e+00 
0.0000000e+00 0.0000000e+00 0.0000000e+00 
0.0000000e+00 0.0000000e+00 0.0000000e+00 
0.0000000e+00 0.0000000e+00 0.0000000e+00 
0.0000000e+00 0.0000000e+00 0.0000000e+00 
0.0000000e+00 0.0000000e+00 0.0000000e+00 
0.0000000e+00 0.0000000e+00 0.0000000e+00 
0.0000000e+00 0.0000000e+00 0.0000000e+00 
0.0000000e+00 0.0000000e+00 0.0000000e+00 
0.0000000e+00 0.0000000e+00 0.0000000e+00 
0.0000000e+00 0.0000000e+00 0.0000000e+00 
1.0017800e-01 1.2318852e-26 0.0000000e+00 
1.0074309e-01 1.9387046e-25 0.0000000e+00 
1.0188811e-01 1.9387046e-25 0.0000000e+00 
1.0388254e-01 1.9387046e-25 0.0000000e+00 
1.0691851e-01 -2.5849394e-25 0.0000000e+00 
1.1094840e-01 -2.5849394e-25 0.0000000e+00 
1.1589704e-01 -2.5849394e-25 0.0000000e+00 
1.2119093e-01 4.1359031e-25 0.0000000e+00 
1.2621847e-01 -9.3057819e-25 0.0000000e+00 
1.3000910e-01 4.1359031e-25 0.0000000e+00 
1.3202129e-01 3.3087225e-24 0.0000000e+00 
1.3189755e-01 3.3087225e-24 0.0000000e+00 
1.2961690e-01 3.3087225e-24 0.0000000e+00 
1.2532987e-01 -8.2718061e-25 0.0000000e+00 
1.1946828e-01 -8.2718061e-25 0.0000000e+00 
1.1351743e-01 -8.2718061e-25 0.0000000e+00 
1.0868374e-01 0.0000000e+00 0.0000000e+00 
1.0525432e-01 0.0000000e+00 0.0000000e+00 
1.0300710e-01 0.0000000e+00 0.0000000e+00 
1.0169434e-01 -1.0339758e-25 0.0000000e+00 
1.0094915e-01 -1.0339758e-25 0.0000000e+00 
1.0053370e-01 -1.0339758e-25 0.0000000e+00 
1.0029756e-01 1.5509636e-25 0.0000000e+00 
1.0016694e-01 1.5509636e-25 0.0000000e+00 
1.0009529e-01 1.5509636e-25 0.0000000e+00 
1.0005362e-01 -2.5849394e-26 0.0000000e+00 
1.0003033e-01 -2.5849394e-26 0.0000000e+00 
1.0001709e-01 -2.5849394e-26 0.0000000e+00 
1.0000963e-01 -3.2311743e-27 0.0000000e+00 
1.0000545e-01 -3.2311743e-27 0.0000000e+00 
1.0000313e-01 -3.2311743e-27 0.0000000e+00 
1.0000181e-01 -5.6797985e-28 0.0000000e+00 
1.0000107e-01 -5.6797985e-28 0.0000000e+00 
1.0000066e-01 -5.6797985e-28 0.0000000e+00 
1.0000042e-01 1.2116904e-27 0.0000000e+00 
1.0000024e-01 1.1568653e-07 0.0000000e+00 
1.0000014e-01 1.8631152e-07 0.0000000e+00 
1.0000001e-01 2.0282950e-07 0.0000000e+00 
9.9999905e-02 1.5851639e-07 0.0000000e+00 
9.9999838e-02 6.5438343e-08 0.0000000e+00 
9.9999823e-02 -3.4324501e-08 0.0000000e+00 
9.9999882e-02 -1.1250580e-07 0.0000000e+00 
9.9999957e-02 -1.1402422e-07 0.0000000e+00 
1.0000002e-01 -7.7964984e-08 0.0000000e+00 
1.0000015e-01 3.2311743e-27 0.0000000e+00 
1.0000033e-01 2.0194839e-27 0.0000000e+00 
1.0000067e-01 2.0194839e-27 0.0000000e+00 
1.0000133e-01 2.0194839e-27 0.0000000e+00 
1.0000256e-01 1.7165613e-27 0.0000000e+00 
1.0000465e-01 1.7165613e-27 0.0000000e+00 
1.0000861e-01 1.7165613e-27 0.0000000e+00 
1.0001585e-01 2.5849394e-26 0.0000000e+00 
1.0002831e-01 2.5849394e-26 0.0000000e+00 
1.0005037e-01 2.5849394e-26 0.0000000e+00 
1.0009031e-01 2.0679515e-25 0.0000000e+00 
1.0016339e-01 2.0679515e-25 0.0000000e+00 
1.0029414e-01 2.0679515e-25 0.0000000e+00 
1.0052838e-01 2.0679515e-25 0.0000000e+00 
1.0094575e-01 2.0679515e-25 0.0000000e+00 
1.0168277e-01 2.0679515e-25 0.0000000e+00 
1.0297702e-01 0.0000000e+00 0.0000000e+00 
1.0518778e-01 0.0000000e+00 0.0000000e+00 
1.0861227e-01 0.0000000e+00 0.0000000e+00 
1.1351661e-01 2.0679515e-25 0.0000000e+00 
1.1955955e-01 2.0679515e-25 0.0000000e+00 
1.2531435e-01 2.0679515e-25 0.0000000e+00 
1.2967578e-01 3.3087225e-24 0.0000000e+00 
1.3210911e-01 3.3087225e-24 0.0000000e+00 
1.3218425e-01 3.3087225e-24 0.0000000e+00 
1.3002668e-01 5.1698788e-26 0.0000000e+00 
1.2615284e-01 5.1698788e-26 0.0000000e+00 
1.2119908e-01 5.1698788e-26 0.0000000e+00 
1.1593828e-01 -3.1019273e-25 0.0000000e+00 
1.1096568e-01 -3.1019273e-25 0.0000000e+00 
1.0689405e-01 -3.1019273e-25 0.0000000e+00 
1.0382349e-01 0.0000000e+00 0.0000000e+00 
1.0182629e-01 0.0000000e+00 0.0000000e+00 
1.0070921e-01 0.0000000e+00 0.0000000e+00 
1.0015342e-01 -1.6155871e-26 0.0000000e+00 
1.0000000e-01 0.0000000e+00 0.0000000e+00 
1.0000000e-01 0.0000000e+00 0.0000000e+00 
1.0000000e-01 0.0000000e+00 0.0000000e+00 
1.0000000e-01 0.0000000e+00 0.0000000e+00 
1.0000000e-01 0.0000000e+00 0.0000000e+00 
1.0000000e-01 0.0000000e+00 0.0000000e+00 
1.0000000e-01 0.0000000e+00 0.0000000e+00 
1.0000000e-01 0.0000000e+00 0.0000000e+00 
1.0000000e-01 0.0000000e+00 0.0000000e+00 
1.0371903e-02 8.6583281e-03 0.0000000e+00 
1.1037873e-01 -3.9528189e-03 0.0000000e+00 
1.1634363e-01 5.3519662e-03 0.0000000e+00 
1.0062637e-01 3.4270313e-04 0.0000000e+00 
1.0003416e-01 1.8689509e-05 0.0000000e+00 
1.0000299e-01 -1.6760528e-06 0.0000000e+00 
1.0457463e-01 -2.8316206e-03 0.0000000e+00 
1.0350381e-01 1.8512538e-03 0.0000000e+00 
1.0482640e-01 2.4080158e-03 0.0000000e+00 
9.9875726e-02 -1.8003264e-04 0.0000000e+00 
1.0018907e-01 -1.0979516e-04 0.0000000e+00 
1.0199305e-01 -1.0791434e-03 0.0000000e+00 
1.0000598e-01 3.5080645e-06 0.0000000e+00 
1.0001851e-01 -9.8794744e-06 0.0000000e+00 
1.2826554e-01 -3.5883500e-03 0.0000000e+00 
9.9999778e-02 1.6251140e-07 0.0000000e+00 
1.3176745e-01 1.9121751e-03 0.0000000e+00 
1.1870851e-01 3.8517930e-03 0.0000000e+00 
1.1863853e-01 -4.6731895e-03 0.0000000e+00 
1.3229859e-01 1.9660390e-03 0.0000000e+00 
1.0000114e-01 6.8317303e-07 0.0000000e+00 
1.3215514e-01 -1.7223605e-03 0.0000000e+00 
9.9947020e-02 3.8397821e-04 0.0000000e+00 
9.9999778e-02 -1.0908923e-07 0.0000000e+00 
1.0010893e-01 5.7670324e-05 0.0000000e+00 
1.0005748e-01 -3.2485845e-05 0.0000000e+00 
1.0061704e-01 -3.4941171e-04 0.0000000e+00 
1.0000074e-01 -5.1981158e-07 0.0000000e+00 
1.0000741e-01 -4.7876427e-04 0.0000000e+00 
1.0108083e-01 8.2106114e-04 0.0000000e+00 
1.0000008e-01 2.6402927e-07 0.0000000e+00 
1.0103009e-01 -9.5137983e-04 0.0000000e+00 
1.0000002e-01 -1.4015548e-07 0.0000000e+00 
1.0000046e-01 1.9821536e-07 0.0000000e+00 
1.0003892e-01 3.5844443e-04 0.0000000e+00 
1.3303655e-01 1.5364742e-04 0.0000000e+00 
1.3518648e-01 1.9669256e-03 0.0000000e+00 
1.3218962e-01 5.4009110e-03 0.0000000e+00 
1.3670397e-01 6.2825279e-03 0.0000000e+00 
1.3905428e-01 1.9423972e-03 0.0000000e+00 
1.3996004e-01 6.5709399e-03 0.0000000e+00 
1.3563418e-01 1.1684467e-02 0.0000000e+00 
1.3361195e-01 1.2740730e-02 0.0000000e+00 
1.2757373e-01 1.8122900e-02 0.0000000e+00 
1.1305845e-01 1.9140288e-02 0.0000000e+00 
1.0972027e-01 2.3051258e-02 0.0000000e+00 
8.7020792e-02 2.2309020e-02 0.0000000e+00 
8.5970961e-02 2.5416084e-02 0.0000000e+00 
5.9179928e-02 2.1238513e-02 0.0000000e+00 
6.0412448e-02 2.3489913e-02 0.0000000e+00 
3.2782897e-02 1.6191339e-02 0.0000000e+00 
3.9765928e-02 1.7040085e-02 0.0000000e+00 
1.7654613e-02 7.4725412e-03 0.0000000e+00 
3.1001607e-02 6.3818833e-03 0.0000000e+00 
4.9647938e-02 1.6530210e-02 0.0000000e+00 
4.5656320e-02 4.0139924e-03 0.0000000e+00 
2.2352725e-02 -4.2933356e-03 0.0000000e+00 
6.2452886e-02 1.4573351e-02 0.0000000e+00 
6.0961682e-02 9.5968728e-04 0.0000000e+00 
3.2165903e-03 1.4678350e-04 0.0000000e+00 
-1.3914498e-03 -2.9173410e-03 0.0000000e+00 
7.4268334e-02 1.1499612e-02 0.0000000e+00 
7.4506469e-02 -8.5505606e-05 0.0000000e+00 
1.4235063e-01 7.7736058e-04 0.0000000e+00 
1.0904264e-01 2.5298327e-02 0.0000000e+00 
8.3626784e-02 7.6865540e-03 0.0000000e+00 
8.4732376e-02 -1.1310393e-03 0.0000000e+00 
1.0265879e-02 -3.3589609e-03 0.0000000e+00 
2.7607538e-02 -1.3360824e-02 0.0000000e+00 
-1.7210873e-03 1.4364873e-03 0.0000000e+00 
8.9777164e-02 4.1393950e-03 0.0000000e+00 
9.1455422e-02 -1.5807769e-03 0.0000000e+00 
9.4204180e-02 1.9823159e-03 0.0000000e+00 
9.5211841e-02 -8.0638967e-04 0.0000000e+00 
9.6741952e-02 1.0527245e-03 0.0000000e+00 
9.7317234e-02 -5.4914737e-04 0.0000000e+00 
9.8130599e-02 5.2228669e-04 0.0000000e+00 
1.6455300e-02 -1.0323529e-02 0.0000000e+00 
4.2162810e-02 -1.8421723e-02 0.0000000e+00 
5.6178879e-02 -2.2713348e-02 0.0000000e+00 
3.6138687e-02 -1.4584557e-02 0.0000000e+00 
6.3504271e-02 -2.0410292e-02 0.0000000e+00 
5.7007201e-02 -1.6416561e-02 0.0000000e+00 
8.7619148e-02 -2.0191574e-02 0.0000000e+00 
8.0511130e-02 -1.6355395e-02 0.0000000e+00 
1.1015881e-01 -1.7669199e-02 0.0000000e+00 
1.0919619e-01 -1.3910213e-02 0.0000000e+00 
1.1149852e-01 -2.1165268e-02 0.0000000e+00 
1.2860851e-01 -1.2873346e-02 0.0000000e+00 
1.3052009e-01 -8.2693081e-03 0.0000000e+00 
1.0356652e-02 -3.2713639e-03 0.0000000e+00 
-4.7222580e-05 1.8915083e-03 0.0000000e+00 
9.8538764e-02 -3.3266615e-04 0.0000000e+00 
9.8947480e-02 2.4209966e-04 0.0000000e+00 
9.9221639e-02 -2.7123166e-04 0.0000000e+00 
9.9429414e-02 1.0493770e-04 0.0000000e+00 
1.3913886e-01 -7.0882756e-03 0.0000000e+00 
1.4156100e-01 -1.9867481e-03 0.0000000e+00 
7.2143011e-02 -1.0737097e-02 0.0000000e+00 
9.9578738e-02 -1.5863070e-04 0.0000000e+00 
9.9680662e-02 4.9815251e-05 0.0000000e+00 
9.9768080e-02 -9.3195245e-05 0.0000000e+00 
9.9821799e-02 2.1890899e-05 0.0000000e+00 
1.1849742e-01 1.4755483e-02 0.0000000e+00 
9.9872485e-02 -5.4828593e-05 0.0000000e+00 
9.9900886e-02 9.0650146e-06 0.0000000e+00 
9.9928759e-02 -3.1464475e-05 0.0000000e+00 
9.9944547e-02 3.6874035e-06 0.0000000e+00 
2.0887672e-03 -2.3212796e-03 0.0000000e+00 
9.9960648e-02 -1.8114089e-05 0.0000000e+00 
9.9968404e-02 1.4324704e-06 0.0000000e+00 
9.9978514e-02 -1.1714917e-05 0.0000000e+00 
9.9982388e-02 2.5779561e-09 0.0000000e+00 
9.9988431e-02 -6.7281512e-06 0.0000000e+00 
9.9990197e-02 -1.9065651e-07 0.0000000e+00 
1.3106841e-01 -3.5802128e-03 0.0000000e+00 
1.4329225e-01 4.0712641e-03 0.0000000e+00 
3.2605596e-02 -4.1549983e-03 0.0000000e+00 
9.5723622e-02 -3.9050381e-03 0.0000000e+00 
9.3464136e-02 9.9179074e-03 0.0000000e+00 
5.9263933e-02 1.7342823e-02 0.0000000e+00 
8.3356410e-02 2.1440582e-02 0.0000000e+00 
9.9993616e-02 -3.8064536e-06 0.0000000e+00 
9.9994518e-02 -1.8623979e-07 0.0000000e+00 
9.9996485e-02 -2.1629621e-06 0.0000000e+00 
9.9996932e-02 -1.3766359e-07 0.0000000e+00 
9.9996462e-02 1.7976640e-06 0.0000000e+00 
9.9997997e-02 9.9497299e-07 0.0000000e+00 
9.9988982e-02 6.0790908e-06 0.0000000e+00 
1.2991449e-01 1.6117541e-02 0.0000000e+00 
1.4190851e-01 -2.2642214e-03 0.0000000e+00 
9.9998094e-02 -1.2395830e-06 0.0000000e+00 
9.9941716e-02 3.9772443e-05 0.0000000e+00 
1.3600971e-01 -1.1448734e-02 0.0000000e+00 
9.9692643e-02 2.6038336e-04 0.0000000e+00 
9.8307982e-02 1.7031643e-03 0.0000000e+00 
1.3582921e-01 3.5098093e-03 0.0000000e+00 
1.4432266e-01 1.0724440e-02 0.0000000e+00 
1.4381394e-01 8.4346933e-03 0.0000000e+00 
1.4277890e-01 1.4284301e-02 0.0000000e+00 
1.4359128e-01 1.8622346e-02 0.0000000e+00 
1.3999644e-01 2.0497803e-02 0.0000000e+00 
5.2021228e-02 4.1022040e-02 0.0000000e+00 
1.4055729e-01 2.6439101e-02 0.0000000e+00 
1.3508418e-01 2.5649250e-02 0.0000000e+00 
6.1615333e-02 2.2233743e-02 0.0000000e+00 
1.3437431e-01 1.8989563e-02 0.0000000e+00 
1.2916940e-01 2.2375353e-02 0.0000000e+00 
1.2811084e-01 3.0689696e-02 0.0000000e+00 
1.2289016e-01 2.4601847e-02 0.0000000e+00 
1.1946449e-01 3.1483918e-02 0.0000000e+00 
1.1636434e-01 2.4760239e-02 0.0000000e+00 
1.1158138e-01 3.0001398e-02 0.0000000e+00 
2.8742855e-02 3.8323596e-02 0.0000000e+00 
1.1041091e-01 2.2980990e-02 0.0000000e+00 
1.0464737e-01 2.6208537e-02 0.0000000e+00 
1.0560510e-01 2.0118948e-02 0.0000000e+00 
1.0025718e-01 2.1601718e-02 0.0000000e+00 
1.0204040e-01 1.6654899e-02 0.0000000e+00 
9.6751779e-02 1.7307270e-02 0.0000000e+00 
9.9762790e-02 1.2881636e-02 0.0000000e+00 
9.5973499e-02 1.1904128e-02 0.0000000e+00 
9.1672696e-02 1.4341544e-02 0.0000000e+00 
9.2773840e-02 9.5075127e-03 0.0000000e+00 
8.7876052e-02 1.0124318e-02 0.0000000e+00 
9.0151906e-02 6.2103765e-03 0.0000000e+00 
8.5877173e-02 4.8229476e-03 0.0000000e+00 
8.9762464e-02 2.2475605e-03 0.0000000e+00 
8.6172618e-02 -5.9320731e-04 0.0000000e+00 
9.0463020e-02 -1.3696215e-03 0.0000000e+00 
8.8456035e-02 -5.0658509e-03 0.0000000e+00 
9.2433423e-02 -4.2462060e-03 0.0000000e+00 
9.5828444e-02 7.9485327e-03 0.0000000e+00 
9.1777898e-02 -8.0254050e-03 0.0000000e+00 
8.6638264e-02 -1.0323701e-02 0.0000000e+00 
9.2485629e-02 -1.2335985e-02 0.0000000e+00 
8.8494614e-02 -1.7773518e-02 0.0000000e+00 
1.3706826e-02 -2.2811277e-02 0.0000000e+00 
9.5005505e-02 -1.6981410e-02 0.0000000e+00 
9.3430310e-02 -2.3144813e-02 0.0000000e+00 
9.2934199e-02 1.4249405e-03 0.0000000e+00 
9.4845131e-02 -6.0831131e-03 0.0000000e+00 
9.9160850e-02 -2.0582944e-02 0.0000000e+00 
9.9349625e-02 -2.7110199e-02 0.0000000e+00 
4.3859534e-02 -4.4893667e-02 0.0000000e+00 
1.0457513e-01 -2.2691162e-02 0.0000000e+00 
1.0665305e-01 -2.8996585e-02 0.0000000e+00 
6.8800837e-02 -1.3828366e-02 0.0000000e+00 
6.2014163e-02 -3.4814205e-02 0.0000000e+00 
9.9466458e-02 -1.5398168e-02 0.0000000e+00 
9.7599372e-02 2.8472075e-02 0.0000000e+00 
8.1647791e-02 -1.4949334e-02 0.0000000e+00 
1.0618983e-01 1.5008791e-02 0.0000000e+00 
8.1045985e-02 9.5865317e-03 0.0000000e+00 
1.1068463e-01 -2.2592701e-02 0.0000000e+00 
1.1491987e-01 -2.9034294e-02 0.0000000e+00 
1.0803605e-01 -1.7849168e-02 0.0000000e+00 
9.2471451e-02 -3.1451110e-02 0.0000000e+00 
9.5170140e-02 -3.2989117e-03 0.0000000e+00 
9.7203948e-02 -4.6845893e-03 0.0000000e+00 
9.7191639e-02 -2.3860463e-03 0.0000000e+00 
9.8530203e-02 -3.1555735e-03 0.0000000e+00 
1.2916975e-01 1.6387975e-02 0.0000000e+00 
1.3324220e-01 1.3321402e-02 0.0000000e+00 
1.1686549e-01 -2.1113554e-02 0.0000000e+00 
1.2196696e-01 -2.5115449e-02 0.0000000e+00 
1.2184286e-01 -3.2283161e-02 0.0000000e+00 
1.2891097e-01 -2.8457684e-02 0.0000000e+00 
1.2678193e-01 -2.0912219e-02 0.0000000e+00 
1.3318364e-01 -2.1710748e-02 0.0000000e+00 
1.3672617e-01 -2.7537238e-02 0.0000000e+00 
3.4990359e-02 4.0172930e-03 0.0000000e+00 
1.3017300e-01 -1.6188247e-02 0.0000000e+00 
1.3945580e-01 -2.0209974e-02 0.0000000e+00 
1.4241332e-01 -2.3617310e-02 0.0000000e+00 
1.1468530e-01 1.9009136e-02 0.0000000e+00 
1.1332855e-01 3.7831981e-02 0.0000000e+00 
2.6850373e-02 -9.6977074e-03 0.0000000e+00 
9.9998437e-02 2.4029514e-06 0.0000000e+00 
9.9999107e-02 1.3620801e-06 0.0000000e+00 
8.4987536e-02 -1.3280186e-02 0.0000000e+00 
9.9305242e-02 -8.5191033e-04 0.0000000e+00 
1.1506671e-01 -3.7422674e-03 0.0000000e+00 
1.4377756e-01 -1.6648160e-02 0.0000000e+00 
1.4078234e-01 -1.3720169e-02 0.0000000e+00 
1.4169313e-01 -1.5345694e-02 0.0000000e+00 
9.9166185e-02 -5.0291670e-03 0.0000000e+00 
1.3839526e-01 -3.1949751e-02 0.0000000e+00 
9.9797972e-02 -2.5959357e-04 0.0000000e+00 
9.9998876e-02 5.5969389e-07 0.0000000e+00 
1.3950618e-01 2.3383856e-02 0.0000000e+00 
1.3781247e-01 3.2340690e-02 0.0000000e+00 
9.9942043e-02 -8.0128106e-05 0.0000000e+00 
1.2917262e-01 2.5181238e-02 0.0000000e+00 
1.2630068e-01 1.5011101e-02 0.0000000e+00 
1.2885228e-01 1.1326707e-02 0.0000000e+00 
9.9995278e-02 -8.4842895e-06 0.0000000e+00 
1.4007609e-01 -1.7598163e-03 0.0000000e+00 
1.4391552e-01 -1.0384366e-02 0.0000000e+00 
1.3453898e-01 -6.6377525e-03 0.0000000e+00 
1.3891511e-01 -3.1024574e-03 0.0000000e+00 
1.2192721e-01 1.9157093e-03 0.0000000e+00 
9.9984787e-02 -3.0308691e-05 0.0000000e+00 
9.8560162e-02 -1.6894157e-03 0.0000000e+00 
9.7786248e-02 -6.9886504e-04 0.0000000e+00 
1.2483358e-01 -1.5674230e-02 0.0000000e+00 
1.2801465e-01 -1.1410385e-02 0.0000000e+00 
9.9825554e-02 -3.1862361e-03 0.0000000e+00 
1.2449686e-01 1.3344921e-02 0.0000000e+00 
9.9999510e-02 7.7203276e-07 0.0000000e+00 
1.2749566e-01 -9.6293008e-03 0.0000000e+00 
9.9999897e-02 2.1237670e-06 0.0000000e+00 
9.9999860e-02 3.7232635e-06 0.0000000e+00 
9.9998720e-02 -2.7265478e-06 0.0000000e+00 
9.9999294e-02 -1.4504753e-06 0.0000000e+00 
1.2852444e-01 3.6400057e-02 0.0000000e+00 
1.3262205e-01 4.0157109e-02 0.0000000e+00 
1.2423579e-01 4.6718318e-02 0.0000000e+00 
9.9998944e-02 -6.5752567e-07 0.0000000e+00 
9.9999629e-02 -7.7975761e-07 0.0000000e+00 
1.2946986e-01 3.8309235e-03 0.0000000e+00 
1.0686000e-01 7.9461755e-03 0.0000000e+00 
9.0428188e-02 6.4404267e-03 0.0000000e+00 
7.4650548e-02 1.0050927e-02 0.0000000e+00 
5.3631987e-02 8.2590310e-03 0.0000000e+00 
4.3377869e-02 8.0526285e-03 0.0000000e+00 
6.3353255e-02 1.1053374e-02 0.0000000e+00 
3.5701517e-02 7.6047396e-03 0.0000000e+00 
1.0095044e-01 -4.4154883e-03 0.0000000e+00 
1.0102997e-01 -6.8360008e-03 0.0000000e+00 
1.0000132e-01 2.5219210e-06 0.0000000e+00 
5.4211222e-02 1.1725066e-02 0.0000000e+00 
2.9676810e-02 7.7982028e-03 0.0000000e+00 
1.4958145e-02 2.9240400e-03 0.0000000e+00 
1.1553981e-02 3.6910290e-03 0.0000000e+00 
9.9999368e-02 -3.3718311e-07 0.0000000e+00 
6.5644331e-02 6.7634094e-03 0.0000000e+00 
1.2487463e-01 8.6991712e-03 0.0000000e+00 
1.3314351e-01 8.1407828e-03 0.0000000e+00 
1.3296385e-01 -1.1075900e-02 0.0000000e+00 
9.9999733e-02 -4.3734195e-07 0.0000000e+00 
1.3011801e-01 -7.4720290e-03 0.0000000e+00 
9.8955698e-02 -6.2769605e-04 0.0000000e+00 
9.8651014e-02 2.2448863e-04 0.0000000e+00 
9.9391915e-02 -1.1186603e-03 0.0000000e+00 
9.7072884e-02 8.8925485e-04 0.0000000e+00 
9.8565504e-02 1.4123429e-03 0.0000000e+00 
9.7591341e-02 2.7322250e-03 0.0000000e+00 
9.9030927e-02 2.4540739e-03 0.0000000e+00 
9.8572493e-02 4.5081000e-03 0.0000000e+00 
9.9946074e-02 3.2529668e-03 0.0000000e+00 
1.0044926e-01 5.1187039e-03 0.0000000e+00 
9.9842243e-02 1.8795246e-03 0.0000000e+00 
2.5444778e-03 -2.8982305e-04 0.0000000e+00 
5.0117925e-04 1.1032799e-03 0.0000000e+00 
1.0109007e-02 5.1834839e-03 0.0000000e+00 
-3.3805924e-03 -9.8205043e-04 0.0000000e+00 
-4.8437007e-03 1.4561902e-04 0.0000000e+00 
9.9999353e-02 3.2154270e-07 0.0000000e+00 
1.0122193e-01 3.3776395e-03 0.0000000e+00 
1.2577763e-01 -7.5220009e-03 0.0000000e+00 
-5.1685278e-03 3.8981492e-05 0.0000000e+00 
-5.0699147e-03 -1.6265444e-04 0.0000000e+00 
-3.4063421e-03 8.3862385e-04 0.0000000e+00 
-4.4449200e-05 -1.3290967e-03 0.0000000e+00 
2.8321350e-03 -2.0920648e-04 0.0000000e+00 
1.0698017e-01 2.3393366e-02 0.0000000e+00 
1.4425954e-01 -5.4243891e-03 0.0000000e+00 
1.2515391e-01 4.5245718e-02 0.0000000e+00 
1.1670711e-01 5.2758202e-02 0.0000000e+00 
1.3389264e-01 -6.7927763e-03 0.0000000e+00 
1.4028890e-01 1.0065160e-02 0.0000000e+00 
1.4108983e-01 5.4509565e-03 0.0000000e+00 
9.9360809e-02 5.9038418e-04 0.0000000e+00 
1.1837321e-01 1.2401664e-03 0.0000000e+00 
8.8944823e-02 -5.8792396e-03 0.0000000e+00 
8.6799555e-02 -8.4692538e-03 0.0000000e+00 
5.7637569e-02 -8.3732167e-03 0.0000000e+00 
9.0757951e-02 -1.7736237e-03 0.0000000e+00 
-4.6344846e-03 1.8229256e-04 0.0000000e+00 
3.2987405e-02 7.0174946e-03 0.0000000e+00 
1.0000026e-01 -1.9906822e-06 0.0000000e+00 
1.0000053e-01 -4.0742075e-06 0.0000000e+00 
8.1398837e-02 1.3634994e-02 0.0000000e+00 
5.9404422e-02 -9.3532596e-03 0.0000000e+00 
3.2602143e-02 -6.3358946e-03 0.0000000e+00 
3.6555596e-02 -7.1413037e-03 0.0000000e+00 
1.5691373e-02 -2.4254911e-03 0.0000000e+00 
2.1394286e-02 -4.5868461e-03 0.0000000e+00 
4.1234843e-02 -9.3013672e-03 0.0000000e+00 
9.9999711e-02 4.0567298e-07 0.0000000e+00 
1.0000002e-01 6.7756849e-07 0.0000000e+00 
-1.2553970e-03 2.6414688e-03 0.0000000e+00 
1.0074407e-01 -2.6485450e-03 0.0000000e+00 
1.0009424e-01 -1.8771170e-03 0.0000000e+00 
1.3739939e-01 1.0267108e-02 0.0000000e+00 
4.3634702e-03 -4.8490185e-03 0.0000000e+00 
1.3728480e-01 -2.6060848e-02 0.0000000e+00 
1.3172114e-01 -3.2481704e-02 0.0000000e+00 
1.3249151e-01 -4.0242907e-02 0.0000000e+00 
1.2224755e-01 -4.1168861e-02 0.0000000e+00 
1.2375850e-01 -4.8261564e-02 0.0000000e+00 
1.2562692e-01 -2.1860987e-02 0.0000000e+00 
8.1923291e-02 -2.2866284e-02 0.0000000e+00 
7.4494824e-02 -1.9532684e-02 0.0000000e+00 
7.5168863e-02 -1.0945318e-02 0.0000000e+00 
6.6227943e-02 -1.3337396e-02 0.0000000e+00 
6.4472616e-02 -2.4575392e-02 0.0000000e+00 
5.3855233e-02 -1.6034227e-02 0.0000000e+00 
5.9566170e-02 -4.3644314e-03 0.0000000e+00 
4.5430459e-02 -2.7731117e-03 0.0000000e+00 
5.5994868e-02 7.6120417e-03 0.0000000e+00 
6.6743247e-02 3.5652502e-03 0.0000000e+00 
6.6332623e-02 1.3197692e-02 0.0000000e+00 
5.7556223e-02 2.0970086e-02 0.0000000e+00 
6.9366626e-02 2.2708129e-02 0.0000000e+00 
6.3964531e-02 3.3217199e-02 0.0000000e+00 
7.5595386e-02 3.0691633e-02 0.0000000e+00 
7.4649304e-02 4.1854933e-02 0.0000000e+00 
7.8998514e-02 2.1935541e-02 0.0000000e+00 
4.8336286e-02 3.1676162e-02 0.0000000e+00 
5.2184880e-02 -3.0813556e-02 0.0000000e+00 
6.6314481e-02 -3.7125517e-02 0.0000000e+00 
5.4737624e-02 -4.5565818e-02 0.0000000e+00 
7.2768033e-02 -4.8574023e-02 0.0000000e+00 
8.4389597e-02 3.5909615e-02 0.0000000e+00 
8.7001197e-02 4.5859613e-02 0.0000000e+00 
7.6406933e-02 5.3495288e-02 0.0000000e+00 
9.2382208e-02 5.4983456e-02 0.0000000e+00 
9.8494701e-02 4.5884773e-02 0.0000000e+00 
7.8453973e-02 -3.8430810e-02 0.0000000e+00 
8.6265318e-02 -4.6457410e-02 0.0000000e+00 
8.4171459e-02 -5.6108586e-02 0.0000000e+00 
9.7161323e-02 -5.0844070e-02 0.0000000e+00 
9.7735941e-02 -5.8125243e-02 0.0000000e+00 
1.0866027e-01 -5.1247485e-02 0.0000000e+00 
1.0443256e-01 -4.3470960e-02 0.0000000e+00 
3.2917482e-03 -1.4875740e-03 0.0000000e+00 
1.0365847e-01 5.0042968e-02 0.0000000e+00 
4.2642895e-02 4.3638621e-02 0.0000000e+00 
1.0000016e-01 -6.6322292e-07 0.0000000e+00 
1.1402273e-01 -4.2779643e-02 0.0000000e+00 
1.3976707e-01 6.1025475e-03 0.0000000e+00 
1.2714650e-01 -4.1794453e-02 0.0000000e+00 
8.7294020e-02 1.8589400e-02 0.0000000e+00 
1.0049097e-01 5.8329415e-02 0.0000000e+00 
3.0913394e-02 -4.0989187e-02 0.0000000e+00 
5.4530114e-02 -4.2105760e-02 0.0000000e+00 
1.7994465e-02 -4.6581863e-03 0.0000000e+00 
5.5957269e-02 2.3235464e-03 0.0000000e+00 
2.5662973e-03 8.4852560e-05 0.0000000e+00 
6.3800544e-02 -2.4195388e-02 0.0000000e+00 
-1.6450721e-03 -1.6649719e-03 0.0000000e+00 
1.8312259e-02 2.7191222e-02 0.0000000e+00 
1.0271386e-01 5.1324605e-03 0.0000000e+00 
1.0211335e-01 7.4772350e-03 0.0000000e+00 
1.0472538e-01 6.9869217e-03 0.0000000e+00 
5.0309371e-02 -1.4452456e-03 0.0000000e+00 
7.9939120e-02 -2.0885295e-03 0.0000000e+00 
7.1862722e-03 4.7786622e-03 0.0000000e+00 
1.8411892e-02 1.0819237e-02 0.0000000e+00 
1.0304738e-01 -5.1854276e-03 0.0000000e+00 
1.0387867e-01 -8.1638945e-03 0.0000000e+00 
1.1293418e-01 -7.7624462e-04 0.0000000e+00 
1.0404616e-01 3.5755888e-02 0.0000000e+00 
1.3336362e-02 -1.2738885e-02 0.0000000e+00 
1.1099211e-01 -1.0522675e-02 0.0000000e+00 
1.0605536e-01 -4.7864906e-02 0.0000000e+00 
1.0000076e-01 1.4629896e-06 0.0000000e+00 
6.0016118e-02 3.2620329e-02 0.0000000e+00 
1.2074382e-01 1.0398975e-02 0.0000000e+00 
8.0041081e-02 1.7283803e-03 0.0000000e+00 
8.3114795e-02 -4.8508588e-03 0.0000000e+00 
1.3722695e-01 6.6373781e-03 0.0000000e+00 
1.3808596e-01 2.6900205e-03 0.0000000e+00 
8.5176162e-02 1.5919490e-02 0.0000000e+00 
9.0067014e-02 2.0911507e-02 0.0000000e+00 
1.1879737e-01 9.0254545e-03 0.0000000e+00 
1.3480246e-01 -1.4233105e-03 0.0000000e+00 
1.0830779e-01 3.1281863e-03 0.0000000e+00 
1.1330666e-01 4.5401971e-03 0.0000000e+00 
1.0000241e-01 4.3595542e-06 0.0000000e+00 
9.9999897e-02 6.5737331e-06 0.0000000e+00 
1.0831954e-01 -3.1959598e-03 0.0000000e+00 
1.0103327e-01 -1.0978854e-02 0.0000000e+00 
1.0500004e-01 -1.1729676e-02 0.0000000e+00 
1.0730188e-01 -8.8568116e-03 0.0000000e+00 
9.7944207e-02 -7.9928068e-03 0.0000000e+00 
1.0924594e-01 -1.2822148e-02 0.0000000e+00 
1.1169887e-01 -8.5199419e-03 0.0000000e+00 
1.1470079e-01 -1.1566124e-02 0.0000000e+00 
1.2846279e-01 3.4094632e-03 0.0000000e+00 
1.2780261e-01 8.1594717e-03 0.0000000e+00 
1.2330714e-01 4.8701386e-03 0.0000000e+00 
1.2182668e-01 1.1278891e-02 0.0000000e+00 
1.1404976e-01 1.1787578e-02 0.0000000e+00 
1.1524034e-01 1.7748136e-02 0.0000000e+00 
1.0565092e-01 1.6913487e-02 0.0000000e+00 
1.0753042e-01 1.0645380e-02 0.0000000e+00 
1.0097510e-01 1.2624593e-02 0.0000000e+00 
1.0337174e-01 8.0072684e-03 0.0000000e+00 
1.0695791e-01 6.1462093e-03 0.0000000e+00 
1.3175918e-01 -2.1499449e-03 0.0000000e+00 
1.3201654e-01 -6.1941617e-03 0.0000000e+00 
1.2713605e-01 -8.4578358e-03 0.0000000e+00 
1.3188475e-01 -1.2162599e-02 0.0000000e+00 
1.2452715e-01 -1.5056045e-02 0.0000000e+00 
1.2165511e-01 -9.9937757e-03 0.0000000e+00 
1.1737779e-01 -1.5806245e-02 0.0000000e+00 
1.1567212e-01 -2.1891249e-02 0.0000000e+00 
1.0812916e-01 -2.0835225e-02 0.0000000e+00 
9.8769419e-02 -2.5834145e-02 0.0000000e+00 
1.1059877e-01 -1.4496646e-02 0.0000000e+00 
1.0172349e-01 -1.6879523e-02 0.0000000e+00 
1.0554002e-01 -1.1332352e-02 0.0000000e+00 
1.0608788e-01 -2.6207322e-02 0.0000000e+00 
9.8487303e-02 -1.1599290e-02 0.0000000e+00 
1.0216419e-01 -7.7186073e-03 0.0000000e+00 
1.3483404e-01 -2.8118338e-03 0.0000000e+00 
1.3314846e-01 -2.2809226e-04 0.0000000e+00 
1.2461551e-01 -2.0094328e-02 0.0000000e+00 
1.3615331e-01 -6.9374526e-03 0.0000000e+00 
8.9605726e-02 -1.5712587e-02 0.0000000e+00 
1.3128817e-01 -1.6019300e-02 0.0000000e+00 
9.1596060e-02 -7.9538012e-03 0.0000000e+00 
7.5248316e-02 -2.6584513e-02 0.0000000e+00 
7.5422481e-02 -2.3105679e-02 0.0000000e+00 
5.4587372e-02 -1.8664828e-02 0.0000000e+00 
1.0644203e-01 5.1904570e-02 0.0000000e+00 
1.0848919e-01 7.3011513e-03 0.0000000e+00 
1.1336388e-01 9.3506174e-03 0.0000000e+00 
6.0362753e-02 4.5272455e-02 0.0000000e+00 
4.2950384e-02 1.4221804e-02 0.0000000e+00 
1.2765299e-01 -4.3753423e-03 0.0000000e+00 
1.2216668e-01 1.7374691e-02 0.0000000e+00 
1.1208423e-01 2.4002809e-02 0.0000000e+00 
1.0342374e-01 2.2678921e-02 0.0000000e+00 
9.1851741e-02 2.6762439e-02 0.0000000e+00 
1.0505478e-01 1.0269107e-02 0.0000000e+00 
1.0235361e-01 -1.4138644e-03 0.0000000e+00 
9.9856853e-02 1.8946729e-04 0.0000000e+00 
1.0245273e-01 1.4085568e-03 0.0000000e+00 
3.7161637e-02 -1.8017514e-02 0.0000000e+00 
1.1658155e-01 -5.3539649e-03 0.0000000e+00 
1.8743547e-02 3.3036668e-03 0.0000000e+00 
9.9942401e-02 -3.8638993e-04 0.0000000e+00 
1.0583012e-01 -5.6245960e-03 0.0000000e+00 
1.2889405e-01 3.1074940e-03 0.0000000e+00 
1.8555795e-04 -2.0771872e-03 0.0000000e+00 
1.0000337e-01 2.0705684e-06 0.0000000e+00 
7.5604700e-02 4.2695517e-04 0.0000000e+00 
1.9972010e-02 4.9714176e-03 0.0000000e+00 
5.6542572e-02 1.1002515e-02 0.0000000e+00 
5.7118881e-02 -7.4594165e-03 0.0000000e+00 
9.3975961e-02 -2.2396687e-02 0.0000000e+00 
1.1303327e-01 -4.2482968e-03 0.0000000e+00 
7.7708662e-02 5.9990238e-02 0.0000000e+00 
4.0889246e-04 2.8802489e-03 0.0000000e+00 
1.1345675e-01 -2.7160170e-02 0.0000000e+00 
1.0622812e-01 -2.8500920e-03 0.0000000e+00 
1.0356595e-01 -1.8406818e-03 0.0000000e+00 
1.0174301e-01 -2.5785100e-03 0.0000000e+00 
1.0091940e-01 -1.4639236e-03 0.0000000e+00 
1.0015212e-01 -2.3849213e-03 0.0000000e+00 
9.9969462e-02 -1.3405521e-03 0.0000000e+00 
1.0043382e-01 -4.4710808e-03 0.0000000e+00 
9.8668344e-02 -3.2535156e-03 0.0000000e+00 
1.0329188e-01 -4.3928158e-03 0.0000000e+00 
1.0049000e-01 -8.3065784e-04 0.0000000e+00 
9.9966832e-02 -7.4714323e-04 0.0000000e+00 
1.3463494e-01 3.9405683e-03 0.0000000e+00 
1.0001408e-01 4.6594950e-04 0.0000000e+00 
1.0019887e-01 1.0341890e-03 0.0000000e+00 
9.5968418e-02 -1.0087079e-03 0.0000000e+00 
1.1297448e-01 -1.6625589e-02 0.0000000e+00 
1.1929999e-01 -1.5237670e-02 0.0000000e+00 
1.1890416e-01 -9.4185770e-03 0.0000000e+00 
1.1926244e-01 1.5234182e-02 0.0000000e+00 
7.3635042e-02 7.7878595e-03 0.0000000e+00 
1.3879877e-01 -1.7489303e-03 0.0000000e+00 
1.1088750e-01 -5.4992128e-02 0.0000000e+00 
1.0026357e-01 -4.6723019e-04 0.0000000e+00 
9.9975280e-02 -4.1252485e-04 0.0000000e+00 
1.0014408e-01 -2.6323833e-04 0.0000000e+00 
9.9986672e-02 -2.2376413e-04 0.0000000e+00 
1.0007866e-01 -1.4272041e-04 0.0000000e+00 
1.0005095e-01 -3.8722713e-04 0.0000000e+00 
9.9647097e-02 -4.6326290e-04 0.0000000e+00 
9.9126026e-02 -1.7672535e-03 0.0000000e+00 
1.0010378e-01 -6.0874743e-05 0.0000000e+00 
1.0003942e-01 -7.4046111e-05 0.0000000e+00 
1.0002583e-01 -4.0080871e-05 0.0000000e+00 
9.9995539e-02 -6.1315892e-05 0.0000000e+00 
9.9575095e-02 7.1692904e-03 0.0000000e+00 
2.7160203e-02 1.7737624e-03 0.0000000e+00 
1.3485374e-01 3.2772321e-02 0.0000000e+00 
1.0121278e-01 -3.4962315e-02 0.0000000e+00 
1.1592746e-01 4.5676414e-02 0.0000000e+00 
9.9999920e-02 -1.6791168e-07 0.0000000e+00 
1.0197618e-01 1.0867522e-03 0.0000000e+00 
1.0164251e-01 2.5394745e-03 0.0000000e+00 
1.0089797e-01 1.4416787e-03 0.0000000e+00 
1.0026115e-01 2.2687176e-03 0.0000000e+00 
1.0008664e-01 1.2591743e-03 0.0000000e+00 
1.0058670e-01 4.0438799e-03 0.0000000e+00 
1.0317051e-01 4.5110662e-03 0.0000000e+00 
1.0049600e-01 8.0466812e-04 0.0000000e+00 
1.0007267e-01 6.8594166e-04 0.0000000e+00 
9.9645540e-02 8.6453964e-04 0.0000000e+00 
1.0034349e-01 -1.9784227e-04 0.0000000e+00 
9.9999920e-02 2.6372746e-07 0.0000000e+00 
1.0111465e-01 -6.1352219e-04 0.0000000e+00 
9.9999733e-02 1.3801380e-08 0.0000000e+00 
1.0000449e-01 7.6571050e-06 0.0000000e+00 
1.0000013e-01 1.1676450e-05 0.0000000e+00 
1.0000820e-01 1.3521227e-05 0.0000000e+00 
1.0000066e-01 2.0700345e-05 0.0000000e+00 
9.9992089e-02 1.3907453e-05 0.0000000e+00 
9.9986650e-02 2.4948875e-05 0.0000000e+00 
1.0000200e-01 3.6479345e-05 0.0000000e+00 
9.9977635e-02 4.5070177e-05 0.0000000e+00 
1.0000548e-01 6.4537548e-05 0.0000000e+00 
9.9963322e-02 8.1756152e-05 0.0000000e+00 
1.0001411e-01 1.1402722e-04 0.0000000e+00 
9.9940836e-02 1.4881692e-04 0.0000000e+00 
1.0003192e-01 2.0224394e-04 0.0000000e+00 
9.9903889e-02 2.6698870e-04 0.0000000e+00 
1.0005496e-01 3.6806639e-04 0.0000000e+00 
1.0016696e-01 2.2877514e-04 0.0000000e+00 
9.9898130e-02 7.4693526e-05 0.0000000e+00 
9.9980727e-02 1.1497556e-05 0.0000000e+00 
9.9995337e-02 7.7004197e-06 0.0000000e+00 
2.0358389e-02 4.5235669e-03 0.0000000e+00 
1.0000990e-01 -5.8891137e-06 0.0000000e+00 
1.0000805e-01 -1.3693286e-05 0.0000000e+00 
1.0000362e-01 -7.0551564e-06 0.0000000e+00 
1.0006061e-01 3.2392301e-05 0.0000000e+00 
1.0001931e-01 1.0533285e-05 0.0000000e+00 
1.0000157e-01 -9.5487098e-07 0.0000000e+00 
1.0000554e-01 -2.9720461e-06 0.0000000e+00 
9.9997491e-02 -4.6958244e-06 0.0000000e+00 
1.0000004e-01 -1.1993432e-06 0.0000000e+00 
1.0000033e-01 -3.1045255e-07 0.0000000e+00 
9.9991485e-02 -1.5233813e-05 0.0000000e+00 
1.0000021e-01 -2.2643173e-05 0.0000000e+00 
9.9997282e-02 4.2873276e-06 0.0000000e+00 
9.9999949e-02 1.2028191e-06 0.0000000e+00 
1.0000002e-01 -3.0962912e-07 0.0000000e+00 
9.6672408e-02 4.7356742e-03 0.0000000e+00 
9.5625184e-02 2.4738144e-03 0.0000000e+00 
9.9993758e-02 3.2891828e-06 0.0000000e+00 
1.0000072e-01 3.6857108e-07 0.0000000e+00 
1.0000038e-01 4.5501068e-07 0.0000000e+00 
1.0014777e-01 -9.2914939e-04 0.0000000e+00 
1.0110786e-01 6.1319227e-04 0.0000000e+00 
9.9998295e-02 -8.9075932e-08 0.0000000e+00 
9.9966563e-02 2.1252328e-05 0.0000000e+00 
6.3063763e-02 -5.5712655e-02 0.0000000e+00 
1.0743635e-01 3.5851881e-02 0.0000000e+00 
9.9999011e-02 -3.4841339e-08 0.0000000e+00 
4.3591566e-02 1.2131037e-02 0.0000000e+00 
2.7167503e-02 1.0943317e-02 0.0000000e+00 
-1.4000487e-03 2.8273799e-03 0.0000000e+00 
9.3995281e-02 3.7083793e-02 0.0000000e+00 
9.9823028e-02 1.3999081e-04 0.0000000e+00 
9.7143166e-02 3.1491502e-03 0.0000000e+00 
9.9999607e-02 -1.4080793e-07 0.0000000e+00 
9.9896602e-02 -1.4252626e-04 0.0000000e+00 
1.2238438e-01 3.8336698e-02 0.0000000e+00 
1.3702706e-01 -1.0044648e-02 0.0000000e+00 
9.9529810e-02 -9.1626935e-06 0.0000000e+00 
1.0648248e-01 -6.6246684e-03 0.0000000e+00 
1.2320045e-01 -4.4900160e-03 0.0000000e+00 
9.8161288e-02 -7.1142726e-03 0.0000000e+00 
1.0601126e-02 -3.9590839e-03 0.0000000e+00 
9.5388941e-02 5.7248413e-03 0.0000000e+00 
1.0000047e-01 8.4030700e-07 0.0000000e+00 
7.4634746e-02 -2.8969245e-02 0.0000000e+00 
9.4804227e-02 -9.4465474e-03 0.0000000e+00 
7.3554907e-03 -3.2263331e-04 0.0000000e+00 
1.0001083e-01 6.0737548e-06 0.0000000e+00 
1.2391699e-01 3.7646689e-03 0.0000000e+00 
9.9869862e-02 -9.6531195e-04 0.0000000e+00 
1.0034236e-01 -5.4640137e-04 0.0000000e+00 
9.9865213e-02 9.6048164e-04 0.0000000e+00 
1.0050715e-01 1.8806563e-03 0.0000000e+00 
6.0533792e-02 5.4367748e-03 0.0000000e+00 
1.3280021e-01 -3.4449711e-02 0.0000000e+00 
9.9996969e-02 -1.1688925e-04 0.0000000e+00 
-3.9563183e-04 2.4996067e-03 0.0000000e+00 
1.0034528e-01 5.1416160e-04 0.0000000e+00 
1.0941104e-01 1.2257923e-02 0.0000000e+00 
1.0003324e-01 -1.6951593e-05 0.0000000e+00 
1.0000025e-01 2.3667199e-07 0.0000000e+00 
9.8957062e-02 8.3633773e-03 0.0000000e+00 
9.3510121e-02 1.6458653e-02 0.0000000e+00 
1.3276711e-01 9.8656015e-03 0.0000000e+00 
1.1307486e-01 -2.3910416e-02 0.0000000e+00 
8.6771667e-02 -2.6520556e-02 0.0000000e+00 
6.9966748e-02 -4.4715554e-03 0.0000000e+00 
9.1540478e-02 -5.6121215e-02 0.0000000e+00 
-2.1017904e-03 -1.7837369e-03 0.0000000e+00 
1.0000017e-01 -1.4067841e-07 0.0000000e+00 
1.0983212e-01 -3.5758391e-02 0.0000000e+00 
9.9999584e-02 1.2607973e-07 0.0000000e+00 
1.4267641e-01 -4.9070693e-03 0.0000000e+00 
1.0001452e-01 2.3630024e-05 0.0000000e+00 
1.2445533e-01 1.8633338e-02 0.0000000e+00 
1.0000195e-01 1.1826924e-06 0.0000000e+00 
9.9372976e-02 -2.0902632e-03 0.0000000e+00 
9.3391672e-02 5.0009759e-03 0.0000000e+00 
1.4340733e-01 2.7526787e-03 0.0000000e+00 
2.5485309e-02 -7.1138977e-03 0.0000000e+00 
1.3529961e-01 7.7953684e-04 0.0000000e+00 
9.9389724e-02 1.3986600e-03 0.0000000e+00 
1.3575517e-01 -1.5534464e-02 0.0000000e+00 
1.0036610e-01 1.8579217e-04 0.0000000e+00 
5.7095379e-02 -1.2325304e-02 0.0000000e+00 
1.1144780e-01 -8.7054586e-03 0.0000000e+00 
9.9961311e-02 -4.4069053e-05 0.0000000e+00 
8.3781585e-02 -3.0332861e-02 0.0000000e+00 
1.0122613e-01 -2.6586847e-03 0.0000000e+00 
1.0002618e-01 4.1145329e-05 0.0000000e+00 
9.6937098e-02 -1.1984337e-02 0.0000000e+00 
5.6199644e-02 5.3836077e-02 0.0000000e+00 
1.0565403e-01 1.2282599e-02 0.0000000e+00 
1.3810286e-01 1.4630687e-02 0.0000000e+00 
3.8024992e-02 -7.5964229e-03 0.0000000e+00 
1.4309546e-01 -5.6861230e-05 0.0000000e+00 
1.2129821e-01 2.1450922e-02 0.0000000e+00 
1.4395489e-01 -1.0757491e-02 0.0000000e+00 
9.2869438e-02 1.1445311e-02 0.0000000e+00 
7.6128110e-02 1.5209327e-02 0.0000000e+00 
9.0888172e-02 -2.3979668e-02 0.0000000e+00 
1.0327914e-01 -1.7621633e-02 0.0000000e+00 
9.5307557e-03 3.2833470e-03 0.0000000e+00 
1.1046216e-01 3.6248136e-03 0.0000000e+00 
8.5082434e-02 2.6579520e-02 0.0000000e+00 
8.4464520e-02 2.6682146e-02 0.0000000e+00 
9.1162585e-02 2.8423436e-02 0.0000000e+00 
1.0029677e-01 4.2546808e-04 0.0000000e+00 
4.7473866e-02 -1.2345811e-02 0.0000000e+00 
1.1946817e-01 2.0344110e-02 0.0000000e+00 
1.1394529e-01 1.4240239e-02 0.0000000e+00 
1.3178959e-01 4.6683531e-03 0.0000000e+00 
9.9825017e-02 4.7497911e-04 0.0000000e+00 
1.2645362e-01 -1.6723502e-02 0.0000000e+00 
1.0205440e-01 -3.1922208e-03 0.0000000e+00 
1.2313975e-01 -3.9815963e-03 0.0000000e+00 
6.6591263e-02 2.4318462e-02 0.0000000e+00 
9.9525832e-02 -4.7591946e-04 0.0000000e+00 
1.2855549e-01 6.7101433e-03 0.0000000e+00 
1.0620290e-01 2.7020662e-03 0.0000000e+00 
2.9646028e-02 2.3558397e-02 0.0000000e+00 
9.3648076e-02 -1.2505047e-03 0.0000000e+00 
1.0004841e-01 7.2250368e-05 0.0000000e+00 
1.1009657e-01 1.7249988e-02 0.0000000e+00 
1.3955478e-01 -6.6329874e-03 0.0000000e+00 
7.6920249e-02 -5.9124585e-02 0.0000000e+00 
1.0001524e-01 -2.3569439e-05 0.0000000e+00 
9.9433742e-02 4.8667763e-04 0.0000000e+00 
3.0727452e-02 -6.5855044e-03 0.0000000e+00 
-1.4438606e-03 -2.3243167e-03 0.0000000e+00 
1.1889438e-01 -4.7817972e-02 0.0000000e+00 
1.2938286e-01 3.8066112e-02 0.0000000e+00 
9.5609203e-02 -4.1513916e-02 0.0000000e+00 
1.3130470e-01 -4.3139048e-03 0.0000000e+00 
4.2639669e-02 -1.7196257e-02 0.0000000e+00 
1.2166299e-01 -1.9220345e-02 0.0000000e+00 
1.0785740e-01 4.3650322e-02 0.0000000e+00 
3.4223676e-02 -3.3329222e-02 0.0000000e+00 
1.0000000e-01 4.0954217e-07 0.0000000e+00 
1.0008871e-01 1.2490431e-04 0.0000000e+00 
7.0183426e-02 2.2591354e-02 0.0000000e+00 
9.8219924e-02 9.3662860e-03 0.0000000e+00 
-3.6557745e-03 1.0693737e-03 0.0000000e+00 
4.9125627e-02 -5.8613289e-03 0.0000000e+00 
1.2318762e-01 -1.1137960e-02 0.0000000e+00 
9.9999644e-02 -1.2300817e-05 0.0000000e+00 
9.1929752e-03 6.5442803e-03 0.0000000e+00 
7.7252142e-02 -4.5194128e-03 0.0000000e+00 
8.1530809e-02 -8.5141705e-03 0.0000000e+00 
1.2051808e-01 7.1097272e-03 0.0000000e+00 
1.0134857e-01 1.9272101e-03 0.0000000e+00 
4.0699121e-02 4.1676566e-02 0.0000000e+00 
1.1581938e-01 -1.0947924e-02 0.0000000e+00 
1.0019042e-01 9.3176619e-05 0.0000000e+00 
-3.7121535e-03 -7.3270855e-04 0.0000000e+00 
7.6735490e-03 -4.8904056e-03 0.0000000e+00 
7.1106078e-03 2.9944695e-04 0.0000000e+00 
1.1539565e-01 -7.6810396e-03 0.0000000e+00 
9.9002518e-02 8.8417280e-04 0.0000000e+00 
1.0054609e-01 -1.4808249e-03 0.0000000e+00 
9.7382382e-02 -1.9624187e-03 0.0000000e+00 
7.3408514e-02 8.6493749e-04 0.0000000e+00 
8.5276544e-02 -1.0802741e-02 0.0000000e+00 
9.9999294e-02 -7.1434897e-06 0.0000000e+00 
9.9705033e-02 6.6685304e-04 0.0000000e+00 
1.3575344e-01 4.9896040e-03 0.0000000e+00 
2.3379888e-02 7.8703314e-03 0.0000000e+00 
8.7446943e-02 -3.7602130e-02 0.0000000e+00 
1.3756743e-01 -4.5859409e-03 0.0000000e+00 
9.7631164e-02 1.6346600e-02 0.0000000e+00 
7.1766675e-02 1.5231681e-02 0.0000000e+00 
9.9999376e-02 -1.2944018e-08 0.0000000e+00 
6.0718156e-02 -1.0902401e-02 0.0000000e+00 
1.0007352e-01 -1.7799532e-04 0.0000000e+00 
9.9822901e-02 -3.2141462e-02 0.0000000e+00 
1.0007321e-01 1.5732572e-04 0.0000000e+00 
9.9439733e-02 1.6210442e-03 0.0000000e+00 
1.0294628e-01 1.3016745e-02 0.0000000e+00 
1.0110068e-01 1.0079597e-02 0.0000000e+00 
1.4081571e-01 -8.7894369e-03 0.0000000e+00 
9.6993029e-02 -1.3014441e-02 0.0000000e+00 
9.9999808e-02 -2.3872627e-07 0.0000000e+00 
8.3272211e-02 5.3320676e-02 0.0000000e+00 
8.5291423e-02 2.1045394e-02 0.0000000e+00 
-1.9894575e-03 -1.2665419e-03 0.0000000e+00 
1.0000034e-01 1.0442731e-07 0.0000000e+00 
1.4092875e-01 1.3325183e-03 0.0000000e+00 
1.0000262e-01 -3.3362971e-06 0.0000000e+00 
9.8787166e-02 5.2063628e-03 0.0000000e+00 
1.3606817e-01 -1.0987365e-02 0.0000000e+00 
1.0000009e-01 -7.0614881e-08 0.0000000e+00 
3.8262505e-02 1.5994500e-02 0.0000000e+00 
6.2780626e-02 -1.2952043e-02 0.0000000e+00 
1.0000263e-01 -3.6858135e-05 0.0000000e+00 
1.3517235e-02 -2.5944135e-03 0.0000000e+00 
1.2325143e-01 -1.9988773e-02 0.0000000e+00 
1.1677212e-01 1.1303881e-02 0.0000000e+00 
1.1551612e-01 -1.1044502e-02 0.0000000e+00 
1.1636150e-01 -3.5871599e-02 0.0000000e+00 
9.9158943e-02 2.9745409e-03 0.0000000e+00 
1.2849963e-01 1.3612811e-02 0.0000000e+00 
1.2134039e-01 -3.9478600e-02 0.0000000e+00 
1.3619125e-01 1.0249564e-02 0.0000000e+00 
1.2188350e-01 -7.3357611e-03 0.0000000e+00 
1.2553767e-02 -3.0551413e-03 0.0000000e+00 
1.0302302e-01 3.0590822e-03 0.0000000e+00 
6.7977764e-02 -2.3344683e-02 0.0000000e+00 
9.5351219e-02 2.2596212e-02 0.0000000e+00 
1.0828613e-01 1.3002801e-02 0.0000000e+00 
1.0059687e-01 1.1934963e-03 0.0000000e+00 
9.8364584e-02 -1.1159177e-03 0.0000000e+00 
1.0918026e-01 -6.1817057e-03 0.0000000e+00 
1.0126221e-01 -1.9088706e-03 0.0000000e+00 
1.0111386e-01 6.2064542e-03 0.0000000e+00 
1.0000138e-01 -2.1152050e-06 0.0000000e+00 
8.0839738e-02 -9.3298005e-03 0.0000000e+00 
3.7628899e-03 1.4161776e-03 0.0000000e+00 
1.2685394e-01 -3.5407636e-02 0.0000000e+00 
1.1156370e-01 7.6581063e-03 0.0000000e+00 
1.0926329e-01 -7.5871428e-03 0.0000000e+00 
1.3741979e-01 -5.4170191e-04 0.0000000e+00 
9.8176308e-02 2.0404993e-02 0.0000000e+00 
1.0075685e-01 2.6911430e-02 0.0000000e+00 
9.8492898e-02 -4.5762020e-03 0.0000000e+00 
1.3719919e-01 1.5782813e-02 0.0000000e+00 
1.2101429e-01 6.8643191e-03 0.0000000e+00 
1.2253582e-01 2.0499373e-02 0.0000000e+00 
8.8220604e-02 -2.5314014e-02 0.0000000e+00 
1.0612730e-01 6.3366257e-03 0.0000000e+00 
8.7618977e-02 3.3529545e-03 0.0000000e+00 
9.9694476e-02 -7.0237590e-04 0.0000000e+00 
7.9266712e-02 -1.8925527e-02 0.0000000e+00 
1.0539352e-01 4.4714487e-03 0.0000000e+00 
1.0000014e-01 4.1632566e-07 0.0000000e+00 
1.0300204e-01 -1.4137921e-02 0.0000000e+00 
1.0583588e-01 -1.4804338e-02 0.0000000e+00 
1.2834853e-01 1.0111207e-02 0.0000000e+00 
9.4974935e-02 6.5258902e-04 0.0000000e+00 
1.1690783e-01 7.5680106e-03 0.0000000e+00 
9.7415484e-02 6.3480656e-03 0.0000000e+00 
1.0000067e-01 -1.1335666e-06 0.0000000e+00 
1.3375269e-01 -3.7531916e-03 0.0000000e+00 
1.8024057e-02 9.8568676e-03 0.0000000e+00 
1.3999024e-01 -8.5112631e-05 0.0000000e+00 
1.6874099e-02 -8.8058617e-03 0.0000000e+00 
2.8963324e-02 -6.3452730e-03 0.0000000e+00 
1.2983976e-01 -2.3189429e-03 0.0000000e+00 
1.3666318e-01 -1.8483290e-02 0.0000000e+00 
PRESSURE 1 945  float
3.0293796e+00
0.0000000e+00
0.0000000e+00
3.0290129e+00
-4.0567236e+00
-4.2035398e+00
-4.6424646e+00
-5.2622242e+00
-5.9064665e+00
-6.5903153e+00
-7.1891675e+00
-7.4623413e+00
-7.2449536e+00
-6.1287270e+00
-4.2542620e+00
-1.5533534e+00
1.5374610e+00
4.5166268e+00
7.0109282e+00
8.7839918e+00
9.3232584e+00
8.7796640e+00
7.1241851e+00
4.5598559e+00
1.4958702e+00
-1.5478382e+00
-4.1681647e+00
-6.1418591e+00
-7.1498294e+00
-7.5415440e+00
-7.1838880e+00
-6.5585766e+00
-5.9153676e+00
-5.2864766e+00
-4.6168895e+00
-4.1870255e+00
3.0239305e+00
2.9663122e+00
2.8547802e+00
2.6622920e+00
2.3316905e+00
1.9038094e+00
1.3297946e+00
6.8468994e-01
2.3561146e-02
-5.7487863e-01
-9.4325244e-01
-1.1184415e+00
-1.0768356e+00
-8.7981766e-01
-5.8692336e-01
-3.6265618e-01
-1.9590421e-01
-1.1173227e-01
-5.9686050e-02
-3.0221839e-02
-1.5543493e-02
-7.3585901e-03
-4.3157046e-03
-1.3534398e-03
-8.8439672e-04
-3.3394844e-04
-1.5282250e-04
-4.5098270e-05
-7.5241283e-06
1.2491920e-05
1.4322562e-05
1.3013068e-05
9.2508599e-06
6.0063076e-06
1.8082535e-06
0.0000000e+00
0.0000000e+00
0.0000000e+00
0.0000000e+00
0.0000000e+00
0.0000000e+00
0.0000000e+00
0.0000000e+00
0.0000000e+00
-3.2049907e-06
-8.0637701e-06
-1.1322776e-05
-1.7764798e-05
-2.8597180e-05
-3.7134665e-05
-1.0643261e-04
-1.5637375e-04
-2.5050744e-04
-5.0458242e-04
-1.1280356e-03
-2.2105987e-03
-4.2274403e-03
-8.2340334e-03
-1.5964992e-02
-3.1052351e-02
-6.0423855e-02
-1.1316262e-01
-2.0143300e-01
-3.6547902e-01
-5.9180272e-01
-8.7171036e-01
-1.0690109e+00
-1.1257331e+00
-9.2995065e-01
-5.4990542e-01
2.4554804e-02
6.8796343e-01
1.3314635e+00
1.9026426e+00
2.3426309e+00
2.6629176e+00
2.8623235e+00
2.9692073e+00
3.0248978e+00
3.0475762e+00
3.0937619e+00
3.1488132e+00
3.2015669e+00
3.2212319e+00
3.2028263e+00
3.1519439e+00
3.0940998e+00
3.0478935e+00
8.5747690e+00
-2.5789577e-01
-4.7073865e-01
-9.1073476e-03
-2.1587414e-04
-3.6069738e-05
2.6003222e+00
-7.5221539e-02
2.5695989e+00
3.2191560e+00
-2.5185060e-03
-3.7235565e-02
1.7717602e-07
-1.9157826e-04
-1.0287912e+00
1.7803437e-06
-1.1748484e+00
9.9004209e-01
1.0123863e+00
-8.8736027e-01
8.9090063e-06
-8.6945909e-01
3.1757286e+00
-1.5251017e-06
-1.0664792e-03
-6.4842036e-04
-9.8663671e-03
-1.3259377e-05
3.1224794e+00
2.9430356e+00
1.3923361e-06
2.9486668e+00
-3.4443251e-06
4.2132351e-06
3.0661285e+00
-1.1447705e+00
-1.4268417e+00
-1.3175654e+00
-1.7019455e+00
-1.8277746e+00
-2.2553241e+00
-1.9796839e+00
-2.7186172e+00
-2.2023256e+00
-2.9921174e+00
-2.3185277e+00
-2.8532310e+00
-2.1674235e+00
-2.5884666e+00
-1.8515058e+00
-2.1969011e+00
-1.4014217e+00
-1.7601603e+00
-9.7019428e-01
-7.3533040e-01
-4.0045798e-01
-1.3779533e+00
-2.9430756e-01
-1.0919177e-02
-5.3783288e+00
-4.4219728e+00
1.2312000e-02
1.6732626e-01
-2.3566854e+00
-1.6049994e+00
8.7675005e-02
9.1815412e-02
-2.0924385e+00
-1.9131089e+00
-4.1497135e+00
9.9241093e-02
1.0999514e-01
8.0538511e-02
4.5978013e-02
4.0675692e-02
3.1648140e-02
2.4764033e-02
-2.6793625e+00
-2.4715681e+00
-1.8654770e+00
-3.1100259e+00
-2.9148073e+00
-3.4346347e+00
-3.1685288e+00
-3.7072468e+00
-3.2207665e+00
-3.6927264e+00
-2.6732488e+00
-3.1049271e+00
-3.4622974e+00
-5.8128800e+00
-4.8659973e+00
1.4420660e-02
1.2955151e-02
1.1255339e-02
8.1519587e-03
-2.7981713e+00
-3.0537827e+00
-3.8537331e-02
4.2985301e-03
3.8349656e-03
2.5316866e-03
2.0509404e-03
-3.3462141e+00
1.1638016e-03
9.8632055e-04
5.4731168e-04
4.2952833e-04
-2.7344587e+00
1.3089732e-04
2.3002250e-04
1.5794860e-04
1.2420394e-04
2.3062372e-05
4.9403294e-05
-3.8709848e+00
-3.2110572e+00
-6.8763223e+00
4.3102395e-02
6.0031798e-02
-3.3251972e+00
-2.2609241e-01
4.8374895e-06
2.0117157e-05
9.3649300e-07
7.4692030e-06
1.9932497e-05
9.3834915e-06
8.7782726e-05
-1.6788286e+00
-2.3988268e+00
-2.0586458e-06
6.1417685e-04
-2.4949703e+00
4.5536454e-03
2.6380936e-02
-4.0211387e+00
-3.2137251e+00
-2.5330830e+00
-2.3412819e+00
-3.1495523e+00
-1.9433178e+00
-1.2339349e-01
-2.4895356e+00
-1.3340565e+00
-4.9357638e+00
-1.0714601e+00
-4.4136059e-01
-5.3042579e-01
2.8346020e-01
5.4187143e-01
1.0613986e+00
1.5085695e+00
5.2997899e+00
1.7758027e+00
2.3383698e+00
2.3770154e+00
2.9096787e+00
2.8143513e+00
3.3402672e+00
3.0850387e+00
3.4879639e+00
3.8783536e+00
3.8552940e+00
4.2778430e+00
4.0998578e+00
4.4939966e+00
4.1722069e+00
4.4807463e+00
4.0947623e+00
4.2628641e+00
3.9067199e+00
3.5364289e+00
3.9218895e+00
4.3625126e+00
3.8301146e+00
4.1077795e+00
7.4330673e+00
3.5295677e+00
3.5235012e+00
3.8667083e+00
3.6613910e+00
3.0298252e+00
2.8482080e+00
2.7749169e+00
2.4253545e+00
2.0487940e+00
-6.1426020e+00
-2.6790252e+00
3.0725732e+00
2.9938352e+00
4.7350011e+00
2.3843842e+00
4.8410268e+00
1.7631605e+00
1.1373125e+00
2.1333296e+00
3.3964188e+00
3.6561823e+00
3.4413068e+00
3.4641864e+00
3.3103561e+00
-3.7288514e-01
-8.7840110e-01
1.1002544e+00
3.9031208e-01
2.1631682e-01
-5.6908160e-01
-1.3809548e-01
-9.8199344e-01
-1.6864853e+00
-6.8357735e+00
-5.1897919e-01
-1.8656089e+00
-2.9362624e+00
1.3551663e+00
1.0022382e+00
-3.6325049e+00
1.6692882e-05
9.3744284e-06
-4.1074247e+00
1.2809385e-02
-4.5434570e+00
-2.6861401e+00
-1.9511601e+00
-3.7246397e+00
3.2085145e+00
-2.6845350e+00
2.2810379e-03
4.5467755e-06
-3.7510633e+00
-3.0734792e+00
4.8736311e-04
-4.5435166e+00
-4.8737178e+00
-3.2130370e-01
9.4228481e-06
-1.8611267e+00
-3.3278501e+00
-4.2418423e+00
-3.7297816e+00
-4.4320769e+00
2.3843050e-04
3.3280771e+00
3.4205604e+00
1.7788839e-01
-1.9516106e-01
3.1434879e+00
2.2932050e-01
5.9253271e-06
-4.7243962e+00
1.4085943e-05
1.9988760e-05
-3.4967236e-06
-1.1960239e-05
-3.7770145e+00
-2.2222261e+00
-2.4708605e+00
-6.3360048e-06
-8.1490280e-06
-3.9174752e+00
-4.4100442e+00
-5.0127330e+00
-4.6815829e+00
-5.1874852e+00
-4.7690268e+00
-4.4115272e+00
-4.4229541e+00
3.0006475e+00
2.9959917e+00
1.2434284e-05
-4.1243763e+00
-4.0947804e+00
-4.3370547e+00
-4.0029197e+00
-2.3201219e-06
-5.5080051e+00
1.9994572e-01
-8.7581789e-01
-8.5154957e-01
-4.5390375e-06
-4.9058390e-01
3.3075180e+00
3.3415492e+00
3.2421892e+00
3.4869781e+00
3.3356738e+00
3.4145336e+00
3.2627676e+00
3.2882462e+00
3.1339037e+00
3.0624735e+00
3.1559196e+00
-4.1827841e+00
-3.8669291e+00
-3.6616127e+00
-4.0189495e+00
-3.7633305e+00
2.6423704e-06
2.9658329e+00
9.4457634e-02
-3.9377878e+00
-3.7412131e+00
-3.9949343e+00
-3.7909684e+00
-4.0875859e+00
-5.3661556e+00
-2.9906685e+00
-1.0406234e+00
-8.0068362e-01
-9.9785775e-01
-1.8495297e+00
-1.9826777e+00
3.2634497e+00
-4.8286848e+00
-5.1430001e+00
-4.8009734e+00
-5.1845918e+00
-5.6302209e+00
-3.4631000e+00
-5.7184200e+00
-1.4452155e-05
-6.0254579e-06
-4.0547557e+00
-4.7484736e+00
-4.9722743e+00
-4.5804439e+00
-4.6902952e+00
-4.3681130e+00
-4.2293701e+00
2.7134454e-06
5.9110448e-06
-4.2644949e+00
3.0193987e+00
3.1144383e+00
-4.1550441e+00
-3.1556230e+00
-3.7646461e+00
-3.8587496e+00
-2.3655181e+00
-3.5386794e+00
-1.7532971e+00
-4.7907953e+00
4.5512171e+00
5.2276659e+00
5.3306298e+00
5.9181614e+00
5.8061757e+00
6.6269650e+00
6.4100657e+00
7.1984558e+00
6.6189146e+00
5.9745207e+00
5.9462328e+00
6.3587313e+00
5.5526114e+00
5.6036873e+00
4.8482409e+00
4.4959536e+00
4.8075366e+00
6.5196028e+00
6.3416557e+00
5.2765536e+00
5.4455824e+00
4.2268128e+00
3.9911890e+00
3.3059056e+00
3.5272086e+00
2.1252165e+00
2.2507081e+00
4.3507848e+00
3.3402517e+00
2.6562204e+00
2.0534570e+00
8.6014241e-01
7.3406339e-01
1.7680142e+00
-4.5119443e+00
-2.6037247e+00
2.6449702e+00
-1.0303210e-05
7.0821857e-01
-2.8721828e+00
-1.0864071e+00
-3.3605161e+00
3.7017349e-02
5.5028377e+00
-1.2909304e-01
-6.5154877e+00
-6.8219953e+00
-5.2793341e+00
-4.7711926e+00
-4.1689477e+00
7.3815894e+00
2.7998888e+00
2.8801830e+00
2.5795574e+00
-6.8158617e+00
-6.2759256e+00
-2.4571292e+00
-2.8504813e+00
2.7709150e+00
2.6910405e+00
-5.0006437e+00
2.1401274e+00
8.3932161e+00
-4.0433903e+00
-2.9440393e+00
1.0030290e-05
-2.7872407e+00
7.3198277e-01
4.9785924e+00
4.7136288e+00
-1.4372723e+00
-1.6186234e+00
4.4244614e+00
3.9137468e+00
-3.9520605e+00
-1.2335777e+00
2.2051473e+00
1.6318973e+00
1.1711220e-05
2.7775179e-05
2.2074826e+00
2.9669073e+00
2.5216281e+00
2.2940147e+00
3.3227799e+00
2.0440440e+00
1.8158772e+00
1.4316546e+00
-1.0512046e+00
-1.0821118e+00
-7.9441965e-01
-7.8394955e-01
-4.3099198e-01
-6.7590332e-01
-2.7647972e-01
-2.3463887e-01
-1.0610472e-01
-1.0585663e-01
-1.8273893e-01
-1.1846204e+00
-1.3123966e+00
-1.0243343e+00
-1.4947246e+00
-1.0500938e+00
-7.6695728e-01
-6.8670291e-01
-9.5498574e-01
-5.2061433e-01
-7.8864449e-01
-3.5558707e-01
-1.6842857e-01
-1.8267347e-01
-1.4041582e+00
-3.8459614e-02
-7.4620396e-02
-1.4193469e+00
-1.1636519e+00
-1.5676473e+00
-1.7188350e+00
8.5497424e-03
-1.9152197e+00
9.6026294e-02
-1.1998941e+00
-5.1718020e-01
-7.3275119e-01
9.6116519e-01
2.1626527e+00
1.6254008e+00
5.1844578e+00
7.2333546e+00
-1.8450122e-01
-1.0167366e+00
-9.9509144e-01
-5.3759712e-01
-8.4765655e-01
2.5488594e+00
2.8201082e+00
3.2200029e+00
2.8048723e+00
7.4153419e+00
-4.8396561e-01
-4.7147346e+00
3.1774814e+00
2.4640145e+00
-3.5960245e-01
-4.8305750e+00
9.1649608e-06
-6.2958393e+00
-6.4755311e+00
-6.2939782e+00
-5.6591234e+00
-3.3834857e-01
1.6813021e+00
1.6116489e+00
-3.0305111e+00
-5.0500488e+00
-1.3989709e-01
-7.6082885e-02
-3.3607643e-02
-1.4707364e-02
-5.7444088e-03
1.1524407e-03
-6.6775712e-03
2.2429967e-02
-7.1531542e-02
-8.3883125e-03
7.3546550e-04
-1.1559891e+00
3.1195967e+00
3.0774107e+00
3.5965633e+00
1.6026930e+00
8.6609542e-01
9.5071667e-01
8.6361462e-01
5.4663672e+00
-1.8093166e+00
-8.4207165e-01
-3.5951422e-03
8.8292774e-04
-1.9785971e-03
2.6609667e-04
-9.6224883e-04
3.0661914e+00
3.7941814e-03
1.6618513e-02
-1.3286730e-03
-5.5107276e-04
-2.3943806e-04
1.4577682e-05
3.1612711e+00
8.0203505e+00
-1.6055028e+00
2.4161716e+00
2.7866539e-01
-7.7103584e-07
-3.5771795e-02
-3.1494856e-02
-1.6063277e-02
-5.4937182e-03
-1.2522438e-03
-1.5940601e-02
-7.6091729e-02
-7.7727218e-03
-3.9326312e-04
7.1244258e-03
-5.0130161e-03
1.0235025e-06
-1.9477971e-02
7.3046550e-07
4.8489132e-06
3.7459788e-05
-1.7650234e-05
5.7523946e-05
9.1819020e-05
1.6403699e-04
7.4320400e-05
2.9972859e-04
7.7265635e-05
5.2724144e-04
-2.6420677e-05
9.0814650e-04
-2.5862706e-04
1.6901065e-03
-6.1234168e-04
-2.2287373e-03
1.2408239e-03
1.5195721e-04
5.4088137e-05
-5.2119370e+00
-1.2236592e-04
-1.2213373e-04
-5.4470267e-05
-4.8315484e-04
-8.1589373e-05
-2.5664709e-05
-5.7305493e-05
-1.2454103e-05
-9.4884326e-06
-1.0358920e-05
1.7010598e-05
-1.3602183e-04
2.9952806e-05
9.5926534e-06
-4.1622193e-06
3.5052288e+00
3.6239071e+00
4.0647868e-05
6.8735676e-06
5.3714898e-06
3.0814345e+00
-1.8496299e-02
2.3868774e-06
3.1309124e-04
3.7142510e+00
-4.3403468e+00
-4.7509192e-07
-3.7874718e+00
-3.4175518e+00
-4.4078398e+00
3.0902848e+00
2.3557334e-03
4.9266994e-02
-1.6173128e-06
9.8415953e-04
-1.2710862e-01
-1.4039129e+00
3.2622414e+00
-1.6227151e-01
-7.7924919e-01
2.2629451e-02
-3.8768444e+00
6.3378654e-02
7.3448400e-06
4.9809780e+00
3.6333361e+00
-4.3986011e+00
-2.5732079e-05
3.2789153e-01
3.1656053e+00
3.0149362e+00
3.1634364e+00
3.0434783e+00
-6.1320972e+00
-1.4234991e+00
4.2295738e-05
-3.4975228e+00
3.0136983e+00
2.0352294e+00
-3.1241984e-04
1.5563710e-06
-2.8710102e-03
-4.6976134e-02
-1.4632162e+00
-2.0050900e+00
-1.9849328e+00
5.7118325e+00
-9.2987919e-01
-3.4858603e+00
-4.5279439e-06
1.4988749e+00
-4.0893372e-08
-2.2090530e+00
-6.3660867e-05
2.0305814e-01
1.1295089e-05
3.2178569e+00
3.8297830e+00
-2.5238767e+00
-4.0270095e+00
-1.3340755e+00
3.2337120e+00
-1.2489204e+00
-4.7074966e-03
-2.7595142e-01
-3.3509973e-01
2.0059430e-04
4.2324820e+00
-5.5698833e+00
-1.9534044e-04
3.3976455e+00
4.1053710e+00
-5.6501861e+00
-1.5300912e+00
-7.0715392e-01
-2.8844404e+00
-1.7825270e+00
-2.5362384e+00
-4.2847533e+00
5.1832843e+00
-2.5622764e+00
2.6615002e+00
-5.8697367e+00
-2.5174046e-01
-1.5238532e+00
4.2844033e+00
3.6547818e+00
-4.2196969e-03
-3.8686340e+00
7.6797128e-01
1.5043056e+00
-7.2511375e-01
3.3425482e-03
-2.6768906e+00
2.8598821e+00
4.3612522e-01
-1.1430547e+00
3.2443101e+00
-2.6778233e-01
-1.3299501e-01
7.5465813e+00
3.8016207e+00
-4.5013250e-04
1.9072504e+00
-2.1929431e+00
1.4056259e+00
-2.0193304e-04
8.6511821e-03
-5.4367790e+00
-4.2400274e+00
-3.5826483e-01
-1.1165333e+00
2.7787571e+00
-6.9422293e-01
-1.2879256e+00
5.1935184e-01
1.3718102e+00
6.8741622e+00
5.8447022e-06
-1.0205333e-03
-5.9736794e-01
3.2822604e+00
-4.0707397e+00
-6.2378325e+00
4.2099109e-01
-1.7390805e-05
-3.2941809e+00
5.1943521e+00
1.1239261e-01
-4.9823542e+00
2.9297409e+00
6.1549106e+00
-5.0692177e-01
-2.0796021e-03
-4.0816197e+00
-3.5600388e+00
-4.9015207e+00
1.3871050e+00
1.5246851e-02
3.0226235e+00
4.5555055e-02
5.4659467e+00
-4.4426537e+00
-3.1682433e-05
3.2141140e+00
-3.4294314e+00
-3.7991362e+00
3.6381752e+00
-1.5208491e+00
-3.5947144e+00
-3.8066816e+00
-4.5306950e-07
-4.3906627e+00
3.0372281e+00
-4.6958327e+00
3.0364256e+00
1.0686221e-02
2.7601743e+00
2.9691315e+00
-1.9286410e+00
-5.9311552e+00
-3.0627571e-06
-9.3688196e-01
4.3945293e+00
-3.1628759e+00
1.3631794e-06
-2.0296161e+00
-5.1617564e-05
2.5011923e-02
-1.9996175e+00
-2.5586685e-06
-2.9066479e+00
-4.0630045e+00
-1.8522069e-04
-5.1050501e+00
-2.1657481e+00
1.2029934e+00
-5.3341446e+00
7.1174347e-01
2.0117123e-02
-1.2810236e+00
-5.1815879e-02
-1.2844357e+00
5.8978647e-01
-4.1613412e+00
2.7595015e+00
-2.3804190e+00
3.3402052e+00
-3.8238730e+00
3.0067008e+00
2.2120867e-02
2.0956900e+00
2.9373915e+00
-3.4847952e-02
-4.2543717e-05
4.8789954e+00
-4.6832156e+00
-5.6468970e-01
-3.3040142e-01
-4.3520570e+00
-1.5700121e+00
-2.4838082e-01
-1.2084221e+00
3.6350362e-02
-4.1524501e+00
6.9862163e-01
-1.3598578e+00
3.9869380e+00
-5.5364904e+00
-5.5436096e+00
3.2111712e+00
-1.8403476e-01
2.5041909e+00
1.7728623e-06
2.7487290e+00
2.4253638e+00
-3.4187801e+00
3.6789484e+00
1.2007424e+00
3.3888638e+00
-1.5402449e-05
-1.0558373e+00
-2.3187826e+00
-3.4059496e+00
-3.2387891e+00
-5.9209461e+00
-5.0396287e-01
-4.1814322e+00
CELL_DATA 1766
FIELD FieldData 0
