# vtk DataFile Version 4.0
vtk output
ASCII
DATASET UNSTRUCTURED_GRID
POINTS 945 float
0.0000000e+00 0.0000000e+00 0.0000000e+00 
2.0000000e+00 0.0000000e+00 0.0000000e+00 
2.0000000e+00 6.0000002e-01 0.0000000e+00 
0.0000000e+00 6.0000002e-01 0.0000000e+00 
5.6000000e-01 3.0000001e-01 0.0000000e+00 
5.5884713e-01 2.8829461e-01 0.0000000e+00 
5.5543280e-01 2.7703899e-01 0.0000000e+00 
5.4988819e-01 2.6666579e-01 0.0000000e+00 
5.4242641e-01 2.5757360e-01 0.0000000e+00 
5.3333420e-01 2.5011179e-01 0.0000000e+00 
5.2296102e-01 2.4456720e-01 0.0000000e+00 
5.1170540e-01 2.4115290e-01 0.0000000e+00 
5.0000000e-01 2.3999999e-01 0.0000000e+00 
4.8829460e-01 2.4115290e-01 0.0000000e+00 
4.7703901e-01 2.4456720e-01 0.0000000e+00 
4.6666580e-01 2.5011179e-01 0.0000000e+00 
4.5757359e-01 2.5757360e-01 0.0000000e+00 
4.5011181e-01 2.6666579e-01 0.0000000e+00 
4.4456720e-01 2.7703899e-01 0.0000000e+00 
4.4115290e-01 2.8829461e-01 0.0000000e+00 
4.4000000e-01 3.0000001e-01 0.0000000e+00 
4.4115290e-01 3.1170541e-01 0.0000000e+00 
4.4456720e-01 3.2296100e-01 0.0000000e+00 
4.5011181e-01 3.3333421e-01 0.0000000e+00 
4.5757359e-01 3.4242639e-01 0.0000000e+00 
4.6666580e-01 3.4988821e-01 0.0000000e+00 
4.7703901e-01 3.5543281e-01 0.0000000e+00 
4.8829460e-01 3.5884711e-01 0.0000000e+00 
5.0000000e-01 3.6000001e-01 0.0000000e+00 
5.1170540e-01 3.5884711e-01 0.0000000e+00 
5.2296102e-01 3.5543281e-01 0.0000000e+00 
5.3333420e-01 3.4988821e-01 0.0000000e+00 
5.4242641e-01 3.4242639e-01 0.0000000e+00 
5.4988819e-01 3.3333421e-01 0.0000000e+00 
5.5543280e-01 3.2296100e-01 0.0000000e+00 
5.5884713e-01 3.1170541e-01 0.0000000e+00 
5.9016321e-02 0.0000000e+00 0.0000000e+00 
1.1803260e-01 0.0000000e+00 0.0000000e+00 
1.7704900e-01 0.0000000e+00 0.0000000e+00 
2.3587100e-01 0.0000000e+00 0.0000000e+00 
2.9085249e-01 0.0000000e+00 0.0000000e+00 
3.4144861e-01 0.0000000e+00 0.0000000e+00 
3.8872591e-01 0.0000000e+00 0.0000000e+00 
4.3368599e-01 0.0000000e+00 0.0000000e+00 
4.7725680e-01 0.0000000e+00 0.0000000e+00 
5.2034539e-01 0.0000000e+00 0.0000000e+00 
5.6386721e-01 0.0000000e+00 0.0000000e+00 
6.0872579e-01 0.0000000e+00 0.0000000e+00 
6.5584701e-01 0.0000000e+00 0.0000000e+00 
7.0623368e-01 0.0000000e+00 0.0000000e+00 
7.6094180e-01 0.0000000e+00 0.0000000e+00 
8.1967372e-01 0.0000000e+00 0.0000000e+00 
8.7868989e-01 0.0000000e+00 0.0000000e+00 
9.3770629e-01 0.0000000e+00 0.0000000e+00 
9.9672258e-01 0.0000000e+00 0.0000000e+00 
1.0557390e+00 0.0000000e+00 0.0000000e+00 
1.1147550e+00 0.0000000e+00 0.0000000e+00 
1.1737720e+00 0.0000000e+00 0.0000000e+00 
1.2327880e+00 0.0000000e+00 0.0000000e+00 
1.2918040e+00 0.0000000e+00 0.0000000e+00 
1.3508210e+00 0.0000000e+00 0.0000000e+00 
1.4098370e+00 0.0000000e+00 0.0000000e+00 
1.4688530e+00 0.0000000e+00 0.0000000e+00 
1.5278690e+00 0.0000000e+00 0.0000000e+00 
1.5868860e+00 0.0000000e+00 0.0000000e+00 
1.6459020e+00 0.0000000e+00 0.0000000e+00 
1.7049180e+00 0.0000000e+00 0.0000000e+00 
1.7639350e+00 0.0000000e+00 0.0000000e+00 
1.8229510e+00 0.0000000e+00 0.0000000e+00 
1.8819669e+00 0.0000000e+00 0.0000000e+00 
1.9409840e+00 0.0000000e+00 0.0000000e+00 
2.0000000e+00 5.9999999e-02 0.0000000e+00 
2.0000000e+00 1.2000000e-01 0.0000000e+00 
2.0000000e+00 1.8000001e-01 0.0000000e+00 
2.0000000e+00 2.3999999e-01 0.0000000e+00 
2.0000000e+00 3.0000001e-01 0.0000000e+00 
2.0000000e+00 3.6000001e-01 0.0000000e+00 
2.0000000e+00 4.1999999e-01 0.0000000e+00 
2.0000000e+00 4.7999999e-01 0.0000000e+00 
2.0000000e+00 5.4000002e-01 0.0000000e+00 
1.9409840e+00 6.0000002e-01 0.0000000e+00 
1.8819669e+00 6.0000002e-01 0.0000000e+00 
1.8229510e+00 6.0000002e-01 0.0000000e+00 
1.7639350e+00 6.0000002e-01 0.0000000e+00 
1.7049180e+00 6.0000002e-01 0.0000000e+00 
1.6459020e+00 6.0000002e-01 0.0000000e+00 
1.5868860e+00 6.0000002e-01 0.0000000e+00 
1.5278690e+00 6.0000002e-01 0.0000000e+00 
1.4688530e+00 6.0000002e-01 0.0000000e+00 
1.4098370e+00 6.0000002e-01 0.0000000e+00 
1.3508210e+00 6.0000002e-01 0.0000000e+00 
1.2918040e+00 6.0000002e-01 0.0000000e+00 
1.2327880e+00 6.0000002e-01 0.0000000e+00 
1.1737720e+00 6.0000002e-01 0.0000000e+00 
1.1147550e+00 6.0000002e-01 0.0000000e+00 
1.0557390e+00 6.0000002e-01 0.0000000e+00 
9.9672258e-01 6.0000002e-01 0.0000000e+00 
9.3770629e-01 6.0000002e-01 0.0000000e+00 
8.7868989e-01 6.0000002e-01 0.0000000e+00 
8.1967372e-01 6.0000002e-01 0.0000000e+00 
7.6094180e-01 6.0000002e-01 0.0000000e+00 
7.0623368e-01 6.0000002e-01 0.0000000e+00 
6.5584701e-01 6.0000002e-01 0.0000000e+00 
6.0872579e-01 6.0000002e-01 0.0000000e+00 
5.6386721e-01 6.0000002e-01 0.0000000e+00 
5.2034539e-01 6.0000002e-01 0.0000000e+00 
4.7725680e-01 6.0000002e-01 0.0000000e+00 
4.3368599e-01 6.0000002e-01 0.0000000e+00 
3.8872591e-01 6.0000002e-01 0.0000000e+00 
3.4144861e-01 6.0000002e-01 0.0000000e+00 
2.9085249e-01 6.0000002e-01 0.0000000e+00 
2.3587100e-01 6.0000002e-01 0.0000000e+00 
1.7704900e-01 6.0000002e-01 0.0000000e+00 
1.1803260e-01 6.0000002e-01 0.0000000e+00 
5.9016321e-02 6.0000002e-01 0.0000000e+00 
0.0000000e+00 5.4000002e-01 0.0000000e+00 
0.0000000e+00 4.7999999e-01 0.0000000e+00 
0.0000000e+00 4.1999999e-01 0.0000000e+00 
0.0000000e+00 3.6000001e-01 0.0000000e+00 
0.0000000e+00 3.0000001e-01 0.0000000e+00 
0.0000000e+00 2.3999999e-01 0.0000000e+00 
0.0000000e+00 1.8000001e-01 0.0000000e+00 
0.0000000e+00 1.2000000e-01 0.0000000e+00 
0.0000000e+00 5.9999999e-02 0.0000000e+00 
4.3026751e-01 3.0683401e-01 0.0000000e+00 
8.4908241e-01 5.5269438e-01 0.0000000e+00 
7.8790653e-01 5.1802918e-02 0.0000000e+00 
1.1430219e+00 5.0576471e-02 0.0000000e+00 
1.4415160e+00 5.0573289e-02 0.0000000e+00 
1.6754100e+00 5.5038619e-01 0.0000000e+00 
2.6041579e-01 5.2875768e-02 0.0000000e+00 
9.6895182e-01 5.0380111e-02 0.0000000e+00 
2.6302171e-01 5.5612308e-01 0.0000000e+00 
5.5065349e-02 2.6500449e-01 0.0000000e+00 
1.2615570e+00 5.4759312e-01 0.0000000e+00 
1.0253479e+00 5.4886931e-01 0.0000000e+00 
1.6201590e+00 5.4130111e-02 0.0000000e+00 
1.4979730e+00 5.5115038e-01 0.0000000e+00 
6.7900127e-01 5.5979192e-01 0.0000000e+00 
1.9463980e+00 2.6800990e-01 0.0000000e+00 
6.3145077e-01 3.8099781e-02 0.0000000e+00 
4.1331020e-01 5.6811810e-01 0.0000000e+00 
4.1231820e-01 3.8809739e-02 0.0000000e+00 
5.4410732e-01 5.6000441e-01 0.0000000e+00 
1.7962800e+00 5.9606131e-02 0.0000000e+00 
5.4468262e-01 3.7558820e-02 0.0000000e+00 
4.9130220e-02 3.9247900e-01 0.0000000e+00 
1.9509200e+00 3.8997239e-01 0.0000000e+00 
1.3233820e+00 4.9667731e-02 0.0000000e+00 
1.3821890e+00 5.4839480e-01 0.0000000e+00 
1.1434870e+00 5.4837209e-01 0.0000000e+00 
1.7959980e+00 5.4855859e-01 0.0000000e+00 
4.9401909e-02 1.5067521e-01 0.0000000e+00 
1.4989950e-01 5.5529898e-01 0.0000000e+00 
1.9519399e+00 1.5339760e-01 0.0000000e+00 
1.4754079e-01 5.1025499e-02 0.0000000e+00 
1.9506550e+00 5.1069498e-01 0.0000000e+00 
1.9114760e+00 5.1109631e-02 0.0000000e+00 
4.9216151e-02 5.0927132e-01 0.0000000e+00 
5.8710063e-01 3.6655251e-02 0.0000000e+00 
6.0428280e-01 7.4787550e-02 0.0000000e+00 
6.4929068e-01 7.4443869e-02 0.0000000e+00 
6.2715179e-01 1.0633790e-01 0.0000000e+00 
5.9329480e-01 1.0799770e-01 0.0000000e+00 
6.0949302e-01 1.3488390e-01 0.0000000e+00 
6.4123279e-01 1.3555969e-01 0.0000000e+00 
6.2006623e-01 1.6328260e-01 0.0000000e+00 
6.5316749e-01 1.6381399e-01 0.0000000e+00 
6.3351321e-01 1.8958050e-01 0.0000000e+00 
6.6427898e-01 1.8941709e-01 0.0000000e+00 
6.4933020e-01 2.1180780e-01 0.0000000e+00 
6.7645937e-01 2.1359310e-01 0.0000000e+00 
6.6097301e-01 2.3410480e-01 0.0000000e+00 
6.8796802e-01 2.3757669e-01 0.0000000e+00 
6.7103261e-01 2.5876111e-01 0.0000000e+00 
6.9990993e-01 2.6214910e-01 0.0000000e+00 
6.8101048e-01 2.8387409e-01 0.0000000e+00 
7.1248281e-01 2.8716281e-01 0.0000000e+00 
7.2971261e-01 2.6349890e-01 0.0000000e+00 
7.4486363e-01 2.9076719e-01 0.0000000e+00 
6.9556361e-01 3.0985960e-01 0.0000000e+00 
7.6406652e-01 2.6318431e-01 0.0000000e+00 
7.8114778e-01 2.9619500e-01 0.0000000e+00 
5.5403137e-01 2.5565761e-01 0.0000000e+00 
5.6691158e-01 2.7902979e-01 0.0000000e+00 
8.0246252e-01 2.6402649e-01 0.0000000e+00 
8.2167560e-01 3.0103979e-01 0.0000000e+00 
5.7978672e-01 1.3316999e-01 0.0000000e+00 
6.9627529e-01 1.8651520e-01 0.0000000e+00 
8.4832448e-01 2.6130950e-01 0.0000000e+00 
8.6857778e-01 3.0716091e-01 0.0000000e+00 
6.6883779e-01 3.0851370e-01 0.0000000e+00 
6.8001598e-01 3.3176759e-01 0.0000000e+00 
5.6956083e-01 3.0685109e-01 0.0000000e+00 
8.9643359e-01 2.6652190e-01 0.0000000e+00 
9.1803229e-01 3.1445420e-01 0.0000000e+00 
9.4838840e-01 2.6944679e-01 0.0000000e+00 
9.7196358e-01 3.1528941e-01 0.0000000e+00 
1.0020620e+00 2.7188951e-01 0.0000000e+00 
1.0263140e+00 3.1974381e-01 0.0000000e+00 
1.0557370e+00 2.7577680e-01 0.0000000e+00 
6.5179992e-01 3.3081001e-01 0.0000000e+00 
6.6418201e-01 3.5163379e-01 0.0000000e+00 
6.8745148e-01 3.5866591e-01 0.0000000e+00 
6.4083183e-01 3.5175639e-01 0.0000000e+00 
6.5020132e-01 3.7057751e-01 0.0000000e+00 
6.2925631e-01 3.6861771e-01 0.0000000e+00 
6.3750827e-01 3.8906679e-01 0.0000000e+00 
6.1479098e-01 3.8505989e-01 0.0000000e+00 
6.2451601e-01 4.0700281e-01 0.0000000e+00 
6.0271370e-01 4.0461549e-01 0.0000000e+00 
6.4791143e-01 4.1049060e-01 0.0000000e+00 
6.1149168e-01 4.2533240e-01 0.0000000e+00 
5.8940130e-01 4.2314041e-01 0.0000000e+00 
5.4590571e-01 3.5405469e-01 0.0000000e+00 
5.5933821e-01 3.3214769e-01 0.0000000e+00 
1.0820900e+00 3.2265610e-01 0.0000000e+00 
1.1129040e+00 2.7988619e-01 0.0000000e+00 
1.1385900e+00 3.3131590e-01 0.0000000e+00 
1.1718310e+00 2.8342861e-01 0.0000000e+00 
5.9854919e-01 4.4447681e-01 0.0000000e+00 
5.7566178e-01 4.4153079e-01 0.0000000e+00 
8.0048358e-01 3.3398119e-01 0.0000000e+00 
1.1962050e+00 3.3624330e-01 0.0000000e+00 
1.2286429e+00 2.8668931e-01 0.0000000e+00 
1.2540359e+00 3.3862561e-01 0.0000000e+00 
1.2863950e+00 2.8994620e-01 0.0000000e+00 
6.1140192e-01 1.8628950e-01 0.0000000e+00 
1.3121480e+00 3.4238011e-01 0.0000000e+00 
1.3446890e+00 2.9366851e-01 0.0000000e+00 
1.3705840e+00 3.4558439e-01 0.0000000e+00 
1.4032860e+00 2.9774809e-01 0.0000000e+00 
6.4617378e-01 3.0788270e-01 0.0000000e+00 
1.4291511e+00 3.4956750e-01 0.0000000e+00 
1.4618640e+00 3.0163100e-01 0.0000000e+00 
1.4877310e+00 3.5457411e-01 0.0000000e+00 
1.5206050e+00 3.0603161e-01 0.0000000e+00 
1.5464530e+00 3.5889450e-01 0.0000000e+00 
1.5793800e+00 3.1008351e-01 0.0000000e+00 
5.6763572e-01 4.1851109e-01 0.0000000e+00 
5.5408603e-01 4.3793961e-01 0.0000000e+00 
5.2029008e-01 3.6688760e-01 0.0000000e+00 
9.4794089e-01 3.6647639e-01 0.0000000e+00 
8.7384099e-01 2.2074890e-01 0.0000000e+00 
6.3348472e-01 2.3041780e-01 0.0000000e+00 
7.8118002e-01 2.2578520e-01 0.0000000e+00 
1.6052290e+00 3.6304700e-01 0.0000000e+00 
1.6382140e+00 3.1413361e-01 0.0000000e+00 
1.6641290e+00 3.6722910e-01 0.0000000e+00 
1.6971480e+00 3.1819481e-01 0.0000000e+00 
1.6712240e+00 2.6505721e-01 0.0000000e+00 
1.7302210e+00 2.6912081e-01 0.0000000e+00 
1.5534170e+00 2.5684619e-01 0.0000000e+00 
6.7181969e-01 1.4093800e-01 0.0000000e+00 
5.8596748e-01 4.6394360e-01 0.0000000e+00 
1.7230920e+00 3.7133509e-01 0.0000000e+00 
1.3771909e+00 2.4454120e-01 0.0000000e+00 
6.2249678e-01 4.4700289e-01 0.0000000e+00 
1.2033920e+00 2.3449400e-01 0.0000000e+00 
1.0287880e+00 2.3015590e-01 0.0000000e+00 
5.4669750e-01 4.1895449e-01 0.0000000e+00 
5.3373671e-01 4.3515179e-01 0.0000000e+00 
5.4073101e-01 4.5481020e-01 0.0000000e+00 
5.1996583e-01 4.5137540e-01 0.0000000e+00 
5.1387292e-01 4.2921981e-01 0.0000000e+00 
4.9935541e-01 4.4742331e-01 0.0000000e+00 
4.5565760e-01 3.5403141e-01 0.0000000e+00 
4.9349809e-01 4.2846820e-01 0.0000000e+00 
4.7935709e-01 4.4358870e-01 0.0000000e+00 
4.7970989e-01 3.6688760e-01 0.0000000e+00 
4.8592600e-01 4.6396780e-01 0.0000000e+00 
4.6443069e-01 4.5930001e-01 0.0000000e+00 
4.5825541e-01 4.3536639e-01 0.0000000e+00 
4.4286779e-01 4.5335940e-01 0.0000000e+00 
4.3592349e-01 4.3169260e-01 0.0000000e+00 
4.2123440e-01 4.4813421e-01 0.0000000e+00 
4.1462469e-01 4.2622849e-01 0.0000000e+00 
4.3825611e-01 3.3387709e-01 0.0000000e+00 
3.9864141e-01 4.4291711e-01 0.0000000e+00 
3.9200109e-01 4.1997111e-01 0.0000000e+00 
3.7504819e-01 4.3754801e-01 0.0000000e+00 
3.6926591e-01 4.1456231e-01 0.0000000e+00 
3.5052001e-01 4.3156540e-01 0.0000000e+00 
3.4640020e-01 4.0321410e-01 0.0000000e+00 
3.2338160e-01 4.2558259e-01 0.0000000e+00 
3.1625420e-01 3.9745620e-01 0.0000000e+00 
3.3599329e-01 3.7658459e-01 0.0000000e+00 
3.0888751e-01 3.6996761e-01 0.0000000e+00 
3.2846531e-01 3.5015899e-01 0.0000000e+00 
3.0453789e-01 3.4228960e-01 0.0000000e+00 
3.2241219e-01 3.2376000e-01 0.0000000e+00 
2.9612821e-01 3.1610900e-01 0.0000000e+00 
3.1577420e-01 2.9729351e-01 0.0000000e+00 
2.8885421e-01 2.8886101e-01 0.0000000e+00 
3.0968001e-01 2.6928011e-01 0.0000000e+00 
2.8137040e-01 2.6060769e-01 0.0000000e+00 
2.8570160e-01 3.8790971e-01 0.0000000e+00 
3.0315241e-01 2.4067999e-01 0.0000000e+00 
3.3230671e-01 2.5245121e-01 0.0000000e+00 
3.2487640e-01 2.2290690e-01 0.0000000e+00 
3.5372531e-01 2.3027760e-01 0.0000000e+00 
4.3461740e-01 2.7961159e-01 0.0000000e+00 
3.4512779e-01 2.0528039e-01 0.0000000e+00 
3.6950600e-01 2.1069451e-01 0.0000000e+00 
2.6638910e-01 3.1392881e-01 0.0000000e+00 
2.7405229e-01 2.3109850e-01 0.0000000e+00 
3.6342499e-01 1.8842390e-01 0.0000000e+00 
3.8558939e-01 1.9589300e-01 0.0000000e+00 
4.4520050e-01 2.5469631e-01 0.0000000e+00 
3.8103029e-01 1.7263541e-01 0.0000000e+00 
4.0200421e-01 1.8057050e-01 0.0000000e+00 
4.9249741e-01 2.2787590e-01 0.0000000e+00 
4.6605590e-01 2.3826469e-01 0.0000000e+00 
3.3931601e-01 1.7988220e-01 0.0000000e+00 
3.8745371e-01 3.9799151e-01 0.0000000e+00 
3.5741779e-01 2.5419459e-01 0.0000000e+00 
3.5627639e-01 4.5751181e-01 0.0000000e+00 
3.4765261e-01 3.3191890e-01 0.0000000e+00 
3.9811629e-01 1.5518570e-01 0.0000000e+00 
4.2193061e-01 1.6662900e-01 0.0000000e+00 
3.7476501e-01 1.4610679e-01 0.0000000e+00 
3.9139041e-01 2.1633980e-01 0.0000000e+00 
2.5018540e-01 2.5338060e-01 0.0000000e+00 
2.4227400e-01 2.1673180e-01 0.0000000e+00 
2.1296521e-01 2.4632980e-01 0.0000000e+00 
2.0310380e-01 2.0643540e-01 0.0000000e+00 
4.7074649e-01 4.8204380e-01 0.0000000e+00 
4.9385741e-01 4.8678511e-01 0.0000000e+00 
4.1766569e-01 1.3875820e-01 0.0000000e+00 
4.3951231e-01 1.4885530e-01 0.0000000e+00 
4.4284999e-01 1.6929220e-01 0.0000000e+00 
4.6074921e-01 1.5907930e-01 0.0000000e+00 
4.5701310e-01 1.3411739e-01 0.0000000e+00 
4.7804150e-01 1.4308280e-01 0.0000000e+00 
4.8207700e-01 1.6432039e-01 0.0000000e+00 
5.2000839e-01 2.3249920e-01 0.0000000e+00 
4.7522539e-01 1.1890660e-01 0.0000000e+00 
4.9824399e-01 1.5124670e-01 0.0000000e+00 
5.0239080e-01 1.7379840e-01 0.0000000e+00 
4.0624869e-01 4.6688080e-01 0.0000000e+00 
4.2919409e-01 4.1243970e-01 0.0000000e+00 
6.2043011e-01 3.4884781e-01 0.0000000e+00 
1.7042540e+00 2.1590130e-01 0.0000000e+00 
1.7632940e+00 2.2000070e-01 0.0000000e+00 
5.9477502e-01 3.8850871e-01 0.0000000e+00 
1.1047130e+00 3.7971979e-01 0.0000000e+00 
5.5632508e-01 4.0331629e-01 0.0000000e+00 
5.1673311e-01 1.5979400e-01 0.0000000e+00 
5.1686460e-01 1.3875850e-01 0.0000000e+00 
5.2089018e-01 1.7866670e-01 0.0000000e+00 
2.3531640e-01 1.7608330e-01 0.0000000e+00 
4.8605490e-01 1.8340071e-01 0.0000000e+00 
1.2225550e+00 3.8796490e-01 0.0000000e+00 
1.7893510e+00 2.7321759e-01 0.0000000e+00 
5.0436419e-01 4.1349870e-01 0.0000000e+00 
4.8793069e-01 4.1161671e-01 0.0000000e+00 
1.3432890e+00 3.9487341e-01 0.0000000e+00 
4.9844569e-01 3.9902619e-01 0.0000000e+00 
5.1288861e-01 4.0051869e-01 0.0000000e+00 
4.7826111e-01 5.0721961e-01 0.0000000e+00 
1.5723439e+00 4.1086179e-01 0.0000000e+00 
5.6928509e-01 1.1216540e-01 0.0000000e+00 
5.3438342e-01 1.6713411e-01 0.0000000e+00 
5.3660733e-01 1.8530799e-01 0.0000000e+00 
5.5097228e-01 1.7492341e-01 0.0000000e+00 
5.5329382e-01 1.9238080e-01 0.0000000e+00 
1.4477730e+00 4.0997440e-01 0.0000000e+00 
1.7183121e-01 2.3577370e-01 0.0000000e+00 
1.8385801e-01 2.7833050e-01 0.0000000e+00 
4.5149651e-01 1.1040960e-01 0.0000000e+00 
4.7247219e-01 9.1955133e-02 0.0000000e+00 
1.9255680e-01 1.6331930e-01 0.0000000e+00 
4.5135620e-01 5.0161749e-01 0.0000000e+00 
1.8225530e+00 2.2401039e-01 0.0000000e+00 
5.2494282e-01 1.9506520e-01 0.0000000e+00 
1.7372680e+00 1.6678140e-01 0.0000000e+00 
1.6782570e+00 1.6271511e-01 0.0000000e+00 
1.6900350e+00 4.2038351e-01 0.0000000e+00 
1.7490560e+00 4.2454061e-01 0.0000000e+00 
4.8329440e-01 3.9614201e-01 0.0000000e+00 
4.7259709e-01 4.0761891e-01 0.0000000e+00 
4.6829471e-01 3.9267531e-01 0.0000000e+00 
1.7821480e+00 3.7544200e-01 0.0000000e+00 
1.8081650e+00 4.2873210e-01 0.0000000e+00 
5.6767190e-01 1.8248910e-01 0.0000000e+00 
5.6965590e-01 1.9964610e-01 0.0000000e+00 
5.5310482e-01 2.0997940e-01 0.0000000e+00 
5.7153863e-01 2.1648981e-01 0.0000000e+00 
5.5832732e-01 2.2570750e-01 0.0000000e+00 
5.7294083e-01 2.3188220e-01 0.0000000e+00 
5.8571517e-01 2.2277141e-01 0.0000000e+00 
5.8722973e-01 2.3849240e-01 0.0000000e+00 
2.2661661e-01 1.3415439e-01 0.0000000e+00 
2.6798990e-01 1.4730521e-01 0.0000000e+00 
1.7105891e+00 1.1396340e-01 0.0000000e+00 
5.9993339e-01 2.2935030e-01 0.0000000e+00 
6.0129720e-01 2.4530940e-01 0.0000000e+00 
5.8868867e-01 2.5420901e-01 0.0000000e+00 
6.0235012e-01 2.6110700e-01 0.0000000e+00 
1.8387530e+00 3.7525591e-01 0.0000000e+00 
5.4489303e-01 2.2099259e-01 0.0000000e+00 
4.5784310e-01 5.2955812e-01 0.0000000e+00 
5.1062381e-01 5.1103139e-01 0.0000000e+00 
4.9833831e-01 1.0296860e-01 0.0000000e+00 
1.8639690e+00 4.2541769e-01 0.0000000e+00 
4.9523690e-01 7.3985048e-02 0.0000000e+00 
1.3844220e-01 2.6736441e-01 0.0000000e+00 
1.5088230e-01 3.1097111e-01 0.0000000e+00 
1.2641050e-01 2.2494370e-01 0.0000000e+00 
2.0287590e-01 3.2045639e-01 0.0000000e+00 
1.6756350e-01 3.5410741e-01 0.0000000e+00 
2.1099889e-01 3.6507410e-01 0.0000000e+00 
1.8053800e-01 3.9719370e-01 0.0000000e+00 
2.2913329e-01 4.0715241e-01 0.0000000e+00 
1.9421770e-01 4.3993911e-01 0.0000000e+00 
2.3865750e-01 4.5007020e-01 0.0000000e+00 
1.4811151e-01 4.3034700e-01 0.0000000e+00 
5.9036589e-01 2.6973200e-01 0.0000000e+00 
6.0372931e-01 2.7649191e-01 0.0000000e+00 
6.1619169e-01 2.6624000e-01 0.0000000e+00 
5.9138829e-01 2.8492469e-01 0.0000000e+00 
6.0468042e-01 2.9163459e-01 0.0000000e+00 
1.8453060e+00 2.7996099e-01 0.0000000e+00 
2.0954210e-01 4.8537201e-01 0.0000000e+00 
4.6530190e-01 6.3733928e-02 0.0000000e+00 
5.9247959e-01 2.9992181e-01 0.0000000e+00 
6.0560697e-01 3.0666059e-01 0.0000000e+00 
5.9351093e-01 3.1494951e-01 0.0000000e+00 
6.0633099e-01 3.2174519e-01 0.0000000e+00 
5.9430778e-01 3.2937449e-01 0.0000000e+00 
4.9347320e-01 3.8454881e-01 0.0000000e+00 
5.5062449e-01 1.5674770e-01 0.0000000e+00 
4.5774269e-01 4.0380031e-01 0.0000000e+00 
4.5300320e-01 3.8926181e-01 0.0000000e+00 
5.2078158e-01 8.5589677e-02 0.0000000e+00 
5.2809721e-01 4.7261381e-01 0.0000000e+00 
5.4998982e-01 4.7740239e-01 0.0000000e+00 
1.1647230e-01 3.4303319e-01 0.0000000e+00 
5.4025501e-01 4.0216339e-01 0.0000000e+00 
5.4931629e-01 3.8893181e-01 0.0000000e+00 
5.6429678e-01 3.8917771e-01 0.0000000e+00 
5.5815691e-01 3.7613159e-01 0.0000000e+00 
5.3233409e-01 3.8730109e-01 0.0000000e+00 
6.1810511e-01 2.9840681e-01 0.0000000e+00 
5.4633558e-01 2.3408321e-01 0.0000000e+00 
1.7233150e+00 4.7115931e-01 0.0000000e+00 
1.6544410e+00 4.6960419e-01 0.0000000e+00 
5.9817278e-01 2.1342160e-01 0.0000000e+00 
5.7312608e-01 3.7630349e-01 0.0000000e+00 
5.6664068e-01 3.6344349e-01 0.0000000e+00 
5.8089459e-01 3.6333910e-01 0.0000000e+00 
5.7436389e-01 3.5058859e-01 0.0000000e+00 
5.8890998e-01 3.5140380e-01 0.0000000e+00 
5.9597099e-01 3.6360300e-01 0.0000000e+00 
1.8871840e+00 2.3216370e-01 0.0000000e+00 
1.8613670e+00 1.6699770e-01 0.0000000e+00 
5.8043772e-01 3.2325599e-01 0.0000000e+00 
1.8341640e-01 1.2044960e-01 0.0000000e+00 
1.4539170e-01 1.4803199e-01 0.0000000e+00 
5.2981251e-01 4.1606659e-01 0.0000000e+00 
6.3278657e-01 3.2098520e-01 0.0000000e+00 
4.9883649e-01 1.9035070e-01 0.0000000e+00 
4.8866749e-01 1.9995619e-01 0.0000000e+00 
4.7372600e-01 1.9428051e-01 0.0000000e+00 
4.7687241e-01 2.0988560e-01 0.0000000e+00 
4.6230760e-01 2.0519090e-01 0.0000000e+00 
5.0175709e-01 2.0284539e-01 0.0000000e+00 
3.7420979e-01 2.4249861e-01 0.0000000e+00 
3.7680081e-01 2.5999850e-01 0.0000000e+00 
3.6377189e-01 2.7359021e-01 0.0000000e+00 
3.8147151e-01 2.7786380e-01 0.0000000e+00 
3.9390230e-01 2.6630861e-01 0.0000000e+00 
3.9790910e-01 2.8215069e-01 0.0000000e+00 
3.8660839e-01 2.9399589e-01 0.0000000e+00 
4.0266559e-01 2.9749459e-01 0.0000000e+00 
3.9230630e-01 3.0959940e-01 0.0000000e+00 
3.7539089e-01 3.0645579e-01 0.0000000e+00 
3.8165531e-01 3.2178041e-01 0.0000000e+00 
3.9764741e-01 3.2483751e-01 0.0000000e+00 
3.8738471e-01 3.3702531e-01 0.0000000e+00 
4.0318671e-01 3.3988059e-01 0.0000000e+00 
3.9298999e-01 3.5206911e-01 0.0000000e+00 
4.0884519e-01 3.5489669e-01 0.0000000e+00 
3.7592891e-01 3.5095471e-01 0.0000000e+00 
4.1221961e-01 3.2815641e-01 0.0000000e+00 
4.0885890e-01 2.7070051e-01 0.0000000e+00 
4.0606499e-01 2.5576550e-01 0.0000000e+00 
4.2036530e-01 2.6073930e-01 0.0000000e+00 
4.1758421e-01 2.4588020e-01 0.0000000e+00 
3.9879280e-01 3.6719501e-01 0.0000000e+00 
4.1457930e-01 3.6959961e-01 0.0000000e+00 
4.2435291e-01 3.5784501e-01 0.0000000e+00 
4.3005049e-01 3.7181091e-01 0.0000000e+00 
4.2064139e-01 3.8399899e-01 0.0000000e+00 
4.0332180e-01 2.4100940e-01 0.0000000e+00 
4.1523230e-01 2.3128320e-01 0.0000000e+00 
4.2901969e-01 2.3581611e-01 0.0000000e+00 
4.2680249e-01 2.2116630e-01 0.0000000e+00 
4.4072181e-01 2.2622180e-01 0.0000000e+00 
4.3834931e-01 2.1132030e-01 0.0000000e+00 
4.2324290e-01 2.0628519e-01 0.0000000e+00 
5.7600939e-01 2.6372889e-01 0.0000000e+00 
4.6461701e-01 3.7602729e-01 0.0000000e+00 
4.4586849e-01 3.4520641e-01 0.0000000e+00 
1.8224460e+00 4.8960349e-01 0.0000000e+00 
4.3567330e-01 1.9562960e-01 0.0000000e+00 
5.9315038e-01 1.5660501e-01 0.0000000e+00 
4.5945361e-01 1.9019520e-01 0.0000000e+00 
6.2804931e-01 2.1075760e-01 0.0000000e+00 
4.4690049e-01 3.7500271e-01 0.0000000e+00 
4.3590689e-01 2.6693821e-01 0.0000000e+00 
4.5538360e-01 2.4537770e-01 0.0000000e+00 
5.3253782e-01 3.6093631e-01 0.0000000e+00 
5.0687999e-01 3.7203360e-01 0.0000000e+00 
5.5479759e-01 3.4289679e-01 0.0000000e+00 
4.7859880e-01 2.3292100e-01 0.0000000e+00 
5.6951690e-01 2.9091081e-01 0.0000000e+00 
4.3251589e-01 3.2153201e-01 0.0000000e+00 
2.5864059e-01 4.9322551e-01 0.0000000e+00 
2.8119770e-01 4.6436489e-01 0.0000000e+00 
2.9712620e-01 4.9769270e-01 0.0000000e+00 
5.0679362e-01 2.2942559e-01 0.0000000e+00 
5.1640040e-01 2.1935740e-01 0.0000000e+00 
6.5671778e-01 2.8741741e-01 0.0000000e+00 
6.4681822e-01 2.6546481e-01 0.0000000e+00 
2.6161829e-01 1.0442510e-01 0.0000000e+00 
2.9914159e-01 1.2133270e-01 0.0000000e+00 
5.3835911e-01 2.0090669e-01 0.0000000e+00 
4.1076070e-01 4.0288219e-01 0.0000000e+00 
4.2847160e-01 2.9058349e-01 0.0000000e+00 
5.8385968e-01 4.0419951e-01 0.0000000e+00 
4.6758640e-01 2.2237021e-01 0.0000000e+00 
1.7680900e+00 1.1666990e-01 0.0000000e+00 
4.6705061e-01 3.6164391e-01 0.0000000e+00 
4.2953780e-01 5.2015013e-01 0.0000000e+00 
3.4222049e-01 3.0633521e-01 0.0000000e+00 
3.3303869e-01 2.8045291e-01 0.0000000e+00 
5.3547281e-01 4.9663380e-01 0.0000000e+00 
5.6233060e-01 5.0093198e-01 0.0000000e+00 
3.5305610e-01 3.5562491e-01 0.0000000e+00 
3.6326250e-01 3.7681499e-01 0.0000000e+00 
5.8255208e-01 1.8968870e-01 0.0000000e+00 
5.6585908e-01 6.7596443e-02 0.0000000e+00 
3.1423870e-01 5.6071562e-01 0.0000000e+00 
3.6825681e-01 5.5769640e-01 0.0000000e+00 
1.6511329e+00 1.0926090e-01 0.0000000e+00 
1.6192470e+00 1.5863900e-01 0.0000000e+00 
3.1425080e-01 3.9930049e-02 0.0000000e+00 
3.1129351e-01 1.6085930e-01 0.0000000e+00 
3.3299991e-01 1.3328290e-01 0.0000000e+00 
3.3072019e-01 1.0009960e-01 0.0000000e+00 
2.7850899e-01 1.8997809e-01 0.0000000e+00 
3.6250210e-01 1.1719080e-01 0.0000000e+00 
3.6242679e-01 7.9823360e-02 0.0000000e+00 
3.9215559e-01 9.3917303e-02 0.0000000e+00 
6.7704421e-01 3.9422091e-02 0.0000000e+00 
6.9158012e-01 7.9496212e-02 0.0000000e+00 
7.2696608e-01 4.4044841e-02 0.0000000e+00 
7.3696113e-01 9.5335990e-02 0.0000000e+00 
7.9171729e-01 1.0606610e-01 0.0000000e+00 
7.5707722e-01 1.3865989e-01 0.0000000e+00 
8.0465728e-01 1.5881000e-01 0.0000000e+00 
8.4009641e-01 1.2030350e-01 0.0000000e+00 
8.5441029e-01 1.6780110e-01 0.0000000e+00 
8.9020813e-01 1.3047090e-01 0.0000000e+00 
8.7580758e-01 8.5384279e-02 0.0000000e+00 
6.3392729e-01 5.6027758e-01 0.0000000e+00 
6.5490252e-01 5.2222651e-01 0.0000000e+00 
6.9785458e-01 5.2009457e-01 0.0000000e+00 
6.6947389e-01 4.8214740e-01 0.0000000e+00 
7.1400052e-01 4.7928271e-01 0.0000000e+00 
7.3890662e-01 5.1415598e-01 0.0000000e+00 
7.5538421e-01 4.7427329e-01 0.0000000e+00 
7.3060858e-01 4.4053549e-01 0.0000000e+00 
7.7131832e-01 4.3481070e-01 0.0000000e+00 
7.4432129e-01 4.0371630e-01 0.0000000e+00 
7.9942912e-01 4.6868020e-01 0.0000000e+00 
8.1664360e-01 4.2528069e-01 0.0000000e+00 
8.4675127e-01 4.6303490e-01 0.0000000e+00 
7.0795268e-01 4.1132101e-01 0.0000000e+00 
8.6556101e-01 4.1526449e-01 0.0000000e+00 
9.0177119e-01 4.5578691e-01 0.0000000e+00 
6.1436248e-01 5.2457899e-01 0.0000000e+00 
5.9010911e-01 5.6233871e-01 0.0000000e+00 
6.8740159e-01 4.4485721e-01 0.0000000e+00 
6.3075930e-01 4.9217081e-01 0.0000000e+00 
8.2390177e-01 3.7696400e-01 0.0000000e+00 
6.5760958e-01 4.5251140e-01 0.0000000e+00 
8.8201141e-01 3.6469159e-01 0.0000000e+00 
7.1646827e-01 3.7200019e-01 0.0000000e+00 
7.5293612e-01 3.6630341e-01 0.0000000e+00 
7.3172802e-01 3.4158540e-01 0.0000000e+00 
4.3641081e-01 3.8625911e-01 0.0000000e+00 
3.3307719e-01 5.1888418e-01 0.0000000e+00 
3.7808201e-01 5.1874483e-01 0.0000000e+00 
4.1757399e-01 3.4319299e-01 0.0000000e+00 
4.0734050e-01 3.1263331e-01 0.0000000e+00 
4.8661929e-01 4.2812102e-02 0.0000000e+00 
7.2056448e-01 1.3380709e-01 0.0000000e+00 
7.2885102e-01 1.7120270e-01 0.0000000e+00 
7.6764971e-01 1.8236589e-01 0.0000000e+00 
7.3844647e-01 2.0840840e-01 0.0000000e+00 
3.2383901e-01 4.7502699e-01 0.0000000e+00 
2.0299730e-01 4.5617640e-02 0.0000000e+00 
5.8970161e-02 3.3410329e-01 0.0000000e+00 
2.0689000e-01 5.5709481e-01 0.0000000e+00 
4.1305149e-01 2.8573561e-01 0.0000000e+00 
7.8471351e-01 5.4944623e-01 0.0000000e+00 
5.7445318e-01 2.4704580e-01 0.0000000e+00 
4.8197981e-02 2.0613991e-01 0.0000000e+00 
2.9774281e-01 8.0907270e-02 0.0000000e+00 
5.0055778e-01 5.6669247e-01 0.0000000e+00 
5.6139982e-01 2.6632291e-01 0.0000000e+00 
1.6788280e+00 5.7307512e-02 0.0000000e+00 
5.1920211e-01 3.7999329e-01 0.0000000e+00 
5.3287011e-01 2.3837809e-01 0.0000000e+00 
4.9314889e-01 3.6956069e-01 0.0000000e+00 
5.4427528e-01 3.7591609e-01 0.0000000e+00 
7.8244883e-01 3.9527819e-01 0.0000000e+00 
3.6446571e-01 4.0250320e-02 0.0000000e+00 
4.4162789e-01 3.5938531e-01 0.0000000e+00 
6.3632941e-01 2.8842619e-01 0.0000000e+00 
4.9067271e-01 2.1312010e-01 0.0000000e+00 
9.0754151e-01 5.5067050e-01 0.0000000e+00 
9.6624529e-01 5.4957891e-01 0.0000000e+00 
9.9525559e-01 4.9868581e-01 0.0000000e+00 
1.0540251e+00 4.9801311e-01 0.0000000e+00 
1.0243800e+00 4.4818369e-01 0.0000000e+00 
1.0813180e+00 4.4429299e-01 0.0000000e+00 
9.6050638e-01 4.4521841e-01 0.0000000e+00 
9.9237692e-01 4.0150511e-01 0.0000000e+00 
9.3534291e-01 5.0050128e-01 0.0000000e+00 
1.1123620e+00 4.9683940e-01 0.0000000e+00 
1.1383430e+00 4.4216970e-01 0.0000000e+00 
5.4218680e-01 5.2327639e-01 0.0000000e+00 
4.9454380e-02 4.5007420e-01 0.0000000e+00 
1.0217610e-01 4.7936839e-01 0.0000000e+00 
2.2542991e-01 2.8165141e-01 0.0000000e+00 
3.9299640e-01 1.2565491e-01 0.0000000e+00 
4.2287391e-01 1.0849530e-01 0.0000000e+00 
4.1702661e-01 7.4225321e-02 0.0000000e+00 
4.2317891e-01 4.9126241e-01 0.0000000e+00 
3.6435950e-01 3.1840631e-01 0.0000000e+00 
5.9271669e-01 4.9394491e-01 0.0000000e+00 
4.5279789e-01 2.1705380e-01 0.0000000e+00 
1.1707489e+00 4.9572700e-01 0.0000000e+00 
1.1967220e+00 4.4262701e-01 0.0000000e+00 
1.2286400e+00 4.9457431e-01 0.0000000e+00 
1.2569320e+00 4.4329810e-01 0.0000000e+00 
1.2887410e+00 4.9415389e-01 0.0000000e+00 
4.9704749e-02 9.0376601e-02 0.0000000e+00 
1.1661880e+00 3.8667339e-01 0.0000000e+00 
1.0448740e+00 3.9727730e-01 0.0000000e+00 
1.3219531e+00 5.4748261e-01 0.0000000e+00 
1.3566051e+00 4.9475339e-01 0.0000000e+00 
1.4128619e+00 5.0170678e-01 0.0000000e+00 
1.3878731e+00 4.4357020e-01 0.0000000e+00 
2.6875430e-01 4.3074101e-01 0.0000000e+00 
4.1746351e-01 3.0108821e-01 0.0000000e+00 
4.7450441e-01 4.2571831e-01 0.0000000e+00 
4.0593800e-01 2.0075510e-01 0.0000000e+00 
4.4167551e-01 4.0079829e-01 0.0000000e+00 
1.9512080e+00 4.5117629e-01 0.0000000e+00 
1.0262311e+00 5.1109631e-02 0.0000000e+00 
9.9738371e-01 1.0181700e-01 0.0000000e+00 
1.0553030e+00 1.0176790e-01 0.0000000e+00 
1.0273110e+00 1.4739220e-01 0.0000000e+00 
1.0855290e+00 1.4977370e-01 0.0000000e+00 
9.7062862e-01 1.4721170e-01 0.0000000e+00 
9.3508059e-01 1.0148260e-01 0.0000000e+00 
1.1133560e+00 1.0215650e-01 0.0000000e+00 
1.1446090e+00 1.4514109e-01 0.0000000e+00 
1.1160710e+00 1.9391710e-01 0.0000000e+00 
1.2018321e+00 5.4771107e-01 0.0000000e+00 
1.9480680e+00 2.1005040e-01 0.0000000e+00 
1.0842860e+00 5.4868227e-01 0.0000000e+00 
1.9480680e+00 3.2994959e-01 0.0000000e+00 
1.5904510e+00 1.0452840e-01 0.0000000e+00 
1.5598950e+00 1.5443350e-01 0.0000000e+00 
1.5304790e+00 1.0186320e-01 0.0000000e+00 
1.5007280e+00 1.5119410e-01 0.0000000e+00 
1.5273950e+00 2.0345390e-01 0.0000000e+00 
1.4685169e+00 1.9967620e-01 0.0000000e+00 
1.4425830e+00 1.4740349e-01 0.0000000e+00 
1.4098901e+00 1.9577309e-01 0.0000000e+00 
1.3839140e+00 1.4338671e-01 0.0000000e+00 
1.3511680e+00 1.9153769e-01 0.0000000e+00 
1.3252350e+00 1.3926670e-01 0.0000000e+00 
1.2926320e+00 1.8772170e-01 0.0000000e+00 
1.2666039e+00 1.3634580e-01 0.0000000e+00 
1.2355460e+00 1.8558609e-01 0.0000000e+00 
1.2059170e+00 1.3905290e-01 0.0000000e+00 
1.2347410e+00 9.3928657e-02 0.0000000e+00 
1.3187660e+00 2.4091680e-01 0.0000000e+00 
1.4945120e+00 2.5244480e-01 0.0000000e+00 
1.5862570e+00 2.0772290e-01 0.0000000e+00 
5.5948251e-01 2.4233980e-01 0.0000000e+00 
1.5573130e+00 5.4926682e-01 0.0000000e+00 
1.5215520e+00 5.0207931e-01 0.0000000e+00 
1.5906490e+00 4.9784341e-01 0.0000000e+00 
1.3832541e+00 4.9608339e-02 0.0000000e+00 
1.5002331e+00 5.0511628e-02 0.0000000e+00 
1.7345819e+00 5.5134553e-01 0.0000000e+00 
1.6170100e+00 5.5189037e-01 0.0000000e+00 
1.6308481e+00 4.1378099e-01 0.0000000e+00 
1.7733830e+00 4.6653220e-01 0.0000000e+00 
1.8566350e+00 5.4165798e-01 0.0000000e+00 
1.5124860e+00 4.0674630e-01 0.0000000e+00 
1.4853560e+00 4.5626420e-01 0.0000000e+00 
1.6452560e+00 2.1187560e-01 0.0000000e+00 
1.7967290e+00 1.6947480e-01 0.0000000e+00 
1.8955210e+00 4.8443690e-01 0.0000000e+00 
2.4952111e-01 3.7534630e-01 0.0000000e+00 
2.4015559e-01 3.3920720e-01 0.0000000e+00 
1.6122910e+00 2.6095319e-01 0.0000000e+00 
1.8537400e+00 5.5921540e-02 0.0000000e+00 
1.8819669e+00 1.0242500e-01 0.0000000e+00 
9.5119797e-02 1.2153590e-01 0.0000000e+00 
1.0847340e+00 5.0935078e-02 0.0000000e+00 
1.7562060e+00 3.2229191e-01 0.0000000e+00 
1.4358770e+00 2.4863569e-01 0.0000000e+00 
4.3159389e-01 2.5088599e-01 0.0000000e+00 
4.7994119e-01 3.8120639e-01 0.0000000e+00 
1.8123610e+00 3.2570100e-01 0.0000000e+00 
6.1470199e-01 2.3820160e-01 0.0000000e+00 
6.2837660e-01 2.5279269e-01 0.0000000e+00 
5.6644672e-01 3.2120070e-01 0.0000000e+00 
4.0343639e-01 3.8359720e-01 0.0000000e+00 
1.2608960e+00 2.3755901e-01 0.0000000e+00 
9.7383392e-01 2.2759880e-01 0.0000000e+00 
1.8966711e+00 3.6694610e-01 0.0000000e+00 
1.2852859e+00 3.9278471e-01 0.0000000e+00 
4.4754091e-01 4.1694289e-01 0.0000000e+00 
5.1814729e-01 1.1434720e-01 0.0000000e+00 
9.8089732e-02 2.9848260e-01 0.0000000e+00 
8.7650722e-01 5.0584209e-01 0.0000000e+00 
7.2722268e-01 5.5884892e-01 0.0000000e+00 
9.1900879e-01 4.0950510e-01 0.0000000e+00 
6.0669678e-01 3.3687809e-01 0.0000000e+00 
9.2257088e-01 2.2499460e-01 0.0000000e+00 
1.8270659e+00 1.1701130e-01 0.0000000e+00 
3.9101499e-01 2.5043941e-01 0.0000000e+00 
3.0026230e-01 2.1632680e-01 0.0000000e+00 
5.8418620e-01 3.3934349e-01 0.0000000e+00 
1.5593460e+00 5.1838879e-02 0.0000000e+00 
4.5547140e-01 5.6772357e-01 0.0000000e+00 
9.7268373e-02 1.8144910e-01 0.0000000e+00 
9.3618453e-02 5.9398320e-02 0.0000000e+00 
9.5946752e-02 4.1991970e-01 0.0000000e+00 
1.5493150e-01 4.8253620e-01 0.0000000e+00 
5.3141659e-01 2.2366489e-01 0.0000000e+00 
4.6951711e-01 1.7694290e-01 0.0000000e+00 
1.3219830e+00 4.4809279e-01 0.0000000e+00 
6.1860532e-01 2.8225860e-01 0.0000000e+00 
9.2647932e-02 5.4469162e-01 0.0000000e+00 
3.6105269e-01 4.8700431e-01 0.0000000e+00 
1.4393450e+00 5.5213040e-01 0.0000000e+00 
1.9442101e+00 9.5342271e-02 0.0000000e+00 
9.0059137e-01 1.7995150e-01 0.0000000e+00 
8.2735151e-01 2.0720319e-01 0.0000000e+00 
6.6251612e-01 1.0677520e-01 0.0000000e+00 
6.7604911e-01 4.1622579e-01 0.0000000e+00 
6.8501538e-01 3.8669550e-01 0.0000000e+00 
3.6920869e-01 2.9070961e-01 0.0000000e+00 
4.5409241e-01 2.3146330e-01 0.0000000e+00 
6.1867392e-01 3.1358370e-01 0.0000000e+00 
1.9131620e+00 5.4997718e-01 0.0000000e+00 
4.2027211e-01 1.8849210e-01 0.0000000e+00 
1.9003210e+00 2.9999799e-01 0.0000000e+00 
5.5434358e-01 1.3134070e-01 0.0000000e+00 
1.4729370e+00 1.0059040e-01 0.0000000e+00 
4.4868380e-01 4.7589070e-01 0.0000000e+00 
1.7371070e+00 5.7924490e-02 0.0000000e+00 
1.6196249e-01 1.9384970e-01 0.0000000e+00 
2.7876011e-01 3.4925121e-01 0.0000000e+00 
5.6304562e-01 4.5950639e-01 0.0000000e+00 
6.0384172e-01 3.5119170e-01 0.0000000e+00 
5.7530987e-01 5.2873927e-01 0.0000000e+00 
1.3667960e-01 3.8707560e-01 0.0000000e+00 
4.9747679e-01 1.2821840e-01 0.0000000e+00 
1.1983300e+00 4.8251878e-02 0.0000000e+00 
7.5970978e-01 3.2726541e-01 0.0000000e+00 
8.1999791e-01 5.1075947e-01 0.0000000e+00 
1.3957340e+00 3.8871399e-01 0.0000000e+00 
3.8881221e-01 2.3447470e-01 0.0000000e+00 
5.2596432e-01 2.0954940e-01 0.0000000e+00 
1.4149910e+00 9.8922051e-02 0.0000000e+00 
3.1656411e-01 1.9587231e-01 0.0000000e+00 
4.3203679e-01 3.4525600e-01 0.0000000e+00 
5.0832897e-01 3.8785461e-01 0.0000000e+00 
5.0716370e-01 4.6868089e-01 0.0000000e+00 
7.2506380e-01 3.1459489e-01 0.0000000e+00 
5.7067949e-01 1.5282580e-01 0.0000000e+00 
6.7973870e-01 1.6684531e-01 0.0000000e+00 
5.3255141e-01 1.4827640e-01 0.0000000e+00 
5.8382958e-01 2.0679601e-01 0.0000000e+00 
3.6833951e-01 3.3595169e-01 0.0000000e+00 
6.6081917e-01 3.9089271e-01 0.0000000e+00 
3.5859609e-01 1.6498099e-01 0.0000000e+00 
5.4474670e-01 2.4635740e-01 0.0000000e+00 
8.5039961e-01 4.4130251e-02 0.0000000e+00 
7.0378470e-01 2.1493910e-01 0.0000000e+00 
3.8111559e-01 3.6489099e-01 0.0000000e+00 
3.8378549e-01 3.8103321e-01 0.0000000e+00 
1.1733290e+00 9.6517898e-02 0.0000000e+00 
6.1236829e-01 3.6486840e-01 0.0000000e+00 
4.2817801e-01 4.6774849e-01 0.0000000e+00 
3.9298210e-01 4.8933309e-01 0.0000000e+00 
5.1858139e-01 5.3958851e-01 0.0000000e+00 
1.1778920e+00 1.8819040e-01 0.0000000e+00 
6.3357651e-01 4.2729640e-01 0.0000000e+00 
2.1912169e-01 8.9860998e-02 0.0000000e+00 
4.4828820e-01 3.3391532e-02 0.0000000e+00 
7.1727687e-01 2.3730519e-01 0.0000000e+00 
9.8337471e-02 2.5592181e-01 0.0000000e+00 
4.8688981e-01 5.3696889e-01 0.0000000e+00 
9.1024607e-01 4.6742149e-02 0.0000000e+00 
4.2072469e-01 3.1704551e-01 0.0000000e+00 
2.5881660e-01 2.8481191e-01 0.0000000e+00 
1.3556740e+00 9.6588373e-02 0.0000000e+00 
3.8170820e-01 4.6353251e-01 0.0000000e+00 
6.1133659e-01 4.6789679e-01 0.0000000e+00 
4.4266859e-01 2.4074350e-01 0.0000000e+00 
1.4653840e+00 5.0395852e-01 0.0000000e+00 
1.1433500e+00 2.3560201e-01 0.0000000e+00 
5.5341142e-01 3.6430839e-01 0.0000000e+00 
5.7990170e-01 2.7820900e-01 0.0000000e+00 
4.4887719e-01 2.0151231e-01 0.0000000e+00 
4.6245420e-01 4.1756010e-01 0.0000000e+00 
4.1210291e-01 2.1662711e-01 0.0000000e+00 
5.1736373e-01 5.6347691e-02 0.0000000e+00 
7.0604849e-01 3.3807889e-01 0.0000000e+00 
4.3653390e-01 1.2656429e-01 0.0000000e+00 
4.2773649e-01 3.9727569e-01 0.0000000e+00 
4.2305809e-01 2.7508900e-01 0.0000000e+00 
1.9111360e+00 1.7995431e-01 0.0000000e+00 
1.2975690e+00 9.4644032e-02 0.0000000e+00 
7.4613649e-01 2.3963641e-01 0.0000000e+00 
2.9362991e-01 4.1433749e-01 0.0000000e+00 
5.8357382e-01 3.0761179e-01 0.0000000e+00 
5.3191912e-01 3.7253350e-01 0.0000000e+00 
4.4445190e-01 8.4593862e-02 0.0000000e+00 
1.5468830e+00 4.5422599e-01 0.0000000e+00 
6.2926418e-01 2.7103639e-01 0.0000000e+00 
3.5220909e-01 2.8729489e-01 0.0000000e+00 
8.3805579e-01 3.3710629e-01 0.0000000e+00 
5.2616048e-01 4.0003020e-01 0.0000000e+00 
1.8064611e-01 5.2023911e-01 0.0000000e+00 
4.2505819e-01 3.3176431e-01 0.0000000e+00 
7.7968621e-01 5.0346297e-01 0.0000000e+00 
1.2679260e+00 4.6381779e-02 0.0000000e+00 
5.8107018e-01 2.9473820e-01 0.0000000e+00 
6.1925322e-01 3.3036381e-01 0.0000000e+00 
5.6537521e-01 2.5524691e-01 0.0000000e+00 
3.8967860e-01 6.5405212e-02 0.0000000e+00 
1.0865080e+00 2.3449360e-01 0.0000000e+00 
1.4042149e-01 9.9993236e-02 0.0000000e+00 
1.0030100e+00 3.5783571e-01 0.0000000e+00 
3.6067769e-01 3.0184039e-01 0.0000000e+00 
5.7885981e-01 3.8880101e-01 0.0000000e+00 
1.5990330e+00 4.4926330e-01 0.0000000e+00 
9.1439813e-02 3.7532219e-01 0.0000000e+00 
5.7995051e-01 1.7130360e-01 0.0000000e+00 
6.1258352e-01 2.5273019e-01 0.0000000e+00 
4.0172791e-01 2.2754180e-01 0.0000000e+00 
5.4750210e-01 9.9742994e-02 0.0000000e+00 
6.1311978e-01 2.0313910e-01 0.0000000e+00 
6.1223829e-01 2.2002740e-01 0.0000000e+00 
1.8586820e+00 3.2957241e-01 0.0000000e+00 
5.8738971e-01 3.7580970e-01 0.0000000e+00 
4.5219980e-02 4.4195049e-02 0.0000000e+00 
4.8124549e-01 2.2123460e-01 0.0000000e+00 
4.3828961e-02 5.5591398e-01 0.0000000e+00 
1.0568640e+00 1.9004630e-01 0.0000000e+00 
3.3193341e-01 4.4711831e-01 0.0000000e+00 
3.0378929e-01 4.4286191e-01 0.0000000e+00 
5.3415012e-01 1.2728420e-01 0.0000000e+00 
5.0386423e-01 2.1636350e-01 0.0000000e+00 
1.9116580e+00 4.2358989e-01 0.0000000e+00 
4.5517069e-01 3.6521810e-01 0.0000000e+00 
3.6732909e-01 3.6239621e-01 0.0000000e+00 
6.3041377e-01 3.0585691e-01 0.0000000e+00 
1.9569679e+00 4.3301821e-02 0.0000000e+00 
5.7146299e-01 4.8058590e-01 0.0000000e+00 
1.6484860e+00 5.1718348e-01 0.0000000e+00 
9.4670999e-01 1.8556410e-01 0.0000000e+00 
6.3752991e-01 4.6584189e-01 0.0000000e+00 
1.9572541e+00 5.5697870e-01 0.0000000e+00 
6.4813697e-01 2.4830820e-01 0.0000000e+00 
6.0179752e-01 3.7555191e-01 0.0000000e+00 
1.4364240e+00 4.6111640e-01 0.0000000e+00 
5.6217611e-01 3.5223660e-01 0.0000000e+00 
6.6050959e-01 4.3027630e-01 0.0000000e+00 
4.0468970e-01 5.1149738e-01 0.0000000e+00 
5.1506358e-01 2.0555650e-01 0.0000000e+00 
4.3334481e-01 1.8108650e-01 0.0000000e+00 
9.9962813e-01 1.8700930e-01 0.0000000e+00 
6.9131333e-01 1.1763480e-01 0.0000000e+00 
4.4599831e-01 1.8538959e-01 0.0000000e+00 
5.1551181e-01 4.8891029e-01 0.0000000e+00 
4.3754059e-01 5.8743980e-02 0.0000000e+00 
5.9589100e-01 3.4163511e-01 0.0000000e+00 
2.3624770e-01 5.2814358e-01 0.0000000e+00 
6.6953379e-01 3.7169310e-01 0.0000000e+00 
3.6865169e-01 3.9570969e-01 0.0000000e+00 
5.9758049e-01 1.9620110e-01 0.0000000e+00 
1.3329040e-01 5.1544452e-01 0.0000000e+00 
1.0515270e+00 3.5504949e-01 0.0000000e+00 
3.3392131e-01 6.8202123e-02 0.0000000e+00 
1.7869949e-01 8.1389397e-02 0.0000000e+00 
9.2706198e-01 1.4882250e-01 0.0000000e+00 
1.7000279e+00 5.1305068e-01 0.0000000e+00 
3.4774879e-01 2.6959679e-01 0.0000000e+00 
5.7002652e-01 3.3917850e-01 0.0000000e+00 
4.5571360e-01 1.7617980e-01 0.0000000e+00 
8.2389021e-01 8.1237279e-02 0.0000000e+00 
5.6977302e-01 4.0162051e-01 0.0000000e+00 
5.7622939e-01 9.1579817e-02 0.0000000e+00 
7.9520959e-01 1.9354109e-01 0.0000000e+00 
7.1731091e-01 1.9555099e-01 0.0000000e+00 
9.5533073e-01 4.0679529e-01 0.0000000e+00 
5.1722008e-01 4.1250920e-01 0.0000000e+00 
4.3116611e-01 5.4470932e-01 0.0000000e+00 
6.9998658e-01 1.5358570e-01 0.0000000e+00 
3.7607810e-01 2.2627370e-01 0.0000000e+00 
5.1978278e-01 3.9113960e-01 0.0000000e+00 
5.3689402e-01 2.1312129e-01 0.0000000e+00 
9.0401761e-02 2.1924180e-01 0.0000000e+00 
7.8513551e-01 3.6338761e-01 0.0000000e+00 
2.8628290e-01 5.2971011e-01 0.0000000e+00 
1.9101239e+00 1.3962340e-01 0.0000000e+00 
3.3938929e-01 1.5675519e-01 0.0000000e+00 
3.5365051e-01 1.4366330e-01 0.0000000e+00 
5.9640652e-01 1.7787141e-01 0.0000000e+00 
2.3996450e-01 3.0955619e-01 0.0000000e+00 
4.0130991e-01 5.3756779e-01 0.0000000e+00 
2.6203820e-01 3.9843059e-01 0.0000000e+00 
1.7610559e+00 5.1254529e-01 0.0000000e+00 
5.3923780e-01 6.9367118e-02 0.0000000e+00 
6.6389477e-01 2.7387929e-01 0.0000000e+00 
5.6400359e-01 1.6758190e-01 0.0000000e+00 
6.3302028e-01 3.3655259e-01 0.0000000e+00 
5.4254562e-01 3.6452681e-01 0.0000000e+00 
5.1293671e-01 2.8587131e-02 0.0000000e+00 
5.1246679e-01 1.8971939e-01 0.0000000e+00 

CELLS 1766 7064
3 0 870 123
3 1 882 70
3 2 887 79
3 3 872 114
3 4 193 35
3 4 516 193
3 5 516 4
3 6 184 5
3 6 612 184
3 7 612 6
3 8 183 7
3 8 799 183
3 9 799 8
3 10 615 9
3 11 335 10
3 11 521 335
3 12 521 11
3 13 311 12
3 13 515 311
3 14 515 13
3 15 312 14
3 15 511 312
3 16 511 15
3 17 308 16
3 17 510 308
3 18 510 17
3 19 301 18
3 19 529 301
3 20 529 19
3 21 124 20
3 21 517 124
3 22 517 21
3 23 277 22
3 23 503 277
3 24 503 23
3 25 266 24
3 25 533 266
3 26 533 25
3 27 269 26
3 27 616 269
3 28 616 27
3 29 513 28
3 30 241 29
3 30 512 241
3 31 512 30
3 32 214 31
3 32 514 214
3 33 514 32
3 34 215 33
3 34 726 215
3 35 726 34
3 36 870 0
3 37 747 36
3 38 155 37
3 38 603 155
3 39 603 38
3 40 130 39
3 40 547 130
3 41 547 40
3 41 619 547
3 42 619 41
3 43 142 42
3 43 812 142
3 44 812 43
3 44 943 597
3 45 943 44
3 46 145 45
3 46 159 145
3 47 159 46
3 48 140 47
3 48 555 140
3 49 555 48
3 49 557 555
3 50 557 49
3 51 126 50
3 51 800 126
3 52 800 51
3 52 816 800
3 53 816 52
3 54 131 53
3 54 663 131
3 55 663 54
3 55 718 663
3 56 718 55
3 57 127 56
3 57 780 127
3 58 780 57
3 58 850 780
3 59 850 58
3 60 148 59
3 60 700 148
3 61 700 60
3 62 128 61
3 62 701 128
3 63 701 62
3 63 744 701
3 64 744 63
3 65 136 64
3 65 613 136
3 66 613 65
3 66 772 613
3 67 772 66
3 68 144 67
3 68 715 144
3 69 715 68
3 70 157 69
3 70 882 157
3 71 882 1
3 72 757 71
3 73 154 72
3 73 674 154
3 74 674 73
3 75 139 74
3 75 676 139
3 76 676 75
3 77 147 76
3 77 662 147
3 78 662 77
3 79 156 78
3 79 887 156
3 80 887 2
3 81 766 80
3 82 706 81
3 83 151 82
3 83 702 151
3 84 702 83
3 85 129 84
3 85 703 129
3 86 703 85
3 87 697 86
3 88 137 87
3 88 756 137
3 89 756 88
3 90 149 89
3 90 653 149
3 91 653 90
3 92 134 91
3 92 673 134
3 93 673 92
3 94 150 93
3 94 675 150
3 95 675 94
3 96 135 95
3 96 624 135
3 97 624 96
3 98 623 97
3 99 125 98
3 99 607 125
3 100 607 99
3 100 736 607
3 101 736 100
3 102 138 101
3 102 566 138
3 103 566 102
3 103 583 566
3 104 583 103
3 105 143 104
3 105 611 143
3 106 611 105
3 106 745 611
3 107 745 106
3 108 141 107
3 108 544 141
3 109 544 108
3 110 543 109
3 111 132 110
3 111 605 132
3 112 605 111
3 113 153 112
3 113 754 153
3 114 754 113
3 114 872 754
3 115 872 3
3 116 158 115
3 116 635 158
3 117 635 116
3 118 146 117
3 118 604 146
3 119 604 118
3 120 133 119
3 120 609 133
3 121 609 120
3 122 152 121
3 122 650 152
3 123 650 122
3 123 870 650
3 124 529 20
3 124 658 529
3 124 817 658
3 125 623 98
3 125 735 623
3 125 782 735
3 126 557 50
3 126 558 557
3 126 559 558
3 126 915 559
3 127 718 56
3 127 804 670
3 128 700 61
3 128 786 700
3 129 702 84
3 129 911 702
3 130 603 39
3 130 610 525
3 130 811 603
3 131 816 53
3 132 543 110
3 132 929 543
3 133 604 119
3 133 734 604
3 133 814 734
3 133 927 814
3 134 653 91
3 134 673 647
3 135 675 95
3 136 613 545
3 136 744 64
3 137 697 87
3 137 698 697
3 137 823 698
3 138 736 101
3 139 674 74
3 139 768 454
3 140 159 47
3 140 160 159
3 140 161 160
3 140 555 161
3 141 745 107
3 141 922 745
3 141 935 922
3 142 619 42
3 142 854 619
3 142 900 640
3 143 583 104
3 143 777 583
3 143 808 634
3 144 740 532
3 144 772 67
3 145 938 830
3 145 943 45
3 146 635 117
3 146 748 635
3 146 861 748
3 147 676 76
3 147 730 676
3 147 878 730
3 148 850 59
3 149 756 89
3 150 673 93
3 150 675 632
3 151 706 82
3 151 937 504
3 152 609 121
3 152 746 609
3 153 605 112
3 153 847 605
3 153 906 847
3 154 757 72
3 154 930 757
3 155 747 37
3 155 856 747
3 155 909 856
3 156 662 78
3 156 711 662
3 156 766 711
3 156 887 766
3 157 715 69
3 157 716 715
3 157 757 716
3 157 882 757
3 158 872 115
3 159 542 145
3 160 542 159
3 160 917 542
3 161 162 160
3 161 760 162
3 162 163 160
3 162 164 163
3 162 165 164
3 162 760 165
3 163 917 160
3 164 187 163
3 164 506 187
3 165 166 164
3 165 167 166
3 165 253 167
3 165 760 253
3 166 506 164
3 166 933 506
3 167 168 166
3 167 169 168
3 167 793 169
3 168 227 166
3 168 866 227
3 169 170 168
3 169 171 170
3 169 188 171
3 169 793 188
3 170 508 168
3 171 172 170
3 171 173 172
3 171 801 173
3 172 244 170
3 172 888 244
3 173 174 172
3 173 175 174
3 173 813 175
3 174 888 172
3 174 939 524
3 175 176 174
3 175 177 176
3 175 178 177
3 175 813 178
3 176 939 174
3 177 180 176
3 177 791 180
3 178 179 177
3 178 181 179
3 178 837 181
3 179 791 177
3 180 191 176
3 180 192 191
3 180 831 192
3 181 182 179
3 181 185 182
3 181 245 185
3 181 837 245
3 182 781 179
3 183 612 7
3 183 799 696
3 183 853 612
3 184 516 5
3 184 612 501
3 184 826 516
3 185 186 182
3 185 189 186
3 185 759 189
3 186 222 182
3 186 845 222
3 187 361 163
3 187 769 361
3 187 792 769
3 188 801 171
3 188 919 801
3 188 923 599
3 189 190 186
3 189 194 190
3 189 243 194
3 189 759 243
3 190 845 186
3 191 523 176
3 192 201 191
3 192 202 201
3 192 203 202
3 192 831 203
3 193 726 35
3 193 839 456
3 193 851 839
3 194 195 190
3 194 196 195
3 194 739 196
3 195 588 190
3 196 197 195
3 196 198 197
3 196 729 198
3 196 739 729
3 197 242 195
3 197 857 242
3 198 199 197
3 198 200 199
3 198 259 200
3 198 729 259
3 199 857 197
3 199 907 857
3 200 216 199
3 200 217 216
3 200 855 217
3 201 232 191
3 201 460 232
3 201 941 460
3 202 204 201
3 202 205 204
3 202 903 205
3 203 831 589
3 203 903 202
3 204 941 201
3 205 206 204
3 205 207 206
3 205 797 207
3 205 903 797
3 206 341 204
3 206 805 341
3 207 208 206
3 207 209 208
3 207 211 209
3 207 797 211
3 208 805 206
3 208 889 805
3 209 210 208
3 209 212 210
3 209 810 212
3 210 344 208
3 210 530 344
3 211 797 761
3 211 810 209
3 211 892 810
3 212 213 210
3 212 220 213
3 212 257 220
3 212 810 257
3 213 530 210
3 214 512 31
3 214 891 825
3 214 942 512
3 215 514 33
3 215 913 514
3 216 907 199
3 217 218 216
3 217 219 218
3 217 824 219
3 217 855 824
3 218 345 216
3 218 651 345
3 219 223 218
3 219 224 223
3 219 258 224
3 219 824 258
3 220 221 213
3 220 254 221
3 220 821 254
3 221 239 213
3 221 240 239
3 221 775 240
3 222 781 182
3 222 845 586
3 222 928 781
3 223 651 218
3 224 225 223
3 224 226 225
3 224 728 226
3 225 352 223
3 225 731 352
3 226 228 225
3 226 229 228
3 226 693 229
3 226 728 693
3 227 933 166
3 228 731 225
3 229 230 228
3 229 231 230
3 229 256 231
3 229 693 256
3 230 356 228
3 230 783 356
3 231 233 230
3 231 234 233
3 231 720 234
3 232 523 191
3 232 621 523
3 232 881 621
3 233 783 230
3 234 235 233
3 234 236 235
3 234 694 236
3 234 720 694
3 235 366 233
3 235 707 366
3 236 237 235
3 236 238 237
3 236 252 238
3 236 694 252
3 237 707 235
3 238 246 237
3 238 247 246
3 238 714 247
3 239 530 213
3 239 916 530
3 240 260 239
3 240 261 260
3 240 262 261
3 240 775 262
3 241 513 29
3 241 614 513
3 241 840 614
3 242 588 195
3 242 737 588
3 242 857 630
3 242 920 737
3 243 739 194
3 243 758 739
3 243 759 563
3 244 508 170
3 244 725 724
3 244 867 508
3 244 888 725
3 245 601 600
3 245 759 185
3 245 837 601
3 245 918 759
3 246 360 237
3 246 704 360
3 247 248 246
3 247 249 248
3 247 250 249
3 247 714 250
3 248 704 246
3 249 255 248
3 249 719 255
3 250 251 249
3 250 342 251
3 250 709 342
3 250 714 709
3 251 719 249
3 252 694 681
3 252 714 238
3 253 793 167
3 253 923 793
3 254 775 221
3 254 821 643
3 254 883 775
3 255 377 248
3 255 378 377
3 255 382 378
3 255 719 382
3 256 686 684
3 256 693 686
3 256 720 231
3 257 810 587
3 257 821 220
3 257 886 821
3 258 728 224
3 258 809 690
3 258 824 809
3 259 855 200
3 259 873 855
3 259 896 873
3 260 346 239
3 260 438 346
3 260 459 438
3 261 459 260
3 262 263 261
3 262 435 263
3 262 436 435
3 262 775 436
3 263 264 261
3 263 265 264
3 263 790 265
3 264 459 261
3 264 921 459
3 265 267 264
3 265 268 267
3 265 270 268
3 265 790 270
3 266 503 24
3 266 620 503
3 266 879 620
3 267 354 264
3 267 355 354
3 267 659 355
3 268 659 267
3 269 533 26
3 269 722 502
3 270 271 268
3 270 326 271
3 270 327 326
3 270 790 327
3 271 272 268
3 271 273 272
3 271 771 273
3 272 659 268
3 272 828 659
3 273 274 272
3 273 275 274
3 273 806 275
3 274 732 272
3 275 276 274
3 275 278 276
3 275 339 278
3 275 806 339
3 276 340 274
3 276 528 340
3 277 517 22
3 277 848 517
3 278 279 276
3 278 280 279
3 278 820 280
3 279 528 276
3 280 281 279
3 280 282 281
3 280 316 282
3 280 820 316
3 281 314 279
3 281 904 314
3 282 283 281
3 282 284 283
3 282 874 284
3 283 904 281
3 284 285 283
3 284 838 285
3 284 875 838
3 285 286 283
3 285 287 286
3 285 296 287
3 285 838 296
3 286 540 283
3 287 288 286
3 287 289 288
3 287 774 289
3 288 539 286
3 289 290 288
3 289 291 290
3 289 774 291
3 290 317 288
3 290 535 317
3 291 292 290
3 291 293 292
3 291 304 293
3 291 774 304
3 292 535 290
3 292 536 535
3 293 294 292
3 293 295 294
3 293 818 295
3 294 536 292
3 295 297 294
3 295 305 297
3 295 322 305
3 295 818 322
3 296 774 287
3 296 936 712
3 297 298 294
3 297 299 298
3 297 742 299
3 298 536 294
3 298 912 536
3 299 300 298
3 299 302 300
3 299 787 302
3 300 315 298
3 300 467 315
3 300 924 467
3 301 510 18
3 301 834 510
3 302 303 300
3 302 306 303
3 302 313 306
3 302 787 313
3 303 924 300
3 304 774 713
3 304 818 293
3 304 934 818
3 305 742 297
3 306 307 303
3 306 309 307
3 306 798 309
3 307 321 303
3 307 660 321
3 308 511 16
3 308 822 511
3 309 310 307
3 309 318 310
3 309 320 318
3 309 798 320
3 310 660 307
3 310 767 660
3 311 521 12
3 311 871 622
3 311 877 521
3 312 515 14
3 312 531 515
3 312 764 531
3 313 787 548
3 313 798 306
3 313 931 798
3 314 528 279
3 314 727 528
3 314 803 727
3 314 904 803
3 315 912 298
3 316 755 602
3 316 820 755
3 316 874 282
3 317 539 288
3 317 796 539
3 318 319 310
3 318 328 319
3 318 638 328
3 319 767 310
3 319 895 767
3 320 638 318
3 320 932 552
3 321 864 784
3 321 924 303
3 322 323 305
3 322 324 323
3 322 637 324
3 322 818 637
3 323 551 305
3 324 325 323
3 324 367 325
3 324 368 367
3 324 637 368
3 325 350 323
3 325 371 350
3 325 773 371
3 326 771 271
3 327 359 326
3 327 402 359
3 327 899 402
3 328 329 319
3 328 832 329
3 329 330 319
3 329 331 330
3 329 332 331
3 329 832 332
3 330 895 319
3 330 898 895
3 330 914 898
3 331 914 330
3 332 333 331
3 332 336 333
3 332 369 336
3 332 832 369
3 333 334 331
3 333 337 334
3 333 779 337
3 334 751 331
3 335 615 10
3 335 750 615
3 336 779 333
3 337 338 334
3 337 347 338
3 337 348 347
3 337 779 348
3 338 351 334
3 338 461 351
3 338 944 461
3 339 806 641
3 339 820 278
3 340 732 274
3 340 833 661
3 341 776 738
3 341 805 776
3 341 941 204
3 342 343 251
3 342 375 343
3 342 376 375
3 342 709 376
3 343 353 251
3 343 373 353
3 343 710 373
3 344 889 208
3 345 633 628
3 345 651 633
3 345 907 216
3 346 916 239
3 347 349 338
3 347 362 349
3 347 794 362
3 348 779 733
3 348 794 347
3 348 876 794
3 349 944 338
3 350 551 323
3 351 751 334
3 352 648 646
3 352 651 223
3 352 731 648
3 353 719 251
3 353 723 719
3 354 921 264
3 355 357 354
3 355 379 357
3 355 380 379
3 355 659 380
3 356 731 228
3 356 752 731
3 356 783 656
3 357 358 354
3 357 789 358
3 358 921 354
3 358 925 846
3 359 372 326
3 359 401 372
3 359 815 401
3 360 707 237
3 360 842 707
3 360 860 842
3 361 917 163
3 362 363 349
3 362 364 363
3 362 431 364
3 362 794 431
3 363 374 349
3 363 527 374
3 364 365 363
3 364 384 365
3 364 940 384
3 365 527 363
3 366 783 233
3 366 890 656
3 367 773 325
3 368 406 367
3 368 407 406
3 368 409 407
3 368 637 409
3 369 370 336
3 369 832 639
3 369 841 370
3 370 403 336
3 370 405 403
3 370 424 405
3 370 841 424
3 371 392 350
3 371 457 392
3 371 458 457
3 371 773 458
3 372 771 326
3 373 422 353
3 373 454 422
3 373 455 454
3 373 710 455
3 374 944 349
3 375 710 343
3 376 394 375
3 376 545 394
3 376 546 545
3 376 709 546
3 377 704 248
3 378 445 377
3 378 705 445
3 379 430 357
3 379 722 430
3 380 381 379
3 380 432 381
3 380 828 432
3 381 722 379
3 382 383 378
3 382 399 383
3 382 723 399
3 383 705 378
3 384 385 365
3 384 541 385
3 384 862 541
3 384 940 862
3 385 386 365
3 385 387 386
3 385 795 387
3 386 527 365
3 386 926 527
3 387 388 386
3 387 389 388
3 387 390 389
3 387 795 390
3 388 400 386
3 388 444 400
3 388 696 444
3 389 696 388
3 390 391 389
3 390 395 391
3 390 447 395
3 390 795 447
3 391 608 389
3 392 393 350
3 392 525 393
3 392 811 525
3 393 551 350
3 394 532 375
3 394 772 532
3 395 396 391
3 395 724 396
3 395 867 724
3 396 397 391
3 396 398 397
3 396 863 398
3 397 608 391
3 398 417 397
3 398 418 417
3 398 419 418
3 398 863 419
3 399 404 383
3 399 730 404
3 399 868 730
3 400 926 386
3 401 534 372
3 401 815 745
3 401 922 534
3 402 815 359
3 402 899 537
3 403 779 336
3 404 504 383
3 404 711 504
3 404 878 711
3 405 434 403
3 405 830 434
3 406 408 367
3 406 814 408
3 407 734 406
3 408 773 367
3 408 927 746
3 409 410 407
3 409 411 410
3 409 713 411
3 409 934 713
3 410 437 407
3 410 778 437
3 411 412 410
3 411 413 412
3 411 712 413
3 411 713 712
3 412 778 410
3 413 414 412
3 413 415 414
3 413 657 415
3 413 936 657
3 414 416 412
3 414 749 416
3 415 423 414
3 415 518 423
3 415 519 518
3 415 657 519
3 416 749 636
3 416 778 412
3 417 501 397
3 417 826 501
3 418 420 417
3 418 421 420
3 418 753 421
3 419 753 418
3 419 843 753
3 419 863 725
3 420 826 417
3 420 851 826
3 421 425 420
3 421 426 425
3 421 443 426
3 421 753 443
3 422 723 353
3 422 868 723
3 423 749 414
3 423 847 749
3 423 902 847
3 424 597 405
3 424 812 597
3 424 900 812
3 425 851 420
3 426 427 425
3 426 428 427
3 426 765 428
3 427 839 425
3 428 429 427
3 428 738 429
3 428 852 738
3 429 456 427
3 429 743 456
3 429 901 743
3 430 616 513
3 430 722 616
3 430 789 357
3 431 794 769
3 431 940 364
3 432 433 381
3 432 661 433
3 432 732 661
3 432 828 732
3 433 502 381
3 433 509 502
3 433 592 509
3 433 661 592
3 434 733 403
3 434 865 733
3 434 938 865
3 435 790 263
3 435 899 790
3 436 537 435
3 436 538 537
3 436 883 538
3 437 734 407
3 437 861 604
3 438 439 346
3 438 442 439
3 438 846 442
3 439 440 346
3 439 441 440
3 439 617 441
3 440 916 346
3 441 448 440
3 441 449 448
3 441 825 449
3 442 617 439
3 442 840 617
3 442 925 614
3 443 753 621
3 443 765 426
3 443 881 765
3 444 750 400
3 444 799 615
3 445 446 377
3 445 911 446
3 445 937 911
3 446 704 377
3 446 860 704
3 446 884 699
3 446 911 884
3 447 867 395
3 447 905 866
3 448 859 440
3 448 869 859
3 449 450 448
3 449 451 450
3 449 891 451
3 450 869 448
3 451 452 450
3 451 743 452
3 451 913 743
3 452 453 450
3 452 776 453
3 452 901 776
3 453 869 450
3 453 889 869
3 454 674 139
3 454 768 422
3 454 835 674
3 455 740 716
3 455 835 454
3 455 930 835
3 456 726 193
3 456 839 427
3 456 913 726
3 457 811 392
3 457 909 811
3 458 746 717
3 458 773 746
3 458 856 457
3 459 846 438
3 459 921 846
3 460 852 765
3 460 881 232
3 460 941 852
3 461 462 351
3 461 466 462
3 461 944 466
3 462 463 351
3 462 464 463
3 462 622 464
3 463 751 351
3 464 465 463
3 464 531 465
3 464 871 531
3 465 507 463
3 465 827 507
3 466 622 462
3 466 877 622
3 466 894 877
3 466 944 894
3 467 468 315
3 467 741 468
3 467 784 741
3 467 924 784
3 468 469 315
3 468 470 469
3 468 471 470
3 468 741 471
3 469 912 315
3 470 763 469
3 471 472 470
3 471 485 472
3 471 486 485
3 471 741 486
3 472 473 470
3 472 474 473
3 472 606 474
3 473 763 470
3 474 475 473
3 474 596 475
3 474 658 596
3 475 476 473
3 475 477 476
3 475 478 477
3 475 596 478
3 476 763 473
3 476 858 763
3 477 642 476
3 477 796 642
3 478 479 477
3 478 480 479
3 478 484 480
3 478 596 484
3 479 796 477
3 480 481 479
3 480 482 481
3 480 595 482
3 481 483 479
3 481 802 483
3 482 489 481
3 482 490 489
3 482 491 490
3 482 595 491
3 483 796 479
3 483 880 539
3 484 595 480
3 484 848 595
3 485 606 472
3 485 834 606
3 486 487 485
3 486 488 487
3 486 494 488
3 486 741 494
3 487 721 510
3 487 834 485
3 488 721 487
3 489 802 481
3 489 803 802
3 490 727 489
3 491 492 490
3 491 620 492
3 491 788 620
3 492 493 490
3 492 592 493
3 492 620 509
3 493 727 490
3 493 833 528
3 494 495 488
3 494 864 495
3 495 496 488
3 495 497 496
3 495 829 497
3 495 864 829
3 496 721 488
3 496 822 721
3 497 498 496
3 497 499 498
3 497 500 499
3 497 829 500
3 498 822 496
3 499 644 498
3 499 827 644
3 500 505 499
3 500 767 505
3 500 829 660
3 501 608 397
3 501 826 184
3 501 853 608
3 502 533 269
3 502 722 381
3 502 879 533
3 503 788 277
3 504 705 383
3 504 706 151
3 504 711 706
3 504 937 705
3 505 827 499
3 505 898 827
3 506 792 187
3 506 862 792
3 506 933 862
3 507 751 463
3 507 914 751
3 508 866 168
3 508 867 866
3 509 592 492
3 509 879 502
3 510 721 308
3 510 834 487
3 511 764 312
3 511 822 764
3 512 840 241
3 512 942 840
3 513 616 28
3 513 789 430
3 514 891 214
3 514 913 891
3 515 871 311
3 516 851 193
3 517 817 124
3 517 848 817
3 518 902 423
3 518 929 902
3 519 520 518
3 519 602 520
3 519 875 602
3 520 602 593
3 520 929 518
3 521 522 335
3 521 877 522
3 522 750 335
3 522 785 750
3 522 894 785
3 523 621 524
3 523 939 176
3 524 843 725
3 524 888 174
3 524 939 523
3 525 526 393
3 525 610 526
3 525 811 130
3 526 548 393
3 526 549 548
3 526 550 549
3 526 610 550
3 527 785 374
3 527 926 785
3 528 727 493
3 528 833 340
3 529 658 606
3 529 834 301
3 530 859 344
3 530 916 859
3 531 644 465
3 531 764 644
3 531 871 515
3 532 710 375
3 532 740 710
3 532 772 144
3 533 879 266
3 534 641 372
3 534 893 641
3 534 935 893
3 535 642 317
3 535 858 642
3 536 844 535
3 536 912 844
3 537 634 402
3 537 899 435
3 538 634 537
3 538 777 634
3 538 883 643
3 539 540 286
3 539 796 483
3 539 880 540
3 540 880 802
3 540 904 283
3 541 795 385
3 541 905 795
3 541 933 905
3 542 917 865
3 542 938 145
3 543 544 109
3 543 593 544
3 543 929 593
3 544 935 141
3 545 613 394
3 545 677 136
3 546 677 545
3 546 678 677
3 546 695 678
3 546 709 695
3 547 610 130
3 547 908 610
3 548 551 393
3 548 787 551
3 548 931 313
3 549 931 548
3 549 932 931
3 550 552 549
3 550 553 552
3 550 908 553
3 551 742 305
3 551 787 742
3 552 638 320
3 552 932 549
3 553 554 552
3 553 854 554
3 553 908 619
3 554 638 552
3 554 639 638
3 554 640 639
3 554 854 640
3 555 556 161
3 555 557 556
3 556 760 161
3 556 897 760
3 557 558 556
3 558 897 556
3 559 560 558
3 559 561 560
3 559 562 561
3 559 915 562
3 560 598 558
3 560 599 598
3 560 600 599
3 561 600 560
3 561 918 600
3 562 563 561
3 562 564 563
3 562 565 564
3 562 915 565
3 563 758 243
3 563 759 561
3 564 758 563
3 564 910 758
3 565 669 564
3 565 816 669
3 565 915 800
3 566 567 138
3 566 582 567
3 566 583 582
3 567 568 138
3 567 569 568
3 567 585 569
3 568 736 138
3 569 570 568
3 569 584 570
3 569 587 584
3 569 886 587
3 570 571 568
3 570 572 571
3 570 573 572
3 570 584 573
3 571 736 568
3 571 849 607
3 572 849 571
3 573 574 572
3 573 575 574
3 573 579 575
3 573 584 579
3 574 576 572
3 574 577 576
3 574 618 577
3 575 618 574
3 576 849 572
3 577 578 576
3 577 580 578
3 577 586 580
3 577 618 586
3 578 782 576
3 579 589 575
3 579 762 589
3 580 581 578
3 580 737 581
3 581 735 578
3 581 737 629
3 582 585 567
3 582 643 585
3 582 777 643
3 583 777 582
3 584 761 579
3 584 892 761
3 585 886 569
3 586 588 580
3 586 845 588
3 586 928 222
3 587 886 257
3 587 892 584
3 588 737 580
3 588 845 190
3 589 590 575
3 589 591 590
3 589 762 203
3 589 831 591
3 590 618 575
3 590 928 618
3 591 781 590
3 591 791 781
3 591 831 791
3 592 833 493
3 593 594 544
3 593 755 594
3 593 929 520
3 594 935 544
3 595 788 491
3 595 848 788
3 596 817 484
3 597 812 44
3 597 830 405
3 597 943 830
3 598 897 558
3 598 923 897
3 599 919 188
3 599 923 598
3 600 601 599
3 600 918 245
3 601 813 801
3 601 837 813
3 601 919 599
3 602 755 593
3 602 874 316
3 602 875 874
3 603 909 155
3 604 734 437
3 604 861 146
3 605 902 132
3 606 658 474
3 606 834 529
3 607 736 571
3 607 782 125
3 607 849 782
3 608 696 389
3 608 853 696
3 609 927 133
3 610 908 550
3 611 808 143
3 611 815 808
3 612 853 501
3 613 772 394
3 614 789 513
3 614 840 442
3 614 925 789
3 615 750 444
3 615 799 9
3 616 722 269
3 617 825 441
3 617 942 825
3 618 928 586
3 619 854 553
3 619 908 547
3 620 788 503
3 620 879 509
3 621 843 524
3 621 881 443
3 622 871 464
3 622 877 311
3 623 624 97
3 623 631 624
3 623 735 631
3 624 625 135
3 624 631 625
3 625 626 135
3 625 627 626
3 625 629 627
3 625 631 629
3 626 675 135
3 627 628 626
3 627 652 628
3 628 632 626
3 628 633 632
3 628 652 345
3 629 630 627
3 629 631 581
3 629 920 630
3 630 652 627
3 630 857 652
3 630 920 242
3 631 735 581
3 632 645 150
3 632 675 626
3 633 645 632
3 633 646 645
3 633 651 646
3 634 777 143
3 634 808 402
3 635 636 158
3 635 748 636
3 636 748 416
3 636 754 158
3 636 906 754
3 637 934 409
3 638 639 328
3 639 832 328
3 639 841 369
3 640 841 639
3 640 854 142
3 640 900 841
3 641 771 372
3 641 806 771
3 641 807 339
3 641 893 807
3 642 796 317
3 642 858 476
3 643 777 538
3 643 821 585
3 643 883 254
3 644 764 498
3 644 827 465
3 645 673 150
3 646 647 645
3 646 648 647
3 646 651 352
3 647 649 134
3 647 673 645
3 648 649 647
3 648 752 649
3 649 653 134
3 649 654 653
3 649 752 654
3 650 717 152
3 650 747 717
3 650 870 747
3 652 907 345
3 653 654 149
3 654 655 149
3 654 656 655
3 654 752 656
3 655 756 149
3 655 823 756
3 655 890 823
3 656 752 356
3 656 783 366
3 656 890 655
3 657 875 519
3 657 936 838
3 658 817 596
3 659 828 380
3 660 767 500
3 660 829 321
3 661 732 340
3 661 833 592
3 662 878 147
3 663 664 131
3 663 665 664
3 663 718 665
3 664 669 131
3 665 666 664
3 665 667 666
3 665 670 667
3 665 718 670
3 666 668 664
3 666 896 668
3 667 873 666
3 668 669 664
3 668 896 885
3 668 910 669
3 669 816 131
3 669 910 564
3 670 671 667
3 670 718 127
3 670 804 671
3 671 672 667
3 671 804 691
3 671 809 672
3 672 873 667
3 674 835 154
3 676 768 139
3 677 744 136
3 678 679 677
3 678 680 679
3 678 681 680
3 678 695 681
3 679 744 677
3 679 770 701
3 680 770 679
3 681 682 680
3 681 694 682
3 681 695 252
3 682 683 680
3 682 684 683
3 682 720 684
3 683 770 680
3 683 786 770
3 684 685 683
3 684 686 685
3 684 720 256
3 685 786 683
3 685 819 786
3 686 687 685
3 686 688 687
3 686 693 688
3 687 819 685
3 687 836 819
3 688 689 687
3 688 690 689
3 688 728 690
3 689 836 687
3 690 691 689
3 690 728 258
3 690 809 691
3 691 692 689
3 691 804 692
3 691 809 671
3 692 804 780
3 692 836 689
3 692 850 836
3 693 728 688
3 694 720 682
3 695 714 252
3 696 799 444
3 696 853 183
3 697 703 86
3 698 699 697
3 698 823 708
3 698 842 699
3 699 703 697
3 699 860 446
3 699 884 703
3 700 819 148
3 701 744 679
3 701 770 128
3 702 937 151
3 703 884 129
3 704 860 360
3 705 937 445
3 706 766 81
3 707 708 366
3 707 842 708
3 708 842 698
3 708 890 366
3 709 714 695
3 710 740 455
3 711 766 706
3 711 878 662
3 712 774 296
3 712 936 413
3 713 774 712
3 713 934 304
3 715 740 144
3 716 740 715
3 716 930 455
3 717 746 152
3 717 856 458
3 719 723 382
3 721 822 308
3 723 868 399
3 724 863 396
3 724 867 244
3 725 843 419
3 725 863 724
3 725 888 524
3 726 913 215
3 727 803 489
3 729 896 259
3 730 768 676
3 730 868 768
3 730 878 404
3 731 752 648
3 732 828 272
3 733 779 403
3 733 876 348
3 734 814 406
3 735 782 578
3 737 920 629
3 738 852 341
3 738 901 429
3 739 885 729
3 741 784 494
3 742 787 299
3 743 901 452
3 743 913 456
3 745 815 611
3 745 922 401
3 746 773 408
3 746 927 609
3 747 856 717
3 747 870 36
3 748 778 416
3 748 861 778
3 749 906 636
3 750 926 400
3 751 914 331
3 753 843 621
3 754 872 158
3 754 906 153
3 755 807 594
3 755 820 807
3 756 823 137
3 757 882 71
3 757 930 716
3 758 885 739
3 758 910 885
3 759 918 561
3 760 897 253
3 761 762 579
3 761 797 762
3 761 892 211
3 762 903 203
3 763 844 469
3 763 858 844
3 764 822 498
3 765 852 428
3 765 881 460
3 766 887 80
3 767 895 505
3 768 868 422
3 769 792 431
3 769 865 361
3 769 876 865
3 770 786 128
3 771 806 273
3 775 883 436
3 776 805 453
3 776 901 738
3 778 861 437
3 780 804 127
3 780 850 692
3 781 791 179
3 781 928 590
3 782 849 576
3 784 864 494
3 784 924 321
3 785 894 374
3 785 926 750
3 786 819 700
3 788 848 277
3 789 925 358
3 790 899 327
3 791 831 180
3 792 940 431
3 793 923 188
3 794 876 769
3 795 905 447
3 797 903 762
3 798 932 320
3 800 816 565
3 800 915 126
3 801 813 173
3 801 919 601
3 802 803 540
3 802 880 483
3 803 904 540
3 805 889 453
3 807 820 339
3 807 893 594
3 808 815 402
3 809 824 672
3 810 892 587
3 811 909 603
3 812 900 142
3 813 837 178
3 814 927 408
3 817 848 484
3 818 934 637
3 819 836 148
3 821 886 585
3 823 890 708
3 824 855 672
3 825 891 449
3 825 942 214
3 826 851 516
3 827 898 507
3 829 864 321
3 830 938 434
3 830 943 145
3 835 930 154
3 836 850 148
3 838 875 657
3 838 936 296
3 839 851 425
3 840 942 617
3 841 900 424
3 842 860 699
3 844 858 535
3 844 912 469
3 846 921 358
3 846 925 442
3 847 902 605
3 847 906 749
3 852 941 341
3 855 873 672
3 856 909 457
3 857 907 652
3 859 869 344
3 859 916 440
3 862 933 541
3 862 940 792
3 865 876 733
3 865 917 361
3 865 938 542
3 866 867 447
3 866 905 227
3 869 889 344
3 873 896 666
3 874 875 284
3 877 894 522
3 884 911 129
3 885 896 729
3 885 910 668
3 891 913 451
3 893 935 594
3 894 944 374
3 895 898 505
3 897 923 253
3 898 914 507
3 902 929 132
3 905 933 227
3 911 937 702
3 922 935 534
3 931 932 798

CELL_TYPES 1766
5
5
5
5
5
5
5
5
5
5
5
5
5
5
5
5
5
5
5
5
5
5
5
5
5
5
5
5
5
5
5
5
5
5
5
5
5
5
5
5
5
5
5
5
5
5
5
5
5
5
5
5
5
5
5
5
5
5
5
5
5
5
5
5
5
5
5
5
5
5
5
5
5
5
5
5
5
5
5
5
5
5
5
5
5
5
5
5
5
5
5
5
5
5
5
5
5
5
5
5
5
5
5
5
5
5
5
5
5
5
5
5
5
5
5
5
5
5
5
5
5
5
5
5
5
5
5
5
5
5
5
5
5
5
5
5
5
5
5
5
5
5
5
5
5
5
5
5
5
5
5
5
5
5
5
5
5
5
5
5
5
5
5
5
5
5
5
5
5
5
5
5
5
5
5
5
5
5
5
5
5
5
5
5
5
5
5
5
5
5
5
5
5
5
5
5
5
5
5
5
5
5
5
5
5
5
5
5
5
5
5
5
5
5
5
5
5
5
5
5
5
5
5
5
5
5
5
5
5
5
5
5
5
5
5
5
5
5
5
5
5
5
5
5
5
5
5
5
5
5
5
5
5
5
5
5
5
5
5
5
5
5
5
5
5
5
5
5
5
5
5
5
5
5
5
5
5
5
5
5
5
5
5
5
5
5
5
5
5
5
5
5
5
5
5
5
5
5
5
5
5
5
5
5
5
5
5
5
5
5
5
5
5
5
5
5
5
5
5
5
5
5
5
5
5
5
5
5
5
5
5
5
5
5
5
5
5
5
5
5
5
5
5
5
5
5
5
5
5
5
5
5
5
5
5
5
5
5
5
5
5
5
5
5
5
5
5
5
5
5
5
5
5
5
5
5
5
5
5
5
5
5
5
5
5
5
5
5
5
5
5
5
5
5
5
5
5
5
5
5
5
5
5
5
5
5
5
5
5
5
5
5
5
5
5
5
5
5
5
5
5
5
5
5
5
5
5
5
5
5
5
5
5
5
5
5
5
5
5
5
5
5
5
5
5
5
5
5
5
5
5
5
5
5
5
5
5
5
5
5
5
5
5
5
5
5
5
5
5
5
5
5
5
5
5
5
5
5
5
5
5
5
5
5
5
5
5
5
5
5
5
5
5
5
5
5
5
5
5
5
5
5
5
5
5
5
5
5
5
5
5
5
5
5
5
5
5
5
5
5
5
5
5
5
5
5
5
5
5
5
5
5
5
5
5
5
5
5
5
5
5
5
5
5
5
5
5
5
5
5
5
5
5
5
5
5
5
5
5
5
5
5
5
5
5
5
5
5
5
5
5
5
5
5
5
5
5
5
5
5
5
5
5
5
5
5
5
5
5
5
5
5
5
5
5
5
5
5
5
5
5
5
5
5
5
5
5
5
5
5
5
5
5
5
5
5
5
5
5
5
5
5
5
5
5
5
5
5
5
5
5
5
5
5
5
5
5
5
5
5
5
5
5
5
5
5
5
5
5
5
5
5
5
5
5
5
5
5
5
5
5
5
5
5
5
5
5
5
5
5
5
5
5
5
5
5
5
5
5
5
5
5
5
5
5
5
5
5
5
5
5
5
5
5
5
5
5
5
5
5
5
5
5
5
5
5
5
5
5
5
5
5
5
5
5
5
5
5
5
5
5
5
5
5
5
5
5
5
5
5
5
5
5
5
5
5
5
5
5
5
5
5
5
5
5
5
5
5
5
5
5
5
5
5
5
5
5
5
5
5
5
5
5
5
5
5
5
5
5
5
5
5
5
5
5
5
5
5
5
5
5
5
5
5
5
5
5
5
5
5
5
5
5
5
5
5
5
5
5
5
5
5
5
5
5
5
5
5
5
5
5
5
5
5
5
5
5
5
5
5
5
5
5
5
5
5
5
5
5
5
5
5
5
5
5
5
5
5
5
5
5
5
5
5
5
5
5
5
5
5
5
5
5
5
5
5
5
5
5
5
5
5
5
5
5
5
5
5
5
5
5
5
5
5
5
5
5
5
5
5
5
5
5
5
5
5
5
5
5
5
5
5
5
5
5
5
5
5
5
5
5
5
5
5
5
5
5
5
5
5
5
5
5
5
5
5
5
5
5
5
5
5
5
5
5
5
5
5
5
5
5
5
5
5
5
5
5
5
5
5
5
5
5
5
5
5
5
5
5
5
5
5
5
5
5
5
5
5
5
5
5
5
5
5
5
5
5
5
5
5
5
5
5
5
5
5
5
5
5
5
5
5
5
5
5
5
5
5
5
5
5
5
5
5
5
5
5
5
5
5
5
5
5
5
5
5
5
5
5
5
5
5
5
5
5
5
5
5
5
5
5
5
5
5
5
5
5
5
5
5
5
5
5
5
5
5
5
5
5
5
5
5
5
5
5
5
5
5
5
5
5
5
5
5
5
5
5
5
5
5
5
5
5
5
5
5
5
5
5
5
5
5
5
5
5
5
5
5
5
5
5
5
5
5
5
5
5
5
5
5
5
5
5
5
5
5
5
5
5
5
5
5
5
5
5
5
5
5
5
5
5
5
5
5
5
5
5
5
5
5
5
5
5
5
5
5
5
5
5
5
5
5
5
5
5
5
5
5
5
5
5
5
5
5
5
5
5
5
5
5
5
5
5
5
5
5
5
5
5
5
5
5
5
5
5
5
5
5
5
5
5
5
5
5
5
5
5
5
5
5
5
5
5
5
5
5
5
5
5
5
5
5
5
5
5
5
5
5
5
5
5
5
5
5
5
5
5
5
5
5
5
5
5
5
5
5
5
5
5
5
5
5
5
5
5
5
5
5
5
5
5
5
5
5
5
5
5
5
5
5
5
5
5
5
5
5
5
5
5
5
5
5
5
5
5
5
5
5
5
5
5
5
5
5
5
5
5
5
5
5
5
5
5
5
5
5
5
5
5
5
5
5
5
5
5
5
5
5
5
5
5
5
5
5
5
5
5
5
5
5
5
5
5
5
5
5
5
5
5
5
5
5
5
5
5
5
5
5
5
5
5
5
5
5
5
5
5
5
5
5
5
5
5
5
5
5
5
5
5
5
5
5
5
5
5
5
5
5
5
5
5
5
5
5
5
5
5
5
5
5
5
5
5
5
5
5
5
5
5
5
5
5
5
5
5
5
5
5
5
5
5
5
5
5
5
5
5
5
5
5
5
5
5
5
5
5
5
5
5
5
5
5
5
5
5
5
5
5
5
5
5
5
5
5
5
5
5
5
5
5
5
5
5
5
5
5
5
5
5
5
5
5
5
5
5
5
5
5
5
5
5
5
5
5
5
5
5
5
5
5
5
5
5
5
5
5
5
5
5
5
5
5
5
5
5
5
5
5
5
5
5
5
5
5
5
5
5
5
5
5
5
5
5
5
5
5
5
5
5
5
5
5
5
5
5
5
5
5
5
5
5
5
5
5
5
5
5
5
5
5
5
5
5
5
5
5
5
5
5
5
5
5
5
5
5
5
5
5
5
5
5
5
5
5
5
5
5
5
5
5
5
5
5
5
5
5
5
5
5
5
5
5
5
5
5
5
5
5
5
5
5
5
5
5
5
5
5
5
5
5
5
5
5
5
5
5
5
5
5
5
5
5
5
5
5
5
5
5
5
5
5
5
5
5
5
5
5
5
5
5
5
5
5
5
5
5
5
5
5
5
5
5
5
5
5
5
5
5
5
5
5
5
5
5
5
5
5
5
5
5
5
5
5
5
5
5
5
5
5
5
5
5
5
5
5
5
5
5
5
5
5
5
5
5
5
5
5
5
5
5
5
5
5
5
5
5
5
5
5
5
5
5
5
5
5
5
5
5
5
5
5
5
5
5
5
5
5
5
5
5
5
5
5
5
5
5
5
5
5
5
5
5
5
5
5
5
5
5
5
5
5
5
5
5
5
5
5
5
5
5
5
5
5
5
5
5
5
5
5
5
5
5
5
5
5
5
5
5
5
5
5
5
5
5
5
5
5
5
5
5
5
5
5
5
5
5
5
5
5
5
5
5
5
5
5
5
POINT_DATA 945
FIELD FieldData 2
VELOCITY 3 945  float
1.0000000e-01 0.0000000e+00 0.0000000e+00 
1.0000021e-01 0.0000000e+00 0.0000000e+00 
1.0000004e-01 0.0000000e+00 0.0000000e+00 
1.0000000e-01 0.0000000e+00 0.0000000e+00 
0.0000000e+00 0.0000000e+00 0.0000000e+00 
0.0000000e+00 0.0000000e+00 0.0000000e+00 
0.0000000e+00 0.0000000e+00 0.0000000e+00 
0.0000000e+00 0.0000000e+00 0.0000000e+00 
0.0000000e+00 0.0000000e+00 0.0000000e+00 
0.0000000e+00 0.0000000e+00 0.0000000e+00 
0.0000000e+00 0.0000000e+00 0.0000000e+00 
0.0000000e+00 0.0000000e+00 0.0000000e+00 
0.0000000e+00 0.0000000e+00 0.0000000e+00 
0.0000000e+00 0.0000000e+00 0.0000000e+00 
0.0000000e+00 0.0000000e+00 0.0000000e+00 
0.0000000e+00 0.0000000e+00 0.0000000e+00 
0.0000000e+00 0.0000000e+00 0.0000000e+00 
0.0000000e+00 0.0000000e+00 0.0000000e+00 
0.0000000e+00 0.0000000e+00 0.0000000e+00 
0.0000000e+00 0.0000000e+00 0.0000000e+00 
0.0000000e+00 0.0000000e+00 0.0000000e+00 
0.0000000e+00 0.0000000e+00 0.0000000e+00 
0.0000000e+00 0.0000000e+00 0.0000000e+00 
0.0000000e+00 0.0000000e+00 0.0000000e+00 
0.0000000e+00 0.0000000e+00 0.0000000e+00 
0.0000000e+00 0.0000000e+00 0.0000000e+00 
0.0000000e+00 0.0000000e+00 0.0000000e+00 
0.0000000e+00 0.0000000e+00 0.0000000e+00 
0.0000000e+00 0.0000000e+00 0.0000000e+00 
0.0000000e+00 0.0000000e+00 0.0000000e+00 
0.0000000e+00 0.0000000e+00 0.0000000e+00 
0.0000000e+00 0.0000000e+00 0.0000000e+00 
0.0000000e+00 0.0000000e+00 0.0000000e+00 
0.0000000e+00 0.0000000e+00 0.0000000e+00 
0.0000000e+00 0.0000000e+00 0.0000000e+00 
0.0000000e+00 0.0000000e+00 0.0000000e+00 
1.0017374e-01 -7.0681937e-27 0.0000000e+00 
1.0074475e-01 -1.2924697e-26 0.0000000e+00 
1.0190836e-01 -1.2924697e-26 0.0000000e+00 
1.0391557e-01 -1.2924697e-26 0.0000000e+00 
1.0692377e-01 -2.5849394e-25 0.0000000e+00 
1.1087758e-01 -2.5849394e-25 0.0000000e+00 
1.1569878e-01 -2.5849394e-25 0.0000000e+00 
1.2079186e-01 4.1359031e-25 0.0000000e+00 
1.2554529e-01 -9.3057819e-25 0.0000000e+00 
1.2894274e-01 4.1359031e-25 0.0000000e+00 
1.3044679e-01 0.0000000e+00 0.0000000e+00 
1.2971918e-01 0.0000000e+00 0.0000000e+00 
1.2684779e-01 0.0000000e+00 0.0000000e+00 
1.2212748e-01 -4.1359031e-25 0.0000000e+00 
1.1625534e-01 -4.1359031e-25 0.0000000e+00 
1.1078905e-01 -4.1359031e-25 0.0000000e+00 
1.0666218e-01 1.6543612e-24 0.0000000e+00 
1.0391506e-01 1.6543612e-24 0.0000000e+00 
1.0220070e-01 1.6543612e-24 0.0000000e+00 
1.0122845e-01 3.1019273e-25 0.0000000e+00 
1.0068411e-01 3.1019273e-25 0.0000000e+00 
1.0038318e-01 3.1019273e-25 0.0000000e+00 
1.0021283e-01 -5.1698788e-26 0.0000000e+00 
1.0011885e-01 -5.1698788e-26 0.0000000e+00 
1.0006747e-01 -5.1698788e-26 0.0000000e+00 
1.0003772e-01 -2.5849394e-26 0.0000000e+00 
1.0002121e-01 -2.5849394e-26 0.0000000e+00 
1.0001189e-01 -2.5849394e-26 0.0000000e+00 
1.0000666e-01 -3.2311743e-27 0.0000000e+00 
1.0000376e-01 -3.2311743e-27 0.0000000e+00 
1.0000215e-01 -3.2311743e-27 0.0000000e+00 
1.0000125e-01 2.3981372e-28 0.0000000e+00 
1.0000074e-01 2.3981372e-28 0.0000000e+00 
1.0000045e-01 2.3981372e-28 0.0000000e+00 
1.0000029e-01 -6.8662453e-27 0.0000000e+00 
1.0000017e-01 7.7900324e-08 0.0000000e+00 
1.0000011e-01 1.2527721e-07 0.0000000e+00 
1.0000001e-01 1.3602356e-07 0.0000000e+00 
9.9999942e-02 1.0586591e-07 0.0000000e+00 
9.9999890e-02 4.3015024e-08 0.0000000e+00 
9.9999875e-02 -2.4033064e-08 0.0000000e+00 
9.9999912e-02 -7.6384318e-08 0.0000000e+00 
9.9999964e-02 -7.7088082e-08 0.0000000e+00 
1.0000001e-01 -5.2577963e-08 0.0000000e+00 
1.0000009e-01 -8.0779357e-27 0.0000000e+00 
1.0000022e-01 5.2506582e-27 0.0000000e+00 
1.0000045e-01 5.2506582e-27 0.0000000e+00 
1.0000090e-01 5.2506582e-27 0.0000000e+00 
1.0000174e-01 1.4641258e-26 0.0000000e+00 
1.0000318e-01 1.4641258e-26 0.0000000e+00 
1.0000592e-01 1.4641258e-26 0.0000000e+00 
1.0001101e-01 -2.5849394e-26 0.0000000e+00 
1.0001978e-01 -2.5849394e-26 0.0000000e+00 
1.0003540e-01 -2.5849394e-26 0.0000000e+00 
1.0006376e-01 0.0000000e+00 0.0000000e+00 
1.0011596e-01 0.0000000e+00 0.0000000e+00 
1.0020997e-01 0.0000000e+00 0.0000000e+00 
1.0037954e-01 2.0679515e-25 0.0000000e+00 
1.0068353e-01 2.0679515e-25 0.0000000e+00 
1.0122376e-01 2.0679515e-25 0.0000000e+00 
1.0218386e-01 0.0000000e+00 0.0000000e+00 
1.0386771e-01 0.0000000e+00 0.0000000e+00 
1.0659186e-01 0.0000000e+00 0.0000000e+00 
1.1076414e-01 -8.2718061e-25 0.0000000e+00 
1.1631966e-01 -8.2718061e-25 0.0000000e+00 
1.2209667e-01 -8.2718061e-25 0.0000000e+00 
1.2687391e-01 0.0000000e+00 0.0000000e+00 
1.2992808e-01 0.0000000e+00 0.0000000e+00 
1.3062094e-01 0.0000000e+00 0.0000000e+00 
1.2898283e-01 5.1698788e-26 0.0000000e+00 
1.2549841e-01 5.1698788e-26 0.0000000e+00 
1.2081809e-01 5.1698788e-26 0.0000000e+00 
1.1575250e-01 5.1698788e-25 0.0000000e+00 
1.1090937e-01 5.1698788e-25 0.0000000e+00 
1.0690785e-01 5.1698788e-25 0.0000000e+00 
1.0386435e-01 2.0679515e-25 0.0000000e+00 
1.0185011e-01 2.0679515e-25 0.0000000e+00 
1.0071249e-01 2.0679515e-25 0.0000000e+00 
1.0015063e-01 -1.6155871e-26 0.0000000e+00 
1.0000000e-01 0.0000000e+00 0.0000000e+00 
1.0000000e-01 0.0000000e+00 0.0000000e+00 
1.0000000e-01 0.0000000e+00 0.0000000e+00 
1.0000000e-01 0.0000000e+00 0.0000000e+00 
1.0000000e-01 0.0000000e+00 0.0000000e+00 
1.0000000e-01 0.0000000e+00 0.0000000e+00 
1.0000000e-01 0.0000000e+00 0.0000000e+00 
1.0000000e-01 0.0000000e+00 0.0000000e+00 
1.0000000e-01 0.0000000e+00 0.0000000e+00 
1.0397702e-02 8.6867949e-03 0.0000000e+00 
1.0797679e-01 -3.3241571e-03 0.0000000e+00 
1.1317147e-01 4.8954459e-03 0.0000000e+00 
1.0044939e-01 2.4783795e-04 0.0000000e+00 
1.0002396e-01 1.3242647e-05 0.0000000e+00 
1.0000204e-01 -1.1556814e-06 0.0000000e+00 
1.0460691e-01 -2.8087525e-03 0.0000000e+00 
1.0255244e-01 1.3983703e-03 0.0000000e+00 
1.0485953e-01 2.3883374e-03 0.0000000e+00 
9.9876933e-02 -1.7829957e-04 0.0000000e+00 
1.0013424e-01 -7.8838348e-05 0.0000000e+00 
1.0144365e-01 -7.9675368e-04 0.0000000e+00 
1.0000414e-01 2.4402455e-06 0.0000000e+00 
1.0001288e-01 -6.9606303e-06 0.0000000e+00 
1.2513252e-01 -3.9472710e-03 0.0000000e+00 
9.9999852e-02 1.1003569e-07 0.0000000e+00 
1.2924534e-01 2.4132414e-03 0.0000000e+00 
1.1844656e-01 3.7140320e-03 0.0000000e+00 
1.1837371e-01 -4.5045479e-03 0.0000000e+00 
1.3102709e-01 1.4825935e-03 0.0000000e+00 
1.0000078e-01 4.6960994e-07 0.0000000e+00 
1.3085489e-01 -1.2767033e-03 0.0000000e+00 
9.9947602e-02 3.8067569e-04 0.0000000e+00 
9.9999852e-02 -7.3690678e-08 0.0000000e+00 
1.0007727e-01 4.1340863e-05 0.0000000e+00 
1.0004042e-01 -2.3058255e-05 0.0000000e+00 
1.0044274e-01 -2.5395682e-04 0.0000000e+00 
1.0000049e-01 -3.5391176e-07 0.0000000e+00 
1.0000699e-01 -4.7264216e-04 0.0000000e+00 
1.0109106e-01 8.3751278e-04 0.0000000e+00 
1.0000006e-01 1.7877079e-07 0.0000000e+00 
1.0103939e-01 -9.6863491e-04 0.0000000e+00 
1.0000001e-01 -9.4375373e-08 0.0000000e+00 
1.0000031e-01 1.3509143e-07 0.0000000e+00 
1.0003830e-01 3.5394827e-04 0.0000000e+00 
1.3116995e-01 6.6706887e-04 0.0000000e+00 
1.3304469e-01 3.1011675e-03 0.0000000e+00 
1.2923916e-01 6.3857972e-03 0.0000000e+00 
1.3414653e-01 8.0291713e-03 0.0000000e+00 
1.3728264e-01 3.7181068e-03 0.0000000e+00 
1.3830426e-01 9.0319961e-03 0.0000000e+00 
1.3316490e-01 1.4049437e-02 0.0000000e+00 
1.3321146e-01 1.5968416e-02 0.0000000e+00 
1.2623227e-01 2.1142902e-02 0.0000000e+00 
1.1470263e-01 2.3156418e-02 0.0000000e+00 
1.1034480e-01 2.6673334e-02 0.0000000e+00 
9.0274736e-02 2.6858188e-02 0.0000000e+00 
8.8827714e-02 2.9229848e-02 0.0000000e+00 
6.3826330e-02 2.5738388e-02 0.0000000e+00 
6.5597035e-02 2.6845425e-02 0.0000000e+00 
3.8883269e-02 1.9659881e-02 0.0000000e+00 
4.7461726e-02 1.9109700e-02 0.0000000e+00 
2.5277684e-02 8.8850809e-03 0.0000000e+00 
4.0726203e-02 6.8778670e-03 0.0000000e+00 
5.8126222e-02 1.6892821e-02 0.0000000e+00 
5.6074377e-02 3.9178082e-03 0.0000000e+00 
3.1177351e-02 -5.0511826e-03 0.0000000e+00 
7.0499055e-02 1.3383706e-02 0.0000000e+00 
7.0296004e-02 8.6078566e-04 0.0000000e+00 
3.4949994e-03 2.9320817e-04 0.0000000e+00 
-1.4158704e-03 -2.9734916e-03 0.0000000e+00 
8.0827102e-02 9.4802836e-03 0.0000000e+00 
8.1518419e-02 -2.5119269e-05 0.0000000e+00 
1.4128816e-01 2.9397344e-03 0.0000000e+00 
1.0840552e-01 2.7427377e-02 0.0000000e+00 
8.8236138e-02 5.8031119e-03 0.0000000e+00 
8.9256041e-02 -8.1952621e-04 0.0000000e+00 
1.6737275e-02 -4.3136142e-03 0.0000000e+00 
3.4563586e-02 -1.6073333e-02 0.0000000e+00 
-1.8090238e-03 1.4957725e-03 0.0000000e+00 
9.2825778e-02 2.9528879e-03 0.0000000e+00 
9.4057225e-02 -1.1032216e-03 0.0000000e+00 
9.5957339e-02 1.3786821e-03 0.0000000e+00 
9.6677333e-02 -5.5378181e-04 0.0000000e+00 
9.7722895e-02 7.2785496e-04 0.0000000e+00 
9.8130494e-02 -3.7874095e-04 0.0000000e+00 
9.8689556e-02 3.6208800e-04 0.0000000e+00 
2.1340549e-02 -1.3433716e-02 0.0000000e+00 
4.7491588e-02 -2.2614261e-02 0.0000000e+00 
6.1711945e-02 -2.6188590e-02 0.0000000e+00 
4.0550668e-02 -1.8796194e-02 0.0000000e+00 
6.7897275e-02 -2.5128543e-02 0.0000000e+00 
6.1269887e-02 -2.0838579e-02 0.0000000e+00 
9.1054782e-02 -2.4722161e-02 0.0000000e+00 
8.4404640e-02 -2.0399779e-02 0.0000000e+00 
1.1235313e-01 -2.1671200e-02 0.0000000e+00 
1.1193333e-01 -1.7407212e-02 0.0000000e+00 
1.1270676e-01 -2.5158966e-02 0.0000000e+00 
1.2935558e-01 -1.6260292e-02 0.0000000e+00 
1.3179782e-01 -1.1242907e-02 0.0000000e+00 
1.0955133e-02 -3.5718998e-03 0.0000000e+00 
1.9634810e-05 1.9026529e-03 0.0000000e+00 
9.8974943e-02 -2.3099945e-04 0.0000000e+00 
9.9259950e-02 1.6888682e-04 0.0000000e+00 
9.9451907e-02 -1.8990516e-04 0.0000000e+00 
9.9598102e-02 7.3820658e-05 0.0000000e+00 
1.3870369e-01 -9.9087721e-03 0.0000000e+00 
1.4164363e-01 -4.5021735e-03 0.0000000e+00 
7.9112805e-02 -8.9004664e-03 0.0000000e+00 
9.9703342e-02 -1.1157625e-04 0.0000000e+00 
9.9775277e-02 3.5239776e-05 0.0000000e+00 
9.9837020e-02 -6.5527980e-05 0.0000000e+00 
9.9874891e-02 1.5485119e-05 0.0000000e+00 
1.2034410e-01 1.8347869e-02 0.0000000e+00 
9.9910617e-02 -3.8529521e-05 0.0000000e+00 
9.9930599e-02 6.3662374e-06 0.0000000e+00 
9.9950202e-02 -2.2090424e-05 0.0000000e+00 
9.9961273e-02 2.5711897e-06 0.0000000e+00 
6.2298784e-03 -3.1881891e-03 0.0000000e+00 
9.9972546e-02 -1.2689433e-05 0.0000000e+00 
9.9977992e-02 1.0059974e-06 0.0000000e+00 
9.9985071e-02 -8.1912976e-06 0.0000000e+00 
9.9987775e-02 4.4898214e-09 0.0000000e+00 
9.9992007e-02 -4.6897321e-06 0.0000000e+00 
9.9993229e-02 -1.3198739e-07 0.0000000e+00 
1.3278280e-01 -6.0076066e-03 0.0000000e+00 
1.4371958e-01 1.9538784e-03 0.0000000e+00 
3.3583097e-02 -4.4075064e-03 0.0000000e+00 
9.6938469e-02 -2.7419366e-03 0.0000000e+00 
9.5091365e-02 7.3313266e-03 0.0000000e+00 
6.3574150e-02 2.1948941e-02 0.0000000e+00 
8.6737372e-02 1.8765818e-02 0.0000000e+00 
9.9995606e-02 -2.6401706e-06 0.0000000e+00 
9.9996231e-02 -1.2720965e-07 0.0000000e+00 
9.9997588e-02 -1.4893726e-06 0.0000000e+00 
9.9997900e-02 -9.0507562e-08 0.0000000e+00 
9.9997573e-02 1.2467572e-06 0.0000000e+00 
9.9998631e-02 6.8957235e-07 0.0000000e+00 
9.9992357e-02 4.2474621e-06 0.0000000e+00 
1.2685731e-01 1.8093782e-02 0.0000000e+00 
1.4082295e-01 -4.5811092e-03 0.0000000e+00 
9.9998698e-02 -8.4711263e-07 0.0000000e+00 
9.9959016e-02 2.7990545e-05 0.0000000e+00 
1.3489512e-01 -1.4473660e-02 0.0000000e+00 
9.9780813e-02 1.8452619e-04 0.0000000e+00 
9.8782651e-02 1.1917917e-03 0.0000000e+00 
1.3737041e-01 1.6390304e-03 0.0000000e+00 
1.4488666e-01 9.0148654e-03 0.0000000e+00 
1.4364089e-01 6.6526565e-03 0.0000000e+00 
1.4280877e-01 1.2823544e-02 0.0000000e+00 
1.4428708e-01 1.7303763e-02 0.0000000e+00 
1.4013937e-01 1.9335752e-02 0.0000000e+00 
5.2359592e-02 4.1223709e-02 0.0000000e+00 
1.4111431e-01 2.5445867e-02 0.0000000e+00 
1.3527362e-01 2.4749132e-02 0.0000000e+00 
6.2341169e-02 2.2377511e-02 0.0000000e+00 
1.3430277e-01 1.8030968e-02 0.0000000e+00 
1.2918715e-01 2.1632824e-02 0.0000000e+00 
1.2834948e-01 3.0031657e-02 0.0000000e+00 
1.2295288e-01 2.4032190e-02 0.0000000e+00 
1.1965697e-01 3.1006355e-02 0.0000000e+00 
1.1643504e-01 2.4323856e-02 0.0000000e+00 
1.1172948e-01 2.9643122e-02 0.0000000e+00 
2.8857157e-02 3.8448483e-02 0.0000000e+00 
1.1047318e-01 2.2647917e-02 0.0000000e+00 
1.0474814e-01 2.5939403e-02 0.0000000e+00 
1.0565060e-01 1.9868743e-02 0.0000000e+00 
1.0031925e-01 2.1397486e-02 0.0000000e+00 
1.0206917e-01 1.6470864e-02 0.0000000e+00 
9.6788839e-02 1.7159333e-02 0.0000000e+00 
9.9774227e-02 1.2754084e-02 0.0000000e+00 
9.5980354e-02 1.1809339e-02 0.0000000e+00 
9.1698244e-02 1.4242425e-02 0.0000000e+00 
9.2769310e-02 9.4441352e-03 0.0000000e+00 
8.7890267e-02 1.0065351e-02 0.0000000e+00 
9.0141498e-02 6.1739422e-03 0.0000000e+00 
8.5883215e-02 4.7966172e-03 0.0000000e+00 
8.9743927e-02 2.2358913e-03 0.0000000e+00 
8.6171865e-02 -5.9062423e-04 0.0000000e+00 
9.0440422e-02 -1.3622670e-03 0.0000000e+00 
8.8451914e-02 -5.0372109e-03 0.0000000e+00 
9.2408791e-02 -4.2249369e-03 0.0000000e+00 
9.5814742e-02 7.9011368e-03 0.0000000e+00 
9.1771320e-02 -7.9741823e-03 0.0000000e+00 
8.6661287e-02 -1.0267480e-02 0.0000000e+00 
9.2503086e-02 -1.2248099e-02 0.0000000e+00 
8.8552833e-02 -1.7671535e-02 0.0000000e+00 
1.3747239e-02 -2.2868454e-02 0.0000000e+00 
9.5050305e-02 -1.6847575e-02 0.0000000e+00 
9.3518905e-02 -2.2990761e-02 0.0000000e+00 
9.2899852e-02 1.4199134e-03 0.0000000e+00 
9.4824389e-02 -6.0545960e-03 0.0000000e+00 
9.9226616e-02 -2.0395018e-02 0.0000000e+00 
9.9468894e-02 -2.6897388e-02 0.0000000e+00 
4.4077486e-02 -4.5057643e-02 0.0000000e+00 
1.0465296e-01 -2.2437075e-02 0.0000000e+00 
1.0679284e-01 -2.8702522e-02 0.0000000e+00 
6.9865398e-02 -1.3871711e-02 0.0000000e+00 
6.2545963e-02 -3.5012074e-02 0.0000000e+00 
9.9496938e-02 -1.5243539e-02 0.0000000e+00 
9.7722270e-02 2.8273419e-02 0.0000000e+00 
8.1708312e-02 -1.4886817e-02 0.0000000e+00 
1.0620014e-01 1.4795989e-02 0.0000000e+00 
8.1083693e-02 9.5450273e-03 0.0000000e+00 
1.1075152e-01 -2.2258416e-02 0.0000000e+00 
1.1507142e-01 -2.8621599e-02 0.0000000e+00 
1.0806374e-01 -1.7582538e-02 0.0000000e+00 
9.2620902e-02 -3.1291835e-02 0.0000000e+00 
9.5137641e-02 -3.2955466e-03 0.0000000e+00 
9.7180225e-02 -4.6863481e-03 0.0000000e+00 
9.7164176e-02 -2.4026937e-03 0.0000000e+00 
9.8513298e-02 -3.1853684e-03 0.0000000e+00 
1.2898444e-01 1.5644193e-02 0.0000000e+00 
1.3290046e-01 1.2391404e-02 0.0000000e+00 
1.1689121e-01 -2.0683030e-02 0.0000000e+00 
1.2206112e-01 -2.4564033e-02 0.0000000e+00 
1.2207328e-01 -3.1760123e-02 0.0000000e+00 
1.2912054e-01 -2.7757859e-02 0.0000000e+00 
1.2676680e-01 -2.0230638e-02 0.0000000e+00 
1.3323390e-01 -2.0820117e-02 0.0000000e+00 
1.3707878e-01 -2.6630616e-02 0.0000000e+00 
3.6009062e-02 4.2705601e-03 0.0000000e+00 
1.2998360e-01 -1.5391176e-02 0.0000000e+00 
1.3960356e-01 -1.9062774e-02 0.0000000e+00 
1.4312510e-01 -2.2510821e-02 0.0000000e+00 
1.1468465e-01 1.8633984e-02 0.0000000e+00 
1.1358774e-01 3.7474029e-02 0.0000000e+00 
3.0283365e-02 -1.3123021e-02 0.0000000e+00 
9.9998929e-02 1.6631772e-06 0.0000000e+00 
9.9999398e-02 9.4024347e-07 0.0000000e+00 
8.8646993e-02 -1.6483063e-02 0.0000000e+00 
9.9499442e-02 -6.0003623e-04 0.0000000e+00 
1.1763459e-01 -5.6881383e-03 0.0000000e+00 
1.4415559e-01 -1.5233848e-02 0.0000000e+00 
1.4064413e-01 -1.2340170e-02 0.0000000e+00 
1.4280421e-01 -1.4002133e-02 0.0000000e+00 
9.9156849e-02 -5.0361948e-03 0.0000000e+00 
1.3915411e-01 -3.1170251e-02 0.0000000e+00 
9.9855654e-02 -1.8389458e-04 0.0000000e+00 
9.9999234e-02 3.8777156e-07 0.0000000e+00 
1.4064877e-01 2.2413874e-02 0.0000000e+00 
1.3872091e-01 3.1625982e-02 0.0000000e+00 
9.9959023e-02 -5.6480843e-05 0.0000000e+00 
1.3061619e-01 2.4607740e-02 0.0000000e+00 
1.2805191e-01 1.4188370e-02 0.0000000e+00 
1.2845288e-01 1.0653706e-02 0.0000000e+00 
9.9996738e-02 -5.9047288e-06 0.0000000e+00 
1.3883880e-01 -8.7928449e-05 0.0000000e+00 
1.4463143e-01 -8.6679570e-03 0.0000000e+00 
1.3619994e-01 -5.0621829e-03 0.0000000e+00 
1.4014173e-01 -1.0902910e-03 0.0000000e+00 
1.2422311e-01 3.8046592e-03 0.0000000e+00 
9.9989325e-02 -2.1282862e-05 0.0000000e+00 
9.8547108e-02 -1.7140920e-03 0.0000000e+00 
9.7764216e-02 -7.0863869e-04 0.0000000e+00 
1.2466671e-01 -1.5087423e-02 0.0000000e+00 
1.2764651e-01 -1.0766093e-02 0.0000000e+00 
9.9820085e-02 -3.2243161e-03 0.0000000e+00 
1.2426163e-01 1.2807773e-02 0.0000000e+00 
9.9999666e-02 5.3129918e-07 0.0000000e+00 
1.2936252e-01 -8.4975455e-03 0.0000000e+00 
9.9999934e-02 1.4668188e-06 0.0000000e+00 
9.9999912e-02 2.5810612e-06 0.0000000e+00 
9.9999122e-02 -1.8735186e-06 0.0000000e+00 
9.9999510e-02 -9.9053409e-07 0.0000000e+00 
1.2966458e-01 3.6045901e-02 0.0000000e+00 
1.3335453e-01 3.9637860e-02 0.0000000e+00 
1.2509780e-01 4.6483975e-02 0.0000000e+00 
9.9999279e-02 -4.4586758e-07 0.0000000e+00 
9.9999748e-02 -5.2986758e-07 0.0000000e+00 
1.3129479e-01 6.2313937e-03 0.0000000e+00 
1.0974742e-01 1.0260071e-02 0.0000000e+00 
9.3265764e-02 7.9758232e-03 0.0000000e+00 
7.7884801e-02 1.2123299e-02 0.0000000e+00 
5.6145970e-02 9.5443362e-03 0.0000000e+00 
4.6010382e-02 9.7183818e-03 0.0000000e+00 
6.6814825e-02 1.3627948e-02 0.0000000e+00 
3.8440228e-02 9.7560128e-03 0.0000000e+00 
1.0095506e-01 -4.4293432e-03 0.0000000e+00 
1.0103314e-01 -6.7949458e-03 0.0000000e+00 
1.0000091e-01 1.7437937e-06 0.0000000e+00 
5.7829142e-02 1.4874361e-02 0.0000000e+00 
3.2537498e-02 1.0473057e-02 0.0000000e+00 
1.6644692e-02 4.4840025e-03 0.0000000e+00 
1.3435869e-02 5.6667225e-03 0.0000000e+00 
9.9999569e-02 -2.2715929e-07 0.0000000e+00 
6.8000361e-02 7.7853277e-03 0.0000000e+00 
1.2448645e-01 8.2613500e-03 0.0000000e+00 
1.3247798e-01 7.2603426e-03 0.0000000e+00 
1.3250875e-01 -1.0164907e-02 0.0000000e+00 
9.9999815e-02 -2.9577615e-07 0.0000000e+00 
1.2947723e-01 -6.8210852e-03 0.0000000e+00 
9.8950759e-02 -6.3660729e-04 0.0000000e+00 
9.8641075e-02 2.2891563e-04 0.0000000e+00 
9.9389620e-02 -1.1325495e-03 0.0000000e+00 
9.7042836e-02 8.9534943e-04 0.0000000e+00 
9.8551355e-02 1.4327450e-03 0.0000000e+00 
9.7565167e-02 2.7501977e-03 0.0000000e+00 
9.9020541e-02 2.4881654e-03 0.0000000e+00 
9.8557249e-02 4.5228978e-03 0.0000000e+00 
9.9941842e-02 3.2896516e-03 0.0000000e+00 
1.0044985e-01 5.1229796e-03 0.0000000e+00 
9.9839717e-02 1.9103597e-03 0.0000000e+00 
3.3599820e-03 6.7945401e-04 0.0000000e+00 
1.6219588e-03 2.3297763e-03 0.0000000e+00 
1.2466212e-02 7.5241989e-03 0.0000000e+00 
-3.0867716e-03 -5.2996277e-04 0.0000000e+00 
-4.1171494e-03 5.7902688e-04 0.0000000e+00 
9.9999562e-02 2.2222905e-07 0.0000000e+00 
1.0123130e-01 3.4046236e-03 0.0000000e+00 
1.2530726e-01 -7.0857718e-03 0.0000000e+00 
-5.0021587e-03 4.8623315e-05 0.0000000e+00 
-4.3008220e-03 -5.2585406e-04 0.0000000e+00 
-3.0204835e-03 3.3977348e-04 0.0000000e+00 
1.1684935e-03 -2.5504576e-03 0.0000000e+00 
3.7981393e-03 -1.3130212e-03 0.0000000e+00 
1.0842542e-01 2.3224533e-02 0.0000000e+00 
1.4448552e-01 -3.4052895e-03 0.0000000e+00 
1.2571611e-01 4.4841196e-02 0.0000000e+00 
1.1731721e-01 5.2570272e-02 0.0000000e+00 
1.3307945e-01 -5.8866539e-03 0.0000000e+00 
1.3984312e-01 8.6244559e-03 0.0000000e+00 
1.4031518e-01 3.7911388e-03 0.0000000e+00 
9.9359132e-02 5.9803063e-04 0.0000000e+00 
1.2069214e-01 -2.0198108e-04 0.0000000e+00 
9.1700144e-02 -7.2944122e-03 0.0000000e+00 
8.9909494e-02 -1.0404854e-02 0.0000000e+00 
6.0245674e-02 -9.7336369e-03 0.0000000e+00 
9.3107641e-02 -2.6761901e-03 0.0000000e+00 
-3.1010043e-03 2.8234426e-04 0.0000000e+00 
3.4512624e-02 7.7059860e-03 0.0000000e+00 
1.0000017e-01 -1.3634856e-06 0.0000000e+00 
1.0000036e-01 -2.8112447e-06 0.0000000e+00 
8.5100658e-02 1.6977917e-02 0.0000000e+00 
6.2487457e-02 -1.1303871e-02 0.0000000e+00 
3.4677751e-02 -7.5604832e-03 0.0000000e+00 
3.9182801e-02 -9.0145003e-03 0.0000000e+00 
1.7118160e-02 -3.4419564e-03 0.0000000e+00 
2.3515746e-02 -6.4041130e-03 0.0000000e+00 
4.4432424e-02 -1.2014323e-02 0.0000000e+00 
9.9999808e-02 2.7771625e-07 0.0000000e+00 
1.0000002e-01 4.6447573e-07 0.0000000e+00 
-1.0406820e-03 2.3420204e-03 0.0000000e+00 
1.0074827e-01 -2.6874079e-03 0.0000000e+00 
1.0009370e-01 -1.9085705e-03 0.0000000e+00 
1.3886900e-01 8.8151395e-03 0.0000000e+00 
7.4374196e-03 -6.7980494e-03 0.0000000e+00 
1.3845411e-01 -2.5265584e-02 0.0000000e+00 
1.3291134e-01 -3.1989403e-02 0.0000000e+00 
1.3327482e-01 -3.9735429e-02 0.0000000e+00 
1.2329796e-01 -4.0970605e-02 0.0000000e+00 
1.2447830e-01 -4.7983885e-02 0.0000000e+00 
1.2718405e-01 -2.1299174e-02 0.0000000e+00 
8.2018301e-02 -2.2781234e-02 0.0000000e+00 
7.4584708e-02 -1.9481916e-02 0.0000000e+00 
7.5229980e-02 -1.0912942e-02 0.0000000e+00 
6.6310190e-02 -1.3315146e-02 0.0000000e+00 
6.4583562e-02 -2.4549138e-02 0.0000000e+00 
5.3947233e-02 -1.6028583e-02 0.0000000e+00 
5.9643917e-02 -4.3582758e-03 0.0000000e+00 
4.5509379e-02 -2.7689182e-03 0.0000000e+00 
5.6076419e-02 7.6121683e-03 0.0000000e+00 
6.6811286e-02 3.5598835e-03 0.0000000e+00 
6.6413134e-02 1.3179726e-02 0.0000000e+00 
5.7655659e-02 2.0968268e-02 0.0000000e+00 
6.9468059e-02 2.2674371e-02 0.0000000e+00 
6.4098313e-02 3.3208240e-02 0.0000000e+00 
7.5726479e-02 3.0633414e-02 0.0000000e+00 
7.4834675e-02 4.1820414e-02 0.0000000e+00 
7.9089187e-02 2.1865556e-02 0.0000000e+00 
4.8450667e-02 3.1709809e-02 0.0000000e+00 
5.2304517e-02 -3.0824529e-02 0.0000000e+00 
6.6467315e-02 -3.7104879e-02 0.0000000e+00 
5.4904319e-02 -4.5614954e-02 0.0000000e+00 
7.2984584e-02 -4.8564635e-02 0.0000000e+00 
8.4556028e-02 3.5810165e-02 0.0000000e+00 
8.7241270e-02 4.5772038e-02 0.0000000e+00 
7.6671734e-02 5.3509418e-02 0.0000000e+00 
9.2730172e-02 5.4932248e-02 0.0000000e+00 
9.8775789e-02 4.5719329e-02 0.0000000e+00 
7.8627273e-02 -3.8360126e-02 0.0000000e+00 
8.6504653e-02 -4.6369269e-02 0.0000000e+00 
8.4486470e-02 -5.6101620e-02 0.0000000e+00 
9.7484894e-02 -5.0715912e-02 0.0000000e+00 
9.8184608e-02 -5.8097865e-02 0.0000000e+00 
1.0908138e-01 -5.1046874e-02 0.0000000e+00 
1.0472078e-01 -4.3236110e-02 0.0000000e+00 
3.8514817e-03 -9.7111013e-04 0.0000000e+00 
1.0448110e-01 5.0126117e-02 0.0000000e+00 
4.2860933e-02 4.3805584e-02 0.0000000e+00 
1.0000010e-01 -4.5045371e-07 0.0000000e+00 
1.1436838e-01 -4.2443339e-02 0.0000000e+00 
1.3952604e-01 8.8477107e-03 0.0000000e+00 
1.2767820e-01 -4.1312154e-02 0.0000000e+00 
9.0811580e-02 2.2951905e-02 0.0000000e+00 
1.0102575e-01 5.8327377e-02 0.0000000e+00 
3.1029141e-02 -4.1104354e-02 0.0000000e+00 
5.4886937e-02 -4.2304002e-02 0.0000000e+00 
1.8732481e-02 -4.9499250e-03 0.0000000e+00 
5.7166718e-02 2.1931119e-03 0.0000000e+00 
2.8156089e-03 -4.9381826e-05 0.0000000e+00 
6.4535238e-02 -2.4359332e-02 0.0000000e+00 
-1.7151370e-03 -1.7057664e-03 0.0000000e+00 
1.8370997e-02 2.7269771e-02 0.0000000e+00 
1.0272896e-01 5.1105157e-03 0.0000000e+00 
1.0211985e-01 7.4199727e-03 0.0000000e+00 
1.0473261e-01 6.9064097e-03 0.0000000e+00 
5.1387444e-02 -1.3182571e-03 0.0000000e+00 
8.1734836e-02 -1.6560464e-03 0.0000000e+00 
1.2400914e-02 6.0277754e-03 0.0000000e+00 
2.2961482e-02 1.4105975e-02 0.0000000e+00 
1.0306571e-01 -5.1541319e-03 0.0000000e+00 
1.0388601e-01 -8.0689173e-03 0.0000000e+00 
1.1526927e-01 5.4661679e-04 0.0000000e+00 
1.0424582e-01 3.5496555e-02 0.0000000e+00 
1.3369453e-02 -1.2759826e-02 0.0000000e+00 
1.1380873e-01 -1.3391707e-02 0.0000000e+00 
1.0692928e-01 -4.7926620e-02 0.0000000e+00 
1.0000053e-01 1.0080540e-06 0.0000000e+00 
6.0538325e-02 3.2810889e-02 0.0000000e+00 
1.2051707e-01 1.0033619e-02 0.0000000e+00 
8.0070131e-02 1.7198781e-03 0.0000000e+00 
8.3134763e-02 -4.8282938e-03 0.0000000e+00 
1.3638851e-01 5.3849681e-03 0.0000000e+00 
1.3681175e-01 1.2793688e-03 0.0000000e+00 
8.5226297e-02 1.5840672e-02 0.0000000e+00 
9.0136819e-02 2.0788778e-02 0.0000000e+00 
1.2117855e-01 1.1867764e-02 0.0000000e+00 
1.3327637e-01 -5.0411647e-04 0.0000000e+00 
1.0830051e-01 3.0782358e-03 0.0000000e+00 
1.1320118e-01 4.4244351e-03 0.0000000e+00 
1.0000167e-01 3.0271119e-06 0.0000000e+00 
9.9999934e-02 4.5773750e-06 0.0000000e+00 
1.0830646e-01 -3.1393389e-03 0.0000000e+00 
1.0104215e-01 -1.0862788e-02 0.0000000e+00 
1.0500624e-01 -1.1565188e-02 0.0000000e+00 
1.0729523e-01 -8.7077860e-03 0.0000000e+00 
9.7937241e-02 -7.9434887e-03 0.0000000e+00 
1.0923295e-01 -1.2593052e-02 0.0000000e+00 
1.1163534e-01 -8.3345510e-03 0.0000000e+00 
1.1461277e-01 -1.1280575e-02 0.0000000e+00 
1.2537654e-01 3.7831843e-03 0.0000000e+00 
1.2422815e-01 8.8108713e-03 0.0000000e+00 
1.1990289e-01 4.9166642e-03 0.0000000e+00 
1.1787811e-01 1.1124279e-02 0.0000000e+00 
1.1066730e-01 1.0603067e-02 0.0000000e+00 
1.1159872e-01 1.6728006e-02 0.0000000e+00 
1.0350478e-01 1.4397303e-02 0.0000000e+00 
1.0529967e-01 8.7861270e-03 0.0000000e+00 
1.0020927e-01 9.8558646e-03 0.0000000e+00 
1.0222274e-01 6.1777933e-03 0.0000000e+00 
1.0505708e-01 4.9421610e-03 0.0000000e+00 
1.2919685e-01 -2.6942354e-03 0.0000000e+00 
1.2899095e-01 -7.2249467e-03 0.0000000e+00 
1.2350897e-01 -8.9980960e-03 0.0000000e+00 
1.2841803e-01 -1.3730148e-02 0.0000000e+00 
1.2051228e-01 -1.5529347e-02 0.0000000e+00 
1.1784347e-01 -9.8405108e-03 0.0000000e+00 
1.1353345e-01 -1.4989226e-02 0.0000000e+00 
1.1246269e-01 -2.1782916e-02 0.0000000e+00 
1.0561149e-01 -1.8873515e-02 0.0000000e+00 
9.8525770e-02 -2.4920553e-02 0.0000000e+00 
1.0763427e-01 -1.2630646e-02 0.0000000e+00 
1.0058061e-01 -1.3907107e-02 0.0000000e+00 
1.0369655e-01 -9.1390079e-03 0.0000000e+00 
1.0534585e-01 -2.7619269e-02 0.0000000e+00 
9.8483056e-02 -8.8484650e-03 0.0000000e+00 
1.0132951e-01 -5.8327559e-03 0.0000000e+00 
1.3253389e-01 -3.9708600e-03 0.0000000e+00 
1.3124254e-01 -7.6751848e-04 0.0000000e+00 
1.2162570e-01 -2.1906871e-02 0.0000000e+00 
1.3350408e-01 -8.7295836e-03 0.0000000e+00 
9.1957755e-02 -1.2427628e-02 0.0000000e+00 
1.2879047e-01 -1.8501304e-02 0.0000000e+00 
9.3896225e-02 -5.7843537e-03 0.0000000e+00 
7.9328567e-02 -2.7885938e-02 0.0000000e+00 
8.0047049e-02 -2.1882912e-02 0.0000000e+00 
6.2385768e-02 -1.8895401e-02 0.0000000e+00 
1.0685207e-01 5.1734820e-02 0.0000000e+00 
1.0847573e-01 7.1700257e-03 0.0000000e+00 
1.1327694e-01 9.1336677e-03 0.0000000e+00 
6.0536001e-02 4.5308914e-02 0.0000000e+00 
4.3033704e-02 1.4239781e-02 0.0000000e+00 
1.2694468e-01 -4.0231976e-03 0.0000000e+00 
1.1828095e-01 1.7701713e-02 0.0000000e+00 
1.0958237e-01 2.3958433e-02 0.0000000e+00 
1.0192089e-01 2.0745406e-02 0.0000000e+00 
9.3112111e-02 2.6270643e-02 0.0000000e+00 
1.0505708e-01 1.0133686e-02 0.0000000e+00 
1.0238430e-01 -1.4283117e-03 0.0000000e+00 
9.9858038e-02 1.8775686e-04 0.0000000e+00 
1.0248494e-01 1.4225460e-03 0.0000000e+00 
3.7242573e-02 -1.8032027e-02 0.0000000e+00 
1.1336676e-01 -4.9169483e-03 0.0000000e+00 
2.0322129e-02 4.4241333e-03 0.0000000e+00 
9.9943630e-02 -3.8147438e-04 0.0000000e+00 
1.0584378e-01 -5.5485861e-03 0.0000000e+00 
1.2807406e-01 2.8043077e-03 0.0000000e+00 
2.9652120e-04 -2.0505411e-03 0.0000000e+00 
1.0000232e-01 1.4338992e-06 0.0000000e+00 
7.7410683e-02 -3.4569537e-05 0.0000000e+00 
2.0774381e-02 5.2824067e-03 0.0000000e+00 
5.7456471e-02 1.1048614e-02 0.0000000e+00 
5.9303138e-02 -8.3963517e-03 0.0000000e+00 
9.4732232e-02 -1.9574948e-02 0.0000000e+00 
1.1292517e-01 -4.1442425e-03 0.0000000e+00 
7.8093342e-02 6.0116880e-02 0.0000000e+00 
3.6040850e-03 3.9835875e-03 0.0000000e+00 
1.1484414e-01 -2.6959002e-02 0.0000000e+00 
1.0463599e-01 -2.2513184e-03 0.0000000e+00 
1.0260564e-01 -1.3917568e-03 0.0000000e+00 
1.0122428e-01 -1.8968871e-03 0.0000000e+00 
1.0064717e-01 -1.0641107e-03 0.0000000e+00 
1.0006893e-01 -1.7122122e-03 0.0000000e+00 
9.9961683e-02 -9.5945603e-04 0.0000000e+00 
1.0020627e-01 -3.2501540e-03 0.0000000e+00 
9.8993383e-02 -2.2998280e-03 0.0000000e+00 
1.0231723e-01 -3.3262584e-03 0.0000000e+00 
1.0034531e-01 -6.0110143e-04 0.0000000e+00 
9.9969320e-02 -5.3475722e-04 0.0000000e+00 
1.3352098e-01 2.9858465e-03 0.0000000e+00 
1.0001437e-01 4.6159781e-04 0.0000000e+00 
1.0019968e-01 1.0437418e-03 0.0000000e+00 
9.5932774e-02 -1.0134114e-03 0.0000000e+00 
1.1295984e-01 -1.6300425e-02 0.0000000e+00 
1.1919893e-01 -1.4808988e-02 0.0000000e+00 
1.1869408e-01 -9.1067571e-03 0.0000000e+00 
1.1915553e-01 1.4814074e-02 0.0000000e+00 
7.3692985e-02 7.7656419e-03 0.0000000e+00 
1.3700664e-01 -3.4896228e-03 0.0000000e+00 
1.1150236e-01 -5.4894112e-02 0.0000000e+00 
1.0018574e-01 -3.3700382e-04 0.0000000e+00 
9.9979468e-02 -2.9497978e-04 0.0000000e+00 
1.0010133e-01 -1.8899811e-04 0.0000000e+00 
9.9989302e-02 -1.5938946e-04 0.0000000e+00 
1.0005520e-01 -1.0184868e-04 0.0000000e+00 
1.0005057e-01 -3.8214080e-04 0.0000000e+00 
9.9746399e-02 -3.2823908e-04 0.0000000e+00 
9.9354878e-02 -1.2447634e-03 0.0000000e+00 
1.0007332e-01 -4.3429416e-05 0.0000000e+00 
1.0002755e-01 -5.2557301e-05 0.0000000e+00 
1.0001803e-01 -2.8344763e-05 0.0000000e+00 
9.9996664e-02 -4.3285250e-05 0.0000000e+00 
9.9571265e-02 7.1355170e-03 0.0000000e+00 
2.7218360e-02 1.7864185e-03 0.0000000e+00 
1.3530186e-01 3.2011226e-02 0.0000000e+00 
1.0140393e-01 -3.4728590e-02 0.0000000e+00 
1.1633368e-01 4.5354296e-02 0.0000000e+00 
9.9999942e-02 -1.1329857e-07 0.0000000e+00 
1.0142747e-01 8.0106972e-04 0.0000000e+00 
1.0115406e-01 1.8611177e-03 0.0000000e+00 
1.0063384e-01 1.0450110e-03 0.0000000e+00 
1.0016175e-01 1.6313848e-03 0.0000000e+00 
1.0005149e-01 9.0204499e-04 0.0000000e+00 
1.0035289e-01 2.9384010e-03 0.0000000e+00 
1.0222091e-01 3.4042052e-03 0.0000000e+00 
1.0035149e-01 5.8000663e-04 0.0000000e+00 
1.0004783e-01 4.9126626e-04 0.0000000e+00 
9.9739186e-02 6.1407307e-04 0.0000000e+00 
1.0024519e-01 -1.4300113e-04 0.0000000e+00 
9.9999949e-02 1.7868531e-07 0.0000000e+00 
1.0080341e-01 -4.4837806e-04 0.0000000e+00 
9.9999815e-02 9.3015364e-09 0.0000000e+00 
1.0000312e-01 5.3422518e-06 0.0000000e+00 
1.0000009e-01 8.1686339e-06 0.0000000e+00 
1.0000572e-01 9.4834249e-06 0.0000000e+00 
1.0000046e-01 1.4548745e-05 0.0000000e+00 
9.9994488e-02 9.7440434e-06 0.0000000e+00 
9.9990636e-02 1.7538274e-05 0.0000000e+00 
1.0000135e-01 2.5765648e-05 0.0000000e+00 
9.9984176e-02 3.1801770e-05 0.0000000e+00 
1.0000367e-01 4.5831435e-05 0.0000000e+00 
9.9973783e-02 5.7957015e-05 0.0000000e+00 
1.0000952e-01 8.1394486e-05 0.0000000e+00 
9.9957265e-02 1.0596976e-04 0.0000000e+00 
1.0002177e-01 1.4488550e-04 0.0000000e+00 
9.9929973e-02 1.9053092e-04 0.0000000e+00 
1.0003740e-01 2.6384293e-04 0.0000000e+00 
1.0011863e-01 1.6442729e-04 0.0000000e+00 
9.9928007e-02 5.2786731e-05 0.0000000e+00 
9.9986568e-02 8.0565396e-06 0.0000000e+00 
9.9996768e-02 5.3733838e-06 0.0000000e+00 
2.1687053e-02 5.2464637e-03 0.0000000e+00 
1.0000683e-01 -4.1233297e-06 0.0000000e+00 
1.0000556e-01 -9.6110480e-06 0.0000000e+00 
1.0000248e-01 -4.9112687e-06 0.0000000e+00 
1.0004275e-01 2.3101011e-05 0.0000000e+00 
1.0001346e-01 7.4117729e-06 0.0000000e+00 
1.0000106e-01 -6.5412320e-07 0.0000000e+00 
1.0000380e-01 -2.0634320e-06 0.0000000e+00 
9.9998273e-02 -3.2468408e-06 0.0000000e+00 
1.0000002e-01 -8.1809497e-07 0.0000000e+00 
1.0000022e-01 -2.1023897e-07 0.0000000e+00 
9.9994078e-02 -1.0657546e-05 0.0000000e+00 
1.0000009e-01 -1.5908066e-05 0.0000000e+00 
9.9998131e-02 2.9783259e-06 0.0000000e+00 
9.9999972e-02 8.2803064e-07 0.0000000e+00 
1.0000001e-01 -2.0897102e-07 0.0000000e+00 
9.6644193e-02 4.7309427e-03 0.0000000e+00 
9.5588677e-02 2.4753909e-03 0.0000000e+00 
9.9995688e-02 2.2884137e-06 0.0000000e+00 
1.0000049e-01 2.5241542e-07 0.0000000e+00 
1.0000026e-01 3.1110864e-07 0.0000000e+00 
1.0014724e-01 -9.3563163e-04 0.0000000e+00 
1.0079687e-01 4.4640494e-04 0.0000000e+00 
9.9998839e-02 -5.6366098e-08 0.0000000e+00 
9.9976599e-02 1.4914471e-05 0.0000000e+00 
6.3313931e-02 -5.5808581e-02 0.0000000e+00 
1.0857660e-01 3.5843156e-02 0.0000000e+00 
9.9999331e-02 -2.0058755e-08 0.0000000e+00 
4.7304157e-02 1.5785232e-02 0.0000000e+00 
3.0927416e-02 1.4618112e-02 0.0000000e+00 
-1.4194709e-03 2.8874786e-03 0.0000000e+00 
9.4185956e-02 3.6918022e-02 0.0000000e+00 
9.9874303e-02 9.9237142e-05 0.0000000e+00 
9.7932696e-02 2.2037423e-03 0.0000000e+00 
9.9999733e-02 -9.4249863e-08 0.0000000e+00 
9.9926516e-02 -1.0074325e-04 0.0000000e+00 
1.2273166e-01 3.7852488e-02 0.0000000e+00 
1.3651064e-01 -8.8392943e-03 0.0000000e+00 
9.9532887e-02 -9.0420863e-06 0.0000000e+00 
1.0467541e-01 -5.2896831e-03 0.0000000e+00 
1.1978640e-01 -4.5423862e-03 0.0000000e+00 
9.8487638e-02 -5.1630964e-03 0.0000000e+00 
1.2604869e-02 -6.0454742e-03 0.0000000e+00 
9.6632101e-02 4.0632915e-03 0.0000000e+00 
1.0000033e-01 5.7693262e-07 0.0000000e+00 
7.4761093e-02 -2.8908875e-02 0.0000000e+00 
9.4800934e-02 -9.3807699e-03 0.0000000e+00 
8.4334984e-03 -1.3529542e-03 0.0000000e+00 
1.0000752e-01 4.2473266e-06 0.0000000e+00 
1.2344190e-01 3.5658327e-03 0.0000000e+00 
9.9870928e-02 -9.7294420e-04 0.0000000e+00 
1.0034060e-01 -5.5210764e-04 0.0000000e+00 
9.9865220e-02 9.6669642e-04 0.0000000e+00 
1.0050973e-01 1.9165153e-03 0.0000000e+00 
6.2433351e-02 6.0705910e-03 0.0000000e+00 
1.3326250e-01 -3.3756521e-02 0.0000000e+00 
9.9997349e-02 -8.2896280e-05 0.0000000e+00 
1.4540809e-03 3.8412963e-03 0.0000000e+00 
1.0034344e-01 5.1946822e-04 0.0000000e+00 
1.0939205e-01 1.2036663e-02 0.0000000e+00 
1.0002327e-01 -1.1985636e-05 0.0000000e+00 
1.0000017e-01 1.6063537e-07 0.0000000e+00 
9.8984808e-02 6.1654202e-03 0.0000000e+00 
9.4709136e-02 1.3082177e-02 0.0000000e+00 
1.2942499e-01 1.1282050e-02 0.0000000e+00 
1.1274606e-01 -2.7015764e-02 0.0000000e+00 
8.9467689e-02 -3.0033238e-02 0.0000000e+00 
7.0029207e-02 -4.4611315e-03 0.0000000e+00 
9.2125371e-02 -5.6249607e-02 0.0000000e+00 
-3.5223048e-04 -2.8149013e-03 0.0000000e+00 
1.0000011e-01 -9.4761162e-08 0.0000000e+00 
1.1006160e-01 -3.5431705e-02 0.0000000e+00 
9.9999718e-02 8.6906482e-08 0.0000000e+00 
1.4198324e-01 -3.0758330e-03 0.0000000e+00 
1.0001015e-01 1.6670088e-05 0.0000000e+00 
1.2437163e-01 1.8038407e-02 0.0000000e+00 
1.0000134e-01 8.1586131e-07 0.0000000e+00 
9.9365696e-02 -2.1222171e-03 0.0000000e+00 
9.3363754e-02 4.9776970e-03 0.0000000e+00 
1.4284953e-01 6.6386699e-04 0.0000000e+00 
2.8265012e-02 -9.7642085e-03 0.0000000e+00 
1.3367876e-01 -2.4542588e-04 0.0000000e+00 
9.9387102e-02 1.4197935e-03 0.0000000e+00 
1.3556255e-01 -1.4471316e-02 0.0000000e+00 
1.0026207e-01 1.3391548e-04 0.0000000e+00 
6.6132769e-02 -1.1399753e-02 0.0000000e+00 
1.0861424e-01 -7.5102509e-03 0.0000000e+00 
9.9972799e-02 -3.0976949e-05 0.0000000e+00 
8.3917677e-02 -3.0229449e-02 0.0000000e+00 
1.0342599e-01 -1.8380000e-03 0.0000000e+00 
1.0001836e-01 2.9207102e-05 0.0000000e+00 
9.6950725e-02 -1.1880519e-02 0.0000000e+00 
5.6418270e-02 5.3955823e-02 0.0000000e+00 
1.0745951e-01 1.1837957e-02 0.0000000e+00 
1.3787423e-01 1.3432224e-02 0.0000000e+00 
4.8014279e-02 -7.9193125e-03 0.0000000e+00 
1.4297292e-01 2.2951795e-03 0.0000000e+00 
1.1944369e-01 2.3820478e-02 0.0000000e+00 
1.4397687e-01 -9.0814140e-03 0.0000000e+00 
9.6225537e-02 1.4227735e-02 0.0000000e+00 
7.6197796e-02 1.5163631e-02 0.0000000e+00 
9.3704447e-02 -2.8313480e-02 0.0000000e+00 
1.0331861e-01 -1.7413571e-02 0.0000000e+00 
1.0066978e-02 3.5541228e-03 0.0000000e+00 
1.0805200e-01 3.0574442e-03 0.0000000e+00 
8.7629110e-02 2.8815409e-02 0.0000000e+00 
8.4575571e-02 2.6581760e-02 0.0000000e+00 
9.1282651e-02 2.8278064e-02 0.0000000e+00 
1.0021105e-01 3.0606688e-04 0.0000000e+00 
5.1273510e-02 -1.5960006e-02 0.0000000e+00 
1.1945073e-01 1.9866731e-02 0.0000000e+00 
1.1388930e-01 1.3934945e-02 0.0000000e+00 
1.3088502e-01 4.0364689e-03 0.0000000e+00 
9.9871881e-02 3.3848654e-04 0.0000000e+00 
1.2648991e-01 -2.0264823e-02 0.0000000e+00 
1.0207713e-01 -3.2064943e-03 0.0000000e+00 
1.2269198e-01 -3.7829410e-03 0.0000000e+00 
7.1934640e-02 2.5682848e-02 0.0000000e+00 
9.9526107e-02 -4.7843702e-04 0.0000000e+00 
1.2795359e-01 6.1976761e-03 0.0000000e+00 
1.0460520e-01 2.1432773e-03 0.0000000e+00 
2.9720996e-02 2.3609566e-02 0.0000000e+00 
9.3612581e-02 -1.2481575e-03 0.0000000e+00 
1.0003409e-01 5.1586412e-05 0.0000000e+00 
1.1010586e-01 1.6962845e-02 0.0000000e+00 
1.3780469e-01 -9.0461327e-03 0.0000000e+00 
7.7309400e-02 -5.9252556e-02 0.0000000e+00 
1.0001060e-01 -1.6623595e-05 0.0000000e+00 
9.9595457e-02 3.4320418e-04 0.0000000e+00 
3.2375794e-02 -7.4089500e-03 0.0000000e+00 
-1.2657532e-03 -2.0406127e-03 0.0000000e+00 
1.1939508e-01 -4.7506303e-02 0.0000000e+00 
1.2983820e-01 3.7482411e-02 0.0000000e+00 
9.5842250e-02 -4.1345242e-02 0.0000000e+00 
1.3036409e-01 -3.7349304e-03 0.0000000e+00 
5.0514434e-02 -1.9007904e-02 0.0000000e+00 
1.2162199e-01 -1.8689752e-02 0.0000000e+00 
1.0816581e-01 4.3390244e-02 0.0000000e+00 
3.4320962e-02 -3.3381831e-02 0.0000000e+00 
1.0000001e-01 2.7938896e-07 0.0000000e+00 
1.0006276e-01 8.9559835e-05 0.0000000e+00 
7.5699903e-02 2.1881832e-02 0.0000000e+00 
9.8215938e-02 9.2968233e-03 0.0000000e+00 
-3.6181021e-03 9.6587173e-04 0.0000000e+00 
5.0785355e-02 -6.4201951e-03 0.0000000e+00 
1.2291879e-01 -1.0685324e-02 0.0000000e+00 
9.9999733e-02 -8.5969941e-06 0.0000000e+00 
1.2226132e-02 8.9950589e-03 0.0000000e+00 
7.7294819e-02 -4.5045400e-03 0.0000000e+00 
8.6568452e-02 -6.4990781e-03 0.0000000e+00 
1.2258993e-01 6.0645868e-03 0.0000000e+00 
1.0136248e-01 1.9578703e-03 0.0000000e+00 
4.0826671e-02 4.1764062e-02 0.0000000e+00 
1.1234450e-01 -1.0051331e-02 0.0000000e+00 
1.0013573e-01 6.6990324e-05 0.0000000e+00 
-3.7717693e-03 -6.7117612e-04 0.0000000e+00 
1.0087188e-02 -7.1416190e-03 0.0000000e+00 
7.7791661e-03 7.3673547e-04 0.0000000e+00 
1.1525358e-01 -7.4667512e-03 0.0000000e+00 
9.9286005e-02 6.2011409e-04 0.0000000e+00 
1.0054754e-01 -1.5074194e-03 0.0000000e+00 
9.8139293e-02 -1.3635948e-03 0.0000000e+00 
7.3460080e-02 8.6240366e-04 0.0000000e+00 
8.8695899e-02 -1.3308175e-02 0.0000000e+00 
9.9999502e-02 -4.9614637e-06 0.0000000e+00 
9.9705867e-02 6.7029824e-04 0.0000000e+00 
1.3674226e-01 7.7015888e-03 0.0000000e+00 
2.6317453e-02 1.0788378e-02 0.0000000e+00 
8.7629147e-02 -3.7480697e-02 0.0000000e+00 
1.3652873e-01 -3.2894064e-03 0.0000000e+00 
1.0085617e-01 2.0272367e-02 0.0000000e+00 
7.5704277e-02 1.9147411e-02 0.0000000e+00 
9.9999577e-02 -6.4320864e-09 0.0000000e+00 
6.4191751e-02 -1.3526638e-02 0.0000000e+00 
1.0007323e-01 -1.7408394e-04 0.0000000e+00 
1.0092051e-01 -3.2159235e-02 0.0000000e+00 
1.0007284e-01 1.5452386e-04 0.0000000e+00 
9.9579945e-02 1.1501856e-03 0.0000000e+00 
1.0295603e-01 1.2864408e-02 0.0000000e+00 
1.0110751e-01 9.9830525e-03 0.0000000e+00 
1.4031595e-01 -7.2866990e-03 0.0000000e+00 
9.8628193e-02 -1.2739752e-02 0.0000000e+00 
9.9999867e-02 -1.6095568e-07 0.0000000e+00 
8.3819285e-02 5.3488795e-02 0.0000000e+00 
8.5370287e-02 2.0952489e-02 0.0000000e+00 
6.1980943e-04 -1.8171639e-03 0.0000000e+00 
1.0000024e-01 7.0722137e-08 0.0000000e+00 
1.3977198e-01 -5.1813229e-04 0.0000000e+00 
1.0000178e-01 -2.3065925e-06 0.0000000e+00 
9.9008404e-02 3.7319858e-03 0.0000000e+00 
1.3370469e-01 -1.3364264e-02 0.0000000e+00 
1.0000005e-01 -4.7561034e-08 0.0000000e+00 
4.3006819e-02 2.0263130e-02 0.0000000e+00 
6.6541061e-02 -1.6300634e-02 0.0000000e+00 
1.0000173e-01 -2.5993913e-05 0.0000000e+00 
1.4559065e-02 -3.2133618e-03 0.0000000e+00 
1.2220974e-01 -2.3105040e-02 0.0000000e+00 
1.1664122e-01 1.0998216e-02 0.0000000e+00 
1.1743973e-01 -1.0338951e-02 0.0000000e+00 
1.1662146e-01 -3.5454329e-02 0.0000000e+00 
9.9348173e-02 2.1160608e-03 0.0000000e+00 
1.2468891e-01 1.4649718e-02 0.0000000e+00 
1.2170538e-01 -3.9025672e-02 0.0000000e+00 
1.3565269e-01 9.1101006e-03 0.0000000e+00 
1.2154893e-01 -7.0282910e-03 0.0000000e+00 
1.4316787e-02 -4.8142392e-03 0.0000000e+00 
1.0305008e-01 3.0606685e-03 0.0000000e+00 
7.2300598e-02 -2.7677264e-02 0.0000000e+00 
9.5430054e-02 2.2428788e-02 0.0000000e+00 
1.1112667e-01 1.6364155e-02 0.0000000e+00 
1.0059776e-01 1.2146308e-03 0.0000000e+00 
9.8839603e-02 -7.7697757e-04 0.0000000e+00 
1.0915405e-01 -6.0612527e-03 0.0000000e+00 
1.0127628e-01 -1.9379559e-03 0.0000000e+00 
1.0065469e-01 4.5876806e-03 0.0000000e+00 
1.0000093e-01 -1.4528720e-06 0.0000000e+00 
8.0879703e-02 -9.2922393e-03 0.0000000e+00 
4.2895661e-03 1.0334528e-03 0.0000000e+00 
1.2721173e-01 -3.4831349e-02 0.0000000e+00 
1.0874821e-01 6.6223685e-03 0.0000000e+00 
1.1208606e-01 -9.9312579e-03 0.0000000e+00 
1.3587527e-01 8.1642170e-04 0.0000000e+00 
9.8004319e-02 1.7467843e-02 0.0000000e+00 
1.0078591e-01 2.7868435e-02 0.0000000e+00 
9.8810971e-02 -3.2688398e-03 0.0000000e+00 
1.3859865e-01 1.4644720e-02 0.0000000e+00 
1.2072500e-01 6.5934346e-03 0.0000000e+00 
1.1936805e-01 2.1780159e-02 0.0000000e+00 
8.8326238e-02 -2.5192516e-02 0.0000000e+00 
1.0818932e-01 5.6112502e-03 0.0000000e+00 
9.0015277e-02 4.3587838e-03 0.0000000e+00 
9.9695906e-02 -7.0572004e-04 0.0000000e+00 
8.3810501e-02 -1.6434915e-02 0.0000000e+00 
1.0541712e-01 4.4230339e-03 0.0000000e+00 
1.0000010e-01 2.8397986e-07 0.0000000e+00 
1.0302220e-01 -1.3967545e-02 0.0000000e+00 
1.0585424e-01 -1.4596079e-02 0.0000000e+00 
1.2970065e-01 1.3301218e-02 0.0000000e+00 
9.4938114e-02 6.5170258e-04 0.0000000e+00 
1.1673973e-01 7.3454017e-03 0.0000000e+00 
9.7398728e-02 6.3273245e-03 0.0000000e+00 
1.0000045e-01 -7.7390558e-07 0.0000000e+00 
1.3260895e-01 -2.9267699e-03 0.0000000e+00 
2.3958448e-02 1.2319510e-02 0.0000000e+00 
1.4079016e-01 2.2319325e-03 0.0000000e+00 
2.0513389e-02 -1.1954497e-02 0.0000000e+00 
3.0278416e-02 -6.9133583e-03 0.0000000e+00 
1.2887183e-01 -2.0376882e-03 0.0000000e+00 
1.3807625e-01 -1.7461153e-02 0.0000000e+00 
PRESSURE 1 945  float
3.0497010e+00
0.0000000e+00
0.0000000e+00
3.0493169e+00
-3.9740939e+00
-4.1364641e+00
-4.6174645e+00
-5.2907796e+00
-5.9831042e+00
-6.7037773e+00
-7.3228421e+00
-7.5956993e+00
-7.3628855e+00
-6.2172623e+00
-4.3094974e+00
-1.5765772e+00
1.5382072e+00
4.5332170e+00
7.0369215e+00
8.8141775e+00
9.3545933e+00
8.8093061e+00
7.1487350e+00
4.5747423e+00
1.4940046e+00
-1.5738075e+00
-4.2236204e+00
-6.2315192e+00
-7.2679529e+00
-7.6787639e+00
-7.3181796e+00
-6.6717157e+00
-5.9930592e+00
-5.3178859e+00
-4.5913401e+00
-4.1184640e+00
3.0443788e+00
2.9869654e+00
2.8759761e+00
2.6839857e+00
2.3549662e+00
1.9297777e+00
1.3617878e+00
7.2784728e-01
8.4879443e-02
-4.8908305e-01
-8.2261288e-01
-9.6434391e-01
-9.0400529e-01
-7.1169937e-01
-4.5425650e-01
-2.7643207e-01
-1.4542471e-01
-8.4190369e-02
-4.4196870e-02
-2.2401124e-02
-1.1513095e-02
-5.4678470e-03
-3.1965224e-03
-1.0157055e-03
-6.5425981e-04
-2.4466417e-04
-1.0849689e-04
-2.8981018e-05
-1.5819128e-06
1.2375120e-05
1.3131854e-05
1.1551148e-05
8.2565221e-06
5.3543044e-06
1.8497399e-06
0.0000000e+00
0.0000000e+00
0.0000000e+00
0.0000000e+00
0.0000000e+00
0.0000000e+00
0.0000000e+00
0.0000000e+00
0.0000000e+00
-2.9925343e-06
-7.2340163e-06
-1.0647163e-05
-1.6659724e-05
-2.6390089e-05
-3.5457520e-05
-8.8883557e-05
-1.3189332e-04
-2.1012651e-04
-4.0917349e-04
-8.8398781e-04
-1.7085660e-03
-3.2352412e-03
-6.2412005e-03
-1.2024335e-02
-2.3263205e-02
-4.5275982e-02
-8.5396454e-02
-1.5116455e-01
-2.8153422e-01
-4.5730621e-01
-7.0471436e-01
-8.9539146e-01
-9.7274333e-01
-8.0917078e-01
-4.6368322e-01
8.5613765e-02
7.3018348e-01
1.3630965e+00
1.9280287e+00
2.3656323e+00
2.6844318e+00
2.8833301e+00
2.9897892e+00
3.0453136e+00
3.0678897e+00
3.1139371e+00
3.1687443e+00
3.2213573e+00
3.2409871e+00
3.2226644e+00
3.1719310e+00
3.1143072e+00
3.0682266e+00
8.6036501e+00
-1.9238453e-01
-3.5897306e-01
-6.7667165e-03
-1.5423153e-04
-3.2513610e-05
2.6220818e+00
-5.5697907e-02
2.5914667e+00
3.2390404e+00
-1.9508092e-03
-2.7806820e-02
4.1103954e-06
-1.6022983e-04
-8.4736472e-01
1.3980383e-06
-1.0031518e+00
1.0258807e+00
1.0480810e+00
-7.8256273e-01
8.3151808e-06
-7.6263088e-01
3.1956491e+00
-1.2672876e-06
-7.8953651e-04
-5.1882176e-04
-7.4714748e-03
-1.2429243e-05
3.1425939e+00
2.9637346e+00
1.3545833e-06
2.9693630e+00
-2.9274377e-06
3.7929085e-06
3.0863476e+00
-1.0040427e+00
-1.2625753e+00
-1.1209742e+00
-1.5008025e+00
-1.6653463e+00
-2.0684495e+00
-1.7407783e+00
-2.5135436e+00
-1.9230074e+00
-2.7573707e+00
-1.9890702e+00
-2.5572188e+00
-1.7837697e+00
-2.2218277e+00
-1.4223423e+00
-1.7649282e+00
-9.5102626e-01
-1.2869905e+00
-5.4205346e-01
-3.6852348e-01
-1.0840171e-01
-9.0781915e-01
-6.7262717e-02
1.3177603e-01
-5.4238448e+00
-4.3729753e+00
1.0550413e-01
1.9443120e-01
-2.2179339e+00
-1.2484083e+00
1.0668587e-01
9.4162814e-02
-1.6349108e+00
-1.4576333e+00
-4.0694947e+00
8.8521503e-02
9.1945022e-02
6.4730160e-02
3.8467150e-02
3.2564901e-02
2.5182575e-02
1.9504873e-02
-2.3025262e+00
-2.0813100e+00
-1.4313241e+00
-2.8239830e+00
-2.6085694e+00
-3.2330122e+00
-2.9282951e+00
-3.5808580e+00
-3.0246091e+00
-3.5871692e+00
-2.3869829e+00
-2.9315145e+00
-3.3585021e+00
-5.8968496e+00
-4.8642640e+00
1.1644959e-02
1.0117050e-02
8.6367307e-03
6.2520141e-03
-2.6400187e+00
-2.9450195e+00
6.1226536e-02
3.4085866e-03
2.9831503e-03
1.9692131e-03
1.5920389e-03
-3.1897435e+00
9.1250724e-04
7.7258592e-04
4.3116932e-04
3.4370521e-04
-2.3572075e+00
1.1261606e-04
1.8292651e-04
1.2095230e-04
9.8275297e-05
2.0008692e-05
4.0271665e-05
-3.8304937e+00
-3.1461360e+00
-7.0100026e+00
3.6647748e-02
6.9242336e-02
-3.1006370e+00
-5.1516432e-02
4.6011478e-06
1.6858537e-05
5.7064801e-07
6.4929372e-06
1.7114957e-05
8.3783016e-06
7.1024609e-05
-1.4072142e+00
-2.2509270e+00
-1.9632919e-06
4.8105459e-04
-2.2803783e+00
3.4710742e-03
2.0875394e-02
-4.0128007e+00
-3.1771259e+00
-2.4592395e+00
-2.2895045e+00
-3.1353636e+00
-1.9080490e+00
-1.3974047e-01
-2.4789329e+00
-1.3083566e+00
-5.0106859e+00
-1.0295899e+00
-4.0908003e-01
-5.1143497e-01
3.0896202e-01
5.6001365e-01
1.0840275e+00
1.5267313e+00
5.3168869e+00
1.7966243e+00
2.3563986e+00
2.3968308e+00
2.9277089e+00
2.8335085e+00
3.3580585e+00
3.1039057e+00
3.5059605e+00
3.8955326e+00
3.8727446e+00
4.2948213e+00
4.1172028e+00
4.5109816e+00
4.1894612e+00
4.4977818e+00
4.1122065e+00
4.2801056e+00
3.9245570e+00
3.5547078e+00
3.9395924e+00
4.3796844e+00
3.8477495e+00
4.1250949e+00
7.4594674e+00
3.5475423e+00
3.5409563e+00
3.8845816e+00
3.6796751e+00
3.0481653e+00
2.8657646e+00
2.7815828e+00
2.4445934e+00
2.0667322e+00
-6.2450461e+00
-2.7187364e+00
3.0914571e+00
3.0105324e+00
4.7524452e+00
2.4055252e+00
4.8579984e+00
1.7843097e+00
1.1569538e+00
2.1549003e+00
3.4132626e+00
3.6745601e+00
3.4602110e+00
3.4831204e+00
3.3297646e+00
-3.2964060e-01
-8.2148606e-01
1.1255728e+00
4.1560918e-01
2.3463461e-01
-5.4625207e-01
-1.0453411e-01
-9.4670713e-01
-1.6669781e+00
-6.9671741e+00
-4.7382948e-01
-1.8291534e+00
-2.9298954e+00
1.3796265e+00
1.0156620e+00
-3.4554162e+00
1.4700695e-05
8.4847097e-06
-4.0643501e+00
9.5884614e-03
-4.5687652e+00
-2.6520715e+00
-1.8933913e+00
-3.7273338e+00
3.2280872e+00
-2.6901565e+00
1.7158312e-03
4.2037855e-06
-3.7718048e+00
-3.0890791e+00
3.5998513e-04
-4.5992594e+00
-4.9372797e+00
-2.6804751e-01
3.6430993e-06
-1.7311733e+00
-3.2942154e+00
-4.2575250e+00
-3.7008522e+00
-4.4521060e+00
1.6655102e-04
3.3475218e+00
3.4397254e+00
2.1627477e-01
-1.4344822e-01
3.1633635e+00
2.6974583e-01
5.3297949e-06
-4.7749200e+00
1.2542841e-05
1.7850778e-05
-4.9544301e-06
-1.0299897e-05
-3.8195748e+00
-2.2333686e+00
-2.4966877e+00
-5.0030499e-06
-7.1047170e-06
-3.8812280e+00
-4.4197502e+00
-5.0817900e+00
-4.7187800e+00
-5.2629862e+00
-4.8054953e+00
-4.4120574e+00
-4.4103169e+00
3.0209422e+00
3.0159693e+00
1.1941322e-05
-4.0703750e+00
-4.0184479e+00
-4.2922869e+00
-3.8932266e+00
-2.1014423e-06
-5.6026783e+00
2.4741551e-01
-8.0041969e-01
-7.8823209e-01
-4.0816890e-06
-4.2311043e-01
3.3270485e+00
3.3609765e+00
3.2619209e+00
3.5058928e+00
3.3549988e+00
3.4335685e+00
3.2822840e+00
3.3074348e+00
3.1537368e+00
3.0822797e+00
3.1757455e+00
-4.0993447e+00
-3.7196550e+00
-3.4743471e+00
-3.9036441e+00
-3.5911684e+00
2.3851405e-06
2.9861896e+00
1.4788213e-01
-3.8075340e+00
-3.5649867e+00
-3.8740501e+00
-3.6296170e+00
-3.9889736e+00
-5.4528117e+00
-2.9211257e+00
-1.0430429e+00
-8.0865532e-01
-9.1316301e-01
-1.7738278e+00
-1.8808514e+00
3.2830706e+00
-4.8809729e+00
-5.2178750e+00
-4.8493314e+00
-5.2602820e+00
-5.7319918e+00
-3.2254710e+00
-5.8127041e+00
-1.3792529e-05
-9.6474487e-06
-4.0009179e+00
-4.7881732e+00
-5.0198536e+00
-4.5910230e+00
-4.6962795e+00
-4.3358927e+00
-4.1888661e+00
2.5165584e-06
5.2537916e-06
-4.1939650e+00
3.0397308e+00
3.1345274e+00
-4.1682820e+00
-2.8571520e+00
-3.7920539e+00
-3.9000878e+00
-2.3785570e+00
-3.5816038e+00
-1.7665535e+00
-4.8537049e+00
4.5686598e+00
5.2458763e+00
5.3484464e+00
5.9373727e+00
5.8259583e+00
6.6485562e+00
6.4302678e+00
7.2216225e+00
6.6398139e+00
5.9933090e+00
5.9652028e+00
6.3794317e+00
5.5711861e+00
5.6229849e+00
4.8656988e+00
4.5126085e+00
4.8247213e+00
6.5415998e+00
6.3635502e+00
5.2958746e+00
5.4656034e+00
4.2434235e+00
4.0072446e+00
3.3195858e+00
3.5398321e+00
2.1331651e+00
2.2623377e+00
4.3682179e+00
3.3552005e+00
2.6668835e+00
2.0642822e+00
8.6164540e-01
7.3962337e-01
1.7808248e+00
-4.4801455e+00
-2.6409509e+00
2.6489582e+00
-9.2534410e-06
7.1885353e-01
-2.7254953e+00
-1.0842505e+00
-3.1642654e+00
2.9550396e-02
5.5226593e+00
-1.4286113e-01
-6.6353450e+00
-6.9493346e+00
-5.3190775e+00
-4.8424010e+00
-4.0916448e+00
7.4065647e+00
2.8205590e+00
2.9004109e+00
2.6010022e+00
-6.9406166e+00
-6.3953891e+00
-2.0396726e+00
-2.5017612e+00
2.7919199e+00
2.7119613e+00
-5.0654945e+00
2.1553528e+00
8.4220438e+00
-4.0028067e+00
-2.9839168e+00
9.4062116e-06
-2.8300750e+00
7.6924270e-01
4.9956403e+00
4.7306871e+00
-1.3434178e+00
-1.4952470e+00
4.4412551e+00
3.9304972e+00
-3.8985415e+00
-1.1064812e+00
2.2285554e+00
1.6595390e+00
1.2414956e-05
2.4827492e-05
2.2309608e+00
2.9864533e+00
2.5427625e+00
2.3167646e+00
3.3417056e+00
2.0672681e+00
1.8415309e+00
1.4597560e+00
-8.7091178e-01
-8.8110107e-01
-6.2991571e-01
-6.0172117e-01
-3.0590242e-01
-4.8996210e-01
-1.6373707e-01
-1.5998778e-01
-5.3851213e-02
-6.8356089e-02
-1.3545768e-01
-1.0128300e+00
-1.1159890e+00
-8.2544881e-01
-1.2551783e+00
-8.2130182e-01
-5.9365141e-01
-5.0375366e-01
-6.8814164e-01
-3.3470723e-01
-5.0153160e-01
-2.3785304e-01
-7.7217817e-02
-1.2026763e-01
-1.0506243e+00
-6.6713071e-03
-4.6839081e-02
-1.2467532e+00
-1.0207229e+00
-1.2691603e+00
-1.5126442e+00
7.4291155e-02
-1.6390761e+00
9.2483327e-02
-7.9966450e-01
-2.3973653e-01
-3.7228274e-01
9.6617907e-01
2.1861002e+00
1.6520096e+00
5.2027893e+00
7.2569108e+00
-1.1919162e-01
-7.7888656e-01
-7.0617455e-01
-3.3289498e-01
-5.3293347e-01
2.5697961e+00
2.8411777e+00
3.2398224e+00
2.8259203e+00
7.4403067e+00
-3.6845133e-01
-4.7247877e+00
3.1974435e+00
2.4861813e+00
-2.8644830e-01
-4.8266134e+00
9.8978335e-06
-6.4177670e+00
-6.5939341e+00
-6.4000292e+00
-5.7608318e+00
-1.6189025e-01
1.7088763e+00
1.6118459e+00
-2.7034247e+00
-5.1254497e+00
-1.0439623e-01
-5.6617323e-02
-2.4240488e-02
-1.1014446e-02
-3.7746415e-03
8.4085978e-04
-2.2341723e-03
1.9124279e-02
-5.1398717e-02
-6.3195443e-03
5.1627721e-04
-1.0520313e+00
3.1396344e+00
3.0975521e+00
3.6151309e+00
1.6275041e+00
8.9744532e-01
9.8538727e-01
8.9436144e-01
5.4840579e+00
-1.6490953e+00
-8.5230315e-01
-2.7883614e-03
5.6777598e-04
-1.5512145e-03
1.5433271e-04
-7.7052688e-04
3.0864239e+00
2.8957052e-03
1.2811109e-02
-1.0399944e-03
-4.4302209e-04
-2.0580883e-04
-6.1789624e-06
3.1805642e+00
8.0470743e+00
-1.5946757e+00
2.4320965e+00
2.8498679e-01
-9.5029208e-07
-2.6425147e-02
-2.2959577e-02
-1.1817898e-02
-3.2120238e-03
-5.5151340e-04
-7.7870227e-03
-5.4261670e-02
-5.7617063e-03
-1.9516698e-04
5.4960470e-03
-3.8326937e-03
1.0347923e-06
-1.4622190e-02
4.8078232e-07
8.5142683e-06
3.3550547e-05
-6.7890192e-06
5.0137780e-05
7.5310840e-05
1.3201656e-04
6.4837906e-05
2.3685928e-04
6.9924514e-05
4.1159987e-04
-2.7528040e-06
7.0403703e-04
-1.6933467e-04
1.2959192e-03
-4.1311621e-04
-1.6457674e-03
9.5924141e-04
1.2290283e-04
4.5043482e-05
-5.2679114e+00
-1.0226938e-04
-1.0234369e-04
-4.8253169e-05
-3.5343261e-04
-5.4945573e-05
-2.2773163e-05
-5.0958672e-05
-1.1535703e-05
-9.1776237e-06
-9.1295460e-06
9.3267681e-06
-1.0800298e-04
2.5628573e-05
8.5146121e-06
-3.9817987e-06
3.5237932e+00
3.6423352e+00
3.3941946e-05
6.2426579e-06
4.8427992e-06
3.1016223e+00
-1.3722847e-02
2.1947694e-06
2.4829348e-04
3.7272937e+00
-4.4047852e+00
-1.3990226e-07
-3.6579676e+00
-3.1929049e+00
-4.3587031e+00
3.1054957e+00
1.8117565e-03
3.9484031e-02
-1.3862000e-06
7.3234044e-04
-1.1646486e-01
-1.3293365e+00
3.2818389e+00
-1.1684470e-01
-6.1611670e-01
2.7457030e-02
-3.7429709e+00
5.5581555e-02
6.7844308e-06
4.9993181e+00
3.6513715e+00
-4.3545585e+00
-1.4159211e-05
3.7743098e-01
3.1855326e+00
3.0353785e+00
3.1833563e+00
3.0636621e+00
-6.2498369e+00
-1.4141539e+00
6.9845134e-07
-3.2711949e+00
3.0341585e+00
2.0586679e+00
-2.5959988e-04
1.6081019e-06
1.0660595e-02
1.9500094e-02
-1.2356887e+00
-1.6581479e+00
-1.5861380e+00
5.7301188e+00
-9.4752729e-01
-3.2539747e+00
-4.2667061e-06
1.5144619e+00
1.6391158e-07
-2.1044583e+00
-3.9582381e-05
2.3699766e-01
1.0694040e-05
3.2375484e+00
3.8475523e+00
-2.4152741e+00
-3.9377630e+00
-1.1997691e+00
3.2533576e+00
-1.1963944e+00
-3.5051710e-03
-4.2260032e-02
-2.4604645e-01
1.5096458e-04
4.2499189e+00
-5.6642318e+00
-1.3537219e-04
3.4161558e+00
4.1184678e+00
-5.7472038e+00
-1.4729782e+00
-3.2079574e-01
-2.7772393e+00
-1.4681284e+00
-2.4740512e+00
-4.2723341e+00
5.2007284e+00
-2.2248921e+00
2.6811593e+00
-5.9556007e+00
-1.8649399e-01
-1.1260403e+00
4.3011131e+00
3.6712277e+00
-3.1313819e-03
-3.7572889e+00
7.9525757e-01
1.5300399e+00
-6.4006579e-01
2.5570351e-03
-2.4362743e+00
2.8807993e+00
4.8305565e-01
-7.4334270e-01
3.2639387e+00
-2.0463367e-01
-9.9302448e-02
7.5719247e+00
3.8197598e+00
-3.2361256e-04
1.9297091e+00
-2.0031068e+00
1.4059948e+00
-1.6824304e-04
6.6137509e-03
-5.5159469e+00
-4.1657691e+00
-3.5661387e-01
-1.1109716e+00
2.7937636e+00
-6.1007398e-01
-8.4793448e-01
5.5029660e-01
1.3829731e+00
6.8984580e+00
4.6947002e-06
-7.4791024e-04
-2.9774004e-01
3.3010168e+00
-3.9693010e+00
-6.3598194e+00
4.6225846e-01
-2.0957918e-05
-3.0275607e+00
5.2117262e+00
1.3348281e-01
-5.0488305e+00
2.9502964e+00
6.1759295e+00
-3.7266779e-01
-1.5458249e-03
-3.9844575e+00
-3.3525558e+00
-4.9155002e+00
1.4175178e+00
1.1783013e-02
3.0429547e+00
3.5174895e-02
5.4836555e+00
-4.4537101e+00
-2.8282942e-05
3.2339129e+00
-3.3357282e+00
-3.6588423e+00
3.6545658e+00
-1.4149572e+00
-3.4590664e+00
-3.6981955e+00
-2.8216567e-07
-4.3854313e+00
3.0575681e+00
-4.7655811e+00
3.0567281e+00
8.5232127e-03
2.7799141e+00
2.9886851e+00
-1.8457025e+00
-6.0338988e+00
-2.7153142e-06
-9.5830923e-01
4.4114161e+00
-2.8645484e+00
1.3787241e-06
-1.8985682e+00
-4.3972756e-05
2.3647429e-02
-1.7649282e+00
-2.3069774e-06
-2.5833023e+00
-4.0006866e+00
-1.5086599e-04
-5.1445851e+00
-1.8629293e+00
1.2330548e+00
-5.4157577e+00
7.2690767e-01
1.6784826e-02
-1.0420806e+00
-4.1475158e-02
-1.2111884e+00
6.3175666e-01
-4.0837827e+00
2.7806597e+00
-1.9987651e+00
3.3574951e+00
-3.7386315e+00
3.0271633e+00
1.7159296e-02
2.1198227e+00
2.9579818e+00
-1.8202743e-02
-3.5096455e-05
4.8961811e+00
-4.6718497e+00
-5.5151796e-01
-2.4567513e-01
-4.3568101e+00
-1.4321635e+00
-1.0890579e-01
-8.6480081e-01
2.9731615e-02
-4.1802311e+00
7.3823899e-01
-1.0710502e+00
4.0042944e+00
-5.6307011e+00
-5.6415758e+00
3.2309489e+00
-2.1588983e-02
2.5259724e+00
2.0129528e-06
2.7686365e+00
2.4464464e+00
-3.2938647e+00
3.6973186e+00
1.2324620e+00
3.4076350e+00
-1.4324982e-05
-9.5421106e-01
-1.8923619e+00
-3.3381310e+00
-2.9689009e+00
-6.0223050e+00
-4.2138886e-01
-4.2133079e+00
CELL_DATA 1766
FIELD FieldData 0
