# vtk DataFile Version 4.0
vtk output
ASCII
DATASET UNSTRUCTURED_GRID
POINTS 1048 float
8.9999996e-03 -2.0000001e-03 2.4999999e-03 
8.9999996e-03 2.0000001e-03 2.4999999e-03 
-8.9999996e-03 2.0000001e-03 2.4999999e-03 
-8.9999996e-03 -2.0000001e-03 2.4999999e-03 
8.9999996e-03 2.0000001e-03 -2.4999999e-03 
8.9999996e-03 -2.0000001e-03 -2.4999999e-03 
-8.9999996e-03 -2.0000001e-03 -2.4999999e-03 
-8.9999996e-03 2.0000001e-03 -2.4999999e-03 
8.9999996e-03 -1.2000001e-03 2.4999999e-03 
8.9999996e-03 -3.9999999e-04 2.4999999e-03 
8.9999996e-03 3.9999999e-04 2.4999999e-03 
8.9999996e-03 1.2000001e-03 2.4999999e-03 
8.2173916e-03 2.0000001e-03 2.4999999e-03 
7.4347830e-03 2.0000001e-03 2.4999999e-03 
6.6521741e-03 2.0000001e-03 2.4999999e-03 
5.8695651e-03 2.0000001e-03 2.4999999e-03 
5.0869570e-03 2.0000001e-03 2.4999999e-03 
4.3043480e-03 2.0000001e-03 2.4999999e-03 
3.5217390e-03 2.0000001e-03 2.4999999e-03 
2.7391310e-03 2.0000001e-03 2.4999999e-03 
1.9565220e-03 2.0000001e-03 2.4999999e-03 
1.1739130e-03 2.0000001e-03 2.4999999e-03 
3.9130429e-04 2.0000001e-03 2.4999999e-03 
-3.9130429e-04 2.0000001e-03 2.4999999e-03 
-1.1739130e-03 2.0000001e-03 2.4999999e-03 
-1.9565220e-03 2.0000001e-03 2.4999999e-03 
-2.7391310e-03 2.0000001e-03 2.4999999e-03 
-3.5217390e-03 2.0000001e-03 2.4999999e-03 
-4.3043480e-03 2.0000001e-03 2.4999999e-03 
-5.0869570e-03 2.0000001e-03 2.4999999e-03 
-5.8695651e-03 2.0000001e-03 2.4999999e-03 
-6.6521741e-03 2.0000001e-03 2.4999999e-03 
-7.4347830e-03 2.0000001e-03 2.4999999e-03 
-8.2173916e-03 2.0000001e-03 2.4999999e-03 
-8.9999996e-03 1.2000001e-03 2.4999999e-03 
-8.9999996e-03 3.9999999e-04 2.4999999e-03 
-8.9999996e-03 -3.9999999e-04 2.4999999e-03 
-8.9999996e-03 -1.2000001e-03 2.4999999e-03 
-8.2173916e-03 -2.0000001e-03 2.4999999e-03 
-7.4347830e-03 -2.0000001e-03 2.4999999e-03 
-6.6521741e-03 -2.0000001e-03 2.4999999e-03 
-5.8695651e-03 -2.0000001e-03 2.4999999e-03 
-5.0869570e-03 -2.0000001e-03 2.4999999e-03 
-4.3043480e-03 -2.0000001e-03 2.4999999e-03 
-3.5217390e-03 -2.0000001e-03 2.4999999e-03 
-2.7391310e-03 -2.0000001e-03 2.4999999e-03 
-1.9565220e-03 -2.0000001e-03 2.4999999e-03 
-1.1739130e-03 -2.0000001e-03 2.4999999e-03 
-3.9130429e-04 -2.0000001e-03 2.4999999e-03 
3.9130429e-04 -2.0000001e-03 2.4999999e-03 
1.1739130e-03 -2.0000001e-03 2.4999999e-03 
1.9565220e-03 -2.0000001e-03 2.4999999e-03 
2.7391310e-03 -2.0000001e-03 2.4999999e-03 
3.5217390e-03 -2.0000001e-03 2.4999999e-03 
4.3043480e-03 -2.0000001e-03 2.4999999e-03 
5.0869570e-03 -2.0000001e-03 2.4999999e-03 
5.8695651e-03 -2.0000001e-03 2.4999999e-03 
6.6521741e-03 -2.0000001e-03 2.4999999e-03 
7.4347830e-03 -2.0000001e-03 2.4999999e-03 
8.2173916e-03 -2.0000001e-03 2.4999999e-03 
8.9999996e-03 1.2000001e-03 -2.4999999e-03 
8.9999996e-03 3.9999999e-04 -2.4999999e-03 
8.9999996e-03 -3.9999999e-04 -2.4999999e-03 
8.9999996e-03 -1.2000001e-03 -2.4999999e-03 
8.2173916e-03 -2.0000001e-03 -2.4999999e-03 
7.4347830e-03 -2.0000001e-03 -2.4999999e-03 
6.6521741e-03 -2.0000001e-03 -2.4999999e-03 
5.8695651e-03 -2.0000001e-03 -2.4999999e-03 
5.0869570e-03 -2.0000001e-03 -2.4999999e-03 
4.3043480e-03 -2.0000001e-03 -2.4999999e-03 
3.5217390e-03 -2.0000001e-03 -2.4999999e-03 
2.7391310e-03 -2.0000001e-03 -2.4999999e-03 
1.9565220e-03 -2.0000001e-03 -2.4999999e-03 
1.1739130e-03 -2.0000001e-03 -2.4999999e-03 
3.9130429e-04 -2.0000001e-03 -2.4999999e-03 
-3.9130429e-04 -2.0000001e-03 -2.4999999e-03 
-1.1739130e-03 -2.0000001e-03 -2.4999999e-03 
-1.9565220e-03 -2.0000001e-03 -2.4999999e-03 
-2.7391310e-03 -2.0000001e-03 -2.4999999e-03 
-3.5217390e-03 -2.0000001e-03 -2.4999999e-03 
-4.3043480e-03 -2.0000001e-03 -2.4999999e-03 
-5.0869570e-03 -2.0000001e-03 -2.4999999e-03 
-5.8695651e-03 -2.0000001e-03 -2.4999999e-03 
-6.6521741e-03 -2.0000001e-03 -2.4999999e-03 
-7.4347830e-03 -2.0000001e-03 -2.4999999e-03 
-8.2173916e-03 -2.0000001e-03 -2.4999999e-03 
-8.9999996e-03 -1.2000001e-03 -2.4999999e-03 
-8.9999996e-03 -3.9999999e-04 -2.4999999e-03 
-8.9999996e-03 3.9999999e-04 -2.4999999e-03 
-8.9999996e-03 1.2000001e-03 -2.4999999e-03 
-8.2173916e-03 2.0000001e-03 -2.4999999e-03 
-7.4347830e-03 2.0000001e-03 -2.4999999e-03 
-6.6521741e-03 2.0000001e-03 -2.4999999e-03 
-5.8695651e-03 2.0000001e-03 -2.4999999e-03 
-5.0869570e-03 2.0000001e-03 -2.4999999e-03 
-4.3043480e-03 2.0000001e-03 -2.4999999e-03 
-3.5217390e-03 2.0000001e-03 -2.4999999e-03 
-2.7391310e-03 2.0000001e-03 -2.4999999e-03 
-1.9565220e-03 2.0000001e-03 -2.4999999e-03 
-1.1739130e-03 2.0000001e-03 -2.4999999e-03 
-3.9130429e-04 2.0000001e-03 -2.4999999e-03 
3.9130429e-04 2.0000001e-03 -2.4999999e-03 
1.1739130e-03 2.0000001e-03 -2.4999999e-03 
1.9565220e-03 2.0000001e-03 -2.4999999e-03 
2.7391310e-03 2.0000001e-03 -2.4999999e-03 
3.5217390e-03 2.0000001e-03 -2.4999999e-03 
4.3043480e-03 2.0000001e-03 -2.4999999e-03 
5.0869570e-03 2.0000001e-03 -2.4999999e-03 
5.8695651e-03 2.0000001e-03 -2.4999999e-03 
6.6521741e-03 2.0000001e-03 -2.4999999e-03 
7.4347830e-03 2.0000001e-03 -2.4999999e-03 
8.2173916e-03 2.0000001e-03 -2.4999999e-03 
-8.9999996e-03 -2.0000001e-03 1.7857139e-03 
-8.9999996e-03 -2.0000001e-03 1.0714290e-03 
-8.9999996e-03 -2.0000001e-03 3.5714291e-04 
-8.9999996e-03 -2.0000001e-03 -3.5714291e-04 
-8.9999996e-03 -2.0000001e-03 -1.0714290e-03 
-8.9999996e-03 -2.0000001e-03 -1.7857139e-03 
8.9999996e-03 -2.0000001e-03 1.7857139e-03 
8.9999996e-03 -2.0000001e-03 1.0714290e-03 
8.9999996e-03 -2.0000001e-03 3.5714291e-04 
8.9999996e-03 -2.0000001e-03 -3.5714291e-04 
8.9999996e-03 -2.0000001e-03 -1.0714290e-03 
8.9999996e-03 -2.0000001e-03 -1.7857139e-03 
-8.9999996e-03 2.0000001e-03 1.7857139e-03 
-8.9999996e-03 2.0000001e-03 1.0714290e-03 
-8.9999996e-03 2.0000001e-03 3.5714291e-04 
-8.9999996e-03 2.0000001e-03 -3.5714291e-04 
-8.9999996e-03 2.0000001e-03 -1.0714290e-03 
-8.9999996e-03 2.0000001e-03 -1.7857139e-03 
8.9999996e-03 2.0000001e-03 1.7857139e-03 
8.9999996e-03 2.0000001e-03 1.0714290e-03 
8.9999996e-03 2.0000001e-03 3.5714291e-04 
8.9999996e-03 2.0000001e-03 -3.5714291e-04 
8.9999996e-03 2.0000001e-03 -1.0714290e-03 
8.9999996e-03 2.0000001e-03 -1.7857139e-03 
1.0392810e-06 1.3231951e-03 2.4999999e-03 
-6.2608700e-03 -1.3222410e-03 2.4999999e-03 
5.4782610e-03 -1.3222410e-03 2.4999999e-03 
-4.7217258e-03 -1.3154390e-03 2.4999999e-03 
3.9130440e-03 1.3222410e-03 2.4999999e-03 
2.3478260e-03 1.3222410e-03 2.4999999e-03 
-1.5652170e-03 1.3222410e-03 2.4999999e-03 
-3.1304350e-03 1.3222410e-03 2.4999999e-03 
8.1736930e-03 -2.2150170e-05 2.4999999e-03 
-5.5152751e-03 1.3523470e-03 2.4999999e-03 
6.2608700e-03 1.3222410e-03 2.4999999e-03 
7.6273060e-04 -1.2948790e-03 2.4999999e-03 
-7.0583969e-03 1.3173569e-03 2.4999999e-03 
-7.8260869e-04 -1.3222410e-03 2.4999999e-03 
3.1814170e-03 -1.3343230e-03 2.4999999e-03 
-2.2584491e-03 -1.3378341e-03 2.4999999e-03 
-8.3114048e-03 4.5160609e-06 2.4999999e-03 
7.0636161e-03 -1.3685951e-03 2.4999999e-03 
-7.7297580e-03 -1.3148329e-03 2.4999999e-03 
7.8260871e-03 1.3222410e-03 2.4999999e-03 
-8.3377790e-03 7.9010578e-04 2.4999999e-03 
-7.5337100e-03 5.0419051e-04 2.4999999e-03 
-7.6414449e-03 -3.9445280e-04 2.4999999e-03 
-6.9257319e-03 1.2717639e-06 2.4999999e-03 
-6.9765672e-03 -7.9314149e-04 2.4999999e-03 
-6.2556220e-03 -3.8694151e-04 2.4999999e-03 
-6.2574940e-03 3.9812489e-04 2.4999999e-03 
-5.5770562e-03 -9.0580170e-06 2.4999999e-03 
-5.4988428e-03 -8.5201068e-04 2.4999999e-03 
-4.8385700e-03 -4.3544691e-04 2.4999999e-03 
-4.1374192e-03 -7.2341401e-04 2.4999999e-03 
-4.2735068e-03 6.0261071e-05 2.4999999e-03 
-3.5379049e-03 -2.1645440e-04 2.4999999e-03 
-3.4478239e-03 -9.5699029e-04 2.4999999e-03 
-2.7361701e-03 -5.7389127e-04 2.4999999e-03 
-2.9393251e-03 2.8791319e-04 2.4999999e-03 
-2.2032650e-03 2.1836460e-05 2.4999999e-03 
-2.3408760e-03 7.9229393e-04 2.4999999e-03 
-3.6951359e-03 6.8308332e-04 2.4999999e-03 
-4.4732969e-03 8.0222799e-04 2.4999999e-03 
-1.6048490e-03 5.2623719e-04 2.4999999e-03 
-1.4605740e-03 -2.2054890e-04 2.4999999e-03 
-8.7640737e-04 2.3693920e-04 2.4999999e-03 
-7.3121348e-04 -5.1023753e-04 2.4999999e-03 
-1.1544180e-04 -2.4282331e-06 2.4999999e-03 
-2.8210750e-05 -7.8267377e-04 2.4999999e-03 
6.2613888e-04 -3.1090510e-04 2.4999999e-03 
1.3609830e-03 -6.8294338e-04 2.4999999e-03 
1.3177160e-03 1.1623080e-04 2.4999999e-03 
2.0174820e-03 -2.3764389e-04 2.4999999e-03 
4.5367680e-04 5.6089181e-04 2.4999999e-03 
1.2517180e-03 8.5770409e-04 2.4999999e-03 
2.0113441e-03 -1.0157190e-03 2.4999999e-03 
2.7648199e-03 -6.1322108e-04 2.4999999e-03 
2.6725531e-03 1.8357069e-04 2.4999999e-03 
3.3609390e-03 -1.3075231e-04 2.4999999e-03 
3.2785430e-03 6.4564741e-04 2.4999999e-03 
3.9933599e-03 3.3659901e-04 2.4999999e-03 
4.0668999e-03 -4.6853279e-04 2.4999999e-03 
4.7124070e-03 -2.6043730e-05 2.4999999e-03 
4.6519549e-03 7.5422658e-04 2.4999999e-03 
5.3579151e-03 4.1644511e-04 2.4999999e-03 
5.4183681e-03 -3.6382521e-04 2.4999999e-03 
6.0580792e-03 6.7025227e-05 2.4999999e-03 
6.1245458e-03 -7.0192502e-04 2.4999999e-03 
6.7513241e-03 -2.3994500e-04 2.4999999e-03 
6.6900938e-03 5.7386002e-04 2.4999999e-03 
7.5561418e-03 2.0710019e-04 2.4999999e-03 
4.6979720e-03 -8.7605300e-04 2.4999999e-03 
7.4734939e-03 -6.1368541e-04 2.4999999e-03 
5.3863982e-03 1.2149820e-03 2.4999999e-03 
8.2721282e-03 -8.2023692e-04 2.4999999e-03 
-1.5652170e-03 -1.3222410e-03 2.4999999e-03 
3.9130440e-03 -1.3222410e-03 2.4999999e-03 
-7.6736329e-04 1.3329000e-03 2.4999999e-03 
-6.2842751e-03 1.2672470e-03 2.4999999e-03 
7.0434781e-03 1.3222410e-03 2.4999999e-03 
2.0360660e-03 6.1067508e-04 2.4999999e-03 
-8.3661927e-03 -7.6077261e-04 2.4999999e-03 
8.2179820e-03 7.6026440e-04 2.4999999e-03 
-7.7926461e-03 1.3415480e-03 2.4999999e-03 
3.1217770e-03 1.3592900e-03 2.4999999e-03 
-3.9317501e-03 1.3824580e-03 2.4999999e-03 
7.6136482e-04 1.3538180e-03 2.4999999e-03 
7.7670878e-03 -1.3598520e-03 2.4999999e-03 
-1.9454720e-03 -6.8697298e-04 2.4999999e-03 
6.2608700e-03 -1.4027830e-03 2.4999999e-03 
-3.7673520e-04 6.9015299e-04 2.4999999e-03 
-4.9826959e-03 2.9415381e-04 2.4999999e-03 
-3.9621191e-03 -1.3955440e-03 2.4999999e-03 
1.3857010e-03 -1.3653390e-03 2.4999999e-03 
-7.0434781e-03 -1.4492430e-03 2.4999999e-03 
4.6638651e-03 1.4289330e-03 2.4999999e-03 
0.0000000e+00 -1.4506869e-03 2.4999999e-03 
-6.8784002e-03 6.6231308e-04 2.4999999e-03 
-5.5979532e-03 6.7669561e-04 2.4999999e-03 
-2.3478260e-03 1.4595190e-03 2.4999999e-03 
5.9441361e-03 7.3502271e-04 2.4999999e-03 
-4.7020768e-03 1.4264430e-03 2.4999999e-03 
3.4306161e-03 -7.5155869e-04 2.4999999e-03 
1.6570940e-03 1.3913220e-03 2.4999999e-03 
-5.4782610e-03 -1.4917169e-03 2.4999999e-03 
7.4347830e-03 8.2064018e-04 2.4999999e-03 
4.6956521e-03 -1.5079760e-03 2.4999999e-03 
-2.9586540e-03 -1.4214190e-03 2.4999999e-03 
2.7015409e-03 8.0772862e-04 2.4999999e-03 
-8.4092617e-03 1.4100100e-03 2.4999999e-03 
2.5779400e-03 -1.4119711e-03 2.4999999e-03 
8.4230509e-03 -1.4183910e-03 2.4999999e-03 
-8.4301429e-03 -1.4253290e-03 2.4999999e-03 
8.4099025e-03 1.4179690e-03 2.4999999e-03 
-1.2545680e-03 -8.0700527e-04 2.4999999e-03 
-5.0416971e-03 8.7111432e-04 2.4999999e-03 
-1.0853560e-03 8.1229419e-04 2.4999999e-03 
6.6971462e-03 -8.4448757e-04 2.4999999e-03 
0.0000000e+00 -1.3222410e-03 -2.4999999e-03 
-5.4486990e-03 -1.3338180e-03 -2.4999999e-03 
5.4568839e-03 -1.3409940e-03 -2.4999999e-03 
-3.9149108e-03 1.3286890e-03 -2.4999999e-03 
3.9196010e-03 -1.3339740e-03 -2.4999999e-03 
1.5597240e-03 -1.3357610e-03 -2.4999999e-03 
-1.5661470e-03 -1.3293769e-03 -2.4999999e-03 
8.3107874e-03 -4.5021138e-06 -2.4999999e-03 
-8.3105918e-03 -4.6540831e-06 -2.4999999e-03 
-6.2608700e-03 1.3222410e-03 -2.4999999e-03 
6.2608700e-03 1.3222410e-03 -2.4999999e-03 
4.7072140e-03 1.3193910e-03 -2.4999999e-03 
-7.8260869e-04 1.3222410e-03 -2.4999999e-03 
7.8260869e-04 1.3222410e-03 -2.4999999e-03 
-2.3511429e-03 1.3344580e-03 -2.4999999e-03 
2.3478260e-03 1.3222391e-03 -2.4999999e-03 
-3.1297971e-03 -1.3329251e-03 -2.4999999e-03 
7.0576491e-03 -1.3174240e-03 -2.4999999e-03 
-7.0572118e-03 -1.3175620e-03 -2.4999999e-03 
7.7298349e-03 1.3151200e-03 -2.4999999e-03 
-7.7299061e-03 1.3151550e-03 -2.4999999e-03 
-8.3368234e-03 -7.9186651e-04 -2.4999999e-03 
-7.5309770e-03 -5.0398259e-04 -2.4999999e-03 
-7.6335710e-03 3.9578631e-04 -2.4999999e-03 
-6.9330502e-03 -2.8544389e-06 -2.4999999e-03 
-6.9738580e-03 7.9623982e-04 -2.4999999e-03 
-6.2417411e-03 4.1534941e-04 -2.4999999e-03 
-5.4944260e-03 8.6864369e-04 -2.4999999e-03 
-5.5245520e-03 7.1865114e-05 -2.4999999e-03 
-4.8571881e-03 5.0904462e-04 -2.4999999e-03 
-4.8186011e-03 -2.6848880e-04 -2.4999999e-03 
-4.1724690e-03 1.5501460e-04 -2.4999999e-03 
-4.2446591e-03 -6.4899848e-04 -2.4999999e-03 
-3.5133450e-03 -1.6986630e-04 -2.4999999e-03 
-6.2517752e-03 -3.9521061e-04 -2.4999999e-03 
-3.5213111e-03 6.3719199e-04 -2.4999999e-03 
-2.7328790e-03 2.6137699e-04 -2.4999999e-03 
-2.7568100e-03 -5.5149489e-04 -2.4999999e-03 
-2.1140529e-03 -7.4514319e-05 -2.4999999e-03 
8.3372407e-03 -7.9078088e-04 -2.4999999e-03 
7.5314860e-03 -5.0387788e-04 -2.4999999e-03 
7.6336889e-03 3.9572481e-04 -2.4999999e-03 
6.9332561e-03 -3.1685970e-06 -2.4999999e-03 
6.9739958e-03 7.9595827e-04 -2.4999999e-03 
6.2512220e-03 3.9040030e-04 -2.4999999e-03 
6.2531461e-03 -3.8539059e-04 -2.4999999e-03 
5.5720140e-03 2.0406360e-05 -2.4999999e-03 
5.4918351e-03 8.5821358e-04 -2.4999999e-03 
4.8553338e-03 4.5297210e-04 -2.4999999e-03 
4.1171080e-03 6.5020053e-04 -2.4999999e-03 
4.8656920e-03 -3.5403381e-04 -2.4999999e-03 
4.6860948e-03 -1.3451540e-03 -2.4999999e-03 
-4.6956521e-03 1.3222410e-03 -2.4999999e-03 
8.0664642e-17 1.3222410e-03 -2.4999999e-03 
-3.9130420e-04 6.4448180e-04 -2.4999999e-03 
-1.1599190e-03 6.6020503e-04 -2.4999999e-03 
-7.4225222e-04 -2.0132289e-05 -2.4999999e-03 
3.7265290e-06 -1.9212570e-05 -2.4999999e-03 
3.8924970e-04 6.4698450e-04 -2.4999999e-03 
1.1739130e-03 6.4448197e-04 -2.4999999e-03 
-4.6794880e-03 -1.3444300e-03 -2.4999999e-03 
3.1304350e-03 1.3222410e-03 -2.4999999e-03 
2.7056900e-03 6.3313468e-04 -2.4999999e-03 
1.9536680e-03 6.4384768e-04 -2.4999999e-03 
2.3477981e-03 -3.3293119e-05 -2.4999999e-03 
3.1304071e-03 -3.3325290e-05 -2.4999999e-03 
2.7457499e-03 -6.8986008e-04 -2.4999999e-03 
7.7879982e-04 -1.3288490e-03 -2.4999999e-03 
1.1738280e-03 -6.7869539e-04 -2.4999999e-03 
-7.8257069e-04 -1.3253260e-03 -2.4999999e-03 
-6.2498860e-03 -1.2578710e-03 -2.4999999e-03 
-1.5640940e-03 1.3283710e-03 -2.4999999e-03 
-3.1294720e-03 1.3394860e-03 -2.4999999e-03 
-2.3468370e-03 -1.3286599e-03 -2.4999999e-03 
1.5652170e-03 1.3222410e-03 -2.4999999e-03 
6.2586991e-03 -1.2631130e-03 -2.4999999e-03 
-3.9096489e-03 -1.3455780e-03 -2.4999999e-03 
-1.9565220e-03 6.6979229e-04 -2.4999999e-03 
3.1332730e-03 -1.3438760e-03 -2.4999999e-03 
7.6528988e-04 -1.7197430e-05 -2.4999999e-03 
1.5837720e-03 -1.9036661e-05 -2.4999999e-03 
1.9667989e-03 -6.8860449e-04 -2.4999999e-03 
-3.9130301e-04 -6.7775900e-04 -2.4999999e-03 
-1.1487000e-03 -6.8891048e-04 -2.4999999e-03 
3.9130429e-04 -6.7776872e-04 -2.4999999e-03 
3.4991410e-03 -6.8586209e-04 -2.4999999e-03 
3.7647050e-03 -2.4749900e-06 -2.4999999e-03 
2.3496090e-03 -1.3458940e-03 -2.4999999e-03 
8.3628157e-03 7.6024712e-04 -2.4999999e-03 
-8.3627515e-03 7.6022232e-04 -2.4999999e-03 
7.7921832e-03 -1.3418160e-03 -2.4999999e-03 
-7.7914940e-03 -1.3422130e-03 -2.4999999e-03 
4.2346851e-03 -6.8593968e-04 -2.4999999e-03 
3.8930750e-03 1.3269250e-03 -2.4999999e-03 
3.4258820e-03 6.3207332e-04 -2.4999999e-03 
-5.5885999e-03 -6.2808319e-04 -2.4999999e-03 
-1.9160580e-03 -7.2578312e-04 -2.4999999e-03 
7.0434781e-03 1.4509710e-03 -2.4999999e-03 
-7.0434781e-03 1.4511530e-03 -2.4999999e-03 
-1.4393030e-03 9.3095678e-06 -2.4999999e-03 
5.6087961e-03 -6.7057431e-04 -2.4999999e-03 
-6.8725301e-03 -6.6228869e-04 -2.4999999e-03 
6.8746172e-03 -6.6208851e-04 -2.4999999e-03 
-4.2976532e-03 8.0360298e-04 -2.4999999e-03 
5.4782610e-03 1.4946701e-03 -2.4999999e-03 
-5.4782610e-03 1.4948560e-03 -2.4999999e-03 
-3.5077941e-03 -8.0791599e-04 -2.4999999e-03 
8.4081488e-03 -1.4103230e-03 -2.4999999e-03 
-8.4064947e-03 -1.4107900e-03 -2.4999999e-03 
8.4301429e-03 1.4253290e-03 -2.4999999e-03 
-8.4301429e-03 1.4253290e-03 -2.4999999e-03 
-2.7391310e-03 8.6443953e-04 -2.4999999e-03 
-5.0268178e-03 -8.2683167e-04 -2.4999999e-03 
5.0869570e-03 -8.9192833e-04 -2.4999999e-03 
4.3839891e-03 4.5628240e-05 -2.4999999e-03 
8.4823119e-03 -2.0000001e-03 -1.3150120e-05 
-8.4472746e-03 -2.0000001e-03 -1.9001791e-05 
-5.4699611e-03 -2.0000001e-03 -1.8057580e-03 
1.1185620e-06 -2.0000001e-03 -1.8219600e-03 
5.5114878e-03 -2.0000001e-03 1.8394210e-03 
-3.1304350e-03 -2.0000001e-03 1.8222410e-03 
2.3523190e-03 -2.0000001e-03 -1.8236360e-03 
4.7033210e-03 -2.0000001e-03 -1.8239600e-03 
-7.8260869e-04 -2.0000001e-03 1.8222410e-03 
3.1304350e-03 -2.0000001e-03 1.8222410e-03 
-2.3468309e-03 -2.0000001e-03 -1.8229760e-03 
-6.2609031e-03 -2.0000001e-03 1.8285490e-03 
6.2643089e-03 -2.0000001e-03 -1.8222040e-03 
-4.6956521e-03 -2.0000001e-03 1.8222410e-03 
7.8260869e-04 -2.0000001e-03 1.8222410e-03 
-3.9104358e-03 -2.0000001e-03 -1.8187721e-03 
7.0294389e-03 -2.0000001e-03 1.8437210e-03 
-7.0207990e-03 -2.0000001e-03 -1.8137520e-03 
-7.8260871e-03 -2.0000001e-03 1.8222410e-03 
7.7616749e-03 -2.0000001e-03 -1.8112070e-03 
-8.4256018e-03 -2.0000001e-03 -1.4293190e-03 
8.2742097e-03 -2.0000001e-03 1.4092810e-03 
7.0190611e-03 -2.0000001e-03 -1.8199300e-03 
6.6498099e-03 -2.0000001e-03 -1.1533460e-03 
5.8795190e-03 -2.0000001e-03 -1.1503940e-03 
6.2701181e-03 -2.0000001e-03 -4.8576560e-04 
5.4978030e-03 -2.0000001e-03 -4.8043099e-04 
5.8876579e-03 -2.0000001e-03 1.8755590e-04 
5.1115388e-03 -2.0000001e-03 1.9342630e-04 
6.6626859e-03 -2.0000001e-03 1.8142960e-04 
4.7189528e-03 -2.0000001e-03 -4.7771819e-04 
4.3321890e-03 -2.0000001e-03 1.9822259e-04 
3.9386312e-03 -2.0000001e-03 -4.7488650e-04 
3.5511560e-03 -2.0000001e-03 2.0233910e-04 
3.1571439e-03 -2.0000001e-03 -4.7181131e-04 
2.7693370e-03 -2.0000001e-03 2.0623280e-04 
2.3752800e-03 -2.0000001e-03 -4.6813651e-04 
1.9872349e-03 -2.0000001e-03 2.0998321e-04 
1.5931430e-03 -2.0000001e-03 -4.6501099e-04 
1.2049220e-03 -2.0000001e-03 2.1361120e-04 
8.1065868e-04 -2.0000001e-03 -4.6179601e-04 
4.2246829e-04 -2.0000001e-03 2.1719511e-04 
2.8178751e-05 -2.0000001e-03 -4.5826170e-04 
-3.6005070e-04 -2.0000001e-03 2.2077560e-04 
-7.5435621e-04 -2.0000001e-03 -4.5491281e-04 
-1.1426120e-03 -2.0000001e-03 2.2433671e-04 
-1.5389740e-03 -2.0000001e-03 -4.5316061e-04 
-1.9253819e-03 -2.0000001e-03 2.2785310e-04 
-2.3234361e-03 -2.0000001e-03 -4.5063219e-04 
-2.7082041e-03 -2.0000001e-03 2.3132520e-04 
-3.1047801e-03 -2.0000001e-03 -4.4643381e-04 
-3.4903509e-03 -2.0000001e-03 2.3455539e-04 
-3.8848750e-03 -2.0000001e-03 -4.4136029e-04 
-4.2718900e-03 -2.0000001e-03 2.3776530e-04 
-4.6651289e-03 -2.0000001e-03 -4.3689439e-04 
-5.0522760e-03 -2.0000001e-03 2.4039220e-04 
-5.4441630e-03 -2.0000001e-03 -4.3244299e-04 
-5.8316379e-03 -2.0000001e-03 2.4351520e-04 
-6.2191910e-03 -2.0000001e-03 -4.2658759e-04 
-6.6027939e-03 -2.0000001e-03 2.4191100e-04 
-6.9907680e-03 -2.0000001e-03 -4.2162120e-04 
-1.1604310e-03 -2.0000001e-03 -1.1379661e-03 
1.1954050e-03 -2.0000001e-03 -1.1382920e-03 
3.5421781e-03 -2.0000001e-03 -1.1442200e-03 
3.9415788e-03 -2.0000001e-03 8.6625409e-04 
6.2813922e-03 -2.0000001e-03 8.5125118e-04 
1.5955730e-03 -2.0000001e-03 8.7822671e-04 
-2.3180000e-03 -2.0000001e-03 8.9541572e-04 
3.4344539e-05 -2.0000001e-03 8.9665822e-04 
-5.4526301e-03 -2.0000001e-03 8.9097099e-04 
-3.8874471e-03 -2.0000001e-03 8.9165679e-04 
-7.3090931e-03 -2.0000001e-03 2.5299040e-04 
-6.9939508e-03 -2.0000001e-03 8.8685431e-04 
7.0448080e-03 -2.0000001e-03 8.2606438e-04 
7.3511121e-03 -2.0000001e-03 1.9174859e-04 
-7.7464469e-03 -2.0000001e-03 8.9804147e-04 
7.7681681e-03 -2.0000001e-03 8.2588359e-04 
-6.6139698e-03 -2.0000001e-03 -1.0955899e-03 
-7.3066000e-03 -2.0000001e-03 -1.0903809e-03 
-5.0585428e-03 -2.0000001e-03 -1.1101970e-03 
-3.4962590e-03 -2.0000001e-03 -1.1198050e-03 
7.4128960e-03 -2.0000001e-03 -1.1507280e-03 
8.1371358e-03 -2.0000001e-03 -1.1247731e-03 
7.7825189e-03 -2.0000001e-03 -4.9115269e-04 
-7.7504851e-03 -2.0000001e-03 -4.2073269e-04 
-7.0428639e-03 -2.0000001e-03 1.8413380e-03 
-6.2405881e-03 -2.0000001e-03 -1.8062200e-03 
-6.2286942e-03 -2.0000001e-03 8.8396430e-04 
5.4844492e-03 -2.0000001e-03 -1.8231580e-03 
6.2695718e-03 -2.0000001e-03 1.8467950e-03 
-5.4796012e-03 -2.0000001e-03 1.8362050e-03 
7.0335781e-03 -2.0000001e-03 -4.8588641e-04 
-4.6750209e-03 -2.0000001e-03 8.7768229e-04 
-3.9146030e-03 -2.0000001e-03 1.8231421e-03 
-5.8388161e-03 -2.0000001e-03 -1.1058340e-03 
-3.1033049e-03 -2.0000001e-03 8.7807770e-04 
-4.6921172e-03 -2.0000001e-03 -1.8072020e-03 
4.7115618e-03 -2.0000001e-03 8.5794239e-04 
4.3167090e-03 -2.0000001e-03 1.5156470e-03 
2.3679479e-03 -2.0000001e-03 8.7221479e-04 
1.9633200e-03 -2.0000001e-03 1.4511331e-03 
-1.5449260e-03 -2.0000001e-03 8.8991452e-04 
-1.9191570e-03 -2.0000001e-03 1.5832760e-03 
-7.6808472e-04 -2.0000001e-03 9.3730242e-04 
7.6110650e-06 -2.0000001e-03 1.8420310e-03 
3.1351631e-03 -2.0000001e-03 -1.8261890e-03 
-1.5637530e-03 -2.0000001e-03 -1.8218789e-03 
-1.9424960e-03 -2.0000001e-03 -1.1430990e-03 
7.8677072e-04 -2.0000001e-03 -1.8233650e-03 
-3.1255409e-03 -2.0000001e-03 -1.8206590e-03 
8.1604568e-04 -2.0000001e-03 8.8620890e-04 
5.4845279e-03 -2.0000001e-03 8.4858999e-04 
3.1412151e-03 -2.0000001e-03 9.1669417e-04 
-7.7840709e-04 -2.0000001e-03 -1.8207100e-03 
-4.2810980e-03 -2.0000001e-03 -1.1174020e-03 
-3.6884291e-04 -2.0000001e-03 -1.1340410e-03 
4.1072851e-04 -2.0000001e-03 -1.1372580e-03 
1.5723200e-03 -2.0000001e-03 -1.8227299e-03 
1.9813450e-03 -2.0000001e-03 -1.1379810e-03 
5.1021348e-03 -2.0000001e-03 -1.1479040e-03 
2.7604790e-03 -2.0000001e-03 -1.1416470e-03 
3.9209472e-03 -2.0000001e-03 -1.8248160e-03 
4.3211570e-03 -2.0000001e-03 -1.1468680e-03 
-2.7198971e-03 -2.0000001e-03 -1.1424480e-03 
-8.4174788e-03 -2.0000001e-03 -7.0499862e-04 
-7.7784532e-03 -2.0000001e-03 -1.8497430e-03 
7.7784532e-03 -2.0000001e-03 1.8497430e-03 
-8.4368940e-03 -2.0000001e-03 1.3959560e-03 
-8.4106307e-03 -2.0000001e-03 7.1428571e-04 
8.4066540e-03 -2.0000001e-03 7.1074709e-04 
3.7036899e-03 -2.0000001e-03 1.8915070e-03 
1.5565050e-03 -2.0000001e-03 1.9293510e-03 
-2.4855379e-03 -2.0000001e-03 1.9017491e-03 
8.4470920e-03 -2.0000001e-03 -6.0052163e-04 
7.4192169e-03 -2.0000001e-03 1.3511260e-03 
5.0615710e-03 -2.0000001e-03 1.4350850e-03 
8.4098112e-03 -2.0000001e-03 -1.7000990e-03 
6.6653928e-03 -2.0000001e-03 1.3336299e-03 
2.5480511e-03 -2.0000001e-03 1.4623950e-03 
-1.3463980e-03 -2.0000001e-03 1.4909230e-03 
5.9005250e-03 -2.0000001e-03 1.3321590e-03 
4.8073931e-03 -2.0000001e-03 1.9924100e-03 
3.6244900e-03 -2.0000001e-03 1.3582431e-03 
-7.9316692e-03 -2.0000001e-03 3.5550640e-04 
-7.9461578e-03 -2.0000001e-03 -1.0650220e-03 
-6.6516348e-03 -2.0000001e-03 1.3812620e-03 
-5.8700941e-03 -2.0000001e-03 1.3767700e-03 
-7.3185312e-03 -2.0000001e-03 1.3875860e-03 
-8.4694764e-03 -2.0000001e-03 -1.9903220e-03 
8.4694764e-03 -2.0000001e-03 1.9903220e-03 
2.3192819e-03 -2.0000001e-03 2.0187490e-03 
1.1867370e-03 -2.0000001e-03 1.3538190e-03 
-8.4320316e-03 -2.0000001e-03 1.9500410e-03 
4.2185510e-04 -2.0000001e-03 1.3465290e-03 
-2.5169531e-04 -2.0000001e-03 1.3476730e-03 
-2.7548431e-03 -2.0000001e-03 1.3687660e-03 
-4.3046190e-03 -2.0000001e-03 1.3816740e-03 
-5.0817919e-03 -2.0000001e-03 1.3761530e-03 
-1.4659140e-03 -2.0000001e-03 2.0232480e-03 
-3.5232420e-03 -2.0000001e-03 1.3800480e-03 
7.9463776e-03 -2.0000001e-03 3.1568759e-04 
-8.9999996e-03 1.3969120e-03 4.1409159e-05 
-8.9999996e-03 -1.3814101e-03 7.1428571e-04 
-8.9999996e-03 -1.4073030e-03 -7.1369059e-04 
-8.9999996e-03 -1.7884729e-05 1.8092950e-03 
-8.9999996e-03 1.0434890e-05 -1.8696190e-03 
-8.9999996e-03 1.4196230e-03 1.4005990e-03 
-8.9999996e-03 1.4051020e-03 -1.4418850e-03 
-8.9999996e-03 -8.3139568e-04 1.7753710e-03 
-8.9999996e-03 -3.6425440e-04 1.1300890e-03 
-8.9999996e-03 3.2844750e-04 1.1284060e-03 
-8.9999996e-03 -2.0907240e-05 4.9902732e-04 
-8.9999996e-03 7.4877997e-04 4.3931871e-04 
-8.9999996e-03 3.1525330e-04 -1.6202799e-04 
-8.9999996e-03 -2.7691529e-04 -5.9502199e-05 
-8.9999996e-03 -9.3823197e-05 -7.2777539e-04 
-8.9999996e-03 6.4353790e-04 -7.4503239e-04 
-8.9999996e-03 -7.8501162e-04 -1.8120640e-03 
-8.9999996e-03 -1.4060530e-03 2.1839220e-05 
-8.9999996e-03 1.3861310e-03 7.1428571e-04 
-8.9999996e-03 8.1850309e-04 1.7715601e-03 
-8.9999996e-03 8.1199792e-04 -1.8375870e-03 
-8.9999996e-03 -1.4016870e-03 -1.4077480e-03 
-8.9999996e-03 -7.9199928e-04 -1.0574450e-03 
-8.9999996e-03 -7.6123059e-04 4.3122159e-04 
-8.9999996e-03 1.3135730e-03 -7.2854472e-04 
-8.9999996e-03 -1.4379090e-03 1.4008610e-03 
-8.9999996e-03 3.3452350e-04 -1.2924100e-03 
-8.9999996e-03 -8.7660842e-04 -3.5486490e-04 
-8.9999996e-03 9.4029692e-04 1.0908340e-03 
-8.9999996e-03 -1.4938610e-03 1.9923891e-03 
-8.9999996e-03 1.4672510e-03 -1.9941779e-03 
-8.9999996e-03 1.4876249e-03 1.9915749e-03 
-8.9999996e-03 -1.4739330e-03 -1.9985391e-03 
-8.9999996e-03 8.8308088e-04 -2.3466149e-04 
-8.9999996e-03 -9.5447130e-04 1.0845340e-03 
-8.9999996e-03 -2.3271020e-04 -1.2925880e-03 
-8.9999996e-03 9.0174680e-04 -1.2090920e-03 
-8.4490404e-03 2.0000001e-03 1.8993260e-05 
8.4823119e-03 2.0000001e-03 1.3150120e-05 
5.5114878e-03 2.0000001e-03 -1.8394210e-03 
1.1185640e-06 2.0000001e-03 1.8219600e-03 
-5.4782610e-03 2.0000001e-03 1.8222410e-03 
2.3523190e-03 2.0000001e-03 1.8236360e-03 
-2.3478260e-03 2.0000001e-03 -1.8222410e-03 
4.7033210e-03 2.0000001e-03 1.8239600e-03 
-4.6956521e-03 2.0000001e-03 -1.8222410e-03 
7.8260869e-04 2.0000001e-03 -1.8222410e-03 
-3.1264981e-03 2.0000001e-03 1.8175130e-03 
3.1304350e-03 2.0000001e-03 -1.8222410e-03 
6.2643089e-03 2.0000001e-03 1.8222040e-03 
-6.2609031e-03 2.0000001e-03 -1.8285440e-03 
-7.7497429e-04 2.0000001e-03 -1.8421870e-03 
-1.5640070e-03 2.0000001e-03 1.8212360e-03 
-7.0222211e-03 2.0000001e-03 1.8131670e-03 
7.0294389e-03 2.0000001e-03 -1.8437210e-03 
7.7616749e-03 2.0000001e-03 1.8112070e-03 
-7.8260871e-03 2.0000001e-03 -1.8222410e-03 
-8.4260087e-03 2.0000001e-03 1.4293760e-03 
8.2742097e-03 2.0000001e-03 -1.4092810e-03 
7.0190611e-03 2.0000001e-03 1.8199300e-03 
6.6498099e-03 2.0000001e-03 1.1533460e-03 
5.8795190e-03 2.0000001e-03 1.1503940e-03 
6.2701181e-03 2.0000001e-03 4.8576560e-04 
5.4978030e-03 2.0000001e-03 4.8043099e-04 
5.8876579e-03 2.0000001e-03 -1.8755590e-04 
5.1115388e-03 2.0000001e-03 -1.9342630e-04 
6.6626859e-03 2.0000001e-03 -1.8142960e-04 
4.7189528e-03 2.0000001e-03 4.7771819e-04 
4.3321890e-03 2.0000001e-03 -1.9822259e-04 
3.9386312e-03 2.0000001e-03 4.7488650e-04 
3.5511560e-03 2.0000001e-03 -2.0233910e-04 
3.1571439e-03 2.0000001e-03 4.7181131e-04 
2.7693370e-03 2.0000001e-03 -2.0623280e-04 
2.3752800e-03 2.0000001e-03 4.6813651e-04 
1.9872349e-03 2.0000001e-03 -2.0998321e-04 
1.5931430e-03 2.0000001e-03 4.6501099e-04 
1.2049220e-03 2.0000001e-03 -2.1361120e-04 
8.1065868e-04 2.0000001e-03 4.6179601e-04 
4.2246829e-04 2.0000001e-03 -2.1719511e-04 
2.8179231e-05 2.0000001e-03 4.5826141e-04 
-3.6004910e-04 2.0000001e-03 -2.2077349e-04 
-7.5435598e-04 2.0000001e-03 4.5491339e-04 
-1.1426070e-03 2.0000001e-03 -2.2433460e-04 
-1.5369540e-03 2.0000001e-03 4.5153929e-04 
-1.9251960e-03 2.0000001e-03 -2.2789520e-04 
-2.3195599e-03 2.0000001e-03 4.4804561e-04 
-2.7077999e-03 2.0000001e-03 -2.3145150e-04 
-3.1021710e-03 2.0000001e-03 4.4452320e-04 
-3.4903830e-03 2.0000001e-03 -2.3500829e-04 
-3.8847690e-03 2.0000001e-03 4.4095999e-04 
-4.2729820e-03 2.0000001e-03 -2.3857270e-04 
-4.6664821e-03 2.0000001e-03 4.3699349e-04 
-5.0544189e-03 2.0000001e-03 -2.4101410e-04 
-5.4458268e-03 2.0000001e-03 4.3397889e-04 
-5.8347038e-03 2.0000001e-03 -2.4399839e-04 
-6.2238192e-03 2.0000001e-03 4.2833819e-04 
-6.6061262e-03 2.0000001e-03 -2.4218780e-04 
-6.9928281e-03 2.0000001e-03 4.2238130e-04 
-4.2791539e-03 2.0000001e-03 1.1166050e-03 
1.1954050e-03 2.0000001e-03 1.1382920e-03 
3.5421781e-03 2.0000001e-03 1.1442200e-03 
3.9415788e-03 2.0000001e-03 -8.6625409e-04 
6.2813922e-03 2.0000001e-03 -8.5125118e-04 
1.5955730e-03 2.0000001e-03 -8.7822671e-04 
-3.8843290e-03 2.0000001e-03 -9.0178387e-04 
3.4344532e-05 2.0000001e-03 -8.9665683e-04 
-1.5308070e-03 2.0000001e-03 -9.0383517e-04 
-5.4546450e-03 2.0000001e-03 -8.9166319e-04 
-7.3118391e-03 2.0000001e-03 -2.5324331e-04 
-6.9964938e-03 2.0000001e-03 -8.8699610e-04 
7.0448080e-03 2.0000001e-03 -8.2606438e-04 
7.3511121e-03 2.0000001e-03 -1.9174859e-04 
-7.7496660e-03 2.0000001e-03 -8.9826953e-04 
7.7681681e-03 2.0000001e-03 -8.2588359e-04 
-6.6166548e-03 2.0000001e-03 1.0881650e-03 
-7.3073050e-03 2.0000001e-03 1.0874340e-03 
-2.7148430e-03 2.0000001e-03 1.1244310e-03 
7.4128960e-03 2.0000001e-03 1.1507280e-03 
8.1371358e-03 2.0000001e-03 1.1247731e-03 
7.7825189e-03 2.0000001e-03 4.9115269e-04 
-1.1487720e-03 2.0000001e-03 1.1311630e-03 
-7.0428038e-03 2.0000001e-03 -1.8413150e-03 
-6.2608700e-03 2.0000001e-03 1.7861590e-03 
-7.7524269e-03 2.0000001e-03 4.2127451e-04 
-6.2308642e-03 2.0000001e-03 -8.8422588e-04 
5.4844492e-03 2.0000001e-03 1.8231580e-03 
6.2695718e-03 2.0000001e-03 -1.8467950e-03 
-5.4789400e-03 2.0000001e-03 -1.8410570e-03 
-5.8385371e-03 2.0000001e-03 1.1312120e-03 
7.0335781e-03 2.0000001e-03 4.8588641e-04 
-4.6677128e-03 2.0000001e-03 -8.8184630e-04 
4.7115618e-03 2.0000001e-03 -8.5794239e-04 
4.3167090e-03 2.0000001e-03 -1.5156470e-03 
-3.4966930e-03 2.0000001e-03 1.1204130e-03 
2.3679479e-03 2.0000001e-03 -8.7221479e-04 
1.9633200e-03 2.0000001e-03 -1.4511331e-03 
-2.3448190e-03 2.0000001e-03 1.8167710e-03 
-3.1105760e-03 2.0000001e-03 -8.9668599e-04 
-3.4845159e-03 2.0000001e-03 -1.5903130e-03 
-2.3334960e-03 2.0000001e-03 -9.4379211e-04 
1.3521480e-05 2.0000001e-03 -1.8491560e-03 
3.1351631e-03 2.0000001e-03 1.8261890e-03 
-4.6911491e-03 2.0000001e-03 1.8190580e-03 
-3.9058100e-03 2.0000001e-03 1.8166000e-03 
7.8677072e-04 2.0000001e-03 1.8233650e-03 
-1.5579000e-03 2.0000001e-03 -1.8494660e-03 
-1.9340310e-03 2.0000001e-03 1.1287160e-03 
-7.4823108e-04 2.0000001e-03 -9.0025720e-04 
8.1604568e-04 2.0000001e-03 -8.8620879e-04 
5.4845279e-03 2.0000001e-03 -8.4858999e-04 
3.1412151e-03 2.0000001e-03 -9.1669417e-04 
-7.8073301e-04 2.0000001e-03 1.8217710e-03 
-5.0597722e-03 2.0000001e-03 1.1242100e-03 
-3.6618349e-04 2.0000001e-03 1.1326420e-03 
4.1399899e-04 2.0000001e-03 1.1356060e-03 
1.5723200e-03 2.0000001e-03 1.8227299e-03 
1.9813450e-03 2.0000001e-03 1.1379810e-03 
5.1021348e-03 2.0000001e-03 1.1479040e-03 
2.7604790e-03 2.0000001e-03 1.1416470e-03 
3.9209472e-03 2.0000001e-03 1.8248160e-03 
4.3211570e-03 2.0000001e-03 1.1468680e-03 
-8.4181698e-03 2.0000001e-03 7.0497120e-04 
-7.7784532e-03 2.0000001e-03 1.8497430e-03 
7.7784532e-03 2.0000001e-03 -1.8497430e-03 
-8.4379315e-03 2.0000001e-03 -1.3962090e-03 
-8.4123034e-03 2.0000001e-03 -7.1428571e-04 
8.4066540e-03 2.0000001e-03 -7.1074709e-04 
3.7036899e-03 2.0000001e-03 -1.8915070e-03 
1.5565050e-03 2.0000001e-03 -1.9293510e-03 
8.4470920e-03 2.0000001e-03 6.0052163e-04 
-4.0524630e-03 2.0000001e-03 -1.9027350e-03 
7.4192169e-03 2.0000001e-03 -1.3511260e-03 
5.0615710e-03 2.0000001e-03 -1.4350850e-03 
8.4098112e-03 2.0000001e-03 1.7000990e-03 
6.6653928e-03 2.0000001e-03 -1.3336299e-03 
2.5480511e-03 2.0000001e-03 -1.4623950e-03 
-2.9122841e-03 2.0000001e-03 -1.4969280e-03 
5.9005250e-03 2.0000001e-03 -1.3321590e-03 
4.8073931e-03 2.0000001e-03 -1.9924100e-03 
3.6244900e-03 2.0000001e-03 -1.3582431e-03 
-7.3186369e-03 2.0000001e-03 -1.3866820e-03 
-6.6516069e-03 2.0000001e-03 -1.3801920e-03 
-7.9337414e-03 2.0000001e-03 -3.5644320e-04 
-5.8701211e-03 2.0000001e-03 -1.3756200e-03 
-7.9482580e-03 2.0000001e-03 1.0643540e-03 
8.4694764e-03 2.0000001e-03 -1.9903220e-03 
-8.4694764e-03 2.0000001e-03 1.9903220e-03 
2.3192819e-03 2.0000001e-03 -2.0187490e-03 
1.1867370e-03 2.0000001e-03 -1.3538190e-03 
-8.4321424e-03 2.0000001e-03 -1.9500731e-03 
4.2371891e-04 2.0000001e-03 -1.3458190e-03 
-3.5677719e-04 2.0000001e-03 -1.3471430e-03 
-1.1392630e-03 2.0000001e-03 -1.3487909e-03 
-1.9200890e-03 2.0000001e-03 -1.3490970e-03 
-4.3222201e-03 2.0000001e-03 -1.3718300e-03 
-5.0883940e-03 2.0000001e-03 -1.3723460e-03 
-3.0321090e-03 2.0000001e-03 -2.0265800e-03 
7.9463776e-03 2.0000001e-03 -3.1568759e-04 
8.9999996e-03 1.3951480e-03 4.1601161e-05 
8.9999996e-03 -1.3814101e-03 7.1428571e-04 
8.9999996e-03 -1.4084600e-03 -7.1263209e-04 
8.9999996e-03 -1.6044731e-05 1.8110230e-03 
8.9999996e-03 6.8007848e-06 -1.8672070e-03 
8.9999996e-03 1.4192601e-03 1.4007950e-03 
8.9999996e-03 1.4042130e-03 -1.4421270e-03 
8.9999996e-03 -8.3106483e-04 1.7776580e-03 
8.9999996e-03 -3.6454111e-04 1.1317790e-03 
8.9999996e-03 3.2770581e-04 1.1294089e-03 
8.9999996e-03 -2.3266501e-05 5.0075463e-04 
8.9999996e-03 7.4674370e-04 4.4028831e-04 
8.9999996e-03 3.1143130e-04 -1.6015770e-04 
8.9999996e-03 -2.7971869e-04 -5.7620899e-05 
8.9999996e-03 -9.8202188e-05 -7.2570727e-04 
8.9999996e-03 6.3866499e-04 -7.4401178e-04 
8.9999996e-03 -7.8779983e-04 -1.8059630e-03 
8.9999996e-03 -1.4065780e-03 2.2513441e-05 
8.9999996e-03 1.3845291e-03 7.1428571e-04 
8.9999996e-03 8.1851927e-04 1.7721230e-03 
8.9999996e-03 8.0970337e-04 -1.8371140e-03 
8.9999996e-03 -1.4384220e-03 1.4020150e-03 
8.9999996e-03 1.3115290e-03 -7.2848512e-04 
8.9999996e-03 -7.6226948e-04 4.3220760e-04 
8.9999996e-03 -1.4021239e-03 -1.4059570e-03 
8.9999996e-03 -7.9411129e-04 -1.0556059e-03 
8.9999996e-03 3.3081110e-04 -1.2909661e-03 
8.9999996e-03 -8.7810552e-04 -3.5434819e-04 
8.9999996e-03 9.3935151e-04 1.0913800e-03 
8.9999996e-03 8.8023988e-04 -2.3365080e-04 
8.9999996e-03 -1.4734470e-03 -1.9963509e-03 
8.9999996e-03 1.4672510e-03 -1.9941779e-03 
8.9999996e-03 1.4875560e-03 1.9917260e-03 
8.9999996e-03 -1.4938971e-03 1.9930780e-03 
8.9999996e-03 -9.5471262e-04 1.0856730e-03 
8.9999996e-03 -2.3569350e-04 -1.2878650e-03 
8.9999996e-03 8.9898420e-04 -1.2085410e-03 
6.9984398e-03 2.6319699e-06 -1.8513099e-04 
-7.0051621e-03 5.5099831e-06 -1.8965690e-04 
4.3288032e-03 -9.5768073e-06 -4.7319749e-04 
3.0177909e-05 7.1883221e-07 6.6192788e-06 
-3.9007489e-03 8.1810981e-08 -5.6914780e-07 
2.3490081e-03 3.4735069e-06 3.3083659e-05 
-1.9361820e-03 1.1636430e-05 4.9224391e-04 
5.5447081e-03 2.6834139e-04 7.6134328e-04 
-5.5039828e-03 -2.2842640e-04 7.3601003e-04 
-5.3221011e-03 3.2110891e-04 -8.4615441e-04 
3.6483021e-03 -4.1281321e-04 9.3544723e-04 
-1.2416980e-03 -3.9979941e-04 -9.1041077e-04 
1.1999310e-03 4.7384741e-04 -9.3503972e-04 
1.2065790e-03 -4.9866992e-04 9.5735438e-04 
-2.6328941e-03 4.0588839e-04 -9.0195419e-04 
5.7338388e-03 4.5626640e-04 -9.9938444e-04 
3.1218641e-03 -5.7830958e-04 -1.0854120e-03 
7.5495359e-03 5.4137822e-04 1.0638080e-03 
-7.6322717e-04 6.0366088e-04 1.1028920e-03 
6.6564321e-03 -5.8484741e-04 1.0814510e-03 
-7.6246150e-03 6.2331790e-04 9.2960522e-04 
7.7428031e-03 5.8977993e-04 -1.0766120e-03 
-7.7470331e-03 5.9264491e-04 -1.0772150e-03 
-3.3125370e-03 -6.2088098e-04 1.1296790e-03 
2.8052770e-03 6.3712028e-04 1.1510490e-03 
5.7990919e-03 -6.8053568e-04 -2.0851300e-04 
-6.8358909e-03 -5.9658359e-04 1.0933150e-03 
-3.8396101e-04 6.4689032e-04 -1.1292041e-03 
-4.4621490e-03 6.1711692e-04 1.1174430e-03 
4.2727761e-04 -6.3435629e-04 -1.1354190e-03 
2.5353681e-03 6.7171198e-04 -1.1436950e-03 
-3.0705130e-03 6.9133122e-04 8.3589298e-04 
-9.6089650e-05 -6.9806661e-04 1.1301480e-03 
-3.8979901e-03 6.6407182e-04 -1.2960570e-03 
-4.3748850e-03 -6.3170778e-04 -1.1217630e-03 
4.2925389e-03 7.2208222e-04 6.4513611e-04 
7.6891081e-03 -7.2152738e-04 -1.0352440e-03 
1.2022180e-03 7.1718852e-04 3.8610841e-04 
-6.2261899e-03 -6.8346079e-04 -1.0853549e-03 
-2.8114971e-03 -7.3831272e-04 -1.6313880e-04 
1.8106020e-03 -7.0067227e-04 -9.5025060e-04 
-7.6927082e-03 -7.1534968e-04 -1.0398560e-03 
-1.4479960e-03 7.6904992e-04 -4.2181090e-04 
4.8212628e-03 -7.6215889e-04 5.9733458e-04 
-6.3635288e-03 7.3568762e-04 6.6396763e-04 
-6.4868461e-03 7.7086571e-04 -1.0935160e-03 
2.4401320e-03 -7.5893110e-04 1.1727570e-03 
-1.3360420e-03 -7.7411468e-04 1.2545950e-03 
7.8274151e-03 -7.7829172e-04 7.8255881e-04 
3.3516721e-03 7.2901580e-04 -1.8900439e-04 
6.4465711e-03 -7.5416191e-04 -1.2994350e-03 
5.0494089e-03 -7.3046202e-04 -1.2370760e-03 
3.9533381e-03 8.5214822e-04 -1.2220100e-03 
-4.5396849e-03 -7.7333511e-04 1.3168450e-03 
-2.3313260e-03 -8.3669322e-04 -1.2981599e-03 
-8.4145501e-04 -8.2870462e-04 1.4979260e-04 
-5.2812919e-03 -7.9569261e-04 -3.2127841e-04 
6.2551079e-03 8.9708349e-04 4.9008180e-05 
-7.7792881e-03 -7.8498770e-04 3.3543361e-04 
6.2957858e-03 9.0844108e-04 1.3948240e-03 
-4.6644062e-03 9.0508867e-04 -1.4181750e-05 
-1.9122571e-03 8.2440552e-04 1.3771430e-03 
7.8785773e-03 9.0237817e-04 2.2199099e-05 
9.8653289e-04 -8.8495167e-04 -1.3154310e-04 
3.0900720e-03 -8.9423871e-04 3.4518009e-05 
5.1279841e-03 8.6278957e-04 -1.1744220e-04 
4.3175329e-04 3.9779831e-04 1.2849231e-03 
-6.3464209e-03 -8.9019042e-04 9.7015443e-05 
1.7033060e-03 9.0407667e-04 1.4219549e-03 
6.7117200e-03 9.6107792e-04 -9.7266719e-04 
-7.9263691e-03 9.5076131e-04 -6.4370470e-05 
-7.9018427e-03 -3.7207900e-04 1.3748620e-03 
-4.9930939e-04 9.5839152e-04 9.7748823e-05 
4.6741208e-03 -3.1079139e-06 1.3920930e-03 
5.5878139e-03 -6.4610882e-04 1.4018920e-03 
-3.3236600e-03 9.1272237e-04 -2.1168300e-04 
-5.5168741e-03 9.4104302e-04 1.3961090e-03 
8.0215968e-03 -6.5175009e-05 -3.1016860e-04 
-1.4176950e-03 9.6060202e-04 -1.4895550e-03 
-2.3125671e-03 -3.2340799e-04 1.4655460e-03 
4.0974859e-03 -2.7632239e-04 -1.5016660e-03 
-5.3455413e-04 -9.8886411e-04 -1.4756670e-03 
-3.3285180e-03 -3.2497011e-04 -1.4006640e-03 
6.9947378e-03 -9.9536090e-04 1.6668141e-04 
-4.3835780e-03 -9.2780642e-04 2.6119751e-04 
4.1254791e-03 -1.0034350e-03 -1.6527870e-04 
3.8594630e-04 9.7598857e-04 -4.8193461e-04 
3.7293681e-03 1.0198220e-03 1.4857390e-03 
1.9886210e-03 9.4566721e-04 -2.8183669e-04 
-8.0575775e-03 -1.8854320e-05 -3.3038031e-04 
-2.3237800e-03 9.8370120e-04 1.3946441e-04 
-2.0982879e-03 -1.0233850e-03 5.7539891e-04 
1.9626720e-03 -9.4937638e-04 2.5503989e-04 
4.8714778e-03 1.0260800e-03 1.4674970e-03 
5.1457039e-04 9.8200585e-04 -1.5258220e-03 
-5.2985009e-03 -1.0019650e-03 -1.4895740e-03 
-6.1604478e-03 1.1047550e-04 1.4888970e-03 
-5.8809291e-03 -9.2777942e-04 1.4610590e-03 
-5.7050129e-03 9.6830080e-04 -1.1682840e-04 
-6.9854110e-03 -7.1086790e-05 -1.4590180e-03 
-6.9144461e-03 1.0249690e-03 -1.9897560e-04 
6.9424631e-03 1.1450510e-04 -1.4888450e-03 
4.9273609e-03 1.0466770e-03 -1.0827830e-03 
-1.8641941e-03 -1.0357870e-03 -4.1552840e-04 
-4.8808148e-03 9.8483870e-04 -1.5258010e-03 
-1.9019929e-03 7.0438567e-05 -1.5192670e-03 
-6.8706800e-03 1.0152240e-03 1.5245950e-03 
8.0347816e-03 -1.0540810e-03 -1.5688009e-04 
1.7163060e-03 1.0456040e-03 -1.5596260e-03 
1.7942069e-05 -1.0163200e-03 -3.1373341e-04 
3.4040471e-03 -1.0848599e-03 1.5900480e-03 
1.1723650e-03 -1.1077860e-03 -1.5996320e-03 
-6.0019069e-03 1.1706570e-05 -1.7617320e-04 
-3.7173550e-03 -1.0165890e-03 -4.7682889e-04 
6.6866330e-03 3.0236831e-04 6.8541232e-04 
-3.0785960e-03 1.0163420e-03 -1.5557080e-03 
-1.0165410e-03 1.3283100e-04 1.8263661e-04 
2.0085019e-03 9.6462987e-05 9.5100788e-04 
1.8632830e-03 8.0393613e-05 -1.5342369e-03 
-5.0660241e-03 4.5770098e-06 1.5739850e-03 
-3.6235070e-03 2.4758381e-04 1.5754279e-03 
-1.4238580e-03 1.0305240e-03 5.2080269e-04 
2.4485600e-03 -1.0688590e-03 -1.5780010e-03 
3.2540999e-04 1.0833211e-03 6.0098682e-04 
6.9334672e-04 -1.0919709e-03 1.5152880e-03 
-7.1837502e-03 1.1056470e-03 -1.6158370e-03 
-8.1180697e-03 1.1133950e-03 1.5768940e-03 
5.8928411e-03 -1.1437560e-03 6.3311902e-04 
-5.9370822e-03 1.1602310e-04 -1.5980609e-03 
3.2873261e-03 2.4920661e-04 -1.5860950e-03 
1.6503310e-03 -1.1036790e-03 1.5970221e-03 
7.4663251e-03 -3.0214389e-04 1.5655870e-03 
1.4163080e-03 -3.4807432e-05 -1.5873931e-04 
3.0318489e-03 -1.6093760e-04 1.6109060e-03 
2.6743240e-03 1.1126250e-03 3.4569099e-04 
4.2268978e-03 1.0664720e-03 -3.3807071e-04 
4.4165570e-03 -9.8409958e-04 1.5078500e-03 
-4.8550591e-03 -2.9443670e-05 6.1655373e-05 
3.9106449e-03 -1.1191140e-03 -1.0900120e-03 
-5.2571208e-03 -1.1336770e-03 5.6280929e-04 
-1.4590070e-03 -9.4293302e-04 -1.6481470e-03 
-7.2846902e-03 -1.1352680e-03 1.6776409e-03 
8.1249103e-03 -9.8868943e-05 -1.5710150e-03 
4.9749538e-03 1.9209291e-04 -1.5619940e-03 
-7.1715531e-03 -1.0732930e-03 -3.3303851e-04 
8.1849881e-03 1.0410490e-03 1.4605270e-03 
5.1138592e-03 -9.3410883e-05 1.9797561e-05 
-1.9978250e-04 -1.3166830e-04 -1.6008531e-03 
7.2907121e-03 1.1323621e-03 -1.6702270e-03 
-1.3666580e-03 9.4858748e-05 1.6172420e-03 
-3.9030390e-03 1.0643530e-03 5.1079527e-04 
-2.8118291e-03 1.7459100e-04 8.6407199e-05 
7.0725000e-03 1.0877590e-03 4.1532799e-04 
5.0265240e-03 -1.1776630e-03 -2.0723810e-04 
-8.1269424e-03 -9.2966511e-05 -1.5734470e-03 
-1.9979430e-03 -1.0659770e-04 -4.3725080e-04 
3.5905419e-03 -1.2271279e-04 6.4179098e-05 
5.1737891e-04 -1.1699180e-03 6.1163638e-04 
-3.5158731e-03 1.1801870e-03 1.5774450e-03 
-8.9111061e-05 1.1570880e-03 1.4331701e-03 
-4.8302370e-03 4.2729629e-05 -1.6058300e-03 
-8.1632519e-03 1.1348220e-03 -1.6791150e-03 
5.5656978e-03 1.1782961e-03 8.8547153e-04 
8.0277426e-03 -1.1230410e-03 1.6311000e-03 
-7.1438141e-03 1.2512710e-04 1.6001730e-03 
8.1104347e-03 4.4867251e-05 5.7373999e-04 
8.1824269e-03 1.1135790e-03 -1.6495860e-03 
-3.7617581e-03 -1.1106820e-03 -1.6192270e-03 
-1.1422320e-03 1.1851580e-03 1.6799370e-03 
-8.1983516e-03 -1.2076891e-03 9.4524451e-04 
2.5497340e-03 -1.1307920e-03 -6.5252959e-04 
-8.1657032e-03 -1.1667720e-03 -1.6637800e-03 
-6.9688288e-03 -1.0218570e-03 -1.5909410e-03 
5.7121878e-03 2.5013351e-04 1.6665580e-03 
7.0693583e-04 9.6140648e-05 -1.5994800e-03 
-3.6282511e-04 -3.1955319e-04 -7.3641830e-04 
3.5407690e-03 1.1962540e-03 5.4931227e-04 
-5.6549720e-03 1.1339020e-03 -1.0757020e-03 
-4.6788051e-04 -5.5407170e-05 1.6602320e-03 
8.4426888e-04 1.2008960e-03 1.3932530e-03 
-3.4350371e-03 -1.1085020e-03 3.7766321e-04 
7.1277879e-03 -1.1346870e-03 1.6160350e-03 
-8.1485454e-03 -1.1847740e-03 -4.1137499e-04 
6.9807582e-03 -1.1429240e-03 -7.0774427e-04 
-4.0461491e-03 -1.5175340e-04 8.8044698e-04 
5.8017331e-03 -1.9739949e-04 -1.6391780e-03 
5.7235090e-03 -1.1475570e-03 -1.6627170e-03 
6.0331831e-03 1.1089840e-03 -1.6103070e-03 
-5.2682902e-03 6.2704959e-04 5.9112773e-04 
-1.0316930e-03 1.7964830e-04 -1.6804620e-03 
7.1439049e-03 1.1259560e-03 1.6225750e-03 
6.1438801e-03 1.1246860e-04 -3.1224251e-04 
-8.5044221e-04 -1.1512670e-03 -6.6971470e-04 
2.8499290e-03 -1.2698720e-04 7.3424983e-04 
-8.1196316e-03 1.5716770e-07 5.4928177e-04 
2.7408879e-03 1.2136200e-03 1.7624380e-03 
4.0962061e-04 1.5204580e-04 -7.6223188e-04 
3.7038070e-03 -1.2090181e-03 5.7448278e-04 
-4.4295108e-03 1.3312680e-04 -6.9078972e-04 
3.1730579e-03 1.2398500e-03 -1.3725969e-03 
5.8835950e-03 1.2466350e-03 -6.5970939e-04 
-2.6452250e-03 1.1763430e-03 1.7192800e-03 
6.2552518e-03 -1.1453060e-03 1.6648429e-03 
7.1630608e-03 -1.1789500e-03 -1.5606970e-03 
-8.1855543e-03 1.1965920e-03 6.9202372e-04 
1.6234450e-03 -2.1461589e-04 1.6966970e-03 
8.1739156e-03 -1.1233030e-03 -1.6791370e-03 
7.4359020e-03 1.2421010e-03 -6.2200800e-04 
-7.0371842e-03 -1.2146170e-03 5.1490741e-04 
6.6616861e-03 1.1707580e-04 1.6648130e-03 
-3.0907970e-03 -1.2082830e-03 -1.0613300e-03 
-2.0995820e-03 1.1307910e-03 -9.2688989e-04 
3.5263230e-03 1.1047990e-04 -7.6266931e-04 
2.4386731e-03 -1.2238490e-04 -8.1706228e-04 
6.1172810e-03 -3.0012411e-04 4.8522759e-04 
-3.9023251e-04 1.2425270e-03 -1.7430420e-03 
-4.0587098e-03 1.2212259e-03 -5.3992390e-04 
-3.8191520e-03 -1.2022600e-03 1.5130671e-03 
8.2132630e-03 1.2019950e-04 1.4326440e-03 
1.2035490e-03 1.2781450e-03 -6.6153478e-04 
3.8374651e-03 1.6081661e-04 1.5601730e-03 
3.2916251e-03 -1.1713241e-03 -1.6776070e-03 
-4.7679930e-03 1.0852410e-03 1.7393150e-03 
-2.6114210e-03 -1.1335510e-03 1.2845880e-03 
1.8683471e-03 1.2024470e-03 6.3230260e-04 
-3.8501079e-04 -1.2412840e-03 1.7327880e-03 
5.6063812e-03 -1.2315090e-03 -8.2560908e-04 
-5.1295632e-03 -1.2268940e-03 1.7368650e-03 
4.3621911e-03 -8.2334423e-05 4.0187719e-04 
-3.4357170e-03 1.6853461e-04 -7.0433313e-04 
-6.9741970e-03 1.3167270e-04 6.5939798e-04 
3.4453621e-04 -1.2308030e-03 -1.7314090e-03 
3.5032600e-03 3.9117239e-04 7.6551479e-04 
7.8029931e-04 -1.8717181e-05 4.0257920e-04 
2.6186369e-03 -2.5206979e-04 -1.7272570e-03 
2.7509190e-03 1.2181210e-03 -5.3274469e-04 
-7.0568002e-03 1.2141630e-03 7.2516332e-04 
-7.7546592e-04 -2.5118081e-04 8.9685188e-04 
4.5025670e-03 -1.1898431e-03 -1.6894840e-03 
8.2090273e-03 1.2339150e-03 6.7832501e-04 
-7.7497581e-04 1.2053840e-03 -6.4931478e-04 
2.3152081e-03 2.7215871e-04 1.7373740e-03 
8.2078343e-03 1.2321690e-03 -8.5296208e-04 
7.3271929e-03 -1.8144370e-04 5.3871208e-04 
-2.7901600e-03 3.6319901e-04 1.5582900e-03 
-8.1906002e-03 1.2168300e-03 -7.9084019e-04 
-4.5631821e-03 -1.1749140e-03 -5.1604421e-04 
7.8820437e-04 -2.6930310e-04 1.6468849e-03 
-2.6445340e-03 -3.9615741e-04 6.7657122e-04 
-2.2574549e-03 8.2627148e-04 -1.7126160e-03 
8.6632301e-04 -1.2733460e-03 -8.5052388e-04 
-5.8499142e-03 -1.2946900e-03 -6.6592201e-04 
-4.9078660e-03 1.2236590e-03 -7.3592417e-04 
-8.1204586e-03 -1.1197740e-03 1.7790530e-03 
6.2832022e-03 -1.3125370e-03 -5.6769259e-05 
-7.3619522e-03 1.2713700e-03 -8.3620852e-04 
-2.4572930e-03 1.2417960e-03 9.1458001e-04 
-1.9169770e-03 -1.1013560e-03 1.7680770e-03 
-4.1278610e-03 -1.4616380e-04 -1.7614170e-03 
2.6294379e-03 -1.2856000e-03 5.8073830e-04 
1.3285890e-03 -1.2551300e-03 6.7139033e-04 
-2.7067740e-03 1.3800419e-04 -1.6763540e-03 
1.2292810e-03 3.1275250e-04 1.1019680e-03 
-1.3302880e-03 -1.2704750e-03 6.1724102e-04 
5.1360941e-03 1.2987000e-03 -1.8084670e-03 
-5.7522529e-03 1.2825170e-03 6.8811479e-04 
-4.8237010e-03 1.2829989e-03 8.0316531e-04 
1.1091350e-03 -3.2063451e-04 -8.4535201e-04 
5.1241061e-03 -4.7437330e-05 -7.9556479e-04 
-6.0446248e-03 9.2680828e-04 -1.7908040e-03 
-2.9454389e-04 -1.2649230e-03 5.7433679e-04 
-6.3013602e-03 -1.2022690e-03 8.3500461e-04 
7.0013520e-03 -3.7459211e-04 -8.7548461e-04 
6.6618151e-03 -1.3164370e-03 7.9969759e-04 
-2.8874821e-03 1.2332440e-03 -8.0578990e-04 
-8.2412921e-04 3.0236071e-04 -5.6730642e-04 
-1.1621350e-03 -1.3087899e-03 1.8118720e-03 
4.6497728e-03 -1.3255440e-03 -8.8940811e-04 
-8.3015133e-03 3.1792300e-04 1.5515781e-03 
5.6175869e-03 1.2222950e-03 1.6838080e-03 
-4.1424688e-03 1.2192270e-03 -1.7376340e-03 
-1.0411830e-04 4.0915591e-04 6.8583619e-04 
8.5300149e-04 1.3342900e-03 4.2086060e-05 
-6.4951899e-03 2.0421170e-05 -8.0917001e-04 
3.5527460e-03 1.3290910e-03 -6.7586818e-04 
5.2284780e-03 -1.2724180e-03 1.0587750e-03 

CELLS 3896 19480
4 0 118 515 758
4 2 242 558 713
4 3 556 518 112
4 4 360 756 712
4 6 514 559 117
4 7 716 557 361
4 8 244 207 732
4 9 8 207 732
4 9 10 728 144
4 11 10 215 744
4 13 12 155 582
4 15 14 146 576
4 17 140 686 228
4 18 140 668 686
4 19 18 217 668
4 19 668 217 957
4 20 19 141 569
4 20 141 236 569
4 21 236 219 682
4 22 21 219 671
4 24 142 579 930
4 24 579 678 930
4 25 26 663 232
4 25 579 142 232
4 26 27 574 143
4 27 28 670 218
4 27 218 670 920
4 29 30 568 145
4 30 31 649 211
4 31 32 580 148
4 32 33 689 216
4 35 530 546 1040
4 35 546 156 1040
4 37 534 214 245
4 37 534 245 556
4 38 3 245 518
4 39 154 227 451
4 39 154 451 384
4 40 227 137 377
4 42 456 237 989
4 43 42 139 379
4 43 44 459 225
4 44 371 225 240
4 45 498 240 151
4 46 47 524 208
4 47 149 374 1038
4 47 374 524 1038
4 48 149 229 987
4 48 229 470 987
4 48 374 149 987
4 48 470 374 987
4 49 48 229 470
4 49 229 380 470
4 50 49 147 380
4 50 147 226 380
4 51 50 226 497
4 51 188 243 516
4 51 226 188 497
4 52 51 243 516
4 53 52 150 375
4 54 53 209 496
4 55 56 370 138
4 55 370 507 138
4 57 382 222 153
4 58 59 492 220
4 58 492 382 153
4 60 4 360 756
4 61 729 339 258
4 62 729 258 290
4 62 729 290 741
4 63 5 755 358
4 64 65 385 341
4 67 326 253 948
4 69 302 255 1000
4 69 373 302 1000
4 69 487 373 1000
4 70 69 255 487
4 71 329 338 372
4 73 72 256 483
4 74 73 318 474
4 74 474 318 993
4 75 479 251 320
4 76 472 479 320
4 80 311 381 327
4 80 311 462 381
4 81 80 311 462
4 81 311 252 462
4 82 81 252 368
4 82 252 321 452
4 83 82 321 452
4 83 321 269 383
4 84 83 269 383
4 85 84 342 491
4 86 6 359 559
4 86 87 543 272
4 87 272 259 531
4 88 340 547 531
4 91 90 271 583
4 92 349 260 577
4 97 323 723 96
4 98 570 322 672
4 99 322 263 672
4 100 99 263 578
4 101 667 100 304
4 102 103 695 325
4 104 714 103 266
4 105 694 575 312
4 108 355 566 107
4 109 261 653 108
4 110 348 581 109
4 113 528 552 494
4 114 367 115 544
4 114 494 367 544
4 115 367 529 544
4 116 386 548 490
4 116 490 529 115
4 117 514 559 386
4 119 746 387 118
4 120 495 119 726
4 121 120 742 366
4 121 499 727 122
4 122 448 727 749
4 123 5 502 755
4 123 502 122 749
4 125 545 126 688
4 125 688 584 532
4 127 551 692 527
4 128 691 692 551
4 130 730 757 700
4 130 757 1 700
4 133 725 565 693
4 134 731 747 1004
4 134 747 133 693
4 136 23 22 567
4 136 186 223 921
4 136 210 23 567
4 136 210 567 921
4 136 223 210 921
4 137 41 40 377
4 137 160 161 859
4 137 160 859 903
4 137 227 160 903
4 137 237 41 377
4 137 237 377 859
4 137 377 227 903
4 137 859 377 903
4 138 198 200 836
4 138 198 898 204
4 138 200 222 964
4 138 507 898 1047
4 138 836 200 964
4 138 836 370 1047
4 138 898 836 1047
4 139 164 165 989
4 139 165 815 989
4 139 225 379 979
4 139 379 42 989
4 139 815 166 979
4 139 815 979 989
4 139 979 379 989
4 140 18 17 686
4 140 217 18 668
4 140 668 686 849
4 140 855 686 228
4 141 213 830 957
4 141 236 569 830
4 141 241 213 957
4 141 569 19 957
4 142 176 173 823
4 142 823 579 930
4 143 26 232 963
4 143 174 218 920
4 143 574 26 963
4 143 920 574 963
4 144 10 728 215
4 144 203 215 980
4 144 205 203 893
4 144 893 203 980
4 145 231 211 838
4 145 248 231 838
4 145 568 29 234
4 145 838 568 984
4 146 14 212 586
4 146 202 821 952
4 146 206 15 1041
4 146 212 202 952
4 147 226 380 886
4 148 157 216 868
4 149 179 181 987
4 149 208 247 1038
4 149 987 374 1038
4 150 209 53 496
4 150 375 243 872
4 151 221 208 1019
4 152 35 156 1040
4 152 36 35 530
4 152 157 158 1040
4 152 158 833 1040
4 152 530 35 1040
4 152 833 530 1040
4 153 58 492 220
4 153 220 492 943
4 153 250 205 943
4 154 38 245 384
4 154 39 38 384
4 154 227 451 903
4 154 451 384 903
4 154 903 384 1015
4 155 12 246 582
4 155 212 13 582
4 155 212 582 952
4 155 215 238 907
4 155 238 212 952
4 155 582 246 907
4 155 582 907 952
4 155 907 238 952
4 156 216 157 888
4 156 546 888 1040
4 157 152 156 1040
4 157 156 888 1040
4 157 216 868 888
4 157 888 868 926
4 157 888 926 1040
4 158 154 214 1015
4 158 157 926 1040
4 158 160 154 903
4 158 214 152 833
4 158 214 833 1015
4 158 833 903 1015
4 158 903 154 1015
4 158 903 833 926
4 158 926 833 1040
4 159 158 157 926
4 160 158 159 926
4 160 159 161 926
4 160 161 788 926
4 160 788 161 859
4 160 788 903 926
4 160 903 158 926
4 161 159 858 926
4 161 164 137 859
4 161 788 858 859
4 161 858 163 859
4 161 858 788 926
4 162 159 230 926
4 162 161 159 858
4 162 211 231 838
4 162 230 858 926
4 162 858 159 926
4 162 858 230 868
4 163 161 162 858
4 163 859 858 881
4 164 139 237 989
4 164 161 163 859
4 164 163 165 881
4 164 237 137 859
4 164 237 859 989
4 164 859 163 881
4 164 859 881 989
4 164 881 165 989
4 165 163 224 881
4 165 166 139 815
4 165 167 815 881
4 165 224 167 881
4 165 881 815 989
4 166 168 169 979
4 167 166 165 815
4 167 166 815 882
4 167 168 166 882
4 167 174 168 882
4 167 224 175 881
4 167 790 881 984
4 167 881 175 984
4 168 166 882 979
4 168 785 169 979
4 168 882 171 1006
4 168 882 785 979
4 169 168 170 785
4 169 785 170 985
4 169 979 785 985
4 170 151 985 1019
4 170 168 171 1006
4 170 785 168 1006
4 170 841 785 1006
4 170 985 841 1019
4 171 168 174 882
4 171 920 143 963
4 172 170 171 1006
4 172 841 170 1006
4 172 841 823 911
4 173 171 143 963
4 173 171 963 1006
4 173 172 171 1006
4 173 823 172 1006
4 173 963 823 1006
4 174 143 171 920
4 174 167 175 882
4 174 171 882 1006
4 174 882 175 920
4 174 882 920 1006
4 174 920 171 1006
4 175 248 234 984
4 175 920 882 984
4 176 172 173 823
4 176 172 823 911
4 176 177 172 911
4 176 823 142 930
4 176 911 823 930
4 178 177 176 911
4 178 223 180 940
4 179 177 178 911
4 179 178 180 940
4 179 247 177 911
4 179 809 247 911
4 179 809 911 940
4 179 809 940 1038
4 179 911 178 940
4 179 940 987 1038
4 179 987 149 1038
4 181 147 229 886
4 181 179 180 940
4 181 179 940 987
4 181 180 182 1009
4 181 182 147 886
4 181 182 886 1009
4 181 229 149 987
4 181 794 886 987
4 181 794 940 1009
4 181 886 229 987
4 181 886 794 1009
4 181 940 180 1009
4 181 940 794 987
4 182 180 186 1009
4 182 183 147 886
4 182 183 886 1009
4 182 184 183 1009
4 183 184 185 967
4 183 892 886 1009
4 183 967 892 1009
4 184 186 187 1009
4 184 830 213 967
4 184 830 967 1024
4 184 967 183 1009
4 184 967 1009 1024
4 185 184 213 967
4 185 189 188 808
4 185 189 808 1003
4 185 190 189 1003
4 185 808 967 1003
4 186 184 182 1009
4 186 828 187 1009
4 186 828 223 921
4 187 184 1009 1024
4 187 213 184 830
4 187 828 186 941
4 187 828 941 1024
4 187 830 184 1024
4 187 941 830 1024
4 187 1009 828 1024
4 188 183 185 967
4 188 185 808 967
4 188 226 183 892
4 188 243 516 892
4 188 516 497 892
4 188 808 243 892
4 188 808 892 967
4 188 892 183 967
4 189 190 191 895
4 189 235 150 872
4 189 872 808 895
4 189 895 808 1003
4 190 213 241 1003
4 190 895 189 1003
4 191 190 192 895
4 191 193 194 982
4 192 191 895 982
4 192 193 191 982
4 192 217 140 849
4 192 217 849 957
4 192 241 217 957
4 192 786 849 895
4 192 849 193 982
4 192 849 786 957
4 192 895 190 1003
4 192 895 849 982
4 193 192 140 849
4 193 849 196 982
4 194 204 209 898
4 194 209 872 898
4 194 835 195 898
4 194 898 872 982
4 195 194 193 982
4 195 835 194 982
4 195 835 197 935
4 196 193 140 849
4 196 849 140 855
4 197 195 196 835
4 197 196 206 855
4 197 835 196 855
4 197 835 855 935
4 197 855 206 1041
4 197 935 855 1041
4 198 195 197 935
4 198 195 898 204
4 198 199 200 935
4 198 200 836 935
4 198 835 195 935
4 198 836 835 935
4 198 836 898 835
4 199 197 233 935
4 199 198 197 935
4 199 202 201 971
4 199 233 202 971
4 199 935 233 971
4 200 935 199 971
4 200 971 250 964
4 201 200 199 971
4 201 203 205 893
4 201 943 205 250
4 202 203 201 971
4 202 233 146 821
4 202 238 203 971
4 202 821 952 971
4 202 952 238 971
4 203 779 907 980
4 203 893 201 971
4 203 893 779 980
4 203 907 215 980
4 203 952 893 971
4 204 194 195 898
4 205 144 207 893
4 205 893 207 925
4 205 943 201 893
4 206 16 15 652
4 206 652 15 1041
4 207 732 244 925
4 207 893 144 980
4 207 925 893 980
4 208 46 151 1019
4 208 47 524 1038
4 208 149 47 1038
4 208 524 46 1019
4 208 524 1019 1038
4 208 1019 247 1038
4 209 235 194 872
4 209 496 150 872
4 210 24 678 930
4 210 142 24 930
4 210 223 249 930
4 210 249 142 930
4 210 678 23 567
4 210 921 223 930
4 211 31 580 148
4 211 162 230 868
4 211 230 148 868
4 211 649 30 145
4 211 649 145 838
4 211 649 838 868
4 211 838 162 868
4 212 14 13 586
4 212 146 586 952
4 213 185 967 1003
4 213 187 236 830
4 213 190 185 1003
4 213 957 241 1003
4 213 967 830 1003
4 214 534 530 833
4 215 10 728 744
4 215 728 144 980
4 216 156 242 888
4 216 689 32 148
4 217 141 19 957
4 217 668 140 849
4 217 668 849 957
4 218 27 143 920
4 218 174 175 920
4 218 175 234 984
4 218 234 669 984
4 218 669 670 984
4 218 670 920 984
4 218 920 175 984
4 219 136 22 567
4 219 186 136 921
4 219 186 921 941
4 219 187 186 941
4 219 236 187 941
4 219 682 236 941
4 220 59 492 244
4 220 153 205 943
4 220 205 207 925
4 220 205 925 943
4 220 207 244 925
4 220 925 492 943
4 221 151 170 1019
4 221 170 172 841
4 221 170 841 1019
4 221 177 247 1019
4 221 841 911 1019
4 221 911 177 1019
4 222 200 250 964
4 222 250 153 964
4 222 370 56 138
4 222 370 138 964
4 222 382 455 964
4 223 178 249 930
4 223 178 930 940
4 223 186 180 940
4 223 780 921 940
4 223 828 186 940
4 223 921 780 930
4 223 921 828 940
4 223 930 780 940
4 224 175 881 984
4 224 248 175 984
4 224 881 248 984
4 225 139 166 979
4 225 166 169 979
4 225 371 459 979
4 226 147 183 886
4 226 188 497 892
4 226 380 886 892
4 226 497 380 892
4 226 886 183 892
4 227 40 39 451
4 227 40 451 377
4 227 154 160 903
4 228 16 206 571
4 228 17 16 571
4 228 196 140 855
4 228 206 196 855
4 228 206 855 1041
4 228 571 206 1041
4 228 686 17 571
4 228 855 571 1041
4 229 147 49 380
4 230 157 148 868
4 230 157 868 926
4 230 159 157 926
4 230 868 858 926
4 231 162 838 858
4 231 163 162 858
4 231 163 858 881
4 231 224 163 881
4 231 248 224 881
4 231 838 248 881
4 231 858 838 881
4 232 173 143 963
4 233 146 821 1041
4 233 197 206 1041
4 233 206 146 1041
4 233 821 202 971
4 233 821 935 1041
4 233 935 197 1041
4 233 935 821 971
4 234 145 568 984
4 234 248 145 984
4 234 669 28 218
4 235 189 191 895
4 235 191 194 982
4 235 194 872 982
4 235 209 150 872
4 235 872 189 895
4 235 872 895 982
4 235 895 191 982
4 236 21 20 682
4 236 141 213 830
4 236 682 569 830
4 236 830 187 941
4 237 42 41 456
4 237 139 42 989
4 237 456 377 859
4 238 202 212 952
4 238 215 203 907
4 238 952 203 971
4 239 55 507 138
4 239 204 138 898
4 239 209 204 898
4 239 464 209 898
4 239 507 464 898
4 240 151 498 985
4 240 169 170 985
4 240 170 151 985
4 240 371 979 985
4 240 979 169 985
4 241 141 217 957
4 241 192 190 1003
4 241 957 192 1003
4 242 2 33 713
4 242 33 689 713
4 242 34 2 558
4 242 546 558 888
4 242 689 33 216
4 243 150 52 375
4 243 188 189 808
4 243 189 150 872
4 243 375 504 872
4 243 504 516 808
4 243 504 808 872
4 243 516 504 375
4 243 808 189 872
4 243 808 516 892
4 244 8 758 732
4 244 732 758 925
4 245 3 37 556
4 245 154 384 1015
4 245 214 154 1015
4 245 534 214 1015
4 246 12 757 700
4 246 215 155 907
4 246 700 757 907
4 246 757 744 907
4 247 179 149 1038
4 247 208 221 1019
4 247 809 179 1038
4 247 1019 809 1038
4 248 838 145 984
4 248 881 838 984
4 249 176 142 930
4 249 178 176 911
4 249 178 911 930
4 249 911 176 930
4 250 201 943 971
4 250 943 153 964
4 250 971 200 201
4 251 75 74 369
4 251 333 320 843
4 251 369 74 993
4 251 479 75 369
4 252 82 368 452
4 252 346 321 857
4 253 326 351 948
4 253 948 364 1000
4 254 95 303 1042
4 254 303 354 1042
4 254 323 665 1042
4 254 354 286 1042
4 254 665 697 1042
4 254 697 95 1042
4 255 70 487 983
4 255 302 343 1000
4 255 329 70 983
4 255 343 983 1000
4 256 332 319 873
4 256 483 338 884
4 256 873 483 884
4 257 324 376 902
4 257 334 347 902
4 257 347 324 902
4 257 376 472 902
4 258 291 290 904
4 259 88 87 531
4 259 274 340 916
4 259 531 272 916
4 260 93 92 577
4 260 349 276 887
4 260 356 93 577
4 260 356 577 1031
4 260 577 349 887
4 260 577 887 1031
4 260 887 276 1031
4 262 107 705 1026
4 262 300 299 1026
4 262 344 300 814
4 262 659 344 814
4 262 705 106 659
4 262 705 107 106
4 262 814 300 1026
4 263 100 578 977
4 263 304 100 977
4 263 306 305 977
4 263 672 322 840
4 263 840 306 977
4 264 102 695 325
4 264 309 310 856
4 264 310 325 870
4 264 325 695 870
4 264 695 573 870
4 264 856 310 870
4 265 323 362 877
4 265 323 723 97
4 265 362 328 1011
4 265 723 323 877
4 265 877 362 1011
4 266 104 714 312
4 266 313 312 961
4 266 792 313 961
4 266 870 792 961
4 267 475 78 324
4 267 475 324 816
4 267 475 816 972
4 267 929 475 972
4 268 341 291 965
4 268 385 65 341
4 269 273 342 934
4 269 342 84 491
4 269 342 491 934
4 269 352 273 934
4 270 339 360 928
4 270 690 111 110
4 270 910 292 928
4 271 274 887 923
4 271 340 274 923
4 271 349 648 887
4 271 583 361 923
4 272 87 543 531
4 272 531 543 916
4 272 916 543 933
4 273 259 272 916
4 273 274 259 916
4 273 275 274 861
4 273 352 861 934
4 273 803 861 916
4 273 803 916 933
4 273 861 274 916
4 273 861 803 934
4 273 916 272 933
4 273 933 342 934
4 274 276 271 887
4 274 340 916 923
4 274 861 784 916
4 274 916 784 923
4 275 273 352 861
4 275 861 285 890
4 276 274 275 861
4 276 274 861 887
4 276 277 260 1031
4 276 887 861 1031
4 277 275 285 890
4 277 276 275 861
4 277 276 861 1031
4 277 278 260 1031
4 277 285 279 890
4 277 861 275 890
4 277 861 890 1031
4 278 277 890 1031
4 278 303 356 866
4 278 356 260 1031
4 278 866 356 1031
4 278 866 890 922
4 278 890 277 279
4 278 890 279 922
4 278 890 866 1031
4 280 278 279 922
4 280 282 354 922
4 280 354 866 922
4 280 866 278 922
4 281 279 346 922
4 281 280 279 922
4 281 922 363 1020
4 282 280 281 922
4 282 354 922 1020
4 282 922 281 1020
4 283 281 363 1020
4 283 282 281 1020
4 283 311 796 857
4 283 363 311 857
4 283 796 311 929
4 283 796 929 1020
4 283 857 1020 363
4 283 1020 857 796
4 284 282 283 1020
4 284 286 844 1023
4 284 287 286 1023
4 284 288 287 1023
4 284 844 286 1020
4 284 844 288 1023
4 285 275 352 861
4 285 800 861 934
4 285 861 352 934
4 285 861 800 890
4 286 282 284 1020
4 286 362 323 877
4 286 844 795 1020
4 286 877 844 1023
4 286 1023 362 877
4 286 1042 1020 795
4 287 289 1011 1023
4 287 328 362 1011
4 287 1011 362 1023
4 288 267 816 972
4 288 357 267 929
4 288 816 844 972
4 288 844 357 929
4 288 844 816 1023
4 289 287 288 1023
4 289 288 816 1023
4 289 350 328 867
4 289 816 867 1023
4 290 63 62 741
4 290 358 741 968
4 290 729 258 904
4 290 741 729 904
4 291 258 292 904
4 291 290 904 968
4 291 292 863 904
4 291 293 353 863
4 291 341 290 968
4 291 798 863 965
4 291 798 965 968
4 291 863 353 965
4 291 863 798 904
4 291 904 798 968
4 291 965 341 968
4 292 258 339 904
4 292 294 293 863
4 292 294 863 910
4 292 783 904 928
4 292 863 783 910
4 292 904 339 928
4 292 910 783 928
4 293 291 292 863
4 293 296 353 863
4 294 292 270 910
4 295 261 298 949
4 295 293 294 863
4 295 294 261 949
4 295 298 297 947
4 295 298 947 949
4 295 863 294 949
4 295 947 863 949
4 296 293 295 863
4 296 295 297 947
4 296 326 353 812
4 296 812 353 863
4 296 812 863 947
4 296 863 295 947
4 297 298 299 905
4 297 298 905 947
4 297 301 351 947
4 297 905 301 947
4 299 298 262 1026
4 299 301 297 905
4 299 905 298 1026
4 300 337 842 891
4 300 842 814 891
4 300 905 299 1026
4 301 364 351 947
4 301 813 364 947
4 301 842 813 905
4 301 905 813 947
4 302 253 364 1000
4 302 373 68 253
4 302 373 253 1000
4 303 95 94 572
4 303 278 280 866
4 303 280 354 866
4 303 572 356 866
4 303 866 354 1042
4 304 305 309 977
4 304 309 264 856
4 304 309 856 977
4 305 304 263 977
4 305 856 309 977
4 305 909 856 977
4 306 263 322 840
4 306 328 350 951
4 306 350 307 951
4 306 840 328 951
4 306 840 951 977
4 306 951 305 977
4 307 305 306 951
4 307 308 305 909
4 307 350 334 951
4 307 909 305 951
4 308 333 335 909
4 308 909 335 936
4 309 305 308 909
4 309 308 330 936
4 309 310 856 936
4 309 330 310 936
4 309 856 305 909
4 309 856 909 936
4 309 909 308 936
4 310 314 870 880
4 310 331 314 880
4 310 870 856 936
4 310 880 870 936
4 311 252 462 857
4 311 363 252 857
4 311 796 857 929
4 311 857 462 929
4 312 345 344 961
4 312 714 961 575
4 312 961 714 266
4 313 266 314 870
4 313 314 792 870
4 313 316 345 891
4 313 345 312 961
4 313 792 266 870
4 313 792 891 961
4 313 891 345 961
4 314 313 792 880
4 314 315 313 880
4 314 325 310 870
4 315 313 880 996
4 315 316 313 996
4 316 337 345 891
4 316 891 313 996
4 317 316 315 996
4 317 332 338 884
4 317 336 316 996
4 317 884 329 983
4 317 983 336 996
4 318 73 256 474
4 318 251 74 993
4 318 256 319 873
4 318 335 251 993
4 318 474 256 873
4 318 873 335 993
4 319 331 330 936
4 319 335 318 873
4 319 873 332 880
4 319 873 880 936
4 319 880 331 936
4 320 257 472 902
4 320 334 257 902
4 320 843 334 902
4 321 83 452 383
4 321 269 383 934
4 321 285 352 934
4 321 352 269 934
4 321 800 285 934
4 322 99 98 672
4 322 265 328 1011
4 322 328 840 1011
4 322 570 98 265
4 322 570 265 1011
4 323 254 665 96
4 323 877 665 1042
4 324 288 267 816
4 324 376 77 257
4 324 816 376 902
4 325 103 714 266
4 325 266 714 870
4 325 314 266 870
4 326 66 388 378
4 326 388 66 268
4 326 812 296 948
4 326 812 378 965
4 327 267 357 929
4 327 283 311 929
4 327 311 381 929
4 327 381 475 929
4 327 475 79 267
4 328 287 289 1011
4 328 289 867 1011
4 328 306 322 840
4 328 867 350 951
4 328 867 840 1011
4 329 71 70 471
4 329 71 471 372
4 330 308 335 936
4 330 331 310 936
4 331 315 314 880
4 331 319 332 880
4 331 880 310 936
4 332 256 338 884
4 332 315 331 880
4 332 315 880 996
4 332 317 315 996
4 332 873 256 884
4 332 880 873 884
4 332 880 884 996
4 332 884 317 996
4 333 307 334 951
4 333 308 307 909
4 333 334 320 843
4 333 334 843 951
4 333 843 251 993
4 333 843 909 951
4 333 909 307 951
4 333 909 843 993
4 334 350 347 902
4 334 902 843 951
4 335 319 330 936
4 335 333 251 993
4 335 873 319 936
4 335 873 936 993
4 335 909 333 993
4 336 317 329 983
4 336 329 255 983
4 336 337 316 891
4 336 343 337 842
4 336 842 337 891
4 336 842 891 983
4 336 891 316 996
4 336 983 891 996
4 338 72 71 372
4 338 256 72 483
4 338 329 317 884
4 338 372 329 884
4 339 270 292 928
4 340 88 259 531
4 340 89 88 547
4 340 271 361 923
4 340 531 259 916
4 341 358 290 968
4 341 385 64 358
4 342 272 359 933
4 342 273 272 933
4 342 359 85 491
4 342 359 491 933
4 342 933 491 934
4 343 301 365 842
4 343 301 842 1000
4 343 302 364 1000
4 343 336 255 983
4 343 364 301 1000
4 343 365 337 842
4 343 842 336 983
4 343 842 983 1000
4 345 300 344 814
4 345 300 814 891
4 345 337 300 891
4 345 814 344 961
4 345 891 814 961
4 346 252 363 857
4 346 279 285 890
4 346 279 890 922
4 346 285 321 800
4 346 285 800 890
4 346 800 321 857
4 346 800 857 890
4 346 890 857 922
4 347 288 324 816
4 347 289 288 816
4 347 289 816 867
4 347 350 289 867
4 347 816 324 902
4 347 867 816 902
4 348 261 653 109
4 348 294 270 910
4 348 294 949 261
4 348 949 294 910
4 349 91 271 648
4 349 92 91 648
4 349 92 648 577
4 349 271 276 887
4 350 867 347 902
4 350 902 334 951
4 351 296 297 947
4 351 296 947 948
4 351 326 296 948
4 353 268 291 965
4 353 326 268 965
4 353 812 326 965
4 353 863 812 965
4 354 286 1020 282
4 355 107 262 1026
4 355 262 298 1026
4 355 298 261 949
4 355 298 949 1026
4 355 653 261 108
4 356 94 93 654
4 356 303 94 572
4 356 572 654 866
4 356 654 577 1031
4 356 866 654 1031
4 357 283 327 929
4 357 283 929 1020
4 357 284 283 1020
4 357 288 284 844
4 357 844 284 1020
4 357 929 844 1020
4 359 6 514 559
4 359 514 85 491
4 359 543 559 933
4 360 4 111 712
4 360 690 270 928
4 360 712 690 928
4 360 745 756 928
4 361 90 716 583
4 361 271 90 583
4 361 547 340 923
4 361 557 547 923
4 361 583 716 923
4 362 1011 877 1023
4 362 1023 286 287
4 363 281 346 922
4 363 346 857 922
4 364 253 351 948
4 364 813 301 1000
4 364 948 813 1000
4 365 299 300 905
4 365 300 337 842
4 365 300 842 905
4 365 301 299 905
4 365 842 301 905
4 367 509 450 944
4 367 529 490 115
4 367 544 494 931
4 367 544 931 944
4 368 460 445 857
4 368 462 252 857
4 369 251 843 993
4 369 474 74 993
4 369 481 482 993
4 369 482 474 993
4 369 843 481 993
4 370 222 455 964
4 370 455 506 964
4 370 836 138 964
4 370 836 964 1047
4 370 964 506 1047
4 371 44 45 240
4 371 459 44 225
4 372 338 72 483
4 372 338 483 884
4 372 486 471 884
4 373 68 69 302
4 373 1000 488 1039
4 374 47 48 149
4 374 470 520 987
4 374 520 469 987
4 375 150 53 496
4 375 478 504 872
4 376 77 78 324
4 376 324 475 816
4 376 472 77 257
4 376 816 475 972
4 377 237 41 456
4 377 456 512 859
4 377 859 512 1033
4 378 66 67 326
4 378 326 67 948
4 378 812 326 948
4 379 139 43 225
4 379 456 42 989
4 379 522 523 989
4 380 229 147 886
4 380 470 229 886
4 380 517 519 886
4 381 79 80 327
4 381 311 462 929
4 381 480 446 929
4 382 57 58 153
4 382 153 492 943
4 382 153 943 964
4 382 222 153 964
4 382 455 57 222
4 382 492 500 943
4 382 500 503 943
4 382 503 455 964
4 382 943 503 964
4 383 269 84 491
4 383 443 452 934
4 383 444 443 934
4 383 452 321 934
4 384 493 518 1015
4 384 518 245 1015
4 384 931 493 1015
4 385 268 388 965
4 385 341 268 965
4 385 341 965 968
4 385 358 341 968
4 385 502 64 358
4 385 965 447 968
4 386 510 491 933
4 387 492 515 925
4 388 65 66 268
4 388 268 326 965
4 388 326 378 965
4 388 385 65 268
4 389 378 812 965
4 389 388 378 965
4 389 812 378 948
4 389 945 812 988
4 390 378 454 948
4 390 389 378 948
4 390 389 812 988
4 390 391 389 988
4 390 454 485 948
4 390 812 389 948
4 391 395 457 1016
4 391 457 389 945
4 391 457 945 1016
4 391 945 389 988
4 391 945 988 1016
4 392 391 390 988
4 392 391 988 1016
4 392 393 391 1016
4 392 988 485 1039
4 392 988 915 1016
4 393 392 394 915
4 393 392 915 1016
4 393 394 889 915
4 393 889 431 1016
4 393 915 889 1016
4 394 392 396 915
4 394 396 397 915
4 394 397 805 915
4 395 391 393 1016
4 395 393 431 1016
4 395 845 457 1016
4 395 845 1016 1035
4 395 1016 431 1035
4 396 392 485 1039
4 396 847 397 915
4 396 847 915 1039
4 396 915 392 1039
4 397 398 399 847
4 397 399 430 959
4 397 805 847 959
4 397 847 399 959
4 397 847 805 915
4 398 396 488 1039
4 398 397 396 847
4 398 400 847 900
4 398 429 400 900
4 398 488 429 900
4 398 488 900 1039
4 398 847 396 1039
4 398 900 847 1039
4 399 400 401 826
4 399 401 478 1021
4 399 478 959 1021
4 399 826 401 1021
4 399 847 826 959
4 399 959 826 1021
4 400 399 398 847
4 400 401 826 932
4 400 402 401 932
4 400 429 486 932
4 400 826 399 847
4 400 826 847 900
4 400 826 900 932
4 401 402 403 1021
4 401 403 465 1021
4 401 826 932 1021
4 401 932 402 1021
4 402 400 486 932
4 402 486 484 932
4 402 854 403 1021
4 402 932 854 1021
4 403 404 405 854
4 403 854 405 1022
4 403 854 465 1021
4 403 1022 465 854
4 404 402 484 932
4 404 403 402 854
4 404 484 802 932
4 404 802 484 1012
4 404 802 854 932
4 404 825 405 854
4 404 825 802 1012
4 404 854 402 932
4 405 407 476 919
4 405 825 407 919
4 405 825 919 1022
4 405 854 825 1022
4 406 405 404 825
4 406 407 825 871
4 406 408 407 871
4 406 408 871 1012
4 406 482 408 1012
4 406 825 404 1012
4 406 871 825 1012
4 407 405 406 825
4 407 408 409 871
4 407 409 434 1032
4 407 434 919 1032
4 407 825 871 919
4 407 871 409 1032
4 407 919 871 1032
4 408 871 481 954
4 409 408 410 871
4 409 410 817 954
4 409 817 871 954
4 409 871 410 954
4 409 871 817 1032
4 410 408 481 954
4 410 871 408 954
4 411 409 410 817
4 411 409 817 1032
4 411 412 413 1025
4 411 469 409 1032
4 411 817 410 954
4 411 817 954 1025
4 411 817 1025 1032
4 411 1025 469 1032
4 412 411 410 954
4 412 427 473 865
4 412 865 413 1025
4 413 415 433 853
4 413 467 411 1025
4 413 853 467 1025
4 413 865 853 1025
4 414 412 473 865
4 414 413 412 865
4 414 415 413 865
4 414 473 816 865
4 414 801 415 865
4 414 801 865 972
4 414 865 816 972
4 415 417 461 942
4 415 433 853 985
4 415 461 433 985
4 415 801 416 942
4 415 853 413 865
4 415 853 801 942
4 415 853 942 985
4 415 942 461 985
4 416 415 414 801
4 416 446 418 875
4 416 446 875 972
4 416 489 446 972
4 416 801 414 972
4 416 875 801 972
4 417 415 416 942
4 418 480 420 1008
4 418 875 480 1008
4 419 417 418 942
4 419 418 875 942
4 419 436 417 942
4 419 846 436 942
4 419 846 875 1008
4 419 875 418 1008
4 419 875 846 942
4 420 419 418 1008
4 421 419 420 1008
4 421 818 422 901
4 421 818 901 1008
4 421 846 419 1008
4 421 901 846 1008
4 422 421 420 1008
4 422 818 421 1008
4 422 901 818 1013
4 423 421 422 901
4 423 424 425 829
4 423 435 421 901
4 423 829 425 1033
4 423 829 901 1013
4 423 901 422 1013
4 423 901 829 1033
4 424 422 460 1013
4 424 423 422 1013
4 424 443 906 1013
4 424 829 423 1013
4 424 906 829 1013
4 425 970 438 1033
4 426 424 443 906
4 426 425 424 829
4 426 425 829 906
4 426 425 906 970
4 426 437 425 970
4 426 444 450 906
4 426 829 424 906
4 426 906 437 970
4 427 412 410 954
4 427 481 479 843
4 427 843 902 954
4 427 865 412 954
4 427 902 865 954
4 428 404 484 1012
4 428 406 404 1012
4 428 484 483 873
4 428 873 474 1012
4 429 400 900 932
4 429 486 932 983
4 429 488 487 900
4 429 900 487 983
4 429 932 900 983
4 430 399 478 959
4 430 478 508 959
4 430 508 898 959
4 431 439 395 1035
4 431 477 506 889
4 431 889 506 964
4 431 1016 889 1035
4 432 403 405 1022
4 433 468 853 1019
4 433 521 468 985
4 433 853 985 1019
4 433 985 468 1019
4 434 520 987 1032
4 434 886 519 919
4 434 987 794 1032
4 435 453 512 1033
4 435 512 859 1033
4 435 859 512 989
4 435 901 423 1033
4 435 901 859 989
4 436 461 417 942
4 436 815 458 979
4 436 846 815 979
4 436 942 846 979
4 437 509 441 970
4 437 820 509 970
4 437 906 450 944
4 437 906 820 970
4 438 425 437 970
4 438 970 903 1033
4 439 431 503 1035
4 439 503 943 1035
4 439 810 442 845
4 440 439 442 845
4 440 442 526 810
4 440 442 810 845
4 440 449 457 945
4 440 457 395 845
4 440 457 845 945
4 440 845 810 869
4 441 438 437 970
4 441 493 384 931
4 441 494 493 931
4 441 509 494 931
4 441 509 931 970
4 442 387 495 925
4 442 495 810 925
4 442 500 387 925
4 442 810 500 925
4 443 460 452 800
4 443 800 452 934
4 444 426 443 906
4 444 450 906 944
4 444 803 510 944
4 444 803 906 934
4 444 906 443 934
4 444 906 803 944
4 444 933 803 934
4 445 422 420 1008
4 445 422 1008 1013
4 445 460 422 1013
4 445 480 857 1008
4 445 857 460 1013
4 445 1008 857 1013
4 446 475 929 972
4 446 480 418 875
4 446 480 875 929
4 446 489 475 972
4 446 929 875 972
4 447 385 388 965
4 447 388 389 965
4 447 389 945 965
4 447 449 448 798
4 447 945 798 965
4 447 965 798 968
4 448 122 502 749
4 448 385 447 968
4 448 447 798 968
4 448 502 385 968
4 448 727 499 122
4 448 727 749 968
4 448 749 502 968
4 448 798 449 869
4 448 798 727 968
4 449 366 499 869
4 449 440 869 945
4 449 447 457 945
4 449 526 366 869
4 449 798 447 945
4 449 869 798 945
4 450 437 426 906
4 450 444 510 944
4 450 490 367 944
4 450 510 490 944
4 451 227 377 903
4 451 377 511 903
4 451 513 384 903
4 452 252 857 368
4 452 321 800 857
4 452 460 368 857
4 452 800 321 934
4 452 800 460 857
4 452 857 252 321
4 453 423 425 1033
4 453 425 438 1033
4 453 435 423 1033
4 453 438 511 1033
4 454 67 68 253
4 454 67 253 948
4 454 68 373 253
4 454 253 373 1000
4 454 378 67 948
4 454 948 253 1000
4 455 56 57 222
4 455 370 56 222
4 456 379 523 989
4 456 859 237 989
4 457 447 389 945
4 458 419 421 846
4 458 421 435 901
4 458 435 523 901
4 458 436 419 846
4 458 815 436 846
4 458 815 846 901
4 458 815 901 989
4 458 846 421 901
4 458 901 523 989
4 459 379 43 225
4 459 379 225 979
4 459 522 379 979
4 460 443 424 1013
4 460 800 443 1013
4 461 436 525 979
4 461 525 521 985
4 461 785 942 979
4 461 785 979 985
4 461 942 436 979
4 461 942 785 985
4 461 979 525 985
4 462 252 81 368
4 462 368 445 857
4 462 445 480 857
4 462 480 381 929
4 462 480 796 857
4 462 796 480 929
4 462 857 796 929
4 463 394 397 805
4 463 394 805 1047
4 463 397 430 959
4 463 430 898 959
4 463 477 394 1047
4 463 805 397 959
4 463 898 805 959
4 464 209 54 239
4 464 430 508 898
4 464 463 430 898
4 464 496 209 898
4 465 432 466 892
4 465 432 892 1022
4 465 466 808 892
4 465 478 401 1021
4 465 504 478 1021
4 465 808 504 1021
4 465 892 808 1021
4 465 892 1021 1022
4 465 1021 854 1022
4 465 1022 403 432
4 466 432 517 892
4 466 504 808 892
4 466 516 504 892
4 466 517 497 892
4 467 413 433 853
4 467 433 468 853
4 467 469 411 1025
4 467 853 468 1019
4 467 853 1019 1025
4 468 151 46 1019
4 468 505 467 1019
4 469 374 987 1038
4 469 434 409 1032
4 469 467 505 1025
4 469 505 374 1038
4 469 1025 505 1038
4 469 1025 987 1032
4 470 229 886 987
4 470 380 519 886
4 470 519 520 987
4 470 886 519 987
4 471 70 329 983
4 471 329 372 884
4 471 329 884 983
4 471 429 487 983
4 471 486 429 983
4 471 487 70 983
4 471 884 486 983
4 472 76 77 257
4 472 76 257 320
4 472 473 427 902
4 472 479 320 902
4 473 376 816 902
4 473 472 376 902
4 473 816 865 902
4 473 865 427 902
4 474 73 256 483
4 474 483 256 873
4 474 873 318 993
4 475 78 79 267
4 475 79 381 327
4 475 267 327 929
4 475 376 78 324
4 475 381 446 929
4 476 405 919 1022
4 476 407 434 919
4 476 432 405 1022
4 476 434 519 919
4 476 519 886 919
4 476 919 886 1022
4 477 393 394 889
4 477 431 393 889
4 477 463 501 1047
4 477 501 506 1047
4 477 506 889 1047
4 477 889 394 1047
4 478 504 872 1021
4 478 872 508 959
4 478 872 959 1021
4 479 75 76 320
4 479 251 320 843
4 479 369 251 843
4 479 427 843 902
4 479 472 427 902
4 479 843 320 902
4 480 445 420 1008
4 481 369 479 843
4 481 427 410 954
4 481 843 427 954
4 481 843 871 993
4 481 871 482 993
4 481 871 843 954
4 482 406 428 1012
4 482 428 474 1012
4 482 474 993 1012
4 482 481 408 871
4 482 871 408 1012
4 483 474 428 873
4 483 484 372 884
4 483 873 484 884
4 484 486 372 884
4 484 873 802 884
4 484 884 802 932
4 484 1012 873 428
4 485 373 488 1039
4 485 390 948 988
4 485 392 390 988
4 485 454 373 1000
4 485 488 396 1039
4 485 813 948 1000
4 485 813 1000 1039
4 485 948 454 1000
4 485 948 813 988
4 485 1000 373 1039
4 486 884 484 932
4 487 69 255 1000
4 487 255 983 1000
4 487 983 900 1000
4 488 373 487 1000
4 488 487 900 1000
4 488 1000 900 1039
4 489 376 475 972
4 489 414 473 816
4 489 414 816 972
4 489 416 414 972
4 489 473 376 816
4 489 816 376 972
4 490 386 548 933
4 490 510 386 933
4 490 510 933 944
4 490 529 367 944
4 491 359 514 933
4 491 383 269 934
4 491 444 383 934
4 491 514 386 933
4 491 933 444 934
4 492 220 244 925
4 492 244 515 925
4 492 387 500 925
4 492 925 500 943
4 493 112 518 552
4 493 494 552 931
4 493 552 518 1015
4 493 931 552 1015
4 494 113 528 114
4 494 544 528 931
4 495 119 726 746
4 495 119 746 387
4 495 120 742 726
4 495 366 526 869
4 495 742 120 366
4 495 742 366 869
4 495 810 726 869
4 496 209 54 464
4 496 375 150 872
4 496 508 375 872
4 496 872 209 898
4 496 898 508 872
4 497 50 226 380
4 497 517 380 892
4 498 45 46 151
4 498 46 468 151
4 498 151 468 1019
4 498 371 45 240
4 498 371 240 985
4 498 468 521 985
4 498 468 985 1019
4 498 521 371 985
4 498 985 151 1019
4 499 121 742 366
4 499 366 742 869
4 499 448 449 869
4 499 742 727 869
4 500 439 503 943
4 500 442 439 810
4 500 810 439 943
4 500 925 810 943
4 501 370 506 1047
4 501 463 464 898
4 501 463 898 1047
4 501 898 507 1047
4 502 5 64 755
4 502 358 385 968
4 502 749 755 968
4 502 755 358 968
4 503 431 506 964
4 503 431 964 1035
4 503 506 455 964
4 503 964 943 1035
4 504 465 466 808
4 506 964 889 1047
4 507 54 55 239
4 507 138 370 1047
4 507 239 138 898
4 507 370 501 1047
4 507 464 54 239
4 507 501 464 898
4 508 478 375 872
4 508 898 496 464
4 509 367 494 931
4 509 367 931 944
4 509 437 450 944
4 509 820 437 944
4 509 931 820 944
4 510 444 491 933
4 510 803 444 933
4 511 377 512 1033
4 511 438 513 903
4 511 438 903 1033
4 512 453 511 1033
4 512 456 523 989
4 512 859 456 989
4 513 384 903 1015
4 513 438 441 970
4 513 441 384 931
4 513 451 511 903
4 513 903 438 970
4 513 903 931 1015
4 513 931 384 1015
4 514 85 6 359
4 515 59 0 244
4 515 118 746 758
4 515 492 59 244
4 515 746 387 925
4 515 758 746 925
4 516 51 188 497
4 516 243 52 375
4 516 466 497 892
4 516 808 504 892
4 517 432 476 1022
4 517 476 519 886
4 517 476 886 1022
4 517 886 380 892
4 517 886 892 1022
4 517 892 432 1022
4 518 245 38 384
4 518 552 556 1015
4 518 556 245 1015
4 519 434 520 987
4 520 434 469 1032
4 520 469 987 1032
4 521 433 461 985
4 522 379 979 989
4 522 436 458 979
4 522 458 815 979
4 522 525 436 979
4 522 815 458 989
4 522 979 815 989
4 523 435 512 989
4 523 522 458 989
4 523 901 435 989
4 524 374 505 1038
4 524 468 46 1019
4 525 371 521 985
4 525 459 371 979
4 525 522 459 979
4 525 979 371 985
4 526 440 810 869
4 526 442 495 810
4 526 449 440 869
4 526 810 495 869
4 527 538 832 966
4 527 545 538 966
4 527 564 126 688
4 528 494 114 544
4 528 544 550 931
4 528 550 561 931
4 528 561 552 931
4 529 490 933 944
4 529 544 367 944
4 529 548 549 933
4 529 549 554 944
4 529 933 549 944
4 530 152 36 214
4 530 152 214 833
4 530 535 536 1040
4 530 833 535 1040
4 532 546 555 888
4 532 558 546 888
4 532 584 124 558
4 532 888 555 966
4 533 563 547 923
4 533 691 128 551
4 533 691 129 128
4 533 923 691 1007
4 534 36 37 214
4 534 245 556 1015
4 534 530 36 214
4 534 535 530 833
4 534 556 552 1015
4 534 833 214 1015
4 535 534 561 833
4 535 561 550 931
4 535 833 561 931
4 535 833 931 956
4 535 931 550 956
4 536 535 537 956
4 536 535 956 1040
4 536 537 538 956
4 536 555 546 1040
4 536 966 555 1040
4 537 535 550 956
4 538 536 956 966
4 538 537 539 956
4 538 539 560 832
4 538 539 832 956
4 538 555 536 966
4 538 956 832 966
4 539 537 540 956
4 539 540 851 956
4 539 851 832 956
4 540 550 554 944
4 540 554 851 944
4 540 820 550 944
4 540 851 820 944
4 541 539 540 851
4 541 542 539 851
4 541 851 803 916
4 542 551 560 1007
4 542 553 563 784
4 542 560 832 1007
4 542 563 551 1007
4 542 784 563 1007
4 543 359 86 272
4 543 359 272 933
4 543 531 562 916
4 543 562 549 916
4 543 916 549 933
4 544 550 820 944
4 544 554 550 944
4 544 820 550 931
4 545 527 126 688
4 545 527 688 966
4 545 532 555 966
4 546 34 35 156
4 546 242 34 156
4 546 242 156 888
4 546 530 536 1040
4 547 340 89 361
4 547 531 340 916
4 547 563 553 923
4 547 916 340 923
4 548 116 490 529
4 548 117 386 116
4 548 386 559 933
4 548 529 490 933
4 548 559 543 933
4 549 541 554 851
4 549 548 543 933
4 549 803 541 851
4 549 803 851 944
4 549 851 554 944
4 549 916 803 933
4 549 933 803 944
4 550 540 537 956
4 550 820 540 956
4 550 931 820 956
4 551 533 691 1007
4 551 563 533 1007
4 551 691 692 1007
4 552 493 112 113
4 552 493 113 494
4 552 494 528 931
4 552 561 534 1015
4 552 931 561 1015
4 553 531 547 916
4 553 542 541 851
4 553 562 531 916
4 553 784 542 851
4 553 784 916 923
4 553 851 541 916
4 553 916 547 923
4 554 541 540 851
4 554 544 529 944
4 555 538 545 966
4 555 888 546 1040
4 555 966 888 1040
4 556 245 3 518
4 556 518 112 552
4 557 89 7 361
4 557 533 547 923
4 557 547 89 361
4 557 716 7 129
4 558 124 2 713
4 558 242 34 546
4 558 584 124 713
4 558 584 713 888
4 558 713 242 888
4 559 359 86 543
4 559 386 514 933
4 559 514 359 933
4 559 548 117 386
4 560 527 538 832
4 560 527 832 1007
4 560 539 542 851
4 560 542 832 851
4 560 551 527 1007
4 560 832 539 851
4 561 833 534 1015
4 561 931 833 1015
4 562 553 541 916
4 563 784 553 923
4 563 923 533 1007
4 564 126 127 527
4 564 127 692 527
4 564 527 692 1007
4 564 527 832 966
4 564 688 527 966
4 564 709 650 832
4 564 832 527 1007
4 565 693 725 1004
4 565 725 824 1004
4 565 824 725 1001
4 566 107 355 1026
4 566 355 653 949
4 566 355 949 1026
4 566 653 355 108
4 566 653 704 949
4 566 949 704 1026
4 567 219 136 921
4 567 219 921 941
4 567 671 219 941
4 567 681 671 941
4 567 921 681 941
4 568 145 649 838
4 568 669 29 234
4 568 669 234 984
4 569 141 830 957
4 569 668 19 957
4 569 683 685 957
4 569 685 668 957
4 569 830 683 957
4 570 98 265 97
4 570 666 703 973
4 570 720 666 973
4 570 973 703 1011
4 571 652 206 1041
4 571 687 684 855
4 572 721 722 866
4 572 722 654 866
4 572 866 303 1042
4 573 101 102 264
4 573 102 695 264
4 573 667 101 264
4 573 856 264 870
4 574 27 670 920
4 574 143 27 920
4 574 660 643 920
4 574 663 26 963
4 574 670 660 920
4 575 104 105 312
4 575 702 714 961
4 575 706 677 961
4 575 714 104 312
4 576 15 652 1041
4 576 146 15 1041
4 576 146 821 952
4 576 586 146 952
4 576 587 586 952
4 576 821 146 1041
4 576 821 587 952
4 577 356 93 654
4 577 654 710 1031
4 578 99 263 672
4 578 672 263 840
4 578 840 263 977
4 579 24 25 142
4 579 25 663 232
4 579 232 963 142
4 579 673 647 930
4 579 823 142 963
4 579 823 673 930
4 580 211 148 868
4 580 649 31 211
4 581 348 690 910
4 581 690 348 110
4 581 698 701 910
4 581 701 653 949
4 581 910 701 949
4 582 586 644 952
4 582 644 907 952
4 582 645 700 907
4 583 271 91 648
4 583 271 887 923
4 584 124 125 532
4 584 558 532 888
4 584 888 532 966
4 585 135 134 731
4 585 712 731 928
4 585 928 731 1004
4 586 13 212 582
4 586 146 14 576
4 586 582 212 952
4 587 644 586 952
4 587 656 644 914
4 587 821 589 914
4 587 821 914 952
4 587 914 644 952
4 588 587 576 821
4 588 589 587 821
4 588 589 821 924
4 588 590 589 924
4 588 821 576 1041
4 588 924 821 1041
4 589 593 656 914
4 589 819 593 914
4 589 821 819 914
4 590 591 589 819
4 590 819 589 924
4 590 827 819 924
4 591 593 589 819
4 591 819 590 827
4 591 827 592 962
4 592 591 590 827
4 592 827 594 897
4 592 864 827 897
4 593 819 591 962
4 593 831 819 962
4 594 592 590 827
4 594 684 687 855
4 594 687 797 855
4 594 827 590 924
4 594 827 797 897
4 595 592 594 897
4 595 597 628 1046
4 595 628 897 1046
4 595 897 597 1046
4 596 594 687 797
4 596 594 797 897
4 596 595 594 897
4 596 627 598 938
4 597 595 596 897
4 597 598 896 938
4 597 897 596 938
4 597 897 938 1046
4 597 938 896 997
4 598 597 596 938
4 598 685 600 896
4 599 597 598 896
4 599 597 896 997
4 599 661 677 997
4 600 599 598 896
4 601 599 600 896
4 601 599 896 997
4 601 630 661 850
4 601 661 599 997
4 601 850 603 981
4 601 850 661 997
4 601 850 896 986
4 601 896 600 986
4 601 896 850 997
4 602 601 600 986
4 602 850 601 986
4 603 601 602 850
4 603 605 675 1044
4 603 675 630 981
4 603 675 981 1044
4 603 850 602 986
4 603 850 986 1044
4 603 981 850 1044
4 603 986 602 1044
4 604 602 626 986
4 604 602 986 1044
4 604 603 602 1044
4 604 605 603 1044
4 604 606 605 1044
4 604 626 941 1044
4 604 885 606 1044
4 604 941 885 1044
4 604 986 626 1044
4 605 632 675 848
4 605 834 607 848
4 605 885 848 1044
4 606 604 681 885
4 606 834 605 885
4 606 885 605 1044
4 607 605 606 834
4 607 606 608 834
4 607 609 674 1002
4 607 834 609 1002
4 607 848 834 1002
4 608 606 680 834
4 608 609 607 834
4 608 680 647 780
4 608 680 780 834
4 608 834 780 883
4 609 608 610 883
4 609 804 633 1002
4 609 834 608 883
4 609 834 883 1002
4 609 883 804 1002
4 610 612 852 883
4 610 612 883 1018
4 610 647 673 883
4 610 673 612 1018
4 610 883 673 1018
4 611 609 610 883
4 611 610 612 852
4 611 610 852 883
4 611 612 613 852
4 611 804 609 883
4 611 804 852 973
4 611 852 613 973
4 611 852 804 883
4 613 612 614 852
4 613 614 615 837
4 613 614 837 852
4 613 664 666 1036
4 613 666 973 1036
4 613 852 837 1036
4 613 973 852 1036
4 614 612 643 1018
4 614 615 837 912
4 614 616 615 912
4 614 793 852 1018
4 614 837 793 912
4 614 852 612 1018
4 615 613 837 1036
4 615 616 617 978
4 615 664 613 1036
4 615 837 912 978
4 615 912 616 978
4 616 660 625 912
4 616 912 617 978
4 616 912 625 1028
4 617 616 618 912
4 617 618 619 822
4 617 618 822 912
4 617 631 615 978
4 617 978 822 1014
4 618 616 625 1028
4 618 912 616 1028
4 619 617 822 1014
4 619 618 620 1028
4 619 620 621 860
4 619 620 822 1028
4 619 657 617 1014
4 619 822 618 1028
4 619 822 620 860
4 620 1027 860 1028
4 621 619 860 1014
4 621 620 622 1027
4 621 622 623 860
4 621 622 860 1027
4 621 634 619 1014
4 621 860 620 1027
4 621 860 634 1014
4 621 860 651 939
4 622 623 860 862
4 622 624 862 998
4 623 622 624 862
4 623 624 635 862
4 623 651 621 860
4 623 651 860 862
4 624 635 862 998
4 624 650 635 998
4 625 912 660 920
4 625 912 790 1028
4 625 920 670 984
4 626 602 683 986
4 626 683 830 986
4 626 830 682 941
4 626 830 941 986
4 626 941 799 986
4 626 986 799 1044
4 627 668 685 957
4 627 685 598 938
4 627 685 938 957
4 627 849 668 957
4 627 938 849 957
4 628 864 659 658
4 629 593 591 962
4 629 637 593 831
4 629 676 704 962
4 629 704 949 962
4 629 831 593 962
4 629 949 831 962
4 630 601 603 981
4 630 850 601 981
4 630 870 850 981
4 631 665 664 1036
4 631 665 877 1042
4 631 795 877 978
4 631 877 665 1036
4 631 877 795 1042
4 631 978 877 1036
4 632 605 607 848
4 632 607 674 1002
4 632 718 977 1002
4 632 789 848 1002
4 632 848 607 1002
4 632 848 789 856
4 632 856 789 977
4 632 977 789 1002
4 633 609 611 804
4 633 611 666 973
4 633 804 611 973
4 633 804 973 1002
4 633 973 840 1002
4 634 621 651 939
4 634 722 657 1014
4 634 860 621 939
4 634 860 939 1014
4 634 939 722 1014
4 635 636 623 862
4 635 636 862 1017
4 635 639 636 1017
4 635 650 709 832
4 635 709 639 1017
4 635 832 709 1017
4 635 862 832 1017
4 636 639 707 1017
4 637 593 831 969
4 637 629 701 831
4 637 638 593 969
4 637 640 638 969
4 637 701 698 910
4 637 831 701 910
4 638 824 646 914
4 638 824 914 969
4 638 914 593 969
4 639 709 692 1007
4 639 1007 923 1017
4 640 585 693 1004
4 641 624 622 998
4 641 642 624 998
4 641 649 580 868
4 641 655 649 868
4 641 655 868 1027
4 641 868 642 998
4 641 998 622 1027
4 642 641 580 868
4 642 650 624 998
4 642 711 650 998
4 643 574 920 963
4 643 660 614 1018
4 643 663 574 963
4 643 963 920 1018
4 644 645 582 907
4 645 131 743 696
4 645 700 730 131
4 645 907 644 1001
4 646 638 724 824
4 646 644 656 914
4 646 644 914 1001
4 646 645 644 1001
4 646 724 565 1001
4 646 824 724 1001
4 646 914 824 1001
4 647 608 780 883
4 647 610 608 883
4 647 673 883 930
4 647 780 680 930
4 648 349 577 887
4 648 577 708 887
4 648 583 271 887
4 648 707 583 887
4 648 708 707 887
4 649 211 580 868
4 649 568 30 145
4 650 564 832 966
4 650 688 564 966
4 650 832 635 998
4 650 966 832 998
4 651 623 636 862
4 651 636 708 807
4 651 636 807 862
4 651 807 708 939
4 651 860 807 939
4 652 206 16 571
4 652 588 576 1041
4 653 348 949 261
4 653 355 261 949
4 653 581 348 109
4 653 949 348 581
4 654 356 94 572
4 654 722 710 939
4 654 866 722 939
4 654 939 710 1031
4 655 568 649 838
4 655 622 620 1027
4 655 641 622 1027
4 655 679 568 838
4 655 838 649 868
4 656 587 589 914
4 656 593 638 914
4 656 638 646 914
4 657 619 634 1014
4 657 631 617 978
4 657 978 617 1014
4 658 592 595 897
4 658 595 628 897
4 658 628 864 897
4 658 676 592 864
4 658 864 592 897
4 659 106 262 344
4 659 694 106 344
4 659 814 262 1026
4 659 864 628 814
4 659 864 814 1026
4 660 614 793 912
4 660 616 614 912
4 660 643 920 1018
4 660 793 614 1018
4 660 920 793 1018
4 661 792 702 997
4 661 850 630 870
4 662 661 630 870
4 662 702 661 870
4 662 715 695 870
4 663 232 26 963
4 665 323 723 877
4 665 631 721 1042
4 665 723 703 877
4 666 611 613 973
4 666 664 703 1036
4 666 703 973 1036
4 667 100 304 977
4 667 101 264 304
4 667 264 573 856
4 667 304 264 856
4 667 304 856 977
4 667 573 717 856
4 667 578 100 977
4 667 717 718 977
4 667 718 578 977
4 667 856 717 977
4 668 627 686 849
4 669 28 29 234
4 669 625 670 984
4 669 679 625 984
4 670 28 669 218
4 670 625 660 920
4 671 21 219 682
4 671 219 22 567
4 671 626 682 941
4 671 681 626 941
4 671 682 219 941
4 672 322 840 1011
4 672 570 322 1011
4 672 720 570 1011
4 672 840 720 1011
4 673 643 612 1018
4 674 609 633 1002
4 676 591 592 962
4 676 592 864 962
4 676 629 591 962
4 676 658 699 864
4 676 699 704 1026
4 676 704 962 1026
4 676 864 699 1026
4 676 962 864 1026
4 677 628 597 1046
4 677 702 575 961
4 677 997 702 961
4 677 997 961 1046
4 678 23 24 210
4 678 567 210 921
4 678 579 647 930
4 678 647 680 930
4 678 680 921 930
4 678 921 210 930
4 679 568 838 984
4 679 618 625 1028
4 679 620 618 1028
4 679 625 984 1028
4 679 655 620 1027
4 679 669 568 984
4 679 838 655 1027
4 679 838 1027 1028
4 679 984 838 1028
4 679 1027 620 1028
4 680 567 678 921
4 680 681 567 921
4 680 780 834 921
4 680 834 606 885
4 680 834 885 921
4 680 885 681 921
4 681 604 626 941
4 681 680 606 885
4 681 885 604 941
4 681 921 885 941
4 682 20 236 569
4 682 683 569 830
4 682 830 236 941
4 683 602 600 986
4 683 682 626 830
4 683 957 830 986
4 684 588 652 1041
4 684 590 588 924
4 684 594 590 924
4 684 855 594 924
4 684 855 924 1041
4 684 924 588 1041
4 685 600 896 986
4 685 683 600 986
4 685 786 938 957
4 685 786 957 986
4 685 896 598 938
4 685 896 786 986
4 685 957 683 986
4 686 571 228 855
4 686 627 687 849
4 686 687 571 855
4 686 849 687 855
4 686 855 140 849
4 687 596 797 938
4 687 627 596 938
4 687 797 849 938
4 687 849 627 938
4 687 849 797 855
4 688 125 545 532
4 688 532 545 966
4 688 584 532 966
4 688 650 711 966
4 688 711 584 966
4 689 148 216 868
4 689 216 242 888
4 689 242 713 888
4 689 580 32 148
4 689 580 148 868
4 689 642 580 868
4 689 642 868 888
4 689 711 642 888
4 689 713 584 888
4 689 868 216 888
4 690 270 348 110
4 690 348 270 910
4 690 360 111 712
4 690 360 270 111
4 690 712 585 928
4 690 910 270 928
4 691 533 716 923
4 691 583 639 923
4 691 639 692 1007
4 691 716 533 129
4 691 716 583 923
4 691 923 639 1007
4 692 128 551 127
4 692 527 551 1007
4 693 134 747 1004
4 693 724 640 1004
4 694 105 106 344
4 694 105 344 312
4 694 312 344 961
4 694 344 659 814
4 694 344 814 961
4 694 575 312 961
4 694 659 706 814
4 694 706 575 961
4 694 814 706 961
4 695 103 714 325
4 696 131 743 132
4 696 565 725 1001
4 696 645 646 1001
4 696 646 565 1001
4 696 725 743 1001
4 696 743 645 1001
4 697 254 95 96
4 697 665 254 96
4 698 581 690 910
4 698 585 640 1004
4 698 637 910 969
4 698 640 637 969
4 698 640 969 1004
4 698 690 585 928
4 698 910 690 928
4 698 910 928 1004
4 698 928 585 1004
4 698 969 910 1004
4 699 566 704 1026
4 699 658 659 864
4 699 705 566 1026
4 699 864 659 1026
4 700 130 730 131
4 700 246 12 582
4 700 246 582 907
4 700 645 730 907
4 701 629 704 949
4 701 704 653 949
4 701 831 629 949
4 701 910 831 949
4 702 792 661 870
4 702 997 677 661
4 703 1036 1011 973
4 705 107 566 1026
4 705 659 262 1026
4 705 699 659 1026
4 706 628 677 1046
4 706 659 628 814
4 706 677 961 1046
4 706 814 628 1046
4 706 961 814 1046
4 707 583 887 923
4 707 639 583 923
4 707 639 923 1017
4 707 923 887 1017
4 708 577 710 1031
4 708 807 636 1017
4 708 807 887 1031
4 708 887 577 1031
4 708 887 807 1017
4 708 939 807 1031
4 709 564 692 1007
4 709 832 564 1007
4 709 1007 639 1017
4 710 634 651 939
4 710 651 708 939
4 710 939 708 1031
4 711 642 888 998
4 711 689 584 888
4 711 888 584 966
4 711 888 966 998
4 711 966 650 998
4 714 662 695 870
4 714 695 325 870
4 714 702 662 870
4 715 573 695 870
4 715 630 675 981
4 715 662 630 870
4 715 675 856 981
4 715 717 573 856
4 715 856 573 870
4 715 856 870 981
4 715 870 630 981
4 716 7 90 361
4 716 533 557 923
4 716 557 361 923
4 716 557 533 129
4 717 632 718 977
4 717 675 632 848
4 717 675 848 856
4 717 715 675 856
4 717 848 632 856
4 717 856 632 977
4 718 632 674 1002
4 718 674 977 1002
4 718 719 578 977
4 719 633 720 840
4 719 633 840 1002
4 719 672 578 840
4 719 674 633 1002
4 719 718 674 977
4 719 840 578 977
4 719 840 977 1002
4 719 977 674 1002
4 720 633 666 973
4 720 672 719 840
4 720 840 633 973
4 720 840 973 1011
4 720 973 570 1011
4 721 572 697 1042
4 721 631 657 978
4 721 631 978 1042
4 721 657 722 866
4 721 657 866 1014
4 721 697 665 1042
4 721 866 572 1042
4 721 978 657 1014
4 721 978 1014 1042
4 721 1014 866 1042
4 722 634 710 939
4 722 866 657 1014
4 722 939 866 1014
4 723 265 1011 877
4 723 323 665 96
4 723 570 265 97
4 723 703 1011 570
4 724 565 824 1004
4 724 638 640 969
4 724 693 565 1004
4 724 824 565 1001
4 724 824 638 969
4 724 969 640 1004
4 725 133 747 693
4 725 565 132 133
4 725 565 696 132
4 725 736 743 1001
4 725 747 754 1004
4 725 754 824 1004
4 725 824 736 1001
4 726 759 810 925
4 726 810 495 925
4 726 810 748 869
4 727 448 499 869
4 727 798 448 869
4 728 207 9 144
4 728 207 144 980
4 728 732 207 980
4 728 733 732 980
4 728 734 733 980
4 729 61 62 258
4 729 339 258 904
4 729 745 339 904
4 729 751 745 904
4 729 760 751 904
4 730 645 131 743
4 730 645 743 1001
4 730 743 753 1001
4 730 744 757 907
4 730 753 744 907
4 730 753 907 1001
4 730 757 700 907
4 730 907 645 1001
4 731 585 135 712
4 731 745 761 928
4 731 756 745 928
4 731 928 761 1004
4 732 207 9 728
4 732 925 207 980
4 733 734 735 927
4 733 735 748 927
4 733 748 810 927
4 733 810 925 980
4 733 925 732 980
4 734 736 735 927
4 734 744 753 907
4 734 927 733 980
4 735 736 737 927
4 735 737 738 927
4 735 738 748 927
4 736 725 754 824
4 736 824 737 927
4 736 824 927 1001
4 736 927 734 1001
4 737 754 740 824
4 737 824 740 839
4 737 839 738 927
4 738 737 739 839
4 739 750 752 839
4 739 752 738 839
4 739 798 750 839
4 739 839 783 904
4 740 739 737 839
4 740 761 751 783
4 740 783 739 839
4 740 783 839 1004
4 740 839 824 1004
4 741 290 63 358
4 741 749 750 968
4 741 750 760 968
4 741 760 729 904
4 741 760 904 968
4 741 904 290 968
4 742 121 499 727
4 742 495 726 869
4 742 726 748 869
4 743 725 696 132
4 744 215 11 246
4 744 215 246 907
4 744 215 907 980
4 744 728 215 980
4 744 734 728 980
4 744 907 734 980
4 745 60 61 339
4 745 61 729 339
4 745 339 904 928
4 745 360 60 339
4 745 360 339 928
4 745 751 761 928
4 746 387 118 515
4 746 495 387 925
4 746 726 495 925
4 746 732 759 925
4 747 725 693 1004
4 747 731 761 1004
4 748 726 759 810
4 748 738 869 927
4 748 752 742 869
4 749 123 502 755
4 750 727 752 869
4 750 727 798 968
4 750 749 727 968
4 750 752 839 869
4 750 798 727 869
4 750 798 739 904
4 750 839 798 869
4 750 904 760 968
4 751 739 740 783
4 751 739 783 904
4 751 745 904 928
4 751 760 739 904
4 751 783 761 928
4 751 904 783 928
4 752 727 742 869
4 752 738 839 869
4 752 748 738 869
4 753 734 907 1001
4 753 736 734 1001
4 753 743 736 1001
4 754 737 736 824
4 754 740 824 1004
4 754 747 740 1004
4 755 5 64 358
4 755 64 502 358
4 755 741 63 358
4 755 741 358 968
4 755 749 741 968
4 756 135 4 712
4 756 360 60 745
4 756 712 360 928
4 756 731 135 712
4 756 731 712 928
4 757 1 12 246
4 757 11 1 246
4 757 12 1 700
4 757 744 11 246
4 758 0 8 244
4 758 515 0 244
4 758 515 244 925
4 758 732 746 925
4 759 726 746 925
4 759 732 733 925
4 759 733 748 810
4 759 733 810 925
4 760 750 739 904
4 761 740 747 1004
4 761 783 740 1004
4 761 928 783 1004
4 762 783 824 839
4 762 783 839 1034
4 762 819 831 953
4 762 819 876 914
4 762 824 914 1005
4 762 839 824 1005
4 762 839 869 1034
4 762 869 845 1034
4 762 876 819 953
4 762 914 876 1005
4 763 784 832 862
4 763 820 906 970
4 763 829 874 992
4 763 829 906 1045
4 763 832 851 956
4 763 832 956 992
4 763 851 820 956
4 763 862 806 874
4 763 862 832 992
4 763 862 874 1045
4 763 874 806 992
4 763 874 829 1045
4 763 906 829 970
4 763 956 820 992
4 763 970 829 992
4 764 797 827 897
4 764 797 897 918
4 764 797 918 990
4 764 811 897 974
4 764 813 915 1039
4 764 814 864 905
4 764 827 797 990
4 764 827 908 1030
4 764 842 813 900
4 764 842 814 905
4 764 847 900 1039
4 764 847 918 974
4 764 864 827 1030
4 764 897 811 918
4 764 897 814 974
4 764 900 813 1039
4 764 900 847 974
4 764 905 864 1030
4 764 908 827 990
4 764 908 847 915
4 764 908 915 1030
4 764 915 813 1030
4 764 915 847 1039
4 764 918 811 974
4 764 918 847 990
4 765 794 995 1043
4 765 825 871 958
4 765 825 958 995
4 765 848 834 885
4 765 848 885 995
4 765 871 817 937
4 765 871 825 919
4 765 878 817 999
4 765 878 834 1037
4 765 878 999 1043
4 765 885 834 1043
4 765 919 825 995
4 765 958 848 995
4 765 958 937 1037
4 765 995 885 1043
4 765 1032 999 817
4 766 785 942 1010
4 766 790 822 899
4 766 790 899 946
4 766 793 912 946
4 766 801 875 991
4 766 801 913 942
4 766 822 912 978
4 766 846 875 942
4 766 846 899 960
4 766 846 942 946
4 766 846 960 1008
4 766 875 801 942
4 766 875 846 1008
4 766 875 960 991
4 766 899 822 960
4 766 899 846 946
4 766 912 790 946
4 766 912 837 978
4 766 913 793 946
4 766 913 801 991
4 766 942 785 946
4 766 942 913 1010
4 766 960 875 1008
4 766 1010 946 785
4 767 786 879 955
4 767 792 850 997
4 767 799 850 894
4 767 799 879 986
4 767 802 854 894
4 767 802 894 975
4 767 811 792 997
4 767 826 932 975
4 767 850 792 975
4 767 850 799 986
4 767 854 826 955
4 767 854 879 894
4 767 879 786 896
4 767 879 799 894
4 767 879 854 955
4 767 879 896 986
4 767 894 850 975
4 767 896 850 986
4 767 918 811 955
4 767 918 826 975
4 767 932 854 975
4 767 974 918 975
4 768 780 823 911
4 768 793 852 913
4 768 793 913 1010
4 768 809 853 1025
4 768 817 853 865
4 768 817 865 917
4 768 823 793 1006
4 768 841 823 1006
4 768 841 1006 1010
4 768 852 804 917
4 768 852 823 883
4 768 853 817 1025
4 768 853 841 1010
4 768 865 853 917
4 768 878 817 917
4 768 913 852 917
4 768 913 917 1010
4 768 1006 793 1010
4 768 1025 999 809
4 769 797 855 924
4 769 805 835 990
4 769 805 908 976
4 769 821 819 924
4 769 821 924 935
4 769 827 797 924
4 769 827 819 953
4 769 835 797 990
4 769 835 805 836
4 769 836 805 976
4 769 855 835 935
4 769 876 821 935
4 769 908 805 990
4 769 908 827 953
4 769 908 953 976
4 769 924 855 935
4 769 935 836 976
4 770 788 858 992
4 770 790 881 946
4 770 790 899 950
4 770 806 858 950
4 770 806 874 992
4 770 815 846 899
4 770 815 899 946
4 770 818 899 901
4 770 829 788 992
4 770 829 818 901
4 770 829 901 1033
4 770 846 815 901
4 770 858 788 859
4 770 858 806 992
4 770 858 838 950
4 770 859 815 881
4 770 874 806 950
4 770 874 829 992
4 770 881 815 946
4 770 899 790 946
4 770 899 846 901
4 770 899 874 950
4 770 901 859 1033
4 771 796 818 857
4 771 800 874 1045
4 771 807 890 1045
4 771 818 796 960
4 771 818 800 857
4 771 822 960 1014
4 771 857 800 890
4 771 860 807 874
4 771 860 822 1014
4 771 866 939 1014
4 771 874 807 1045
4 771 874 818 899
4 771 890 800 1045
4 771 890 866 922
4 771 899 818 960
4 771 922 866 960
4 771 939 860 1014
4 771 960 866 1014
4 772 805 959 990
4 772 808 955 1021
4 772 826 918 959
4 772 835 805 990
4 772 872 898 982
4 772 895 872 982
4 772 895 982 994
4 772 898 835 982
4 772 898 872 959
4 772 918 826 955
4 772 918 955 994
4 772 955 826 1021
4 772 955 895 994
4 772 959 872 1021
4 772 959 918 990
4 772 982 835 990
4 772 982 990 994
4 772 990 918 994
4 773 804 917 1037
4 773 816 865 917
4 773 817 878 917
4 773 817 937 1037
4 773 843 909 937
4 773 865 816 902
4 773 865 817 917
4 773 865 902 954
4 773 867 816 917
4 773 878 817 1037
4 773 902 843 954
4 773 902 867 951
4 773 917 878 1037
4 773 937 909 951
4 773 937 951 1037
4 773 951 867 1037
4 774 799 850 981
4 774 848 799 981
4 774 850 792 870
4 774 850 799 894
4 774 850 870 981
4 774 856 848 981
4 774 870 856 981
4 774 894 848 958
4 774 894 958 1029
4 774 936 880 1029
4 774 958 936 1029
4 774 975 894 1029
4 775 794 886 1009
4 775 808 892 1022
4 775 825 919 995
4 775 854 808 1022
4 775 854 825 894
4 775 879 854 894
4 775 879 894 1024
4 775 886 919 1022
4 775 892 886 1022
4 775 894 825 995
4 775 894 995 1024
4 775 919 794 995
4 775 967 879 1024
4 775 995 794 1009
4 775 1009 967 1024
4 776 801 913 991
4 776 816 801 844
4 776 844 801 991
4 776 844 991 1023
4 776 852 837 913
4 776 852 913 917
4 776 913 837 991
4 776 917 867 973
4 776 991 877 1023
4 776 1011 867 1023
4 777 827 864 1030
4 777 831 863 949
4 777 863 831 953
4 777 864 827 962
4 777 864 905 1030
4 777 864 949 1026
4 777 905 864 1026
4 777 947 905 949
4 777 947 953 1030
4 777 949 864 962
4 777 949 905 1026
4 777 953 831 962
4 778 826 974 975
4 778 842 891 974
4 778 847 826 900
4 778 847 900 974
4 778 891 842 983
4 778 900 826 932
4 778 900 842 974
4 778 932 826 975
4 778 932 884 983
4 778 974 891 975
4 778 975 891 996
4 778 983 884 996
4 779 644 914 952
4 779 644 952 1001
4 779 824 927 1005
4 779 876 893 971
4 779 893 203 952
4 779 893 876 1005
4 779 914 644 1001
4 779 914 824 1005
4 779 914 876 952
4 779 927 893 1005
4 779 952 876 971
4 779 952 907 1001
4 779 1001 980 927
4 780 647 883 930
4 780 768 823 883
4 780 768 878 999
4 780 834 885 1043
4 780 878 768 883
4 780 878 834 1043
4 780 883 823 930
4 780 885 834 921
4 780 911 768 999
4 780 921 680 930
4 780 930 911 940
4 780 940 911 999
4 780 999 878 1043
4 781 810 943 1035
4 781 836 935 976
4 781 836 964 971
4 781 845 810 1035
4 781 845 976 1005
4 781 889 836 976
4 781 893 876 971
4 781 935 836 971
4 781 935 971 976
4 781 943 893 971
4 781 964 889 1035
4 781 964 943 971
4 781 971 876 976
4 781 976 876 1005
4 782 832 862 992
4 782 833 926 1040
4 782 833 956 992
4 782 862 832 998
4 782 868 926 992
4 782 868 992 998
4 782 888 868 998
4 782 926 833 992
4 782 926 888 1040
4 782 956 832 992
4 782 956 833 1040
4 782 966 888 998
4 782 966 956 1040
4 782 992 862 998
4 783 762 824 969
4 783 831 762 969
4 783 839 798 904
4 783 863 292 904
4 783 863 798 1034
4 783 863 831 910
4 783 910 831 969
4 783 910 969 1004
4 783 928 910 1004
4 783 969 824 1004
4 784 542 851 1007
4 784 763 803 861
4 784 763 832 851
4 784 763 861 1045
4 784 803 763 851
4 784 807 887 1017
4 784 851 553 916
4 784 851 832 1007
4 784 861 274 887
4 784 861 803 916
4 784 861 807 1045
4 784 862 807 1017
4 784 887 274 923
4 784 923 563 1007
4 785 793 882 1006
4 785 793 1006 1010
4 785 841 170 985
4 785 841 985 1010
4 785 882 168 1006
4 785 882 793 946
4 785 946 942 979
4 785 985 942 1010
4 785 1006 841 1010
4 786 192 957 1003
4 786 767 896 955
4 786 849 982 994
4 786 879 955 1003
4 786 895 192 1003
4 786 895 955 994
4 786 896 685 938
4 786 896 879 986
4 786 938 849 994
4 786 955 895 1003
4 786 955 896 994
4 786 957 830 1003
4 786 982 895 994
4 787 762 845 1034
4 787 762 953 976
4 787 805 908 915
4 787 812 953 1034
4 787 845 762 976
4 787 845 945 1034
4 787 845 976 1016
4 787 889 805 915
4 787 908 953 1030
4 787 915 908 1030
4 787 945 812 1034
4 787 945 845 1016
4 787 953 762 1034
4 787 953 908 976
4 787 953 947 1030
4 787 976 889 1016
4 788 770 859 1033
4 788 829 770 1033
4 788 829 970 992
4 788 833 820 903
4 788 859 160 903
4 788 903 820 970
4 788 926 858 992
4 788 970 820 992
4 789 834 1002 1037
4 789 848 834 1037
4 789 856 848 958
4 789 909 856 936
4 789 936 856 958
4 789 951 840 977
4 789 951 937 1037
4 789 977 840 1002
4 789 1002 840 1037
4 790 167 881 882
4 790 766 822 912
4 790 770 881 950
4 790 881 838 950
4 790 882 881 946
4 790 912 625 920
4 790 912 822 1028
4 790 912 882 946
4 790 920 625 984
4 790 950 838 1028
4 790 984 625 1028
4 791 482 871 993
4 791 482 993 1012
4 791 843 871 937
4 791 871 482 1012
4 791 871 825 958
4 791 871 843 993
4 791 909 843 937
4 791 909 937 958
4 791 936 873 993
4 791 936 909 958
4 791 936 958 1029
4 791 937 871 958
4 791 993 873 1012
4 791 1012 873 1029
4 792 313 891 996
4 792 661 870 997
4 792 774 870 880
4 792 774 880 975
4 792 811 767 975
4 792 850 774 975
4 792 870 314 880
4 792 870 702 961
4 792 870 850 997
4 792 880 313 996
4 792 891 961 974
4 792 891 974 975
4 792 961 702 997
4 792 961 811 974
4 792 974 811 975
4 793 660 912 920
4 793 766 837 913
4 793 768 852 1018
4 793 785 946 1010
4 793 823 768 1018
4 793 837 614 852
4 793 837 766 912
4 793 912 882 920
4 793 920 882 1006
4 793 946 913 1010
4 793 963 920 1006
4 793 963 1006 1018
4 793 1006 823 1018
4 794 765 919 1032
4 794 765 999 1043
4 794 775 886 919
4 794 809 940 999
4 794 809 999 1032
4 794 886 434 919
4 794 919 434 1032
4 794 919 765 995
4 794 940 809 987
4 794 940 828 1043
4 794 987 809 1032
4 794 995 828 1009
4 794 999 940 1043
4 795 837 978 991
4 795 837 991 1036
4 795 844 286 877
4 795 844 991 1020
4 795 866 922 960
4 795 877 286 1042
4 795 922 866 1042
4 795 960 922 1020
4 795 978 631 1042
4 795 978 960 991
4 795 991 877 1036
4 795 991 960 1020
4 795 1014 978 1042
4 796 480 929 1008
4 796 844 875 929
4 796 857 480 1008
4 796 857 771 922
4 796 875 844 991
4 796 875 960 1008
4 796 922 771 960
4 796 929 875 1008
4 796 960 875 991
4 796 960 991 1020
4 796 991 844 1020
4 797 594 855 924
4 797 596 897 938
4 797 827 594 924
4 797 835 769 855
4 797 835 855 982
4 797 849 938 994
4 797 855 849 982
4 797 897 811 938
4 797 918 990 994
4 797 982 849 994
4 797 990 982 994
4 798 839 739 904
4 798 839 783 1034
4 798 863 783 904
4 798 869 839 1034
4 798 904 750 968
4 798 965 945 1034
4 799 848 774 894
4 799 850 981 1044
4 799 879 986 1024
4 799 885 848 995
4 799 894 879 1024
4 799 941 626 1044
4 799 941 885 1024
4 799 958 894 995
4 799 981 848 1044
4 799 986 850 1044
4 799 995 894 1024
4 800 443 906 934
4 800 460 857 1013
4 800 803 906 1045
4 800 818 771 874
4 800 818 874 1013
4 800 857 818 1013
4 800 861 803 1045
4 800 874 829 1013
4 800 890 861 1045
4 800 906 443 1013
4 800 906 803 934
4 800 906 829 1045
4 801 776 913 917
4 801 816 776 917
4 801 844 816 972
4 801 853 415 865
4 801 865 816 917
4 801 875 416 942
4 801 875 844 972
4 801 917 913 1010
4 801 942 853 1010
4 802 767 854 975
4 802 825 404 854
4 802 854 932 975
4 802 873 1012 1029
4 802 880 873 1029
4 802 880 975 996
4 802 884 880 996
4 802 894 975 1029
4 802 932 884 975
4 802 975 880 1029
4 802 975 884 996
4 802 1012 825 1029
4 803 763 851 906
4 803 763 906 1045
4 803 851 784 916
4 803 851 820 906
4 803 861 763 1045
4 803 861 800 934
4 803 906 820 944
4 803 933 273 934
4 803 933 510 944
4 804 768 878 883
4 804 773 867 1037
4 804 852 768 883
4 804 867 773 917
4 804 867 840 1037
4 804 878 768 917
4 804 878 834 883
4 804 883 834 1002
4 805 394 915 1047
4 805 787 908 976
4 805 835 772 898
4 805 836 835 898
4 805 889 787 976
4 805 889 836 1047
4 805 898 463 1047
4 805 898 772 959
4 805 908 847 990
4 805 915 889 1047
4 806 838 950 1027
4 806 858 838 868
4 806 862 763 992
4 806 862 860 874
4 806 868 838 1027
4 806 874 860 950
4 806 950 860 1027
4 806 992 868 998
4 807 771 890 939
4 807 860 651 862
4 807 860 771 939
4 807 861 784 887
4 807 862 636 1017
4 807 874 862 1045
4 807 890 861 1031
4 807 939 890 1031
4 808 772 872 1021
4 808 775 892 967
4 808 854 775 879
4 808 854 1021 1022
4 808 872 504 1021
4 808 872 772 895
4 808 879 775 967
4 808 879 967 1003
4 808 895 772 955
4 808 1003 955 879
4 808 1021 892 1022
4 809 768 841 911
4 809 768 911 999
4 809 841 768 853
4 809 911 841 1019
4 809 987 940 1038
4 809 1019 853 1025
4 809 1025 987 1038
4 809 1025 999 1032
4 810 439 943 1035
4 810 733 927 980
4 810 748 869 927
4 810 781 893 1005
4 810 839 869 1005
4 810 845 439 1035
4 810 845 781 1005
4 810 869 839 927
4 810 869 845 1005
4 810 893 781 943
4 810 925 893 943
4 810 927 839 1005
4 810 927 893 980
4 811 767 896 997
4 811 797 938 994
4 811 896 767 955
4 811 897 797 918
4 811 918 767 974
4 811 918 797 994
4 811 938 896 994
4 811 938 897 1046
4 811 961 792 997
4 811 974 767 975
4 811 974 961 1046
4 812 787 947 988
4 812 787 988 1016
4 812 945 389 965
4 812 945 787 1016
4 812 947 296 948
4 812 947 787 953
4 812 948 390 988
4 812 965 863 1034
4 812 988 945 1016
4 813 485 988 1039
4 813 842 301 1000
4 813 842 764 1030
4 813 900 842 1000
4 813 905 842 1030
4 813 947 905 1030
4 813 948 947 988
4 813 988 915 1039
4 813 988 947 1030
4 814 764 864 897
4 814 842 300 905
4 814 842 764 974
4 814 864 628 897
4 814 891 842 974
4 814 897 628 1046
4 814 905 300 1026
4 814 961 891 974
4 814 961 974 1046
4 815 859 770 901
4 815 881 167 882
4 815 881 859 989
4 815 882 166 979
4 816 776 867 1023
4 816 844 776 1023
4 816 865 801 972
4 816 867 773 902
4 816 867 776 917
4 817 773 937 954
4 817 865 773 954
4 817 871 765 1032
4 817 878 768 999
4 817 937 871 954
4 818 796 960 1008
4 818 829 770 874
4 818 857 796 1008
4 818 874 770 899
4 818 899 846 1008
4 818 901 829 1013
4 818 960 899 1008
4 818 1008 422 1013
4 819 593 914 969
4 819 769 953 976
4 819 821 589 924
4 819 821 769 876
4 819 827 591 962
4 819 827 769 924
4 819 831 593 969
4 819 876 769 976
4 819 953 827 962
4 819 953 876 976
4 820 833 788 992
4 820 851 540 956
4 820 851 763 906
4 820 851 803 944
4 820 903 833 931
4 820 903 931 970
4 820 906 437 944
4 820 931 509 970
4 820 931 544 944
4 820 931 833 956
4 820 956 833 992
4 820 970 763 992
4 821 876 819 914
4 821 935 876 971
4 822 617 912 978
4 822 620 860 1028
4 822 766 960 978
4 822 860 619 1014
4 822 860 771 899
4 822 860 950 1028
4 822 899 771 960
4 822 899 790 950
4 822 912 618 1028
4 822 950 790 1028
4 822 978 960 1014
4 823 673 883 1018
4 823 841 172 1006
4 823 841 768 911
4 823 852 768 1018
4 823 883 673 930
4 823 883 852 1018
4 823 911 780 930
4 823 963 673 1018
4 823 1006 963 1018
4 824 762 914 969
4 824 779 927 1001
4 824 839 737 927
4 824 839 783 1004
4 824 914 779 1001
4 824 969 724 1004
4 825 775 919 1022
4 825 791 958 1029
4 825 854 775 1022
4 825 854 802 894
4 825 871 791 1012
4 825 894 802 1029
4 825 1012 791 1029
4 826 854 767 932
4 826 918 767 955
4 826 955 854 1021
4 826 959 772 1021
4 826 974 847 778
4 827 777 953 1030
4 827 864 592 962
4 827 864 764 897
4 827 953 777 962
4 827 953 908 1030
4 828 780 921 1043
4 828 885 941 1024
4 828 921 186 941
4 828 921 780 940
4 828 921 885 1043
4 828 940 780 1043
4 828 940 794 1009
4 828 995 794 1043
4 829 788 970 1033
4 829 874 800 1045
4 829 874 818 1013
4 829 906 425 970
4 829 906 800 1013
4 829 970 425 1033
4 830 786 879 986
4 830 879 786 1003
4 830 957 213 1003
4 830 957 786 986
4 830 967 879 1003
4 830 986 879 1024
4 831 762 953 1034
4 831 910 637 969
4 831 910 863 949
4 831 949 777 962
4 831 953 819 962
4 831 953 863 1034
4 832 784 1007 1017
4 832 851 542 1007
4 832 862 635 998
4 832 862 784 1017
4 832 956 782 966
4 832 966 782 998
4 832 1007 709 1017
4 833 903 788 926
4 833 926 788 992
4 833 931 903 1015
4 833 956 535 1040
4 834 804 1002 1037
4 834 848 605 885
4 834 848 765 1037
4 834 848 789 1002
4 834 878 765 1043
4 834 878 780 883
4 834 878 804 1037
4 835 196 855 982
4 835 836 769 935
4 835 898 194 982
4 835 982 797 990
4 836 200 964 971
4 836 889 781 964
4 836 889 805 976
4 836 898 805 1047
4 836 935 200 971
4 837 766 978 991
4 837 776 991 1036
4 837 795 978 1036
4 837 852 776 1036
4 837 852 793 913
4 837 913 766 991
4 837 978 615 1036
4 838 858 162 868
4 838 858 770 881
4 838 858 806 950
4 838 868 655 1027
4 838 881 770 950
4 838 881 790 984
4 838 984 790 1028
4 839 869 738 927
4 839 927 824 1005
4 840 867 328 951
4 840 867 804 973
4 840 951 789 1037
4 840 973 804 1002
4 840 1002 804 1037
4 841 853 809 1019
4 841 985 853 1019
4 842 900 764 974
4 842 900 778 983
4 842 905 764 1030
4 843 773 909 951
4 843 902 773 951
4 843 909 791 993
4 843 937 773 954
4 844 875 801 991
4 844 877 795 991
4 844 929 796 1020
4 845 395 439 1035
4 845 439 395 440
4 845 762 976 1005
4 845 781 976 1035
4 845 869 440 945
4 845 945 457 1016
4 845 976 889 1035
4 846 899 815 946
4 846 899 818 901
4 846 901 818 1008
4 846 946 815 979
4 847 908 764 990
4 847 908 805 915
4 847 918 826 959
4 847 959 805 990
4 847 974 826 918
4 848 856 675 981
4 848 856 774 958
4 848 885 799 1044
4 848 894 799 958
4 848 958 799 995
4 849 855 196 982
4 849 895 786 982
4 849 938 786 957
4 850 870 661 997
4 850 894 774 975
4 850 896 767 997
4 852 883 612 1018
4 852 973 776 1036
4 853 865 801 917
4 853 865 817 1025
4 853 985 841 1010
4 853 1010 917 801
4 854 879 808 955
4 854 932 826 1021
4 854 955 808 1021
4 855 935 924 1041
4 856 870 774 936
4 856 909 789 977
4 856 936 774 958
4 857 890 771 922
4 857 1008 818 1013
4 858 859 770 881
4 858 868 806 992
4 858 926 868 992
4 859 901 435 1033
4 859 901 815 989
4 859 903 788 1033
4 860 862 807 874
4 860 874 771 899
4 860 899 822 950
4 860 1027 950 1028
4 861 887 807 1031
4 861 890 807 1045
4 862 860 1027 806
4 862 992 806 998
4 862 998 1027 622
4 863 910 294 949
4 863 947 777 949
4 863 953 812 1034
4 863 953 947 812
4 863 965 798 1034
4 864 905 814 1026
4 864 962 949 1026
4 865 954 817 1025
4 866 890 771 939
4 866 922 354 1042
4 866 939 654 1031
4 866 960 795 1014
4 866 1014 795 1042
4 867 776 973 1011
4 867 902 350 951
4 867 917 804 973
4 867 951 840 1037
4 867 973 840 1011
4 867 1011 289 1023
4 868 888 642 998
4 868 888 782 926
4 869 762 1005 839
4 869 1005 762 845
4 869 1034 945 845
4 870 880 774 936
4 871 919 765 1032
4 871 937 765 958
4 871 937 843 954
4 872 898 508 959
4 873 880 802 884
4 873 936 791 1029
4 873 993 474 1012
4 873 1012 484 802
4 874 899 860 950
4 875 929 480 1008
4 875 929 844 972
4 876 893 781 1005
4 876 914 779 1005
4 876 914 821 952
4 876 935 769 976
4 876 952 821 971
4 876 953 762 976
4 876 971 935 976
4 876 976 762 1005
4 877 776 1011 1036
4 877 978 795 1036
4 877 991 776 1036
4 877 991 844 1023
4 877 1011 776 1023
4 878 917 804 1037
4 879 967 830 1024
4 880 792 975 996
4 880 936 873 1029
4 880 975 774 1029
4 881 882 815 946
4 882 912 790 920
4 882 912 793 946
4 882 920 790 984
4 884 932 486 983
4 884 932 778 975
4 884 975 778 996
4 884 983 317 996
4 885 921 780 1043
4 885 921 828 941
4 885 941 799 1044
4 885 995 828 1043
4 886 434 987 794
4 886 892 775 1009
4 886 987 434 519
4 887 923 784 1017
4 888 966 782 1040
4 889 915 394 1047
4 889 915 787 1016
4 889 964 431 1035
4 889 964 836 1047
4 889 976 781 1035
4 889 976 845 1016
4 889 1016 845 1035
4 890 939 866 1031
4 891 975 792 996
4 891 983 778 996
4 892 967 775 1009
4 893 925 205 943
4 893 925 810 980
4 893 927 779 980
4 893 927 810 1005
4 893 943 201 971
4 893 952 779 971
4 894 825 995 1029
4 894 995 958 1029
4 896 938 786 994
4 896 938 811 997
4 896 955 811 994
4 897 1046 974 811
4 898 195 198 835
4 898 198 138 836
4 899 960 846 1008
4 900 932 778 983
4 900 983 842 1000
4 900 1000 813 1039
4 903 970 788 1033
4 905 947 298 949
4 905 947 777 1030
4 905 949 298 1026
4 907 734 980 1001
4 907 952 644 1001
4 909 789 937 958
4 909 936 789 958
4 909 937 789 951
4 909 993 936 791
4 910 348 949 581
4 911 172 221 177
4 911 221 172 841
4 911 247 1019 809
4 911 930 178 940
4 911 940 809 999
4 911 1019 247 177
4 913 942 801 1010
4 915 988 392 1039
4 915 988 787 1016
4 916 541 549 803
4 916 549 541 562
4 917 1010 853 768
4 918 811 955 994
4 918 959 847 990
4 918 974 826 975
4 920 963 171 1006
4 920 963 793 1018
4 922 857 1020 796
4 922 960 796 1020
4 922 1020 857 363
4 922 1020 1042 795
4 922 1042 1020 354
4 923 1007 784 1017
4 924 935 821 1041
4 927 980 734 1001
4 929 288 972 267
4 929 972 288 844
4 931 513 970 903
4 931 970 513 441
4 936 993 909 335
4 937 958 789 1037
4 938 1046 997 597
4 940 186 1009 828
4 940 999 780 1043
4 940 1009 186 180
4 941 1024 986 830
4 942 416 418 875
4 942 418 416 417
4 942 946 846 979
4 942 985 853 1010
4 943 964 250 971
4 943 964 781 1035
4 945 965 812 1034
4 945 1034 869 798
4 946 1010 766 913
4 947 364 948 813
4 947 948 364 351
4 947 948 812 988
4 947 953 863 777
4 947 988 787 1030
4 949 962 704 1026
4 950 1027 838 1028
4 952 203 907 238
4 952 907 203 779
4 955 1003 808 895
4 956 966 536 1040
4 958 995 825 1029
4 960 978 766 991
4 960 978 795 1014
4 961 714 870 702
4 961 870 714 266
4 961 997 811 1046
4 963 142 173 823
4 963 173 142 232
4 963 232 579 663
4 963 579 673 663
4 963 643 673 1018
4 963 673 579 823
4 963 673 643 663
4 969 762 819 831
4 969 819 762 914
4 973 852 917 804
4 973 917 852 776
4 973 1011 776 1036
4 974 1046 897 814
4 977 909 951 305
4 977 951 909 789
4 979 225 240 169
4 979 240 225 371
4 979 882 946 815
4 979 946 882 785
4 980 1001 779 907
4 982 195 196 193
4 982 196 195 835
4 984 167 882 175
4 984 882 167 790
4 986 1024 941 799
4 987 1025 469 1038
4 987 1025 809 1032
4 990 769 827 797
4 990 827 769 908
4 997 597 677 599
4 997 677 597 1046
4 997 1046 938 811
4 999 1025 768 817
4 999 1025 817 1032
4 999 1032 765 794
4 1004 134 585 693
4 1004 585 134 731
4 1009 995 1024 775
4 1009 1024 995 828
4 1011 265 723 570
4 1011 703 723 877
4 1011 1036 703 877
4 1017 707 708 887
4 1017 708 707 636
4 1019 505 524 468
4 1019 524 505 1038
4 1019 1038 1025 809
4 1020 1042 286 354
4 1024 885 995 828
4 1024 995 885 799
4 1025 412 954 411
4 1025 505 1019 467
4 1025 954 412 865
4 1025 1038 1019 505
4 1027 860 862 622
4 1027 868 998 806
4 1027 998 862 806
4 1027 998 868 641
4 1030 915 988 787
4 1030 988 915 813
4 1033 377 903 511
4 1033 903 377 859
4 1034 783 831 762
4 1034 831 783 863
4 1036 615 631 978
4 1036 631 615 664
4 1036 665 703 877
4 1036 703 665 664
4 1037 765 817 937
4 1037 817 765 878
4 1037 848 958 789
4 1037 958 848 765
4 1041 571 684 855
4 1041 684 571 652
4 1042 95 572 697
4 1042 286 323 877
4 1042 323 286 254
4 1042 572 95 303
4 1044 675 848 605
4 1044 848 675 981
4 1045 784 862 807
4 1045 862 784 763

CELL_TYPES 3896
10
10
10
10
10
10
10
10
10
10
10
10
10
10
10
10
10
10
10
10
10
10
10
10
10
10
10
10
10
10
10
10
10
10
10
10
10
10
10
10
10
10
10
10
10
10
10
10
10
10
10
10
10
10
10
10
10
10
10
10
10
10
10
10
10
10
10
10
10
10
10
10
10
10
10
10
10
10
10
10
10
10
10
10
10
10
10
10
10
10
10
10
10
10
10
10
10
10
10
10
10
10
10
10
10
10
10
10
10
10
10
10
10
10
10
10
10
10
10
10
10
10
10
10
10
10
10
10
10
10
10
10
10
10
10
10
10
10
10
10
10
10
10
10
10
10
10
10
10
10
10
10
10
10
10
10
10
10
10
10
10
10
10
10
10
10
10
10
10
10
10
10
10
10
10
10
10
10
10
10
10
10
10
10
10
10
10
10
10
10
10
10
10
10
10
10
10
10
10
10
10
10
10
10
10
10
10
10
10
10
10
10
10
10
10
10
10
10
10
10
10
10
10
10
10
10
10
10
10
10
10
10
10
10
10
10
10
10
10
10
10
10
10
10
10
10
10
10
10
10
10
10
10
10
10
10
10
10
10
10
10
10
10
10
10
10
10
10
10
10
10
10
10
10
10
10
10
10
10
10
10
10
10
10
10
10
10
10
10
10
10
10
10
10
10
10
10
10
10
10
10
10
10
10
10
10
10
10
10
10
10
10
10
10
10
10
10
10
10
10
10
10
10
10
10
10
10
10
10
10
10
10
10
10
10
10
10
10
10
10
10
10
10
10
10
10
10
10
10
10
10
10
10
10
10
10
10
10
10
10
10
10
10
10
10
10
10
10
10
10
10
10
10
10
10
10
10
10
10
10
10
10
10
10
10
10
10
10
10
10
10
10
10
10
10
10
10
10
10
10
10
10
10
10
10
10
10
10
10
10
10
10
10
10
10
10
10
10
10
10
10
10
10
10
10
10
10
10
10
10
10
10
10
10
10
10
10
10
10
10
10
10
10
10
10
10
10
10
10
10
10
10
10
10
10
10
10
10
10
10
10
10
10
10
10
10
10
10
10
10
10
10
10
10
10
10
10
10
10
10
10
10
10
10
10
10
10
10
10
10
10
10
10
10
10
10
10
10
10
10
10
10
10
10
10
10
10
10
10
10
10
10
10
10
10
10
10
10
10
10
10
10
10
10
10
10
10
10
10
10
10
10
10
10
10
10
10
10
10
10
10
10
10
10
10
10
10
10
10
10
10
10
10
10
10
10
10
10
10
10
10
10
10
10
10
10
10
10
10
10
10
10
10
10
10
10
10
10
10
10
10
10
10
10
10
10
10
10
10
10
10
10
10
10
10
10
10
10
10
10
10
10
10
10
10
10
10
10
10
10
10
10
10
10
10
10
10
10
10
10
10
10
10
10
10
10
10
10
10
10
10
10
10
10
10
10
10
10
10
10
10
10
10
10
10
10
10
10
10
10
10
10
10
10
10
10
10
10
10
10
10
10
10
10
10
10
10
10
10
10
10
10
10
10
10
10
10
10
10
10
10
10
10
10
10
10
10
10
10
10
10
10
10
10
10
10
10
10
10
10
10
10
10
10
10
10
10
10
10
10
10
10
10
10
10
10
10
10
10
10
10
10
10
10
10
10
10
10
10
10
10
10
10
10
10
10
10
10
10
10
10
10
10
10
10
10
10
10
10
10
10
10
10
10
10
10
10
10
10
10
10
10
10
10
10
10
10
10
10
10
10
10
10
10
10
10
10
10
10
10
10
10
10
10
10
10
10
10
10
10
10
10
10
10
10
10
10
10
10
10
10
10
10
10
10
10
10
10
10
10
10
10
10
10
10
10
10
10
10
10
10
10
10
10
10
10
10
10
10
10
10
10
10
10
10
10
10
10
10
10
10
10
10
10
10
10
10
10
10
10
10
10
10
10
10
10
10
10
10
10
10
10
10
10
10
10
10
10
10
10
10
10
10
10
10
10
10
10
10
10
10
10
10
10
10
10
10
10
10
10
10
10
10
10
10
10
10
10
10
10
10
10
10
10
10
10
10
10
10
10
10
10
10
10
10
10
10
10
10
10
10
10
10
10
10
10
10
10
10
10
10
10
10
10
10
10
10
10
10
10
10
10
10
10
10
10
10
10
10
10
10
10
10
10
10
10
10
10
10
10
10
10
10
10
10
10
10
10
10
10
10
10
10
10
10
10
10
10
10
10
10
10
10
10
10
10
10
10
10
10
10
10
10
10
10
10
10
10
10
10
10
10
10
10
10
10
10
10
10
10
10
10
10
10
10
10
10
10
10
10
10
10
10
10
10
10
10
10
10
10
10
10
10
10
10
10
10
10
10
10
10
10
10
10
10
10
10
10
10
10
10
10
10
10
10
10
10
10
10
10
10
10
10
10
10
10
10
10
10
10
10
10
10
10
10
10
10
10
10
10
10
10
10
10
10
10
10
10
10
10
10
10
10
10
10
10
10
10
10
10
10
10
10
10
10
10
10
10
10
10
10
10
10
10
10
10
10
10
10
10
10
10
10
10
10
10
10
10
10
10
10
10
10
10
10
10
10
10
10
10
10
10
10
10
10
10
10
10
10
10
10
10
10
10
10
10
10
10
10
10
10
10
10
10
10
10
10
10
10
10
10
10
10
10
10
10
10
10
10
10
10
10
10
10
10
10
10
10
10
10
10
10
10
10
10
10
10
10
10
10
10
10
10
10
10
10
10
10
10
10
10
10
10
10
10
10
10
10
10
10
10
10
10
10
10
10
10
10
10
10
10
10
10
10
10
10
10
10
10
10
10
10
10
10
10
10
10
10
10
10
10
10
10
10
10
10
10
10
10
10
10
10
10
10
10
10
10
10
10
10
10
10
10
10
10
10
10
10
10
10
10
10
10
10
10
10
10
10
10
10
10
10
10
10
10
10
10
10
10
10
10
10
10
10
10
10
10
10
10
10
10
10
10
10
10
10
10
10
10
10
10
10
10
10
10
10
10
10
10
10
10
10
10
10
10
10
10
10
10
10
10
10
10
10
10
10
10
10
10
10
10
10
10
10
10
10
10
10
10
10
10
10
10
10
10
10
10
10
10
10
10
10
10
10
10
10
10
10
10
10
10
10
10
10
10
10
10
10
10
10
10
10
10
10
10
10
10
10
10
10
10
10
10
10
10
10
10
10
10
10
10
10
10
10
10
10
10
10
10
10
10
10
10
10
10
10
10
10
10
10
10
10
10
10
10
10
10
10
10
10
10
10
10
10
10
10
10
10
10
10
10
10
10
10
10
10
10
10
10
10
10
10
10
10
10
10
10
10
10
10
10
10
10
10
10
10
10
10
10
10
10
10
10
10
10
10
10
10
10
10
10
10
10
10
10
10
10
10
10
10
10
10
10
10
10
10
10
10
10
10
10
10
10
10
10
10
10
10
10
10
10
10
10
10
10
10
10
10
10
10
10
10
10
10
10
10
10
10
10
10
10
10
10
10
10
10
10
10
10
10
10
10
10
10
10
10
10
10
10
10
10
10
10
10
10
10
10
10
10
10
10
10
10
10
10
10
10
10
10
10
10
10
10
10
10
10
10
10
10
10
10
10
10
10
10
10
10
10
10
10
10
10
10
10
10
10
10
10
10
10
10
10
10
10
10
10
10
10
10
10
10
10
10
10
10
10
10
10
10
10
10
10
10
10
10
10
10
10
10
10
10
10
10
10
10
10
10
10
10
10
10
10
10
10
10
10
10
10
10
10
10
10
10
10
10
10
10
10
10
10
10
10
10
10
10
10
10
10
10
10
10
10
10
10
10
10
10
10
10
10
10
10
10
10
10
10
10
10
10
10
10
10
10
10
10
10
10
10
10
10
10
10
10
10
10
10
10
10
10
10
10
10
10
10
10
10
10
10
10
10
10
10
10
10
10
10
10
10
10
10
10
10
10
10
10
10
10
10
10
10
10
10
10
10
10
10
10
10
10
10
10
10
10
10
10
10
10
10
10
10
10
10
10
10
10
10
10
10
10
10
10
10
10
10
10
10
10
10
10
10
10
10
10
10
10
10
10
10
10
10
10
10
10
10
10
10
10
10
10
10
10
10
10
10
10
10
10
10
10
10
10
10
10
10
10
10
10
10
10
10
10
10
10
10
10
10
10
10
10
10
10
10
10
10
10
10
10
10
10
10
10
10
10
10
10
10
10
10
10
10
10
10
10
10
10
10
10
10
10
10
10
10
10
10
10
10
10
10
10
10
10
10
10
10
10
10
10
10
10
10
10
10
10
10
10
10
10
10
10
10
10
10
10
10
10
10
10
10
10
10
10
10
10
10
10
10
10
10
10
10
10
10
10
10
10
10
10
10
10
10
10
10
10
10
10
10
10
10
10
10
10
10
10
10
10
10
10
10
10
10
10
10
10
10
10
10
10
10
10
10
10
10
10
10
10
10
10
10
10
10
10
10
10
10
10
10
10
10
10
10
10
10
10
10
10
10
10
10
10
10
10
10
10
10
10
10
10
10
10
10
10
10
10
10
10
10
10
10
10
10
10
10
10
10
10
10
10
10
10
10
10
10
10
10
10
10
10
10
10
10
10
10
10
10
10
10
10
10
10
10
10
10
10
10
10
10
10
10
10
10
10
10
10
10
10
10
10
10
10
10
10
10
10
10
10
10
10
10
10
10
10
10
10
10
10
10
10
10
10
10
10
10
10
10
10
10
10
10
10
10
10
10
10
10
10
10
10
10
10
10
10
10
10
10
10
10
10
10
10
10
10
10
10
10
10
10
10
10
10
10
10
10
10
10
10
10
10
10
10
10
10
10
10
10
10
10
10
10
10
10
10
10
10
10
10
10
10
10
10
10
10
10
10
10
10
10
10
10
10
10
10
10
10
10
10
10
10
10
10
10
10
10
10
10
10
10
10
10
10
10
10
10
10
10
10
10
10
10
10
10
10
10
10
10
10
10
10
10
10
10
10
10
10
10
10
10
10
10
10
10
10
10
10
10
10
10
10
10
10
10
10
10
10
10
10
10
10
10
10
10
10
10
10
10
10
10
10
10
10
10
10
10
10
10
10
10
10
10
10
10
10
10
10
10
10
10
10
10
10
10
10
10
10
10
10
10
10
10
10
10
10
10
10
10
10
10
10
10
10
10
10
10
10
10
10
10
10
10
10
10
10
10
10
10
10
10
10
10
10
10
10
10
10
10
10
10
10
10
10
10
10
10
10
10
10
10
10
10
10
10
10
10
10
10
10
10
10
10
10
10
10
10
10
10
10
10
10
10
10
10
10
10
10
10
10
10
10
10
10
10
10
10
10
10
10
10
10
10
10
10
10
10
10
10
10
10
10
10
10
10
10
10
10
10
10
10
10
10
10
10
10
10
10
10
10
10
10
10
10
10
10
10
10
10
10
10
10
10
10
10
10
10
10
10
10
10
10
10
10
10
10
10
10
10
10
10
10
10
10
10
10
10
10
10
10
10
10
10
10
10
10
10
10
10
10
10
10
10
10
10
10
10
10
10
10
10
10
10
10
10
10
10
10
10
10
10
10
10
10
10
10
10
10
10
10
10
10
10
10
10
10
10
10
10
10
10
10
10
10
10
10
10
10
10
10
10
10
10
10
10
10
10
10
10
10
10
10
10
10
10
10
10
10
10
10
10
10
10
10
10
10
10
10
10
10
10
10
10
10
10
10
10
10
10
10
10
10
10
10
10
10
10
10
10
10
10
10
10
10
10
10
10
10
10
10
10
10
10
10
10
10
10
10
10
10
10
10
10
10
10
10
10
10
10
10
10
10
10
10
10
10
10
10
10
10
10
10
10
10
10
10
10
10
10
10
10
10
10
10
10
10
10
10
10
10
10
10
10
10
10
10
10
10
10
10
10
10
10
10
10
10
10
10
10
10
10
10
10
10
10
10
10
10
10
10
10
10
10
10
10
10
10
10
10
10
10
10
10
10
10
10
10
10
10
10
10
10
10
10
10
10
10
10
10
10
10
10
10
10
10
10
10
10
10
10
10
10
10
10
10
10
10
10
10
10
10
10
10
10
10
10
10
10
10
10
10
10
10
10
10
10
10
10
10
10
10
10
10
10
10
10
10
10
10
10
10
10
10
10
10
10
10
10
10
10
10
10
10
10
10
10
10
10
10
10
10
10
10
10
10
10
10
10
10
10
10
10
10
10
10
10
10
10
10
10
10
10
10
10
10
10
10
10
10
10
10
10
10
10
10
10
10
10
10
10
10
10
10
10
10
10
10
10
10
10
10
10
10
10
10
10
10
10
10
10
10
10
10
10
10
10
10
10
10
10
10
10
10
10
10
10
10
10
10
10
10
10
10
10
10
10
10
10
10
10
10
10
10
10
10
10
10
10
10
10
10
10
10
10
10
10
10
10
10
10
10
10
10
10
10
10
10
10
10
10
10
10
10
10
10
10
10
10
10
10
10
10
10
10
10
10
10
10
10
10
10
10
10
10
10
10
10
10
10
10
10
10
10
10
10
10
10
10
10
10
10
10
10
10
10
10
10
10
10
10
10
10
10
10
10
10
10
10
10
10
10
10
10
10
10
10
10
10
10
10
10
10
10
10
10
10
10
10
10
10
10
10
10
10
10
10
10
10
10
10
10
10
10
10
10
10
10
10
10
10
10
10
10
10
10
10
10
10
10
10
10
10
10
10
10
10
10
10
10
10
10
10
10
10
10
10
10
10
10
10
10
10
10
10
10
10
10
10
10
10
10
10
10
10
10
10
10
10
10
10
10
10
10
10
10
10
10
10
10
10
10
10
10
10
10
10
10
10
10
10
10
10
10
10
10
10
10
10
10
10
10
10
10
10
10
10
10
10
10
10
10
10
10
10
10
10
10
10
10
10
10
10
10
10
10
10
10
10
10
10
10
10
10
10
10
10
10
10
10
10
10
10
10
10
10
10
10
10
10
10
10
10
10
10
10
10
10
10
10
10
10
10
10
10
10
10
10
10
10
10
10
10
10
10
10
10
10
10
10
10
10
10
10
10
10
10
10
10
10
10
10
10
10
10
10
10
10
10
10
10
10
10
10
10
10
10
10
10
10
10
10
10
10
10
10
10
10
10
10
10
10
10
10
10
10
10
10
10
10
10
10
10
10
10
10
10
10
10
10
10
10
10
10
10
10
10
10
10
10
10
10
10
10
10
10
10
10
10
10
10
10
10
10
10
10
10
10
10
10
10
10
10
10
10
10
10
10
10
10
10
10
10
10
10
10
10
10
10
10
10
10
10
10
10
10
10
10
10
10
10
10
10
10
10
10
10
10
10
10
10
10
10
10
10
10
10
10
10
10
10
10
10
10
10
10
10
10
10
10
10
10
10
10
10
10
10
10
10
10
10
10
10
10
10
10
10
10
10
10
10
10
10
10
10
10
10
10
10
10
10
10
10
10
10
10
10
10
10
10
10
10
10
10
10
10
10
10
10
10
10
10
10
10
10
10
10
10
10
10
10
10
10
10
10
10
10
10
10
10
10
10
10
10
10
10
10
10
10
10
10
10
10
10
10
10
10
10
10
10
10
10
10
10
10
10
10
10
10
10
10
10
10
10
10
10
10
10
10
10
10
10
10
10
10
10
10
10
10
10
10
10
10
10
10
10
10
10
10
10
10
10
10
10
10
10
10
10
10
10
10
10
10
10
10
10
10
10
10
10
10
10
10
10
10
10
10
10
10
10
10
10
10
10
10
10
10
10
10
10
10
10
10
10
10
10
10
10
10
10
10
10
10
10
10
10
10
10
10
10
10
10
10
10
10
10
10
10
10
10
10
10
10
10
10
10
10
10
10
10
10
10
10
10
10
10
10
10
10
10
10
10
10
10
10
10
10
10
10
10
10
10
10
10
10
10
10
10
10
10
10
10
10
10
10
10
10
10
10
10
10
10
10
10
10
10
10
10
10
10
10
10
10
10
10
10
10
10
10
10
10
10
10
10
10
10
10
10
10
10
10
10
10
10
10
10
10
10
10
10
10
10
10
10
10
10
10
10
10
10
10
10
10
10
10
10
10
10
10
10
10
10
10
10
10
10
10
10
10
10
10
10
10
10
10
10
10
10
10
10
10
10
10
10
10
10
10
10
10
10
10
10
10
10
10
10
10
10
10
10
10
10
10
10
10
10
10
10
10
10
10
10
10
10
10
10
10
10
10
10
10
10
10
10
10
10
10
10
10
10
10
10
10
10
10
10
10
10
10
10
10
10
10
10
10
10
10
10
10
10
10
10
10
10
10
10
10
10
10
10
10
10
10
10
10
10
10
10
10
10
10
10
10
10
10
10
10
10
10
10
10
10
10
10
10
10
10
10
10
10
10
10
10
10
10
10
10
10
10
10
10
10
10
10
10
10
10
10
10
10
10
10
10
10
10
10
10
10
10
10
10
10
10
10
10
10
10
10
10
10
10
10
10
10
10
10
10
10
10
10
10
10
10
10
10
10
10
10
10
10
10
10
10
10
10
10
10
10
10
10
10
10
10
10
10
10
10
10
10
10
10
10
10
10
10
10
10
10
10
10
10
10
10
10
10
10
10
10
10
10
10
10
10
10
10
10
10
10
10
10
10
10
10
10
10
10
10
10
10
10
10
10
10
10
10
10
10
10
10
10
10
10
10
10
10
10
10
10
10
10
10
10
10
10
10
10
10
10
10
10
10
10
10
10
10
10
10
10
10
10
10
10
10
10
10
10
10
10
10
10
10
10
10
10
10
10
10
10
10
10
10
10
10
10
10
10
10
10
10
10
10
10
10
10
10
10
10
10
10
10
10
10
POINT_DATA 1048
FIELD FieldData 3
DISPLACEMENT 3 1048  float
-1.0090662e-07 -3.6905923e-10 5.8780279e-07 
-1.0071768e-07 -3.4918599e-10 5.8794444e-07 
0.0000000e+00 0.0000000e+00 0.0000000e+00 
0.0000000e+00 0.0000000e+00 0.0000000e+00 
1.0334604e-07 1.2681269e-10 5.8915452e-07 
1.0317734e-07 -4.2617757e-10 5.8898439e-07 
0.0000000e+00 0.0000000e+00 0.0000000e+00 
0.0000000e+00 0.0000000e+00 0.0000000e+00 
-1.0090233e-07 -3.6942630e-10 5.8780836e-07 
-1.0087625e-07 -3.6642636e-10 5.8782655e-07 
-1.0083213e-07 -3.5943559e-10 5.8786026e-07 
-1.0078266e-07 -3.5141803e-10 5.8790124e-07 
-1.0071267e-07 -2.8493241e-10 5.5590755e-07 
-1.0068692e-07 -1.9453469e-10 5.2378277e-07 
-1.0054923e-07 -7.6700472e-11 4.9154494e-07 
-1.0021964e-07 1.0714382e-10 4.5924230e-07 
-9.9777630e-08 3.0975617e-10 4.2695615e-07 
-9.9092198e-08 5.0967147e-10 3.9469580e-07 
-9.8066295e-08 7.6420370e-10 3.6257586e-07 
-9.6534144e-08 1.1218747e-09 3.3067818e-07 
-9.4644108e-08 1.3786258e-09 2.9930658e-07 
-9.2449284e-08 1.7621425e-09 2.6846763e-07 
-8.9838295e-08 2.2058873e-09 2.3804753e-07 
-8.6487667e-08 2.5857605e-09 2.0863054e-07 
-8.2471132e-08 3.1968252e-09 1.8010962e-07 
-7.7805012e-08 3.4822416e-09 1.5318366e-07 
-7.2614164e-08 4.1110457e-09 1.2717827e-07 
-6.6364557e-08 4.7265618e-09 1.0290244e-07 
-5.9717152e-08 5.3181544e-09 8.0518817e-08 
-5.2280679e-08 6.0940128e-09 6.0629226e-08 
-4.3807262e-08 6.2373378e-09 4.3115172e-08 
-3.4537671e-08 6.8280288e-09 2.8176707e-08 
-2.4825086e-08 6.9512671e-09 1.6363268e-08 
-1.3376661e-08 5.9974448e-09 7.4539637e-09 
0.0000000e+00 0.0000000e+00 0.0000000e+00 
0.0000000e+00 0.0000000e+00 0.0000000e+00 
0.0000000e+00 0.0000000e+00 0.0000000e+00 
0.0000000e+00 0.0000000e+00 0.0000000e+00 
-1.2865411e-08 -5.6216707e-09 7.6348456e-09 
-2.3714582e-08 -6.5432690e-09 1.6224666e-08 
-3.3812107e-08 -6.6268147e-09 2.8337254e-08 
-4.3502297e-08 -6.2162546e-09 4.2932836e-08 
-5.1751275e-08 -5.7993530e-09 6.0560616e-08 
-5.9937342e-08 -4.8698729e-09 8.0913715e-08 
-6.6441672e-08 -4.4118131e-09 1.0327881e-07 
-7.2507035e-08 -3.7818384e-09 1.2710431e-07 
-7.7560834e-08 -3.4536247e-09 1.5277786e-07 
-8.2603009e-08 -3.0574343e-09 1.7993908e-07 
-8.6658282e-08 -2.5612767e-09 2.0844124e-07 
-8.9964296e-08 -2.1674786e-09 2.3796893e-07 
-9.2758903e-08 -1.8541014e-09 2.6811895e-07 
-9.5066859e-08 -1.4645209e-09 2.9920781e-07 
-9.6799411e-08 -1.2362765e-09 3.3063282e-07 
-9.8164662e-08 -1.0169054e-09 3.6249864e-07 
-9.9239756e-08 -7.8953566e-10 3.9454446e-07 
-1.0000287e-07 -6.5660422e-10 4.2678087e-07 
-1.0048343e-07 -5.4543908e-10 4.5907368e-07 
-1.0073692e-07 -4.6176485e-10 4.9138794e-07 
-1.0087544e-07 -3.9232323e-10 5.2360883e-07 
-1.0091047e-07 -3.6755793e-10 5.5573946e-07 
1.0334265e-07 8.9270293e-12 5.8909842e-07 
1.0331279e-07 -9.9739356e-11 5.8905277e-07 
1.0327353e-07 -2.0439839e-10 5.8901924e-07 
1.0323321e-07 -3.1373454e-10 5.8899673e-07 
1.0305891e-07 -3.6805914e-10 5.5693602e-07 
1.0291066e-07 -2.7764469e-10 5.2481448e-07 
1.0267060e-07 -1.5346033e-10 4.9258193e-07 
1.0225320e-07 3.2364955e-12 4.6028214e-07 
1.0167716e-07 1.9789723e-10 4.2798322e-07 
1.0080795e-07 4.5280868e-10 3.9572762e-07 
9.9617999e-08 7.3834228e-10 3.6361223e-07 
9.8197333e-08 1.0451039e-09 3.3177554e-07 
9.6380163e-08 1.3311041e-09 3.0035230e-07 
9.3932769e-08 1.6519353e-09 2.6937164e-07 
9.0848665e-08 2.1673390e-09 2.3904920e-07 
8.7543896e-08 2.5148938e-09 2.0958039e-07 
8.3565858e-08 3.2192475e-09 1.8109158e-07 
7.9092921e-08 3.7857322e-09 1.5391753e-07 
7.3917427e-08 3.8899817e-09 1.2788870e-07 
6.7176288e-08 4.5344839e-09 1.0411522e-07 
6.0199071e-08 4.8317403e-09 8.1954632e-08 
5.2447419e-08 5.6172711e-09 6.2381808e-08 
4.4725777e-08 6.0921477e-09 4.4421473e-08 
3.5028474e-08 6.4857795e-09 2.9087829e-08 
2.5012774e-08 6.6297088e-09 1.7288240e-08 
1.3453603e-08 5.5347131e-09 8.0372136e-09 
0.0000000e+00 0.0000000e+00 0.0000000e+00 
0.0000000e+00 0.0000000e+00 0.0000000e+00 
0.0000000e+00 0.0000000e+00 0.0000000e+00 
0.0000000e+00 0.0000000e+00 0.0000000e+00 
1.3274171e-08 -5.4869629e-09 8.2876870e-09 
2.4178012e-08 -6.4210361e-09 1.7100286e-08 
3.4177116e-08 -6.4917671e-09 2.9226465e-08 
4.4333905e-08 -5.9272338e-09 4.3882984e-08 
5.2358953e-08 -5.2398641e-09 6.1968542e-08 
6.0399699e-08 -4.7644666e-09 8.1964536e-08 
6.7307518e-08 -3.9433621e-09 1.0427594e-07 
7.3876485e-08 -3.3848548e-09 1.2821826e-07 
7.9017347e-08 -3.0715266e-09 1.5415851e-07 
8.3639023e-08 -2.5525029e-09 1.8139032e-07 
8.7550880e-08 -2.2166602e-09 2.0981807e-07 
9.1202914e-08 -1.6269027e-09 2.3931599e-07 
9.4011739e-08 -1.3193757e-09 2.6961433e-07 
9.6336812e-08 -1.0026007e-09 3.0063143e-07 
9.8398559e-08 -7.3858925e-10 3.3203673e-07 
9.9806030e-08 -5.1893950e-10 3.6389275e-07 
1.0092329e-07 -2.9631672e-10 3.9592248e-07 
1.0181174e-07 -1.7558136e-10 4.2812786e-07 
1.0243531e-07 -3.1969580e-11 4.6045096e-07 
1.0284304e-07 4.8738139e-11 4.9272006e-07 
1.0308913e-07 1.0445741e-10 5.2496461e-07 
1.0323607e-07 1.2637148e-10 5.5709046e-07 
0.0000000e+00 0.0000000e+00 0.0000000e+00 
0.0000000e+00 0.0000000e+00 0.0000000e+00 
0.0000000e+00 0.0000000e+00 0.0000000e+00 
0.0000000e+00 0.0000000e+00 0.0000000e+00 
0.0000000e+00 0.0000000e+00 0.0000000e+00 
0.0000000e+00 0.0000000e+00 0.0000000e+00 
-7.1670300e-08 -3.6106390e-10 5.8779625e-07 
-4.2509516e-08 -3.7025213e-10 5.8781779e-07 
-1.3393589e-08 -3.8096745e-10 5.8789664e-07 
1.5668679e-08 -4.0338310e-10 5.8807564e-07 
4.4766892e-08 -4.2030568e-10 5.8833342e-07 
7.3938516e-08 -4.3587847e-10 5.8864640e-07 
0.0000000e+00 0.0000000e+00 0.0000000e+00 
0.0000000e+00 0.0000000e+00 0.0000000e+00 
0.0000000e+00 0.0000000e+00 0.0000000e+00 
0.0000000e+00 0.0000000e+00 0.0000000e+00 
0.0000000e+00 0.0000000e+00 0.0000000e+00 
0.0000000e+00 0.0000000e+00 0.0000000e+00 
-7.1484223e-08 -3.0575087e-10 5.8794797e-07 
-4.2321016e-08 -2.3950408e-10 5.8797133e-07 
-1.3234205e-08 -1.5708053e-10 5.8805682e-07 
1.5833253e-08 -7.5384601e-11 5.8823076e-07 
4.4941689e-08 7.0531437e-12 5.8849781e-07 
7.4106843e-08 7.6059346e-11 5.8881039e-07 
-8.8313271e-08 1.6077532e-09 2.2390215e-07 
-3.8510265e-08 -4.2054320e-09 3.6681609e-08 
-1.0019986e-07 -4.6628101e-10 4.4299327e-07 
-5.6323554e-08 -3.2011045e-09 7.0765864e-08 
-9.8694585e-08 3.7677608e-10 3.7871206e-07 
-9.5578088e-08 7.3069001e-10 3.1508975e-07 
-8.0096022e-08 2.1962672e-09 1.6688651e-07 
-6.9900103e-08 2.8335303e-09 1.1546349e-07 
-1.0084911e-07 -3.2764028e-10 5.5401404e-07 
-4.7190426e-08 4.2931867e-09 5.1751183e-08 
-1.0049803e-07 -8.0150185e-11 4.7537773e-07 
-9.1405568e-08 -1.3604807e-09 2.5275816e-07 
-2.8809913e-08 4.7694968e-09 2.3385494e-08 
-8.4912521e-08 -1.8300265e-09 1.9456454e-07 
-9.7603504e-08 -7.9740803e-10 3.4887867e-07 
-7.5741340e-08 -2.4549776e-09 1.4335076e-07 
-1.1326756e-08 -3.4019773e-10 8.3912752e-09 
-1.0081630e-07 -3.8020626e-10 5.0835661e-07 
-1.9313996e-08 -3.7744643e-09 1.3590082e-08 
-1.0075870e-07 -2.5574132e-10 5.3981807e-07 
-1.0834263e-08 1.9279334e-09 7.8935329e-09 
-2.2643595e-08 1.7092784e-09 1.6651848e-08 
-2.0132230e-08 -9.3947572e-10 1.5235173e-08 
-3.1139727e-08 2.3698438e-10 2.6059787e-08 
-2.9786429e-08 -2.4361333e-09 2.4669820e-08 
-3.8342371e-08 -7.9645285e-10 3.7617376e-08 
-3.8788070e-08 1.7471905e-09 3.7478831e-08 
-4.6223565e-08 1.0561356e-10 5.1124591e-08 
-4.8132488e-08 -2.4524491e-09 5.2315009e-08 
-5.4919756e-08 -9.6504749e-10 6.8540459e-08 
-6.1791980e-08 -1.3998065e-09 8.6623750e-08 
-5.9916680e-08 5.9183097e-10 8.3221714e-08 
-6.6817513e-08 -2.3064818e-10 1.0415401e-07 
-6.7853932e-08 -2.0353685e-09 1.0629019e-07 
-7.2704623e-08 -1.2103403e-09 1.2849418e-07 
-7.0972312e-08 8.2215490e-10 1.2250956e-07 
-7.6552837e-08 1.6185826e-10 1.4557523e-07 
-7.5334533e-08 1.4642276e-09 1.4110726e-07 
-6.5472257e-08 1.4554971e-09 9.9311684e-08 
-5.8408219e-08 2.1811033e-09 7.7143135e-08 
-8.0208139e-08 9.9853370e-10 1.6596715e-07 
-8.0823568e-08 -4.0547296e-10 1.7122473e-07 
-8.4318287e-08 2.9675390e-10 1.9166971e-07 
-8.4842362e-08 -8.7779811e-10 1.9672449e-07 
-8.8142713e-08 1.1400744e-11 2.1961817e-07 
-8.8144596e-08 -9.0144048e-10 2.2257952e-07 
-9.0860816e-08 -3.0909605e-10 2.4790083e-07 
-9.3448676e-08 -6.5550892e-10 2.7602911e-07 
-9.3223257e-08 5.6066134e-11 2.7437937e-07 
-9.5399294e-08 -2.5574626e-10 3.0210487e-07 
-9.0048246e-08 6.7448214e-10 2.4120763e-07 
-9.2662873e-08 7.3154666e-10 2.7177413e-07 
-9.5258969e-08 -7.9800561e-10 3.0171830e-07 
-9.6917375e-08 -4.6162546e-10 3.3203253e-07 
-9.6806055e-08 -1.5184054e-11 3.2840171e-07 
-9.8025076e-08 -1.4645125e-10 3.5627568e-07 
-9.7694610e-08 1.7282041e-10 3.5284401e-07 
-9.8783531e-08 -1.7357079e-11 3.8214341e-07 
-9.8988089e-08 -3.0523953e-10 3.8503376e-07 
-9.9624259e-08 -1.6695145e-10 4.1157841e-07 
-9.9492823e-08 6.7484747e-11 4.0912155e-07 
-1.0006282e-07 -1.1425431e-10 4.3818267e-07 
-1.0017060e-07 -2.8256267e-10 4.4063782e-07 
-1.0051573e-07 -2.2251498e-10 4.6699986e-07 
-1.0053842e-07 -3.2455308e-10 4.6968833e-07 
-1.0073155e-07 -2.7957670e-10 4.9556161e-07 
-1.0065263e-07 -1.9652129e-10 4.9306726e-07 
-1.0079268e-07 -2.8947544e-10 5.2868273e-07 
-9.9685828e-08 -4.1124132e-10 4.1092397e-07 
-1.0084899e-07 -3.3054051e-10 5.2524348e-07 
-1.0004839e-07 8.2633671e-11 4.3936214e-07 
-1.0088349e-07 -3.5078923e-10 5.5801183e-07 
-8.0572626e-08 -2.0978206e-09 1.6682061e-07 
-9.8793251e-08 -6.1621214e-10 3.7862191e-07 
-8.4974673e-08 1.8977089e-09 1.9514111e-07 
-3.8790173e-08 4.0482124e-09 3.5889840e-08 
-1.0068626e-07 -1.7797837e-10 5.0765067e-07 
-9.5084303e-08 3.8182577e-10 3.0282189e-07 
-9.5057340e-09 -1.4791376e-09 6.9172992e-09 
-1.0079933e-07 -3.0833064e-10 5.5586491e-07 
-1.8937753e-08 3.9127586e-09 1.2653402e-08 
-9.7479344e-08 5.6341420e-10 3.4635138e-07 
-6.2834602e-08 3.4481658e-09 9.1697046e-08 
-9.1200988e-08 1.3985494e-09 2.5257978e-07 
-1.0088912e-07 -3.6205328e-10 5.3727700e-07 
-7.8133432e-08 -8.8586877e-10 1.5423589e-07 
-1.0060504e-07 -4.4068282e-10 4.7528656e-07 
-8.6647312e-08 9.6473740e-10 2.0963189e-07 
-5.3249394e-08 1.2898430e-09 6.5367516e-08 
-6.3048432e-08 -3.3479151e-09 9.1186713e-08 
-9.3437038e-08 -1.2250955e-09 2.7675688e-07 
-2.8938668e-08 -4.7875477e-09 2.3064800e-08 
-9.9473915e-08 2.7065494e-10 4.0956974e-07 
-8.8548937e-08 -1.6841268e-09 2.2337635e-07 
-3.1787383e-08 2.1052402e-09 2.6636332e-08 
-4.5823395e-08 1.7571530e-09 5.0879866e-08 
-7.5619496e-08 2.8252485e-09 1.4055229e-07 
-1.0040547e-07 -1.2333358e-10 4.6232375e-07 
-5.5722676e-08 4.3934518e-09 7.1172764e-08 
-9.8105488e-08 -3.9350681e-10 3.5905850e-07 
-9.3875542e-08 1.0833023e-09 2.8758959e-07 
-4.7447429e-08 -4.4360751e-09 5.2080992e-08 
-1.0075798e-07 -2.4612565e-10 5.2371956e-07 
-9.9599610e-08 -5.9517180e-10 4.1074219e-07 
-7.0999050e-08 -2.7610059e-09 1.2088313e-07 
-9.6541314e-08 3.3418215e-10 3.2953210e-07 
-9.1908650e-09 3.0276444e-09 5.9441123e-09 
-9.6377129e-08 -9.2300795e-10 3.2424882e-07 
-1.0090279e-07 -3.6243727e-10 5.6418196e-07 
-8.4355261e-09 -2.6708431e-09 5.7355622e-09 
-1.0076246e-07 -3.0786138e-10 5.6375922e-07 
-8.2285105e-08 -1.2636835e-09 1.7811308e-07 
-5.1990927e-08 2.9142304e-09 6.3360112e-08 
-8.2985430e-08 1.1149413e-09 1.8414690e-07 
-1.0072601e-07 -3.4612899e-10 4.9328656e-07 
8.9157609e-08 1.5983848e-09 2.2466297e-07 
4.8934368e-08 4.3889901e-09 5.4637429e-08 
1.0206868e-07 7.2274395e-11 4.4333743e-07 
6.4352186e-08 -2.8335148e-09 9.3917748e-08 
1.0042403e-07 4.1017290e-10 3.8007056e-07 
9.5307954e-08 9.9966591e-10 2.8483066e-07 
8.1191274e-08 2.6994689e-09 1.6818431e-07 
1.0319148e-07 -1.2291319e-10 5.6082246e-07 
1.1259955e-08 2.3118396e-11 9.1392653e-09 
3.8906247e-08 -4.0416572e-09 3.7581518e-08 
1.0266357e-07 -4.1130714e-12 4.7657741e-07 
1.0134047e-07 -1.0114474e-10 4.1255018e-07 
8.5447077e-08 -1.5456523e-09 1.9592052e-07 
9.2817466e-08 -9.1604901e-10 2.5455969e-07 
7.6067934e-08 -2.2619684e-09 1.4140885e-07 
9.7450567e-08 -4.6209522e-10 3.1638061e-07 
7.0885719e-08 2.6182079e-09 1.1633445e-07 
1.0286321e-07 -1.5966087e-10 5.0932141e-07 
2.9105768e-08 4.5166257e-09 2.4303048e-08 
1.0314536e-07 3.6533533e-11 5.3704701e-07 
1.9716254e-08 -3.7233097e-09 1.4508637e-08 
1.0310191e-08 1.3536443e-09 7.8172659e-09 
2.1925018e-08 1.4663678e-09 1.7664837e-08 
2.0622320e-08 -1.0729618e-09 1.6215662e-08 
3.1086348e-08 -1.2287700e-10 2.7156535e-08 
2.9821685e-08 -2.6518605e-09 2.6106532e-08 
3.8952798e-08 -9.4153541e-10 3.9360629e-08 
4.8487827e-08 -2.3485280e-09 5.3860884e-08 
4.7906187e-08 -4.9275001e-11 5.3369256e-08 
5.5071190e-08 -1.2172018e-09 6.9807797e-08 
5.5447426e-08 9.7435970e-10 7.0586900e-08 
6.1713884e-08 -2.7014108e-10 8.7144258e-08 
6.0454418e-08 2.1517137e-09 8.5007429e-08 
6.7838172e-08 3.9009618e-10 1.0560152e-07 
3.9083179e-08 1.2723390e-09 3.8832830e-08 
6.7152911e-08 -1.0531720e-09 1.0518309e-07 
7.3651364e-08 -1.3323574e-10 1.2981167e-07 
7.3035125e-08 1.4538154e-09 1.2888827e-07 
7.7692398e-08 4.5687254e-10 1.4989598e-07 
1.0315073e-07 -2.1992921e-10 5.6186923e-07 
1.0301502e-07 -1.3899201e-10 5.2882342e-07 
1.0308441e-07 -5.0410145e-11 5.3305615e-07 
1.0289705e-07 -5.8732831e-11 5.0425109e-07 
1.0293378e-07 -1.4354871e-11 5.0595020e-07 
1.0262501e-07 -2.0656371e-11 4.7614787e-07 
1.0260442e-07 -3.8806517e-11 4.7621327e-07 
1.0220755e-07 -7.8449799e-12 4.4815803e-07 
1.0217792e-07 -2.1893737e-11 4.4486620e-07 
1.0159983e-07 1.0592164e-11 4.1872937e-07 
1.0074535e-07 -6.9128973e-11 3.8831342e-07 
1.0159434e-07 6.8102586e-11 4.1903340e-07 
1.0138717e-07 2.3645819e-10 4.1156699e-07 
5.6483806e-08 -3.1333889e-09 7.2699670e-08 
8.9706745e-08 -1.0435824e-09 2.2487859e-07 
8.7964551e-08 -3.9987930e-10 2.1043066e-07 
8.3902705e-08 -9.4846042e-10 1.8280711e-07 
8.6412442e-08 3.9486381e-10 1.9777703e-07 
8.9861324e-08 2.4355162e-10 2.2530106e-07 
9.1085369e-08 -3.0016437e-10 2.3993010e-07 
9.4120132e-08 -3.3956768e-10 2.6995636e-07 
5.6926520e-08 3.3153751e-09 7.2979127e-08 
9.9132386e-08 -4.2392342e-10 3.4809054e-07 
9.8217896e-08 -1.5551228e-10 3.3090035e-07 
9.6547851e-08 -2.5759439e-10 3.0078178e-07 
9.7463101e-08 1.4970256e-10 3.1650922e-07 
9.9211199e-08 1.3787484e-10 3.4811444e-07 
9.8314352e-08 4.9465088e-10 3.3248304e-07 
9.2647575e-08 1.2508714e-09 2.5437788e-07 
9.4065356e-08 5.3021898e-10 2.6998052e-07 
8.5628287e-08 2.0354152e-09 1.9579763e-07 
3.9762654e-08 3.7323060e-09 3.7406796e-08 
8.1248714e-08 -1.8101354e-09 1.6814629e-07 
7.0408824e-08 -2.3006770e-09 1.1679367e-07 
7.6229959e-08 2.7930342e-09 1.4149997e-07 
9.5344383e-08 -7.8587409e-10 2.8533950e-07 
1.0256501e-07 -5.7996739e-11 4.7638275e-07 
6.4009903e-08 3.4440066e-09 9.3740368e-08 
7.9285599e-08 -8.1849494e-10 1.5493633e-07 
9.9037585e-08 6.4319811e-10 3.4799913e-07 
9.2784191e-08 2.0888614e-10 2.5435452e-07 
9.5394086e-08 1.3738669e-10 2.8619291e-07 
9.6369504e-08 5.7338922e-10 3.0124838e-07 
8.7796046e-08 1.0879861e-09 2.1042980e-07 
8.4127933e-08 1.4070443e-09 1.8299934e-07 
9.1202452e-08 7.5525541e-10 2.3967780e-07 
9.9780749e-08 2.8272074e-10 3.6300423e-07 
1.0029849e-07 7.2408836e-11 3.7391681e-07 
9.7354530e-08 9.1809166e-10 3.1645246e-07 
1.0322935e-07 -3.1985071e-11 5.6297961e-07 
1.0083176e-08 -1.1260439e-09 7.7180804e-09 
1.0303354e-07 -2.4600472e-10 5.3949816e-07 
1.8949624e-08 3.5637826e-09 1.3575794e-08 
1.0084512e-07 2.1861976e-10 3.9310805e-07 
1.0038734e-07 -2.6683006e-10 3.7913773e-07 
9.9666359e-08 -1.5020703e-10 3.6012347e-07 
4.6782876e-08 1.8431296e-09 5.1571789e-08 
7.9039566e-08 1.6437899e-09 1.5632699e-07 
1.0298011e-07 3.3790880e-11 5.0883739e-07 
2.9239716e-08 -4.8799289e-09 2.4168363e-08 
8.2200465e-08 1.9212217e-10 1.7293013e-07 
1.0220067e-07 3.9372776e-11 4.4965915e-07 
3.1229050e-08 2.1474940e-09 2.8343619e-08 
1.0283145e-07 -9.5637144e-11 5.0179420e-07 
6.0363270e-08 -1.5928101e-09 8.3484359e-08 
1.0218401e-07 -7.0213016e-11 4.4428756e-07 
4.8439848e-08 -4.1909303e-09 5.3279891e-08 
6.7439231e-08 1.7771498e-09 1.0563013e-07 
1.0313266e-07 -3.0592054e-10 5.6475864e-07 
9.0846575e-09 2.6373865e-09 6.2777468e-09 
1.0326266e-07 5.0293492e-11 5.6577767e-07 
8.7626342e-09 -2.5344817e-09 6.3534831e-09 
7.3147461e-08 -1.3978806e-09 1.2941538e-07 
5.3384888e-08 2.3567928e-09 6.5141684e-08 
1.0178800e-07 1.0078386e-10 4.2809390e-07 
1.0112261e-07 4.2687472e-11 3.9925888e-07 
1.6314247e-09 -3.6924103e-10 5.6684348e-07 
3.3302380e-12 4.5833837e-11 1.8253165e-09 
3.3798646e-08 4.3318726e-09 5.0971771e-08 
6.4497172e-08 1.6629252e-09 2.2321497e-07 
-7.3283019e-08 -4.9796728e-10 4.4420577e-07 
-4.9916448e-08 -3.0231551e-09 1.1346471e-07 
7.0550584e-08 8.5320612e-10 3.1545923e-07 
7.3707845e-08 1.8314161e-10 4.1168462e-07 
-6.0751233e-08 -2.1134219e-09 1.9312031e-07 
-7.0376494e-08 -9.1107616e-10 3.4619578e-07 
5.4674302e-08 2.8117861e-09 1.3927038e-07 
-2.7223196e-08 -5.1855076e-09 3.2893805e-08 
7.4718507e-08 -1.3598811e-10 4.7620190e-07 
-3.9347658e-08 -3.8497352e-09 6.8761189e-08 
-6.5803462e-08 -1.6109416e-09 2.5228104e-07 
4.5647496e-08 3.7066497e-09 9.0681340e-08 
-7.3920596e-08 -3.8902645e-10 5.0689675e-07 
2.0130011e-08 5.2418581e-09 2.0297836e-08 
-1.1413038e-08 -4.7557878e-09 9.0072421e-09 
7.4771236e-08 -3.3409298e-10 5.3790859e-07 
4.4385708e-09 2.9221399e-09 2.6199825e-09 
-5.6294326e-08 -3.6016032e-10 5.5811125e-07 
7.4913302e-08 -2.2466121e-10 5.0734627e-07 
4.7669666e-08 -2.0873378e-10 4.9178351e-07 
4.7269602e-08 -1.3515479e-10 4.5995043e-07 
2.0540432e-08 -2.1245578e-10 4.7582353e-07 
2.0150477e-08 -1.6830926e-10 4.4384487e-07 
-6.6381900e-09 -2.6668429e-10 4.5980070e-07 
-6.8706925e-09 -2.7601077e-10 4.2767979e-07 
-6.3699162e-09 -2.9584080e-10 4.9189515e-07 
1.9823149e-08 -1.3671737e-10 4.1161024e-07 
-7.0451915e-09 -2.5102792e-10 3.9544483e-07 
1.9465794e-08 -2.2243776e-11 3.7938705e-07 
-7.1947102e-09 -1.9282385e-10 3.6322538e-07 
1.9015935e-08 3.6391692e-11 3.4729339e-07 
-7.2849748e-09 -1.8049567e-10 3.3123996e-07 
1.8454916e-08 8.3915534e-11 3.1539514e-07 
-7.3014506e-09 -2.4324237e-10 2.9956217e-07 
1.7957342e-08 2.0458536e-10 2.8397295e-07 
-7.1899722e-09 -2.7840902e-10 2.6832683e-07 
1.7300058e-08 2.5354777e-10 2.5304345e-07 
-7.0879715e-09 -2.0336863e-10 2.3776481e-07 
1.6446970e-08 4.5347812e-10 2.2278812e-07 
-6.9464106e-09 -2.1191306e-10 2.0798160e-07 
1.5512713e-08 3.9717984e-10 1.9360860e-07 
-6.7510437e-09 -3.0119252e-10 1.7921306e-07 
1.4807421e-08 5.8669430e-10 1.6530117e-07 
-6.5133952e-09 -4.9715398e-10 1.5157634e-07 
1.3388779e-08 8.7036439e-10 1.3846670e-07 
-6.4240520e-09 -2.5446012e-10 1.2548907e-07 
1.2124842e-08 9.4538199e-10 1.1301404e-07 
-5.8819469e-09 -3.3202391e-10 1.0080763e-07 
1.1368608e-08 8.4228508e-10 8.9298140e-08 
-5.2590807e-09 -4.8354715e-10 7.7976324e-08 
9.5385451e-09 8.5514329e-10 6.7523857e-08 
-4.5215365e-09 -3.7427289e-10 5.7763877e-08 
7.8103364e-09 9.9190034e-10 4.8777185e-08 
-3.8936743e-09 -6.2136646e-10 3.9511264e-08 
6.0701049e-09 1.1219350e-09 3.1588705e-08 
-2.6896458e-09 -4.0478282e-10 2.4032014e-08 
4.2831152e-09 9.7829944e-10 1.7736074e-08 
3.7336015e-08 1.3260991e-09 1.7932609e-07 
4.2386333e-08 7.8458351e-10 2.6860792e-07 
4.5560213e-08 1.9955880e-10 3.6338895e-07 
-3.3321076e-08 -4.4202594e-10 3.7926600e-07 
-3.3420964e-08 -3.6016209e-10 4.7602992e-07 
-3.1932032e-08 -7.0588740e-10 2.8391375e-07 
-2.6121349e-08 -1.4186047e-09 1.3822483e-07 
-3.0774498e-08 -9.8370878e-10 2.2292657e-07 
-1.5812132e-08 -2.3569151e-09 4.8258787e-08 
-2.1864352e-08 -1.6177376e-09 8.9524370e-08 
-1.9840052e-09 -4.9436899e-10 1.3318938e-08 
-9.4233705e-09 -2.7788696e-09 1.8011272e-08 
-3.2485513e-08 -3.4845785e-10 5.0757711e-07 
-6.7587536e-09 -3.2721792e-10 5.2029901e-07 
-6.3470580e-09 -2.5534128e-09 8.1026670e-09 
-3.2497425e-08 -3.5803369e-10 5.3736773e-07 
1.4053294e-08 3.0158334e-09 2.5243507e-08 
9.9585176e-09 3.3452583e-09 1.3881461e-08 
2.2482094e-08 2.3499935e-09 5.8818504e-08 
2.9457645e-08 2.2779401e-09 1.0141469e-07 
4.7759904e-08 -3.0148520e-10 5.2327471e-07 
4.6830973e-08 -3.5953679e-10 5.5303320e-07 
2.1003622e-08 -3.4486763e-10 5.3824874e-07 
2.7887801e-09 1.1706743e-09 7.9360403e-09 
-1.9987288e-08 -5.2064890e-09 1.9351900e-08 
2.7405962e-08 4.5195030e-09 3.4217745e-08 
-1.2699618e-08 -2.6335656e-09 3.1409197e-08 
7.4319900e-08 1.7328623e-11 4.4395350e-07 
-7.3844866e-08 -4.3822518e-10 4.7554269e-07 
-3.4019557e-08 -4.4712869e-09 4.9544632e-08 
2.0683736e-08 -2.9065664e-10 5.0738936e-07 
-1.8599540e-08 -1.7981282e-09 6.7727179e-08 
-4.4730168e-08 -3.3668155e-09 9.0258055e-08 
1.8340074e-08 3.1280900e-09 4.0806945e-08 
-2.3778137e-08 -1.7210235e-09 1.1316962e-07 
4.0049819e-08 3.6182886e-09 7.0011190e-08 
-3.3335517e-08 -3.6251110e-10 4.1104749e-07 
-5.9373370e-08 -6.1035416e-10 3.9477649e-07 
-3.2499923e-08 -5.9028704e-10 3.1495983e-07 
-5.4193322e-08 -8.8068869e-10 2.9885905e-07 
-2.7765955e-08 -1.1730197e-09 1.6498511e-07 
-4.8683177e-08 -2.1729878e-09 1.5248885e-07 
-3.0817308e-08 -1.1781865e-09 1.9303620e-07 
-6.4162961e-08 -1.7916154e-09 2.2266660e-07 
7.2015389e-08 5.8666222e-10 3.4722493e-07 
5.8342639e-08 2.5771278e-09 1.6597397e-07 
3.5324611e-08 1.7699149e-09 1.5192792e-07 
6.6797192e-08 1.4691500e-09 2.5332977e-07 
5.0934396e-08 3.1557921e-09 1.1403308e-07 
-3.1405815e-08 -8.2217116e-10 2.5311797e-07 
-3.3179870e-08 -3.7909526e-10 4.4303476e-07 
-3.4830411e-08 -4.8303650e-10 3.4639731e-07 
6.1658881e-08 2.0970801e-09 1.9415970e-07 
2.6599240e-08 2.4165530e-09 7.9091251e-08 
3.9240902e-08 1.1653561e-09 2.0845805e-07 
4.1026166e-08 9.2207036e-10 2.3810881e-07 
6.8858569e-08 1.0447110e-09 2.8421468e-07 
4.3587992e-08 5.3125543e-10 2.9985986e-07 
4.6812481e-08 2.1319444e-12 4.2776520e-07 
4.4691827e-08 4.2530107e-10 3.3146048e-07 
7.2978651e-08 3.8886494e-10 3.7942522e-07 
4.6263377e-08 1.2388543e-10 3.9547149e-07 
3.2741152e-08 2.0568056e-09 1.2607471e-07 
2.2717306e-09 1.5893739e-09 2.2809683e-09 
1.2761219e-08 5.1034932e-09 9.8542516e-09 
-7.4264157e-08 -3.6209755e-10 5.3772794e-07 
-4.4852873e-09 -2.9313285e-09 2.4196285e-09 
-1.9810766e-09 -1.3610763e-09 1.9749482e-09 
-2.7817705e-08 -3.6179634e-10 5.6359067e-07 
-7.3938601e-08 -7.6612688e-10 3.6965955e-07 
-7.1733567e-08 -1.3950437e-09 2.8282238e-07 
-5.5799905e-08 -2.9008471e-09 1.3416651e-07 
2.5529358e-08 -3.7917908e-10 5.6555763e-07 
-5.3886883e-08 -3.7161083e-10 5.2296497e-07 
-5.6654724e-08 -4.9181509e-10 4.2554078e-07 
7.0348719e-08 -3.9092973e-10 5.6444526e-07 
-5.3074192e-08 -3.8641629e-10 4.9188475e-07 
-5.5453128e-08 -8.7600505e-10 3.2242721e-07 
-4.7719890e-08 -1.9792838e-09 1.7249599e-07 
-5.2820326e-08 -4.3806192e-10 4.6026508e-07 
-7.9079385e-08 -6.1124900e-10 4.1513775e-07 
-5.2601635e-08 -6.2000632e-10 3.6628316e-07 
-1.9497921e-09 -7.4777684e-10 5.8749134e-09 
6.1142291e-09 2.8285609e-09 7.0140000e-09 
-1.7664950e-08 -4.2173895e-09 2.4635966e-08 
-2.2381226e-08 -3.7802828e-09 3.9622016e-08 
-1.2635748e-08 -3.9305590e-09 1.4002469e-08 
5.9653420e-09 3.4851719e-09 3.4063636e-09 
-8.0036045e-08 -3.5920242e-10 5.6608019e-07 
-7.6890423e-08 -1.1119515e-09 3.1344501e-07 
-4.9203585e-08 -1.1731484e-09 2.6783312e-07 
-5.6040164e-09 -3.4041412e-09 3.4498393e-09 
-4.7567365e-08 -1.2476533e-09 2.3798351e-07 
-4.5888022e-08 -1.3462539e-09 2.1243767e-07 
-3.8550009e-08 -2.2910873e-09 1.2448712e-07 
-3.1693784e-08 -2.5842661e-09 7.8510197e-08 
-2.7216517e-08 -2.9143263e-09 5.8089157e-08 
-6.4764912e-08 -2.6631295e-09 1.6881452e-07 
-3.5551047e-08 -2.4508160e-09 1.0075659e-07 
-1.1770109e-08 -3.4590258e-10 5.4477226e-07 
0.0000000e+00 0.0000000e+00 0.0000000e+00 
0.0000000e+00 0.0000000e+00 0.0000000e+00 
0.0000000e+00 0.0000000e+00 0.0000000e+00 
0.0000000e+00 0.0000000e+00 0.0000000e+00 
0.0000000e+00 0.0000000e+00 0.0000000e+00 
0.0000000e+00 0.0000000e+00 0.0000000e+00 
0.0000000e+00 0.0000000e+00 0.0000000e+00 
0.0000000e+00 0.0000000e+00 0.0000000e+00 
0.0000000e+00 0.0000000e+00 0.0000000e+00 
0.0000000e+00 0.0000000e+00 0.0000000e+00 
0.0000000e+00 0.0000000e+00 0.0000000e+00 
0.0000000e+00 0.0000000e+00 0.0000000e+00 
0.0000000e+00 0.0000000e+00 0.0000000e+00 
0.0000000e+00 0.0000000e+00 0.0000000e+00 
0.0000000e+00 0.0000000e+00 0.0000000e+00 
0.0000000e+00 0.0000000e+00 0.0000000e+00 
0.0000000e+00 0.0000000e+00 0.0000000e+00 
0.0000000e+00 0.0000000e+00 0.0000000e+00 
0.0000000e+00 0.0000000e+00 0.0000000e+00 
0.0000000e+00 0.0000000e+00 0.0000000e+00 
0.0000000e+00 0.0000000e+00 0.0000000e+00 
0.0000000e+00 0.0000000e+00 0.0000000e+00 
0.0000000e+00 0.0000000e+00 0.0000000e+00 
0.0000000e+00 0.0000000e+00 0.0000000e+00 
0.0000000e+00 0.0000000e+00 0.0000000e+00 
0.0000000e+00 0.0000000e+00 0.0000000e+00 
0.0000000e+00 0.0000000e+00 0.0000000e+00 
0.0000000e+00 0.0000000e+00 0.0000000e+00 
0.0000000e+00 0.0000000e+00 0.0000000e+00 
0.0000000e+00 0.0000000e+00 0.0000000e+00 
0.0000000e+00 0.0000000e+00 0.0000000e+00 
0.0000000e+00 0.0000000e+00 0.0000000e+00 
0.0000000e+00 0.0000000e+00 0.0000000e+00 
0.0000000e+00 0.0000000e+00 0.0000000e+00 
0.0000000e+00 0.0000000e+00 0.0000000e+00 
0.0000000e+00 0.0000000e+00 0.0000000e+00 
0.0000000e+00 0.0000000e+00 0.0000000e+00 
-2.9759889e-11 7.1880557e-11 1.6879564e-09 
7.2475825e-10 -9.5722687e-11 5.6699105e-07 
7.5173013e-08 -5.4723948e-11 4.4524762e-07 
-6.3344800e-08 1.9578712e-09 2.2249777e-07 
-3.3501944e-08 4.6781934e-09 4.9432721e-08 
-6.9124518e-08 9.9652109e-10 3.1467914e-07 
5.4622721e-08 -2.4819771e-09 1.3946207e-07 
-7.1884948e-08 3.3830688e-10 4.1098482e-07 
4.0209933e-08 -3.7843537e-09 6.9470474e-08 
6.6976654e-08 -1.0116211e-09 2.5341956e-07 
-4.9449692e-08 3.4247756e-09 1.1355894e-07 
7.1889922e-08 -4.6889947e-10 3.4728197e-07 
-7.2667696e-08 -8.6814193e-12 4.7549250e-07 
2.7838340e-08 -4.7342215e-09 3.3314127e-08 
6.2535804e-08 -1.6804602e-09 1.9454551e-07 
-5.7665023e-08 2.5669122e-09 1.6538759e-07 
-1.9814820e-08 5.6210547e-09 1.9755959e-08 
7.6073306e-08 4.5964364e-11 5.0793818e-07 
-7.2498779e-08 -1.9626388e-10 5.3720839e-07 
1.1814262e-08 -4.7286703e-09 9.4505346e-09 
-4.3470365e-09 3.0037635e-09 2.3001578e-09 
5.8618966e-08 4.7421626e-11 5.5893264e-07 
-7.2746538e-08 -9.8333459e-11 5.0663630e-07 
-4.5564640e-08 -1.7848958e-11 4.9140851e-07 
-4.5275826e-08 5.3746809e-11 4.5956685e-07 
-1.8462387e-08 1.9067758e-11 4.7576802e-07 
-1.8179968e-08 5.6939325e-11 4.4378183e-07 
8.6495957e-09 4.2964920e-11 4.6006772e-07 
8.7611971e-09 3.8537368e-11 4.2791578e-07 
8.4853529e-09 -7.8396126e-12 4.9212622e-07 
-1.7962293e-08 1.5760779e-10 4.1152254e-07 
8.8255971e-09 5.9650222e-11 3.9565140e-07 
-1.7752033e-08 2.4594821e-10 3.7930357e-07 
8.7751673e-09 8.3448831e-11 3.6350036e-07 
-1.7402757e-08 3.0759578e-10 3.4722234e-07 
8.7745597e-09 8.3121718e-11 3.3152381e-07 
-1.7066817e-08 3.7142434e-10 3.1535964e-07 
8.7256664e-09 4.3784094e-11 2.9980399e-07 
-1.6662133e-08 3.7599729e-10 2.8390278e-07 
8.6097600e-09 1.1421674e-10 2.6862034e-07 
-1.6037419e-08 5.7568689e-10 2.5303987e-07 
8.4304999e-09 1.8367749e-10 2.3797891e-07 
-1.5389256e-08 6.4444278e-10 2.2275171e-07 
8.1320310e-09 -6.3682393e-11 2.0825601e-07 
-1.4670652e-08 7.9478885e-10 1.9356550e-07 
7.8827087e-09 2.8706759e-12 1.7956621e-07 
-1.3786486e-08 8.4624968e-10 1.6523057e-07 
7.5366158e-09 1.6253381e-10 1.5191078e-07 
-1.2696067e-08 9.2588726e-10 1.3845238e-07 
6.9066366e-09 -1.0197448e-10 1.2561598e-07 
-1.1561892e-08 1.1016649e-09 1.1292278e-07 
6.0797714e-09 -1.4373082e-10 1.0101058e-07 
-1.0435361e-08 1.1034061e-09 8.9022905e-08 
5.6307781e-09 -1.5742625e-10 7.8153818e-08 
-9.0423065e-09 1.1918920e-09 6.7458664e-08 
4.9573430e-09 -1.5070181e-11 5.7735555e-08 
-8.1159808e-09 1.1792183e-09 4.7932886e-08 
3.6034584e-09 -4.6182133e-10 3.9342758e-08 
-6.5957102e-09 1.0607857e-09 3.1432901e-08 
2.8354259e-09 -4.7584675e-10 2.4187184e-08 
-4.7355670e-09 1.2419591e-09 1.7777065e-08 
-2.5537899e-08 2.6391820e-09 7.8659902e-08 
-4.1112376e-08 8.9133489e-10 2.6833817e-07 
-4.3868784e-08 5.1194193e-10 3.6297570e-07 
3.5035921e-08 -8.7520241e-11 3.7986126e-07 
3.5487208e-08 1.8559139e-11 4.7659452e-07 
3.3423373e-08 -2.8297673e-10 2.8450816e-07 
2.2295627e-08 -1.6706690e-09 9.0162850e-08 
3.1923566e-08 -6.0412958e-10 2.2357962e-07 
2.8941011e-08 -7.4781781e-10 1.6626920e-07 
1.6196958e-08 -1.7384482e-09 4.8877986e-08 
2.3466893e-09 -3.8642417e-10 1.2883539e-08 
9.6473078e-09 -2.5009506e-09 1.8276157e-08 
3.4645911e-08 1.1444715e-11 5.0811946e-07 
8.9677004e-09 -2.6218404e-11 5.2055458e-07 
5.9322414e-09 -2.2451343e-09 8.0856717e-09 
3.4770164e-08 -5.9470649e-12 5.3792979e-07 
-1.3638201e-08 3.0092229e-09 2.4868479e-08 
-9.6111670e-09 3.8215111e-09 1.3846234e-08 
-3.1479651e-08 2.3172266e-09 1.2581870e-07 
-4.5539451e-08 -1.2578441e-10 5.2288647e-07 
-4.4508067e-08 -1.8020233e-10 5.5266821e-07 
-1.8740486e-08 -9.2630098e-11 5.3817604e-07 
-3.6320497e-08 1.4967531e-09 1.7956380e-07 
2.0336614e-08 -5.1136748e-09 2.0030182e-08 
-2.6350390e-08 4.9387037e-09 3.3077967e-08 
-2.6006044e-09 1.2968717e-09 7.4467499e-09 
1.2779948e-08 -1.9540156e-09 3.2030492e-08 
-7.2360969e-08 1.7400367e-10 4.4323977e-07 
7.5893951e-08 2.1844369e-12 4.7657531e-07 
3.4499962e-08 -4.1285557e-09 5.0643116e-08 
-1.8398788e-08 3.5780883e-09 3.9997825e-08 
-1.8513800e-08 -4.0677298e-11 5.0732098e-07 
1.9116687e-08 -1.8388128e-09 6.8245434e-08 
3.5124355e-08 -5.0310735e-11 4.1161189e-07 
6.1152235e-08 -1.5836907e-10 3.9569136e-07 
-2.8584054e-08 2.2279067e-09 1.0120535e-07 
3.3986304e-08 -2.4506908e-10 3.1559938e-07 
5.5588600e-08 -5.4959948e-10 2.9963303e-07 
-5.3536091e-08 2.9280431e-09 1.3884683e-07 
2.4683802e-08 -1.3836262e-09 1.1327603e-07 
4.2276401e-08 -2.4669455e-09 1.0304527e-07 
2.8207772e-08 -1.0921627e-09 1.3852596e-07 
6.5533413e-08 -1.4074515e-09 2.2395905e-07 
-7.0355703e-08 7.6606499e-10 3.4647451e-07 
-3.9552184e-08 4.2903556e-09 6.8531271e-08 
-4.4965258e-08 3.7648995e-09 9.0150088e-08 
-6.5589035e-08 1.5789723e-09 2.5273374e-07 
5.9439845e-08 -2.1088615e-09 1.6654327e-07 
-3.4258711e-08 1.9427926e-09 1.5182199e-07 
3.0383976e-08 -8.3606999e-10 1.9426236e-07 
3.2762678e-08 -3.8330561e-10 2.5370838e-07 
3.5100420e-08 -8.8227464e-12 4.4360209e-07 
3.6410242e-08 -1.3644572e-10 3.4699437e-07 
-6.0585563e-08 2.1593842e-09 1.9342372e-07 
-2.2100739e-08 2.9098470e-09 5.7819747e-08 
-3.8209784e-08 1.3132350e-09 2.0818550e-07 
-3.9726835e-08 1.3091919e-09 2.3779290e-07 
-6.7589731e-08 1.2253211e-09 2.8356311e-07 
-4.2197051e-08 8.5048452e-10 2.9956163e-07 
-4.4924949e-08 1.7918002e-10 4.2735502e-07 
-4.3178357e-08 5.2053967e-10 3.3104314e-07 
-7.1247491e-08 5.0527166e-10 3.7871712e-07 
-4.4502141e-08 3.2764524e-10 3.9506531e-07 
-2.0231292e-09 1.5161719e-09 1.8334784e-09 
-1.2812382e-08 5.4674842e-09 9.2859374e-09 
7.6522028e-08 7.8003506e-11 5.3877022e-07 
3.7669996e-09 -2.2474387e-09 2.4856603e-09 
1.7513866e-09 -1.2236584e-09 2.0972533e-09 
3.0176036e-08 -2.4213782e-11 5.6410136e-07 
7.5572530e-08 -3.1695505e-10 3.7077504e-07 
7.3044518e-08 -9.9281994e-10 2.8394385e-07 
-2.3169717e-08 -1.4638725e-10 5.6543263e-07 
4.6671069e-08 -3.4415912e-09 8.7243450e-08 
5.6093498e-08 3.6490956e-11 5.2377811e-07 
5.8487327e-08 -9.7920137e-11 4.2639567e-07 
-6.7978981e-08 -2.5042260e-10 5.6379622e-07 
5.5175864e-08 9.1270871e-12 4.9266987e-07 
5.6933388e-08 -4.3709103e-10 3.2334259e-07 
4.2384865e-08 -2.1693449e-09 1.2052537e-07 
5.4808552e-08 -2.2744501e-11 4.6104805e-07 
8.0894495e-08 -1.4903730e-10 4.1623821e-07 
5.4236285e-08 -2.3395891e-10 3.6711930e-07 
1.2824933e-08 -3.9788977e-09 1.4608030e-08 
1.7773893e-08 -3.4949763e-09 2.4825779e-08 
2.0131199e-09 -8.3838009e-10 5.7220646e-09 
2.2797234e-08 -3.5838139e-09 4.0652395e-08 
-5.5995444e-09 2.8976830e-09 5.9889000e-09 
8.2396085e-08 9.3771421e-11 5.6718642e-07 
-6.0632952e-09 3.7541676e-09 3.1121832e-09 
7.8313278e-08 -6.7078959e-10 3.1454056e-07 
5.0540489e-08 -7.3086026e-10 2.6869640e-07 
5.6787757e-09 -3.1602185e-09 3.6508596e-09 
4.8680970e-08 -8.0263962e-10 2.3888614e-07 
4.6646928e-08 -1.0001957e-09 2.0933966e-07 
4.4532108e-08 -1.3123449e-09 1.8060351e-07 
4.1868841e-08 -1.6424448e-09 1.5317903e-07 
3.1967332e-08 -2.5178428e-09 7.8427384e-08 
2.7603727e-08 -2.9057903e-09 5.8503627e-08 
5.7441664e-08 -2.8296938e-09 1.1780004e-07 
1.4060694e-08 -5.3084159e-11 5.4508104e-07 
-4.1719497e-10 -1.6250155e-10 5.8809275e-07 
-2.7931440e-08 -3.4897957e-10 5.8787350e-07 
3.0189401e-08 -3.5481293e-10 5.8822673e-07 
-7.2670261e-08 -3.3208844e-10 5.8784758e-07 
7.7401289e-08 -1.7557125e-10 5.8874184e-07 
-5.5810467e-08 -2.8145716e-10 5.8792273e-07 
6.0065382e-08 -3.0317297e-11 5.8861173e-07 
-7.1334561e-08 -3.4676070e-10 5.8782138e-07 
-4.4937398e-08 -3.1341188e-10 5.8785844e-07 
-4.4807816e-08 -2.9293887e-10 5.8787862e-07 
-1.9184398e-08 -2.7690461e-10 5.8793842e-07 
-1.6692100e-08 -2.3119479e-10 5.8797946e-07 
7.7434077e-09 -2.2983342e-10 5.8809633e-07 
3.5425736e-09 -2.7195221e-10 5.8804824e-07 
3.0798073e-08 -2.3940638e-10 5.8827146e-07 
3.1544715e-08 -1.6967382e-10 5.8829050e-07 
7.4856850e-08 -2.7575967e-10 5.8867982e-07 
2.3589528e-10 -3.4598877e-10 5.8799833e-07 
-2.7816526e-08 -2.2944661e-10 5.8797730e-07 
-7.1031650e-08 -3.1689432e-10 5.8788589e-07 
7.6203968e-08 -8.1580145e-11 5.8876651e-07 
-5.5985467e-08 -3.5476738e-10 5.8781376e-07 
3.0937954e-08 -1.0094674e-10 5.8831102e-07 
-1.6421978e-08 -3.1134892e-10 5.8792750e-07 
5.8473027e-08 -3.5624570e-10 5.8848991e-07 
4.4198387e-08 -2.9169925e-10 5.8834507e-07 
5.3866252e-08 -1.6781494e-10 5.8850071e-07 
1.5621511e-08 -3.0538552e-10 5.8811236e-07 
-4.3218218e-08 -2.7128436e-10 5.8791062e-07 
1.0777097e-08 -1.8040935e-10 5.8813606e-07 
8.2605276e-08 -3.6176900e-10 5.8875798e-07 
8.2640867e-08 1.7575153e-11 5.8887497e-07 
-7.9962732e-08 -3.2212197e-10 5.8791954e-07 
-8.0156831e-08 -3.6018510e-10 5.8780751e-07 
-4.3069495e-08 -3.3501746e-10 5.8784241e-07 
5.3707897e-08 -2.2563956e-10 5.8846865e-07 
5.0518214e-08 -1.0975325e-10 5.8849122e-07 
8.5696534e-09 -1.5232740e-10 5.0596861e-07 
2.3944140e-09 -4.4539407e-12 1.9245851e-08 
1.9622858e-08 -2.5621283e-11 3.9573717e-07 
3.7886275e-10 5.7850173e-11 2.2369461e-07 
5.8851474e-10 8.6537194e-11 9.0322168e-08 
-5.1681603e-10 -3.2510168e-11 3.1477435e-07 
-1.4630747e-08 9.3976195e-11 1.5251443e-07 
-2.9644539e-08 -1.1719054e-10 4.4572351e-07 
-1.2973444e-08 -3.1666184e-10 4.8780869e-08 
1.6097879e-08 -3.0599714e-10 5.3766133e-08 
-3.5914479e-08 -1.5462956e-10 3.6748733e-07 
2.9851165e-08 3.1773489e-10 1.7736359e-07 
3.5119907e-08 -4.2745717e-11 2.6931403e-07 
-3.4673633e-08 -1.2951880e-10 2.6904851e-07 
2.6464992e-08 -1.2606237e-10 1.2986598e-07 
4.1276227e-08 -4.8094986e-11 4.5401023e-07 
4.3066823e-08 1.3103732e-10 3.4648798e-07 
-4.2105206e-08 -2.0025782e-10 5.2844950e-07 
-3.6231519e-08 5.5487792e-10 1.9408627e-07 
-4.2826809e-08 -2.5383262e-10 4.9161122e-07 
-6.5250423e-09 8.7630697e-10 1.0988640e-08 
4.4925780e-08 -1.0297607e-10 5.3692168e-07 
6.4830870e-09 -6.9569434e-10 9.5258068e-09 
-2.9472801e-08 -3.7238784e-10 1.0837908e-07 
-4.3541498e-08 1.8463263e-10 3.3313168e-07 
9.3422310e-09 -1.4409897e-10 4.5636901e-07 
-1.1988990e-08 -1.0767763e-09 2.2317096e-08 
3.9273807e-08 -1.5740301e-10 2.0870939e-07 
-2.5011390e-08 9.3577690e-10 7.5017212e-08 
4.1247041e-08 3.7507963e-10 2.3930744e-07 
4.4616240e-08 -4.3292103e-11 3.2281852e-07 
-2.2404256e-08 5.8897737e-10 1.1530908e-07 
-3.8767499e-08 -3.9214609e-10 2.1890457e-07 
3.2596432e-08 -6.9866490e-10 9.1629460e-08 
2.6196064e-08 7.7096540e-10 7.8127371e-08 
-2.4621112e-08 3.5622300e-11 3.9402767e-07 
4.3197439e-08 -2.2043019e-10 5.3464896e-07 
-1.3493868e-08 1.7734589e-10 2.6886448e-07 
1.5967231e-08 1.1293708e-09 3.3899784e-08 
4.9003033e-09 2.4071489e-10 1.2342819e-07 
3.6446636e-08 2.0022420e-10 2.9344443e-07 
6.4485852e-09 7.8346402e-10 1.0262716e-08 
1.3971230e-08 -2.2962295e-11 1.6979023e-07 
-2.2964977e-08 -1.9342912e-10 4.1579870e-07 
-8.7728358e-09 7.9996565e-10 3.0893641e-08 
1.4782810e-08 -1.1526702e-09 2.9192359e-08 
-4.4151776e-08 -2.7213226e-10 3.1836495e-07 
-3.9937433e-08 -6.3608985e-10 1.7340719e-07 
-3.0728504e-08 -2.8089411e-10 5.3987077e-07 
8.2725995e-09 -1.0645949e-11 3.5550562e-07 
5.3607110e-08 -1.2111130e-10 4.8353564e-07 
5.0438675e-08 -1.3652413e-11 4.2580623e-07 
4.9153556e-08 -6.2344872e-11 3.8068686e-07 
-2.9037267e-08 -1.0783079e-09 7.3350428e-08 
3.9045371e-08 9.4162200e-10 1.4012204e-07 
-4.3810457e-09 -3.8457057e-11 1.9090908e-07 
6.1515344e-09 6.4276678e-10 5.3638939e-08 
-9.3962682e-10 -7.0080414e-11 4.7523153e-07 
-1.4866658e-09 -2.2267017e-10 8.3971026e-09 
-5.5375363e-08 -1.0161493e-10 4.7676886e-07 
3.8947273e-10 2.1665574e-10 6.9038272e-08 
-4.1989800e-08 1.0256848e-09 1.5365451e-07 
2.6974423e-10 -1.4705467e-10 5.4217105e-07 
5.4297993e-09 7.1013133e-11 2.6032109e-07 
-6.0830185e-10 -5.5952257e-11 3.4465813e-07 
5.6736247e-09 -3.0387734e-11 4.2863169e-07 
-4.5413135e-08 1.9087693e-10 2.3916473e-07 
-1.2536341e-09 -5.4081625e-11 3.0412444e-08 
-5.2766318e-08 4.4147630e-10 2.8894434e-07 
4.0512969e-08 -5.2248334e-11 4.9440933e-07 
7.6081896e-10 9.4621489e-12 6.7222139e-09 
-7.8829023e-09 -4.9982435e-10 8.1417504e-09 
-2.5984264e-09 1.9100953e-10 2.0350441e-07 
-5.4661651e-08 -1.1719714e-10 4.0979486e-07 
-5.5550760e-08 -2.4909610e-10 4.4746778e-07 
6.0688743e-09 8.6589909e-11 1.0720264e-07 
-2.5388763e-08 1.7340696e-09 4.9174755e-08 
1.3747838e-08 -2.0931176e-10 5.4807077e-07 
4.8262198e-08 -6.3560901e-10 1.7166299e-07 
-4.3513136e-08 -2.8312885e-10 1.4051324e-07 
6.0420923e-08 4.8482694e-11 3.8674759e-07 
5.0827012e-08 8.5974888e-10 2.0342884e-07 
3.8111875e-08 5.4717070e-10 1.0891407e-07 
-5.7315721e-09 -2.4410693e-10 5.0566524e-07 
-5.4903952e-09 -1.3174375e-10 7.6132459e-08 
7.4518738e-09 -8.6982227e-11 3.8718451e-07 
1.7788464e-08 4.8345657e-11 2.3722289e-07 
-5.7628917e-08 2.2125878e-10 3.7091192e-07 
1.1362867e-08 -7.2094034e-13 3.0026723e-07 
1.8876345e-09 2.0321338e-10 6.3599526e-09 
-3.5245156e-09 3.6366715e-10 1.3908276e-07 
-1.6857699e-08 -3.7935655e-10 1.4639092e-07 
-8.9891534e-09 -6.4028338e-11 2.9902100e-07 
-5.7769178e-08 5.9174665e-11 4.1792978e-07 
5.5506391e-08 -4.1158729e-10 2.4307488e-07 
2.9240532e-08 1.9412689e-09 5.4839816e-08 
-2.3012515e-08 3.7885683e-10 3.6120024e-08 
-2.4471190e-08 -1.7820529e-09 4.1082263e-08 
1.8664521e-09 1.4311019e-10 4.3688882e-08 
1.5412835e-08 1.8367667e-10 2.2070742e-08 
1.9105837e-09 -1.7968513e-10 2.0151493e-08 
6.1530407e-08 -9.7020635e-11 5.0412751e-07 
4.4273353e-08 -4.2471297e-11 4.2072699e-07 
1.3189364e-08 2.2329126e-10 1.5464128e-07 
3.2676585e-08 -1.5047744e-09 6.5373278e-08 
4.7552135e-08 6.3932026e-11 1.5497348e-07 
-1.7681801e-08 2.4506233e-09 2.2779819e-08 
7.4821065e-09 -2.8038619e-10 5.4854547e-07 
5.9454607e-08 -3.3837064e-10 2.9011480e-07 
1.1456292e-08 1.3620199e-10 2.2295251e-07 
-6.1621279e-08 -4.3269299e-10 3.5752922e-07 
5.9743428e-08 6.7699552e-10 2.6855278e-07 
2.6672939e-09 1.2798071e-10 3.8080600e-08 
1.2008581e-08 6.2689376e-10 9.5454766e-08 
-2.6699697e-08 -1.5734068e-10 4.9293055e-07 
4.3117382e-08 -1.0036393e-09 1.1640181e-07 
-5.2425024e-09 -9.9416037e-13 1.8486696e-07 
-3.5200756e-08 1.0182501e-10 3.0105548e-07 
5.8757809e-08 9.5632335e-11 2.9617368e-07 
-3.2054359e-08 1.3856906e-10 6.0461410e-08 
-4.0631811e-08 4.7228166e-10 9.9276839e-08 
-1.6110357e-08 5.2857130e-10 1.7008836e-07 
6.1401792e-08 3.5851000e-10 3.1949196e-07 
-2.0723848e-08 5.0127175e-10 2.3466976e-07 
-5.4259925e-08 -7.6209433e-10 2.4905864e-07 
1.6099584e-08 -2.2059923e-09 1.8739589e-08 
-6.9948816e-09 2.1384761e-09 6.0407599e-09 
-2.4532699e-08 -2.5660674e-10 4.6004348e-07 
2.6655295e-08 -1.4684626e-10 4.1670685e-08 
6.2903432e-08 2.6441254e-11 3.5366531e-07 
-5.9439419e-08 -5.9052813e-10 2.8667503e-07 
-6.2607079e-08 -2.7164521e-10 5.2497023e-07 
6.5533730e-09 1.1181314e-10 2.7750644e-07 
-6.2015999e-08 -1.1774920e-10 3.4254703e-07 
-1.2466574e-08 1.9248199e-10 3.2771254e-07 
1.4290681e-08 2.0115537e-12 3.9149708e-07 
-5.9196264e-08 -3.4292341e-10 3.9910117e-07 
-7.6340551e-10 3.2462635e-10 6.4731040e-08 
4.3766804e-08 8.4151734e-11 3.7873866e-07 
-1.0281274e-08 -6.0437932e-10 5.3737459e-08 
5.3480164e-08 1.1573864e-09 1.7031840e-07 
-1.5322833e-08 -2.4209286e-09 1.6372447e-08 
6.5144889e-08 -1.5811411e-10 5.5277229e-07 
6.3568926e-08 -2.0431754e-11 4.2296006e-07 
2.8057163e-09 4.6637272e-10 1.6049480e-08 
-5.8271393e-08 -2.4534808e-10 5.5455354e-07 
1.4985305e-10 -9.4863825e-11 4.2801969e-07 
5.6175232e-08 2.9454902e-10 2.1632101e-07 
6.9059581e-08 -2.1883753e-11 5.1859263e-07 
-5.1927998e-08 2.2830415e-10 1.7301969e-07 
-1.1899179e-08 8.4474683e-10 8.9848868e-08 
-2.2780819e-09 2.5188199e-10 1.2355130e-07 
-1.5728384e-08 -1.1046795e-10 5.0891248e-07 
9.1860786e-09 -1.2760232e-10 4.2438631e-07 
6.7139774e-09 1.2795405e-10 6.9389543e-09 
1.3704334e-08 2.9268307e-10 1.5055655e-07 
-1.6095594e-09 -6.3409576e-11 3.6522900e-07 
-2.1202695e-08 -3.3867825e-10 2.4194196e-07 
-4.0873090e-08 2.0204689e-09 1.0191272e-07 
-4.9162598e-08 9.3085550e-10 2.1927679e-07 
3.5011531e-08 1.1793663e-10 6.7336934e-08 
7.0326744e-09 -1.8023707e-09 6.3588259e-09 
-3.4573226e-08 5.8579461e-12 4.4658887e-07 
-6.5322872e-08 -3.2320199e-10 5.4800080e-07 
-1.5976230e-08 4.0516193e-10 1.9250564e-08 
-2.2192131e-08 -2.3614691e-10 5.5153305e-07 
6.8411595e-08 -2.8735679e-11 5.5521537e-07 
4.1423306e-08 1.9500481e-09 9.5144998e-08 
-5.4650460e-08 1.4459364e-09 1.8064797e-07 
-3.5050693e-09 -1.0276842e-09 4.6191904e-09 
2.5707028e-08 1.2166262e-10 3.2288412e-07 
6.6823165e-09 1.9346522e-09 5.9339165e-09 
1.7788599e-08 2.3248217e-09 2.1896225e-08 
-6.6316638e-08 -1.3840999e-10 4.5266117e-07 
5.8674512e-08 6.0114747e-11 2.5069812e-07 
2.5870266e-08 2.6373692e-10 2.0928699e-07 
-2.0587979e-08 1.3497582e-10 3.6301333e-07 
1.8627196e-08 -1.5093717e-09 4.6093646e-08 
-5.6667503e-08 -2.1272791e-11 2.0562121e-07 
-5.0117531e-08 7.2551337e-10 2.5493236e-07 
-9.6670618e-09 -3.1411612e-10 1.0370324e-07 
-6.4636858e-08 -3.1986136e-10 5.1098766e-07 
1.4628375e-09 4.8252680e-10 4.9911488e-09 
2.9730483e-08 -2.2112188e-10 5.0534123e-07 
-2.1234525e-08 -4.4847900e-11 8.6260805e-08 
6.7186484e-08 -4.3522939e-11 4.5710502e-07 
6.8055492e-08 -4.4044293e-11 4.5382708e-07 
6.6172539e-08 -3.6492247e-11 4.6669038e-07 
-1.1331169e-08 8.0102464e-10 5.3932396e-08 
5.6209068e-08 6.0251741e-11 1.8598463e-07 
-6.4801604e-08 -1.7493738e-10 5.1176181e-07 
1.3616298e-08 -1.0200450e-10 4.7068599e-07 
2.2626240e-08 5.5619026e-10 1.9075007e-07 
-2.7612813e-08 -5.2178671e-11 3.3499799e-07 
-2.3091593e-09 -1.3238772e-11 5.1637623e-09 
-6.7424132e-08 5.1782734e-10 3.3051882e-07 
2.7929504e-08 1.3675597e-10 2.3845823e-07 
-2.1800144e-08 -2.0716721e-10 3.6967521e-07 
1.5731304e-08 3.7085096e-10 7.6434297e-08 
5.4331338e-08 -1.5411716e-10 3.4871368e-07 
2.7649145e-08 -2.3156390e-11 4.6006670e-07 
-4.9451508e-08 1.7349483e-09 1.2957902e-07 
-6.6463585e-08 -3.2901185e-10 4.7501342e-07 
6.4467308e-08 -1.9886785e-10 5.1320660e-07 
-2.5794984e-09 1.0704863e-09 4.5835304e-09 
-6.3186306e-08 -1.3253816e-10 2.8588175e-07 
6.9526664e-08 -2.7691363e-10 5.5478796e-07 
2.6413856e-08 -7.1978763e-11 5.2415652e-07 
-5.2294071e-09 -8.3966495e-10 1.8374172e-08 
-6.6512868e-08 -2.1024690e-10 4.9185832e-07 
2.9113636e-08 1.3326842e-09 1.1472132e-07 
2.8584649e-08 -4.5428641e-10 1.4724260e-07 
3.0610494e-08 5.5072679e-11 3.6291721e-07 
3.2011126e-08 6.7199697e-11 3.1864687e-07 
-1.8581879e-08 -1.6999945e-10 4.6940752e-07 
6.0504611e-08 -8.7185320e-10 2.0903903e-07 
1.2939580e-08 -4.3272727e-10 8.5613777e-08 
-3.7314948e-08 -1.4995485e-09 9.2898560e-08 
-5.7188828e-08 -2.7502153e-10 5.5565982e-07 
2.5069415e-08 -1.0345003e-10 2.6905971e-07 
-6.0823524e-08 -5.8386088e-11 3.7541133e-07 
6.6466022e-08 3.3219910e-10 3.5374839e-07 
-3.7666521e-08 2.2535784e-09 6.7621507e-08 
-3.6716621e-08 -1.0522401e-09 1.2992362e-07 
-2.2986798e-08 3.3342554e-10 2.9515280e-07 
-5.9071251e-08 -1.1916198e-09 2.0822567e-07 
3.4121285e-08 -1.0096473e-10 4.4856765e-07 
-3.4793469e-08 -2.5332296e-09 5.8689992e-08 
-1.5054791e-08 -7.1638528e-11 3.9692233e-07 
1.8830463e-08 1.3030034e-10 1.0452911e-07 
-6.6288126e-09 3.1863753e-10 2.0054433e-08 
6.2347198e-08 1.0315933e-09 2.3658974e-07 
-2.9071337e-08 8.3428880e-12 3.6161450e-07 
-1.3988546e-08 7.3808223e-11 2.5242232e-07 
6.7503898e-08 1.5818609e-10 3.2658994e-07 
2.1410235e-08 2.3643934e-12 3.3103336e-07 
-7.2619843e-09 1.3770203e-09 1.8144080e-08 
-2.9514791e-08 -6.6427079e-11 1.9371322e-07 
6.8275980e-08 1.3273396e-10 4.0344685e-07 
-2.6379734e-08 -1.8611043e-10 5.5561242e-07 
2.2062233e-08 -2.2985694e-10 1.9347335e-07 
-6.5942174e-08 1.2634763e-10 3.1360543e-07 
3.5919843e-08 -7.4327794e-11 5.5593750e-07 
-2.0788939e-08 -2.1743185e-10 5.1934745e-07 
-4.4419028e-08 5.8715727e-10 1.2506734e-07 
2.9663763e-09 -7.3424472e-10 4.9515667e-09 
1.1260375e-08 5.8643435e-10 7.1484195e-08 
-5.9571967e-08 -1.5900434e-10 2.5312016e-07 
-1.8831599e-08 -1.5023126e-10 1.2868321e-07 
5.1960907e-08 -8.4117552e-10 1.4315543e-07 
3.1549803e-08 4.3007947e-10 2.5583378e-07 
1.0984923e-08 1.1789647e-09 4.0368612e-08 
1.4838800e-08 -8.5515128e-10 6.2790136e-08 
-7.9703142e-09 -2.1521103e-09 6.6247225e-09 
3.2507719e-09 -2.3036228e-10 4.7628856e-07 
6.9060091e-09 -1.2921045e-09 1.3683556e-08 
-2.6644845e-08 1.1200038e-09 1.3483822e-07 
-5.4661275e-08 -1.3827588e-09 1.5361631e-07 
4.3425260e-08 4.1554335e-10 8.6299814e-08 
-2.1612889e-08 -2.5572650e-10 3.2570927e-07 
-2.4118489e-08 -3.2997474e-10 2.7356586e-07 
4.8725905e-08 1.6776579e-10 1.2854568e-07 
-4.0012207e-08 1.8549669e-10 2.7009997e-07 
-1.9189082e-08 -4.8723076e-10 1.7314014e-07 
7.3714041e-08 -6.7991453e-11 4.2973269e-07 
-1.1392809e-08 1.3884333e-09 4.2390425e-08 
-1.6269039e-08 1.5404992e-09 6.4385070e-08 
3.1605662e-08 1.2463509e-10 2.6569396e-07 
3.2854103e-08 -5.9396987e-11 4.2870940e-07 
2.9114569e-08 -2.0423143e-09 3.9477968e-08 
-1.9291047e-08 -4.3600418e-10 2.1100000e-07 
-1.1782175e-08 -1.5860969e-09 3.1365914e-08 
3.6587032e-08 -1.5954622e-10 5.0629279e-07 
-3.1380793e-08 -2.9504105e-10 4.9181745e-07 
2.3157181e-08 -6.1813482e-10 1.2108407e-07 
1.9538449e-08 6.5560737e-11 1.9197911e-07 
-5.9225755e-08 -1.4356965e-09 1.8009827e-07 
3.6251237e-08 -1.0001828e-12 4.0904737e-07 
-4.8681521e-09 5.3812504e-10 4.6245985e-09 
-6.6914041e-08 -2.7544909e-12 4.4875773e-07 
4.2287979e-08 -1.8193613e-09 8.5261142e-08 
-2.3101398e-08 1.9085782e-10 2.1863207e-07 
-8.1670243e-10 1.8381728e-10 2.5492875e-07 
1.0618964e-08 6.7816745e-11 2.8678125e-08 
2.7335005e-08 -3.1622704e-11 3.6387272e-07 
-4.1495984e-08 -3.2059000e-10 4.3252354e-07 
REACTION 3 1048  float
-4.7410128e-17 5.6763201e-15 1.1672981e-14 
-8.2941466e-18 8.4633296e-15 1.6622286e-14 
6.3474268e-01 -2.6853055e-01 -2.5400645e-01 
6.0143250e-01 2.5580817e-01 -2.2939131e-01 
6.1825870e-07 9.1499758e-10 -4.2460004e-09 
6.3810063e-07 2.6520119e-10 -4.4133057e-09 
-6.3087541e-01 -2.5635564e-01 -2.6949903e-01 
-6.2477142e-01 2.6122701e-01 -2.4851619e-01 
8.7906197e-15 -7.0631028e-15 -6.8696862e-15 
1.1934156e-14 -6.3074749e-15 4.1191409e-14 
5.5593280e-15 1.5570363e-15 2.1266490e-15 
2.9632262e-15 -9.3575118e-16 -2.9610242e-14 
2.8064844e-15 1.2226182e-14 1.5963142e-14 
-6.9735884e-16 -1.2394166e-14 1.0977547e-14 
-1.9238083e-15 -1.7098356e-14 -9.4143443e-15 
1.9125326e-14 4.2548430e-15 1.3620615e-14 
-2.8067826e-15 5.5842917e-15 1.1073607e-14 
-3.9434601e-15 -2.8899626e-14 2.2682160e-14 
-1.1286545e-15 -3.0151662e-15 -9.5171267e-15 
-7.0117523e-15 2.0547800e-15 1.8023940e-14 
-6.0854100e-15 -3.9629758e-15 -3.1242370e-15 
-3.6498582e-15 -1.4093761e-14 9.3553637e-15 
3.6524603e-15 -1.1791349e-14 4.5150515e-15 
3.5756988e-15 -9.1367885e-15 -2.5380956e-14 
-3.1489134e-14 -5.8217320e-15 1.8084492e-15 
-8.5409110e-15 -1.8813076e-15 2.1163626e-15 
-4.4408921e-16 2.0430706e-15 2.6836172e-15 
6.3629657e-15 -3.3480163e-16 -2.8622937e-17 
-1.0495077e-15 -3.4347525e-16 -3.7149103e-15 
-1.5439039e-15 -1.3409412e-15 3.5457748e-15 
5.8286709e-16 1.1657342e-15 8.1878948e-16 
-6.4358241e-16 9.7491459e-16 -1.2767565e-15 
-9.4022012e-16 -1.4571677e-16 8.7603536e-16 
-2.0469737e-16 2.4719810e-16 -1.4745150e-17 
1.1895534e+00 -1.1888557e-01 -5.9872836e-01 
1.4228419e+00 -1.9578027e-02 -5.7113439e-01 
1.4413810e+00 8.0055535e-02 -7.1130860e-01 
1.1196187e+00 9.2151567e-02 -5.7200950e-01 
1.0096091e-15 -4.3368087e-16 2.5326963e-16 
1.3877788e-16 1.6913554e-16 -2.7842312e-16 
-1.5170157e-15 -6.3837824e-16 -3.4694470e-16 
1.5577817e-15 -1.6219665e-15 1.3131857e-15 
3.9638431e-15 -5.0480453e-16 1.8431437e-15 
1.3010426e-15 2.2898350e-16 -5.1204700e-15 
5.1373294e-15 -1.2984405e-15 -2.7937722e-15 
-3.1294412e-15 3.5813366e-15 -9.5986587e-15 
9.1038288e-15 6.3881192e-16 6.9718536e-15 
-8.2850393e-15 8.5933864e-16 9.7803710e-15 
3.9135362e-15 2.4697041e-15 -1.1539381e-14 
-2.9195396e-15 -4.8962570e-15 -9.5583264e-16 
3.1086245e-15 -5.3321063e-15 -1.7426653e-15 
1.0512424e-15 -3.6067069e-15 -1.1160127e-14 
-1.8544194e-15 -3.3963717e-15 3.2215983e-15 
6.0251283e-15 3.6715422e-15 -1.0711917e-16 
-6.5503158e-15 -5.3730891e-15 -8.2076273e-15 
-5.3602955e-16 1.8680803e-15 -4.0102470e-15 
5.5558856e-15 2.8355139e-15 4.1794910e-15 
-1.0399667e-15 9.7589038e-16 1.7730825e-14 
-3.4317167e-15 -6.0436682e-15 1.3817940e-14 
-1.0009897e-15 1.6337029e-15 -4.8321807e-15 
9.2808210e-07 1.4237566e-09 -6.4843193e-09 
1.0693703e-06 1.1689728e-09 -7.3160540e-09 
1.1006401e-06 1.0424764e-09 -7.5598336e-09 
9.4538780e-07 5.1289212e-10 -6.6505841e-09 
9.2452518e-07 3.3026129e-10 -6.6234715e-09 
1.0560497e-06 7.1375905e-10 -8.8868877e-09 
1.1532452e-06 1.3455457e-09 -1.3004400e-08 
1.1363868e-06 2.5042881e-09 -1.6949885e-08 
1.0546770e-06 3.8784855e-09 -2.1031747e-08 
1.0552411e-06 5.0429194e-09 -2.8069479e-08 
1.0579316e-06 7.2187465e-09 -3.5631764e-08 
1.0351447e-06 1.1276362e-08 -4.3538510e-08 
1.0329962e-06 1.1348723e-08 -5.4519269e-08 
1.0210700e-06 1.1925628e-08 -6.9258547e-08 
1.0061344e-06 1.5710468e-08 -8.3100630e-08 
9.7850875e-07 1.9012509e-08 -9.2207273e-08 
9.3357545e-07 2.7241727e-08 -1.1201892e-07 
8.9338334e-07 2.8660923e-08 -1.2574603e-07 
8.3615549e-07 2.4520087e-08 -1.4261921e-07 
7.5463811e-07 2.3258790e-08 -1.7026744e-07 
6.8222926e-07 2.7896258e-08 -1.7864031e-07 
6.1554704e-07 2.3872246e-08 -1.9275070e-07 
5.9331467e-07 2.8521470e-08 -2.3332930e-07 
4.7766713e-07 4.7021995e-08 -2.6924198e-07 
3.5475614e-07 4.2163794e-08 -2.6248270e-07 
2.5402480e-07 1.3924760e-08 -2.8010336e-07 
-1.1382457e+00 -9.1900095e-02 -6.1504775e-01 
-1.4024365e+00 -6.0031079e-02 -7.5964046e-01 
-1.3991392e+00 4.9040437e-02 -7.5856304e-01 
-1.1225741e+00 8.8858396e-02 -6.1603910e-01 
2.6162536e-07 -2.0044959e-08 -2.8490069e-07 
3.1589275e-07 -4.0515420e-08 -2.3818076e-07 
4.1004560e-07 -4.8004036e-08 -2.2989853e-07 
4.7702144e-07 -3.8200614e-08 -2.0430812e-07 
5.6662907e-07 -2.7502121e-08 -1.7426966e-07 
7.1418714e-07 -3.8480380e-08 -1.8916381e-07 
7.6728389e-07 -3.2149284e-08 -1.6118368e-07 
8.2324260e-07 -2.2992097e-08 -1.4721695e-07 
8.9043976e-07 -1.7259524e-08 -1.2725496e-07 
9.3819835e-07 -1.6583089e-08 -1.0777221e-07 
9.8143573e-07 -1.5774493e-08 -9.9134517e-08 
1.0107331e-06 -1.0554599e-08 -8.0958884e-08 
1.0403049e-06 -8.4318517e-09 -6.8267425e-08 
1.0557626e-06 -6.4152013e-09 -5.8185353e-08 
1.0727945e-06 -4.8414823e-09 -4.6330573e-08 
1.0686259e-06 -3.8830756e-09 -3.5740829e-08 
1.1015530e-06 -2.5354034e-09 -2.8189358e-08 
9.5205627e-07 -1.3001535e-09 -2.0196685e-08 
9.5514247e-07 3.7123526e-10 -1.4411636e-08 
9.8933788e-07 3.3601327e-10 -1.1211640e-08 
9.5640553e-07 9.5518038e-10 -8.0306304e-09 
9.6494489e-07 1.2440557e-09 -6.8273298e-09 
5.5224818e-01 2.9884073e-01 -6.2580369e-02 
3.0921435e-01 1.3257881e-01 2.7240084e-03 
1.8067326e-01 1.1137175e-01 -9.7193420e-03 
-6.4977750e-02 -8.8405227e-03 -2.1864553e-03 
-3.4304270e-01 -1.5613632e-01 -1.3836854e-02 
-5.4326797e-01 -2.6484683e-01 -3.9292365e-02 
5.2077525e-15 -4.7072399e-15 3.2399620e-15 
1.0925709e-14 -3.1585655e-15 -5.7891869e-14 
-4.7893682e-15 6.2313707e-15 1.6324290e-15 
-7.1814570e-15 7.5337956e-15 1.5962709e-15 
-9.6493993e-18 3.4828911e-15 -1.9277548e-14 
-1.9828702e-15 2.3534980e-15 -2.0054271e-14 
5.3245914e-01 -2.6439014e-01 -2.5075117e-02 
3.1641877e-01 -1.4262350e-01 1.5217528e-03 
1.8316507e-01 -1.1273921e-01 -4.5048357e-03 
-1.7596212e-01 1.0643505e-01 -2.2550043e-02 
-4.1081408e-01 2.1437673e-01 -2.0407099e-02 
-5.4822838e-01 2.9281121e-01 -4.9221814e-02 
-1.3676939e-15 -3.2378885e-15 -2.6587619e-15 
1.4366438e-14 3.8030831e-15 -1.9046071e-14 
4.2746839e-15 -1.6726983e-14 -1.4603986e-14 
-1.5184685e-14 -4.9922360e-15 -4.5363019e-16 
7.4979085e-15 -1.6472284e-15 1.6479873e-16 
1.2011938e-14 7.5125724e-15 3.5155798e-15 
1.1282641e-14 3.0700269e-15 -4.0176196e-15 
8.5487173e-15 1.5785984e-15 9.3328123e-16 
2.3032791e-14 5.0376912e-15 -1.9355611e-14 
-8.4376950e-15 -9.5149583e-16 5.2492732e-15 
6.6370520e-15 -8.4019163e-15 -6.8421831e-14 
9.3119956e-15 9.5210298e-15 -2.5375318e-14 
-1.7222335e-14 -6.2649538e-15 -1.0946105e-14 
-2.2204460e-15 2.6810151e-15 1.0828144e-14 
1.9889689e-16 -1.7502276e-15 -5.8297768e-14 
1.2628787e-15 -1.2836954e-15 6.0108168e-15 
1.0077009e-14 2.3319427e-14 1.0230098e-14 
-3.4694470e-16 -9.5639642e-15 3.7157777e-15 
4.4964032e-15 -4.9266147e-16 -6.8608313e-15 
2.1133269e-15 -1.6749623e-14 3.3013956e-14 
-2.3245295e-15 4.5243757e-15 -3.4809395e-14 
-2.6714742e-14 -9.5357749e-15 -2.4182913e-14 
5.2735594e-16 1.5265567e-16 6.7654216e-16 
-4.3662990e-15 9.5941050e-16 -2.2144613e-14 
4.4408921e-16 -5.4470317e-16 9.1680136e-16 
1.7573182e-14 1.7855183e-15 1.8555470e-14 
7.2164497e-16 -3.3306691e-16 -8.2225893e-16 
2.3314684e-15 3.3263323e-16 -3.5041414e-16 
1.9984014e-15 8.0057488e-16 -1.0269563e-15 
9.2981178e-16 2.1441182e-15 1.5473733e-15 
2.2100377e-15 5.8286709e-16 7.2945122e-16 
6.6613381e-15 1.0980800e-15 6.6960326e-15 
-4.1772141e-15 7.0429773e-16 1.9428903e-16 
-2.0844437e-14 8.2572837e-16 2.0164426e-14 
-7.1054274e-15 -5.1174343e-16 -4.1841530e-15 
-3.0531133e-15 -1.5716595e-15 1.2961854e-14 
-5.4956040e-15 -1.4432899e-15 -1.5855373e-15 
1.0449974e-14 2.1857516e-15 -7.9606460e-15 
-2.6610658e-15 5.2657531e-15 5.5060123e-15 
-4.4408921e-15 -3.8510861e-16 -1.6747020e-14 
-1.4710455e-15 4.8468174e-15 4.2700218e-15 
-9.4438346e-15 -1.7818212e-14 4.2722770e-14 
-6.6474604e-15 3.7548090e-15 1.1404072e-14 
1.4176160e-14 -7.8149293e-15 -7.5044138e-15 
-1.0241807e-14 -7.9190127e-16 -3.0369804e-14 
1.2101431e-14 -1.5404344e-15 -1.2836954e-15 
1.8846036e-14 -1.7945714e-15 -1.2163881e-14 
7.1331829e-15 4.7782958e-15 -2.9788672e-14 
-3.7577580e-14 3.6776138e-16 -6.5355707e-15 
1.0463852e-14 2.5578498e-15 3.8705150e-14 
1.9567681e-15 8.6753521e-15 3.0698968e-14 
2.2926105e-14 -1.1442670e-15 1.8027246e-14 
-8.6250451e-15 -1.6306401e-16 -2.3712125e-14 
2.6235958e-14 1.4918622e-15 6.2630565e-15 
-6.5919492e-16 9.1697483e-15 -2.4995631e-14 
2.1125462e-14 -3.4187063e-15 -1.5985477e-14 
-1.8773177e-14 8.0855461e-15 2.5625335e-14 
6.7099104e-15 -6.8338347e-15 -3.4808094e-14 
3.0205873e-15 1.0443266e-14 6.8913842e-14 
-1.2838905e-14 7.8201334e-15 -4.1433870e-15 
1.2143064e-17 -1.2606669e-14 -6.7710594e-15 
4.9231452e-15 -1.1115674e-14 -5.3313013e-14 
-3.5442135e-14 -5.2726920e-15 -3.4157789e-14 
1.5716595e-14 1.3056525e-14 4.2139035e-14 
-1.2589756e-14 -7.5540702e-15 3.4441200e-14 
1.9552068e-14 5.7948438e-15 1.3207100e-14 
-1.9202955e-14 -7.1175704e-15 9.2033586e-15 
-1.2424090e-14 3.5893597e-15 1.5092962e-14 
1.2153473e-14 -3.6294752e-15 -4.6179206e-14 
8.1549351e-15 2.0393843e-15 1.8713546e-14 
-7.4888012e-15 -3.4180558e-15 -2.0576992e-14 
3.3089850e-16 -2.5228233e-15 -2.7217920e-14 
-2.0755966e-15 -2.0977577e-14 -7.1533925e-14 
4.5003064e-15 -1.2904445e-14 -6.0796203e-14 
5.2891719e-15 1.5413018e-15 6.6527431e-14 
2.1023114e-14 1.7907388e-14 -3.3202445e-14 
-3.7886361e-15 3.0703894e-15 1.2632853e-14 
-2.0080508e-14 2.0017516e-14 2.6425829e-14 
-6.8035855e-15 -3.7470027e-15 2.0256366e-14 
5.3811122e-15 -1.4751655e-14 4.5631901e-15 
-5.6074936e-15 7.6778861e-15 2.1125462e-14 
-1.2330414e-14 1.8700319e-15 -2.2948223e-15 
1.2339305e-14 1.8534436e-15 -3.2650315e-14 
-9.0066843e-15 2.8489580e-15 3.5913546e-14 
-1.2594092e-15 7.6327833e-17 -3.2959746e-16 
-6.9037115e-15 1.0555691e-15 9.8243354e-15 
2.7755576e-17 -3.4347525e-16 1.8578888e-15 
5.1139648e-15 2.5374668e-15 -5.5771360e-15 
1.6070478e-14 -2.7265516e-15 -1.3305329e-14 
-6.7428702e-15 1.4038033e-14 5.5190227e-15 
1.8911305e-14 2.7916038e-15 1.9212062e-16 
1.2906343e-15 4.0245585e-16 3.3336181e-14 
-4.1053315e-15 -1.1437032e-14 -8.8906204e-15 
-1.0741408e-14 -4.6559978e-15 -4.7323256e-15 
6.7446049e-15 -3.9881293e-15 -3.8415451e-15 
3.1363800e-15 -4.4339532e-15 6.4063338e-15 
-1.3904513e-14 1.8301333e-15 1.9545563e-14 
-2.0192181e-15 1.1362439e-15 -1.5057400e-15 
-2.7765984e-14 5.3535735e-15 4.4195116e-14 
7.3578296e-15 2.9577035e-15 3.5168266e-14 
-3.0635217e-15 1.1613974e-15 1.4224733e-15 
1.0998147e-14 -9.9746600e-16 -4.9821258e-15 
-7.9693196e-15 2.0764640e-15 -1.2958168e-14 
2.9364532e-15 -4.8225313e-16 7.6520821e-14 
2.8137215e-15 -9.2287289e-16 -1.1449175e-16 
-2.0226876e-15 4.3159920e-15 -2.8159766e-14 
6.3490879e-16 2.1192900e-15 3.7102266e-14 
-8.8817842e-15 4.3584927e-16 1.2732870e-15 
-4.3394108e-15 -1.6321796e-14 -8.3154458e-14 
4.5863920e-15 7.3133773e-15 -2.3236350e-14 
2.2232216e-14 -7.0776718e-16 1.2153473e-14 
-1.2038981e-14 1.1966123e-14 -1.5145871e-14 
9.7144515e-17 -2.2724878e-16 1.5092094e-16 
3.6042783e-14 -1.3012052e-14 -6.3396337e-14 
8.6850828e-15 -9.6864215e-15 -5.6226247e-14 
1.1102230e-15 1.8041124e-16 1.3877788e-16 
-7.8264760e-15 9.0281515e-16 5.7609286e-14 
-8.6597396e-15 -6.9631800e-15 -2.0469737e-16 
-9.2981178e-15 -2.5847380e-16 -2.0244223e-15 
2.3869795e-15 5.0393717e-16 -6.5060804e-14 
1.9623192e-14 -3.9879666e-15 -1.5864819e-14 
1.9380111e-06 2.8876004e-08 -1.7317677e-07 
1.1110217e-06 4.1997790e-08 -3.8295215e-07 
1.9050946e-06 4.5970889e-09 -3.2194897e-08 
1.4114653e-06 -4.3637190e-08 -3.2377943e-07 
2.0735017e-06 1.0670552e-08 -6.2494287e-08 
2.0449279e-06 2.1616401e-08 -1.1851991e-07 
1.7493164e-06 3.9855919e-08 -2.2822503e-07 
2.3249495e-06 2.3401268e-09 -1.6430546e-08 
6.7831974e-07 2.1232645e-09 -7.6049275e-07 
1.1877255e-06 -1.1162800e-07 -5.8511807e-07 
2.6486452e-06 1.3587266e-09 -3.3846067e-08 
2.6088592e-06 -4.5708184e-09 -6.0705979e-08 
1.9036203e-06 -2.9816650e-08 -2.1279686e-07 
2.0454736e-06 -2.0250585e-08 -1.4803796e-07 
1.5850255e-06 -3.8636045e-08 -2.5361177e-07 
2.1220685e-06 -9.2431618e-09 -1.0233018e-07 
1.5696166e-06 5.1528261e-08 -3.0354204e-07 
2.1786727e-06 1.5576691e-09 -2.0214854e-08 
8.2169663e-07 8.8636646e-08 -5.3933690e-07 
2.4565675e-06 3.1398417e-09 -1.8576269e-08 
7.6714161e-07 -6.1472477e-08 -6.6908461e-07 
5.9993079e-07 5.2051107e-08 -6.8126894e-07 
9.0075036e-07 3.5829007e-08 -7.5567579e-07 
7.9144934e-07 -2.7157158e-08 -6.9336278e-07 
8.5902275e-07 -6.7442412e-09 -5.2825061e-07 
9.1265218e-07 -4.9669229e-08 -5.5634280e-07 
1.1338046e-06 -3.1967964e-08 -5.5943332e-07 
1.2361544e-06 -5.8317273e-08 -4.7507095e-07 
1.1811671e-06 1.0967749e-08 -4.6792323e-07 
1.2239167e-06 -2.6289506e-08 -3.6879294e-07 
1.1696467e-06 1.5960223e-08 -3.4731752e-07 
1.3219709e-06 -3.2103493e-09 -3.3872459e-07 
1.5054023e-06 3.2556123e-08 -3.9043067e-07 
1.6215988e-06 2.5972140e-09 -3.4122979e-07 
9.6276301e-07 4.3821299e-08 -4.8200928e-07 
1.7682896e-06 -1.6815740e-08 -3.7177708e-07 
1.7049333e-06 -4.2580934e-09 -2.9336761e-07 
2.0201192e-06 3.6781259e-08 -3.3647740e-07 
1.3714903e-06 1.0914518e-09 -2.0783806e-07 
2.0809091e-06 1.7308418e-09 -1.4807487e-08 
2.7093208e-06 2.5195417e-09 -2.0944540e-08 
2.4651854e-06 2.3490283e-09 -1.8635054e-08 
2.1070991e-06 1.9417907e-09 -1.9906640e-08 
2.3201983e-06 1.9940336e-09 -2.2016339e-08 
2.4709498e-06 1.4742880e-09 -3.1749952e-08 
2.0931418e-06 2.1702096e-09 -2.6243299e-08 
2.2119791e-06 2.0925697e-09 -3.7393232e-08 
2.3858622e-06 -9.7468911e-10 -4.3008232e-08 
2.1533235e-06 1.0800014e-09 -4.7018343e-08 
1.9522442e-06 -4.8194931e-10 -5.2416627e-08 
1.7937206e-06 3.8233554e-09 -3.6780868e-08 
1.9490928e-06 6.9169706e-09 -4.4883045e-08 
1.4432537e-06 -7.5174874e-08 -4.2225034e-07 
1.9893637e-06 -2.5511191e-08 -1.8132897e-07 
1.9088786e-06 -1.2940982e-08 -1.8480402e-07 
1.8116764e-06 -1.5559289e-08 -2.1000440e-07 
1.7774489e-06 3.6716616e-09 -1.8662767e-07 
1.8959751e-06 6.3845129e-09 -1.6409476e-07 
1.9860011e-06 -1.4413196e-08 -1.5796418e-07 
2.0586738e-06 -1.1631705e-08 -1.3904776e-07 
1.2351090e-06 5.3648751e-08 -3.5850022e-07 
2.1257085e-06 -6.7192487e-09 -8.0969279e-08 
2.0558932e-06 -2.9943765e-09 -8.7090484e-08 
2.0588716e-06 -4.7664925e-09 -1.0940294e-07 
2.0485888e-06 1.6571051e-09 -9.5981690e-08 
1.9223603e-06 2.3495179e-09 -7.4794194e-08 
2.0401915e-06 6.9476305e-09 -8.7439261e-08 
1.9933732e-06 2.4219458e-08 -1.5162021e-07 
2.0311702e-06 1.8196443e-08 -1.3324308e-07 
1.8530083e-06 3.6220829e-08 -1.9587362e-07 
1.2187335e-06 8.9851333e-08 -5.9065894e-07 
1.8255988e-06 -3.3422328e-08 -2.3552099e-07 
1.4887503e-06 -4.0880195e-08 -2.7946032e-07 
1.7841963e-06 5.1934485e-08 -2.7020630e-07 
2.0957164e-06 -1.1842198e-08 -1.2465271e-07 
2.6481796e-06 3.9861905e-09 -3.3882134e-08 
1.3741090e-06 4.8799805e-08 -3.3955814e-07 
1.9568922e-06 -2.2784640e-08 -2.8616057e-07 
2.0732255e-06 1.4646562e-08 -7.8974743e-08 
2.0092223e-06 5.9040182e-09 -1.4927306e-07 
2.0624288e-06 5.0940158e-10 -1.2236409e-07 
2.0483001e-06 1.0565591e-08 -1.0631638e-07 
1.8441676e-06 1.9350800e-08 -1.7227136e-07 
1.7664707e-06 1.5586252e-08 -2.1033668e-07 
1.9378224e-06 1.9318483e-08 -1.5971520e-07 
1.9722161e-06 7.4261881e-09 -6.6940132e-08 
1.7816193e-06 2.0450068e-09 -5.4013672e-08 
2.0645336e-06 1.8170111e-08 -9.6960001e-08 
2.0781072e-06 2.4226978e-09 -1.4368639e-08 
5.9281007e-07 -3.7961605e-08 -6.8110313e-07 
2.0316470e-06 1.0472396e-09 -1.5338649e-08 
6.3388984e-07 5.2818113e-08 -5.6662498e-07 
2.2003430e-06 5.3611982e-09 -5.6715884e-08 
2.1401922e-06 -3.7812797e-09 -6.2453310e-08 
1.9212889e-06 -6.4288025e-10 -6.6650799e-08 
1.0478908e-06 3.1271735e-08 -3.9866148e-07 
1.7174109e-06 2.0529713e-08 -2.4982037e-07 
1.5799558e-06 1.3974859e-09 -1.5389105e-08 
6.0094209e-07 -7.3156961e-08 -3.7146779e-07 
1.7168003e-06 4.0702948e-09 -2.2344685e-07 
1.8524047e-06 2.9001037e-09 -2.9557752e-08 
6.4563602e-07 3.6633043e-08 -3.9463339e-07 
1.6240693e-06 1.8372489e-09 -1.5647526e-08 
9.6477879e-07 -2.0538955e-08 -2.5367001e-07 
1.5843389e-06 -9.1507940e-10 -2.9487992e-08 
8.6647702e-07 -6.2745663e-08 -3.1141914e-07 
1.1321901e-06 2.7004912e-08 -2.4827531e-07 
1.4132283e-06 5.9507999e-10 -9.9701332e-09 
3.7999664e-07 2.2593348e-08 -4.7637039e-07 
1.4917359e-06 2.2198361e-09 -1.0378812e-08 
4.0919949e-07 -2.3092356e-08 -4.9496668e-07 
1.1726079e-06 -2.4230021e-08 -2.0874216e-07 
8.1394074e-07 2.7404065e-08 -2.5140875e-07 
1.2867903e-06 2.4951228e-09 -2.6618469e-08 
1.3847063e-06 1.9412918e-09 -3.3801140e-08 
3.3419448e-15 1.0933962e-14 8.8175994e-15 
-2.2030988e-16 -9.3675068e-17 -7.3725748e-17 
3.3306691e-15 -1.5157146e-15 2.4216740e-15 
-1.7832957e-14 -1.3666368e-15 -4.7670201e-15 
-1.0876716e-15 -6.0594975e-15 -4.6314515e-14 
6.1513294e-15 -3.1016856e-15 -1.1205446e-14 
-7.7542139e-15 6.0966857e-15 -1.9151347e-14 
4.8381438e-15 -9.3375828e-15 1.7746221e-14 
-8.6042284e-15 4.9838605e-15 4.2119086e-15 
3.1259717e-15 -1.8678635e-15 8.9183001e-14 
1.4890866e-14 -1.2836954e-15 -2.3470809e-15 
-2.4286129e-15 -5.8720390e-16 3.9746852e-15 
2.1642410e-14 -8.4304037e-15 -3.0693764e-14 
8.6042284e-16 -3.2526065e-16 -5.6551985e-16 
-1.4002688e-14 -9.2751327e-15 3.8242955e-14 
5.6621374e-15 -1.6286885e-15 3.2994441e-15 
9.5513875e-15 6.5366549e-16 -4.3712863e-14 
-1.9151347e-15 -4.3021142e-16 -1.5959456e-15 
9.1593400e-16 -3.4520997e-16 -4.1329787e-16 
6.8979111e-15 4.9689934e-15 5.7056139e-14 
1.3877788e-16 4.1633363e-16 -6.5919492e-16 
-1.2306020e-14 1.2808764e-14 3.9141325e-14 
-1.0989473e-15 7.8523884e-15 1.9515639e-14 
3.5561831e-16 1.9064015e-14 -1.2075627e-13 
6.4098032e-16 -1.1861172e-16 4.5120158e-14 
1.4932500e-14 1.3102583e-15 -6.2474331e-14 
1.8214163e-14 1.3304028e-14 -2.7745574e-14 
-7.5720680e-15 8.9923728e-15 2.1639808e-14 
-1.0183694e-14 2.8450359e-14 8.4373480e-14 
4.5510470e-15 4.8196581e-15 -5.4858028e-14 
1.1796120e-15 1.3806014e-14 -1.8239750e-14 
1.2122248e-14 1.6114660e-14 2.1366069e-13 
1.0046651e-14 -3.0736047e-14 -4.8128168e-14 
-6.1062266e-16 -8.2902435e-15 -8.8132626e-15 
-1.8922364e-14 -5.2709031e-15 -6.9916295e-14 
-2.3141211e-15 2.8245635e-15 5.5816463e-14 
3.6498582e-15 9.3414859e-16 -4.2538889e-14 
1.9081958e-16 -6.0493602e-15 -2.8931284e-14 
-3.4069969e-15 -7.3292067e-15 -6.2351166e-14 
-8.1705476e-15 -5.5103491e-15 3.8876888e-14 
1.6930901e-15 5.9743877e-15 -4.4960563e-14 
8.2572837e-16 -4.6004867e-15 6.8998626e-15 
4.3021142e-16 -2.4292092e-15 3.6635625e-14 
1.2802259e-15 -3.4867942e-15 9.1445948e-15 
1.0685897e-15 1.8231944e-15 1.1819538e-14 
-1.9081958e-15 -3.5839387e-15 -1.1990409e-14 
1.2542051e-14 -4.9049306e-15 -1.6375790e-15 
-1.0796919e-14 2.8969882e-15 2.4959201e-14 
1.2212453e-15 2.0435043e-15 7.6674778e-15 
1.9719469e-15 -3.9282813e-15 -9.0032148e-15 
-5.3451167e-15 2.7994100e-16 2.1871394e-14 
-1.3045121e-15 2.3991226e-15 -2.0296265e-16 
2.0261570e-15 1.7312540e-15 -1.3530843e-14 
2.4494295e-15 1.2524703e-15 -1.1208048e-14 
-3.0808689e-15 -1.6098234e-15 2.0140140e-15 
3.1433189e-15 6.8521577e-16 5.1638381e-15 
-1.7763568e-15 -3.8025139e-15 4.7045701e-15 
1.0061396e-15 -7.7542139e-16 2.4737157e-15 
1.8110513e-15 1.4328816e-15 7.9276863e-16 
-1.3773704e-15 3.7816972e-16 6.3898539e-15 
2.8449465e-16 -9.8662398e-16 -1.1934898e-15 
-2.3731017e-15 1.0837685e-15 1.7489482e-14 
3.0531133e-16 6.5550863e-16 5.4133781e-14 
3.0531133e-15 6.0342356e-15 4.3846003e-14 
2.1055206e-15 -6.8148612e-15 4.6641510e-14 
1.2247581e-14 -7.5698996e-16 7.7809287e-14 
4.1563974e-15 1.6999748e-15 1.7479074e-14 
1.2850832e-14 2.4586453e-15 2.3550606e-14 
-1.4991480e-14 3.3100692e-15 -7.8062556e-15 
-5.5233595e-15 4.3931872e-16 6.2450045e-16 
-2.9490299e-15 -3.3931191e-15 -5.8390792e-15 
2.2204460e-16 1.1969592e-16 3.1363800e-15 
1.8041124e-15 1.2351231e-15 -5.1139648e-15 
-2.2620360e-14 2.1060681e-14 -6.2670355e-14 
-2.3790865e-14 1.1065096e-14 6.6318478e-14 
-7.6978354e-16 -5.2041704e-16 -1.5612511e-16 
-1.1677291e-14 1.4263655e-14 1.2167871e-13 
1.6237012e-15 -1.8544194e-15 1.2455315e-15 
-1.9845237e-15 -7.3378803e-16 -2.5673907e-15 
-3.8441472e-15 3.6429193e-15 -9.3224040e-15 
7.2129802e-15 2.2030988e-16 2.4968092e-15 
4.5622143e-15 -1.2295937e-15 1.4906479e-14 
2.8637249e-14 7.1047768e-16 6.3381592e-14 
5.8867841e-15 7.7175137e-15 -5.7954509e-14 
1.1102230e-16 2.0816682e-16 -7.6327833e-16 
-2.0816682e-17 9.8879238e-17 2.6088073e-15 
3.2647496e-15 1.7867652e-15 -3.9343528e-15 
-1.8943180e-15 7.8929918e-16 1.1032841e-15 
-3.3462816e-15 -1.1138443e-14 -1.1692036e-13 
-1.1293917e-14 1.4732546e-15 -1.0038086e-14 
-3.9829251e-15 1.0148132e-15 3.1745440e-15 
5.6105294e-15 1.0166564e-14 -2.0988636e-14 
6.2727601e-15 -3.0357661e-16 -6.9510370e-15 
-4.1494586e-15 1.8336027e-15 5.2952434e-16 
1.5820678e-15 -1.3496149e-15 4.0349668e-15 
4.8034493e-15 1.1215638e-14 2.5694724e-14 
-1.1969592e-15 4.0419057e-15 2.2856717e-14 
2.8727888e-14 1.3040567e-14 -7.2279856e-14 
-1.3114509e-14 7.6719230e-15 -2.8504976e-14 
2.2142010e-14 6.5468464e-15 1.6859777e-14 
1.4474533e-14 4.3107878e-16 1.6268237e-14 
-1.1948775e-14 1.0460383e-15 1.7645607e-14 
-1.3392065e-14 5.5888454e-15 1.1471726e-14 
-1.2203671e-14 4.7965104e-15 1.8186407e-15 
-1.8686441e-14 5.3696197e-15 4.1351471e-15 
1.6608243e-14 1.1371546e-14 9.1454622e-15 
-2.2065683e-15 2.6454533e-17 1.4935969e-14 
1.0449974e-14 -4.8658994e-16 3.0218883e-15 
-5.9917349e-15 5.7980964e-15 -8.8991314e-16 
-8.4238172e-15 1.0113438e-15 2.0140140e-14 
-1.1074475e-14 -7.3727916e-15 -2.4116126e-14 
1.0512424e-15 1.2609556e-14 -1.8137141e-13 
-8.6224430e-15 6.0171052e-15 -4.5973642e-14 
8.4654506e-15 4.9296504e-15 5.5868504e-14 
-9.0396440e-15 3.7053693e-15 6.2580149e-15 
-8.8540286e-15 -5.2761615e-15 1.1296519e-14 
-3.0558889e-14 -3.6667717e-16 -1.7275569e-14 
-1.2666951e-14 6.2454382e-15 -2.9087843e-14 
1.3843093e-14 6.6386783e-15 8.2029869e-14 
7.0004766e-15 -1.0501582e-15 -4.9401455e-14 
-1.2724197e-14 -5.9327543e-16 5.5446533e-14 
-5.0306981e-16 1.0521640e-15 -6.5055166e-14 
5.9388258e-15 -1.8598512e-14 8.4402971e-15 
-6.3699046e-15 5.4513685e-16 -1.0752683e-14 
-5.3776428e-17 -0.0000000e+00 3.9464959e-16 
-1.1934898e-15 2.7755576e-17 -3.1571967e-16 
5.4745840e-15 -5.5896043e-15 -4.4317414e-14 
9.0205621e-16 -3.0357661e-16 -3.2959746e-17 
2.4286129e-16 2.0816682e-17 -8.0664642e-17 
-1.1184304e-14 -5.7232864e-15 -4.7869694e-15 
-2.2325891e-15 1.0338952e-15 2.6458870e-15 
-9.2287289e-16 4.3789842e-15 2.5779726e-14 
1.3402474e-14 1.3704315e-16 -2.1883537e-15 
6.4112398e-15 6.6906116e-16 -1.7026419e-14 
9.4110917e-15 -2.7326232e-15 4.4068265e-14 
-1.0835083e-14 -4.7607317e-16 1.2302312e-13 
-9.5310858e-16 -6.9469170e-15 2.5048540e-14 
3.1242370e-15 3.4016843e-15 -5.7212156e-14 
1.4860075e-14 -1.8474805e-16 2.8434720e-14 
-9.3744457e-15 -5.3724386e-15 2.1383936e-14 
-5.6465249e-16 -1.2294636e-14 6.1235305e-14 
-1.5205719e-14 -1.0902629e-14 -2.8122849e-14 
-6.2460887e-15 -5.7027950e-15 3.3245759e-14 
8.1532003e-16 -2.7495367e-16 -3.1918912e-16 
-3.3306691e-16 3.9031278e-16 9.0205621e-17 
-1.4155344e-15 1.0408341e-17 -2.1510571e-15 
4.9960036e-16 -5.0447927e-16 -8.4897367e-15 
-9.9052710e-16 8.7777008e-16 2.8206604e-15 
2.2204460e-16 -9.1072982e-17 8.6736174e-19 
-1.4028438e-14 -1.2559588e-14 -3.6489691e-14 
1.0323339e-14 3.6593992e-15 9.5913512e-14 
7.8409501e-15 -2.4179877e-15 -3.0461744e-14 
-3.8857806e-16 -4.7878368e-16 -6.0368377e-16 
-3.4885289e-15 2.3895816e-15 4.6405588e-14 
1.2143064e-15 -4.5611572e-15 -1.7982144e-14 
-6.8001160e-16 8.2182525e-16 1.1554993e-14 
-6.0645933e-15 1.9949320e-17 2.8796410e-16 
-1.0214052e-14 -1.0516761e-15 -1.0234869e-14 
-1.0234869e-14 -2.5652223e-16 2.0192181e-15 
-1.1605300e-15 6.2970259e-15 2.6118056e-14 
2.4286152e-14 -9.8065002e-15 -7.9759116e-14 
2.3892654e-02 4.5224849e-02 1.4135316e-01 
4.2596784e-01 9.0363078e-02 -1.6196023e-01 
-1.5965581e-01 -6.2180287e-03 1.0679784e-01 
9.6443510e-01 -1.7907819e-01 6.7845985e-02 
-6.3980430e-01 8.4224893e-03 2.0835479e-01 
6.6889513e-01 -1.9635683e-01 7.9912208e-03 
-6.0553318e-01 1.6469657e-01 1.9628085e-02 
1.1778829e+00 7.9368047e-02 -1.1377966e-01 
6.4238751e-01 -1.7891638e-02 -1.1154061e-01 
6.9489837e-01 -1.6395785e-02 -5.0612789e-02 
3.3047757e-01 5.4133701e-04 -2.1114767e-01 
2.6957262e-01 -5.7612300e-02 -3.7295897e-02 
-1.3677576e-01 -4.5022469e-02 -5.2567072e-02 
-9.4119340e-02 1.9338749e-02 6.3104630e-02 
-7.5494863e-02 8.2384229e-02 5.7505384e-02 
-3.2430807e-01 5.7862751e-02 7.5442076e-02 
-1.0846002e+00 -8.7684937e-02 -8.7876998e-02 
-2.0066236e-01 -9.9385381e-02 2.0211926e-01 
3.2551107e-01 -5.8589023e-02 -1.5425210e-01 
9.9312109e-01 5.6881227e-02 -2.8480401e-02 
-1.0473824e+00 9.9976391e-02 -9.0698205e-02 
-8.5640162e-01 -2.1415383e-01 -2.1351160e-01 
-5.8999062e-01 -1.4899917e-01 7.8235574e-02 
3.8436446e-01 8.0610342e-02 -4.5937084e-02 
-3.4114304e-01 -1.9135114e-02 -2.1583414e-01 
5.7866889e-01 1.6518010e-01 2.1444606e-02 
-6.4000541e-01 -5.1573183e-02 -4.6976592e-02 
-1.8539232e-01 -4.4191442e-02 -1.1853860e-01 
2.4808215e-01 9.2262356e-03 4.9006540e-02 
8.1157583e-01 2.1596625e-01 -6.2637225e-02 
-7.8749329e-01 1.8673261e-01 -4.5617215e-02 
8.1867993e-01 -2.2966163e-01 2.2065073e-02 
-7.8093648e-01 -1.7862147e-01 -8.9071738e-03 
3.2609250e-02 -6.2913172e-02 -4.2748347e-02 
1.6814931e-01 3.7712585e-02 1.9028389e-01 
-6.7453241e-01 -3.6728987e-03 -1.9918148e-01 
-4.1435233e-01 9.7970717e-02 3.7933689e-02 
-1.3964524e-16 6.7220535e-17 3.9898640e-17 
7.2619862e-16 1.5346882e-15 7.4974098e-14 
-7.7021722e-16 2.1718738e-14 2.1036992e-14 
9.0205621e-16 -6.1695440e-15 8.6940004e-15 
3.6082248e-16 7.2392179e-16 4.1468565e-15 
1.3183898e-15 1.1102881e-14 -2.8040070e-14 
6.1756156e-15 2.7929048e-16 -2.0899948e-14 
9.1766872e-16 1.9883834e-14 -8.0701071e-14 
-7.2927775e-15 4.2396642e-15 5.2638015e-16 
7.8340112e-15 -1.5439134e-14 -2.8241298e-15 
-1.9151347e-15 -2.6628005e-16 -2.9351521e-15 
-1.3461454e-15 -6.6254511e-15 1.2006021e-14 
-2.3954796e-14 -9.2731270e-15 -7.3708400e-14 
4.8849813e-15 -2.3106517e-15 -3.9065973e-15 
1.8041124e-15 -5.1798843e-15 2.0747293e-14 
-1.9290125e-14 1.1905299e-14 1.6851104e-14 
1.9428903e-16 6.1409211e-16 2.0122792e-15 
1.4222130e-14 -7.6610810e-15 -5.0794438e-14 
-6.6394373e-15 2.9858115e-15 -7.6854322e-14 
1.3322676e-15 3.3306691e-16 1.6653345e-16 
-5.1347815e-16 -9.3675068e-17 -1.2836954e-16 
-9.9234856e-15 -1.2121678e-14 -9.0934205e-15 
6.8195232e-15 -2.6577969e-14 -3.0910279e-14 
-3.2552953e-14 -1.4880363e-14 1.1701317e-13 
1.1999082e-14 3.5200521e-15 -4.8298171e-14 
-3.4278136e-15 -6.1374517e-15 -9.9049241e-14 
2.9896224e-14 -2.4020309e-14 -9.0922062e-14 
-1.0075274e-14 -2.2202726e-14 7.2517513e-14 
2.0494457e-14 -3.1322601e-16 2.8092112e-14 
3.2108430e-14 5.5034102e-16 6.5953753e-14 
9.7101147e-16 -3.4046984e-14 -4.2891038e-15 
5.6031568e-15 -6.9213298e-15 7.9916976e-14 
6.3430164e-15 7.7498771e-15 4.1133763e-14 
-1.0928758e-15 -1.0224026e-15 2.8206170e-14 
4.3784421e-15 -3.9196077e-15 -2.4298272e-14 
-1.1938367e-14 -2.3832932e-14 -3.5943470e-15 
7.9242168e-15 -6.1953481e-15 1.5321945e-14 
5.4678484e-15 7.7342646e-15 -1.3291451e-14 
1.0856767e-14 -3.1375185e-15 8.7152507e-15 
-5.8546917e-15 2.9485962e-15 3.2859132e-14 
1.3530843e-15 4.3879830e-15 -1.2306128e-14 
-9.1471969e-15 -4.4686477e-15 5.9646732e-14 
-1.0193235e-14 2.2447322e-15 -2.0975409e-14 
-3.0669911e-15 -9.2148511e-15 -3.2387287e-15 
-3.0531133e-16 4.1193177e-15 2.0261570e-14 
3.7712888e-15 -2.9950001e-15 -2.6552545e-14 
-5.1229637e-15 -1.1804793e-15 7.2788997e-15 
5.6898930e-15 2.1076890e-16 -2.4598379e-14 
3.5561831e-15 6.5095498e-16 -2.1980464e-14 
-1.9298799e-15 7.8027862e-15 -1.3461454e-14 
1.0720591e-15 -7.8201334e-15 1.4821477e-14 
8.3266727e-16 -2.1293731e-16 9.0110211e-15 
-6.1383190e-15 2.3583566e-15 -9.0483177e-15 
-3.5796019e-15 -2.3193253e-15 -1.1317336e-14 
1.5265567e-16 1.1102230e-15 8.0352391e-15 
2.4633073e-15 -3.6776138e-16 -6.3768435e-15 
8.9562689e-15 1.4085955e-15 4.8615625e-15 
-9.5756736e-16 1.3860441e-15 -8.6111673e-15 
-9.6103681e-16 3.6498582e-15 -1.0533241e-14 
-1.7971735e-15 -1.1136925e-15 -5.1070259e-15 
-4.0245585e-16 8.0838114e-16 -1.6653345e-15 
-3.7053693e-15 7.9276863e-16 -1.5393936e-14 
1.2495213e-14 -1.8652180e-14 5.7419347e-14 
9.0066843e-15 1.8333859e-14 1.4970664e-14 
-1.0596992e-15 7.4484689e-15 1.5506867e-13 
2.8315024e-14 -1.5764571e-15 -1.2782830e-13 
2.2343238e-14 -1.8691645e-15 4.0793757e-14 
7.1470607e-15 2.8631611e-15 -1.3166551e-14 
7.4246165e-15 -9.7231251e-16 3.2729028e-14 
1.3308799e-14 3.4312830e-15 4.6310178e-14 
-1.2836954e-15 -4.5796700e-16 -4.5657922e-15 
1.2108370e-15 9.7469775e-17 6.7480743e-16 
2.8796410e-16 5.8807126e-16 -7.8589479e-15 
-2.0565147e-15 -2.2903120e-14 1.3616495e-13 
-6.0732669e-15 -5.2259900e-15 -1.6664968e-13 
9.0205621e-17 -3.8196443e-16 7.6327833e-16 
-1.1210217e-14 1.4868478e-14 5.8925954e-14 
1.2871648e-15 4.0072112e-16 1.6150276e-15 
-4.4061976e-16 -1.6306401e-16 -6.1617378e-15 
3.5249581e-15 1.6658550e-14 1.7905816e-14 
-1.4598349e-14 1.1110253e-14 1.4290706e-13 
-5.8232499e-15 2.2676902e-15 -2.9508297e-14 
1.3226995e-14 4.2099841e-15 -6.9357714e-14 
-3.8129222e-15 -9.2807706e-16 7.7646223e-15 
-2.2759572e-15 -7.1470607e-16 -7.3205331e-16 
2.6645353e-15 3.7313902e-15 -7.0620593e-15 
-3.4520997e-16 9.8879238e-17 -1.0061396e-15 
5.1382509e-15 1.8735014e-16 7.1088968e-15 
-6.0784711e-15 -3.0878078e-16 -5.2111961e-14 
-9.0539555e-15 -1.0164612e-14 -1.9047264e-15 
9.4195485e-16 -1.3555780e-15 3.3800003e-15 
-2.0330959e-15 -4.6022214e-15 -4.0488446e-15 
-1.2402405e-14 1.7312215e-14 -1.9251961e-14 
-7.2164497e-16 6.8521577e-16 -8.7568841e-15 
-9.8185349e-15 -6.5672294e-15 1.9805338e-14 
1.2522101e-14 -5.8253099e-15 -2.9386216e-15 
-2.6922908e-15 -9.4195485e-16 4.3298698e-15 
-1.6468814e-14 1.1670352e-14 -1.5728738e-14 
6.8244022e-15 -3.2536907e-15 1.4908214e-14 
-1.1379786e-15 -4.3767073e-15 -2.6959338e-14 
-3.8996584e-15 2.4459601e-16 -1.5959456e-15 
3.8719028e-15 3.2803621e-15 3.3129749e-14 
4.0592529e-16 -1.6436505e-15 9.5722041e-15 
8.9511731e-16 2.8692326e-15 -3.9320110e-14 
-1.3582885e-14 4.4307887e-15 2.1108115e-14 
-1.4155344e-15 -1.7071847e-15 2.1857516e-16 
4.3194615e-15 2.1135979e-15 5.7783639e-15 
-1.6653345e-15 -3.2404635e-15 7.4731887e-15 
-1.1140394e-14 2.1189647e-15 1.9897278e-14 
4.0939474e-15 3.3462816e-15 1.4387797e-14 
7.6744167e-15 -1.1666015e-15 -8.2607532e-15 
-9.4976110e-15 -5.8319235e-15 9.1853608e-15 
3.6445456e-15 -7.3188526e-15 -4.5197353e-14 
1.0047518e-14 1.4721243e-14 2.6777408e-14 
-4.3368087e-15 -3.2690864e-15 -4.7151519e-14 
-7.2650219e-15 1.8466131e-15 -7.6006909e-15 
8.5695340e-15 -2.7213475e-16 -3.0503378e-14 
-4.1876225e-15 9.0688091e-16 -3.7719827e-14 
-1.2857770e-14 1.0056734e-14 -6.0038780e-14 
8.5348395e-16 1.7061764e-14 -6.2326880e-14 
2.8518854e-15 1.1101424e-14 -6.6908284e-14 
-3.7851666e-15 5.4036636e-16 -5.7055055e-14 
-1.1421419e-14 3.9635721e-16 -1.4898239e-14 
-1.2746748e-14 1.7567924e-14 4.7808979e-15 
-2.4980018e-16 1.4137996e-16 -1.2316537e-16 
-9.6797570e-16 -1.5196178e-15 1.3981871e-15 
-1.9035988e-14 2.4086546e-14 2.3854616e-15 
-3.9898640e-16 1.7433971e-16 3.6429193e-17 
-1.4571677e-16 -1.1644331e-16 3.8163916e-16 
9.4043696e-15 1.0013149e-15 1.5877924e-14 
2.1989355e-14 -5.5782202e-17 8.8980906e-14 
-9.3813846e-15 -1.8192154e-14 -9.4715902e-15 
6.0151537e-16 -5.4883568e-15 -1.3806989e-13 
5.5233595e-15 3.8146569e-15 -3.0357661e-15 
1.4805214e-14 -1.3028532e-14 -8.0824670e-14 
-9.6155722e-15 1.3850466e-14 -1.2800091e-15 
4.5192257e-16 -5.3016470e-15 -3.4070836e-14 
-2.9115599e-14 9.4619408e-15 1.1814334e-14 
2.3666832e-14 3.2857397e-14 3.7157777e-15 
-1.2490009e-14 -7.0299669e-15 -7.6570694e-15 
2.4338170e-15 -6.1544736e-16 8.0798215e-14 
-1.0597426e-14 -3.8589466e-15 3.4276401e-14 
-2.9069629e-14 -2.3357401e-14 6.7874525e-14 
1.1934898e-15 1.6794292e-16 9.5062846e-16 
-1.3877788e-17 -1.2568072e-15 -1.4190038e-15 
-2.6367797e-16 -6.9388939e-17 -6.7654216e-17 
4.2882364e-15 -1.2490009e-16 7.4697193e-15 
2.4980018e-16 1.3288253e-16 9.9920072e-16 
2.4403222e-15 -3.0982839e-15 -6.7965598e-14 
-6.4531713e-16 2.2204460e-16 -2.1684043e-16 
-3.7400638e-14 1.5957721e-14 1.1420725e-13 
-8.0734031e-15 -1.3320074e-14 -3.4399567e-14 
-0.0000000e+00 -2.0816682e-17 6.9388939e-18 
1.4144068e-14 -3.9126688e-15 -3.8268000e-14 
-2.2898350e-16 -1.3448444e-15 6.0958183e-15 
-3.0253577e-15 1.6271706e-15 -1.4993215e-14 
-5.3707039e-15 -1.9819216e-15 1.9380331e-14 
-3.6914916e-15 -1.7676832e-15 -9.4022012e-15 
-4.7184479e-15 1.3843093e-15 2.6593311e-15 
-5.9882654e-15 5.0716809e-15 -3.4278136e-15 
-9.3991655e-15 -4.7467997e-15 6.0341489e-14 
-3.4943836e-15 -3.6995147e-15 3.1038973e-14 
-8.0404433e-15 -1.4823646e-14 2.2647769e-13 
7.1821889e-15 2.3981847e-14 1.1445705e-14 
-5.0772473e-14 6.1924749e-15 1.4064189e-14 
-3.2472987e-14 1.5110526e-15 -5.8494876e-15 
-3.4106181e-14 1.1319098e-14 -4.9254871e-14 
-9.8068255e-15 -7.5239294e-15 7.3552275e-16 
-4.5022579e-15 -1.4927533e-15 8.6174015e-15 
-2.7846757e-14 -4.0014514e-14 -2.1141617e-13 
-2.3345366e-14 2.0425786e-14 2.2721972e-13 
-1.0134038e-15 1.0934179e-15 -1.7348536e-14 
-5.4771725e-15 3.3154374e-14 1.7871989e-14 
-3.9741973e-14 4.2628119e-15 -2.9746171e-15 
4.0440036e-14 1.0879969e-14 7.5149956e-14 
2.4188794e-14 -4.4197718e-14 7.6733650e-14 
4.3389771e-15 1.9613380e-14 -5.1118831e-14 
-1.3325387e-15 -6.2105811e-15 -5.5044511e-14 
-3.6290415e-15 -1.6357467e-14 9.8870565e-15 
2.7162517e-15 -8.5056338e-15 -5.3619002e-14 
-2.3433133e-15 -1.7247759e-15 1.3153422e-15 
-6.0811680e-15 1.9104743e-14 1.5812612e-13 
-2.2528637e-15 1.6956380e-15 -7.0792764e-14 
2.0738700e-14 3.3221581e-15 2.7543072e-14 
2.2997907e-14 1.1645687e-14 -1.0995599e-13 
8.5540299e-15 -5.3173611e-15 -5.7513022e-14 
-2.8953619e-14 1.3843669e-14 8.3008253e-14 
-6.6504961e-15 -1.3008203e-14 2.0247606e-13 
-1.1593699e-14 9.7429389e-15 -1.4142333e-13 
-8.3852196e-16 -3.3426766e-15 -1.0216654e-14 
1.2388094e-15 1.0727205e-14 -2.8193593e-14 
-1.5094398e-15 4.9647752e-15 -4.5055105e-14 
-5.6488382e-15 -3.1236000e-15 -1.2586286e-14 
1.5653996e-14 1.1300097e-15 7.9673545e-15 
5.2972763e-15 8.9389759e-16 3.6523085e-14 
-3.7728067e-15 -1.1830055e-14 2.5582834e-15 
-2.3304926e-15 -2.5954377e-15 1.0185776e-13 
6.3736180e-16 -8.1623076e-15 8.5215011e-14 
-4.0327117e-14 6.2064333e-14 -7.4419637e-16 
-2.3384072e-15 -1.2490009e-15 1.7069679e-15 
-1.0165480e-14 -4.2492797e-15 2.7859659e-14 
1.5452917e-14 -7.7221216e-15 -3.9447612e-14 
-1.8735014e-16 -5.3533566e-15 3.3827108e-14 
-1.7008096e-14 -7.2771650e-15 -1.0293199e-13 
-9.4715902e-15 4.5471439e-16 8.7834254e-14 
-5.1784965e-14 -1.0841588e-14 -1.3249281e-13 
2.0344837e-14 2.5986158e-15 2.2663295e-14 
9.9920072e-16 3.4694470e-17 -1.8829556e-14 
2.5431046e-15 8.2399365e-15 -1.5838806e-13 
7.4107387e-15 -4.0503354e-15 2.5573293e-14 
1.6124255e-15 1.4261812e-14 -1.6814675e-14 
-1.8662155e-14 -4.1997655e-15 -1.6407015e-14 
7.8778130e-15 3.7556763e-15 4.9016347e-14 
-1.4250753e-15 3.6828179e-15 2.2881870e-14 
-6.2137795e-15 -3.8143317e-14 1.4167487e-14 
-3.0860297e-14 -4.8918423e-14 3.2166934e-13 
6.0021432e-15 9.1261634e-15 3.2227693e-14 
-4.7215270e-14 1.0842022e-18 9.1987507e-14 
-6.9388939e-16 7.1448923e-16 5.7592819e-16 
3.6425507e-14 -9.8873275e-15 -1.6809557e-13 
-1.5265567e-15 1.5196178e-15 4.5310977e-15 
-2.2232216e-14 -7.0429773e-15 1.4016566e-14 
-2.7814556e-14 -5.2334439e-15 9.3841601e-14 
-3.3487102e-14 -1.2969443e-14 -1.2615430e-13 
4.2778281e-15 -1.7662738e-15 7.3205331e-16 
-8.5834118e-15 -1.0755286e-15 7.7062055e-14 
1.4571677e-15 -6.0368377e-16 8.1323837e-15 
1.4967194e-14 -3.1265138e-15 4.5040360e-14 
-1.2313067e-14 3.3682258e-14 1.8696850e-14 
2.7360059e-14 -8.4481033e-15 -6.2796122e-14 
3.0982161e-14 -1.4484941e-14 -6.3667821e-14 
1.1565401e-14 3.9942008e-15 -5.5122573e-14 
-4.6615489e-14 2.3314684e-15 -5.2388649e-14 
4.9266147e-16 -1.2540750e-14 -2.7249383e-13 
2.7366130e-14 -4.2119086e-15 -1.6523241e-14 
4.4755866e-15 7.5579733e-16 -6.1860239e-15 
-9.9920072e-16 -1.9025580e-15 -6.6682770e-15 
-2.7894353e-15 2.2742225e-15 -3.7685133e-14 
-4.5935478e-15 7.8732593e-15 -1.3758959e-13 
-3.1502578e-15 -2.5153490e-16 -3.5457748e-15 
-1.1893264e-14 -5.5337679e-15 3.5263459e-14 
9.3339399e-14 -2.8922936e-14 -2.1081227e-13 
1.8041124e-16 1.3704315e-15 5.4851956e-15 
-2.4702462e-15 -1.2125717e-15 4.5449755e-15 
-1.4016566e-15 2.3790865e-14 8.9931534e-14 
6.3143935e-16 1.3541251e-14 -4.6324923e-14 
-1.1407650e-14 6.2447877e-15 -2.8215646e-13 
-1.1749716e-14 -9.9920072e-16 -2.1341566e-13 
1.9658754e-14 -1.3606764e-14 -1.7406562e-13 
-1.0621018e-13 -7.3114258e-15 -7.7479256e-14 
-5.9225194e-14 -4.6160097e-14 3.7966158e-14 
-2.5812685e-15 -1.2715523e-15 1.0630385e-14 
-9.3119956e-15 1.6648141e-14 -9.5080194e-15 
-6.2415351e-15 -7.8283734e-15 -6.3837824e-16 
-4.3610948e-15 2.2273849e-15 2.9913572e-14 
-1.7351572e-14 -9.8382809e-15 -9.1484112e-14 
4.1633363e-17 7.6327833e-17 7.7715612e-16 
-1.8866853e-14 -2.6816413e-14 -3.7107470e-14 
-3.0340314e-15 -4.2153780e-16 -3.9121484e-14 
5.7787108e-14 -1.0573140e-15 -4.3689011e-14 
3.6862874e-16 -1.0062697e-14 4.0585807e-14 
-2.2881003e-14 2.2752633e-14 4.8794302e-14 
-2.4093574e-14 5.1146587e-14 7.8256195e-14 
9.6979716e-15 3.9835756e-15 1.0080067e-13 
2.0955460e-15 1.7106976e-14 5.9747346e-14 
1.8041124e-16 9.2287289e-16 -5.1972315e-15 
-1.7603974e-14 -4.4707077e-16 2.2577426e-14 
-1.8343833e-14 3.3654720e-15 8.7072710e-14 
2.7408631e-16 2.2898350e-16 8.5001450e-16 
3.2682190e-15 1.9710795e-16 -7.5070158e-16 
-8.1844254e-15 -7.3309414e-15 1.8653482e-14 
5.1521287e-15 -1.7050814e-14 -1.0380585e-14 
1.0842022e-14 2.3780186e-14 8.0328105e-14 
-1.0894063e-15 2.5554645e-15 -7.4176776e-15 
-8.3717755e-15 -4.4469636e-15 4.0121552e-14 
-7.4801276e-15 1.3425676e-14 2.5209435e-13 
2.6367797e-16 2.2959065e-15 7.1574691e-14 
-3.3445469e-14 2.8935188e-15 -5.8633653e-16 
-1.9187776e-14 -8.3240706e-15 -1.3908850e-13 
-1.6098234e-14 -9.4941416e-15 -6.6051331e-14 
7.3344109e-15 7.4593109e-17 2.1817617e-14 
-8.8775558e-15 -5.6787799e-14 1.6201710e-13 
-5.5511151e-17 5.0584537e-15 -2.8449465e-15 
-8.5348395e-15 1.4527225e-15 -1.9380331e-14 
3.3896497e-15 -4.3662990e-15 -1.4778630e-13 
3.7851666e-15 3.6721928e-15 7.4469944e-14 
2.4771851e-14 -2.6761579e-14 -1.8977875e-13 
-3.4694470e-17 -2.9490299e-17 3.4555692e-15 
-1.9583293e-14 -1.6054866e-15 1.3286247e-13 
3.2557290e-14 8.8921925e-15 -8.0047080e-14 
-1.7456522e-14 8.5049155e-15 3.7737174e-14 
-1.1169180e-14 7.4393616e-15 1.7558248e-13 
1.1424889e-14 -9.1870955e-15 7.3748299e-14 
4.7878368e-16 -1.4554330e-14 3.5249581e-14 
3.6359804e-15 -3.1342116e-15 -1.0214052e-14 
-6.2727601e-15 2.8102520e-15 2.0115853e-14 
7.1748163e-15 -6.9735884e-16 -7.0603245e-15 
1.4627188e-14 -2.1914979e-15 -7.5321693e-15 
1.2490009e-16 2.4980018e-15 -1.1952245e-14 
-1.6195378e-14 -1.3836154e-14 -1.0915574e-13 
-1.3068322e-14 9.9421339e-16 -1.7687241e-13 
-8.9511731e-15 8.1733665e-15 2.3134272e-14 
-1.6218038e-14 8.3613672e-16 -2.4921037e-14 
1.2462253e-14 5.6898930e-16 -2.5071091e-14 
-2.3175906e-15 -9.4715902e-16 -6.6951653e-15 
1.2718125e-14 -1.6291330e-14 -1.4192727e-13 
-3.8639231e-14 -2.8297677e-15 4.2466031e-15 
-7.7368667e-15 1.2973130e-14 1.0387524e-14 
-5.7037708e-15 -1.2478205e-14 -4.7552240e-14 
1.1518564e-15 1.8928869e-14 -4.0985444e-14 
-4.2708892e-15 3.4694470e-17 6.7029715e-15 
-5.5441762e-15 4.4192081e-16 3.4608275e-14 
4.2428734e-14 2.4062132e-14 1.0397933e-14 
-2.1010971e-14 -5.1521287e-15 2.3850713e-14 
-7.1539996e-15 1.1876784e-14 9.8435149e-14 
3.5249581e-15 -4.2249190e-15 9.0582056e-14 
-1.1646933e-14 -4.1546194e-14 2.5209002e-14 
-3.4139358e-15 8.3171317e-15 -1.9203389e-15 
-3.9412917e-15 3.6914916e-15 -3.4278136e-15 
1.4849233e-15 -7.4603951e-15 -6.2748418e-14 
2.2374463e-14 -6.5988881e-15 -3.0536337e-14 
7.9831974e-15 -1.0140109e-14 -2.5169103e-14 
-3.2467085e-14 1.4345729e-14 -5.7271896e-14 
4.5657922e-15 -1.6783450e-15 2.6402491e-15 
-2.2204460e-16 6.5919492e-17 -8.6042284e-16 
-9.8540967e-15 -1.7554968e-14 2.4818689e-14 
1.9897278e-15 3.6377151e-15 -4.9439619e-15 
-9.5999597e-15 -1.7243151e-15 1.3595028e-14 
1.2344292e-14 -2.3345041e-15 -9.2777213e-14 
-2.9957780e-14 1.1985069e-14 -5.5799549e-15 
5.7297916e-15 -2.0365654e-14 -9.8903524e-14 
-4.0384363e-15 1.6805134e-16 -2.8376607e-14 
-7.1349177e-15 2.4385442e-14 -1.2580388e-13 
-1.8592766e-14 -3.3746009e-14 1.4705338e-13 
-7.6570694e-15 1.3030701e-14 5.4156332e-14 
-3.1329106e-15 -4.5623227e-16 1.0810797e-14 
-2.3555810e-14 3.5371012e-14 -1.5232347e-13 
-4.5935478e-15 1.3010426e-15 -9.6138375e-15 
1.1763160e-14 -4.1824183e-15 2.0414226e-14 
-1.0158541e-14 8.4974345e-17 1.2177759e-15 
-1.7295844e-14 1.3149638e-14 5.8189564e-14 
1.1182028e-14 -1.1386508e-14 1.7521401e-13 
4.5102810e-16 6.5746020e-16 3.6776138e-16 
4.3087062e-14 3.6683655e-14 3.7724598e-14 
-1.3877788e-15 1.9456659e-14 4.2157250e-14 
1.3995749e-14 -4.7720074e-15 2.0365654e-14 
-2.3982552e-15 4.8753793e-15 -1.2880322e-15 
-1.0547119e-15 1.2374718e-14 1.0425601e-13 
7.4662498e-15 -7.1973677e-15 -2.0518309e-14 
-5.5511151e-17 2.4286129e-15 5.8973659e-14 
-3.9517001e-15 -5.5057955e-15 -2.3352240e-13 
3.0533735e-14 -3.0597215e-14 -5.1215976e-14 
-3.4139358e-15 -1.0349794e-15 4.5796700e-16 
-1.4273305e-14 2.9156365e-15 -6.9323020e-14 
6.2953115e-15 9.1177066e-15 -2.1290673e-13 
9.9954767e-15 -4.6187013e-15 -8.1254448e-15 
1.7139068e-14 -6.9388939e-18 3.2756783e-14 
-3.9912518e-14 6.6004060e-15 2.5025121e-14 
-1.7708057e-14 -5.6820867e-15 -3.3861802e-15 
-6.9388939e-16 -1.0755286e-15 -2.8518854e-15 
-1.1162946e-15 2.2448948e-15 -2.1668778e-13 
2.2760656e-14 -8.5080597e-15 2.1767982e-13 
5.5511151e-16 -3.8163916e-16 -4.7479382e-15 
2.4987824e-14 -9.5742099e-15 3.0910951e-13 
1.2344509e-14 -4.2896459e-15 1.4868141e-13 
-6.3282712e-15 1.1830814e-15 -1.4606372e-15 
3.4867942e-15 -7.1288461e-15 -1.7642138e-14 
-1.5265567e-16 7.3205331e-16 -2.9316827e-16 
-3.2122742e-15 -1.0327351e-14 -2.2126398e-14 
3.1086245e-15 1.4224733e-16 2.5274921e-15 
-4.7739590e-15 1.9307472e-15 -5.0723314e-15 
8.9208155e-16 -5.9694003e-15 1.1231641e-13 
-1.2240209e-14 7.8136282e-15 1.8691469e-13 
1.9172164e-14 2.1596440e-14 -3.1183389e-14 
-5.5979527e-15 -1.8037655e-14 3.6968963e-14 
-3.0613533e-15 2.3522850e-15 1.6361912e-14 
8.6597396e-15 -9.0153579e-15 7.9271659e-14 
-2.9629077e-15 3.6730601e-15 2.2464669e-14 
3.2161773e-15 -2.7139749e-15 -4.8579196e-14 
-8.9260196e-15 -1.8043293e-15 3.8215524e-14 
-5.8286709e-16 -1.9428903e-16 -3.4520997e-15 
3.8712523e-14 4.6614378e-14 3.0139086e-14 
-1.1168150e-14 -5.3316726e-15 -8.9511731e-15 
-9.2926968e-15 7.2992827e-15 7.7039070e-15 
-1.5650675e-14 3.1509951e-14 -1.4967888e-13 
-1.5385263e-14 6.0620996e-15 -1.0506960e-13 
-4.6178339e-15 -1.7555402e-15 -2.0291060e-14 
-2.1455060e-14 -1.7274051e-15 -2.7974151e-14 
2.8888350e-14 5.0983740e-14 2.7733892e-14 
6.1929628e-14 -4.6822138e-14 2.6698956e-13 
-5.1035565e-15 -4.1559638e-15 -2.9282132e-14 
9.2668928e-15 -6.6487614e-15 -1.0387871e-13 
7.2815018e-16 2.7755576e-17 -9.5756736e-16 
5.3575200e-14 -9.7725647e-15 -5.3707039e-14 
2.9299480e-15 -1.2365759e-14 -3.6453479e-14 
4.0314974e-15 6.4130559e-15 2.3879856e-13 
-2.6792804e-15 7.3257372e-15 2.3935715e-14 
-1.2143064e-17 -3.3924686e-15 -4.0765134e-14 
9.8098613e-15 -3.3572320e-15 -7.2369194e-14 
-2.7312354e-14 7.7299278e-15 -3.2135969e-14 
2.9004577e-15 3.2628861e-14 -2.5595845e-15 
-1.1318800e-14 6.1008056e-15 1.3600839e-13 
4.6317117e-16 1.6089560e-16 1.0165480e-15 
-1.3655743e-14 -4.1646374e-15 -5.5226657e-14 
1.1012052e-14 -2.1181624e-14 -6.2332951e-14 
1.0229664e-14 2.5170783e-14 -2.4642441e-13 
-4.7184479e-16 7.1123663e-17 -1.7520707e-15 
-1.6606942e-14 1.0981450e-14 -8.0579884e-14 
1.2212453e-14 -8.5443805e-15 2.0573820e-15 
-1.9304003e-14 -3.6602665e-16 4.4454024e-14 
4.6258136e-14 -4.5750079e-15 -9.4200689e-14 
6.2450045e-16 1.6981208e-14 7.7720816e-14 
-1.3581150e-14 3.0615593e-14 -1.2804059e-13 
-7.3187983e-15 -1.2322608e-14 -7.6745901e-14 
2.3037128e-15 -6.3863845e-15 1.5064339e-14 
-1.0130785e-15 1.0780222e-15 -3.5735304e-15 
6.4108007e-14 -1.5798235e-14 3.7458318e-14 
-1.1247947e-14 -8.4262024e-15 -6.1936567e-14 
-1.1882856e-14 -2.0080508e-14 1.2358170e-14 
6.0437766e-15 -6.7626026e-15 -2.2123883e-13 
1.3988810e-14 1.7251825e-15 3.5031006e-14 
-3.9482306e-15 -2.3227947e-15 -7.3205331e-16 
-1.8603175e-14 2.5526022e-14 1.7950919e-14 
-7.6293138e-15 -1.8043726e-14 -4.8612590e-14 
2.9331572e-14 -1.9953657e-14 2.1040808e-13 
2.0386470e-14 6.2536781e-15 -2.2013641e-15 
-2.7792005e-14 -4.3023853e-15 1.9946371e-13 
-4.8364091e-15 -1.9134000e-15 -7.7188256e-14 
-2.7616798e-15 1.2021634e-15 -3.1016856e-15 
6.5364381e-15 1.2914149e-14 -9.3813846e-15 
-1.4372184e-15 1.2275120e-14 8.8760596e-14 
1.4719129e-15 2.7694860e-15 -8.2742840e-14 
-2.7755576e-15 -1.3095102e-14 -2.1834964e-14 
-5.3531832e-14 -7.3964272e-15 -2.6566943e-13 
1.7043658e-16 -1.0633855e-15 1.7902346e-15 
9.9781294e-15 4.1069578e-16 5.8487937e-14 
-6.0177557e-15 2.2299328e-14 -1.4099832e-14 
1.8566745e-14 7.2352172e-14 -1.3726433e-13 
1.3124918e-14 -9.1450285e-15 -4.5068116e-15 
3.1873809e-14 1.4784615e-14 2.2039662e-14 
-2.6317490e-14 -7.5104853e-15 1.4515819e-13 
3.1016856e-15 9.4485509e-15 2.2088668e-14 
-1.1241008e-15 -1.5521438e-15 -1.3548190e-14 
8.6736174e-16 2.2377933e-16 1.7884999e-15 
1.6806001e-14 -7.1548670e-15 7.3066553e-15 
-2.9110395e-14 7.7653812e-15 2.7359842e-14 
5.6898930e-16 2.0816682e-16 -1.1535044e-14 
-3.4632019e-14 5.9268183e-15 8.4817570e-14 
1.4397663e-14 -4.7374214e-16 -1.5198953e-13 
-2.1302404e-15 1.5543122e-15 1.2307863e-14 
9.7560848e-15 -1.8882465e-15 2.0452390e-14 
-2.0018709e-15 -1.7000290e-16 -3.3393427e-16 
1.2047655e-14 -2.2237529e-14 -2.0324172e-13 
2.2203918e-15 -5.4643789e-17 -2.5500435e-16 
-2.6159630e-15 -5.0003404e-15 -6.2213255e-14 
2.4175106e-14 -3.3662309e-15 -9.9399655e-15 
-9.8532293e-16 1.5924762e-15 -6.4368649e-14 
3.5256520e-14 -6.2051059e-15 6.7022776e-14 
3.3481898e-14 2.3632138e-14 1.2217137e-13 
3.0704606e-14 -6.1487274e-15 -5.8980598e-15 
1.3614110e-14 1.1471943e-14 7.0783657e-14 
-3.5943470e-15 1.7598770e-15 1.4348245e-13 
-1.7888035e-14 3.3810777e-14 -2.5970545e-14 
6.9527717e-15 2.7408631e-16 -1.0033641e-14 
6.9597106e-15 1.3409412e-15 -1.6237012e-15 
-9.0552565e-15 1.0318135e-14 7.4162898e-14 
-1.2316537e-16 3.7568039e-14 5.8986236e-14 
1.7541524e-14 -3.5700609e-15 7.8582973e-15 
-1.0463201e-14 -1.8990885e-15 -4.8143781e-14 
2.7460673e-15 -1.2143064e-15 4.9578397e-15 
-6.9877264e-14 -4.5097498e-14 -3.1408036e-13 
1.1404072e-14 -2.7456878e-14 4.7919568e-14 
7.8099419e-15 -2.2967739e-15 -6.3702109e-14 
-1.7860713e-14 2.6412900e-14 8.5733504e-14 
1.4460655e-14 1.3921156e-15 -1.0057927e-14 
2.4712871e-14 -1.9060925e-14 -3.4146297e-14 
5.5511151e-16 -3.1485231e-16 1.1778772e-15 
-2.9585709e-15 1.2849205e-14 2.4603908e-14 
9.5479180e-15 -1.0165480e-14 -3.4291146e-14 
4.4478310e-15 -6.4982741e-15 -1.5848434e-14 
1.2247148e-15 1.4172257e-14 -2.7871802e-14 
-1.5959456e-15 -4.7704896e-16 6.2450045e-16 
1.5278360e-14 -8.8585823e-15 -2.2707530e-15 
5.5632582e-15 -1.4128672e-14 -3.5219223e-14 
VON_MISES_STRESS 1 1048  float
4.1564800e+03
3.4293022e+03
2.8971222e+06
2.7071952e+06
9.9879797e+04
9.8387734e+04
2.8784922e+06
2.7992678e+06
4.6947437e+03
5.8080908e+03
6.0238003e+03
4.8589590e+03
9.9354629e+03
3.3436953e+04
6.7496594e+04
1.2064397e+05
1.5987669e+05
2.2769250e+05
3.2483853e+05
4.4217259e+05
5.2404331e+05
6.2854100e+05
7.6101156e+05
9.1570406e+05
1.0763264e+06
1.2383664e+06
1.4004799e+06
1.5970860e+06
1.8136355e+06
2.0409978e+06
2.2083975e+06
2.4362190e+06
2.6523068e+06
3.0892218e+06
3.1073830e+06
2.7371670e+06
3.0175795e+06
2.9133418e+06
3.0046178e+06
2.6798200e+06
2.4988992e+06
2.2930195e+06
2.0321081e+06
1.8245552e+06
1.6159872e+06
1.4193216e+06
1.2662605e+06
1.0965601e+06
8.9902900e+05
7.7257588e+05
6.5414194e+05
5.2387481e+05
4.0683734e+05
3.3841856e+05
2.4293361e+05
1.6755695e+05
1.0962006e+05
6.4733055e+04
3.3616121e+04
1.1847034e+04
9.8987547e+04
9.7881992e+04
9.8454148e+04
9.9058797e+04
1.0094504e+05
1.1368807e+05
1.3814627e+05
1.7548988e+05
2.3045569e+05
2.8896338e+05
3.7139794e+05
4.6099838e+05
5.6881269e+05
7.2107031e+05
8.3234688e+05
9.5340356e+05
1.1241568e+06
1.2566274e+06
1.4424820e+06
1.7692561e+06
1.8552626e+06
2.0242102e+06
2.2433268e+06
2.5416435e+06
2.7435492e+06
3.1396035e+06
3.0354010e+06
3.1333362e+06
3.1661800e+06
3.0854125e+06
3.0898322e+06
2.6924715e+06
2.5752272e+06
2.3698815e+06
2.0731096e+06
1.9125260e+06
1.6792771e+06
1.4616316e+06
1.2940101e+06
1.1162498e+06
9.9448481e+05
8.3909444e+05
6.8381488e+05
5.9791856e+05
4.6889244e+05
3.8044725e+05
2.9970175e+05
2.4174166e+05
1.7667569e+05
1.4064392e+05
1.1260186e+05
1.0062083e+05
1.8752946e+06
1.0766550e+06
6.4517562e+05
6.1354531e+05
1.1445184e+06
1.8160245e+06
1.0087646e+04
2.3650459e+04
4.5503715e+04
6.6403367e+04
8.4834008e+04
9.6956508e+04
1.8051905e+06
1.0649806e+06
6.5050194e+05
6.2660300e+05
1.1203324e+06
1.7980710e+06
9.0423896e+03
2.7586781e+04
4.4522270e+04
6.5964406e+04
8.4583859e+04
9.7411555e+04
8.6813738e+05
2.3538025e+06
1.4261600e+05
1.7950494e+06
2.6111205e+05
4.6366206e+05
1.1159739e+06
1.4822304e+06
1.5602391e+04
2.0365366e+06
8.1987773e+04
7.6838512e+05
2.6219328e+06
9.5523312e+05
3.7320228e+05
1.2843751e+06
2.7103048e+06
4.9937188e+04
2.7029780e+06
2.5613674e+04
2.7894402e+06
2.4612638e+06
2.4918042e+06
2.5369372e+06
2.4414652e+06
2.2384285e+06
2.0790365e+06
2.0642539e+06
2.1071895e+06
1.9379579e+06
1.6225734e+06
1.5743666e+06
1.5219829e+06
1.4124894e+06
1.2759380e+06
1.4458708e+06
1.1473824e+06
1.2719365e+06
1.6651142e+06
1.7069171e+06
1.1192115e+06
1.2197075e+06
1.0033219e+06
9.1656250e+05
8.2439506e+05
7.7207000e+05
7.8893619e+05
5.9772162e+05
5.8756900e+05
4.7781909e+05
7.2708594e+05
5.8713819e+05
4.8637419e+05
3.7148656e+05
4.0361925e+05
3.1045688e+05
3.2110025e+05
2.8359444e+05
2.3832369e+05
1.9652184e+05
2.0388058e+05
1.5104705e+05
1.4582059e+05
9.5560117e+04
9.6943484e+04
5.3854426e+04
6.2816227e+04
3.7594984e+04
2.0208531e+05
3.3371887e+04
1.5454447e+05
1.3225397e+04
1.2074819e+06
2.5900395e+05
9.0799350e+05
2.1109202e+06
4.6743176e+04
4.9201875e+05
2.4757592e+06
1.2887757e+04
2.6092568e+06
3.6904866e+05
1.6554170e+06
6.6821744e+05
2.4683738e+04
1.2118830e+06
8.9402250e+04
8.2517025e+05
2.2526580e+06
1.6710105e+06
5.7987706e+05
2.5774852e+06
1.9372409e+05
7.6973775e+05
2.4794025e+06
2.0572278e+06
1.2836594e+06
1.0260995e+05
1.9948520e+06
3.1494809e+05
5.4034369e+05
2.0833994e+06
3.6758332e+04
2.0719475e+05
1.3775169e+06
4.6389147e+05
2.6929400e+06
3.7450047e+05
8.5070947e+03
2.6361878e+06
1.0076015e+04
1.0637831e+06
2.0406936e+06
1.1507872e+06
6.5641305e+04
8.6238600e+05
2.1081992e+06
2.0650989e+05
1.7911781e+06
3.2264025e+05
5.9894694e+05
1.2384974e+06
9.8535312e+04
2.7604335e+06
2.4699172e+06
1.5741709e+05
2.6682503e+05
1.0167750e+06
6.8976256e+05
1.3625216e+06
4.6913025e+05
1.4228742e+06
1.1970077e+05
2.7234858e+06
1.0452114e+05
2.6866958e+06
2.6089685e+06
2.4579260e+06
2.4272565e+06
2.6153292e+06
2.5371975e+06
2.4343615e+06
2.0651515e+06
2.1612860e+06
2.1286142e+06
2.0482719e+06
1.8967556e+06
1.7328424e+06
1.5291925e+06
2.2725738e+06
1.4317740e+06
1.5208209e+06
1.3187435e+06
1.3183175e+06
9.8435930e+04
1.0658628e+05
1.0532091e+05
1.2381312e+05
1.2709277e+05
1.5220375e+05
1.5367952e+05
1.9738634e+05
1.9319417e+05
2.5333658e+05
2.7941166e+05
2.2826169e+05
2.6373047e+05
1.9835050e+06
8.9956188e+05
9.0607975e+05
1.0740326e+06
1.0139301e+06
8.2948112e+05
8.0177844e+05
6.4415212e+05
1.6763088e+06
4.2804422e+05
4.2671591e+05
5.6610094e+05
5.1206997e+05
4.3474006e+05
4.6483262e+05
7.7752906e+05
6.6388950e+05
1.0065696e+06
2.1990188e+06
1.1813985e+06
1.4865976e+06
1.2546084e+06
6.3759712e+05
1.4769289e+05
1.8246208e+06
1.2161625e+06
4.2134766e+05
7.8900588e+05
6.1189762e+05
5.3480500e+05
8.7242719e+05
1.0726426e+06
7.7342369e+05
3.6705453e+05
3.3658016e+05
5.2614681e+05
9.7351297e+04
2.6143808e+06
1.0440328e+05
2.7461815e+06
2.9851397e+05
3.2533691e+05
3.8263225e+05
2.0245831e+06
1.2481585e+06
1.2725328e+05
2.6080800e+06
1.1794484e+06
1.9240656e+05
2.8135575e+06
1.2492138e+05
1.7456148e+06
1.9383966e+05
2.0065280e+06
1.6955765e+06
9.9103711e+04
2.7182470e+06
9.8923555e+04
2.7420308e+06
1.4775930e+06
2.0579232e+06
2.1421520e+05
2.7091191e+05
6.5089059e+04
5.8135881e+05
1.7595486e+06
7.4762175e+05
1.2399733e+05
1.3367659e+06
4.6866422e+05
2.4586289e+05
8.2392094e+05
3.4992050e+05
1.0687014e+06
2.0429179e+06
1.5271138e+05
1.5900270e+06
6.2665781e+05
1.5544521e+06
6.3901223e+04
2.2524722e+06
2.2397542e+06
1.0703678e+05
1.7364869e+06
3.1096045e+04
1.3015115e+05
1.4873080e+05
1.7706684e+05
1.5778511e+05
1.9452319e+05
1.6928111e+05
1.9849534e+05
1.2802113e+05
2.3726302e+05
2.2869730e+05
2.7346947e+05
2.8511262e+05
3.0176900e+05
3.2869650e+05
3.4201344e+05
3.7777219e+05
3.9033581e+05
4.1419038e+05
4.4208200e+05
4.4689675e+05
5.1086006e+05
4.9402638e+05
5.5247400e+05
5.1691572e+05
5.8912381e+05
5.8319056e+05
7.3710556e+05
5.8161875e+05
6.8314456e+05
6.7648112e+05
7.3488881e+05
7.3775594e+05
8.2410625e+05
7.9990881e+05
8.7653981e+05
8.9894944e+05
9.3361356e+05
9.1133675e+05
9.0327394e+05
7.1669038e+05
5.1573406e+05
3.0823559e+05
2.5397817e+05
1.3213225e+05
4.2095147e+05
7.5474875e+05
5.2870088e+05
1.1145122e+06
9.1163769e+05
8.5786312e+05
1.2278432e+06
8.9401906e+04
9.5338039e+04
1.1900965e+06
6.8227609e+04
1.3262699e+06
1.4909914e+06
1.1192995e+06
9.1468006e+05
1.1025126e+05
8.7349977e+04
9.7583906e+04
7.5789312e+05
2.3581568e+06
1.8821065e+06
1.0993899e+06
2.0548688e+05
9.2003000e+04
1.7330132e+06
1.2671885e+05
9.9602569e+05
1.4734155e+06
1.4208500e+06
9.1331638e+05
1.5879979e+06
2.0869225e+05
2.2536852e+05
3.7186950e+05
4.0579141e+05
6.5467962e+05
9.3734775e+05
6.0915938e+05
7.0694719e+05
3.7814456e+05
1.0388731e+06
8.3103200e+05
6.5224012e+05
1.3206322e+06
4.4274319e+05
1.7201006e+05
2.9812800e+05
8.8178550e+05
1.0945296e+06
6.3468544e+05
5.5391938e+05
5.4061056e+05
4.4472634e+05
2.1575592e+05
3.8059569e+05
3.0301028e+05
2.6745966e+05
8.4881562e+05
1.0725419e+06
2.4086110e+06
3.1031160e+04
1.6191542e+06
9.8096731e+05
4.5021727e+04
2.7563019e+05
5.2746625e+05
1.1811100e+06
7.2936781e+04
6.1203285e+04
1.7966691e+05
9.6653375e+04
9.4162773e+04
3.4997447e+05
7.9467062e+05
1.3729364e+05
1.7438819e+05
2.6470241e+05
9.2481675e+05
1.3949155e+06
1.6266528e+06
1.4041328e+06
1.5565190e+06
2.4299590e+06
1.2174576e+04
4.1856509e+05
4.8509272e+05
2.2589348e+06
5.6406725e+05
6.1319338e+05
9.8714231e+05
1.3255456e+06
1.2667444e+06
1.0401468e+06
1.1062060e+06
7.5445648e+04
6.2265475e+05
1.0128236e+06
9.4180819e+05
2.0580260e+06
2.3284645e+06
1.3643202e+06
1.5449916e+06
2.0315809e+06
1.2319031e+06
1.0623114e+06
9.2349619e+05
7.8025356e+05
7.2501131e+05
6.9920644e+05
1.0972026e+06
1.0414938e+06
2.0968616e+06
6.6916369e+05
9.2817331e+05
2.0778711e+06
2.1672962e+06
1.5651504e+06
1.2218810e+06
8.4871531e+05
1.0339572e+06
1.5438506e+06
1.3623139e+06
9.2203700e+05
1.2260151e+06
2.2275058e+06
2.2739432e+06
2.1981145e+06
2.1925365e+06
8.7257056e+05
1.4188209e+06
1.6673051e+06
1.3108809e+06
4.9218275e+05
6.3985184e+04
1.9150248e+05
7.2900794e+05
1.7574208e+06
4.2921391e+05
1.1343566e+06
1.8573162e+05
1.7490318e+06
6.2903444e+05
1.2358126e+06
3.9822753e+05
9.4049359e+04
2.1791975e+06
8.8827988e+05
1.0005908e+06
2.1564188e+06
1.2971506e+05
3.3604148e+04
2.3889525e+06
1.6091946e+06
9.3448984e+04
6.3204680e+04
1.0184786e+05
1.3568622e+05
1.3443298e+05
1.7830598e+05
1.7322653e+05
2.1455239e+05
1.3396219e+05
2.1242964e+05
2.5957283e+05
2.5576709e+05
2.9535759e+05
2.9860444e+05
3.3062962e+05
3.4121366e+05
3.6367878e+05
3.7920200e+05
3.9246903e+05
4.3927006e+05
4.3638331e+05
4.5846375e+05
5.2987481e+05
4.9905300e+05
5.2884844e+05
5.7695712e+05
5.7972406e+05
6.2744275e+05
6.5018600e+05
7.0323325e+05
7.4635994e+05
8.0835544e+05
7.9404156e+05
8.3866038e+05
7.7195506e+05
8.4209706e+05
8.6627512e+05
9.3350219e+05
7.7779038e+05
9.7692475e+05
1.0737854e+06
4.4474591e+05
2.9018803e+05
2.7239328e+05
1.5750014e+05
4.2126156e+05
1.0061991e+06
5.8546000e+05
6.6520406e+05
1.0712775e+06
7.8390325e+05
1.1687826e+06
1.2753829e+05
1.0157689e+05
1.4024884e+06
9.9513523e+04
1.3256491e+06
1.6177092e+06
9.5809275e+05
6.8321281e+04
3.8954887e+04
7.9862641e+04
6.2519825e+05
2.3791902e+06
1.8348981e+06
9.0350200e+05
1.0367462e+06
1.5045480e+05
1.5775844e+05
1.6940884e+06
1.3879432e+06
1.0640104e+05
1.0428123e+06
2.4254242e+05
2.6610831e+05
8.9571025e+05
4.0371606e+05
4.6781431e+05
1.1451255e+06
8.2964394e+05
1.2733015e+06
8.1850562e+05
7.8703500e+05
3.1915588e+05
1.6452415e+06
1.3593790e+06
6.0679012e+05
1.0402007e+06
7.8399031e+05
6.5056369e+05
4.9536306e+05
2.0508872e+05
3.3667272e+05
7.8764575e+05
1.2233326e+06
6.0870331e+05
5.6538350e+05
5.1283906e+05
3.9905525e+05
1.8080730e+05
3.0474916e+05
2.3870372e+05
2.4024436e+05
9.0078806e+05
2.2958908e+06
1.0598983e+05
1.4518285e+06
8.8382875e+05
7.5111859e+04
3.3587544e+05
6.0523238e+05
4.7707691e+04
1.6105340e+06
1.0639650e+05
2.2435289e+05
1.4575809e+04
1.4270445e+05
4.0369812e+05
9.9846338e+05
1.8241503e+05
2.4589181e+05
3.1986369e+05
1.8625806e+06
1.5959668e+06
8.5699256e+05
1.4830682e+06
1.3331392e+06
9.7932094e+04
2.4219908e+06
4.7543072e+05
5.4360650e+05
2.2874778e+06
6.2276662e+05
6.9196919e+05
7.7562031e+05
9.0903656e+05
1.2113842e+06
1.3017048e+06
1.2776684e+06
8.2533820e+04
5.7399250e+04
3.9540973e+04
7.8915445e+04
8.4472783e+03
9.7257312e+04
2.0204840e+04
9.2665227e+04
1.0154420e+04
2.7450277e+04
2.5746498e+04
4.0410035e+04
4.4476676e+04
5.9982320e+04
5.7804492e+04
8.1076531e+04
7.6963141e+04
9.7431898e+04
5.8047332e+04
3.5814188e+04
8.5184912e+03
9.7189336e+04
1.9446375e+04
7.6277766e+04
4.7350754e+04
9.0707547e+04
8.2696047e+04
9.2919469e+04
6.7485445e+04
2.4279969e+04
6.5896734e+04
9.7761242e+04
9.9806445e+04
5.7870850e+03
6.3425801e+03
2.7953262e+04
9.1819992e+04
9.0578898e+04
1.1040666e+05
1.0142701e+06
2.4405152e+05
4.4476853e+05
7.0194362e+05
3.2132569e+05
6.2041731e+05
1.6229100e+05
1.0399624e+06
1.0821742e+06
2.5379445e+05
6.6040662e+05
4.3700866e+05
4.1388284e+05
7.4529494e+05
1.7748383e+05
3.1333172e+05
6.1555535e+04
5.9645800e+05
9.7629438e+04
1.4131488e+06
9.8315266e+04
1.4275755e+06
1.0413147e+06
3.0822850e+05
1.5760477e+05
1.5251181e+06
6.4740994e+05
1.0304674e+06
5.3962331e+05
3.7829441e+05
7.6143056e+05
5.4018219e+05
1.0887898e+06
1.1272241e+06
2.2217383e+05
9.6111742e+04
3.8957803e+05
1.4715550e+06
6.6539144e+05
4.0357112e+05
1.4208536e+06
5.8368862e+05
1.9203931e+05
1.1050602e+06
1.3126944e+06
3.5822066e+05
7.2709975e+05
6.0468711e+04
2.9529634e+05
1.4857833e+05
2.1969470e+05
2.7730000e+05
1.2281698e+06
9.5194719e+05
5.1978794e+05
9.0749856e+05
1.4092020e+05
9.1809838e+05
1.0685103e+05
7.4575619e+05
8.5969075e+05
7.5408250e+04
4.0455788e+05
2.9039503e+05
1.9316656e+05
5.8133569e+05
9.2120812e+05
4.2515600e+05
1.3460094e+05
7.9555925e+05
1.6873002e+06
4.8648191e+05
1.8219784e+05
1.3434269e+05
6.7477256e+05
1.5674552e+06
7.8568586e+04
8.4957788e+05
9.1078981e+05
2.7475809e+05
7.4713431e+05
1.0624311e+06
1.1020970e+05
7.8146162e+05
2.5070094e+05
4.6760566e+05
2.6626356e+05
3.7306372e+05
9.2066931e+05
5.9391194e+05
6.1474594e+05
3.4866938e+05
1.8956647e+05
6.4075469e+05
1.5305848e+06
1.6443042e+06
1.7019800e+06
8.3973200e+05
2.0236176e+06
9.7123144e+05
1.2914256e+05
2.2247812e+05
6.4105656e+05
1.5522078e+06
8.8794112e+05
1.8276606e+06
7.6120711e+04
4.9744325e+05
4.9196284e+05
2.9392578e+05
5.6820450e+05
9.2870269e+05
7.7556081e+05
1.0460755e+05
1.1613208e+06
4.7996700e+05
3.5386328e+05
4.9796475e+05
1.5428851e+06
1.2551264e+06
5.4394700e+05
4.4679884e+05
4.6372262e+05
5.9691131e+05
2.1353185e+06
1.9147739e+06
1.5057236e+05
1.7572511e+06
3.4014156e+05
4.4820703e+05
5.0857117e+04
3.7546238e+05
2.9268144e+05
3.1420738e+05
2.5099872e+05
2.0450695e+05
7.6088725e+05
2.7809694e+05
9.2219994e+05
9.2794400e+05
1.9234008e+06
9.6246891e+04
2.2344031e+05
1.0386860e+06
2.7624252e+04
1.8787742e+05
7.2804531e+05
1.1781705e+05
8.9651575e+05
7.8546388e+05
6.0572494e+05
9.8524930e+04
1.9959503e+05
1.8921430e+06
5.9852531e+05
2.6109239e+05
4.4340956e+05
1.2282479e+06
6.7674262e+05
1.6282115e+06
1.9744284e+06
1.6219897e+05
2.8746564e+04
2.0691808e+06
4.9874672e+04
9.7925938e+04
1.3257015e+06
8.2532656e+05
1.1451789e+06
3.3860872e+05
1.8906222e+06
2.0746346e+06
1.2584959e+05
6.2388138e+05
5.7634781e+05
2.8491175e+05
1.2922166e+06
7.2389738e+05
5.2939925e+05
6.8985694e+05
6.0190227e+04
8.4656119e+05
1.2548743e+05
8.6457425e+05
1.7438772e+05
1.8286281e+05
1.5939975e+05
9.6831525e+05
8.7857000e+05
6.3000164e+04
1.5192895e+05
5.7466444e+05
2.9353597e+05
9.1613988e+05
3.5077691e+05
4.7085138e+05
2.4512133e+05
8.7930775e+05
3.6682812e+05
1.7375638e+05
1.1355180e+06
9.9678938e+04
1.2138690e+05
1.0163521e+06
4.4425212e+05
9.6767125e+04
1.0752843e+05
1.0143690e+06
7.7083805e+04
9.2479400e+05
7.3057788e+05
2.9128500e+05
3.5190044e+05
1.3402419e+05
8.0084725e+05
8.3178112e+05
1.2374609e+06
2.4364744e+04
4.5103309e+05
2.4114580e+05
3.3755941e+05
1.4974080e+06
9.8925194e+05
3.6199288e+05
7.0221519e+05
1.7917491e+05
1.5162169e+06
2.1728870e+05
8.2423219e+05
1.1051671e+06
6.8187106e+05
2.6520003e+05
4.2807681e+05
4.1067041e+05
3.3743697e+05
1.1935592e+06
5.2846831e+05
2.5295078e+05
5.1037996e+04
6.0749094e+05
3.7334559e+05
8.3452219e+04
8.4899836e+04
1.0892984e+06
1.0314849e+06
8.5486375e+05
5.8426456e+05
6.9054406e+05
1.1116711e+06
4.8498562e+05
9.6462900e+05
9.7366850e+05
2.0710980e+06
1.5272677e+05
1.3630145e+06
7.7189706e+05
9.8102250e+05
1.4599498e+06
3.2078319e+05
4.1626422e+05
1.2080951e+06
4.2371716e+05
5.9949250e+05
2.1973794e+05
1.1165565e+06
9.4499175e+05
4.5794097e+05
1.9852202e+05
1.9424355e+06
4.9788116e+05
1.2430796e+06
1.1686903e+05
1.0344990e+05
8.1053575e+05
5.8326144e+05
8.4828288e+05
2.4176306e+05
1.8992236e+06
1.3675291e+05
1.4180456e+06
4.9901231e+05
4.0627347e+05
1.2469524e+06
2.9262694e+05
1.6609578e+05
CELL_DATA 3896
FIELD FieldData 0
